timestamp,EMG_0,EMG_1,EMG_2,EMG_3,EMG_4,EMG_5,EMG_6,EMG_7,quat_0,quat_1,quat_2,quat_3,acc_0,acc_1,acc_2,gyro_0,gyro_1,gyro_2
2025-11-26T11:50:32.399463,17,46,21,19,15,24,21,18,112,-5021,8596,-13012,978,-1726,532,-2,-3,-6
2025-11-26T11:50:32.424506,15,32,21,17,14,22,18,17,112,-5021,8596,-13012,985,-1717,530,3,-4,-4
2025-11-26T11:50:32.444629,16,28,19,18,17,21,17,16,112,-5021,8597,-13012,981,-1718,529,3,-3,-2
2025-11-26T11:50:32.459105,18,27,20,18,15,18,16,15,112,-5021,8597,-13012,985,-1723,540,3,-3,-2
2025-11-26T11:50:32.482005,18,25,18,18,19,20,16,16,112,-5021,8597,-13012,982,-1717,528,-1,-2,-2
2025-11-26T11:50:32.506125,17,24,18,18,19,21,16,16,112,-5021,8597,-13012,991,-1721,514,-3,-1,-3
2025-11-26T11:50:32.519674,19,25,19,19,20,20,17,16,112,-5021,8597,-13012,976,-1734,518,-1,2,-1
2025-11-26T11:50:32.541773,20,26,18,18,19,19,17,15,112,-5021,8598,-13012,976,-1729,535,-1,0,0
2025-11-26T11:50:32.565542,19,24,19,18,21,21,18,15,112,-5021,8598,-13012,990,-1725,533,-2,0,0
2025-11-26T11:50:32.580450,19,25,21,19,19,19,18,16,112,-5021,8598,-13011,978,-1727,535,3,-1,-2
2025-11-26T11:50:32.604416,20,25,21,18,19,17,18,19,112,-5021,8598,-13012,980,-1718,538,4,-1,-2
2025-11-26T11:50:32.635113,20,25,20,19,18,22,17,19,112,-5021,8598,-13012,979,-1715,544,1,-3,-2
2025-11-26T11:50:32.642691,18,25,21,19,19,22,16,19,112,-5021,8597,-13012,979,-1714,545,-1,-5,-3
2025-11-26T11:50:32.666295,17,25,20,19,17,21,16,19,112,-5021,8597,-13012,983,-1718,535,1,-5,-3
2025-11-26T11:50:32.687626,19,24,21,19,15,23,16,18,112,-5021,8597,-13012,981,-1722,536,6,-2,-4
2025-11-26T11:50:32.701300,18,23,22,19,16,23,16,16,112,-5021,8598,-13012,982,-1718,527,6,-1,-4
2025-11-26T11:50:32.721631,17,22,23,16,17,19,17,15,112,-5021,8597,-13012,987,-1714,543,6,-2,-2
2025-11-26T11:50:32.744635,17,21,23,17,16,19,19,18,112,-5021,8597,-13012,973,-1713,535,-3,-3,-1
2025-11-26T11:50:32.759565,18,21,24,18,17,20,21,18,112,-5021,8597,-13012,980,-1715,535,2,-2,-1
2025-11-26T11:50:32.782800,18,22,23,16,22,29,29,20,112,-5021,8598,-13012,983,-1733,522,-4,-2,-3
2025-11-26T11:50:32.807513,17,26,21,16,25,34,32,21,112,-5021,8598,-13011,995,-1731,526,-13,-7,-7
2025-11-26T11:50:32.822130,17,26,22,19,30,56,36,25,110,-5027,8605,-13004,1003,-1681,541,-66,-30,2
2025-11-26T11:50:32.843963,19,29,24,20,42,75,44,27,111,-5038,8624,-12988,987,-1748,603,-161,-101,2
2025-11-26T11:50:32.866932,21,34,85,35,67,150,180,66,114,-5056,8651,-12963,1030,-1800,559,-200,-140,5
2025-11-26T11:50:32.883791,27,58,99,42,159,206,223,88,132,-5097,8676,-12930,1079,-2019,651,-207,-314,-34
2025-11-26T11:50:32.903786,30,68,178,73,193,240,236,94,138,-5159,8726,-12871,1214,-1713,602,-447,-393,37
2025-11-26T11:50:32.926657,33,69,189,130,220,253,249,99,220,-5191,8781,-12820,1188,-1757,677,-352,-509,456
2025-11-26T11:50:32.941662,36,73,230,147,234,263,274,109,374,-5218,8873,-12742,1120,-2347,411,-289,-687,683
2025-11-26T11:50:32.964376,38,100,225,154,262,275,230,97,625,-5248,8817,-12758,1144,-2497,451,819,-849,812
2025-11-26T11:50:32.986975,36,102,339,193,261,381,202,83,922,-5242,8683,-12834,1040,-2172,596,1342,-769,1026
2025-11-26T11:50:33.010057,35,101,397,199,268,376,207,78,1270,-5198,8608,-12873,825,-2043,587,1075,-817,1433
2025-11-26T11:50:33.025074,35,112,440,176,257,377,195,72,1652,-5149,8576,-12871,570,-2161,773,818,-945,1721
2025-11-26T11:50:33.047314,35,125,559,168,252,374,165,56,2074,-5089,8518,-12872,437,-2284,846,1016,-1030,1872
2025-11-26T11:50:33.070098,32,119,579,163,226,349,139,47,2514,-4995,8445,-12879,467,-2247,943,1144,-929,2037
2025-11-26T11:50:33.084101,30,115,578,121,185,190,118,39,2969,-4853,8364,-12888,356,-2268,1041,1244,-767,2220
2025-11-26T11:50:33.103891,29,123,549,105,142,159,80,34,3424,-4663,8245,-12922,202,-2204,1083,1534,-557,2269
2025-11-26T11:50:33.127706,38,165,541,99,128,141,77,39,3862,-4449,8097,-12968,98,-2005,1116,1694,-412,2205
2025-11-26T11:50:33.142233,40,191,443,102,120,128,56,38,4259,-4218,7943,-13016,92,-1869,1185,1679,-230,2073
2025-11-26T11:50:33.165819,39,207,461,107,114,110,51,35,4616,-3984,7802,-13053,54,-1829,1235,1536,-96,1939
2025-11-26T11:50:33.188838,40,209,408,114,100,97,48,34,4934,-3741,7667,-13089,43,-1862,1176,1492,63,1810
2025-11-26T11:50:33.203123,39,211,386,140,105,95,47,32,5229,-3477,7506,-13140,27,-1856,1139,1661,194,1707
2025-11-26T11:50:33.227233,37,216,376,168,100,75,32,25,5492,-3193,7311,-13215,-64,-1815,1081,1890,334,1533
2025-11-26T11:50:33.249765,31,189,329,175,86,63,28,25,5722,-2907,7098,-13299,-102,-1680,1064,1971,402,1358
2025-11-26T11:50:33.272267,30,165,300,197,72,54,29,25,5919,-2619,6876,-13389,-145,-1519,1013,1997,480,1191
2025-11-26T11:50:33.286837,36,176,327,245,75,47,29,25,6073,-2347,6664,-13478,-246,-1381,1045,1874,520,958
2025-11-26T11:50:33.310353,38,177,313,286,63,47,31,27,6183,-2104,6477,-13559,-256,-1345,1094,1643,535,729
2025-11-26T11:50:33.333156,34,138,283,298,60,47,30,27,6246,-1873,6318,-13639,-284,-1334,1030,1531,608,480
2025-11-26T11:50:33.346792,36,135,284,344,63,40,27,23,6271,-1662,6163,-13725,-399,-1295,1046,1462,568,219
2025-11-26T11:50:33.370310,38,148,269,346,64,39,25,23,6259,-1491,6010,-13817,-411,-1213,1080,1333,471,-57
2025-11-26T11:50:33.392592,32,133,209,357,80,38,24,23,6215,-1366,5901,-13897,-423,-1213,1125,989,399,-243
2025-11-26T11:50:33.406159,31,134,214,341,93,32,21,22,6150,-1263,5813,-13972,-424,-1285,1149,860,381,-364
2025-11-26T11:50:33.429177,29,120,233,367,105,35,20,18,6067,-1171,5715,-14057,-415,-1325,1091,944,345,-485
2025-11-26T11:50:33.452128,28,146,266,370,109,34,21,18,5949,-1108,5625,-14148,-440,-1270,1098,831,277,-732
2025-11-26T11:50:33.466471,27,153,289,382,115,38,23,18,5797,-1091,5564,-14237,-399,-1251,1163,552,197,-962
2025-11-26T11:50:33.489539,36,204,311,351,120,41,24,18,5629,-1105,5524,-14319,-291,-1174,1269,312,160,-1046
2025-11-26T11:50:33.512201,36,205,326,383,125,41,25,18,5453,-1150,5499,-14392,-234,-1199,1225,181,58,-1114
2025-11-26T11:50:33.535115,42,221,329,402,129,41,33,31,5247,-1246,5502,-14460,-155,-1229,1062,-12,-70,-1319
2025-11-26T11:50:33.551224,46,211,315,463,137,44,64,32,5027,-1381,5486,-14531,29,-1188,1186,-46,-206,-1427
2025-11-26T11:50:33.572618,47,203,282,492,139,40,64,32,4812,-1544,5465,-14596,301,-1281,1284,-78,-266,-1365
2025-11-26T11:50:33.595084,42,154,265,623,179,37,67,33,4625,-1688,5411,-14660,361,-1318,1288,145,-273,-1204
2025-11-26T11:50:33.609909,134,161,250,684,176,35,67,37,4457,-1807,5337,-14725,404,-1320,1152,351,-214,-1080
2025-11-26T11:50:33.631854,145,227,269,663,175,31,63,32,4292,-1924,5236,-14795,413,-1114,1276,381,-252,-1096
2025-11-26T11:50:33.662653,172,273,272,709,188,39,39,34,4137,-2060,5140,-14855,555,-1049,1398,248,-330,-1021
2025-11-26T11:50:33.669939,175,282,286,747,197,48,41,37,4002,-2197,5055,-14901,662,-1017,1352,196,-337,-876
2025-11-26T11:50:33.692571,181,303,298,658,152,48,43,39,3883,-2329,4984,-14937,710,-1028,1330,132,-317,-761
2025-11-26T11:50:33.715018,199,348,383,574,150,60,55,82,3762,-2456,4923,-14967,732,-750,1433,-68,-295,-729
2025-11-26T11:50:33.729346,214,308,397,609,139,63,57,113,3648,-2587,4903,-14980,794,-833,1435,-271,-278,-641
2025-11-26T11:50:33.749538,215,285,488,526,107,58,54,120,3556,-2700,4878,-14990,831,-1027,1508,-158,-238,-511
2025-11-26T11:50:33.772039,224,319,598,461,86,51,55,121,3493,-2774,4790,-15020,819,-932,1510,246,-158,-385
2025-11-26T11:50:33.787516,226,316,702,504,113,65,56,122,3452,-2815,4658,-15063,762,-690,1581,434,-102,-280
2025-11-26T11:50:33.812155,170,273,682,535,112,59,49,100,3425,-2868,4578,-15084,752,-663,1599,123,-165,-156
2025-11-26T11:50:33.835035,142,278,674,505,120,57,50,85,3403,-2931,4539,-15089,729,-599,1587,-138,-203,-92
2025-11-26T11:50:33.849289,108,298,613,504,140,63,52,84,3394,-3000,4497,-15090,805,-697,1549,-68,-232,-29
2025-11-26T11:50:33.872470,94,334,506,478,138,63,49,127,3392,-3039,4484,-15086,802,-935,1560,-84,-68,59
2025-11-26T11:50:33.895038,147,341,329,415,115,50,47,191,3385,-3050,4455,-15094,731,-835,1600,-6,36,34
2025-11-26T11:50:33.910196,152,335,294,401,107,47,43,195,3376,-3068,4437,-15098,704,-803,1571,-87,6,26
2025-11-26T11:50:33.932479,157,338,280,387,100,44,41,190,3362,-3088,4439,-15097,660,-874,1619,-184,-5,-4
2025-11-26T11:50:33.954859,160,316,255,324,75,30,36,188,3360,-3091,4432,-15098,707,-945,1699,-1,7,15
2025-11-26T11:50:33.969180,155,237,232,329,68,34,38,167,3365,-3079,4362,-15120,634,-932,1776,257,42,22
2025-11-26T11:50:33.992925,100,226,263,335,61,32,34,101,3372,-3064,4292,-15142,550,-917,1704,293,21,8
2025-11-26T11:50:34.022449,90,218,236,293,63,32,33,95,3371,-3057,4199,-15169,594,-913,1687,415,1,-60
2025-11-26T11:50:34.029677,86,404,221,273,59,33,32,91,3379,-3050,4103,-15195,603,-939,1642,478,-14,-26
2025-11-26T11:50:34.052517,76,411,223,274,48,34,32,91,3393,-3046,4012,-15217,595,-904,1622,449,-33,11
2025-11-26T11:50:34.075083,71,407,212,267,47,30,27,80,3407,-3046,3938,-15233,573,-920,1612,369,-51,17
2025-11-26T11:50:34.089154,61,405,188,269,50,32,31,61,3418,-3044,3880,-15246,595,-903,1588,286,-2,34
2025-11-26T11:50:34.112280,60,407,182,312,89,52,36,54,3426,-3028,3830,-15260,578,-937,1638,265,65,30
2025-11-26T11:50:34.135097,46,208,154,344,99,56,36,47,3442,-2998,3820,-15265,390,-1164,1689,164,80,61
2025-11-26T11:50:34.149320,46,183,143,393,101,55,37,40,3432,-2977,3869,-15259,247,-1159,1587,-177,79,-53
2025-11-26T11:50:34.172496,47,183,156,430,103,57,38,38,3402,-2958,3926,-15255,252,-1130,1526,-240,112,-145
2025-11-26T11:50:34.195018,45,177,245,436,102,58,36,34,3368,-2945,3987,-15249,340,-1165,1557,-275,130,-141
2025-11-26T11:50:34.209279,54,170,255,398,68,41,45,32,3344,-2922,4027,-15248,375,-1120,1568,-159,170,-88
2025-11-26T11:50:34.232309,56,213,253,414,58,34,45,32,3330,-2870,4037,-15259,324,-1044,1500,36,270,-38
2025-11-26T11:50:34.254345,59,209,258,394,66,37,48,64,3309,-2813,4033,-15275,381,-857,1448,54,332,-44
2025-11-26T11:50:34.268771,61,205,249,336,62,43,52,86,3299,-2752,3997,-15298,465,-722,1562,158,339,15
2025-11-26T11:50:34.292631,60,191,133,302,58,48,56,89,3308,-2704,3973,-15310,458,-835,1657,108,236,114
2025-11-26T11:50:34.315324,68,231,118,352,68,52,51,92,3317,-2696,4015,-15299,392,-1069,1691,-220,56,97
2025-11-26T11:50:34.329289,90,214,140,333,66,52,53,98,3313,-2701,4078,-15282,490,-1206,1509,-255,85,54
2025-11-26T11:50:34.352482,91,216,142,336,68,55,53,82,3350,-2631,4049,-15294,247,-1288,1643,386,225,187
2025-11-26T11:50:34.374998,93,218,153,422,76,53,51,58,3365,-2567,4101,-15288,30,-1441,1741,-46,198,76
2025-11-26T11:50:34.389327,94,211,167,479,87,52,56,55,3375,-2493,4219,-15266,-229,-1522,1759,-394,211,69
2025-11-26T11:50:34.411591,85,181,239,487,90,49,51,48,3380,-2407,4305,-15254,-369,-1567,1835,-210,194,-23
2025-11-26T11:50:34.435014,74,198,240,549,123,49,54,40,3394,-2343,4339,-15252,-401,-1686,1784,120,15,-66
2025-11-26T11:50:34.457222,85,227,241,565,167,65,57,42,3409,-2307,4331,-15256,-349,-1436,1559,277,-128,-108
2025-11-26T11:50:34.472509,255,263,242,601,233,72,62,55,3413,-2290,4204,-15293,-56,-1191,1633,799,-198,-219
2025-11-26T11:50:34.494984,268,291,241,604,255,70,53,56,3426,-2293,4073,-15325,125,-1022,1698,716,-253,-129
2025-11-26T11:50:34.517519,335,329,179,682,344,76,56,61,3455,-2304,3984,-15340,165,-1026,1580,524,-254,6
2025-11-26T11:50:34.531282,354,402,234,623,340,77,55,63,3493,-2318,3873,-15358,173,-949,1598,618,-304,34
2025-11-26T11:50:34.554316,372,403,240,615,323,62,50,77,3522,-2335,3761,-15377,278,-852,1533,599,-260,14
2025-11-26T11:50:34.577490,304,497,258,596,282,56,46,70,3538,-2351,3674,-15392,349,-826,1519,453,-176,-12
2025-11-26T11:50:34.591742,312,545,269,589,279,56,49,75,3555,-2356,3608,-15402,406,-779,1507,345,-76,51
2025-11-26T11:50:34.614899,246,561,268,470,193,64,50,79,3575,-2352,3563,-15409,375,-741,1524,221,-17,88
2025-11-26T11:50:34.637525,217,499,224,537,200,67,50,92,3589,-2350,3548,-15410,445,-713,1553,33,38,111
2025-11-26T11:50:34.651448,185,487,245,506,201,65,50,81,3589,-2338,3569,-15406,459,-723,1568,-166,153,87
2025-11-26T11:50:34.674982,150,398,235,454,208,64,47,81,3586,-2327,3595,-15403,478,-792,1554,-158,172,73
2025-11-26T11:50:34.697508,111,328,218,443,210,63,43,75,3584,-2329,3595,-15403,505,-817,1582,-36,80,41
2025-11-26T11:50:34.712283,101,269,224,432,179,45,35,76,3583,-2318,3579,-15409,526,-828,1653,68,139,44
2025-11-26T11:50:34.735014,90,256,208,329,172,40,34,90,3576,-2295,3554,-15420,509,-777,1699,101,196,17
2025-11-26T11:50:34.757428,126,305,172,327,168,43,35,90,3565,-2275,3539,-15428,496,-713,1731,-2,180,9
2025-11-26T11:50:34.771821,131,296,164,291,161,42,34,96,3538,-2255,3558,-15433,440,-740,1765,-191,216,-67
2025-11-26T11:50:34.794995,131,302,159,253,157,47,35,99,3492,-2241,3608,-15434,404,-860,1743,-328,227,-160
2025-11-26T11:50:34.817479,130,294,144,326,163,51,36,104,3441,-2223,3663,-15435,384,-925,1731,-323,251,-183
2025-11-26T11:50:34.831641,143,324,150,323,149,53,40,90,3391,-2202,3711,-15438,293,-946,1687,-264,225,-211
2025-11-26T11:50:34.855677,108,308,153,390,153,55,47,88,3336,-2182,3769,-15439,230,-985,1663,-300,208,-248
2025-11-26T11:50:34.877427,96,284,145,434,161,76,61,85,3273,-2151,3830,-15442,159,-1037,1683,-298,248,-293
2025-11-26T11:50:34.891509,94,305,166,462,144,79,65,84,3216,-2108,3914,-15438,56,-1095,1758,-416,272,-255
2025-11-26T11:50:34.914964,197,333,165,492,127,78,69,83,3167,-2071,4036,-15422,-155,-1112,1658,-612,180,-232
2025-11-26T11:50:34.937446,198,311,199,535,127,78,66,83,3115,-2038,4138,-15410,-259,-1278,1587,-423,108,-314
2025-11-26T11:50:34.951713,209,295,242,519,128,80,65,87,3066,-2011,4174,-15414,-176,-1334,1608,-38,49,-349
2025-11-26T11:50:34.974787,214,290,258,506,110,67,55,81,3028,-1980,4167,-15427,-59,-1206,1579,165,75,-277
2025-11-26T11:50:34.997438,223,235,255,531,108,73,59,82,3016,-1941,4150,-15439,3,-1048,1617,160,101,-108
2025-11-26T11:50:35.011734,288,179,273,557,132,104,58,83,3017,-1899,4174,-15437,68,-1004,1514,-55,170,30
2025-11-26T11:50:35.035165,304,185,357,763,216,133,79,80,3035,-1859,4203,-15431,156,-1016,1593,-99,179,160
2025-11-26T11:50:35.057295,303,152,344,868,224,137,81,78,3069,-1820,4264,-15412,208,-1064,1540,-249,209,287
2025-11-26T11:50:35.071706,305,156,333,861,226,136,90,79,3138,-1771,4388,-15369,155,-1044,1520,-593,252,543
2025-11-26T11:50:35.094948,297,163,325,832,227,132,89,77,3252,-1696,4551,-15306,-99,-1257,1460,-682,243,789
2025-11-26T11:50:35.117443,159,175,315,811,223,114,88,62,3405,-1599,4692,-15241,-309,-1649,1417,-347,207,950
2025-11-26T11:50:35.131628,122,202,237,655,154,88,69,45,3583,-1466,4770,-15189,-479,-1601,1398,35,226,1058
2025-11-26T11:50:35.155463,198,232,270,504,134,79,61,47,3789,-1319,4815,-15138,-632,-1433,1449,152,168,1177
2025-11-26T11:50:35.177440,201,248,287,506,128,73,43,44,4018,-1192,4858,-15076,-668,-1381,1484,89,17,1286
2025-11-26T11:50:35.191732,208,301,391,515,117,66,35,41,4257,-1099,4907,-15001,-625,-1387,1504,-15,-129,1338
2025-11-26T11:50:35.214970,213,330,397,500,110,58,34,44,4505,-1037,4955,-14917,-558,-1372,1491,-67,-267,1372
2025-11-26T11:50:35.237310,216,316,509,580,110,42,36,47,4752,-1010,4990,-14830,-456,-1338,1465,-73,-402,1352
2025-11-26T11:50:35.251627,175,318,507,610,128,44,38,42,4993,-990,4984,-14754,-399,-1281,1452,119,-461,1300
2025-11-26T11:50:35.274943,180,369,517,604,125,41,38,41,5221,-987,4924,-14696,-410,-1103,1450,317,-613,1151
2025-11-26T11:50:35.297433,190,327,480,600,136,40,36,40,5412,-1030,4855,-14646,-283,-1007,1414,256,-736,913
2025-11-26T11:50:35.320035,241,312,498,647,154,45,44,45,5550,-1099,4784,-14613,-103,-1067,1442,250,-703,621
2025-11-26T11:50:35.335095,249,366,424,517,204,48,45,46,5646,-1169,4672,-14607,47,-1042,1493,469,-642,392
2025-11-26T11:50:35.358988,243,372,505,507,221,49,50,48,5697,-1260,4565,-14614,202,-838,1588,294,-597,138
2025-11-26T11:50:35.379588,250,382,516,500,226,49,51,51,5711,-1408,4538,-14603,324,-593,1578,-374,-636,-41
2025-11-26T11:50:35.394573,268,386,544,483,220,53,51,76,5690,-1607,4580,-14578,549,-769,1614,-802,-625,-167
2025-11-26T11:50:35.417462,225,394,561,346,203,52,47,81,5651,-1793,4615,-14560,705,-1012,1721,-679,-489,-212
2025-11-26T11:50:35.439970,209,360,524,318,208,63,47,79,5609,-1926,4606,-14562,735,-1017,1722,-328,-295,-209
2025-11-26T11:50:35.455204,185,342,452,219,185,63,42,89,5568,-2031,4595,-14567,772,-783,1776,-387,-157,-152
2025-11-26T11:50:35.477400,157,260,467,248,212,64,44,101,5513,-2152,4628,-14560,741,-534,1790,-786,-175,-202
2025-11-26T11:50:35.499969,101,257,471,232,227,66,44,100,5449,-2314,4705,-14535,804,-790,1728,-1005,-276,-231
2025-11-26T11:50:35.513786,90,216,454,353,255,71,42,104,5399,-2451,4765,-14511,902,-1111,1657,-709,-185,-123
2025-11-26T11:50:35.540631,96,183,474,403,250,66,43,105,5349,-2574,4744,-14515,652,-1132,1732,-89,7,-10
2025-11-26T11:50:35.559090,207,173,518,601,301,66,54,165,5342,-2596,4751,-14512,491,-1112,1614,-157,40,54
2025-11-26T11:50:35.581504,249,163,497,629,298,70,64,218,5352,-2618,4721,-14514,466,-1060,1620,28,-59,85
2025-11-26T11:50:35.596713,251,185,472,655,316,82,68,219,5371,-2619,4699,-14514,462,-1161,1713,44,30,169
2025-11-26T11:50:35.619189,250,188,516,797,324,124,83,220,5381,-2618,4700,-14510,326,-1082,1632,-82,40,111
2025-11-26T11:50:35.638638,249,169,502,785,310,131,85,223,5376,-2634,4680,-14516,444,-941,1611,-61,2,19
2025-11-26T11:50:35.657004,171,163,440,668,309,132,80,182,5378,-2638,4649,-14524,551,-1031,1670,43,77,90
2025-11-26T11:50:35.679326,195,167,429,701,317,136,72,136,5403,-2609,4588,-14539,672,-1125,1807,293,201,249
2025-11-26T11:50:35.701742,287,151,392,758,319,133,71,192,5426,-2533,4484,-14577,725,-975,1891,555,406,261
2025-11-26T11:50:35.721035,296,142,290,557,295,90,53,213,5452,-2410,4382,-14619,724,-826,1972,566,646,344
2025-11-26T11:50:35.738981,304,138,300,608,284,75,49,217,5492,-2291,4331,-14638,568,-885,1843,366,640,442
2025-11-26T11:50:35.761647,304,179,288,602,230,72,45,217,5521,-2177,4289,-14657,533,-976,1781,372,645,378
2025-11-26T11:50:35.781055,258,203,266,580,194,55,43,203,5529,-2049,4225,-14691,537,-1056,1725,582,730,252
2025-11-26T11:50:35.803597,148,193,240,518,150,52,44,157,5509,-1886,4153,-14741,394,-1066,1661,734,899,82
2025-11-26T11:50:35.821793,122,194,241,549,171,57,40,132,5450,-1720,4097,-14799,148,-920,1633,602,897,-176
2025-11-26T11:50:35.840681,94,199,223,490,167,57,37,131,5351,-1595,4086,-14851,29,-923,1515,306,782,-426
2025-11-26T11:50:35.859432,87,157,199,577,191,58,45,131,5216,-1506,4133,-14896,-41,-1015,1484,-31,724,-638
2025-11-26T11:50:35.883271,90,154,204,575,198,66,51,127,5045,-1440,4210,-14940,-99,-1134,1448,-184,689,-842
2025-11-26T11:50:35.900937,76,158,233,630,197,81,47,108,4849,-1389,4298,-14984,-164,-1257,1432,-231,639,-1012
2025-11-26T11:50:35.919202,77,210,244,669,175,90,56,88,4629,-1340,4405,-15027,-277,-1222,1260,-320,642,-1155
2025-11-26T11:50:35.941508,121,243,241,737,180,93,58,79,4411,-1268,4515,-15066,-392,-1287,1240,-278,708,-1136
2025-11-26T11:50:35.968383,257,379,260,755,155,93,61,94,4212,-1177,4615,-15100,-540,-1388,1197,-144,701,-1051
2025-11-26T11:50:35.979163,269,394,268,779,149,89,62,91,4044,-1087,4673,-15135,-665,-1414,1260,66,532,-943
2025-11-26T11:50:36.001706,276,400,280,729,166,69,60,88,3903,-1013,4708,-15166,-724,-1383,1317,139,357,-848
2025-11-26T11:50:36.020941,292,386,278,673,171,57,52,99,3777,-963,4757,-15186,-713,-1246,1338,-54,224,-788
2025-11-26T11:50:36.038648,280,399,251,633,155,54,55,99,3664,-956,4804,-15200,-615,-1272,1318,-93,22,-751
2025-11-26T11:50:36.061124,212,290,298,590,166,52,44,80,3578,-964,4813,-15217,-485,-1433,1370,156,-88,-619
2025-11-26T11:50:36.080871,193,252,353,513,168,50,36,78,3525,-965,4770,-15243,-471,-1339,1393,419,-163,-459
2025-11-26T11:50:36.106299,185,246,338,490,139,48,36,77,3488,-974,4712,-15269,-388,-1141,1401,406,-214,-369
2025-11-26T11:50:36.121714,182,241,350,574,143,46,35,99,3467,-998,4673,-15284,-291,-1053,1458,223,-260,-262
2025-11-26T11:50:36.140984,184,193,391,536,151,42,28,94,3465,-1032,4661,-15286,-253,-1223,1474,131,-301,-150
2025-11-26T11:50:36.158908,125,198,351,475,169,49,30,93,3469,-1052,4630,-15293,-242,-1215,1520,242,-255,-100
2025-11-26T11:50:36.181678,124,200,314,460,201,78,46,102,3464,-1066,4581,-15308,-202,-1005,1574,247,-215,-147
2025-11-26T11:50:36.200959,121,205,314,447,205,91,52,103,3451,-1109,4563,-15313,-137,-906,1573,-14,-295,-197
2025-11-26T11:50:36.219120,89,229,398,343,192,90,53,72,3429,-1169,4587,-15306,-45,-1119,1573,-178,-289,-215
2025-11-26T11:50:36.241644,72,235,415,309,191,90,53,89,3409,-1222,4594,-15304,-2,-1172,1600,-66,-260,-198
2025-11-26T11:50:36.261567,64,213,424,288,183,93,55,87,3396,-1262,4601,-15302,44,-1216,1607,-27,-184,-133
2025-11-26T11:50:36.279119,70,248,412,277,148,94,51,90,3391,-1276,4604,-15301,0,-1127,1664,-34,-87,-60
2025-11-26T11:50:36.301679,76,239,434,288,142,81,46,98,3382,-1308,4631,-15292,-41,-1084,1622,-203,-176,-109
2025-11-26T11:50:36.324171,85,299,368,257,142,81,47,99,3374,-1355,4672,-15277,24,-1246,1654,-248,-214,-98
2025-11-26T11:50:36.339151,97,292,303,297,140,84,54,162,3372,-1386,4699,-15267,-4,-1331,1634,-104,-172,-67
2025-11-26T11:50:36.361877,203,293,361,326,114,85,58,171,3375,-1410,4688,-15267,68,-1248,1602,91,-150,-33
2025-11-26T11:50:36.380982,206,264,357,373,103,65,53,165,3388,-1417,4641,-15278,156,-1157,1649,276,-77,39
2025-11-26T11:50:36.399345,210,261,360,622,141,74,58,159,3411,-1403,4585,-15291,190,-1069,1670,313,28,131
2025-11-26T11:50:36.421625,235,133,372,745,189,82,57,161,3436,-1373,4556,-15297,160,-976,1690,138,119,189
2025-11-26T11:50:36.436099,240,130,406,770,199,114,61,85,3458,-1334,4567,-15292,194,-924,1732,-119,236,225
2025-11-26T11:50:36.457119,182,199,358,808,198,112,57,64,3490,-1295,4652,-15263,197,-876,1610,-527,307,348
2025-11-26T11:50:36.482430,204,275,392,800,203,115,63,69,3528,-1240,4798,-15213,81,-1120,1527,-741,405,431
2025-11-26T11:50:36.501478,218,294,360,693,197,110,59,85,3568,-1146,4919,-15172,-86,-1393,1608,-465,511,435
2025-11-26T11:50:36.519182,213,305,316,574,153,105,58,84,3605,-1017,4985,-15151,-235,-1340,1642,-142,591,397
2025-11-26T11:50:36.542246,230,311,280,558,138,67,56,117,3637,-889,5038,-15134,-342,-1222,1645,-132,550,334
2025-11-26T11:50:36.561088,220,285,278,477,135,62,72,120,3668,-779,5105,-15110,-363,-1254,1665,-235,478,317
2025-11-26T11:50:36.578339,196,208,241,548,131,48,67,118,3701,-679,5167,-15086,-313,-1335,1691,-202,453,337
2025-11-26T11:50:36.601323,185,323,253,495,111,46,66,115,3729,-577,5208,-15069,-385,-1346,1717,-80,435,285
2025-11-26T11:50:36.620855,159,335,303,524,120,44,68,112,3761,-503,5240,-15053,-427,-1218,1645,-107,256,245
2025-11-26T11:50:36.638427,116,341,340,545,133,44,64,83,3778,-475,5261,-15042,-295,-1095,1587,-139,92,110
2025-11-26T11:50:36.661624,106,331,348,592,136,42,48,89,3782,-493,5277,-15035,-159,-1020,1470,-166,-75,-2
2025-11-26T11:50:36.680816,104,330,337,552,153,50,52,93,3778,-526,5283,-15033,-108,-1151,1497,-76,-127,-56
2025-11-26T11:50:36.698773,107,240,349,555,151,53,53,85,3764,-564,5268,-15040,-67,-1154,1510,35,-150,-120
2025-11-26T11:50:36.721302,141,447,413,548,145,59,52,122,3732,-608,5232,-15059,28,-995,1479,95,-134,-224
2025-11-26T11:50:36.740898,154,464,394,538,136,66,64,117,3697,-665,5217,-15071,86,-934,1412,-41,-156,-238
2025-11-26T11:50:36.758834,170,468,408,635,144,70,138,144,3663,-726,5205,-15080,133,-1050,1471,-36,-160,-216
2025-11-26T11:50:36.781644,175,476,429,650,119,66,143,144,3627,-767,5184,-15094,126,-1228,1490,112,-73,-205
2025-11-26T11:50:36.801370,207,623,416,634,126,61,144,149,3591,-771,5129,-15121,123,-1138,1532,313,80,-171
2025-11-26T11:50:36.819075,184,498,335,628,143,56,148,134,3563,-760,5092,-15141,46,-966,1533,158,126,-116
2025-11-26T11:50:36.841642,187,507,322,602,147,54,145,134,3546,-775,5112,-15137,-22,-1021,1524,-182,6,-85
2025-11-26T11:50:36.860900,215,514,309,452,129,59,105,107,3532,-817,5166,-15120,-52,-1166,1464,-341,-118,-102
2025-11-26T11:50:36.879189,221,516,285,374,129,58,101,113,3519,-863,5185,-15114,-9,-1324,1429,-70,-165,-106
2025-11-26T11:50:36.901653,180,291,295,369,124,65,100,104,3517,-883,5138,-15129,-11,-1274,1485,310,-129,-57
2025-11-26T11:50:36.916044,199,458,339,377,106,70,94,84,3526,-879,5050,-15157,-33,-1034,1494,479,-83,-1
2025-11-26T11:50:36.937203,216,483,371,371,108,67,94,86,3543,-899,4999,-15169,-34,-908,1475,195,-178,27
2025-11-26T11:50:36.961903,182,489,507,396,113,58,61,74,3560,-935,4981,-15169,80,-1017,1554,1,-183,62
2025-11-26T11:50:36.980820,185,486,520,450,125,56,55,56,3584,-940,4986,-15161,45,-1187,1601,-27,-19,160
2025-11-26T11:50:36.998746,234,504,511,448,115,49,54,126,3607,-917,4973,-15161,4,-1157,1579,109,93,172
2025-11-26T11:50:37.021122,220,357,475,430,109,39,52,134,3637,-892,4954,-15162,-50,-1078,1578,109,61,193
2025-11-26T11:50:37.040782,200,274,462,431,121,47,46,133,3661,-874,4954,-15157,-49,-1094,1633,-12,63,171
2025-11-26T11:50:37.059156,213,241,284,494,151,60,48,135,3679,-869,4983,-15143,-118,-1047,1625,-220,11,109
2025-11-26T11:50:37.083122,221,225,250,546,185,62,46,139,3695,-883,5020,-15126,-88,-1171,1548,-216,-66,86
2025-11-26T11:50:37.101202,229,183,258,586,201,82,60,102,3707,-903,5029,-15119,-21,-1173,1471,-39,-95,60
2025-11-26T11:50:37.119101,225,142,246,629,210,83,60,90,3712,-899,5010,-15125,90,-1045,1573,63,63,66
2025-11-26T11:50:37.141636,220,118,202,724,202,77,58,88,3726,-876,5046,-15111,-31,-1024,1548,-226,160,155
2025-11-26T11:50:37.160496,200,104,194,745,193,69,53,80,3741,-853,5120,-15084,-76,-1162,1522,-383,185,178
2025-11-26T11:50:37.178837,174,102,181,685,171,70,51,72,3757,-819,5178,-15062,-78,-1235,1574,-275,225,195
2025-11-26T11:50:37.201635,74,81,161,735,150,49,30,38,3776,-776,5231,-15041,-221,-1231,1520,-223,203,182
2025-11-26T11:50:37.224771,65,72,162,690,143,44,31,37,3794,-735,5281,-15021,-302,-1348,1478,-150,161,154
2025-11-26T11:50:37.239226,50,71,155,605,140,44,29,34,3820,-680,5305,-15008,-385,-1396,1487,35,156,184
2025-11-26T11:50:37.261424,41,71,208,576,121,41,28,32,3853,-614,5302,-15003,-473,-1342,1511,176,139,197
2025-11-26T11:50:37.284176,40,74,240,586,123,37,27,31,3892,-550,5290,-15000,-564,-1315,1531,207,73,194
2025-11-26T11:50:37.299121,34,85,243,464,143,30,23,26,3929,-503,5286,-14994,-615,-1368,1514,166,-13,149
2025-11-26T11:50:37.321691,32,88,260,473,150,31,21,22,3961,-476,5258,-14996,-557,-1310,1511,263,-116,95
2025-11-26T11:50:37.354157,32,132,273,448,149,31,21,24,3993,-449,5227,-14999,-581,-1248,1527,249,-127,81
2025-11-26T11:50:37.363840,36,137,259,346,148,33,22,24,4023,-427,5201,-15001,-610,-1289,1532,232,-155,64
2025-11-26T11:50:37.381611,34,134,250,305,131,33,24,26,4042,-409,5190,-15000,-638,-1261,1492,149,-146,0
2025-11-26T11:50:37.403910,34,132,260,331,113,34,27,26,4044,-400,5186,-15001,-611,-1211,1497,80,-140,-103
2025-11-26T11:50:37.419119,36,141,246,382,97,36,28,31,4028,-407,5199,-15001,-539,-1236,1491,-23,-134,-190
2025-11-26T11:50:37.441606,38,136,246,382,102,33,27,29,3998,-435,5222,-15000,-492,-1234,1507,-118,-184,-288
2025-11-26T11:50:37.464401,39,162,284,399,100,34,28,29,3954,-481,5257,-14998,-432,-1264,1498,-201,-219,-373
2025-11-26T11:50:37.478824,53,172,312,431,99,34,26,28,3898,-555,5294,-14997,-327,-1287,1478,-239,-294,-459
2025-11-26T11:50:37.501647,55,181,304,421,95,34,27,28,3833,-651,5315,-15003,-158,-1279,1483,-182,-350,-505
2025-11-26T11:50:37.523638,60,202,333,476,137,32,33,31,3766,-750,5324,-15012,-36,-1202,1424,-140,-338,-501
2025-11-26T11:50:37.539100,68,191,337,516,153,38,35,33,3700,-854,5329,-15021,11,-1062,1432,-189,-360,-508
2025-11-26T11:50:37.561604,150,232,295,506,152,36,36,34,3629,-976,5332,-15030,139,-1220,1478,-157,-402,-523
2025-11-26T11:50:37.584373,207,244,295,544,150,36,37,42,3545,-1101,5309,-15049,224,-1249,1433,14,-399,-606
2025-11-26T11:50:37.599107,218,269,292,570,163,44,42,44,3453,-1211,5239,-15087,343,-992,1458,189,-322,-626
2025-11-26T11:50:37.621605,222,259,275,498,128,42,37,41,3380,-1299,5170,-15120,351,-912,1587,137,-251,-491
2025-11-26T11:50:37.643645,226,271,335,477,101,41,39,45,3309,-1391,5141,-15137,332,-989,1593,-64,-259,-464
2025-11-26T11:50:37.658663,184,238,339,502,106,41,39,46,3231,-1494,5118,-15152,397,-996,1616,-125,-283,-509
2025-11-26T11:50:37.678893,198,245,343,462,113,47,40,93,3156,-1595,5089,-15167,474,-1082,1657,-60,-267,-472
2025-11-26T11:50:37.701003,197,218,354,452,162,40,33,96,3089,-1681,5032,-15191,502,-1060,1688,101,-226,-431
2025-11-26T11:50:37.718508,203,234,413,418,199,46,39,103,3020,-1751,4957,-15221,556,-850,1631,158,-141,-409
2025-11-26T11:50:37.739552,201,237,380,413,252,46,39,145,2960,-1809,4913,-15240,560,-858,1638,4,-76,-315
2025-11-26T11:50:37.763692,201,223,374,408,279,48,38,155,2917,-1859,4867,-15258,625,-816,1625,21,-43,-201
2025-11-26T11:50:37.782561,119,203,356,449,320,48,37,133,2892,-1900,4792,-15281,694,-720,1671,149,-31,-91
2025-11-26T11:50:37.800697,99,197,376,454,323,54,37,131,2884,-1925,4705,-15307,711,-645,1747,199,16,22
2025-11-26T11:50:37.823805,75,172,311,586,329,54,31,128,2888,-1940,4635,-15325,770,-429,1708,36,86,147
2025-11-26T11:50:37.838239,63,133,298,780,326,54,30,77,2912,-1952,4608,-15327,812,-376,1833,-256,110,314
2025-11-26T11:50:37.861178,167,143,314,789,306,56,46,78,2978,-1960,4640,-15304,790,-768,1807,-397,101,575
2025-11-26T11:50:37.884236,180,163,369,759,258,53,58,83,3087,-1927,4664,-15279,627,-1294,1888,-77,172,779
2025-11-26T11:50:37.902986,183,172,357,849,240,46,60,83,3210,-1848,4607,-15281,544,-1413,1746,548,306,819
2025-11-26T11:50:37.921590,185,165,371,873,241,45,63,82,3321,-1742,4467,-15311,578,-947,1703,879,423,756
2025-11-26T11:50:37.943594,186,164,364,709,202,47,63,82,3426,-1635,4384,-15324,574,-665,1660,446,507,795
2025-11-26T11:50:37.963143,101,146,346,704,202,40,54,55,3542,-1528,4405,-15302,467,-883,1693,-50,559,918
2025-11-26T11:50:37.981571,80,147,271,713,216,37,41,42,3654,-1415,4479,-15265,289,-1234,1621,-174,591,898
2025-11-26T11:50:38.004057,71,135,242,603,203,40,38,36,3744,-1292,4524,-15241,138,-1318,1605,45,592,734
2025-11-26T11:50:38.023245,59,132,188,477,157,38,33,30,3809,-1164,4513,-15238,-10,-1263,1495,376,546,526
2025-11-26T11:50:38.041742,52,140,176,468,159,37,31,28,3843,-1045,4494,-15244,-118,-1142,1431,380,497,318
2025-11-26T11:50:38.064123,55,151,226,539,198,46,31,33,3856,-940,4495,-15247,-197,-1101,1400,239,454,181
2025-11-26T11:50:38.083304,42,112,222,558,193,49,34,32,3862,-841,4541,-15238,-351,-1118,1373,-13,428,127
2025-11-26T11:50:38.101666,41,102,215,524,184,64,34,32,3854,-778,4620,-15220,-417,-1108,1267,-232,279,2
2025-11-26T11:50:38.124145,41,101,223,485,208,63,33,32,3831,-741,4711,-15199,-383,-1154,1205,-306,204,-97
2025-11-26T11:50:38.143212,37,90,231,474,239,66,32,31,3800,-691,4778,-15189,-463,-1281,1251,-113,222,-149
2025-11-26T11:50:38.161250,35,80,202,425,223,65,31,24,3768,-617,4828,-15184,-627,-1293,1245,18,261,-178
2025-11-26T11:50:38.184028,37,78,192,363,217,68,31,28,3718,-548,4872,-15185,-735,-1157,1308,-35,218,-317
2025-11-26T11:50:38.206452,39,76,194,387,219,53,32,34,3678,-488,4910,-15184,-739,-1304,1458,0,156,-277
2025-11-26T11:50:38.222130,40,73,189,421,197,58,33,34,3660,-419,4944,-15180,-854,-1365,1467,51,116,-166
2025-11-26T11:50:38.244225,41,74,180,420,165,58,34,37,3639,-365,4979,-15175,-904,-1263,1446,-14,28,-228
2025-11-26T11:50:38.266921,32,76,185,329,147,58,34,37,3608,-338,5006,-15174,-729,-1164,1496,-66,-23,-278
2025-11-26T11:50:38.282029,47,80,201,353,147,58,29,33,3578,-326,5039,-15170,-692,-1210,1542,-123,-71,-282
2025-11-26T11:50:38.303998,48,87,197,375,140,57,29,83,3558,-328,5084,-15160,-633,-1241,1548,-201,-119,-226
2025-11-26T11:50:38.326674,53,113,213,383,135,53,28,92,3544,-341,5115,-15153,-560,-1264,1533,-129,-169,-197
2025-11-26T11:50:38.341777,59,113,224,361,109,49,29,101,3543,-369,5123,-15150,-434,-1291,1518,-2,-251,-123
2025-11-26T11:50:38.363796,64,116,189,364,97,45,42,122,3552,-407,5091,-15157,-313,-1259,1567,187,-312,-69
2025-11-26T11:50:38.386642,55,151,207,347,104,45,43,131,3567,-440,5028,-15174,-213,-1183,1626,326,-290,-25
2025-11-26T11:50:38.401192,75,188,307,360,132,57,59,184,3596,-450,4985,-15181,-179,-1131,1630,217,-162,113
2025-11-26T11:50:38.424164,74,180,309,327,137,56,82,279,3635,-466,4974,-15175,-188,-1041,1522,15,-176,170
2025-11-26T11:50:38.446097,217,186,303,359,140,58,140,296,3667,-484,4959,-15171,-83,-1086,1547,50,-137,158
2025-11-26T11:50:38.461363,232,190,314,366,139,74,140,294,3698,-480,4942,-15169,-61,-1148,1603,105,-9,198
2025-11-26T11:50:38.484078,238,193,360,518,242,141,144,295,3729,-465,4933,-15165,-72,-1168,1649,73,59,221
2025-11-26T11:50:38.506376,236,180,374,704,397,155,145,257,3774,-439,4965,-15144,-5,-959,1636,-250,174,352
2025-11-26T11:50:38.522218,239,176,371,764,412,158,135,170,3808,-416,5056,-15106,-40,-936,1533,-571,236,318
2025-11-26T11:50:38.544252,130,174,372,912,425,156,72,137,3857,-408,5163,-15058,-102,-1206,1433,-559,122,378
2025-11-26T11:50:38.566579,98,178,367,922,450,152,67,126,3915,-370,5234,-15019,-239,-1470,1508,-224,174,435
2025-11-26T11:50:38.581256,83,143,303,871,410,100,59,116,3979,-282,5246,-15000,-472,-1369,1545,119,247,454
2025-11-26T11:50:38.604086,72,114,182,748,261,71,42,108,4048,-184,5250,-14982,-607,-1278,1564,137,237,453
2025-11-26T11:50:38.626580,63,123,173,718,259,70,39,63,4131,-95,5266,-14954,-654,-1274,1546,54,170,517
2025-11-26T11:50:38.641678,44,119,190,533,238,70,37,49,4235,-36,5285,-14919,-716,-1282,1513,-4,-36,567
2025-11-26T11:50:38.663658,42,102,179,527,193,61,32,43,4351,-4,5291,-14884,-746,-1347,1511,51,-224,586
2025-11-26T11:50:38.686473,52,169,182,521,177,45,27,34,4473,15,5254,-14860,-781,-1336,1526,268,-371,570
2025-11-26T11:50:38.701685,52,184,262,468,169,43,27,35,4590,33,5186,-14848,-760,-1306,1530,447,-400,536
2025-11-26T11:50:38.722448,53,227,271,429,152,36,26,29,4711,49,5086,-14845,-747,-1202,1514,592,-470,534
2025-11-26T11:50:38.745029,54,230,297,420,148,37,25,26,4831,50,4962,-14848,-738,-1067,1552,649,-576,495
2025-11-26T11:50:38.760251,54,238,317,454,147,38,24,27,4946,31,4859,-14845,-746,-1034,1544,493,-643,440
2025-11-26T11:50:38.783661,53,205,350,411,146,37,26,27,5042,-3,4786,-14836,-660,-1051,1531,334,-604,357
2025-11-26T11:50:38.806607,51,203,327,398,126,35,23,25,5114,-38,4717,-14834,-553,-1051,1571,315,-517,255
2025-11-26T11:50:38.826035,51,148,321,520,114,35,21,24,5166,-72,4648,-14837,-500,-1061,1633,322,-450,156
2025-11-26T11:50:38.844362,53,153,306,497,108,33,21,25,5192,-109,4575,-14851,-457,-1046,1654,343,-421,12
2025-11-26T11:50:38.866348,50,152,293,452,97,31,23,26,5191,-162,4518,-14868,-398,-992,1637,229,-410,-142
2025-11-26T11:50:38.883491,45,151,276,486,96,32,22,24,5160,-230,4484,-14888,-353,-980,1641,86,-391,-319
2025-11-26T11:50:38.903984,50,147,278,594,126,33,25,24,5092,-318,4459,-14918,-247,-943,1625,-4,-383,-538
2025-11-26T11:50:38.926638,48,148,293,585,126,32,28,27,4984,-438,4454,-14952,-131,-950,1588,-146,-408,-766
2025-11-26T11:50:38.941598,49,164,282,698,137,36,30,27,4840,-593,4472,-14989,33,-938,1528,-324,-440,-976
2025-11-26T11:50:38.963729,55,161,291,694,143,35,32,25,4663,-760,4491,-15032,156,-965,1584,-357,-413,-1147
2025-11-26T11:50:38.986612,55,182,275,711,140,35,33,26,4456,-939,4525,-15074,255,-1013,1514,-427,-381,-1293
2025-11-26T11:50:39.001509,54,184,264,763,155,37,35,29,4224,-1118,4542,-15124,447,-795,1599,-468,-299,-1406
2025-11-26T11:50:39.024065,54,188,236,687,157,34,34,25,3982,-1299,4569,-15167,551,-711,1713,-619,-258,-1421
2025-11-26T11:50:39.046940,56,180,286,577,150,35,34,27,3734,-1484,4649,-15188,600,-794,1654,-901,-216,-1401
2025-11-26T11:50:39.061546,62,185,306,603,161,37,37,36,3482,-1667,4726,-15205,709,-789,1590,-881,-179,-1383
2025-11-26T11:50:39.084079,85,207,404,589,184,43,38,40,3253,-1809,4766,-15227,768,-801,1596,-625,-43,-1218
2025-11-26T11:50:39.106198,87,233,457,456,159,42,36,53,3061,-1907,4775,-15252,744,-750,1628,-427,66,-986
2025-11-26T11:50:39.121537,90,260,518,502,163,46,37,54,2903,-1976,4773,-15275,763,-716,1653,-342,134,-765
2025-11-26T11:50:39.144046,92,277,565,540,184,48,41,55,2789,-2034,4772,-15289,619,-795,1619,-281,49,-563
2025-11-26T11:50:39.166553,158,275,615,576,190,52,40,57,2700,-2088,4763,-15301,597,-794,1611,-215,1,-443
2025-11-26T11:50:39.189058,184,242,560,560,168,48,43,110,2633,-2137,4747,-15311,588,-904,1629,-118,-32,-337
2025-11-26T11:50:39.204098,200,233,525,539,166,47,44,121,2599,-2176,4680,-15331,616,-971,1693,212,-66,-196
2025-11-26T11:50:39.226559,216,228,494,506,149,46,43,128,2597,-2189,4561,-15366,591,-929,1716,548,-41,-47
2025-11-26T11:50:39.248976,264,355,423,458,119,41,47,247,2625,-2190,4426,-15400,529,-797,1703,625,-59,103
2025-11-26T11:50:39.264204,233,362,382,376,95,36,45,256,2673,-2195,4332,-15418,500,-893,1684,452,-96,222
2025-11-26T11:50:39.286581,214,363,374,381,92,36,43,251,2734,-2185,4245,-15433,494,-904,1635,466,-28,320
2025-11-26T11:50:39.309199,226,353,343,432,91,37,46,254,2809,-2176,4135,-15451,490,-815,1668,568,-80,379
2025-11-26T11:50:39.323678,238,343,330,422,87,35,51,257,2892,-2167,4049,-15459,467,-911,1711,474,-84,428
2025-11-26T11:50:39.346549,209,201,313,417,87,40,59,193,2982,-2144,3950,-15471,429,-985,1811,588,-47,453
2025-11-26T11:50:39.369144,210,185,239,414,84,37,60,182,3085,-2112,3836,-15484,384,-1010,1815,710,-52,509
2025-11-26T11:50:39.384146,203,185,247,374,94,38,59,165,3193,-2068,3699,-15501,481,-821,1869,774,30,572
2025-11-26T11:50:39.406532,176,211,264,286,106,47,62,151,3309,-2015,3586,-15511,491,-575,1878,544,105,672
2025-11-26T11:50:39.428835,138,204,252,256,146,58,61,140,3432,-1971,3593,-15488,434,-699,1788,-55,147,795
2025-11-26T11:50:39.444015,90,178,243,283,225,64,50,65,3532,-1933,3684,-15449,383,-588,1654,-569,229,738
2025-11-26T11:50:39.465703,76,173,240,317,234,65,52,62,3604,-1911,3810,-15404,472,-576,1564,-795,272,636
2025-11-26T11:50:39.488536,74,189,231,329,229,68,50,61,3704,-1880,3947,-15350,551,-941,1576,-682,333,818
2025-11-26T11:50:39.503620,72,160,221,311,223,65,45,59,3822,-1799,4008,-15315,481,-1151,1679,-116,465,885
2025-11-26T11:50:39.525829,71,149,183,301,201,57,40,103,3949,-1671,4005,-15298,319,-1127,1700,296,563,904
2025-11-26T11:50:39.549054,74,154,178,276,132,47,35,105,4071,-1527,3986,-15285,188,-1099,1646,412,593,860
2025-11-26T11:50:39.571172,69,150,215,256,117,46,30,106,4183,-1380,3975,-15272,81,-965,1647,316,603,802
2025-11-26T11:50:39.586471,62,125,208,227,121,43,31,105,4290,-1254,4009,-15245,-42,-984,1566,56,519,763
2025-11-26T11:50:39.608967,73,167,192,201,124,35,27,105,4390,-1159,4081,-15204,-165,-1141,1532,-125,368,696
2025-11-26T11:50:39.623812,73,190,210,195,168,34,26,61,4474,-1079,4135,-15171,-224,-1233,1534,-14,271,566
2025-11-26T11:50:39.646756,71,190,212,209,187,37,25,58,4547,-991,4144,-15153,-316,-1245,1488,269,239,468
2025-11-26T11:50:39.669069,71,197,198,224,189,36,25,48,4602,-901,4118,-15149,-453,-1024,1438,386,158,306
2025-11-26T11:50:39.683614,70,197,231,231,211,36,25,44,4636,-834,4101,-15147,-502,-996,1447,283,69,156
2025-11-26T11:50:39.706534,45,151,234,224,208,41,26,50,4664,-780,4100,-15142,-540,-1059,1484,198,24,115
2025-11-26T11:50:39.729002,38,132,237,237,174,42,27,53,4675,-741,4105,-15139,-567,-1018,1457,129,-30,0
2025-11-26T11:50:39.743584,44,134,265,243,137,47,29,51,4676,-709,4118,-15136,-532,-981,1488,49,-14,-53
2025-11-26T11:50:39.770866,52,128,260,213,135,49,31,51,4670,-680,4137,-15135,-515,-980,1522,2,-4,-87
2025-11-26T11:50:39.789250,53,136,244,203,123,49,30,50,4666,-651,4160,-15131,-526,-1013,1542,-12,-1,-68
2025-11-26T11:50:39.804040,52,143,249,202,121,46,29,38,4669,-631,4172,-15127,-509,-1028,1584,23,-58,-49
2025-11-26T11:50:39.826672,63,137,234,230,122,47,29,52,4668,-617,4172,-15128,-501,-959,1587,54,-100,-80
2025-11-26T11:50:39.849507,59,125,191,215,117,40,28,54,4665,-624,4157,-15133,-444,-982,1636,96,-201,-116
2025-11-26T11:50:39.864020,69,169,348,252,126,45,31,56,4664,-642,4131,-15140,-430,-987,1689,135,-268,-125
2025-11-26T11:50:39.886097,96,232,468,310,106,47,36,58,4664,-672,4115,-15143,-423,-988,1647,71,-327,-128
2025-11-26T11:50:39.909150,97,234,473,313,114,45,36,58,4664,-717,4078,-15151,-314,-1007,1634,174,-380,-134
2025-11-26T11:50:39.924080,107,235,483,284,118,51,40,41,4667,-755,4012,-15166,-212,-957,1636,334,-359,-104
2025-11-26T11:50:39.946514,108,234,496,306,119,55,42,38,4669,-789,3945,-15181,-119,-787,1647,266,-296,-90
2025-11-26T11:50:39.969084,144,203,436,459,119,53,40,36,4667,-836,3928,-15183,-10,-794,1667,-36,-231,-68
2025-11-26T11:50:39.984074,143,124,315,547,149,98,41,41,4667,-869,3970,-15171,41,-879,1646,-297,-55,16
2025-11-26T11:50:40.006536,147,113,312,671,212,106,54,53,4678,-883,4050,-15145,61,-931,1555,-442,101,141
2025-11-26T11:50:40.028888,139,121,296,733,221,110,56,55,4716,-879,4137,-15110,71,-962,1621,-465,171,328
2025-11-26T11:50:40.043593,142,124,272,754,239,111,57,56,4774,-873,4260,-15058,-54,-1052,1484,-600,149,443
2025-11-26T11:50:40.066499,99,115,184,690,271,111,57,54,4851,-859,4373,-15001,-201,-1173,1474,-494,82,527
2025-11-26T11:50:40.088642,79,117,130,623,263,78,54,49,4939,-834,4462,-14948,-282,-1269,1472,-302,57,570
2025-11-26T11:50:40.111039,73,134,111,495,224,71,41,33,5032,-790,4502,-14907,-381,-1175,1550,-72,28,563
2025-11-26T11:50:40.126480,65,133,156,412,221,60,37,31,5127,-762,4517,-14872,-463,-1204,1562,46,-120,512
2025-11-26T11:50:40.149015,64,163,282,441,210,52,32,29,5234,-742,4502,-14840,-524,-1232,1634,192,-262,537
2025-11-26T11:50:40.171926,70,182,338,422,156,48,29,28,5350,-735,4459,-14812,-536,-1236,1645,322,-390,548
2025-11-26T11:50:40.186035,75,179,399,437,138,38,29,28,5467,-737,4393,-14789,-498,-1127,1673,377,-453,539
2025-11-26T11:50:40.209025,80,177,425,527,123,35,29,29,5584,-738,4340,-14761,-476,-1074,1675,290,-420,553
2025-11-26T11:50:40.231442,148,208,434,523,120,31,23,29,5699,-750,4305,-14726,-478,-1030,1649,160,-440,543
2025-11-26T11:50:40.246100,178,200,414,540,113,35,22,32,5807,-798,4277,-14690,-451,-950,1592,35,-592,459
2025-11-26T11:50:40.268685,227,189,382,590,117,35,26,40,5894,-874,4267,-14653,-418,-925,1524,-119,-662,329
2025-11-26T11:50:40.291365,245,192,360,584,117,36,25,42,5957,-968,4254,-14626,-327,-1037,1557,-91,-674,188
2025-11-26T11:50:40.306500,257,190,381,626,126,33,25,45,5996,-1072,4210,-14616,-215,-1029,1636,39,-708,30
2025-11-26T11:50:40.329142,260,165,363,665,121,32,26,44,6005,-1205,4167,-14614,-78,-871,1543,-80,-754,-156
2025-11-26T11:50:40.351483,240,160,321,610,136,29,28,42,5988,-1368,4151,-14611,64,-757,1565,-352,-765,-288
2025-11-26T11:50:40.366021,200,162,487,581,149,34,30,37,5947,-1552,4156,-14608,242,-940,1611,-442,-722,-382
2025-11-26T11:50:40.386963,177,156,468,575,155,40,33,42,5895,-1717,4140,-14615,385,-986,1577,-267,-605,-406
2025-11-26T11:50:40.409535,160,158,501,457,161,55,36,41,5831,-1847,4095,-14638,497,-801,1675,-157,-424,-441
2025-11-26T11:50:40.426536,91,155,523,419,178,57,40,42,5767,-1960,4091,-14650,567,-658,1729,-425,-248,-358
2025-11-26T11:50:40.449514,95,154,553,403,169,59,42,43,5703,-2090,4117,-14649,636,-720,1743,-614,-266,-314
2025-11-26T11:50:40.471507,81,184,477,365,178,60,42,45,5637,-2208,4132,-14653,742,-822,1790,-506,-189,-308
2025-11-26T11:50:40.486525,101,202,487,338,200,62,40,68,5599,-2305,4142,-14650,720,-1027,1877,-368,-163,-141
2025-11-26T11:50:40.508428,99,193,431,306,199,51,38,75,5581,-2335,4111,-14661,649,-996,1963,-33,31,-30
2025-11-26T11:50:40.531028,173,192,493,524,397,66,37,78,5561,-2344,4078,-14676,444,-924,1950,-4,40,-77
2025-11-26T11:50:40.546190,280,191,473,671,436,71,39,86,5536,-2371,4103,-14674,526,-835,1846,-375,96,-24
2025-11-26T11:50:40.568535,306,214,412,686,445,72,43,100,5521,-2426,4138,-14661,521,-910,1846,-460,-58,12
2025-11-26T11:50:40.591410,319,214,405,843,453,99,56,92,5520,-2470,4167,-14646,519,-1098,1842,-311,-39,82
2025-11-26T11:50:40.606148,328,220,441,903,454,106,60,98,5532,-2478,4174,-14638,505,-1066,1707,-92,85,167
2025-11-26T11:50:40.628945,298,212,348,818,362,106,63,97,5538,-2470,4143,-14646,528,-909,1748,64,123,114
2025-11-26T11:50:40.651266,204,209,369,704,343,109,63,101,5553,-2464,4119,-14648,615,-667,1682,-59,156,207
2025-11-26T11:50:40.666162,227,165,381,675,336,110,62,88,5589,-2449,4120,-14636,696,-858,1750,-106,239,393
2025-11-26T11:50:40.689029,239,154,391,465,325,85,51,84,5651,-2395,4110,-14625,780,-1021,1823,105,426,583
2025-11-26T11:50:40.711141,243,168,350,359,319,77,47,73,5734,-2272,4069,-14624,778,-940,1916,373,696,753
2025-11-26T11:50:40.726500,250,218,349,368,233,63,42,73,5835,-2100,4048,-14615,634,-954,1854,407,908,903
2025-11-26T11:50:40.748977,252,275,313,355,175,51,41,67,5934,-1900,4034,-14607,432,-929,1823,438,1002,889
2025-11-26T11:50:40.771313,200,282,314,356,138,43,35,63,6006,-1691,4019,-14607,294,-939,1768,489,1047,722
2025-11-26T11:50:40.786252,152,275,290,421,96,40,33,61,6043,-1468,4006,-14619,134,-1022,1723,566,1123,502
2025-11-26T11:50:40.808752,135,265,286,442,121,42,34,81,6033,-1245,4002,-14645,-55,-984,1623,541,1147,212
2025-11-26T11:50:40.831432,119,231,264,432,172,43,33,84,5980,-1050,4012,-14679,-184,-902,1568,390,1047,-87
2025-11-26T11:50:40.846446,108,185,252,444,188,43,32,78,5890,-906,4056,-14713,-293,-841,1467,97,870,-346
2025-11-26T11:50:40.869001,92,170,260,502,200,60,34,82,5768,-810,4136,-14745,-347,-919,1450,-157,727,-569
2025-11-26T11:50:40.891500,90,185,338,448,206,67,36,79,5612,-742,4243,-14778,-457,-1109,1406,-265,641,-795
2025-11-26T11:50:40.906427,66,179,363,466,205,76,40,60,5438,-704,4371,-14808,-542,-1172,1336,-402,515,-934
2025-11-26T11:50:40.928924,66,169,380,410,157,82,44,68,5247,-667,4503,-14839,-573,-1036,1283,-487,529,-1043
2025-11-26T11:50:40.951305,60,126,400,415,142,82,45,76,5053,-636,4599,-14878,-602,-1146,1223,-252,425,-1097
2025-11-26T11:50:40.966654,73,115,389,410,135,72,44,75,4879,-605,4664,-14917,-619,-1348,1231,-4,333,-997
2025-11-26T11:50:40.988419,112,91,355,471,123,65,43,79,4725,-550,4703,-14957,-743,-1363,1259,168,329,-901
2025-11-26T11:50:41.011504,118,88,308,448,192,54,40,77,4579,-488,4719,-14999,-698,-1266,1296,246,340,-849
2025-11-26T11:50:41.026545,126,89,335,564,230,42,35,67,4467,-423,4737,-15029,-607,-1142,1378,149,355,-627
2025-11-26T11:50:41.049108,126,96,334,628,234,44,32,54,4385,-381,4775,-15042,-595,-1034,1388,-74,225,-477
2025-11-26T11:50:41.071464,120,100,327,612,229,44,36,81,4330,-367,4839,-15038,-544,-1164,1417,-224,97,-342
2025-11-26T11:50:41.093958,79,96,334,666,264,43,35,79,4294,-350,4888,-15033,-533,-1309,1415,-87,69,-223
2025-11-26T11:50:41.108968,68,121,338,649,214,47,33,78,4266,-313,4891,-15041,-471,-1234,1464,154,126,-152
2025-11-26T11:50:41.131543,40,130,320,547,173,45,33,79,4256,-268,4866,-15053,-460,-1050,1472,243,106,-70
2025-11-26T11:50:41.155202,55,164,306,464,179,41,33,80,4262,-243,4849,-15057,-434,-997,1501,125,1,2
2025-11-26T11:50:41.168509,195,159,289,421,181,42,27,52,4278,-231,4859,-15049,-442,-1091,1504,-11,-41,58
2025-11-26T11:50:41.191436,201,168,266,267,127,40,27,49,4296,-224,4864,-15042,-418,-1142,1554,19,-68,72
2025-11-26T11:50:41.214619,210,156,263,273,109,39,28,67,4312,-212,4855,-15041,-359,-1110,1592,84,-22,71
2025-11-26T11:50:41.228988,300,148,244,343,114,43,29,66,4327,-208,4854,-15037,-342,-1030,1575,-6,-50,62
2025-11-26T11:50:41.251742,325,232,254,339,92,48,34,87,4346,-223,4871,-15026,-293,-1112,1588,-104,-98,86
2025-11-26T11:50:41.274782,302,246,315,352,80,45,35,84,4367,-245,4884,-15015,-253,-1167,1578,-73,-130,91
2025-11-26T11:50:41.288766,305,243,366,378,93,49,37,86,4393,-262,4876,-15010,-209,-1172,1646,39,-120,132
2025-11-26T11:50:41.311120,305,242,369,406,160,61,36,72,4427,-270,4858,-15006,-222,-1113,1641,78,-107,178
2025-11-26T11:50:41.334816,230,248,392,527,199,63,41,70,4458,-282,4836,-15003,-217,-1023,1605,74,-136,151
2025-11-26T11:50:41.348984,243,158,447,621,217,69,49,53,4473,-314,4833,-14999,-164,-1002,1564,-56,-157,49
2025-11-26T11:50:41.371275,210,144,431,694,241,84,53,60,4491,-354,4844,-14989,-64,-1021,1536,-140,-143,89
2025-11-26T11:50:41.394716,204,138,383,741,242,85,52,99,4505,-384,4873,-14975,-90,-1079,1468,-177,-79,92
2025-11-26T11:50:41.409004,196,133,379,818,338,85,54,104,4527,-392,4921,-14953,-96,-1146,1503,-242,54,188
2025-11-26T11:50:41.431468,183,117,351,789,356,94,51,106,4563,-359,4990,-14919,-229,-1245,1509,-269,214,319
2025-11-26T11:50:41.454719,99,84,254,768,366,94,46,101,4618,-312,5039,-14887,-329,-1186,1559,-184,192,404
2025-11-26T11:50:41.469013,65,69,200,707,355,81,40,96,4691,-272,5108,-14842,-503,-1256,1518,-281,79,459
2025-11-26T11:50:41.491550,49,75,192,694,356,81,44,53,4788,-228,5168,-14790,-672,-1483,1517,-145,-14,576
2025-11-26T11:50:41.513624,81,79,201,601,241,69,39,43,4900,-161,5180,-14750,-849,-1507,1529,166,-72,621
2025-11-26T11:50:41.528786,179,132,307,617,187,55,39,44,5030,-86,5143,-14720,-958,-1349,1570,375,-184,670
2025-11-26T11:50:41.551445,194,154,314,570,148,42,32,38,5173,-27,5113,-14681,-1008,-1291,1538,286,-285,714
2025-11-26T11:50:41.573505,220,167,400,564,142,43,34,38,5325,15,5105,-14630,-1016,-1286,1554,123,-346,758
2025-11-26T11:50:41.588933,229,170,426,520,127,38,30,39,5473,48,5100,-14576,-1004,-1304,1489,120,-374,745
2025-11-26T11:50:41.611499,305,193,431,573,125,40,32,42,5614,85,5067,-14534,-953,-1257,1510,262,-362,712
2025-11-26T11:50:41.633977,263,187,371,462,121,35,30,33,5742,117,5017,-14501,-944,-1153,1528,319,-385,619
2025-11-26T11:50:41.649039,305,187,385,454,117,37,31,40,5847,128,4973,-14474,-939,-1151,1550,250,-437,464
2025-11-26T11:50:41.671468,296,189,322,471,111,39,29,40,5913,104,4919,-14466,-835,-1154,1534,284,-522,208
2025-11-26T11:50:41.693542,294,218,283,538,113,40,29,38,5928,50,4835,-14489,-631,-1041,1536,373,-559,-117
2025-11-26T11:50:41.709187,222,199,273,471,114,43,26,36,5908,-15,4728,-14532,-545,-960,1692,436,-565,-340
2025-11-26T11:50:41.731566,258,210,289,512,103,43,31,45,5851,-120,4630,-14586,-450,-1042,1672,369,-664,-578
2025-11-26T11:50:41.753986,197,202,272,572,117,41,36,48,5743,-277,4504,-14666,-282,-1025,1668,453,-841,-937
2025-11-26T11:50:41.769069,218,201,271,682,144,38,69,72,5585,-457,4315,-14779,-91,-957,1779,720,-934,-1263
2025-11-26T11:50:41.791634,229,189,309,642,147,43,76,80,5391,-653,4102,-14904,25,-980,1793,849,-988,-1483
2025-11-26T11:50:41.813985,225,204,316,679,157,41,95,102,5157,-861,3851,-15042,191,-922,1732,1037,-1129,-1776
2025-11-26T11:50:41.828374,181,174,292,714,168,48,100,104,4894,-1069,3545,-15192,400,-743,1714,1315,-1166,-1956
2025-11-26T11:50:41.851529,290,235,311,680,161,51,104,108,4623,-1273,3240,-15328,508,-687,1591,1303,-1141,-1967
2025-11-26T11:50:41.874019,341,259,334,672,150,54,110,114,4369,-1457,2950,-15444,784,-500,1330,1242,-1007,-1807
2025-11-26T11:50:41.888828,375,266,295,653,200,51,114,121,4130,-1592,2677,-15546,806,-259,1437,1186,-742,-1650
2025-11-26T11:50:41.911116,374,256,275,627,199,50,109,109,3889,-1742,2408,-15636,762,-167,1482,988,-625,-1561
2025-11-26T11:50:41.933969,381,256,272,553,190,51,107,107,3660,-1884,2199,-15706,919,-78,1474,646,-462,-1404
2025-11-26T11:50:41.948686,315,318,262,524,190,63,105,102,3472,-1975,1981,-15766,956,173,1594,642,-242,-1128
2025-11-26T11:50:41.971738,276,317,236,366,190,65,81,84,3299,-2025,1811,-15817,808,307,1714,370,-84,-989
2025-11-26T11:50:41.993989,212,318,269,312,167,73,67,65,3121,-2083,1774,-15850,722,400,1808,-429,-47,-918
2025-11-26T11:50:42.017200,215,372,306,254,169,83,51,57,2962,-2161,1873,-15859,739,160,1801,-1074,-41,-723
2025-11-26T11:50:42.031087,203,512,323,205,171,85,50,52,2852,-2230,1996,-15854,713,-132,1819,-1038,-33,-448
2025-11-26T11:50:42.054007,218,684,370,271,192,76,44,53,2748,-2281,2032,-15861,701,-345,1908,-442,-45,-513
2025-11-26T11:50:42.076757,188,932,395,344,187,91,49,51,2655,-2297,2029,-15875,646,-402,1876,-149,79,-478
2025-11-26T11:50:42.091087,207,985,374,403,162,83,56,98,2573,-2315,1993,-15890,640,-386,1848,34,28,-452
2025-11-26T11:50:42.113907,200,1009,368,400,141,73,61,105,2506,-2336,1932,-15905,686,-253,1881,119,-9,-373
2025-11-26T11:50:42.137251,222,978,365,409,135,65,57,110,2475,-2351,1912,-15910,702,-347,1936,-38,27,-139
2025-11-26T11:50:42.151402,259,975,331,378,92,64,71,128,2503,-2363,1934,-15902,590,-461,1761,-139,-10,197
2025-11-26T11:50:42.173505,265,807,284,334,151,39,69,127,2558,-2372,1918,-15894,683,-442,1741,82,14,325
2025-11-26T11:50:42.196840,250,736,271,256,151,44,68,126,2625,-2355,1907,-15886,581,-579,1808,144,88,383
2025-11-26T11:50:42.211500,260,755,260,236,148,46,67,143,2689,-2331,1840,-15887,572,-403,1796,382,84,343
2025-11-26T11:50:42.233806,250,746,247,220,147,47,70,148,2768,-2308,1745,-15888,614,-340,1849,519,65,406
2025-11-26T11:50:42.257722,190,588,221,182,146,47,60,145,2885,-2280,1619,-15884,619,-245,1813,686,44,608
2025-11-26T11:50:42.271338,188,491,210,135,74,44,62,144,3049,-2249,1477,-15872,634,-112,1711,764,38,872
2025-11-26T11:50:42.293523,262,493,216,132,56,36,65,131,3235,-2214,1373,-15849,570,-196,1759,626,44,1013
2025-11-26T11:50:42.317222,271,404,254,164,53,40,61,109,3425,-2190,1300,-15819,595,-343,1770,523,31,1042
2025-11-26T11:50:42.331544,303,383,247,185,56,39,55,98,3622,-2157,1219,-15786,531,-426,1726,644,42,1067
2025-11-26T11:50:42.354558,303,351,230,282,80,40,54,78,3817,-2116,1122,-15752,480,-435,1783,737,33,1037
2025-11-26T11:50:42.377191,290,366,231,284,95,42,50,80,3988,-2056,1013,-15725,309,-388,1894,797,43,885
2025-11-26T11:50:42.391404,251,384,326,367,136,48,42,65,4128,-2017,912,-15700,322,-348,1840,701,-36,718
2025-11-26T11:50:42.413946,226,346,294,549,251,49,50,61,4245,-1984,850,-15677,406,-298,1850,445,43,630
2025-11-26T11:50:42.437361,175,297,397,551,294,58,55,58,4338,-1945,850,-15656,385,-102,1815,6,174,562
2025-11-26T11:50:42.451469,166,258,486,653,360,72,60,61,4406,-1908,915,-15638,399,53,1758,-447,284,486
2025-11-26T11:50:42.473923,151,212,536,682,365,77,73,61,4432,-1896,1120,-15619,524,289,1794,-1410,453,387
2025-11-26T11:50:42.494444,154,265,492,657,366,76,72,65,4465,-1892,1488,-15579,580,-20,1888,-2012,568,498
2025-11-26T11:50:42.509086,169,404,503,515,303,74,68,61,4534,-1853,1859,-15524,601,-496,1915,-1902,740,722
2025-11-26T11:50:42.533877,157,417,427,522,262,67,65,60,4640,-1747,2110,-15473,710,-554,2090,-1201,1072,941
2025-11-26T11:50:42.557120,154,418,352,337,162,51,56,54,4779,-1557,2294,-15425,585,-594,2119,-687,1356,1128
2025-11-26T11:50:42.571128,157,512,295,285,150,51,50,53,4928,-1334,2474,-15371,356,-602,2001,-604,1441,1192
2025-11-26T11:50:42.593924,104,475,279,371,125,44,46,47,5062,-1118,2652,-15314,188,-689,1902,-564,1361,1087
2025-11-26T11:50:42.624683,74,382,244,554,240,51,53,56,5176,-924,2814,-15260,60,-768,1832,-482,1210,937
2025-11-26T11:50:42.631337,85,425,255,686,267,59,54,58,5260,-755,2975,-15210,-72,-875,1706,-462,1059,741
2025-11-26T11:50:42.653789,102,453,239,769,296,60,55,60,5304,-617,3126,-15171,-177,-830,1546,-463,892,461
2025-11-26T11:50:42.677176,135,366,289,845,326,56,50,110,5309,-516,3254,-15146,-239,-936,1427,-336,680,191
2025-11-26T11:50:42.691053,139,390,301,821,331,61,55,112,5297,-407,3298,-15144,-289,-1010,1483,157,576,55
2025-11-26T11:50:42.713663,163,435,325,710,258,60,55,112,5268,-283,3319,-15152,-504,-895,1380,275,535,-84
2025-11-26T11:50:42.737186,173,398,318,584,237,63,63,115,5216,-188,3395,-15155,-588,-742,1416,-155,481,-236
2025-11-26T11:50:42.751407,173,409,309,534,227,62,68,120,5150,-130,3514,-15151,-587,-662,1413,-508,388,-349
2025-11-26T11:50:42.774143,152,431,252,385,181,60,76,76,5084,-99,3635,-15145,-583,-909,1482,-470,267,-352
2025-11-26T11:50:42.797165,151,466,252,391,202,59,74,71,5025,-53,3719,-15145,-654,-1076,1490,-171,242,-320
2025-11-26T11:50:42.811520,123,457,269,435,219,63,69,65,4963,16,3757,-15156,-717,-1010,1520,75,268,-341
2025-11-26T11:50:42.833937,100,469,266,439,222,54,65,59,4895,81,3767,-15175,-745,-750,1510,98,195,-418
2025-11-26T11:50:42.858045,83,449,295,406,202,54,60,48,4827,89,3792,-15191,-680,-772,1548,-82,-39,-466
2025-11-26T11:50:42.871446,70,456,315,416,197,57,49,46,4760,69,3841,-15200,-587,-946,1579,-187,-101,-453
2025-11-26T11:50:42.893965,69,440,363,379,166,58,48,45,4697,63,3882,-15209,-621,-1004,1619,-107,-55,-422
2025-11-26T11:50:42.917145,75,405,375,331,162,47,45,42,4638,60,3928,-15215,-599,-998,1626,-149,-30,-390
2025-11-26T11:50:42.939663,93,424,394,362,161,45,38,67,4581,70,3957,-15225,-546,-925,1631,-75,34,-356
2025-11-26T11:50:42.953912,102,444,397,308,145,48,38,70,4537,62,3990,-15229,-527,-967,1647,-116,-53,-305
2025-11-26T11:50:42.976341,102,411,383,303,169,44,34,71,4503,41,4022,-15231,-474,-1044,1647,-103,-122,-246
2025-11-26T11:50:42.999679,102,377,339,284,165,39,31,70,4474,24,4038,-15235,-460,-1008,1647,-34,-116,-223
2025-11-26T11:50:43.013272,98,374,351,279,141,41,31,70,4446,-4,4053,-15240,-417,-934,1570,-60,-176,-227
2025-11-26T11:50:43.037951,92,400,455,234,133,46,37,52,4424,-52,4070,-15241,-360,-963,1522,-88,-258,-207
2025-11-26T11:50:43.059442,90,411,496,235,135,46,37,48,4403,-97,4088,-15243,-334,-1000,1541,-74,-233,-195
2025-11-26T11:50:43.073927,91,403,490,219,109,58,36,42,4387,-143,4091,-15246,-317,-987,1570,-10,-267,-172
2025-11-26T11:50:43.097605,116,397,509,237,111,63,38,58,4374,-194,4069,-15255,-221,-1001,1648,105,-284,-148
2025-11-26T11:50:43.119759,175,406,517,281,125,63,38,63,4363,-233,4027,-15269,-191,-831,1770,128,-244,-133
2025-11-26T11:50:43.133418,193,364,517,265,123,64,35,64,4357,-275,4008,-15275,-125,-834,1790,-14,-199,-90
2025-11-26T11:50:43.156745,202,298,451,347,129,67,43,68,4361,-309,4026,-15268,-138,-934,1785,-161,-130,0
2025-11-26T11:50:43.179998,201,298,451,384,135,66,46,68,4371,-346,4037,-15262,-83,-981,1755,-98,-141,43
2025-11-26T11:50:43.193935,188,281,429,484,181,85,50,56,4383,-336,4009,-15266,-72,-889,1813,127,49,91
2025-11-26T11:50:43.216926,190,236,380,535,199,92,54,63,4392,-333,4010,-15263,-86,-706,1844,-132,59,70
2025-11-26T11:50:43.239660,192,162,260,767,250,89,54,59,4391,-347,4080,-15245,-9,-634,1851,-590,122,37
2025-11-26T11:50:43.253639,185,150,268,865,258,89,54,58,4399,-361,4225,-15202,-5,-989,1748,-836,219,156
2025-11-26T11:50:43.276663,187,119,256,856,261,89,55,59,4426,-338,4387,-15149,-268,-1244,1584,-739,288,272
2025-11-26T11:50:43.299619,185,113,278,880,235,70,52,58,4467,-285,4512,-15101,-465,-1314,1551,-461,280,327
2025-11-26T11:50:43.313919,134,108,278,872,222,61,48,51,4527,-214,4597,-15059,-614,-1346,1550,-212,229,413
2025-11-26T11:50:43.337147,116,111,275,778,167,63,48,49,4607,-143,4632,-15025,-716,-1323,1576,37,85,477
2025-11-26T11:50:43.359665,158,144,332,628,145,57,42,62,4703,-92,4651,-14989,-836,-1328,1578,91,-117,501
2025-11-26T11:50:43.374033,156,153,342,655,126,46,36,62,4798,-73,4636,-14964,-812,-1345,1518,262,-321,440
2025-11-26T11:50:43.397157,165,224,324,609,120,44,35,65,4885,-65,4566,-14958,-643,-1240,1522,510,-378,394
2025-11-26T11:50:43.419659,164,288,329,590,112,44,36,61,4978,-51,4472,-14955,-605,-1095,1586,575,-370,426
2025-11-26T11:50:43.433905,149,292,319,449,99,38,31,59,5071,-46,4380,-14951,-575,-1038,1620,529,-404,422
2025-11-26T11:50:43.457111,151,286,283,470,96,40,30,42,5157,-60,4286,-14949,-527,-1008,1633,500,-468,371
2025-11-26T11:50:43.479688,150,284,273,448,95,43,31,41,5222,-94,4188,-14954,-430,-875,1507,479,-522,233
2025-11-26T11:50:43.493922,161,228,278,372,82,40,48,44,5253,-130,4071,-14975,-399,-792,1608,536,-498,28
2025-11-26T11:50:43.517160,190,186,289,326,69,35,60,48,5250,-191,3946,-15009,-335,-826,1602,586,-578,-188
2025-11-26T11:50:43.539694,202,187,338,425,90,38,62,49,5211,-301,3828,-15051,-274,-879,1616,497,-751,-446
2025-11-26T11:50:43.553294,171,172,342,507,94,35,67,48,5141,-447,3686,-15107,-118,-906,1631,595,-886,-648
2025-11-26T11:50:43.576941,203,186,359,559,110,38,81,81,5053,-605,3513,-15173,1,-860,1564,749,-944,-763
2025-11-26T11:50:43.599598,192,226,418,553,114,38,85,83,4947,-783,3339,-15238,147,-683,1503,660,-978,-862
2025-11-26T11:50:43.610676,179,278,430,565,120,39,97,85,4832,-967,3185,-15298,367,-521,1558,447,-882,-869
2025-11-26T11:50:43.634578,184,279,470,507,110,39,98,92,4713,-1138,3115,-15337,411,-485,1643,-22,-677,-813
2025-11-26T11:50:43.658424,219,297,476,416,104,40,97,103,4599,-1309,3064,-15369,435,-607,1732,-90,-672,-773
2025-11-26T11:50:43.673940,207,327,493,358,80,37,87,114,4481,-1480,2990,-15402,539,-701,1706,83,-667,-796
2025-11-26T11:50:43.697161,217,343,484,363,127,39,76,115,4355,-1617,2848,-15452,632,-405,1739,368,-553,-836
2025-11-26T11:50:43.719532,217,407,518,340,143,42,72,123,4247,-1733,2712,-15493,709,-162,1744,256,-438,-689
2025-11-26T11:50:43.734233,205,417,511,323,155,43,77,119,4164,-1842,2652,-15514,750,-150,1822,-158,-319,-469
2025-11-26T11:50:43.756863,164,417,546,315,179,46,76,108,4113,-1960,2643,-15515,720,-419,1821,-308,-376,-274
2025-11-26T11:50:43.779229,161,403,660,430,248,68,92,87,4096,-2032,2550,-15525,754,-498,2018,248,-283,-126
2025-11-26T11:50:43.793863,142,392,644,448,244,69,95,84,4092,-2067,2398,-15546,729,-263,2012,528,-190,-72
2025-11-26T11:50:43.816910,122,281,652,472,257,77,82,68,4115,-2105,2288,-15552,711,-96,2003,236,-201,120
2025-11-26T11:50:43.839558,119,282,646,695,280,96,83,67,4171,-2144,2198,-15544,791,-185,2016,190,-181,336
2025-11-26T11:50:43.853941,114,272,618,784,305,103,85,67,4269,-2163,2112,-15527,932,-14,1958,161,-29,629
2025-11-26T11:50:43.876404,88,266,484,811,264,94,70,53,4415,-2167,2052,-15494,1033,96,1949,9,93,956
2025-11-26T11:50:43.899639,84,233,478,940,271,95,63,46,4616,-2150,2021,-15441,1102,59,1878,-49,239,1327
2025-11-26T11:50:43.922131,79,226,413,944,322,89,60,43,4877,-2042,2050,-15372,1169,-49,1901,84,489,1627
2025-11-26T11:50:43.936346,71,192,339,824,307,67,48,40,5152,-1897,2086,-15296,1087,-192,1922,134,675,1739
2025-11-26T11:50:43.959630,77,179,312,848,283,55,44,38,5421,-1715,2145,-15216,942,-379,1857,99,904,1748
2025-11-26T11:50:43.982337,65,153,302,866,279,50,41,38,5672,-1518,2211,-15135,746,-544,1804,97,991,1665
2025-11-26T11:50:43.996095,66,160,294,734,275,49,42,39,5890,-1335,2255,-15063,688,-585,1732,192,1142,1528
2025-11-26T11:50:44.019603,84,167,297,729,209,49,41,40,6079,-1110,2311,-14997,558,-505,1775,160,1365,1394
2025-11-26T11:50:44.042391,98,181,302,728,203,49,41,37,6235,-878,2440,-14928,269,-565,1699,-173,1460,1224
2025-11-26T11:50:44.055954,95,193,319,618,301,69,43,41,6345,-650,2621,-14862,48,-734,1705,-381,1513,974
2025-11-26T11:50:44.079353,96,195,307,528,315,73,36,32,6402,-431,2799,-14813,-165,-765,1617,-359,1430,634
2025-11-26T11:50:44.101998,98,185,289,525,337,74,38,33,6397,-205,2982,-14785,-264,-667,1537,-404,1508,273
2025-11-26T11:50:44.116374,84,185,269,511,329,74,40,35,6340,-1,3203,-14764,-448,-629,1435,-652,1462,-51
2025-11-26T11:50:44.139634,67,178,257,518,339,74,37,36,6229,149,3457,-14754,-606,-741,1302,-866,1251,-428
2025-11-26T11:50:44.162150,60,175,208,545,243,60,35,30,6057,245,3709,-14763,-712,-856,1277,-910,1007,-849
2025-11-26T11:50:44.176138,50,173,190,464,222,53,34,31,5831,288,3975,-14784,-847,-880,1161,-1058,767,-1250
2025-11-26T11:50:44.199601,46,181,182,466,237,59,33,28,5582,313,4232,-14808,-1025,-1037,1320,-1035,637,-1425
2025-11-26T11:50:44.222031,47,189,187,456,244,63,32,30,5326,349,4465,-14833,-1192,-1212,1288,-828,588,-1488
2025-11-26T11:50:44.236399,53,200,159,446,224,70,38,31,5063,381,4657,-14865,-1269,-1087,1376,-720,483,-1583
2025-11-26T11:50:44.259704,59,224,222,472,241,70,41,33,4797,315,4808,-14907,-1256,-1001,1390,-766,241,-1604
2025-11-26T11:50:44.289355,62,229,280,480,246,67,43,33,4574,285,4981,-14921,-1168,-1319,1369,-713,115,-1427
2025-11-26T11:50:44.296293,63,235,282,436,178,66,41,34,4378,259,5082,-14946,-1099,-1452,1360,-271,15,-1272
2025-11-26T11:50:44.319655,59,213,304,442,163,61,39,30,4201,236,5105,-14989,-964,-1312,1407,81,-64,-1177
2025-11-26T11:50:44.341734,50,199,343,390,172,53,37,30,4052,216,5110,-15029,-868,-1236,1439,124,-84,-1003
2025-11-26T11:50:44.356003,54,167,335,302,149,60,36,29,3930,186,5137,-15052,-741,-1193,1485,-76,-95,-838
2025-11-26T11:50:44.379944,53,187,368,266,132,60,36,30,3832,144,5199,-15057,-621,-1192,1480,-304,-99,-675
2025-11-26T11:50:44.402127,59,215,385,286,151,55,38,30,3758,102,5266,-15052,-510,-1367,1476,-291,-96,-498
2025-11-26T11:50:44.416420,65,279,380,261,157,51,36,30,3709,80,5307,-15051,-492,-1406,1465,-104,-58,-333
2025-11-26T11:50:44.439551,66,299,364,300,148,57,34,31,3674,82,5323,-15053,-542,-1336,1458,23,-17,-240
2025-11-26T11:50:44.462868,61,324,399,279,148,47,32,31,3644,82,5331,-15058,-473,-1304,1491,44,-18,-207
2025-11-26T11:50:44.476388,67,322,371,283,151,49,30,30,3617,80,5340,-15061,-374,-1215,1525,-13,20,-169
2025-11-26T11:50:44.499347,60,299,365,285,142,48,27,29,3594,60,5357,-15061,-348,-1196,1494,-93,-70,-172
2025-11-26T11:50:44.522081,53,234,393,340,135,48,29,45,3573,25,5377,-15059,-286,-1271,1513,-101,-116,-160
2025-11-26T11:50:44.536410,55,220,387,306,141,44,32,45,3547,-11,5377,-15065,-212,-1265,1516,11,-114,-183
2025-11-26T11:50:44.567084,60,191,348,275,130,44,29,44,3529,-46,5363,-15074,-135,-1243,1522,75,-106,-115
2025-11-26T11:50:44.581762,56,173,326,272,125,39,29,50,3521,-74,5331,-15087,-93,-1114,1582,118,-94,-64
2025-11-26T11:50:44.593486,55,171,312,241,106,41,29,50,3516,-103,5313,-15094,-72,-1114,1583,26,-84,-34
2025-11-26T11:50:44.617465,227,224,367,288,111,58,36,55,3518,-124,5308,-15096,-81,-1192,1588,-3,-44,26
2025-11-26T11:50:44.640072,253,418,425,310,181,58,34,66,3523,-133,5309,-15094,-134,-1216,1579,-11,-3,50
2025-11-26T11:50:44.655434,284,431,455,535,217,63,45,68,3531,-116,5323,-15087,-170,-1238,1612,-61,127,109
2025-11-26T11:50:44.679439,327,438,454,642,230,83,69,76,3545,-106,5325,-15083,-227,-1212,1551,8,40,108
2025-11-26T11:50:44.701829,333,447,452,751,275,109,89,170,3564,-95,5303,-15087,-206,-1271,1589,159,17,136
2025-11-26T11:50:44.716440,271,423,418,824,389,149,108,175,3585,-87,5283,-15089,-129,-1220,1577,134,39,164
2025-11-26T11:50:44.739583,253,248,373,842,385,151,113,179,3615,-64,5319,-15069,-99,-977,1518,-269,178,266
2025-11-26T11:50:44.761707,223,220,323,795,451,171,134,186,3671,-59,5391,-15030,-209,-1045,1421,-461,34,357
2025-11-26T11:50:44.775976,156,214,310,787,497,178,131,182,3741,-59,5484,-14979,-289,-1565,1308,-342,-31,454
2025-11-26T11:50:44.799486,146,194,312,760,509,168,126,106,3842,-33,5458,-14963,-254,-1499,1474,287,-75,626
2025-11-26T11:50:44.822071,102,178,236,697,438,135,109,90,3979,10,5390,-14952,-329,-1416,1385,533,-145,809
2025-11-26T11:50:44.844535,89,153,213,708,423,133,104,72,4154,79,5308,-14933,-576,-1179,1378,544,-198,972
2025-11-26T11:50:44.859172,67,138,192,657,332,107,70,52,4348,134,5263,-14894,-762,-1154,1370,298,-324,1018
2025-11-26T11:50:44.883174,89,216,187,610,255,79,55,51,4572,169,5242,-14833,-918,-1297,1448,158,-496,1149
2025-11-26T11:50:44.904391,193,231,207,547,173,66,37,45,4822,197,5214,-14763,-1003,-1411,1449,213,-619,1276
2025-11-26T11:50:44.919302,205,257,208,498,133,50,32,42,5092,221,5138,-14699,-1036,-1294,1459,425,-757,1355
2025-11-26T11:50:44.942049,213,267,202,479,95,43,30,43,5372,240,5045,-14631,-1043,-1146,1461,441,-837,1397
2025-11-26T11:50:44.964507,228,268,216,492,96,35,31,47,5658,239,4960,-14552,-1088,-1125,1488,340,-936,1407
2025-11-26T11:50:44.978789,226,235,340,514,85,33,29,50,5950,199,4871,-14466,-1030,-1145,1479,298,-1134,1413
2025-11-26T11:50:45.002069,269,225,366,624,95,33,30,50,6236,140,4740,-14390,-878,-1069,1428,484,-1243,1379
2025-11-26T11:50:45.024536,265,202,377,638,97,34,30,51,6496,94,4581,-14327,-797,-870,1452,585,-1168,1238
2025-11-26T11:50:45.039139,293,213,430,609,104,32,31,53,6717,27,4434,-14271,-757,-743,1517,439,-1163,1005
2025-11-26T11:50:45.062297,286,220,445,569,108,31,29,48,6882,-107,4336,-14222,-565,-772,1448,84,-1226,659
2025-11-26T11:50:45.084610,343,195,400,518,103,28,27,47,6978,-283,4263,-14195,-356,-779,1466,-100,-1184,254
2025-11-26T11:50:45.098795,274,237,411,345,95,30,27,42,7007,-459,4191,-14198,-173,-810,1545,-72,-1005,-99
2025-11-26T11:50:45.122517,271,245,498,341,116,37,29,46,6975,-655,4123,-14226,22,-823,1519,-107,-933,-444
2025-11-26T11:50:45.144581,270,226,485,420,134,40,33,44,6865,-858,4088,-14278,262,-772,1488,-288,-684,-833
2025-11-26T11:50:45.159149,276,234,508,469,145,49,37,56,6695,-1069,4101,-14341,405,-685,1595,-620,-466,-1129
2025-11-26T11:50:45.181696,199,222,493,496,173,55,38,55,6472,-1336,4180,-14398,633,-644,1730,-1183,-435,-1371
2025-11-26T11:50:45.203464,187,170,489,538,194,58,42,59,6225,-1602,4400,-14414,779,-697,1796,-1809,-367,-1474
2025-11-26T11:50:45.216628,195,154,414,498,186,57,43,70,5954,-1868,4662,-14414,1013,-972,1864,-2047,-229,-1516
2025-11-26T11:50:45.240672,214,202,427,439,176,62,56,87,5688,-2093,4894,-14414,1151,-909,1849,-1827,-93,-1431
2025-11-26T11:50:45.265304,209,291,404,383,229,61,57,96,5433,-2309,5006,-14441,1221,-994,1779,-1297,83,-1193
2025-11-26T11:50:45.278482,218,307,395,322,237,61,60,113,5251,-2450,5040,-14473,1122,-996,1849,-742,113,-815
2025-11-26T11:50:45.302211,226,369,355,252,220,59,62,113,5136,-2571,5040,-14493,1078,-1295,1780,-366,-12,-493
2025-11-26T11:50:45.324601,222,381,332,301,221,59,66,119,5098,-2586,4940,-14538,869,-1430,1920,448,125,-152
2025-11-26T11:50:45.338894,198,372,286,291,219,55,55,120,5103,-2548,4775,-14598,753,-966,1740,818,177,49
2025-11-26T11:50:45.362092,209,323,255,283,156,58,54,113,5142,-2519,4655,-14628,608,-841,1700,533,69,241
2025-11-26T11:50:45.384623,195,308,237,283,131,65,58,100,5204,-2524,4585,-14628,517,-1031,1571,325,-104,359
2025-11-26T11:50:45.398999,177,233,269,369,247,66,56,100,5265,-2537,4499,-14630,465,-1133,1505,470,-188,294
2025-11-26T11:50:45.422084,176,279,263,371,321,88,62,86,5323,-2533,4370,-14649,429,-966,1515,683,-183,230
2025-11-26T11:50:45.444247,119,255,275,501,353,119,76,73,5391,-2518,4228,-14668,429,-882,1577,731,-168,291
2025-11-26T11:50:45.458419,80,234,299,506,384,130,82,71,5455,-2526,4142,-14668,403,-752,1487,356,-197,313
2025-11-26T11:50:45.482632,83,284,365,580,416,132,87,75,5509,-2558,4066,-14664,516,-697,1595,198,-244,279
2025-11-26T11:50:45.504558,86,303,403,547,400,133,89,73,5572,-2581,4040,-14643,651,-897,1720,3,-83,438
2025-11-26T11:50:45.518763,79,262,409,529,350,128,91,73,5673,-2556,4025,-14613,717,-1080,1800,119,152,736
2025-11-26T11:50:45.542375,108,304,398,463,338,102,80,104,5799,-2456,3954,-14600,770,-1041,1911,552,427,901
2025-11-26T11:50:45.564792,223,524,457,518,316,86,75,113,5937,-2269,3900,-14589,724,-920,2043,579,882,1092
2025-11-26T11:50:45.578863,272,567,469,550,276,77,72,110,6075,-2013,3962,-14553,385,-1138,2084,203,1325,1239
2025-11-26T11:50:45.602043,284,561,426,547,221,72,67,113,6187,-1679,4076,-14517,-2,-1369,2110,166,1722,1160
2025-11-26T11:50:45.624184,291,566,415,547,214,53,53,113,6245,-1307,4157,-14507,-256,-1173,2051,400,1916,868
2025-11-26T11:50:45.638902,285,564,397,496,174,47,51,83,6248,-942,4250,-14507,-538,-1004,2000,296,1964,548
2025-11-26T11:50:45.661598,212,379,301,433,154,48,47,83,6192,-621,4378,-14510,-755,-1081,1814,40,1896,189
2025-11-26T11:50:45.684560,154,458,257,276,249,58,32,103,6069,-341,4509,-14532,-840,-1114,1670,-38,1792,-241
2025-11-26T11:50:45.698835,153,491,249,281,311,100,51,162,5883,-112,4624,-14575,-870,-994,1542,-45,1607,-683
2025-11-26T11:50:45.721503,152,517,262,264,321,115,69,230,5662,80,4765,-14617,-947,-947,1307,-205,1305,-1032
2025-11-26T11:50:45.744165,157,513,282,266,328,128,82,235,5415,198,4913,-14661,-889,-1107,1186,-288,1019,-1257
2025-11-26T11:50:45.758737,154,549,347,304,342,133,86,231,5152,290,5043,-14710,-770,-1102,1191,-249,941,-1355
2025-11-26T11:50:45.782018,140,443,319,313,280,134,90,224,4903,359,5153,-14755,-767,-1141,979,-128,748,-1315
2025-11-26T11:50:45.804600,151,523,355,311,213,114,86,205,4683,390,5208,-14806,-779,-1334,840,210,389,-1222
2025-11-26T11:50:45.827095,212,625,381,301,196,104,75,139,4475,403,5171,-14883,-704,-1297,874,671,158,-1214
2025-11-26T11:50:45.842059,217,637,386,304,189,94,64,133,4277,407,5074,-14975,-570,-1081,929,881,64,-1174
2025-11-26T11:50:45.865159,219,639,405,277,178,92,63,134,4113,402,4989,-15049,-457,-922,1059,670,32,-982
2025-11-26T11:50:45.887063,227,636,446,277,173,85,65,133,3997,381,4968,-15088,-492,-997,1089,275,-49,-727
2025-11-26T11:50:45.900945,258,580,430,222,169,76,65,111,3909,344,4961,-15114,-486,-1132,1182,194,-158,-585
2025-11-26T11:50:45.924615,281,618,435,235,175,73,62,107,3833,302,4927,-15145,-370,-1226,1276,347,-180,-494
2025-11-26T11:50:45.954583,287,650,481,268,181,73,60,106,3771,293,4857,-15184,-380,-1089,1384,501,-79,-391
2025-11-26T11:50:45.961016,287,629,446,254,213,92,59,101,3724,292,4796,-15215,-371,-960,1483,368,-43,-302
2025-11-26T11:50:45.984419,298,663,414,243,201,102,58,110,3693,273,4789,-15225,-350,-874,1500,-10,-88,-228
2025-11-26T11:50:46.007130,263,638,402,237,201,101,57,104,3675,228,4820,-15220,-349,-972,1527,-237,-188,-183
2025-11-26T11:50:46.021026,187,480,411,244,199,105,56,87,3668,181,4861,-15210,-334,-1267,1544,-179,-202,-101
2025-11-26T11:50:46.044348,164,429,355,208,212,101,57,82,3658,165,4853,-15214,-393,-1214,1584,102,-125,-97
2025-11-26T11:50:46.068125,175,455,364,220,161,76,55,84,3658,151,4808,-15229,-356,-1081,1624,247,-157,-61
2025-11-26T11:50:46.082511,162,490,377,225,161,64,52,69,3666,133,4777,-15237,-392,-965,1651,104,-194,-36
2025-11-26T11:50:46.104917,145,481,380,239,151,66,59,99,3674,90,4781,-15234,-376,-1004,1625,-107,-278,-56
2025-11-26T11:50:46.126684,128,483,358,224,141,75,69,100,3680,32,4779,-15233,-258,-1170,1625,-11,-309,-53
2025-11-26T11:50:46.149581,140,488,361,224,108,86,71,106,3684,1,4737,-15246,-223,-1116,1627,226,-204,-34
2025-11-26T11:50:46.164179,121,451,318,217,136,93,72,104,3687,-15,4685,-15261,-252,-974,1659,237,-159,-36
2025-11-26T11:50:46.186963,98,318,314,247,134,90,68,100,3690,-35,4651,-15271,-234,-933,1706,100,-143,-30
2025-11-26T11:50:46.202038,129,324,316,233,135,91,87,121,3692,-63,4644,-15272,-191,-918,1689,-63,-134,-36
2025-11-26T11:50:46.224720,145,454,310,226,136,80,117,121,3692,-90,4657,-15268,-153,-987,1657,-142,-85,-16
2025-11-26T11:50:46.243983,168,440,315,225,149,70,118,124,3693,-98,4660,-15267,-190,-1077,1668,-20,-21,7
2025-11-26T11:50:46.259025,210,450,341,310,125,59,119,125,3688,-92,4648,-15272,-192,-1087,1695,80,44,-6
2025-11-26T11:50:46.282557,229,470,332,282,136,59,125,138,3682,-85,4619,-15282,-181,-987,1689,145,34,-24
2025-11-26T11:50:46.305859,227,481,375,436,163,74,119,188,3683,-90,4606,-15286,-220,-991,1672,41,-39,-8
2025-11-26T11:50:46.321370,303,356,412,582,215,101,99,190,3683,-107,4609,-15285,-255,-1077,1610,-7,-101,-35
2025-11-26T11:50:46.344533,289,369,435,593,214,108,99,190,3676,-124,4587,-15293,-133,-1075,1625,133,-68,-49
2025-11-26T11:50:46.366942,269,378,454,651,256,175,118,194,3672,-122,4536,-15309,-58,-931,1720,230,32,5
2025-11-26T11:50:46.381217,256,353,442,680,262,194,117,190,3684,-117,4549,-15302,-110,-837,1649,-155,72,96
2025-11-26T11:50:46.403983,244,339,408,706,254,191,106,98,3700,-136,4610,-15280,-1,-799,1475,-433,42,130
2025-11-26T11:50:46.426576,130,306,355,678,220,178,90,93,3728,-147,4665,-15256,170,-996,1462,-314,137,276
2025-11-26T11:50:46.441341,118,251,313,677,214,173,86,80,3766,-93,4686,-15241,90,-970,1567,-76,394,395
2025-11-26T11:50:46.464651,97,188,255,636,164,104,56,67,3810,8,4697,-15227,-99,-904,1658,-22,545,449
2025-11-26T11:50:46.486670,88,177,259,628,152,65,41,51,3859,115,4739,-15201,-247,-972,1668,-163,556,463
2025-11-26T11:50:46.501238,80,155,273,519,139,51,36,36,3898,211,4792,-15174,-323,-1012,1644,-220,507,390
2025-11-26T11:50:46.523746,147,131,299,407,124,45,34,34,3934,291,4834,-15150,-334,-1087,1654,-146,418,352
2025-11-26T11:50:46.546108,150,126,292,504,126,41,32,32,3971,371,4853,-15132,-445,-1212,1641,37,347,335
2025-11-26T11:50:46.560833,151,141,321,469,117,45,25,31,3994,460,4837,-15129,-534,-1167,1590,259,327,240
2025-11-26T11:50:46.591557,154,161,344,448,114,38,25,41,3996,551,4801,-15137,-601,-994,1626,306,330,98
2025-11-26T11:50:46.607046,269,217,431,593,147,45,31,57,3995,617,4805,-15133,-666,-872,1635,-11,238,13
2025-11-26T11:50:46.620788,241,232,479,661,183,52,38,59,3988,648,4868,-15114,-713,-1035,1532,-295,121,-53
2025-11-26T11:50:46.644498,252,238,489,649,211,54,42,61,3976,661,4943,-15092,-718,-1199,1413,-284,41,-97
2025-11-26T11:50:46.667527,259,227,475,643,213,59,46,62,3956,676,4966,-15089,-691,-1068,1415,-46,13,-152
2025-11-26T11:50:46.687925,259,232,461,642,215,72,55,57,3886,623,5008,-15095,-599,-954,1444,-231,-222,-352
2025-11-26T11:50:46.707022,149,193,432,558,196,75,56,53,3831,587,5044,-15099,-479,-1161,1510,-157,-87,-370
2025-11-26T11:50:46.730473,146,188,364,514,168,73,53,51,3778,573,5058,-15108,-452,-1111,1519,-33,12,-324
2025-11-26T11:50:46.748259,122,180,342,419,132,72,50,50,3735,567,5059,-15119,-365,-960,1527,-25,53,-252
2025-11-26T11:50:46.767240,105,183,337,394,124,73,53,58,3703,563,5082,-15119,-359,-951,1554,-174,79,-179
2025-11-26T11:50:46.791612,97,155,340,414,137,66,43,60,3686,554,5141,-15103,-354,-1115,1560,-337,75,-80
2025-11-26T11:50:46.808368,80,133,240,335,131,65,42,52,3675,543,5194,-15089,-363,-1177,1590,-291,54,-52
2025-11-26T11:50:46.827224,58,136,234,274,121,61,40,48,3664,536,5216,-15084,-359,-1237,1559,-80,28,-41
2025-11-26T11:50:46.850488,56,132,234,289,110,59,38,46,3658,542,5207,-15088,-380,-1152,1550,80,36,-16
2025-11-26T11:50:46.869573,52,124,224,341,148,55,33,35,3653,552,5197,-15093,-420,-1156,1548,95,35,-11
2025-11-26T11:50:46.887932,50,124,213,328,136,54,31,30,3652,553,5189,-15095,-410,-1091,1539,42,-10,-12
2025-11-26T11:50:46.905320,44,133,242,311,139,49,27,26,3655,541,5195,-15093,-426,-1156,1519,-19,-77,-14
2025-11-26T11:50:46.928417,52,110,236,348,148,48,27,28,3657,529,5190,-15095,-431,-1152,1531,37,-93,-20
2025-11-26T11:50:46.947676,52,149,235,363,163,49,27,27,3655,522,5183,-15098,-416,-1119,1514,46,-60,-32
2025-11-26T11:50:46.966274,48,142,269,355,129,43,28,27,3650,509,5173,-15103,-420,-1075,1520,46,-90,-65
2025-11-26T11:50:46.988994,51,153,252,354,119,39,26,51,3650,493,5163,-15107,-421,-1114,1516,52,-115,-45
2025-11-26T11:50:47.008177,51,144,216,381,112,37,27,56,3647,477,5151,-15112,-377,-1093,1506,64,-99,-49
2025-11-26T11:50:47.025785,73,147,200,347,98,37,28,64,3645,471,5125,-15122,-370,-1046,1553,121,-61,-34
2025-11-26T11:50:47.048773,125,103,198,351,71,35,31,68,3649,466,5108,-15127,-399,-1073,1579,71,-65,-3
2025-11-26T11:50:47.070083,131,98,150,383,64,35,27,69,3650,464,5103,-15128,-446,-1106,1584,26,-52,-21
2025-11-26T11:50:47.086253,135,77,143,369,68,40,27,58,3646,453,5103,-15130,-459,-1101,1571,-7,-90,-66
2025-11-26T11:50:47.108739,150,108,151,363,67,38,30,75,3646,429,5100,-15131,-463,-1147,1561,7,-171,-73
2025-11-26T11:50:47.127992,156,123,158,377,101,38,28,72,3648,397,5083,-15137,-478,-1195,1562,105,-245,-77
2025-11-26T11:50:47.145947,128,137,207,464,176,48,28,72,3649,363,5057,-15147,-428,-1140,1521,147,-254,-82
2025-11-26T11:50:47.168647,127,137,211,425,183,48,29,76,3648,335,5035,-15155,-397,-1006,1506,76,-204,-86
2025-11-26T11:50:47.188100,129,140,235,435,188,43,31,84,3654,293,5038,-15153,-388,-1068,1483,-53,-260,-58
2025-11-26T11:50:47.206071,110,130,273,437,209,47,29,66,3664,249,5040,-15151,-353,-1198,1514,-2,-256,-24
2025-11-26T11:50:47.228788,87,190,309,467,224,52,33,62,3669,222,5014,-15159,-352,-1136,1517,150,-207,-32
2025-11-26T11:50:47.248138,73,187,290,405,174,46,32,60,3672,194,4981,-15169,-268,-1006,1526,134,-182,-39
2025-11-26T11:50:47.266681,120,195,331,485,191,45,33,55,3678,171,4965,-15173,-288,-1010,1561,38,-146,-15
2025-11-26T11:50:47.288789,123,195,324,555,206,46,35,43,3687,145,4963,-15172,-342,-1095,1573,-18,-172,-12
2025-11-26T11:50:47.308621,126,198,370,620,187,49,34,61,3686,114,4947,-15178,-309,-1159,1592,88,-188,-62
2025-11-26T11:50:47.330425,126,137,375,651,178,46,32,63,3683,79,4893,-15196,-249,-1103,1614,272,-227,-87
2025-11-26T11:50:47.348594,132,215,406,693,194,44,35,67,3683,43,4849,-15211,-241,-1037,1607,195,-230,-67
2025-11-26T11:50:47.371245,86,231,398,681,193,44,33,74,3683,2,4807,-15224,-137,-932,1641,119,-209,-58
2025-11-26T11:50:47.390678,77,260,393,637,177,46,35,100,3684,-43,4784,-15231,-117,-915,1638,0,-203,-52
2025-11-26T11:50:47.408666,96,338,343,592,198,39,34,92,3689,-85,4778,-15232,-91,-1012,1653,-54,-167,-4
2025-11-26T11:50:47.428031,98,348,309,595,247,50,44,93,3690,-119,4768,-15234,-103,-1041,1707,-24,-127,-16
2025-11-26T11:50:47.446137,101,314,369,557,294,65,47,94,3692,-153,4774,-15232,-121,-1071,1671,-90,-127,-13
2025-11-26T11:50:47.470124,113,373,347,536,315,66,51,107,3691,-186,4776,-15231,-82,-887,1588,-130,-108,-28
2025-11-26T11:50:47.491265,122,376,423,542,353,69,48,86,3685,-237,4807,-15222,46,-837,1489,-310,-112,-39
2025-11-26T11:50:47.510607,115,470,469,559,449,84,56,88,3675,-265,4866,-15205,209,-922,1629,-457,135,43
2025-11-26T11:50:47.528700,125,515,511,576,442,83,58,89,3678,-254,4944,-15179,210,-1024,1643,-485,340,195
2025-11-26T11:50:47.551274,195,556,455,627,416,74,57,96,3687,-194,5006,-15157,209,-1033,1577,-315,565,313
2025-11-26T11:50:47.570487,225,516,455,614,394,72,54,96,3683,-88,5050,-15145,180,-903,1596,-213,801,302
2025-11-26T11:50:47.588986,231,536,393,722,376,68,55,135,3664,51,5117,-15127,189,-857,1618,-339,1048,291
2025-11-26T11:50:47.611158,244,423,389,720,238,51,49,137,3637,202,5213,-15099,104,-882,1647,-493,1143,274
2025-11-26T11:50:47.630497,289,501,470,670,183,43,45,151,3600,345,5282,-15082,-8,-1042,1679,-295,1051,179
2025-11-26T11:50:47.648745,268,633,579,598,158,40,43,148,3536,483,5304,-15086,-128,-1114,1633,34,975,-6
2025-11-26T11:50:47.671330,253,644,590,598,148,41,41,137,3441,610,5255,-15120,-229,-1036,1630,414,846,-251
2025-11-26T11:50:47.689187,276,666,631,538,104,41,42,127,3304,721,5159,-15179,-328,-1007,1609,702,731,-548
2025-11-26T11:50:47.705919,282,750,643,501,162,41,43,131,3129,787,5100,-15232,-559,-981,1514,480,502,-893
2025-11-26T11:50:47.729526,237,682,600,513,175,42,36,110,2929,769,5150,-15256,-728,-970,1486,-223,146,-1228
2025-11-26T11:50:47.748378,214,537,499,506,174,43,34,115,2701,666,5270,-15262,-813,-1111,1438,-645,-230,-1562
2025-11-26T11:50:47.768730,203,574,541,522,179,41,34,139,2452,481,5375,-15274,-731,-1392,1302,-597,-475,-1693
2025-11-26T11:50:47.791987,163,549,626,434,345,51,33,120,2203,313,5433,-15296,-692,-1606,1226,-296,-424,-1667
2025-11-26T11:50:47.810811,126,418,596,452,361,64,33,110,1970,213,5445,-15326,-676,-1511,1254,159,-309,-1571
2025-11-26T11:50:47.828905,261,434,582,487,362,77,38,127,1726,52,5402,-15372,-647,-1224,1100,256,-479,-1644
2025-11-26T11:50:47.851199,304,503,623,477,368,79,42,153,1530,-133,5378,-15400,-456,-1469,1192,298,-791,-1503
2025-11-26T11:50:47.871640,328,499,581,429,367,82,44,152,1378,-283,5340,-15426,-415,-1672,1287,445,-698,-1210
2025-11-26T11:50:47.888469,329,498,436,527,245,78,42,149,1269,-379,5255,-15462,-401,-1606,1472,662,-513,-902
2025-11-26T11:50:47.910778,343,489,410,634,233,83,46,154,1194,-440,5149,-15502,-275,-1401,1599,685,-355,-634
2025-11-26T11:50:47.929993,258,441,367,683,257,93,46,142,1150,-475,5110,-15517,-259,-1140,1534,213,-244,-401
2025-11-26T11:50:47.948792,286,342,344,826,288,110,105,139,1117,-518,5181,-15495,47,-1256,1519,-391,-142,-222
2025-11-26T11:50:47.978766,257,245,323,888,311,132,123,123,1145,-478,5363,-15432,-11,-1828,1514,-779,208,258
2025-11-26T11:50:47.990611,252,230,311,913,400,141,128,120,1230,-372,5477,-15388,-144,-1696,1478,-419,387,638
2025-11-26T11:50:48.008207,233,248,297,855,476,141,131,113,1366,-284,5556,-15350,-130,-1392,1381,-328,201,878
2025-11-26T11:50:48.031263,222,278,312,793,476,132,129,112,1543,-194,5638,-15305,-115,-1440,1412,-351,157,1116
2025-11-26T11:50:48.050528,93,270,209,685,477,116,88,66,1738,-87,5721,-15254,-337,-1663,1403,-274,135,1196
2025-11-26T11:50:48.069673,76,281,216,638,487,89,60,47,1934,32,5734,-15226,-379,-1652,1460,119,159,1213
2025-11-26T11:50:48.090992,85,327,297,599,410,82,50,47,2136,159,5692,-15213,-462,-1486,1473,372,132,1234
2025-11-26T11:50:48.111045,92,326,339,605,297,65,41,44,2360,268,5637,-15199,-498,-1364,1460,390,-14,1311
2025-11-26T11:50:48.128471,229,311,360,748,285,57,47,61,2603,348,5618,-15165,-568,-1298,1411,139,-187,1357
2025-11-26T11:50:48.150333,241,352,402,764,253,60,46,59,2844,376,5600,-15128,-516,-1362,1418,100,-421,1279
2025-11-26T11:50:48.170925,252,388,438,769,202,57,44,59,3062,374,5526,-15113,-352,-1315,1421,406,-513,1151
2025-11-26T11:50:48.188758,256,342,522,769,193,48,42,60,3249,376,5396,-15121,-271,-1132,1478,663,-456,995
2025-11-26T11:50:48.211070,262,340,515,762,180,47,43,62,3408,371,5264,-15132,-290,-880,1495,577,-446,806
2025-11-26T11:50:48.230451,169,415,489,654,183,50,36,43,3526,323,5165,-15140,-193,-766,1519,312,-520,540
2025-11-26T11:50:48.248695,154,405,549,688,200,59,37,42,3604,253,5111,-15141,-80,-733,1544,28,-460,324
2025-11-26T11:50:48.271534,136,403,541,687,235,71,40,40,3649,163,5106,-15134,-26,-827,1588,-231,-424,145
2025-11-26T11:50:48.290617,126,389,474,639,292,76,40,36,3656,40,5137,-15122,51,-797,1552,-481,-467,-90
2025-11-26T11:50:48.308893,111,385,470,701,308,88,48,38,3627,-93,5172,-15117,250,-856,1583,-485,-368,-236
2025-11-26T11:50:48.331164,91,304,475,716,359,116,60,39,3580,-194,5200,-15118,339,-947,1625,-384,-147,-251
2025-11-26T11:50:48.350384,84,268,386,751,386,142,62,39,3517,-264,5232,-15120,326,-798,1577,-417,21,-298
2025-11-26T11:50:48.368697,88,242,506,757,375,143,66,42,3437,-338,5313,-15109,365,-753,1555,-726,101,-364
2025-11-26T11:50:48.391310,153,235,524,819,353,141,66,45,3347,-378,5453,-15079,414,-1183,1519,-846,375,-286
2025-11-26T11:50:48.410687,172,258,520,745,339,135,59,43,3274,-349,5542,-15063,233,-1325,1505,-427,567,-146
2025-11-26T11:50:48.428738,183,276,547,741,267,112,51,43,3197,-260,5554,-15077,78,-1156,1570,-2,738,-147
2025-11-26T11:50:48.455724,187,311,575,649,198,65,45,42,3122,-162,5574,-15086,-102,-1049,1595,-93,725,-179
2025-11-26T11:50:48.470971,207,367,468,600,176,51,39,42,3024,-90,5628,-15087,-254,-1261,1635,-246,612,-372
2025-11-26T11:50:48.488574,160,366,386,534,117,43,38,36,2896,-37,5663,-15099,-310,-1380,1630,-101,534,-592
2025-11-26T11:50:48.510956,138,369,399,569,142,42,36,33,2740,8,5678,-15123,-353,-1238,1537,-14,500,-784
2025-11-26T11:50:48.530394,128,364,365,573,150,42,31,30,2566,20,5720,-15138,-479,-1161,1504,-227,330,-988
2025-11-26T11:50:48.548625,125,348,300,532,145,70,38,29,2381,-37,5788,-15142,-448,-1302,1438,-374,16,-1160
2025-11-26T11:50:48.571174,82,290,268,524,162,73,39,23,2196,-139,5830,-15153,-373,-1531,1443,-179,-215,-1239
2025-11-26T11:50:48.590477,78,301,259,551,200,108,59,26,2026,-258,5838,-15172,-328,-1603,1454,26,-360,-1194
2025-11-26T11:50:48.608743,66,272,211,523,223,121,66,27,1870,-365,5825,-15195,-274,-1348,1325,90,-336,-1108
2025-11-26T11:50:48.631167,121,256,234,419,222,119,65,28,1736,-472,5786,-15223,-246,-1378,1304,265,-396,-1006
2025-11-26T11:50:48.653670,131,254,272,428,228,110,63,30,1644,-584,5744,-15245,-264,-1571,1274,366,-530,-811
2025-11-26T11:50:48.668306,146,275,292,520,221,109,63,33,1587,-698,5662,-15277,-206,-1592,1316,606,-620,-639
2025-11-26T11:50:48.691169,146,258,286,414,186,73,44,32,1555,-796,5525,-15325,-96,-1394,1311,871,-568,-474
2025-11-26T11:50:48.713648,239,300,298,430,141,51,35,36,1570,-866,5386,-15370,-46,-1247,1439,817,-507,-157
2025-11-26T11:50:48.733072,248,321,292,554,148,58,45,45,1616,-876,5308,-15391,-27,-1398,1613,511,-214,152
2025-11-26T11:50:48.751181,254,394,317,702,192,69,44,46,1681,-815,5283,-15396,-96,-1599,1657,325,124,388
2025-11-26T11:50:48.773679,285,362,307,659,202,69,44,49,1776,-715,5249,-15402,-15,-1348,1744,272,317,649
2025-11-26T11:50:48.788511,293,356,310,664,203,70,45,51,1885,-593,5276,-15385,-133,-1224,1598,-79,403,769
2025-11-26T11:50:48.811142,226,315,302,663,224,81,44,45,2010,-477,5364,-15343,-157,-1281,1520,-411,388,878
2025-11-26T11:50:48.833555,191,286,266,615,227,78,35,36,2120,-355,5469,-15294,-126,-1317,1488,-490,485,837
2025-11-26T11:50:48.852946,177,143,209,465,190,63,32,35,2226,-224,5575,-15243,-211,-1393,1398,-440,522,828
2025-11-26T11:50:48.871544,101,101,192,457,176,59,30,27,2330,-98,5662,-15197,-246,-1356,1348,-350,484,799
2025-11-26T11:50:48.893690,71,92,240,453,179,60,27,23,2433,26,5747,-15149,-289,-1314,1264,-338,464,792
2025-11-26T11:50:48.909290,148,78,233,482,137,44,28,31,2535,148,5838,-15097,-251,-1251,1237,-406,490,803
2025-11-26T11:50:48.931834,223,68,227,447,113,39,27,36,2637,261,5945,-15036,-205,-1192,1283,-566,496,823
2025-11-26T11:50:48.953736,257,71,212,436,101,34,27,40,2740,372,6070,-14965,-224,-1209,1290,-688,504,830
2025-11-26T11:50:48.968696,269,111,222,464,103,36,27,42,2836,480,6222,-14881,-254,-1285,1274,-834,539,809
2025-11-26T11:50:48.991383,289,112,206,557,146,35,31,44,2931,580,6377,-14794,-347,-1355,1278,-862,483,775
2025-11-26T11:50:49.013538,260,112,214,501,172,30,29,40,3038,669,6508,-14711,-386,-1326,1299,-778,378,803
2025-11-26T11:50:49.028713,205,128,226,506,186,31,27,36,3142,743,6618,-14636,-510,-1259,1316,-715,254,705
2025-11-26T11:50:49.050669,220,149,215,503,195,35,30,37,3247,775,6710,-14570,-580,-1351,1347,-636,5,604
2025-11-26T11:50:49.074274,207,130,208,473,193,36,30,37,3347,768,6767,-14521,-589,-1507,1341,-414,-214,496
2025-11-26T11:50:49.088718,181,132,176,473,203,52,30,35,3426,763,6781,-14496,-635,-1460,1377,-168,-220,360
2025-11-26T11:50:49.111248,178,132,194,471,195,60,35,35,3491,787,6781,-14479,-637,-1322,1464,-129,-45,339
2025-11-26T11:50:49.133715,167,116,177,429,186,62,35,33,3559,801,6807,-14450,-667,-1317,1432,-287,-80,328
2025-11-26T11:50:49.148645,76,116,193,408,177,60,33,25,3634,808,6855,-14408,-694,-1444,1432,-399,-103,368
2025-11-26T11:50:49.170833,67,109,185,394,184,60,32,24,3714,831,6913,-14359,-749,-1510,1436,-429,-26,430
2025-11-26T11:50:49.193822,58,107,180,235,178,46,32,19,3786,883,6946,-14321,-698,-1533,1493,-261,130,484
2025-11-26T11:50:49.208524,56,104,151,241,170,38,29,19,3863,964,6961,-14287,-750,-1417,1489,-166,229,550
2025-11-26T11:50:49.232731,61,118,163,271,172,34,29,24,3957,1046,6966,-14253,-775,-1288,1433,-139,175,617
2025-11-26T11:50:49.253964,61,84,131,248,172,33,29,23,4068,1122,6999,-14200,-816,-1348,1293,-265,125,709
2025-11-26T11:50:49.268749,119,100,136,235,161,32,30,28,4180,1207,7038,-14141,-816,-1348,1161,-240,162,757
2025-11-26T11:50:49.291218,127,99,128,209,107,29,27,29,4299,1315,7057,-14087,-833,-1360,1137,-94,233,856
2025-11-26T11:50:49.313254,128,98,138,185,85,27,25,29,4424,1430,7071,-14029,-803,-1303,1074,-66,252,922
2025-11-26T11:50:49.328663,126,83,117,104,73,28,26,24,4555,1531,7093,-13965,-729,-1249,1080,-162,226,959
2025-11-26T11:50:49.351141,124,132,118,102,71,30,29,27,4701,1628,7139,-13882,-702,-1236,1020,-321,231,1055
2025-11-26T11:50:49.373699,77,120,135,102,67,31,30,47,4846,1709,7201,-13791,-675,-1247,963,-422,188,1048
2025-11-26T11:50:49.388713,138,136,141,115,63,31,32,50,4978,1771,7253,-13708,-581,-1307,987,-374,163,985
2025-11-26T11:50:49.410921,157,242,146,112,61,31,32,59,5102,1831,7278,-13641,-598,-1345,1062,-218,138,948
2025-11-26T11:50:49.437986,163,253,173,148,44,30,31,60,5217,1884,7288,-13585,-607,-1353,1053,-121,92,886
2025-11-26T11:50:49.448722,165,241,209,134,41,31,28,60,5322,1931,7290,-13536,-595,-1239,1070,-114,88,807
2025-11-26T11:50:49.471505,164,244,206,138,41,35,27,44,5424,1965,7305,-13483,-592,-1252,1186,-240,101,765
2025-11-26T11:50:49.493660,117,247,212,129,71,37,26,41,5528,1992,7323,-13427,-677,-1390,1248,-253,65,780
2025-11-26T11:50:49.508861,93,209,213,218,92,42,27,28,5624,2008,7333,-13379,-702,-1403,1207,-195,6,703
2025-11-26T11:50:49.531178,83,215,196,249,103,43,29,27,5711,2025,7329,-13342,-711,-1230,1201,-141,-7,614
2025-11-26T11:50:49.553692,79,225,210,260,108,41,30,26,5793,2053,7327,-13303,-832,-1290,1222,-116,36,594
2025-11-26T11:50:49.576168,157,233,209,261,108,37,31,27,5861,2083,7326,-13269,-914,-1320,1202,-76,46,513
2025-11-26T11:50:49.591112,194,237,251,260,93,38,31,32,5906,2113,7313,-13252,-943,-1272,1212,19,68,372
2025-11-26T11:50:49.613682,199,205,243,193,74,32,29,31,5942,2140,7308,-13234,-966,-1296,1163,11,77,319
2025-11-26T11:50:49.644357,206,191,268,127,68,36,30,31,5970,2162,7278,-13234,-1023,-1369,1586,47,112,253
2025-11-26T11:50:49.650992,209,230,278,162,80,45,30,33,6005,2213,7272,-13213,-1475,-1768,1168,208,38,363
2025-11-26T11:50:49.681652,200,231,275,165,88,45,30,35,6014,2245,7203,-13242,-1359,-1020,1176,370,-121,-44
2025-11-26T11:50:49.695823,161,242,246,178,86,45,32,31,6001,2199,7153,-13282,-624,-1030,1126,194,-177,-117
2025-11-26T11:50:49.710993,206,269,280,255,91,49,35,44,5996,2158,7154,-13290,-629,-1134,847,12,-132,-20
2025-11-26T11:50:49.733545,248,305,260,271,85,47,40,48,5972,2108,7141,-13316,-676,-1037,1039,21,-132,-203
2025-11-26T11:50:49.755774,284,311,219,326,165,38,44,49,5967,2099,7094,-13345,-1300,-1636,1267,372,-207,-37
2025-11-26T11:50:49.771053,275,330,229,357,242,44,42,78,5966,2055,7034,-13384,-1417,-1144,1017,319,-525,-299
2025-11-26T11:50:49.793476,281,353,219,372,264,41,44,81,5928,1945,7008,-13431,-879,-811,1084,-64,-489,-593
2025-11-26T11:50:49.815922,281,355,203,354,272,39,42,77,5912,1850,7061,-13424,-959,-1223,985,-378,-337,-314
2025-11-26T11:50:49.831272,323,356,243,397,273,41,57,89,5901,1764,7127,-13406,-1174,-1458,979,-374,-344,-281
2025-11-26T11:50:49.853659,297,367,243,459,242,41,56,93,5870,1677,7153,-13416,-1135,-1416,973,-131,-393,-414
2025-11-26T11:50:49.876269,291,352,247,501,204,48,58,73,5844,1595,7138,-13446,-1068,-1438,1054,91,-443,-378
2025-11-26T11:50:49.891123,332,403,281,516,194,50,57,84,5833,1533,7095,-13481,-1029,-1269,1110,196,-422,-292
2025-11-26T11:50:49.921128,323,425,280,512,184,55,61,100,5846,1467,7075,-13493,-1044,-1242,1103,9,-458,-175
2025-11-26T11:50:49.936147,252,445,267,516,188,53,41,89,5870,1393,7058,-13499,-1005,-1340,1124,-13,-495,-99
2025-11-26T11:50:49.951188,248,486,267,523,286,59,48,91,5888,1343,7012,-13520,-962,-1348,1181,186,-418,-70
2025-11-26T11:50:49.973663,237,495,260,494,282,49,47,118,5894,1309,6962,-13547,-888,-1257,1230,223,-292,-99
2025-11-26T11:50:49.996645,178,541,217,476,270,49,49,115,5894,1252,6920,-13574,-824,-1207,1234,123,-358,-175
2025-11-26T11:50:50.011210,145,523,238,519,282,45,44,104,5901,1177,6889,-13593,-797,-1293,1244,42,-426,-154
2025-11-26T11:50:50.033621,123,515,235,487,344,47,47,104,5900,1118,6836,-13625,-739,-1377,1312,227,-354,-138
2025-11-26T11:50:50.056095,187,568,274,434,299,50,41,111,5888,1085,6774,-13664,-713,-1221,1385,259,-209,-164
2025-11-26T11:50:50.071082,208,616,294,398,335,54,45,95,5870,1052,6747,-13688,-632,-1209,1436,52,-81,-155
2025-11-26T11:50:50.093588,230,579,332,394,356,54,43,93,5849,1032,6755,-13694,-592,-1248,1403,-108,65,-97
2025-11-26T11:50:50.120162,238,568,411,369,396,69,62,111,5826,1035,6767,-13698,-613,-1314,1394,-57,173,-42
2025-11-26T11:50:50.130594,441,580,437,483,458,86,64,115,5805,1063,6768,-13704,-695,-1272,1424,20,249,-11
2025-11-26T11:50:50.153506,443,569,494,524,448,89,71,115,5782,1110,6786,-13701,-704,-1232,1388,-42,364,22
2025-11-26T11:50:50.176121,521,553,497,542,414,94,76,107,5766,1185,6819,-13686,-749,-1265,1353,-69,502,140
2025-11-26T11:50:50.198657,525,544,495,559,402,94,79,125,5749,1300,6852,-13665,-889,-1213,1295,-3,642,188
2025-11-26T11:50:50.213616,545,658,526,530,358,83,136,148,5717,1417,6888,-13649,-935,-1132,1218,1,669,86
2025-11-26T11:50:50.236082,464,641,538,416,193,64,141,145,5662,1525,6915,-13647,-911,-1113,1232,57,677,-59
2025-11-26T11:50:50.251129,472,567,465,273,147,54,147,161,5583,1620,6950,-13651,-890,-1129,1180,41,683,-199
2025-11-26T11:50:50.274048,455,543,450,225,121,42,170,221,5481,1705,6983,-13665,-910,-1100,1148,65,678,-367
2025-11-26T11:50:50.300668,467,506,532,150,89,42,174,217,5361,1770,7016,-13687,-921,-1150,1082,89,603,-502
2025-11-26T11:50:50.310614,468,365,418,121,57,38,132,195,5233,1814,7052,-13712,-1021,-1229,1056,80,493,-614
2025-11-26T11:50:50.333177,433,399,368,96,41,35,131,197,5094,1816,7084,-13748,-1066,-1185,1062,35,289,-815
2025-11-26T11:50:50.356106,416,412,395,90,42,32,122,180,4956,1764,7120,-13787,-890,-1216,1068,-75,99,-895
2025-11-26T11:50:50.371119,352,443,431,101,204,34,87,102,4830,1697,7145,-13827,-814,-1358,1033,7,-17,-820
2025-11-26T11:50:50.393658,340,450,303,106,225,31,77,91,4702,1628,7135,-13884,-862,-1366,1104,181,-94,-867
2025-11-26T11:50:50.416025,317,461,353,139,229,33,76,89,4573,1522,7119,-13947,-860,-1281,1063,154,-301,-1009
2025-11-26T11:50:50.434978,307,442,355,143,232,35,86,115,4454,1389,7109,-14005,-756,-1363,1111,72,-413,-976
2025-11-26T11:50:50.461118,303,427,343,133,236,41,166,167,4339,1265,7094,-14060,-734,-1471,1096,145,-390,-921
2025-11-26T11:50:50.476903,290,428,315,126,127,38,178,174,4223,1165,7056,-14123,-760,-1461,1174,280,-321,-894
2025-11-26T11:50:50.491109,308,422,315,117,89,39,187,183,4112,1066,7017,-14183,-744,-1378,1219,227,-327,-885
2025-11-26T11:50:50.513938,294,469,303,79,84,40,195,187,4010,959,6996,-14230,-654,-1379,1292,74,-325,-829
2025-11-26T11:50:50.536765,291,444,307,71,76,42,206,207,3918,854,6990,-14265,-527,-1476,1305,-6,-282,-714
2025-11-26T11:50:50.558525,315,518,357,82,65,59,218,242,3840,763,6974,-14300,-441,-1513,1323,65,-239,-581
2025-11-26T11:50:50.573613,306,488,359,82,64,89,211,241,3785,700,6930,-14339,-415,-1524,1423,209,-178,-399
2025-11-26T11:50:50.595610,260,473,352,103,67,97,207,238,3765,670,6898,-14361,-421,-1635,1556,137,-69,-118
2025-11-26T11:50:50.618468,252,383,318,148,160,108,200,237,3769,697,6849,-14382,-383,-1408,1650,176,162,124
2025-11-26T11:50:50.633664,219,382,304,184,202,118,184,207,3820,736,6869,-14357,-269,-1269,1576,-291,244,456
2025-11-26T11:50:50.656169,141,224,204,184,279,117,95,109,3927,782,6917,-14302,-207,-1516,1534,-405,224,848
2025-11-26T11:50:50.678896,129,259,153,193,300,99,87,98,4069,860,6892,-14270,-216,-1695,1466,141,187,1124
2025-11-26T11:50:50.693538,137,261,145,187,303,96,77,82,4227,977,6785,-14268,-345,-1520,1323,671,153,1213
2025-11-26T11:50:50.716317,233,274,156,186,268,84,72,74,4374,1115,6659,-14273,-422,-1285,1162,812,212,1155
2025-11-26T11:50:50.738650,237,256,185,257,249,67,58,69,4508,1279,6562,-14263,-665,-1211,1118,684,327,1077
2025-11-26T11:50:50.753595,252,342,195,289,204,50,53,61,4629,1457,6517,-14227,-982,-1162,1046,419,404,954
2025-11-26T11:50:50.780369,260,329,224,346,172,44,46,58,4737,1610,6532,-14168,-1153,-998,1030,-8,362,772
2025-11-26T11:50:50.798762,276,334,242,455,202,32,38,54,4851,1694,6636,-14071,-1167,-1099,922,-576,169,684
2025-11-26T11:50:50.813640,245,364,231,483,202,30,35,63,4960,1725,6764,-13968,-1172,-1305,817,-692,-44,590
2025-11-26T11:50:50.835746,311,425,219,444,205,32,49,68,5057,1738,6815,-13907,-1195,-1410,882,-241,-244,483
2025-11-26T11:50:50.858632,302,385,243,425,212,41,54,71,5146,1748,6784,-13888,-1216,-1321,943,201,-397,397
2025-11-26T11:50:50.873644,297,368,227,387,230,45,52,70,5239,1758,6723,-13882,-1295,-1104,1049,264,-473,332
2025-11-26T11:50:50.895818,292,357,220,260,202,47,68,208,5310,1716,6661,-13890,-1144,-1028,1109,182,-612,121
2025-11-26T11:50:50.918044,268,344,215,212,203,49,80,206,5363,1625,6590,-13914,-930,-1162,1208,201,-748,1
2025-11-26T11:50:50.933609,192,347,256,226,199,51,84,215,5396,1520,6487,-13961,-815,-1226,1314,394,-780,-102
2025-11-26T11:50:50.956111,187,343,242,283,163,45,81,222,5414,1425,6370,-14019,-773,-1096,1441,430,-709,-185
2025-11-26T11:50:50.978615,176,330,246,282,153,46,82,223,5421,1321,6273,-14070,-584,-965,1484,255,-623,-224
2025-11-26T11:50:50.993568,127,334,236,275,164,50,73,119,5421,1210,6213,-14106,-461,-1119,1568,72,-512,-198
2025-11-26T11:50:51.016417,98,366,242,254,198,48,59,140,5415,1130,6167,-14135,-457,-1107,1570,42,-327,-162
2025-11-26T11:50:51.038270,66,310,260,282,382,54,39,125,5399,1087,6143,-14155,-525,-1068,1595,-27,-114,-161
2025-11-26T11:50:51.053613,107,323,329,246,394,53,41,114,5369,1071,6154,-14163,-542,-1110,1545,-140,96,-156
2025-11-26T11:50:51.076261,228,399,330,334,394,54,42,116,5338,1080,6192,-14158,-643,-1203,1458,-190,220,-118
2025-11-26T11:50:51.098755,240,441,332,347,389,52,39,105,5291,1122,6217,-14161,-694,-1190,1456,-50,366,-146
2025-11-26T11:50:51.113558,260,401,338,349,371,52,39,74,5239,1184,6239,-14165,-783,-1076,1398,-24,434,-183
2025-11-26T11:50:51.136078,263,403,305,309,171,42,41,68,5178,1240,6278,-14166,-843,-1104,1301,-81,416,-251
2025-11-26T11:50:51.158655,253,376,221,309,119,41,36,66,5105,1281,6320,-14170,-867,-1123,1275,-99,362,-352
2025-11-26T11:50:51.173565,154,287,230,213,122,34,34,56,5019,1301,6352,-14185,-866,-1151,1222,-37,258,-474
2025-11-26T11:50:51.196088,137,287,246,261,139,31,31,52,4926,1293,6376,-14207,-875,-1136,1244,-38,116,-585
2025-11-26T11:50:51.226514,94,292,248,349,182,34,30,41,4826,1248,6405,-14233,-837,-1151,1199,-109,-37,-705
2025-11-26T11:50:51.233265,91,289,264,428,207,38,29,39,4717,1180,6430,-14263,-746,-1203,1207,-96,-113,-768
2025-11-26T11:50:51.255621,76,295,263,427,209,38,31,33,4603,1096,6434,-14306,-711,-1285,1221,34,-211,-823
2025-11-26T11:50:51.278944,70,292,278,438,230,43,35,32,4490,995,6431,-14350,-673,-1308,1250,35,-301,-856
2025-11-26T11:50:51.293360,64,268,304,440,226,49,43,35,4381,879,6429,-14392,-558,-1314,1341,-29,-330,-838
2025-11-26T11:50:51.316155,75,310,367,475,203,53,45,36,4275,760,6425,-14433,-409,-1340,1350,-26,-311,-779
2025-11-26T11:50:51.338583,97,344,345,428,177,52,45,37,4188,640,6424,-14464,-368,-1353,1324,-58,-358,-673
2025-11-26T11:50:51.353318,124,342,346,425,178,54,46,39,4116,528,6411,-14495,-340,-1410,1432,-8,-347,-576
2025-11-26T11:50:51.376084,140,356,318,455,194,58,44,38,4059,439,6388,-14524,-331,-1418,1409,78,-294,-445
2025-11-26T11:50:51.398584,143,352,306,435,215,60,43,36,4020,387,6361,-14549,-310,-1408,1474,110,-144,-277
2025-11-26T11:50:51.413624,152,380,250,330,213,55,44,40,3994,359,6350,-14562,-399,-1304,1377,37,-83,-193
2025-11-26T11:50:51.436144,137,341,243,307,209,52,42,38,3980,325,6366,-14559,-426,-1362,1272,-84,-120,-129
2025-11-26T11:50:51.456431,119,341,250,324,206,51,42,37,3965,296,6368,-14563,-427,-1460,1328,18,-115,-131
2025-11-26T11:50:51.479795,107,363,250,286,155,44,40,36,3947,286,6332,-14584,-467,-1429,1324,271,-82,-139
2025-11-26T11:50:51.496137,125,375,228,262,120,38,36,33,3924,286,6274,-14615,-469,-1279,1360,348,-56,-174
2025-11-26T11:50:51.518403,108,306,231,265,152,37,36,30,3896,270,6237,-14639,-439,-1232,1394,182,-83,-221
2025-11-26T11:50:51.541194,187,296,250,266,151,39,37,37,3865,237,6232,-14649,-370,-1253,1414,-31,-88,-233
2025-11-26T11:50:51.556065,189,297,243,231,151,37,36,39,3831,193,6234,-14658,-295,-1331,1387,-43,-109,-240
2025-11-26T11:50:51.586840,203,267,245,250,151,64,41,41,3800,164,6221,-14672,-289,-1382,1421,74,-62,-195
2025-11-26T11:50:51.601339,214,206,252,394,158,74,46,40,3775,155,6196,-14689,-345,-1363,1494,129,2,-151
2025-11-26T11:50:51.616097,218,192,255,525,224,88,46,37,3751,136,6198,-14695,-324,-1380,1494,-38,-18,-144
2025-11-26T11:50:51.638617,153,194,249,570,333,106,56,34,3750,101,6239,-14678,-181,-1468,1461,-256,-44,22
2025-11-26T11:50:51.661093,151,187,246,646,376,110,57,34,3789,91,6265,-14657,-161,-1522,1347,-102,-19,293
2025-11-26T11:50:51.675534,148,307,262,639,389,101,56,36,3873,125,6247,-14642,-332,-1448,1303,176,-22,544
2025-11-26T11:50:51.698578,114,325,245,568,398,92,49,36,3982,181,6230,-14620,-547,-1376,1258,178,-48,648
2025-11-26T11:50:51.721424,104,333,189,442,350,80,46,51,4095,238,6208,-14597,-587,-1398,1313,197,-55,668
2025-11-26T11:50:51.736068,106,390,183,436,250,53,32,50,4213,302,6181,-14574,-600,-1364,1289,232,-46,707
2025-11-26T11:50:51.758489,111,497,188,321,180,44,33,53,4336,364,6142,-14553,-583,-1249,1354,230,-56,734
2025-11-26T11:50:51.781069,87,462,153,324,144,32,32,51,4470,415,6111,-14524,-579,-1190,1352,147,-116,776
2025-11-26T11:50:51.795608,136,663,253,382,115,37,34,53,4610,434,6105,-14482,-524,-1194,1322,-49,-223,780
2025-11-26T11:50:51.818297,151,715,265,411,104,36,36,47,4752,428,6101,-14438,-526,-1233,1357,-88,-340,752
2025-11-26T11:50:51.841087,204,816,276,457,110,36,38,49,4888,412,6069,-14407,-522,-1258,1381,64,-415,693
2025-11-26T11:50:51.864263,255,793,306,524,147,43,43,57,5017,399,6006,-14389,-549,-1203,1368,242,-454,633
2025-11-26T11:50:51.878895,278,833,335,536,188,50,47,63,5142,374,5922,-14380,-498,-1158,1490,295,-506,587
2025-11-26T11:50:51.901073,261,772,285,557,202,48,49,65,5255,340,5847,-14371,-470,-1040,1496,195,-501,504
2025-11-26T11:50:51.915786,257,734,309,555,204,48,55,116,5355,288,5783,-14361,-421,-983,1529,85,-518,413
2025-11-26T11:50:51.938638,244,669,349,497,312,64,58,127,5437,223,5719,-14357,-375,-1059,1528,108,-540,316
2025-11-26T11:50:51.961126,189,655,332,441,309,62,57,308,5504,173,5646,-14361,-403,-1089,1594,205,-464,244
2025-11-26T11:50:51.976161,154,603,312,409,314,61,98,595,5538,132,5563,-14381,-410,-1009,1585,274,-389,57
2025-11-26T11:50:51.998533,152,496,316,343,356,75,106,640,5556,77,5523,-14390,-428,-995,1589,17,-351,-42
2025-11-26T11:50:52.021440,157,496,300,319,377,76,103,652,5553,0,5526,-14390,-312,-1052,1561,-221,-304,-128
2025-11-26T11:50:52.036160,116,480,253,284,302,67,103,661,5540,-61,5534,-14392,-274,-1187,1561,-163,-187,-131
2025-11-26T11:50:52.058709,120,466,237,398,321,76,107,604,5532,-81,5535,-14394,-376,-1290,1552,1,-55,-51
2025-11-26T11:50:52.081440,130,542,279,413,306,86,79,345,5517,-78,5527,-14403,-351,-1249,1659,45,80,-50
2025-11-26T11:50:52.096520,194,542,253,415,254,78,68,264,5507,-75,5534,-14404,-237,-1200,1557,-28,136,23
2025-11-26T11:50:52.118170,211,570,269,411,224,81,79,303,5533,-52,5560,-14384,-283,-1272,1519,-84,175,271
2025-11-26T11:50:52.141124,210,507,246,413,209,79,82,291,5588,-3,5581,-14355,-362,-1367,1509,14,219,475
2025-11-26T11:50:52.156220,227,500,240,292,161,70,94,361,5668,68,5594,-14318,-392,-1301,1500,56,254,646
2025-11-26T11:50:52.178399,302,393,178,257,135,52,88,445,5782,168,5616,-14263,-487,-1262,1442,45,315,876
2025-11-26T11:50:52.201124,419,374,196,195,101,46,88,445,5921,284,5626,-14200,-573,-1236,1416,114,306,1026
2025-11-26T11:50:52.216105,421,329,142,183,88,40,83,403,6076,402,5627,-14131,-623,-1135,1410,116,249,1109
2025-11-26T11:50:52.238624,456,469,169,151,83,44,83,404,6248,513,5631,-14051,-695,-1032,1366,44,172,1169
2025-11-26T11:50:52.261279,463,477,194,96,59,41,62,335,6427,609,5635,-13964,-785,-986,1337,-11,56,1168
2025-11-26T11:50:52.275613,430,499,249,88,54,40,62,185,6599,676,5617,-13888,-800,-953,1309,57,-121,1061
2025-11-26T11:50:52.298658,290,564,263,137,175,51,63,206,6761,712,5566,-13829,-801,-956,1308,189,-322,931
2025-11-26T11:50:52.321325,278,576,293,153,201,56,63,180,6908,721,5487,-13787,-759,-845,1412,223,-457,772
2025-11-26T11:50:52.340465,270,461,287,155,202,54,71,236,7030,674,5406,-13760,-714,-739,1410,104,-666,509
2025-11-26T11:50:52.358600,269,479,284,159,208,55,71,240,7136,582,5324,-13741,-618,-819,1528,30,-803,374
2025-11-26T11:50:52.381110,248,543,265,157,222,55,67,243,7214,501,5242,-13736,-818,-875,1532,115,-797,174
2025-11-26T11:50:52.396143,237,464,252,128,182,47,64,214,7254,410,5150,-13752,-565,-800,1646,120,-687,-14
2025-11-26T11:50:52.418667,228,442,222,105,170,44,57,215,7258,298,5078,-13779,-401,-792,1697,-12,-607,-215
2025-11-26T11:50:52.441213,159,445,218,97,169,42,38,130,7225,190,5030,-13816,-316,-865,1788,-88,-429,-383
2025-11-26T11:50:52.464290,110,432,213,96,168,38,33,110,7162,85,5015,-13856,-282,-996,1846,-189,-269,-501
2025-11-26T11:50:52.479071,93,352,200,122,173,44,37,82,7085,47,5013,-13896,-161,-1025,1825,-72,146,-425
2025-11-26T11:50:52.501132,93,371,245,144,162,47,38,78,6991,65,5034,-13936,-253,-894,1815,-106,450,-454
2025-11-26T11:50:52.524408,95,362,334,147,159,49,38,56,6887,109,5110,-13960,-222,-932,1783,-318,737,-398
2025-11-26T11:50:52.538701,97,382,352,154,161,48,42,68,6783,190,5240,-13962,-370,-1055,1672,-452,976,-308
2025-11-26T11:50:52.569262,93,390,351,151,160,52,72,74,6672,303,5382,-13959,-451,-1124,1547,-390,1128,-280
2025-11-26T11:50:52.584269,160,364,353,146,135,53,70,71,6560,449,5504,-13961,-546,-1094,1451,-211,1197,-261
2025-11-26T11:50:52.598538,163,348,318,268,129,48,74,77,6449,608,5610,-13965,-668,-1033,1371,-111,1174,-273
2025-11-26T11:50:52.621038,213,355,224,303,120,43,86,84,6337,757,5708,-13969,-799,-1024,1284,-82,1059,-324
2025-11-26T11:50:52.643558,222,368,199,314,115,42,87,68,6220,879,5788,-13981,-878,-1016,1255,-36,868,-438
2025-11-26T11:50:52.658502,270,346,289,382,111,41,64,61,6101,963,5855,-14000,-958,-1045,1241,-35,635,-552
2025-11-26T11:50:52.681792,246,376,272,397,128,40,65,61,5982,999,5925,-14020,-979,-1072,1251,-145,409,-655
2025-11-26T11:50:52.703579,245,446,279,333,139,44,61,52,5861,993,5986,-14045,-823,-1172,1245,-146,254,-692
2025-11-26T11:50:52.718262,215,468,298,325,142,44,48,96,5752,981,6013,-14079,-799,-1154,1276,-4,144,-653
2025-11-26T11:50:52.740814,215,467,317,333,162,52,76,106,5668,944,6025,-14111,-808,-1126,1260,-2,-70,-591
2025-11-26T11:50:52.763589,194,534,257,292,164,56,80,127,5601,874,6039,-14136,-760,-1160,1280,-94,-243,-552
2025-11-26T11:50:52.778724,191,510,294,325,153,54,79,129,5541,788,6040,-14164,-710,-1285,1306,-16,-339,-521
2025-11-26T11:50:52.801333,196,472,282,315,155,54,80,131,5491,710,6010,-14201,-655,-1312,1339,164,-370,-455
2025-11-26T11:50:52.823650,185,531,287,326,177,59,78,98,5456,640,5959,-14239,-625,-1241,1398,237,-383,-368
2025-11-26T11:50:52.836330,172,506,314,314,166,52,46,90,5427,562,5921,-14269,-601,-1130,1419,92,-412,-363
2025-11-26T11:50:52.858814,131,418,309,278,163,45,43,97,5409,462,5913,-14283,-500,-1242,1423,-91,-444,-285
2025-11-26T11:50:52.881794,117,437,278,227,169,43,45,114,5399,389,5895,-14296,-502,-1336,1471,26,-351,-182
2025-11-26T11:50:52.898578,100,410,282,378,319,42,44,114,5389,350,5855,-14318,-499,-1251,1500,176,-226,-144
2025-11-26T11:50:52.921215,91,294,280,382,395,64,46,113,5373,328,5824,-14337,-419,-1167,1535,115,-77,-121
2025-11-26T11:50:52.943561,86,276,214,385,432,70,45,113,5354,301,5814,-14349,-401,-1125,1549,-29,-59,-137
2025-11-26T11:50:52.958451,62,259,190,390,435,73,40,81,5334,266,5827,-14351,-364,-1195,1541,-153,-33,-126
2025-11-26T11:50:52.980991,57,206,271,413,447,75,34,49,5318,253,5844,-14351,-411,-1253,1512,-104,42,-65
2025-11-26T11:50:53.004259,52,203,285,401,354,78,33,47,5300,272,5844,-14357,-457,-1198,1519,25,161,-46
2025-11-26T11:50:53.019174,39,198,258,391,269,58,28,41,5282,293,5853,-14360,-472,-1155,1500,-32,177,-49
2025-11-26T11:50:53.041392,52,222,257,452,208,51,28,31,5264,319,5892,-14350,-540,-1215,1398,-145,216,-29
2025-11-26T11:50:53.064277,57,240,256,487,209,52,30,33,5243,335,5940,-14337,-596,-1234,1335,-187,166,-71
2025-11-26T11:50:53.078380,119,269,160,465,189,53,40,37,5223,355,5958,-14336,-564,-1227,1376,-29,149,-70
2025-11-26T11:50:53.101060,122,307,162,371,172,49,39,39,5212,370,5970,-14335,-622,-1197,1326,-5,63,-61
2025-11-26T11:50:53.124457,134,327,218,371,176,48,41,44,5204,367,5983,-14333,-638,-1228,1338,-40,-29,-77
2025-11-26T11:50:53.138545,132,318,256,293,180,48,41,43,5207,348,5988,-14330,-598,-1220,1320,-25,-139,-42
2025-11-26T11:50:53.161044,134,383,292,318,181,43,41,40,5215,313,5966,-14337,-570,-1231,1338,92,-261,-59
2025-11-26T11:50:53.183587,85,359,324,336,175,50,31,37,5232,261,5930,-14347,-570,-1242,1363,136,-391,-56
2025-11-26T11:50:53.198921,88,333,378,371,204,48,30,34,5252,202,5879,-14361,-523,-1212,1402,189,-446,-56
2025-11-26T11:50:53.218610,85,365,366,384,173,49,30,45,5271,132,5822,-14378,-469,-1161,1441,172,-485,-78
2025-11-26T11:50:53.249394,89,386,363,436,181,59,33,58,5291,60,5767,-14394,-427,-1220,1481,174,-477,-61
2025-11-26T11:50:53.256240,83,316,378,389,232,64,34,59,5306,5,5705,-14413,-423,-1233,1552,232,-396,-53
2025-11-26T11:50:53.279537,81,308,354,496,250,69,34,58,5316,-36,5651,-14431,-379,-1121,1548,176,-294,-56
2025-11-26T11:50:53.303160,85,323,282,477,229,70,34,57,5325,-89,5620,-14439,-313,-1058,1513,8,-286,-59
2025-11-26T11:50:53.318417,75,264,260,453,240,73,35,47,5326,-155,5592,-14449,-270,-1117,1511,7,-321,-102
2025-11-26T11:50:53.341048,86,367,300,395,255,70,35,32,5327,-207,5562,-14460,-391,-1210,1517,73,-313,-115
2025-11-26T11:50:53.363536,87,363,247,387,215,67,32,28,5318,-250,5531,-14474,-407,-1160,1491,99,-264,-168
2025-11-26T11:50:53.386715,86,367,248,260,215,53,31,27,5297,-301,5501,-14492,-324,-1111,1504,56,-251,-230
2025-11-26T11:50:53.401028,74,348,244,339,275,59,34,29,5284,-351,5495,-14498,-331,-1186,1505,-49,-226,-165
2025-11-26T11:50:53.423574,69,344,252,350,297,72,34,28,5268,-400,5496,-14502,-330,-1170,1511,-97,-210,-178
2025-11-26T11:50:53.447200,106,199,172,358,273,69,30,25,5251,-463,5493,-14508,-271,-1167,1486,-91,-265,-195
2025-11-26T11:50:53.461021,108,212,170,351,265,66,30,25,5233,-521,5484,-14516,-284,-1203,1516,-49,-259,-210
2025-11-26T11:50:53.483338,166,213,153,333,247,68,35,32,5219,-565,5477,-14522,-272,-1270,1562,-20,-190,-151
2025-11-26T11:50:53.506898,176,230,146,244,208,62,31,30,5207,-583,5461,-14532,-240,-1276,1563,76,-67,-90
2025-11-26T11:50:53.521050,181,222,178,254,166,49,29,31,5204,-579,5442,-14540,-234,-1191,1558,98,20,-6
2025-11-26T11:50:53.543989,156,273,200,267,179,51,28,33,5208,-570,5441,-14539,-225,-1183,1580,-4,69,59
2025-11-26T11:50:53.566763,159,275,233,329,323,60,31,37,5213,-539,5463,-14530,-201,-1217,1576,-83,229,138
2025-11-26T11:50:53.580771,96,271,314,330,340,67,33,32,5215,-491,5487,-14522,-206,-1229,1626,-77,332,156
2025-11-26T11:50:53.603477,77,256,333,364,351,69,37,32,5208,-445,5518,-14514,-200,-1077,1556,-155,352,100
2025-11-26T11:50:53.627070,84,407,356,423,393,70,40,33,5206,-400,5562,-14499,-227,-1173,1557,-201,357,145
2025-11-26T11:50:53.641051,81,379,355,510,447,88,50,39,5210,-341,5625,-14475,-353,-1313,1508,-214,395,192
2025-11-26T11:50:53.663533,72,371,337,530,361,86,50,39,5200,-281,5684,-14457,-361,-1247,1458,-201,422,112
2025-11-26T11:50:53.686889,73,375,279,607,351,83,48,40,5193,-217,5747,-14436,-415,-1170,1396,-236,421,115
2025-11-26T11:50:53.701129,73,373,271,657,325,82,48,40,5189,-166,5823,-14408,-489,-1190,1335,-315,343,105
2025-11-26T11:50:53.723620,59,215,232,650,271,76,44,40,5195,-126,5890,-14379,-528,-1272,1314,-259,241,130
2025-11-26T11:50:53.746709,59,201,209,610,186,54,34,31,5216,-92,5958,-14343,-594,-1315,1286,-263,161,188
2025-11-26T11:50:53.760500,58,182,229,598,191,55,32,29,5247,-71,6013,-14309,-593,-1297,1293,-240,57,211
2025-11-26T11:50:53.783550,67,218,259,572,226,68,30,25,5286,-64,6039,-14283,-531,-1327,1315,-104,-47,231
2025-11-26T11:50:53.806609,78,320,249,542,244,73,29,26,5336,-58,6049,-14261,-534,-1273,1335,-48,-96,273
2025-11-26T11:50:53.821019,71,304,253,513,257,74,31,25,5385,-81,6045,-14244,-520,-1238,1346,-39,-254,193
2025-11-26T11:50:53.843491,69,302,260,506,251,87,32,28,5432,-128,6010,-14241,-437,-1218,1387,78,-391,137
2025-11-26T11:50:53.866541,74,351,351,519,240,86,34,30,5473,-185,5954,-14248,-457,-1225,1388,191,-478,56
2025-11-26T11:50:53.883668,68,358,341,480,218,82,37,32,5502,-233,5880,-14267,-406,-1267,1440,321,-428,13
2025-11-26T11:50:53.903457,68,300,352,452,196,83,37,33,5525,-266,5791,-14293,-381,-1178,1524,386,-349,-8
2025-11-26T11:50:53.927491,81,425,386,436,173,86,39,34,5546,-301,5722,-14313,-367,-1084,1469,261,-331,-12
2025-11-26T11:50:53.940958,86,443,391,412,162,71,36,32,5562,-358,5700,-14314,-362,-1094,1529,-68,-335,-43
2025-11-26T11:50:53.963553,83,414,298,385,194,71,36,29,5567,-421,5701,-14310,-301,-1222,1451,-122,-291,-69
2025-11-26T11:50:53.986297,80,389,306,450,247,71,35,28,5561,-472,5684,-14317,-270,-1273,1508,5,-229,-104
2025-11-26T11:50:54.000951,79,452,312,420,244,66,35,26,5553,-501,5651,-14333,-260,-1142,1501,102,-145,-107
2025-11-26T11:50:54.023478,122,337,250,422,241,60,33,27,5536,-529,5600,-14358,-277,-1102,1549,175,-166,-185
2025-11-26T11:50:54.046677,121,323,241,421,257,65,33,26,5515,-571,5570,-14376,-237,-1238,1565,83,-172,-190
2025-11-26T11:50:54.060991,126,331,242,495,262,78,33,29,5490,-590,5556,-14390,-263,-1256,1566,55,-39,-162
2025-11-26T11:50:54.084092,128,328,228,453,200,77,35,29,5469,-604,5557,-14398,-281,-1083,1485,-74,-13,-144
2025-11-26T11:50:54.106958,192,311,232,454,200,79,38,40,5455,-645,5569,-14396,-259,-1093,1446,-180,-136,-139
2025-11-26T11:50:54.121058,193,317,226,514,202,81,37,41,5446,-694,5596,-14387,-306,-1370,1448,-168,-186,-101
2025-11-26T11:50:54.143491,198,349,223,528,206,84,38,42,5434,-718,5593,-14392,-299,-1450,1495,65,-101,-102
2025-11-26T11:50:54.166265,202,336,297,433,178,72,36,45,5424,-704,5558,-14409,-273,-1267,1477,252,32,-52
2025-11-26T11:50:54.180994,202,333,276,451,168,65,31,43,5426,-690,5528,-14421,-298,-1071,1483,145,11,-5
2025-11-26T11:50:54.203465,141,231,248,457,172,64,25,34,5433,-711,5536,-14414,-289,-1198,1465,-87,-108,2
2025-11-26T11:50:54.226208,98,255,250,395,181,64,25,32,5437,-730,5530,-14414,-268,-1282,1515,13,-106,-3
2025-11-26T11:50:54.240593,81,237,328,414,173,60,27,32,5439,-736,5494,-14427,-273,-1201,1467,201,-94,-33
2025-11-26T11:50:54.263474,71,327,259,411,165,63,31,29,5439,-737,5462,-14439,-271,-1198,1519,171,-61,-31
2025-11-26T11:50:54.286685,260,339,296,406,168,76,36,48,5441,-735,5439,-14447,-260,-1198,1567,115,-20,-3
2025-11-26T11:50:54.309371,279,365,310,429,187,80,41,53,5447,-730,5417,-14453,-240,-1221,1586,117,-7,38
2025-11-26T11:50:54.323420,294,346,347,524,197,80,44,53,5457,-713,5408,-14454,-260,-1067,1519,25,58,69
2025-11-26T11:50:54.346677,315,310,288,674,208,80,49,58,5465,-724,5420,-14445,-199,-1140,1539,-128,-15,63
2025-11-26T11:50:54.369187,365,250,316,672,212,74,47,74,5463,-716,5422,-14446,-147,-1313,1620,20,113,59
2025-11-26T11:50:54.383446,277,235,288,655,206,66,45,66,5467,-668,5384,-14461,-158,-1297,1629,319,225,121
2025-11-26T11:50:54.408162,268,191,290,638,186,60,43,66,5464,-575,5361,-14475,-206,-1164,1656,264,479,158
2025-11-26T11:50:54.429678,253,186,281,644,173,60,45,66,5462,-473,5405,-14463,-265,-899,1559,-178,618,202
2025-11-26T11:50:54.443449,239,259,321,450,136,55,38,64,5446,-398,5506,-14433,-271,-1107,1538,-460,622,154
2025-11-26T11:50:54.466745,215,224,303,451,119,56,37,50,5420,-305,5594,-14411,-282,-1290,1522,-279,709,141
2025-11-26T11:50:54.489100,215,278,303,432,109,46,35,47,5373,-171,5639,-14413,-355,-1201,1532,16,858,38
2025-11-26T11:50:54.503545,213,283,318,416,100,41,33,42,5306,-19,5677,-14424,-386,-1073,1519,43,971,-49
2025-11-26T11:50:54.526733,214,292,293,252,77,34,24,41,5231,133,5754,-14420,-421,-1041,1479,-177,1056,-74
2025-11-26T11:50:54.556697,211,336,231,234,52,35,22,39,5145,286,5872,-14401,-467,-1107,1450,-386,1148,-96
2025-11-26T11:50:54.563386,145,364,267,211,57,34,24,31,5047,443,6011,-14375,-498,-1097,1398,-489,1228,-142
2025-11-26T11:50:54.586479,122,332,283,148,75,34,24,32,4937,591,6141,-14353,-570,-1116,1339,-443,1166,-242
2025-11-26T11:50:54.609299,140,399,258,142,74,35,25,42,4817,727,6264,-14334,-628,-1180,1248,-376,1093,-318
2025-11-26T11:50:54.623446,151,422,249,247,79,36,40,54,4682,838,6354,-14333,-763,-1217,1176,-185,893,-513
2025-11-26T11:50:54.646693,173,359,250,254,245,50,51,57,4529,917,6394,-14360,-831,-1318,1202,100,667,-702
2025-11-26T11:50:54.669179,191,356,196,288,256,52,75,63,4374,967,6408,-14398,-825,-1280,1252,169,494,-793
2025-11-26T11:50:54.683756,256,352,155,302,257,55,90,116,4208,976,6432,-14436,-801,-1093,1161,19,324,-967
2025-11-26T11:50:54.706417,248,293,160,334,260,55,94,135,4043,920,6485,-14464,-619,-1328,1118,-141,104,-1012
2025-11-26T11:50:54.728753,264,285,168,323,267,59,93,132,3895,868,6508,-14497,-594,-1621,1174,100,51,-864
2025-11-26T11:50:54.743385,245,326,174,364,161,48,88,134,3772,835,6484,-14542,-704,-1450,1176,313,-22,-786
2025-11-26T11:50:54.766735,241,295,205,384,164,48,70,132,3670,782,6483,-14571,-664,-1362,1238,77,-115,-711
2025-11-26T11:50:54.789906,264,299,231,432,160,44,52,95,3603,720,6515,-14577,-536,-1403,1246,-149,-149,-496
2025-11-26T11:50:54.803380,301,312,220,425,164,44,47,85,3570,652,6557,-14569,-480,-1507,1220,-214,-228,-294
2025-11-26T11:50:54.826385,284,282,223,380,191,38,40,84,3558,593,6582,-14564,-503,-1599,1260,-97,-256,-173
2025-11-26T11:50:54.849197,287,234,221,369,182,40,41,80,3552,556,6568,-14573,-525,-1567,1306,126,-216,-124
2025-11-26T11:50:54.863342,284,233,273,325,166,36,40,78,3546,542,6513,-14600,-433,-1382,1350,324,-119,-73
2025-11-26T11:50:54.887435,275,242,266,242,163,38,45,94,3552,521,6466,-14620,-416,-1280,1334,229,-172,-29
2025-11-26T11:50:54.909086,229,197,272,227,169,42,41,78,3576,490,6450,-14622,-436,-1316,1337,32,-228,47
2025-11-26T11:50:54.923463,225,207,279,232,191,49,45,96,3592,461,6443,-14622,-460,-1414,1322,30,-202,18
2025-11-26T11:50:54.946682,218,179,315,173,231,58,45,95,3603,445,6419,-14631,-435,-1393,1352,133,-133,14
2025-11-26T11:50:54.969137,209,177,266,163,244,60,45,96,3609,439,6396,-14640,-421,-1270,1337,109,-70,7
2025-11-26T11:50:54.983298,93,161,251,153,243,59,38,76,3610,413,6395,-14641,-426,-1257,1338,-50,-137,-65
2025-11-26T11:50:55.006556,77,203,244,128,234,56,38,69,3606,371,6403,-14639,-400,-1349,1327,-86,-188,-104
2025-11-26T11:50:55.029157,57,184,248,123,228,59,36,38,3594,332,6395,-14646,-394,-1413,1371,25,-178,-141
2025-11-26T11:50:55.043046,54,196,225,240,184,52,34,37,3579,305,6378,-14658,-350,-1377,1413,72,-99,-129
2025-11-26T11:50:55.066668,64,193,244,258,195,49,33,33,3566,279,6386,-14658,-381,-1310,1361,-86,-91,-120
2025-11-26T11:50:55.089662,63,192,263,435,248,53,35,31,3556,250,6394,-14658,-344,-1358,1394,-89,-90,-99
2025-11-26T11:50:55.103058,58,146,276,495,271,64,44,37,3547,238,6407,-14654,-389,-1426,1380,-66,-24,-63
2025-11-26T11:50:55.126477,81,242,332,540,256,59,42,36,3538,236,6404,-14658,-364,-1390,1394,18,12,-43
2025-11-26T11:50:55.149618,82,276,342,535,258,58,42,34,3535,244,6412,-14655,-389,-1344,1377,-51,62,-1
2025-11-26T11:50:55.163158,72,276,325,627,244,66,44,38,3536,247,6437,-14644,-394,-1356,1338,-140,37,21
2025-11-26T11:50:55.186664,70,274,311,615,300,70,49,45,3539,247,6456,-14635,-363,-1395,1362,-109,25,38
2025-11-26T11:50:55.209126,86,327,347,575,320,65,40,41,3550,261,6468,-14626,-419,-1390,1351,-61,50,85
2025-11-26T11:50:55.223337,67,269,279,532,312,67,40,38,3562,287,6491,-14613,-454,-1344,1353,-128,113,105
2025-11-26T11:50:55.246633,66,227,263,538,337,65,38,39,3574,306,6537,-14589,-463,-1358,1330,-263,101,104
2025-11-26T11:50:55.269181,65,226,263,452,345,59,37,36,3592,321,6593,-14559,-435,-1452,1302,-299,101,155
2025-11-26T11:50:55.291520,61,222,340,347,275,52,27,25,3618,345,6635,-14533,-443,-1454,1263,-198,100,208
2025-11-26T11:50:55.305961,40,133,291,372,244,47,26,24,3652,367,6668,-14509,-456,-1427,1240,-154,58,241
2025-11-26T11:50:55.329120,36,119,308,442,268,41,28,26,3693,380,6689,-14488,-465,-1424,1257,-116,-14,249
2025-11-26T11:50:55.351752,34,123,285,418,243,39,28,23,3736,385,6700,-14472,-476,-1434,1269,-62,-69,236
2025-11-26T11:50:55.365940,34,117,292,416,240,42,26,22,3783,391,6707,-14457,-480,-1419,1267,-47,-83,256
2025-11-26T11:50:55.389623,37,115,214,486,262,46,31,25,3837,390,6725,-14434,-499,-1423,1285,-132,-117,278
2025-11-26T11:50:55.411777,30,96,220,584,258,45,31,22,3893,386,6748,-14408,-454,-1436,1275,-168,-117,305
2025-11-26T11:50:55.425943,41,107,230,622,229,52,38,27,3955,383,6762,-14385,-463,-1352,1286,-154,-131,328
2025-11-26T11:50:55.449133,42,92,242,660,225,53,38,29,4029,364,6788,-14353,-480,-1412,1269,-226,-230,358
2025-11-26T11:50:55.471656,48,106,223,713,216,63,42,33,4110,340,6820,-14315,-486,-1488,1263,-249,-260,398
2025-11-26T11:50:55.486301,46,108,211,672,187,67,41,33,4196,330,6841,-14280,-520,-1500,1272,-178,-227,443
2025-11-26T11:50:55.509334,48,110,203,636,177,68,42,34,4294,325,6860,-14242,-548,-1407,1260,-196,-244,498
2025-11-26T11:50:55.531525,60,190,167,602,184,62,37,35,4403,313,6888,-14195,-523,-1405,1245,-268,-275,562
2025-11-26T11:50:55.545674,61,213,198,594,215,62,36,34,4514,307,6919,-14145,-532,-1458,1239,-263,-246,599
2025-11-26T11:50:55.569141,60,207,201,527,236,59,33,32,4631,309,6942,-14096,-547,-1484,1254,-209,-229,647
2025-11-26T11:50:55.591729,62,205,250,588,239,51,30,31,4749,311,6941,-14057,-547,-1383,1209,-87,-276,634
2025-11-26T11:50:55.605931,62,231,277,533,248,51,31,31,4871,298,6927,-14023,-566,-1412,1207,-23,-380,608
2025-11-26T11:50:55.629141,49,221,307,580,240,52,28,26,4994,287,6905,-13991,-579,-1451,1232,26,-388,620
2025-11-26T11:50:55.649319,57,291,286,552,221,56,30,26,5104,281,6863,-13972,-567,-1403,1231,162,-367,557
2025-11-26T11:50:55.662948,57,303,318,571,196,49,27,25,5205,277,6804,-13964,-535,-1326,1281,231,-343,497
2025-11-26T11:50:55.686946,65,332,303,533,170,47,30,28,5300,259,6750,-13954,-541,-1282,1291,165,-390,433
2025-11-26T11:50:55.712004,65,330,286,559,149,46,26,28,5389,232,6699,-13945,-527,-1300,1299,149,-407,396
2025-11-26T11:50:55.725917,60,303,287,531,171,51,28,28,5466,214,6634,-13947,-507,-1408,1325,297,-358,362
2025-11-26T11:50:55.749193,65,291,332,568,252,51,28,28,5528,227,6552,-13961,-467,-1338,1374,434,-186,348
2025-11-26T11:50:55.771796,64,303,327,539,264,52,30,28,5582,256,6484,-13971,-562,-1097,1372,312,-100,284
2025-11-26T11:50:55.785904,61,285,304,520,268,54,27,24,5630,233,6454,-13965,-568,-1057,1329,-4,-274,154
2025-11-26T11:50:55.809086,61,281,352,486,278,57,28,24,5662,180,6443,-13958,-534,-1324,1334,-50,-334,67
2025-11-26T11:50:55.831580,64,297,340,422,263,56,29,26,5680,147,6409,-13967,-555,-1403,1364,157,-260,17
2025-11-26T11:50:55.845789,66,328,310,407,161,59,37,31,5687,141,6349,-13992,-538,-1182,1395,280,-150,-34
2025-11-26T11:50:55.869230,67,313,289,437,133,65,40,34,5691,123,6320,-14003,-536,-1151,1398,68,-142,-58
2025-11-26T11:50:55.892066,62,347,307,402,121,67,40,35,5694,87,6326,-14000,-527,-1276,1400,-120,-157,-50
2025-11-26T11:50:55.905838,62,363,238,510,113,64,42,35,5693,53,6325,-14001,-512,-1271,1373,-65,-154,-76
2025-11-26T11:50:55.929154,62,365,251,539,128,66,42,35,5694,29,6309,-14007,-498,-1309,1385,45,-134,-42
2025-11-26T11:50:55.951864,66,331,241,506,125,59,36,32,5694,25,6290,-14016,-493,-1251,1414,76,-41,-20
2025-11-26T11:50:55.965366,67,330,231,468,124,49,31,29,5693,7,6285,-14019,-562,-1225,1327,-5,-115,-74
2025-11-26T11:50:55.989213,70,316,201,498,139,43,34,26,5692,-26,6268,-14027,-465,-1319,1384,44,-169,-63
2025-11-26T11:50:56.011631,71,295,207,490,143,47,38,28,5687,-38,6230,-14046,-473,-1320,1390,216,-105,-72
2025-11-26T11:50:56.026452,81,277,300,459,167,37,38,27,5679,-51,6202,-14061,-459,-1308,1360,168,-90,-73
2025-11-26T11:50:56.049134,76,220,296,440,173,37,36,25,5673,-63,6161,-14082,-441,-1207,1412,185,-102,-86
2025-11-26T11:50:56.071620,101,229,300,455,175,41,40,26,5678,-91,6134,-14091,-492,-1212,1393,82,-198,-62
2025-11-26T11:50:56.085933,165,193,306,493,168,76,44,36,5680,-113,6108,-14102,-436,-1361,1473,117,-135,-31
2025-11-26T11:50:56.109198,171,186,326,443,161,78,42,37,5675,-113,6089,-14112,-455,-1302,1432,122,-17,-29
2025-11-26T11:50:56.132026,176,235,203,455,130,78,40,37,5671,-109,6084,-14116,-462,-1114,1382,-9,22,-33
2025-11-26T11:50:56.145956,175,257,225,542,155,83,42,37,5667,-125,6099,-14111,-472,-1207,1390,-127,-43,-45
2025-11-26T11:50:56.169171,213,257,231,547,157,83,40,41,5660,-147,6109,-14109,-459,-1398,1421,-47,-63,-53
2025-11-26T11:50:56.191599,187,258,249,576,178,71,48,40,5651,-143,6090,-14120,-452,-1316,1426,135,14,-45
2025-11-26T11:50:56.221262,186,267,214,537,197,103,56,41,5644,-137,6072,-14131,-440,-1220,1410,110,19,-38
2025-11-26T11:50:56.228447,190,231,213,518,194,110,62,42,5641,-135,6065,-14136,-394,-1202,1509,-9,47,0
2025-11-26T11:50:56.251701,198,282,187,436,172,108,61,41,5637,-151,6092,-14126,-488,-1124,1370,-225,-31,-60
2025-11-26T11:50:56.273978,145,287,214,585,192,115,64,42,5627,-178,6122,-14116,-411,-1357,1434,-197,-30,-53
2025-11-26T11:50:56.289486,119,314,198,511,174,106,55,34,5616,-175,6135,-14115,-452,-1436,1386,15,69,-20
2025-11-26T11:50:56.311646,232,301,214,599,174,73,45,47,5610,-148,6112,-14128,-455,-1254,1408,180,101,6
2025-11-26T11:50:56.334153,225,287,213,586,175,63,40,55,5615,-122,6099,-14132,-481,-1196,1347,117,79,56
2025-11-26T11:50:56.348792,225,200,209,600,189,72,48,244,5621,-107,6083,-14136,-470,-1246,1440,101,37,54
2025-11-26T11:50:56.371648,230,196,211,455,186,63,47,326,5634,-102,6070,-14136,-441,-1296,1402,89,-17,87
2025-11-26T11:50:56.394153,231,129,204,624,217,77,56,336,5633,-81,6033,-14153,-362,-1254,1516,222,92,47
2025-11-26T11:50:56.408766,142,144,251,612,224,75,60,342,5624,-47,6049,-14150,-461,-1186,1367,-23,219,34
2025-11-26T11:50:56.431664,161,160,268,627,228,75,59,345,5624,-30,6072,-14140,-482,-1274,1394,-83,126,59
2025-11-26T11:50:56.454186,225,166,273,615,222,67,56,257,5629,-7,6074,-14137,-481,-1352,1406,74,106,96
2025-11-26T11:50:56.469034,221,145,260,635,239,62,54,142,5639,37,6049,-14144,-492,-1261,1423,222,150,133
2025-11-26T11:50:56.499115,227,146,291,483,224,68,49,119,5638,86,6049,-14144,-516,-1184,1411,75,236,93
2025-11-26T11:50:56.514095,238,179,360,381,194,70,46,99,5632,122,6106,-14121,-546,-1130,1430,-303,292,64
2025-11-26T11:50:56.528409,224,192,354,400,188,69,46,110,5618,138,6188,-14091,-557,-1192,1371,-447,251,-1
2025-11-26T11:50:56.551637,178,219,368,523,187,81,49,99,5604,154,6256,-14067,-574,-1321,1338,-309,216,6
2025-11-26T11:50:56.581341,190,218,370,541,146,87,48,97,5590,162,6310,-14048,-548,-1407,1297,-206,161,4
2025-11-26T11:50:56.587962,220,231,365,563,134,82,48,97,5571,181,6303,-14058,-461,-1262,1399,75,158,-45
2025-11-26T11:50:56.611657,235,214,358,695,141,94,60,100,5548,201,6304,-14067,-486,-1278,1425,38,181,-58
2025-11-26T11:50:56.634133,251,208,405,714,150,99,63,70,5511,213,6332,-14068,-337,-1428,1396,-61,274,-57
2025-11-26T11:50:56.656672,241,273,391,699,162,94,66,64,5454,229,6315,-14098,-57,-1325,1595,122,387,-110
2025-11-26T11:50:56.671229,245,349,396,693,159,91,65,77,5402,265,6238,-14152,94,-1327,1785,439,450,-25
2025-11-26T11:50:56.694507,237,527,387,665,144,81,63,87,5367,319,6085,-14230,111,-1233,1915,831,383,46
2025-11-26T11:50:56.716641,217,580,327,531,133,64,52,95,5324,344,5917,-14317,107,-1199,1951,874,223,-84
2025-11-26T11:50:56.731482,244,588,272,469,112,55,48,109,5269,360,5694,-14426,87,-1331,1979,1246,93,-182
2025-11-26T11:50:56.753725,245,622,271,339,67,44,38,117,5211,431,5436,-14545,-94,-1249,1881,1623,37,-291
2025-11-26T11:50:56.768040,266,631,283,325,60,33,38,109,5127,490,5170,-14669,-286,-1085,1691,1661,-16,-478
2025-11-26T11:50:56.791551,274,544,288,374,62,29,34,101,5009,518,4993,-14770,-365,-1108,1432,1212,48,-645
2025-11-26T11:50:56.814155,262,564,257,362,94,37,31,85,4884,545,4892,-14845,-622,-1117,1307,834,54,-726
2025-11-26T11:50:56.828411,245,596,265,455,127,38,32,79,4771,570,4806,-14908,-805,-1009,1234,711,-43,-721
2025-11-26T11:50:56.859232,316,527,316,509,146,42,38,70,4648,578,4763,-14960,-991,-791,1081,393,-154,-868
2025-11-26T11:50:56.874256,305,510,336,494,152,50,94,105,4498,532,4768,-15006,-935,-829,1000,96,-295,-1078
2025-11-26T11:50:56.888183,287,507,387,552,304,68,97,105,4339,458,4768,-15056,-814,-1019,1099,139,-379,-1131
2025-11-26T11:50:56.911790,290,448,393,650,413,85,99,106,4186,399,4788,-15094,-906,-1183,1076,123,-329,-1075
2025-11-26T11:50:56.934073,274,445,452,666,431,90,99,95,4042,386,4796,-15131,-946,-1089,1183,164,-133,-985
2025-11-26T11:50:56.948403,179,450,443,655,445,90,98,102,3908,356,4753,-15181,-777,-903,1228,332,-236,-937
2025-11-26T11:50:56.971680,150,473,428,660,474,94,49,69,3814,284,4719,-15216,-676,-944,1331,194,-459,-759
2025-11-26T11:50:56.993824,136,430,405,595,432,90,47,85,3756,200,4696,-15240,-696,-1039,1541,83,-561,-581
2025-11-26T11:50:57.008369,116,403,424,639,354,76,42,86,3705,133,4660,-15264,-729,-1133,1696,174,-517,-520
2025-11-26T11:50:57.031603,99,347,375,607,332,76,43,89,3651,88,4600,-15295,-621,-1048,1676,311,-391,-495
2025-11-26T11:50:57.053820,87,334,358,594,352,104,56,78,3599,52,4527,-15330,-538,-926,1718,336,-329,-457
2025-11-26T11:50:57.068415,78,256,367,650,385,108,57,74,3559,23,4500,-15347,-555,-932,1811,56,-258,-370
2025-11-26T11:50:57.092997,64,223,338,669,427,110,57,52,3528,19,4553,-15339,-541,-965,1884,-386,-37,-250
2025-11-26T11:50:57.114147,67,275,301,564,418,112,59,47,3520,49,4705,-15294,-573,-1219,1808,-803,219,-20
2025-11-26T11:50:57.128374,78,274,273,591,439,114,58,45,3554,115,4872,-15233,-618,-1363,1760,-809,348,273
2025-11-26T11:50:57.151615,101,334,246,580,409,93,41,47,3625,236,5036,-15162,-648,-1341,1675,-747,575,568
2025-11-26T11:50:57.174113,111,494,223,495,352,90,39,46,3741,401,5221,-15067,-768,-1250,1502,-853,707,876
2025-11-26T11:50:57.196865,133,565,221,556,305,92,37,52,3896,583,5443,-14943,-891,-1359,1371,-1015,749,1130
2025-11-26T11:50:57.210587,151,625,312,514,292,89,37,65,4085,774,5670,-14799,-964,-1434,1265,-1035,734,1352
2025-11-26T11:50:57.233894,154,653,339,420,287,84,38,68,4304,955,5849,-14656,-965,-1446,1240,-812,591,1519
2025-11-26T11:50:57.256596,145,691,406,602,324,85,41,67,4523,1142,5983,-14522,-816,-1316,1272,-633,640,1588
2025-11-26T11:50:57.270839,137,587,438,724,323,77,37,65,4736,1335,6123,-14378,-793,-1181,1272,-742,736,1583
2025-11-26T11:50:57.293988,169,528,452,704,273,64,40,66,4931,1483,6245,-14245,-799,-1262,1274,-674,546,1429
2025-11-26T11:50:57.316618,184,429,502,793,289,69,53,83,5086,1597,6305,-14152,-620,-1097,1261,-381,421,1160
2025-11-26T11:50:57.330924,185,404,505,855,254,73,69,91,5208,1685,6358,-14073,-613,-1091,1203,-335,352,942
2025-11-26T11:50:57.354090,184,288,575,749,196,72,70,105,5293,1747,6343,-14041,-539,-1204,1364,68,225,719
2025-11-26T11:50:57.376594,187,268,547,634,175,75,72,110,5350,1794,6298,-14033,-400,-1044,1448,171,223,538
2025-11-26T11:50:57.390767,154,328,537,562,165,74,72,112,5402,1808,6272,-14023,-411,-903,1535,-60,133,401
2025-11-26T11:50:57.414145,122,372,530,576,126,89,65,94,5459,1761,6259,-14013,-441,-998,1654,-234,-129,296
2025-11-26T11:50:57.436491,120,347,507,553,150,88,77,96,5500,1663,6269,-14005,-440,-1040,1689,-422,-300,98
2025-11-26T11:50:57.450611,158,358,425,536,160,92,140,125,5510,1523,6285,-14009,-365,-1099,1611,-451,-432,-136
2025-11-26T11:50:57.473889,263,366,440,584,169,94,148,142,5499,1377,6278,-14032,-261,-1228,1612,-250,-449,-224
2025-11-26T11:50:57.496889,265,402,486,612,166,99,151,142,5492,1259,6254,-14056,-273,-1330,1547,-58,-380,-131
2025-11-26T11:50:57.516488,270,360,401,510,216,92,151,144,5489,1182,6193,-14091,-355,-1343,1531,238,-313,-54
2025-11-26T11:50:57.531928,268,383,410,567,238,96,143,138,5509,1142,6104,-14125,-362,-1192,1510,390,-250,107
2025-11-26T11:50:57.555175,289,382,446,579,236,88,124,145,5537,1117,6036,-14146,-534,-1008,1403,253,-245,102
2025-11-26T11:50:57.570458,263,400,421,514,227,85,122,138,5560,1062,5979,-14165,-519,-1124,1420,191,-353,38
2025-11-26T11:50:57.593801,282,303,380,477,235,78,120,138,5576,1018,5923,-14185,-550,-1274,1431,276,-299,39
2025-11-26T11:50:57.616641,275,306,395,483,275,78,122,137,5584,1026,5865,-14206,-631,-1289,1436,401,-72,85
2025-11-26T11:50:57.630917,276,276,410,383,270,78,122,135,5603,1080,5787,-14226,-668,-1109,1517,489,89,197
2025-11-26T11:50:57.654086,253,298,446,367,267,81,78,90,5643,1120,5739,-14227,-833,-859,1429,205,-35,202
2025-11-26T11:50:57.676656,258,301,482,373,267,81,65,123,5680,1085,5726,-14220,-771,-980,1438,-70,-299,84
2025-11-26T11:50:57.691694,235,308,471,429,259,80,60,125,5698,1041,5718,-14219,-681,-1300,1428,36,-264,49
2025-11-26T11:50:57.714159,248,312,514,435,177,66,55,125,5698,1051,5679,-14235,-678,-1192,1405,302,-46,24
2025-11-26T11:50:57.736631,253,369,567,414,133,58,48,124,5706,1095,5620,-14251,-640,-1018,1466,380,101,121
2025-11-26T11:50:57.750945,230,339,475,444,129,54,47,120,5736,1143,5594,-14245,-722,-925,1446,147,116,226
2025-11-26T11:50:57.774066,166,323,465,461,132,57,50,70,5770,1153,5593,-14232,-750,-951,1429,-43,-42,175
2025-11-26T11:50:57.804099,162,314,465,470,134,55,50,64,5796,1148,5587,-14223,-759,-1083,1463,3,-105,126
2025-11-26T11:50:57.818337,138,295,390,432,185,92,55,61,5812,1164,5535,-14236,-672,-1006,1478,206,1,41
2025-11-26T11:50:57.835403,125,215,288,407,193,102,56,60,5816,1174,5512,-14242,-749,-805,1411,61,-36,-22
2025-11-26T11:50:57.853644,129,266,326,379,194,103,54,63,5817,1139,5518,-14243,-673,-975,1401,-100,-166,-71
2025-11-26T11:50:57.883831,189,257,373,360,194,99,50,68,5810,1107,5519,-14248,-680,-1074,1433,-32,-149,-97
2025-11-26T11:50:57.897248,213,333,423,280,222,101,50,71,5800,1084,5507,-14258,-696,-1097,1471,65,-128,-102
2025-11-26T11:50:57.915519,216,330,434,325,170,69,40,69,5787,1073,5481,-14274,-601,-1009,1473,126,-56,-88
2025-11-26T11:50:57.937776,222,330,439,418,159,52,35,68,5782,1062,5473,-14280,-621,-897,1476,-25,-44,-69
2025-11-26T11:50:57.957607,221,338,419,513,161,48,34,67,5784,1035,5489,-14275,-648,-1012,1462,-148,-94,-32
2025-11-26T11:50:57.976064,150,327,388,512,159,49,34,51,5780,1011,5499,-14275,-641,-1124,1505,-71,-76,-49
2025-11-26T11:50:58.002454,111,296,336,525,127,42,30,35,5771,1002,5481,-14286,-627,-1107,1502,114,-52,-53
2025-11-26T11:50:58.017548,107,300,312,500,131,39,31,34,5768,1013,5452,-14298,-652,-1016,1512,170,7,-12
2025-11-26T11:50:58.035897,260,300,289,417,155,30,30,61,5770,1021,5436,-14302,-651,-926,1509,51,9,7
2025-11-26T11:50:58.058438,265,291,280,311,190,35,33,64,5781,1010,5444,-14295,-635,-1010,1497,-92,-41,48
2025-11-26T11:50:58.078260,280,310,221,353,200,36,34,68,5788,1012,5461,-14286,-666,-1073,1520,-93,39,56
2025-11-26T11:50:58.095576,287,347,403,343,207,39,37,69,5784,1019,5466,-14286,-691,-1073,1496,1,39,-14
2025-11-26T11:50:58.118333,286,361,405,384,219,44,34,69,5780,1027,5465,-14287,-699,-1054,1499,26,32,-10
2025-11-26T11:50:58.137733,154,375,416,398,218,50,38,46,5780,1038,5462,-14287,-707,-1010,1485,24,32,2
2025-11-26T11:50:58.163091,140,337,416,396,183,57,40,40,5777,1045,5466,-14286,-698,-976,1484,-33,33,-20
2025-11-26T11:50:58.178490,107,351,450,359,235,61,40,36,5772,1041,5476,-14285,-684,-1021,1497,-71,9,-46
2025-11-26T11:50:58.205092,121,309,302,357,227,61,39,32,5765,1027,5492,-14282,-704,-1015,1458,-113,-42,-72
2025-11-26T11:50:58.215640,142,300,313,298,204,59,39,36,5756,1001,5502,-14284,-630,-1079,1434,-67,-89,-87
2025-11-26T11:50:58.238442,144,300,369,414,207,56,35,35,5748,993,5496,-14290,-654,-1094,1455,53,-41,-53
2025-11-26T11:50:58.257577,164,415,413,559,285,58,38,41,5745,997,5493,-14292,-691,-1082,1442,56,-2,-14
2025-11-26T11:50:58.275946,160,400,381,584,242,56,37,38,5748,1002,5477,-14297,-660,-1018,1462,91,-17,12
2025-11-26T11:50:58.298633,132,367,368,600,244,53,35,37,5754,1009,5468,-14297,-683,-977,1485,29,-6,24
2025-11-26T11:50:58.317593,108,359,382,609,250,55,37,33,5756,1006,5474,-14294,-684,-1031,1495,-51,-14,3
2025-11-26T11:50:58.335896,98,353,366,605,233,54,37,33,5753,997,5479,-14294,-661,-1067,1524,-44,-23,-29
2025-11-26T11:50:58.358395,138,204,305,502,139,50,31,36,5745,999,5474,-14299,-675,-1035,1503,30,6,-55
2025-11-26T11:50:58.377464,230,313,309,551,141,53,41,56,5740,996,5478,-14300,-701,-1014,1440,-17,-20,-53
2025-11-26T11:50:58.396909,243,364,350,545,128,53,44,60,5732,981,5470,-14307,-594,-1005,1492,2,-51,-67
2025-11-26T11:50:58.417885,256,379,333,552,123,53,43,62,5726,970,5471,-14310,-605,-1043,1494,-25,-24,-42
2025-11-26T11:50:58.440937,259,373,286,529,124,54,45,63,5720,976,5471,-14312,-634,-1091,1497,35,50,-13
2025-11-26T11:50:58.455861,255,386,289,544,148,52,46,60,5714,992,5466,-14315,-631,-1041,1485,59,90,5
2025-11-26T11:50:58.478461,223,287,363,472,151,53,38,44,5707,1009,5460,-14319,-592,-991,1514,43,114,0
2025-11-26T11:50:58.498323,241,218,360,485,160,56,40,45,5698,1013,5469,-14319,-563,-981,1440,-48,84,-23
2025-11-26T11:50:58.515456,264,244,412,545,159,55,39,45,5683,1021,5487,-14317,-562,-1001,1440,-73,136,-39
2025-11-26T11:50:58.538336,290,340,416,550,156,58,42,53,5663,1038,5507,-14316,-514,-1029,1422,-54,212,-32
2025-11-26T11:50:58.557602,285,334,421,621,152,58,41,53,5629,1071,5491,-14334,-417,-926,1476,137,289,-81
2025-11-26T11:50:58.579835,291,341,350,651,145,55,42,52,5590,1104,5472,-14354,-488,-915,1496,149,274,-135
2025-11-26T11:50:58.598445,292,348,328,651,143,51,39,49,5533,1121,5457,-14380,-459,-928,1531,116,244,-252
2025-11-26T11:50:58.617708,271,320,265,599,145,51,41,50,5464,1115,5439,-14414,-417,-965,1550,119,166,-349
2025-11-26T11:50:58.640145,260,283,255,531,141,47,35,43,5384,1099,5403,-14459,-380,-1005,1525,236,103,-420
2025-11-26T11:50:58.658404,282,314,317,359,104,41,36,58,5294,1089,5373,-14504,-520,-960,1446,228,85,-516
2025-11-26T11:50:58.681460,315,323,366,272,87,37,40,102,5190,1074,5360,-14547,-707,-988,1467,142,38,-647
2025-11-26T11:50:58.700565,326,342,377,280,67,33,40,103,5068,1043,5363,-14591,-778,-1044,1467,64,-17,-796
2025-11-26T11:50:58.718579,334,344,375,306,43,33,51,106,4937,997,5390,-14629,-871,-1147,1407,-39,-94,-881
2025-11-26T11:50:58.737698,346,458,381,417,47,32,54,107,4824,932,5380,-14675,-946,-1208,1430,139,-319,-850
2025-11-26T11:50:58.760180,334,532,468,472,82,31,51,101,4724,829,5338,-14729,-983,-1179,1314,275,-642,-888
2025-11-26T11:50:58.778765,371,753,539,546,227,39,55,106,4622,696,5281,-14789,-893,-1085,1276,286,-801,-958
2025-11-26T11:50:58.805111,404,926,610,566,279,50,74,153,4516,547,5221,-14849,-791,-1011,1332,234,-844,-996
2025-11-26T11:50:58.820403,428,1012,687,598,301,49,76,165,4406,367,5149,-14912,-623,-1123,1311,310,-961,-1023
2025-11-26T11:50:58.837660,530,1122,732,602,319,53,82,174,4292,193,5055,-14981,-384,-1099,1340,432,-875,-989
2025-11-26T11:50:58.852713,555,1161,683,564,343,57,85,181,4189,67,4969,-15040,-346,-1056,1480,381,-621,-833
2025-11-26T11:50:58.875396,498,1057,610,507,323,57,81,159,4109,-28,4912,-15081,-297,-1007,1572,205,-441,-639
2025-11-26T11:50:58.896627,456,962,580,494,297,59,68,143,4040,-120,4891,-15106,-269,-992,1620,-26,-389,-556
2025-11-26T11:50:58.920777,469,905,507,420,288,64,68,252,3982,-219,4912,-15113,-224,-1126,1699,-253,-371,-467
2025-11-26T11:50:58.939383,339,749,510,341,297,73,69,268,3922,-318,4960,-15112,-29,-1231,1659,-352,-259,-408
2025-11-26T11:50:58.958282,296,760,501,340,319,79,67,270,3913,-365,4994,-15102,-19,-1573,1821,-127,-89,-24
2025-11-26T11:50:58.980822,290,738,547,337,326,84,66,271,3949,-317,4933,-15113,-251,-1299,1807,424,104,243
2025-11-26T11:50:59.000097,277,713,580,396,502,85,65,263,3984,-283,4892,-15118,-359,-976,1792,157,11,177
2025-11-26T11:50:59.018321,200,775,578,420,534,88,55,155,4014,-316,4958,-15088,-292,-1013,1668,-496,-161,121
2025-11-26T11:50:59.040566,199,786,599,428,589,94,61,117,4027,-375,4986,-15074,-48,-1291,1633,-188,-213,52
2025-11-26T11:50:59.060068,168,652,653,486,569,94,67,106,4047,-384,4962,-15076,-87,-1083,1574,111,-61,115
2025-11-26T11:50:59.078928,158,634,631,496,555,90,68,100,4046,-396,4970,-15074,-150,-903,1545,-141,-28,-16
2025-11-26T11:50:59.100709,166,648,566,426,439,85,69,86,4027,-424,5042,-15054,-22,-959,1495,-493,62,-62
2025-11-26T11:50:59.119972,242,543,559,546,425,83,72,120,4012,-431,5175,-15013,-39,-1134,1436,-738,233,41
2025-11-26T11:50:59.138014,233,425,488,604,377,68,59,115,4003,-401,5330,-14961,-73,-1292,1528,-798,445,153
2025-11-26T11:50:59.160750,241,437,372,573,408,66,51,116,4015,-326,5480,-14906,-96,-1249,1619,-779,631,349
2025-11-26T11:50:59.180004,255,452,382,580,394,63,49,121,4040,-225,5639,-14842,-130,-1141,1618,-873,750,468
2025-11-26T11:50:59.198364,249,348,385,575,352,66,44,116,4086,-115,5844,-14751,-235,-1324,1527,-1059,786,619
2025-11-26T11:50:59.220764,250,298,385,462,322,64,39,72,4160,17,5988,-14672,-405,-1607,1964,-755,756,776
2025-11-26T11:50:59.239410,260,285,357,372,262,64,38,73,4238,168,6087,-14608,-491,-1607,1463,-303,712,797
2025-11-26T11:50:59.258334,253,280,368,338,191,58,38,77,4296,305,6142,-14566,-541,-941,1338,-277,602,556
2025-11-26T11:50:59.281412,245,230,335,316,168,55,39,76,4370,400,6292,-14478,-443,-1123,1210,-810,538,669
2025-11-26T11:50:59.301220,258,325,361,301,153,56,44,80,4465,494,6448,-14376,-580,-1412,1245,-794,472,795
2025-11-26T11:50:59.318277,228,338,374,339,132,50,43,82,4557,590,6549,-14298,-698,-1384,1151,-451,359,725
2025-11-26T11:50:59.340550,202,343,407,331,130,50,43,79,4641,662,6593,-14248,-720,-1295,1125,-170,157,581
2025-11-26T11:50:59.359995,198,316,426,349,147,49,43,70,4722,702,6602,-14215,-638,-1238,1197,-60,1,507
2025-11-26T11:50:59.378280,205,364,497,380,158,57,46,67,4804,721,6600,-14187,-710,-1258,1185,-16,-146,442
2025-11-26T11:50:59.400725,193,273,484,416,206,58,42,61,4884,709,6591,-14165,-778,-1211,1169,-31,-333,323
2025-11-26T11:50:59.420028,134,262,468,418,233,64,45,56,4955,648,6592,-14143,-693,-1221,1195,-160,-503,193
2025-11-26T11:50:59.438115,176,306,463,433,247,65,44,52,5001,566,6588,-14132,-622,-1267,1258,-152,-521,38
2025-11-26T11:50:59.460761,209,304,431,424,239,75,43,47,5036,465,6578,-14128,-623,-1300,1221,-110,-616,-68
2025-11-26T11:50:59.480022,209,270,374,398,243,77,41,43,5056,358,6541,-14141,-544,-1370,1336,34,-621,-144
2025-11-26T11:50:59.498347,210,296,453,358,221,74,41,44,5066,263,6481,-14167,-521,-1337,1374,182,-580,-199
2025-11-26T11:50:59.520802,201,296,470,295,215,74,39,34,5072,174,6416,-14195,-443,-1330,1438,193,-521,-181
2025-11-26T11:50:59.539997,171,243,475,245,195,71,42,42,5072,89,6368,-14218,-404,-1201,1422,74,-455,-212
2025-11-26T11:50:59.558336,195,250,536,234,195,59,41,54,5072,-1,6350,-14226,-359,-1295,1445,-92,-418,-171
2025-11-26T11:50:59.580877,207,257,517,201,185,49,39,56,5079,-66,6347,-14225,-397,-1475,1444,-65,-304,-59
2025-11-26T11:50:59.600062,207,266,478,253,179,52,41,59,5085,-87,6330,-14230,-438,-1438,1416,82,-132,-12
2025-11-26T11:50:59.618378,219,270,514,275,169,50,40,61,5095,-95,6298,-14241,-369,-1349,1410,165,-83,46
2025-11-26T11:50:59.640833,213,268,511,279,180,49,37,56,5118,-92,6271,-14244,-385,-1282,1427,118,-51,135
2025-11-26T11:50:59.660012,166,260,452,299,171,53,37,46,5137,-92,6258,-14243,-406,-1263,1372,49,-51,102
2025-11-26T11:50:59.678914,181,310,449,329,168,52,36,44,5150,-102,6245,-14245,-378,-1293,1391,46,-69,65
2025-11-26T11:50:59.700527,179,280,381,288,147,44,31,39,5161,-104,6230,-14247,-423,-1295,1401,67,-49,50
2025-11-26T11:50:59.719910,170,299,297,300,153,41,29,35,5169,-107,6214,-14251,-414,-1264,1404,58,-49,34
2025-11-26T11:50:59.738162,175,311,343,307,169,41,26,35,5177,-115,6209,-14250,-388,-1275,1381,4,-43,37
2025-11-26T11:50:59.760762,179,325,372,289,174,39,27,36,5183,-124,6210,-14248,-426,-1287,1391,-26,-50,24
2025-11-26T11:50:59.780001,205,244,380,296,175,43,30,38,5186,-128,6205,-14249,-435,-1350,1396,37,-31,11
2025-11-26T11:50:59.798281,212,235,414,283,167,43,32,37,5184,-118,6188,-14257,-429,-1286,1426,104,30,0
2025-11-26T11:50:59.820930,248,280,441,234,137,42,33,42,5181,-110,6184,-14260,-447,-1254,1379,27,36,-10
2025-11-26T11:50:59.840126,250,273,391,230,115,41,32,39,5184,-114,6197,-14253,-458,-1312,1365,-70,-14,18
2025-11-26T11:50:59.857875,239,262,378,284,129,44,34,38,5185,-117,6208,-14248,-439,-1285,1371,-61,4,4
2025-11-26T11:50:59.881972,179,269,401,286,143,42,30,33,5182,-119,6212,-14247,-437,-1284,1383,-27,5,-15
2025-11-26T11:50:59.901691,185,303,395,310,143,42,29,32,5182,-121,6219,-14244,-459,-1339,1365,-21,-4,-1
2025-11-26T11:50:59.918238,159,241,460,306,164,46,29,29,5177,-119,6218,-14247,-463,-1319,1385,24,8,-26
2025-11-26T11:50:59.940770,156,264,455,295,191,47,30,32,5179,-121,6212,-14248,-437,-1301,1365,37,-26,3
2025-11-26T11:50:59.959731,153,274,458,290,189,45,27,31,5183,-124,6204,-14250,-423,-1286,1384,34,-30,14
2025-11-26T11:50:59.978314,151,285,425,276,192,54,30,32,5186,-132,6204,-14249,-431,-1304,1373,-2,-44,7
2025-11-26T11:51:00.000783,129,237,476,264,197,53,33,37,5186,-139,6213,-14245,-439,-1265,1392,-79,-18,-12
2025-11-26T11:51:00.027674,82,222,380,267,192,51,30,33,5185,-151,6223,-14241,-418,-1306,1373,-71,-31,-16
2025-11-26T11:51:00.038283,72,189,373,299,148,50,30,31,5185,-151,6223,-14241,-440,-1318,1374,-10,-6,-13
2025-11-26T11:51:00.060038,86,171,391,270,156,48,30,32,5184,-153,6219,-14243,-434,-1308,1366,30,-17,-12
2025-11-26T11:51:00.083252,80,146,418,247,144,45,28,29,5187,-158,6214,-14244,-430,-1311,1399,20,-39,4
2025-11-26T11:51:00.099685,69,147,423,352,174,47,26,26,5188,-166,6214,-14244,-415,-1285,1358,-12,-37,-6
2025-11-26T11:51:00.120556,91,150,414,368,166,44,27,25,5189,-176,6213,-14244,-391,-1312,1393,-9,-37,2
2025-11-26T11:51:00.143306,169,138,427,375,163,43,29,32,5190,-177,6202,-14248,-402,-1322,1409,66,-14,5
2025-11-26T11:51:00.158054,165,224,395,392,155,45,35,32,5192,-172,6196,-14250,-434,-1306,1402,40,12,20
2025-11-26T11:51:00.180717,170,224,403,393,161,53,37,31,5195,-171,6188,-14253,-412,-1270,1415,27,-6,13
2025-11-26T11:51:00.203281,181,227,331,318,128,60,41,32,5197,-180,6197,-14248,-417,-1251,1384,-83,-27,3
2025-11-26T11:51:00.218276,175,249,356,398,151,62,42,37,5200,-189,6209,-14241,-411,-1365,1361,-53,-28,19
2025-11-26T11:51:00.240779,104,259,369,419,185,62,43,33,5202,-181,6201,-14244,-426,-1326,1396,63,24,27
2025-11-26T11:51:00.263245,101,177,358,405,176,63,36,31,5200,-166,6191,-14249,-434,-1257,1392,73,61,5
2025-11-26T11:51:00.278262,93,198,304,422,186,52,35,32,5197,-159,6190,-14251,-425,-1265,1394,7,42,3
2025-11-26T11:51:00.301438,68,189,345,426,195,47,31,32,5196,-154,6192,-14251,-421,-1257,1393,-13,35,1
2025-11-26T11:51:00.323251,67,173,367,338,177,45,31,26,5195,-157,6198,-14248,-434,-1289,1378,-40,-1,-6
2025-11-26T11:51:00.338318,172,239,355,391,150,45,27,26,5192,-156,6200,-14248,-418,-1350,1387,16,17,2
2025-11-26T11:51:00.360315,187,257,391,412,153,42,31,28,5182,-143,6188,-14258,-416,-1341,1436,102,77,-27
2025-11-26T11:51:00.383119,194,241,429,420,137,49,32,29,5171,-122,6167,-14271,-398,-1233,1448,126,114,-26
2025-11-26T11:51:00.398345,200,294,406,401,136,54,35,29,5161,-108,6172,-14272,-452,-1144,1422,-61,95,-40
2025-11-26T11:51:00.420602,217,300,483,402,138,53,34,35,5145,-120,6217,-14259,-444,-1277,1353,-268,50,-86
2025-11-26T11:51:00.443283,197,253,493,288,131,52,35,37,5126,-133,6249,-14251,-415,-1427,1354,-138,36,-82
2025-11-26T11:51:00.458284,238,305,470,324,128,51,32,42,5112,-112,6229,-14265,-500,-1314,1393,169,77,-67
2025-11-26T11:51:00.481335,246,310,484,314,119,45,30,41,5104,-91,6212,-14275,-534,-1217,1379,110,50,-58
2025-11-26T11:51:00.503178,248,421,501,329,93,35,23,40,5093,-88,6236,-14269,-524,-1297,1316,-103,39,-62
2025-11-26T11:51:00.517988,238,452,523,330,95,47,27,41,5071,-102,6264,-14264,-442,-1372,1323,-126,21,-123
2025-11-26T11:51:00.540863,243,636,518,369,101,58,44,59,5047,-105,6264,-14273,-371,-1418,1369,60,63,-99
2025-11-26T11:51:00.563263,314,627,515,339,97,66,50,76,5034,-91,6247,-14285,-411,-1439,1355,195,73,-30
2025-11-26T11:51:00.578271,322,626,476,323,92,65,73,90,5024,-67,6199,-14310,-408,-1375,1355,375,63,-22
2025-11-26T11:51:00.600779,343,645,450,340,94,67,145,106,5013,-28,6108,-14353,-400,-1284,1377,616,71,-29
2025-11-26T11:51:00.623149,362,678,346,331,78,67,164,124,5004,19,5991,-14405,-429,-1210,1373,763,45,-42
2025-11-26T11:51:00.638168,395,523,427,409,89,65,166,128,4995,54,5877,-14455,-522,-1265,1450,737,-37,-83
2025-11-26T11:51:00.660790,315,515,454,415,177,60,173,120,4981,76,5755,-14509,-465,-1153,1433,733,-93,-130
2025-11-26T11:51:00.683265,327,732,494,421,185,62,226,156,4969,80,5611,-14569,-353,-928,1504,728,-169,-156
2025-11-26T11:51:00.698645,330,764,497,403,190,63,242,200,4958,53,5509,-14612,-349,-932,1494,452,-265,-185
2025-11-26T11:51:00.720749,335,727,483,423,214,60,254,217,4939,5,5443,-14643,-369,-1101,1539,276,-306,-236
2025-11-26T11:51:00.743192,273,726,408,550,389,108,262,217,4890,-27,5376,-14684,-486,-1201,1674,331,-214,-406
2025-11-26T11:51:00.758148,271,719,441,625,550,139,266,223,4818,-40,5272,-14745,-253,-1064,1972,446,-17,-458
2025-11-26T11:51:00.780691,251,516,447,889,757,177,230,200,4726,-82,5312,-14761,59,-896,2068,-522,251,-459
2025-11-26T11:51:00.803196,279,299,447,952,792,211,191,157,4672,-100,5621,-14663,46,-1174,1635,-1785,551,-105
2025-11-26T11:51:00.818242,295,271,436,1035,821,216,163,120,4646,-11,5954,-14540,-76,-1970,1590,-1523,1178,441
2025-11-26T11:51:00.840330,299,246,430,981,775,201,161,111,4651,297,6210,-14428,-547,-1847,1360,-956,1919,838
2025-11-26T11:51:00.863144,332,317,401,1018,713,189,152,107,4670,671,6488,-14286,-992,-1335,997,-1044,2208,1048
2025-11-26T11:51:00.878293,323,313,454,835,515,157,136,94,4732,996,6809,-14096,-1172,-1148,776,-1460,1934,1199
2025-11-26T11:51:00.900610,270,326,453,765,469,105,124,80,4911,1254,7103,-13867,-1399,-1503,629,-1322,1047,1524
2025-11-26T11:51:00.923265,213,341,488,714,417,93,118,80,5072,1389,7229,-13730,-1499,-1862,776,-447,205,1130
2025-11-26T11:51:00.945756,214,345,486,688,386,80,93,89,5222,1456,7141,-13713,-1479,-1691,973,619,-460,785
2025-11-26T11:51:00.960188,145,299,465,617,331,60,84,77,5340,1484,6946,-13765,-1313,-1318,1112,1083,-717,460
2025-11-26T11:51:00.982748,145,285,359,569,331,49,75,88,5433,1471,6753,-13826,-1081,-1045,1184,938,-772,259
2025-11-26T11:51:01.005743,146,269,334,567,325,50,47,89,5505,1418,6592,-13880,-866,-970,1254,674,-770,122
2025-11-26T11:51:01.025011,150,278,335,497,312,65,48,85,5552,1349,6468,-13927,-758,-903,1345,419,-668,-16
2025-11-26T11:51:01.043097,216,315,442,453,309,72,62,110,5569,1238,6419,-13953,-682,-740,1369,-110,-627,-262
2025-11-26T11:51:01.065732,241,307,500,373,250,69,146,141,5562,1086,6422,-13967,-436,-992,1427,-388,-576,-339
2025-11-26T11:51:01.082178,248,312,579,452,207,72,153,137,5533,970,6423,-13987,-343,-1283,1399,-171,-346,-295
2025-11-26T11:51:01.103283,258,410,605,545,271,78,156,155,5492,915,6375,-14028,-216,-1136,1405,171,-83,-231
2025-11-26T11:51:01.125722,286,406,581,525,278,66,160,213,5471,871,6332,-14059,-216,-903,1304,95,-92,-139
2025-11-26T11:51:01.140309,227,411,534,536,289,68,174,204,5483,812,6310,-14067,-266,-1119,1351,-30,-195,38
2025-11-26T11:51:01.163219,198,421,493,553,396,96,117,188,5502,774,6270,-14080,-363,-1343,1415,172,-182,121
2025-11-26T11:51:01.185329,196,434,490,482,422,102,113,192,5515,757,6202,-14106,-383,-1131,1363,323,-142,73
2025-11-26T11:51:01.200714,181,371,466,450,399,105,112,185,5518,737,6157,-14126,-445,-1117,1382,190,-120,-2
2025-11-26T11:51:01.223122,126,361,482,456,428,112,109,124,5514,722,6136,-14137,-517,-1180,1400,89,-57,-33
2025-11-26T11:51:01.245689,116,317,471,465,529,108,75,112,5511,707,6144,-14136,-584,-1106,1434,-122,-22,-44
2025-11-26T11:51:01.260661,114,313,456,408,478,94,71,111,5521,673,6170,-14122,-603,-1093,1422,-281,-115,-14
2025-11-26T11:51:01.283276,180,306,418,408,455,104,68,101,5517,625,6213,-14107,-541,-1243,1346,-308,-115,-70
2025-11-26T11:51:01.305989,214,316,417,353,530,104,64,88,5496,598,6260,-14095,-492,-1296,1340,-264,52,-91
2025-11-26T11:51:01.320718,225,299,387,392,511,99,60,103,5445,627,6275,-14107,-418,-1222,1434,-7,366,-140
2025-11-26T11:51:01.351346,276,327,491,374,391,99,62,123,5389,690,6270,-14128,-326,-1012,1433,92,538,-104
2025-11-26T11:51:01.365714,319,449,535,399,351,89,64,149,5340,757,6279,-14139,-303,-932,1436,-23,587,-52
2025-11-26T11:51:01.380726,346,459,520,392,341,67,58,181,5288,836,6299,-14146,-420,-1081,1506,-37,644,-47
2025-11-26T11:51:01.411431,348,456,507,348,164,52,58,253,5198,919,6331,-14160,-544,-1146,1391,9,702,-264
2025-11-26T11:51:01.433459,356,514,496,283,136,44,66,364,5063,994,6348,-14196,-648,-1123,1348,129,684,-572
2025-11-26T11:51:01.440308,327,530,353,223,125,38,73,489,4903,1058,6338,-14252,-821,-1191,1405,293,571,-793
2025-11-26T11:51:01.463109,288,412,260,233,157,49,71,488,4721,1079,6321,-14319,-965,-1279,1374,331,332,-1045
2025-11-26T11:51:01.485341,220,385,217,233,147,50,68,481,4518,1025,6304,-14396,-1085,-1259,1241,282,-78,-1391
2025-11-26T11:51:01.501583,190,440,228,244,167,51,67,454,4283,838,6247,-14504,-1023,-1331,1166,327,-589,-1745
2025-11-26T11:51:01.523203,162,407,255,311,439,78,61,364,4041,579,6174,-14617,-884,-1407,1164,327,-956,-1925
2025-11-26T11:51:01.545551,157,447,405,358,495,84,57,147,3800,315,6082,-14728,-688,-1402,1152,410,-995,-1920
2025-11-26T11:51:01.560574,155,510,459,333,498,84,56,124,3561,42,5985,-14830,-573,-1259,971,409,-1051,-1912
2025-11-26T11:51:01.579964,137,514,443,342,522,115,62,106,3352,-218,5878,-14920,-345,-1406,1029,463,-1040,-1708
2025-11-26T11:51:01.602696,187,466,487,384,566,123,65,74,3173,-428,5780,-14993,-246,-1458,1216,552,-858,-1439
2025-11-26T11:51:01.618432,212,437,504,365,424,108,61,116,3034,-590,5687,-15051,-104,-1359,1286,497,-651,-1099
2025-11-26T11:51:01.641381,222,357,414,327,368,104,52,129,2938,-715,5619,-15090,-35,-1331,1333,357,-502,-770
2025-11-26T11:51:01.665663,227,333,369,351,353,99,52,131,2883,-804,5580,-15111,-2,-1365,1493,185,-364,-468
2025-11-26T11:51:01.687969,229,360,377,370,327,63,47,138,2850,-862,5572,-15117,-20,-1419,1581,15,-235,-277
2025-11-26T11:51:01.703420,282,338,319,588,282,55,49,139,2832,-900,5561,-15123,45,-1366,1661,11,-135,-145
2025-11-26T11:51:01.725408,296,338,307,648,242,60,57,111,2825,-914,5584,-15115,67,-1548,1639,-87,1,-15
2025-11-26T11:51:01.740259,292,338,304,670,245,75,60,90,2842,-873,5556,-15124,10,-1400,1837,142,178,169
2025-11-26T11:51:01.762657,290,266,291,737,325,78,58,85,2873,-846,5543,-15124,24,-1253,1725,21,103,233
2025-11-26T11:51:01.785209,291,222,269,742,354,87,60,68,2908,-833,5559,-15112,226,-1107,1643,-201,132,319
2025-11-26T11:51:01.799707,239,262,280,675,353,94,58,61,2938,-805,5606,-15091,280,-1125,1560,-335,270,359
2025-11-26T11:51:01.820775,217,340,234,681,357,101,50,77,2976,-764,5647,-15070,287,-1305,1537,-207,332,437
2025-11-26T11:51:01.842649,252,415,214,819,363,93,60,122,3012,-695,5655,-15063,206,-1376,1466,75,413,437
2025-11-26T11:51:01.857777,360,446,230,875,315,99,117,136,3054,-608,5615,-15074,96,-1408,1545,367,420,448
2025-11-26T11:51:01.880829,422,673,352,1024,330,146,135,152,3104,-541,5542,-15093,7,-1401,1480,571,234,401
2025-11-26T11:51:01.903648,419,824,350,983,300,174,139,156,3168,-507,5408,-15130,36,-1377,1636,838,-3,400
2025-11-26T11:51:01.925413,483,960,395,943,292,179,144,153,3260,-496,5267,-15160,28,-1247,1529,840,-190,499
2025-11-26T11:51:01.940357,467,1038,414,821,274,176,141,132,3395,-491,5132,-15177,-128,-1223,1481,814,-359,673
2025-11-26T11:51:01.964695,392,1061,495,718,257,173,99,119,3525,-505,4973,-15200,-155,-1154,1431,931,-493,596
2025-11-26T11:51:01.986164,335,973,426,503,187,137,73,99,3655,-501,4818,-15219,-139,-1140,1545,906,-382,631
2025-11-26T11:51:02.002493,325,940,453,488,261,104,61,91,3785,-475,4720,-15219,-343,-973,1460,571,-293,642
2025-11-26T11:51:02.026664,196,802,426,496,288,128,69,84,3892,-456,4725,-15191,-585,-745,1354,-94,-277,482
2025-11-26T11:51:02.047768,179,703,431,506,286,135,69,68,3973,-518,4812,-15141,-623,-834,1252,-609,-569,249
2025-11-26T11:51:02.063022,253,661,318,509,292,136,70,78,4041,-636,4889,-15093,-540,-1194,1326,-502,-812,121
2025-11-26T11:51:02.087271,318,770,375,573,320,133,73,103,4107,-741,4916,-15062,-558,-1444,1356,-102,-825,92
2025-11-26T11:51:02.107960,309,686,339,532,245,121,89,112,4159,-795,4833,-15072,-603,-1344,1519,516,-697,-2
2025-11-26T11:51:02.121240,330,693,360,591,241,74,78,104,4201,-815,4649,-15117,-560,-1072,1684,985,-630,-69
2025-11-26T11:51:02.143347,329,663,335,601,272,111,80,116,4240,-832,4481,-15156,-483,-843,1701,809,-559,-51
2025-11-26T11:51:02.166304,266,687,363,565,274,123,85,179,4246,-854,4386,-15180,-172,-638,1879,259,-288,-99
2025-11-26T11:51:02.181692,165,489,288,460,272,119,81,169,4244,-855,4478,-15154,-138,-903,1787,-626,103,30
2025-11-26T11:51:02.205266,229,451,321,514,297,121,63,177,4262,-814,4671,-15093,-269,-1354,1553,-877,374,263
2025-11-26T11:51:02.229587,200,398,299,437,325,130,60,183,4303,-673,4792,-15050,-204,-1411,1693,-359,804,528
2025-11-26T11:51:02.249096,197,364,302,397,318,98,51,178,4385,-453,4895,-15001,-437,-1214,1568,-204,1036,818
2025-11-26T11:51:02.265204,196,283,265,410,352,79,44,111,4488,-239,4999,-14942,-616,-1085,1515,-279,912,883
2025-11-26T11:51:02.287341,189,289,262,489,320,77,42,104,4601,-47,5112,-14871,-711,-1188,1503,-339,780,909
2025-11-26T11:51:02.303930,101,369,331,612,318,74,40,82,4725,137,5203,-14799,-780,-1197,1544,-254,683,953
2025-11-26T11:51:02.325325,105,353,358,606,275,57,42,67,4847,313,5278,-14731,-881,-1209,1569,-185,610,908
2025-11-26T11:51:02.347740,152,360,401,687,254,45,39,58,4969,457,5315,-14673,-861,-1233,1523,-3,400,865
2025-11-26T11:51:02.362644,165,376,407,778,244,43,36,51,5088,565,5300,-14634,-796,-1201,1522,223,182,788
2025-11-26T11:51:02.385270,190,375,413,778,258,43,36,52,5196,633,5240,-14614,-734,-1030,1533,349,-43,643
2025-11-26T11:51:02.407736,195,245,356,710,249,46,37,49,5286,639,5176,-14605,-583,-939,1498,259,-274,458
2025-11-26T11:51:02.422799,195,314,315,734,258,41,32,43,5357,600,5136,-14595,-384,-956,1515,72,-336,341
