timestamp,EMG_0,EMG_1,EMG_2,EMG_3,EMG_4,EMG_5,EMG_6,EMG_7,quat_0,quat_1,quat_2,quat_3,acc_0,acc_1,acc_2,gyro_0,gyro_1,gyro_2
2025-11-26T11:30:16.944546,126,39,25,24,24,21,23,27,-5397,6393,7400,-11986,-556,-1870,580,3,0,5
2025-11-26T11:30:16.955039,108,39,23,24,24,21,25,26,-5398,6393,7400,-11986,-553,-1862,593,10,2,5
2025-11-26T11:30:16.980118,112,48,24,25,21,22,27,26,-5398,6393,7400,-11987,-555,-1840,581,0,2,3
2025-11-26T11:30:16.993737,111,48,28,45,23,21,25,25,-5398,6392,7400,-11987,-549,-1870,595,-12,-1,5
2025-11-26T11:30:17.010753,121,52,26,45,22,20,26,26,-5398,6392,7400,-11987,-547,-1853,585,8,-4,2
2025-11-26T11:30:17.030669,99,47,31,46,23,22,26,35,-5398,6392,7400,-11987,-556,-1858,600,9,-2,3
2025-11-26T11:30:17.055670,105,50,34,46,23,23,26,34,-5398,6392,7400,-11987,-557,-1861,560,3,-4,8
2025-11-26T11:30:17.070591,91,41,34,45,23,21,25,35,-5398,6392,7400,-11987,-551,-1849,583,-7,-2,2
2025-11-26T11:30:17.093874,106,42,31,28,21,21,27,36,-5398,6392,7400,-11987,-550,-1865,579,-6,-2,2
2025-11-26T11:30:17.114898,95,42,31,24,21,23,26,35,-5398,6392,7400,-11987,-550,-1862,589,13,0,8
2025-11-26T11:30:17.134607,102,41,31,30,21,23,26,28,-5398,6392,7400,-11987,-558,-1850,582,4,-1,4
2025-11-26T11:30:17.152802,106,39,30,31,21,25,24,29,-5398,6392,7400,-11987,-558,-1857,590,-9,-2,6
2025-11-26T11:30:17.179674,116,42,29,32,22,26,25,28,-5398,6392,7400,-11987,-550,-1868,582,3,-4,2
2025-11-26T11:30:17.194444,112,48,28,30,21,27,24,26,-5398,6392,7400,-11987,-557,-1867,580,10,-2,2
2025-11-26T11:30:17.216925,118,42,28,29,21,25,28,26,-5398,6392,7400,-11987,-550,-1856,586,12,-4,2
2025-11-26T11:30:17.235164,134,45,24,21,20,25,25,25,-5398,6392,7400,-11987,-550,-1863,604,11,-4,3
2025-11-26T11:30:17.258076,130,45,22,18,19,22,25,25,-5398,6392,7400,-11987,-549,-1852,587,11,-4,4
2025-11-26T11:30:17.272773,125,51,23,23,18,21,25,27,-5398,6392,7400,-11987,-551,-1856,585,9,-7,4
2025-11-26T11:30:17.295116,115,42,25,23,20,20,24,29,-5398,6391,7400,-11987,-547,-1868,578,13,-4,6
2025-11-26T11:30:17.314800,111,42,24,24,19,21,23,30,-5398,6391,7400,-11987,-551,-1859,575,15,-2,3
2025-11-26T11:30:17.337014,82,37,25,29,20,21,28,31,-5398,6391,7400,-11987,-547,-1863,580,11,-2,2
2025-11-26T11:30:17.355247,94,40,27,29,21,20,29,32,-5399,6391,7400,-11987,-544,-1869,593,14,-2,0
2025-11-26T11:30:17.377722,90,28,26,28,20,22,28,29,-5401,6386,7395,-11991,-543,-1860,615,30,-6,1
2025-11-26T11:30:17.392741,94,33,28,31,21,21,28,28,-5408,6374,7383,-12002,-537,-1879,688,68,-19,-2
2025-11-26T11:30:17.415234,88,37,42,46,23,22,28,27,-5423,6340,7345,-12037,-562,-1952,853,228,-73,6
2025-11-26T11:30:17.434692,119,40,56,63,43,36,22,23,-5448,6270,7281,-12100,-593,-1998,955,468,-202,-21
2025-11-26T11:30:17.451290,107,43,148,201,76,56,26,22,-5465,6172,7226,-12177,-642,-1845,941,502,-403,-107
2025-11-26T11:30:17.473705,108,52,219,347,125,88,40,27,-5445,6067,7220,-12242,-670,-1740,1067,126,-586,-125
2025-11-26T11:30:17.495388,105,51,236,415,187,99,89,39,-5379,6005,7306,-12250,-677,-1960,1186,-592,-552,-102
2025-11-26T11:30:17.512545,102,50,258,467,205,119,103,43,-5344,5879,7375,-12285,-503,-2055,1053,-190,-766,-225
2025-11-26T11:30:17.533443,59,52,276,501,226,125,112,44,-5346,5689,7364,-12380,-345,-2262,900,630,-917,-177
2025-11-26T11:30:17.557575,53,106,256,513,225,120,115,46,-5352,5477,7308,-12506,-555,-1891,678,1008,-1058,-267
2025-11-26T11:30:17.584468,67,194,207,463,218,110,116,53,-5330,5307,7236,-12630,-691,-1908,680,978,-953,-86
2025-11-26T11:30:17.595255,180,225,194,435,174,105,86,63,-5256,5203,7178,-12736,-745,-2083,586,755,-818,243
2025-11-26T11:30:17.617616,209,238,174,428,155,83,72,71,-5116,5137,7116,-12855,-938,-2183,558,678,-881,586
2025-11-26T11:30:17.638087,260,333,157,494,130,71,68,75,-4970,5069,7000,-13002,-942,-2077,667,917,-851,746
2025-11-26T11:30:17.654641,277,387,137,506,120,66,68,89,-4804,4993,6868,-13163,-941,-2102,673,1039,-933,900
2025-11-26T11:30:17.684883,322,367,198,484,97,48,61,87,-4642,4873,6686,-13359,-956,-2095,895,1356,-1087,931
2025-11-26T11:30:17.696839,436,366,257,468,89,42,65,85,-4502,4679,6433,-13598,-809,-1869,932,1803,-1228,975
2025-11-26T11:30:17.715317,428,364,336,490,94,43,61,78,-4353,4476,6160,-13839,-709,-1609,980,1894,-1254,1032
2025-11-26T11:30:17.737653,416,295,349,402,100,44,51,76,-4182,4283,5918,-14057,-630,-1434,1003,1645,-1261,1082
2025-11-26T11:30:17.757356,436,219,356,431,127,56,44,60,-4020,4096,5729,-14237,-466,-1287,1029,1331,-1232,933
2025-11-26T11:30:17.775175,415,229,336,483,131,60,47,68,-3887,3881,5585,-14390,-309,-1182,1007,1138,-1293,686
2025-11-26T11:30:17.805100,254,217,298,482,153,61,44,65,-3791,3643,5467,-14523,-95,-1154,1009,1064,-1273,464
2025-11-26T11:30:17.816899,252,215,298,424,150,59,48,67,-3721,3424,5363,-14632,-34,-1196,1103,962,-1098,345
2025-11-26T11:30:17.835151,230,200,284,411,136,55,50,66,-3679,3220,5259,-14727,55,-1196,1129,956,-926,236
2025-11-26T11:30:17.862246,183,207,299,338,112,42,55,66,-3657,3029,5150,-14812,105,-1101,1144,951,-796,154
2025-11-26T11:30:17.878416,154,170,292,304,106,39,53,85,-3639,2854,5062,-14881,127,-894,1163,724,-710,89
2025-11-26T11:30:17.898690,151,172,297,325,70,38,53,118,-3628,2679,5039,-14924,68,-774,1221,295,-790,-75
2025-11-26T11:30:17.922799,156,167,226,461,82,38,48,124,-3641,2509,5062,-14942,205,-1136,1298,161,-703,-201
2025-11-26T11:30:17.932641,213,171,236,578,106,46,65,135,-3675,2373,5027,-14968,63,-1305,1390,495,-491,-234
2025-11-26T11:30:17.953800,237,183,252,627,130,54,81,157,-3758,2267,4900,-15006,75,-1217,1508,931,-145,-349
2025-11-26T11:30:17.977738,236,288,318,618,133,66,85,149,-3810,2197,4806,-15034,117,-1031,1495,611,-32,-173
2025-11-26T11:30:17.996905,234,385,341,655,151,67,88,123,-3794,2172,4808,-15041,-175,-913,1527,-84,-150,45
2025-11-26T11:30:18.015707,228,436,493,588,163,79,89,119,-3751,2167,4885,-15027,-274,-1200,1605,-462,-208,112
2025-11-26T11:30:18.045162,180,452,676,502,201,94,83,110,-3732,2138,4910,-15028,-241,-1413,1684,-60,-228,30
2025-11-26T11:30:18.057294,168,476,706,440,218,100,76,96,-3748,2033,4836,-15062,-103,-1153,1664,538,-402,-136
2025-11-26T11:30:18.075323,174,424,701,430,228,98,72,93,-3745,1954,4772,-15094,5,-1035,1689,386,-267,24
2025-11-26T11:30:18.097739,157,345,710,393,238,106,68,90,-3742,1913,4690,-15126,-147,-961,1769,390,-117,38
2025-11-26T11:30:18.117099,156,293,628,440,235,107,70,88,-3781,1840,4620,-15147,-86,-817,1750,324,-200,-236
2025-11-26T11:30:18.135184,152,477,441,574,210,98,67,85,-3865,1794,4603,-15136,-133,-838,1660,37,-73,-520
2025-11-26T11:30:18.164861,162,666,410,646,223,103,65,108,-3963,1723,4606,-15118,-115,-1007,1623,58,-207,-650
2025-11-26T11:30:18.176494,217,888,487,759,300,206,87,124,-4080,1618,4657,-15083,-100,-938,1526,-167,-416,-859
2025-11-26T11:30:18.195228,238,967,564,828,342,270,135,145,-4158,1532,4847,-15011,-218,-836,1269,-973,-627,-800
2025-11-26T11:30:18.217185,242,990,593,865,435,357,198,175,-4232,1467,5059,-14926,23,-1410,1408,-950,-459,-711
2025-11-26T11:30:18.237417,250,984,588,843,441,358,224,201,-4297,1448,5200,-14861,112,-1587,1503,-602,-113,-498
2025-11-26T11:30:18.255433,219,852,561,796,432,364,241,191,-4355,1509,5253,-14819,206,-1632,1601,-264,443,-206
2025-11-26T11:30:18.285097,160,637,474,714,380,320,243,185,-4368,1626,5230,-14811,89,-1315,1721,-101,699,181
2025-11-26T11:30:18.300112,149,597,411,737,353,303,236,181,-4315,1789,5256,-14799,-163,-1305,1715,-476,658,492
2025-11-26T11:30:18.322706,164,676,373,648,254,199,188,156,-4215,1991,5360,-14764,-469,-1523,1656,-908,556,628
2025-11-26T11:30:18.337863,152,595,425,740,271,202,162,129,-4098,2123,5421,-14757,-531,-1689,1575,-467,206,651
2025-11-26T11:30:18.364701,151,603,484,726,276,195,132,113,-4007,2146,5392,-14789,-124,-1782,1589,268,-18,597
2025-11-26T11:30:18.375385,273,778,652,728,298,205,131,116,-3932,2100,5230,-14874,-84,-1114,1493,922,-177,546
2025-11-26T11:30:18.397669,298,814,671,712,278,154,108,103,-3844,2076,5148,-14928,-189,-1015,1348,441,-231,514
2025-11-26T11:30:18.419348,311,757,733,729,257,153,126,103,-3757,2086,5147,-14949,-259,-1290,1479,2,-152,463
2025-11-26T11:30:18.434781,311,810,721,605,252,161,121,91,-3678,2018,5075,-15003,-60,-1126,1441,480,-389,440
2025-11-26T11:30:18.457140,352,936,789,649,266,172,129,104,-3619,1931,5003,-15053,100,-996,1369,488,-388,343
2025-11-26T11:30:18.483740,272,800,668,732,265,156,115,89,-3579,1889,4951,-15085,56,-1038,1496,303,-152,271
2025-11-26T11:30:18.493440,242,728,621,691,270,153,119,83,-3547,1849,4917,-15109,22,-1103,1515,221,-159,204
2025-11-26T11:30:18.516469,218,769,616,715,275,148,103,79,-3509,1790,4875,-15138,105,-1121,1468,324,-231,237
2025-11-26T11:30:18.538681,217,745,643,703,250,130,115,88,-3481,1747,4825,-15166,21,-1079,1559,305,-159,186
2025-11-26T11:30:18.554532,142,605,622,665,222,95,107,73,-3458,1715,4778,-15189,-89,-1046,1585,260,-137,134
2025-11-26T11:30:18.577316,132,588,643,559,199,92,107,72,-3446,1685,4759,-15202,-17,-1091,1546,142,-110,73
2025-11-26T11:30:18.604644,119,608,659,517,190,88,101,71,-3451,1633,4728,-15216,88,-1013,1540,207,-141,-13
2025-11-26T11:30:18.615248,107,551,584,458,190,89,114,74,-3457,1576,4678,-15236,140,-1046,1561,346,-125,6
2025-11-26T11:30:18.637708,93,485,555,392,188,103,122,74,-3478,1528,4618,-15254,42,-938,1579,339,-87,-90
2025-11-26T11:30:18.660260,94,534,484,452,174,113,124,77,-3512,1488,4586,-15260,27,-892,1569,165,-71,-183
2025-11-26T11:30:18.675190,97,552,552,466,175,113,129,80,-3554,1447,4582,-15255,49,-888,1553,10,-78,-255
2025-11-26T11:30:18.697519,84,499,532,429,191,122,137,78,-3601,1412,4611,-15239,101,-1050,1544,-110,-60,-280
2025-11-26T11:30:18.720365,73,442,516,429,185,116,215,119,-3636,1388,4621,-15230,65,-1209,1564,48,-21,-193
2025-11-26T11:30:18.734930,80,420,501,457,184,117,212,117,-3676,1378,4598,-15228,-40,-1133,1570,175,47,-210
2025-11-26T11:30:18.757698,86,323,452,485,198,146,230,132,-3722,1353,4569,-15228,-90,-817,1508,118,-41,-281
2025-11-26T11:30:18.779870,96,421,310,468,182,146,229,132,-3758,1333,4620,-15206,3,-940,1527,-302,-83,-256
2025-11-26T11:30:18.795229,124,607,345,550,159,139,223,134,-3775,1321,4690,-15181,36,-1224,1508,-298,-82,-147
2025-11-26T11:30:18.817615,164,775,462,651,170,154,140,98,-3796,1305,4716,-15169,62,-1219,1537,-54,-38,-135
2025-11-26T11:30:18.839211,168,872,439,622,193,197,131,116,-3808,1287,4720,-15166,57,-1113,1518,26,-42,-72
2025-11-26T11:30:18.852620,167,933,498,547,188,182,100,114,-3803,1267,4730,-15166,101,-992,1521,-60,-73,27
2025-11-26T11:30:18.877851,231,1019,544,586,197,183,99,124,-3781,1270,4758,-15162,88,-1115,1556,-152,-7,131
2025-11-26T11:30:18.899222,238,979,519,547,212,186,109,132,-3761,1285,4785,-15158,86,-1209,1532,-114,59,144
2025-11-26T11:30:18.915240,238,962,460,536,201,175,112,179,-3756,1260,4752,-15171,207,-1047,1567,198,3,88
2025-11-26T11:30:18.937700,273,1094,481,550,176,113,111,183,-3747,1243,4717,-15186,264,-970,1569,172,61,140
2025-11-26T11:30:18.959917,281,1086,429,780,191,91,124,207,-3727,1262,4702,-15194,251,-905,1587,-30,202,237
2025-11-26T11:30:18.974789,234,1065,436,907,234,100,139,353,-3694,1296,4716,-15195,269,-1107,1585,-124,243,314
2025-11-26T11:30:19.001935,248,1114,533,907,218,101,151,479,-3665,1312,4700,-15205,229,-1148,1622,79,174,279
2025-11-26T11:30:19.019947,292,1147,557,914,225,104,175,497,-3628,1325,4666,-15224,267,-1217,1581,229,186,354
2025-11-26T11:30:19.039387,322,1032,589,944,255,110,210,623,-3562,1362,4626,-15248,189,-1084,1483,205,237,528
2025-11-26T11:30:19.057467,362,1058,606,815,236,111,267,687,-3473,1403,4583,-15278,114,-1163,1540,238,199,642
2025-11-26T11:30:19.080216,438,1059,666,650,193,101,301,635,-3363,1452,4527,-15315,34,-1279,1563,347,191,769
2025-11-26T11:30:19.094899,484,1170,759,701,210,93,306,654,-3243,1504,4427,-15365,-124,-1201,1503,585,175,825
2025-11-26T11:30:19.125223,579,1270,821,729,232,96,331,680,-3127,1555,4346,-15407,-187,-1099,1461,448,136,761
2025-11-26T11:30:19.144430,596,1340,845,826,247,108,332,665,-2987,1612,4270,-15450,-251,-1006,1436,381,105,884
2025-11-26T11:30:19.155421,648,1378,882,870,273,127,314,636,-2831,1664,4222,-15487,-347,-1042,1432,238,-5,926
2025-11-26T11:30:19.177699,631,1340,823,851,270,147,289,671,-2677,1705,4195,-15517,-429,-1003,1326,148,-108,856
2025-11-26T11:30:19.200003,609,1338,797,784,267,154,292,608,-2521,1731,4183,-15543,-461,-868,1331,12,-215,825
2025-11-26T11:30:19.215189,509,1341,732,691,255,178,252,567,-2335,1759,4217,-15560,-562,-973,1456,-249,-312,928
2025-11-26T11:30:19.237555,472,1276,719,564,226,198,229,497,-2157,1778,4260,-15572,-464,-970,1436,-301,-301,898
2025-11-26T11:30:19.260179,401,1251,735,463,197,189,209,625,-2000,1822,4319,-15572,-504,-897,1314,-407,-167,790
2025-11-26T11:30:19.282775,473,1372,818,475,200,182,225,644,-1839,1873,4412,-15559,-550,-848,1224,-627,-168,777
2025-11-26T11:30:19.297527,565,1414,863,516,190,189,212,636,-1657,1949,4571,-15524,-693,-994,1231,-989,-142,843
2025-11-26T11:30:19.320228,558,1268,842,509,170,160,217,636,-1448,2022,4777,-15474,-848,-1204,1250,-1212,-269,912
2025-11-26T11:30:19.342707,629,1348,924,496,144,142,238,633,-1192,2068,4984,-15424,-801,-1425,1109,-1118,-466,1153
2025-11-26T11:30:19.357543,662,1488,892,456,139,139,234,488,-881,2131,5210,-15362,-875,-1416,938,-1264,-505,1435
2025-11-26T11:30:19.383955,624,1417,896,516,128,133,220,404,-540,2196,5412,-15298,-1008,-1256,968,-1250,-572,1560
2025-11-26T11:30:19.402628,525,1317,849,572,157,114,226,366,-157,2209,5576,-15246,-1116,-1390,1160,-1204,-705,1843
2025-11-26T11:30:19.417682,586,1382,921,597,174,123,304,381,193,2226,5715,-15192,-810,-1177,1203,-1085,-580,1716
2025-11-26T11:30:19.440197,498,1346,954,578,186,103,311,323,482,2262,5828,-15137,-677,-1394,1248,-810,-403,1459
2025-11-26T11:30:19.470990,433,1172,987,661,192,116,409,270,717,2311,5846,-15113,-134,-984,1812,-584,40,1411
2025-11-26T11:30:19.477681,400,1124,987,723,209,114,436,264,885,2385,5880,-15080,-210,-1023,2155,-732,365,1092
2025-11-26T11:30:19.499826,405,1003,966,680,203,129,461,276,919,2458,5996,-15020,-73,-1108,2200,-1096,746,412
2025-11-26T11:30:19.522815,296,902,1064,745,213,178,512,232,913,2537,6177,-14934,102,-1267,2219,-1430,984,265
2025-11-26T11:30:19.537826,285,804,998,749,223,191,621,231,896,2645,6357,-14840,25,-1405,2344,-1451,1173,283
2025-11-26T11:30:19.559739,255,703,984,873,251,210,602,219,845,2707,6565,-14741,278,-1607,2250,-1520,1099,126
2025-11-26T11:30:19.582693,200,622,1000,800,267,229,634,198,805,2771,6736,-14654,137,-1530,2005,-1284,974,147
2025-11-26T11:30:19.597797,169,671,970,785,277,230,623,149,783,2833,6865,-14584,-337,-1672,1934,-1005,722,116
2025-11-26T11:30:19.620231,165,584,828,876,360,196,565,138,751,2846,6910,-14561,-405,-1779,1828,-414,396,11
2025-11-26T11:30:19.642925,150,469,763,876,359,196,435,111,690,2833,6872,-14585,-323,-1542,1704,115,268,-144
2025-11-26T11:30:19.658502,148,455,702,702,371,209,371,111,621,2803,6857,-14601,-356,-1426,1565,7,163,-280
2025-11-26T11:30:19.680241,137,457,599,754,403,260,396,127,557,2771,6858,-14609,-518,-1519,1571,-77,105,-332
2025-11-26T11:30:19.702367,158,305,545,877,399,280,381,131,486,2755,6823,-14631,-700,-1595,1440,236,84,-361
2025-11-26T11:30:19.717641,140,296,472,693,368,286,350,115,378,2713,6742,-14679,-423,-1577,1441,555,94,-465
2025-11-26T11:30:19.739864,138,272,444,815,374,285,335,130,254,2686,6634,-14736,-419,-1506,1510,699,194,-501
2025-11-26T11:30:19.762733,140,252,439,883,393,265,337,286,123,2704,6519,-14786,-523,-1454,1553,703,412,-480
2025-11-26T11:30:19.777566,141,203,361,870,354,196,152,476,9,2760,6420,-14819,-780,-1499,1415,649,467,-412
2025-11-26T11:30:19.800149,127,152,318,834,362,184,173,492,-134,2840,6289,-14859,-769,-1592,1499,875,661,-454
2025-11-26T11:30:19.822696,124,127,296,848,302,170,167,559,-308,2965,6081,-14919,-882,-1521,1611,1293,921,-478
2025-11-26T11:30:19.837704,122,134,304,743,312,164,166,563,-494,3111,5864,-14971,-871,-1285,1583,1279,1066,-505
2025-11-26T11:30:19.859945,181,448,364,743,314,151,164,551,-688,3308,5664,-14998,-1254,-1242,1397,1209,1192,-598
2025-11-26T11:30:19.882482,185,515,394,726,316,156,159,408,-865,3476,5493,-15015,-1464,-1405,1299,1138,930,-629
2025-11-26T11:30:19.897781,265,708,506,673,307,175,138,406,-1096,3570,5319,-15040,-1190,-1326,1424,1199,758,-948
2025-11-26T11:30:19.920175,288,744,529,710,321,183,124,317,-1309,3655,5243,-15029,-1129,-976,951,643,623,-1048
2025-11-26T11:30:19.942539,295,781,638,822,381,193,136,342,-1590,3702,5074,-15049,-1362,-1336,988,1411,464,-1344
2025-11-26T11:30:19.957643,261,667,619,724,327,208,131,266,-1892,3572,4877,-15110,-1415,-1550,1232,1626,-203,-1542
2025-11-26T11:30:19.979917,291,644,605,686,352,229,140,281,-2216,3426,4755,-15139,-973,-917,1071,1167,-222,-1789
2025-11-26T11:30:20.002592,223,469,599,749,353,222,166,285,-2492,3247,4728,-15144,-1016,-986,905,632,-530,-1729
2025-11-26T11:30:20.017616,197,429,623,706,358,220,224,385,-2713,3019,4728,-15153,-625,-1425,984,730,-968,-1512
2025-11-26T11:30:20.039931,209,360,546,556,263,205,247,461,-2922,2791,4737,-15155,-467,-1437,887,702,-957,-1439
2025-11-26T11:30:20.062573,211,374,634,630,285,196,263,529,-3102,2596,4733,-15155,-193,-1498,858,749,-716,-1153
2025-11-26T11:30:20.081938,163,333,682,635,251,167,262,543,-3234,2422,4651,-15182,-106,-1299,972,1024,-586,-785
2025-11-26T11:30:20.100515,137,265,697,487,256,138,238,541,-3318,2265,4618,-15198,43,-1261,996,671,-561,-525
2025-11-26T11:30:20.122571,144,262,716,615,292,139,209,516,-3368,2103,4585,-15221,72,-1239,1058,650,-640,-352
2025-11-26T11:30:20.137745,154,265,705,728,321,147,195,488,-3412,1958,4495,-15257,-56,-1012,1133,826,-567,-308
2025-11-26T11:30:20.160141,183,257,738,671,305,148,165,428,-3456,1837,4439,-15278,72,-742,1203,466,-419,-292
2025-11-26T11:30:20.182822,192,334,723,747,302,179,167,391,-3487,1735,4487,-15269,253,-1032,1311,-56,-359,-237
2025-11-26T11:30:20.204815,208,418,684,827,325,204,191,390,-3491,1655,4535,-15263,304,-1173,1296,-27,-279,-39
2025-11-26T11:30:20.220142,215,414,679,783,291,227,181,478,-3497,1597,4519,-15273,173,-1029,1395,211,-153,-10
2025-11-26T11:30:20.242716,194,411,698,729,277,230,166,435,-3507,1559,4502,-15279,174,-942,1557,105,-39,-12
2025-11-26T11:30:20.264963,165,397,667,874,304,231,168,430,-3510,1536,4534,-15271,147,-1043,1599,-162,-33,-2
2025-11-26T11:30:20.280182,152,355,667,882,301,207,173,429,-3493,1515,4574,-15265,109,-1151,1551,-159,-86,97
2025-11-26T11:30:20.302636,151,352,627,866,258,171,145,435,-3477,1502,4582,-15268,-5,-1182,1582,20,-58,96
2025-11-26T11:30:20.325229,153,494,638,873,288,138,131,277,-3475,1498,4548,-15279,-106,-1082,1653,185,12,30
2025-11-26T11:30:20.340336,174,589,636,884,266,128,125,291,-3477,1485,4539,-15282,-158,-1008,1654,22,-85,-41
2025-11-26T11:30:20.362725,198,761,538,754,232,120,125,275,-3482,1468,4558,-15277,-83,-1057,1580,-88,-93,-67
2025-11-26T11:30:20.384823,255,906,604,795,251,136,154,348,-3471,1476,4584,-15271,-104,-1110,1624,-153,-9,47
2025-11-26T11:30:20.400158,307,1045,619,739,249,135,167,374,-3461,1503,4607,-15264,-112,-1100,1751,-216,100,73
2025-11-26T11:30:20.422696,313,1035,617,686,187,124,173,466,-3447,1516,4606,-15266,-74,-1182,1747,-21,67,106
2025-11-26T11:30:20.444765,324,1127,602,711,259,134,188,540,-3428,1541,4573,-15278,-143,-1160,1746,145,126,163
2025-11-26T11:30:20.460334,352,1056,612,750,280,140,249,627,-3405,1576,4523,-15294,-238,-1131,1787,199,146,187
2025-11-26T11:30:20.482773,363,948,547,624,264,122,232,608,-3381,1592,4462,-15316,-142,-1276,1825,356,111,217
2025-11-26T11:30:20.513740,363,823,539,698,281,128,238,626,-3347,1604,4352,-15353,-251,-970,1746,526,77,261
2025-11-26T11:30:20.520459,433,1043,636,841,343,159,284,686,-3311,1628,4280,-15379,-320,-990,1702,336,64,245
2025-11-26T11:30:20.546832,428,936,639,778,307,161,295,673,-3267,1639,4248,-15396,-177,-1123,1609,211,13,284
2025-11-26T11:30:20.565679,403,927,641,746,296,154,273,644,-3229,1649,4155,-15429,-195,-1026,1673,506,75,296
2025-11-26T11:30:20.584272,395,1049,606,787,292,152,293,691,-3188,1668,4090,-15452,-319,-1029,1595,363,37,271
2025-11-26T11:30:20.602662,385,1090,656,799,288,153,301,713,-3158,1671,4018,-15477,-202,-898,1596,378,30,224
2025-11-26T11:30:20.624702,323,966,500,705,223,128,285,638,-3125,1648,3986,-15495,-2,-880,1541,193,-63,228
2025-11-26T11:30:20.639974,439,1063,498,831,212,112,285,677,-3095,1610,3959,-15511,137,-879,1515,192,-81,223
2025-11-26T11:30:20.663233,516,1255,590,923,267,112,271,692,-3066,1574,3914,-15532,270,-915,1552,310,12,273
2025-11-26T11:30:20.685132,551,1329,670,937,293,119,268,694,-3013,1554,3856,-15559,265,-893,1548,350,76,430
2025-11-26T11:30:20.700175,563,1364,652,977,327,153,287,676,-2952,1532,3781,-15591,263,-885,1528,458,70,481
2025-11-26T11:30:20.722702,566,1373,717,969,340,201,311,702,-2875,1527,3726,-15620,35,-882,1445,349,10,519
2025-11-26T11:30:20.744916,531,1400,772,894,354,225,347,744,-2781,1536,3705,-15641,-37,-954,1427,178,-4,588
2025-11-26T11:30:20.760215,521,1381,746,803,320,233,362,749,-2660,1547,3701,-15662,-290,-966,1482,64,-152,661
2025-11-26T11:30:20.782502,568,1386,834,797,344,243,349,696,-2539,1543,3679,-15687,-273,-1103,1540,234,-207,675
2025-11-26T11:30:20.805214,600,1371,872,723,328,232,342,705,-2390,1558,3636,-15719,-411,-936,1491,260,-186,830
2025-11-26T11:30:20.819967,676,1469,1009,683,306,213,333,748,-2227,1577,3640,-15740,-717,-960,1421,19,-362,800
2025-11-26T11:30:20.842738,684,1426,1021,623,288,198,290,657,-2030,1594,3670,-15758,-809,-912,1400,-164,-476,941
2025-11-26T11:30:20.864902,760,1437,1044,725,276,199,280,611,-1820,1610,3736,-15767,-679,-773,1296,-428,-460,1006
2025-11-26T11:30:20.880190,708,1308,966,768,238,218,305,623,-1608,1643,3857,-15757,-743,-829,1246,-724,-415,987
2025-11-26T11:30:20.910913,689,1373,937,691,208,210,285,644,-1399,1703,3948,-15748,-531,-812,1402,-641,-129,1083
2025-11-26T11:30:20.925209,708,1334,763,692,215,198,283,560,-1184,1806,4047,-15729,-747,-1041,1477,-641,22,1129
2025-11-26T11:30:20.940183,694,1409,792,706,252,188,272,521,-940,1933,4144,-15705,-846,-1000,1337,-655,76,1293
2025-11-26T11:30:20.962722,678,1373,800,678,333,192,266,497,-664,2056,4264,-15671,-923,-783,1362,-932,-6,1403
2025-11-26T11:30:20.984803,688,1448,796,558,313,185,320,490,-374,2134,4399,-15633,-830,-958,1512,-991,-189,1455
2025-11-26T11:30:21.000140,724,1395,910,647,350,182,325,381,-98,2143,4516,-15603,-616,-960,1516,-884,-431,1351
2025-11-26T11:30:21.022707,735,1398,949,699,368,182,294,316,196,2125,4610,-15577,-794,-932,1376,-743,-695,1367
2025-11-26T11:30:21.045196,750,1368,987,722,347,188,306,291,516,2066,4728,-15542,-979,-893,1239,-889,-1044,1363
2025-11-26T11:30:21.067743,730,1380,1003,675,281,176,308,292,777,1961,4867,-15502,-450,-974,1450,-1019,-917,1126
2025-11-26T11:30:21.082688,792,1447,1044,707,306,170,245,273,1001,1872,4907,-15487,-374,-1317,1893,-412,-723,1084
2025-11-26T11:30:21.105201,763,1518,1056,721,294,179,240,268,1183,1807,4899,-15485,-492,-1113,1901,-189,-603,861
2025-11-26T11:30:21.120280,672,1461,1091,778,292,182,317,260,1349,1798,4936,-15461,-386,-925,1872,-504,-202,866
2025-11-26T11:30:21.142796,624,1372,1029,815,300,184,322,253,1448,1814,5102,-15396,-27,-1327,1966,-1083,310,654
2025-11-26T11:30:21.162989,526,1274,983,804,290,183,372,228,1511,1906,5200,-15345,150,-1403,2170,-691,852,717
2025-11-26T11:30:21.185889,494,1235,1054,822,306,185,389,250,1553,2056,5290,-15291,50,-1025,2089,-753,1154,641
2025-11-26T11:30:21.200625,448,1044,995,805,282,177,429,245,1552,2200,5461,-15211,-12,-1084,1919,-1146,1228,358
2025-11-26T11:30:21.223487,484,1033,1070,761,281,206,490,236,1492,2297,5610,-15148,446,-956,2041,-1092,1281,103
2025-11-26T11:30:21.248068,503,1131,1066,858,326,213,507,235,1420,2392,5812,-15064,308,-1297,2147,-1334,1317,35
2025-11-26T11:30:21.262743,491,1098,1127,987,344,210,485,222,1344,2492,5957,-14998,326,-1192,2068,-1041,1299,50
2025-11-26T11:30:21.284795,357,920,1042,1046,362,198,506,173,1266,2581,6095,-14934,136,-1375,1976,-930,1162,1
2025-11-26T11:30:21.307633,340,994,1031,1035,432,203,478,170,1158,2675,6167,-14897,-82,-1343,1848,-489,1097,-170
2025-11-26T11:30:21.322755,222,874,895,1056,459,161,360,138,1046,2757,6210,-14872,-516,-1463,1644,-208,825,-332
2025-11-26T11:30:21.345638,124,665,844,962,441,157,314,111,936,2804,6187,-14880,-762,-1455,1626,182,499,-436
2025-11-26T11:30:21.367678,120,619,753,816,461,157,336,116,815,2809,6142,-14905,-697,-1413,1551,344,289,-553
2025-11-26T11:30:21.382793,133,583,693,734,451,155,273,104,703,2802,6103,-14928,-430,-1355,1523,288,299,-455
2025-11-26T11:30:21.404757,127,449,585,769,409,139,263,89,641,2822,6052,-14948,-933,-1494,1450,388,129,-289
2025-11-26T11:30:21.428344,123,393,493,736,405,133,263,97,564,2817,5925,-15003,-864,-1557,1540,863,15,-310
2025-11-26T11:30:21.442829,124,389,492,743,399,116,261,92,456,2822,5715,-15087,-832,-1236,1656,1247,113,-420
2025-11-26T11:30:21.465648,117,350,490,727,365,112,179,85,301,2866,5539,-15148,-829,-1019,1611,1032,420,-645
2025-11-26T11:30:21.487926,87,302,476,673,331,89,144,86,151,2963,5410,-15178,-1033,-1121,1627,775,642,-603
2025-11-26T11:30:21.502686,97,223,470,634,309,107,120,177,-36,3068,5261,-15210,-1069,-1171,1503,999,713,-759
2025-11-26T11:30:21.525371,94,204,467,571,251,132,102,180,-291,3182,5029,-15263,-1141,-1230,1549,1566,835,-1004
2025-11-26T11:30:21.547451,86,197,454,519,266,128,95,182,-582,3301,4799,-15303,-1172,-971,1453,1517,907,-1231
2025-11-26T11:30:21.562739,94,186,374,692,291,125,84,222,-878,3444,4649,-15304,-1469,-873,1241,1064,903,-1424
2025-11-26T11:30:21.584887,99,187,365,688,299,140,118,246,-1212,3430,4624,-15292,-1692,-898,1037,520,357,-1827
2025-11-26T11:30:21.607722,75,163,369,652,310,140,120,195,-1587,3365,4668,-15258,-1410,-957,1144,188,182,-2192
2025-11-26T11:30:21.622749,83,184,452,719,328,133,122,188,-1979,3281,4749,-15206,-1215,-1103,1123,14,124,-2355
2025-11-26T11:30:21.653042,84,175,455,769,296,146,125,185,-2296,3162,4906,-15136,-1195,-1496,1051,-431,-214,-2103
2025-11-26T11:30:21.667699,74,165,450,605,265,169,187,148,-2617,3027,5042,-15067,-1023,-1633,919,-286,-270,-2123
2025-11-26T11:30:21.682737,83,186,544,640,262,173,194,115,-2951,2851,5090,-15023,-568,-1454,819,256,-363,-2119
2025-11-26T11:30:21.704732,85,217,624,636,236,194,212,307,-3194,2653,5084,-15012,-101,-1699,840,859,-546,-1466
2025-11-26T11:30:21.727754,99,237,667,596,221,185,209,317,-3356,2429,5070,-15019,-4,-1612,813,872,-803,-1063
2025-11-26T11:30:21.747086,103,258,663,504,237,184,216,344,-3451,2219,4981,-15060,-27,-1585,880,1225,-796,-632
2025-11-26T11:30:21.773836,102,259,710,549,240,165,175,348,-3522,2050,4823,-15119,-80,-1055,1036,1285,-587,-433
2025-11-26T11:30:21.787368,107,276,702,657,259,158,168,354,-3565,1937,4776,-15139,-16,-905,1188,451,-419,-309
2025-11-26T11:30:21.802501,122,267,704,718,254,129,192,226,-3585,1836,4820,-15133,226,-1240,1309,19,-382,-176
2025-11-26T11:30:21.825277,128,261,653,714,252,172,231,320,-3589,1745,4811,-15145,290,-1392,1315,371,-283,-2
2025-11-26T11:30:21.847591,138,267,712,708,243,174,235,380,-3590,1671,4714,-15184,173,-1068,1425,677,-158,66
2025-11-26T11:30:21.867117,145,296,707,782,248,175,229,383,-3590,1622,4655,-15207,192,-904,1484,344,-63,78
2025-11-26T11:30:21.885140,143,274,674,710,221,179,220,399,-3574,1597,4678,-15206,158,-1062,1528,-105,-63,106
2025-11-26T11:30:21.907777,132,288,614,671,234,182,198,395,-3556,1563,4693,-15210,164,-1108,1447,1,-113,119
2025-11-26T11:30:21.922754,116,354,596,650,216,143,151,331,-3543,1515,4678,-15222,111,-1100,1454,188,-172,79
2025-11-26T11:30:21.945338,112,471,524,688,205,126,136,230,-3537,1468,4641,-15239,66,-1098,1499,302,-149,42
2025-11-26T11:30:21.967899,163,600,517,691,232,124,143,219,-3529,1424,4608,-15256,20,-1012,1466,257,-166,36
2025-11-26T11:30:21.982762,167,638,455,704,225,116,150,172,-3524,1394,4597,-15263,-36,-911,1519,47,-141,2
2025-11-26T11:30:22.005222,246,790,466,814,289,125,133,184,-3526,1375,4621,-15257,20,-954,1571,-165,-83,-36
2025-11-26T11:30:22.027765,265,871,459,850,323,132,137,173,-3534,1388,4678,-15236,-55,-1149,1619,-326,28,-69
2025-11-26T11:30:22.042203,307,923,457,845,326,147,165,264,-3544,1415,4717,-15220,-23,-1262,1634,-201,137,-30
2025-11-26T11:30:22.065376,322,868,391,747,295,160,174,322,-3542,1431,4690,-15227,19,-1156,1672,126,150,91
2025-11-26T11:30:22.087778,357,957,436,802,319,162,182,427,-3521,1458,4676,-15234,-129,-1155,1661,45,106,153
2025-11-26T11:30:22.110582,335,1040,410,703,281,152,178,463,-3488,1492,4682,-15236,-180,-1252,1709,-57,75,204
2025-11-26T11:30:22.125242,383,1038,532,887,289,148,184,488,-3436,1491,4629,-15264,-172,-1198,1810,276,-66,309
2025-11-26T11:30:22.147943,354,981,512,974,295,129,173,509,-3394,1481,4543,-15300,-108,-1062,1660,470,-33,285
2025-11-26T11:30:22.170776,369,1045,531,1068,331,151,195,550,-3369,1472,4456,-15332,-186,-987,1655,460,-40,175
2025-11-26T11:30:22.193519,386,988,645,1085,331,164,190,598,-3362,1451,4404,-15351,-69,-1003,1549,322,-51,60
2025-11-26T11:30:22.208120,437,1050,715,1130,328,170,220,622,-3348,1437,4384,-15361,-52,-952,1444,139,-56,87
2025-11-26T11:30:22.230994,442,1146,657,1055,374,199,241,686,-3330,1422,4382,-15367,40,-1014,1492,58,-48,122
2025-11-26T11:30:22.245204,516,1219,716,1042,384,219,240,707,-3274,1419,4388,-15377,143,-1019,1541,-23,5,369
2025-11-26T11:30:22.267584,525,1328,772,1054,364,206,253,676,-3198,1440,4380,-15393,34,-1213,1554,104,64,503
2025-11-26T11:30:22.298161,594,1398,748,1041,360,202,282,709,-3113,1455,4322,-15426,42,-1127,1446,398,73,588
2025-11-26T11:30:22.305027,589,1376,767,979,341,198,288,748,-3021,1485,4246,-15462,-89,-1023,1434,437,105,622
2025-11-26T11:30:22.327738,570,1302,758,932,283,180,314,714,-2921,1523,4194,-15492,-159,-1018,1486,283,84,645
2025-11-26T11:30:22.350560,521,1326,760,867,279,167,332,697,-2781,1573,4161,-15522,-287,-1238,1527,245,32,841
2025-11-26T11:30:22.364729,533,1260,759,739,281,161,314,701,-2618,1607,4100,-15563,-347,-1224,1504,417,-91,960
2025-11-26T11:30:22.387512,468,1238,707,607,261,182,349,588,-2454,1627,4017,-15609,-424,-921,1454,437,-182,929
2025-11-26T11:30:22.410703,521,1313,830,680,308,197,346,660,-2287,1669,3975,-15641,-611,-851,1545,123,-169,888
2025-11-26T11:30:22.424968,547,1341,812,596,280,212,322,632,-2113,1701,3978,-15661,-636,-1066,1581,-32,-260,898
2025-11-26T11:30:22.444638,554,1379,802,584,274,214,322,633,-1925,1702,3994,-15681,-524,-995,1508,-105,-403,947
2025-11-26T11:30:22.467954,547,1380,775,586,261,215,332,670,-1705,1713,4011,-15701,-637,-996,1360,-96,-450,1107
2025-11-26T11:30:22.482453,554,1494,802,586,257,185,285,729,-1494,1740,4008,-15720,-570,-856,1286,-37,-312,1100
2025-11-26T11:30:22.505600,561,1437,735,591,213,168,337,594,-1273,1797,3999,-15736,-668,-920,1525,-63,-171,1190
2025-11-26T11:30:22.528658,539,1442,780,593,239,139,327,637,-987,1869,4039,-15737,-935,-1141,1455,-270,-305,1480
2025-11-26T11:30:22.545240,573,1433,806,569,262,134,310,600,-674,1921,4040,-15747,-948,-708,1283,-215,-455,1587
2025-11-26T11:30:22.568107,679,1628,858,629,290,137,302,570,-402,1958,4076,-15743,-819,-451,1025,-446,-442,1323
2025-11-26T11:30:22.590023,653,1548,828,651,302,142,281,469,-152,1951,4224,-15709,-667,-847,1012,-889,-568,1158
2025-11-26T11:30:22.605253,624,1574,797,567,296,135,212,448,135,1901,4358,-15679,-826,-804,998,-864,-919,1252
2025-11-26T11:30:22.627769,627,1540,886,582,266,125,267,374,412,1826,4589,-15617,-787,-827,1028,-1432,-991,1103
2025-11-26T11:30:22.650175,594,1493,941,594,228,113,266,355,612,1762,4836,-15543,-224,-1178,1334,-1458,-502,898
2025-11-26T11:30:22.665523,468,1251,994,544,189,101,288,267,781,1714,4977,-15496,-306,-1507,1574,-771,-414,839
2025-11-26T11:30:22.687822,478,1312,1031,570,161,101,315,255,980,1720,5025,-15469,-601,-1265,1735,-404,-313,1015
2025-11-26T11:30:22.710239,415,1170,1030,709,193,120,334,219,1115,1755,5071,-15441,-265,-929,1991,-581,134,797
2025-11-26T11:30:22.724966,395,1202,1055,750,209,138,363,189,1206,1835,5195,-15383,-99,-1131,2259,-1022,627,694
2025-11-26T11:30:22.748364,374,1199,1044,788,202,138,420,175,1257,1958,5310,-15324,48,-1265,2467,-960,1036,645
2025-11-26T11:30:22.770276,311,1122,991,870,207,147,468,181,1295,2098,5444,-15255,21,-1086,2326,-1116,1148,573
2025-11-26T11:30:22.784923,264,930,1016,908,228,148,474,165,1307,2222,5625,-15171,108,-1136,2082,-1300,1163,427
2025-11-26T11:30:22.807826,229,875,1055,836,220,130,472,159,1273,2316,5807,-15091,208,-1198,2078,-1280,1140,178
2025-11-26T11:30:22.830236,218,807,1107,866,247,130,428,157,1237,2402,5940,-15029,110,-1195,2045,-1011,1029,160
2025-11-26T11:30:22.845208,207,818,1046,836,258,133,380,138,1178,2456,6068,-14974,-74,-1311,1956,-910,823,-71
2025-11-26T11:30:22.867659,191,794,1030,829,271,131,289,126,1092,2492,6167,-14934,-94,-1371,1845,-672,735,-218
2025-11-26T11:30:22.890219,171,754,1009,785,295,135,275,115,1008,2547,6233,-14902,-204,-1465,1719,-416,752,-168
2025-11-26T11:30:22.905239,164,740,914,796,285,140,278,111,915,2624,6265,-14882,-462,-1287,1595,-228,741,-266
2025-11-26T11:30:22.928417,166,835,751,762,294,165,275,85,819,2666,6313,-14860,-546,-1405,1490,-248,537,-380
2025-11-26T11:30:22.949953,147,706,766,790,375,166,262,76,709,2694,6331,-14853,-646,-1480,1463,-26,423,-488
2025-11-26T11:30:22.965193,154,724,771,786,414,166,263,83,613,2711,6312,-14862,-716,-1396,1422,170,282,-451
2025-11-26T11:30:22.988141,156,722,781,798,441,160,233,82,530,2732,6297,-14868,-695,-1384,1366,146,275,-377
2025-11-26T11:30:23.010225,151,656,737,774,469,163,163,79,448,2741,6252,-14887,-717,-1509,1382,369,189,-357
2025-11-26T11:30:23.034178,108,387,639,731,475,120,127,76,352,2752,6113,-14946,-678,-1389,1629,831,226,-352
2025-11-26T11:30:23.056239,104,288,603,750,500,125,120,87,213,2792,5960,-15003,-735,-1284,1695,894,449,-525
2025-11-26T11:30:23.078735,94,214,509,858,492,122,102,97,35,2892,5815,-15042,-865,-1219,1709,846,807,-669
2025-11-26T11:30:23.092907,85,195,351,829,450,151,96,111,-163,3029,5688,-15063,-894,-1242,1681,765,1044,-708
2025-11-26T11:30:23.107037,85,181,353,809,435,146,100,148,-364,3194,5565,-15071,-1080,-1251,1606,760,1132,-722
2025-11-26T11:30:23.129932,107,198,407,881,433,165,111,159,-568,3355,5445,-15074,-1310,-1214,1459,784,1012,-829
2025-11-26T11:30:23.153030,106,186,370,861,345,163,122,380,-802,3490,5341,-15070,-1349,-1370,1224,873,880,-1031
2025-11-26T11:30:23.167217,110,190,395,802,344,169,125,575,-1065,3584,5243,-15066,-1467,-1324,1271,855,682,-1308
2025-11-26T11:30:23.190002,112,193,394,845,358,146,126,586,-1356,3643,5191,-15046,-1360,-1150,1218,586,584,-1578
2025-11-26T11:30:23.213560,115,207,383,943,360,143,119,594,-1659,3603,5170,-15032,-1363,-1059,1131,483,283,-1672
2025-11-26T11:30:23.228083,114,202,410,901,332,122,109,601,-1966,3455,5187,-15024,-1218,-1507,970,421,-298,-1907
2025-11-26T11:30:23.250641,123,198,392,856,315,117,155,524,-2251,3285,5248,-15002,-1111,-1515,946,162,-455,-1889
2025-11-26T11:30:23.273521,124,188,435,740,280,96,160,316,-2491,3093,5310,-14982,-788,-1599,878,137,-627,-1673
2025-11-26T11:30:23.287744,128,204,542,686,259,87,164,306,-2710,2896,5300,-14987,-177,-1843,724,939,-599,-1306
2025-11-26T11:30:23.310237,131,331,693,669,230,90,173,287,-2900,2683,5076,-15069,-152,-1424,881,1745,-618,-1036
2025-11-26T11:30:23.333254,128,358,671,641,219,85,236,285,-3041,2477,4921,-15128,-264,-1126,834,1430,-752,-865
2025-11-26T11:30:23.347513,185,498,719,674,229,100,223,292,-3154,2281,4823,-15167,-123,-1051,1009,995,-732,-748
2025-11-26T11:30:23.370310,242,615,717,672,234,134,232,370,-3249,2107,4741,-15198,101,-1311,1101,958,-560,-559
2025-11-26T11:30:23.393101,245,622,721,683,256,139,233,396,-3318,1975,4647,-15230,157,-1126,1176,860,-353,-352
2025-11-26T11:30:23.407822,255,689,634,558,235,157,308,410,-3355,1879,4585,-15252,156,-1030,1370,526,-244,-171
2025-11-26T11:30:23.430276,265,762,694,714,242,159,319,406,-3358,1785,4546,-15275,170,-1201,1343,473,-312,3
2025-11-26T11:30:23.453425,263,715,712,688,229,156,308,367,-3350,1719,4482,-15303,43,-1112,1351,542,-224,72
2025-11-26T11:30:23.467902,237,770,668,669,204,139,317,273,-3345,1684,4435,-15322,-3,-1043,1435,358,-85,69
2025-11-26T11:30:23.489402,243,827,572,657,183,138,316,222,-3333,1653,4404,-15337,-38,-1077,1447,270,-106,86
2025-11-26T11:30:23.513428,234,761,514,653,181,122,253,218,-3323,1616,4376,-15351,-35,-1039,1433,255,-139,60
2025-11-26T11:30:23.527583,259,718,405,446,171,130,201,317,-3323,1590,4347,-15362,-134,-926,1560,168,-107,-13
2025-11-26T11:30:23.550319,262,837,420,440,167,124,198,352,-3325,1580,4362,-15358,-30,-1046,1586,-61,-15,-5
2025-11-26T11:30:23.573470,257,898,483,447,160,114,178,431,-3311,1567,4359,-15363,60,-1202,1659,94,4,130
2025-11-26T11:30:23.588357,343,937,534,599,157,149,273,606,-3282,1548,4303,-15387,40,-1166,1656,393,-11,238
2025-11-26T11:30:23.610211,387,1055,595,609,193,249,294,678,-3234,1536,4193,-15429,-147,-1008,1720,604,-26,335
2025-11-26T11:30:23.634090,370,1095,613,942,257,261,311,715,-3216,1519,4105,-15458,-86,-800,1695,417,-6,158
2025-11-26T11:30:23.647348,407,1076,567,1014,294,266,325,806,-3199,1507,4085,-15468,28,-898,1595,106,7,143
2025-11-26T11:30:23.670085,449,1021,575,1063,343,267,330,817,-3169,1486,4080,-15478,135,-1146,1584,146,-19,227
2025-11-26T11:30:23.692991,424,1043,577,975,337,259,325,832,-3112,1464,4006,-15510,97,-1130,1648,517,-17,415
2025-11-26T11:30:23.707889,398,1005,568,1008,353,177,362,812,-3026,1461,3906,-15553,-131,-1049,1587,628,-42,558
2025-11-26T11:30:23.730302,467,1214,665,863,338,175,358,809,-2943,1446,3800,-15597,-181,-834,1472,608,-122,514
2025-11-26T11:30:23.753126,477,1368,743,829,334,177,471,738,-2881,1399,3731,-15629,52,-779,1443,435,-186,381
2025-11-26T11:30:23.767875,438,1402,746,790,285,177,485,691,-2799,1357,3706,-15654,94,-802,1508,173,-208,483
2025-11-26T11:30:23.790726,427,1440,764,796,295,160,471,605,-2688,1333,3712,-15674,-18,-1034,1490,89,-222,620
2025-11-26T11:30:23.813456,479,1482,793,855,334,179,555,657,-2567,1310,3679,-15704,-170,-1034,1450,321,-278,667
2025-11-26T11:30:23.827786,473,1408,819,721,317,190,595,708,-2435,1301,3629,-15737,-219,-906,1449,346,-218,733
2025-11-26T11:30:23.858520,467,1332,778,648,301,218,605,827,-2285,1311,3613,-15762,-424,-906,1489,120,-262,789
2025-11-26T11:30:23.873207,511,1341,798,619,305,256,701,961,-2098,1294,3681,-15774,-448,-969,1477,-317,-524,906
2025-11-26T11:30:23.887767,510,1362,792,638,299,263,730,964,-1865,1270,3760,-15787,-441,-1065,1359,-321,-621,1147
2025-11-26T11:30:23.910898,468,1297,778,449,231,249,694,938,-1606,1266,3789,-15808,-673,-1110,1437,-65,-625,1283
2025-11-26T11:30:23.933466,468,1204,771,373,285,262,661,856,-1333,1252,3756,-15843,-721,-886,1516,166,-683,1360
2025-11-26T11:30:23.955541,527,1148,834,401,309,291,617,717,-1052,1242,3771,-15861,-821,-761,1452,-159,-735,1358
2025-11-26T11:30:23.969735,544,1254,826,402,306,273,505,543,-766,1254,3861,-15855,-806,-629,1225,-627,-633,1362
2025-11-26T11:30:23.993757,621,1216,931,360,309,281,465,467,-468,1286,3976,-15836,-909,-867,1362,-719,-574,1433
2025-11-26T11:30:24.015904,685,1319,992,399,299,280,396,405,-142,1277,4064,-15820,-959,-811,1489,-639,-836,1524
2025-11-26T11:30:24.030269,690,1354,931,410,233,259,375,416,154,1209,4171,-15797,-909,-757,1338,-735,-1092,1276
2025-11-26T11:30:24.053505,745,1449,938,377,181,195,291,433,411,1113,4249,-15779,-519,-830,1314,-521,-1013,1147
2025-11-26T11:30:24.083533,756,1365,991,346,175,175,273,421,642,1041,4340,-15752,-378,-1015,1498,-569,-758,1087
2025-11-26T11:30:24.090169,877,1482,953,380,181,169,255,611,879,1032,4389,-15727,-470,-1106,1799,-374,-452,1209
2025-11-26T11:30:24.113239,873,1476,912,403,167,154,258,618,1115,1075,4460,-15689,-477,-933,1881,-604,-143,1264
2025-11-26T11:30:24.135930,864,1516,972,575,175,135,277,600,1275,1125,4586,-15637,-138,-961,1973,-927,214,959
2025-11-26T11:30:24.150353,764,1430,882,662,189,135,323,591,1368,1216,4723,-15582,-18,-1168,2054,-896,626,728
2025-11-26T11:30:24.173485,711,1396,914,701,214,162,421,569,1412,1313,4799,-15547,346,-1075,2317,-644,912,596
2025-11-26T11:30:24.195692,463,1243,988,723,201,153,458,343,1406,1441,4901,-15504,613,-986,2126,-755,1290,457
2025-11-26T11:30:24.210228,361,1120,996,793,235,171,511,270,1407,1585,5111,-15422,546,-920,2162,-1462,1420,469
2025-11-26T11:30:24.233912,315,1045,1003,784,245,181,539,236,1396,1837,5411,-15292,710,-1176,2172,-1730,1715,380
2025-11-26T11:30:24.255902,282,998,1056,880,281,196,592,209,1397,2100,5644,-15173,380,-1182,2267,-1389,1686,479
2025-11-26T11:30:24.270292,273,930,946,905,281,179,551,197,1342,2238,5768,-15112,191,-1105,2207,-977,1376,179
2025-11-26T11:30:24.293182,258,931,924,1007,345,187,554,166,1247,2330,5864,-15069,138,-1262,1932,-652,1133,-94
2025-11-26T11:30:24.315380,245,946,924,1010,360,178,525,172,1181,2401,5942,-15033,-221,-1170,1830,-591,796,-119
2025-11-26T11:30:24.330195,217,878,875,991,468,173,501,168,1110,2438,6024,-14999,-260,-1441,1717,-490,606,-181
2025-11-26T11:30:24.353610,202,849,825,857,443,148,433,132,1021,2479,6050,-14988,-528,-1404,1482,-75,475,-334
2025-11-26T11:30:24.375976,189,806,946,855,433,145,423,132,937,2499,6023,-15001,-567,-1259,1458,187,301,-353
2025-11-26T11:30:24.390236,168,696,852,755,418,124,368,110,884,2520,6010,-15006,-830,-1383,1394,146,142,-270
2025-11-26T11:30:24.412932,153,593,802,702,413,120,338,92,827,2511,5964,-15029,-727,-1332,1378,336,2,-310
2025-11-26T11:30:24.435962,152,602,776,722,279,116,321,120,785,2490,5925,-15051,-642,-1222,1348,261,-62,-248
2025-11-26T11:30:24.450144,148,555,773,785,350,116,287,119,761,2465,5892,-15069,-671,-1277,1416,200,-122,-174
2025-11-26T11:30:24.473695,140,544,604,801,368,118,235,111,731,2442,5831,-15098,-785,-1399,1448,418,-156,-196
2025-11-26T11:30:24.495879,124,493,538,771,357,121,227,108,687,2413,5722,-15146,-724,-1296,1575,645,-150,-243
2025-11-26T11:30:24.510187,123,496,499,793,343,113,184,103,628,2410,5610,-15191,-630,-1087,1638,588,53,-267
2025-11-26T11:30:24.533226,109,371,476,813,358,114,171,74,539,2437,5510,-15227,-686,-1203,1734,558,272,-369
2025-11-26T11:30:24.556091,87,283,420,755,314,113,145,63,435,2500,5392,-15262,-975,-1206,1688,703,354,-457
2025-11-26T11:30:24.569867,90,226,469,779,327,103,136,67,279,2573,5228,-15311,-806,-1202,1764,1010,573,-608
2025-11-26T11:30:24.593890,90,214,450,795,302,98,87,68,79,2686,5046,-15354,-780,-1067,1708,1115,858,-752
2025-11-26T11:30:24.615859,90,210,456,738,297,94,75,68,-139,2835,4881,-15381,-894,-987,1619,1027,1041,-842
2025-11-26T11:30:24.630272,63,180,429,634,309,94,53,89,-380,3008,4745,-15386,-1104,-870,1507,850,1122,-1023
2025-11-26T11:30:24.653438,64,168,416,683,295,94,53,107,-663,3160,4684,-15365,-1278,-950,1398,523,1013,-1394
2025-11-26T11:30:24.675820,60,163,336,616,263,95,57,109,-1010,3198,4759,-15315,-1317,-929,1276,-111,715,-1912
2025-11-26T11:30:24.690251,57,167,315,612,269,91,89,131,-1366,3196,4911,-15240,-1172,-854,1290,-548,536,-2113
2025-11-26T11:30:24.713471,59,145,322,589,276,89,87,130,-1718,3154,5017,-15178,-1126,-1201,1189,-231,325,-2092
2025-11-26T11:30:24.743504,69,137,312,653,234,80,101,129,-2046,3030,5109,-15132,-1096,-1953,1120,-32,-159,-2064
2025-11-26T11:30:24.750118,85,137,384,768,241,77,167,147,-2377,2858,5167,-15097,-760,-1522,1078,160,-361,-2115
2025-11-26T11:30:24.773470,91,194,523,799,296,168,238,183,-2698,2691,5191,-15066,-310,-1251,919,315,-290,-1992
2025-11-26T11:30:24.796485,135,270,676,821,338,186,230,176,-2942,2503,5113,-15079,-117,-1447,966,1091,-443,-1408
2025-11-26T11:30:24.810251,152,277,745,838,324,192,241,187,-3111,2296,5067,-15094,-31,-1496,1013,899,-671,-1072
2025-11-26T11:30:24.834071,169,363,838,805,323,207,256,259,-3249,2102,5041,-15102,-9,-1446,976,751,-690,-928
2025-11-26T11:30:24.863492,182,499,871,649,310,225,230,273,-3363,1929,4949,-15130,130,-1376,1031,1049,-508,-672
2025-11-26T11:30:24.878118,203,581,836,603,243,173,163,281,-3430,1799,4828,-15170,65,-1046,1212,952,-366,-371
2025-11-26T11:30:24.893161,201,593,783,585,195,164,169,283,-3470,1713,4801,-15180,45,-1088,1278,345,-285,-265
2025-11-26T11:30:24.915607,213,635,721,601,191,168,223,329,-3493,1646,4812,-15178,130,-1328,1355,188,-218,-151
2025-11-26T11:30:24.938477,210,654,704,555,185,158,203,301,-3499,1580,4776,-15195,84,-1334,1450,425,-222,-32
2025-11-26T11:30:24.952461,217,662,661,744,208,144,207,340,-3484,1532,4714,-15223,-20,-1167,1407,498,-184,92
2025-11-26T11:30:24.983411,199,615,603,746,272,199,217,323,-3469,1501,4686,-15238,20,-1145,1417,266,-111,100
2025-11-26T11:30:24.998709,188,644,548,743,348,315,230,328,-3457,1456,4649,-15257,172,-1109,1549,289,-101,111
2025-11-26T11:30:25.012713,162,647,545,795,378,326,212,315,-3435,1397,4604,-15281,181,-888,1443,292,-186,150
2025-11-26T11:30:25.036452,201,678,532,829,394,328,262,427,-3411,1374,4585,-15294,119,-1011,1528,125,-54,169
2025-11-26T11:30:25.058472,214,675,511,779,385,334,271,468,-3399,1378,4556,-15305,129,-1070,1606,158,123,160
2025-11-26T11:30:25.073413,222,686,512,877,385,319,273,486,-3381,1398,4514,-15319,-34,-1066,1609,207,145,175
2025-11-26T11:30:25.095705,255,717,485,945,329,219,286,623,-3348,1398,4491,-15334,-59,-986,1605,99,-18,209
2025-11-26T11:30:25.117975,308,838,495,940,305,206,265,646,-3333,1387,4463,-15346,-16,-1082,1589,192,-21,113
2025-11-26T11:30:25.133400,319,894,506,993,322,219,239,632,-3312,1382,4441,-15357,-45,-1009,1595,117,-16,139
2025-11-26T11:30:25.155783,342,916,584,932,313,216,346,800,-3284,1371,4406,-15375,-13,-1102,1621,237,-30,194
2025-11-26T11:30:25.178463,345,1002,596,884,272,194,363,827,-3255,1349,4348,-15399,1,-1083,1611,382,-63,200
2025-11-26T11:30:25.192703,443,1055,745,867,322,186,360,792,-3213,1347,4288,-15425,-67,-1137,1624,400,-1,290
2025-11-26T11:30:25.216543,503,1245,802,858,342,181,450,888,-3150,1344,4194,-15464,-154,-1019,1668,533,-43,400
2025-11-26T11:30:25.238395,534,1321,820,777,318,157,441,906,-3080,1317,4104,-15504,-121,-1038,1632,567,-170,412
2025-11-26T11:30:25.252726,652,1552,862,820,327,137,373,763,-3006,1296,4011,-15545,-27,-1075,1577,622,-98,479
2025-11-26T11:30:25.275821,676,1577,901,759,329,144,358,771,-2901,1306,3906,-15591,-78,-926,1617,580,21,674
2025-11-26T11:30:25.298451,631,1562,799,768,274,151,374,838,-2791,1333,3812,-15632,-194,-943,1628,509,42,696
2025-11-26T11:30:25.312727,587,1405,761,700,247,152,283,851,-2677,1340,3731,-15670,-189,-1102,1617,548,-67,690
2025-11-26T11:30:25.335995,557,1354,837,807,296,153,304,884,-2575,1328,3596,-15720,-218,-656,1555,687,-128,616
2025-11-26T11:30:25.358523,418,1146,825,725,293,159,349,889,-2511,1322,3500,-15753,-315,-502,1503,421,-121,357
2025-11-26T11:30:25.372727,441,1277,895,743,292,153,432,926,-2465,1311,3471,-15767,-313,-592,1494,100,-177,215
2025-11-26T11:30:25.395987,418,1304,917,687,272,135,445,840,-2434,1289,3485,-15771,-230,-730,1558,-80,-208,119
2025-11-26T11:30:25.418432,491,1404,965,823,304,143,478,750,-2400,1247,3510,-15774,-72,-942,1523,-9,-252,150
2025-11-26T11:30:25.432693,502,1445,894,781,282,148,514,693,-2362,1196,3517,-15782,-55,-686,1449,-12,-294,159
2025-11-26T11:30:25.456317,505,1474,840,819,287,159,574,769,-2329,1164,3590,-15773,-44,-834,1513,-355,-227,126
2025-11-26T11:30:25.478464,548,1411,826,817,289,164,589,785,-2241,1149,3656,-15772,-136,-1114,1652,-239,-240,441
2025-11-26T11:30:25.492376,568,1447,857,781,296,170,583,759,-2086,1146,3711,-15780,-308,-1198,1665,-177,-331,792
2025-11-26T11:30:25.515505,493,1374,800,686,255,178,603,724,-1912,1131,3703,-15805,-389,-1089,1554,162,-429,893
2025-11-26T11:30:25.538483,585,1300,778,662,240,195,617,760,-1723,1132,3681,-15832,-415,-853,1586,104,-357,981
2025-11-26T11:30:25.552795,707,1545,847,660,252,202,548,654,-1524,1133,3679,-15853,-462,-910,1634,7,-393,1022
2025-11-26T11:30:25.575959,691,1519,749,627,247,196,484,616,-1305,1165,3656,-15875,-710,-797,1614,49,-357,1121
2025-11-26T11:30:25.598924,760,1531,733,607,241,204,476,671,-1055,1207,3684,-15884,-1016,-919,1474,-167,-502,1212
2025-11-26T11:30:25.612762,785,1581,718,659,271,203,417,674,-738,1234,3751,-15884,-1163,-926,1342,-379,-747,1501
2025-11-26T11:30:25.636028,780,1563,700,589,260,194,342,573,-381,1144,3906,-15866,-981,-726,1205,-976,-1073,1704
2025-11-26T11:30:25.658498,705,1285,829,626,250,187,342,610,-31,1007,3998,-15857,-824,-942,1188,-595,-1297,1642
2025-11-26T11:30:25.672370,662,1269,892,620,244,188,344,516,331,882,4033,-15852,-594,-1113,1211,-263,-1221,1758
2025-11-26T11:30:25.696007,613,1188,920,687,252,194,398,437,663,815,4049,-15841,-529,-956,1397,-191,-853,1684
2025-11-26T11:30:25.718416,579,1036,990,600,212,181,408,397,971,827,4089,-15815,-503,-885,1702,-338,-375,1658
2025-11-26T11:30:25.732713,525,1118,1031,669,196,177,425,397,1197,907,4181,-15770,-113,-917,1896,-670,253,1360
2025-11-26T11:30:25.756112,468,1117,1012,658,230,165,421,263,1304,1035,4337,-15712,337,-1124,1936,-908,950,928
2025-11-26T11:30:25.778486,478,1134,1032,702,242,175,427,256,1374,1235,4429,-15666,597,-808,2394,-789,1559,913
2025-11-26T11:30:25.792213,425,1125,1004,648,218,152,398,245,1453,1531,4697,-15554,420,-796,2205,-1567,1751,862
2025-11-26T11:30:25.813777,440,1161,1026,694,225,195,508,236,1485,1800,4996,-15428,697,-983,2241,-1738,1748,590
2025-11-26T11:30:25.836403,368,1166,1035,729,237,187,538,199,1479,2060,5259,-15309,682,-1039,2172,-1517,1744,405
2025-11-26T11:30:25.859619,364,1110,931,825,224,188,570,208,1431,2219,5416,-15236,310,-1054,2313,-1154,1573,237
2025-11-26T11:30:25.876575,321,951,945,893,288,185,639,187,1353,2322,5591,-15164,216,-1158,2081,-1165,1275,-39
2025-11-26T11:30:25.898499,311,1019,1003,901,306,183,636,167,1276,2376,5715,-15116,89,-1117,2032,-902,922,-145
2025-11-26T11:30:25.921310,274,996,963,936,324,142,569,159,1182,2414,5827,-15075,-292,-1300,1748,-669,655,-354
2025-11-26T11:30:25.936025,275,908,901,967,363,158,539,149,1086,2433,5913,-15046,-637,-1508,1675,-435,402,-478
2025-11-26T11:30:25.958724,268,919,901,888,442,171,498,125,969,2441,5927,-15047,-470,-1401,1558,13,373,-517
2025-11-26T11:30:25.981025,280,938,810,790,408,193,403,114,881,2463,5951,-15040,-550,-1251,1443,-98,347,-408
2025-11-26T11:30:25.995164,236,785,683,935,423,188,378,108,826,2497,5972,-15029,-673,-1347,1532,-114,315,-233
2025-11-26T11:30:26.018094,236,714,591,916,415,178,316,94,781,2525,5962,-15030,-651,-1456,1510,107,248,-147
2025-11-26T11:30:26.040737,229,648,569,842,393,162,280,92,725,2546,5891,-15058,-570,-1306,1533,427,230,-165
2025-11-26T11:30:26.054753,183,503,444,838,314,147,240,80,671,2583,5805,-15087,-726,-1257,1643,460,263,-172
2025-11-26T11:30:26.077962,157,454,504,835,303,111,173,67,616,2649,5687,-15123,-877,-1224,1825,585,377,-139
2025-11-26T11:30:26.108175,147,393,486,702,289,105,119,54,528,2726,5569,-15156,-872,-1158,1775,620,494,-289
2025-11-26T11:30:26.114992,109,348,477,731,310,108,102,56,414,2822,5444,-15188,-994,-1174,1808,690,602,-418
2025-11-26T11:30:26.138514,74,244,435,704,301,111,89,49,253,2946,5273,-15228,-981,-1098,1750,997,823,-557
2025-11-26T11:30:26.160697,66,205,419,648,275,108,74,41,51,3104,5097,-15259,-1011,-1065,1648,1094,1055,-705
2025-11-26T11:30:26.175217,53,159,281,652,291,101,53,39,-166,3274,4946,-15272,-1156,-1028,1585,962,1094,-827
2025-11-26T11:30:26.199602,59,153,287,684,278,107,56,41,-413,3437,4830,-15269,-1276,-928,1407,802,1053,-1091
2025-11-26T11:30:26.220802,59,156,287,619,279,130,67,59,-722,3559,4780,-15245,-1356,-1070,1210,619,888,-1550
2025-11-26T11:30:26.235208,58,143,272,770,294,131,94,91,-1104,3563,4814,-15211,-1438,-905,992,241,582,-2102
2025-11-26T11:30:26.258513,58,134,329,760,281,127,97,94,-1515,3505,4892,-15164,-1338,-905,1018,42,315,-2411
2025-11-26T11:30:26.280863,63,144,316,762,260,127,114,97,-1868,3392,5009,-15112,-1221,-1318,1107,-175,-66,-2230
2025-11-26T11:30:26.303320,60,140,324,796,292,122,117,130,-2175,3205,5185,-15052,-968,-1621,1045,-472,-541,-2168
2025-11-26T11:30:26.318508,108,260,338,754,272,126,126,126,-2500,3023,5286,-15004,-632,-1518,804,-34,-419,-2145
2025-11-26T11:30:26.340978,126,302,509,641,290,129,121,123,-2798,2830,5254,-15000,-288,-1834,821,738,-430,-1821
2025-11-26T11:30:26.355287,131,303,640,752,299,144,126,138,-3042,2565,5156,-15034,-1,-1769,921,1462,-782,-1428
2025-11-26T11:30:26.386008,152,331,689,728,297,165,120,152,-3188,2285,5012,-15098,75,-1247,869,1506,-991,-930
2025-11-26T11:30:26.401435,200,561,759,748,283,177,132,149,-3258,2056,4906,-15151,24,-1077,772,1148,-934,-536
2025-11-26T11:30:26.414950,245,609,845,746,265,152,132,180,-3313,1886,4850,-15179,80,-1293,1052,782,-659,-405
2025-11-26T11:30:26.438496,268,706,762,724,212,167,138,205,-3355,1749,4786,-15206,225,-1347,1229,763,-431,-239
2025-11-26T11:30:26.460760,277,752,660,671,212,185,197,341,-3391,1625,4681,-15245,303,-1170,1331,878,-309,-144
2025-11-26T11:30:26.472960,300,895,635,780,230,173,200,391,-3390,1550,4579,-15284,147,-824,1476,598,-180,61
2025-11-26T11:30:26.496501,300,883,550,708,195,160,206,429,-3391,1498,4554,-15296,288,-1031,1529,211,-69,65
2025-11-26T11:30:26.520945,351,1008,646,839,267,236,218,510,-3378,1474,4569,-15297,244,-1178,1513,13,-11,130
2025-11-26T11:30:26.535188,379,1117,710,842,285,268,228,575,-3338,1458,4582,-15303,128,-1275,1376,97,-63,264
2025-11-26T11:30:26.558540,401,1155,701,877,358,276,223,542,-3293,1437,4525,-15332,170,-1165,1479,426,-10,344
2025-11-26T11:30:26.581064,405,1112,734,845,359,286,244,549,-3244,1433,4454,-15363,67,-1023,1570,402,49,374
2025-11-26T11:30:26.603957,527,1222,852,960,436,333,276,642,-3193,1457,4398,-15388,-32,-972,1579,260,133,384
2025-11-26T11:30:26.618211,507,1151,706,923,413,301,278,630,-3135,1480,4362,-15408,-85,-1174,1551,253,82,399
2025-11-26T11:30:26.641087,531,1152,703,907,402,265,308,704,-3091,1456,4293,-15438,86,-1155,1571,492,-33,328
2025-11-26T11:30:26.655595,599,1283,844,977,343,255,332,793,-3032,1423,4201,-15478,109,-857,1518,516,-74,413
2025-11-26T11:30:26.678960,623,1292,843,1037,398,254,350,924,-2962,1445,4133,-15508,49,-843,1498,325,157,518
2025-11-26T11:30:26.700931,524,1211,778,905,344,212,352,870,-2881,1472,4080,-15535,-139,-1027,1505,318,72,526
2025-11-26T11:30:26.715236,570,1297,824,881,326,206,456,966,-2790,1433,4008,-15574,-18,-1057,1520,512,-222,548
2025-11-26T11:30:26.738465,544,1274,829,989,401,228,482,929,-2656,1404,3951,-15615,-32,-1108,1545,439,-247,783
2025-11-26T11:30:26.761006,505,1279,731,918,392,225,478,898,-2476,1417,3864,-15665,-390,-1122,1693,527,-219,1018
2025-11-26T11:30:26.775250,513,1283,729,839,336,221,511,862,-2281,1397,3808,-15710,-655,-964,1635,326,-561,968
2025-11-26T11:30:26.798455,553,1362,706,883,331,212,536,884,-2098,1325,3753,-15755,-446,-901,1564,363,-739,884
2025-11-26T11:30:26.820982,574,1386,737,862,341,258,511,787,-1903,1264,3725,-15791,-427,-685,1416,133,-708,934
2025-11-26T11:30:26.843521,573,1346,748,735,247,253,515,764,-1725,1237,3705,-15818,-499,-764,1588,60,-526,873
2025-11-26T11:30:26.858514,586,1261,825,650,245,256,560,828,-1583,1224,3690,-15838,-519,-782,1582,47,-417,683
2025-11-26T11:30:26.880382,585,1358,849,653,236,251,546,729,-1426,1233,3695,-15851,-670,-949,1621,-21,-386,753
2025-11-26T11:30:26.903454,652,1341,896,618,235,254,518,710,-1255,1256,3688,-15865,-633,-813,1542,-11,-307,860
2025-11-26T11:30:26.917536,612,1426,953,696,344,240,480,700,-1057,1307,3704,-15871,-703,-746,1483,-186,-219,1012
2025-11-26T11:30:26.940993,624,1501,950,675,358,226,445,682,-832,1346,3780,-15864,-725,-829,1517,-511,-338,1112
2025-11-26T11:30:26.963561,643,1578,929,704,360,210,377,577,-639,1350,3872,-15850,-479,-792,1404,-580,-371,947
2025-11-26T11:30:26.977593,651,1556,940,682,355,223,359,561,-433,1349,3953,-15837,-380,-988,1582,-486,-339,1054
2025-11-26T11:30:27.001289,573,1574,901,654,331,232,348,532,-178,1355,4014,-15826,-790,-855,1373,-416,-576,1225
2025-11-26T11:30:27.023478,539,1412,802,546,195,205,323,482,85,1323,4105,-15806,-824,-683,1154,-614,-820,1181
2025-11-26T11:30:27.037555,550,1384,788,561,175,212,318,450,313,1214,4259,-15771,-603,-797,1134,-924,-1074,911
2025-11-26T11:30:27.060896,521,1333,731,513,163,213,315,365,518,1062,4389,-15741,-179,-1082,1496,-759,-1059,868
2025-11-26T11:30:27.083417,512,1366,759,463,153,193,285,335,683,943,4448,-15726,-113,-1310,1805,-330,-789,751
2025-11-26T11:30:27.097392,532,1387,851,401,164,179,304,309,859,923,4445,-15719,-141,-1132,1938,-79,-295,962
2025-11-26T11:30:27.121120,528,1419,866,347,159,155,388,294,1075,1016,4523,-15678,-601,-951,1940,-637,93,1198
2025-11-26T11:30:27.143516,527,1457,921,358,150,137,395,272,1238,1126,4645,-15623,-419,-1290,2105,-779,415,1025
2025-11-26T11:30:27.157275,522,1464,941,361,149,125,380,257,1360,1241,4709,-15585,-246,-1273,2070,-433,565,883
2025-11-26T11:30:27.181015,550,1392,906,355,153,129,397,307,1469,1372,4727,-15558,-255,-1063,1957,-224,653,845
2025-11-26T11:30:27.203372,669,1368,998,419,153,128,433,403,1547,1480,4770,-15528,-142,-988,1944,-389,665,668
2025-11-26T11:30:27.218386,674,1375,991,426,151,121,400,419,1587,1553,4819,-15501,175,-881,1982,-482,694,485
2025-11-26T11:30:27.240578,712,1344,953,408,160,129,405,431,1598,1596,4844,-15488,416,-722,2169,-463,705,344
2025-11-26T11:30:27.263487,689,1289,920,544,174,134,410,423,1612,1641,4915,-15459,229,-903,2013,-616,646,315
2025-11-26T11:30:27.278147,670,1378,985,631,200,132,416,400,1633,1623,5025,-15424,150,-1190,1739,-677,255,241
2025-11-26T11:30:27.300926,496,1267,837,600,194,131,402,300,1616,1578,4983,-15444,551,-1178,2091,116,278,173
2025-11-26T11:30:27.324040,501,1172,830,648,202,161,454,280,1593,1569,4961,-15454,253,-636,1988,-180,345,29
2025-11-26T11:30:27.337607,426,1124,892,732,207,157,456,259,1565,1545,5030,-15437,456,-922,2046,-620,431,42
2025-11-26T11:30:27.364439,471,1270,983,683,202,171,549,297,1507,1638,5261,-15356,303,-1288,1852,-501,849,188
2025-11-26T11:30:27.382455,409,1092,924,776,222,173,538,259,1472,1742,5337,-15322,-96,-1275,1631,-379,854,130
2025-11-26T11:30:27.404946,408,1046,1006,877,278,160,511,242,1445,1842,5346,-15309,-255,-1157,1658,-58,725,128
2025-11-26T11:30:27.423280,392,1078,1053,1072,335,134,432,218,1409,1923,5342,-15304,-477,-1001,1599,-24,532,-40
2025-11-26T11:30:27.447991,371,975,999,1160,382,155,502,213,1348,1949,5339,-15308,-360,-1147,1543,55,330,-213
2025-11-26T11:30:27.463322,268,615,935,1164,431,152,415,155,1278,1975,5284,-15329,-672,-1244,1506,421,169,-315
2025-11-26T11:30:27.481839,257,580,926,1119,430,145,406,145,1197,1982,5201,-15363,-726,-1178,1500,570,40,-429
2025-11-26T11:30:27.510316,237,562,789,1078,429,146,398,145,1118,1972,5130,-15394,-619,-1115,1470,491,-7,-430
2025-11-26T11:30:27.525353,202,445,676,981,515,154,384,138,1036,1972,5054,-15425,-683,-1198,1530,546,26,-428
2025-11-26T11:30:27.544669,125,385,595,848,506,147,251,123,937,1983,4944,-15466,-612,-1192,1667,728,135,-459
2025-11-26T11:30:27.563030,110,370,499,793,499,129,188,103,784,2024,4831,-15505,-562,-1118,1730,744,415,-683
2025-11-26T11:30:27.585240,94,321,427,795,594,161,167,93,621,2129,4708,-15536,-798,-1028,1783,773,684,-694
2025-11-26T11:30:27.605316,85,245,399,778,583,167,145,82,431,2257,4627,-15548,-939,-936,1625,552,793,-879
2025-11-26T11:30:27.622796,91,193,368,770,492,165,152,107,220,2382,4505,-15570,-978,-1099,1553,904,772,-944
2025-11-26T11:30:27.645220,91,171,362,783,487,165,114,104,-22,2511,4275,-15616,-1162,-1134,1668,1547,747,-1047
2025-11-26T11:30:27.664481,93,181,390,828,470,188,123,117,-302,2627,4039,-15657,-1240,-761,1404,1529,668,-1326
2025-11-26T11:30:27.682550,91,174,318,761,340,168,119,122,-625,2681,3932,-15666,-1222,-640,1371,852,651,-1609
2025-11-26T11:30:27.705285,106,186,364,804,317,186,141,356,-980,2711,3992,-15627,-1214,-577,1179,-73,573,-1981
2025-11-26T11:30:27.724693,95,172,364,665,319,185,129,354,-1359,2721,4057,-15580,-1092,-831,1328,-63,518,-2131
2025-11-26T11:30:27.742805,95,185,426,627,317,165,126,371,-1711,2719,4201,-15507,-1479,-1344,1102,-473,353,-2099
2025-11-26T11:30:27.764984,95,182,436,700,396,145,126,387,-2017,2586,4400,-15438,-1417,-1183,1197,-751,-435,-2103
2025-11-26T11:30:27.784508,95,179,440,755,383,136,146,474,-2343,2418,4522,-15384,-423,-1425,1291,-266,-447,-2112
2025-11-26T11:30:27.802651,76,166,428,697,404,112,135,341,-2608,2261,4533,-15362,-179,-1469,1116,560,-384,-1574
2025-11-26T11:30:27.825209,122,238,506,774,420,112,142,350,-2801,2127,4485,-15361,-394,-1193,1133,702,-450,-1210
2025-11-26T11:30:27.851710,126,234,532,785,401,114,147,343,-2973,2013,4485,-15344,-485,-1163,1233,354,-454,-1157
2025-11-26T11:30:27.862773,149,256,590,680,300,121,187,340,-3112,1854,4512,-15328,-14,-1375,1168,353,-574,-930
2025-11-26T11:30:27.885188,176,406,669,680,328,141,169,206,-3211,1681,4477,-15338,71,-1235,1239,632,-635,-669
2025-11-26T11:30:27.904463,199,435,689,704,308,136,209,247,-3263,1536,4440,-15353,25,-1209,1267,582,-589,-403
2025-11-26T11:30:27.922818,189,516,712,664,250,132,205,238,-3312,1418,4392,-15368,91,-1262,1362,609,-418,-330
2025-11-26T11:30:27.945024,195,555,704,671,233,153,205,266,-3348,1328,4325,-15387,141,-1060,1434,577,-255,-202
2025-11-26T11:30:27.964831,191,668,638,747,251,160,178,321,-3364,1261,4283,-15401,160,-881,1477,310,-184,-82
2025-11-26T11:30:27.982796,175,604,562,714,226,149,195,330,-3372,1210,4298,-15399,179,-894,1510,-37,-161,-62
2025-11-26T11:30:28.005201,157,606,550,730,217,147,148,346,-3367,1176,4355,-15387,249,-1092,1510,-211,-107,25
2025-11-26T11:30:28.024552,215,763,509,775,255,163,170,509,-3348,1159,4368,-15389,234,-1208,1540,60,-4,155
2025-11-26T11:30:28.042374,237,833,460,891,266,143,223,513,-3310,1150,4324,-15410,176,-1106,1540,331,38,296
2025-11-26T11:30:28.065143,238,815,458,840,260,125,247,568,-3263,1136,4279,-15434,220,-952,1632,244,28,347
2025-11-26T11:30:28.084926,249,955,502,875,304,144,255,647,-3218,1147,4228,-15457,35,-946,1677,248,85,327
2025-11-26T11:30:28.102434,291,1081,501,954,452,172,262,647,-3195,1170,4176,-15474,16,-1014,1651,278,177,217
2025-11-26T11:30:28.125110,296,1047,481,903,449,154,269,611,-3160,1178,4089,-15503,2,-1029,1711,499,112,283
2025-11-26T11:30:28.144531,315,1025,504,815,502,164,283,697,-3101,1200,3991,-15539,-114,-1111,1661,601,116,423
2025-11-26T11:30:28.162779,331,1094,596,937,516,172,347,797,-3048,1234,3837,-15586,-255,-815,1655,790,181,395
2025-11-26T11:30:28.183070,357,1089,628,907,508,168,355,790,-3022,1271,3733,-15613,-288,-715,1704,454,176,211
2025-11-26T11:30:28.198938,363,1085,687,923,440,161,420,796,-3017,1298,3672,-15626,-244,-772,1650,270,141,70
2025-11-26T11:30:28.220751,326,1001,674,995,470,195,423,750,-3005,1304,3661,-15631,-279,-777,1603,32,-51,40
2025-11-26T11:30:28.243898,306,1074,697,989,424,196,452,682,-3013,1300,3652,-15632,-308,-704,1422,41,-96,-91
2025-11-26T11:30:28.264239,305,1044,637,913,413,188,429,617,-3044,1295,3662,-15623,-308,-798,1665,-74,-82,-236
2025-11-26T11:30:28.287213,287,1077,599,938,404,178,429,616,-3076,1282,3682,-15614,-352,-747,1617,-133,-164,-265
2025-11-26T11:30:28.305226,265,1086,646,976,519,182,361,601,-3114,1261,3744,-15593,-203,-800,1562,-330,-167,-304
2025-11-26T11:30:28.324475,302,1163,692,919,483,185,345,602,-3146,1252,3857,-15560,-201,-821,1665,-660,-161,-296
2025-11-26T11:30:28.342877,372,1157,798,915,508,196,289,590,-3174,1257,3948,-15531,-125,-1132,1705,-431,-30,-215
2025-11-26T11:30:28.365581,416,1139,881,976,545,234,301,454,-3182,1257,3969,-15524,-152,-1004,1728,-100,-35,-68
2025-11-26T11:30:28.384547,400,1001,862,935,532,232,291,358,-3181,1256,3966,-15525,-224,-932,1839,-32,-60,-27
2025-11-26T11:30:28.406963,401,887,752,767,380,219,291,346,-3185,1255,3960,-15526,-218,-875,1841,-43,-48,-55
2025-11-26T11:30:28.425302,421,843,762,774,402,190,291,376,-3194,1275,3969,-15520,-339,-883,1929,-168,6,-97
2025-11-26T11:30:28.444593,370,783,638,815,416,192,263,352,-3191,1307,4039,-15500,-373,-1049,1944,-470,-23,-66
2025-11-26T11:30:28.462411,299,703,502,777,366,171,243,329,-3186,1326,4155,-15469,-317,-903,1827,-766,-111,-91
2025-11-26T11:30:28.484888,318,900,538,773,377,173,249,342,-3185,1337,4249,-15442,-245,-1278,1912,-500,-94,-85
2025-11-26T11:30:28.504790,332,912,582,791,359,165,250,331,-3178,1350,4259,-15440,-253,-1464,1973,48,-13,21
2025-11-26T11:30:28.527530,275,831,513,865,370,160,245,242,-3169,1365,4181,-15462,-371,-1217,1901,461,26,60
2025-11-26T11:30:28.545295,259,871,500,958,398,128,301,238,-3158,1361,4051,-15499,-359,-1067,1850,731,-19,87
2025-11-26T11:30:28.564783,354,1025,557,887,387,96,240,378,-3149,1327,3938,-15533,-393,-1109,1811,729,-214,21
2025-11-26T11:30:28.587014,353,856,527,878,373,97,227,469,-3143,1251,3793,-15576,-268,-1255,1873,1025,-346,13
2025-11-26T11:30:28.605481,312,836,500,864,385,108,222,477,-3169,1146,3573,-15631,-68,-869,1746,1368,-299,-113
2025-11-26T11:30:28.624563,316,897,491,818,349,115,224,488,-3165,1055,3464,-15663,-76,-734,1712,675,-383,-13
2025-11-26T11:30:28.647118,302,774,536,588,235,118,137,513,-3121,955,3392,-15694,36,-746,1576,523,-472,198
2025-11-26T11:30:28.665246,183,531,468,596,233,122,222,414,-3088,857,3305,-15724,98,-915,1631,687,-412,154
2025-11-26T11:30:28.684881,157,516,460,654,279,148,235,284,-3058,761,3155,-15766,47,-815,1703,994,-367,161
2025-11-26T11:30:28.707307,164,458,445,632,306,168,246,257,-3039,662,2965,-15811,41,-531,1612,1119,-336,104
2025-11-26T11:30:28.725268,135,302,520,689,353,180,268,243,-3034,549,2825,-15842,127,-443,1567,833,-407,-3
2025-11-26T11:30:28.747773,126,276,470,709,349,181,282,177,-3028,456,2719,-15864,155,-482,1581,651,-330,16
2025-11-26T11:30:28.767283,129,257,532,906,416,212,237,187,-3035,386,2635,-15879,112,-438,1612,486,-245,-61
2025-11-26T11:30:28.785252,108,259,544,870,390,199,230,172,-3055,329,2594,-15883,86,-466,1636,249,-222,-137
2025-11-26T11:30:28.807384,95,245,533,856,360,181,227,169,-3102,290,2569,-15879,65,-524,1640,170,-132,-290
2025-11-26T11:30:28.827065,102,238,453,749,315,167,210,165,-3157,252,2608,-15863,226,-465,1638,-221,-108,-324
2025-11-26T11:30:28.845329,109,254,414,859,319,169,201,261,-3184,244,2664,-15848,67,-677,1646,-247,-77,-171
2025-11-26T11:30:28.867725,101,252,357,636,225,116,183,253,-3208,245,2673,-15841,60,-633,1669,-20,21,-144
2025-11-26T11:30:28.887450,144,382,355,659,225,113,178,259,-3235,249,2695,-15832,-20,-554,1686,-144,-22,-166
2025-11-26T11:30:28.904838,158,417,349,739,238,111,203,285,-3257,243,2744,-15819,21,-672,1732,-232,-90,-155
2025-11-26T11:30:28.928229,146,399,318,770,223,112,311,305,-3293,223,2759,-15810,203,-648,1757,-48,-29,-200
2025-11-26T11:30:28.942799,147,403,315,669,218,115,324,231,-3311,209,2751,-15807,172,-524,1825,-5,-2,-99
2025-11-26T11:30:28.965118,148,404,286,744,258,128,337,231,-3324,217,2782,-15799,101,-598,1808,-201,31,-67
2025-11-26T11:30:28.987836,114,275,327,795,270,141,380,262,-3337,219,2807,-15792,143,-642,1779,-143,25,-68
2025-11-26T11:30:29.003410,102,272,358,751,251,137,384,259,-3347,218,2789,-15793,119,-631,1866,84,43,-44
2025-11-26T11:30:29.025295,108,272,397,817,323,176,323,242,-3354,233,2781,-15793,-9,-628,1847,13,48,-44
2025-11-26T11:30:29.047813,116,257,418,877,372,257,367,297,-3375,248,2817,-15782,13,-554,1814,-273,25,-123
2025-11-26T11:30:29.062821,121,255,434,858,354,281,384,300,-3389,261,2866,-15770,122,-625,1801,-305,52,-74
2025-11-26T11:30:29.085738,115,236,402,790,358,297,356,274,-3398,273,2895,-15762,180,-756,1780,-127,94,-27
2025-11-26T11:30:29.107701,127,404,378,761,359,302,333,253,-3392,292,2879,-15766,89,-710,1828,85,117,55
2025-11-26T11:30:29.120480,178,511,361,643,294,282,339,262,-3383,315,2879,-15768,45,-647,1773,-35,103,70
2025-11-26T11:30:29.143087,192,582,354,566,218,204,288,207,-3367,326,2887,-15769,165,-732,1796,-21,88,115
2025-11-26T11:30:29.165515,271,740,483,520,223,202,281,238,-3340,350,2858,-15780,75,-678,1801,142,146,185
2025-11-26T11:30:29.181816,327,997,538,561,225,210,278,244,-3322,351,2859,-15784,160,-549,1699,-42,37,125
2025-11-26T11:30:29.206033,337,1034,561,591,240,208,276,250,-3301,345,2857,-15788,245,-714,1759,54,49,148
2025-11-26T11:30:29.227536,390,1123,629,711,247,209,253,262,-3278,333,2805,-15803,328,-511,1710,250,112,190
2025-11-26T11:30:29.247113,487,1348,778,721,270,219,228,261,-3252,334,2752,-15818,318,-474,1813,209,172,214
2025-11-26T11:30:29.265242,469,1345,711,753,258,182,184,226,-3218,344,2725,-15829,379,-593,1798,122,224,266
2025-11-26T11:30:29.287627,456,1299,722,751,237,140,197,228,-3200,359,2666,-15842,311,-398,1803,196,266,183
2025-11-26T11:30:29.307361,469,1307,730,757,213,133,199,320,-3167,388,2655,-15850,157,-675,1767,71,205,239
2025-11-26T11:30:29.325162,413,1311,704,642,199,125,208,300,-3134,415,2614,-15863,118,-802,1751,306,210,236
2025-11-26T11:30:29.355288,317,1154,620,669,219,129,260,322,-3092,425,2542,-15882,35,-502,1682,369,103,270
2025-11-26T11:30:29.366945,295,1092,638,665,223,134,281,335,-3039,427,2522,-15896,96,-542,1600,117,24,321
2025-11-26T11:30:29.385026,292,1017,580,624,217,125,276,380,-2994,411,2501,-15908,176,-519,1652,130,-17,272
2025-11-26T11:30:29.407528,295,1058,630,587,223,123,289,327,-2944,415,2482,-15920,97,-582,1664,129,40,310
2025-11-26T11:30:29.427060,330,1071,644,665,248,134,288,338,-2901,429,2452,-15932,12,-598,1608,197,73,260
2025-11-26T11:30:29.445295,368,1202,630,642,218,140,249,341,-2853,412,2417,-15947,91,-516,1647,219,-52,282
2025-11-26T11:30:29.467749,415,1283,625,618,214,144,328,403,-2780,365,2429,-15959,195,-543,1585,5,-234,399
2025-11-26T11:30:29.487349,409,1310,617,640,214,139,322,436,-2712,353,2438,-15970,48,-639,1645,28,-116,371
2025-11-26T11:30:29.505568,391,1256,593,680,211,150,346,446,-2643,374,2414,-15984,-176,-619,1661,169,-18,381
2025-11-26T11:30:29.528168,374,1209,578,724,196,150,413,575,-2564,384,2445,-15992,-193,-574,1640,-148,-137,411
2025-11-26T11:30:29.546384,329,1102,533,675,198,153,441,603,-2475,384,2563,-15988,-114,-626,1612,-613,-239,447
2025-11-26T11:30:29.565722,463,1319,679,712,189,160,393,595,-2358,429,2679,-15985,-131,-819,1717,-572,-21,640
2025-11-26T11:30:29.587885,514,1311,741,740,203,227,588,577,-2216,488,2725,-15996,-406,-908,1861,-178,-41,762
2025-11-26T11:30:29.607593,558,1401,732,722,206,243,656,592,-2049,517,2763,-16011,-429,-853,1723,-119,-233,875
2025-11-26T11:30:29.625345,566,1364,749,598,204,251,636,535,-1845,501,2814,-16027,-305,-823,1669,-181,-455,1057
2025-11-26T11:30:29.647825,729,1420,818,612,212,240,643,560,-1587,485,2873,-16045,-206,-654,1597,-311,-458,1364
2025-11-26T11:30:29.670052,665,1288,751,562,210,249,688,568,-1292,512,2854,-16074,-814,-585,1752,44,-527,1519
2025-11-26T11:30:29.685666,689,1357,794,486,199,205,547,549,-1003,447,2847,-16098,-836,-696,1705,83,-1039,1387
2025-11-26T11:30:29.707911,679,1302,859,452,252,229,458,573,-676,326,2892,-16110,-570,-530,1480,-248,-1271,1580
2025-11-26T11:30:29.730747,707,1371,876,438,264,236,443,516,-391,226,3011,-16099,-376,149,1169,-979,-1046,1371
2025-11-26T11:30:29.745283,544,1291,861,391,238,231,411,444,-154,204,3301,-16046,-410,-965,1252,-1446,-585,1179
2025-11-26T11:30:29.768102,542,1261,873,362,231,213,315,431,85,295,3469,-16010,-273,-1078,1531,-796,120,1363
2025-11-26T11:30:29.790642,494,1277,863,402,223,197,296,440,336,469,3628,-15967,-414,-983,1677,-846,516,1501
2025-11-26T11:30:29.805606,472,1280,855,399,144,132,306,385,607,639,3824,-15907,-452,-838,1505,-1162,588,1643
2025-11-26T11:30:29.827824,473,1296,941,487,148,113,282,414,848,819,4082,-15824,-530,-1019,1536,-1436,584,1439
2025-11-26T11:30:29.850243,452,1238,1006,503,147,110,271,393,1072,956,4219,-15766,-276,-1054,2076,-905,519,1393
2025-11-26T11:30:29.865271,446,1197,1014,509,152,120,279,341,1247,1035,4292,-15729,-96,-930,2224,-647,363,1102
2025-11-26T11:30:29.891589,402,1088,1037,588,155,119,267,290,1350,1048,4377,-15696,67,-822,2206,-758,199,649
2025-11-26T11:30:29.909937,420,1109,1108,646,170,128,243,261,1382,1021,4477,-15667,640,-769,2309,-900,374,352
2025-11-26T11:30:29.925368,359,1077,1087,769,178,133,271,186,1405,1044,4672,-15606,632,-932,2304,-1389,711,386
2025-11-26T11:30:29.947862,359,1070,1046,870,249,143,365,191,1412,1193,4952,-15508,866,-1144,2280,-1627,1104,315
2025-11-26T11:30:29.970242,301,976,1078,987,289,143,387,180,1377,1329,5186,-15424,668,-1188,2215,-1496,1476,334
2025-11-26T11:30:29.985496,329,939,1018,951,302,147,402,182,1314,1503,5382,-15346,298,-1127,2156,-1294,1552,164
2025-11-26T11:30:30.008634,281,780,886,986,327,151,415,164,1211,1666,5528,-15285,72,-1320,2138,-926,1456,-90
2025-11-26T11:30:30.029911,273,602,776,860,315,137,409,151,1109,1782,5586,-15259,-350,-1298,2072,-425,976,-277
2025-11-26T11:30:30.044906,274,633,722,783,354,183,347,147,983,1817,5595,-15260,-210,-1349,2051,-105,625,-483
2025-11-26T11:30:30.072018,261,636,599,653,327,177,305,130,859,1850,5587,-15266,-271,-1275,1925,-1,552,-503
2025-11-26T11:30:30.090042,202,542,562,710,335,174,270,122,762,1877,5601,-15263,-537,-1406,1770,-48,352,-457
2025-11-26T11:30:30.107665,190,491,563,771,381,182,222,109,652,1895,5540,-15288,-502,-1458,1843,408,312,-484
2025-11-26T11:30:30.127776,157,468,526,776,380,174,173,92,525,1929,5442,-15324,-534,-1316,1744,621,385,-544
2025-11-26T11:30:30.150178,137,318,432,780,308,113,115,79,384,1988,5319,-15364,-626,-1339,1720,810,490,-589
2025-11-26T11:30:30.165463,100,177,364,758,325,109,90,68,232,2087,5151,-15411,-775,-1141,1739,1007,653,-602
2025-11-26T11:30:30.187825,85,143,324,675,317,106,102,61,50,2229,4975,-15451,-800,-1121,1760,1061,932,-679
2025-11-26T11:30:30.210867,75,117,236,516,223,70,93,57,-148,2414,4804,-15476,-855,-1148,1798,1040,1197,-689
2025-11-26T11:30:30.229468,70,112,306,545,234,82,96,59,-350,2630,4640,-15488,-1040,-1067,1606,1020,1278,-726
2025-11-26T11:30:30.247835,53,110,328,494,237,85,94,52,-589,2845,4471,-15492,-1218,-888,1369,1073,1238,-976
2025-11-26T11:30:30.270377,55,118,321,582,205,92,100,58,-853,2976,4388,-15479,-1462,-811,1268,628,715,-1403
2025-11-26T11:30:30.284755,54,121,326,674,194,118,75,53,-1184,2971,4377,-15462,-1193,-951,1242,379,410,-1798
2025-11-26T11:30:30.307998,69,235,330,712,191,121,70,54,-1559,2888,4363,-15448,-1042,-1223,1128,512,75,-2125
2025-11-26T11:30:30.330574,113,391,264,788,179,112,67,69,-1925,2750,4366,-15431,-913,-1140,1033,444,-234,-2181
2025-11-26T11:30:30.349478,120,409,240,840,193,140,121,96,-2261,2572,4336,-15425,-759,-1174,1167,622,-462,-2030
2025-11-26T11:30:30.367288,121,420,298,828,240,144,147,111,-2565,2378,4317,-15414,-371,-1392,1139,570,-558,-1874
2025-11-26T11:30:30.390372,124,439,360,793,253,120,153,121,-2814,2173,4259,-15416,-7,-1347,987,1014,-587,-1445
2025-11-26T11:30:30.405046,133,424,425,761,266,120,161,133,-3011,1988,4136,-15438,-93,-1130,1136,1196,-546,-1135
2025-11-26T11:30:30.427836,106,291,486,701,268,158,194,136,-3146,1827,4084,-15445,-16,-1112,1242,711,-541,-829
2025-11-26T11:30:30.450244,100,275,539,720,280,140,168,119,-3225,1678,4029,-15460,61,-1221,1212,762,-534,-494
2025-11-26T11:30:30.465308,114,390,515,680,247,132,148,111,-3274,1543,3934,-15488,124,-1117,1267,903,-447,-270
2025-11-26T11:30:30.488091,145,415,494,722,239,165,186,142,-3300,1454,3871,-15507,-57,-960,1327,578,-346,-182
2025-11-26T11:30:30.510564,148,388,489,750,254,181,183,154,-3301,1388,3852,-15517,16,-1029,1375,322,-279,-27
2025-11-26T11:30:30.525349,157,519,452,736,250,152,161,148,-3296,1339,3821,-15530,41,-1141,1471,399,-165,38
2025-11-26T11:30:30.547874,170,582,478,760,222,148,194,165,-3265,1307,3762,-15554,-70,-986,1473,462,-141,190
2025-11-26T11:30:30.570241,183,603,543,746,216,144,199,173,-3227,1270,3707,-15578,-102,-941,1502,426,-198,209
2025-11-26T11:30:30.592840,172,636,545,673,204,112,201,167,-3193,1223,3665,-15599,-92,-849,1528,318,-253,166
2025-11-26T11:30:30.607869,263,806,550,598,167,87,204,193,-3168,1197,3635,-15613,13,-830,1610,201,-93,159
2025-11-26T11:30:30.630365,262,786,581,576,201,89,195,229,-3149,1167,3615,-15624,30,-807,1694,123,-102,114
2025-11-26T11:30:30.652885,277,851,556,470,211,98,191,247,-3122,1128,3595,-15637,73,-812,1708,131,-142,155
2025-11-26T11:30:30.667807,283,859,504,441,204,106,212,264,-3087,1100,3555,-15655,33,-797,1761,218,-96,217
2025-11-26T11:30:30.690151,322,908,501,446,219,114,220,298,-3071,1090,3522,-15666,28,-849,1791,187,19,121
2025-11-26T11:30:30.710896,382,1093,569,564,254,131,246,303,-3060,1090,3498,-15673,40,-878,1784,138,72,108
2025-11-26T11:30:30.725871,393,1125,562,622,234,144,265,303,-3045,1087,3524,-15671,57,-785,1659,-153,13,99
2025-11-26T11:30:30.749338,423,1125,574,626,220,138,287,300,-3010,1080,3558,-15670,130,-908,1665,-146,-11,222
2025-11-26T11:30:30.772735,545,1206,673,643,226,145,311,383,-2965,1085,3546,-15681,66,-1069,1668,184,57,303
2025-11-26T11:30:30.787961,597,1305,780,666,234,143,290,371,-2940,1084,3481,-15701,50,-804,1652,367,92,212
2025-11-26T11:30:30.810229,540,1194,754,626,232,148,348,387,-2896,1079,3456,-15715,61,-637,1579,81,15,285
2025-11-26T11:30:30.832780,607,1360,822,619,230,142,362,511,-2833,1067,3515,-15714,85,-731,1552,-338,-110,342
2025-11-26T11:30:30.847739,600,1403,828,590,233,143,361,542,-2770,1033,3550,-15720,169,-1030,1630,-58,-166,358
2025-11-26T11:30:30.870230,521,1433,842,626,237,142,358,529,-2696,1012,3525,-15739,86,-933,1588,234,-100,443
2025-11-26T11:30:30.900965,448,1364,757,584,220,140,356,584,-2607,1022,3487,-15762,-220,-734,1451,213,-98,495
2025-11-26T11:30:30.907702,487,1342,737,630,194,128,348,691,-2522,1031,3510,-15770,-201,-790,1375,-86,-132,442
2025-11-26T11:30:30.930289,501,1179,736,555,173,116,331,730,-2413,1050,3571,-15772,-161,-902,1517,-304,-111,577
2025-11-26T11:30:30.952786,491,1108,754,532,157,114,310,747,-2265,1082,3606,-15784,-223,-1180,1585,-59,-89,827
2025-11-26T11:30:30.967531,477,978,663,469,145,112,299,724,-2102,1121,3574,-15811,-412,-967,1583,211,-111,898
2025-11-26T11:30:30.990320,497,1136,724,463,130,115,406,747,-1949,1149,3565,-15831,-476,-674,1472,-30,-203,797
2025-11-26T11:30:31.013587,448,1098,713,326,101,106,379,724,-1786,1180,3660,-15826,-430,-636,1399,-637,-234,802
2025-11-26T11:30:31.027793,340,1108,661,310,98,109,403,643,-1611,1179,3804,-15811,-375,-1019,1481,-748,-411,839
2025-11-26T11:30:31.050291,395,1198,661,296,102,124,475,711,-1415,1164,3908,-15806,-208,-1022,1446,-525,-414,991
2025-11-26T11:30:31.072815,454,1227,669,281,133,170,501,819,-1239,1173,3951,-15809,-408,-884,1460,-256,-322,892
2025-11-26T11:30:31.088191,433,1084,654,362,178,179,455,938,-1057,1173,4076,-15791,-515,-646,1276,-810,-466,822
2025-11-26T11:30:31.110875,506,1118,710,472,265,240,607,949,-854,1191,4237,-15759,-485,-1082,1720,-970,-353,976
2025-11-26T11:30:31.133294,513,1268,731,510,288,252,617,959,-627,1205,4347,-15738,-592,-1036,1911,-775,-424,1093
2025-11-26T11:30:31.147556,550,1247,730,533,298,249,592,996,-409,1223,4403,-15729,-727,-1075,1722,-400,-455,1046
2025-11-26T11:30:31.170192,523,1331,807,533,291,223,570,1002,-188,1215,4451,-15720,-709,-940,1478,-349,-593,1022
2025-11-26T11:30:31.192716,528,1297,768,483,273,219,567,955,29,1213,4533,-15698,-589,-863,1494,-598,-490,1023
2025-11-26T11:30:31.207636,496,1316,731,392,204,154,394,916,249,1224,4627,-15668,-701,-1139,1695,-622,-448,1045
2025-11-26T11:30:31.230337,503,1152,739,333,169,130,364,938,455,1212,4669,-15652,-680,-1356,1695,-224,-542,981
2025-11-26T11:30:31.250676,536,1133,828,330,165,138,397,893,649,1192,4634,-15657,-547,-1158,1597,170,-531,964
2025-11-26T11:30:31.266067,653,1211,880,428,171,138,441,896,872,1189,4627,-15648,-318,-971,1709,-125,-356,1187
2025-11-26T11:30:31.298055,662,1320,960,432,162,126,412,776,1118,1185,4725,-15603,-499,-1089,1773,-727,-416,1244
2025-11-26T11:30:31.313241,673,1286,1000,415,159,126,399,740,1274,1135,4746,-15589,-12,-1225,1924,-240,-325,861
2025-11-26T11:30:31.327787,659,1263,1012,465,165,129,396,660,1386,1094,4685,-15601,318,-846,2135,36,-80,722
2025-11-26T11:30:31.350265,572,1248,943,461,157,110,309,538,1462,1040,4687,-15597,605,-705,2208,-401,76,562
2025-11-26T11:30:31.373023,383,1054,993,520,147,100,263,313,1489,994,4795,-15564,819,-781,2151,-956,351,360
2025-11-26T11:30:31.387950,338,872,1009,722,187,103,298,274,1493,976,4967,-15511,913,-1065,2172,-1213,616,337
2025-11-26T11:30:31.410336,243,877,1009,804,181,122,391,232,1472,1026,5133,-15456,748,-1196,2030,-1063,931,293
2025-11-26T11:30:31.432340,222,860,1100,806,188,157,456,196,1418,1118,5279,-15405,675,-1066,1890,-947,1154,180
2025-11-26T11:30:31.456150,201,822,1142,909,220,200,527,194,1377,1226,5449,-15341,140,-1212,1891,-1064,1013,120
2025-11-26T11:30:31.470311,194,794,1013,958,299,221,556,173,1291,1321,5558,-15301,66,-1448,1791,-576,957,-116
2025-11-26T11:30:31.492312,201,776,955,932,349,227,543,150,1195,1426,5569,-15296,-162,-1259,1732,-46,877,-216
2025-11-26T11:30:31.507669,200,657,972,966,387,214,513,133,1112,1515,5586,-15287,-443,-1220,1668,-98,652,-273
2025-11-26T11:30:31.530318,200,648,821,984,394,200,468,131,1044,1555,5578,-15291,-522,-1341,1762,46,328,-294
2025-11-26T11:30:31.552853,178,571,742,983,458,155,381,128,978,1577,5517,-15316,-533,-1385,1661,420,189,-292
2025-11-26T11:30:31.575495,162,478,710,864,413,121,303,110,908,1602,5408,-15356,-474,-1251,1731,634,214,-281
2025-11-26T11:30:31.590346,151,456,643,732,360,103,277,107,827,1635,5285,-15400,-515,-1148,1767,690,255,-340
2025-11-26T11:30:31.613202,133,379,485,611,335,100,191,96,734,1696,5184,-15432,-712,-1178,1765,589,354,-418
2025-11-26T11:30:31.635770,119,338,404,546,336,84,107,85,583,1792,5057,-15470,-655,-1197,1824,787,667,-616
2025-11-26T11:30:31.650049,78,245,426,340,235,86,97,50,405,1944,4891,-15511,-644,-1027,1842,967,1017,-646
2025-11-26T11:30:31.681595,75,229,411,340,230,91,72,48,218,2133,4736,-15538,-804,-985,1785,911,1170,-685
2025-11-26T11:30:31.694784,58,201,412,349,260,106,63,44,16,2338,4590,-15554,-971,-1001,1646,920,1208,-767
2025-11-26T11:30:31.710310,54,173,408,381,277,110,52,42,-224,2543,4456,-15559,-1128,-900,1503,876,1207,-1033
2025-11-26T11:30:31.732934,48,119,429,431,270,110,50,40,-507,2698,4381,-15547,-1323,-821,1250,611,889,-1446
2025-11-26T11:30:31.755789,47,113,331,424,270,108,91,61,-876,2718,4387,-15526,-1237,-814,1278,267,592,-2000
2025-11-26T11:30:31.770294,53,177,302,437,274,114,106,69,-1221,2662,4447,-15495,-1165,-1115,1143,9,146,-2023
2025-11-26T11:30:31.792381,62,193,294,518,260,105,117,87,-1535,2549,4517,-15466,-830,-1283,1165,-35,-176,-1928
2025-11-26T11:30:31.815503,60,191,284,621,233,104,120,88,-1845,2440,4499,-15455,-603,-1243,1256,448,-109,-1806
2025-11-26T11:30:31.830489,65,195,331,672,246,108,118,90,-2157,2340,4453,-15443,-576,-1195,1106,597,-43,-1780
2025-11-26T11:30:31.852835,74,200,330,692,236,119,141,92,-2441,2224,4416,-15429,-444,-1248,1200,532,-165,-1657
2025-11-26T11:30:31.875284,70,151,348,741,288,120,141,101,-2692,2078,4429,-15404,-267,-1315,1111,464,-416,-1547
2025-11-26T11:30:31.890535,64,229,528,757,310,121,136,99,-2890,1911,4388,-15401,-46,-1311,1083,773,-489,-1188
2025-11-26T11:30:31.913799,67,239,585,652,299,135,137,101,-3019,1750,4318,-15415,-51,-1193,1128,848,-556,-809
2025-11-26T11:30:31.935405,71,252,566,603,288,144,154,117,-3108,1619,4285,-15421,-19,-1086,1183,533,-482,-590
2025-11-26T11:30:31.950232,101,303,602,639,283,143,160,184,-3175,1499,4288,-15419,99,-1203,1263,337,-442,-456
2025-11-26T11:30:31.972944,103,315,628,644,231,141,160,201,-3206,1393,4247,-15433,92,-1375,1414,604,-388,-210
2025-11-26T11:30:31.995325,107,290,628,649,178,144,163,203,-3209,1308,4158,-15464,16,-1145,1451,737,-312,-24
2025-11-26T11:30:32.014645,110,297,599,774,178,128,163,204,-3202,1259,4090,-15488,-56,-954,1502,483,-197,33
2025-11-26T11:30:32.032963,115,292,587,750,166,107,149,206,-3175,1224,4057,-15505,-50,-978,1565,259,-175,135
2025-11-26T11:30:32.055788,101,250,610,717,156,91,106,146,-3144,1197,4043,-15517,-137,-1048,1615,165,-204,138
2025-11-26T11:30:32.070331,117,293,585,691,134,78,109,128,-3105,1178,4006,-15536,-101,-1148,1714,318,-131,212
2025-11-26T11:30:32.092809,114,266,427,627,117,69,108,127,-3095,1168,3922,-15560,-92,-990,1779,486,15,100
2025-11-26T11:30:32.115517,111,250,393,556,117,65,112,131,-3074,1172,3842,-15584,-169,-885,1807,402,33,152
2025-11-26T11:30:32.130348,121,251,380,611,139,69,202,151,-3059,1180,3775,-15603,-146,-910,1881,323,67,126
2025-11-26T11:30:32.152646,154,268,395,665,202,81,235,254,-3038,1182,3712,-15622,-180,-906,1842,326,7,140
2025-11-26T11:30:32.172534,149,202,396,640,207,79,278,317,-3027,1164,3657,-15638,-47,-1096,1774,422,-28,97
2025-11-26T11:30:32.187437,160,203,388,620,207,82,332,350,-3022,1138,3524,-15672,-94,-1029,1920,826,-9,87
2025-11-26T11:30:32.210493,165,231,442,569,209,85,340,387,-2993,1113,3374,-15712,-241,-841,1823,860,-98,195
2025-11-26T11:30:32.234034,162,321,469,678,246,109,321,422,-2988,1078,3251,-15741,-178,-712,1752,693,-116,45
2025-11-26T11:30:32.250054,128,320,403,620,196,102,325,391,-2985,1042,3189,-15757,-94,-678,1691,358,-138,10
2025-11-26T11:30:32.272868,134,474,411,621,196,121,333,352,-2992,985,3126,-15772,-57,-699,1651,418,-228,-54
2025-11-26T11:30:32.295176,164,681,437,673,207,133,321,478,-3004,921,3074,-15784,87,-826,1546,452,-208,-70
2025-11-26T11:30:32.310388,188,799,425,717,216,146,315,463,-3005,859,2999,-15802,137,-757,1684,529,-160,16
2025-11-26T11:30:32.332895,303,947,487,727,198,137,306,513,-2992,787,2916,-15823,255,-436,1660,436,-169,103
2025-11-26T11:30:32.355006,325,1032,523,755,211,146,347,510,-2965,737,2885,-15836,245,-534,1662,170,-122,170
2025-11-26T11:30:32.370371,348,1133,629,807,250,151,310,519,-2918,704,2866,-15850,160,-709,1619,187,-108,279
2025-11-26T11:30:32.392817,351,1087,698,837,248,150,287,410,-2861,680,2822,-15869,309,-641,1615,285,31,381
2025-11-26T11:30:32.415258,353,1119,740,864,274,140,285,458,-2788,664,2763,-15893,318,-576,1759,307,78,483
2025-11-26T11:30:32.429981,339,1202,790,743,250,137,314,425,-2693,646,2684,-15924,320,-777,1776,531,73,617
2025-11-26T11:30:32.452905,348,1194,793,806,259,127,285,552,-2586,631,2555,-15964,206,-634,1637,770,57,676
2025-11-26T11:30:32.475400,354,1141,864,807,224,127,336,631,-2476,632,2419,-16002,22,-555,1574,780,61,680
2025-11-26T11:30:32.497806,438,1210,849,731,221,120,354,712,-2379,630,2303,-16034,-7,-382,1561,595,22,583
2025-11-26T11:30:32.512999,496,1221,855,639,177,124,372,714,-2274,622,2241,-16058,-64,-528,1640,368,-79,602
2025-11-26T11:30:32.535746,467,1180,840,682,199,166,436,825,-2169,609,2180,-16082,17,-564,1616,399,-68,611
2025-11-26T11:30:32.557823,476,1156,816,577,179,183,577,823,-2059,627,2109,-16105,-268,-389,1568,349,-40,620
2025-11-26T11:30:32.573029,464,1134,695,496,175,193,592,832,-1970,649,2065,-16121,-397,-426,1618,219,-84,479
2025-11-26T11:30:32.595320,400,1059,684,512,190,216,625,865,-1886,653,2077,-16129,-372,-374,1755,-137,-195,426
2025-11-26T11:30:32.618139,338,1020,626,448,185,216,640,913,-1774,656,2187,-16127,-315,-447,1657,-643,-258,563
2025-11-26T11:30:32.632811,309,916,595,348,153,185,614,835,-1656,670,2271,-16128,-282,-607,1592,-427,-164,611
2025-11-26T11:30:32.655333,270,949,591,474,160,184,526,883,-1553,691,2321,-16130,-322,-428,1695,-349,-108,537
2025-11-26T11:30:32.677316,335,976,569,472,158,161,495,871,-1451,710,2400,-16127,-345,-453,1721,-516,-140,517
2025-11-26T11:30:32.693445,377,1025,573,465,155,134,439,814,-1346,695,2514,-16119,-305,-627,1754,-623,-328,505
2025-11-26T11:30:32.715332,378,1009,588,479,177,164,423,803,-1221,681,2640,-16110,-182,-566,1540,-705,-285,629
2025-11-26T11:30:32.738053,394,1102,595,471,187,172,400,818,-1093,716,2746,-16100,-254,-606,1729,-641,-40,677
2025-11-26T11:30:32.752648,431,1212,641,312,189,167,336,743,-957,755,2850,-16089,-332,-663,1779,-631,-51,722
2025-11-26T11:30:32.775402,399,1200,691,314,292,297,343,686,-802,784,2963,-16075,-399,-765,1727,-634,-153,799
2025-11-26T11:30:32.797767,396,1194,723,292,294,321,340,718,-638,832,3075,-16059,-430,-651,1503,-661,-79,856
2025-11-26T11:30:32.812590,393,1198,737,271,284,307,322,721,-455,906,3227,-16031,-500,-675,1610,-939,20,966
2025-11-26T11:30:32.835349,418,1243,762,292,293,307,287,677,-283,969,3360,-16004,-458,-846,1768,-787,23,915
2025-11-26T11:30:32.857691,425,1205,753,264,287,305,246,617,-90,988,3475,-15981,-444,-792,1635,-699,-240,987
2025-11-26T11:30:32.877074,415,1317,726,221,185,187,189,628,105,994,3582,-15957,-486,-729,1356,-638,-340,968
2025-11-26T11:30:32.892508,436,1347,722,195,169,148,178,547,300,989,3708,-15926,-538,-797,1527,-764,-411,942
2025-11-26T11:30:32.915233,503,1449,736,242,168,146,169,430,499,919,3830,-15896,-521,-845,1605,-763,-753,887
2025-11-26T11:30:32.930924,587,1362,731,333,157,135,166,408,697,793,3943,-15868,-331,-900,1627,-715,-974,853
2025-11-26T11:30:32.955256,593,1344,790,388,157,128,190,444,900,672,4024,-15843,-331,-1062,1595,-458,-971,896
2025-11-26T11:30:32.977694,640,1321,812,392,161,131,199,434,1109,615,4040,-15828,-408,-969,1851,-182,-673,1005
2025-11-26T11:30:32.992855,729,1345,838,422,174,131,222,564,1297,581,4051,-15812,-168,-886,2075,-250,-398,978
2025-11-26T11:30:33.015292,803,1461,929,427,178,133,225,589,1466,580,4099,-15785,-32,-1100,2090,-352,-94,978
2025-11-26T11:30:33.037870,754,1508,968,351,156,128,226,568,1617,642,4118,-15763,-40,-1059,2114,-183,264,967
2025-11-26T11:30:33.052560,735,1491,941,320,147,123,222,525,1742,747,4113,-15746,-39,-839,2209,-141,540,886
2025-11-26T11:30:33.075341,699,1427,1008,377,138,115,222,503,1823,827,4151,-15723,177,-813,2176,-396,615,668
2025-11-26T11:30:33.097550,557,1417,1020,430,144,102,201,285,1854,856,4220,-15699,374,-784,2159,-593,523,369
2025-11-26T11:30:33.120928,364,1134,941,470,147,101,256,213,1864,831,4329,-15670,526,-844,2149,-835,368,216
2025-11-26T11:30:33.135352,309,986,961,520,162,110,272,187,1865,758,4479,-15631,729,-962,2128,-1062,233,161
2025-11-26T11:30:33.158218,278,891,1009,710,192,122,294,170,1850,699,4602,-15600,897,-1096,1999,-808,370,161
2025-11-26T11:30:33.172892,235,767,965,785,239,126,306,138,1795,697,4661,-15589,701,-1069,1966,-406,599,-18
2025-11-26T11:30:33.195310,210,537,936,889,282,126,304,126,1717,746,4707,-15582,386,-1004,1959,-322,748,-145
2025-11-26T11:30:33.217898,166,529,921,927,284,127,291,84,1625,829,4752,-15574,-39,-1000,1895,-292,760,-294
2025-11-26T11:30:33.232999,123,443,802,964,284,131,285,84,1497,902,4807,-15565,-168,-1147,1816,-257,711,-526
2025-11-26T11:30:33.255468,141,392,745,899,322,162,246,83,1366,981,4817,-15570,-257,-1312,1809,81,684,-527
2025-11-26T11:30:33.277774,145,378,668,826,303,170,258,76,1230,1065,4796,-15582,-332,-1152,1740,213,665,-578
2025-11-26T11:30:33.292888,143,348,620,752,278,169,253,71,1116,1153,4783,-15588,-494,-1139,1674,163,587,-500
2025-11-26T11:30:33.315122,146,245,569,694,289,168,200,67,1015,1227,4732,-15605,-530,-1250,1748,415,466,-443
2025-11-26T11:30:33.338192,140,229,537,613,288,159,177,54,901,1311,4633,-15635,-558,-1119,1794,636,511,-491
2025-11-26T11:30:33.352814,106,211,425,501,227,122,174,49,756,1422,4505,-15670,-574,-999,1866,760,700,-608
2025-11-26T11:30:33.375330,94,179,429,490,207,108,105,44,583,1575,4366,-15702,-632,-900,1840,820,950,-708
2025-11-26T11:30:33.398083,70,123,389,364,194,102,79,36,404,1755,4230,-15726,-805,-822,1695,821,1026,-743
2025-11-26T11:30:33.412789,61,110,422,338,228,105,74,38,173,1944,4088,-15746,-857,-736,1659,857,1128,-1013
2025-11-26T11:30:33.435305,53,100,427,389,232,105,61,38,-94,2152,3983,-15746,-985,-808,1609,710,1250,-1224
2025-11-26T11:30:33.465962,54,112,416,558,297,101,58,36,-394,2357,3916,-15729,-1096,-969,1503,609,1237,-1429
2025-11-26T11:30:33.480749,63,196,353,593,324,96,53,38,-743,2473,3852,-15714,-1212,-765,1436,582,1023,-1718
2025-11-26T11:30:33.495763,69,212,319,625,335,99,94,102,-1093,2488,3911,-15677,-1253,-572,1216,-88,457,-1980
2025-11-26T11:30:33.517830,68,223,260,641,297,102,146,159,-1425,2448,4082,-15613,-1034,-840,1157,-692,141,-2044
2025-11-26T11:30:33.541000,66,246,310,652,310,107,152,165,-1748,2405,4186,-15559,-682,-1299,1316,-287,177,-1902
2025-11-26T11:30:33.555329,115,409,431,642,279,111,160,178,-2072,2349,4198,-15525,-684,-1464,1273,260,148,-1840
2025-11-26T11:30:33.577818,120,479,457,612,251,111,239,228,-2367,2239,4192,-15500,-665,-1220,1203,360,-182,-1753
2025-11-26T11:30:33.601029,120,488,454,595,219,117,256,221,-2621,2123,4205,-15472,-374,-1172,1207,364,-306,-1549
2025-11-26T11:30:33.615276,124,494,587,618,232,141,242,192,-2812,1986,4190,-15461,-134,-1333,1257,579,-398,-1137
2025-11-26T11:30:33.637862,129,506,655,628,215,154,247,193,-2932,1848,4121,-15474,-94,-1187,1274,786,-460,-720
2025-11-26T11:30:33.661085,113,431,631,526,181,152,273,189,-3022,1732,4086,-15480,-82,-1197,1330,553,-414,-561
2025-11-26T11:30:33.675182,107,320,644,627,195,154,210,127,-3088,1617,4065,-15485,16,-1221,1370,470,-425,-426
2025-11-26T11:30:33.697538,103,306,719,730,189,174,200,117,-3126,1485,4003,-15506,73,-1175,1430,686,-493,-255
2025-11-26T11:30:33.721156,106,326,671,748,178,147,187,103,-3137,1361,3892,-15544,16,-947,1537,819,-479,-94
2025-11-26T11:30:33.743552,102,297,588,697,158,127,188,96,-3140,1265,3816,-15570,-29,-907,1592,568,-403,-59
2025-11-26T11:30:33.757726,83,245,537,699,166,130,229,155,-3146,1188,3779,-15584,10,-906,1616,324,-317,-73
2025-11-26T11:30:33.781128,74,234,497,651,190,135,249,163,-3156,1132,3750,-15593,67,-1005,1678,296,-189,-65
2025-11-26T11:30:33.795056,81,223,402,517,194,103,242,164,-3161,1087,3710,-15605,81,-1007,1741,332,-119,-12
2025-11-26T11:30:33.817879,76,167,360,426,184,97,272,189,-3156,1045,3646,-15624,6,-872,1810,385,-130,37
2025-11-26T11:30:33.840534,88,169,342,602,194,97,271,200,-3122,1012,3591,-15646,-167,-1048,1777,428,-213,163
2025-11-26T11:30:33.855536,93,244,329,647,188,96,215,155,-3086,979,3533,-15668,-217,-1028,1720,456,-242,161
2025-11-26T11:30:33.878008,101,257,324,693,154,94,215,159,-3061,939,3431,-15698,-161,-822,1834,602,-198,128
2025-11-26T11:30:33.900979,217,572,306,748,158,105,223,193,-3051,884,3356,-15719,121,-756,1823,442,-144,75
2025-11-26T11:30:33.915349,251,635,394,821,193,108,243,374,-3030,833,3298,-15738,127,-781,1747,382,-156,131
2025-11-26T11:30:33.938166,286,769,449,727,193,113,247,403,-2987,788,3212,-15767,155,-826,1710,574,-113,273
2025-11-26T11:30:33.961060,362,831,562,722,194,146,250,474,-2945,758,3079,-15803,102,-668,1781,743,-9,297
2025-11-26T11:30:33.975475,415,1044,690,705,196,142,253,485,-2897,729,2980,-15832,81,-688,1819,564,-53,311
2025-11-26T11:30:33.995555,370,1047,718,790,229,142,248,530,-2863,675,2873,-15860,110,-672,1846,635,-151,213
2025-11-26T11:30:34.019244,360,1122,683,718,210,150,243,519,-2829,602,2738,-15893,165,-537,1827,766,-210,207
2025-11-26T11:30:34.034730,366,1122,684,710,224,151,260,527,-2789,527,2639,-15919,100,-478,1753,564,-292,211
2025-11-26T11:30:34.057864,301,1078,731,687,236,122,287,521,-2751,449,2567,-15940,204,-595,1715,491,-290,208
2025-11-26T11:30:34.081063,229,890,731,613,229,144,297,534,-2700,374,2489,-15963,240,-675,1728,567,-260,283
2025-11-26T11:30:34.095557,304,948,708,420,189,136,331,571,-2640,321,2384,-15990,124,-552,1660,662,-194,334
2025-11-26T11:30:34.117808,356,992,721,484,193,132,360,631,-2588,288,2277,-16015,12,-499,1668,638,-130,291
2025-11-26T11:30:34.141170,353,984,743,541,224,150,349,666,-2536,260,2195,-16035,13,-514,1556,523,-124,287
2025-11-26T11:30:34.155391,386,1099,647,522,201,164,365,698,-2459,242,2142,-16055,-176,-561,1605,382,-212,401
2025-11-26T11:30:34.177908,464,1241,607,514,199,164,405,801,-2388,235,2071,-16075,-20,-439,1696,401,-53,400
2025-11-26T11:30:34.201147,466,1186,664,536,221,170,412,817,-2328,240,2017,-16091,-73,-451,1745,306,-18,343
2025-11-26T11:30:34.215302,430,1117,694,513,213,169,439,784,-2272,242,1946,-16107,-66,-336,1735,348,-9,318
2025-11-26T11:30:34.237907,432,1106,751,446,160,154,477,806,-2234,249,1913,-16116,-169,-311,1778,113,-56,201
2025-11-26T11:30:34.261101,452,1050,762,441,153,142,490,826,-2200,233,1904,-16122,-23,-379,1843,30,-118,175
2025-11-26T11:30:34.275364,414,950,745,550,154,130,529,805,-2150,230,1910,-16128,-21,-443,1836,-30,-69,272
2025-11-26T11:30:34.298019,369,920,747,550,117,124,506,814,-2091,242,1908,-16136,-150,-469,1785,21,-52,321
2025-11-26T11:30:34.320376,448,973,768,526,110,128,507,892,-2036,255,1876,-16147,-112,-380,1781,146,0,306
2025-11-26T11:30:34.335394,430,968,693,500,94,129,560,898,-1987,281,1845,-16156,-142,-387,1828,135,65,281
2025-11-26T11:30:34.357861,383,1044,827,520,112,132,540,893,-1934,319,1810,-16166,-181,-383,1863,148,115,306
2025-11-26T11:30:34.380567,420,1064,859,439,110,126,522,956,-1880,356,1797,-16173,-194,-403,1889,29,89,308
2025-11-26T11:30:34.403333,481,1090,815,426,117,144,559,1037,-1830,369,1814,-16176,-94,-349,1898,-155,1,277
2025-11-26T11:30:34.417886,433,1149,793,435,130,150,565,935,-1775,378,1824,-16181,36,-423,1854,-66,48,317
2025-11-26T11:30:34.440442,480,1183,826,505,150,160,519,934,-1715,394,1820,-16188,-135,-403,1889,-9,7,335
2025-11-26T11:30:34.463554,594,1236,709,479,157,171,556,985,-1658,395,1827,-16193,-91,-394,1828,-63,-59,312
2025-11-26T11:30:34.477873,547,1240,681,465,155,184,565,906,-1606,395,1818,-16199,-25,-363,1774,20,-14,293
2025-11-26T11:30:34.508601,491,1175,748,535,152,171,543,800,-1549,396,1848,-16201,-105,-401,1837,-185,-78,309
2025-11-26T11:30:34.523936,510,1108,717,522,142,160,499,849,-1499,389,1906,-16199,-72,-388,1778,-351,-115,259
2025-11-26T11:30:34.537877,472,1125,780,487,122,149,490,855,-1439,383,1956,-16199,-36,-511,1804,-250,-89,320
2025-11-26T11:30:34.560375,315,917,743,470,101,146,544,854,-1383,393,1977,-16201,-97,-404,1730,-140,-21,308
2025-11-26T11:30:34.583729,380,947,715,553,148,187,549,951,-1333,393,1993,-16203,-71,-433,1774,-104,-50,273
2025-11-26T11:30:34.597545,420,1069,712,500,170,205,560,1017,-1292,394,2031,-16202,-47,-381,1847,-266,-41,223
2025-11-26T11:30:34.620348,417,1012,688,507,173,208,560,1045,-1255,413,2097,-16196,-133,-288,1822,-488,12,193
2025-11-26T11:30:34.643608,421,1062,591,504,205,238,535,1029,-1206,447,2190,-16186,-172,-599,1823,-496,57,261
2025-11-26T11:30:34.657748,429,1178,678,533,213,230,416,943,-1156,474,2224,-16185,-97,-565,1850,-190,85,288
2025-11-26T11:30:34.680371,380,1134,743,560,202,189,325,809,-1107,500,2247,-16184,-102,-398,1898,-225,89,283
2025-11-26T11:30:34.703625,361,1092,678,569,179,165,282,665,-1052,524,2295,-16180,-128,-389,1817,-357,46,299
2025-11-26T11:30:34.717817,340,1186,696,581,183,162,275,558,-1007,523,2343,-16176,-98,-530,1793,-281,-61,234
2025-11-26T11:30:34.740688,367,1065,675,592,158,113,266,503,-967,505,2360,-16177,66,-522,1806,-108,-61,226
2025-11-26T11:30:34.763643,366,967,591,622,172,109,266,502,-925,472,2386,-16176,-4,-452,1692,-175,-186,213
2025-11-26T11:30:34.777899,357,951,484,546,159,92,244,513,-886,438,2418,-16175,70,-495,1630,-178,-163,201
2025-11-26T11:30:34.798018,341,972,562,529,183,123,245,584,-863,418,2462,-16170,-12,-299,1617,-355,-119,108
2025-11-26T11:30:34.821401,300,842,529,517,181,119,202,541,-858,411,2547,-16157,-101,-461,1675,-525,-87,-8
2025-11-26T11:30:34.836114,245,858,504,589,200,122,186,517,-863,388,2630,-16144,-45,-726,1665,-373,-140,-55
2025-11-26T11:30:34.859884,244,906,535,563,185,120,196,553,-864,371,2661,-16140,52,-613,1739,-161,-51,-9
2025-11-26T11:30:34.883529,221,836,584,612,200,117,187,499,-867,354,2702,-16133,-16,-501,1738,-279,-83,-38
2025-11-26T11:30:34.898126,196,660,487,660,195,82,154,367,-890,344,2769,-16120,28,-508,1727,-435,-18,-139
2025-11-26T11:30:34.920191,179,586,554,749,212,80,135,362,-938,347,2882,-16098,-106,-475,1778,-733,-2,-292
2025-11-26T11:30:34.943672,164,482,537,688,241,116,137,340,-1011,360,3047,-16063,-92,-581,1782,-1000,68,-435
2025-11-26T11:30:34.957780,107,278,494,853,345,200,114,183,-1106,386,3272,-16012,4,-611,1812,-1367,188,-532
2025-11-26T11:30:34.980377,133,508,426,850,371,232,107,141,-1220,476,3543,-15943,42,-566,1756,-1613,540,-577
2025-11-26T11:30:35.011107,134,553,423,810,369,240,105,139,-1350,599,3775,-15875,-84,-924,1817,-1376,731,-630
2025-11-26T11:30:35.018083,141,613,370,809,374,256,110,119,-1471,752,4002,-15802,-245,-1166,1773,-1275,820,-578
2025-11-26T11:30:35.039874,295,748,532,810,389,289,120,154,-1579,903,4202,-15732,-260,-1041,1557,-1162,805,-501
2025-11-26T11:30:35.063547,348,957,549,645,331,256,108,163,-1683,1028,4330,-15678,-235,-1152,1646,-731,719,-474
2025-11-26T11:30:35.077916,339,934,653,644,307,245,104,164,-1770,1137,4421,-15636,-208,-1119,1656,-547,648,-379
2025-11-26T11:30:35.100527,369,1069,717,630,337,270,123,162,-1839,1261,4556,-15580,-276,-1046,1492,-821,646,-300
2025-11-26T11:30:35.128766,397,1191,736,503,324,262,130,169,-1917,1394,4700,-15516,-244,-1261,1419,-789,728,-323
2025-11-26T11:30:35.135935,339,1153,720,585,276,208,111,132,-1989,1547,4872,-15439,-221,-1072,1117,-985,818,-279
2025-11-26T11:30:35.160413,452,1093,751,576,247,186,104,109,-2054,1734,5103,-15336,-119,-1200,1049,-1320,1007,-186
2025-11-26T11:30:35.183860,505,1029,660,697,248,167,102,106,-2105,1946,5302,-15235,-112,-1412,1254,-1178,1170,-20
2025-11-26T11:30:35.197875,505,969,626,809,223,110,84,92,-2149,2154,5460,-15145,-211,-1435,1132,-927,1118,25
2025-11-26T11:30:35.219991,510,841,606,961,238,89,69,81,-2191,2369,5580,-15063,-211,-1354,1196,-800,1196,86
2025-11-26T11:30:35.243533,508,859,490,1046,252,84,73,104,-2254,2604,5694,-14972,-447,-1329,1244,-829,1274,-61
2025-11-26T11:30:35.258241,376,751,396,1146,264,85,73,92,-2315,2782,5777,-14899,-596,-1421,1502,-681,975,-159
2025-11-26T11:30:35.288833,353,922,504,1062,248,78,89,132,-2348,2881,5928,-14815,-603,-1494,1471,-994,477,-237
2025-11-26T11:30:35.303544,514,1069,496,1044,299,96,108,329,-2381,2940,6107,-14725,-507,-1409,1382,-1144,290,-331
2025-11-26T11:30:35.325988,522,1104,463,975,311,146,142,404,-2431,3013,6276,-14631,-433,-1563,1452,-1098,449,-342
2025-11-26T11:30:35.340283,520,1174,488,853,324,165,144,418,-2489,3092,6388,-14556,-486,-1529,1510,-822,518,-315
2025-11-26T11:30:35.371085,582,1270,593,770,309,164,150,456,-2551,3136,6494,-14489,-571,-1260,1382,-801,303,-467
2025-11-26T11:30:35.386404,572,1219,504,797,312,168,144,468,-2615,3147,6623,-14416,-504,-1703,1335,-751,149,-513
2025-11-26T11:30:35.408643,425,1006,492,826,271,159,127,382,-2693,3117,6704,-14371,-481,-1935,1347,-340,-6,-576
2025-11-26T11:30:35.423703,397,911,508,830,260,116,96,327,-2749,3083,6722,-14359,-582,-1765,1280,0,-95,-444
2025-11-26T11:30:35.446130,389,739,488,807,227,89,103,333,-2765,3072,6765,-14339,-617,-1609,1201,-227,-113,-271
2025-11-26T11:30:35.460411,277,504,400,833,294,100,98,282,-2756,3088,6850,-14297,-623,-1629,1146,-521,-56,-149
2025-11-26T11:30:35.491156,230,277,448,885,367,107,98,248,-2746,3102,6937,-14253,-549,-1815,1093,-463,-54,-107
2025-11-26T11:30:35.505798,192,227,444,861,395,116,98,209,-2720,3111,6984,-14233,-651,-2098,1162,-175,-121,8
2025-11-26T11:30:35.528991,157,195,522,905,454,148,109,168,-2698,3120,6935,-14260,-503,-1771,1146,320,-30,173
2025-11-26T11:30:35.543789,99,173,545,975,451,146,101,93,-2680,3143,6896,-14277,-401,-1257,1082,109,77,159
2025-11-26T11:30:35.565617,97,198,548,907,413,137,96,82,-2652,3197,6915,-14261,-409,-1395,1052,-234,192,204
2025-11-26T11:30:35.580324,96,205,507,910,376,129,97,70,-2629,3268,6996,-14210,-614,-1759,1116,-563,210,78
2025-11-26T11:30:35.608474,167,454,507,974,364,120,104,88,-2660,3291,7031,-14181,-469,-1915,1039,-108,163,-149
2025-11-26T11:30:35.623859,230,669,485,908,274,88,87,97,-2709,3285,6984,-14196,-391,-1562,1009,357,108,-185
2025-11-26T11:30:35.638198,256,777,480,838,277,95,81,111,-2752,3268,6970,-14199,-289,-1305,1014,89,56,-214
2025-11-26T11:30:35.663629,290,810,442,899,280,101,82,130,-2776,3270,7059,-14150,-94,-1602,1127,-542,131,-123
2025-11-26T11:30:35.686108,373,813,511,860,235,107,81,135,-2787,3307,7179,-14078,-126,-1756,1074,-747,250,-31
2025-11-26T11:30:35.700860,400,723,493,700,161,102,68,126,-2807,3338,7229,-14042,-210,-1872,1122,-302,257,-6
2025-11-26T11:30:35.723529,373,553,436,639,159,95,58,112,-2815,3343,7226,-14040,-237,-1843,1082,56,97,70
2025-11-26T11:30:35.745806,363,401,411,604,141,82,61,96,-2822,3334,7182,-14063,-253,-1684,1128,264,40,85
2025-11-26T11:30:35.768327,335,316,404,497,113,68,55,67,-2814,3326,7133,-14092,-402,-1585,1190,237,-32,94
2025-11-26T11:30:35.783515,239,302,279,402,92,47,46,54,-2808,3309,7108,-14110,-409,-1657,1231,116,-85,32
2025-11-26T11:30:35.806112,143,256,316,471,105,46,51,62,-2820,3283,7084,-14125,-382,-1636,1225,135,-69,-73
2025-11-26T11:30:35.821504,127,204,343,535,81,42,50,63,-2850,3267,7065,-14133,-304,-1706,1144,159,35,-108
2025-11-26T11:30:35.843626,104,179,335,611,144,59,48,63,-2880,3251,7022,-14152,-293,-1593,1202,251,52,-77
2025-11-26T11:30:35.865998,99,172,339,637,190,110,60,62,-2910,3237,6985,-14167,-191,-1512,1263,164,98,-50
2025-11-26T11:30:35.896589,96,167,385,716,216,126,68,61,-2945,3224,6988,-14161,-47,-1538,1205,-40,130,-74
2025-11-26T11:30:35.903683,80,144,395,707,215,128,65,47,-3014,3229,7003,-14138,137,-1426,1184,-147,361,-161
2025-11-26T11:30:35.926071,61,116,332,664,220,134,63,43,-3082,3255,7014,-14112,78,-1519,1145,-111,445,-113
2025-11-26T11:30:35.940368,55,104,331,695,214,141,60,36,-3161,3296,7005,-14089,24,-1470,1095,-10,540,-144
2025-11-26T11:30:35.963621,51,99,322,661,186,108,47,36,-3283,3350,6989,-14057,-17,-1483,1042,63,701,-332
2025-11-26T11:30:35.986105,44,80,287,597,157,91,37,30,-3446,3421,6949,-14021,-94,-1554,1084,202,891,-498
2025-11-26T11:30:36.000874,38,57,214,557,156,103,54,31,-3634,3541,6900,-13967,-289,-1753,1077,233,1163,-578
2025-11-26T11:30:36.023621,35,56,202,591,170,112,86,33,-3836,3676,6844,-13906,-586,-1725,1027,261,1191,-740
2025-11-26T11:30:36.053638,34,53,198,570,148,109,88,36,-4058,3817,6800,-13826,-586,-1660,986,171,1270,-866
2025-11-26T11:30:36.060282,36,56,176,622,162,116,90,36,-4286,3966,6785,-13722,-667,-1508,857,-25,1279,-1003
2025-11-26T11:30:36.084075,32,48,126,649,177,117,93,35,-4504,4145,6807,-13589,-769,-1769,797,-231,1351,-997
2025-11-26T11:30:36.105809,31,47,125,718,181,103,87,37,-4722,4325,6843,-13439,-771,-2023,747,-265,1359,-1021
2025-11-26T11:30:36.120388,42,59,135,746,180,87,67,39,-4937,4474,6842,-13313,-748,-2016,658,32,1235,-977
2025-11-26T11:30:36.143839,49,66,129,723,202,117,83,56,-5104,4595,6820,-13220,-701,-1849,509,202,983,-735
2025-11-26T11:30:36.166061,75,69,126,669,188,117,113,78,-5220,4695,6811,-13144,-714,-1663,447,105,708,-567
2025-11-26T11:30:36.188762,77,69,124,674,181,116,126,85,-5286,4793,6877,-13047,-633,-1676,419,-351,506,-467
2025-11-26T11:30:36.203683,82,82,134,627,186,120,129,89,-5300,4903,7000,-12935,-608,-2069,371,-650,373,-273
2025-11-26T11:30:36.226163,98,78,131,629,189,121,132,93,-5272,4994,7072,-12872,-613,-2132,276,-293,188,46
2025-11-26T11:30:36.240494,100,78,125,585,154,75,125,88,-5225,5053,7061,-12875,-727,-1822,248,190,17,234
2025-11-26T11:30:36.263404,85,74,123,585,146,59,103,79,-5146,5098,7074,-12881,-695,-1724,358,-25,-146,317
2025-11-26T11:30:36.286058,86,75,124,497,133,56,86,76,-5053,5153,7122,-12870,-576,-1811,461,-296,-125,389
2025-11-26T11:30:36.308463,82,62,111,452,110,46,80,73,-4975,5229,7154,-12852,-489,-1810,550,-304,82,438
2025-11-26T11:30:36.323670,53,56,108,309,61,33,69,64,-4936,5328,7158,-12824,-397,-1616,635,-272,375,382
2025-11-26T11:30:36.346829,51,45,105,265,47,31,79,67,-4907,5499,7195,-12742,-484,-1475,671,-719,759,317
2025-11-26T11:30:36.368554,97,42,110,239,42,33,100,67,-4873,5682,7308,-12609,-331,-1645,565,-1136,789,238
2025-11-26T11:30:36.382808,97,37,96,179,38,30,99,69,-4813,5908,7422,-12461,-517,-1961,631,-1313,928,404
2025-11-26T11:30:36.406137,98,35,85,102,34,31,102,68,-4810,6112,7468,-12336,-584,-1948,773,-910,1067,257
2025-11-26T11:30:36.428685,101,33,71,77,34,29,153,118,-4839,6317,7449,-12232,-679,-1858,788,-560,1207,244
2025-11-26T11:30:36.442747,103,36,63,73,32,33,170,132,-4841,6526,7417,-12141,-954,-1869,912,-616,1146,301
2025-11-26T11:30:36.466037,63,33,51,56,30,31,167,134,-4832,6700,7424,-12045,-1023,-1963,959,-787,929,156
2025-11-26T11:30:36.488620,57,32,48,54,25,30,169,130,-4833,6809,7448,-11969,-862,-2092,1004,-696,658,47
2025-11-26T11:30:36.503164,57,33,45,52,24,30,184,140,-4836,6851,7445,-11945,-755,-2073,973,-332,325,76
2025-11-26T11:30:36.533804,53,30,40,51,25,30,165,119,-4847,6831,7422,-11966,-658,-2001,971,-13,31,38
2025-11-26T11:30:36.556097,47,26,36,47,24,24,140,102,-4857,6773,7393,-12013,-606,-1910,969,134,-176,14
2025-11-26T11:30:36.562831,48,27,36,39,24,25,128,94,-4858,6701,7360,-12073,-596,-1845,900,230,-294,32
2025-11-26T11:30:36.586147,50,34,37,27,26,31,140,108,-4866,6629,7320,-12134,-675,-1840,836,313,-299,-20
2025-11-26T11:30:36.608599,52,32,39,27,28,39,178,134,-4874,6560,7292,-12185,-728,-1824,738,297,-314,-82
2025-11-26T11:30:36.622905,52,32,38,27,25,37,164,121,-4875,6497,7283,-12224,-744,-1875,625,231,-341,-106
2025-11-26T11:30:36.646581,48,32,36,27,27,37,171,131,-4872,6435,7272,-12264,-727,-1929,528,294,-361,-73
2025-11-26T11:30:36.676024,41,32,39,28,27,37,185,141,-4880,6369,7245,-12311,-748,-1876,445,455,-360,-95
2025-11-26T11:30:36.682662,37,26,35,24,24,33,179,135,-4885,6313,7223,-12351,-742,-1774,388,412,-337,-96
2025-11-26T11:30:36.706038,34,24,34,24,21,24,130,110,-4881,6269,7222,-12375,-684,-1758,362,254,-304,-85
2025-11-26T11:30:36.726773,36,25,35,23,21,26,149,120,-4873,6244,7226,-12389,-688,-1779,338,188,-224,-45
2025-11-26T11:30:36.740824,36,26,36,32,21,24,144,112,-4872,6232,7231,-12392,-652,-1771,319,158,-127,-45
2025-11-26T11:30:36.764612,36,26,32,30,21,24,126,100,-4877,6234,7236,-12387,-605,-1783,331,126,-24,-29
2025-11-26T11:30:36.796037,38,25,31,31,23,26,128,107,-4880,6251,7242,-12373,-607,-1742,360,43,51,-6
2025-11-26T11:30:36.811388,35,26,30,31,23,26,126,95,-4867,6287,7251,-12355,-708,-1766,386,-56,88,58
2025-11-26T11:30:36.834279,31,26,29,30,24,26,98,83,-4857,6329,7270,-12326,-662,-1754,437,-163,148,31
2025-11-26T11:30:36.848593,32,26,27,19,22,27,99,83,-4854,6377,7289,-12292,-647,-1808,493,-197,213,34
2025-11-26T11:30:36.862894,28,23,29,24,24,26,96,82,-4852,6426,7295,-12263,-658,-1810,536,-153,245,65
2025-11-26T11:30:36.886154,25,23,30,24,23,23,97,69,-4852,6477,7293,-12238,-694,-1801,582,-136,265,72
2025-11-26T11:30:36.915713,26,24,32,24,23,26,96,73,-4851,6525,7292,-12213,-709,-1820,592,-149,251,64
2025-11-26T11:30:36.922396,27,23,31,23,25,26,128,96,-4850,6570,7292,-12189,-716,-1871,612,-148,235,65
2025-11-26T11:30:36.953495,24,22,30,24,25,25,126,92,-4854,6607,7287,-12171,-695,-1853,632,-106,225,53
2025-11-26T11:30:36.968715,28,25,28,19,23,27,142,103,-4861,6636,7278,-12157,-695,-1850,659,-71,200,43
2025-11-26T11:30:36.982794,33,25,27,20,23,26,137,107,-4866,6659,7270,-12147,-693,-1829,656,-68,160,35
2025-11-26T11:30:37.006609,40,27,27,19,25,34,185,151,-4870,6676,7266,-12139,-681,-1841,652,-69,124,25
2025-11-26T11:30:37.036223,39,27,26,19,24,34,192,150,-4874,6686,7263,-12134,-684,-1849,649,-52,86,16
2025-11-26T11:30:37.043863,42,27,26,24,24,35,199,158,-4873,6692,7261,-12132,-713,-1868,644,-44,44,22
2025-11-26T11:30:37.073639,41,26,26,25,24,34,191,154,-4873,6692,7260,-12133,-719,-1840,612,-15,5,-9
2025-11-26T11:30:37.088677,37,26,26,24,23,36,193,153,-4874,6684,7256,-12139,-703,-1836,599,27,-29,-10
2025-11-26T11:30:37.111113,27,22,24,25,23,25,141,106,-4872,6675,7255,-12146,-703,-1815,573,24,-59,-6
2025-11-26T11:30:37.126087,28,21,24,24,24,23,98,90,-4865,6665,7257,-12152,-695,-1810,561,3,-77,6
2025-11-26T11:30:37.156247,27,21,26,19,24,23,88,81,-4858,6655,7261,-12158,-701,-1831,542,9,-86,-2
2025-11-26T11:30:37.162907,25,20,23,21,25,23,93,84,-4851,6643,7265,-12165,-706,-1829,531,19,-98,-3
2025-11-26T11:30:37.186138,24,20,23,21,24,21,113,97,-4841,6632,7271,-12172,-703,-1820,539,-1,-104,1
2025-11-26T11:30:37.208234,25,19,24,23,21,23,111,94,-4830,6622,7284,-12174,-699,-1844,518,-33,-104,-7
2025-11-26T11:30:37.231540,25,21,24,22,19,24,112,90,-4820,6613,7294,-12176,-694,-1838,506,-12,-93,-2
2025-11-26T11:30:37.245889,21,21,24,22,19,24,114,87,-4816,6604,7298,-12180,-682,-1812,500,26,-77,-9
2025-11-26T11:30:37.268650,26,23,30,20,19,27,170,129,-4807,6601,7306,-12182,-690,-1812,483,-4,-69,9
2025-11-26T11:30:37.290945,27,24,30,20,21,25,159,120,-4799,6599,7315,-12180,-681,-1821,490,-24,-50,6
2025-11-26T11:30:37.306233,28,23,30,18,22,25,160,121,-4791,6604,7321,-12177,-678,-1817,491,-25,-15,27
2025-11-26T11:30:37.329348,28,22,30,18,23,24,162,123,-4787,6610,7323,-12174,-696,-1821,496,-6,8,18
2025-11-26T11:30:37.351174,32,22,31,19,21,25,166,128,-4782,6621,7325,-12169,-695,-1803,486,-21,25,29
2025-11-26T11:30:37.366092,31,21,24,19,22,26,128,101,-4775,6633,7330,-12162,-695,-1829,503,-52,29,32
2025-11-26T11:30:37.388607,30,20,24,19,23,27,123,97,-4769,6646,7336,-12154,-693,-1855,514,-60,41,37
2025-11-26T11:30:37.411151,30,25,27,18,24,29,129,101,-4766,6659,7337,-12147,-689,-1840,519,-33,54,33
2025-11-26T11:30:37.433808,29,26,27,18,24,28,124,97,-4767,6669,7334,-12143,-698,-1834,525,-2,58,23
2025-11-26T11:30:37.448312,26,25,24,18,26,30,157,112,-4767,6679,7330,-12140,-700,-1829,540,-8,52,26
2025-11-26T11:30:37.471126,23,26,29,19,25,28,138,96,-4767,6686,7326,-12138,-710,-1841,565,-6,43,23
2025-11-26T11:30:37.486134,25,27,30,18,22,27,138,97,-4768,6692,7323,-12137,-698,-1864,564,-8,36,25
2025-11-26T11:30:37.508709,21,24,27,20,22,26,131,91,-4772,6692,7318,-12138,-715,-1885,575,26,23,-1
2025-11-26T11:30:37.531128,24,25,28,20,22,26,132,94,-4780,6688,7310,-12142,-709,-1853,564,62,9,-19
2025-11-26T11:30:37.545712,23,25,29,19,20,23,110,90,-4785,6682,7304,-12147,-709,-1804,572,38,-14,-22
2025-11-26T11:30:37.568537,23,24,26,18,18,23,101,85,-4785,6676,7306,-12149,-698,-1822,558,5,-32,-19
2025-11-26T11:30:37.590745,23,22,26,20,19,24,113,92,-4785,6671,7306,-12152,-690,-1814,542,14,-30,-7
2025-11-26T11:30:37.605747,27,22,29,20,20,24,121,97,-4787,6665,7300,-12158,-696,-1796,538,62,-24,-6
2025-11-26T11:30:37.628072,29,21,29,19,22,26,135,108,-4786,6663,7293,-12164,-707,-1783,521,51,-22,15
2025-11-26T11:30:37.651203,26,19,27,20,22,25,106,84,-4781,6664,7288,-12167,-718,-1803,510,32,-17,25
2025-11-26T11:30:37.665949,27,20,25,21,22,23,114,89,-4778,6667,7283,-12170,-712,-1823,508,40,-4,33
2025-11-26T11:30:37.688648,26,21,25,19,22,21,100,78,-4777,6670,7275,-12174,-705,-1819,516,58,6,31
2025-11-26T11:30:37.710938,23,20,21,18,20,21,87,70,-4777,6674,7264,-12178,-702,-1814,516,65,17,42
2025-11-26T11:30:37.725421,21,20,19,19,16,20,81,60,-4776,6680,7255,-12181,-711,-1816,514,55,23,43
2025-11-26T11:30:37.748774,22,22,19,22,16,20,80,58,-4776,6687,7248,-12181,-696,-1828,515,38,29,37
2025-11-26T11:30:37.771216,22,19,21,23,17,21,78,58,-4776,6694,7244,-12179,-680,-1834,525,20,42,43
2025-11-26T11:30:37.785294,23,19,20,22,18,21,77,58,-4779,6702,7240,-12177,-691,-1833,536,19,47,26
2025-11-26T11:30:37.808566,26,22,23,25,19,24,95,81,-4781,6709,7235,-12175,-703,-1831,562,10,47,23
2025-11-26T11:30:37.838710,23,21,23,26,20,24,85,70,-4781,6715,7233,-12172,-708,-1830,561,-13,40,19
2025-11-26T11:30:37.845879,23,20,24,23,23,24,91,75,-4781,6721,7234,-12169,-719,-1833,571,-27,31,11
2025-11-26T11:30:37.868629,23,21,24,22,24,23,85,72,-4782,6724,7236,-12165,-715,-1841,563,-25,22,-7
2025-11-26T11:30:37.891139,22,23,26,23,23,23,88,76,-4783,6725,7240,-12162,-721,-1826,569,-27,9,-18
2025-11-26T11:30:37.905297,20,20,24,22,24,24,99,78,-4784,6722,7246,-12160,-701,-1821,582,-37,-8,-24
2025-11-26T11:30:37.928680,22,24,23,19,24,24,97,78,-4782,6719,7255,-12157,-708,-1822,570,-54,-21,-23
2025-11-26T11:30:37.951051,21,26,24,19,24,23,97,75,-4779,6716,7265,-12154,-713,-1820,564,-63,-29,-25
2025-11-26T11:30:37.965158,21,27,23,20,24,23,110,86,-4776,6712,7275,-12151,-709,-1828,559,-51,-31,-22
2025-11-26T11:30:37.988490,23,29,21,19,24,26,114,87,-4774,6707,7281,-12151,-717,-1820,554,-28,-36,-27
2025-11-26T11:30:38.011162,23,30,21,18,22,23,92,68,-4772,6702,7288,-12151,-713,-1820,542,-23,-37,-22
2025-11-26T11:30:38.025331,20,28,21,18,22,21,90,69,-4769,6698,7295,-12150,-708,-1817,531,-24,-41,-20
2025-11-26T11:30:38.048956,23,34,20,19,19,21,88,71,-4768,6692,7301,-12149,-700,-1827,528,-16,-38,-22
2025-11-26T11:30:38.070821,23,33,21,18,20,25,93,75,-4767,6687,7306,-12150,-689,-1815,529,-9,-34,-14
2025-11-26T11:30:38.085154,21,30,22,18,19,22,89,72,-4764,6686,7311,-12148,-698,-1824,503,-5,-24,-5
2025-11-26T11:30:38.107972,22,30,22,19,20,23,96,75,-4764,6686,7311,-12148,-690,-1812,532,-4,-13,8
2025-11-26T11:30:38.128735,24,30,22,21,21,23,97,78,-4764,6686,7311,-12148,-704,-1811,535,4,-2,3
2025-11-26T11:30:38.151516,26,21,26,21,23,25,114,84,-4761,6690,7312,-12147,-693,-1801,503,-6,4,17
2025-11-26T11:30:38.167202,27,30,29,20,22,22,103,69,-4757,6696,7312,-12145,-699,-1800,514,-15,12,27
2025-11-26T11:30:38.191014,28,30,28,20,23,23,107,73,-4750,6705,7312,-12143,-707,-1797,516,-25,22,43
2025-11-26T11:30:38.213480,26,29,28,20,23,23,99,70,-4745,6715,7309,-12141,-707,-1803,523,-16,31,44
2025-11-26T11:30:38.229202,27,30,29,19,23,25,96,67,-4741,6724,7304,-12141,-705,-1814,531,0,35,50
2025-11-26T11:30:38.250706,23,32,27,18,21,24,79,58,-4737,6733,7299,-12140,-704,-1831,528,0,38,60
2025-11-26T11:30:38.273566,23,22,24,18,20,27,117,79,-4734,6743,7292,-12140,-715,-1836,523,14,40,56
2025-11-26T11:30:38.288907,21,24,27,18,21,28,115,78,-4733,6752,7285,-12140,-707,-1837,527,20,46,48
2025-11-26T11:30:38.310910,22,24,27,18,22,28,116,79,-4731,6762,7280,-12138,-715,-1828,522,3,44,48
2025-11-26T11:30:38.340632,21,21,26,18,20,28,115,78,-4729,6771,7277,-12136,-724,-1840,535,-12,43,38
2025-11-26T11:30:38.348283,23,20,26,17,21,29,110,77,-4728,6779,7274,-12133,-708,-1829,526,-5,42,33
2025-11-26T11:30:38.370861,24,21,27,17,20,27,75,64,-4729,6785,7271,-12132,-719,-1839,548,-3,38,23
2025-11-26T11:30:38.393641,24,20,26,16,19,25,89,72,-4729,6788,7268,-12131,-707,-1832,552,-4,28,24
2025-11-26T11:30:38.408674,25,20,28,16,21,24,110,77,-4729,6791,7265,-12132,-719,-1826,551,7,18,18
2025-11-26T11:30:38.431030,24,24,28,16,23,24,111,78,-4730,6790,7265,-12132,-722,-1823,552,9,13,11
2025-11-26T11:30:38.461110,23,24,27,18,23,22,118,87,-4730,6790,7265,-12132,-726,-1823,547,5,5,10
2025-11-26T11:30:38.467766,21,27,24,19,22,23,108,78,-4732,6788,7262,-12134,-720,-1829,538,22,-4,-2
2025-11-26T11:30:38.498568,22,29,26,21,23,21,99,70,-4732,6785,7260,-12136,-728,-1823,538,18,-10,0
2025-11-26T11:30:38.512689,20,29,24,21,19,22,85,64,-4733,6785,7260,-12136,-721,-1835,541,3,-15,-10
2025-11-26T11:30:38.532137,22,29,24,21,18,23,107,79,-4735,6781,7261,-12137,-724,-1825,540,12,-15,-18
2025-11-26T11:30:38.555360,21,30,24,20,19,23,101,70,-4735,6781,7261,-12137,-717,-1818,534,13,-11,-12
2025-11-26T11:30:38.572530,23,28,25,19,22,22,102,73,-4735,6781,7261,-12137,-719,-1798,528,7,-10,-11
2025-11-26T11:30:38.592314,21,25,23,19,21,22,97,71,-4735,6781,7261,-12137,-716,-1811,528,-13,-10,-6
2025-11-26T11:30:38.622111,22,25,23,19,22,20,104,71,-4735,6781,7261,-12137,-728,-1819,519,-11,-9,-7
2025-11-26T11:30:38.639289,21,22,22,18,21,19,80,54,-4735,6781,7261,-12137,-723,-1808,530,-10,-2,-4
2025-11-26T11:30:38.652878,20,23,22,19,22,19,78,55,-4734,6782,7265,-12135,-722,-1811,520,-17,-1,-8
2025-11-26T11:30:38.674580,17,24,23,20,19,18,85,54,-4734,6783,7269,-12132,-715,-1822,534,-27,1,-6
2025-11-26T11:30:38.693146,20,24,23,18,19,19,86,54,-4733,6784,7275,-12128,-717,-1834,536,-36,1,-7
2025-11-26T11:30:38.712499,20,24,22,19,19,19,68,49,-4731,6783,7283,-12124,-707,-1843,539,-50,-3,-11
2025-11-26T11:30:38.742580,20,24,24,20,18,18,70,51,-4732,6781,7288,-12123,-716,-1819,555,-28,-9,-18
2025-11-26T11:30:38.756572,21,21,23,19,18,19,82,59,-4731,6777,7292,-12122,-713,-1830,564,-31,-19,-14
2025-11-26T11:30:38.773799,22,41,23,18,17,20,74,54,-4730,6770,7302,-12121,-709,-1873,558,-42,-34,-23
2025-11-26T11:30:38.789582,21,42,23,21,18,19,78,55,-4733,6759,7305,-12124,-723,-1851,567,4,-43,-40
2025-11-26T11:30:38.818227,22,45,25,21,18,18,78,57,-4735,6746,7309,-12128,-714,-1820,567,2,-62,-43
2025-11-26T11:30:38.827481,22,45,25,21,19,19,89,58,-4733,6732,7317,-12132,-710,-1819,556,-20,-84,-41
2025-11-26T11:30:38.856121,23,47,25,21,18,19,89,57,-4731,6716,7324,-12137,-707,-1817,549,3,-89,-42
2025-11-26T11:30:38.872885,21,30,25,20,17,19,87,58,-4731,6699,7326,-12146,-698,-1803,552,28,-89,-29
2025-11-26T11:30:38.899759,21,28,26,18,19,21,86,57,-4729,6683,7324,-12156,-700,-1793,534,53,-91,-15
2025-11-26T11:30:38.914621,22,25,24,19,19,22,91,60,-4726,6671,7321,-12166,-695,-1794,514,61,-83,4
2025-11-26T11:30:38.932474,22,26,26,18,18,23,100,76,-4723,6664,7320,-12171,-689,-1812,490,47,-59,9
2025-11-26T11:30:38.955013,21,26,26,19,19,23,89,67,-4718,6662,7319,-12175,-703,-1827,475,45,-41,25
2025-11-26T11:30:38.977911,23,50,27,19,20,22,96,71,-4718,6662,7315,-12178,-693,-1802,475,55,-9,15
2025-11-26T11:30:38.992871,24,53,26,18,21,21,101,73,-4715,6668,7315,-12175,-694,-1829,459,23,8,30
2025-11-26T11:30:39.019595,27,53,26,17,22,23,98,72,-4717,6675,7314,-12171,-693,-1833,492,13,35,16
2025-11-26T11:30:39.034581,27,54,25,18,22,22,75,51,-4720,6685,7311,-12167,-685,-1822,506,11,57,23
2025-11-26T11:30:39.053342,28,55,27,17,21,22,102,67,-4721,6697,7309,-12160,-699,-1819,522,-16,70,20
2025-11-26T11:30:39.074958,27,36,27,16,21,24,100,64,-4723,6711,7309,-12152,-702,-1813,527,-35,79,21
2025-11-26T11:30:39.105630,26,32,27,18,19,24,97,68,-4724,6725,7309,-12144,-701,-1809,535,-39,82,22
2025-11-26T11:30:39.113206,20,35,25,17,18,20,91,66,-4724,6739,7306,-12138,-707,-1815,570,-45,82,31
2025-11-26T11:30:39.139438,22,52,25,18,17,21,93,66,-4724,6751,7306,-12131,-711,-1846,560,-48,73,25
2025-11-26T11:30:39.155478,21,52,23,17,22,21,76,56,-4725,6759,7307,-12125,-708,-1859,579,-49,58,15
2025-11-26T11:30:39.177142,22,52,22,18,21,21,79,62,-4729,6762,7313,-12119,-700,-1888,586,-56,39,-12
2025-11-26T11:30:39.195232,21,53,24,17,21,20,71,55,-4733,6760,7318,-12116,-704,-1857,587,-39,16,-29
2025-11-26T11:30:39.221983,23,51,26,17,23,23,88,59,-4737,6753,7325,-12114,-708,-1848,602,-50,-15,-44
2025-11-26T11:30:39.232806,22,30,24,19,24,21,92,64,-4736,6742,7339,-12112,-706,-1847,594,-75,-51,-52
2025-11-26T11:30:39.259380,22,26,24,19,22,22,82,60,-4737,6725,7345,-12117,-707,-1820,597,-21,-74,-58
2025-11-26T11:30:39.274426,22,26,24,20,22,21,73,52,-4738,6707,7348,-12125,-705,-1807,585,12,-89,-49
2025-11-26T11:30:39.296865,25,24,23,21,22,24,123,90,-4739,6685,7351,-12135,-700,-1826,569,28,-107,-49
2025-11-26T11:30:39.315077,34,26,24,24,22,21,137,191,-4739,6665,7347,-12148,-696,-1792,536,79,-106,-28
2025-11-26T11:30:39.334657,37,25,26,23,22,22,145,257,-4735,6652,7342,-12160,-710,-1775,504,74,-94,1
2025-11-26T11:30:39.353295,39,25,27,23,22,20,156,271,-4730,6644,7340,-12167,-696,-1793,483,57,-76,9
2025-11-26T11:30:39.375193,39,23,27,22,21,23,163,278,-4728,6637,7343,-12171,-648,-1827,466,44,-52,17
2025-11-26T11:30:39.394530,36,22,26,21,22,20,130,272,-4723,6638,7337,-12176,-697,-1813,453,68,-31,41
2025-11-26T11:30:39.416956,27,16,25,19,20,20,106,221,-4721,6641,7336,-12175,-690,-1801,445,41,-2,18
2025-11-26T11:30:39.435285,23,16,24,19,20,21,105,143,-4720,6650,7335,-12171,-679,-1818,467,16,30,27
2025-11-26T11:30:39.454895,21,17,25,19,20,22,99,120,-4721,6661,7335,-12165,-662,-1832,476,5,56,37
2025-11-26T11:30:39.472929,21,19,25,18,21,19,90,104,-4722,6676,7330,-12159,-700,-1829,511,-3,82,35
2025-11-26T11:30:39.500031,22,21,27,17,20,20,93,95,-4725,6692,7326,-12152,-702,-1817,527,-12,90,31
2025-11-26T11:30:39.515165,20,20,26,18,20,20,88,71,-4725,6707,7322,-12146,-710,-1807,549,-31,87,31
2025-11-26T11:30:39.537017,19,20,25,16,19,20,79,63,-4726,6719,7318,-12141,-705,-1838,574,-33,78,29
2025-11-26T11:30:39.555213,19,21,24,17,20,18,67,58,-4730,6727,7310,-12139,-705,-1850,591,1,72,27
2025-11-26T11:30:39.579708,19,21,22,16,19,18,72,63,-4735,6732,7301,-12140,-711,-1841,594,20,57,20
2025-11-26T11:30:39.592495,24,21,20,16,21,18,76,61,-4739,6734,7295,-12141,-724,-1841,605,3,35,3
2025-11-26T11:30:39.622898,24,23,20,15,23,18,78,61,-4739,6734,7294,-12142,-710,-1841,582,-6,11,-7
2025-11-26T11:30:39.634525,24,25,23,18,22,20,94,70,-4742,6728,7296,-12143,-704,-1848,588,-7,-10,-17
2025-11-26T11:30:39.664165,24,25,22,20,22,19,92,67,-4745,6720,7297,-12145,-697,-1836,582,-2,-24,-21
2025-11-26T11:30:39.675041,26,24,22,20,23,20,92,66,-4746,6712,7300,-12148,-716,-1836,566,0,-38,-28
2025-11-26T11:30:39.694630,21,34,25,20,23,22,89,63,-4747,6702,7306,-12150,-700,-1826,554,-8,-50,-36
2025-11-26T11:30:39.713538,22,33,24,20,21,22,91,65,-4748,6692,7312,-12151,-692,-1826,554,-8,-51,-37
2025-11-26T11:30:39.735368,23,32,23,18,20,22,69,53,-4747,6683,7316,-12154,-711,-1819,542,3,-53,-28
2025-11-26T11:30:39.754701,23,31,23,17,20,23,69,56,-4747,6672,7321,-12157,-699,-1829,530,9,-63,-31
2025-11-26T11:30:39.780474,21,32,23,17,20,22,68,51,-4748,6664,7325,-12159,-698,-1821,512,22,-47,-30
2025-11-26T11:30:39.795446,24,19,23,18,19,20,66,54,-4749,6655,7328,-12161,-686,-1812,522,20,-47,-26
2025-11-26T11:30:39.814600,24,21,24,18,19,21,67,59,-4750,6649,7329,-12163,-687,-1805,516,26,-36,-18
2025-11-26T11:30:39.833018,23,21,23,18,20,18,63,52,-4749,6646,7330,-12165,-695,-1812,523,9,-24,-6
2025-11-26T11:30:39.856204,21,22,25,17,22,22,72,50,-4749,6646,7331,-12164,-678,-1806,531,14,-14,-2
2025-11-26T11:30:39.875278,20,22,26,19,23,23,69,50,-4749,6646,7328,-12166,-686,-1821,539,21,-1,12
2025-11-26T11:30:39.892755,20,21,27,17,24,24,83,54,-4750,6648,7323,-12168,-687,-1819,522,32,6,19
2025-11-26T11:30:39.915485,21,20,26,19,23,23,78,46,-4751,6650,7316,-12171,-686,-1815,535,41,15,25
2025-11-26T11:30:39.934590,23,19,26,19,22,25,91,57,-4752,6653,7310,-12172,-690,-1825,536,37,21,24
2025-11-26T11:30:39.953266,22,21,26,20,21,22,82,54,-4753,6656,7302,-12175,-690,-1829,550,37,24,31
2025-11-26T11:30:39.975451,24,21,26,19,20,20,83,61,-4756,6658,7292,-12178,-705,-1827,564,48,25,23
2025-11-26T11:30:39.994559,22,23,23,20,19,20,76,56,-4759,6661,7284,-12181,-691,-1827,548,47,27,23
2025-11-26T11:30:40.020662,25,23,24,19,19,19,78,57,-4761,6663,7278,-12182,-691,-1823,554,33,23,17
2025-11-26T11:30:40.035127,24,25,25,18,20,19,73,60,-4763,6665,7274,-12183,-698,-1823,556,20,16,15
2025-11-26T11:30:40.062974,25,24,25,17,21,20,75,62,-4763,6665,7274,-12183,-674,-1822,561,-1,11,7
2025-11-26T11:30:40.072871,24,24,26,18,20,21,74,60,-4765,6666,7271,-12183,-682,-1826,571,9,19,11
2025-11-26T11:30:40.102414,25,22,26,18,19,21,72,59,-4767,6667,7269,-12183,-703,-1829,569,9,16,5
2025-11-26T11:30:40.126231,23,23,26,18,19,24,83,62,-4767,6667,7269,-12183,-696,-1829,568,6,3,-9
2025-11-26T11:30:40.133007,23,23,24,19,18,22,76,49,-4767,6666,7269,-12183,-697,-1825,567,3,-3,-7
2025-11-26T11:30:40.170837,22,21,25,19,18,22,76,46,-4770,6663,7271,-12183,-694,-1830,555,4,-8,-17
2025-11-26T11:30:40.182098,22,20,24,18,19,21,92,60,-4775,6658,7270,-12185,-692,-1828,577,20,-10,-23
2025-11-26T11:30:40.192928,21,21,22,18,21,21,92,63,-4778,6653,7268,-12187,-703,-1816,582,19,-13,-19
2025-11-26T11:30:40.215375,18,20,23,19,22,18,97,68,-4781,6646,7267,-12190,-696,-1812,576,17,-20,-21
2025-11-26T11:30:40.246464,17,18,23,18,22,19,95,66,-4784,6640,7267,-12192,-688,-1817,567,19,-21,-19
2025-11-26T11:30:40.253281,18,20,22,18,21,19,103,74,-4788,6634,7267,-12194,-682,-1821,564,24,-22,-23
2025-11-26T11:30:40.282916,17,24,21,18,19,21,84,59,-4791,6628,7267,-12196,-694,-1815,562,23,-23,-24
2025-11-26T11:30:40.302149,17,23,22,20,18,20,82,57,-4793,6622,7269,-12197,-684,-1818,562,9,-23,-19
2025-11-26T11:30:40.328961,23,25,24,21,19,23,96,81,-4794,6618,7272,-12198,-692,-1819,558,6,-22,-20
2025-11-26T11:30:40.335951,22,27,24,21,19,23,98,84,-4794,6618,7272,-12198,-679,-1821,559,1,-15,-12
2025-11-26T11:30:40.366068,22,26,24,21,20,23,93,78,-4798,6614,7273,-12197,-679,-1813,554,15,-5,-23
2025-11-26T11:30:40.372766,23,22,22,20,21,24,92,78,-4798,6614,7273,-12197,-671,-1811,544,9,-2,-12
2025-11-26T11:30:40.402686,24,26,23,18,21,23,93,80,-4798,6614,7274,-12197,-678,-1817,549,-9,1,-3
2025-11-26T11:30:40.417909,18,24,20,16,19,19,62,45,-4798,6614,7274,-12197,-685,-1825,563,-12,4,-6
2025-11-26T11:30:40.433105,23,24,23,18,20,19,80,67,-4798,6614,7274,-12196,-686,-1822,551,-8,9,-5
2025-11-26T11:30:40.455710,24,24,23,18,20,19,80,68,-4799,6614,7274,-12197,-677,-1809,574,-3,13,6
2025-11-26T11:30:40.477919,24,25,25,19,22,20,81,69,-4799,6614,7274,-12197,-684,-1824,572,2,15,4
2025-11-26T11:30:40.492528,23,23,24,19,22,22,82,70,-4801,6616,7271,-12197,-687,-1816,573,10,18,5
2025-11-26T11:30:40.522957,24,23,25,19,22,23,86,71,-4802,6618,7271,-12195,-680,-1821,561,-1,17,5
2025-11-26T11:30:40.542223,21,23,23,19,23,24,73,55,-4802,6620,7272,-12193,-679,-1824,573,-17,17,4
2025-11-26T11:30:40.560505,23,23,28,21,23,24,69,53,-4803,6622,7274,-12190,-673,-1824,580,-24,18,4
2025-11-26T11:30:40.575468,22,22,26,20,21,22,73,53,-4803,6625,7278,-12186,-678,-1840,562,-27,14,1
2025-11-26T11:30:40.606146,22,21,25,19,20,21,70,49,-4804,6626,7281,-12184,-681,-1844,582,-25,9,-4
2025-11-26T11:30:40.612828,22,22,26,18,21,22,77,51,-4804,6625,7284,-12182,-685,-1835,578,-21,1,-8
2025-11-26T11:30:40.642905,21,21,26,18,22,21,70,42,-4804,6623,7287,-12182,-688,-1824,588,-24,-6,-10
2025-11-26T11:30:40.657923,19,19,22,15,21,18,86,54,-4804,6620,7291,-12181,-687,-1837,578,-17,-15,-19
2025-11-26T11:30:40.684628,21,25,24,17,23,20,83,55,-4806,6616,7296,-12180,-677,-1837,556,-10,-20,-21
2025-11-26T11:30:40.695136,22,27,25,16,24,21,88,66,-4808,6610,7303,-12178,-665,-1832,544,-8,-23,-28
2025-11-26T11:30:40.730453,22,27,26,17,23,20,83,66,-4809,6606,7311,-12174,-672,-1848,542,-21,-21,-31
2025-11-26T11:30:40.737275,22,27,26,17,22,21,83,66,-4812,6603,7320,-12170,-675,-1835,527,-20,-17,-41
2025-11-26T11:30:40.762893,23,27,25,19,23,23,74,65,-4816,6598,7326,-12167,-669,-1819,553,-19,-13,-46
2025-11-26T11:30:40.777928,23,21,25,20,23,25,75,70,-4818,6596,7332,-12164,-672,-1804,553,-21,-8,-33
2025-11-26T11:30:40.800188,21,20,26,20,21,26,68,59,-4820,6594,7335,-12163,-676,-1803,558,-14,-4,-23
2025-11-26T11:30:40.815289,22,23,23,21,20,27,63,56,-4823,6592,7336,-12162,-666,-1821,557,-2,-1,-20
2025-11-26T11:30:40.842305,25,22,25,21,19,28,88,66,-4828,6589,7333,-12163,-675,-1818,561,32,2,-17
2025-11-26T11:30:40.857122,24,23,25,22,18,27,83,58,-4832,6586,7326,-12168,-675,-1799,581,41,1,-8
2025-11-26T11:30:40.895379,22,23,25,20,18,25,83,49,-4833,6584,7321,-12171,-663,-1801,569,25,-2,5
2025-11-26T11:30:40.902039,22,23,23,19,20,23,83,53,-4834,6582,7316,-12175,-671,-1822,579,29,-2,12
2025-11-26T11:30:40.920503,22,19,27,19,21,23,82,57,-4836,6579,7311,-12179,-658,-1839,572,38,-3,13
2025-11-26T11:30:40.935444,19,21,25,19,22,23,62,53,-4839,6575,7300,-12186,-667,-1827,581,69,-5,20
2025-11-26T11:30:40.962106,22,21,25,18,25,23,59,55,-4840,6570,7287,-12196,-672,-1829,594,77,-13,30
2025-11-26T11:30:40.972980,22,21,24,18,25,24,55,53,-4841,6563,7273,-12208,-683,-1821,612,86,-25,27
2025-11-26T11:30:40.995514,23,21,25,19,23,24,61,54,-4843,6553,7256,-12223,-682,-1809,621,106,-37,28
2025-11-26T11:30:41.017932,23,21,22,20,23,22,70,58,-4848,6540,7232,-12242,-667,-1805,618,164,-40,34
2025-11-26T11:30:41.039803,26,20,23,19,22,22,83,63,-4854,6528,7206,-12261,-675,-1811,592,191,-33,38
2025-11-26T11:30:41.055435,23,18,25,19,22,21,87,61,-4860,6520,7183,-12277,-676,-1823,567,185,-23,36
2025-11-26T11:30:41.082267,23,18,25,18,22,21,90,64,-4866,6515,7167,-12286,-669,-1815,526,151,-14,21
2025-11-26T11:30:41.100587,23,18,24,18,21,21,89,63,-4867,6515,7164,-12287,-664,-1808,533,55,-9,16
2025-11-26T11:30:41.119670,25,19,24,19,21,20,87,60,-4863,6520,7173,-12281,-655,-1802,536,-40,4,11
2025-11-26T11:30:41.137956,20,20,24,19,21,21,69,48,-4856,6530,7190,-12268,-647,-1813,556,-107,23,12
2025-11-26T11:30:41.164177,22,22,22,18,21,23,77,58,-4851,6541,7206,-12255,-661,-1832,589,-122,35,3
2025-11-26T11:30:41.175421,23,21,21,19,21,23,81,65,-4847,6549,7220,-12244,-680,-1840,603,-112,31,-7
2025-11-26T11:30:41.197885,23,22,22,22,20,24,78,65,-4842,6556,7236,-12234,-691,-1819,624,-132,16,-19
2025-11-26T11:30:41.220409,21,22,23,22,20,24,67,60,-4838,6557,7253,-12225,-681,-1829,646,-135,-3,-29
2025-11-26T11:30:41.235160,21,22,23,23,21,23,66,61,-4835,6554,7264,-12221,-670,-1812,635,-85,-17,-24
2025-11-26T11:30:41.257963,21,21,21,23,18,22,57,64,-4835,6547,7269,-12221,-658,-1829,622,-31,-29,-19
2025-11-26T11:30:41.280579,19,21,21,21,19,21,58,59,-4835,6538,7270,-12225,-672,-1806,612,8,-40,-17
2025-11-26T11:30:41.295409,21,23,22,21,19,22,84,64,-4835,6530,7268,-12231,-672,-1802,594,28,-42,-8
2025-11-26T11:30:41.317762,23,22,22,20,20,21,92,71,-4833,6524,7265,-12236,-673,-1804,580,27,-40,5
2025-11-26T11:30:41.340425,23,20,23,21,19,20,92,70,-4835,6519,7259,-12242,-665,-1801,560,65,-25,8
2025-11-26T11:30:41.355593,24,20,25,21,19,21,94,65,-4836,6516,7249,-12249,-668,-1803,554,81,-11,23
2025-11-26T11:30:41.377913,24,20,25,21,18,24,88,62,-4838,6517,7239,-12254,-664,-1806,546,80,8,27
2025-11-26T11:30:41.400407,23,18,27,19,19,22,62,56,-4840,6522,7231,-12255,-657,-1811,539,61,26,32
2025-11-26T11:30:41.415025,24,19,26,18,18,23,64,48,-4840,6530,7226,-12254,-671,-1809,546,21,40,35
2025-11-26T11:30:41.445443,24,20,25,17,20,22,72,49,-4838,6541,7226,-12249,-660,-1804,564,-22,51,35
2025-11-26T11:30:41.460365,25,22,26,17,23,23,69,49,-4837,6554,7227,-12242,-663,-1824,573,-37,63,30
2025-11-26T11:30:41.475382,24,22,27,19,23,20,70,51,-4835,6567,7227,-12236,-677,-1824,589,-38,64,37
2025-11-26T11:30:41.497537,24,22,23,21,23,21,69,46,-4833,6577,7226,-12231,-678,-1819,614,-45,56,35
2025-11-26T11:30:41.528598,22,24,26,20,25,21,82,76,-4828,6585,7231,-12226,-681,-1821,633,-81,36,24
2025-11-26T11:30:41.535181,24,24,26,21,24,24,82,79,-4826,6591,7234,-12222,-678,-1832,629,-60,34,18
2025-11-26T11:30:41.565069,22,22,25,20,23,22,79,75,-4827,6593,7231,-12222,-683,-1823,629,-15,26,10
2025-11-26T11:30:41.580306,21,22,25,20,25,22,85,78,-4828,6592,7231,-12222,-688,-1824,614,5,8,12
2025-11-26T11:30:41.603004,24,23,25,19,26,22,88,88,-4827,6590,7228,-12226,-694,-1819,597,19,-8,7
2025-11-26T11:30:41.617569,24,19,24,19,24,20,68,63,-4826,6587,7227,-12228,-676,-1821,585,12,-17,11
2025-11-26T11:30:41.640180,23,19,23,18,25,22,62,60,-4826,6583,7222,-12233,-689,-1802,599,29,-20,6
2025-11-26T11:30:41.655570,23,21,23,17,24,23,68,60,-4827,6579,7216,-12239,-689,-1804,581,47,-19,10
2025-11-26T11:30:41.677913,24,22,24,18,22,25,67,56,-4828,6574,7209,-12245,-675,-1805,588,54,-19,18
2025-11-26T11:30:41.700408,21,20,25,19,22,24,62,41,-4829,6572,7197,-12253,-689,-1792,586,77,-7,27
2025-11-26T11:30:41.719700,19,21,26,19,21,26,62,42,-4830,6571,7183,-12261,-687,-1799,574,89,2,34
2025-11-26T11:30:41.737892,20,22,26,19,20,23,58,39,-4834,6571,7173,-12265,-689,-1832,555,83,11,22
2025-11-26T11:30:41.760092,22,25,26,20,22,22,67,39,-4836,6575,7169,-12265,-689,-1819,553,37,20,16
2025-11-26T11:30:41.775048,20,24,27,19,23,21,71,46,-4838,6581,7172,-12259,-682,-1830,558,-10,29,-2
2025-11-26T11:30:41.797730,20,23,25,17,22,20,71,48,-4838,6586,7184,-12249,-656,-1818,566,-72,30,-13
2025-11-26T11:30:41.844288,20,23,25,17,23,20,71,46,-4841,6592,7198,-12237,-653,-1834,588,-89,39,-25
2025-11-26T11:30:41.850879,21,25,24,17,23,20,79,51,-4841,6599,7212,-12225,-673,-1808,593,-105,41,-25
2025-11-26T11:30:41.857857,22,22,25,17,23,24,91,69,-4836,6607,7230,-12211,-691,-1809,613,-151,28,-26
2025-11-26T11:30:41.879913,22,22,23,16,22,23,84,65,-4829,6615,7251,-12198,-699,-1818,622,-176,18,-24
2025-11-26T11:30:41.895055,23,23,25,18,23,24,84,64,-4826,6617,7267,-12189,-691,-1831,626,-128,2,-34
2025-11-26T11:30:41.917276,23,24,24,18,22,23,83,64,-4826,6613,7276,-12185,-682,-1823,624,-69,-11,-33
2025-11-26T11:30:41.948715,23,21,24,17,21,22,95,72,-4824,6608,7284,-12184,-685,-1808,609,-52,-29,-26
2025-11-26T11:30:41.962870,22,23,23,20,19,19,77,63,-4821,6601,7290,-12185,-682,-1813,599,-40,-38,-20
2025-11-26T11:30:41.993328,23,24,24,20,19,21,77,64,-4819,6595,7294,-12187,-676,-1827,573,-9,-41,-8
2025-11-26T11:30:42.004657,22,24,23,20,19,20,79,65,-4820,6589,7292,-12191,-684,-1821,551,41,-37,-8
2025-11-26T11:30:42.030745,21,23,23,20,18,22,84,68,-4821,6583,7286,-12198,-683,-1806,547,62,-30,1
2025-11-26T11:30:42.037500,24,26,25,19,20,23,109,89,-4822,6579,7282,-12202,-670,-1803,543,47,-23,6
2025-11-26T11:30:42.069167,24,22,25,17,21,24,111,86,-4821,6579,7279,-12204,-677,-1808,528,35,-9,15
2025-11-26T11:30:42.082388,24,22,24,18,21,23,112,86,-4823,6579,7274,-12206,-664,-1819,546,43,9,17
2025-11-26T11:30:42.105331,26,22,23,18,21,21,113,84,-4823,6583,7268,-12208,-674,-1808,549,34,17,23
2025-11-26T11:30:42.120110,28,23,26,18,21,20,112,84,-4823,6587,7263,-12208,-680,-1814,553,23,22,23
2025-11-26T11:30:42.151144,25,19,22,19,19,21,75,48,-4823,6592,7256,-12209,-679,-1804,565,24,28,33
2025-11-26T11:30:42.158525,23,20,21,21,19,19,65,43,-4822,6597,7248,-12212,-695,-1814,587,25,27,35
2025-11-26T11:30:42.188717,23,20,22,20,20,19,62,40,-4823,6601,7237,-12216,-690,-1809,585,45,28,36
2025-11-26T11:30:42.202912,21,21,23,21,18,22,59,39,-4825,6603,7225,-12221,-690,-1813,594,56,24,32
2025-11-26T11:30:42.225375,21,20,22,21,19,22,59,41,-4826,6605,7215,-12226,-684,-1810,584,50,20,36
2025-11-26T11:30:42.240211,20,21,23,20,20,22,57,43,-4826,6607,7206,-12230,-678,-1814,583,42,16,36
2025-11-26T11:30:42.262883,21,21,24,18,19,21,62,48,-4828,6609,7199,-12232,-680,-1828,579,44,19,30
2025-11-26T11:30:42.281989,21,21,24,19,18,22,62,49,-4830,6610,7191,-12235,-684,-1820,575,46,18,23
2025-11-26T11:30:42.308713,20,20,23,19,19,21,63,50,-4831,6612,7188,-12236,-683,-1819,569,25,15,20
2025-11-26T11:30:42.322928,23,22,24,18,20,20,84,54,-4831,6612,7188,-12236,-689,-1822,580,12,11,13
2025-11-26T11:30:42.345493,22,22,24,21,20,18,81,53,-4831,6612,7188,-12235,-685,-1821,577,-1,8,10
2025-11-26T11:30:42.360117,22,24,25,20,21,19,86,57,-4832,6612,7188,-12235,-690,-1819,594,-1,5,-3
2025-11-26T11:30:42.382832,23,25,26,20,22,18,88,60,-4832,6612,7188,-12235,-677,-1814,601,-3,3,-3
2025-11-26T11:30:42.397605,25,26,27,19,23,18,87,59,-4831,6611,7192,-12234,-684,-1810,594,-24,-3,-3
2025-11-26T11:30:42.428583,21,22,26,21,23,20,64,54,-4829,6612,7198,-12231,-695,-1820,578,-37,-6,-8
2025-11-26T11:30:42.442892,23,24,28,19,22,22,64,58,-4828,6610,7203,-12229,-686,-1814,588,-28,-10,-9
2025-11-26T11:30:42.465354,21,22,28,19,21,23,62,49,-4827,6609,7209,-12227,-688,-1820,583,-30,-11,-12
2025-11-26T11:30:42.484652,19,22,27,18,22,23,67,56,-4826,6607,7216,-12224,-680,-1806,580,-35,-12,-16
2025-11-26T11:30:42.502935,19,21,27,18,20,23,67,59,-4825,6607,7222,-12221,-695,-1816,576,-33,-10,-13
2025-11-26T11:30:42.518312,17,22,28,18,19,21,64,55,-4824,6606,7229,-12218,-677,-1821,572,-34,-7,-11
2025-11-26T11:30:42.544710,15,21,26,20,20,22,63,52,-4822,6607,7234,-12215,-698,-1819,576,-33,-8,-12
2025-11-26T11:30:42.562896,15,20,24,20,19,20,59,52,-4821,6606,7237,-12214,-702,-1809,584,-21,-9,-10
2025-11-26T11:30:42.585417,20,19,23,20,18,26,89,57,-4819,6605,7242,-12213,-687,-1809,584,-32,-10,-7
2025-11-26T11:30:42.600438,20,19,23,21,18,25,92,55,-4818,6604,7247,-12211,-672,-1826,579,-27,-6,-5
2025-11-26T11:30:42.622871,23,19,20,21,18,26,94,59,-4818,6604,7247,-12210,-679,-1825,563,-13,-2,-5
2025-11-26T11:30:42.637898,23,19,21,20,17,24,94,58,-4819,6604,7247,-12210,-675,-1815,576,-10,0,-7
2025-11-26T11:30:42.664537,25,22,22,19,20,24,111,80,-4819,6603,7251,-12209,-675,-1813,575,-19,-2,-8
2025-11-26T11:30:42.683110,22,22,23,20,22,17,85,69,-4818,6603,7254,-12207,-682,-1816,571,-21,-2,-2
2025-11-26T11:30:42.705337,23,21,23,19,23,18,81,68,-4818,6603,7254,-12207,-686,-1816,579,-7,-3,-2
2025-11-26T11:30:42.720683,21,23,24,18,22,19,81,71,-4818,6603,7254,-12207,-691,-1799,566,11,-3,4
2025-11-26T11:30:42.742960,21,24,25,17,24,21,81,73,-4818,6602,7250,-12210,-681,-1796,577,20,-3,12
2025-11-26T11:30:42.758130,19,21,25,18,24,20,48,47,-4816,6603,7244,-12214,-685,-1788,575,27,-1,23
2025-11-26T11:30:42.784416,20,21,27,19,22,23,50,49,-4814,6605,7238,-12217,-696,-1802,561,24,3,30
2025-11-26T11:30:42.802938,18,21,28,19,21,23,63,54,-4811,6609,7235,-12218,-686,-1806,549,16,7,33
2025-11-26T11:30:42.834374,20,19,27,19,22,23,71,56,-4809,6613,7229,-12219,-681,-1808,563,21,19,37
2025-11-26T11:30:42.841822,22,20,28,20,20,23,83,67,-4808,6619,7224,-12220,-687,-1829,552,25,28,39
2025-11-26T11:30:42.863166,22,19,27,21,18,22,84,66,-4807,6626,7218,-12220,-692,-1817,572,17,34,38
2025-11-26T11:30:42.877919,22,19,26,20,20,20,79,64,-4808,6631,7212,-12220,-694,-1827,585,12,34,29
2025-11-26T11:30:42.904570,22,19,23,19,22,19,81,63,-4808,6636,7209,-12219,-696,-1830,577,4,28,23
2025-11-26T11:30:42.922376,21,20,25,20,21,19,75,61,-4808,6638,7208,-12219,-690,-1826,591,-3,19,15
2025-11-26T11:30:42.945424,19,19,23,20,22,18,65,48,-4808,6638,7208,-12219,-697,-1823,594,-5,10,12
2025-11-26T11:30:42.968257,19,20,23,19,22,21,69,49,-4809,6638,7207,-12219,-694,-1823,614,8,1,4
2025-11-26T11:30:42.982665,19,21,22,18,21,21,89,63,-4809,6637,7207,-12220,-686,-1835,618,13,-9,-1
2025-11-26T11:30:43.005043,19,20,22,19,19,20,77,60,-4810,6632,7206,-12222,-700,-1826,587,18,-20,-6
2025-11-26T11:30:43.024462,19,19,23,18,21,21,88,67,-4812,6624,7204,-12227,-700,-1817,613,22,-31,-12
2025-11-26T11:30:43.042335,19,19,22,17,20,21,85,66,-4811,6617,7202,-12232,-707,-1809,599,21,-38,-9
2025-11-26T11:30:43.074046,19,18,25,18,21,19,88,67,-4813,6607,7200,-12238,-696,-1813,600,33,-44,-16
2025-11-26T11:30:43.079885,18,18,26,20,20,20,69,55,-4815,6598,7198,-12244,-691,-1809,593,41,-44,-14
2025-11-26T11:30:43.102004,21,17,27,21,21,23,73,58,-4817,6588,7197,-12249,-680,-1803,579,40,-43,-18
2025-11-26T11:30:43.125319,21,20,26,20,21,23,63,48,-4817,6581,7198,-12252,-679,-1801,567,22,-43,-9
2025-11-26T11:30:43.144572,21,21,26,20,21,23,91,60,-4815,6576,7200,-12255,-682,-1803,566,15,-36,-2
2025-11-26T11:30:43.162466,21,22,23,20,21,24,87,59,-4814,6572,7202,-12256,-683,-1809,569,11,-30,-3
2025-11-26T11:30:43.185349,22,22,24,18,22,24,89,60,-4814,6568,7201,-12258,-680,-1810,574,21,-22,0
2025-11-26T11:30:43.200357,21,23,25,17,22,22,86,56,-4816,6564,7200,-12261,-683,-1808,580,28,-15,-6
2025-11-26T11:30:43.227189,20,24,24,19,20,23,81,53,-4817,6561,7198,-12263,-687,-1811,592,21,-14,-2
2025-11-26T11:30:43.245499,21,24,24,19,21,26,60,46,-4817,6560,7198,-12263,-680,-1809,593,14,-14,-2
2025-11-26T11:30:43.264825,20,24,24,18,20,26,65,49,-4817,6560,7198,-12263,-682,-1818,585,11,-11,-3
2025-11-26T11:30:43.282412,20,34,69,23,28,27,64,49,-4820,6557,7196,-12265,-679,-1817,600,24,-4,-6
2025-11-26T11:30:43.305377,29,67,85,28,31,32,67,50,-4824,6551,7193,-12268,-685,-1827,636,21,-9,-13
2025-11-26T11:30:43.320630,33,68,89,28,35,33,85,56,-4832,6542,7198,-12267,-695,-1965,658,4,-15,-45
2025-11-26T11:30:43.342900,33,70,91,27,37,32,82,51,-4858,6528,7169,-12281,-746,-1704,626,207,14,-105
2025-11-26T11:30:43.390023,34,72,93,28,38,32,78,48,-4881,6515,7169,-12279,-742,-1769,615,63,-1,-171
2025-11-26T11:30:43.396608,34,69,69,26,32,31,79,46,-4878,6510,7201,-12264,-654,-1779,626,-190,-47,-91
2025-11-26T11:30:43.403439,28,39,50,21,29,26,77,47,-4881,6491,7237,-12251,-558,-1851,621,-151,-77,-102
2025-11-26T11:30:43.426418,24,36,43,21,24,24,61,48,-4886,6470,7255,-12250,-550,-1860,616,-31,-82,-50
2025-11-26T11:30:43.440058,23,34,41,21,20,22,52,46,-4900,6448,7246,-12261,-602,-1823,615,128,-60,-52
2025-11-26T11:30:43.462533,22,28,36,20,19,23,47,45,-4907,6434,7228,-12277,-682,-1766,577,158,-54,-16
2025-11-26T11:30:43.501825,20,26,29,17,20,23,47,47,-4907,6428,7222,-12284,-706,-1750,563,67,-48,-26
2025-11-26T11:30:43.508669,18,26,25,19,20,23,55,53,-4903,6425,7228,-12283,-669,-1800,563,-9,-44,-18
2025-11-26T11:30:43.523378,17,23,25,19,19,22,50,45,-4901,6423,7234,-12282,-636,-1827,557,2,-27,1
2025-11-26T11:30:43.545164,17,21,23,20,20,20,55,48,-4904,6422,7231,-12283,-626,-1806,545,55,-2,3
2025-11-26T11:30:43.561025,18,23,25,22,20,19,57,49,-4907,6424,7224,-12285,-632,-1793,569,55,17,22
2025-11-26T11:30:43.582433,23,23,24,23,20,21,75,70,-4905,6431,7220,-12284,-654,-1787,595,2,31,30
2025-11-26T11:30:43.614365,24,22,23,21,20,22,84,67,-4901,6441,7222,-12280,-641,-1801,588,-33,37,38
2025-11-26T11:30:43.621742,25,22,24,21,21,22,84,66,-4898,6450,7221,-12277,-647,-1816,618,-30,42,39
2025-11-26T11:30:43.666773,25,22,22,20,22,23,84,64,-4898,6457,7216,-12275,-650,-1812,621,-4,45,31
2025-11-26T11:30:43.673383,24,20,21,16,21,24,85,64,-4896,6465,7209,-12276,-670,-1800,627,5,41,36
2025-11-26T11:30:43.679722,22,20,21,16,20,22,72,50,-4893,6471,7205,-12277,-670,-1796,647,-21,27,34
2025-11-26T11:30:43.702520,21,19,22,18,21,21,76,56,-4888,6475,7206,-12275,-660,-1825,644,-41,16,30
2025-11-26T11:30:43.733140,21,21,20,19,20,22,75,56,-4887,6476,7205,-12276,-654,-1836,639,-12,10,21
2025-11-26T11:30:43.739942,22,20,22,19,19,22,71,56,-4888,6476,7201,-12278,-662,-1822,629,17,5,18
2025-11-26T11:30:43.771050,22,20,23,21,20,22,71,55,-4888,6476,7201,-12279,-665,-1815,641,14,-3,15
2025-11-26T11:30:43.785330,20,21,24,22,20,23,100,67,-4888,6476,7200,-12279,-670,-1801,624,-5,-13,9
2025-11-26T11:30:43.800417,19,19,24,24,20,22,87,62,-4888,6475,7201,-12279,-652,-1819,617,-14,-15,10
2025-11-26T11:30:43.822560,19,16,23,23,20,22,88,64,-4888,6475,7201,-12279,-655,-1808,601,-4,-14,12
2025-11-26T11:30:43.853681,19,19,23,23,23,22,88,65,-4888,6475,7201,-12279,-658,-1808,600,2,-9,15
2025-11-26T11:30:43.868678,20,19,23,23,21,21,88,65,-4888,6475,7201,-12278,-671,-1813,597,-8,-8,13
2025-11-26T11:30:43.890739,25,23,29,23,22,21,54,71,-4885,6476,7204,-12278,-667,-1811,605,-18,-10,10
2025-11-26T11:30:43.905334,25,25,40,22,24,23,68,88,-4882,6477,7206,-12277,-661,-1816,595,-17,-3,13
2025-11-26T11:30:43.944262,24,35,43,22,25,21,70,91,-4882,6477,7206,-12277,-656,-1815,601,-15,3,14
2025-11-26T11:30:43.950777,23,34,45,21,22,21,68,93,-4882,6477,7207,-12277,-658,-1817,606,-1,6,12
2025-11-26T11:30:43.973245,24,36,46,20,23,23,78,98,-4882,6477,7207,-12277,-654,-1805,611,2,8,12
2025-11-26T11:30:43.988292,23,36,44,19,21,22,101,89,-4881,6479,7208,-12275,-658,-1807,613,-21,9,14
2025-11-26T11:30:44.002566,22,35,36,18,19,21,94,70,-4878,6482,7209,-12274,-668,-1809,615,-22,9,16
2025-11-26T11:30:44.025061,21,28,33,18,18,22,96,67,-4878,6482,7209,-12274,-672,-1816,612,-5,11,13
2025-11-26T11:30:44.047839,23,27,28,19,18,22,96,64,-4878,6482,7208,-12275,-663,-1807,623,-2,6,12
2025-11-26T11:30:44.062246,22,27,28,19,16,23,97,68,-4878,6482,7208,-12275,-654,-1812,612,-13,5,11
2025-11-26T11:30:44.093672,19,23,26,19,17,23,67,53,-4876,6484,7211,-12273,-665,-1822,598,-18,4,12
2025-11-26T11:30:44.115679,19,23,23,18,18,23,64,52,-4876,6484,7211,-12273,-657,-1815,607,-14,7,12
2025-11-26T11:30:44.130688,21,20,23,18,20,23,57,48,-4876,6484,7211,-12273,-665,-1811,603,7,8,10
2025-11-26T11:30:44.145416,19,23,27,19,21,22,55,47,-4876,6484,7211,-12273,-663,-1817,603,4,9,11
2025-11-26T11:30:44.168659,19,23,25,17,21,21,51,41,-4876,6484,7211,-12273,-671,-1809,604,-12,3,12
2025-11-26T11:30:44.182937,21,24,25,18,22,21,55,41,-4876,6484,7211,-12273,-670,-1811,605,-12,3,8
2025-11-26T11:30:44.205126,21,24,25,19,22,21,54,44,-4876,6484,7211,-12273,-667,-1809,602,-4,6,5
2025-11-26T11:30:44.228715,19,24,24,18,22,19,54,44,-4876,6484,7211,-12273,-667,-1812,596,0,8,10
2025-11-26T11:30:44.251173,19,24,18,17,21,21,54,45,-4876,6484,7211,-12273,-671,-1802,604,-10,11,7
2025-11-26T11:30:44.265523,20,23,19,19,22,21,92,58,-4876,6484,7211,-12273,-659,-1805,600,-16,12,8
2025-11-26T11:30:44.288562,22,23,22,19,20,22,100,73,-4875,6486,7213,-12271,-660,-1816,613,-23,8,9
2025-11-26T11:30:44.302974,23,23,23,19,21,22,102,72,-4873,6489,7214,-12270,-679,-1811,613,-21,10,11
2025-11-26T11:30:44.325520,23,24,24,19,20,25,104,75,-4873,6489,7214,-12270,-673,-1809,601,-7,9,4
2025-11-26T11:30:44.347862,24,23,25,18,20,25,113,78,-4873,6489,7214,-12270,-664,-1811,616,-3,4,5
2025-11-26T11:30:44.363260,24,23,27,19,21,25,78,63,-4873,6489,7214,-12270,-666,-1814,617,-6,-1,5
2025-11-26T11:30:44.385403,22,22,24,19,21,25,83,64,-4873,6489,7213,-12270,-669,-1808,605,-5,-4,2
2025-11-26T11:30:44.407967,25,26,25,19,20,25,89,67,-4873,6489,7213,-12270,-673,-1814,610,-4,-5,1
2025-11-26T11:30:44.427404,27,26,25,20,20,24,93,71,-4873,6489,7213,-12270,-672,-1810,596,0,-7,1
2025-11-26T11:30:44.444931,26,26,25,20,20,22,84,68,-4873,6489,7213,-12270,-669,-1805,606,9,-5,-1
2025-11-26T11:30:44.467667,25,27,23,19,18,21,82,67,-4873,6489,7213,-12270,-664,-1803,605,5,-6,1
2025-11-26T11:30:44.502978,23,26,23,20,18,20,62,48,-4873,6489,7214,-12270,-661,-1789,586,0,-3,4
2025-11-26T11:30:44.509661,21,22,22,20,17,21,55,50,-4873,6489,7214,-12270,-667,-1812,592,-11,-3,11
2025-11-26T11:30:44.527364,20,23,22,20,18,19,67,61,-4873,6489,7214,-12270,-675,-1810,591,-14,0,10
2025-11-26T11:30:44.542048,21,23,21,21,18,21,71,68,-4873,6489,7214,-12269,-668,-1811,587,-7,3,8
2025-11-26T11:30:44.565479,22,21,21,19,19,20,74,70,-4873,6489,7214,-12269,-669,-1815,599,1,6,4
2025-11-26T11:30:44.587515,22,23,23,18,19,20,73,71,-4873,6489,7214,-12269,-666,-1803,602,1,5,5
2025-11-26T11:30:44.607463,25,23,23,18,19,21,91,86,-4873,6489,7214,-12269,-664,-1811,601,-16,3,5
2025-11-26T11:30:44.625455,24,22,23,18,18,21,86,75,-4873,6489,7214,-12269,-660,-1817,604,-8,4,7
2025-11-26T11:30:44.647861,26,20,24,18,19,23,88,75,-4873,6489,7215,-12269,-660,-1820,612,-1,6,8
2025-11-26T11:30:44.662956,27,22,26,20,19,26,96,81,-4873,6489,7214,-12269,-671,-1804,608,5,3,4
2025-11-26T11:30:44.685893,27,22,27,21,19,26,99,84,-4873,6489,7214,-12269,-666,-1810,607,-2,-1,6
2025-11-26T11:30:44.707954,27,24,26,20,21,24,82,64,-4873,6489,7214,-12269,-674,-1817,600,-7,-2,6
2025-11-26T11:30:44.727621,27,23,27,18,21,25,70,61,-4873,6489,7214,-12269,-670,-1809,600,-1,-2,7
2025-11-26T11:30:44.744934,24,25,26,17,19,23,65,54,-4873,6489,7215,-12269,-665,-1811,598,-4,-2,8
2025-11-26T11:30:44.776158,22,24,23,17,19,21,60,47,-4874,6489,7215,-12269,-657,-1820,588,-5,0,3
2025-11-26T11:30:44.791240,21,24,23,16,21,21,53,41,-4874,6489,7215,-12269,-670,-1819,589,-4,1,4
2025-11-26T11:30:44.805421,22,22,23,15,18,20,53,44,-4874,6489,7215,-12269,-668,-1812,600,-5,1,2
2025-11-26T11:30:44.827940,23,21,23,19,19,21,62,53,-4874,6489,7215,-12269,-668,-1815,611,-3,0,2
2025-11-26T11:30:44.851221,22,19,24,19,18,21,59,53,-4874,6489,7215,-12269,-669,-1810,604,-2,3,3
2025-11-26T11:30:44.865827,22,20,24,18,18,19,48,49,-4874,6489,7215,-12269,-672,-1800,599,-2,1,7
2025-11-26T11:30:44.887573,23,20,24,18,15,20,49,50,-4874,6489,7215,-12269,-673,-1808,610,-6,-2,3
2025-11-26T11:30:44.911209,19,21,24,18,19,22,66,67,-4874,6489,7215,-12269,-666,-1816,597,-9,-2,4
2025-11-26T11:30:44.925824,19,24,23,15,19,21,61,61,-4874,6489,7215,-12269,-671,-1812,601,1,0,5
2025-11-26T11:30:44.948064,20,26,22,16,19,21,74,63,-4874,6489,7215,-12269,-668,-1809,591,9,0,5
2025-11-26T11:30:44.971152,20,25,23,16,22,21,79,63,-4874,6489,7216,-12268,-666,-1808,595,1,0,3
2025-11-26T11:30:44.985260,20,28,24,17,22,24,80,68,-4873,6489,7216,-12268,-674,-1811,596,-1,-2,3
2025-11-26T11:30:45.007949,19,26,24,17,20,25,76,52,-4873,6489,7216,-12268,-671,-1803,596,-2,0,5
2025-11-26T11:30:45.031823,19,25,23,17,20,25,77,53,-4873,6489,7216,-12268,-660,-1802,598,-3,0,8
2025-11-26T11:30:45.053491,19,26,24,17,19,24,65,50,-4873,6489,7216,-12268,-668,-1823,587,-3,1,2
2025-11-26T11:30:45.068289,21,26,24,18,19,25,60,48,-4873,6490,7216,-12268,-679,-1810,593,8,3,4
2025-11-26T11:30:45.091213,20,24,27,23,21,21,57,40,-4873,6490,7216,-12268,-666,-1811,588,-5,0,5
2025-11-26T11:30:45.105451,21,28,65,25,23,20,40,29,-4870,6492,7219,-12266,-670,-1816,598,-22,-1,10
2025-11-26T11:30:45.127640,20,28,82,31,27,21,31,25,-4870,6491,7219,-12266,-668,-1809,618,-5,6,8
2025-11-26T11:30:45.158734,18,30,83,31,28,20,29,24,-4868,6493,7220,-12266,-659,-1814,596,-14,0,20
2025-11-26T11:30:45.165840,17,29,110,37,29,21,24,23,-4865,6493,7215,-12270,-689,-1785,611,17,-11,11
2025-11-26T11:30:45.187910,18,32,166,49,34,24,24,22,-4862,6485,7220,-12272,-648,-1831,597,-3,-48,2
2025-11-26T11:30:45.211197,22,35,192,60,34,29,21,23,-4855,6483,7219,-12277,-682,-1859,612,5,-36,35
2025-11-26T11:30:45.225490,21,38,211,67,49,30,22,21,-4843,6479,7209,-12290,-729,-1859,619,60,-68,68
2025-11-26T11:30:45.263691,24,37,236,89,70,40,25,21,-4855,6448,7189,-12313,-657,-1789,645,201,-109,-38
2025-11-26T11:30:45.278674,31,46,265,194,132,73,37,26,-4860,6423,7181,-12329,-573,-1747,641,103,-99,-5
2025-11-26T11:30:45.285356,40,57,288,296,147,81,42,32,-4865,6409,7175,-12338,-579,-1823,661,70,-37,21
2025-11-26T11:30:45.307718,41,56,292,348,158,84,46,34,-4855,6425,7187,-12327,-699,-1748,622,-137,43,9
2025-11-26T11:30:45.331636,46,58,289,413,249,110,58,38,-4866,6418,7196,-12321,-646,-1834,599,-1,-5,-81
2025-11-26T11:30:45.345604,48,62,336,516,275,135,66,44,-4874,6418,7196,-12317,-652,-1807,638,-1,36,-32
2025-11-26T11:30:45.367552,49,61,321,695,280,132,66,45,-4852,6442,7222,-12298,-833,-1778,578,-238,8,-29
2025-11-26T11:30:45.398745,42,51,328,781,333,129,62,41,-4824,6435,7261,-12289,-771,-1884,596,-220,-165,-38
2025-11-26T11:30:45.405528,41,53,328,852,368,128,62,41,-4835,6401,7259,-12304,-568,-1873,613,133,-127,-49
2025-11-26T11:30:45.428011,37,50,347,856,326,111,53,39,-4851,6373,7236,-12326,-645,-1774,613,232,-89,-53
2025-11-26T11:30:45.451219,34,56,298,825,317,75,42,33,-4850,6360,7241,-12330,-682,-1758,574,21,-87,-56
2025-11-26T11:30:45.465398,31,64,323,693,311,61,37,28,-4845,6348,7263,-12325,-603,-1812,594,-82,-87,-40
2025-11-26T11:30:45.487818,33,65,289,608,279,66,40,31,-4840,6358,7284,-12310,-582,-1861,539,-113,26,17
2025-11-26T11:30:45.510924,33,64,340,495,231,65,39,29,-4837,6367,7285,-12306,-631,-1812,605,-32,39,31
2025-11-26T11:30:45.533451,36,68,342,444,218,65,45,36,-4833,6374,7294,-12298,-653,-1755,552,-58,13,-10
2025-11-26T11:30:45.556339,48,71,371,435,235,74,53,48,-4834,6378,7305,-12290,-613,-1830,589,-63,23,-11
2025-11-26T11:30:45.571191,48,74,392,456,265,99,56,50,-4840,6385,7309,-12281,-595,-1831,611,-42,62,-5
2025-11-26T11:30:45.594274,49,80,388,390,248,104,59,51,-4839,6399,7321,-12267,-618,-1791,619,-126,77,0
2025-11-26T11:30:45.608504,50,81,352,359,254,111,60,54,-4833,6413,7349,-12245,-592,-1782,570,-208,52,-15
2025-11-26T11:30:45.638748,52,89,418,366,338,124,59,58,-4830,6432,7369,-12225,-594,-1843,597,-174,92,13
2025-11-26T11:30:45.653911,64,120,549,353,401,139,65,81,-4817,6468,7394,-12195,-700,-1852,620,-292,146,23
2025-11-26T11:30:45.676205,97,135,548,295,387,143,74,136,-4784,6508,7433,-12164,-764,-1824,568,-390,72,45
2025-11-26T11:30:45.691175,105,138,668,308,472,190,90,146,-4776,6534,7466,-12132,-615,-1857,555,-282,115,-3
2025-11-26T11:30:45.705429,116,162,738,343,542,232,103,155,-4789,6550,7475,-12114,-532,-1886,580,-100,151,8
2025-11-26T11:30:45.728477,129,182,742,371,555,244,121,177,-4786,6578,7489,-12091,-577,-1901,524,-159,149,65
2025-11-26T11:30:45.751221,127,172,795,365,541,242,123,185,-4777,6638,7467,-12075,-935,-1881,523,-69,259,90
2025-11-26T11:30:45.773524,128,161,799,331,551,236,131,192,-4777,6666,7459,-12064,-881,-1803,508,-40,123,-37
2025-11-26T11:30:45.796565,130,163,704,308,489,200,123,195,-4751,6692,7475,-12050,-757,-1847,482,-192,31,76
2025-11-26T11:30:45.811132,128,141,628,342,418,150,249,220,-4747,6691,7485,-12046,-725,-1868,441,-21,-37,-32
2025-11-26T11:30:45.834580,128,112,576,448,349,127,359,260,-4752,6662,7477,-12065,-672,-1888,405,197,-161,-33
2025-11-26T11:30:45.847835,121,92,319,581,305,113,376,253,-4752,6599,7450,-12116,-630,-1868,460,382,-339,9
2025-11-26T11:30:45.871457,97,81,252,728,282,101,382,228,-4760,6529,7408,-12177,-646,-1823,432,519,-356,-11
2025-11-26T11:30:45.893703,150,67,254,870,271,99,406,233,-4772,6452,7346,-12250,-691,-1887,543,626,-365,10
2025-11-26T11:30:45.915692,167,62,242,899,270,90,353,211,-4816,6377,7269,-12319,-584,-1762,687,670,-204,-61
2025-11-26T11:30:45.931013,162,49,264,924,248,79,247,145,-4841,6332,7232,-12354,-520,-1711,616,358,-124,-31
2025-11-26T11:30:45.953633,172,51,266,853,224,71,230,146,-4825,6307,7229,-12375,-646,-1759,625,68,-187,39
2025-11-26T11:30:45.967575,208,59,257,763,213,70,236,161,-4825,6296,7248,-12369,-654,-1826,650,-84,-63,-79
2025-11-26T11:30:45.990795,200,61,241,726,195,75,200,150,-4809,6283,7259,-12375,-789,-1954,637,-21,-146,-23
2025-11-26T11:30:46.013259,187,61,232,725,181,72,232,192,-4781,6266,7241,-12405,-778,-1922,682,120,-194,123
2025-11-26T11:30:46.027576,190,64,186,688,216,69,225,192,-4782,6226,7206,-12445,-673,-1789,648,315,-202,25
2025-11-26T11:30:46.051142,183,61,170,775,206,70,213,186,-4780,6194,7189,-12472,-565,-1801,688,174,-152,48
2025-11-26T11:30:46.073739,143,57,184,885,252,68,205,175,-4773,6165,7168,-12501,-537,-1732,721,158,-142,90
2025-11-26T11:30:46.087969,97,56,176,816,260,62,204,178,-4757,6157,7163,-12514,-617,-1756,701,17,-80,89
2025-11-26T11:30:46.111728,111,72,157,774,249,60,192,160,-4737,6165,7161,-12518,-587,-1732,725,-74,-1,138
2025-11-26T11:30:46.133686,106,69,147,730,222,53,190,155,-4718,6194,7178,-12501,-665,-1727,643,-201,77,69
2025-11-26T11:30:46.147959,157,71,138,655,223,55,258,220,-4711,6212,7212,-12476,-548,-1849,618,-226,71,24
2025-11-26T11:30:46.170699,162,69,103,454,150,51,266,229,-4726,6214,7213,-12468,-539,-1875,610,41,75,-4
2025-11-26T11:30:46.193291,162,67,102,395,123,43,286,241,-4725,6235,7184,-12475,-682,-1756,588,133,102,113
2025-11-26T11:30:46.208058,151,61,92,354,122,43,257,218,-4714,6270,7180,-12464,-730,-1694,585,-75,127,77
2025-11-26T11:30:46.229812,147,61,73,288,103,43,266,230,-4711,6318,7199,-12430,-717,-1791,630,-242,231,8
2025-11-26T11:30:46.253786,84,56,66,156,72,38,202,166,-4719,6361,7212,-12397,-727,-1849,630,-183,242,-27
2025-11-26T11:30:46.267586,64,55,70,125,67,34,178,143,-4738,6378,7217,-12378,-661,-1766,652,-74,158,-78
2025-11-26T11:30:46.291062,56,52,63,92,48,31,144,120,-4722,6362,7251,-12373,-533,-1846,553,-125,-140,22
2025-11-26T11:30:46.321008,41,37,57,68,39,31,148,132,-4729,6343,7237,-12389,-525,-1752,604,145,-55,39
2025-11-26T11:30:46.328145,33,32,55,57,33,30,144,119,-4755,6347,7230,-12380,-552,-1687,701,4,145,-64
2025-11-26T11:30:46.351187,31,31,55,45,29,28,140,122,-4761,6373,7243,-12357,-599,-1820,639,-151,166,5
2025-11-26T11:30:46.373782,28,29,46,35,28,27,135,120,-4753,6402,7249,-12342,-793,-1808,636,-137,111,10
2025-11-26T11:30:46.387975,31,29,37,32,28,30,124,114,-4759,6415,7261,-12325,-645,-1854,598,-90,87,-25
2025-11-26T11:30:46.411233,54,33,36,22,27,29,122,106,-4758,6425,7250,-12327,-719,-1873,631,30,52,46
2025-11-26T11:30:46.433290,54,34,33,22,26,28,88,83,-4763,6426,7239,-12331,-682,-1760,644,43,29,-2
2025-11-26T11:30:46.447858,56,32,30,20,26,29,84,75,-4766,6433,7241,-12325,-674,-1817,656,-54,58,-5
2025-11-26T11:30:46.471220,57,33,30,20,23,28,83,73,-4766,6442,7239,-12322,-732,-1832,639,-27,42,-1
2025-11-26T11:30:46.491199,57,34,29,20,21,26,87,80,-4765,6446,7241,-12319,-709,-1790,615,-29,12,-18
2025-11-26T11:30:46.513612,32,34,26,20,23,28,99,73,-4765,6444,7249,-12315,-650,-1824,619,-46,-6,-16
2025-11-26T11:30:46.529647,30,31,25,21,22,25,98,74,-4766,6443,7249,-12315,-643,-1820,623,9,-4,-1
2025-11-26T11:30:46.553724,26,32,23,21,24,24,97,73,-4767,6442,7244,-12318,-663,-1798,609,31,6,14
2025-11-26T11:30:46.576562,25,32,24,21,23,25,97,74,-4767,6442,7244,-12318,-674,-1804,607,10,2,-1
2025-11-26T11:30:46.590937,27,31,23,22,23,26,97,72,-4767,6442,7244,-12318,-679,-1811,597,-10,-9,5
2025-11-26T11:30:46.613696,27,26,20,20,21,20,72,61,-4767,6442,7244,-12318,-667,-1813,591,-4,-6,12
2025-11-26T11:30:46.627955,26,28,22,19,21,21,75,60,-4764,6446,7245,-12317,-667,-1805,590,-15,5,26
2025-11-26T11:30:46.651171,31,28,23,18,17,21,75,60,-4763,6446,7245,-12317,-682,-1804,598,-4,12,2
2025-11-26T11:30:46.673458,31,27,22,19,20,22,79,63,-4763,6449,7247,-12314,-658,-1793,596,-21,16,3
2025-11-26T11:30:46.696136,29,28,23,21,22,21,89,75,-4760,6455,7252,-12309,-670,-1792,586,-41,18,14
2025-11-26T11:30:46.718642,27,25,24,21,23,24,88,76,-4755,6462,7257,-12305,-672,-1810,599,-56,18,20
2025-11-26T11:30:46.733623,28,23,25,20,22,23,83,75,-4751,6469,7261,-12300,-668,-1808,598,-52,23,23
2025-11-26T11:30:46.756136,47,30,24,20,22,23,90,80,-4748,6473,7263,-12298,-675,-1824,608,-28,17,21
2025-11-26T11:30:46.771090,50,32,24,20,21,23,96,81,-4746,6477,7262,-12298,-678,-1805,602,-11,12,20
2025-11-26T11:30:46.793408,52,31,24,20,21,23,73,56,-4744,6478,7260,-12299,-679,-1820,624,-11,7,24
2025-11-26T11:30:46.815885,55,32,25,21,19,20,77,62,-4743,6477,7256,-12302,-677,-1826,620,13,-4,18
2025-11-26T11:30:46.838656,56,33,24,21,22,21,79,62,-4744,6475,7252,-12305,-678,-1816,609,30,-5,9
2025-11-26T11:30:46.853270,42,31,25,21,23,20,75,59,-4745,6474,7247,-12308,-686,-1804,596,30,0,10
2025-11-26T11:30:46.876107,39,30,25,21,22,18,61,53,-4745,6474,7247,-12308,-680,-1816,590,0,-5,3
2025-11-26T11:30:46.890613,36,30,24,20,20,17,59,51,-4745,6474,7247,-12308,-675,-1829,590,0,-5,8
2025-11-26T11:30:46.913659,34,30,24,20,21,19,48,37,-4747,6472,7246,-12309,-669,-1813,584,25,-3,-2
