timestamp,EMG_0,EMG_1,EMG_2,EMG_3,EMG_4,EMG_5,EMG_6,EMG_7,quat_0,quat_1,quat_2,quat_3,acc_0,acc_1,acc_2,gyro_0,gyro_1,gyro_2
2025-11-24T16:16:13.846608,19,39,97,237,288,95,36,26,-11111,8910,-5385,6049,124,-2020,494,-91,-3,-57
2025-11-24T16:16:13.876221,20,40,102,250,298,101,35,24,-11107,8922,-5360,6061,95,-1992,494,-37,-57,-57
2025-11-24T16:16:13.891135,25,43,129,298,304,103,35,25,-11109,8932,-5329,6072,81,-2018,468,16,-90,-66
2025-11-24T16:16:13.905338,25,34,118,314,309,101,36,25,-11116,8936,-5293,6083,62,-2046,455,78,-110,-75
2025-11-24T16:16:13.930547,25,33,116,321,299,84,35,24,-11136,8923,-5246,6106,38,-2023,457,225,-105,-109
2025-11-24T16:16:13.955368,25,33,112,298,277,77,32,22,-11160,8901,-5201,6134,33,-1967,465,275,-72,-112
2025-11-24T16:16:13.969570,24,33,103,276,284,69,30,22,-11176,8884,-5160,6164,38,-1935,458,232,-52,-133
2025-11-24T16:16:13.990338,20,27,61,227,351,68,39,27,-11184,8874,-5119,6198,112,-1901,488,175,-27,-144
2025-11-24T16:16:14.013380,22,27,57,193,358,84,46,29,-11186,8869,-5085,6229,179,-1919,511,111,-2,-97
2025-11-24T16:16:14.027285,25,31,50,168,496,90,52,33,-11184,8863,-5064,6258,249,-1899,534,56,50,-26
2025-11-24T16:16:14.050839,24,31,48,205,626,110,59,36,-11171,8868,-5063,6274,324,-1754,510,-86,102,82
2025-11-24T16:16:14.073298,24,28,46,210,603,111,60,36,-11150,8886,-5089,6265,350,-1804,538,-276,113,231
2025-11-24T16:16:14.087197,26,30,47,201,567,114,54,31,-11134,8906,-5134,6229,319,-1964,511,-331,89,387
2025-11-24T16:16:14.110752,24,33,61,189,562,103,47,29,-11143,8906,-5173,6180,264,-2049,530,-186,17,490
2025-11-24T16:16:14.132900,26,49,136,172,436,95,41,25,-11179,8887,-5190,6128,302,-1999,523,1,-76,551
2025-11-24T16:16:14.147448,26,58,157,115,185,65,31,21,-11232,8861,-5192,6067,337,-1874,491,99,-167,610
2025-11-24T16:16:14.170739,27,63,165,87,187,60,31,24,-11279,8849,-5205,5986,249,-2012,427,30,-214,652
2025-11-24T16:16:14.193440,25,64,173,84,148,58,32,24,-11340,8826,-5218,5893,7,-2117,396,117,-280,626
2025-11-24T16:16:14.207714,26,75,193,84,155,94,49,26,-11417,8783,-5206,5818,-49,-2027,429,311,-316,531
2025-11-24T16:16:14.230600,21,67,150,79,154,97,55,27,-11489,8745,-5188,5750,-6,-1909,430,287,-309,492
2025-11-24T16:16:14.253122,20,59,133,76,250,106,55,26,-11535,8728,-5195,5674,-21,-1916,421,74,-233,506
2025-11-24T16:16:14.267764,20,55,124,79,263,111,57,26,-11575,8720,-5220,5582,-225,-2054,422,-24,-241,510
2025-11-24T16:16:14.290753,21,55,113,95,291,118,57,27,-11620,8699,-5242,5501,-366,-2048,382,87,-221,425
2025-11-24T16:16:14.313100,20,40,70,113,316,124,50,28,-11669,8660,-5251,5451,-409,-1950,399,235,-159,279
2025-11-24T16:16:14.327488,19,35,69,122,326,126,45,27,-11710,8628,-5253,5411,-473,-1935,411,206,-161,165
2025-11-24T16:16:14.350467,21,35,62,156,326,178,53,31,-11745,8607,-5252,5369,-580,-1985,452,141,-200,83
2025-11-24T16:16:14.373180,21,35,59,158,312,200,54,30,-11787,8577,-5236,5340,-666,-2091,563,209,-223,-15
2025-11-24T16:16:14.387552,22,33,61,166,323,206,60,34,-11831,8545,-5206,5325,-675,-1975,611,240,-243,-116
2025-11-24T16:16:14.410166,22,26,54,166,390,207,58,33,-11861,8523,-5170,5328,-678,-1915,556,229,-208,-256
2025-11-24T16:16:14.432848,22,27,52,172,430,208,60,33,-11872,8518,-5138,5343,-610,-1944,535,133,-150,-329
2025-11-24T16:16:14.455392,26,26,51,154,427,162,55,34,-11875,8515,-5115,5363,-579,-2024,538,108,-87,-317
2025-11-24T16:16:14.470756,26,26,51,146,431,131,51,33,-11886,8498,-5098,5382,-587,-2048,518,196,-59,-259
2025-11-24T16:16:14.493241,25,24,60,131,411,129,51,27,-11907,8466,-5087,5397,-587,-1973,536,252,-33,-190
2025-11-24T16:16:14.515762,25,23,66,118,330,114,50,27,-11915,8448,-5082,5409,-566,-1891,515,140,-22,-198
2025-11-24T16:16:14.529059,26,24,90,105,289,189,60,28,-11910,8451,-5080,5420,-512,-1892,509,13,-21,-221
2025-11-24T16:16:14.553236,22,30,95,84,227,204,61,24,-11898,8465,-5073,5431,-459,-1911,555,-62,-37,-239
2025-11-24T16:16:14.575758,22,65,100,98,217,238,63,24,-11881,8491,-5056,5444,-406,-1887,507,-86,-83,-286
2025-11-24T16:16:14.589780,22,69,107,161,237,242,60,26,-11865,8518,-5029,5460,-344,-1944,490,-44,-110,-297
2025-11-24T16:16:14.613376,22,69,106,169,278,245,69,27,-11853,8538,-5008,5474,-298,-1964,493,-24,-82,-230
2025-11-24T16:16:14.635401,23,70,92,190,292,200,61,28,-11847,8545,-5003,5481,-235,-2050,549,-13,-10,-84
2025-11-24T16:16:14.649953,22,68,86,190,296,182,60,32,-11847,8544,-5021,5467,-259,-1934,564,-65,26,75
2025-11-24T16:16:14.673258,21,36,85,203,377,181,62,32,-11844,8541,-5062,5440,-320,-1991,558,-121,80,168
2025-11-24T16:16:14.700372,27,35,77,254,391,189,65,32,-11845,8529,-5108,5414,-361,-2038,628,-120,114,191
2025-11-24T16:16:14.708371,26,35,73,285,386,181,54,29,-11840,8522,-5158,5388,-393,-2025,664,-183,133,174
2025-11-24T16:16:14.730701,24,33,70,284,403,181,50,26,-11829,8516,-5205,5375,-385,-2000,637,-168,170,105
2025-11-24T16:16:14.752947,25,30,70,298,419,185,48,22,-11812,8505,-5260,5378,-410,-2039,615,-143,263,56
2025-11-24T16:16:14.767714,26,29,65,330,369,153,43,22,-11786,8488,-5328,5394,-443,-2024,601,-141,379,24
2025-11-24T16:16:14.791166,21,22,52,283,384,157,39,23,-11748,8472,-5406,5425,-463,-2008,551,-153,478,-41
2025-11-24T16:16:14.815836,21,20,50,259,375,152,38,23,-11690,8471,-5488,5468,-432,-1979,514,-243,543,-126
2025-11-24T16:16:14.830022,21,21,45,257,341,143,39,24,-11612,8490,-5570,5522,-375,-1939,472,-362,581,-218
2025-11-24T16:16:14.852846,20,22,38,242,348,171,41,23,-11523,8519,-5649,5583,-330,-2055,425,-380,594,-259
2025-11-24T16:16:14.875525,19,23,42,211,335,165,40,24,-11443,8534,-5716,5657,-257,-2063,420,-261,604,-272
2025-11-24T16:16:14.889590,19,24,40,196,311,150,39,23,-11363,8544,-5779,5738,-182,-2017,386,-209,623,-272
2025-11-24T16:16:14.913261,18,22,35,181,310,148,36,24,-11285,8557,-5832,5818,-136,-1980,383,-212,579,-272
2025-11-24T16:16:14.935732,20,23,32,163,324,151,37,23,-11203,8582,-5879,5893,-99,-1977,340,-250,525,-297
2025-11-24T16:16:14.949521,20,22,31,174,293,114,32,23,-11123,8612,-5918,5960,-26,-1951,363,-289,463,-261
2025-11-24T16:16:14.973235,20,22,45,148,298,111,32,22,-11046,8646,-5953,6019,33,-1923,363,-314,419,-219
2025-11-24T16:16:15.003255,20,23,47,129,309,88,30,21,-10975,8680,-5980,6073,42,-1969,357,-292,356,-215
2025-11-24T16:16:15.010646,21,24,49,130,287,98,28,19,-10919,8709,-5989,6123,39,-2001,348,-197,259,-215
2025-11-24T16:16:15.033215,21,23,49,121,284,94,35,22,-10881,8725,-5979,6177,64,-1982,364,-57,187,-216
2025-11-24T16:16:15.055726,20,23,59,133,289,90,36,21,-10858,8731,-5957,6230,73,-1938,401,27,132,-204
2025-11-24T16:16:15.070015,24,29,69,161,270,97,38,24,-10832,8748,-5934,6273,96,-1859,394,-46,86,-196
2025-11-24T16:16:15.093271,23,28,73,166,220,98,39,24,-10798,8784,-5915,6300,75,-1954,347,-149,24,-193
2025-11-24T16:16:15.115762,24,27,76,168,240,90,42,25,-10775,8814,-5891,6320,45,-2026,346,-96,-37,-170
2025-11-24T16:16:15.130206,22,28,79,200,228,84,37,24,-10772,8827,-5850,6345,60,-1977,363,62,-80,-158
2025-11-24T16:16:15.153187,29,28,81,217,216,88,35,25,-10776,8831,-5810,6371,72,-1956,389,106,-69,-124
2025-11-24T16:16:15.175637,28,23,62,190,278,72,31,24,-10772,8838,-5785,6389,29,-1981,395,25,-34,-104
2025-11-24T16:16:15.189614,28,22,60,209,330,70,31,23,-10767,8846,-5761,6409,-4,-2024,403,12,-27,-130
2025-11-24T16:16:15.212806,29,26,75,226,321,61,30,24,-10766,8851,-5729,6431,15,-2049,423,55,-49,-143
2025-11-24T16:16:15.235336,32,26,73,227,367,74,31,23,-10765,8860,-5694,6451,52,-2017,392,63,-76,-136
2025-11-24T16:16:15.249560,36,40,82,206,404,103,61,36,-10773,8856,-5656,6477,78,-2002,398,156,-56,-113
2025-11-24T16:16:15.272537,36,41,84,266,428,130,68,37,-10803,8826,-5609,6510,122,-2004,443,331,-48,-46
2025-11-24T16:16:15.294137,38,41,92,268,407,130,68,38,-10811,8814,-5574,6543,246,-1709,430,-147,51,87
2025-11-24T16:16:15.317238,37,41,80,259,435,135,72,40,-10778,8849,-5615,6514,285,-1921,479,-440,81,269
2025-11-24T16:16:15.336421,36,41,81,256,411,128,71,42,-10771,8860,-5661,6472,255,-2081,522,-328,65,424
2025-11-24T16:16:15.355014,25,36,75,265,391,102,49,32,-10788,8849,-5695,6429,224,-2070,485,-131,17,481
2025-11-24T16:16:15.377467,31,71,102,213,328,73,40,38,-10816,8837,-5716,6379,200,-1994,450,-69,-72,487
2025-11-24T16:16:15.396977,30,80,96,212,331,66,38,37,-10850,8827,-5728,6323,141,-2034,385,-8,-149,466
2025-11-24T16:16:15.419251,32,79,97,213,307,59,30,36,-10898,8811,-5725,6265,5,-2088,324,125,-237,404
2025-11-24T16:16:15.441742,32,81,95,203,348,73,30,34,-10960,8784,-5698,6220,-143,-2056,350,276,-300,262
2025-11-24T16:16:15.456683,33,81,107,218,354,85,32,33,-11016,8762,-5653,6193,-175,-1975,303,334,-323,96
2025-11-24T16:16:15.479246,27,55,113,237,376,92,31,26,-11062,8754,-5590,6179,-152,-1888,319,307,-356,-46
2025-11-24T16:16:15.497176,27,53,172,272,361,93,33,28,-11106,8752,-5529,6159,-191,-2000,329,273,-382,-48
2025-11-24T16:16:15.516808,24,78,256,271,344,94,30,25,-11152,8750,-5470,6130,-278,-2051,290,288,-414,-57
2025-11-24T16:16:15.539197,24,80,292,291,265,88,33,27,-11203,8739,-5408,6109,-342,-2019,358,331,-402,-102
2025-11-24T16:16:15.557501,24,86,292,311,230,89,33,26,-11247,8721,-5362,6094,-372,-2014,405,293,-298,-93
2025-11-24T16:16:15.576721,23,86,285,299,240,82,35,26,-11273,8713,-5345,6071,-499,-2050,380,150,-216,-104
2025-11-24T16:16:15.599560,23,79,256,262,222,84,33,24,-11293,8716,-5329,6045,-577,-2058,421,58,-236,-153
2025-11-24T16:16:15.617453,28,56,179,269,235,83,38,26,-11304,8727,-5312,6023,-519,-2008,405,14,-227,-184
2025-11-24T16:16:15.637157,38,58,128,291,312,94,37,30,-11309,8747,-5293,6000,-500,-2014,411,-40,-243,-201
2025-11-24T16:16:15.658850,44,50,137,267,328,96,36,33,-11317,8764,-5271,5981,-481,-2074,420,-4,-237,-202
2025-11-24T16:16:15.677330,144,51,141,259,321,113,37,109,-11332,8765,-5236,5982,-410,-2094,459,122,-201,-241
2025-11-24T16:16:15.696277,151,54,146,270,362,125,39,114,-11346,8765,-5190,5995,-315,-1988,451,168,-191,-278
2025-11-24T16:16:15.718882,177,71,143,268,382,123,37,119,-11376,8742,-5137,6018,-230,-2137,533,314,-161,-217
2025-11-24T16:16:15.737810,306,86,142,234,340,117,37,148,-11413,8704,-5100,6033,-191,-2117,554,349,-94,-79
2025-11-24T16:16:15.757920,432,105,140,225,371,111,49,182,-11437,8677,-5083,6043,-208,-1939,552,199,-42,-57
2025-11-24T16:16:15.778116,419,118,144,235,342,89,47,163,-11445,8680,-5069,6034,-109,-2054,587,-11,-102,-9
2025-11-24T16:16:15.796593,474,130,142,234,306,66,48,181,-11447,8697,-5055,6018,-69,-2194,559,-61,-138,12
2025-11-24T16:16:15.819518,514,138,168,276,286,83,57,197,-11479,8672,-5028,6016,-79,-2219,598,235,-113,40
2025-11-24T16:16:15.838216,468,163,258,311,373,91,72,189,-11522,8628,-4989,6028,-71,-2083,554,404,-95,12
2025-11-24T16:16:15.856686,360,163,258,313,351,132,84,163,-11569,8579,-4937,6051,-141,-2003,527,493,-129,-92
2025-11-24T16:16:15.879614,355,155,256,321,415,157,87,152,-11608,8542,-4880,6076,-46,-1952,562,424,-138,-115
2025-11-24T16:16:15.899250,277,146,256,334,456,191,89,127,-11626,8525,-4829,6107,63,-1794,600,243,-87,-142
2025-11-24T16:16:15.917471,175,145,245,305,473,296,90,97,-11618,8532,-4801,6132,49,-1759,627,-7,-25,-158
2025-11-24T16:16:15.939970,113,106,139,262,421,313,81,68,-11589,8567,-4789,6148,115,-1769,626,-226,0,-135
2025-11-24T16:16:15.959347,91,92,136,278,498,328,67,50,-11561,8600,-4789,6154,106,-1866,624,-248,15,-63
2025-11-24T16:16:15.977470,70,92,134,271,466,326,67,42,-11535,8630,-4804,6150,60,-1873,597,-269,43,5
2025-11-24T16:16:15.996638,54,89,123,273,458,313,65,42,-11507,8659,-4838,6135,-12,-1918,528,-292,76,69
2025-11-24T16:16:16.019139,53,74,118,301,481,225,60,44,-11485,8679,-4898,6100,-92,-2031,517,-314,121,215
2025-11-24T16:16:16.037474,50,79,129,306,481,202,58,47,-11464,8695,-5009,6026,-209,-2156,514,-459,202,476
2025-11-24T16:16:16.059935,51,72,110,275,394,152,55,43,-11457,8688,-5153,5928,-351,-2233,495,-425,263,695
2025-11-24T16:16:16.079257,52,68,116,269,401,137,49,44,-11461,8662,-5311,5818,-453,-2254,496,-380,301,805
2025-11-24T16:16:16.096973,51,70,133,238,372,126,46,41,-11469,8624,-5470,5711,-535,-2292,500,-325,328,813
2025-11-24T16:16:16.119970,37,57,124,203,308,113,38,32,-11477,8576,-5622,5616,-595,-2280,465,-238,355,762
2025-11-24T16:16:16.139071,34,41,110,184,274,102,35,29,-11492,8521,-5752,5540,-608,-2206,473,-131,328,660
2025-11-24T16:16:16.157462,31,37,110,191,254,95,26,28,-11509,8465,-5851,5486,-553,-2172,447,-9,278,537
2025-11-24T16:16:16.179962,25,37,90,182,235,88,29,24,-11533,8402,-5922,5456,-481,-2155,470,125,250,432
2025-11-24T16:16:16.199275,22,32,63,177,225,107,32,23,-11562,8327,-5967,5460,-445,-2018,479,290,262,282
2025-11-24T16:16:16.217261,24,32,55,153,254,115,40,25,-11568,8277,-6000,5487,-385,-1817,438,201,285,73
2025-11-24T16:16:16.239698,23,30,50,144,251,114,39,26,-11543,8266,-6021,5534,-342,-1781,388,39,282,-155
2025-11-24T16:16:16.259245,28,31,44,165,236,114,41,28,-11502,8277,-6021,5601,-246,-1863,379,2,257,-319
2025-11-24T16:16:16.277459,29,34,49,167,214,161,53,30,-11464,8282,-5998,5696,-144,-1852,409,120,263,-436
2025-11-24T16:16:16.299983,31,38,54,174,253,157,56,32,-11423,8291,-5961,5803,-57,-1717,388,142,251,-512
2025-11-24T16:16:16.319457,30,42,61,202,245,143,50,32,-11375,8311,-5917,5913,3,-1666,363,114,223,-569
2025-11-24T16:16:16.337056,30,45,64,202,251,143,50,32,-11321,8340,-5870,6022,47,-1677,356,66,205,-588
2025-11-24T16:16:16.359964,25,46,74,203,286,161,49,31,-11271,8369,-5824,6119,90,-1713,429,20,176,-520
2025-11-24T16:16:16.379270,26,42,71,212,367,120,35,31,-11224,8403,-5788,6193,96,-1780,448,-66,133,-405
2025-11-24T16:16:16.397503,26,37,99,253,368,116,27,28,-11185,8430,-5757,6256,80,-1776,479,-62,110,-340
2025-11-24T16:16:16.419502,26,35,99,243,356,118,30,27,-11147,8460,-5734,6304,59,-1846,492,-116,91,-278
2025-11-24T16:16:16.446555,28,39,99,249,364,159,40,27,-11115,8489,-5715,6338,22,-1904,515,-139,51,-223
2025-11-24T16:16:16.456948,29,37,96,242,344,139,41,27,-11085,8516,-5699,6368,25,-1937,533,-150,48,-193
2025-11-24T16:16:16.488138,27,37,98,249,250,137,42,28,-11060,8542,-5688,6388,-5,-2015,522,-153,24,-149
2025-11-24T16:16:16.494835,30,36,73,215,217,134,44,29,-11044,8559,-5674,6405,-31,-2094,537,-90,7,-122
2025-11-24T16:16:16.517597,48,35,72,201,219,132,43,30,-11038,8565,-5652,6425,-23,-2071,555,-7,-12,-115
2025-11-24T16:16:16.539859,56,33,114,257,273,95,38,38,-11037,8567,-5630,6444,-16,-2081,541,36,-18,-89
2025-11-24T16:16:16.559417,58,35,114,353,275,95,35,39,-11042,8567,-5607,6457,-34,-2073,501,67,-48,-69
2025-11-24T16:16:16.577451,60,62,116,359,367,93,36,38,-11056,8562,-5572,6469,-47,-2044,471,156,-112,-81
2025-11-24T16:16:16.599932,65,76,116,354,367,90,36,39,-11082,8545,-5525,6487,-5,-2015,504,261,-124,-71
2025-11-24T16:16:16.619376,54,76,117,360,370,143,40,37,-11117,8509,-5473,6520,97,-1905,564,365,-62,-40
2025-11-24T16:16:16.637784,47,76,83,348,353,147,48,32,-11134,8483,-5448,6544,130,-1843,598,172,30,33
2025-11-24T16:16:16.667452,48,82,95,329,380,170,75,44,-11130,8485,-5452,6546,117,-1753,543,-79,52,88
2025-11-24T16:16:16.679147,49,64,91,326,306,180,78,44,-11113,8512,-5461,6532,186,-1797,512,-235,1,130
2025-11-24T16:16:16.697460,39,48,86,317,300,182,78,44,-11102,8540,-5479,6499,211,-1872,534,-286,-34,251
2025-11-24T16:16:16.719915,38,47,82,313,300,152,78,45,-11104,8559,-5499,6453,240,-1941,515,-233,-61,379
2025-11-24T16:16:16.739478,37,47,74,283,274,158,77,43,-11123,8563,-5513,6404,175,-1953,475,-92,-104,404
2025-11-24T16:16:16.764911,31,36,51,167,267,140,56,28,-11150,8568,-5515,6347,85,-1872,454,-59,-195,371
2025-11-24T16:16:16.779914,25,34,60,139,268,123,52,28,-11178,8588,-5504,6281,123,-1844,416,-93,-302,367
2025-11-24T16:16:16.799177,27,36,66,134,267,136,53,29,-11213,8614,-5483,6200,172,-1843,422,-102,-405,427
2025-11-24T16:16:16.817777,28,48,85,126,258,131,50,30,-11258,8643,-5456,6103,112,-1896,438,-110,-506,460
2025-11-24T16:16:16.839679,28,54,100,105,235,113,44,30,-11314,8666,-5412,6005,8,-2037,422,9,-597,400
2025-11-24T16:16:16.859098,28,52,105,89,181,106,39,28,-11388,8666,-5340,5927,-33,-2055,412,259,-636,303
2025-11-24T16:16:16.877365,29,54,104,113,159,109,35,27,-11474,8648,-5255,5865,-85,-1998,406,428,-628,230
2025-11-24T16:16:16.899878,27,55,103,132,149,118,34,25,-11556,8633,-5172,5800,-173,-1949,407,395,-640,186
2025-11-24T16:16:16.927355,25,44,89,145,191,121,33,25,-11620,8642,-5095,5723,-228,-1945,445,201,-675,141
2025-11-24T16:16:16.937472,22,44,86,189,213,117,31,24,-11670,8671,-5019,5646,-284,-1946,466,66,-694,57
2025-11-24T16:16:16.960021,21,43,90,202,224,117,35,25,-11710,8712,-4939,5570,-319,-1997,442,24,-717,-21
2025-11-24T16:16:16.979141,21,42,104,219,261,118,35,26,-11748,8752,-4855,5501,-342,-2025,429,56,-719,-77
2025-11-24T16:16:16.997465,20,52,109,266,309,104,36,29,-11789,8776,-4779,5440,-401,-2010,504,79,-638,-90
2025-11-24T16:16:17.019633,22,58,132,276,299,93,35,25,-11828,8790,-4713,5390,-448,-1969,551,91,-551,-117
2025-11-24T16:16:17.042173,21,49,126,261,376,99,39,24,-11857,8802,-4662,5352,-494,-1938,590,36,-439,-165
2025-11-24T16:16:17.057464,21,51,137,266,470,131,40,24,-11862,8832,-4622,5325,-512,-1929,598,-117,-362,-255
2025-11-24T16:16:17.087443,22,60,134,241,472,130,41,23,-11858,8862,-4586,5317,-488,-2009,629,-132,-268,-331
2025-11-24T16:16:17.099109,22,77,160,175,501,125,39,20,-11851,8878,-4551,5335,-494,-2055,625,-29,-160,-426
2025-11-24T16:16:17.116449,46,81,155,150,500,127,42,39,-11835,8901,-4505,5371,-408,-1961,610,-53,-139,-524
2025-11-24T16:16:17.139539,62,90,167,214,436,119,39,52,-11822,8913,-4460,5416,-320,-2136,579,62,-82,-488
2025-11-24T16:16:17.158430,93,132,192,217,327,80,34,65,-11828,8894,-4434,5457,-233,-2244,661,178,21,-296
2025-11-24T16:16:17.177074,138,138,217,219,322,72,38,112,-11842,8865,-4435,5472,-211,-2052,700,114,64,-65
2025-11-24T16:16:17.199903,143,133,231,224,223,56,35,113,-11835,8875,-4475,5438,-270,-1974,629,-235,21,123
2025-11-24T16:16:17.222800,165,133,229,245,196,47,31,118,-11821,8906,-4526,5375,-217,-2147,602,-378,-34,270
2025-11-24T16:16:17.237730,217,134,224,222,213,45,35,132,-11821,8923,-4566,5314,-248,-2193,634,-270,-76,271
2025-11-24T16:16:17.259944,222,102,225,242,239,65,38,133,-11845,8905,-4579,5279,-196,-2142,611,42,-69,209
2025-11-24T16:16:17.282434,201,98,199,241,245,90,39,98,-11886,8865,-4572,5261,-175,-2028,606,235,-82,157
2025-11-24T16:16:17.297209,202,88,160,248,276,108,46,100,-11922,8830,-4559,5249,-187,-1971,576,240,-87,95
2025-11-24T16:16:17.320098,182,86,155,250,309,135,51,89,-11936,8825,-4542,5240,-132,-1860,562,55,-116,9
2025-11-24T16:16:17.342176,112,97,192,253,335,149,55,61,-11925,8850,-4526,5237,-33,-1872,551,-137,-84,-55
2025-11-24T16:16:17.357441,76,91,170,225,360,152,55,47,-11906,8877,-4515,5244,-71,-2013,541,-133,-40,-113
2025-11-24T16:16:17.379808,67,83,166,264,371,230,57,45,-11897,8892,-4495,5257,-61,-2032,517,-14,-48,-133
2025-11-24T16:16:17.410639,55,85,168,257,425,252,57,38,-11897,8895,-4466,5277,-47,-1972,522,74,-58,-146
2025-11-24T16:16:17.417468,51,89,174,247,410,246,58,41,-11899,8897,-4434,5295,-27,-1949,521,93,-75,-140
2025-11-24T16:16:17.440360,39,83,185,260,446,252,59,40,-11902,8896,-4401,5317,-33,-1971,539,103,-64,-157
2025-11-24T16:16:17.461742,40,82,200,302,451,254,67,41,-11906,8893,-4374,5336,-26,-1998,548,110,-44,-125
2025-11-24T16:16:17.477431,38,84,207,270,452,276,70,45,-11910,8890,-4356,5346,-29,-2023,605,48,-37,-64
2025-11-24T16:16:17.504243,36,84,207,296,413,263,71,46,-11906,8894,-4357,5346,-56,-1996,566,-33,3,-6
2025-11-24T16:16:17.522458,33,78,201,299,419,260,68,43,-11913,8888,-4358,5342,-55,-2057,637,7,-5,52
2025-11-24T16:16:17.537444,29,63,154,270,354,248,61,38,-11926,8868,-4373,5334,-64,-2133,633,61,57,136
2025-11-24T16:16:17.559896,30,60,132,264,310,241,53,34,-11943,8832,-4418,5318,-110,-2143,655,69,174,282
2025-11-24T16:16:17.582008,31,54,123,294,321,120,42,26,-11965,8783,-4492,5288,-210,-2164,653,66,252,410
2025-11-24T16:16:17.597351,31,49,123,289,277,85,36,23,-11992,8722,-4581,5251,-299,-2146,648,102,302,486
2025-11-24T16:16:17.620160,41,107,208,321,294,89,43,34,-12016,8657,-4684,5212,-333,-2112,683,55,363,534
2025-11-24T16:16:17.642176,44,124,209,314,323,97,50,36,-12042,8586,-4792,5171,-415,-2102,673,75,380,541
2025-11-24T16:16:17.656950,44,133,225,294,384,101,51,37,-12067,8503,-4903,5146,-414,-2085,671,151,466,521
2025-11-24T16:16:17.679839,51,153,249,291,368,100,59,44,-12089,8412,-5011,5139,-404,-2009,659,207,530,469
2025-11-24T16:16:17.702354,58,163,294,396,381,108,61,48,-12098,8327,-5118,5153,-424,-2008,622,205,596,341
2025-11-24T16:16:17.716646,56,139,299,421,390,99,61,43,-12089,8256,-5221,5184,-475,-2001,557,172,625,192
2025-11-24T16:16:17.740246,57,136,327,443,385,94,60,42,-12069,8197,-5316,5229,-459,-1946,525,131,634,87
2025-11-24T16:16:17.762379,55,132,319,501,351,104,61,44,-12029,8162,-5404,5282,-410,-1934,483,25,623,-24
2025-11-24T16:16:17.777483,51,116,316,543,371,113,61,41,-11976,8153,-5475,5344,-348,-1854,476,-90,567,-147
2025-11-24T16:16:17.799895,49,133,312,609,475,133,67,42,-11899,8182,-5531,5413,-264,-1823,371,-221,505,-301
2025-11-24T16:16:17.822403,43,129,271,593,485,138,63,41,-11820,8223,-5563,5494,-218,-1927,327,-185,424,-416
2025-11-24T16:16:17.837342,49,153,361,696,482,134,61,45,-11758,8245,-5564,5590,-138,-1897,331,17,354,-464
2025-11-24T16:16:17.859948,55,178,408,698,519,129,63,47,-11709,8261,-5543,5690,-98,-1817,347,107,274,-502
2025-11-24T16:16:17.890607,60,192,422,707,548,128,68,53,-11679,8264,-5494,5793,-50,-1764,395,244,165,-527
2025-11-24T16:16:17.897302,59,188,481,608,528,110,63,50,-11649,8272,-5433,5899,54,-1653,468,201,128,-546
2025-11-24T16:16:17.924180,60,195,478,721,549,103,62,52,-11601,8306,-5382,5991,62,-1622,460,1,107,-549
2025-11-24T16:16:17.942557,53,168,394,614,613,108,66,49,-11545,8356,-5338,6069,88,-1727,483,-127,84,-516
2025-11-24T16:16:17.957292,50,145,354,588,599,114,64,49,-11500,8407,-5286,6129,164,-1736,552,-149,-12,-418
2025-11-24T16:16:17.979889,40,136,357,546,592,105,53,39,-11468,8449,-5234,6177,199,-1768,560,-105,-47,-321
2025-11-24T16:16:18.002681,37,133,267,567,604,127,50,37,-11447,8483,-5188,6207,137,-1862,617,-101,-92,-235
2025-11-24T16:16:18.017431,38,141,283,400,584,136,54,35,-11444,8503,-5137,6228,133,-1864,632,-5,-138,-156
2025-11-24T16:16:18.039946,44,157,314,452,557,137,51,36,-11448,8519,-5090,6238,99,-1878,643,2,-170,-106
2025-11-24T16:16:18.062024,45,160,366,463,539,125,50,32,-11457,8528,-5050,6241,62,-1926,682,4,-163,-51
2025-11-24T16:16:18.076923,48,169,450,457,525,125,48,37,-11465,8534,-5017,6245,72,-1945,689,-3,-120,-37
2025-11-24T16:16:18.099908,54,179,549,510,503,105,48,39,-11475,8536,-4982,6252,63,-1931,744,1,-117,-46
2025-11-24T16:16:18.122390,60,181,567,578,503,98,45,40,-11488,8535,-4939,6262,81,-1988,750,55,-140,-63
2025-11-24T16:16:18.137384,62,181,695,617,500,98,44,42,-11512,8522,-4884,6280,105,-1947,743,179,-151,-84
2025-11-24T16:16:18.159750,64,185,699,636,489,95,41,40,-11547,8493,-4816,6308,212,-1840,784,286,-143,-59
2025-11-24T16:16:18.182288,64,174,671,706,484,104,42,37,-11569,8469,-4776,6329,299,-1794,763,172,-28,58
2025-11-24T16:16:18.197334,58,150,592,645,417,113,44,36,-11578,8460,-4785,6318,288,-1728,790,-111,58,268
2025-11-24T16:16:18.219660,51,140,574,577,415,116,47,37,-11571,8477,-4837,6267,278,-1722,762,-411,90,476
2025-11-24T16:16:18.242717,44,124,392,487,359,116,43,32,-11556,8511,-4915,6189,314,-1741,759,-604,92,641
2025-11-24T16:16:18.264850,39,119,329,427,375,120,48,32,-11546,8546,-4999,6091,297,-1828,703,-617,53,747
2025-11-24T16:16:18.279785,31,108,259,296,322,131,47,30,-11548,8570,-5073,5992,326,-1847,617,-468,13,797
2025-11-24T16:16:18.302353,30,117,242,259,310,128,48,30,-11567,8582,-5130,5887,259,-1906,524,-303,-84,803
2025-11-24T16:16:18.333158,28,98,213,254,265,125,45,26,-11606,8579,-5163,5788,141,-1909,447,-87,-183,726
2025-11-24T16:16:18.340071,24,96,206,252,291,168,45,26,-11658,8556,-5164,5715,91,-1793,423,137,-226,568
2025-11-24T16:16:18.361983,19,77,189,221,271,180,43,26,-11695,8552,-5145,5662,58,-1661,396,97,-262,346
2025-11-24T16:16:18.384565,21,68,157,185,276,172,44,26,-11707,8587,-5122,5604,-22,-1737,339,-102,-336,194
2025-11-24T16:16:18.399321,21,60,133,195,294,169,39,24,-11711,8640,-5089,5545,-108,-1963,308,-130,-415,95
2025-11-24T16:16:18.421905,23,60,130,199,330,236,43,26,-11725,8674,-5032,5514,-190,-1908,285,65,-420,-94
2025-11-24T16:16:18.445283,26,62,116,205,324,230,45,25,-11726,8714,-4962,5513,-256,-1750,334,37,-379,-329
2025-11-24T16:16:18.459876,26,64,125,199,309,229,46,24,-11683,8799,-4910,5514,-283,-1729,299,-295,-323,-474
2025-11-24T16:16:18.482437,25,63,112,215,292,231,52,29,-11621,8904,-4864,5520,-287,-1889,322,-440,-289,-551
2025-11-24T16:16:18.504814,26,49,97,191,269,226,52,29,-11561,9000,-4815,5533,-303,-2019,342,-383,-267,-587
2025-11-24T16:16:18.524076,25,48,92,179,207,169,60,32,-11518,9070,-4759,5555,-421,-2144,403,-228,-261,-644
2025-11-24T16:16:18.542283,22,44,88,144,138,148,66,33,-11486,9115,-4706,5593,-472,-2144,443,-98,-173,-671
2025-11-24T16:16:18.564886,22,37,49,151,134,139,66,34,-11438,9160,-4663,5652,-432,-1976,458,-165,-39,-752
2025-11-24T16:16:18.579446,22,30,47,110,141,125,60,30,-11367,9222,-4637,5717,-368,-2044,456,-326,50,-766
2025-11-24T16:16:18.602656,20,28,43,125,130,123,60,31,-11291,9287,-4627,5771,-400,-2264,476,-398,75,-724
2025-11-24T16:16:18.625392,19,26,42,132,121,99,48,25,-11230,9333,-4611,5827,-460,-2237,526,-299,68,-735
2025-11-24T16:16:18.639808,20,23,34,137,121,73,40,25,-11175,9358,-4611,5892,-452,-2426,458,-164,186,-675
2025-11-24T16:16:18.662277,19,25,60,151,143,58,33,24,-11173,9329,-4649,5913,-405,-3010,426,144,228,-179
2025-11-24T16:16:18.684806,22,26,66,163,189,91,37,24,-11241,9210,-4704,5926,-320,-2498,605,532,342,257
2025-11-24T16:16:18.699823,23,34,87,190,331,102,45,26,-11289,9116,-4803,5900,-550,-2053,505,233,349,369
2025-11-24T16:16:18.722065,24,44,152,238,344,121,46,27,-11258,9149,-4963,5775,-595,-1954,456,-789,154,566
2025-11-24T16:16:18.744975,24,49,201,249,365,142,44,26,-11168,9257,-5133,5629,-472,-2216,460,-1328,96,523
2025-11-24T16:16:18.759651,25,50,218,244,494,150,48,26,-11082,9342,-5284,5517,-407,-2504,406,-1112,186,443
2025-11-24T16:16:18.782315,26,55,239,295,521,145,54,32,-11019,9385,-5422,5435,-374,-2383,322,-783,277,435
2025-11-24T16:16:18.804863,31,53,235,310,506,144,54,42,-10966,9402,-5554,5380,-348,-2156,227,-573,377,396
2025-11-24T16:16:18.817658,35,50,219,305,571,135,59,51,-10890,9436,-5697,5325,-366,-1975,167,-728,424,361
2025-11-24T16:16:18.840859,38,46,192,355,576,119,64,52,-10774,9522,-5845,5247,-348,-1889,76,-1084,363,301
2025-11-24T16:16:18.864900,39,49,186,382,496,117,64,58,-10616,9659,-5989,5154,-224,-1841,1,-1424,288,231
2025-11-24T16:16:18.887186,42,51,178,375,477,150,66,59,-10442,9817,-6113,5066,-90,-1907,-65,-1508,237,164
2025-11-24T16:16:18.902295,37,49,181,386,443,168,65,51,-10267,9961,-6229,5000,10,-1900,-48,-1441,307,135
2025-11-24T16:16:18.924536,32,46,168,370,403,210,64,47,-10089,10100,-6330,4956,-7,-1950,-148,-1341,335,1
2025-11-24T16:16:18.939851,32,46,151,343,395,214,62,47,-9933,10221,-6395,4941,23,-2063,-236,-1061,294,-127
2025-11-24T16:16:18.962514,30,43,161,344,381,216,61,41,-9825,10305,-6424,4944,46,-2025,-265,-672,189,-148
2025-11-24T16:16:18.984420,25,35,146,308,347,219,58,36,-9743,10372,-6450,4934,55,-2004,-245,-570,103,-36
2025-11-24T16:16:18.999878,35,55,161,334,339,219,59,40,-9671,10428,-6479,4917,28,-2112,-189,-569,91,29
2025-11-24T16:16:19.022284,39,57,162,359,411,214,67,43,-9606,10478,-6512,4893,-83,-2121,-250,-526,78,30
2025-11-24T16:16:19.045237,43,63,180,409,420,219,72,45,-9552,10522,-6542,4866,-90,-2174,-282,-469,42,59
2025-11-24T16:16:19.059891,45,66,175,393,414,242,72,46,-9509,10553,-6567,4849,-55,-2122,-261,-369,53,73
2025-11-24T16:16:19.082134,45,69,184,415,421,236,68,46,-9469,10585,-6587,4832,-19,-2061,-212,-382,37,76
2025-11-24T16:16:19.104876,40,56,187,382,405,229,62,43,-9425,10615,-6609,4822,3,-2115,-239,-382,71,71
2025-11-24T16:16:19.119616,36,54,191,387,261,224,52,36,-9384,10644,-6629,4812,-48,-2133,-278,-347,65,37
2025-11-24T16:16:19.141891,35,57,187,408,400,296,47,34,-9349,10669,-6643,4805,-50,-2142,-247,-320,49,29
2025-11-24T16:16:19.164705,32,52,167,404,404,281,45,31,-9309,10697,-6660,4796,-65,-2074,-290,-339,65,17
2025-11-24T16:16:19.187373,33,50,168,399,407,364,62,37,-9269,10730,-6671,4783,-44,-2083,-342,-332,12,7
2025-11-24T16:16:19.202594,37,49,155,482,484,394,76,45,-9225,10766,-6688,4765,-52,-2097,-360,-379,17,26
2025-11-24T16:16:19.225357,37,48,145,474,497,393,81,49,-9186,10801,-6697,4747,-50,-2081,-346,-358,-17,7
2025-11-24T16:16:19.247682,34,36,134,388,367,346,86,51,-9184,10811,-6682,4751,89,-2225,-265,-111,-62,47
2025-11-24T16:16:19.262328,33,34,128,383,349,354,87,50,-9195,10800,-6675,4765,50,-2072,-250,24,5,83
2025-11-24T16:16:19.284944,33,32,104,363,362,271,85,48,-9214,10785,-6660,4782,60,-2123,-284,102,-20,75
2025-11-24T16:16:19.308051,29,39,100,221,280,220,72,41,-9239,10771,-6641,4792,102,-2155,-309,125,-79,110
2025-11-24T16:16:19.326388,27,36,90,175,275,194,65,36,-9286,10732,-6626,4810,69,-2263,-256,269,-44,180
2025-11-24T16:16:19.344727,25,35,76,180,274,174,55,30,-9360,10671,-6602,4833,35,-2226,-254,479,-76,210
2025-11-24T16:16:19.367369,25,35,74,190,276,191,55,31,-9454,10595,-6568,4864,26,-2210,-238,647,-96,215
2025-11-24T16:16:19.382337,24,36,84,186,265,182,38,26,-9564,10507,-6523,4901,-28,-2197,-190,776,-122,184
2025-11-24T16:16:19.405157,22,29,75,156,219,175,39,26,-9687,10407,-6463,4952,-9,-2154,-144,920,-125,133
2025-11-24T16:16:19.427714,22,32,76,179,183,173,36,25,-9821,10291,-6391,5024,-4,-2211,-109,1082,-86,90
2025-11-24T16:16:19.446970,24,34,89,191,228,170,36,23,-9953,10159,-6325,5114,2,-2204,-81,1182,25,83
2025-11-24T16:16:19.464407,25,45,142,169,253,133,34,23,-10091,10012,-6261,5212,-68,-2146,-43,1281,80,63
2025-11-24T16:16:19.487393,26,53,256,166,223,114,38,24,-10219,9865,-6202,5313,-115,-2037,-19,1260,131,15
2025-11-24T16:16:19.501929,26,55,280,169,220,115,36,24,-10321,9742,-6139,5416,-190,-2018,-49,1145,129,-142
2025-11-24T16:16:19.525268,37,82,317,135,227,112,37,29,-10393,9645,-6079,5517,-198,-1983,55,910,151,-247
2025-11-24T16:16:19.547304,37,93,351,115,175,111,37,30,-10426,9575,-6047,5612,-211,-1923,65,619,262,-276
2025-11-24T16:16:19.561445,38,99,336,129,110,122,45,33,-10422,9528,-6045,5701,-276,-2019,31,385,378,-316
2025-11-24T16:16:19.589223,38,100,289,164,128,150,44,32,-10381,9508,-6083,5767,-388,-2027,-12,60,460,-294
2025-11-24T16:16:19.605123,40,105,274,173,164,154,46,34,-10316,9520,-6128,5816,-455,-2000,-110,-131,411,-368
2025-11-24T16:16:19.619980,32,95,292,180,159,157,46,32,-10255,9539,-6157,5863,-424,-2037,-109,-125,332,-405
2025-11-24T16:16:19.642806,33,84,251,212,165,172,47,33,-10212,9546,-6174,5909,-404,-2099,-119,9,275,-371
2025-11-24T16:16:19.666916,32,76,253,265,201,172,46,33,-10179,9534,-6195,5963,-389,-2132,-130,118,330,-320
2025-11-24T16:16:19.682211,44,80,249,469,197,151,60,46,-10154,9520,-6207,6014,-425,-2021,-172,185,280,-348
2025-11-24T16:16:19.706909,44,97,312,487,168,149,70,56,-10126,9527,-6213,6045,-425,-2005,-211,94,150,-349
2025-11-24T16:16:19.731050,57,107,338,593,164,154,76,63,-10123,9533,-6198,6057,-299,-2022,-133,140,-30,-233
2025-11-24T16:16:19.742773,65,117,350,597,158,137,78,64,-10142,9517,-6177,6069,-243,-1993,-37,250,-47,-132
2025-11-24T16:16:19.762156,76,132,351,603,105,107,75,67,-10168,9487,-6160,6092,-195,-2083,44,298,20,-81
2025-11-24T16:16:19.784503,72,129,339,491,90,81,63,59,-10193,9448,-6160,6110,-231,-2066,51,285,82,-15
2025-11-24T16:16:19.800234,73,118,291,569,100,76,51,49,-10221,9403,-6151,6141,-162,-2002,106,341,100,-31
2025-11-24T16:16:19.823754,63,102,200,504,100,60,40,38,-10234,9375,-6151,6163,-121,-1985,81,210,98,-15
2025-11-24T16:16:19.847705,54,93,177,525,103,63,40,38,-10234,9376,-6152,6161,-76,-1993,69,18,-7,7
2025-11-24T16:16:19.862332,39,69,175,533,97,62,36,32,-10236,9381,-6153,6147,-20,-2070,95,-25,-55,80
2025-11-24T16:16:19.884838,34,72,185,706,93,60,36,31,-10260,9366,-6143,6141,5,-2093,119,150,-69,123
2025-11-24T16:16:19.907398,30,64,176,646,75,50,34,30,-10302,9332,-6135,6130,-35,-2089,167,237,-81,202
2025-11-24T16:16:19.922219,30,62,174,624,73,45,33,30,-10351,9288,-6127,6123,-37,-2130,236,275,-55,231
2025-11-24T16:16:19.953094,31,58,174,602,72,36,27,27,-10402,9230,-6124,6127,-60,-2133,259,337,23,236
2025-11-24T16:16:19.967333,39,64,192,631,77,41,31,36,-10443,9173,-6141,6126,-130,-2123,246,269,89,256
2025-11-24T16:16:19.982320,67,69,167,419,135,77,55,62,-10469,9124,-6182,6112,-195,-2193,167,162,145,308
2025-11-24T16:16:20.005402,76,75,151,419,173,256,79,74,-10504,9069,-6244,6072,-349,-2304,189,109,132,436
2025-11-24T16:16:20.027830,77,77,147,413,198,278,86,82,-10548,9010,-6322,6002,-485,-2332,118,99,65,565
2025-11-24T16:16:20.050153,80,79,142,412,219,290,90,85,-10613,8955,-6377,5912,-583,-2354,90,172,-133,572
2025-11-24T16:16:20.064471,76,76,155,314,260,299,91,82,-10711,8881,-6404,5817,-533,-2481,129,380,-274,663
2025-11-24T16:16:20.087346,55,62,150,280,261,299,80,66,-10827,8775,-6434,5728,-576,-2260,130,563,-233,749
2025-11-24T16:16:20.109878,43,54,154,264,307,179,59,54,-10937,8665,-6476,5639,-669,-2134,165,521,-166,742
2025-11-24T16:16:20.124821,41,52,159,241,307,147,49,43,-11040,8569,-6513,5543,-712,-2092,178,442,-225,708
2025-11-24T16:16:20.147309,35,47,158,254,360,130,47,40,-11140,8492,-6525,5446,-621,-1995,207,394,-342,642
2025-11-24T16:16:20.169879,34,43,132,238,355,111,45,39,-11238,8431,-6504,5364,-581,-1923,273,393,-443,482
2025-11-24T16:16:20.184796,36,42,133,255,383,100,45,41,-11333,8382,-6445,5310,-507,-1892,357,431,-504,272
2025-11-24T16:16:20.207032,42,35,120,230,431,93,45,42,-11417,8338,-6363,5298,-409,-1886,363,528,-459,64
2025-11-24T16:16:20.230117,45,33,106,231,449,90,45,42,-11504,8280,-6259,5325,-351,-1859,420,700,-405,-88
2025-11-24T16:16:20.244787,45,32,100,194,408,114,46,40,-11583,8219,-6138,5390,-279,-1784,440,804,-331,-278
2025-11-24T16:16:20.266925,46,29,66,216,439,113,44,44,-11626,8181,-6022,5484,-213,-1635,406,673,-202,-478
2025-11-24T16:16:20.289802,47,28,62,175,421,117,40,41,-11634,8175,-5916,5591,-146,-1596,437,448,-105,-624
2025-11-24T16:16:20.304843,43,32,82,173,366,124,46,39,-11613,8201,-5822,5695,-23,-1720,521,186,-48,-629
2025-11-24T16:16:20.327337,44,32,87,178,335,130,47,40,-11578,8236,-5744,5793,57,-1738,538,65,12,-584
2025-11-24T16:16:20.350031,44,34,90,206,349,112,47,39,-11523,8288,-5690,5881,65,-1716,525,-125,87,-559
2025-11-24T16:16:20.364836,44,36,103,207,304,113,47,35,-11460,8351,-5644,5958,62,-1842,537,-224,74,-538
2025-11-24T16:16:20.387298,39,35,101,218,305,119,49,37,-11416,8402,-5587,6026,84,-1940,554,-114,-8,-469
2025-11-24T16:16:20.409929,33,37,101,322,284,121,45,36,-11399,8418,-5516,6099,116,-1946,592,119,-27,-397
2025-11-24T16:16:20.424566,39,51,102,348,312,141,50,33,-11390,8423,-5454,6165,140,-1838,596,146,3,-313
2025-11-24T16:16:20.447325,70,56,104,341,317,144,48,41,-11366,8442,-5412,6221,117,-1810,607,-22,40,-296
2025-11-24T16:16:20.469851,75,60,94,342,311,161,52,38,-11329,8474,-5389,6264,109,-1897,594,-159,68,-251
2025-11-24T16:16:20.484828,76,65,112,341,287,165,53,36,-11294,8503,-5377,6298,115,-1965,587,-177,88,-175
2025-11-24T16:16:20.507296,79,84,107,248,264,170,51,35,-11261,8530,-5375,6323,75,-2006,557,-178,93,-129
2025-11-24T16:16:20.529780,74,75,110,211,233,162,47,34,-11229,8557,-5375,6343,56,-2018,533,-178,74,-117
2025-11-24T16:16:20.544805,47,72,107,206,223,189,52,27,-11196,8584,-5376,6364,45,-2044,538,-188,90,-129
2025-11-24T16:16:20.567310,40,69,102,174,212,182,52,37,-11165,8608,-5384,6380,4,-2041,534,-195,93,-104
2025-11-24T16:16:20.589814,40,68,83,163,275,176,53,41,-11131,8633,-5393,6397,-28,-2003,520,-212,98,-129
2025-11-24T16:16:20.605257,34,40,66,155,311,178,53,46,-11101,8657,-5406,6405,18,-2048,535,-228,85,-59
2025-11-24T16:16:20.627564,41,42,50,168,325,183,58,51,-11075,8679,-5424,6406,52,-1986,501,-226,91,19
2025-11-24T16:16:20.649616,46,71,114,195,328,150,54,53,-11055,8694,-5449,6400,90,-1993,481,-204,98,111
2025-11-24T16:16:20.664909,44,77,118,213,361,141,49,46,-11044,8697,-5486,6382,85,-2031,501,-191,122,236
2025-11-24T16:16:20.687401,42,74,119,222,356,148,49,42,-11046,8686,-5535,6351,81,-2023,531,-173,131,378
2025-11-24T16:16:20.709901,43,74,119,217,328,133,48,38,-11052,8678,-5590,6303,72,-1942,561,-241,99,468
2025-11-24T16:16:20.724552,38,73,119,191,323,105,42,34,-11049,8685,-5653,6243,105,-1918,538,-367,78,513
2025-11-24T16:16:20.746921,39,45,71,146,295,110,46,34,-11045,8695,-5711,6183,155,-1934,494,-350,65,528
2025-11-24T16:16:20.769477,42,54,71,139,251,112,48,38,-11052,8687,-5761,6135,177,-1937,511,-218,85,539
2025-11-24T16:16:20.784242,42,72,89,148,183,101,45,38,-11069,8666,-5801,6095,149,-1948,463,-81,84,517
2025-11-24T16:16:20.806256,40,72,96,148,163,100,42,35,-11097,8630,-5831,6068,96,-1921,437,72,83,465
2025-11-24T16:16:20.829407,40,73,122,150,146,100,41,35,-11128,8586,-5849,6056,33,-1886,412,174,88,368
2025-11-24T16:16:20.844475,31,80,118,150,177,97,30,29,-11148,8549,-5858,6063,-1,-1776,386,184,110,215
2025-11-24T16:16:20.866949,36,76,122,127,190,122,31,25,-11150,8526,-5864,6086,13,-1721,366,121,160,82
2025-11-24T16:16:20.889847,36,65,111,118,200,116,34,26,-11131,8521,-5879,6114,-86,-1876,370,-3,195,-35
2025-11-24T16:16:20.904886,37,68,114,117,228,129,43,27,-11104,8512,-5894,6159,-219,-1968,316,64,254,-180
2025-11-24T16:16:20.927404,36,68,85,133,220,135,47,26,-11071,8496,-5894,6241,-244,-1871,291,183,320,-385
2025-11-24T16:16:20.949906,40,77,136,153,218,139,49,30,-11017,8496,-5889,6341,-258,-1801,294,97,369,-565
2025-11-24T16:16:20.973102,32,69,130,152,212,186,54,31,-10943,8513,-5904,6430,-440,-2045,280,-58,383,-643
2025-11-24T16:16:20.987356,34,70,141,132,202,191,53,31,-10868,8525,-5913,6534,-532,-2059,286,-6,418,-764
2025-11-24T16:16:21.009843,41,66,137,141,223,203,51,35,-10779,8538,-5923,6654,-495,-1996,287,-31,487,-854
2025-11-24T16:16:21.025255,41,66,136,125,241,222,52,36,-10677,8565,-5948,6761,-466,-2026,294,-187,507,-809
2025-11-24T16:16:21.047307,39,44,95,100,220,218,51,34,-10572,8600,-5984,6849,-526,-2172,240,-253,471,-779
2025-11-24T16:16:21.069830,37,44,103,99,218,177,47,31,-10485,8624,-6007,6932,-532,-2221,243,-140,399,-745
2025-11-24T16:16:21.093107,37,38,98,124,227,175,48,32,-10417,8633,-6025,7007,-415,-2223,249,-47,362,-598
2025-11-24T16:16:21.107292,31,37,97,111,194,151,46,28,-10371,8624,-6043,7070,-388,-2184,278,38,333,-457
2025-11-24T16:16:21.129312,31,36,103,119,195,114,40,25,-10335,8616,-6062,7115,-405,-2168,287,22,254,-385
2025-11-24T16:16:21.153284,32,37,108,131,231,105,38,25,-10308,8616,-6073,7146,-336,-2167,293,0,157,-313
2025-11-24T16:16:21.167304,33,36,121,145,237,76,32,25,-10289,8617,-6077,7168,-267,-2148,277,28,90,-254
2025-11-24T16:16:21.189783,34,35,123,165,262,63,31,30,-10278,8619,-6072,7187,-213,-2126,256,76,37,-222
2025-11-24T16:16:21.213350,47,39,154,177,245,50,26,36,-10282,8613,-6041,7214,-114,-2043,291,201,-36,-230
2025-11-24T16:16:21.227916,54,50,192,168,222,67,35,102,-10287,8604,-6009,7243,-21,-2187,316,234,-15,-180
2025-11-24T16:16:21.249850,58,51,190,188,250,73,42,109,-10307,8580,-5998,7253,-10,-2092,401,184,5,20
2025-11-24T16:16:21.272754,59,53,180,180,241,73,43,112,-10326,8556,-6001,7251,-57,-2057,356,145,19,84
2025-11-24T16:16:21.295548,60,51,173,162,225,107,51,112,-10340,8546,-6010,7236,-53,-2069,361,39,-22,108
2025-11-24T16:16:21.310189,50,48,145,149,230,118,57,111,-10341,8554,-6033,7207,-72,-2073,405,-149,-34,121
2025-11-24T16:16:21.340511,44,38,85,173,252,162,70,65,-10333,8569,-6067,7172,-83,-2103,365,-225,-6,136
2025-11-24T16:16:21.347208,37,31,65,152,227,171,74,52,-10320,8584,-6118,7130,-150,-2156,312,-268,32,170
2025-11-24T16:16:21.369794,34,29,62,191,253,179,75,46,-10298,8614,-6178,7073,-228,-2092,249,-384,-2,160
2025-11-24T16:16:21.392933,30,28,57,191,338,164,71,42,-10285,8643,-6233,7006,-293,-2251,229,-347,-66,178
2025-11-24T16:16:21.406922,28,28,52,193,358,169,69,38,-10292,8668,-6278,6926,-377,-2331,173,-252,-179,218
2025-11-24T16:16:21.429895,24,25,49,180,351,136,52,27,-10314,8680,-6324,6836,-407,-2342,134,-174,-211,311
2025-11-24T16:16:21.451829,26,37,98,185,406,131,43,29,-10346,8690,-6376,6725,-446,-2358,148,-207,-267,424
2025-11-24T16:16:21.466906,25,51,140,139,405,121,40,27,-10391,8700,-6423,6597,-480,-2331,154,-206,-365,502
2025-11-24T16:16:21.489737,26,67,186,123,383,118,37,26,-10449,8709,-6456,6460,-507,-2348,142,-147,-464,525
2025-11-24T16:16:21.512299,37,78,249,127,377,100,36,46,-10526,8705,-6467,6327,-502,-2282,149,-1,-544,537
2025-11-24T16:16:21.527067,49,109,297,162,419,80,41,94,-10622,8686,-6455,6205,-445,-2279,180,169,-597,550
2025-11-24T16:16:21.549510,137,175,393,169,417,69,47,254,-10734,8649,-6414,6105,-350,-2178,203,389,-631,512
2025-11-24T16:16:21.572239,160,206,449,182,438,70,52,273,-10849,8603,-6353,6031,-284,-2082,228,520,-599,422
2025-11-24T16:16:21.587256,161,205,437,298,570,81,59,292,-10956,8554,-6277,5984,-246,-2054,313,562,-553,294
2025-11-24T16:16:21.609838,167,275,498,345,651,84,61,318,-11065,8496,-6171,5978,-174,-2045,376,740,-517,113
2025-11-24T16:16:21.632577,181,292,561,353,655,88,58,340,-11183,8428,-6030,5999,-62,-1964,439,910,-563,-4
2025-11-24T16:16:21.647275,150,315,653,429,638,89,58,255,-11310,8359,-5860,6026,-12,-1943,504,1001,-660,-66
2025-11-24T16:16:21.669723,202,371,787,479,658,100,65,245,-11437,8284,-5664,6075,89,-1834,556,1110,-676,-182
2025-11-24T16:16:21.692263,231,410,848,448,520,87,59,223,-11560,8204,-5459,6140,221,-1692,634,1134,-624,-219
2025-11-24T16:16:21.707264,231,368,820,428,405,85,57,185,-11656,8136,-5284,6202,396,-1491,776,862,-458,-133
2025-11-24T16:16:21.729563,220,351,780,407,364,78,56,115,-11687,8129,-5193,6229,502,-1336,787,166,-214,31
2025-11-24T16:16:21.752290,217,302,678,367,320,79,51,95,-11653,8199,-5195,6201,406,-1550,821,-604,-56,194
2025-11-24T16:16:21.767292,151,207,492,320,252,151,47,64,-11596,8290,-5240,6147,388,-1820,749,-822,31,334
2025-11-24T16:16:21.789896,99,141,379,304,291,188,61,62,-11555,8342,-5285,6116,294,-1875,733,-580,127,303
2025-11-24T16:16:21.812393,89,139,342,288,351,197,61,47,-11510,8388,-5325,6103,208,-1746,690,-523,165,169
2025-11-24T16:16:21.827457,84,136,320,301,337,213,61,44,-11452,8445,-5346,6114,107,-1787,560,-465,138,-86
2025-11-24T16:16:21.849795,50,139,338,252,342,220,63,30,-11397,8490,-5352,6150,33,-1951,518,-289,154,-230
2025-11-24T16:16:21.872922,44,136,330,277,416,206,68,32,-11358,8509,-5345,6202,-78,-1996,459,-49,165,-317
2025-11-24T16:16:21.887296,39,125,335,280,410,182,58,31,-11331,8513,-5326,6262,-13,-1841,444,72,150,-303
2025-11-24T16:16:21.910059,36,118,341,288,414,215,78,36,-11298,8527,-5313,6313,34,-1790,461,-32,143,-273
2025-11-24T16:16:21.932299,41,115,326,272,440,210,79,37,-11260,8554,-5316,6342,53,-1919,553,-207,127,-162
2025-11-24T16:16:21.947460,37,103,249,260,462,237,82,37,-11206,8604,-5337,6353,123,-1903,543,-418,132,-84
2025-11-24T16:16:21.969563,38,96,187,196,380,213,74,36,-11157,8646,-5366,6358,173,-1949,585,-426,156,14
2025-11-24T16:16:21.992667,39,74,217,156,352,212,74,38,-11127,8664,-5403,6354,158,-1986,596,-321,176,159
2025-11-24T16:16:22.015525,35,74,208,141,305,168,49,30,-11107,8671,-5449,6341,130,-2029,588,-282,187,240
2025-11-24T16:16:22.029815,30,84,208,141,270,156,46,31,-11090,8665,-5494,6339,149,-2073,580,-199,241,246
2025-11-24T16:16:22.052149,31,86,208,198,267,101,37,28,-11081,8641,-5536,6352,183,-2046,583,-72,302,255
2025-11-24T16:16:22.075517,31,86,207,196,258,91,33,27,-11085,8594,-5576,6373,162,-2004,634,43,346,283
2025-11-24T16:16:22.089820,33,74,148,183,248,108,37,26,-11089,8547,-5623,6388,81,-2005,589,46,342,283
2025-11-24T16:16:22.111898,30,76,115,167,221,109,37,26,-11086,8506,-5667,6410,-4,-1927,558,26,345,185
2025-11-24T16:16:22.135517,31,58,98,165,215,115,39,24,-11063,8482,-5697,6454,-20,-1929,469,25,351,-30
2025-11-24T16:16:22.149931,45,62,87,93,156,114,42,34,-11041,8455,-5707,6517,-33,-2003,473,138,332,-156
2025-11-24T16:16:22.172297,48,63,103,89,167,120,43,35,-11032,8412,-5699,6595,-89,-2030,456,318,313,-243
2025-11-24T16:16:22.195523,46,59,101,85,174,108,39,33,-11029,8357,-5679,6686,-93,-1900,402,456,313,-296
2025-11-24T16:16:22.209404,48,47,99,94,244,123,59,38,-11009,8322,-5668,6772,-191,-1791,363,314,301,-392
2025-11-24T16:16:22.231888,47,47,93,104,266,124,78,41,-10971,8312,-5671,6843,-346,-1893,354,125,270,-470
2025-11-24T16:16:22.255806,44,67,106,129,279,145,95,44,-10920,8323,-5664,6917,-400,-1890,296,68,210,-621
2025-11-24T16:16:22.269784,55,69,104,165,293,144,99,51,-10850,8358,-5654,6992,-283,-1815,287,-71,191,-669
2025-11-24T16:16:22.292286,60,73,124,183,306,136,99,52,-10789,8394,-5668,7032,-200,-2054,255,-139,175,-411
2025-11-24T16:16:22.315397,60,75,158,255,259,121,89,51,-10762,8405,-5689,7044,-290,-2153,228,9,99,-211
2025-11-24T16:16:22.329627,66,74,160,256,240,114,73,57,-10762,8395,-5697,7049,-308,-2110,230,176,33,-124
2025-11-24T16:16:22.352168,81,52,154,332,226,82,48,59,-10782,8366,-5705,7045,-355,-2044,335,220,6,-28
2025-11-24T16:16:22.375533,77,67,169,332,198,71,37,55,-10800,8344,-5728,7025,-383,-2086,397,99,0,50
2025-11-24T16:16:22.389764,79,74,205,435,219,81,37,57,-10812,8334,-5751,7000,-358,-2054,407,12,-24,46
2025-11-24T16:16:22.413187,80,89,222,408,233,85,35,58,-10810,8340,-5777,6975,-335,-2054,392,-82,-21,7
2025-11-24T16:16:22.435920,78,91,240,431,243,84,34,50,-10810,8348,-5795,6951,-291,-1979,440,-109,-55,2
2025-11-24T16:16:22.449791,88,90,235,372,260,81,36,57,-10805,8360,-5816,6926,-221,-1972,460,-154,-30,40
2025-11-24T16:16:22.472720,105,83,242,386,294,87,37,67,-10787,8374,-5850,6909,-215,-1989,462,-222,61,15
2025-11-24T16:16:22.495519,105,76,245,272,387,94,42,68,-10763,8385,-5882,6905,-178,-2050,522,-231,121,-22
2025-11-24T16:16:22.509777,107,64,218,298,414,136,63,73,-10740,8379,-5914,6921,-164,-2090,548,-131,214,-50
2025-11-24T16:16:22.532268,105,66,197,283,461,145,71,74,-10698,8386,-5981,6920,-152,-2043,486,-332,304,50
2025-11-24T16:16:22.555533,80,66,207,292,460,172,77,64,-10642,8425,-6066,6885,-255,-1901,392,-585,216,70
2025-11-24T16:16:22.569764,50,56,182,257,471,179,77,52,-10579,8491,-6142,6833,-274,-2096,281,-647,79,37
2025-11-24T16:16:22.591841,41,52,119,246,388,172,73,44,-10549,8529,-6203,6777,-327,-2382,276,-412,8,128
2025-11-24T16:16:22.615518,26,41,102,189,349,141,57,34,-10557,8514,-6247,6744,-394,-2396,241,-2,55,163
2025-11-24T16:16:22.629818,26,32,100,158,287,130,46,29,-10588,8462,-6284,6726,-481,-2265,271,221,101,184
2025-11-24T16:16:22.652294,25,27,70,120,264,92,32,23,-10609,8428,-6338,6685,-514,-2126,265,32,72,242
2025-11-24T16:16:22.675514,20,28,65,119,241,75,31,24,-10603,8445,-6413,6601,-494,-2070,190,-349,-34,308
2025-11-24T16:16:22.689416,20,26,59,121,285,77,31,22,-10585,8501,-6490,6481,-495,-2169,137,-595,-186,347
2025-11-24T16:16:22.712232,21,26,51,116,280,74,28,20,-10586,8558,-6536,6357,-441,-2237,110,-469,-348,350
2025-11-24T16:16:22.736048,18,26,46,134,281,80,30,21,-10627,8588,-6527,6257,-402,-2187,109,-94,-506,283
2025-11-24T16:16:22.749795,23,30,55,192,344,83,37,25,-10696,8601,-6474,6176,-385,-2108,56,219,-634,185
2025-11-24T16:16:22.772275,24,29,52,279,598,89,42,26,-10782,8603,-6383,6119,-351,-2010,66,439,-718,63
2025-11-24T16:16:22.795116,29,40,85,357,649,95,49,34,-10869,8604,-6270,6081,-355,-1981,59,540,-750,-73
2025-11-24T16:16:22.810084,34,47,121,432,739,104,57,41,-10959,8607,-6128,6059,-306,-1947,110,624,-808,-200
2025-11-24T16:16:22.832269,43,65,172,561,827,127,64,46,-11060,8605,-5951,6056,-198,-1875,295,693,-886,-297
2025-11-24T16:16:22.855531,44,69,193,731,828,131,65,47,-11150,8629,-5757,6043,-38,-1749,361,548,-990,-318
2025-11-24T16:16:22.869703,45,70,206,711,716,133,65,47,-11205,8689,-5594,6009,105,-1690,392,178,-926,-227
2025-11-24T16:16:22.892248,49,69,210,696,690,131,61,47,-11243,8741,-5467,5976,237,-1783,593,-6,-711,-79
2025-11-24T16:16:22.915538,47,66,199,675,687,154,59,44,-11271,8782,-5365,5959,304,-1855,690,-55,-521,-33
2025-11-24T16:16:22.929221,45,51,170,572,589,136,51,40,-11281,8820,-5280,5959,324,-1857,721,-114,-365,-81
2025-11-24T16:16:22.952275,49,82,167,312,566,139,51,37,-11263,8879,-5204,5972,400,-1845,749,-293,-279,-164
2025-11-24T16:16:22.975505,49,84,156,313,519,215,63,38,-11240,8932,-5130,6000,469,-2005,753,-245,-200,-192
2025-11-24T16:16:22.997698,42,81,143,334,487,239,72,43,-11230,8962,-5058,6035,456,-2037,713,-90,-151,-161
2025-11-24T16:16:23.012091,43,80,133,307,452,285,76,42,-11207,8997,-5007,6068,449,-1834,709,-209,-70,-136
2025-11-24T16:16:23.035741,52,79,124,315,455,323,79,45,-11162,9057,-4969,6092,409,-1815,603,-371,-73,-183
2025-11-24T16:16:23.058319,47,47,106,375,469,346,81,46,-11138,9094,-4910,6130,460,-2072,624,-130,-97,-200
2025-11-24T16:16:23.072744,52,53,104,400,483,323,76,47,-11139,9093,-4842,6182,525,-2096,623,138,-43,-140
2025-11-24T16:16:23.095498,52,53,92,359,489,322,70,42,-11153,9083,-4790,6213,529,-1944,599,154,-49,26
2025-11-24T16:16:23.118014,53,52,92,355,390,267,61,40,-11185,9060,-4752,6220,502,-1935,609,184,-76,204
2025-11-24T16:16:23.131923,39,50,85,350,372,221,58,37,-11212,9053,-4737,6192,511,-1864,546,30,-114,377
2025-11-24T16:16:23.155504,37,42,62,269,352,182,52,36,-11228,9062,-4748,6141,438,-1954,600,-174,-116,464
2025-11-24T16:16:23.177377,29,28,49,196,278,142,42,31,-11254,9061,-4760,6085,389,-2090,568,-90,-122,506
2025-11-24T16:16:23.192259,27,26,41,153,220,91,37,28,-11301,9034,-4761,6037,319,-2099,502,156,-130,495
2025-11-24T16:16:23.215457,23,29,42,123,220,87,41,28,-11361,8989,-4750,6000,245,-1956,435,338,-130,438
2025-11-24T16:16:23.238156,20,41,35,94,227,95,37,25,-11411,8955,-4747,5959,113,-1834,370,261,-133,374
2025-11-24T16:16:23.252249,20,45,52,94,295,166,43,24,-11443,8941,-4754,5912,-9,-1887,307,146,-143,297
2025-11-24T16:16:23.275077,22,49,56,97,299,181,50,26,-11473,8933,-4753,5866,-106,-1989,342,125,-185,210
2025-11-24T16:16:23.297720,24,49,58,147,291,199,51,24,-11510,8919,-4732,5832,-182,-1917,366,210,-242,87
2025-11-24T16:16:23.311416,23,47,57,156,295,203,52,25,-11539,8919,-4700,5802,-199,-1925,320,190,-286,-8
2025-11-24T16:16:23.335447,22,39,58,186,417,208,53,25,-11567,8917,-4668,5773,-270,-1985,338,197,-289,-46
2025-11-24T16:16:23.357979,25,35,55,209,368,156,48,26,-11603,8903,-4634,5752,-332,-1957,358,276,-266,-83
2025-11-24T16:16:23.371845,24,35,60,240,369,161,44,24,-11638,8885,-4603,5733,-360,-1938,420,254,-248,-93
2025-11-24T16:16:23.394772,24,33,60,219,392,161,45,25,-11659,8884,-4589,5703,-415,-1942,447,83,-231,-84
2025-11-24T16:16:23.417970,27,33,61,225,414,158,45,24,-11665,8891,-4587,5680,-384,-1987,449,1,-147,-89
2025-11-24T16:16:23.432327,27,29,60,203,272,146,45,25,-11667,8887,-4601,5671,-361,-2027,527,-21,-17,-78
2025-11-24T16:16:23.455586,25,28,51,181,270,145,47,25,-11654,8888,-4634,5670,-386,-2010,527,-110,105,-99
2025-11-24T16:16:23.477973,25,19,41,160,314,148,49,25,-11634,8890,-4672,5678,-382,-2046,604,-173,158,-129
2025-11-24T16:16:23.491859,25,23,44,161,295,133,47,27,-11608,8897,-4710,5687,-320,-2006,622,-229,175,-119
2025-11-24T16:16:23.515183,57,20,42,144,266,132,46,36,-11578,8910,-4754,5693,-257,-1947,598,-282,190,-76
2025-11-24T16:16:23.537956,64,21,42,142,299,134,49,40,-11545,8926,-4799,5696,-158,-1999,576,-300,200,-12
2025-11-24T16:16:23.552300,66,19,36,139,304,124,47,41,-11517,8935,-4851,5695,-127,-2043,551,-255,223,67
2025-11-24T16:16:23.575439,66,20,32,109,269,91,46,41,-11503,8926,-4906,5690,-148,-2073,540,-158,235,142
2025-11-24T16:16:23.597788,66,19,24,112,266,87,44,40,-11492,8917,-4961,5679,-180,-2037,485,-134,209,165
2025-11-24T16:16:23.610015,40,21,29,110,272,87,40,30,-11474,8924,-5012,5660,-159,-2003,440,-207,151,155
2025-11-24T16:16:23.635599,30,21,32,147,235,96,41,26,-11454,8941,-5052,5639,-165,-2036,419,-224,89,108
2025-11-24T16:16:23.657582,25,24,39,144,202,104,46,22,-11440,8957,-5074,5620,-160,-2058,409,-162,15,66
2025-11-24T16:16:23.672267,29,33,62,176,322,108,41,24,-11430,8976,-5074,5610,-137,-1998,390,-104,-56,-22
2025-11-24T16:16:23.695345,29,32,65,187,320,104,41,24,-11429,8995,-5048,5606,-158,-2083,432,-31,-151,-126
2025-11-24T16:16:23.718038,30,33,70,201,313,104,43,27,-11441,9001,-4989,5623,-128,-2123,437,168,-216,-247
2025-11-24T16:16:23.732038,31,34,72,201,365,88,38,27,-11462,8996,-4908,5662,-52,-2049,447,308,-221,-337
2025-11-24T16:16:23.755538,34,38,80,259,438,84,36,32,-11477,8991,-4826,5709,50,-1970,483,288,-177,-335
2025-11-24T16:16:23.777725,31,31,65,238,361,81,42,29,-11480,8995,-4757,5754,79,-1932,469,194,-129,-327
2025-11-24T16:16:23.791786,34,37,66,285,476,191,70,35,-11473,9001,-4708,5798,160,-2004,467,126,-36,-247
2025-11-24T16:16:23.815476,42,48,73,311,566,202,78,44,-11463,9001,-4690,5833,219,-1988,493,52,83,-84
2025-11-24T16:16:23.838173,41,48,71,305,564,211,80,43,-11459,8989,-4693,5858,160,-1991,540,35,142,17
2025-11-24T16:16:23.851560,39,46,80,272,528,211,80,42,-11453,8985,-4725,5849,-54,-2165,533,-93,114,111
2025-11-24T16:16:23.875484,39,47,95,290,531,217,81,44,-11463,8969,-4780,5808,-226,-2276,573,-99,83,278
2025-11-24T16:16:23.897462,36,46,106,249,444,240,75,44,-11496,8925,-4846,5757,-306,-2276,598,25,105,414
2025-11-24T16:16:23.920414,27,38,101,254,329,245,71,38,-11530,8871,-4920,5709,-437,-2189,553,79,148,391
2025-11-24T16:16:23.935463,26,38,103,254,269,239,67,38,-11551,8826,-4997,5670,-581,-2104,490,30,181,259
2025-11-24T16:16:23.957961,26,37,93,245,252,239,64,36,-11558,8794,-5067,5642,-592,-2097,478,-22,183,152
2025-11-24T16:16:23.980411,27,36,80,227,255,234,61,35,-11566,8759,-5130,5624,-565,-2085,471,23,192,118
2025-11-24T16:16:23.995541,25,30,62,228,278,120,41,30,-11568,8726,-5187,5618,-534,-2063,470,33,220,62
2025-11-24T16:16:24.018014,21,24,55,192,294,91,33,27,-11566,8693,-5234,5632,-504,-2006,462,67,251,-33
2025-11-24T16:16:24.040877,33,23,52,189,319,89,34,31,-11543,8677,-5271,5669,-469,-1990,410,22,292,-206
2025-11-24T16:16:24.054696,45,24,39,177,313,87,34,37,-11508,8668,-5291,5735,-386,-2032,397,58,321,-365
2025-11-24T16:16:24.078022,47,26,44,176,301,78,33,38,-11468,8656,-5297,5825,-242,-2013,434,103,371,-437
2025-11-24T16:16:24.100278,58,34,60,193,276,76,34,41,-11421,8643,-5302,5933,-66,-2002,396,146,457,-441
2025-11-24T16:16:24.114724,61,35,68,174,245,73,31,39,-11367,8628,-5302,6056,15,-1985,342,196,503,-491
2025-11-24T16:16:24.137976,60,49,76,176,215,86,34,38,-11322,8603,-5284,6191,50,-1967,451,268,479,-542
2025-11-24T16:16:24.160227,51,53,85,222,218,88,34,32,-11272,8593,-5261,6314,153,-1834,471,157,412,-514
2025-11-24T16:16:24.174694,50,66,105,233,201,88,32,30,-11212,8614,-5238,6411,244,-1708,458,-49,300,-453
2025-11-24T16:16:24.198082,41,65,114,224,223,80,30,24,-11147,8656,-5208,6491,359,-1687,488,-183,195,-408
2025-11-24T16:16:24.220497,49,67,122,242,245,88,33,25,-11100,8690,-5173,6554,413,-1806,506,-112,118,-283
2025-11-24T16:16:24.234752,50,100,153,232,246,88,35,23,-11083,8695,-5128,6610,450,-1714,581,45,71,-160
2025-11-24T16:16:24.257960,58,109,160,266,289,101,38,24,-11077,8692,-5087,6656,452,-1636,649,42,54,-72
2025-11-24T16:16:24.280508,58,104,150,278,294,196,59,27,-11060,8711,-5067,6674,425,-1769,618,-139,15,7
2025-11-24T16:16:24.295403,249,106,140,267,277,205,62,113,-11045,8736,-5055,6677,351,-1906,639,-196,-28,41
2025-11-24T16:16:24.317805,261,109,133,251,264,211,64,123,-11033,8756,-5048,6675,302,-1940,651,-193,-26,70
2025-11-24T16:16:24.340581,268,89,107,254,266,205,63,126,-11034,8758,-5041,6677,289,-2060,689,-81,5,94
2025-11-24T16:16:24.354634,272,98,193,222,231,206,67,130,-11036,8750,-5035,6688,238,-2132,641,9,46,67
2025-11-24T16:16:24.378036,286,114,212,193,224,126,57,139,-11051,8724,-5020,6709,128,-2097,605,170,53,-4
2025-11-24T16:16:24.400488,157,116,228,189,234,125,54,89,-11071,8691,-5002,6732,48,-2103,547,264,41,-39
2025-11-24T16:16:24.414418,155,159,419,214,309,209,80,89,-11096,8650,-4974,6763,17,-2065,541,349,31,-94
2025-11-24T16:16:24.437968,144,171,465,221,319,227,89,86,-11116,8611,-4954,6796,7,-2099,505,348,69,-97
2025-11-24T16:16:24.460560,145,165,452,175,322,229,87,80,-11141,8565,-4914,6841,-24,-1873,516,427,32,-198
2025-11-24T16:16:24.474722,122,166,509,191,362,267,88,67,-11160,8530,-4875,6882,-16,-1881,536,356,12,-205
2025-11-24T16:16:24.498023,118,186,527,215,387,281,92,65,-11169,8511,-4853,6907,16,-1875,587,175,10,-136
2025-11-24T16:16:24.520391,108,156,564,227,371,224,70,68,-11156,8518,-4850,6921,103,-1798,587,-66,35,-86
2025-11-24T16:16:24.534482,133,144,587,224,408,212,59,93,-11138,8527,-4861,6932,186,-1903,654,-144,97,-10
2025-11-24T16:16:24.557945,136,143,591,316,412,225,67,100,-11126,8526,-4888,6932,292,-1970,722,-172,158,168
2025-11-24T16:16:24.580393,182,150,567,311,397,193,65,104,-11127,8499,-4937,6929,386,-1962,830,-150,283,374
2025-11-24T16:16:24.594731,182,121,552,290,378,162,57,102,-11117,8479,-5029,6903,368,-1858,854,-382,388,551
2025-11-24T16:16:24.617982,188,128,382,298,386,155,56,91,-11096,8467,-5151,6862,317,-1956,830,-531,451,639
2025-11-24T16:16:24.640472,170,118,290,301,341,147,54,72,-11066,8457,-5291,6816,297,-2115,759,-558,514,694
2025-11-24T16:16:24.654776,170,109,256,201,357,105,42,73,-11052,8418,-5429,6779,226,-2170,714,-362,575,722
2025-11-24T16:16:24.677519,118,78,176,193,342,67,37,64,-11047,8356,-5561,6756,97,-2123,611,-162,610,667
2025-11-24T16:16:24.700369,117,80,151,190,321,68,38,64,-11049,8283,-5676,6748,16,-2040,581,-27,592,567
2025-11-24T16:16:24.714577,91,74,146,117,283,92,36,60,-11048,8213,-5775,6750,-43,-1992,519,29,553,452
2025-11-24T16:16:24.737980,88,85,181,100,306,89,36,53,-11045,8150,-5853,6766,-87,-1932,452,108,497,304
2025-11-24T16:16:24.760451,70,93,181,170,296,112,36,36,-11040,8087,-5908,6801,-98,-1850,405,210,466,160
2025-11-24T16:16:24.774399,76,96,182,259,370,135,44,41,-11031,8025,-5950,6852,-133,-1882,314,310,454,36
2025-11-24T16:16:24.797902,72,95,186,270,389,139,49,41,-11030,7951,-5970,6922,-202,-1800,272,490,421,-86
2025-11-24T16:16:24.820415,67,86,180,346,381,136,56,43,-11026,7882,-5970,7007,-182,-1641,290,509,390,-215
2025-11-24T16:16:24.842986,66,92,179,363,366,136,58,42,-11009,7834,-5970,7086,-112,-1527,351,345,360,-237
2025-11-24T16:16:24.858022,63,103,302,405,353,122,56,39,-10978,7818,-5993,7132,-61,-1650,334,92,316,-117
2025-11-24T16:16:24.880079,48,103,315,379,268,97,51,35,-10957,7795,-6031,7158,-141,-1766,398,49,302,-2
2025-11-24T16:16:24.902985,45,101,324,380,241,88,43,34,-10933,7782,-6083,7166,-295,-1742,281,-17,265,-4
2025-11-24T16:16:24.917948,42,94,338,321,225,76,34,31,-10903,7767,-6129,7188,-437,-1755,320,3,277,-154
2025-11-24T16:16:24.940460,41,85,324,314,219,76,32,30,-10859,7758,-6181,7220,-544,-1846,425,-100,334,-273
2025-11-24T16:16:24.962954,34,61,210,221,213,97,35,29,-10777,7770,-6250,7271,-624,-1904,368,-251,461,-478
2025-11-24T16:16:24.976850,28,52,188,200,222,105,43,31,-10655,7800,-6316,7360,-692,-2004,305,-300,581,-806
2025-11-24T16:16:25.000484,39,105,238,188,219,143,50,36,-10502,7845,-6368,7486,-704,-2007,319,-339,654,-1112
2025-11-24T16:16:25.022926,41,106,216,190,261,156,56,35,-10340,7903,-6402,7621,-626,-2119,298,-331,617,-1217
2025-11-24T16:16:25.037222,39,100,199,162,287,184,55,37,-10177,7971,-6426,7748,-514,-2105,245,-346,544,-1200
2025-11-24T16:16:25.060385,41,103,217,177,347,189,54,38,-10018,8045,-6436,7870,-301,-2039,304,-377,484,-1135
2025-11-24T16:16:25.082680,44,105,223,169,362,218,49,34,-9867,8114,-6447,7980,-233,-2033,284,-375,458,-1041
2025-11-24T16:16:25.097234,34,54,150,168,379,227,47,32,-9733,8175,-6465,8067,-165,-2173,201,-311,410,-855
2025-11-24T16:16:25.120774,44,52,148,160,372,226,44,38,-9627,8217,-6479,8139,-78,-2112,233,-230,352,-669
2025-11-24T16:16:25.142990,58,56,154,167,362,208,45,39,-9552,8254,-6494,8179,34,-2084,259,-224,221,-411
2025-11-24T16:16:25.157239,62,63,165,146,303,196,47,40,-9502,8285,-6519,8186,74,-2128,317,-266,126,-171
2025-11-24T16:16:25.180474,63,59,160,120,285,177,45,41,-9464,8314,-6549,8176,59,-2221,331,-285,68,-73
2025-11-24T16:16:25.203229,66,58,159,145,280,136,41,42,-9436,8335,-6585,8158,44,-2299,361,-284,61,0
2025-11-24T16:16:25.216832,97,57,161,138,287,121,38,66,-9420,8352,-6605,8142,60,-2202,341,-188,7,4
2025-11-24T16:16:25.240936,97,58,192,136,285,116,38,68,-9418,8367,-6605,8131,100,-2164,348,-84,-70,-1
2025-11-24T16:16:25.270082,94,46,161,144,269,118,35,68,-9424,8375,-6585,8132,123,-2188,361,35,-93,-50
2025-11-24T16:16:25.277020,112,52,174,167,260,93,36,71,-9433,8379,-6549,8146,154,-2167,365,135,-105,-106
2025-11-24T16:16:25.300199,125,49,167,227,255,91,41,79,-9453,8375,-6504,8163,162,-2105,382,214,-129,-89
2025-11-24T16:16:25.323316,108,52,181,231,207,84,40,64,-9481,8364,-6455,8180,201,-2041,423,246,-136,-46
2025-11-24T16:16:25.336309,105,44,164,248,215,91,42,59,-9509,8355,-6414,8190,218,-2028,460,189,-134,3
2025-11-24T16:16:25.360462,112,45,170,255,251,82,44,64,-9527,8350,-6390,8192,209,-2060,477,83,-91,37
2025-11-24T16:16:25.382554,97,41,160,243,281,75,44,60,-9535,8352,-6381,8187,167,-2047,443,-12,-66,36
2025-11-24T16:16:25.397157,79,42,162,169,252,92,49,49,-9535,8357,-6386,8179,142,-2071,425,-78,-20,41
2025-11-24T16:16:25.420370,65,37,146,161,260,130,62,42,-9533,8362,-6399,8167,97,-2102,347,-72,-4,49
2025-11-24T16:16:25.442924,60,37,124,150,320,140,65,42,-9526,8368,-6427,8146,81,-2096,289,-125,31,100
2025-11-24T16:16:25.456705,45,35,104,150,343,152,63,36,-9508,8387,-6478,8107,29,-2047,179,-253,39,140
2025-11-24T16:16:25.479543,35,30,90,155,357,160,61,33,-9495,8418,-6538,8042,-58,-2020,129,-348,-56,206
2025-11-24T16:16:25.501558,27,28,84,153,359,162,58,31,-9486,8467,-6609,7943,-79,-2154,24,-448,-177,304
2025-11-24T16:16:25.515857,28,28,76,154,353,141,47,32,-9502,8519,-6680,7807,-136,-2244,-44,-441,-352,468
2025-11-24T16:16:25.539940,26,25,56,134,276,127,42,32,-9564,8553,-6731,7648,-224,-2293,-66,-244,-540,624
2025-11-24T16:16:25.562731,40,24,68,109,201,109,41,31,-9664,8578,-6764,7464,-292,-2207,-93,-112,-741,753
2025-11-24T16:16:25.577224,44,25,75,104,131,96,42,32,-9790,8594,-6778,7266,-284,-2187,-5,-47,-882,858
2025-11-24T16:16:25.600469,43,25,78,113,151,74,34,31,-9931,8602,-6775,7065,-330,-2171,71,21,-963,872
2025-11-24T16:16:25.622977,41,27,89,122,179,55,30,27,-10077,8609,-6747,6873,-337,-2156,74,118,-1034,801
2025-11-24T16:16:25.637163,41,28,98,156,252,57,31,28,-10228,8611,-6682,6710,-310,-2112,143,270,-1070,642
2025-11-24T16:16:25.660431,29,51,97,195,344,71,36,26,-10389,8600,-6578,6578,-253,-2037,213,471,-1099,510
2025-11-24T16:16:25.682963,23,51,91,203,360,71,35,25,-10553,8577,-6451,6473,-205,-1983,270,624,-1076,411
2025-11-24T16:16:25.696695,51,53,101,267,359,71,35,31,-10707,8551,-6306,6397,-156,-1946,356,673,-1025,266
2025-11-24T16:16:25.720466,54,54,126,299,390,78,37,31,-10839,8532,-6152,6349,-91,-1886,423,642,-931,98
2025-11-24T16:16:25.742589,56,57,162,309,432,79,45,33,-10943,8522,-6003,6327,26,-1841,526,526,-792,-4
2025-11-24T16:16:25.757274,56,55,163,300,395,69,41,32,-11017,8523,-5868,6324,144,-1746,593,375,-622,-72
2025-11-24T16:16:25.780414,57,84,184,310,399,83,46,34,-11054,8552,-5751,6326,199,-1691,621,111,-527,-152
2025-11-24T16:16:25.803219,35,93,239,273,396,101,50,30,-11056,8607,-5655,6335,254,-1796,678,-133,-409,-226
2025-11-24T16:16:25.825676,32,95,272,242,348,104,50,31,-11038,8667,-5568,6363,304,-1773,692,-204,-284,-308
2025-11-24T16:16:25.839802,29,109,310,236,275,200,63,31,-11003,8723,-5498,6409,364,-1826,674,-230,-129,-334
2025-11-24T16:16:25.862937,29,107,323,221,344,203,64,31,-10963,8763,-5455,6458,362,-1918,710,-249,22,-254
2025-11-24T16:16:25.885388,27,97,318,197,349,213,64,30,-10914,8801,-5434,6507,304,-1844,663,-303,118,-246
2025-11-24T16:16:25.899698,30,105,287,191,376,230,70,35,-10864,8839,-5421,6550,294,-1946,649,-323,120,-217
2025-11-24T16:16:25.922927,31,107,255,338,435,236,75,37,-10811,8879,-5417,6586,313,-2077,636,-354,139,-166
2025-11-24T16:16:25.952937,29,98,196,368,449,164,57,35,-10764,8916,-5428,6605,282,-2137,603,-372,131,-67
2025-11-24T16:16:25.959755,26,93,168,386,378,161,55,35,-10745,8925,-5422,6628,315,-2162,618,-146,92,1
2025-11-24T16:16:25.982949,26,83,155,395,352,140,52,34,-10744,8912,-5422,6648,329,-2085,603,-27,126,117
2025-11-24T16:16:26.006958,21,58,140,386,328,98,39,26,-10746,8879,-5446,6668,323,-2016,643,-30,250,239
2025-11-24T16:16:26.019459,21,49,123,265,263,82,28,23,-10730,8851,-5511,6677,276,-1990,628,-206,388,331
2025-11-24T16:16:26.042957,22,35,92,211,209,73,29,22,-10696,8829,-5609,6680,205,-2063,609,-360,507,368
2025-11-24T16:16:26.065422,23,32,92,194,214,72,33,22,-10653,8802,-5722,6687,146,-2118,570,-377,595,363
2025-11-24T16:16:26.079723,26,30,97,191,236,72,34,26,-10608,8761,-5838,6713,77,-2116,529,-284,696,303
2025-11-24T16:16:26.102947,27,30,85,187,220,76,35,28,-10556,8708,-5954,6764,47,-2050,469,-188,807,207
2025-11-24T16:16:26.125418,27,35,73,204,211,96,36,29,-10490,8652,-6066,6837,22,-1973,394,-141,894,79
2025-11-24T16:16:26.139452,28,33,64,183,196,104,37,32,-10406,8602,-6184,6922,-54,-1998,327,-164,966,-37
2025-11-24T16:16:26.162934,27,34,61,157,213,106,35,32,-10308,8561,-6302,7013,-136,-1938,253,-198,985,-156
2025-11-24T16:16:26.185460,24,32,46,130,191,110,38,29,-10198,8527,-6412,7114,-139,-1876,184,-191,991,-269
2025-11-24T16:16:26.199680,24,31,39,127,198,118,39,27,-10077,8502,-6520,7219,-93,-1818,123,-221,1001,-309
2025-11-24T16:16:26.222916,23,21,27,73,212,103,40,28,-9946,8481,-6642,7312,-51,-1712,66,-315,1031,-241
2025-11-24T16:16:26.245452,20,22,27,64,214,94,39,24,-9795,8482,-6803,7367,-59,-1657,30,-625,1042,-109
2025-11-24T16:16:26.259289,25,22,27,58,170,95,38,23,-9616,8516,-7000,7378,-160,-1851,-78,-964,1010,-47
2025-11-24T16:16:26.282967,26,23,27,55,166,95,34,25,-9441,8563,-7194,7365,-279,-2197,-158,-1016,884,-59
2025-11-24T16:16:26.305473,25,23,27,69,226,104,36,25,-9308,8587,-7339,7362,-364,-2433,-204,-661,709,-107
2025-11-24T16:16:26.319683,25,31,39,114,254,168,53,29,-9237,8576,-7423,7380,-436,-2449,-214,-170,509,-153
2025-11-24T16:16:26.342919,27,31,47,154,260,170,56,30,-9206,8548,-7451,7423,-403,-2248,-184,190,350,-240
2025-11-24T16:16:26.362619,24,33,64,163,277,175,56,29,-9134,8552,-7442,7517,-268,-2040,-186,112,144,-384
2025-11-24T16:16:26.386054,23,35,84,186,296,172,54,28,-9121,8556,-7430,7539,-275,-2198,-156,175,44,-270
2025-11-24T16:16:26.406692,54,47,125,315,253,160,55,37,-9138,8544,-7411,7551,-294,-2194,-103,277,-51,-153
2025-11-24T16:16:26.425494,69,42,126,305,228,81,35,37,-9169,8534,-7388,7548,-285,-2124,-64,269,-143,-79
2025-11-24T16:16:26.447533,70,47,129,313,268,81,33,38,-9210,8524,-7350,7545,-229,-2191,57,278,-206,-65
2025-11-24T16:16:26.466152,70,46,123,319,307,70,35,40,-9254,8511,-7302,7552,-181,-2128,173,291,-216,-88
2025-11-24T16:16:26.484716,71,45,115,323,298,78,36,38,-9281,8507,-7256,7568,-104,-2020,230,199,-155,-137
2025-11-24T16:16:26.507223,53,34,81,219,301,86,36,34,-9280,8521,-7222,7586,-46,-2034,202,47,-92,-198
2025-11-24T16:16:26.526448,31,36,90,282,292,84,38,30,-9273,8534,-7201,7600,-8,-2150,205,4,-38,-144
2025-11-24T16:16:26.544682,45,33,84,265,322,97,47,38,-9288,8528,-7174,7615,23,-2109,201,144,-64,-46
2025-11-24T16:16:26.566638,48,36,88,297,406,98,54,40,-9316,8511,-7152,7619,88,-1951,211,169,-79,101
2025-11-24T16:16:26.586358,48,36,82,304,456,97,58,45,-9322,8510,-7174,7592,168,-1926,182,-118,-10,276
2025-11-24T16:16:26.605447,49,35,71,301,468,98,63,47,-9317,8528,-7238,7518,18,-2068,123,-415,-43,402
2025-11-24T16:16:26.627617,49,34,51,253,470,100,68,49,-9333,8548,-7305,7410,-143,-2369,76,-422,-196,497
2025-11-24T16:16:26.646402,35,31,49,247,428,91,63,41,-9404,8548,-7327,7297,-199,-2505,95,-102,-442,563
2025-11-24T16:16:26.664460,29,30,46,198,311,91,56,40,-9521,8525,-7305,7193,-231,-2438,10,285,-615,575
2025-11-24T16:16:26.687222,27,29,47,159,223,87,53,36,-9664,8488,-7262,7089,-289,-2252,-8,474,-721,592
2025-11-24T16:16:26.706446,27,29,49,134,193,79,44,31,-9821,8454,-7214,6961,-371,-2166,16,451,-851,651
2025-11-24T16:16:26.724691,27,34,51,102,168,89,38,28,-9985,8430,-7165,6806,-390,-2096,2,393,-976,738
2025-11-24T16:16:26.754657,26,36,56,136,194,99,44,30,-10153,8417,-7108,6631,-353,-2056,55,307,-1098,804
2025-11-24T16:16:26.766231,35,33,53,136,177,98,46,28,-10330,8406,-7040,6443,-342,-2041,103,306,-1194,851
2025-11-24T16:16:26.784703,52,33,54,132,164,96,46,31,-10523,8379,-6948,6261,-353,-2068,150,468,-1260,853
2025-11-24T16:16:26.806798,61,33,54,129,149,94,46,37,-10734,8324,-6830,6105,-278,-1978,272,683,-1250,839
2025-11-24T16:16:26.826213,67,43,62,129,143,78,42,39,-10932,8258,-6717,5968,-225,-1899,294,727,-1119,814
2025-11-24T16:16:26.844676,93,60,60,90,81,49,32,49,-11110,8196,-6621,5829,-241,-1776,332,603,-1020,812
2025-11-24T16:16:26.866657,117,77,72,113,157,42,34,59,-11263,8149,-6537,5696,-217,-1760,355,464,-924,763
2025-11-24T16:16:26.886468,145,80,74,128,191,42,30,61,-11412,8109,-6442,5564,-198,-1764,444,418,-962,718
2025-11-24T16:16:26.904680,144,93,140,226,216,48,32,63,-11536,8109,-6346,5416,-257,-1779,385,201,-1042,630
2025-11-24T16:16:26.926871,144,93,200,273,249,48,34,61,-11655,8130,-6232,5259,-290,-1808,410,117,-1164,543
2025-11-24T16:16:26.946263,131,90,240,286,257,51,34,58,-11773,8147,-6102,5122,-298,-1863,521,164,-1149,434
2025-11-24T16:16:26.964501,109,103,323,280,248,75,37,54,-11897,8140,-5953,5022,-268,-1867,588,369,-1092,307
2025-11-24T16:16:26.987183,60,112,347,289,251,99,41,49,-12005,8129,-5796,4966,-289,-1752,689,390,-955,61
2025-11-24T16:16:27.006563,54,103,331,238,236,99,43,47,-12073,8148,-5637,4951,-288,-1608,733,205,-816,-272
2025-11-24T16:16:27.024850,50,100,306,233,293,214,68,50,-12106,8186,-5487,4976,-251,-1861,770,122,-634,-472
2025-11-24T16:16:27.047252,45,104,301,273,339,226,78,45,-12118,8223,-5372,5012,-274,-1873,790,24,-424,-480
2025-11-24T16:16:27.066156,38,78,216,286,344,221,75,38,-12101,8277,-5292,5049,-340,-1869,696,-139,-280,-513
2025-11-24T16:16:27.084689,33,64,190,330,397,259,92,38,-12074,8330,-5242,5078,-381,-2072,679,-199,-169,-424
2025-11-24T16:16:27.107184,34,67,194,397,426,260,95,36,-12034,8389,-5232,5087,-482,-1963,566,-327,-69,-330
2025-11-24T16:16:27.126378,31,64,187,433,395,181,79,34,-11986,8460,-5242,5072,-618,-2084,472,-418,-92,-273
2025-11-24T16:16:27.144650,30,45,142,418,384,168,70,34,-11944,8514,-5265,5055,-762,-2216,392,-312,-52,-255
2025-11-24T16:16:27.167207,34,53,134,425,404,169,72,37,-11926,8532,-5277,5057,-775,-2211,449,-80,-16,-266
2025-11-24T16:16:27.186366,52,81,120,398,396,84,48,37,-11918,8532,-5275,5077,-691,-2179,513,50,8,-292
2025-11-24T16:16:27.205722,52,79,108,333,373,80,43,36,-11914,8523,-5257,5122,-616,-2137,546,146,41,-386
2025-11-24T16:16:27.227561,51,79,106,262,363,77,44,36,-11904,8519,-5210,5198,-495,-2040,503,229,23,-568
2025-11-24T16:16:27.246377,83,91,185,246,341,74,46,41,-11882,8531,-5140,5297,-336,-2016,485,220,3,-714
2025-11-24T16:16:27.264702,85,89,231,244,374,74,43,40,-11865,8537,-5048,5414,-181,-1978,501,324,-11,-767
2025-11-24T16:16:27.287161,79,68,244,217,339,103,50,42,-11845,8541,-4946,5543,40,-1833,528,335,17,-756
2025-11-24T16:16:27.306385,82,87,253,208,343,112,55,43,-11800,8577,-4858,5660,177,-1724,524,74,39,-723
2025-11-24T16:16:27.324864,83,98,272,208,340,128,55,43,-11722,8642,-4790,5779,287,-1559,515,-204,134,-747
2025-11-24T16:16:27.347193,55,112,296,198,343,161,58,37,-11606,8741,-4752,5895,399,-1643,585,-547,249,-733
2025-11-24T16:16:27.366384,49,119,282,220,303,240,60,35,-11481,8850,-4731,5995,457,-1867,547,-633,268,-636
2025-11-24T16:16:27.388884,45,129,283,253,312,266,56,31,-11390,8917,-4715,6080,494,-1959,619,-435,269,-420
2025-11-24T16:16:27.414686,36,120,279,259,307,278,50,29,-11331,8950,-4695,6155,467,-1848,605,-227,233,-292
2025-11-24T16:16:27.426755,34,114,266,276,353,292,57,28,-11293,8970,-4678,6210,457,-1881,654,-176,175,-153
2025-11-24T16:16:27.448908,30,88,196,390,379,275,53,26,-11256,8997,-4671,6243,552,-1920,703,-278,137,-7
2025-11-24T16:16:27.467181,32,84,214,399,371,208,49,30,-11219,9039,-4699,6227,430,-1956,653,-465,69,204
2025-11-24T16:16:27.486173,37,68,227,406,346,155,43,30,-11208,9063,-4725,6193,425,-2121,651,-332,7,351
2025-11-24T16:16:27.508843,38,65,228,425,352,127,43,29,-11219,9063,-4748,6156,406,-2115,675,-178,-3,430
2025-11-24T16:16:27.527207,41,80,218,410,295,66,32,28,-11243,9035,-4767,6138,338,-2079,737,-28,74,391
2025-11-24T16:16:27.547458,38,81,216,322,241,58,26,27,-11265,8994,-4790,6140,274,-2089,745,40,171,312
2025-11-24T16:16:27.567346,36,70,162,284,187,56,29,26,-11283,8944,-4818,6158,223,-2061,744,82,266,252
2025-11-24T16:16:27.587157,27,64,111,284,216,90,32,24,-11294,8885,-4852,6197,174,-1936,735,113,375,162
2025-11-24T16:16:27.603203,25,60,103,276,236,123,33,24,-11279,8842,-4893,6252,90,-1887,691,1,456,-1
2025-11-24T16:16:27.627505,32,34,106,271,237,129,32,30,-11242,8809,-4935,6332,42,-1911,601,-11,539,-185
2025-11-24T16:16:27.647164,37,31,96,260,254,145,39,32,-11188,8771,-4978,6446,56,-1952,541,54,682,-338
2025-11-24T16:16:27.669665,39,32,92,253,272,145,43,36,-11118,8734,-5028,6578,28,-1842,454,49,792,-444
2025-11-24T16:16:27.688847,42,32,93,212,260,134,43,39,-11030,8708,-5089,6711,1,-1790,427,-61,829,-492
2025-11-24T16:16:27.707134,42,32,81,181,226,131,43,42,-10915,8714,-5175,6827,-55,-1879,300,-279,845,-507
2025-11-24T16:16:27.729617,35,33,83,187,265,156,48,44,-10797,8723,-5264,6932,-104,-1993,261,-302,814,-504
2025-11-24T16:16:27.748573,31,46,172,164,265,172,48,42,-10685,8733,-5347,7030,-130,-1957,189,-257,760,-503
2025-11-24T16:16:27.771397,30,63,195,176,259,177,47,41,-10588,8742,-5418,7110,-127,-2007,134,-187,632,-439
2025-11-24T16:16:27.789647,36,64,206,180,232,177,48,41,-10518,8741,-5462,7182,-142,-2086,125,-7,484,-421
2025-11-24T16:16:27.810751,38,74,233,172,227,157,45,38,-10472,8729,-5480,7249,-84,-2125,130,159,364,-375
2025-11-24T16:16:27.827562,42,74,245,189,177,134,46,33,-10448,8705,-5481,7312,-69,-2060,206,260,286,-328
2025-11-24T16:16:27.849641,45,75,252,197,156,95,40,33,-10429,8687,-5485,7358,-41,-2031,277,173,217,-246
2025-11-24T16:16:27.868892,45,74,276,230,259,91,41,34,-10407,8687,-5492,7383,2,-2004,291,39,127,-180
2025-11-24T16:16:27.887119,38,75,270,245,283,125,56,34,-10392,8699,-5482,7396,118,-1962,354,0,9,-132
2025-11-24T16:16:27.913963,38,64,253,256,407,138,66,37,-10388,8706,-5464,7407,233,-1950,449,20,-31,-51
2025-11-24T16:16:27.928926,34,64,248,245,438,136,68,37,-10403,8696,-5443,7414,336,-1882,513,92,-32,85
2025-11-24T16:16:27.946949,30,56,201,241,449,154,78,41,-10422,8684,-5439,7404,451,-1818,627,-29,-18,281
2025-11-24T16:16:27.969562,30,37,137,207,395,157,79,38,-10446,8677,-5467,7358,510,-1729,703,-229,-21,544
2025-11-24T16:16:27.988717,30,40,135,184,378,125,71,35,-10465,8690,-5533,7266,574,-1708,665,-491,-55,822
2025-11-24T16:16:28.006895,30,71,188,165,237,113,65,34,-10487,8714,-5631,7129,602,-1883,594,-637,-103,1089
2025-11-24T16:16:28.029605,34,85,205,168,169,105,58,33,-10520,8729,-5740,6973,505,-2148,455,-549,-119,1199
2025-11-24T16:16:28.048886,108,106,204,158,125,72,45,30,-10587,8702,-5829,6830,311,-2172,380,-186,-136,1182
2025-11-24T16:16:28.067098,134,122,213,143,91,54,43,33,-10682,8635,-5898,6706,163,-2042,359,128,-131,1143
2025-11-24T16:16:28.088936,159,145,230,183,85,49,39,39,-10779,8564,-5975,6573,22,-2041,355,123,-128,1155
2025-11-24T16:16:28.108069,168,138,208,200,123,50,41,39,-10861,8505,-6066,6429,-240,-2090,258,30,-136,1070
2025-11-24T16:16:28.126383,168,132,190,215,218,57,44,42,-10929,8459,-6147,6296,-429,-2075,216,10,-157,861
2025-11-24T16:16:28.149413,138,123,213,221,263,80,50,45,-10984,8423,-6213,6185,-551,-2031,204,17,-156,634
2025-11-24T16:16:28.168933,113,109,249,231,338,110,50,41,-11025,8394,-6276,6087,-719,-2067,214,-20,-125,463
2025-11-24T16:16:28.190940,76,89,258,229,432,114,51,37,-11055,8369,-6328,6012,-877,-1910,222,-22,-101,235
2025-11-24T16:16:28.209617,55,83,247,232,460,116,50,36,-11068,8358,-6353,5976,-943,-1887,187,36,-94,-92
2025-11-24T16:16:28.236501,53,84,280,251,443,125,47,34,-11069,8361,-6355,5969,-870,-2015,244,36,-83,-272
2025-11-24T16:16:28.246951,41,77,259,296,445,147,52,29,-11072,8351,-6355,5977,-878,-2085,267,127,-31,-296
2025-11-24T16:16:28.277350,37,91,228,312,413,136,50,33,-11076,8327,-6347,6011,-818,-1975,332,212,53,-367
2025-11-24T16:16:28.292172,38,98,234,311,325,138,57,39,-11052,8330,-6345,6054,-707,-1818,346,15,117,-453
2025-11-24T16:16:28.307155,34,109,258,302,274,148,64,38,-10998,8367,-6351,6094,-606,-1875,334,-216,143,-508
2025-11-24T16:16:28.329427,33,118,251,310,298,143,64,37,-10937,8417,-6355,6131,-507,-2092,339,-275,127,-479
2025-11-24T16:16:28.348687,31,116,259,286,271,117,60,38,-10894,8446,-6367,6155,-401,-2226,335,-181,133,-268
2025-11-24T16:16:28.367138,31,105,253,277,324,123,62,36,-10872,8448,-6404,6154,-381,-2183,258,-95,164,14
2025-11-24T16:16:28.389615,28,89,225,255,331,122,54,31,-10864,8439,-6464,6116,-539,-2026,240,-154,115,180
2025-11-24T16:16:28.411578,30,76,183,241,328,107,43,36,-10848,8461,-6533,6040,-602,-2077,199,-378,-5,243
2025-11-24T16:16:28.427590,28,55,122,185,292,103,42,36,-10829,8503,-6595,5949,-594,-2197,165,-464,-107,251
2025-11-24T16:16:28.449242,29,60,188,145,286,91,36,36,-10825,8529,-6639,5867,-618,-2300,164,-303,-151,237
2025-11-24T16:16:28.469214,31,57,188,105,205,76,29,37,-10848,8528,-6656,5809,-614,-2238,190,-44,-183,191
2025-11-24T16:16:28.486820,30,93,213,98,233,97,30,31,-10878,8519,-6653,5767,-582,-2086,202,73,-207,112
2025-11-24T16:16:28.513753,31,94,223,98,236,117,36,32,-10893,8536,-6643,5725,-557,-1972,186,-56,-245,7
2025-11-24T16:16:28.529691,34,107,295,93,226,124,38,33,-10893,8588,-6617,5677,-548,-2075,173,-206,-362,-111
2025-11-24T16:16:28.547139,36,104,255,164,221,125,38,33,-10904,8642,-6559,5643,-488,-2192,115,-44,-467,-203
2025-11-24T16:16:28.569630,35,105,256,200,225,124,39,31,-10938,8672,-6474,5628,-420,-2205,108,214,-517,-223
2025-11-24T16:16:28.589171,36,76,297,214,215,116,39,33,-11001,8670,-6365,5632,-365,-2067,197,462,-544,-228
2025-11-24T16:16:28.606930,32,81,299,213,229,104,35,27,-11065,8668,-6251,5638,-310,-1961,267,449,-545,-236
2025-11-24T16:16:28.629614,27,68,236,215,231,102,36,26,-11104,8688,-6154,5638,-275,-1969,280,241,-493,-251
2025-11-24T16:16:28.652134,24,72,250,183,245,106,35,25,-11121,8724,-6067,5644,-225,-1946,308,99,-413,-295
2025-11-24T16:16:28.667205,30,78,294,145,228,101,35,27,-11131,8757,-5984,5661,-135,-1979,365,78,-334,-299
2025-11-24T16:16:28.689532,33,79,243,151,186,84,34,26,-11135,8786,-5911,5684,-81,-2030,381,65,-255,-271
2025-11-24T16:16:28.711571,34,74,254,188,214,83,35,26,-11136,8806,-5845,5721,-60,-1986,344,132,-169,-290
2025-11-24T16:16:28.726713,36,78,258,191,207,82,30,25,-11137,8815,-5775,5776,-24,-1884,446,152,-100,-343
2025-11-24T16:16:28.749635,41,80,245,180,199,97,41,28,-11126,8834,-5699,5842,81,-1819,496,80,-71,-411
2025-11-24T16:16:28.776384,36,76,198,177,195,105,42,27,-11099,8867,-5626,5914,169,-1847,519,-17,-38,-443
2025-11-24T16:16:28.787457,33,79,196,222,201,104,41,27,-11056,8909,-5557,5995,275,-1801,525,-101,25,-480
2025-11-24T16:16:28.817092,35,94,220,215,159,103,40,30,-11005,8954,-5501,6073,290,-1845,503,-158,76,-451
2025-11-24T16:16:28.832196,33,89,224,242,202,105,42,31,-10956,8996,-5453,6144,326,-1836,495,-164,80,-386
2025-11-24T16:16:28.851332,30,84,208,267,214,96,34,31,-10913,9032,-5404,6210,350,-1796,535,-157,63,-338
2025-11-24T16:16:28.877187,35,95,222,264,221,96,34,34,-10869,9075,-5364,6259,367,-1819,551,-250,31,-271
2025-11-24T16:16:28.892126,34,91,232,217,219,104,37,33,-10826,9118,-5331,6300,363,-1958,511,-242,25,-228
2025-11-24T16:16:28.907103,33,74,198,200,237,98,38,32,-10796,9144,-5296,6342,325,-2034,509,-125,29,-204
2025-11-24T16:16:28.929603,34,72,200,211,279,89,37,33,-10785,9154,-5254,6381,284,-2040,464,26,-11,-178
2025-11-24T16:16:28.952131,33,72,209,182,327,84,40,30,-10783,9161,-5209,6411,251,-2063,455,72,-65,-154
2025-11-24T16:16:28.966696,29,55,209,224,398,78,44,28,-10795,9156,-5159,6438,246,-2074,514,131,-94,-116
2025-11-24T16:16:28.989305,32,62,203,261,529,135,55,29,-10820,9139,-5095,6471,345,-1983,515,265,-110,-85
2025-11-24T16:16:29.011830,33,56,199,281,586,144,57,30,-10839,9125,-5048,6497,478,-1803,578,135,-58,47
2025-11-24T16:16:29.027579,34,61,184,288,563,146,61,32,-10834,9131,-5057,6488,514,-1849,595,-204,42,283
2025-11-24T16:16:29.049586,30,59,174,285,533,145,59,32,-10835,9135,-5120,6432,412,-2004,660,-402,77,595
2025-11-24T16:16:29.071778,28,58,137,262,485,143,54,31,-10848,9128,-5203,6354,331,-2180,617,-380,87,756
2025-11-24T16:16:29.087131,24,40,98,223,341,83,41,29,-10878,9099,-5284,6277,269,-2220,577,-207,94,800
2025-11-24T16:16:29.109616,22,37,69,188,209,62,37,29,-10921,9049,-5361,6207,212,-2103,546,-67,124,821
2025-11-24T16:16:29.132432,18,26,48,114,175,51,30,24,-10966,8995,-5450,6129,117,-2090,497,-60,145,860
2025-11-24T16:16:29.146552,18,30,44,154,169,66,35,22,-10999,8948,-5551,6049,28,-2069,384,-91,178,842
2025-11-24T16:16:29.169606,21,30,45,139,163,65,41,22,-11021,8902,-5657,5977,-116,-2056,325,-100,234,742
2025-11-24T16:16:29.192054,21,30,41,141,143,67,41,20,-11037,8858,-5758,5917,-218,-2038,243,-51,247,621
2025-11-24T16:16:29.211264,22,33,90,139,138,126,44,21,-11061,8809,-5829,5875,-259,-2002,230,95,183,486
2025-11-24T16:16:29.229571,23,32,96,138,142,133,45,21,-11094,8759,-5877,5840,-292,-1978,193,202,90,396
2025-11-24T16:16:29.260325,29,35,131,178,177,136,40,24,-11127,8709,-5925,5804,-454,-2038,157,230,77,328
2025-11-24T16:16:29.267178,29,41,152,199,185,147,36,25,-11165,8647,-5973,5772,-606,-2042,143,310,84,283
2025-11-24T16:16:29.289846,32,43,155,208,206,154,36,29,-11211,8570,-6008,5764,-711,-1887,150,452,110,141
2025-11-24T16:16:29.311653,53,45,156,209,226,113,31,38,-11241,8499,-6052,5764,-818,-1940,162,390,173,42
2025-11-24T16:16:29.326717,56,47,155,227,259,108,33,40,-11257,8428,-6105,5781,-952,-1966,206,344,280,-81
2025-11-24T16:16:29.349190,56,44,128,180,325,103,36,44,-11250,8361,-6156,5839,-992,-1938,243,338,422,-318
2025-11-24T16:16:29.371974,55,37,102,169,354,93,39,45,-11205,8325,-6205,5923,-984,-1915,225,167,505,-562
2025-11-24T16:16:29.387127,57,38,100,174,386,85,43,48,-11125,8336,-6241,6020,-847,-1885,225,-58,489,-759
2025-11-24T16:16:29.409319,42,35,59,204,430,84,45,45,-11023,8391,-6261,6110,-662,-1938,241,-283,383,-824
2025-11-24T16:16:29.431590,39,37,70,196,434,81,42,44,-10928,8454,-6269,6185,-493,-2047,229,-295,287,-720
2025-11-24T16:16:29.446640,37,34,87,213,390,71,42,39,-10850,8503,-6263,6261,-421,-2112,176,-133,226,-674
2025-11-24T16:16:29.469697,38,35,95,218,374,69,41,40,-10798,8524,-6236,6348,-334,-2040,227,85,201,-629
2025-11-24T16:16:29.491559,33,31,97,219,335,61,36,33,-10754,8538,-6201,6438,-278,-1960,197,162,183,-613
2025-11-24T16:16:29.507039,28,33,110,235,352,61,35,28,-10711,8557,-6156,6525,-194,-1942,202,161,124,-611
2025-11-24T16:16:29.529200,30,41,163,231,335,61,36,29,-10660,8595,-6104,6607,-65,-1969,204,75,73,-614
2025-11-24T16:16:29.552124,27,43,169,208,309,89,35,27,-10614,8628,-6043,6695,49,-1939,312,83,67,-595
2025-11-24T16:16:29.574535,25,50,167,213,292,83,33,24,-10563,8666,-5990,6774,129,-1876,398,-40,80,-536
2025-11-24T16:16:29.589740,26,76,177,210,306,118,43,29,-10494,8725,-5952,6838,187,-1861,415,-251,79,-500
2025-11-24T16:16:29.620281,28,79,188,165,224,165,50,30,-10415,8796,-5922,6894,251,-1979,442,-374,78,-472
2025-11-24T16:16:29.634610,26,80,148,174,209,167,53,28,-10349,8852,-5888,6951,304,-1997,449,-268,80,-417
2025-11-24T16:16:29.649342,27,80,135,182,219,182,54,30,-10306,8888,-5845,7003,339,-1963,438,-123,33,-319
2025-11-24T16:16:29.672136,29,88,156,195,276,194,65,32,-10277,8919,-5814,7035,345,-1913,420,-125,-7,-174
2025-11-24T16:16:29.694477,30,75,160,191,310,178,62,29,-10248,8961,-5798,7036,311,-1872,420,-267,-76,-66
2025-11-24T16:16:29.709547,31,75,178,222,298,138,58,30,-10229,9005,-5790,7014,319,-2100,394,-283,-143,61
2025-11-24T16:16:29.731835,33,71,177,222,309,138,55,30,-10245,9021,-5783,6975,206,-2234,437,-131,-204,201
2025-11-24T16:16:29.754627,35,74,188,268,353,112,54,27,-10291,9013,-5764,6932,118,-2285,441,75,-268,250
2025-11-24T16:16:29.769609,44,62,199,247,321,94,40,30,-10349,8994,-5731,6899,50,-2272,368,246,-288,191
2025-11-24T16:16:29.792186,46,52,216,249,282,92,37,32,-10414,8962,-5681,6884,12,-2183,409,374,-278,95
2025-11-24T16:16:29.814487,53,46,192,244,299,89,39,32,-10477,8924,-5623,6886,64,-2058,436,428,-232,51
2025-11-24T16:16:29.829652,54,45,209,240,405,103,52,38,-10531,8892,-5565,6893,123,-1907,449,369,-208,36
2025-11-24T16:16:29.852152,55,54,247,224,378,99,59,40,-10572,8863,-5518,6905,240,-1835,503,283,-124,74
2025-11-24T16:16:29.874606,48,55,241,317,381,112,63,37,-10575,8864,-5521,6895,413,-1732,566,-149,5,251
2025-11-24T16:16:29.897149,47,70,239,342,387,114,68,41,-10564,8882,-5580,6841,436,-1757,590,-482,69,536
2025-11-24T16:16:29.912131,110,98,340,330,369,115,68,71,-10577,8882,-5653,6761,409,-1893,656,-460,36,759
2025-11-24T16:16:29.934825,199,115,357,325,234,99,59,162,-10614,8862,-5726,6667,432,-2047,641,-321,-6,932
2025-11-24T16:16:29.949347,235,181,346,299,206,87,49,176,-10677,8809,-5800,6572,351,-2182,611,-100,23,1042
2025-11-24T16:16:29.971957,272,204,343,195,168,60,48,183,-10762,8722,-5883,6475,152,-2257,497,143,64,1117
2025-11-24T16:16:29.994338,281,216,359,183,134,52,42,189,-10853,8618,-5962,6390,-76,-2266,325,354,88,1004
2025-11-24T16:16:30.009831,270,212,266,189,167,61,39,186,-10938,8521,-6030,6311,-260,-2107,200,416,45,841
2025-11-24T16:16:30.032128,218,207,268,243,287,72,40,119,-11012,8442,-6077,6244,-399,-1980,250,346,-32,607
2025-11-24T16:16:30.054503,190,161,255,241,325,78,41,120,-11061,8398,-6099,6194,-550,-1989,173,279,-119,278
2025-11-24T16:16:30.069567,139,135,272,268,356,90,43,110,-11106,8367,-6077,6177,-704,-2001,158,395,-226,-87
2025-11-24T16:16:30.092220,133,112,231,252,403,121,44,101,-11149,8335,-6022,6197,-734,-2016,234,516,-242,-338
2025-11-24T16:16:30.114445,121,99,224,252,409,154,61,90,-11190,8291,-5948,6254,-675,-1914,221,674,-178,-495
2025-11-24T16:16:30.129337,127,93,189,197,364,162,72,93,-11229,8236,-5866,6333,-638,-1797,299,731,-121,-582
2025-11-24T16:16:30.151963,122,85,211,207,380,169,72,64,-11241,8206,-5793,6417,-554,-1687,350,521,-58,-644
2025-11-24T16:16:30.174506,173,87,212,212,355,194,73,77,-11219,8206,-5745,6497,-390,-1689,362,240,45,-619
2025-11-24T16:16:30.189579,265,89,220,198,325,181,73,94,-11175,8217,-5765,6543,-526,-2087,453,-75,212,-430
2025-11-24T16:16:30.211818,272,100,236,190,351,161,63,98,-11140,8223,-5790,6571,-573,-2175,470,-77,174,-338
2025-11-24T16:16:30.234584,269,110,226,208,319,153,52,92,-11131,8208,-5775,6620,-274,-2160,503,189,112,-278
2025-11-24T16:16:30.249567,273,107,212,205,280,160,56,96,-11125,8192,-5772,6652,-318,-2016,517,117,105,-203
2025-11-24T16:16:30.272226,248,123,196,218,312,153,56,96,-11113,8180,-5773,6686,-308,-2137,526,100,125,-207
2025-11-24T16:16:30.294219,137,124,189,256,331,235,62,84,-11109,8162,-5761,6724,-216,-2090,552,161,101,-192
2025-11-24T16:16:30.309631,118,118,174,268,292,249,65,80,-11102,8145,-5745,6770,-199,-1949,534,164,111,-236
2025-11-24T16:16:30.332172,112,117,206,296,333,286,70,83,-11079,8152,-5728,6813,-143,-1838,558,-1,82,-296
2025-11-24T16:16:30.354584,89,109,185,321,404,291,74,81,-11028,8195,-5729,6844,-40,-1980,533,-249,96,-281
2025-11-24T16:16:30.369581,71,85,164,318,382,279,78,68,-10975,8235,-5755,6860,3,-1940,488,-329,171,-133
2025-11-24T16:16:30.391965,65,83,172,325,377,212,73,61,-10927,8267,-5817,6845,-97,-1965,359,-362,204,59
2025-11-24T16:16:30.414314,63,78,169,314,384,190,73,59,-10893,8289,-5896,6805,-250,-1977,302,-356,174,174
2025-11-24T16:16:30.429607,67,73,133,278,354,145,70,53,-10855,8324,-5996,6736,-314,-2082,279,-509,147,292
2025-11-24T16:16:30.451653,64,82,134,250,287,122,62,46,-10827,8351,-6124,6631,-484,-2312,278,-583,129,474
2025-11-24T16:16:30.474602,61,78,136,206,331,116,51,41,-10830,8347,-6248,6514,-648,-2384,287,-410,74,584
2025-11-24T16:16:30.489593,57,69,120,128,303,112,47,38,-10856,8329,-6350,6395,-687,-2283,292,-268,-30,603
2025-11-24T16:16:30.512094,55,71,122,132,289,111,37,30,-10890,8313,-6426,6279,-654,-2181,310,-215,-126,562
2025-11-24T16:16:30.535233,41,60,109,125,301,83,28,28,-10930,8300,-6473,6179,-589,-2167,340,-133,-201,477
2025-11-24T16:16:30.557095,39,44,98,113,294,76,27,24,-10974,8286,-6494,6097,-508,-2111,368,-44,-241,395
2025-11-24T16:16:30.572098,52,45,84,123,249,105,35,29,-11022,8268,-6491,6038,-449,-2081,385,77,-259,298
2025-11-24T16:16:30.594874,52,44,80,123,253,118,47,30,-11070,8252,-6465,6000,-418,-2006,381,161,-285,161
2025-11-24T16:16:30.617118,52,37,79,113,243,119,49,31,-11110,8246,-6418,5985,-313,-1960,411,174,-288,31
2025-11-24T16:16:30.632141,52,34,73,117,231,134,52,33,-11138,8246,-6356,5998,-218,-1877,426,209,-247,-120
2025-11-24T16:16:30.654451,52,34,85,103,229,153,52,36,-11157,8249,-6284,6036,-140,-1847,474,222,-189,-236
2025-11-24T16:16:30.677104,38,29,89,94,270,154,49,31,-11162,8260,-6208,6091,-80,-1849,505,186,-140,-338
2025-11-24T16:16:30.692346,37,29,93,99,249,154,39,29,-11151,8279,-6130,6162,10,-1761,480,155,-82,-422
2025-11-24T16:16:30.714533,37,31,91,165,260,161,39,29,-11128,8307,-6055,6240,113,-1799,506,89,-27,-446
2025-11-24T16:16:30.737401,35,31,83,171,296,155,35,28,-11099,8338,-5991,6312,148,-1798,498,31,-1,-400
2025-11-24T16:16:30.751803,40,32,83,180,280,137,35,31,-11071,8366,-5929,6383,170,-1771,520,27,14,-382
2025-11-24T16:16:30.774528,41,31,82,188,252,117,37,34,-11041,8394,-5873,6449,215,-1775,545,-14,21,-337
2025-11-24T16:16:30.796768,41,28,79,232,267,112,39,36,-11011,8425,-5827,6500,218,-1849,557,-78,15,-265
2025-11-24T16:16:30.819603,44,27,76,195,256,97,37,37,-10987,8452,-5785,6543,217,-1854,554,-69,-2,-213
2025-11-24T16:16:30.834611,44,29,85,196,237,84,36,35,-10968,8478,-5745,6577,183,-1910,534,-49,-33,-182
2025-11-24T16:16:30.856632,37,30,69,233,252,83,35,30,-10958,8493,-5703,6612,171,-1903,559,7,-37,-165
2025-11-24T16:16:30.872034,36,32,67,261,251,88,33,31,-10943,8513,-5666,6643,146,-1898,520,-22,-35,-178
2025-11-24T16:16:30.894756,40,35,63,237,259,74,27,31,-10927,8537,-5630,6668,103,-1966,518,-49,-64,-189
2025-11-24T16:16:30.917124,41,55,113,283,262,74,29,33,-10921,8552,-5587,6694,67,-2058,523,45,-89,-195
2025-11-24T16:16:30.932102,76,55,110,285,263,72,30,45,-10926,8555,-5531,6730,99,-1982,507,174,-107,-216
2025-11-24T16:16:30.954628,81,56,112,274,260,75,37,48,-10934,8552,-5474,6767,142,-1930,569,180,-87,-189
2025-11-24T16:16:30.977134,81,56,112,275,337,79,42,49,-10948,8538,-5423,6802,185,-1885,635,186,-57,-114
2025-11-24T16:16:30.992140,80,56,120,273,353,104,46,48,-10962,8523,-5386,6828,260,-1816,643,127,-16,1
2025-11-24T16:16:31.014521,77,49,112,228,375,108,48,47,-10956,8516,-5403,6832,276,-1814,686,-151,140,190
2025-11-24T16:16:31.037124,44,48,117,221,358,109,47,34,-10935,8521,-5473,6804,234,-1874,694,-424,242,386
2025-11-24T16:16:31.052193,30,48,120,194,350,104,40,29,-10907,8524,-5575,6763,172,-1952,709,-542,339,496
2025-11-24T16:16:31.074553,28,48,121,136,263,92,35,24,-10871,8523,-5698,6719,152,-2061,677,-586,432,566
2025-11-24T16:16:31.097437,25,47,113,121,210,69,28,21,-10831,8512,-5832,6682,141,-2104,615,-550,523,587
2025-11-24T16:16:31.112099,23,35,82,137,156,58,23,20,-10791,8488,-5977,6651,28,-2180,576,-490,604,576
2025-11-24T16:16:31.134340,20,32,86,144,131,58,24,19,-10751,8451,-6120,6632,-83,-2160,490,-386,644,513
2025-11-24T16:16:31.157093,20,33,95,144,97,63,27,20,-10709,8410,-6258,6622,-197,-2115,414,-317,660,414
2025-11-24T16:16:31.172104,20,31,96,148,106,91,28,25,-10659,8373,-6387,6627,-246,-2090,346,-275,670,296
2025-11-24T16:16:31.194511,22,30,97,135,107,92,31,26,-10597,8349,-6501,6645,-292,-2076,288,-276,645,126
2025-11-24T16:16:31.217346,22,30,89,118,116,90,31,27,-10535,8324,-6593,6686,-334,-2050,227,-148,629,-35
2025-11-24T16:16:31.232099,25,33,90,114,130,88,33,29,-10476,8292,-6666,6746,-367,-2052,196,-17,618,-154
2025-11-24T16:16:31.254279,29,34,76,124,167,87,35,32,-10422,8252,-6721,6822,-359,-2001,154,124,603,-230
2025-11-24T16:16:31.277239,27,34,78,124,178,61,34,28,-10375,8208,-6758,6910,-364,-1939,157,226,567,-312
2025-11-24T16:16:31.292124,26,33,75,137,196,50,35,27,-10325,8177,-6784,6996,-363,-1948,105,215,496,-373
2025-11-24T16:16:31.314624,26,31,79,129,200,67,37,27,-10281,8148,-6798,7081,-333,-1931,128,243,434,-382
2025-11-24T16:16:31.337123,24,31,64,157,212,68,35,25,-10238,8124,-6809,7159,-289,-1923,129,227,392,-357
2025-11-24T16:16:31.352596,20,29,67,149,213,67,33,23,-10195,8115,-6823,7218,-345,-1899,75,140,306,-352
2025-11-24T16:16:31.374505,23,35,92,161,203,66,32,27,-10152,8123,-6833,7259,-344,-1940,61,61,202,-341
2025-11-24T16:16:31.397412,23,40,97,174,213,69,30,26,-10119,8133,-6833,7294,-309,-1943,48,98,123,-317
2025-11-24T16:16:31.411782,30,48,119,234,228,69,35,32,-10100,8137,-6828,7322,-304,-1951,122,114,73,-257
2025-11-24T16:16:31.434167,29,47,125,216,239,76,38,33,-10081,8149,-6829,7333,-326,-1976,123,37,23,-217
2025-11-24T16:16:31.456525,31,57,138,236,220,79,43,33,-10064,8166,-6828,7339,-312,-2019,180,-19,-9,-200
2025-11-24T16:16:31.480287,31,56,138,262,217,94,49,34,-10043,8184,-6832,7343,-296,-2012,237,-76,9,-191
2025-11-24T16:16:31.494528,31,68,146,285,249,120,59,35,-10013,8207,-6841,7349,-249,-1993,284,-166,50,-191
2025-11-24T16:16:31.517087,25,89,174,245,297,224,65,30,-9972,8232,-6863,7356,-210,-2072,319,-249,119,-171
2025-11-24T16:16:31.539743,25,92,179,246,316,227,66,32,-9919,8253,-6903,7367,-202,-2015,304,-310,231,-154
2025-11-24T16:16:31.554078,22,89,176,227,347,237,65,33,-9861,8280,-6942,7379,-186,-2060,262,-320,230,-178
2025-11-24T16:16:31.577066,22,99,168,188,358,239,67,34,-9807,8303,-6985,7385,-178,-2118,229,-303,225,-126
2025-11-24T16:16:31.599561,24,115,165,128,359,241,63,31,-9761,8321,-7047,7366,-174,-2172,240,-388,214,51
2025-11-24T16:16:31.614498,29,101,120,106,379,190,59,40,-9740,8327,-7114,7323,-247,-2092,295,-393,135,202
2025-11-24T16:16:31.637038,30,97,103,117,389,188,60,38,-9715,8352,-7196,7247,-272,-2148,240,-565,48,299
2025-11-24T16:16:31.659514,31,94,91,112,367,186,60,39,-9698,8384,-7272,7155,-337,-2261,188,-568,-55,314
2025-11-24T16:16:31.674648,30,82,74,105,353,174,53,37,-9711,8401,-7322,7067,-377,-2467,106,-317,-176,334
2025-11-24T16:16:31.697346,28,40,58,107,325,162,50,38,-9768,8388,-7341,6985,-471,-2464,16,46,-299,371
2025-11-24T16:16:31.719583,22,28,42,109,249,102,45,29,-9850,8363,-7344,6895,-522,-2250,-2,184,-413,416
2025-11-24T16:16:31.734248,22,32,46,88,309,111,39,28,-9928,8358,-7351,6781,-555,-2120,-44,47,-514,441
2025-11-24T16:16:31.757059,20,31,39,82,302,90,33,23,-9996,8377,-7361,6645,-551,-2111,-59,-116,-597,457
2025-11-24T16:16:31.779103,21,51,65,99,318,96,31,21,-10063,8405,-7363,6504,-519,-2144,-62,-143,-654,454
2025-11-24T16:16:31.794586,23,77,87,97,322,88,27,19,-10143,8426,-7342,6377,-513,-2140,-41,-10,-708,410
2025-11-24T16:16:31.817021,23,81,88,98,353,111,25,21,-10238,8438,-7288,6270,-468,-2115,-9,170,-780,325
2025-11-24T16:16:31.839633,20,79,84,95,291,100,23,19,-10344,8439,-7204,6190,-404,-2038,52,347,-806,230
2025-11-24T16:16:31.854632,22,81,86,108,306,102,25,18,-10454,8436,-7099,6130,-358,-1991,158,421,-808,138
2025-11-24T16:16:31.877049,21,71,70,96,306,102,33,21,-10557,8437,-6983,6086,-320,-1951,229,419,-792,43
2025-11-24T16:16:31.899786,24,40,42,117,313,133,41,25,-10640,8453,-6862,6058,-223,-1928,265,346,-740,-61
2025-11-24T16:16:31.914593,23,33,41,139,283,122,43,23,-10697,8483,-6747,6044,-155,-1895,284,236,-641,-153
2025-11-24T16:16:31.937057,23,32,41,170,269,126,45,26,-10731,8532,-6641,6033,-134,-1878,297,84,-586,-233
2025-11-24T16:16:31.959574,22,40,43,174,287,128,47,27,-10751,8588,-6534,6034,-50,-1974,329,43,-527,-278
2025-11-24T16:16:31.974506,22,39,50,184,291,127,41,27,-10776,8631,-6428,6042,-3,-2060,343,119,-489,-242
2025-11-24T16:16:31.997072,19,47,62,187,282,92,33,24,-10816,8653,-6321,6052,-9,-2036,382,232,-471,-194
2025-11-24T16:16:32.019598,20,47,66,181,282,99,36,26,-10856,8668,-6219,6064,6,-1990,394,254,-439,-168
2025-11-24T16:16:32.034317,22,70,89,174,312,103,34,25,-10893,8684,-6127,6069,24,-1938,419,194,-411,-127
2025-11-24T16:16:32.056580,25,68,93,168,290,100,33,25,-10922,8705,-6043,6071,34,-1900,434,120,-385,-118
2025-11-24T16:16:32.079608,27,73,101,212,284,100,35,25,-10948,8728,-5963,6071,83,-1903,445,89,-366,-90
2025-11-24T16:16:32.094261,26,71,99,224,333,107,36,25,-10973,8743,-5889,6075,80,-1921,451,118,-320,-83
2025-11-24T16:16:32.117033,26,72,116,220,330,100,33,23,-10998,8752,-5817,6087,107,-1864,443,157,-274,-90
2025-11-24T16:16:32.139871,26,57,103,221,304,92,33,23,-11020,8758,-5757,6095,103,-1828,478,104,-230,-43
2025-11-24T16:16:32.155066,23,54,100,227,336,110,34,24,-11034,8772,-5715,6088,68,-1878,480,-2,-207,13
2025-11-24T16:16:32.177031,22,48,95,194,331,106,32,22,-11045,8788,-5677,6083,28,-1930,516,-44,-193,-18
2025-11-24T16:16:32.199357,24,43,97,190,286,97,31,22,-11051,8806,-5633,6086,3,-2030,563,-51,-184,-92
2025-11-24T16:16:32.214486,25,41,73,202,364,94,35,23,-11055,8821,-5584,6103,-1,-2103,560,5,-160,-165
2025-11-24T16:16:32.237045,29,34,70,233,390,113,52,30,-11069,8817,-5518,6142,13,-2099,546,197,-132,-245
2025-11-24T16:16:32.259521,30,34,73,235,400,104,59,36,-11087,8805,-5438,6198,77,-1955,537,304,-119,-301
2025-11-24T16:16:32.274585,30,34,65,256,546,112,64,39,-11089,8803,-5364,6261,204,-1912,550,209,-59,-307
2025-11-24T16:16:32.296727,30,34,55,284,660,121,67,41,-11087,8799,-5312,6314,280,-1841,576,122,12,-185
2025-11-24T16:16:32.319598,30,35,53,277,651,123,66,41,-11079,8799,-5293,6345,345,-1802,607,-44,86,17
2025-11-24T16:16:32.338784,26,31,50,237,628,111,55,37,-11059,8808,-5319,6345,355,-1813,613,-268,161,230
2025-11-24T16:16:32.356985,25,29,40,235,606,116,50,32,-11035,8825,-5384,6308,349,-1829,617,-471,192,466
2025-11-24T16:16:32.379585,25,40,77,195,477,115,46,29,-11011,8843,-5471,6250,320,-1951,604,-550,206,614
2025-11-24T16:16:32.402342,23,42,82,117,286,107,47,29,-11005,8848,-5557,6177,195,-2099,564,-447,137,672
2025-11-24T16:16:32.416541,23,47,93,103,192,106,53,30,-11024,8831,-5624,6106,110,-2142,484,-204,65,669
2025-11-24T16:16:32.439524,24,84,106,101,167,96,51,30,-11061,8797,-5670,6046,61,-2092,365,40,11,622
2025-11-24T16:16:32.462738,26,88,125,67,137,83,50,30,-11107,8762,-5701,5984,-8,-2019,325,121,-74,572
2025-11-24T16:16:32.476984,26,83,107,59,111,77,49,29,-11151,8737,-5730,5910,-124,-2114,343,52,-144,546
2025-11-24T16:16:32.500085,27,84,105,73,152,76,43,29,-11195,8714,-5759,5831,-258,-2107,294,68,-173,503
2025-11-24T16:16:32.522757,26,82,98,112,161,78,32,26,-11235,8692,-5791,5755,-370,-2117,236,80,-161,441
2025-11-24T16:16:32.537007,27,48,86,109,169,76,33,25,-11276,8670,-5817,5681,-519,-2119,220,109,-200,345
2025-11-24T16:16:32.559776,25,39,53,119,211,69,31,23,-11329,8641,-5814,5623,-645,-2053,220,256,-281,174
2025-11-24T16:16:32.582657,24,39,49,154,283,74,31,24,-11383,8613,-5787,5584,-688,-2027,165,375,-337,14
2025-11-24T16:16:32.597147,22,33,46,192,293,77,32,22,-11448,8576,-5743,5553,-678,-1932,195,476,-383,-35
2025-11-24T16:16:32.619499,24,30,43,191,382,71,36,23,-11512,8536,-5695,5532,-666,-1884,246,483,-357,-70
2025-11-24T16:16:32.642710,23,24,40,213,406,89,36,21,-11564,8514,-5644,5509,-738,-1849,269,375,-396,-170
2025-11-24T16:16:32.657238,24,25,53,240,449,111,40,26,-11599,8512,-5581,5505,-743,-1819,245,320,-398,-356
2025-11-24T16:16:32.679583,23,39,84,243,416,142,46,27,-11622,8513,-5499,5538,-620,-1750,295,350,-336,-539
2025-11-24T16:16:32.703095,28,53,138,230,440,227,59,30,-11623,8531,-5419,5585,-541,-1682,379,190,-268,-633
2025-11-24T16:16:32.717045,31,66,147,255,428,339,90,36,-11592,8580,-5358,5632,-443,-1702,433,-91,-172,-653
2025-11-24T16:16:32.739593,34,67,154,251,427,352,94,38,-11517,8668,-5325,5685,-296,-1785,432,-414,-25,-683
2025-11-24T16:16:32.762768,41,76,163,226,380,353,94,39,-11442,8744,-5303,5738,-162,-2044,476,-388,62,-553
2025-11-24T16:16:32.776625,42,71,151,211,380,343,91,38,-11392,8782,-5311,5774,4,-2179,562,-291,173,-193
2025-11-24T16:16:32.799760,41,67,123,222,352,296,83,36,-11348,8800,-5376,5773,-31,-2047,528,-382,315,147
2025-11-24T16:16:32.822420,41,68,116,179,378,284,74,33,-11302,8822,-5482,5730,-256,-2133,572,-591,324,319
2025-11-24T16:16:32.836913,40,69,108,259,401,281,74,36,-11255,8858,-5591,5660,-303,-2208,589,-721,223,391
2025-11-24T16:16:32.859201,32,59,97,270,416,278,73,32,-11212,8896,-5680,5596,-336,-2271,500,-631,155,306
2025-11-24T16:16:32.882785,32,58,96,280,447,275,73,32,-11183,8918,-5748,5549,-337,-2365,456,-430,129,249
2025-11-24T16:16:32.897026,29,50,69,271,458,282,73,30,-11185,8898,-5797,5527,-325,-2340,484,-110,158,249
2025-11-24T16:16:32.919436,25,32,63,288,397,153,47,25,-11200,8846,-5848,5527,-348,-2208,465,95,258,249
2025-11-24T16:16:32.943182,23,29,66,213,392,127,44,23,-11201,8800,-5912,5530,-395,-2064,436,14,337,213
2025-11-24T16:16:32.957431,23,29,52,201,381,124,44,27,-11174,8780,-5985,5537,-375,-2005,413,-177,388,128
2025-11-24T16:16:32.979527,23,29,51,191,351,132,49,28,-11121,8787,-6060,5551,-325,-2071,377,-329,426,41
2025-11-24T16:16:33.003102,23,30,48,190,322,120,48,30,-11061,8799,-6129,5577,-268,-2134,347,-321,448,-10
2025-11-24T16:16:33.016723,25,29,44,162,318,119,48,30,-11009,8798,-6182,5624,-241,-2076,345,-186,458,-89
2025-11-24T16:16:33.039608,25,26,33,157,293,120,44,29,-10961,8792,-6219,5685,-228,-1996,295,-75,437,-172
2025-11-24T16:16:33.062497,23,26,31,170,264,119,42,25,-10915,8787,-6240,5758,-176,-1984,265,2,415,-243
2025-11-24T16:16:33.076891,23,25,43,190,270,117,35,24,-10874,8777,-6251,5837,-150,-1999,273,61,391,-265
2025-11-24T16:16:33.099530,25,24,43,178,268,121,38,24,-10840,8763,-6256,5916,-123,-1951,259,110,365,-254
2025-11-24T16:16:33.122646,24,24,44,229,284,127,37,25,-10806,8757,-6257,5986,-107,-1879,245,75,303,-253
2025-11-24T16:16:33.136868,26,26,48,255,306,125,37,23,-10764,8767,-6260,6042,-90,-1915,231,-30,254,-241
2025-11-24T16:16:33.167752,26,25,49,250,347,125,40,24,-10728,8776,-6259,6094,-76,-1942,225,-6,216,-220
2025-11-24T16:16:33.182784,27,40,51,254,339,120,43,26,-10699,8781,-6251,6147,-70,-1929,265,25,189,-225
2025-11-24T16:16:33.197013,26,40,66,284,335,105,39,28,-10675,8787,-6238,6193,-70,-1973,272,27,137,-213
2025-11-24T16:16:33.219230,22,41,109,243,369,102,42,27,-10656,8794,-6223,6231,-67,-2033,247,47,91,-181
2025-11-24T16:16:33.242755,20,40,108,218,340,94,40,28,-10648,8793,-6203,6266,-66,-1993,259,106,58,-149
2025-11-24T16:16:33.257358,20,42,109,216,306,89,37,28,-10640,8791,-6190,6295,-108,-1981,259,83,63,-131
2025-11-24T16:16:33.279773,18,26,105,185,302,86,35,26,-10624,8798,-6182,6320,-135,-1960,289,-11,64,-153
2025-11-24T16:16:33.302945,19,27,102,169,304,88,37,28,-10601,8812,-6175,6346,-120,-2034,285,-52,76,-177
2025-11-24T16:16:33.316962,21,25,63,179,215,80,36,29,-10580,8822,-6162,6379,-72,-2064,283,1,78,-192
2025-11-24T16:16:33.339636,23,27,70,193,185,74,35,28,-10567,8826,-6140,6417,-20,-2041,290,70,63,-186
2025-11-24T16:16:33.362749,27,29,71,192,269,72,46,33,-10559,8827,-6112,6455,50,-1975,314,94,40,-151
2025-11-24T16:16:33.385268,27,32,70,207,320,91,63,36,-10560,8825,-6081,6485,70,-1981,344,115,-5,-99
2025-11-24T16:16:33.399519,28,32,63,172,350,91,64,34,-10563,8824,-6053,6507,97,-1893,315,98,-20,-53
2025-11-24T16:16:33.422742,28,33,51,173,398,91,62,33,-10560,8835,-6032,6518,148,-1923,332,-7,-43,-4
2025-11-24T16:16:33.445228,28,34,50,182,495,124,67,34,-10558,8848,-6023,6512,129,-2060,314,-46,-56,82
2025-11-24T16:16:33.459760,28,33,46,183,465,149,81,36,-10581,8838,-6008,6502,123,-2070,352,93,-92,182
2025-11-24T16:16:33.482034,29,32,53,184,464,142,74,38,-10617,8828,-5987,6475,129,-1994,356,111,-192,253
2025-11-24T16:16:33.505233,30,33,65,199,443,147,76,40,-10652,8832,-5970,6429,111,-1962,334,14,-259,304
2025-11-24T16:16:33.519547,30,40,148,188,430,150,76,42,-10696,8838,-5951,6364,86,-2073,358,3,-352,373
2025-11-24T16:16:33.542623,29,40,196,156,327,134,76,46,-10761,8831,-5920,6292,50,-2117,311,158,-435,418
2025-11-24T16:16:33.565287,28,43,213,143,308,103,55,43,-10846,8812,-5878,6213,-1,-2060,280,289,-516,463
2025-11-24T16:16:33.579777,25,53,240,106,243,109,50,37,-10941,8792,-5829,6120,-48,-2045,327,291,-598,492
2025-11-24T16:16:33.602286,25,54,241,72,226,101,45,35,-11044,8767,-5775,6020,-195,-2099,350,333,-659,471
2025-11-24T16:16:33.625223,37,50,206,65,153,92,44,34,-11146,8743,-5714,5926,-287,-2033,364,352,-676,371
2025-11-24T16:16:33.639482,39,47,162,71,130,77,34,29,-11240,8717,-5655,5843,-316,-2040,402,341,-616,316
2025-11-24T16:16:33.661674,56,43,142,77,181,74,35,45,-11318,8683,-5613,5783,-401,-2048,415,334,-448,225
2025-11-24T16:16:33.685262,71,27,113,116,201,68,32,56,-11394,8652,-5555,5735,-572,-2017,431,374,-488,29
2025-11-24T16:16:33.699211,171,38,117,134,211,79,36,103,-11464,8631,-5477,5702,-601,-2041,423,405,-546,-134
2025-11-24T16:16:33.721219,180,41,120,141,322,88,40,118,-11526,8618,-5381,5687,-539,-1987,418,418,-555,-259
2025-11-24T16:16:33.743303,184,41,118,150,322,95,47,118,-11583,8603,-5277,5694,-507,-1915,506,429,-503,-371
2025-11-24T16:16:33.758141,185,42,118,173,391,106,50,115,-11618,8597,-5186,5714,-492,-1890,529,319,-398,-442
2025-11-24T16:16:33.782044,182,42,93,165,407,101,51,112,-11631,8611,-5102,5743,-443,-1882,533,173,-339,-522
2025-11-24T16:16:33.805899,96,31,78,160,436,107,51,72,-11628,8633,-5017,5790,-367,-1963,542,145,-271,-606
2025-11-24T16:16:33.819183,76,52,83,168,387,107,55,45,-11626,8648,-4933,5843,-248,-2010,549,187,-222,-566
2025-11-24T16:16:33.842041,68,69,94,162,384,108,51,45,-11630,8654,-4849,5897,-80,-1865,568,222,-196,-463
2025-11-24T16:16:33.865117,92,80,98,138,313,95,47,54,-11620,8662,-4810,5937,-51,-2037,526,104,-34,-302
2025-11-24T16:16:33.879284,109,83,113,138,307,93,48,64,-11614,8660,-4805,5955,-166,-2045,582,25,33,-147
2025-11-24T16:16:33.902157,160,88,113,130,279,88,45,76,-11615,8656,-4792,5970,-96,-2029,545,80,-6,-109
2025-11-24T16:16:33.925262,214,109,116,130,293,143,42,96,-11613,8660,-4772,5984,-50,-1951,576,25,-41,-122
2025-11-24T16:16:33.939160,356,115,107,130,347,150,51,132,-11603,8673,-4747,6006,-13,-1972,618,-23,-39,-186
2025-11-24T16:16:33.962555,410,123,125,187,349,157,60,133,-11592,8670,-4729,6043,-2,-2044,596,66,64,-195
2025-11-24T16:16:33.985373,415,133,120,185,352,192,70,136,-11595,8651,-4716,6075,18,-2198,566,198,87,-105
2025-11-24T16:16:33.999506,433,141,125,188,385,205,74,142,-11622,8601,-4714,6098,25,-2053,644,301,129,76
2025-11-24T16:16:34.021988,418,122,108,176,378,266,83,133,-11639,8551,-4744,6112,-14,-1958,718,137,244,165
2025-11-24T16:16:34.045261,315,111,114,181,391,293,83,99,-11629,8527,-4790,6127,-125,-2007,697,-52,286,54
2025-11-24T16:16:34.059801,230,111,113,151,411,306,83,93,-11612,8520,-4805,6158,-43,-1955,665,-49,194,-102
2025-11-24T16:16:34.081854,215,101,112,180,399,345,89,84,-11603,8514,-4786,6199,-22,-1921,657,67,73,-216
2025-11-24T16:16:34.105439,134,85,108,187,371,365,90,61,-11591,8527,-4738,6240,37,-1879,615,56,-68,-314
2025-11-24T16:16:34.119005,105,81,127,254,406,322,83,51,-11581,8541,-4674,6287,87,-1917,628,109,-116,-370
2025-11-24T16:16:34.141587,74,77,130,263,449,309,81,47,-11584,8545,-4621,6316,59,-1990,631,146,-131,-243
2025-11-24T16:16:34.165246,68,65,118,287,465,335,95,52,-11603,8531,-4578,6330,63,-1926,637,212,-123,-88
2025-11-24T16:16:34.179583,64,92,118,285,495,289,83,48,-11630,8507,-4551,6332,-1,-1848,641,209,-91,-2
2025-11-24T16:16:34.202778,54,97,128,299,524,252,79,46,-11651,8489,-4546,6320,4,-1829,669,83,-51,104
2025-11-24T16:16:34.224888,48,99,107,259,520,230,75,46,-11649,8486,-4592,6297,-38,-1948,655,-146,118,206
2025-11-24T16:16:34.239131,44,99,96,246,445,209,72,45,-11626,8490,-4708,6246,-189,-2100,636,-400,316,398
2025-11-24T16:16:34.261903,36,91,90,205,467,141,39,30,-11610,8469,-4868,6182,-318,-2256,661,-399,477,585
2025-11-24T16:16:34.284867,34,55,91,179,431,110,38,28,-11601,8423,-5044,6122,-357,-2275,663,-314,600,683
2025-11-24T16:16:34.308330,36,47,82,149,391,109,37,29,-11587,8361,-5225,6080,-377,-2171,666,-262,716,650
2025-11-24T16:16:34.322043,36,39,90,131,368,100,34,31,-11558,8306,-5408,6050,-429,-2113,642,-332,772,558
2025-11-24T16:16:34.345696,35,36,95,131,366,104,36,36,-11520,8262,-5579,6027,-436,-2148,601,-343,744,477
2025-11-24T16:16:34.367782,37,31,91,129,267,96,33,36,-11481,8222,-5722,6023,-386,-2112,584,-271,694,352
2025-11-24T16:16:34.382037,40,32,81,131,307,94,30,36,-11442,8183,-5828,6050,-307,-2057,531,-121,641,171
2025-11-24T16:16:34.405327,39,29,80,127,297,111,37,36,-11408,8138,-5893,6111,-244,-1965,466,91,586,-29
2025-11-24T16:16:34.427631,39,28,71,120,257,120,42,40,-11373,8101,-5926,6192,-174,-1797,456,146,507,-187
2025-11-24T16:16:34.441740,36,29,82,168,269,129,43,36,-11323,8096,-5945,6273,-86,-1692,417,12,428,-288
2025-11-24T16:16:34.463832,33,30,86,168,262,127,46,36,-11265,8115,-5948,6349,-4,-1727,424,-75,322,-342
2025-11-24T16:16:34.485493,28,29,83,167,252,131,46,36,-11219,8137,-5929,6419,63,-1791,395,2,198,-331
2025-11-24T16:16:34.500839,29,33,96,182,282,128,43,36,-11203,8134,-5884,6492,87,-1803,407,243,101,-287
2025-11-24T16:16:34.525291,28,32,99,202,301,119,41,31,-11209,8113,-5823,6563,93,-1712,428,390,32,-253
2025-11-24T16:16:34.547746,29,37,107,215,294,104,42,34,-11212,8103,-5768,6619,84,-1632,453,279,-5,-226
2025-11-24T16:16:34.562320,31,37,109,214,336,108,43,34,-11200,8119,-5728,6654,74,-1671,448,68,-39,-197
2025-11-24T16:16:34.585259,32,39,123,220,361,101,43,34,-11180,8148,-5698,6678,89,-1798,482,-48,-44,-162
2025-11-24T16:16:34.607849,28,37,112,229,349,79,41,33,-11162,8171,-5673,6701,72,-1826,525,-52,-21,-137
2025-11-24T16:16:34.621983,28,37,110,212,357,104,47,34,-11144,8191,-5649,6727,98,-1847,540,-38,0,-138
2025-11-24T16:16:34.645342,27,33,102,179,347,102,42,30,-11127,8208,-5626,6754,90,-1876,591,-51,11,-137
2025-11-24T16:16:34.667699,35,32,95,170,310,106,41,37,-11103,8230,-5613,6777,72,-1862,595,-127,41,-131
2025-11-24T16:16:34.681502,43,29,84,183,251,121,44,42,-11072,8254,-5616,6796,37,-1983,613,-193,86,-113
2025-11-24T16:16:34.704929,67,64,82,200,255,132,52,51,-11037,8285,-5618,6814,-46,-2032,634,-243,61,-182
2025-11-24T16:16:34.727679,101,119,86,229,242,114,51,56,-11008,8313,-5607,6835,-68,-2181,617,-149,10,-224
2025-11-24T16:16:34.741753,127,145,190,416,503,141,70,65,-11008,8308,-5572,6870,-9,-2218,626,143,-11,-186
2025-11-24T16:16:34.764934,128,147,196,436,551,138,69,63,-11037,8263,-5521,6918,84,-2025,604,439,12,-96
2025-11-24T16:16:34.787297,126,148,196,445,560,126,67,59,-11060,8218,-5494,6957,133,-1907,646,315,106,14
2025-11-24T16:16:34.801462,121,137,198,444,556,117,61,54,-11066,8195,-5522,6952,83,-1923,700,-57,154,230
2025-11-24T16:16:34.824775,96,95,205,433,549,111,55,46,-11059,8188,-5582,6923,82,-1893,687,-274,205,356
2025-11-24T16:16:34.847826,60,47,112,244,323,69,28,32,-11041,8190,-5667,6880,91,-1908,683,-429,260,453
2025-11-24T16:16:34.861373,55,41,103,207,220,67,31,27,-11016,8195,-5767,6830,99,-1934,694,-522,308,512
2025-11-24T16:16:34.884747,52,35,98,161,174,60,31,28,-10996,8188,-5867,6787,90,-1909,655,-442,344,526
2025-11-24T16:16:34.907964,37,32,93,103,139,54,30,22,-10975,8179,-5959,6751,1,-1951,557,-351,333,447
2025-11-24T16:16:34.921963,31,29,73,96,112,50,29,22,-10951,8168,-6040,6731,-89,-1972,518,-280,332,310
2025-11-24T16:16:34.945179,25,23,53,91,96,47,27,20,-10922,8152,-6103,6741,-112,-1922,472,-156,371,134
2025-11-24T16:16:34.967651,25,59,48,84,88,30,23,22,-10885,8133,-6147,6783,-97,-1861,465,-66,411,-40
2025-11-24T16:16:34.981955,31,60,43,109,96,30,22,22,-10839,8120,-6176,6847,-130,-1876,433,-10,416,-218
2025-11-24T16:16:35.005873,47,70,39,160,130,30,25,38,-10792,8105,-6180,6934,-195,-1932,413,116,385,-412
2025-11-24T16:16:35.027325,49,71,35,164,201,38,27,39,-10748,8084,-6156,7048,-227,-1980,359,316,351,-595
2025-11-24T16:16:35.042025,49,72,40,189,220,42,26,40,-10709,8054,-6107,7182,-204,-1949,336,476,328,-711
2025-11-24T16:16:35.064810,50,48,42,214,247,60,30,42,-10669,8021,-6059,7318,-204,-1880,362,475,345,-716
2025-11-24T16:16:35.087765,51,46,45,209,303,69,33,42,-10618,8004,-6029,7435,-226,-1863,350,310,337,-689
2025-11-24T16:16:35.102096,39,31,44,179,299,73,34,30,-10538,8021,-6024,7534,-223,-1711,339,-12,341,-713
2025-11-24T16:16:35.125145,84,54,43,192,271,76,36,57,-10431,8062,-6041,7626,-154,-1804,373,-252,410,-710
2025-11-24T16:16:35.148054,87,54,38,183,345,76,38,58,-10313,8099,-6086,7709,-149,-2039,356,-331,515,-637
2025-11-24T16:16:35.161928,90,55,49,176,328,77,40,61,-10206,8110,-6144,7794,-175,-2165,374,-238,611,-541
2025-11-24T16:16:35.184773,89,71,56,173,293,87,37,62,-10111,8102,-6207,7876,-256,-2208,354,-154,632,-497
2025-11-24T16:16:35.207662,93,106,108,170,308,98,35,62,-10024,8095,-6265,7948,-302,-2121,364,-164,563,-483
2025-11-24T16:16:35.221942,96,105,120,140,311,104,33,40,-9939,8105,-6319,8002,-252,-2149,363,-241,455,-445
2025-11-24T16:16:35.245207,116,109,123,125,283,121,35,52,-9863,8119,-6351,8055,-147,-2091,322,-167,358,-429
2025-11-24T16:16:35.267092,147,120,152,99,293,121,33,65,-9791,8133,-6385,8104,-167,-2283,217,-96,345,-422
2025-11-24T16:16:35.290221,166,114,154,94,280,110,34,74,-9755,8127,-6401,8139,-237,-2269,306,37,216,-322
2025-11-24T16:16:35.312240,166,88,132,99,273,102,34,78,-9756,8100,-6374,8186,-95,-2269,314,365,94,-262
2025-11-24T16:16:35.327675,158,84,127,130,277,93,33,85,-9778,8066,-6321,8235,-12,-2075,362,482,1,-219
2025-11-24T16:16:35.349899,152,84,127,165,214,69,31,86,-9788,8057,-6290,8255,-43,-1925,367,223,-60,-168
2025-11-24T16:16:35.364602,124,87,87,182,249,55,30,74,-9789,8068,-6283,8249,-16,-2044,366,28,-81,-72
2025-11-24T16:16:35.387712,97,85,87,241,289,104,41,65,-9785,8086,-6279,8239,50,-2099,365,-26,-87,-43
2025-11-24T16:16:35.409515,92,79,74,269,273,142,50,62,-9792,8090,-6263,8238,13,-2077,383,94,-89,-69
2025-11-24T16:16:35.424240,72,78,69,272,274,184,69,54,-9794,8099,-6245,8241,38,-2025,431,50,-87,-100
2025-11-24T16:16:35.447678,48,80,89,321,390,245,77,43,-9767,8136,-6260,8227,44,-1984,427,-269,-40,-89
2025-11-24T16:16:35.469759,33,61,101,320,484,264,78,40,-9711,8195,-6307,8197,41,-2167,401,-521,20,-86
2025-11-24T16:16:35.492663,34,70,101,312,557,262,77,43,-9654,8251,-6367,8162,-4,-2169,403,-580,60,-50
2025-11-24T16:16:35.507669,33,79,101,292,576,257,75,44,-9613,8291,-6428,8122,-81,-2223,370,-489,46,7
2025-11-24T16:16:35.537686,30,78,104,336,584,238,67,42,-9600,8312,-6476,8078,-65,-2271,349,-307,-13,119
2025-11-24T16:16:35.544404,29,73,86,270,528,177,57,38,-9601,8319,-6540,8017,-75,-2252,289,-282,2,290
2025-11-24T16:16:35.567583,32,70,68,262,438,156,57,41,-9622,8316,-6630,7920,-180,-2306,262,-338,-35,522
2025-11-24T16:16:35.590155,42,56,57,225,333,131,50,39,-9676,8302,-6728,7786,-240,-2393,228,-298,-163,767
2025-11-24T16:16:35.606452,43,44,70,216,298,100,43,33,-9755,8278,-6818,7633,-255,-2351,200,-212,-269,919
2025-11-24T16:16:35.627335,43,34,69,113,265,78,29,30,-9851,8246,-6895,7474,-267,-2278,197,-124,-349,990
2025-11-24T16:16:35.649840,43,29,79,125,246,72,28,31,-9960,8209,-6958,7311,-298,-2236,181,-43,-423,1009
2025-11-24T16:16:35.664076,42,31,83,135,214,50,26,29,-10078,8169,-6998,7154,-309,-2168,163,69,-501,976
2025-11-24T16:16:35.687338,30,33,92,124,198,53,27,24,-10201,8128,-7012,7010,-311,-2062,178,167,-560,887
2025-11-24T16:16:35.710461,28,31,82,129,222,68,28,25,-10323,8090,-7006,6880,-319,-1986,202,227,-594,781
2025-11-24T16:16:35.724527,29,35,78,126,217,70,34,26,-10438,8054,-6983,6771,-295,-1935,242,271,-579,667
2025-11-24T16:16:35.748125,30,35,69,112,205,89,39,24,-10548,8018,-6936,6691,-244,-1865,302,354,-570,512
2025-11-24T16:16:35.770593,29,36,76,94,207,93,38,23,-10650,7985,-6871,6636,-179,-1804,347,403,-535,388
2025-11-24T16:16:35.784386,28,35,68,96,286,101,46,24,-10736,7964,-6802,6594,-161,-1723,385,334,-505,269
2025-11-24T16:16:35.807084,29,36,71,92,284,99,48,23,-10804,7959,-6732,6561,-115,-1719,438,230,-467,173
2025-11-24T16:16:35.830252,25,31,82,93,290,99,44,24,-10854,7969,-6664,6535,-92,-1730,460,128,-435,95
2025-11-24T16:16:35.844462,22,33,82,93,300,88,41,25,-10895,7988,-6594,6515,-43,-1757,485,87,-413,50
2025-11-24T16:16:35.867875,32,32,82,142,302,86,40,26,-10935,8002,-6523,6502,-42,-1818,517,117,-385,34
2025-11-24T16:16:35.890184,35,41,85,146,199,84,32,24,-10978,8008,-6450,6496,-31,-1789,561,155,-361,23
2025-11-24T16:16:35.913061,36,46,83,166,224,80,30,26,-11012,8020,-6381,6491,-18,-1760,561,100,-334,0
2025-11-24T16:16:35.927738,38,47,72,219,249,76,30,24,-11037,8039,-6322,6483,-16,-1812,585,19,-298,3
2025-11-24T16:16:35.950455,39,61,78,230,262,70,27,24,-11057,8063,-6270,6470,-31,-1878,589,-33,-292,15
2025-11-24T16:16:35.964478,31,61,94,224,279,70,29,23,-11077,8081,-6218,6462,-35,-1904,600,0,-269,4
2025-11-24T16:16:35.987749,26,60,107,248,285,59,28,21,-11094,8100,-6168,6459,-65,-1944,557,27,-243,-36
2025-11-24T16:16:36.010053,24,56,111,256,309,83,33,23,-11106,8113,-6120,6466,-83,-1948,564,48,-193,-82
2025-11-24T16:16:36.024061,22,61,113,230,350,94,35,24,-11113,8127,-6076,6478,-92,-1943,573,35,-159,-115
2025-11-24T16:16:36.047715,22,49,109,232,341,106,38,26,-11112,8148,-6038,6489,-99,-1934,575,-30,-134,-130
2025-11-24T16:16:36.069650,24,48,90,229,337,114,41,27,-11105,8171,-6006,6503,-109,-1990,578,-63,-105,-152
2025-11-24T16:16:36.084084,24,43,69,217,338,115,40,29,-11100,8189,-5970,6522,-84,-2009,564,-6,-91,-160
2025-11-24T16:16:36.107761,26,48,72,247,309,105,38,28,-11102,8196,-5933,6543,-97,-2041,557,77,-88,-145
2025-11-24T16:16:36.130042,24,40,65,239,296,96,37,28,-11109,8198,-5898,6559,-136,-2053,516,118,-103,-122
2025-11-24T16:16:36.144451,23,36,69,228,279,83,35,26,-11124,8194,-5856,6578,-130,-1981,520,179,-120,-123
2025-11-24T16:16:36.167755,22,34,65,223,393,84,37,28,-11137,8191,-5816,6595,-99,-1939,520,160,-113,-112
2025-11-24T16:16:36.189736,23,33,65,231,401,93,41,31,-11145,8189,-5785,6610,-57,-1883,554,95,-71,-69
2025-11-24T16:16:36.212742,25,30,60,298,442,93,40,30,-11146,8196,-5768,6614,-71,-1897,535,-2,-64,-37
2025-11-24T16:16:36.227064,28,33,66,324,452,106,44,32,-11143,8209,-5754,6616,-64,-1993,474,0,-58,-30
2025-11-24T16:16:36.250087,28,34,64,332,482,121,51,34,-11155,8207,-5738,6613,-34,-1905,489,76,-74,50
2025-11-24T16:16:36.272619,28,34,67,343,400,126,53,32,-11175,8201,-5718,6603,20,-1783,499,90,-108,124
2025-11-24T16:16:36.287093,29,33,67,346,408,128,51,28,-11195,8206,-5702,6576,66,-1699,555,-38,-158,195
2025-11-24T16:16:36.310108,24,30,60,273,390,147,63,30,-11206,8237,-5694,6527,134,-1668,569,-234,-219,267
2025-11-24T16:16:36.339701,24,28,55,260,368,155,67,32,-11218,8280,-5691,6453,106,-1853,583,-325,-295,354
2025-11-24T16:16:36.346411,25,26,70,251,354,160,64,30,-11247,8311,-5686,6368,52,-1972,534,-212,-357,433
2025-11-24T16:16:36.369725,28,70,97,298,393,159,62,31,-11294,8323,-5661,6290,-11,-1953,463,3,-412,394
2025-11-24T16:16:36.392474,27,83,127,279,400,172,67,34,-11347,8327,-5627,6219,-15,-1876,459,81,-424,368
2025-11-24T16:16:36.406548,30,90,184,267,373,183,75,35,-11403,8330,-5588,6147,-26,-1873,471,99,-449,361
2025-11-24T16:16:36.429595,32,111,190,244,343,179,79,37,-11458,8340,-5551,6067,-90,-1940,528,35,-485,359
2025-11-24T16:16:36.452723,31,114,188,242,326,174,82,37,-11511,8359,-5502,5983,-233,-1981,490,35,-576,247
2025-11-24T16:16:36.466952,29,98,179,144,256,167,81,36,-11557,8382,-5440,5919,-219,-2015,479,76,-564,120
2025-11-24T16:16:36.489700,30,89,174,147,224,157,78,37,-11596,8399,-5370,5880,-178,-1897,487,125,-499,8
2025-11-24T16:16:36.512939,29,86,156,128,202,125,62,33,-11628,8422,-5309,5841,-228,-1978,521,63,-461,-22
2025-11-24T16:16:36.526872,26,83,163,118,191,119,52,26,-11644,8457,-5254,5807,-278,-1902,471,-19,-433,-103
2025-11-24T16:16:36.550404,24,86,169,132,188,105,44,25,-11645,8502,-5194,5794,-255,-1835,481,-76,-383,-251
2025-11-24T16:16:36.572713,24,81,163,127,181,104,42,22,-11638,8553,-5138,5783,-211,-1914,462,-109,-353,-256
2025-11-24T16:16:36.586958,22,82,151,119,163,89,39,19,-11631,8598,-5088,5775,-224,-1936,444,-72,-312,-253
2025-11-24T16:16:36.610186,19,81,112,122,159,76,34,18,-11617,8639,-5042,5781,-268,-1908,390,-45,-248,-331
2025-11-24T16:16:36.632729,21,62,99,153,195,82,30,21,-11587,8689,-5000,5803,-250,-1813,325,-89,-173,-431
2025-11-24T16:16:36.647387,25,68,89,140,193,110,32,22,-11530,8754,-4985,5832,-200,-1718,278,-265,-26,-444
2025-11-24T16:16:36.670397,25,69,104,157,192,117,41,27,-11444,8845,-5016,5839,-238,-1767,253,-579,82,-349
2025-11-24T16:16:36.692754,26,68,111,164,192,118,47,26,-11334,8957,-5077,5829,-346,-1857,365,-895,140,-333
2025-11-24T16:16:36.706929,28,63,101,218,236,136,54,28,-11226,9069,-5140,5809,-340,-2137,375,-902,117,-283
2025-11-24T16:16:36.730178,27,65,153,212,361,213,62,30,-11141,9155,-5195,5789,-260,-2255,421,-749,108,-167
2025-11-24T16:16:36.752455,29,76,247,238,368,217,68,34,-11065,9222,-5279,5752,-343,-2546,408,-721,183,3
2025-11-24T16:16:36.764794,33,88,272,245,398,218,66,33,-11047,9226,-5379,5688,-413,-2738,577,-476,181,366
2025-11-24T16:16:36.788599,32,87,272,275,460,233,64,32,-11063,9191,-5483,5612,-446,-2501,596,-283,176,564
2025-11-24T16:16:36.812058,36,89,275,274,453,231,70,189,-11083,9158,-5600,5510,-512,-2274,629,-390,135,678
2025-11-24T16:16:36.826462,37,82,248,306,387,158,68,231,-11076,9169,-5726,5377,-607,-2361,544,-685,41,670
2025-11-24T16:16:36.850198,34,60,149,308,390,137,61,239,-11067,9182,-5841,5247,-585,-2572,465,-628,11,665
2025-11-24T16:16:36.872280,31,38,88,313,385,136,60,246,-11101,9134,-5937,5150,-567,-2585,449,-157,75,714
2025-11-24T16:16:36.895179,33,37,76,295,358,129,73,257,-11166,9036,-6024,5081,-545,-2327,419,206,154,754
2025-11-24T16:16:36.909651,33,35,70,272,386,143,66,193,-11231,8932,-6109,5020,-532,-2093,391,264,184,744
2025-11-24T16:16:36.932734,34,37,72,252,385,146,65,165,-11259,8868,-6198,4962,-575,-1958,304,31,206,571
2025-11-24T16:16:36.946917,40,39,70,259,436,150,71,171,-11256,8844,-6281,4906,-521,-2029,294,-197,192,460
2025-11-24T16:16:36.970145,46,41,64,275,426,146,69,168,-11243,8830,-6352,4870,-454,-2206,272,-183,216,380
2025-11-24T16:16:36.992594,45,40,61,275,410,126,57,166,-11245,8793,-6396,4873,-416,-2208,254,89,241,243
2025-11-24T16:16:37.006545,43,37,63,267,392,92,51,150,-11258,8739,-6413,4921,-376,-2065,264,325,277,51
2025-11-24T16:16:37.030195,45,36,57,262,357,75,44,124,-11261,8690,-6419,4990,-318,-1996,287,325,315,-67
2025-11-24T16:16:37.052739,42,33,65,256,285,60,34,100,-11253,8654,-6419,5071,-275,-1966,302,276,333,-163
2025-11-24T16:16:37.068114,37,31,70,234,382,65,35,92,-11233,8634,-6412,5157,-233,-1926,288,212,318,-249
2025-11-24T16:16:37.090502,37,32,80,236,371,66,33,62,-11210,8628,-6392,5241,-207,-1953,295,171,248,-310
2025-11-24T16:16:37.112728,36,33,80,303,343,68,31,56,-11181,8636,-6357,5332,-116,-1813,284,132,204,-395
2025-11-24T16:16:37.135472,46,38,94,348,350,76,32,52,-11145,8653,-6308,5438,-36,-1763,295,135,196,-505
2025-11-24T16:16:37.150562,54,40,97,347,346,71,29,52,-11120,8660,-6244,5550,-27,-1955,275,273,151,-523
2025-11-24T16:16:37.172635,55,42,99,350,210,78,30,44,-11118,8639,-6170,5668,-6,-1879,255,492,128,-477
2025-11-24T16:16:37.195200,57,43,92,347,201,111,56,49,-11121,8616,-6110,5761,51,-1720,272,427,110,-320
2025-11-24T16:16:37.209615,58,48,90,288,206,114,59,49,-11102,8627,-6090,5803,-16,-1703,262,40,83,-167
2025-11-24T16:16:37.232755,49,68,86,254,194,114,69,47,-11059,8671,-6097,5814,-62,-1681,238,-259,70,-112
2025-11-24T16:16:37.255234,53,81,93,246,178,133,76,47,-11006,8729,-6103,5819,-28,-1810,186,-327,44,-125
2025-11-24T16:16:37.269404,63,92,169,336,290,148,89,57,-10963,8772,-6113,5826,-15,-1942,219,-251,76,-51
2025-11-24T16:16:37.300205,63,93,172,334,282,157,77,51,-10944,8786,-6116,5837,-89,-1981,311,-107,71,-19
2025-11-24T16:16:37.315163,62,107,183,336,283,162,76,51,-10938,8793,-6118,5836,-218,-2014,329,-64,6,-9
2025-11-24T16:16:37.330207,61,105,193,311,362,195,71,49,-10934,8807,-6115,5826,-275,-2112,338,-96,-63,-24
2025-11-24T16:16:37.353167,49,95,187,325,422,205,68,45,-10936,8810,-6104,5829,-203,-2138,367,-6,-36,-19
2025-11-24T16:16:37.375192,32,84,123,302,437,210,56,40,-10932,8809,-6101,5840,-191,-1998,365,-19,43,-33
2025-11-24T16:16:37.389454,30,86,121,304,479,199,55,39,-10920,8812,-6117,5842,-237,-2106,354,-104,88,10
2025-11-24T16:16:37.412439,29,65,105,300,499,195,55,39,-10906,8818,-6133,5842,-222,-2077,363,-132,79,19
2025-11-24T16:16:37.434456,29,48,80,308,463,181,56,39,-10888,8821,-6166,5835,-231,-2135,340,-72,78,64
2025-11-24T16:16:37.453709,33,60,85,288,451,172,57,39,-10876,8820,-6189,5837,-245,-2032,289,-80,117,37
2025-11-24T16:16:37.471676,36,96,93,202,380,146,54,32,-10861,8821,-6213,5837,-244,-2065,266,-92,121,46
2025-11-24T16:16:37.494218,143,108,111,201,377,136,58,45,-10850,8816,-6235,5841,-248,-2092,250,-37,124,43
2025-11-24T16:16:37.513732,151,119,110,194,355,140,62,55,-10851,8803,-6246,5848,-277,-2111,243,71,82,23
2025-11-24T16:16:37.536151,156,126,130,210,391,110,58,56,-10875,8777,-6227,5862,-302,-2191,282,243,-32,-20
2025-11-24T16:16:37.553915,198,136,224,249,429,91,55,98,-10918,8743,-6188,5873,-263,-2181,295,376,-140,0
2025-11-24T16:16:37.576902,199,125,244,254,431,158,68,102,-10983,8680,-6121,5916,-217,-1967,336,645,-129,-82
2025-11-24T16:16:37.596010,147,139,314,330,417,193,74,100,-11012,8659,-6078,5938,-244,-1693,322,279,-114,-135
2025-11-24T16:16:37.614481,140,138,337,343,419,206,79,102,-11007,8681,-6054,5941,-316,-1766,259,-24,-131,-198
2025-11-24T16:16:37.636905,135,133,333,324,399,219,86,102,-11003,8709,-6018,5943,-238,-2068,252,12,-182,-188
2025-11-24T16:16:37.656461,57,119,282,295,314,230,86,64,-11024,8703,-5971,5959,-149,-2101,325,230,-158,-104
2025-11-24T16:16:37.674244,50,105,264,283,309,199,76,59,-11059,8672,-5932,5978,-195,-1934,324,356,-99,-46
2025-11-24T16:16:37.696933,50,91,176,197,270,219,73,60,-11089,8647,-5905,5986,-255,-1893,391,234,-93,-30
2025-11-24T16:16:37.716640,48,82,131,214,287,213,67,48,-11089,8659,-5893,5980,-213,-1902,375,-43,-91,-46
2025-11-24T16:16:37.734448,50,80,138,249,272,234,68,50,-11084,8682,-5869,5980,-233,-2001,363,-49,-130,-143
2025-11-24T16:16:37.761266,55,82,169,255,295,225,76,59,-11082,8692,-5839,5999,-153,-2056,338,78,-70,-168
2025-11-24T16:16:37.776413,58,91,193,256,293,220,75,60,-11089,8679,-5819,6024,-151,-2008,347,178,8,-92
2025-11-24T16:16:37.794302,51,74,203,333,321,172,76,58,-11104,8658,-5805,6039,-188,-1994,367,196,4,-32
2025-11-24T16:16:37.813301,53,82,221,410,328,305,105,63,-11104,8662,-5805,6033,-202,-2008,436,-53,-23,9
2025-11-24T16:16:37.835911,53,92,251,443,360,326,104,78,-11075,8703,-5813,6020,-206,-1951,367,-284,-42,-84
2025-11-24T16:16:37.858695,48,109,229,446,345,335,100,74,-11061,8735,-5788,6025,-217,-2192,354,-74,-122,-201
2025-11-24T16:16:37.876723,45,110,207,446,363,344,100,73,-11087,8721,-5722,6059,-179,-2256,399,353,-176,-242
2025-11-24T16:16:37.903758,44,107,190,391,347,342,96,71,-11149,8661,-5636,6112,-186,-2025,467,667,-159,-231
2025-11-24T16:16:37.914336,39,99,173,338,348,253,72,70,-11185,8627,-5569,6156,-246,-1812,444,437,-136,-287
2025-11-24T16:16:37.944362,41,92,128,292,312,251,74,68,-11186,8635,-5521,6186,-165,-1895,463,108,-119,-297
2025-11-24T16:16:37.956584,44,70,138,337,337,260,83,73,-11189,8640,-5468,6219,-159,-2105,526,138,-127,-302
2025-11-24T16:16:37.973819,45,76,223,340,326,316,94,72,-11216,8614,-5400,6268,-91,-2098,557,381,-108,-276
2025-11-24T16:16:37.996879,48,77,231,351,341,385,106,75,-11239,8578,-5334,6331,-108,-1926,501,449,-34,-331
2025-11-24T16:16:38.015884,52,123,265,330,472,419,125,93,-11232,8572,-5293,6386,-190,-1793,513,161,17,-403
2025-11-24T16:16:38.033934,51,138,352,348,562,415,135,92,-11214,8585,-5258,6430,-125,-2034,543,33,-13,-371
2025-11-24T16:16:38.056956,48,143,373,391,635,418,131,93,-11202,8576,-5213,6498,41,-2088,578,204,82,-359
2025-11-24T16:16:38.076301,47,134,334,412,658,371,126,96,-11186,8558,-5190,6568,100,-1918,572,157,201,-269
2025-11-24T16:16:38.093817,47,138,421,424,797,298,115,94,-11161,8553,-5206,6603,164,-1878,519,-45,247,-37
2025-11-24T16:16:38.116948,46,110,456,433,749,229,87,75,-11130,8575,-5250,6594,188,-1883,503,-299,175,167
2025-11-24T16:16:38.136606,75,166,563,419,691,185,79,71,-11100,8609,-5317,6544,207,-2034,464,-443,119,391
2025-11-24T16:16:38.154530,118,219,697,387,728,166,82,65,-11097,8627,-5389,6467,146,-2108,439,-345,38,577
2025-11-24T16:16:38.176910,187,353,777,386,758,168,85,80,-11134,8619,-5440,6371,88,-2172,377,-87,-119,706
2025-11-24T16:16:38.196222,284,395,792,355,619,168,87,84,-11201,8594,-5468,6262,22,-2100,308,127,-275,771
2025-11-24T16:16:38.214407,320,428,907,350,608,162,88,92,-11279,8573,-5487,6134,37,-1987,283,126,-389,841
2025-11-24T16:16:38.236808,318,420,853,408,603,148,73,90,-11350,8575,-5515,5973,-13,-1898,234,-52,-488,933
2025-11-24T16:16:38.256328,311,408,774,421,472,126,63,89,-11406,8615,-5555,5767,-201,-1895,274,-379,-648,950
2025-11-24T16:16:38.274576,278,301,702,427,372,125,53,72,-11443,8693,-5578,5551,-246,-1775,299,-610,-776,821
2025-11-24T16:16:38.297548,185,257,663,493,334,114,50,64,-11450,8794,-5600,5352,-257,-1784,237,-735,-720,652
2025-11-24T16:16:38.324580,116,204,514,515,289,125,43,50,-11448,8894,-5618,5168,-366,-1864,303,-766,-675,517
2025-11-24T16:16:38.334434,108,172,494,490,271,174,47,43,-11455,8984,-5604,5011,-501,-2016,335,-605,-726,301
2025-11-24T16:16:38.356673,91,138,492,481,239,181,50,38,-11460,9063,-5562,4903,-500,-1733,305,-441,-658,19
2025-11-24T16:16:38.376621,96,138,482,528,267,188,51,45,-11435,9162,-5512,4832,-560,-1774,257,-509,-564,-270
2025-11-24T16:16:38.394339,80,113,470,558,348,199,50,42,-11401,9260,-5460,4786,-472,-1934,333,-521,-454,-337
2025-11-24T16:16:38.416528,76,103,418,621,355,213,59,44,-11364,9349,-5412,4757,-392,-1937,356,-494,-363,-343
2025-11-24T16:16:38.436379,69,100,371,651,391,194,55,40,-11303,9445,-5380,4745,-420,-1861,332,-595,-210,-436
2025-11-24T16:16:38.454421,68,111,351,657,397,181,56,44,-11204,9572,-5356,4754,-381,-1854,291,-804,-93,-606
2025-11-24T16:16:38.477015,77,130,404,685,399,176,55,47,-11078,9717,-5344,4768,-229,-2062,247,-964,-4,-576
2025-11-24T16:16:38.499305,81,132,397,700,326,168,56,50,-10986,9822,-5332,4779,-143,-2348,243,-711,-1,-393
2025-11-24T16:16:38.514417,78,120,376,663,323,135,52,46,-10960,9851,-5304,4811,-78,-2470,294,-161,7,-245
2025-11-24T16:16:38.536947,81,116,363,689,278,106,51,48,-10960,9853,-5264,4852,-82,-2176,285,60,-6,-246
2025-11-24T16:16:38.556497,93,116,356,712,254,108,52,61,-10943,9871,-5231,4886,-103,-2123,255,-66,-4,-279
2025-11-24T16:16:38.574621,129,104,397,799,230,93,49,63,-10930,9888,-5205,4910,-113,-2275,261,-77,-17,-213
2025-11-24T16:16:38.596787,150,130,393,785,253,88,48,65,-10946,9875,-5166,4942,-45,-2300,282,160,-34,-153
2025-11-24T16:16:38.616055,154,137,393,792,252,80,43,65,-10976,9842,-5127,4981,-57,-2231,301,294,-8,-132
2025-11-24T16:16:38.634295,158,143,414,751,230,72,50,69,-11003,9810,-5107,5007,-31,-2368,356,212,28,-12
2025-11-24T16:16:38.656724,158,140,385,803,263,71,43,59,-11047,9754,-5099,5026,-80,-2332,351,339,58,100
2025-11-24T16:16:38.676306,119,133,335,698,261,65,43,52,-11102,9692,-5075,5049,-63,-2173,320,449,1,67
2025-11-24T16:16:38.693880,142,121,410,741,232,62,43,55,-11144,9658,-5041,5058,-88,-2087,260,334,-111,0
2025-11-24T16:16:38.716911,142,125,418,732,195,60,43,54,-11185,9623,-4994,5079,-31,-2121,319,353,-113,-60
2025-11-24T16:16:38.736241,140,124,402,716,206,58,34,47,-11234,9575,-4935,5118,-14,-2010,336,485,-88,-128
2025-11-24T16:16:38.754697,133,123,403,643,176,52,31,42,-11283,9526,-4876,5159,-15,-1899,291,513,-87,-150
2025-11-24T16:16:38.776807,130,116,382,665,169,59,35,40,-11318,9493,-4815,5199,0,-1803,278,414,-99,-194
2025-11-24T16:16:38.796283,67,92,280,544,174,76,41,32,-11338,9478,-4756,5238,79,-1827,281,305,-95,-207
2025-11-24T16:16:38.814369,58,78,291,502,187,108,48,35,-11347,9474,-4705,5271,107,-1947,340,185,-86,-189
2025-11-24T16:16:38.836868,47,68,298,507,195,127,52,36,-11344,9478,-4672,5299,158,-1896,358,58,-19,-120
2025-11-24T16:16:38.856184,52,66,283,469,464,188,64,42,-11328,9493,-4667,5311,177,-1962,397,-122,37,2
2025-11-24T16:16:38.874395,51,78,302,332,495,198,68,44,-11298,9525,-4702,5286,206,-1895,445,-401,67,237
2025-11-24T16:16:38.896746,48,101,337,330,513,203,66,41,-11260,9570,-4760,5234,42,-2065,343,-502,42,301
2025-11-24T16:16:38.916130,46,104,345,294,508,191,61,39,-11267,9566,-4820,5173,-36,-2344,401,-199,33,477
2025-11-24T16:16:38.934414,48,113,337,248,578,193,61,44,-11311,9496,-4893,5137,-71,-2280,484,147,220,587
2025-11-24T16:16:38.956957,37,107,335,275,440,187,60,44,-11351,9399,-4998,5125,-223,-2226,485,230,468,582
2025-11-24T16:16:38.976507,35,102,295,313,471,181,54,43,-11376,9307,-5112,5125,-401,-2156,427,192,540,437
2025-11-24T16:16:38.994036,38,78,246,336,585,177,63,62,-11396,9227,-5212,5125,-507,-2303,366,209,468,337
2025-11-24T16:16:39.016363,104,79,201,382,627,184,81,140,-11440,9126,-5288,5132,-476,-2292,413,402,394,337
2025-11-24T16:16:39.039348,113,63,180,408,617,172,85,216,-11492,9003,-5345,5171,-446,-2187,483,571,450,232
2025-11-24T16:16:39.058758,150,112,173,442,676,133,83,238,-11525,8879,-5408,5247,-447,-2080,461,589,619,73
2025-11-24T16:16:39.076759,177,121,143,427,653,129,84,269,-11528,8775,-5469,5352,-488,-2001,410,509,715,-160
2025-11-24T16:16:39.103577,189,121,126,397,563,121,77,271,-11524,8668,-5512,5490,-419,-2028,389,618,761,-314
2025-11-24T16:16:39.114312,168,116,100,351,542,108,59,265,-11513,8577,-5540,5624,-378,-1959,358,575,676,-370
2025-11-24T16:16:39.136871,163,116,104,315,485,122,56,208,-11475,8543,-5565,5730,-287,-1763,295,235,525,-399
2025-11-24T16:16:39.159193,129,68,85,191,359,107,50,186,-11395,8568,-5599,5816,-160,-1709,321,-197,488,-429
2025-11-24T16:16:39.174820,93,43,77,164,360,108,47,140,-11290,8627,-5642,5894,-123,-1737,266,-421,477,-475
2025-11-24T16:16:39.196673,68,65,122,170,331,109,47,130,-11194,8679,-5669,5973,-68,-1865,224,-300,420,-465
2025-11-24T16:16:39.219273,55,78,144,194,288,118,48,69,-11134,8695,-5674,6055,-44,-2028,240,1,350,-391
2025-11-24T16:16:39.234278,52,79,149,200,280,115,44,60,-11113,8670,-5656,6148,-22,-1941,242,334,307,-339
2025-11-24T16:16:39.256802,50,86,165,211,332,124,42,48,-11103,8635,-5634,6234,-10,-1747,324,340,272,-288
2025-11-24T16:16:39.279467,43,102,178,225,303,130,46,37,-11070,8639,-5632,6288,17,-1605,309,15,219,-228
2025-11-24T16:16:39.294581,48,92,176,253,303,126,44,33,-11017,8681,-5651,6305,25,-1789,328,-306,147,-134
2025-11-24T16:16:39.316655,78,82,159,291,304,116,44,41,-10970,8728,-5675,6301,23,-2071,330,-337,79,-29
2025-11-24T16:16:39.339362,81,85,152,391,296,124,46,42,-10949,8741,-5688,6307,34,-2087,385,-118,93,23
2025-11-24T16:16:39.354694,84,85,137,439,275,242,68,50,-10937,8740,-5706,6315,-16,-2001,364,-45,124,50
2025-11-24T16:16:39.376314,86,75,114,435,340,253,67,49,-10918,8753,-5725,6312,-98,-1863,352,-152,69,5
2025-11-24T16:16:39.399327,83,73,78,425,376,265,66,50,-10891,8788,-5739,6298,-65,-2028,349,-256,-6,-8
2025-11-24T16:16:39.422331,58,73,82,420,412,282,70,44,-10881,8806,-5747,6282,-33,-2162,410,-162,-29,74
2025-11-24T16:16:39.436664,58,69,115,395,421,282,71,44,-10886,8798,-5751,6281,-39,-2011,440,-7,31,81
2025-11-24T16:16:39.460908,53,78,157,350,397,253,66,34,-10872,8812,-5769,6268,-9,-1904,384,-188,35,97
2025-11-24T16:16:39.478378,56,71,172,359,344,244,65,38,-10841,8851,-5808,6232,29,-2004,399,-426,28,187
2025-11-24T16:16:39.495220,52,78,214,362,353,247,68,39,-10829,8877,-5840,6187,19,-2143,404,-322,-31,269
2025-11-24T16:16:39.517774,46,78,229,342,317,236,66,36,-10839,8879,-5864,6141,47,-2169,401,-149,-58,365
2025-11-24T16:16:39.537603,42,87,223,279,332,228,66,39,-10868,8865,-5883,6093,20,-2088,426,-51,-88,418
2025-11-24T16:16:39.563541,46,100,256,246,333,160,52,41,-10903,8852,-5898,6035,34,-2020,418,-48,-140,469
2025-11-24T16:16:39.578938,39,104,272,229,320,156,54,36,-10947,8840,-5909,5963,69,-2019,406,-34,-217,552
2025-11-24T16:16:39.598618,39,114,265,214,245,132,51,36,-11003,8822,-5909,5885,50,-2035,393,43,-284,579
2025-11-24T16:16:39.616908,100,115,271,195,260,119,47,37,-11074,8788,-5897,5814,47,-1975,384,195,-312,579
2025-11-24T16:16:39.639339,114,115,299,165,221,118,44,36,-11151,8748,-5871,5753,90,-1839,349,297,-327,545
2025-11-24T16:16:39.658589,116,113,303,198,192,104,40,34,-11224,8710,-5843,5698,111,-1763,374,282,-305,523
2025-11-24T16:16:39.676384,118,108,303,184,193,98,37,34,-11276,8691,-5823,5644,22,-1778,292,183,-288,421
2025-11-24T16:16:39.703385,120,89,291,198,219,104,40,33,-11318,8683,-5792,5604,-76,-1830,258,184,-291,243
2025-11-24T16:16:39.718722,108,104,292,203,183,108,42,33,-11348,8688,-5747,5581,-104,-1741,249,161,-307,70
2025-11-24T16:16:39.736871,109,102,266,243,178,102,39,34,-11361,8712,-5696,5570,-76,-1661,242,64,-297,-64
2025-11-24T16:16:39.759069,111,98,208,220,225,214,47,34,-11360,8753,-5646,5557,-160,-1810,284,-54,-306,-150
2025-11-24T16:16:39.778609,110,100,231,231,281,231,54,38,-11351,8802,-5597,5549,-415,-1963,322,-106,-315,-336
2025-11-24T16:16:39.801125,110,113,262,230,292,242,53,37,-11342,8845,-5531,5566,-557,-1935,302,0,-311,-556
2025-11-24T16:16:39.818904,80,105,269,213,323,242,54,34,-11335,8877,-5449,5609,-531,-1994,342,118,-273,-672
2025-11-24T16:16:39.839018,61,130,263,176,356,265,54,31,-11329,8898,-5381,5654,-492,-2038,456,87,-191,-610
2025-11-24T16:16:39.856848,55,128,308,169,328,194,50,34,-11297,8929,-5349,5699,-602,-1969,451,-109,-34,-638
2025-11-24T16:16:39.879099,59,128,276,164,335,176,44,37,-11244,8970,-5340,5746,-645,-2106,453,-241,75,-662
2025-11-24T16:16:39.899317,59,118,248,169,328,155,44,39,-11188,9007,-5344,5795,-618,-2287,468,-259,146,-614
2025-11-24T16:16:39.916843,62,111,224,244,422,152,39,45,-11151,9024,-5351,5833,-617,-2349,471,-144,131,-496
2025-11-24T16:16:39.946853,61,76,234,246,414,106,38,46,-11133,9026,-5348,5866,-590,-2287,442,-11,68,-435
2025-11-24T16:16:39.959110,63,61,201,255,448,91,32,43,-11126,9025,-5325,5902,-400,-2071,423,72,8,-388
2025-11-24T16:16:39.977130,59,63,269,275,424,99,43,43,-11107,9032,-5332,5922,-305,-2342,340,-18,88,-213
2025-11-24T16:16:39.999338,79,64,265,266,409,100,42,55,-11108,9021,-5359,5912,-368,-2249,387,-11,62,-2
2025-11-24T16:16:40.021847,82,67,277,231,325,111,47,53,-11127,9007,-5369,5889,-312,-2183,340,82,-60,73
2025-11-24T16:16:40.036865,101,67,275,289,305,110,48,66,-11147,9009,-5353,5860,-213,-2042,346,48,-201,40
2025-11-24T16:16:40.059629,218,70,264,310,301,211,78,101,-11156,9032,-5325,5837,-141,-2014,334,-26,-245,-42
2025-11-24T16:16:40.082026,243,89,239,322,308,219,83,109,-11167,9049,-5282,5827,-64,-2031,354,48,-245,-85
2025-11-24T16:16:40.096662,255,98,242,323,322,224,83,116,-11176,9063,-5245,5822,-28,-1999,333,62,-199,-71
2025-11-24T16:16:40.119345,263,98,229,328,285,220,82,124,-11185,9073,-5220,5811,-48,-2049,366,27,-158,-15
2025-11-24T16:16:40.141861,262,96,228,271,344,231,85,125,-11199,9070,-5201,5807,-33,-2021,418,67,-100,13
2025-11-24T16:16:40.157132,185,95,258,260,371,147,61,104,-11196,9076,-5197,5804,-29,-1981,445,-71,-28,12
2025-11-24T16:16:40.183425,156,71,214,227,393,131,46,95,-11174,9103,-5207,5797,-20,-2066,418,-225,11,0
2025-11-24T16:16:40.202031,131,59,212,219,406,136,50,78,-11160,9120,-5205,5798,-47,-2152,419,-118,-9,-42
2025-11-24T16:16:40.216847,114,55,208,183,419,141,53,66,-11161,9123,-5188,5807,-8,-2121,426,17,-35,-55
2025-11-24T16:16:40.238843,104,77,263,200,433,149,58,56,-11165,9122,-5170,5817,14,-2060,433,37,-34,-38
2025-11-24T16:16:40.261888,90,70,227,176,393,169,59,53,-11165,9122,-5168,5819,6,-2060,477,-2,-8,3
2025-11-24T16:16:40.278115,79,73,230,309,401,178,64,51,-11164,9119,-5174,5821,-23,-2067,478,-53,43,35
2025-11-24T16:16:40.299146,70,68,224,328,405,174,63,51,-11161,9118,-5182,5821,-64,-2048,426,-52,40,29
2025-11-24T16:16:40.321845,59,68,223,344,417,245,63,47,-11163,9112,-5188,5821,-8,-2065,450,-16,39,68
2025-11-24T16:16:40.336501,47,41,142,359,393,260,61,41,-11156,9105,-5225,5813,-9,-1989,452,-138,150,184
2025-11-24T16:16:40.359537,39,37,122,359,378,268,62,32,-11124,9111,-5302,5794,-158,-1988,372,-318,273,202
2025-11-24T16:16:40.381614,31,30,101,248,373,267,60,27,-11094,9108,-5399,5767,-263,-2291,384,-329,332,277
2025-11-24T16:16:40.396564,28,31,96,222,366,264,56,27,-11087,9072,-5502,5740,-354,-2351,367,-128,373,373
2025-11-24T16:16:40.418836,29,32,89,196,417,195,52,26,-11103,9003,-5600,5723,-376,-2251,386,78,407,418
2025-11-24T16:16:40.441729,31,37,78,158,409,153,47,30,-11112,8937,-5703,5707,-471,-2180,363,44,426,380
2025-11-24T16:16:40.456844,58,38,73,153,427,106,40,44,-11114,8879,-5797,5699,-475,-2220,373,25,421,302
2025-11-24T16:16:40.479376,63,37,61,152,395,81,37,46,-11119,8818,-5874,5705,-446,-2199,355,111,401,229
2025-11-24T16:16:40.501545,65,37,62,148,386,77,38,46,-11119,8761,-5937,5728,-425,-2096,329,154,401,125
2025-11-24T16:16:40.516749,66,35,54,139,296,77,39,47,-11112,8713,-5975,5773,-355,-2039,346,180,376,-30
2025-11-24T16:16:40.539935,65,27,49,109,243,80,37,44,-11083,8699,-5990,5837,-245,-1851,355,47,336,-239
2025-11-24T16:16:40.561321,42,25,44,98,194,77,42,29,-11030,8713,-5988,5917,-120,-1851,321,-48,320,-399
2025-11-24T16:16:40.577098,35,28,53,90,303,103,46,30,-10974,8732,-5973,6008,-22,-1935,270,10,299,-447
2025-11-24T16:16:40.599328,41,26,56,102,417,127,46,32,-10931,8739,-5948,6099,6,-1876,250,121,263,-427
2025-11-24T16:16:40.621423,41,28,63,171,418,123,44,32,-10895,8745,-5921,6180,66,-1806,243,124,217,-354
2025-11-24T16:16:40.636723,42,31,74,192,450,125,45,33,-10853,8770,-5897,6241,109,-1699,233,-12,147,-317
2025-11-24T16:16:40.659276,43,36,87,216,507,126,40,32,-10808,8807,-5878,6285,177,-1782,258,-121,92,-237
2025-11-24T16:16:40.682104,43,34,96,220,470,128,38,31,-10769,8845,-5866,6311,183,-1877,281,-167,59,-137
2025-11-24T16:16:40.696761,35,45,95,238,404,144,54,31,-10741,8870,-5859,6330,159,-1892,329,-136,56,-64
2025-11-24T16:16:40.719270,31,46,95,199,412,146,56,29,-10716,8890,-5853,6349,113,-1880,311,-108,59,-73
2025-11-24T16:16:40.741561,30,63,103,191,418,164,56,29,-10690,8912,-5844,6371,122,-1967,332,-111,57,-95
2025-11-24T16:16:40.756800,30,62,94,178,355,192,58,31,-10667,8928,-5838,6393,138,-1964,375,-110,74,-62
2025-11-24T16:16:40.783579,31,62,80,169,320,191,57,30,-10643,8943,-5838,6412,92,-1941,369,-131,89,-66
2025-11-24T16:16:40.810026,33,76,92,145,267,172,42,29,-10614,8964,-5843,6424,54,-2025,373,-195,74,-64
2025-11-24T16:16:40.816706,31,77,90,153,332,189,43,28,-10584,8984,-5851,6440,94,-2054,427,-216,109,-57
2025-11-24T16:16:40.839362,30,68,75,189,323,180,44,27,-10551,8997,-5858,6469,138,-1917,412,-186,171,-79
2025-11-24T16:16:40.866043,29,67,72,182,319,150,39,26,-10512,9016,-5879,6488,183,-1960,403,-266,189,0
2025-11-24T16:16:40.876832,28,69,74,189,321,135,38,24,-10479,9029,-5910,6494,150,-2038,376,-261,181,84
2025-11-24T16:16:40.899286,24,47,48,178,320,127,43,24,-10462,9025,-5942,6499,169,-2035,363,-150,190,170
2025-11-24T16:16:40.921825,22,43,48,164,234,116,40,25,-10451,9015,-5982,6493,154,-1957,357,-159,188,255
2025-11-24T16:16:40.944326,22,37,56,98,178,111,40,26,-10441,9008,-6026,6478,165,-1944,380,-207,162,308
2025-11-24T16:16:40.959710,21,39,61,94,206,110,44,27,-10431,9014,-6065,6450,195,-1925,336,-254,83,331
2025-11-24T16:16:40.981567,23,48,70,87,210,112,43,27,-10429,9020,-6100,6410,180,-2000,275,-211,8,379
2025-11-24T16:16:41.006571,23,63,86,90,213,115,39,28,-10439,9024,-6125,6366,62,-2071,160,-90,-68,338
2025-11-24T16:16:41.019300,25,65,87,126,213,126,47,31,-10464,9014,-6129,6335,2,-2017,127,96,-112,254
2025-11-24T16:16:41.041852,26,66,79,121,268,130,48,30,-10500,8997,-6120,6308,-28,-1965,168,172,-149,227
2025-11-24T16:16:41.064084,25,64,78,125,248,143,45,30,-10546,8983,-6103,6267,-136,-1984,185,170,-257,214
2025-11-24T16:16:41.086635,24,56,74,161,253,149,49,32,-10592,8979,-6074,6224,-200,-2025,168,176,-332,135
2025-11-24T16:16:41.101687,25,37,58,189,252,148,48,30,-10633,8980,-6035,6191,-196,-2016,149,196,-335,50
2025-11-24T16:16:41.124294,25,37,62,197,278,127,40,26,-10675,8974,-5997,6164,-206,-2037,215,208,-304,38
2025-11-24T16:16:41.139309,23,30,63,236,266,155,43,25,-10721,8962,-5968,6129,-340,-2094,212,217,-299,55
2025-11-24T16:16:41.161514,25,29,64,278,264,145,44,28,-10764,8952,-5947,6088,-478,-2027,218,164,-296,13
2025-11-24T16:16:41.184116,25,32,69,271,291,141,40,27,-10784,8959,-5935,6055,-518,-2031,227,27,-233,-88
2025-11-24T16:16:41.199327,27,32,66,264,322,138,42,29,-10793,8972,-5932,6021,-526,-2177,279,-70,-188,-88
2025-11-24T16:16:41.230139,27,30,61,251,318,164,51,29,-10804,8973,-5934,5998,-582,-2203,289,-12,-120,-113
2025-11-24T16:16:41.244307,27,29,58,217,299,140,50,30,-10813,8969,-5939,5984,-615,-2132,303,-1,-71,-148
2025-11-24T16:16:41.259263,26,27,54,158,329,161,56,27,-10808,8977,-5941,5979,-573,-2103,268,-45,-46,-223
2025-11-24T16:16:41.281785,25,24,41,172,313,161,56,27,-10797,8986,-5939,5986,-486,-2114,300,-56,-8,-248
2025-11-24T16:16:41.304304,49,26,41,158,284,168,56,33,-10784,9000,-5931,5998,-428,-2106,302,-61,-12,-274
2025-11-24T16:16:41.319296,57,29,53,161,307,139,49,37,-10779,9010,-5909,6014,-347,-2149,333,3,-57,-261
2025-11-24T16:16:41.341815,59,37,95,201,329,126,50,37,-10781,9017,-5875,6032,-268,-2173,347,64,-93,-244
2025-11-24T16:16:41.364777,62,47,125,265,307,98,41,40,-10802,9008,-5829,6052,-178,-2185,373,198,-135,-177
2025-11-24T16:16:41.379769,63,63,163,256,310,130,48,42,-10830,8998,-5787,6059,-146,-2088,323,219,-168,-89
2025-11-24T16:16:41.402168,46,63,164,288,423,126,52,38,-10870,8973,-5752,6056,-102,-2059,347,265,-168,50
2025-11-24T16:16:41.424130,42,70,165,279,464,126,73,41,-10920,8932,-5736,6042,-119,-2027,316,320,-113,199
2025-11-24T16:16:41.439059,40,68,153,255,466,127,71,42,-10971,8884,-5745,6012,-220,-2038,371,243,-65,294
2025-11-24T16:16:41.461480,35,61,131,187,475,126,70,39,-10992,8861,-5793,5962,-415,-2174,330,-30,13,294
2025-11-24T16:16:41.482139,33,43,76,174,467,89,66,38,-11003,8835,-5869,5904,-501,-2342,346,-119,111,368
2025-11-24T16:16:41.496566,33,41,73,110,367,77,63,38,-11024,8789,-5952,5851,-579,-2354,357,-25,174,410
2025-11-24T16:16:41.519804,22,26,61,137,287,83,38,29,-11046,8736,-6040,5798,-638,-2291,332,4,197,421
2025-11-24T16:16:41.543415,21,22,38,129,246,80,37,28,-11056,8707,-6126,5733,-636,-2210,306,-139,135,394
2025-11-24T16:16:41.561225,22,23,33,119,223,76,36,28,-11061,8695,-6197,5665,-603,-2202,291,-196,49,353
2025-11-24T16:16:41.582066,22,25,33,139,219,71,33,25,-11076,8683,-6239,5606,-585,-2200,267,-82,-49,276
2025-11-24T16:16:41.612390,21,27,32,149,237,73,30,24,-11103,8668,-6249,5564,-551,-2124,229,79,-142,157
2025-11-24T16:16:41.619291,22,28,34,142,246,77,26,24,-11142,8647,-6224,5549,-482,-2037,207,273,-208,23
2025-11-24T16:16:41.641634,20,27,33,154,285,81,25,24,-11186,8625,-6170,5555,-407,-1946,208,391,-258,-102
2025-11-24T16:16:41.664706,19,27,33,184,327,86,26,23,-11225,8610,-6099,5578,-332,-1840,219,407,-267,-217
2025-11-24T16:16:41.678896,18,25,32,167,324,85,27,24,-11248,8609,-6023,5614,-244,-1803,234,344,-240,-301
2025-11-24T16:16:41.702064,17,24,34,165,350,81,29,23,-11258,8620,-5951,5653,-177,-1827,250,251,-202,-322
2025-11-24T16:16:41.724298,19,26,43,169,352,70,29,25,-11263,8638,-5876,5696,-118,-1844,269,223,-201,-349
2025-11-24T16:16:41.739136,20,23,41,177,335,62,28,25,-11270,8646,-5793,5754,-64,-1835,299,303,-165,-387
2025-11-24T16:16:41.762031,20,22,42,168,338,52,32,29,-11274,8653,-5707,5822,-5,-1802,317,316,-134,-426
2025-11-24T16:16:41.784038,21,25,43,202,350,61,32,29,-11265,8669,-5625,5895,47,-1743,380,208,-88,-460
2025-11-24T16:16:41.799343,22,27,45,215,313,78,34,29,-11237,8702,-5552,5969,111,-1733,430,41,-49,-486
2025-11-24T16:16:41.821926,24,26,48,268,292,80,39,29,-11194,8752,-5484,6038,177,-1780,488,-109,-39,-494
2025-11-24T16:16:41.844309,26,68,78,299,266,86,46,31,-11147,8811,-5418,6099,226,-1858,509,-182,-58,-465
2025-11-24T16:16:41.866856,25,79,93,298,253,122,48,27,-11105,8862,-5348,6162,290,-1981,521,-120,-67,-440
2025-11-24T16:16:41.881895,27,81,122,298,258,138,55,30,-11081,8893,-5270,6229,363,-1920,605,-13,-66,-375
2025-11-24T16:16:41.904120,27,83,123,289,245,150,59,32,-11058,8921,-5201,6288,380,-1839,602,-42,-53,-318
2025-11-24T16:16:41.926616,27,113,142,236,307,210,59,32,-11027,8958,-5144,6335,372,-1933,562,-114,-53,-284
2025-11-24T16:16:41.941804,26,95,140,208,373,260,63,33,-11002,8987,-5091,6381,422,-2006,568,-70,-35,-225
2025-11-24T16:16:41.963883,27,88,132,202,369,263,68,35,-10993,9000,-5036,6422,487,-1897,613,2,-44,-122
2025-11-24T16:16:41.986896,25,87,107,170,351,260,64,33,-10981,9023,-5004,6434,489,-1832,558,-126,-64,27
2025-11-24T16:16:42.001962,28,87,106,169,418,259,64,35,-10967,9056,-4997,6418,500,-1856,565,-274,-76,195
2025-11-24T16:16:42.024314,26,43,75,160,374,213,61,34,-10961,9090,-5003,6373,466,-1960,511,-303,-138,346
2025-11-24T16:16:42.046803,26,51,118,116,316,144,53,34,-10983,9105,-5011,6309,397,-2071,491,-156,-202,481
2025-11-24T16:16:42.061316,26,61,152,126,291,111,42,33,-11034,9100,-5008,6228,330,-2046,495,-6,-304,575
2025-11-24T16:16:42.084281,26,62,152,125,289,91,41,31,-11108,9079,-4992,6140,257,-2091,475,165,-393,612
2025-11-24T16:16:42.106737,24,57,153,129,233,63,35,27,-11195,9049,-4961,6049,122,-2108,438,297,-468,557
2025-11-24T16:16:42.121390,24,67,162,203,237,93,35,26,-11285,9016,-4919,5967,-39,-2061,391,387,-501,415
2025-11-24T16:16:42.144306,21,61,146,223,296,102,36,24,-11369,8985,-4862,5901,-147,-2033,362,436,-515,245
2025-11-24T16:16:42.166816,20,58,121,227,322,127,41,23,-11450,8950,-4795,5851,-240,-1977,394,478,-506,102
2025-11-24T16:16:42.182364,22,60,159,240,355,136,43,28,-11522,8921,-4724,5812,-273,-1935,437,434,-488,-1
2025-11-24T16:16:42.205129,23,61,166,241,385,157,45,28,-11572,8910,-4660,5781,-304,-1847,421,297,-439,-101
2025-11-24T16:16:42.226620,22,54,163,199,393,156,46,29,-11602,8913,-4605,5760,-319,-1930,471,173,-376,-178
2025-11-24T16:16:42.241547,23,54,143,200,389,164,57,32,-11627,8913,-4556,5749,-307,-1986,499,162,-306,-212
2025-11-24T16:16:42.264316,23,48,151,204,394,152,54,31,-11652,8906,-4512,5745,-328,-1944,512,191,-255,-221
2025-11-24T16:16:42.295068,25,62,129,199,370,153,64,32,-11665,8907,-4471,5748,-301,-1928,513,120,-219,-262
2025-11-24T16:16:42.302196,24,71,194,195,306,137,70,33,-11663,8921,-4437,5757,-252,-1911,530,10,-170,-296
2025-11-24T16:16:42.324375,31,79,257,193,332,122,69,33,-11649,8941,-4403,5780,-197,-1943,495,-5,-112,-358
2025-11-24T16:16:42.346788,36,81,292,239,333,110,59,29,-11638,8955,-4371,5806,-117,-2060,516,30,-79,-320
2025-11-24T16:16:42.361925,39,82,308,329,336,98,61,32,-11639,8953,-4330,5836,-29,-1998,575,119,-74,-270
2025-11-24T16:16:42.384423,38,75,311,339,338,88,48,27,-11643,8956,-4285,5858,8,-1992,572,114,-131,-235
2025-11-24T16:16:42.406437,44,78,307,357,338,73,38,29,-11654,8956,-4232,5874,87,-2044,618,136,-172,-190
2025-11-24T16:16:42.421739,42,71,306,361,333,74,36,31,-11671,8949,-4176,5892,180,-2039,651,180,-165,-136
2025-11-24T16:16:42.444284,42,68,299,349,357,105,45,32,-11690,8934,-4129,5908,216,-1960,674,177,-113,-72
2025-11-24T16:16:42.466798,45,70,286,297,405,110,47,35,-11707,8923,-4097,5915,218,-1970,645,135,-88,1
2025-11-24T16:16:42.481848,46,67,283,296,419,117,47,36,-11726,8904,-4080,5916,232,-1879,648,123,-29,97
2025-11-24T16:16:42.504786,41,62,292,274,433,125,52,33,-11736,8888,-4092,5913,271,-1885,693,-5,86,198
2025-11-24T16:16:42.526683,39,57,239,259,410,129,51,30,-11724,8887,-4160,5891,202,-1986,695,-256,243,347
2025-11-24T16:16:42.541597,36,55,205,222,346,103,42,29,-11707,8877,-4269,5862,91,-2069,724,-342,401,460
2025-11-24T16:16:42.565499,28,51,190,175,240,102,41,23,-11683,8861,-4407,5831,-26,-2150,701,-382,518,502
2025-11-24T16:16:42.586611,26,45,178,144,201,94,41,22,-11653,8841,-4561,5804,-172,-2163,672,-403,600,464
2025-11-24T16:16:42.601648,27,32,73,140,169,83,34,26,-11614,8819,-4710,5796,-250,-2193,663,-386,643,342
2025-11-24T16:16:42.624321,34,70,55,153,175,71,35,29,-11571,8797,-4847,5802,-303,-2204,606,-326,645,217
2025-11-24T16:16:42.646833,47,74,48,164,212,63,34,35,-11532,8768,-4959,5829,-316,-2169,547,-182,615,86
2025-11-24T16:16:42.661829,52,74,48,147,240,51,27,37,-11500,8732,-5044,5872,-331,-2080,487,-35,562,-36
2025-11-24T16:16:42.684319,107,76,43,151,256,51,35,79,-11466,8700,-5109,5930,-329,-2000,375,62,516,-163
2025-11-24T16:16:42.706863,112,78,44,149,280,51,39,82,-11443,8663,-5141,6001,-261,-1954,367,197,427,-254
2025-11-24T16:16:42.721793,114,46,62,135,268,47,37,82,-11428,8627,-5147,6077,-181,-1959,407,272,332,-289
2025-11-24T16:16:42.744284,112,42,84,112,244,78,38,80,-11417,8598,-5141,6143,-166,-1873,347,280,238,-294
2025-11-24T16:16:42.766644,113,44,93,118,272,94,39,81,-11399,8589,-5131,6196,-150,-1827,354,166,151,-296
2025-11-24T16:16:42.789331,65,58,106,111,283,94,30,42,-11368,8603,-5115,6247,-96,-1772,361,29,101,-355
2025-11-24T16:16:42.805770,68,66,112,181,284,93,26,40,-11333,8624,-5094,6298,-15,-1885,344,31,90,-353
2025-11-24T16:16:42.826523,66,74,150,186,310,98,31,40,-11311,8633,-5064,6351,56,-1926,362,128,69,-307
2025-11-24T16:16:42.848850,63,82,188,193,313,76,29,39,-11304,8628,-5027,6398,74,-1915,398,220,33,-246
2025-11-24T16:16:42.864291,61,94,250,187,279,92,36,36,-11308,8615,-4989,6439,120,-1838,470,230,11,-169
2025-11-24T16:16:42.886804,58,87,247,233,260,123,43,38,-11307,8604,-4962,6474,161,-1760,538,130,50,-111
2025-11-24T16:16:42.908733,44,84,260,187,252,133,48,32,-11276,8633,-4962,6492,187,-1692,564,-231,66,-90
2025-11-24T16:16:42.924288,39,94,243,228,229,137,45,32,-11215,8698,-4981,6495,195,-1842,556,-507,69,-103
2025-11-24T16:16:42.944311,43,97,213,228,237,139,46,34,-11163,8751,-4997,6502,196,-2056,548,-397,74,-86
2025-11-24T16:16:42.967036,39,83,133,234,296,135,42,36,-11134,8771,-4993,6528,231,-2039,537,-130,92,-103
2025-11-24T16:16:42.982742,59,92,136,213,293,108,37,35,-11116,8777,-4990,6552,188,-1969,541,-59,102,-70
2025-11-24T16:16:43.006590,62,92,125,217,300,113,50,46,-11097,8785,-4997,6569,154,-2010,533,-90,104,-32
2025-11-24T16:16:43.030019,66,77,119,198,340,166,57,43,-11084,8787,-5007,6579,155,-2032,585,-102,100,19
2025-11-24T16:16:43.044162,61,67,118,268,348,181,62,41,-11059,8801,-5032,6585,138,-1991,560,-217,135,30
2025-11-24T16:16:43.066823,61,73,172,283,284,172,60,40,-11029,8828,-5051,6585,153,-1925,525,-273,80,3
2025-11-24T16:16:43.090057,45,71,231,265,312,177,61,40,-10999,8860,-5069,6577,213,-2011,498,-287,42,54
2025-11-24T16:16:43.103964,39,74,238,261,291,169,47,29,-10990,8869,-5099,6557,208,-2089,522,-189,67,227
2025-11-24T16:16:43.126834,33,71,239,238,251,118,40,29,-10999,8858,-5139,6526,150,-2030,535,-119,86,345
2025-11-24T16:16:43.149367,32,71,236,143,252,115,36,28,-11006,8854,-5194,6476,130,-2031,551,-233,64,447
2025-11-24T16:16:43.164671,35,74,231,96,261,119,47,35,-11011,8864,-5255,6403,155,-1971,543,-352,-7,543
2025-11-24T16:16:43.187036,32,74,219,130,212,124,51,35,-11027,8882,-5313,6303,161,-2045,474,-356,-122,662
2025-11-24T16:16:43.209335,31,106,253,122,219,131,53,34,-11067,8888,-5360,6183,122,-2142,416,-214,-254,774
2025-11-24T16:16:43.224301,29,112,261,125,203,125,52,33,-11134,8876,-5386,6056,22,-2212,314,29,-376,791
2025-11-24T16:16:43.247037,31,114,266,124,160,107,53,35,-11243,8829,-5380,5928,-49,-2153,319,357,-508,824
2025-11-24T16:16:43.269320,29,112,251,119,145,104,44,31,-11375,8767,-5352,5793,-87,-2038,346,501,-629,854
2025-11-24T16:16:43.284269,29,106,212,72,167,96,37,27,-11514,8706,-5315,5642,-135,-1963,361,501,-728,888
2025-11-24T16:16:43.306824,27,75,169,66,153,92,37,27,-11645,8661,-5271,5482,-189,-1885,357,410,-804,841
2025-11-24T16:16:43.329319,28,74,199,57,145,91,40,29,-11766,8630,-5207,5329,-182,-1839,367,376,-866,718
2025-11-24T16:16:43.344149,27,68,212,61,146,89,39,27,-11886,8607,-5120,5184,-177,-1874,386,401,-951,617
2025-11-24T16:16:43.367021,38,68,209,99,155,81,39,30,-12009,8583,-5007,5048,-198,-1841,400,477,-1031,500
2025-11-24T16:16:43.389179,45,76,229,187,139,72,41,31,-12138,8552,-4867,4928,-223,-1779,459,572,-1096,369
2025-11-24T16:16:43.405359,49,90,238,233,159,110,55,34,-12258,8533,-4715,4809,-250,-1721,452,533,-1155,269
2025-11-24T16:16:43.426333,54,108,298,274,157,116,56,37,-12364,8521,-4561,4709,-237,-1603,496,457,-1096,148
2025-11-24T16:16:43.449398,54,117,309,312,175,128,55,39,-12433,8538,-4422,4626,-204,-1495,489,228,-967,19
2025-11-24T16:16:43.464238,49,137,338,342,211,145,63,39,-12472,8580,-4298,4560,-263,-1596,624,-21,-853,-127
2025-11-24T16:16:43.486899,49,138,331,322,242,191,75,43,-12489,8638,-4184,4511,-276,-1737,694,-153,-754,-231
2025-11-24T16:16:43.509798,46,129,337,311,234,171,63,41,-12497,8680,-4087,4496,-241,-1784,843,-157,-534,-311
2025-11-24T16:16:43.524329,45,112,278,284,272,191,69,41,-12480,8727,-4025,4509,-291,-1833,802,-240,-290,-401
2025-11-24T16:16:43.546866,46,104,298,276,368,194,73,42,-12453,8763,-3988,4547,-440,-1976,842,-227,-103,-515
2025-11-24T16:16:43.568978,45,74,315,234,366,191,70,43,-12408,8805,-3966,4608,-483,-1989,857,-313,37,-634
2025-11-24T16:16:43.584285,42,63,329,233,385,146,60,40,-12355,8848,-3956,4675,-436,-2081,822,-326,113,-618
2025-11-24T16:16:43.606432,46,59,345,261,411,158,67,43,-12312,8880,-3948,4732,-429,-2157,790,-236,94,-548
2025-11-24T16:16:43.629341,44,59,377,260,440,130,58,43,-12288,8896,-3924,4786,-297,-2136,796,-103,43,-466
2025-11-24T16:16:43.643714,50,64,376,229,361,114,55,45,-12271,8897,-3918,4830,-267,-2352,822,-36,102,-323
2025-11-24T16:16:43.666775,48,68,363,231,365,108,54,42,-12274,8874,-3931,4857,-314,-2236,796,68,136,-155
2025-11-24T16:16:43.689264,54,74,355,266,410,159,68,47,-12293,8837,-3932,4875,-212,-2147,773,187,76,-57
2025-11-24T16:16:43.703856,50,70,326,254,394,150,63,44,-12316,8812,-3929,4866,-141,-2037,740,124,-39,74
2025-11-24T16:16:43.726780,48,64,269,255,350,151,64,41,-12333,8799,-3922,4850,-92,-1973,733,49,-76,88
2025-11-24T16:16:43.749295,41,55,223,268,344,157,63,36,-12351,8777,-3938,4832,-64,-1977,707,62,31,201
2025-11-24T16:16:43.772496,39,46,167,274,315,150,63,36,-12364,8741,-4001,4812,-122,-1973,731,19,248,337
2025-11-24T16:16:43.787280,31,30,137,259,233,97,48,35,-12370,8693,-4106,4795,-267,-2014,772,-36,446,400
2025-11-24T16:16:43.809195,31,26,107,245,307,87,43,35,-12369,8636,-4240,4783,-405,-2020,756,-49,591,406
2025-11-24T16:16:43.832493,30,26,95,244,310,80,41,35,-12359,8578,-4381,4788,-458,-1979,750,-63,680,329
2025-11-24T16:16:43.846677,30,26,78,226,337,61,38,36,-12336,8520,-4525,4816,-486,-1963,753,-79,784,221
2025-11-24T16:16:43.869334,36,32,52,222,352,57,33,38,-12298,8461,-4672,4877,-492,-1978,701,-47,913,73
