timestamp,EMG_0,EMG_1,EMG_2,EMG_3,EMG_4,EMG_5,EMG_6,EMG_7,quat_0,quat_1,quat_2,quat_3,acc_0,acc_1,acc_2,gyro_0,gyro_1,gyro_2
2025-11-27T16:17:36.705329,49,124,35,27,21,17,18,19,10894,-10522,-5981,1810,718,-1965,-198,-2,-2,-1
2025-11-27T16:17:36.723940,38,112,35,21,20,17,17,19,10894,-10522,-5981,1810,715,-1966,-196,-4,0,-2
2025-11-27T16:17:36.738652,38,110,31,21,21,18,15,18,10894,-10522,-5981,1810,729,-1971,-199,-4,-3,-2
2025-11-27T16:17:36.762682,36,105,33,20,19,19,17,17,10894,-10522,-5981,1810,729,-1967,-196,-5,-3,0
2025-11-27T16:17:36.788197,36,104,32,20,20,20,18,18,10894,-10522,-5981,1810,721,-1968,-202,-5,-3,-1
2025-11-27T16:17:36.803028,34,153,34,21,20,19,19,19,10893,-10523,-5981,1810,725,-1960,-202,-10,-3,-2
2025-11-27T16:17:36.822445,75,170,33,19,20,19,20,19,10893,-10523,-5981,1810,736,-1974,-199,-9,-4,1
2025-11-27T16:17:36.843595,88,180,35,20,21,17,22,19,10893,-10523,-5981,1810,717,-1966,-199,-1,-3,2
2025-11-27T16:17:36.858311,92,193,34,20,22,19,21,19,10893,-10523,-5981,1810,720,-1966,-201,-7,-3,2
2025-11-27T16:17:36.881682,92,199,40,21,19,18,21,21,10893,-10523,-5981,1810,724,-1968,-195,-15,-4,0
2025-11-27T16:17:36.905071,91,148,37,21,20,18,19,20,10890,-10525,-5983,1809,728,-1982,-204,-17,-4,-3
2025-11-27T16:17:36.921798,62,127,36,26,26,18,20,19,10890,-10525,-5983,1808,743,-1980,-195,0,2,1
2025-11-27T16:17:36.943542,42,111,32,30,38,21,22,20,10890,-10525,-5983,1809,705,-1953,-207,12,-3,-6
2025-11-27T16:17:36.966660,33,85,33,69,54,22,22,19,10890,-10525,-5983,1809,711,-1956,-204,11,-7,0
2025-11-27T16:17:36.980312,31,63,27,76,59,23,23,16,10890,-10526,-5983,1809,718,-1954,-208,-4,-2,1
2025-11-27T16:17:37.003737,26,54,27,81,62,24,23,16,10882,-10533,-5985,1805,745,-1905,-215,-48,-4,23
2025-11-27T16:17:37.026187,25,45,29,83,73,29,24,18,10862,-10554,-5988,1793,777,-1883,-228,-167,5,40
2025-11-27T16:17:37.040924,24,32,28,96,85,28,26,21,10827,-10589,-5995,1778,813,-1851,-204,-288,-30,84
2025-11-27T16:17:37.062949,22,26,29,79,99,28,27,34,10769,-10646,-6003,1755,872,-1865,-220,-475,-45,133
2025-11-27T16:17:37.086213,23,23,28,87,110,32,28,35,10701,-10712,-6015,1734,949,-1909,-241,-551,-86,186
2025-11-27T16:17:37.100591,23,23,27,85,108,34,30,35,10631,-10785,-6014,1717,946,-1897,-268,-562,-55,261
2025-11-27T16:17:37.124117,19,21,27,82,101,31,28,36,10560,-10860,-6005,1709,988,-1961,-320,-537,-61,346
2025-11-27T16:17:37.146220,19,19,27,70,89,35,29,36,10494,-10932,-5990,1713,1003,-2065,-448,-438,-58,396
2025-11-27T16:17:37.160477,22,70,21,106,68,34,33,40,10442,-10993,-5965,1727,976,-2074,-465,-324,-39,434
2025-11-27T16:17:37.183038,29,95,26,98,48,32,34,44,10376,-11071,-5924,1769,862,-2075,-541,-334,-90,588
2025-11-27T16:17:37.206262,30,101,26,105,51,35,40,51,10290,-11171,-5861,1846,803,-2222,-574,-420,-173,818
2025-11-27T16:17:37.228539,30,108,28,108,50,35,49,57,10204,-11276,-5770,1967,736,-2339,-543,-368,-241,1066
2025-11-27T16:17:37.243378,29,110,42,111,46,31,48,56,10122,-11381,-5645,2142,593,-2426,-528,-246,-330,1337
2025-11-27T16:17:37.266663,28,87,45,74,40,33,48,49,10041,-11484,-5490,2369,417,-2410,-463,-153,-420,1586
2025-11-27T16:17:37.280501,22,65,45,70,35,33,47,48,9945,-11591,-5322,2620,198,-2400,-431,-146,-497,1771
2025-11-27T16:17:37.302882,22,56,46,58,32,33,43,41,9829,-11705,-5142,2897,71,-2423,-406,-204,-588,1935
2025-11-27T16:17:37.326038,25,47,47,57,31,34,42,44,9705,-11814,-4944,3202,-38,-2463,-357,-157,-664,2099
2025-11-27T16:17:37.340539,30,45,34,46,29,40,49,51,9581,-11906,-4729,3540,-191,-2450,-352,-28,-758,2245
2025-11-27T16:17:37.362907,32,48,33,44,27,41,49,52,9452,-11980,-4503,3910,-323,-2293,-297,75,-876,2372
2025-11-27T16:17:37.386315,32,40,29,44,29,45,52,50,9302,-12051,-4274,4291,-406,-2143,-287,23,-943,2450
2025-11-27T16:17:37.400559,32,40,28,46,78,90,65,54,9136,-12115,-4052,4668,-523,-2014,-264,-35,-990,2419
2025-11-27T16:17:37.423077,34,42,30,45,191,189,89,45,8946,-12182,-3841,5024,-554,-1958,-246,-191,-961,2360
2025-11-27T16:17:37.446213,32,42,37,86,238,241,110,40,8745,-12255,-3631,5346,-549,-1753,-187,-305,-828,2291
2025-11-27T16:17:37.460565,33,42,65,185,261,262,114,43,8550,-12326,-3433,5624,-602,-1634,-267,-340,-678,2093
2025-11-27T16:17:37.483058,32,42,78,221,323,296,129,48,8343,-12399,-3275,5863,-757,-1672,-419,-500,-646,1826
2025-11-27T16:17:37.506594,33,41,85,241,338,318,132,44,8146,-12457,-3145,6084,-872,-1726,-446,-495,-663,1620
2025-11-27T16:17:37.528720,30,35,90,243,332,303,124,44,7979,-12496,-3001,6295,-960,-1615,-490,-258,-585,1484
2025-11-27T16:17:37.543057,29,32,101,244,309,268,105,43,7818,-12528,-2877,6487,-1133,-1495,-622,-201,-586,1252
2025-11-27T16:17:37.566601,26,26,90,238,292,249,100,39,7660,-12546,-2789,6677,-1303,-1513,-727,-193,-714,1027
2025-11-27T16:17:37.589260,26,23,98,235,223,208,78,30,7551,-12516,-2729,6879,-1289,-1551,-621,39,-887,822
2025-11-27T16:17:37.602630,52,31,110,264,189,156,60,30,7495,-12441,-2681,7091,-1282,-1470,-533,347,-1012,635
2025-11-27T16:17:37.626173,99,99,120,298,136,84,43,40,7452,-12360,-2657,7286,-1222,-1399,-422,307,-997,476
2025-11-27T16:17:37.648708,104,160,121,430,162,67,42,41,7424,-12280,-2658,7447,-1179,-1435,-339,242,-889,290
2025-11-27T16:17:37.671152,119,214,137,436,167,61,40,39,7416,-12203,-2678,7573,-1162,-1574,-334,242,-781,126
2025-11-27T16:17:37.686488,153,254,152,466,178,55,42,42,7429,-12131,-2717,7662,-1081,-1640,-318,222,-649,-42
2025-11-27T16:17:37.708261,170,264,164,464,179,53,42,43,7439,-12070,-2771,7728,-1126,-1758,-398,157,-593,-126
2025-11-27T16:17:37.722890,156,253,158,506,168,38,34,31,7454,-11999,-2831,7803,-1112,-1785,-395,207,-669,-145
2025-11-27T16:17:37.746143,155,223,174,424,131,34,29,28,7477,-11910,-2906,7889,-1048,-1783,-335,238,-789,-186
2025-11-27T16:17:37.768980,145,173,180,418,147,45,31,29,7499,-11814,-2994,7979,-1052,-1695,-312,234,-859,-269
2025-11-27T16:17:37.783027,110,110,176,467,243,143,68,31,7516,-11717,-3115,8060,-986,-1668,-229,87,-903,-395
2025-11-27T16:17:37.806252,70,81,176,498,253,160,74,31,7530,-11627,-3256,8122,-937,-1665,-181,-32,-846,-501
2025-11-27T16:17:37.826587,46,60,176,466,252,162,76,33,7545,-11545,-3407,8161,-866,-1687,-217,-78,-779,-565
2025-11-27T16:17:37.841092,111,60,176,504,261,164,76,32,7557,-11476,-3566,8180,-756,-1746,-203,-173,-686,-576
2025-11-27T16:17:37.865183,113,55,192,524,269,166,76,32,7562,-11424,-3720,8180,-674,-1848,-169,-274,-555,-506
2025-11-27T16:17:37.888858,114,51,185,467,299,194,75,32,7574,-11381,-3853,8166,-594,-1987,-144,-246,-406,-414
2025-11-27T16:17:37.903779,115,55,220,525,325,209,80,32,7593,-11345,-3962,8147,-518,-2065,-122,-190,-297,-297
2025-11-27T16:17:37.926864,116,58,230,608,329,213,80,31,7606,-11321,-4048,8126,-479,-1895,-119,-180,-196,-214
2025-11-27T16:17:37.948863,55,43,221,583,319,212,80,33,7589,-11326,-4135,8091,-490,-1849,-167,-372,-120,-161
2025-11-27T16:17:37.962669,46,44,204,569,302,211,80,33,7541,-11355,-4225,8049,-512,-1899,-157,-591,-69,-71
2025-11-27T16:17:37.986353,39,43,211,560,184,130,54,29,7484,-11396,-4316,7996,-494,-1977,-196,-674,-16,-37
2025-11-27T16:17:38.009153,33,37,178,487,114,92,45,27,7443,-11425,-4400,7946,-461,-2073,-204,-568,-17,-33
2025-11-27T16:17:38.023081,31,34,186,349,130,100,48,28,7422,-11438,-4472,7907,-457,-2078,-219,-403,-45,-41
2025-11-27T16:17:38.045971,27,31,183,323,134,108,53,28,7402,-11446,-4532,7880,-523,-1921,-263,-308,-87,-52
2025-11-27T16:17:38.068951,27,29,173,367,134,109,57,29,7373,-11453,-4594,7862,-605,-1888,-271,-335,-128,-59
2025-11-27T16:17:38.083130,27,27,165,355,132,105,57,29,7327,-11467,-4663,7843,-633,-1947,-302,-435,-151,-44
2025-11-27T16:17:38.106688,26,27,144,320,126,93,49,26,7298,-11467,-4724,7833,-643,-2008,-244,-333,-164,-51
2025-11-27T16:17:38.128265,24,23,112,310,73,72,44,24,7304,-11456,-4760,7822,-587,-2042,-238,-113,-77,-31
2025-11-27T16:17:38.143112,21,22,99,292,59,56,44,22,7323,-11448,-4765,7813,-664,-1918,-188,9,46,-10
2025-11-27T16:17:38.166263,20,20,89,172,59,49,39,22,7338,-11450,-4760,7799,-771,-1823,-215,2,108,-23
2025-11-27T16:17:38.188544,22,19,63,152,63,53,50,30,7349,-11459,-4755,7779,-808,-1831,-252,-19,140,-46
2025-11-27T16:17:38.202667,22,18,51,274,84,69,53,34,7354,-11464,-4757,7765,-820,-1879,-302,-26,73,-35
2025-11-27T16:17:38.226309,23,21,42,298,163,121,62,37,7350,-11466,-4771,7757,-827,-1978,-299,-86,-6,-37
2025-11-27T16:17:38.248829,24,21,38,321,176,133,63,38,7334,-11479,-4794,7740,-764,-2007,-390,-156,-2,-6
2025-11-27T16:17:38.263127,26,26,43,338,202,145,76,55,7337,-11479,-4797,7735,-813,-2057,-305,-29,21,13
2025-11-27T16:17:38.286359,24,26,44,340,218,148,86,69,7359,-11475,-4772,7735,-826,-1990,-337,166,78,62
2025-11-27T16:17:38.308454,27,26,48,240,239,153,91,73,7370,-11480,-4736,7740,-787,-1907,-289,121,105,159
2025-11-27T16:17:38.323158,29,27,47,203,199,121,89,74,7388,-11492,-4682,7737,-818,-1862,-289,170,212,186
2025-11-27T16:17:38.346308,27,28,52,176,195,107,88,76,7391,-11516,-4632,7729,-873,-1809,-326,84,220,180
2025-11-27T16:17:38.369120,26,26,67,173,174,100,79,66,7378,-11545,-4604,7715,-854,-1831,-322,-67,175,146
2025-11-27T16:17:38.383154,27,28,74,194,172,116,67,50,7333,-11591,-4595,7694,-895,-1811,-342,-293,156,144
2025-11-27T16:17:38.406424,25,27,73,203,146,117,67,44,7252,-11655,-4606,7668,-959,-1877,-318,-568,136,160
2025-11-27T16:17:38.426560,23,27,76,229,142,118,65,45,7190,-11702,-4614,7649,-968,-1893,-400,-408,85,122
2025-11-27T16:17:38.449830,26,26,73,219,139,121,70,53,7128,-11745,-4618,7638,-930,-1889,-405,-379,46,173
2025-11-27T16:17:38.465016,27,25,60,190,138,114,82,68,7095,-11766,-4600,7649,-842,-1953,-301,-175,22,270
2025-11-27T16:17:38.488879,28,24,48,154,108,95,81,77,7068,-11798,-4564,7647,-730,-1925,-287,-159,141,365
2025-11-27T16:17:38.511239,28,24,45,140,89,74,79,76,7044,-11836,-4496,7649,-851,-1830,-180,-117,270,430
2025-11-27T16:17:38.526370,28,26,41,92,87,64,81,77,7030,-11884,-4421,7631,-873,-1868,-226,-101,391,405
2025-11-27T16:17:38.548861,29,29,39,72,71,53,74,70,7004,-11951,-4350,7593,-877,-1940,-281,-222,489,428
2025-11-27T16:17:38.571632,30,31,35,64,56,47,57,55,6991,-12017,-4259,7551,-948,-1985,-332,-110,565,447
2025-11-27T16:17:38.585600,29,31,44,79,59,38,53,42,6988,-12079,-4156,7512,-949,-1912,-417,21,574,459
2025-11-27T16:17:38.610343,30,31,47,75,54,36,44,48,6981,-12146,-4043,7471,-1016,-1796,-480,48,597,463
2025-11-27T16:17:38.630840,30,29,59,87,43,38,37,46,6957,-12220,-3935,7431,-1063,-1687,-499,-31,583,456
2025-11-27T16:17:38.645485,27,28,75,128,56,52,37,45,6915,-12298,-3842,7391,-1138,-1699,-560,-142,532,423
2025-11-27T16:17:38.668886,26,29,77,175,139,90,42,44,6834,-12385,-3782,7351,-1157,-1754,-654,-385,401,409
2025-11-27T16:17:38.691358,24,28,79,177,175,124,43,43,6754,-12456,-3731,7332,-1159,-1708,-606,-367,279,398
2025-11-27T16:17:38.706045,22,29,77,178,185,144,53,33,6690,-12508,-3679,7329,-1180,-1622,-653,-211,172,354
2025-11-27T16:17:38.729133,21,31,74,180,194,149,55,40,6632,-12547,-3644,7331,-1190,-1563,-669,-182,88,245
2025-11-27T16:17:38.751361,23,32,63,172,192,146,60,54,6569,-12578,-3633,7341,-1190,-1558,-676,-231,-26,166
2025-11-27T16:17:38.765482,27,38,84,135,153,131,60,67,6503,-12605,-3641,7348,-1162,-1583,-628,-322,-61,110
2025-11-27T16:17:38.788825,30,45,99,143,139,113,61,69,6462,-12618,-3656,7355,-1142,-1628,-607,-219,-75,24
2025-11-27T16:17:38.811328,30,47,103,178,148,115,61,73,6416,-12634,-3680,7355,-1110,-1567,-604,-279,-65,-17
2025-11-27T16:17:38.825660,32,47,103,195,148,116,61,74,6381,-12648,-3709,7348,-1149,-1574,-626,-241,-36,-95
2025-11-27T16:17:38.848898,31,47,103,184,152,118,56,75,6349,-12660,-3749,7334,-1165,-1630,-638,-272,-28,-163
2025-11-27T16:17:38.871376,29,45,85,180,150,118,54,66,6333,-12665,-3789,7320,-1131,-1681,-619,-201,-21,-185
2025-11-27T16:17:38.885170,28,38,104,171,190,124,52,65,6331,-12664,-3822,7305,-1116,-1663,-618,-113,0,-201
2025-11-27T16:17:38.908807,27,38,111,140,198,125,54,64,6333,-12660,-3858,7291,-1124,-1648,-631,-90,-11,-235
2025-11-27T16:17:38.931135,26,36,108,100,199,122,56,58,6321,-12663,-3906,7271,-1118,-1626,-663,-184,-20,-264
2025-11-27T16:17:38.945551,25,36,116,98,207,126,55,44,6314,-12659,-3960,7257,-1105,-1720,-661,-174,-65,-274
2025-11-27T16:17:38.968850,23,35,119,128,296,199,74,45,6311,-12651,-4011,7245,-1084,-1727,-674,-134,-80,-266
2025-11-27T16:17:38.991071,24,37,84,121,285,210,79,56,6313,-12638,-4061,7237,-1056,-1737,-657,-103,-99,-260
2025-11-27T16:17:39.005696,43,51,69,118,275,200,72,84,6316,-12625,-4112,7228,-1040,-1732,-644,-110,-95,-267
2025-11-27T16:17:39.028907,46,54,71,138,271,199,69,89,6320,-12611,-4163,7220,-1006,-1780,-613,-120,-94,-253
2025-11-27T16:17:39.051369,47,53,57,141,270,200,72,93,6329,-12597,-4213,7208,-971,-1812,-616,-110,-70,-239
2025-11-27T16:17:39.065660,47,51,52,128,169,130,55,97,6340,-12583,-4259,7195,-939,-1814,-612,-89,-59,-227
2025-11-27T16:17:39.088844,48,54,57,140,119,91,44,94,6354,-12571,-4298,7181,-950,-1848,-640,-65,-36,-205
2025-11-27T16:17:39.110911,35,41,70,146,107,80,42,70,6373,-12557,-4326,7172,-968,-1846,-619,-7,-21,-178
2025-11-27T16:17:39.125595,31,42,79,126,109,76,44,65,6404,-12540,-4347,7162,-929,-1834,-594,59,12,-168
2025-11-27T16:17:39.148794,32,45,81,118,90,66,41,61,6432,-12528,-4361,7147,-914,-1791,-612,65,47,-151
2025-11-27T16:17:39.170971,30,45,80,100,81,52,39,58,6456,-12523,-4372,7129,-936,-1790,-638,49,73,-133
2025-11-27T16:17:39.185644,29,39,78,120,154,84,38,52,6478,-12520,-4379,7110,-928,-1786,-652,44,90,-112
2025-11-27T16:17:39.209497,25,37,67,120,158,93,39,47,6499,-12519,-4386,7088,-917,-1791,-680,51,96,-113
2025-11-27T16:17:39.228680,27,30,54,169,154,92,37,45,6512,-12520,-4396,7067,-930,-1742,-717,30,72,-122
2025-11-27T16:17:39.243340,23,23,55,191,157,95,33,40,6516,-12523,-4414,7049,-974,-1760,-751,-17,33,-142
2025-11-27T16:17:39.268545,25,30,67,222,158,96,33,57,6513,-12523,-4436,7035,-969,-1754,-777,-32,-14,-142
2025-11-27T16:17:39.291376,30,33,64,214,95,68,39,76,6505,-12522,-4462,7030,-982,-1771,-749,-67,-59,-130
2025-11-27T16:17:39.305684,35,40,64,215,86,55,42,76,6494,-12519,-4488,7029,-966,-1767,-699,-87,-80,-111
2025-11-27T16:17:39.329300,38,49,66,187,87,56,41,83,6486,-12513,-4513,7031,-976,-1801,-696,-72,-87,-110
2025-11-27T16:17:39.351162,40,61,81,197,81,49,48,93,6488,-12500,-4535,7037,-970,-1828,-660,-19,-90,-119
2025-11-27T16:17:39.365678,41,60,70,173,71,44,49,81,6496,-12486,-4555,7042,-933,-1842,-668,14,-87,-108
2025-11-27T16:17:39.388955,39,63,68,171,59,42,50,66,6514,-12465,-4572,7052,-938,-1824,-645,78,-94,-128
2025-11-27T16:17:39.411362,37,60,67,175,62,42,52,67,6530,-12441,-4593,7065,-954,-1815,-664,92,-129,-151
2025-11-27T16:17:39.433971,38,54,67,171,57,39,55,62,6547,-12412,-4623,7080,-944,-1833,-669,93,-176,-189
2025-11-27T16:17:39.449010,37,41,38,142,67,49,48,52,6563,-12379,-4658,7102,-953,-1824,-655,93,-219,-205
2025-11-27T16:17:39.471424,35,38,41,132,70,60,47,52,6567,-12345,-4697,7132,-1007,-1826,-686,71,-284,-209
2025-11-27T16:17:39.493165,34,33,53,176,221,148,55,54,6574,-12307,-4754,7153,-871,-1706,-669,39,-313,-285
2025-11-27T16:17:39.508661,33,44,68,276,293,198,71,55,6572,-12267,-4828,7173,-844,-1676,-659,-24,-368,-341
2025-11-27T16:17:39.531717,27,50,88,316,316,216,72,52,6547,-12235,-4926,7184,-905,-1651,-713,-191,-401,-428
2025-11-27T16:17:39.553948,27,55,95,347,319,218,75,47,6492,-12215,-5055,7180,-844,-1783,-641,-500,-421,-446
2025-11-27T16:17:39.568203,27,71,103,368,322,216,77,51,6448,-12188,-5182,7173,-845,-1789,-718,-408,-411,-484
2025-11-27T16:17:39.591449,26,79,102,359,249,171,69,54,6411,-12152,-5305,7178,-837,-1863,-671,-368,-447,-469
2025-11-27T16:17:39.613914,44,128,98,287,158,113,63,54,6395,-12098,-5411,7205,-881,-1758,-655,-143,-501,-478
2025-11-27T16:17:39.628189,44,128,83,244,143,111,62,55,6380,-12041,-5509,7239,-853,-1787,-605,-127,-508,-431
2025-11-27T16:17:39.651421,44,135,84,198,160,114,66,55,6362,-11988,-5610,7265,-770,-1830,-547,-205,-474,-397
2025-11-27T16:17:39.673931,44,129,98,207,214,141,71,56,6349,-11942,-5706,7277,-721,-1915,-517,-244,-386,-372
2025-11-27T16:17:39.688376,45,126,105,255,227,149,72,48,6341,-11904,-5792,7278,-701,-1892,-526,-226,-290,-356
2025-11-27T16:17:39.715124,34,86,108,298,229,148,65,47,6338,-11871,-5872,7270,-734,-1948,-627,-179,-232,-357
2025-11-27T16:17:39.733028,38,86,111,312,223,134,65,56,6331,-11844,-5947,7261,-717,-1957,-654,-191,-215,-322
2025-11-27T16:17:39.745335,37,74,106,315,232,167,71,56,6323,-11814,-6012,7262,-709,-1954,-663,-138,-246,-264
2025-11-27T16:17:39.768525,38,72,83,290,191,160,75,50,6310,-11787,-6068,7271,-723,-1916,-642,-131,-253,-210
2025-11-27T16:17:39.791882,70,68,71,236,169,153,79,52,6300,-11761,-6118,7280,-700,-1892,-604,-120,-226,-184
2025-11-27T16:17:39.806874,68,50,65,206,165,153,77,54,6287,-11743,-6163,7282,-678,-1897,-604,-147,-177,-151
2025-11-27T16:17:39.830826,73,46,55,184,145,145,76,51,6279,-11729,-6200,7281,-668,-1926,-590,-139,-128,-119
2025-11-27T16:17:39.853378,89,53,56,179,99,97,66,53,6272,-11720,-6227,7279,-683,-1906,-620,-108,-87,-87
2025-11-27T16:17:39.868145,119,58,57,172,79,71,58,53,6274,-11712,-6247,7272,-630,-1922,-612,-74,-39,-62
2025-11-27T16:17:39.891368,108,58,58,217,82,65,61,62,6288,-11703,-6259,7264,-626,-1970,-635,3,2,-56
2025-11-27T16:17:39.913419,108,61,54,201,145,86,60,58,6313,-11693,-6266,7253,-569,-1976,-627,48,38,-47
2025-11-27T16:17:39.928187,107,60,54,199,158,95,69,57,6344,-11681,-6268,7243,-598,-1967,-648,103,52,-62
2025-11-27T16:17:39.951497,96,79,54,194,162,100,78,59,6362,-11671,-6276,7236,-652,-1926,-670,61,17,-81
2025-11-27T16:17:39.974015,56,85,60,197,165,98,74,59,6377,-11662,-6292,7225,-636,-1992,-677,11,1,-96
2025-11-27T16:17:39.988209,48,95,68,190,218,112,71,55,6396,-11650,-6303,7216,-613,-2005,-656,38,11,-80
2025-11-27T16:17:40.011464,46,100,72,172,194,110,77,58,6413,-11641,-6307,7212,-714,-2037,-650,47,26,-73
2025-11-27T16:17:40.033938,41,111,91,228,185,102,72,57,6446,-11621,-6316,7208,-619,-2019,-634,118,8,-120
2025-11-27T16:17:40.048410,42,116,134,302,195,95,63,53,6497,-11589,-6314,7216,-675,-2011,-582,253,10,-153
2025-11-27T16:17:40.071130,39,112,137,318,221,131,66,55,6538,-11562,-6313,7221,-726,-2008,-652,236,7,-158
2025-11-27T16:17:40.093973,42,106,137,315,187,134,64,57,6580,-11530,-6316,7233,-741,-1965,-605,243,-32,-189
2025-11-27T16:17:40.108264,42,100,139,329,179,127,60,56,6623,-11490,-6319,7255,-763,-1890,-677,345,-92,-211
2025-11-27T16:17:40.131503,38,88,135,295,216,165,60,56,6655,-11448,-6314,7295,-819,-1866,-662,370,-175,-155
2025-11-27T16:17:40.154047,33,77,102,224,218,172,60,59,6684,-11403,-6313,7341,-791,-1801,-580,345,-210,-154
2025-11-27T16:17:40.167787,35,75,93,207,236,188,76,61,6702,-11368,-6319,7374,-716,-1789,-579,242,-186,-125
2025-11-27T16:17:40.191510,32,73,91,199,229,181,74,64,6706,-11346,-6324,7398,-727,-1869,-564,127,-144,-67
2025-11-27T16:17:40.221400,30,72,119,202,228,182,71,62,6720,-11328,-6316,7421,-681,-1902,-550,178,-85,-13
2025-11-27T16:17:40.228202,32,72,109,195,200,151,66,61,6723,-11324,-6298,7440,-690,-1885,-567,132,-38,71
2025-11-27T16:17:40.251293,30,52,111,211,189,147,67,57,6728,-11320,-6268,7465,-700,-1928,-553,173,-30,135
2025-11-27T16:17:40.273959,31,52,114,206,147,100,49,54,6727,-11320,-6235,7494,-688,-1934,-537,153,-39,192
2025-11-27T16:17:40.288254,31,65,122,180,130,90,45,44,6731,-11316,-6196,7530,-694,-2010,-508,190,-53,224
2025-11-27T16:17:40.311468,31,68,101,167,155,95,46,39,6743,-11306,-6150,7570,-677,-2031,-454,239,-45,243
2025-11-27T16:17:40.333866,29,69,113,172,193,132,48,37,6766,-11291,-6099,7615,-708,-2054,-374,282,-29,231
2025-11-27T16:17:40.363509,30,83,133,155,193,131,44,37,6793,-11272,-6042,7663,-743,-2092,-318,301,-17,233
2025-11-27T16:17:40.371233,33,120,133,140,180,121,42,41,6834,-11247,-5976,7716,-754,-2113,-305,409,-1,237
2025-11-27T16:17:40.393912,38,139,126,135,186,124,45,40,6889,-11217,-5892,7775,-786,-2081,-321,563,26,252
2025-11-27T16:17:40.420011,42,146,118,115,163,118,48,44,7017,-11166,-5703,7873,-769,-1938,-380,650,122,245
2025-11-27T16:17:40.438298,44,151,127,116,101,72,51,61,7072,-11152,-5617,7906,-734,-1906,-396,567,137,239
2025-11-27T16:17:40.457485,52,164,156,151,83,61,51,60,7120,-11143,-5537,7933,-736,-1860,-428,532,130,226
2025-11-27T16:17:40.475339,52,153,180,157,74,60,47,53,7164,-11134,-5467,7953,-691,-1900,-427,478,121,213
2025-11-27T16:17:40.495010,63,160,227,153,66,54,44,58,7199,-11130,-5397,7976,-690,-1805,-399,444,114,239
2025-11-27T16:17:40.517007,76,168,237,157,73,56,42,59,7231,-11124,-5336,7995,-736,-1780,-392,402,90,176
2025-11-27T16:17:40.535291,76,167,236,184,73,57,35,41,7245,-11125,-5297,8007,-755,-1775,-399,249,54,128
2025-11-27T16:17:40.555057,79,165,231,146,72,59,38,50,7260,-11117,-5272,8021,-755,-1833,-345,218,-7,77
2025-11-27T16:17:40.577296,81,165,244,139,74,61,38,53,7265,-11116,-5255,8030,-760,-1892,-353,127,-8,83
2025-11-27T16:17:40.595727,80,161,219,142,161,100,47,52,7272,-11100,-5240,8055,-871,-1850,-317,184,-97,22
2025-11-27T16:17:40.615043,85,149,221,206,279,176,55,51,7291,-11071,-5255,8068,-851,-1803,-342,183,-149,-182
2025-11-27T16:17:40.637481,85,153,219,191,295,188,63,55,7316,-11027,-5298,8079,-865,-1835,-346,163,-242,-343
2025-11-27T16:17:40.655758,95,163,213,205,308,193,64,52,7342,-10969,-5355,8095,-855,-1886,-355,182,-334,-402
2025-11-27T16:17:40.678253,96,162,180,216,371,211,72,51,7365,-10904,-5418,8120,-848,-1880,-338,183,-408,-414
2025-11-27T16:17:40.697892,90,143,166,226,375,221,78,51,7380,-10840,-5488,8145,-764,-1811,-315,130,-443,-392
2025-11-27T16:17:40.715422,73,147,206,196,309,172,73,50,7391,-10777,-5568,8164,-757,-1874,-303,67,-446,-428
2025-11-27T16:17:40.738248,73,149,252,329,413,172,67,46,7396,-10715,-5648,8186,-727,-1913,-264,34,-458,-382
2025-11-27T16:17:40.758106,45,118,275,353,449,181,65,52,7411,-10642,-5719,8219,-724,-1912,-246,139,-487,-381
2025-11-27T16:17:40.772795,38,102,290,385,437,198,70,54,7416,-10569,-5793,8257,-731,-1870,-229,101,-530,-367
2025-11-27T16:17:40.796493,45,114,375,395,417,173,58,49,7406,-10497,-5885,8292,-689,-1841,-218,-8,-590,-389
2025-11-27T16:17:40.816415,48,111,350,397,417,169,57,47,7383,-10431,-5989,8323,-664,-1902,-209,-123,-620,-376
2025-11-27T16:17:40.840024,49,115,324,319,401,191,66,53,7352,-10366,-6096,8353,-627,-1974,-168,-188,-625,-340
2025-11-27T16:17:40.858306,49,135,309,294,410,209,72,41,7326,-10301,-6196,8382,-574,-2012,-170,-147,-602,-304
2025-11-27T16:17:40.878214,50,160,308,259,406,187,64,37,7310,-10231,-6285,8415,-579,-2055,-173,-64,-577,-297
2025-11-27T16:17:40.895384,39,156,193,274,415,186,63,38,7293,-10162,-6374,8447,-570,-2046,-133,-85,-567,-301
2025-11-27T16:17:40.918269,33,150,196,272,412,192,67,45,7281,-10088,-6455,8484,-558,-2051,-89,-38,-565,-285
2025-11-27T16:17:40.938397,35,145,212,261,374,197,72,42,7266,-10014,-6536,8523,-541,-2018,-72,-52,-573,-275
2025-11-27T16:17:40.955751,45,140,237,271,322,179,75,52,7258,-9938,-6618,8555,-490,-2032,-31,-61,-544,-299
2025-11-27T16:17:40.977750,60,133,276,295,288,171,72,60,7248,-9872,-6709,8571,-462,-2121,-62,-140,-487,-317
2025-11-27T16:17:40.996959,64,140,309,277,292,188,78,62,7232,-9819,-6791,8579,-491,-2103,-63,-183,-416,-289
2025-11-27T16:17:41.015391,70,142,332,285,345,219,84,64,7228,-9762,-6861,8592,-421,-2065,-84,-73,-392,-256
2025-11-27T16:17:41.038128,73,143,315,264,300,193,74,72,7227,-9707,-6922,8606,-393,-2042,-102,-22,-361,-226
2025-11-27T16:17:41.057388,77,139,287,268,343,200,67,71,7235,-9650,-6967,8627,-403,-2128,-46,38,-320,-186
2025-11-27T16:17:41.075865,133,153,240,248,361,202,69,70,7249,-9608,-7011,8627,-385,-2031,-97,12,-207,-220
2025-11-27T16:17:41.098349,144,149,242,275,370,197,67,77,7261,-9574,-7046,8626,-405,-2055,-103,11,-153,-190
2025-11-27T16:17:41.118100,145,169,261,263,369,189,61,72,7277,-9546,-7076,8618,-414,-2078,-88,2,-91,-191
2025-11-27T16:17:41.135964,153,193,292,269,379,218,65,64,7306,-9512,-7101,8612,-397,-2123,-73,71,-73,-215
2025-11-27T16:17:41.155073,161,195,299,266,351,215,66,60,7340,-9475,-7121,8607,-423,-2098,-98,129,-61,-244
2025-11-27T16:17:41.177562,125,169,305,254,368,234,64,56,7382,-9431,-7139,8604,-419,-2061,-93,191,-62,-277
2025-11-27T16:17:41.195424,135,181,286,197,377,242,67,108,7425,-9388,-7155,8600,-417,-2016,-91,194,-54,-290
2025-11-27T16:17:41.218323,136,166,257,216,325,215,63,150,7464,-9349,-7176,8591,-393,-2065,-138,176,-52,-288
2025-11-27T16:17:41.237572,186,163,254,246,305,179,59,157,7496,-9321,-7203,8572,-347,-2115,-134,81,-19,-261
2025-11-27T16:17:41.255326,206,168,260,228,286,184,67,158,7533,-9288,-7219,8563,-338,-2120,-107,153,-23,-224
2025-11-27T16:17:41.278191,203,177,253,226,260,157,68,162,7577,-9248,-7226,8560,-301,-2088,-104,240,-26,-212
2025-11-27T16:17:41.297584,194,165,282,228,275,149,69,160,7619,-9206,-7228,8567,-328,-2089,-78,274,-50,-191
2025-11-27T16:17:41.316075,202,172,291,215,318,163,74,132,7654,-9174,-7236,8563,-340,-2022,-68,178,-20,-208
2025-11-27T16:17:41.338101,157,148,275,180,337,163,73,126,7690,-9139,-7249,8558,-271,-2039,-48,163,-34,-205
2025-11-27T16:17:41.357772,123,144,262,174,368,171,66,125,7714,-9120,-7274,8535,-312,-2074,-93,31,3,-241
2025-11-27T16:17:41.375882,116,155,280,162,351,175,69,122,7744,-9090,-7291,8526,-288,-2111,-78,125,-35,-215
2025-11-27T16:17:41.398329,130,161,253,174,319,172,71,90,7769,-9058,-7301,8528,-336,-2003,-100,181,-72,-187
2025-11-27T16:17:41.417637,122,151,223,146,350,194,76,92,7793,-9025,-7316,8528,-272,-1970,-27,131,-77,-188
2025-11-27T16:17:41.435867,137,162,245,206,350,207,76,119,7809,-9003,-7324,8530,-331,-2026,-34,98,-57,-139
2025-11-27T16:17:41.458260,149,175,302,260,324,188,72,119,7833,-8979,-7332,8526,-294,-2074,-32,123,-19,-164
2025-11-27T16:17:41.477596,155,160,298,300,366,213,72,124,7855,-8959,-7328,8530,-327,-2050,-26,157,-7,-112
2025-11-27T16:17:41.495299,139,148,306,303,404,222,67,115,7879,-8938,-7320,8537,-300,-2040,-5,178,-3,-84
2025-11-27T16:17:41.518578,136,161,453,335,393,212,56,106,7901,-8917,-7311,8546,-277,-2022,19,174,-13,-65
2025-11-27T16:17:41.538123,128,151,459,302,395,203,58,85,7920,-8898,-7305,8554,-277,-2019,44,135,-10,-61
2025-11-27T16:17:41.555451,112,122,439,284,393,211,62,90,7944,-8877,-7296,8561,-253,-2054,48,165,-2,-63
2025-11-27T16:17:41.578238,108,125,443,258,378,213,68,86,7973,-8854,-7285,8568,-231,-2030,67,185,17,-70
2025-11-27T16:17:41.597516,113,138,435,295,411,251,71,93,7997,-8840,-7284,8560,-243,-1939,57,86,50,-116
2025-11-27T16:17:41.615704,149,173,353,281,391,243,70,101,8013,-8834,-7285,8552,-240,-2028,71,29,42,-72
2025-11-27T16:17:41.636245,172,188,345,349,435,266,78,99,8023,-8835,-7288,8538,-306,-2087,15,1,61,-97
2025-11-27T16:17:41.653358,176,196,320,337,446,267,78,92,8041,-8826,-7286,8533,-266,-2111,23,87,33,-87
2025-11-27T16:17:41.675502,184,199,336,332,491,275,77,93,8057,-8810,-7275,8542,-317,-2052,47,153,-4,-60
2025-11-27T16:17:41.698373,192,233,367,294,419,225,71,115,8078,-8790,-7267,8551,-261,-2004,107,139,-10,-72
2025-11-27T16:17:41.717624,178,208,296,344,392,223,72,107,8099,-8769,-7264,8555,-250,-2015,109,117,-11,-96
2025-11-27T16:17:41.736416,166,204,304,293,361,191,62,108,8112,-8757,-7268,8551,-273,-2090,82,46,3,-102
2025-11-27T16:17:41.758001,166,205,394,427,356,188,64,111,8129,-8745,-7266,8549,-263,-2115,69,91,11,-86
2025-11-27T16:17:41.777594,158,202,398,478,299,147,59,108,8140,-8737,-7263,8550,-274,-2066,33,90,4,-59
2025-11-27T16:17:41.803443,190,165,392,480,319,157,81,205,8149,-8723,-7261,8557,-240,-2026,59,98,-34,-37
2025-11-27T16:17:41.818396,193,189,413,455,405,201,90,219,8157,-8711,-7262,8560,-216,-2026,88,62,-25,-39
2025-11-27T16:17:41.837592,183,176,421,449,414,246,100,219,8174,-8695,-7263,8560,-181,-2087,118,77,-6,-60
2025-11-27T16:17:41.855807,210,211,391,358,412,241,97,236,8189,-8683,-7255,8564,-225,-2081,98,110,11,-38
2025-11-27T16:17:41.886261,213,232,384,325,502,295,112,246,8202,-8674,-7246,8568,-229,-2058,82,112,17,-20
2025-11-27T16:17:41.898307,174,232,391,358,512,300,100,158,8213,-8666,-7236,8575,-255,-2038,88,111,11,-19
2025-11-27T16:17:41.915862,168,223,384,364,481,284,95,143,8222,-8660,-7229,8577,-233,-2077,82,77,14,-14
2025-11-27T16:17:41.938506,187,226,386,373,466,259,91,157,8231,-8656,-7221,8580,-214,-2062,64,99,21,3
2025-11-27T16:17:41.957865,156,185,400,362,510,285,95,131,8239,-8652,-7209,8587,-254,-2045,68,111,19,9
2025-11-27T16:17:41.975932,174,160,398,404,486,264,84,129,8247,-8644,-7201,8593,-226,-2055,86,103,-3,-3
2025-11-27T16:17:41.998584,198,162,395,414,503,278,87,127,8252,-8635,-7193,8604,-228,-2039,104,96,-24,17
2025-11-27T16:17:42.017433,207,177,413,402,482,264,83,151,8256,-8627,-7188,8613,-223,-2049,106,82,-29,19
2025-11-27T16:17:42.035875,190,176,408,425,540,320,86,135,8261,-8617,-7179,8625,-224,-2053,114,109,-29,22
2025-11-27T16:17:42.058108,192,209,354,411,522,308,84,142,8269,-8604,-7167,8641,-234,-2025,119,142,-33,19
2025-11-27T16:17:42.080833,210,227,423,407,522,305,85,143,8278,-8590,-7156,8655,-223,-2026,145,126,-28,15
2025-11-27T16:17:42.095830,205,219,399,370,525,336,92,141,8285,-8582,-7146,8664,-236,-2021,156,89,-6,15
2025-11-27T16:17:42.118311,191,198,392,367,544,346,95,123,8293,-8573,-7136,8674,-250,-2076,152,102,-9,8
2025-11-27T16:17:42.138212,246,231,449,322,526,334,100,142,8299,-8563,-7126,8686,-228,-2025,158,105,-20,21
2025-11-27T16:17:42.163383,300,206,510,320,572,368,111,144,8306,-8555,-7122,8692,-216,-2039,146,74,-15,-3
2025-11-27T16:17:42.178307,302,218,506,287,606,438,134,181,8314,-8543,-7116,8700,-230,-2053,149,101,-21,-11
2025-11-27T16:17:42.197482,311,216,510,323,604,417,137,205,8322,-8530,-7111,8709,-232,-2055,159,106,-35,-14
2025-11-27T16:17:42.215433,309,206,514,354,664,463,148,199,8329,-8518,-7105,8719,-235,-2013,160,99,-29,-9
2025-11-27T16:17:42.238422,279,187,507,380,688,483,152,195,8332,-8511,-7100,8727,-253,-1992,169,66,-25,-3
2025-11-27T16:17:42.260158,258,192,441,387,655,461,151,195,8331,-8509,-7099,8731,-256,-2010,156,23,-22,-1
2025-11-27T16:17:42.280098,247,173,365,360,585,378,129,165,8331,-8509,-7099,8731,-241,-2028,158,-11,-13,9
2025-11-27T16:17:42.298462,229,179,399,356,586,371,118,148,8326,-8511,-7100,8733,-240,-2033,178,-18,-13,14
2025-11-27T16:17:42.321231,239,197,439,364,534,360,117,147,8320,-8516,-7100,8735,-257,-2020,184,-35,-9,25
2025-11-27T16:17:42.335517,236,224,389,345,468,294,102,131,8306,-8523,-7109,8734,-251,-2043,131,-69,-37,19
2025-11-27T16:17:42.358544,232,261,420,365,576,358,107,144,8296,-8524,-7118,8735,-203,-2082,157,-49,-49,29
2025-11-27T16:17:42.380864,235,258,419,373,625,390,117,154,8292,-8521,-7119,8740,-227,-2069,174,3,-41,23
2025-11-27T16:17:42.395886,269,276,421,351,614,390,119,161,8292,-8517,-7120,8743,-230,-2050,174,11,-20,3
2025-11-27T16:17:42.418172,307,293,448,331,676,389,114,169,8292,-8513,-7116,8750,-249,-2053,191,28,-19,14
2025-11-27T16:17:42.440906,333,262,432,321,690,395,114,171,8292,-8514,-7116,8750,-242,-2057,159,-7,2,-5
2025-11-27T16:17:42.456265,329,218,423,281,619,373,110,157,8292,-8514,-7117,8749,-231,-2072,152,-3,-1,-12
2025-11-27T16:17:42.478359,329,236,480,274,641,363,100,153,8289,-8514,-7121,8749,-247,-2049,145,-8,-21,-8
2025-11-27T16:17:42.509144,358,305,500,303,785,475,122,133,8282,-8514,-7127,8750,-251,-2036,134,-23,-39,-3
2025-11-27T16:17:42.515863,348,295,411,285,732,442,114,121,8278,-8512,-7132,8751,-239,-2040,143,-1,-36,-7
2025-11-27T16:17:42.538863,325,307,454,331,768,487,123,122,8284,-8504,-7131,8754,-222,-2090,170,49,-14,-11
2025-11-27T16:17:42.560826,312,383,508,365,825,497,121,171,8290,-8498,-7126,8759,-243,-2055,144,77,-10,-11
2025-11-27T16:17:42.575343,329,382,470,415,816,515,124,169,8290,-8495,-7121,8765,-278,-2013,151,50,-13,3
2025-11-27T16:17:42.598388,284,339,441,409,681,416,105,179,8288,-8492,-7124,8768,-243,-2033,166,4,-30,-11
2025-11-27T16:17:42.620891,252,320,445,402,678,424,109,184,8289,-8488,-7128,8768,-204,-2072,177,0,-22,-1
2025-11-27T16:17:42.644538,264,326,467,381,648,374,102,191,8292,-8484,-7127,8770,-223,-2032,190,21,-3,-7
2025-11-27T16:17:42.665915,271,281,401,351,763,394,119,162,8297,-8483,-7124,8769,-256,-2043,194,14,19,-20
2025-11-27T16:17:42.679213,271,272,432,325,769,379,120,154,8298,-8484,-7125,8766,-262,-2040,151,1,5,-32
2025-11-27T16:17:42.694085,291,260,463,330,808,413,133,221,8294,-8486,-7132,8763,-252,-2049,145,-27,-16,-19
2025-11-27T16:17:42.716539,305,284,535,324,829,415,139,235,8293,-8483,-7135,8763,-222,-2045,186,-14,-20,-7
2025-11-27T16:17:42.738733,368,290,509,316,826,414,137,238,8293,-8483,-7135,8763,-231,-2032,182,1,-7,-15
2025-11-27T16:17:42.753702,391,262,532,315,740,407,128,267,8296,-8482,-7132,8763,-247,-2037,186,16,14,-10
2025-11-27T16:17:42.783207,426,264,548,292,822,450,143,271,8300,-8483,-7127,8763,-263,-2025,175,20,23,-13
2025-11-27T16:17:42.799302,418,255,516,249,893,486,149,219,8299,-8484,-7127,8763,-246,-2076,159,8,-4,-7
2025-11-27T16:17:42.814950,451,241,440,289,882,482,145,208,8298,-8482,-7128,8765,-237,-2047,162,13,-19,4
2025-11-27T16:17:42.838408,417,211,426,297,861,475,143,215,8294,-8483,-7131,8765,-230,-2036,169,-18,-12,7
2025-11-27T16:17:42.865002,382,181,419,356,877,520,158,162,8295,-8483,-7130,8765,-238,-2040,192,0,14,13
2025-11-27T16:17:42.875827,309,167,497,370,791,467,144,152,8297,-8485,-7126,8764,-243,-2037,174,10,25,1
2025-11-27T16:17:42.898409,289,153,520,380,707,416,126,140,8292,-8491,-7128,8761,-258,-2037,141,-27,7,0
2025-11-27T16:17:42.921447,236,140,545,367,709,435,128,139,8285,-8496,-7137,8756,-224,-2033,142,-60,-12,-1
2025-11-27T16:17:42.935923,173,160,593,377,716,436,129,117,8282,-8500,-7146,8748,-201,-2065,152,-54,-1,-13
2025-11-27T16:17:42.958653,241,178,584,352,754,382,113,122,8286,-8499,-7149,8742,-215,-2087,177,-17,18,-26
2025-11-27T16:17:42.980632,258,224,508,407,811,427,114,112,8292,-8497,-7149,8739,-229,-2047,153,27,15,-31
2025-11-27T16:17:43.003449,260,223,500,401,791,424,121,113,8290,-8498,-7155,8736,-262,-2015,130,-17,-15,-38
2025-11-27T16:17:43.018412,251,231,500,384,773,398,113,112,8286,-8496,-7167,8731,-204,-2038,140,-43,-39,-28
2025-11-27T16:17:43.040958,254,230,462,377,893,466,123,114,8284,-8496,-7174,8726,-221,-2069,161,-36,-6,-26
2025-11-27T16:17:43.056327,194,225,450,355,831,450,119,102,8285,-8495,-7176,8726,-246,-2065,162,0,-7,-20
2025-11-27T16:17:43.078376,181,180,429,306,738,413,111,107,8285,-8491,-7178,8727,-243,-2041,135,20,-23,-23
2025-11-27T16:17:43.100925,209,207,403,397,747,411,107,106,8281,-8486,-7181,8733,-300,-1997,138,20,-57,-35
2025-11-27T16:17:43.115410,209,199,417,420,836,448,120,91,8284,-8477,-7188,8735,-220,-2046,183,8,-45,-46
2025-11-27T16:17:43.138884,202,177,444,436,717,394,112,86,8286,-8473,-7185,8739,-256,-2060,174,31,-9,-12
2025-11-27T16:17:43.160535,204,187,494,472,634,344,100,143,8290,-8470,-7180,8742,-231,-2032,183,34,5,2
2025-11-27T16:17:43.183453,211,190,530,501,749,422,126,165,8293,-8472,-7173,8743,-223,-2034,219,0,35,14
2025-11-27T16:17:43.198455,187,165,525,433,760,432,125,171,8296,-8478,-7170,8736,-218,-2081,192,-29,55,1
2025-11-27T16:17:43.220947,168,172,533,428,690,411,122,199,8295,-8479,-7170,8736,-272,-2061,128,1,1,-10
2025-11-27T16:17:43.242990,181,207,511,440,734,416,128,201,8296,-8472,-7172,8740,-253,-2043,163,27,-38,-31
2025-11-27T16:17:43.258360,182,195,447,407,815,462,142,167,8302,-8467,-7175,8737,-193,-2053,194,4,3,-31
2025-11-27T16:17:43.280580,165,196,390,358,911,517,158,151,8307,-8467,-7171,8735,-227,-2087,196,10,28,-10
2025-11-27T16:17:43.303128,242,246,482,395,892,497,155,180,8307,-8468,-7171,8735,-256,-2066,156,10,-3,11
2025-11-27T16:17:43.318405,287,242,466,386,945,513,159,173,8301,-8469,-7172,8739,-286,-2032,122,7,-32,-12
2025-11-27T16:17:43.341546,309,221,441,410,933,513,154,185,8298,-8464,-7182,8739,-244,-2027,133,-2,-54,-43
2025-11-27T16:17:43.363326,357,218,452,399,909,506,155,200,8291,-8458,-7193,8741,-253,-2026,135,-18,-77,-39
2025-11-27T16:17:43.378383,386,213,478,373,689,352,115,212,8291,-8449,-7200,8744,-218,-2045,174,7,-56,-33
2025-11-27T16:17:43.400651,371,148,392,328,663,341,114,211,8296,-8442,-7201,8746,-190,-2049,201,21,-12,-13
2025-11-27T16:17:43.423413,352,174,384,350,617,380,109,200,8300,-8442,-7196,8746,-196,-2069,232,-5,26,15
2025-11-27T16:17:43.438038,334,212,364,309,813,534,148,210,8298,-8447,-7193,8746,-228,-2077,162,-5,15,22
2025-11-27T16:17:43.460785,293,216,370,330,822,540,144,197,8296,-8445,-7196,8747,-210,-2054,143,9,-23,-1
2025-11-27T16:17:43.483515,260,218,302,367,905,598,162,189,8297,-8439,-7201,8747,-195,-2067,173,4,-25,-18
2025-11-27T16:17:43.498453,213,228,334,409,948,618,163,160,8298,-8439,-7201,8747,-169,-2078,171,12,-8,-5
2025-11-27T16:17:43.521001,196,209,322,378,946,596,162,148,8300,-8438,-7198,8748,-216,-2058,177,22,9,4
2025-11-27T16:17:43.543112,180,170,328,388,876,507,146,113,8306,-8434,-7194,8749,-196,-2060,204,24,15,-3
2025-11-27T16:17:43.558660,195,194,412,402,839,484,138,111,8306,-8435,-7195,8749,-223,-2066,154,-15,10,-10
2025-11-27T16:17:43.580986,238,196,464,356,775,427,121,97,8305,-8435,-7200,8745,-221,-2041,134,-6,-10,-24
2025-11-27T16:17:43.611334,237,180,502,368,756,411,119,101,8305,-8432,-7206,8743,-201,-2026,144,-4,-17,-25
2025-11-27T16:17:43.622699,249,181,515,391,732,387,121,103,8306,-8435,-7209,8736,-196,-2069,159,-23,15,-17
2025-11-27T16:17:43.640526,265,179,522,389,570,298,98,106,8308,-8435,-7205,8737,-227,-2047,170,18,17,2
2025-11-27T16:17:43.663445,245,150,473,412,674,362,117,100,8312,-8436,-7201,8736,-213,-2036,183,12,27,0
2025-11-27T16:17:43.678440,200,155,443,444,719,391,127,114,8310,-8439,-7203,8734,-218,-2060,162,-19,3,-2
2025-11-27T16:17:43.700737,214,203,451,455,689,384,132,120,8309,-8437,-7209,8731,-188,-2067,164,-18,-18,-13
2025-11-27T16:17:43.723498,210,202,482,455,657,396,130,130,8312,-8435,-7214,8727,-174,-2065,183,-18,3,-19
2025-11-27T16:17:43.738480,229,225,523,461,648,387,125,142,8320,-8433,-7213,8722,-172,-2073,187,10,35,-19
2025-11-27T16:17:43.761204,225,232,510,437,497,306,105,154,8328,-8435,-7207,8717,-183,-2066,167,27,52,-5
2025-11-27T16:17:43.783515,219,219,506,415,500,319,98,145,8339,-8438,-7200,8710,-161,-2069,184,20,78,2
2025-11-27T16:17:43.798452,207,214,429,386,497,307,92,144,8350,-8443,-7190,8702,-172,-2067,163,32,98,5
2025-11-27T16:17:43.829758,206,211,353,371,552,292,84,164,8362,-8450,-7178,8694,-165,-2060,159,39,105,17
2025-11-27T16:17:43.843733,165,186,371,371,651,365,105,153,8376,-8458,-7163,8685,-171,-2047,178,37,129,19
2025-11-27T16:17:43.858658,210,199,432,330,655,362,107,146,8386,-8473,-7148,8674,-229,-2057,160,12,142,9
2025-11-27T16:17:43.881015,241,222,466,424,684,402,120,150,8398,-8484,-7133,8664,-223,-2044,160,30,129,-7
2025-11-27T16:17:43.903520,233,204,472,426,736,424,124,141,8409,-8494,-7120,8654,-234,-2019,173,20,123,-10
2025-11-27T16:17:43.918488,228,208,496,443,693,413,121,107,8412,-8505,-7114,8645,-264,-2021,136,-10,79,-21
2025-11-27T16:17:43.941145,230,231,496,417,643,372,106,116,8418,-8509,-7109,8639,-231,-2049,176,6,60,-25
2025-11-27T16:17:43.963385,192,206,435,454,705,395,111,111,8426,-8515,-7102,8632,-250,-2034,183,2,73,-29
2025-11-27T16:17:43.978510,158,186,396,363,612,322,86,103,8431,-8525,-7095,8622,-250,-2066,162,-12,86,-18
2025-11-27T16:17:44.001014,236,188,434,382,612,330,89,117,8433,-8534,-7087,8617,-247,-2056,160,-2,69,4
2025-11-27T16:17:44.023533,239,217,442,396,701,416,116,119,8439,-8541,-7078,8612,-228,-2044,184,4,71,3
2025-11-27T16:17:44.038523,259,195,358,376,670,411,117,110,8444,-8547,-7068,8609,-239,-2070,183,14,71,8
2025-11-27T16:17:44.060471,318,213,376,371,605,397,122,120,8452,-8552,-7057,8607,-232,-2038,184,31,70,5
2025-11-27T16:17:44.083527,315,231,421,387,653,412,131,141,8454,-8562,-7050,8599,-233,-2050,174,-22,80,7
2025-11-27T16:17:44.098262,284,228,416,409,640,406,137,145,8456,-8571,-7043,8595,-232,-2081,165,-7,58,14
2025-11-27T16:17:44.121023,298,198,404,408,581,338,127,145,8461,-8575,-7035,8592,-221,-2038,164,28,54,10
2025-11-27T16:17:44.143885,277,209,399,415,581,335,130,164,8464,-8579,-7028,8590,-234,-2043,148,24,43,7
2025-11-27T16:17:44.165887,243,213,398,397,610,364,132,162,8473,-8580,-7019,8588,-206,-2054,175,45,55,2
2025-11-27T16:17:44.181030,249,191,405,426,552,341,128,144,8481,-8585,-7009,8583,-224,-2019,162,31,77,-2
2025-11-27T16:17:44.203502,233,173,351,363,519,325,117,138,8489,-8593,-7000,8575,-230,-2059,174,3,92,-4
2025-11-27T16:17:44.226040,218,180,373,346,534,331,116,139,8496,-8603,-6989,8568,-233,-2024,168,15,96,8
2025-11-27T16:17:44.240802,277,181,460,347,572,355,120,127,8503,-8613,-6979,8558,-245,-2040,164,-2,103,-7
2025-11-27T16:17:44.263527,250,156,448,397,566,343,111,126,8508,-8623,-6971,8550,-245,-2048,157,1,87,-7
2025-11-27T16:17:44.286135,279,175,396,347,568,340,111,129,8513,-8634,-6961,8542,-256,-2054,163,-1,91,1
2025-11-27T16:17:44.301096,279,202,465,382,696,411,129,128,8515,-8646,-6953,8534,-250,-2034,155,-18,82,5
2025-11-27T16:17:44.323362,287,192,456,382,754,440,140,124,8515,-8661,-6946,8524,-266,-2046,159,-45,90,8
2025-11-27T16:17:44.345762,233,202,435,381,741,421,131,109,8515,-8672,-6942,8517,-250,-2077,165,-34,67,5
2025-11-27T16:17:44.360963,280,239,541,459,911,558,165,125,8514,-8679,-6937,8515,-262,-2067,148,-2,35,12
2025-11-27T16:17:44.383522,254,247,547,490,938,571,168,126,8515,-8682,-6935,8512,-238,-2052,153,-4,25,-6
2025-11-27T16:17:44.406330,254,239,496,462,949,599,173,120,8519,-8685,-6931,8508,-249,-2044,171,0,39,-13
2025-11-27T16:17:44.421051,243,253,484,463,899,578,161,140,8519,-8689,-6930,8505,-245,-2071,159,-9,23,-8
2025-11-27T16:17:44.443494,275,271,476,505,944,628,181,161,8524,-8690,-6924,8504,-251,-2075,171,22,34,-1
2025-11-27T16:17:44.465967,226,258,417,402,798,521,162,155,8527,-8694,-6918,8501,-232,-2040,153,17,44,5
2025-11-27T16:17:44.481058,232,264,428,366,786,507,158,156,8531,-8698,-6910,8500,-250,-2058,183,10,42,8
2025-11-27T16:17:44.503511,238,265,442,395,658,420,138,165,8535,-8699,-6903,8500,-249,-2057,179,21,37,2
2025-11-27T16:17:44.525824,262,273,479,390,709,433,145,173,8541,-8701,-6897,8498,-257,-2061,184,21,42,-14
2025-11-27T16:17:44.540828,251,243,456,351,754,411,133,167,8546,-8703,-6894,8493,-241,-2040,152,8,39,-23
2025-11-27T16:17:44.563357,258,245,421,369,757,397,118,168,8546,-8708,-6893,8488,-255,-2043,141,-6,31,-13
2025-11-27T16:17:44.585885,292,249,500,419,794,489,140,167,8553,-8710,-6889,8483,-231,-2064,158,21,44,-18
2025-11-27T16:17:44.600971,304,247,482,402,850,548,152,161,8559,-8712,-6882,8480,-265,-2024,147,34,49,-21
2025-11-27T16:17:44.623321,287,247,458,472,796,534,143,135,8564,-8714,-6879,8475,-247,-2050,158,14,37,-23
2025-11-27T16:17:44.646027,298,265,516,461,703,500,137,130,8567,-8717,-6876,8472,-241,-2039,152,7,36,-9
2025-11-27T16:17:44.665355,351,272,538,450,800,585,158,135,8571,-8722,-6871,8467,-238,-2045,163,4,46,-2
2025-11-27T16:17:44.683547,349,304,519,430,752,526,149,154,8573,-8725,-6865,8466,-244,-2042,159,15,37,5
2025-11-27T16:17:44.706073,331,308,571,481,830,579,168,147,8576,-8730,-6858,8465,-245,-2041,158,18,40,14
2025-11-27T16:17:44.721077,323,290,558,396,878,592,172,145,8577,-8734,-6854,8462,-241,-2059,153,5,34,4
2025-11-27T16:17:44.743529,329,294,506,407,922,611,175,146,8578,-8737,-6852,8459,-230,-2059,150,0,27,5
2025-11-27T16:17:44.766129,313,313,533,441,957,617,192,155,8583,-8737,-6849,8457,-218,-2052,172,15,25,-2
2025-11-27T16:17:44.780834,306,275,480,438,1049,670,212,163,8585,-8740,-6843,8456,-255,-2002,179,9,31,0
2025-11-27T16:17:44.803484,302,287,471,359,944,578,186,163,8587,-8743,-6843,8452,-235,-2049,164,-12,27,-10
2025-11-27T16:17:44.826031,301,285,485,377,876,558,181,170,8590,-8744,-6842,8449,-222,-2062,172,0,25,-4
2025-11-27T16:17:44.841080,257,309,479,376,817,534,177,171,8594,-8748,-6836,8446,-263,-2053,165,12,44,-9
2025-11-27T16:17:44.863447,202,272,436,346,621,416,137,163,8598,-8751,-6832,8442,-254,-2028,143,17,37,-19
2025-11-27T16:17:44.886028,157,281,455,418,533,314,90,145,8602,-8753,-6828,8438,-249,-2021,171,6,37,-16
2025-11-27T16:17:44.900579,158,258,426,434,550,326,93,162,8607,-8758,-6825,8430,-221,-2081,177,-12,65,-12
2025-11-27T16:17:44.923589,179,276,451,443,692,422,122,167,8609,-8765,-6815,8428,-278,-2069,170,9,55,11
2025-11-27T16:17:44.945991,229,300,444,458,701,422,119,155,8612,-8768,-6811,8426,-239,-2055,152,18,32,5
2025-11-27T16:17:44.960964,229,305,427,431,704,430,120,157,8617,-8770,-6805,8424,-231,-2041,166,20,38,2
2025-11-27T16:17:44.983391,242,295,408,343,768,475,136,154,8618,-8775,-6803,8420,-260,-2035,157,-7,33,-12
2025-11-27T16:17:45.006142,276,332,514,396,805,467,140,152,8620,-8779,-6802,8415,-248,-2037,160,-11,33,-15
2025-11-27T16:17:45.021142,267,341,475,401,758,405,122,151,8624,-8782,-6796,8412,-244,-2057,163,14,46,1
2025-11-27T16:17:45.043532,232,299,478,378,754,400,125,172,8625,-8788,-6790,8409,-248,-2054,164,-2,45,11
2025-11-27T16:17:45.066165,223,291,479,386,779,396,126,163,8625,-8793,-6787,8406,-242,-2066,143,0,25,14
2025-11-27T16:17:45.088661,224,289,515,378,650,320,105,161,8630,-8793,-6782,8405,-230,-2044,171,24,31,1
2025-11-27T16:17:45.103571,186,240,403,316,585,302,96,184,8635,-8794,-6776,8403,-243,-2047,174,23,41,-6
2025-11-27T16:17:45.134683,194,227,442,370,614,319,98,178,8640,-8797,-6771,8400,-251,-2037,179,8,41,-10
2025-11-27T16:17:45.148427,194,216,453,377,641,322,94,168,8641,-8802,-6768,8395,-251,-2069,160,-9,40,-2
2025-11-27T16:17:45.163247,189,223,469,386,805,431,139,210,8643,-8807,-6763,8392,-273,-2057,161,2,36,-8
2025-11-27T16:17:45.185898,294,243,426,409,802,430,147,217,8645,-8810,-6760,8389,-254,-2054,144,10,33,-8
2025-11-27T16:17:45.216881,310,244,410,420,816,431,147,196,8649,-8813,-6754,8387,-249,-2033,160,22,38,4
2025-11-27T16:17:45.223691,315,244,382,366,846,466,169,220,8652,-8818,-6746,8384,-271,-2033,159,12,51,-1
2025-11-27T16:17:45.245918,316,246,377,362,873,493,178,219,8655,-8823,-6740,8382,-267,-2047,167,7,39,0
2025-11-27T16:17:45.268682,337,236,353,331,689,389,142,176,8656,-8827,-6737,8379,-261,-2038,148,3,30,-6
2025-11-27T16:17:45.283586,268,274,372,338,757,500,171,176,8660,-8829,-6733,8376,-249,-2053,177,1,39,-7
2025-11-27T16:17:45.306128,248,282,388,335,857,585,201,189,8663,-8835,-6730,8369,-257,-2042,164,-8,52,-15
2025-11-27T16:17:45.328526,230,277,394,336,813,568,191,168,8665,-8840,-6727,8364,-240,-2054,154,-8,44,-3
2025-11-27T16:17:45.343983,223,261,392,329,783,579,191,165,8666,-8846,-6725,8358,-248,-2041,144,-10,37,-6
2025-11-27T16:17:45.366147,190,269,395,340,835,609,198,171,8668,-8850,-6726,8351,-242,-2068,133,-9,33,-16
2025-11-27T16:17:45.388545,173,228,383,303,822,556,181,187,8672,-8853,-6721,8348,-241,-2030,166,9,42,-2
2025-11-27T16:17:45.403290,177,230,378,304,745,493,159,187,8672,-8860,-6719,8342,-266,-2056,130,-9,42,-8
2025-11-27T16:17:45.426033,201,280,375,332,778,551,172,185,8675,-8865,-6715,8337,-235,-2074,164,-9,46,5
2025-11-27T16:17:45.448610,221,281,387,325,772,522,168,184,8678,-8872,-6708,8333,-253,-2065,157,4,58,10
2025-11-27T16:17:45.464046,231,295,373,369,725,495,165,197,8681,-8877,-6704,8327,-248,-2067,129,12,46,-2
2025-11-27T16:17:45.493978,220,277,344,401,696,459,151,172,8687,-8879,-6696,8325,-232,-2036,177,22,52,8
2025-11-27T16:17:45.508596,224,272,354,395,699,458,144,159,8692,-8884,-6689,8320,-256,-2058,153,12,58,1
2025-11-27T16:17:45.523643,237,227,420,372,690,381,127,156,8695,-8888,-6685,8316,-252,-2059,133,18,42,-7
2025-11-27T16:17:45.546467,232,227,449,375,665,372,123,153,8699,-8891,-6681,8311,-255,-2021,150,4,45,-16
2025-11-27T16:17:45.568600,231,210,470,327,748,404,124,131,8703,-8895,-6677,8306,-264,-2020,162,-1,43,-14
2025-11-27T16:17:45.583630,227,192,505,273,708,394,118,125,8702,-8902,-6676,8300,-275,-2032,131,-19,36,-19
2025-11-27T16:17:45.606133,238,220,523,319,714,386,119,117,8703,-8906,-6677,8294,-241,-2028,146,-23,26,-15
2025-11-27T16:17:45.628516,224,212,473,281,648,342,104,116,8701,-8913,-6677,8288,-277,-2025,137,-30,28,-15
2025-11-27T16:17:45.643344,224,220,412,288,708,357,103,114,8698,-8920,-6679,8282,-263,-2047,135,-36,25,-14
2025-11-27T16:17:45.665801,215,225,434,288,615,306,90,105,8695,-8928,-6679,8278,-257,-2064,144,-40,29,13
2025-11-27T16:17:45.688662,207,230,394,293,628,309,93,102,8687,-8940,-6676,8276,-279,-2037,141,-51,26,31
2025-11-27T16:17:45.703110,213,209,404,232,592,278,78,98,8682,-8949,-6674,8273,-251,-2073,157,-47,28,33
2025-11-27T16:17:45.726120,237,218,404,268,614,302,92,108,8678,-8956,-6670,8273,-269,-2076,158,-28,25,27
2025-11-27T16:17:45.748156,239,200,439,296,704,351,100,108,8677,-8961,-6671,8268,-253,-2065,140,-30,25,-1
2025-11-27T16:17:45.763470,249,189,390,331,734,366,104,111,8679,-8963,-6670,8264,-231,-2068,143,-7,25,0
2025-11-27T16:17:45.786315,245,199,393,344,772,381,108,122,8681,-8966,-6667,8260,-245,-2082,141,1,32,2
2025-11-27T16:17:45.808811,213,190,396,345,792,377,110,124,8685,-8968,-6663,8257,-247,-2047,136,12,35,0
2025-11-27T16:17:45.831310,168,243,470,329,814,377,101,107,8686,-8972,-6660,8254,-257,-2057,124,8,29,-2
2025-11-27T16:17:45.846031,150,257,456,328,714,330,95,113,8691,-8972,-6657,8252,-238,-2065,145,18,31,0
2025-11-27T16:17:45.868505,150,264,458,300,687,310,88,114,8695,-8975,-6651,8250,-266,-2041,143,16,37,-4
2025-11-27T16:17:45.883672,172,259,462,302,687,285,82,105,8700,-8978,-6645,8246,-246,-2034,128,22,46,0
2025-11-27T16:17:45.906346,236,272,481,300,669,297,81,113,8706,-8981,-6637,8243,-268,-2042,169,14,57,-3
2025-11-27T16:17:45.928571,257,238,396,322,601,267,79,119,8710,-8985,-6633,8237,-251,-2067,130,7,50,-11
2025-11-27T16:17:45.943483,260,221,398,277,641,296,83,119,8716,-8988,-6627,8232,-256,-2037,128,25,54,-8
2025-11-27T16:17:45.965824,261,203,429,294,765,389,109,130,8723,-8991,-6620,8226,-251,-2037,155,12,62,-9
2025-11-27T16:17:45.988449,262,205,431,282,753,413,120,143,8731,-8995,-6612,8220,-253,-2052,159,18,75,-10
2025-11-27T16:17:46.011388,216,192,362,286,776,434,129,134,8737,-9002,-6602,8214,-271,-2054,141,12,79,-2
2025-11-27T16:17:46.026219,186,165,358,292,809,452,131,131,8742,-9010,-6594,8207,-254,-2063,140,2,76,8
2025-11-27T16:17:46.048662,183,162,362,312,768,421,125,140,8744,-9018,-6588,8201,-279,-2034,125,-2,58,1
2025-11-27T16:17:46.071841,252,200,411,290,629,351,110,139,8748,-9020,-6584,8197,-267,-2073,145,8,40,-13
2025-11-27T16:17:46.086054,250,192,410,321,647,357,116,124,8756,-9021,-6577,8194,-264,-2035,138,40,47,-17
2025-11-27T16:17:46.108220,242,190,422,335,762,431,139,131,8765,-9023,-6571,8187,-260,-2051,151,21,64,-28
2025-11-27T16:17:46.131862,246,174,418,304,757,445,146,131,8767,-9029,-6566,8181,-279,-2039,138,-7,56,-14
2025-11-27T16:17:46.146265,252,208,457,288,782,447,149,132,8769,-9033,-6564,8176,-258,-2077,129,-4,36,-8
2025-11-27T16:17:46.168658,188,184,405,317,787,443,146,131,8773,-9036,-6560,8172,-255,-2053,142,11,42,-4
2025-11-27T16:17:46.191871,182,220,397,282,746,420,133,129,8781,-9039,-6553,8166,-263,-2054,155,18,62,-20
2025-11-27T16:17:46.205774,180,217,401,238,602,311,100,146,8788,-9042,-6543,8163,-279,-2050,143,35,67,-5
2025-11-27T16:17:46.228521,196,228,429,263,546,260,81,150,8795,-9046,-6532,8159,-269,-2021,150,31,69,2
2025-11-27T16:17:46.251879,206,234,385,298,478,282,82,140,8798,-9054,-6525,8153,-276,-2026,131,0,61,-3
2025-11-27T16:17:46.267705,210,241,378,273,531,279,88,164,8802,-9059,-6519,8148,-266,-2057,135,6,54,-2
2025-11-27T16:17:46.288688,207,218,377,290,542,285,92,185,8807,-9062,-6512,8145,-256,-2053,127,33,53,3
2025-11-27T16:17:46.311875,213,252,401,308,521,294,94,188,8815,-9064,-6504,8141,-266,-2058,148,33,54,-13
2025-11-27T16:17:46.325882,192,261,399,312,604,321,103,192,8821,-9068,-6497,8136,-272,-2045,131,26,61,-10
2025-11-27T16:17:46.346280,180,230,402,285,657,304,98,198,8825,-9074,-6490,8131,-267,-2042,145,3,58,0
2025-11-27T16:17:46.370683,185,216,379,388,706,357,111,180,8828,-9079,-6484,8126,-267,-2063,143,5,53,1
2025-11-27T16:17:46.386092,181,221,379,389,720,364,112,157,8831,-9085,-6479,8120,-273,-2047,120,6,54,-8
2025-11-27T16:17:46.410701,177,179,340,398,794,420,126,148,8835,-9088,-6473,8118,-285,-2036,138,22,40,-10
2025-11-27T16:17:46.439296,176,147,300,382,768,437,129,134,8836,-9091,-6469,8115,-271,-2021,140,4,31,-2
2025-11-27T16:17:46.445956,219,157,278,385,713,432,127,138,8837,-9095,-6467,8112,-276,-2033,135,-8,27,-6
2025-11-27T16:17:46.468151,198,176,364,286,673,404,116,139,8842,-9096,-6462,8110,-262,-2053,156,21,31,-7
2025-11-27T16:17:46.492749,214,166,394,272,687,400,120,153,8846,-9099,-6456,8107,-287,-2026,137,18,45,-15
2025-11-27T16:17:46.506641,219,201,414,250,575,331,106,140,8848,-9103,-6452,8103,-273,-2028,143,-1,38,-10
2025-11-27T16:17:46.528659,242,247,424,285,556,312,105,155,8849,-9107,-6449,8099,-272,-2044,145,-8,36,-2
2025-11-27T16:17:46.551397,232,260,450,288,552,302,102,145,8852,-9110,-6444,8096,-269,-2071,137,14,39,-1
2025-11-27T16:17:46.566197,242,258,432,301,474,274,98,136,8858,-9110,-6437,8096,-270,-2040,162,36,32,0
2025-11-27T16:17:46.588735,228,268,421,321,434,277,96,119,8862,-9112,-6431,8095,-278,-2028,153,12,33,-6
2025-11-27T16:17:46.611751,226,274,411,350,491,281,88,130,8863,-9117,-6429,8090,-273,-2058,134,-6,36,-5
2025-11-27T16:17:46.626189,222,246,414,402,439,237,81,120,8866,-9119,-6424,8087,-262,-2045,142,13,38,-2
2025-11-27T16:17:46.648672,203,240,413,403,649,373,112,118,8869,-9123,-6416,8085,-296,-2038,134,23,43,-1
2025-11-27T16:17:46.671585,214,241,386,430,681,390,119,126,8872,-9126,-6411,8083,-270,-2042,145,14,36,-1
2025-11-27T16:17:46.686236,215,227,373,426,716,394,122,138,8871,-9131,-6407,8082,-305,-2044,136,-1,22,1
2025-11-27T16:17:46.708090,218,212,342,416,698,392,124,121,8868,-9135,-6411,8078,-278,-2051,113,-21,2,-14
2025-11-27T16:17:46.731892,207,204,367,365,750,410,122,117,8867,-9135,-6411,8078,-277,-2041,121,0,-7,-5
2025-11-27T16:17:46.746106,212,202,331,420,688,386,112,119,8867,-9136,-6411,8078,-280,-2030,130,-9,-3,-4
2025-11-27T16:17:46.768676,194,199,337,399,671,384,104,113,8864,-9140,-6411,8076,-271,-2058,138,-20,5,6
2025-11-27T16:17:46.791857,199,207,346,408,646,384,99,124,8861,-9143,-6410,8078,-276,-2053,138,-8,0,16
2025-11-27T16:17:46.806558,260,184,365,397,641,383,102,146,8859,-9145,-6407,8079,-271,-2059,154,-9,6,19
2025-11-27T16:17:46.828663,272,197,342,421,579,367,100,158,8857,-9148,-6405,8079,-263,-2041,136,-5,9,19
2025-11-27T16:17:46.851905,285,186,369,374,544,334,113,176,8857,-9148,-6406,8079,-261,-2056,141,-11,3,14
2025-11-27T16:17:46.866646,280,223,355,352,552,326,114,173,8857,-9148,-6406,8079,-260,-2056,164,-13,5,5
2025-11-27T16:17:46.897001,288,227,352,327,506,308,113,157,8857,-9148,-6406,8078,-254,-2053,135,-9,9,-4
2025-11-27T16:17:46.911843,288,258,421,322,512,315,111,201,8858,-9150,-6405,8076,-256,-2037,146,-7,16,0
2025-11-27T16:17:46.925953,292,260,409,243,568,318,113,205,8860,-9151,-6403,8074,-272,-2052,165,-9,17,-5
2025-11-27T16:17:46.949020,264,265,390,232,540,285,91,199,8860,-9155,-6402,8070,-270,-2062,129,-7,26,-4
2025-11-27T16:17:46.971969,266,231,368,283,574,301,97,205,8858,-9160,-6402,8067,-276,-2064,125,-20,20,1
2025-11-27T16:17:46.994111,271,224,400,295,667,344,103,217,8857,-9161,-6402,8067,-298,-2056,122,-12,11,5
2025-11-27T16:17:47.010360,220,186,317,308,637,332,102,168,8857,-9161,-6402,8067,-298,-2043,127,9,9,-6
2025-11-27T16:17:47.029681,187,171,331,345,601,336,104,148,8856,-9162,-6401,8067,-298,-2032,145,10,4,-6
2025-11-27T16:17:47.052956,179,173,421,343,577,329,106,132,8856,-9162,-6401,8068,-297,-2046,147,13,-2,-8
2025-11-27T16:17:47.068684,178,206,471,310,541,307,99,129,8858,-9161,-6397,8070,-298,-2031,162,17,5,-8
2025-11-27T16:17:47.091189,167,200,438,318,514,280,98,106,8858,-9161,-6396,8071,-295,-2049,133,14,10,0
2025-11-27T16:17:47.114113,152,216,435,301,599,315,100,96,8858,-9161,-6396,8071,-289,-2034,158,13,12,13
2025-11-27T16:17:47.128662,153,237,442,276,593,299,92,118,8857,-9162,-6396,8071,-280,-2045,115,6,1,3
2025-11-27T16:17:47.150991,184,255,416,292,640,291,88,145,8857,-9162,-6396,8071,-278,-2020,126,-3,-15,-2
2025-11-27T16:17:47.174140,215,245,374,280,676,323,97,143,8857,-9162,-6396,8071,-262,-2048,134,-9,-5,-10
2025-11-27T16:17:47.188689,206,259,378,283,631,323,101,154,8857,-9162,-6396,8071,-265,-2067,144,-4,1,2
2025-11-27T16:17:47.210916,204,250,397,312,645,300,99,153,8857,-9162,-6396,8071,-267,-2054,148,1,8,11
2025-11-27T16:17:47.234453,219,239,394,294,644,303,101,141,8859,-9163,-6393,8070,-266,-2046,148,11,19,5
2025-11-27T16:17:47.248696,205,230,353,259,629,293,95,115,8859,-9166,-6391,8067,-269,-2047,129,-6,20,4
2025-11-27T16:17:47.270930,185,231,360,268,650,302,104,126,8859,-9166,-6391,8067,-270,-2042,131,-5,9,7
2025-11-27T16:17:47.294463,207,210,361,254,617,273,95,139,8859,-9167,-6392,8067,-261,-2060,125,3,2,3
2025-11-27T16:17:47.309123,232,215,336,249,566,260,95,141,8858,-9167,-6392,8067,-265,-2051,129,2,-3,3
2025-11-27T16:17:47.331206,222,214,308,252,638,355,109,139,8858,-9167,-6392,8067,-267,-2064,126,4,-1,7
2025-11-27T16:17:47.354152,230,216,299,261,577,353,113,140,8857,-9168,-6390,8069,-298,-2059,119,16,-4,2
2025-11-27T16:17:47.368668,230,206,330,303,526,337,104,128,8855,-9167,-6388,8074,-306,-2033,135,19,-19,3
2025-11-27T16:17:47.391174,209,210,333,321,622,404,117,105,8854,-9167,-6388,8074,-309,-2040,133,-4,-7,-1
2025-11-27T16:17:47.414473,198,218,360,315,594,406,115,110,8847,-9172,-6389,8076,-329,-2049,116,-21,-15,-1
2025-11-27T16:17:47.428773,204,234,386,338,545,351,110,121,8844,-9172,-6388,8080,-312,-2037,131,5,-20,3
2025-11-27T16:17:47.451234,190,219,371,377,597,375,116,120,8844,-9173,-6387,8080,-304,-2025,145,-5,-13,-2
2025-11-27T16:17:47.474386,179,211,320,385,586,371,111,118,8839,-9174,-6388,8083,-302,-2041,148,-18,-20,3
2025-11-27T16:17:47.488770,203,246,376,357,497,297,93,133,8837,-9173,-6388,8087,-289,-2066,152,0,-19,12
2025-11-27T16:17:47.510850,211,250,423,378,539,327,105,139,8836,-9172,-6385,8091,-296,-2053,140,19,-9,10
2025-11-27T16:17:47.534525,228,240,421,373,526,309,98,137,8836,-9172,-6385,8091,-280,-2038,150,3,-15,2
2025-11-27T16:17:47.548727,264,256,433,343,541,295,91,132,8831,-9171,-6388,8095,-289,-2057,140,-10,-37,3
2025-11-27T16:17:47.571249,266,297,455,288,555,289,91,139,8828,-9168,-6392,8098,-290,-2066,141,-3,-37,-4
2025-11-27T16:17:47.594441,247,264,401,312,622,326,97,119,8826,-9166,-6396,8100,-270,-2045,119,2,-34,-5
2025-11-27T16:17:47.610725,256,257,329,307,648,327,94,107,8825,-9162,-6398,8105,-269,-2054,147,16,-35,7
2025-11-27T16:17:47.630973,345,263,339,312,686,334,96,118,8821,-9158,-6401,8111,-287,-2049,128,14,-49,4
2025-11-27T16:17:47.654808,324,258,367,329,669,327,97,119,8814,-9153,-6408,8119,-284,-2043,109,10,-74,3
2025-11-27T16:17:47.668611,317,209,335,352,742,386,112,115,8809,-9148,-6414,8126,-280,-2029,126,5,-70,2
2025-11-27T16:17:47.690835,359,225,337,345,729,393,115,117,8803,-9144,-6422,8129,-275,-2040,132,-15,-61,-9
2025-11-27T16:17:47.714343,342,220,343,352,721,393,118,114,8798,-9140,-6429,8134,-282,-2046,128,-5,-63,-6
2025-11-27T16:17:47.728802,236,203,343,352,719,394,116,93,8792,-9137,-6437,8138,-285,-2025,116,-9,-55,-9
2025-11-27T16:17:47.751252,234,191,309,336,798,431,120,111,8785,-9136,-6442,8141,-299,-2049,125,-16,-47,-4
2025-11-27T16:17:47.774451,249,180,338,323,813,425,124,105,8780,-9133,-6446,8147,-291,-2038,131,-1,-50,3
2025-11-27T16:17:47.788859,179,160,344,300,774,393,117,107,8772,-9133,-6450,8154,-309,-2023,139,-20,-53,9
2025-11-27T16:17:47.811525,174,165,385,257,778,387,116,116,8763,-9132,-6455,8160,-319,-2059,127,-18,-61,3
2025-11-27T16:17:47.834162,210,194,380,370,905,547,156,121,8758,-9127,-6461,8167,-289,-2046,152,-8,-65,-1
2025-11-27T16:17:47.848285,246,208,393,389,950,589,168,109,8751,-9124,-6465,8174,-305,-2040,151,-14,-59,4
2025-11-27T16:17:47.871233,245,262,442,404,933,600,164,120,8747,-9117,-6471,8181,-292,-2047,158,-4,-66,-9
2025-11-27T16:17:47.894389,253,298,439,432,993,653,175,129,8743,-9109,-6477,8189,-284,-2035,162,6,-76,-8
2025-11-27T16:17:47.917004,255,296,436,467,1002,690,182,124,8743,-9100,-6481,8196,-271,-2063,172,15,-58,-7
2025-11-27T16:17:47.931250,235,291,449,361,894,574,149,137,8740,-9095,-6484,8202,-285,-2059,143,12,-47,1
2025-11-27T16:17:47.953930,183,272,449,377,843,538,137,129,8739,-9088,-6484,8211,-290,-2058,169,26,-48,9
2025-11-27T16:17:47.976969,174,232,398,366,893,564,152,121,8737,-9083,-6486,8217,-292,-2057,163,5,-44,1
2025-11-27T16:17:47.991298,209,225,410,349,854,516,142,113,8733,-9077,-6490,8226,-295,-2043,142,19,-64,3
2025-11-27T16:17:48.014228,228,225,369,359,848,477,135,137,8728,-9071,-6496,8233,-278,-2026,126,16,-72,-3
2025-11-27T16:17:48.037037,222,197,339,372,871,510,151,118,8725,-9063,-6502,8239,-269,-2048,153,8,-64,-4
2025-11-27T16:17:48.051281,221,218,324,346,819,486,149,124,8722,-9058,-6506,8245,-282,-2064,159,1,-52,0
2025-11-27T16:17:48.074412,317,222,345,337,690,392,121,136,8718,-9053,-6509,8252,-292,-2052,125,29,-55,7
2025-11-27T16:17:48.097030,292,195,333,342,716,399,128,140,8714,-9047,-6512,8261,-292,-2039,131,26,-66,2
2025-11-27T16:17:48.111278,286,234,401,330,731,418,139,126,8709,-9040,-6520,8268,-286,-2052,138,10,-78,-6
2025-11-27T16:17:48.134508,305,259,455,359,797,470,145,141,8702,-9032,-6528,8277,-280,-2041,135,7,-92,1
2025-11-27T16:17:48.156649,316,257,444,343,736,448,139,141,8696,-9022,-6538,8287,-254,-2050,143,13,-100,5
2025-11-27T16:17:48.171361,222,287,447,351,831,525,167,131,8692,-9014,-6542,8296,-268,-2046,157,21,-78,11
2025-11-27T16:17:48.194447,241,317,460,352,872,557,176,131,8687,-9008,-6547,8304,-272,-2038,143,9,-69,14
2025-11-27T16:17:48.217341,319,314,480,353,848,552,167,139,8679,-9001,-6555,8314,-278,-2052,142,6,-89,13
2025-11-27T16:17:48.230932,310,306,494,315,743,468,150,130,8672,-8992,-6564,8324,-270,-2023,155,3,-103,3
2025-11-27T16:17:48.254539,314,334,533,320,774,477,151,134,8667,-8981,-6575,8332,-263,-2045,156,3,-97,-16
2025-11-27T16:17:48.277050,347,349,546,323,736,440,135,135,8663,-8972,-6583,8340,-263,-2046,186,-3,-83,-3
2025-11-27T16:17:48.291401,373,320,550,309,765,449,143,160,8659,-8965,-6588,8347,-269,-2058,163,6,-67,5
2025-11-27T16:17:48.314550,318,341,580,322,866,584,175,152,8654,-8957,-6594,8356,-274,-2057,149,21,-75,6
2025-11-27T16:17:48.337006,331,371,568,359,1032,684,203,158,8650,-8950,-6602,8362,-256,-2034,151,7,-76,-4
2025-11-27T16:17:48.351478,352,368,571,378,1062,707,208,193,8646,-8942,-6610,8369,-260,-2051,167,0,-75,-5
2025-11-27T16:17:48.382080,330,336,542,370,1021,682,202,208,8643,-8933,-6615,8377,-268,-2049,167,19,-74,-2
2025-11-27T16:17:48.397082,284,333,533,416,982,667,199,184,8644,-8923,-6620,8383,-247,-2055,164,31,-59,-6
2025-11-27T16:17:48.410904,264,285,460,409,856,536,170,188,8645,-8916,-6623,8388,-250,-2054,182,19,-38,-4
2025-11-27T16:17:48.434554,248,238,402,380,616,386,130,201,8643,-8910,-6626,8392,-264,-2042,148,24,-45,-2
2025-11-27T16:17:48.457032,225,226,337,448,682,497,167,187,8643,-8902,-6628,8400,-251,-2026,167,37,-52,5
2025-11-27T16:17:48.471637,256,214,365,459,708,537,168,174,8645,-8895,-6631,8403,-251,-2041,154,31,-38,-11
2025-11-27T16:17:48.494361,254,210,346,426,724,548,161,177,8644,-8889,-6633,8409,-280,-2070,149,36,-43,-4
2025-11-27T16:17:48.516988,280,206,347,409,824,572,176,165,8645,-8880,-6634,8416,-249,-2036,154,54,-47,6
2025-11-27T16:17:48.531277,267,208,353,437,1027,701,207,161,8645,-8872,-6634,8424,-269,-2017,186,34,-47,-1
2025-11-27T16:17:48.554478,244,162,356,365,986,618,178,154,8642,-8867,-6639,8429,-274,-2033,153,20,-56,-5
2025-11-27T16:17:48.577015,191,210,331,383,984,589,177,153,8641,-8859,-6644,8435,-264,-2053,174,20,-61,-12
2025-11-27T16:17:48.591335,199,207,343,377,942,557,168,148,8639,-8852,-6648,8440,-258,-2027,175,13,-51,-3
2025-11-27T16:17:48.614944,161,216,293,351,940,546,151,148,8637,-8847,-6653,8444,-261,-2044,177,7,-41,-7
2025-11-27T16:17:48.637007,171,283,292,316,758,396,118,136,8636,-8843,-6654,8449,-258,-2028,179,17,-37,5
2025-11-27T16:17:48.651300,190,311,456,359,859,458,129,118,8633,-8837,-6658,8455,-278,-2028,170,15,-54,-1
2025-11-27T16:17:48.673988,245,315,502,357,926,534,149,124,8631,-8830,-6665,8459,-246,-2035,173,7,-56,-13
2025-11-27T16:17:48.697021,235,329,503,401,973,558,160,140,8626,-8827,-6671,8463,-266,-2035,159,-1,-54,-4
2025-11-27T16:17:48.711132,292,400,551,400,979,585,169,144,8621,-8824,-6677,8466,-262,-2038,162,-6,-50,1
2025-11-27T16:17:48.734591,317,374,568,406,1045,643,180,134,8618,-8819,-6678,8473,-287,-2043,200,6,-45,8
2025-11-27T16:17:48.756735,374,403,469,396,1035,689,209,137,8616,-8815,-6679,8479,-270,-2044,189,10,-39,2
2025-11-27T16:17:48.770951,346,379,407,381,971,636,193,118,8611,-8810,-6683,8486,-278,-2062,173,15,-58,4
2025-11-27T16:17:48.794228,356,378,468,325,906,608,184,113,8609,-8803,-6687,8492,-264,-2048,172,22,-57,4
2025-11-27T16:17:48.816828,326,383,462,346,889,610,189,112,8607,-8798,-6688,8499,-272,-2042,188,20,-46,4
2025-11-27T16:17:48.831146,319,374,439,344,865,598,188,113,8603,-8792,-6690,8507,-271,-2023,189,17,-53,9
2025-11-27T16:17:48.854516,277,332,489,317,839,532,180,128,8598,-8787,-6693,8515,-280,-2038,170,17,-64,9
2025-11-27T16:17:48.876925,297,335,481,283,813,521,182,132,8592,-8780,-6701,8522,-270,-2035,189,-3,-78,-3
2025-11-27T16:17:48.899608,409,366,460,312,901,601,194,154,8586,-8774,-6710,8527,-263,-2041,179,-10,-75,-6
2025-11-27T16:17:48.912293,407,294,450,307,875,592,193,166,8581,-8768,-6713,8536,-273,-2029,198,5,-60,12
2025-11-27T16:17:48.935942,395,290,472,323,878,614,209,193,8576,-8765,-6716,8542,-270,-2023,180,2,-52,11
2025-11-27T16:17:48.959632,391,289,430,299,780,576,184,182,8568,-8761,-6724,8547,-260,-2037,175,-17,-68,12
2025-11-27T16:17:48.974176,419,302,443,314,793,584,182,196,8561,-8755,-6731,8554,-272,-2039,187,-7,-78,-1
2025-11-27T16:17:48.997099,320,255,396,338,787,582,189,170,8557,-8749,-6739,8559,-244,-2042,196,-11,-64,-3
2025-11-27T16:17:49.019525,310,256,423,351,835,577,183,160,8551,-8746,-6747,8561,-254,-2062,183,-23,-52,5
2025-11-27T16:17:49.034539,327,284,408,349,825,586,176,159,8547,-8742,-6749,8568,-253,-2056,188,11,-47,21
2025-11-27T16:17:49.057060,311,278,377,373,800,577,174,160,8545,-8738,-6751,8573,-266,-2052,178,15,-38,9
2025-11-27T16:17:49.079255,242,270,402,403,837,583,177,144,8541,-8734,-6755,8578,-262,-2034,170,13,-51,8
2025-11-27T16:17:49.094512,295,288,407,405,866,575,185,179,8538,-8728,-6760,8583,-246,-2045,187,1,-49,4
2025-11-27T16:17:49.117154,314,270,367,403,814,568,185,193,8533,-8726,-6764,8586,-263,-2028,171,-4,-45,6
2025-11-27T16:17:49.139548,286,230,363,401,776,492,161,165,8529,-8722,-6769,8590,-267,-2069,171,5,-47,-1
2025-11-27T16:17:49.154411,276,219,366,373,795,498,158,160,8524,-8718,-6775,8595,-255,-2023,176,-1,-55,7
2025-11-27T16:17:49.177011,291,266,429,352,775,491,156,163,8518,-8715,-6780,8599,-267,-2042,188,-14,-50,3
2025-11-27T16:17:49.199588,239,236,429,313,792,470,137,125,8516,-8710,-6783,8604,-260,-2043,205,3,-40,6
2025-11-27T16:17:49.215002,233,240,389,288,897,519,138,110,8515,-8708,-6783,8608,-268,-2053,180,14,-26,7
2025-11-27T16:17:49.237189,242,231,365,275,851,488,136,119,8510,-8705,-6785,8614,-281,-2039,182,8,-46,12
2025-11-27T16:17:49.259589,252,244,437,276,941,539,148,125,8507,-8700,-6789,8619,-255,-2046,206,-3,-45,6
2025-11-27T16:17:49.274864,276,207,374,309,1001,648,199,160,8504,-8697,-6793,8622,-259,-2074,191,-4,-34,5
2025-11-27T16:17:49.297091,318,255,482,301,992,683,210,177,8502,-8690,-6796,8628,-279,-2068,175,30,-56,-8
2025-11-27T16:17:49.319369,305,256,502,303,874,628,202,168,8500,-8681,-6799,8636,-279,-2013,187,34,-69,-14
2025-11-27T16:17:49.333541,300,257,506,304,957,697,222,170,8503,-8670,-6807,8638,-208,-2048,216,9,-46,-21
2025-11-27T16:17:49.357182,302,275,467,311,956,698,228,176,8501,-8666,-6808,8644,-261,-2055,185,25,-36,12
2025-11-27T16:17:49.379489,284,270,461,301,905,639,196,165,8500,-8660,-6808,8650,-260,-2030,199,27,-44,7
2025-11-27T16:17:49.393710,209,228,378,362,906,620,189,160,8498,-8654,-6812,8657,-250,-2034,185,22,-53,7
2025-11-27T16:17:49.417524,196,207,352,357,952,631,192,158,8494,-8648,-6815,8663,-267,-2010,203,9,-53,1
2025-11-27T16:17:49.439596,195,212,392,357,956,618,180,152,8491,-8644,-6817,8668,-274,-2045,197,6,-43,2
2025-11-27T16:17:49.453891,241,194,379,348,904,603,173,148,8486,-8640,-6823,8672,-260,-2013,187,-3,-53,-1
2025-11-27T16:17:49.476971,257,164,357,359,899,563,160,128,8481,-8635,-6828,8679,-273,-2029,205,-7,-65,1
2025-11-27T16:17:49.499679,299,235,480,300,820,529,147,136,8477,-8630,-6835,8683,-257,-2042,199,-4,-56,-5
2025-11-27T16:17:49.513907,322,244,490,343,827,527,146,132,8474,-8625,-6837,8688,-274,-2057,201,7,-44,0
2025-11-27T16:17:49.537140,342,267,488,363,831,509,141,139,8470,-8622,-6841,8693,-249,-2048,198,2,-45,14
2025-11-27T16:17:49.559823,311,281,555,406,876,521,141,141,8462,-8620,-6845,8698,-273,-2046,180,-7,-53,15
2025-11-27T16:17:49.573883,278,286,558,358,856,517,139,137,8459,-8613,-6849,8706,-259,-2051,208,13,-64,8
2025-11-27T16:17:49.596738,248,234,424,367,839,480,132,116,8457,-8605,-6851,8713,-258,-2037,202,31,-53,2
2025-11-27T16:17:49.619382,327,312,471,333,785,516,143,134,8455,-8598,-6854,8720,-263,-2032,216,14,-50,2
2025-11-27T16:17:49.633852,341,327,472,321,879,574,160,134,8451,-8594,-6859,8725,-263,-2041,215,-9,-51,1
2025-11-27T16:17:49.657134,334,329,406,277,811,526,150,134,8445,-8590,-6865,8729,-255,-2051,182,-1,-60,7
2025-11-27T16:17:49.680269,333,342,427,315,805,517,151,143,8444,-8581,-6869,8736,-238,-2051,194,33,-57,3
2025-11-27T16:17:49.693655,326,339,457,308,839,531,156,148,8446,-8573,-6869,8742,-232,-2040,219,38,-38,5
2025-11-27T16:17:49.717319,362,344,416,334,972,636,185,167,8445,-8570,-6868,8746,-256,-2066,205,21,-20,19
2025-11-27T16:17:49.739968,339,308,382,323,812,558,165,157,8444,-8567,-6868,8751,-256,-2045,186,28,-30,14
2025-11-27T16:17:49.754529,333,274,359,315,792,545,159,144,8442,-8560,-6871,8756,-245,-2039,204,23,-46,3
2025-11-27T16:17:49.777125,342,250,306,284,894,581,165,135,8444,-8552,-6876,8759,-220,-2039,198,29,-45,-7
2025-11-27T16:17:49.799460,401,288,295,334,962,597,165,146,8447,-8544,-6876,8765,-246,-2036,210,46,-34,-8
2025-11-27T16:17:49.822014,282,188,310,299,844,496,146,119,8448,-8538,-6875,8769,-250,-2011,222,28,-22,0
2025-11-27T16:17:49.837135,266,187,345,295,828,480,143,132,8446,-8536,-6878,8770,-264,-2028,198,1,-23,-10
2025-11-27T16:17:49.859247,274,226,385,308,856,488,145,167,8445,-8533,-6881,8772,-254,-2033,199,14,-31,-4
2025-11-27T16:17:49.882157,288,338,423,362,866,577,160,184,8446,-8528,-6882,8775,-243,-2012,230,12,-24,-5
2025-11-27T16:17:49.896944,187,310,391,320,846,585,163,169,8444,-8526,-6885,8776,-260,-2020,204,-5,-23,-6
2025-11-27T16:17:49.920014,192,326,377,328,907,574,142,161,8442,-8524,-6886,8779,-265,-2042,224,2,-22,1
2025-11-27T16:17:49.942191,209,337,427,329,894,563,140,154,8442,-8522,-6889,8780,-255,-2048,220,-4,-19,-7
2025-11-27T16:17:49.956820,199,318,418,337,926,609,161,119,8440,-8519,-6891,8783,-267,-2042,224,-1,-26,-7
2025-11-27T16:17:49.982971,187,226,408,266,878,580,166,142,8438,-8518,-6894,8783,-271,-2041,229,-17,-20,-13
2025-11-27T16:17:49.999657,220,249,473,247,787,556,166,150,8434,-8516,-6901,8784,-275,-2057,210,-19,-37,-19
2025-11-27T16:17:50.014991,211,240,487,239,750,528,167,156,8430,-8512,-6909,8785,-256,-2036,204,-16,-46,-18
2025-11-27T16:17:50.045994,198,235,432,258,759,527,163,155,8427,-8509,-6913,8788,-255,-2022,218,-13,-40,-5
2025-11-27T16:17:50.061681,194,232,418,279,734,485,144,159,8423,-8508,-6916,8790,-271,-2039,228,-13,-28,0
2025-11-27T16:17:50.077394,186,218,421,315,692,403,126,139,8419,-8507,-6919,8793,-246,-2012,216,-15,-33,11
2025-11-27T16:17:50.099670,150,215,341,331,670,372,112,144,8414,-8506,-6923,8795,-262,-2034,207,-14,-30,4
2025-11-27T16:17:50.121663,147,224,301,340,594,324,96,136,8409,-8504,-6928,8797,-254,-2035,209,-18,-38,-1
2025-11-27T16:17:50.136499,144,215,315,329,650,358,112,156,8406,-8504,-6933,8798,-246,-2032,222,-28,-26,3
2025-11-27T16:17:50.159074,153,236,320,319,610,351,116,158,8400,-8505,-6936,8800,-262,-2037,215,-26,-26,9
2025-11-27T16:17:50.182179,129,229,330,317,682,351,119,142,8397,-8503,-6938,8803,-255,-2038,212,-4,-29,7
2025-11-27T16:17:50.196768,121,202,336,314,701,369,127,133,8393,-8502,-6945,8802,-260,-2055,194,-20,-33,-13
2025-11-27T16:17:50.219825,137,220,345,317,731,426,142,139,8387,-8500,-6953,8803,-253,-2062,202,-31,-43,-8
2025-11-27T16:17:50.242224,141,289,385,333,711,409,137,130,8382,-8498,-6961,8803,-227,-2048,193,-22,-42,4
2025-11-27T16:17:50.256143,136,272,363,349,701,392,131,120,8382,-8495,-6963,8805,-235,-2063,200,12,-23,2
2025-11-27T16:17:50.279353,133,271,356,331,591,355,115,112,8384,-8492,-6962,8807,-235,-2041,210,23,-4,5
2025-11-27T16:17:50.302137,148,277,382,320,597,350,113,110,8384,-8492,-6962,8807,-257,-2025,195,-12,-13,5
2025-11-27T16:17:50.316356,150,244,367,315,539,284,97,119,8383,-8490,-6968,8806,-226,-2047,197,-12,-22,-5
2025-11-27T16:17:50.339606,149,153,287,301,479,266,90,100,8383,-8490,-6968,8805,-215,-2056,208,9,-14,-7
2025-11-27T16:17:50.361680,141,148,274,247,435,253,86,97,8383,-8489,-6969,8804,-205,-2048,204,8,7,-1
2025-11-27T16:17:50.376372,141,137,243,228,390,223,79,92,8384,-8489,-6969,8804,-223,-2034,185,8,9,2
2025-11-27T16:17:50.399369,121,118,205,226,291,190,71,81,8384,-8489,-6970,8804,-226,-2045,201,0,1,-6
2025-11-27T16:17:50.422010,85,105,208,204,246,165,65,45,8382,-8491,-6973,8801,-247,-2034,202,-24,1,-6
2025-11-27T16:17:50.436316,59,88,203,207,258,145,56,73,8379,-8494,-6978,8797,-250,-2014,205,-40,-3,-11
2025-11-27T16:17:50.459597,64,81,203,213,234,143,55,82,8370,-8502,-6987,8790,-246,-2008,209,-100,-3,-1
2025-11-27T16:17:50.482132,70,89,182,238,224,130,53,121,8355,-8522,-6998,8777,-253,-2023,183,-160,27,23
2025-11-27T16:17:50.496374,64,110,175,251,196,96,44,123,8342,-8541,-7004,8766,-244,-2074,171,-126,40,41
2025-11-27T16:17:50.520059,67,129,241,271,219,122,47,126,8333,-8564,-6996,8758,-246,-2120,170,-75,92,94
2025-11-27T16:17:50.541965,67,156,305,266,329,202,67,113,8335,-8583,-6971,8758,-212,-2131,192,24,135,149
2025-11-27T16:17:50.557241,65,164,302,255,354,224,71,107,8339,-8600,-6940,8761,-240,-2053,168,73,140,141
2025-11-27T16:17:50.579680,56,154,312,237,360,226,69,79,8341,-8611,-6921,8765,-246,-2006,171,48,82,98
2025-11-27T16:17:50.602853,60,138,313,230,362,226,68,96,8344,-8614,-6912,8766,-218,-1982,172,33,38,58
2025-11-27T16:17:50.616373,53,120,259,199,341,210,67,112,8349,-8615,-6908,8763,-188,-1960,186,16,39,29
2025-11-27T16:17:50.639707,53,88,177,193,196,124,48,121,8365,-8614,-6898,8756,-163,-1951,217,45,88,13
2025-11-27T16:17:50.662128,49,63,161,208,247,159,55,125,8390,-8615,-6882,8744,-188,-1981,219,71,154,-19
2025-11-27T16:17:50.676377,43,59,120,195,248,167,59,117,8412,-8629,-6869,8720,-188,-1995,200,1,204,-23
2025-11-27T16:17:50.699697,35,52,81,184,248,168,60,101,8420,-8655,-6868,8686,-227,-1985,129,-100,198,-40
2025-11-27T16:17:50.722507,31,51,84,189,246,165,58,90,8412,-8690,-6878,8652,-268,-1995,85,-185,150,-27
2025-11-27T16:17:50.744449,29,39,73,172,249,167,57,93,8398,-8724,-6889,8622,-270,-2013,119,-221,121,2
2025-11-27T16:17:50.759068,31,36,59,141,179,154,56,84,8386,-8762,-6888,8596,-292,-2037,118,-182,157,40
2025-11-27T16:17:50.782137,32,35,59,172,186,152,59,87,8384,-8795,-6881,8569,-250,-2019,156,-151,197,39
2025-11-27T16:17:50.804696,31,35,58,172,184,153,60,88,8388,-8832,-6863,8543,-275,-2059,141,-105,248,54
2025-11-27T16:17:50.819605,29,35,51,193,206,165,64,77,8392,-8872,-6838,8517,-299,-2038,152,-98,276,74
2025-11-27T16:17:50.842142,30,33,45,192,200,161,67,71,8390,-8919,-6813,8490,-346,-2055,128,-133,283,79
2025-11-27T16:17:50.864715,27,28,44,189,166,106,57,76,8385,-8966,-6786,8467,-348,-2094,134,-134,271,113
2025-11-27T16:17:50.879306,30,30,51,167,237,186,76,73,8379,-9011,-6756,8449,-358,-2090,133,-105,255,137
2025-11-27T16:17:50.902172,29,31,54,167,251,193,75,71,8376,-9050,-6721,8438,-368,-2108,158,-72,243,149
2025-11-27T16:17:50.924131,29,30,59,136,236,183,71,71,8376,-9083,-6683,8433,-371,-2098,166,-26,224,152
2025-11-27T16:17:50.937603,27,30,63,136,232,184,69,53,8373,-9115,-6642,8433,-407,-2067,153,-7,201,165
2025-11-27T16:17:50.960002,26,32,67,145,236,196,73,54,8369,-9146,-6601,8437,-414,-2071,166,-5,187,184
2025-11-27T16:17:50.984372,21,29,60,125,203,143,53,51,8363,-9178,-6555,8443,-423,-2077,154,9,196,215
2025-11-27T16:17:50.999013,21,27,56,103,197,137,54,53,8351,-9217,-6505,8452,-430,-2058,138,0,199,270
2025-11-27T16:17:51.022547,23,26,51,92,199,142,59,54,8339,-9255,-6451,8463,-433,-2041,101,35,200,293
2025-11-27T16:17:51.044758,23,30,49,115,207,149,56,55,8326,-9292,-6392,8480,-433,-2010,89,70,190,330
2025-11-27T16:17:51.059032,26,28,43,112,244,172,59,48,8307,-9332,-6331,8500,-455,-1996,94,58,183,367
2025-11-27T16:17:51.081856,27,28,43,132,199,152,61,52,8280,-9377,-6272,8521,-467,-1945,84,9,166,393
2025-11-27T16:17:51.104720,29,29,45,136,187,148,63,54,8249,-9425,-6221,8537,-473,-1981,51,-25,160,386
2025-11-27T16:17:51.118481,29,29,43,134,181,153,63,50,8216,-9472,-6166,8556,-484,-1997,67,-23,159,418
2025-11-27T16:17:51.142238,29,25,45,119,204,153,67,50,8193,-9515,-6100,8577,-482,-2026,73,57,186,434
2025-11-27T16:17:51.164383,28,26,43,143,151,109,60,45,8164,-9562,-6033,8600,-495,-1914,80,27,193,459
2025-11-27T16:17:51.178827,26,27,45,136,158,112,59,38,8139,-9609,-5969,8616,-504,-2007,42,38,202,439
2025-11-27T16:17:51.202235,25,28,49,140,175,123,59,34,8110,-9660,-5899,8634,-514,-2000,74,16,223,485
2025-11-27T16:17:51.224671,22,29,49,136,176,120,56,35,8091,-9707,-5824,8650,-499,-1996,81,66,252,481
2025-11-27T16:17:51.239027,23,26,41,135,133,107,51,34,8068,-9760,-5746,8665,-537,-1942,71,49,276,496
2025-11-27T16:17:51.262198,23,25,43,124,135,107,50,34,8053,-9811,-5669,8671,-524,-1983,71,57,314,460
2025-11-27T16:17:51.284595,23,25,43,131,126,96,40,31,8039,-9867,-5590,8673,-533,-1956,76,43,349,468
2025-11-27T16:17:51.298725,23,23,36,126,97,76,34,29,8035,-9918,-5508,8669,-532,-1958,47,102,380,432
2025-11-27T16:17:51.322251,23,23,40,135,83,65,31,25,8035,-9975,-5425,8657,-532,-1941,47,81,429,416
2025-11-27T16:17:51.352251,23,26,46,132,101,89,37,27,8042,-10031,-5341,8638,-549,-1917,56,95,475,375
2025-11-27T16:17:51.360070,22,27,44,123,108,92,38,27,8054,-10088,-5261,8609,-557,-1880,39,82,504,315
2025-11-27T16:17:51.382240,23,25,40,113,106,92,39,27,8062,-10149,-5199,8568,-589,-1830,25,-11,500,220
2025-11-27T16:17:51.404752,22,26,42,112,102,92,39,28,8073,-10210,-5152,8513,-585,-1831,-1,-68,508,127
2025-11-27T16:17:51.419064,22,26,35,101,102,89,39,35,8089,-10267,-5117,8451,-621,-1834,-23,-77,494,23
2025-11-27T16:17:51.442199,23,24,31,110,89,68,34,36,8106,-10324,-5094,8378,-638,-1812,-41,-124,501,-66
2025-11-27T16:17:51.464822,23,22,35,102,71,58,32,36,8126,-10380,-5082,8297,-650,-1833,-81,-144,495,-141
2025-11-27T16:17:51.479343,23,23,35,97,65,49,30,35,8144,-10437,-5075,8212,-664,-1825,-69,-190,504,-180
2025-11-27T16:17:51.502199,23,21,32,90,65,48,29,37,8162,-10496,-5072,8120,-679,-1833,-77,-223,524,-215
2025-11-27T16:17:51.525211,23,20,32,90,63,41,32,30,8183,-10555,-5070,8023,-685,-1867,-86,-231,543,-244
2025-11-27T16:17:51.554067,20,20,33,78,57,36,32,31,8219,-10676,-5063,7827,-716,-1962,-116,-224,553,-247
2025-11-27T16:17:51.565902,20,21,27,69,55,37,32,32,8247,-10726,-5050,7737,-738,-1969,-120,-150,545,-247
2025-11-27T16:17:51.583756,21,22,29,65,50,40,32,34,8284,-10767,-5031,7654,-753,-1966,-116,-69,531,-259
2025-11-27T16:17:51.606593,21,23,30,72,49,39,31,40,8316,-10806,-5015,7573,-734,-1944,-104,-97,510,-253
2025-11-27T16:17:51.626656,23,22,33,70,46,41,31,41,8338,-10851,-5007,7490,-735,-1917,-133,-166,482,-259
2025-11-27T16:17:51.643937,23,22,29,60,47,37,32,41,8348,-10902,-5007,7404,-720,-1906,-171,-241,469,-258
2025-11-27T16:17:51.666565,22,24,34,91,44,36,35,39,8354,-10952,-5018,7315,-686,-1976,-191,-293,438,-277
2025-11-27T16:17:51.686334,23,24,39,97,59,37,34,40,8354,-11005,-5025,7231,-700,-2002,-179,-315,429,-235
2025-11-27T16:17:51.704074,22,26,41,93,65,35,34,40,8344,-11062,-5034,7149,-699,-1978,-214,-361,415,-211
2025-11-27T16:17:51.726523,22,27,41,104,68,34,35,40,8329,-11120,-5043,7069,-702,-2003,-253,-374,397,-196
2025-11-27T16:17:51.745608,22,27,42,122,76,42,38,40,8306,-11179,-5055,6995,-723,-2019,-267,-407,355,-182
2025-11-27T16:17:51.763763,24,26,42,103,89,73,42,41,8278,-11233,-5073,6927,-733,-2044,-269,-428,302,-182
2025-11-27T16:17:51.786442,23,24,37,101,129,82,42,40,8244,-11285,-5092,6869,-731,-2070,-286,-434,247,-153
2025-11-27T16:17:51.801505,24,24,33,103,130,86,42,32,8217,-11327,-5107,6821,-721,-2140,-294,-365,211,-126
2025-11-27T16:17:51.824379,22,23,30,107,129,89,42,35,8192,-11362,-5117,6786,-757,-2165,-297,-308,166,-100
2025-11-27T16:17:51.846529,22,24,32,88,125,86,39,36,8170,-11389,-5122,6764,-774,-2208,-303,-254,119,-70
2025-11-27T16:17:51.865720,21,25,29,82,120,65,36,36,8155,-11406,-5119,6755,-747,-2224,-323,-145,80,-20
2025-11-27T16:17:51.888023,21,23,29,84,74,60,42,36,8151,-11414,-5106,6756,-724,-2184,-293,-50,67,17
2025-11-27T16:17:51.906357,20,23,29,81,65,54,41,40,8146,-11422,-5090,6761,-724,-2110,-331,-18,46,33
2025-11-27T16:17:51.925980,20,24,29,86,66,49,41,43,8140,-11426,-5076,6771,-713,-2132,-326,-10,16,46
2025-11-27T16:17:51.943670,20,21,30,89,70,48,43,48,8134,-11429,-5060,6786,-695,-2107,-349,30,-8,73
2025-11-27T16:17:51.966322,21,20,29,94,63,44,43,50,8129,-11429,-5040,6806,-662,-2079,-354,57,-25,115
2025-11-27T16:17:51.985783,22,20,25,99,49,32,39,51,8123,-11430,-5017,6829,-648,-2057,-377,80,-30,145
2025-11-27T16:17:52.004087,21,19,29,122,52,34,40,54,8119,-11430,-4986,6857,-664,-2045,-371,117,-31,180
2025-11-27T16:17:52.026941,23,18,30,107,50,37,41,50,8118,-11428,-4948,6889,-657,-2047,-386,170,-37,216
2025-11-27T16:17:52.045850,23,19,27,102,41,35,40,45,8118,-11424,-4905,6927,-660,-1988,-365,201,-40,246
2025-11-27T16:17:52.071558,25,20,29,99,39,37,39,42,8112,-11424,-4862,6963,-648,-1956,-394,183,-45,266
2025-11-27T16:17:52.086536,23,20,32,92,42,40,39,42,8103,-11427,-4821,6998,-646,-1929,-384,155,-45,271
2025-11-27T16:17:52.105830,24,21,29,64,47,43,38,32,8090,-11430,-4784,7033,-653,-1946,-380,130,-58,272
2025-11-27T16:17:52.128587,22,21,32,74,64,53,41,29,8075,-11434,-4747,7069,-672,-1943,-390,126,-74,280
2025-11-27T16:17:52.146343,22,21,32,81,77,57,41,28,8057,-11438,-4712,7106,-683,-1926,-372,106,-82,279
2025-11-27T16:17:52.166350,21,23,30,92,90,66,41,27,8036,-11442,-4681,7143,-693,-1926,-355,76,-94,271
2025-11-27T16:17:52.183794,19,23,27,93,100,72,41,25,8012,-11447,-4655,7180,-709,-1926,-344,46,-104,262
2025-11-27T16:17:52.206496,22,23,32,89,99,76,44,26,7989,-11449,-4628,7218,-720,-1940,-310,43,-113,260
2025-11-27T16:17:52.226152,22,26,31,92,98,79,40,25,7966,-11451,-4604,7257,-741,-1926,-308,40,-121,251
2025-11-27T16:17:52.243769,22,24,32,97,97,88,41,26,7945,-11450,-4581,7295,-749,-1923,-293,47,-125,234
2025-11-27T16:17:52.266598,23,21,32,93,84,84,40,27,7926,-11448,-4559,7332,-756,-1924,-287,51,-125,221
2025-11-27T16:17:52.286053,24,22,35,101,109,84,42,27,7912,-11443,-4538,7369,-763,-1926,-257,59,-120,203
2025-11-27T16:17:52.303561,22,20,33,101,112,82,38,27,7895,-11439,-4520,7405,-800,-1902,-253,41,-124,180
2025-11-27T16:17:52.326862,23,17,31,95,108,73,38,27,7878,-11434,-4506,7438,-807,-1917,-255,32,-127,161
2025-11-27T16:17:52.345800,23,20,30,101,103,59,35,26,7863,-11428,-4490,7473,-815,-1921,-249,45,-127,164
2025-11-27T16:17:52.364611,21,21,32,101,110,63,33,25,7851,-11420,-4473,7508,-829,-1927,-234,66,-127,160
2025-11-27T16:17:52.386519,20,22,31,98,101,59,34,27,7840,-11409,-4456,7546,-840,-1913,-222,74,-140,157
2025-11-27T16:17:52.406656,22,22,30,107,96,56,33,25,7828,-11397,-4441,7586,-853,-1920,-228,75,-157,154
2025-11-27T16:17:52.424277,22,23,37,121,100,56,30,25,7815,-11383,-4426,7629,-866,-1930,-226,86,-178,166
2025-11-27T16:17:52.446505,22,22,36,119,100,58,33,25,7801,-11369,-4409,7674,-863,-1908,-227,98,-191,181
2025-11-27T16:17:52.465683,22,23,35,122,94,52,33,25,7787,-11354,-4390,7721,-860,-1900,-221,106,-192,196
2025-11-27T16:17:52.484428,23,24,34,127,69,48,30,28,7774,-11338,-4370,7768,-850,-1891,-206,113,-188,208
2025-11-27T16:17:52.506338,23,25,35,141,65,45,29,30,7758,-11324,-4347,7817,-865,-1878,-192,110,-189,227
2025-11-27T16:17:52.525906,22,25,27,131,55,47,34,32,7737,-11313,-4325,7866,-879,-1870,-215,87,-192,241
2025-11-27T16:17:52.548769,24,24,28,125,54,46,33,31,7710,-11305,-4307,7915,-883,-1868,-214,54,-213,257
2025-11-27T16:17:52.566380,24,23,28,133,51,44,34,31,7682,-11295,-4288,7966,-874,-1885,-234,68,-227,271
2025-11-27T16:17:52.588836,22,21,27,122,46,42,35,34,7656,-11283,-4267,8019,-883,-1852,-212,86,-230,280
2025-11-27T16:17:52.608379,23,19,25,105,53,62,41,35,7630,-11270,-4246,8074,-895,-1834,-197,86,-237,273
2025-11-27T16:17:52.631162,24,21,31,111,60,63,41,35,7601,-11257,-4230,8127,-888,-1825,-184,59,-249,270
2025-11-27T16:17:52.648841,22,20,32,123,73,65,44,40,7570,-11245,-4217,8179,-895,-1813,-199,42,-254,257
2025-11-27T16:17:52.668304,22,22,31,124,114,78,47,46,7540,-11233,-4208,8227,-899,-1808,-191,29,-251,236
2025-11-27T16:17:52.686337,23,23,31,129,121,83,52,45,7509,-11223,-4204,8272,-927,-1801,-202,12,-252,207
2025-11-27T16:17:52.713296,23,23,33,129,122,73,48,47,7480,-11212,-4204,8314,-914,-1799,-213,14,-253,184
2025-11-27T16:17:52.728581,23,23,29,130,119,73,46,48,7451,-11199,-4206,8355,-930,-1799,-203,8,-259,163
2025-11-27T16:17:52.746240,24,24,29,146,115,77,48,54,7421,-11188,-4212,8394,-924,-1775,-180,-24,-255,153
2025-11-27T16:17:52.768554,22,25,28,138,78,63,44,49,7392,-11176,-4220,8431,-930,-1789,-157,-35,-245,145
2025-11-27T16:17:52.784122,23,25,36,139,157,109,47,48,7361,-11165,-4230,8467,-944,-1788,-133,-69,-243,131
2025-11-27T16:17:52.806606,24,24,37,143,166,113,46,45,7324,-11157,-4251,8500,-962,-1753,-148,-118,-261,94
2025-11-27T16:17:52.829508,23,25,47,153,170,113,46,42,7280,-11150,-4286,8529,-949,-1800,-130,-211,-284,71
2025-11-27T16:17:52.848302,23,25,55,144,172,111,43,30,7233,-11145,-4326,8556,-956,-1832,-148,-242,-290,61
2025-11-27T16:17:52.866606,24,23,56,148,177,113,43,30,7189,-11136,-4366,8583,-952,-1829,-116,-231,-292,51
2025-11-27T16:17:52.888888,22,21,55,151,119,73,37,27,7145,-11127,-4409,8611,-958,-1824,-133,-235,-301,41
2025-11-27T16:17:52.908991,22,23,55,152,108,67,40,31,7103,-11115,-4453,8639,-961,-1818,-133,-221,-312,23
2025-11-27T16:17:52.926563,22,20,50,149,104,63,41,32,7067,-11099,-4497,8666,-960,-1824,-142,-186,-314,2
2025-11-27T16:17:52.949126,22,18,54,163,100,64,44,33,7035,-11081,-4543,8690,-944,-1826,-158,-170,-307,-24
2025-11-27T16:17:52.968976,22,19,72,179,104,73,44,31,7006,-11063,-4591,8711,-938,-1842,-152,-174,-299,-41
2025-11-27T16:17:52.986402,21,21,75,178,106,78,42,30,6977,-11043,-4637,8735,-949,-1824,-119,-176,-303,-40
2025-11-27T16:17:53.010581,20,20,83,175,128,102,51,29,6951,-11022,-4683,8758,-950,-1856,-127,-157,-297,-49
2025-11-27T16:17:53.029281,21,23,82,170,159,135,53,36,6925,-11003,-4730,8777,-942,-1851,-128,-171,-282,-49
2025-11-27T16:17:53.046440,21,23,75,147,161,138,52,35,6907,-10979,-4772,8799,-944,-1851,-115,-115,-279,-68
2025-11-27T16:17:53.068835,23,23,73,124,160,134,52,36,6890,-10953,-4815,8821,-926,-1834,-90,-122,-281,-70
2025-11-27T16:17:53.088739,22,22,73,140,156,136,52,37,6878,-10925,-4860,8841,-878,-1868,-76,-113,-272,-73
2025-11-27T16:17:53.106603,21,23,69,148,143,123,42,34,6866,-10902,-4898,8857,-872,-1829,-84,-104,-227,-58
2025-11-27T16:17:53.129368,20,22,73,139,111,89,39,30,6853,-10887,-4934,8865,-873,-1835,-94,-126,-174,-55
2025-11-27T16:17:53.148247,19,24,74,168,111,90,39,31,6846,-10875,-4964,8869,-885,-1862,-91,-104,-126,-52
2025-11-27T16:17:53.166724,16,25,62,182,165,105,44,32,6842,-10866,-4988,8870,-877,-1874,-98,-84,-88,-39
2025-11-27T16:17:53.189076,19,25,67,198,168,103,46,30,6839,-10858,-5005,8872,-874,-1867,-117,-55,-75,-17
2025-11-27T16:17:53.208355,20,24,62,213,171,103,47,31,6831,-10857,-5025,8868,-872,-1874,-110,-106,-45,-6
2025-11-27T16:17:53.226521,23,25,61,212,174,102,49,30,6820,-10862,-5041,8861,-872,-1846,-122,-127,-18,9
2025-11-27T16:17:53.249199,25,23,57,217,178,95,47,33,6808,-10871,-5054,8853,-868,-1871,-137,-127,8,35
2025-11-27T16:17:53.268461,28,21,56,203,136,78,46,31,6802,-10882,-5055,8843,-877,-1890,-129,-80,62,63
2025-11-27T16:17:53.286563,27,20,45,190,128,76,42,32,6804,-10895,-5044,8833,-883,-1889,-131,-19,105,84
2025-11-27T16:17:53.309151,28,21,45,177,119,70,39,30,6806,-10911,-5024,8822,-895,-1850,-142,4,141,106
2025-11-27T16:17:53.328462,25,20,40,175,108,69,34,27,6806,-10934,-5000,8807,-919,-1830,-173,3,171,114
2025-11-27T16:17:53.346646,26,20,38,144,97,70,39,27,6807,-10960,-4973,8789,-923,-1840,-189,1,203,123
2025-11-27T16:17:53.369188,23,20,35,141,68,66,37,31,6814,-10986,-4940,8770,-918,-1846,-162,26,239,134
2025-11-27T16:17:53.388330,24,21,32,135,60,51,41,33,6825,-11015,-4900,8748,-913,-1853,-165,54,276,148
2025-11-27T16:17:53.406665,22,20,27,121,56,48,40,33,6842,-11044,-4855,8722,-901,-1868,-172,86,317,154
2025-11-27T16:17:53.428651,22,18,27,121,56,43,40,36,6870,-11073,-4802,8693,-883,-1870,-164,134,365,154
2025-11-27T16:17:53.448275,21,22,31,116,53,39,34,33,6907,-11103,-4741,8659,-875,-1861,-154,183,421,148
2025-11-27T16:17:53.466684,22,22,36,141,60,41,35,31,6948,-11137,-4679,8615,-871,-1829,-185,187,472,124
2025-11-27T16:17:53.488841,21,21,39,136,63,40,32,28,6988,-11178,-4615,8564,-890,-1829,-190,163,526,113
2025-11-27T16:17:53.508345,21,21,37,134,62,38,34,35,7029,-11223,-4550,8507,-907,-1833,-216,159,555,105
2025-11-27T16:17:53.526653,23,22,36,137,61,33,33,34,7071,-11267,-4484,8450,-931,-1833,-226,169,563,91
2025-11-27T16:17:53.549176,23,19,34,136,59,34,35,35,7114,-11309,-4415,8393,-961,-1804,-240,195,559,73
2025-11-27T16:17:53.568923,21,19,29,119,52,32,33,34,7157,-11350,-4349,8335,-969,-1786,-251,191,554,51
2025-11-27T16:17:53.586156,21,20,23,110,43,33,33,37,7198,-11392,-4287,8274,-967,-1795,-260,165,560,36
2025-11-27T16:17:53.610533,20,22,24,102,44,34,31,30,7243,-11433,-4223,8212,-990,-1803,-262,185,568,20
2025-11-27T16:17:53.631524,19,23,24,102,52,41,34,30,7285,-11473,-4160,8150,-995,-1787,-269,170,564,16
2025-11-27T16:17:53.646444,18,23,25,107,58,40,32,28,7320,-11516,-4101,8088,-988,-1767,-274,129,548,20
2025-11-27T16:17:53.669133,20,23,25,101,58,44,30,29,7346,-11564,-4049,8022,-986,-1775,-297,62,543,24
2025-11-27T16:17:53.691653,20,22,25,125,60,47,33,27,7365,-11614,-3997,7958,-1025,-1778,-310,26,538,23
2025-11-27T16:17:53.706732,21,20,26,145,63,47,34,32,7383,-11663,-3947,7894,-1039,-1804,-326,27,526,19
2025-11-27T16:17:53.729087,21,22,26,143,56,43,30,30,7399,-11709,-3899,7834,-1056,-1772,-343,32,494,11
2025-11-27T16:17:53.751686,21,22,25,135,49,42,31,34,7409,-11753,-3856,7781,-1071,-1766,-351,2,443,9
2025-11-27T16:17:53.766916,21,22,27,131,54,39,31,35,7415,-11794,-3820,7730,-1069,-1777,-354,-22,408,-1
2025-11-27T16:17:53.788782,22,21,26,106,50,36,26,40,7422,-11833,-3788,7680,-1065,-1775,-362,-25,385,-19
2025-11-27T16:17:53.811672,21,20,26,74,50,37,30,37,7427,-11870,-3760,7631,-1071,-1770,-369,-41,370,-34
2025-11-27T16:17:53.826682,22,18,29,74,53,46,33,40,7432,-11905,-3735,7584,-1078,-1769,-371,-43,353,-48
2025-11-27T16:17:53.856659,21,17,28,72,55,47,34,37,7440,-11937,-3713,7537,-1089,-1754,-382,-28,339,-85
2025-11-27T16:17:53.871724,20,15,26,89,50,46,32,35,7444,-11967,-3700,7491,-1091,-1753,-402,-56,301,-112
2025-11-27T16:17:53.891129,19,15,29,95,62,50,33,28,7445,-11995,-3696,7448,-1083,-1778,-411,-84,258,-126
2025-11-27T16:17:53.909591,22,16,28,102,59,51,29,36,7444,-12020,-3696,7409,-1081,-1789,-424,-89,219,-134
2025-11-27T16:17:53.931991,20,16,26,116,62,52,33,38,7447,-12038,-3700,7374,-1073,-1799,-414,-73,189,-155
2025-11-27T16:17:53.946755,22,17,30,145,66,53,33,39,7447,-12055,-3711,7340,-1047,-1761,-429,-85,151,-176
2025-11-27T16:17:53.969425,24,19,32,158,93,69,34,41,7448,-12068,-3731,7308,-1030,-1764,-437,-95,117,-206
2025-11-27T16:17:53.992023,24,21,29,156,97,77,36,41,7443,-12082,-3757,7277,-1017,-1772,-449,-133,84,-212
2025-11-27T16:17:54.006686,23,21,29,161,106,79,42,39,7435,-12093,-3789,7251,-1029,-1783,-450,-151,43,-225
2025-11-27T16:17:54.029098,24,21,31,176,107,74,37,36,7428,-12099,-3826,7227,-1018,-1803,-466,-140,11,-243
2025-11-27T16:17:54.051518,23,21,28,174,105,75,37,35,7419,-12103,-3868,7208,-1000,-1799,-440,-162,-26,-244
2025-11-27T16:17:54.066678,21,18,25,159,125,71,39,35,7411,-12104,-3911,7191,-986,-1825,-450,-153,-45,-244
2025-11-27T16:17:54.088950,21,21,29,155,124,66,38,36,7401,-12104,-3955,7176,-958,-1834,-451,-165,-58,-226
2025-11-27T16:17:54.111083,22,20,29,179,123,78,33,32,7393,-12101,-3999,7167,-959,-1817,-433,-145,-83,-228
2025-11-27T16:17:54.126592,23,21,26,167,152,96,37,30,7384,-12096,-4047,7157,-937,-1841,-451,-153,-105,-232
2025-11-27T16:17:54.149185,23,20,27,155,181,103,38,30,7373,-12089,-4100,7151,-927,-1850,-459,-161,-135,-239
2025-11-27T16:17:54.171416,25,23,29,167,166,103,39,29,7361,-12080,-4154,7146,-906,-1864,-462,-163,-151,-238
2025-11-27T16:17:54.186907,23,22,28,171,163,113,43,29,7347,-12070,-4209,7144,-891,-1861,-452,-173,-171,-225
2025-11-27T16:17:54.211842,22,22,30,145,186,114,45,27,7333,-12061,-4266,7141,-884,-1862,-465,-177,-172,-227
2025-11-27T16:17:54.231243,21,22,34,160,177,115,48,26,7312,-12052,-4328,7140,-872,-1860,-466,-217,-203,-234
2025-11-27T16:17:54.246184,21,23,33,153,156,110,49,26,7294,-12040,-4395,7138,-853,-1897,-480,-210,-216,-252
2025-11-27T16:17:54.269237,18,21,34,141,152,113,49,28,7276,-12024,-4466,7140,-832,-1899,-489,-196,-255,-259
2025-11-27T16:17:54.295731,20,23,34,151,172,116,50,27,7262,-12002,-4541,7143,-817,-1899,-476,-189,-271,-290
2025-11-27T16:17:54.306743,21,24,36,201,156,117,50,26,7250,-11980,-4619,7143,-780,-1902,-464,-198,-271,-301
2025-11-27T16:17:54.329270,20,23,32,183,156,113,45,27,7236,-11959,-4697,7142,-772,-1894,-472,-207,-263,-306
2025-11-27T16:17:54.351224,22,22,33,189,154,116,45,27,7224,-11937,-4777,7138,-758,-1894,-480,-195,-258,-321
2025-11-27T16:17:54.367161,22,24,32,209,163,130,59,31,7217,-11912,-4855,7133,-764,-1905,-487,-175,-247,-344
2025-11-27T16:17:54.389261,22,22,33,205,146,127,61,31,7216,-11885,-4932,7127,-750,-1894,-462,-147,-228,-358
2025-11-27T16:17:54.411137,19,22,32,156,148,127,61,31,7222,-11858,-5003,7116,-728,-1915,-461,-119,-188,-362
2025-11-27T16:17:54.426830,20,23,33,170,174,146,66,32,7229,-11834,-5069,7102,-720,-1917,-466,-116,-148,-345
2025-11-27T16:17:54.449176,20,23,33,170,181,150,67,32,7236,-11813,-5131,7085,-724,-1905,-466,-113,-119,-340
2025-11-27T16:17:54.471529,20,25,35,148,205,148,57,27,7245,-11792,-5190,7069,-727,-1934,-462,-104,-111,-343
2025-11-27T16:17:54.491531,19,25,33,152,209,142,50,32,7250,-11773,-5247,7052,-720,-1892,-468,-113,-99,-332
2025-11-27T16:17:54.509075,22,27,34,148,212,142,50,33,7252,-11758,-5302,7034,-720,-1917,-465,-138,-85,-310
2025-11-27T16:17:54.531736,23,26,32,128,182,127,51,34,7251,-11747,-5352,7017,-727,-1938,-463,-150,-73,-278
2025-11-27T16:17:54.554158,21,26,34,136,180,129,50,34,7249,-11738,-5394,7001,-731,-1939,-468,-137,-52,-247
2025-11-27T16:17:54.573742,23,23,34,152,153,129,54,35,7250,-11730,-5433,6983,-695,-1991,-494,-127,-34,-225
2025-11-27T16:17:54.591740,25,22,33,140,139,126,54,30,7259,-11721,-5460,6968,-695,-1996,-477,-64,2,-189
2025-11-27T16:17:54.614260,24,20,31,139,113,117,52,36,7270,-11716,-5475,6953,-690,-1976,-459,-39,42,-144
2025-11-27T16:17:54.629252,25,19,34,159,112,101,45,36,7269,-11720,-5488,6937,-694,-1949,-483,-102,52,-100
2025-11-27T16:17:54.651744,25,20,32,155,90,86,41,36,7255,-11729,-5502,6925,-711,-1997,-513,-151,19,-59
2025-11-27T16:17:54.674167,24,20,31,138,65,50,30,36,7240,-11738,-5517,6914,-681,-2028,-545,-145,6,-37
2025-11-27T16:17:54.689216,22,20,33,139,70,53,30,34,7232,-11743,-5523,6909,-684,-2010,-520,-88,6,-17
2025-11-27T16:17:54.711445,24,22,31,154,96,58,35,30,7228,-11746,-5525,6906,-674,-1983,-532,-44,11,-5
2025-11-27T16:17:54.734486,23,21,29,147,111,64,37,30,7223,-11750,-5527,6903,-660,-1966,-535,-49,9,9
2025-11-27T16:17:54.749144,24,19,33,150,162,101,48,30,7217,-11754,-5526,6904,-672,-1955,-537,-35,0,17
2025-11-27T16:17:54.771855,23,21,36,189,254,148,55,30,7212,-11758,-5529,6900,-630,-1984,-574,-37,0,10
2025-11-27T16:17:54.794144,24,26,39,203,272,161,59,32,7212,-11758,-5530,6899,-656,-1947,-574,10,7,10
2025-11-27T16:17:54.809797,20,27,57,191,336,232,76,33,7205,-11764,-5529,6897,-667,-1920,-583,-27,9,13
2025-11-27T16:17:54.831730,22,27,58,182,345,234,81,33,7193,-11769,-5536,6896,-671,-1880,-587,-54,-30,-11
2025-11-27T16:17:54.854257,22,27,56,179,327,223,76,32,7178,-11773,-5551,6892,-617,-1904,-595,-90,-52,-19
2025-11-27T16:17:54.869290,23,26,55,132,262,198,72,32,7166,-11777,-5566,6885,-607,-1936,-599,-87,-35,-17
2025-11-27T16:17:54.891757,21,23,53,119,247,190,70,31,7155,-11783,-5576,6879,-612,-1923,-591,-77,-22,-4
2025-11-27T16:17:54.914201,24,22,38,113,144,94,53,28,7143,-11789,-5586,6872,-595,-1946,-571,-101,-11,12
2025-11-27T16:17:54.929230,23,21,35,114,111,96,46,27,7134,-11797,-5591,6864,-590,-1962,-569,-85,13,29
2025-11-27T16:17:54.951757,22,23,35,104,137,98,47,25,7131,-11804,-5590,6856,-600,-1960,-554,-58,42,35
2025-11-27T16:17:54.974542,21,21,33,120,194,106,53,27,7134,-11811,-5585,6846,-598,-1978,-545,-35,68,35
2025-11-27T16:17:54.989194,22,20,30,112,196,102,52,27,7146,-11814,-5573,6836,-610,-1989,-543,26,99,26
2025-11-27T16:17:55.011651,18,20,26,115,190,96,50,30,7163,-11818,-5556,6826,-618,-1951,-558,73,122,29
2025-11-27T16:17:55.034652,21,22,28,116,188,87,47,29,7183,-11822,-5536,6815,-624,-1944,-572,94,136,26
2025-11-27T16:17:55.049252,21,22,26,118,167,78,45,31,7205,-11826,-5514,6802,-617,-1936,-567,104,154,24
2025-11-27T16:17:55.071737,20,22,27,147,99,61,39,29,7227,-11831,-5491,6787,-628,-1939,-586,109,167,19
2025-11-27T16:17:55.094174,21,21,28,143,91,68,45,30,7249,-11838,-5471,6770,-628,-1935,-589,97,169,11
2025-11-27T16:17:55.109070,22,20,27,141,90,84,48,27,7270,-11842,-5453,6754,-646,-1920,-588,103,155,-17
2025-11-27T16:17:55.131786,21,19,30,156,138,95,51,29,7287,-11845,-5444,6736,-645,-1918,-611,76,124,-56
2025-11-27T16:17:55.154253,20,19,31,157,164,129,60,33,7302,-11846,-5443,6721,-647,-1906,-609,61,90,-84
2025-11-27T16:17:55.169176,20,19,31,147,173,145,68,35,7319,-11842,-5448,6706,-646,-1924,-607,63,66,-114
2025-11-27T16:17:55.191751,21,22,34,174,217,182,74,37,7332,-11838,-5456,6692,-634,-1903,-604,41,47,-121
2025-11-27T16:17:55.214037,23,26,48,198,261,202,81,40,7337,-11836,-5470,6679,-636,-1908,-595,-7,18,-121
2025-11-27T16:17:55.229305,22,27,54,192,253,211,85,39,7341,-11833,-5486,6666,-618,-1922,-601,-18,12,-119
2025-11-27T16:17:55.251786,22,26,59,204,248,198,80,36,7342,-11831,-5503,6655,-598,-1942,-585,-39,-7,-101
2025-11-27T16:17:55.273951,24,27,58,204,255,198,79,37,7343,-11828,-5518,6646,-581,-1946,-588,-33,-11,-81
2025-11-27T16:17:55.289682,24,27,60,189,239,174,74,37,7344,-11827,-5529,6637,-565,-1958,-567,-36,1,-56
2025-11-27T16:17:55.311724,24,25,52,199,207,163,72,35,7348,-11828,-5531,6630,-573,-1979,-565,-14,31,-19
2025-11-27T16:17:55.334249,26,24,46,195,186,145,66,40,7361,-11830,-5529,6614,-472,-1979,-511,-15,90,9
2025-11-27T16:17:55.349231,25,26,41,190,225,166,71,39,7371,-11838,-5512,6601,-557,-1981,-512,1,135,53
2025-11-27T16:17:55.371290,23,26,42,164,210,150,63,38,7383,-11848,-5489,6589,-591,-2006,-538,23,155,64
2025-11-27T16:17:55.394221,23,23,42,194,188,136,58,37,7398,-11856,-5462,6580,-619,-1978,-536,63,162,57
2025-11-27T16:17:55.410560,23,22,41,162,174,117,52,37,7413,-11865,-5433,6572,-639,-1973,-548,76,163,63
2025-11-27T16:17:55.431748,20,21,42,157,178,122,54,33,7426,-11877,-5405,6559,-609,-1976,-548,42,180,72
2025-11-27T16:17:55.454289,22,19,40,141,98,82,47,32,7432,-11894,-5374,6547,-636,-1965,-575,29,180,96
2025-11-27T16:17:55.476756,21,18,41,169,102,87,46,38,7437,-11911,-5340,6537,-648,-1957,-561,33,181,110
2025-11-27T16:17:55.491450,22,18,38,126,95,87,47,40,7440,-11928,-5308,6529,-655,-1909,-581,34,164,102
2025-11-27T16:17:55.514334,21,18,40,149,84,75,40,39,7443,-11945,-5277,6520,-660,-1911,-584,29,163,95
2025-11-27T16:17:55.536692,25,19,37,202,87,65,41,41,7448,-11960,-5252,6508,-646,-1896,-583,30,160,63
2025-11-27T16:17:55.551735,23,19,38,214,98,68,43,40,7454,-11974,-5230,6492,-653,-1898,-592,24,163,35
2025-11-27T16:17:55.574046,27,20,52,225,109,78,50,35,7462,-11986,-5213,6475,-644,-1885,-601,30,156,2
2025-11-27T16:17:55.596830,25,23,69,248,127,99,56,35,7468,-11997,-5203,6456,-639,-1887,-621,14,135,-27
2025-11-27T16:17:55.611661,27,23,67,242,131,99,55,33,7470,-12008,-5199,6436,-638,-1910,-639,-14,116,-44
2025-11-27T16:17:55.634223,23,22,67,204,117,100,52,30,7476,-12015,-5196,6418,-633,-1901,-627,9,104,-57
2025-11-27T16:17:55.656796,25,23,70,210,105,96,49,34,7480,-12022,-5196,6401,-628,-1908,-630,-5,91,-58
2025-11-27T16:17:55.671756,22,21,58,184,90,87,43,34,7483,-12029,-5196,6384,-634,-1921,-615,-20,89,-61
2025-11-27T16:17:55.694164,22,19,45,167,62,60,35,31,7482,-12038,-5198,6366,-619,-1919,-608,-53,88,-50
2025-11-27T16:17:55.716758,19,21,57,177,106,66,34,32,7482,-12047,-5199,6349,-636,-1951,-617,-50,92,-53
2025-11-27T16:17:55.731823,20,20,64,186,109,68,34,34,7483,-12054,-5200,6334,-649,-1925,-608,-36,79,-63
2025-11-27T16:17:55.754327,18,21,76,177,112,66,32,29,7486,-12057,-5205,6320,-634,-1964,-626,-25,63,-79
2025-11-27T16:17:55.776790,19,21,78,175,114,68,34,27,7487,-12059,-5210,6309,-631,-1962,-620,-24,42,-68
2025-11-27T16:17:55.791787,20,21,88,168,123,81,39,25,7491,-12059,-5213,6303,-623,-1977,-614,-6,29,-51
2025-11-27T16:17:55.814284,20,23,91,161,84,75,39,23,7491,-12060,-5214,6301,-637,-1949,-609,-6,13,-34
2025-11-27T16:17:55.836346,20,23,89,187,82,70,38,19,7493,-12059,-5216,6298,-608,-1963,-596,-7,17,-32
2025-11-27T16:17:55.851441,21,25,83,190,91,77,43,20,7496,-12059,-5216,6294,-612,-1998,-626,3,21,-23
2025-11-27T16:17:55.874321,22,28,92,208,91,70,43,20,7501,-12058,-5209,6296,-622,-2004,-582,19,26,6
2025-11-27T16:17:55.896827,21,29,89,219,76,50,34,19,7503,-12060,-5200,6298,-633,-2025,-628,32,30,28
2025-11-27T16:17:55.911611,21,29,102,335,78,49,34,20,7514,-12057,-5180,6306,-646,-2015,-594,93,37,55
2025-11-27T16:17:55.934289,21,30,104,327,75,48,36,32,7530,-12052,-5150,6322,-675,-2022,-562,146,46,92
2025-11-27T16:17:55.956857,21,30,110,342,59,36,32,35,7554,-12041,-5109,6347,-684,-1996,-533,225,42,120
2025-11-27T16:17:55.972306,19,27,108,330,49,33,30,39,7572,-12033,-5070,6372,-702,-1932,-520,198,37,124
2025-11-27T16:17:55.994122,20,27,113,326,51,35,31,42,7587,-12031,-5036,6386,-653,-2005,-534,143,62,123
2025-11-27T16:17:56.016798,19,27,102,236,52,39,34,42,7610,-12024,-4997,6402,-672,-2023,-511,190,74,122
2025-11-27T16:17:56.031562,20,30,118,254,53,38,31,42,7635,-12019,-4955,6414,-677,-1980,-570,231,93,118
2025-11-27T16:17:56.053988,19,28,135,263,61,38,30,40,7655,-12011,-4910,6440,-720,-1961,-549,248,43,150
2025-11-27T16:17:56.076717,19,31,154,300,95,55,31,39,7663,-12006,-4866,6474,-717,-1899,-524,206,-14,194
2025-11-27T16:17:56.092116,20,33,159,367,95,55,34,38,7659,-12008,-4831,6501,-713,-1895,-568,125,-21,181
2025-11-27T16:17:56.114330,25,35,167,382,93,61,43,56,7654,-12008,-4802,6527,-690,-1990,-564,101,-42,191
2025-11-27T16:17:56.136305,27,34,156,366,95,71,51,54,7675,-11993,-4755,6565,-697,-2036,-502,282,-28,223
2025-11-27T16:17:56.151859,29,42,190,385,97,80,57,58,7711,-11968,-4698,6609,-667,-2016,-461,385,-25,241
2025-11-27T16:17:56.174412,30,43,192,366,64,71,58,60,7728,-11955,-4654,6644,-655,-1822,-509,288,-36,208
2025-11-27T16:17:56.196643,32,44,186,330,68,71,59,67,7737,-11946,-4626,6668,-636,-1902,-505,185,-45,165
2025-11-27T16:17:56.211717,30,44,189,296,69,71,57,56,7750,-11933,-4596,6698,-648,-2005,-513,223,-69,182
2025-11-27T16:17:56.234302,30,47,220,310,66,68,62,58,7774,-11913,-4556,6733,-659,-2018,-507,316,-59,209
2025-11-27T16:17:56.264737,29,42,202,293,60,60,62,60,7781,-11903,-4524,6764,-618,-1854,-494,213,-78,212
2025-11-27T16:17:56.276010,29,41,189,336,61,61,61,61,7786,-11894,-4499,6790,-686,-1928,-509,183,-69,159
2025-11-27T16:17:56.294060,29,37,190,328,126,110,68,56,7800,-11874,-4467,6829,-730,-2011,-441,244,-105,186
2025-11-27T16:17:56.316872,29,34,179,364,156,144,69,56,7814,-11849,-4427,6884,-765,-1872,-361,286,-142,211
2025-11-27T16:17:56.331811,26,31,146,364,161,145,61,50,7812,-11834,-4401,6928,-807,-1906,-454,188,-151,171
2025-11-27T16:17:56.354236,25,30,122,351,161,145,55,42,7809,-11813,-4372,6985,-825,-1922,-352,185,-192,210
2025-11-27T16:17:56.376717,24,29,133,349,166,160,59,36,7812,-11794,-4332,7039,-863,-1982,-386,244,-149,235
2025-11-27T16:17:56.391837,21,35,148,351,144,140,48,31,7816,-11774,-4279,7099,-880,-1871,-297,255,-125,277
2025-11-27T16:17:56.413930,22,38,166,332,130,116,45,26,7814,-11765,-4232,7146,-871,-1785,-324,201,-78,244
2025-11-27T16:17:56.436796,20,40,163,329,128,114,44,48,7802,-11759,-4210,7182,-1050,-2040,-523,152,-136,110
2025-11-27T16:17:56.459250,20,39,156,315,132,116,48,53,7793,-11733,-4158,7264,-1012,-2088,-278,238,-238,359
2025-11-27T16:17:56.474343,19,43,178,325,127,96,45,53,7829,-11685,-4083,7343,-917,-1921,-328,585,-187,318
2025-11-27T16:17:56.496499,18,38,169,316,141,107,54,54,7832,-11658,-4024,7416,-903,-1773,-271,336,-189,338
2025-11-27T16:17:56.519324,18,37,150,299,181,133,68,55,7824,-11642,-3988,7469,-877,-1867,-220,152,-160,273
2025-11-27T16:17:56.534319,21,34,170,329,184,139,73,42,7834,-11619,-3951,7513,-867,-1893,-267,261,-121,217
2025-11-27T16:17:56.556375,23,37,187,383,183,136,71,36,7857,-11590,-3913,7554,-876,-1834,-279,341,-119,157
2025-11-27T16:17:56.579112,25,32,154,339,182,136,70,38,7878,-11561,-3884,7591,-882,-1737,-262,312,-125,89
2025-11-27T16:17:56.594224,27,36,164,351,207,151,73,37,7906,-11532,-3865,7616,-877,-1790,-272,305,-102,19
2025-11-27T16:17:56.616590,27,43,197,417,190,131,62,38,7932,-11503,-3859,7636,-844,-1731,-248,251,-114,-38
2025-11-27T16:17:56.640148,26,43,192,405,184,125,56,33,7950,-11485,-3872,7638,-868,-1819,-317,155,-95,-124
2025-11-27T16:17:56.654284,26,41,199,410,187,126,58,35,7976,-11459,-3880,7645,-895,-1890,-287,203,-109,-119
2025-11-27T16:17:56.676784,26,45,222,431,187,125,58,31,8013,-11423,-3876,7662,-927,-1893,-266,326,-119,-105
2025-11-27T16:17:56.699368,26,41,211,425,139,88,45,31,8042,-11393,-3872,7678,-896,-1825,-260,274,-113,-81
2025-11-27T16:17:56.714399,28,32,183,460,112,74,39,29,8054,-11369,-3876,7700,-923,-1836,-208,159,-157,-54
2025-11-27T16:17:56.736866,28,34,186,459,116,73,37,27,8061,-11350,-3891,7714,-850,-1821,-212,89,-147,-68
2025-11-27T16:17:56.759292,26,35,187,481,111,72,35,25,8069,-11327,-3917,7725,-859,-1880,-219,76,-183,-123
2025-11-27T16:17:56.774735,26,30,162,488,115,73,34,27,8086,-11301,-3948,7731,-783,-1884,-198,91,-171,-143
2025-11-27T16:17:56.796834,27,33,168,503,100,69,39,26,8107,-11272,-3980,7733,-750,-1871,-219,123,-168,-169
2025-11-27T16:17:56.818998,23,33,168,417,81,70,40,25,8133,-11243,-4012,7733,-728,-1870,-182,122,-143,-178
2025-11-27T16:17:56.834360,25,34,154,402,79,75,44,28,8159,-11214,-4042,7732,-721,-1897,-152,115,-135,-176
2025-11-27T16:17:56.856865,27,32,118,317,103,77,45,30,8190,-11187,-4075,7720,-641,-1861,-112,91,-79,-193
2025-11-27T16:17:56.879373,30,32,114,268,107,80,46,30,8221,-11166,-4113,7697,-650,-1870,-176,75,-47,-255
2025-11-27T16:17:56.894253,30,29,114,236,108,75,42,31,8258,-11143,-4151,7670,-618,-1940,-125,75,-21,-255
2025-11-27T16:17:56.916880,30,34,145,317,109,62,37,30,8291,-11127,-4195,7635,-588,-1892,-168,37,-5,-285
2025-11-27T16:17:56.939438,28,32,170,358,104,57,35,28,8325,-11110,-4239,7598,-582,-1955,-170,32,3,-291
2025-11-27T16:17:56.953899,25,31,185,407,77,50,34,26,8335,-11100,-4261,7589,-737,-2222,-100,-12,-39,-80
2025-11-27T16:17:56.977022,24,41,201,420,65,44,32,26,8359,-11086,-4245,7592,-614,-2037,-127,187,21,75
2025-11-27T16:17:56.999376,23,42,202,421,61,43,32,26,8370,-11077,-4253,7589,-506,-1767,-138,63,-28,13
2025-11-27T16:17:57.014328,65,52,184,390,50,40,32,30,8351,-11089,-4290,7573,-577,-1927,-141,-211,-55,-36
2025-11-27T16:17:57.036812,73,53,159,353,48,31,30,30,8348,-11085,-4316,7566,-647,-2082,-86,-97,-60,-38
2025-11-27T16:17:57.067630,107,59,197,322,53,29,28,35,8380,-11060,-4319,7565,-621,-2033,-94,175,-25,-55
2025-11-27T16:17:57.074398,109,55,180,319,81,32,24,35,8416,-11034,-4312,7568,-607,-1898,-93,236,-8,-47
2025-11-27T16:17:57.096679,111,56,180,308,88,32,24,37,8435,-11022,-4313,7563,-623,-1879,-96,98,10,-42
2025-11-27T16:17:57.119254,97,43,172,271,94,33,23,34,8440,-11022,-4320,7552,-632,-1955,-80,-23,25,-23
2025-11-27T16:17:57.134313,93,41,168,276,102,35,26,37,8446,-11024,-4324,7540,-643,-2034,-89,-15,46,-7
2025-11-27T16:17:57.156895,54,32,103,289,103,36,25,30,8461,-11023,-4314,7532,-629,-1972,-26,40,87,26
2025-11-27T16:17:57.179178,49,29,123,334,85,42,28,30,8477,-11021,-4299,7525,-667,-1991,-35,61,101,26
2025-11-27T16:17:57.194124,44,28,113,325,99,82,36,27,8492,-11023,-4284,7514,-708,-1975,-20,38,124,2
2025-11-27T16:17:57.216883,33,29,114,317,121,101,45,26,8499,-11033,-4275,7498,-745,-1897,-70,-10,123,-38
2025-11-27T16:17:57.239578,27,35,159,371,150,135,57,23,8498,-11042,-4275,7484,-762,-1937,-83,-57,80,-53
2025-11-27T16:17:57.253551,21,36,168,352,155,142,63,25,8497,-11052,-4279,7468,-765,-1986,-146,-43,61,-63
2025-11-27T16:17:57.274473,20,35,154,298,157,141,61,25,8504,-11050,-4275,7466,-837,-1942,-126,57,22,-76
2025-11-27T16:17:57.299019,19,32,154,302,142,123,57,23,8513,-11046,-4269,7465,-801,-1907,-117,71,22,-64
2025-11-27T16:17:57.314401,21,33,162,302,119,108,51,24,8525,-11044,-4262,7458,-782,-1882,-80,57,60,-73
2025-11-27T16:17:57.344923,22,25,122,230,93,67,35,22,8533,-11048,-4255,7447,-785,-1891,-97,24,84,-69
2025-11-27T16:17:57.359659,21,22,94,192,84,56,29,20,8536,-11056,-4250,7434,-793,-1889,-111,-11,87,-70
2025-11-27T16:17:57.382711,21,22,88,181,78,50,28,19,8539,-11060,-4252,7424,-783,-1936,-107,-12,46,-80
2025-11-27T16:17:57.396899,22,23,82,177,81,48,28,21,8549,-11056,-4255,7417,-747,-1918,-102,36,19,-89
2025-11-27T16:17:57.419379,21,24,88,191,87,53,32,20,8559,-11049,-4259,7413,-740,-1905,-117,52,-4,-90
2025-11-27T16:17:57.443054,21,25,88,178,163,94,41,23,8562,-11047,-4268,7408,-735,-1891,-138,10,-13,-92
2025-11-27T16:17:57.456887,21,25,91,195,179,103,41,23,8558,-11048,-4284,7403,-741,-1865,-109,-55,-35,-102
2025-11-27T16:17:57.479439,21,26,95,209,180,103,42,25,8546,-11054,-4303,7395,-772,-1947,-160,-92,-37,-95
2025-11-27T16:17:57.502660,20,24,101,249,180,105,44,25,8536,-11056,-4321,7395,-796,-1973,-164,-55,-70,-91
2025-11-27T16:17:57.516888,22,23,115,252,184,106,44,24,8532,-11052,-4337,7395,-758,-1978,-148,-24,-71,-86
2025-11-27T16:17:57.539435,21,22,113,254,114,68,36,23,8527,-11049,-4347,7400,-752,-1998,-129,-16,-66,-37
2025-11-27T16:17:57.562137,23,24,123,358,83,53,35,21,8528,-11041,-4347,7411,-735,-2005,-109,46,-62,3
2025-11-27T16:17:57.577664,23,23,135,356,80,51,33,18,8523,-11038,-4345,7422,-714,-1968,-78,-6,-44,41
2025-11-27T16:17:57.599061,25,30,182,344,78,47,31,19,8513,-11037,-4346,7433,-710,-1965,-74,-34,-57,45
2025-11-27T16:17:57.623117,23,28,166,332,61,38,28,19,8504,-11038,-4353,7439,-688,-2011,-99,-50,-55,31
2025-11-27T16:17:57.636907,24,31,178,342,47,31,25,19,8506,-11028,-4357,7448,-676,-2008,-75,28,-68,11
2025-11-27T16:17:57.659391,21,30,184,230,46,27,21,22,8518,-11014,-4355,7457,-659,-1991,-79,93,-44,11
2025-11-27T16:17:57.682454,21,30,175,217,46,29,21,22,8531,-11001,-4348,7465,-666,-1932,-70,110,-17,7
2025-11-27T16:17:57.696630,20,24,126,183,46,28,19,19,8538,-10996,-4342,7469,-709,-1906,-69,54,-2,-7
2025-11-27T16:17:57.719434,19,25,131,198,45,29,20,19,8538,-10995,-4342,7469,-699,-1940,-73,-4,11,-13
2025-11-27T16:17:57.743122,20,26,128,211,50,28,19,21,8538,-10998,-4345,7464,-696,-1982,-80,-29,19,-19
2025-11-27T16:17:57.756917,22,30,165,267,49,30,22,19,8544,-10998,-4345,7457,-674,-2002,-64,-1,34,-16
2025-11-27T16:17:57.779696,22,28,166,302,56,30,22,20,8553,-10996,-4344,7449,-673,-1979,-97,37,42,-31
2025-11-27T16:17:57.802761,21,29,162,329,61,32,23,21,8567,-10992,-4339,7442,-675,-1937,-108,76,44,-37
2025-11-27T16:17:57.817069,22,33,198,336,63,30,22,20,8579,-10988,-4334,7438,-723,-1924,-95,72,35,-55
2025-11-27T16:17:57.839589,24,32,202,345,58,30,22,19,8581,-10990,-4337,7431,-748,-1955,-115,3,24,-66
2025-11-27T16:17:57.862658,23,29,164,332,75,27,19,22,8584,-10988,-4337,7430,-788,-2002,-102,20,-2,-59
2025-11-27T16:17:57.876644,24,35,207,346,72,25,20,23,8591,-10981,-4331,7436,-771,-1988,-82,75,-12,-27
2025-11-27T16:17:57.899834,24,35,210,386,70,24,19,23,8588,-10981,-4322,7444,-817,-1944,-120,43,-10,-5
2025-11-27T16:17:57.922638,25,34,183,420,72,25,20,23,8576,-10979,-4320,7462,-896,-1963,-137,24,-94,-13
2025-11-27T16:17:57.937195,23,38,200,414,79,23,20,23,8568,-10967,-4321,7488,-843,-1954,-106,60,-148,-2
2025-11-27T16:17:57.959769,23,37,210,433,64,22,20,23,8564,-10948,-4323,7519,-829,-1874,-102,94,-180,-14
2025-11-27T16:17:57.982196,22,33,214,504,65,23,20,22,8549,-10937,-4341,7541,-801,-1884,-112,-8,-193,-48
2025-11-27T16:17:57.996944,23,36,237,483,70,25,20,24,8538,-10922,-4370,7560,-756,-1962,-78,-39,-210,-70
2025-11-27T16:17:58.019493,22,33,227,458,74,28,19,23,8542,-10898,-4392,7578,-724,-1988,-39,43,-183,-84
2025-11-27T16:17:58.043117,23,29,207,470,75,29,20,24,8556,-10869,-4406,7595,-687,-1942,-35,119,-160,-84
2025-11-27T16:17:58.056962,26,31,215,448,79,32,21,27,8568,-10841,-4426,7609,-666,-1945,-26,84,-159,-98
2025-11-27T16:17:58.079920,85,36,172,370,140,37,25,27,8575,-10818,-4454,7618,-611,-1968,-9,20,-159,-91
2025-11-27T16:17:58.102708,87,33,138,351,150,41,25,28,8589,-10793,-4479,7623,-545,-1999,-16,50,-135,-77
2025-11-27T16:17:58.116650,91,33,139,381,180,47,26,31,8614,-10765,-4495,7625,-421,-1983,3,122,-84,-27
2025-11-27T16:17:58.139593,93,35,132,392,194,56,28,32,8645,-10740,-4502,7620,-375,-1966,-21,159,-24,-9
2025-11-27T16:17:58.162165,94,34,97,413,223,55,34,32,8669,-10726,-4507,7611,-343,-1959,-23,101,17,32
2025-11-27T16:17:58.174821,50,30,92,383,193,54,32,32,8679,-10722,-4515,7599,-359,-1968,-44,27,17,59
2025-11-27T16:17:58.206765,46,29,90,400,185,54,33,31,8693,-10718,-4515,7590,-353,-1940,-61,73,32,79
2025-11-27T16:17:58.222678,38,31,105,355,155,48,34,34,8703,-10720,-4505,7582,-409,-1902,-51,63,73,103
2025-11-27T16:17:58.236965,33,29,97,333,145,44,34,37,8700,-10739,-4493,7564,-448,-1881,-56,-46,140,119
2025-11-27T16:17:58.259425,28,27,91,299,95,46,29,38,8690,-10772,-4481,7537,-497,-1918,-51,-133,200,111
2025-11-27T16:17:58.282774,24,27,87,293,110,53,33,39,8681,-10810,-4469,7500,-498,-1972,-73,-155,248,102
2025-11-27T16:17:58.305315,24,26,88,275,135,85,43,40,8678,-10847,-4454,7458,-478,-1957,-84,-128,281,80
2025-11-27T16:17:58.319425,26,28,84,284,188,136,62,40,8680,-10885,-4439,7409,-489,-1928,-80,-132,318,41
2025-11-27T16:17:58.341792,26,29,85,245,236,206,86,43,8667,-10937,-4445,7345,-465,-1757,-95,-303,324,-43
2025-11-27T16:17:58.365093,26,29,84,214,250,216,98,40,8638,-10998,-4490,7261,-398,-1704,-132,-507,284,-173
2025-11-27T16:17:58.379364,29,28,90,226,489,333,143,46,8609,-11058,-4556,7161,-323,-1828,-185,-576,266,-253
2025-11-27T16:17:58.401920,30,33,88,192,571,405,169,54,8607,-11096,-4624,7061,-293,-1854,-110,-458,265,-347
2025-11-27T16:17:58.425337,33,39,88,166,629,442,182,57,8639,-11120,-4691,6939,-285,-1814,-219,-275,352,-530
2025-11-27T16:17:58.439504,33,38,95,171,671,470,194,61,8694,-11136,-4762,6795,-286,-1817,-211,-218,447,-693
2025-11-27T16:17:58.461888,37,49,104,195,775,593,259,82,8756,-11159,-4843,6618,-253,-1864,-260,-273,565,-835
2025-11-27T16:17:58.485167,37,51,99,179,681,566,255,83,8834,-11173,-4929,6424,-273,-1973,-268,-239,628,-983
2025-11-27T16:17:58.499120,36,51,96,185,649,556,257,83,8930,-11189,-5013,6194,-222,-1978,-385,-179,797,-1118
2025-11-27T16:17:58.521991,34,48,81,181,588,523,247,79,9001,-11219,-5107,5957,-272,-2079,-349,-387,795,-1147
2025-11-27T16:17:58.545183,33,48,73,171,563,501,238,76,9072,-11252,-5200,5699,-222,-2130,-392,-425,880,-1211
2025-11-27T16:17:58.559486,28,38,60,134,459,388,173,58,9156,-11278,-5284,5430,-203,-2186,-305,-422,975,-1269
2025-11-27T16:17:58.582373,24,37,57,119,450,353,147,49,9246,-11300,-5360,5150,-280,-2148,-305,-404,1059,-1368
2025-11-27T16:17:58.604763,23,32,48,111,405,289,112,40,9353,-11310,-5425,4859,-305,-2123,-214,-354,1158,-1471
2025-11-27T16:17:58.619502,24,26,39,121,395,281,107,39,9475,-11311,-5500,4525,-394,-2172,-213,-296,1287,-1610
2025-11-27T16:17:58.641981,23,24,32,156,337,231,87,34,9619,-11287,-5570,4183,-407,-2246,-181,-150,1338,-1717
2025-11-27T16:17:58.664940,22,20,27,233,275,145,53,25,9793,-11229,-5634,3834,-381,-2346,-298,86,1395,-1826
2025-11-27T16:17:58.679488,22,19,29,259,209,124,53,27,9988,-11135,-5693,3504,-335,-2316,-263,336,1333,-1857
2025-11-27T16:17:58.701923,21,19,33,300,204,105,47,26,10190,-11022,-5743,3184,-234,-2223,-325,462,1317,-1827
2025-11-27T16:17:58.732669,22,21,34,332,235,95,44,29,10364,-10923,-5788,2864,-196,-2173,-348,328,1299,-1755
2025-11-27T16:17:58.739373,25,50,35,388,244,84,44,31,10511,-10840,-5827,2550,-140,-2299,-444,203,1258,-1661
2025-11-27T16:17:58.761929,60,110,43,362,243,65,46,48,10647,-10762,-5828,2301,-80,-2316,-400,340,1183,-1567
2025-11-27T16:17:58.784525,61,147,43,383,309,49,45,54,10765,-10690,-5826,2085,-29,-2300,-487,386,1064,-1418
2025-11-27T16:17:58.799057,65,157,43,356,312,42,47,57,10864,-10625,-5824,1895,115,-2281,-487,357,931,-1230
2025-11-27T16:17:58.821329,65,160,44,358,300,42,47,58,10943,-10576,-5815,1735,173,-2202,-421,265,809,-1035
2025-11-27T16:17:58.845211,100,178,45,299,298,42,47,58,10987,-10557,-5807,1599,229,-2144,-428,86,668,-839
2025-11-27T16:17:58.859283,91,173,39,286,280,39,40,51,10999,-10569,-5796,1475,291,-2178,-465,-103,595,-692
2025-11-27T16:17:58.881929,99,261,47,274,217,39,37,51,10993,-10591,-5788,1386,362,-2294,-446,-159,419,-534
2025-11-27T16:17:58.905273,101,269,47,278,197,37,33,49,10987,-10608,-5778,1347,398,-2277,-426,-49,243,-327
2025-11-27T16:17:58.919425,107,301,50,237,183,37,33,51,10979,-10624,-5765,1346,458,-2175,-435,32,111,-128
2025-11-27T16:17:58.941967,109,307,53,234,167,42,32,62,10960,-10651,-5750,1355,460,-2079,-412,-39,56,-29
2025-11-27T16:17:58.964991,126,307,52,239,200,43,33,58,10923,-10692,-5739,1366,508,-2095,-377,-183,-7,26
2025-11-27T16:17:58.979483,124,253,45,193,187,41,35,58,10877,-10739,-5734,1392,566,-2159,-389,-214,-103,97
2025-11-27T16:17:59.001997,122,246,44,210,179,43,35,61,10838,-10773,-5731,1440,607,-2125,-362,-113,-190,177
2025-11-27T16:17:59.025559,144,232,41,243,183,40,32,58,10803,-10799,-5735,1498,645,-2083,-385,-49,-254,210
2025-11-27T16:17:59.039523,123,287,40,261,201,33,30,57,10775,-10814,-5743,1559,700,-2021,-329,-3,-286,230
2025-11-27T16:17:59.062035,104,289,42,283,174,31,30,59,10746,-10827,-5755,1615,749,-1994,-338,-10,-288,222
2025-11-27T16:17:59.085228,148,346,49,292,166,32,30,56,10714,-10842,-5773,1666,775,-1966,-307,-57,-311,215
2025-11-27T16:17:59.099901,161,346,53,294,178,31,31,56,10683,-10853,-5798,1708,818,-1969,-286,-82,-308,172
2025-11-27T16:17:59.122081,139,331,51,277,162,33,30,61,10664,-10846,-5834,1749,866,-1979,-261,7,-339,113
2025-11-27T16:17:59.145212,140,292,48,260,128,31,30,52,10655,-10828,-5873,1784,926,-1920,-249,69,-327,86
2025-11-27T16:17:59.159589,143,283,48,234,115,30,28,48,10644,-10809,-5917,1814,995,-1989,-217,32,-336,76
2025-11-27T16:17:59.184750,94,181,42,222,108,30,25,50,10647,-10783,-5948,1850,1052,-2000,-152,89,-305,150
2025-11-27T16:17:59.203793,76,179,40,190,86,26,26,54,10661,-10753,-5968,1879,1017,-1884,-113,136,-222,149
2025-11-27T16:17:59.216665,110,206,40,178,79,24,29,50,10666,-10735,-5987,1896,934,-1846,-112,36,-176,104
2025-11-27T16:17:59.239555,107,197,42,159,82,23,27,46,10662,-10726,-6009,1903,938,-1879,-129,-48,-165,81
2025-11-27T16:17:59.263563,101,196,38,165,79,22,28,50,10667,-10708,-6033,1899,966,-1907,-159,11,-111,8
2025-11-27T16:17:59.287128,100,202,36,162,80,17,29,56,10681,-10681,-6058,1892,911,-1916,-182,81,-84,-60
2025-11-27T16:17:59.301550,94,198,34,158,73,17,29,50,10703,-10648,-6080,1881,904,-1915,-179,125,-41,-94
2025-11-27T16:17:59.324803,50,165,33,139,71,17,26,51,10730,-10613,-6098,1868,833,-1904,-219,182,-4,-131
2025-11-27T16:17:59.347665,95,185,32,151,64,18,26,51,10752,-10584,-6114,1853,744,-1900,-211,134,15,-167
2025-11-27T16:17:59.369946,105,211,35,130,53,19,26,55,10767,-10563,-6129,1835,682,-1954,-228,79,35,-197
2025-11-27T16:17:59.385965,104,192,35,121,45,20,25,44,10781,-10545,-6142,1814,677,-2001,-243,72,51,-210
2025-11-27T16:17:59.407252,106,199,36,115,46,22,21,42,10797,-10527,-6149,1799,655,-2051,-266,97,61,-189
2025-11-27T16:17:59.421529,107,240,36,125,51,20,22,38,10812,-10512,-6150,1791,637,-2022,-269,115,62,-147
2025-11-27T16:17:59.445109,103,244,37,107,47,20,26,40,10823,-10503,-6149,1784,638,-2011,-262,79,63,-114
2025-11-27T16:17:59.467699,97,245,36,96,47,19,25,31,10829,-10500,-6145,1778,630,-1980,-251,34,61,-86
2025-11-27T16:17:59.482000,99,249,38,112,49,19,29,36,10828,-10505,-6141,1770,631,-1987,-278,-7,60,-74
2025-11-27T16:17:59.505252,110,346,47,139,55,18,39,52,10827,-10509,-6138,1763,644,-1988,-282,0,54,-67
2025-11-27T16:17:59.527229,109,331,49,132,47,20,44,55,10826,-10512,-6135,1758,656,-2019,-269,1,45,-60
2025-11-27T16:17:59.541814,109,323,49,143,47,20,42,58,10832,-10509,-6130,1759,663,-2015,-255,51,41,-47
2025-11-27T16:17:59.565166,106,306,47,142,47,22,42,57,10839,-10504,-6124,1765,653,-1999,-261,82,27,-28
2025-11-27T16:17:59.587217,109,346,45,130,45,21,39,56,10843,-10502,-6119,1769,662,-1967,-243,46,19,-19
2025-11-27T16:17:59.601960,98,250,34,100,34,20,32,43,10842,-10503,-6118,1770,677,-1957,-235,10,9,-3
2025-11-27T16:17:59.625720,108,241,36,96,32,20,26,39,10842,-10504,-6117,1771,690,-1955,-224,-16,4,4
2025-11-27T16:17:59.647681,96,209,34,52,32,19,25,31,10842,-10504,-6117,1772,706,-1961,-218,-13,1,5
2025-11-27T16:17:59.661978,95,207,35,49,32,20,23,35,10842,-10505,-6116,1773,714,-1967,-216,-4,0,15
2025-11-27T16:17:59.685248,91,150,41,36,29,20,23,34,10841,-10507,-6112,1777,715,-1946,-214,4,1,23
2025-11-27T16:17:59.707795,89,137,40,33,30,21,22,31,10839,-10511,-6107,1780,716,-1940,-205,-17,6,29
2025-11-27T16:17:59.721996,88,229,45,62,31,20,20,32,10835,-10518,-6102,1781,727,-1943,-199,-46,11,31
2025-11-27T16:17:59.745129,64,239,42,63,27,20,21,33,10829,-10528,-6097,1780,725,-1967,-200,-65,10,31
2025-11-27T16:17:59.767769,96,255,44,75,27,21,22,34,10825,-10536,-6090,1781,715,-1983,-202,-49,15,31
2025-11-27T16:17:59.782053,94,239,41,80,26,22,19,30,10823,-10542,-6081,1785,705,-1978,-200,-28,17,35
2025-11-27T16:17:59.805278,96,246,41,81,25,21,22,30,10820,-10548,-6075,1787,704,-1985,-214,-27,12,27
2025-11-27T16:17:59.827738,86,215,35,62,22,20,21,30,10817,-10554,-6069,1790,708,-1982,-216,-29,12,27
2025-11-27T16:17:59.841970,134,258,43,63,21,20,21,30,10814,-10560,-6064,1791,699,-1993,-215,-30,9,13
2025-11-27T16:17:59.865293,117,254,47,47,19,20,20,25,10811,-10565,-6060,1794,686,-2008,-227,-20,5,7
2025-11-27T16:17:59.887773,117,264,49,39,20,18,20,41,10811,-10565,-6059,1795,688,-2009,-226,-10,-4,3
2025-11-27T16:17:59.902181,117,291,50,36,20,18,16,40,10811,-10566,-6059,1796,687,-2017,-238,9,-8,-6
2025-11-27T16:17:59.925531,117,246,49,33,20,19,16,40,10811,-10565,-6058,1801,680,-2009,-254,28,-9,-17
2025-11-27T16:17:59.947833,99,199,47,31,20,21,15,39,10811,-10563,-6060,1806,680,-2005,-260,33,-14,-27
2025-11-27T16:17:59.961811,98,216,44,45,23,19,16,40,10811,-10560,-6064,1810,684,-2015,-255,34,-19,-37
2025-11-27T16:17:59.985604,99,253,47,49,24,20,21,26,10811,-10557,-6068,1814,678,-2018,-269,41,-21,-43
2025-11-27T16:18:00.007881,98,221,45,49,22,19,22,26,10813,-10552,-6073,1818,683,-2012,-253,43,-26,-47
2025-11-27T16:18:00.021862,99,245,45,53,22,20,21,32,10814,-10546,-6079,1822,678,-2003,-257,47,-27,-53
2025-11-27T16:18:00.045124,86,243,44,55,23,19,22,34,10818,-10539,-6084,1827,676,-2011,-240,56,-26,-55
2025-11-27T16:18:00.067768,85,227,42,44,19,20,22,36,10823,-10530,-6089,1830,698,-1993,-240,64,-22,-53
2025-11-27T16:18:00.082119,87,184,40,40,19,18,19,35,10827,-10522,-6095,1832,700,-1977,-240,60,-16,-51
2025-11-27T16:18:00.104995,88,212,42,38,19,20,18,35,10833,-10513,-6100,1832,718,-1970,-231,54,-9,-54
2025-11-27T16:18:00.127972,120,246,45,49,22,22,19,29,10838,-10505,-6105,1830,722,-1964,-233,52,0,-54
2025-11-27T16:18:00.141684,105,244,43,46,21,22,18,26,10844,-10497,-6110,1826,735,-1959,-221,46,5,-50
2025-11-27T16:18:00.165088,106,237,42,46,23,21,17,22,10850,-10490,-6112,1824,723,-1966,-212,43,8,-45
2025-11-27T16:18:00.188495,106,239,39,48,22,21,16,19,10854,-10484,-6114,1822,713,-1957,-231,46,10,-44
2025-11-27T16:18:00.210857,104,211,39,48,22,21,18,22,10858,-10480,-6116,1820,717,-1956,-227,35,13,-41
2025-11-27T16:18:00.232657,72,165,47,35,20,18,17,21,10862,-10476,-6117,1816,716,-1961,-223,29,20,-41
2025-11-27T16:18:00.247262,92,177,46,35,19,18,20,21,10866,-10473,-6117,1812,718,-1964,-210,22,23,-38
2025-11-27T16:18:00.270311,90,172,48,36,17,17,21,22,10867,-10472,-6117,1808,718,-1964,-219,9,21,-34
2025-11-27T16:18:00.285297,87,207,52,31,17,18,21,22,10869,-10471,-6117,1804,718,-1970,-222,12,22,-33
2025-11-27T16:18:00.307855,88,208,51,31,17,16,20,20,10871,-10469,-6117,1801,721,-1969,-217,11,20,-33
2025-11-27T16:18:00.331117,103,251,62,26,18,19,21,20,10873,-10468,-6116,1797,717,-1962,-209,8,20,-31
2025-11-27T16:18:00.345250,80,239,63,25,20,18,18,20,10874,-10468,-6116,1794,720,-1970,-203,0,17,-29
2025-11-27T16:18:00.367787,86,246,63,22,19,20,19,18,10875,-10467,-6115,1792,716,-1971,-202,3,13,-26
2025-11-27T16:18:00.397795,85,202,58,23,19,19,18,18,10876,-10467,-6115,1791,721,-1965,-215,8,10,-23
2025-11-27T16:18:00.404452,84,205,59,23,19,20,19,19,10877,-10466,-6116,1790,726,-1968,-205,5,6,-22
2025-11-27T16:18:00.427766,55,163,37,21,19,17,17,19,10879,-10464,-6116,1789,727,-1969,-199,11,4,-22
2025-11-27T16:18:00.450262,54,171,37,21,18,17,17,19,10881,-10461,-6117,1788,731,-1963,-198,18,2,-25
2025-11-27T16:18:00.465263,92,174,37,21,19,16,16,19,10883,-10458,-6118,1788,731,-1962,-204,15,0,-24
2025-11-27T16:18:00.487783,93,178,38,20,20,16,15,18,10884,-10457,-6120,1787,732,-1961,-206,10,1,-23
2025-11-27T16:18:00.510192,93,196,40,25,20,17,16,17,10884,-10455,-6120,1787,721,-1953,-202,9,1,-21
2025-11-27T16:18:00.524897,94,161,38,26,19,18,17,16,10884,-10456,-6120,1787,729,-1952,-218,1,-3,-16
2025-11-27T16:18:00.547823,99,158,41,26,21,19,17,18,10884,-10456,-6120,1787,743,-1970,-188,4,-4,-15
2025-11-27T16:18:00.570299,54,144,40,26,22,19,17,21,10884,-10456,-6120,1787,736,-1963,-214,8,-3,-14
2025-11-27T16:18:00.585372,104,196,43,25,21,19,20,22,10884,-10456,-6120,1788,740,-1969,-204,6,1,-14
2025-11-27T16:18:00.607778,107,175,39,21,22,18,18,23,10884,-10457,-6120,1788,738,-1961,-200,-4,3,-10
2025-11-27T16:18:00.630319,109,196,39,20,24,17,18,27,10883,-10457,-6120,1788,741,-1958,-214,-15,3,-6
2025-11-27T16:18:00.644492,105,196,35,21,20,17,20,27,10880,-10461,-6118,1787,723,-1955,-208,-22,5,-1
2025-11-27T16:18:00.667793,105,221,38,27,18,17,19,25,10877,-10465,-6117,1787,724,-1959,-216,-21,5,1
2025-11-27T16:18:00.690300,56,188,39,27,20,18,18,25,10874,-10469,-6116,1786,738,-1957,-214,-20,6,2
2025-11-27T16:18:00.704778,88,189,38,27,20,20,19,24,10873,-10469,-6116,1786,739,-1961,-209,-15,9,6
2025-11-27T16:18:00.727770,91,187,39,28,21,19,19,20,10873,-10470,-6116,1786,731,-1961,-215,-15,11,7
2025-11-27T16:18:00.750338,94,220,40,28,22,19,18,19,10871,-10474,-6113,1786,725,-1963,-206,-20,11,9
2025-11-27T16:18:00.764526,93,195,39,23,24,19,18,19,10868,-10479,-6110,1786,726,-1970,-219,-21,10,8
2025-11-27T16:18:00.788906,92,184,33,25,21,20,17,21,10868,-10479,-6110,1787,738,-1972,-206,-14,11,8
2025-11-27T16:18:00.810036,103,186,35,24,20,17,17,21,10866,-10483,-6107,1786,729,-1966,-211,-17,11,7
2025-11-27T16:18:00.822426,100,204,36,23,18,20,18,21,10865,-10483,-6107,1787,727,-1977,-209,-15,11,8
2025-11-27T16:18:00.846690,100,208,38,22,17,19,18,21,10865,-10483,-6107,1787,738,-1970,-222,-11,7,8
2025-11-27T16:18:00.870348,101,210,36,23,18,21,18,21,10865,-10484,-6107,1787,735,-1969,-211,-8,9,7
2025-11-27T16:18:00.884633,110,211,38,19,18,19,17,20,10865,-10484,-6107,1787,736,-1968,-215,-5,11,10
2025-11-27T16:18:00.907375,101,218,38,20,19,20,17,19,10864,-10484,-6107,1787,742,-1956,-214,-5,13,9
2025-11-27T16:18:00.930313,99,212,40,20,18,18,16,18,10863,-10487,-6104,1787,721,-1962,-203,-17,12,4
2025-11-27T16:18:00.944593,100,192,36,22,21,20,17,20,10863,-10488,-6103,1787,719,-1975,-222,-9,8,6
2025-11-27T16:18:00.967852,102,208,39,21,19,19,16,19,10863,-10488,-6103,1788,733,-1963,-210,-7,7,5
2025-11-27T16:18:00.990959,117,210,37,23,20,21,16,20,10860,-10492,-6100,1787,724,-1959,-215,-17,12,8
2025-11-27T16:18:01.004602,95,219,39,21,19,20,15,20,10860,-10492,-6100,1788,722,-1962,-213,-13,6,8
2025-11-27T16:18:01.027870,95,204,38,22,19,20,16,21,10860,-10493,-6100,1788,728,-1971,-208,-7,3,8
2025-11-27T16:18:01.050217,90,187,39,30,17,20,16,20,10860,-10493,-6100,1788,729,-1974,-208,-5,4,8
2025-11-27T16:18:01.064630,121,163,38,30,17,20,18,21,10860,-10493,-6100,1789,722,-1959,-220,-6,3,10
2025-11-27T16:18:01.087829,103,189,42,30,18,18,19,20,10859,-10493,-6099,1789,720,-1959,-217,-9,4,11
2025-11-27T16:18:01.110317,102,160,39,30,18,20,19,19,10859,-10494,-6099,1790,719,-1983,-215,-11,1,10
2025-11-27T16:18:01.124660,102,149,35,29,18,20,19,18,10859,-10494,-6099,1790,724,-1984,-220,-5,-1,6
2025-11-27T16:18:01.147899,102,142,34,19,18,20,19,17,10858,-10495,-6098,1790,727,-1984,-226,-7,-2,8
2025-11-27T16:18:01.177776,92,213,45,21,18,19,20,16,10858,-10495,-6098,1791,718,-1972,-217,-9,-1,5
2025-11-27T16:18:01.192806,86,189,45,22,17,19,19,18,10858,-10496,-6098,1791,718,-1967,-228,-6,-1,9
2025-11-27T16:18:01.207853,83,205,47,21,18,17,19,22,10857,-10496,-6098,1792,725,-1962,-218,-10,-2,10
2025-11-27T16:18:01.230238,83,236,51,29,18,17,19,22,10857,-10496,-6098,1792,723,-1965,-221,-10,-2,10
2025-11-27T16:18:01.252666,85,271,53,28,18,16,18,22,10857,-10497,-6097,1792,720,-1971,-220,-6,0,10
2025-11-27T16:18:01.267909,92,221,43,29,18,15,17,23,10856,-10497,-6097,1792,726,-1964,-239,-5,2,10
2025-11-27T16:18:01.290351,92,224,42,28,20,15,16,22,10856,-10498,-6097,1793,738,-1967,-221,-3,3,10
2025-11-27T16:18:01.312874,92,214,39,29,19,19,16,20,10855,-10498,-6097,1793,718,-1961,-228,-14,7,9
2025-11-27T16:18:01.327769,92,199,33,26,18,18,15,19,10853,-10502,-6094,1795,702,-1965,-211,-18,2,8
2025-11-27T16:18:01.350344,93,152,30,28,20,18,16,20,10852,-10503,-6094,1796,717,-1978,-217,-16,3,9
2025-11-27T16:18:01.372871,83,169,32,27,19,19,16,19,10852,-10503,-6094,1796,715,-1986,-220,-5,3,6
2025-11-27T16:18:01.387946,86,162,33,33,18,21,17,19,10852,-10503,-6093,1796,722,-1975,-219,5,3,4
2025-11-27T16:18:01.410759,86,172,34,33,19,19,20,19,10851,-10504,-6093,1797,721,-1973,-224,2,5,2
2025-11-27T16:18:01.431067,87,193,39,30,21,21,20,20,10851,-10504,-6093,1797,714,-1975,-219,-8,6,0
2025-11-27T16:18:01.446772,91,195,40,31,21,22,20,20,10851,-10505,-6093,1798,711,-1978,-229,-9,4,1
2025-11-27T16:18:01.470363,95,178,39,28,21,21,19,21,10850,-10505,-6092,1798,717,-1974,-233,-7,5,0
2025-11-27T16:18:01.492930,99,240,47,27,23,21,21,21,10850,-10506,-6092,1799,728,-1978,-219,-6,5,-1
2025-11-27T16:18:01.507664,100,231,46,31,21,22,18,21,10850,-10506,-6092,1799,720,-1968,-230,-4,5,-3
2025-11-27T16:18:01.530385,97,197,42,32,20,21,19,21,10849,-10506,-6092,1799,712,-1971,-215,1,9,-2
2025-11-27T16:18:01.552893,113,192,40,32,20,20,18,24,10849,-10507,-6092,1800,719,-1972,-235,-1,11,-3
2025-11-27T16:18:01.567774,89,197,41,35,20,20,18,23,10848,-10507,-6091,1800,717,-1966,-221,-11,12,-3
2025-11-27T16:18:01.590461,89,230,35,31,18,18,17,24,10848,-10508,-6091,1800,718,-1979,-230,-13,13,-3
2025-11-27T16:18:01.612574,88,229,36,27,18,18,15,23,10848,-10508,-6091,1801,729,-1972,-230,-7,11,-3
2025-11-27T16:18:01.627030,164,246,37,27,19,19,16,24,10847,-10508,-6091,1801,738,-1970,-219,-7,14,0
2025-11-27T16:18:01.650385,152,248,37,33,19,20,15,21,10847,-10509,-6091,1801,710,-1969,-224,-4,10,-6
2025-11-27T16:18:01.672992,154,278,36,30,19,20,15,22,10847,-10509,-6091,1801,724,-1974,-228,5,6,-6
2025-11-27T16:18:01.687106,155,218,37,29,20,21,17,21,10847,-10509,-6091,1802,728,-1963,-216,2,9,-4
