timestamp,EMG_0,EMG_1,EMG_2,EMG_3,EMG_4,EMG_5,EMG_6,EMG_7,quat_0,quat_1,quat_2,quat_3,acc_0,acc_1,acc_2,gyro_0,gyro_1,gyro_2
2025-11-17T17:13:44.848395,19,19,18,17,22,26,17,19,13257,-7560,-5867,-1056,1300,-1444,681,-6,-3,-11
2025-11-17T17:13:44.862660,19,19,18,18,21,23,16,18,13257,-7560,-5866,-1055,1303,-1450,674,1,-4,-15
2025-11-17T17:13:44.882287,18,20,18,17,21,22,17,17,13259,-7555,-5868,-1057,1311,-1438,685,12,-8,-22
2025-11-17T17:13:44.901312,18,19,17,17,16,24,18,18,13260,-7550,-5873,-1058,1306,-1428,643,25,-17,-30
2025-11-17T17:13:44.932594,17,19,17,17,16,23,19,18,13261,-7543,-5879,-1060,1308,-1425,668,26,-22,-34
2025-11-17T17:13:44.940088,18,18,17,19,17,23,21,18,13261,-7538,-5885,-1061,1297,-1424,656,20,-28,-36
2025-11-17T17:13:44.959494,17,21,18,17,17,22,22,19,13261,-7532,-5892,-1063,1307,-1433,658,26,-27,-40
2025-11-17T17:13:44.981593,19,19,21,18,17,22,20,19,13261,-7526,-5899,-1064,1312,-1429,629,35,-23,-40
2025-11-17T17:13:44.996186,19,19,21,19,19,23,19,16,13261,-7520,-5907,-1066,1314,-1421,619,38,-14,-38
2025-11-17T17:13:45.019216,19,19,20,18,19,22,21,19,13261,-7516,-5912,-1068,1308,-1415,613,28,-8,-35
2025-11-17T17:13:45.050141,18,23,19,18,20,21,19,19,13260,-7513,-5917,-1071,1304,-1411,616,17,-2,-33
2025-11-17T17:13:45.057200,18,19,20,18,20,21,19,19,13259,-7513,-5919,-1075,1300,-1416,607,7,8,-29
2025-11-17T17:13:45.079231,19,21,18,20,20,21,20,20,13258,-7513,-5919,-1080,1303,-1418,620,-1,18,-29
2025-11-17T17:13:45.101290,18,22,18,21,18,22,23,21,13259,-7512,-5918,-1085,1300,-1413,638,-3,24,-26
2025-11-17T17:13:45.116699,20,23,19,20,19,22,22,20,13260,-7511,-5917,-1091,1321,-1414,639,-3,25,-26
2025-11-17T17:13:45.139221,20,20,18,18,22,21,22,21,13261,-7509,-5915,-1098,1330,-1415,663,-7,28,-27
2025-11-17T17:13:45.161711,21,21,17,19,22,22,22,22,13263,-7506,-5913,-1106,1328,-1405,681,-10,25,-26
2025-11-17T17:13:45.176411,21,20,17,19,25,24,23,21,13267,-7501,-5911,-1110,1333,-1435,716,4,9,-24
2025-11-17T17:13:45.206861,22,19,17,19,39,31,22,21,13271,-7491,-5915,-1111,1394,-1456,772,16,-33,-22
2025-11-17T17:13:45.221730,19,19,19,22,48,115,22,22,13265,-7489,-5931,-1111,1436,-1375,811,-67,-120,6
2025-11-17T17:13:45.244216,22,21,42,79,63,129,35,21,13246,-7507,-5950,-1106,1488,-1386,882,-209,-200,73
2025-11-17T17:13:45.259138,22,25,48,273,171,219,50,25,13212,-7553,-5971,-1087,1506,-1480,952,-360,-314,166
2025-11-17T17:13:45.281843,26,38,152,416,176,244,56,29,13163,-7634,-5985,-1037,1429,-1671,885,-453,-401,292
2025-11-17T17:13:45.301152,26,41,167,456,176,256,58,31,13100,-7743,-5992,-979,1472,-1627,635,-526,-345,443
2025-11-17T17:13:45.318640,28,43,171,469,194,252,96,33,13091,-7790,-5965,-887,1381,-1655,655,-59,-171,553
2025-11-17T17:13:45.342695,29,52,175,522,222,277,97,35,13125,-7789,-5912,-750,1419,-1851,741,355,-91,693
2025-11-17T17:13:45.365488,30,53,178,480,197,374,125,36,13159,-7791,-5850,-599,1367,-1723,784,329,-92,832
2025-11-17T17:13:45.382127,28,52,113,380,239,377,127,36,13199,-7797,-5767,-428,1331,-1825,827,362,-56,965
2025-11-17T17:13:45.400121,31,59,99,356,279,395,135,35,13260,-7784,-5656,-209,1282,-1977,859,615,-13,1178
2025-11-17T17:13:45.422639,35,125,99,355,279,439,141,37,13333,-7757,-5523,51,1194,-1922,866,784,7,1416
2025-11-17T17:13:45.437445,34,132,85,265,262,453,158,36,13400,-7738,-5375,336,1110,-1968,926,797,29,1629
2025-11-17T17:13:45.462130,36,136,85,224,243,375,144,36,13477,-7711,-5189,646,1008,-1948,1027,898,150,1837
2025-11-17T17:13:45.482848,36,160,75,201,295,415,196,34,13566,-7670,-4963,970,911,-1938,1038,1032,324,1979
2025-11-17T17:13:45.498298,35,175,79,171,273,421,201,34,13645,-7642,-4707,1293,758,-1847,1030,957,445,2075
2025-11-17T17:13:45.519949,32,147,128,148,266,368,184,32,13718,-7623,-4416,1625,627,-1911,1056,932,584,2223
2025-11-17T17:13:45.547195,32,141,203,152,261,328,168,30,13787,-7602,-4089,1963,376,-1874,1098,957,722,2328
2025-11-17T17:13:45.560855,30,146,251,246,254,283,159,24,13872,-7532,-3741,2291,154,-1784,1193,1219,825,2252
2025-11-17T17:13:45.583806,75,129,377,275,129,185,81,23,13975,-7419,-3381,2579,30,-1572,1244,1418,975,2025
2025-11-17T17:13:45.603754,129,112,391,269,92,98,53,25,14087,-7284,-3012,2803,-51,-1440,1236,1476,1174,1710
2025-11-17T17:13:45.618969,160,102,422,269,71,68,46,23,14205,-7139,-2612,2973,-139,-1421,1245,1437,1360,1396
2025-11-17T17:13:45.642311,191,104,495,270,60,58,44,29,14328,-6981,-2205,3090,-231,-1473,1245,1528,1514,1133
2025-11-17T17:13:45.665636,196,114,529,244,45,42,43,29,14461,-6792,-1833,3132,-316,-1344,1139,1658,1592,768
2025-11-17T17:13:45.681271,204,103,475,287,40,41,43,30,14598,-6595,-1493,3101,-319,-1212,1068,1633,1595,330
2025-11-17T17:13:45.702273,180,102,515,313,38,31,40,27,14724,-6418,-1178,3009,-351,-1166,1074,1459,1535,-104
2025-11-17T17:13:45.723700,213,111,588,358,41,47,31,27,14830,-6283,-941,2853,-383,-1151,1056,1116,1308,-562
2025-11-17T17:13:45.739411,191,113,520,490,69,80,34,27,14907,-6206,-815,2649,-271,-1164,1070,650,936,-951
2025-11-17T17:13:45.764863,190,99,467,554,72,84,41,26,14964,-6173,-780,2407,-18,-1281,1048,344,684,-1211
2025-11-17T17:13:45.784654,170,100,469,560,79,106,40,25,15013,-6144,-793,2157,159,-1356,957,338,516,-1284
2025-11-17T17:13:45.801069,165,93,484,644,94,130,48,26,15067,-6089,-840,1905,302,-1294,920,455,374,-1333
2025-11-17T17:13:45.822159,83,78,364,651,95,143,49,27,15107,-6047,-931,1659,514,-1267,972,302,210,-1325
2025-11-17T17:13:45.847194,83,72,367,572,88,129,56,21,15150,-5979,-1042,1439,596,-1176,1040,388,62,-1217
2025-11-17T17:13:45.861592,108,71,402,537,89,146,70,24,15189,-5901,-1169,1243,642,-1126,1021,424,-72,-1131
2025-11-17T17:13:45.888527,108,86,448,534,85,136,72,25,15215,-5839,-1312,1060,734,-1101,1040,301,-157,-1063
2025-11-17T17:13:45.903654,110,124,574,468,80,123,68,26,15232,-5785,-1461,909,865,-1142,1174,226,-217,-873
2025-11-17T17:13:45.918786,165,137,578,429,77,111,96,28,15253,-5710,-1584,805,864,-1096,1134,372,-188,-602
2025-11-17T17:13:45.943424,164,163,574,411,68,117,94,31,15282,-5613,-1692,725,838,-1025,1117,511,-181,-481
2025-11-17T17:13:45.965916,148,162,565,408,75,91,83,30,15307,-5524,-1783,663,863,-931,1273,388,-130,-342
2025-11-17T17:13:45.982297,149,176,598,382,94,84,82,30,15312,-5494,-1848,615,852,-923,1467,-8,-50,-192
2025-11-17T17:13:46.002328,148,182,450,409,132,74,80,29,15298,-5523,-1884,582,768,-1031,1435,-285,34,-57
2025-11-17T17:13:46.023729,85,181,462,427,142,82,45,29,15280,-5563,-1920,560,651,-1111,1368,-297,-33,-46
2025-11-17T17:13:46.047356,87,160,481,429,149,106,38,26,15268,-5580,-1967,550,610,-1256,1397,-111,-139,-49
2025-11-17T17:13:46.064603,82,161,466,366,149,183,40,27,15273,-5550,-2015,554,665,-1352,1482,189,-155,-15
2025-11-17T17:13:46.085769,84,150,376,355,157,274,43,29,15295,-5473,-2053,554,778,-1099,1573,339,-62,18
2025-11-17T17:13:46.100440,83,110,336,311,155,300,62,26,15303,-5442,-2079,554,768,-759,1460,-19,3,102
2025-11-17T17:13:46.122415,68,107,310,433,154,301,66,27,15272,-5523,-2088,567,768,-839,1470,-650,64,280
2025-11-17T17:13:46.146461,53,101,289,457,156,330,69,26,15217,-5672,-2075,616,760,-1260,1455,-861,100,526
2025-11-17T17:13:46.162536,50,111,323,476,159,309,75,26,15179,-5775,-2038,711,675,-1552,1475,-461,108,723
2025-11-17T17:13:46.181878,32,99,280,476,152,254,79,24,15175,-5786,-1987,842,583,-1481,1432,98,92,844
2025-11-17T17:13:46.204067,29,99,265,454,133,239,74,27,15190,-5745,-1925,995,475,-1333,1380,395,77,929
2025-11-17T17:13:46.219321,34,103,269,323,128,279,90,29,15211,-5687,-1845,1146,319,-1188,1409,436,111,908
2025-11-17T17:13:46.241770,35,118,346,335,143,261,93,33,15218,-5664,-1759,1289,185,-1159,1490,183,122,866
2025-11-17T17:13:46.264274,36,123,333,313,136,265,89,32,15197,-5712,-1680,1426,67,-1169,1435,-225,78,843
2025-11-17T17:13:46.278741,37,120,356,322,132,304,100,33,15168,-5778,-1607,1550,10,-1331,1450,-287,68,759
2025-11-17T17:13:46.301842,38,121,385,292,131,301,103,32,15149,-5814,-1537,1661,-74,-1360,1460,-125,38,641
2025-11-17T17:13:46.324256,35,111,427,370,131,274,88,30,15142,-5824,-1477,1748,-119,-1282,1458,-14,20,467
2025-11-17T17:13:46.339313,35,103,356,348,110,263,97,27,15128,-5853,-1434,1806,-158,-1218,1487,-188,-16,296
2025-11-17T17:13:46.361815,36,87,356,341,150,266,103,28,15101,-5911,-1407,1861,-175,-1326,1478,-339,-83,262
2025-11-17T17:13:46.383764,38,102,352,357,147,198,90,29,15076,-5963,-1385,1912,-216,-1348,1451,-295,-109,213
2025-11-17T17:13:46.406488,37,106,434,368,153,199,81,28,15054,-6009,-1368,1953,-285,-1324,1387,-258,-139,125
2025-11-17T17:13:46.421793,35,105,382,314,157,182,80,26,15031,-6054,-1364,1992,-285,-1410,1370,-233,-199,85
2025-11-17T17:13:46.444286,37,99,378,293,162,158,67,26,15024,-6059,-1358,2034,-269,-1425,1403,1,-208,89
2025-11-17T17:13:46.466452,33,98,485,326,148,131,58,25,15030,-6031,-1352,2077,-304,-1308,1428,150,-240,57
2025-11-17T17:13:46.481695,30,77,482,309,146,191,55,22,15038,-6000,-1348,2110,-280,-1211,1414,134,-223,12
2025-11-17T17:13:46.504002,32,100,403,297,131,181,60,21,15043,-5980,-1359,2129,-232,-1262,1456,54,-244,-70
2025-11-17T17:13:46.527383,31,115,394,253,130,176,61,21,15047,-5961,-1381,2137,-169,-1287,1478,47,-257,-120
2025-11-17T17:13:46.541651,28,117,391,262,146,186,55,20,15057,-5932,-1407,2135,-134,-1248,1509,71,-248,-181
2025-11-17T17:13:46.564408,27,121,267,216,128,173,52,22,15069,-5900,-1433,2116,-98,-1221,1540,68,-212,-255
2025-11-17T17:13:46.586831,27,123,258,167,127,112,71,22,15077,-5879,-1473,2087,-34,-1288,1536,17,-237,-312
2025-11-17T17:13:46.601525,27,104,302,335,130,143,79,23,15085,-5859,-1524,2050,93,-1342,1544,23,-228,-334
2025-11-17T17:13:46.623928,38,106,335,384,126,173,109,24,15096,-5834,-1560,2015,167,-1348,1584,54,-135,-278
2025-11-17T17:13:46.646527,119,205,411,386,97,195,147,29,15102,-5827,-1561,1993,208,-1414,1636,-9,38,-112
2025-11-17T17:13:46.661363,123,241,439,465,97,206,156,28,15107,-5822,-1523,1997,181,-1478,1616,52,184,87
2025-11-17T17:13:46.683693,126,246,506,490,115,208,151,30,15117,-5811,-1447,2011,89,-1288,1714,20,323,191
2025-11-17T17:13:46.706816,127,255,468,435,109,188,157,32,15118,-5825,-1324,2047,-261,-1261,1612,-64,419,295
2025-11-17T17:13:46.721775,126,257,448,421,107,163,140,32,15091,-5903,-1199,2099,-526,-1507,1611,-343,333,341
2025-11-17T17:13:46.743990,72,191,375,426,100,121,106,29,15067,-5970,-1061,2153,-565,-1710,1583,-188,393,361
2025-11-17T17:13:46.766701,96,137,295,343,89,100,91,27,15071,-5968,-886,2211,-712,-1605,1590,210,493,381
2025-11-17T17:13:46.782081,96,126,128,315,47,86,94,27,15082,-5941,-712,2268,-819,-1486,1531,337,452,344
2025-11-17T17:13:46.804373,97,101,160,292,41,66,69,23,15081,-5938,-565,2329,-790,-1454,1455,188,342,348
2025-11-17T17:13:46.826862,97,73,211,319,38,46,64,22,15073,-5941,-436,2399,-761,-1459,1369,163,259,386
2025-11-17T17:13:46.841754,88,62,224,334,40,36,52,21,15068,-5932,-335,2466,-736,-1454,1328,233,132,338
2025-11-17T17:13:46.864479,62,120,234,399,47,33,52,24,15071,-5905,-276,2518,-638,-1425,1279,309,-29,208
2025-11-17T17:13:46.887106,55,137,243,411,48,35,36,22,15082,-5866,-267,2545,-469,-1443,1261,363,-174,41
2025-11-17T17:13:46.901806,50,153,236,495,62,35,33,24,15107,-5796,-293,2554,-275,-1379,1260,495,-270,-77
2025-11-17T17:13:46.924255,47,168,215,532,73,67,33,24,15141,-5706,-355,2548,-100,-1296,1272,560,-380,-179
2025-11-17T17:13:46.946976,43,167,312,549,74,76,35,25,15176,-5615,-448,2525,98,-1221,1233,535,-430,-269
2025-11-17T17:13:46.961983,29,156,351,592,72,76,33,22,15213,-5523,-568,2483,273,-1185,1249,497,-477,-375
2025-11-17T17:13:46.983983,28,148,359,665,78,79,65,28,15252,-5420,-713,2430,464,-1135,1311,507,-526,-429
2025-11-17T17:13:47.006579,25,150,348,654,74,80,71,30,15295,-5299,-861,2382,620,-1053,1422,547,-506,-379
2025-11-17T17:13:47.021816,27,201,330,599,75,60,74,31,15335,-5174,-994,2345,664,-1000,1487,541,-452,-293
2025-11-17T17:13:47.044502,30,230,231,582,82,52,75,29,15372,-5052,-1127,2307,695,-887,1450,499,-446,-297
2025-11-17T17:13:47.066534,35,220,191,504,84,54,77,30,15401,-4950,-1254,2267,738,-847,1431,381,-388,-281
2025-11-17T17:13:47.081310,36,222,337,442,80,48,54,28,15426,-4858,-1368,2231,733,-887,1464,353,-336,-243
2025-11-17T17:13:47.104335,36,213,384,369,81,48,47,25,15452,-4760,-1468,2201,709,-956,1472,432,-297,-218
2025-11-17T17:13:47.126837,45,185,433,377,106,66,41,24,15483,-4642,-1562,2172,708,-799,1507,481,-287,-214
2025-11-17T17:13:47.149324,52,169,498,367,121,63,42,27,15506,-4549,-1653,2138,699,-656,1550,274,-273,-220
2025-11-17T17:13:47.164468,49,167,496,361,121,65,41,27,15513,-4506,-1741,2103,703,-716,1544,11,-228,-191
2025-11-17T17:13:47.186693,50,172,428,331,120,65,40,24,15512,-4494,-1818,2071,647,-899,1554,-72,-197,-171
2025-11-17T17:13:47.201804,59,172,384,299,122,65,40,24,15516,-4472,-1877,2042,564,-983,1606,29,-156,-172
2025-11-17T17:13:47.224238,52,142,359,285,105,44,40,24,15527,-4426,-1924,2013,476,-931,1643,139,-154,-201
2025-11-17T17:13:47.246888,45,136,337,366,108,45,34,23,15535,-4393,-1970,1981,421,-877,1653,48,-174,-222
2025-11-17T17:13:47.261790,47,181,383,424,119,57,28,22,15534,-4387,-2021,1942,463,-864,1636,-125,-157,-232
2025-11-17T17:13:47.284415,50,209,373,407,130,128,34,22,15532,-4390,-2073,1899,565,-951,1621,-130,-115,-231
2025-11-17T17:13:47.306840,41,211,402,403,137,190,49,22,15535,-4375,-2113,1869,708,-896,1613,-36,-18,-113
2025-11-17T17:13:47.329313,41,210,390,401,141,232,54,23,15544,-4344,-2117,1860,822,-687,1706,-14,178,88
2025-11-17T17:13:47.344318,41,198,339,326,127,323,77,20,15535,-4370,-2109,1879,842,-565,1602,-350,244,329
2025-11-17T17:13:47.366818,38,156,270,247,125,355,104,24,15504,-4468,-2091,1930,869,-701,1522,-663,305,581
2025-11-17T17:13:47.389302,35,109,296,219,137,353,116,45,15462,-4589,-2056,2015,892,-920,1528,-679,363,804
2025-11-17T17:13:47.404322,31,119,250,223,134,357,113,47,15426,-4688,-1985,2134,801,-1113,1575,-450,450,991
2025-11-17T17:13:47.426754,33,120,249,241,138,343,115,51,15401,-4738,-1881,2291,620,-1199,1582,-93,478,1152
2025-11-17T17:13:47.449492,42,119,355,329,138,284,111,55,15380,-4764,-1770,2458,404,-1173,1509,60,404,1146
2025-11-17T17:13:47.464246,46,121,398,367,133,265,101,55,15352,-4802,-1681,2620,284,-1050,1420,-58,268,1077
2025-11-17T17:13:47.487044,43,121,462,400,121,259,92,39,15311,-4865,-1623,2773,194,-1085,1354,-221,107,980
2025-11-17T17:13:47.509117,43,126,532,406,116,217,91,36,15268,-4934,-1577,2913,64,-1139,1364,-258,24,864
2025-11-17T17:13:47.523843,45,131,536,448,119,202,88,31,15221,-5007,-1545,3046,-105,-1205,1390,-288,-100,755
2025-11-17T17:13:47.546802,36,140,520,456,130,175,100,28,15177,-5080,-1524,3156,-216,-1241,1388,-301,-160,584
2025-11-17T17:13:47.569343,32,136,511,425,165,154,86,25,15140,-5146,-1502,3236,-346,-1232,1342,-265,-159,380
2025-11-17T17:13:47.584395,34,140,465,403,163,146,83,28,15116,-5190,-1487,3283,-345,-1170,1362,-189,-148,178
2025-11-17T17:13:47.607242,36,127,447,416,169,159,82,29,15094,-5241,-1482,3307,-369,-1095,1363,-285,-154,35
2025-11-17T17:13:47.629348,40,176,464,371,159,157,87,29,15063,-5317,-1491,3323,-346,-1173,1431,-448,-183,-5
2025-11-17T17:13:47.644106,40,181,414,267,149,149,62,25,15029,-5400,-1507,3333,-356,-1260,1452,-487,-200,-43
2025-11-17T17:13:47.666892,42,183,424,249,112,133,65,26,15002,-5472,-1514,3334,-306,-1312,1473,-406,-125,-74
2025-11-17T17:13:47.689352,43,192,484,246,103,107,61,23,14987,-5515,-1507,3338,-342,-1291,1503,-240,-103,-73
2025-11-17T17:13:47.709056,43,192,437,217,109,94,58,21,14974,-5545,-1505,3346,-373,-1267,1525,-200,-155,-81
2025-11-17T17:13:47.726804,39,151,497,229,107,92,48,23,14966,-5565,-1506,3347,-356,-1186,1552,-189,-158,-125
2025-11-17T17:13:47.749126,41,159,507,232,106,89,43,25,14958,-5591,-1509,3338,-319,-1237,1573,-217,-132,-162
2025-11-17T17:13:47.764334,40,176,482,249,111,99,38,24,14949,-5621,-1520,3325,-240,-1298,1584,-234,-126,-171
2025-11-17T17:13:47.787330,36,162,428,244,117,113,37,27,14946,-5636,-1531,3306,-194,-1275,1625,-176,-114,-199
2025-11-17T17:13:47.810149,44,218,499,240,99,98,41,29,14949,-5636,-1541,3289,-163,-1252,1635,-103,-114,-195
2025-11-17T17:13:47.824334,40,286,427,196,93,96,66,33,14947,-5640,-1564,3279,-104,-1299,1610,-113,-170,-153
2025-11-17T17:13:47.845036,43,345,424,216,88,96,98,36,14947,-5632,-1592,3279,-35,-1333,1625,-40,-203,-105
2025-11-17T17:13:47.866649,46,344,442,249,84,127,123,37,14954,-5605,-1614,3283,3,-1311,1626,69,-185,-73
2025-11-17T17:13:47.881502,88,351,473,373,85,171,160,80,14968,-5560,-1638,3287,80,-1241,1629,155,-179,-71
2025-11-17T17:13:47.905572,104,532,606,527,119,320,193,82,14973,-5539,-1651,3292,252,-1397,1707,63,-40,38
2025-11-17T17:13:47.929090,112,592,691,681,137,359,202,81,14975,-5538,-1623,3299,269,-1402,1665,22,200,151
2025-11-17T17:13:47.944302,115,583,735,695,151,370,193,80,14991,-5520,-1555,3285,323,-1010,1730,-15,460,125
2025-11-17T17:13:47.966763,123,594,733,689,154,369,181,81,14972,-5591,-1445,3302,19,-1049,1626,-423,589,345
2025-11-17T17:13:47.989088,131,598,690,638,151,351,183,42,14922,-5732,-1294,3350,-314,-1460,1755,-675,685,544
2025-11-17T17:13:48.003821,134,453,541,520,125,226,171,40,14891,-5840,-1101,3369,-509,-1616,1827,-406,870,393
2025-11-17T17:13:48.026728,134,334,421,311,104,159,158,39,14904,-5859,-844,3356,-749,-1551,1853,161,1106,205
2025-11-17T17:13:48.049536,131,282,330,254,78,134,155,36,14935,-5831,-577,3322,-892,-1303,1787,382,1121,47
2025-11-17T17:13:48.064551,124,248,321,253,59,93,152,32,14952,-5836,-365,3267,-845,-1219,1647,136,943,-116
2025-11-17T17:13:48.087160,91,226,356,285,50,76,109,28,14950,-5881,-212,3209,-717,-1380,1517,-64,754,-151
2025-11-17T17:13:48.109304,61,143,307,343,47,63,65,25,14960,-5892,-89,3147,-660,-1543,1401,216,593,-215
2025-11-17T17:13:48.124073,47,103,324,337,40,50,53,24,15004,-5823,8,3065,-664,-1459,1337,660,413,-407
2025-11-17T17:13:48.146933,54,103,425,381,47,42,47,24,15071,-5706,58,2952,-585,-1299,1280,875,207,-661
2025-11-17T17:13:48.168885,50,113,431,369,64,80,45,23,15145,-5579,50,2814,-417,-1201,1233,870,7,-862
2025-11-17T17:13:48.184314,50,138,398,365,87,104,43,23,15216,-5464,-31,2654,-178,-1171,1236,737,-233,-1045
2025-11-17T17:13:48.207141,55,164,397,340,99,139,46,23,15281,-5367,-171,2467,182,-947,1241,487,-334,-1187
2025-11-17T17:13:48.231523,59,173,372,413,109,147,89,27,15314,-5335,-363,2303,429,-973,1146,91,-512,-1067
2025-11-17T17:13:48.244367,51,164,232,501,112,154,99,31,15334,-5314,-548,2178,720,-1234,1151,127,-431,-751
2025-11-17T17:13:48.266676,51,160,191,539,109,138,109,34,15366,-5235,-675,2107,604,-1280,1266,495,-325,-436
2025-11-17T17:13:48.289336,50,136,171,531,90,119,126,36,15397,-5136,-766,2093,397,-1200,1272,614,-350,-154
2025-11-17T17:13:48.311467,117,194,173,512,76,76,163,38,15429,-5021,-834,2115,210,-1188,1414,686,-391,5
2025-11-17T17:13:48.326802,158,350,412,462,62,61,151,40,15459,-4902,-887,2155,151,-1289,1492,754,-377,94
2025-11-17T17:13:48.349350,165,427,423,321,51,41,170,43,15485,-4779,-945,2214,52,-1346,1469,820,-488,153
2025-11-17T17:13:48.371880,171,500,439,235,38,39,179,53,15528,-4595,-1015,2274,136,-1167,1514,1082,-565,127
2025-11-17T17:13:48.387092,174,510,446,182,36,43,201,63,15587,-4353,-1072,2321,183,-921,1631,1312,-498,59
2025-11-17T17:13:48.409715,139,499,459,257,44,82,197,65,15641,-4124,-1125,2347,199,-820,1694,1188,-447,-39
2025-11-17T17:13:48.431876,100,413,261,240,44,87,197,67,15683,-3943,-1191,2343,276,-698,1797,833,-414,-170
2025-11-17T17:13:48.446887,118,346,239,232,45,88,178,92,15716,-3798,-1270,2319,312,-582,1880,544,-425,-269
2025-11-17T17:13:48.469373,126,250,203,235,45,88,174,163,15731,-3721,-1358,2296,385,-579,1721,201,-403,-216
2025-11-17T17:13:48.491793,124,235,190,246,50,90,156,169,15743,-3661,-1431,2261,379,-644,1665,159,-301,-260
2025-11-17T17:13:48.506909,121,205,155,168,44,65,125,178,15769,-3555,-1495,2209,511,-670,1712,441,-211,-351
2025-11-17T17:13:48.529371,115,194,145,187,94,69,122,181,15813,-3398,-1496,2143,660,-630,1928,722,177,-359
2025-11-17T17:13:48.551838,87,185,148,333,107,70,117,183,15849,-3281,-1454,2090,268,-796,1898,648,228,-314
2025-11-17T17:13:48.566899,68,223,168,352,126,73,105,173,15875,-3176,-1465,2039,218,-607,1816,466,-80,-353
2025-11-17T17:13:48.589309,67,274,216,355,161,70,66,178,15899,-3067,-1512,1984,486,-634,1819,489,-152,-367
2025-11-17T17:13:48.611824,67,297,207,360,180,64,84,168,15916,-2972,-1553,1965,532,-781,1758,528,-127,-155
2025-11-17T17:13:48.626833,61,311,272,486,184,54,74,164,15944,-2818,-1574,1947,408,-637,1731,824,-115,-195
2025-11-17T17:13:48.649443,58,346,412,479,183,52,75,151,15975,-2637,-1604,1919,340,-474,1647,916,-206,-272
2025-11-17T17:13:48.671926,56,340,467,556,208,53,75,89,15995,-2493,-1665,1893,359,-491,1528,736,-348,-275
2025-11-17T17:13:48.686929,58,320,468,586,190,54,75,58,16008,-2371,-1743,1870,476,-483,1479,611,-375,-234
2025-11-17T17:13:48.709123,59,316,526,592,173,53,51,54,16020,-2240,-1804,1876,524,-477,1535,691,-299,-66
2025-11-17T17:13:48.731911,69,353,522,503,159,50,55,52,16028,-2121,-1850,1894,372,-440,1570,620,-310,-1
2025-11-17T17:13:48.746902,75,347,453,435,152,47,52,45,16035,-2021,-1903,1892,337,-420,1599,500,-350,-115
2025-11-17T17:13:48.769224,72,353,415,319,106,39,40,30,16041,-1942,-1963,1867,384,-364,1694,328,-355,-221
2025-11-17T17:13:48.791533,66,346,414,260,104,35,44,29,16042,-1896,-2023,1839,446,-291,1671,111,-302,-196
2025-11-17T17:13:48.815058,66,341,362,239,107,35,46,31,16044,-1859,-2075,1806,537,-278,1850,37,-238,-203
2025-11-17T17:13:48.829398,58,303,348,196,97,35,42,29,16032,-1914,-2125,1791,489,-435,1734,-370,-204,-55
2025-11-17T17:13:48.852055,50,284,328,195,100,47,42,36,16024,-1954,-2162,1775,450,-373,1767,-320,-164,-60
2025-11-17T17:13:48.866917,47,287,390,213,104,149,70,43,16015,-2011,-2196,1754,589,-324,1766,-452,-71,-50
2025-11-17T17:13:48.889316,55,331,404,213,98,161,97,46,16002,-2131,-2198,1732,625,-299,1837,-815,150,38
2025-11-17T17:13:48.911316,50,319,398,232,93,168,118,46,15984,-2287,-2177,1719,733,-284,1781,-1016,351,152
2025-11-17T17:13:48.926850,47,295,386,294,100,170,137,51,15962,-2470,-2134,1727,717,-363,1762,-1111,467,311
2025-11-17T17:13:48.949372,68,271,372,294,97,184,208,133,15933,-2684,-2074,1745,622,-426,1739,-1260,530,388
2025-11-17T17:13:48.971888,98,223,348,299,87,124,215,139,15896,-2927,-2009,1773,542,-711,1729,-1297,527,439
2025-11-17T17:13:48.986907,101,106,298,329,86,170,207,140,15861,-3131,-1928,1823,582,-910,1740,-989,597,544
2025-11-17T17:13:49.009273,143,95,285,329,90,188,202,139,15839,-3254,-1832,1897,555,-825,1713,-561,618,645
2025-11-17T17:13:49.031654,153,97,279,317,81,190,217,141,15818,-3350,-1744,1984,475,-641,1643,-500,521,693
2025-11-17T17:13:49.046619,157,95,272,328,92,192,155,70,15783,-3503,-1669,2062,487,-703,1609,-817,509,683
2025-11-17T17:13:49.069265,147,70,189,339,125,206,142,90,15733,-3708,-1598,2141,501,-836,1612,-1076,531,731
2025-11-17T17:13:49.092217,148,84,210,307,132,211,145,167,15681,-3902,-1510,2238,422,-993,1476,-907,576,825
2025-11-17T17:13:49.106934,127,91,200,308,129,195,143,244,15643,-4033,-1404,2342,315,-1036,1505,-535,586,825
2025-11-17T17:13:49.129418,138,101,201,432,131,201,104,255,15619,-4117,-1280,2427,260,-1050,1560,-274,657,714
2025-11-17T17:13:49.151986,136,111,203,426,124,190,119,261,15596,-4189,-1170,2503,91,-1078,1504,-207,528,599
2025-11-17T17:13:49.167048,145,170,204,512,99,178,134,254,15577,-4235,-1093,2580,-12,-1053,1485,-99,290,529
2025-11-17T17:13:49.189297,147,171,207,558,101,120,137,215,15553,-4296,-1029,2647,-93,-977,1533,-256,216,443
2025-11-17T17:13:49.212189,160,205,205,559,107,115,133,125,15531,-4364,-982,2685,-196,-855,1476,-362,133,249
2025-11-17T17:13:49.235122,168,345,311,459,104,98,157,99,15500,-4472,-973,2689,-208,-1010,1389,-550,18,27
2025-11-17T17:13:49.249528,181,460,311,484,129,115,154,200,15472,-4580,-968,2669,-231,-1136,1480,-540,20,-119
2025-11-17T17:13:49.272589,204,467,298,385,138,161,156,220,15458,-4649,-951,2639,-208,-1112,1574,-358,84,-169
2025-11-17T17:13:49.294881,209,516,306,394,128,163,154,221,15441,-4728,-925,2607,-288,-1105,1631,-431,110,-184
2025-11-17T17:13:49.309547,190,520,320,455,132,161,156,222,15412,-4844,-888,2578,-372,-1220,1539,-573,164,-156
2025-11-17T17:13:49.331944,198,489,294,654,146,176,134,226,15385,-4953,-842,2544,-355,-1107,1587,-602,222,-163
2025-11-17T17:13:49.355197,265,449,379,764,150,166,141,140,15358,-5067,-791,2501,-463,-1144,1549,-615,230,-226
2025-11-17T17:13:49.369940,335,435,496,895,191,119,186,132,15327,-5185,-762,2456,-440,-1293,1541,-611,135,-268
2025-11-17T17:13:49.392221,352,375,496,892,192,107,227,127,15306,-5270,-738,2417,-354,-1401,1629,-413,116,-235
2025-11-17T17:13:49.414705,365,356,527,871,210,108,252,127,15302,-5300,-690,2392,-301,-1330,1584,-95,203,-123
2025-11-17T17:13:49.429298,351,303,523,766,211,87,293,133,15296,-5323,-641,2387,-367,-1164,1519,-104,141,-38
2025-11-17T17:13:49.452008,327,226,513,670,209,75,339,232,15276,-5382,-618,2394,-368,-1122,1498,-360,11,-1
2025-11-17T17:13:49.477356,239,234,487,667,204,85,596,246,15245,-5461,-605,2412,-318,-1299,1451,-402,-20,71
2025-11-17T17:13:49.489588,209,230,616,816,222,124,616,250,15231,-5493,-609,2429,-222,-1505,1497,-76,-98,46
2025-11-17T17:13:49.511538,186,231,614,844,217,144,612,251,15239,-5455,-615,2460,-178,-1333,1506,261,-171,94
2025-11-17T17:13:49.535112,184,203,607,828,211,144,598,246,15252,-5392,-634,2514,-214,-1013,1448,281,-317,166
2025-11-17T17:13:49.549385,110,169,619,853,238,143,575,154,15237,-5397,-689,2578,-150,-1098,1431,-106,-446,206
2025-11-17T17:13:49.571897,89,129,653,797,208,131,274,103,15222,-5410,-747,2627,-32,-1244,1515,-131,-381,170
2025-11-17T17:13:49.594690,80,147,554,612,195,95,181,117,15210,-5411,-797,2677,-66,-1205,1501,-62,-371,169
2025-11-17T17:13:49.609349,80,160,546,559,203,64,158,147,15197,-5412,-850,2730,-94,-1137,1521,-102,-404,165
2025-11-17T17:13:49.631903,81,311,565,539,232,79,137,157,15169,-5458,-894,2780,-111,-1250,1487,-308,-324,184
2025-11-17T17:13:49.654930,73,320,539,501,203,78,177,153,15154,-5480,-936,2804,-64,-1191,1469,-186,-264,52
2025-11-17T17:13:49.669381,70,319,498,477,196,85,172,152,15149,-5480,-990,2812,-45,-1169,1536,-107,-315,-72
2025-11-17T17:13:49.692489,74,321,488,646,196,106,179,135,15136,-5508,-1053,2806,116,-1322,1629,-249,-246,-84
2025-11-17T17:13:49.713546,68,308,475,646,173,102,188,93,15131,-5513,-1089,2810,119,-1370,1574,-54,-145,-5
2025-11-17T17:13:49.729263,65,171,430,647,137,87,192,151,15136,-5485,-1102,2834,41,-1234,1631,96,-133,91
2025-11-17T17:13:49.751979,70,150,406,616,115,89,137,162,15133,-5475,-1122,2863,20,-1131,1606,-53,-164,114
2025-11-17T17:13:49.775215,85,381,395,549,112,81,130,185,15120,-5496,-1152,2878,16,-1252,1528,-170,-175,39
2025-11-17T17:13:49.789442,92,420,422,419,103,51,125,228,15105,-5521,-1181,2894,30,-1372,1572,-162,-158,54
2025-11-17T17:13:49.811960,95,430,416,514,129,54,114,231,15099,-5525,-1202,2912,48,-1407,1537,-6,-133,65
2025-11-17T17:13:49.835246,92,428,415,524,171,62,105,188,15107,-5494,-1201,2927,36,-1172,1488,145,-48,59
2025-11-17T17:13:49.849672,89,435,434,539,178,60,166,178,15111,-5474,-1214,2938,10,-1070,1454,40,-116,14
2025-11-17T17:13:49.871983,71,266,421,533,178,59,171,151,15101,-5492,-1255,2942,59,-1231,1443,-147,-200,-33
2025-11-17T17:13:49.895267,54,189,384,456,176,58,172,61,15095,-5500,-1297,2937,125,-1343,1468,-60,-166,-71
2025-11-17T17:13:49.909409,54,207,467,362,177,50,175,45,15104,-5477,-1314,2928,122,-1220,1458,111,-65,-72
2025-11-17T17:13:49.932012,54,208,545,440,136,46,191,43,15106,-5472,-1326,2924,80,-1187,1450,-1,-50,-40
2025-11-17T17:13:49.955241,49,199,548,418,128,45,134,44,15102,-5482,-1346,2916,102,-1216,1415,-78,-60,-53
2025-11-17T17:13:49.969473,46,191,488,386,130,42,132,42,15102,-5481,-1361,2907,117,-1241,1458,-11,-43,-62
2025-11-17T17:13:49.992137,48,204,504,395,146,42,123,41,15104,-5478,-1375,2898,95,-1238,1482,-6,-44,-63
2025-11-17T17:13:50.015435,40,171,457,366,113,45,116,38,15103,-5483,-1392,2887,113,-1282,1512,-53,-48,-74
2025-11-17T17:13:50.029546,34,154,376,299,108,38,126,38,15103,-5483,-1413,2873,114,-1272,1529,-40,-68,-102
2025-11-17T17:13:50.052407,44,162,444,417,111,38,136,36,15103,-5481,-1433,2866,111,-1265,1532,-29,-87,-63
2025-11-17T17:13:50.076056,56,243,486,485,115,70,130,38,15104,-5475,-1452,2865,121,-1264,1513,2,-91,-37
2025-11-17T17:13:50.089219,56,244,479,492,139,117,127,35,15110,-5464,-1452,2853,153,-1297,1576,46,39,-52
2025-11-17T17:13:50.111843,57,240,456,494,170,127,127,36,15120,-5457,-1413,2832,134,-1196,1578,24,257,-31
2025-11-17T17:13:50.135232,63,246,547,493,177,130,89,37,15123,-5483,-1348,2799,11,-1182,1619,-163,396,-58
2025-11-17T17:13:50.157718,59,244,512,429,172,130,65,35,15113,-5554,-1248,2758,-104,-1243,1668,-389,587,-37
2025-11-17T17:13:50.171990,88,167,522,411,169,118,55,28,15098,-5641,-1113,2726,-323,-1384,1736,-416,690,20
2025-11-17T17:13:50.202705,119,193,572,400,131,75,48,28,15089,-5707,-943,2696,-607,-1423,1778,-275,747,-12
2025-11-17T17:13:50.217419,122,192,562,410,84,54,44,27,15085,-5764,-775,2657,-839,-1444,1669,-174,674,-133
2025-11-17T17:13:50.231981,119,186,464,377,53,44,33,23,15090,-5786,-623,2615,-960,-1404,1630,2,529,-235
2025-11-17T17:13:50.255204,122,202,469,365,55,42,32,25,15101,-5792,-499,2564,-986,-1361,1569,75,388,-345
2025-11-17T17:13:50.277381,98,193,519,450,75,37,31,23,15110,-5810,-417,2484,-825,-1438,1437,48,305,-511
2025-11-17T17:13:50.292331,54,151,457,513,99,38,28,26,15131,-5807,-370,2367,-610,-1579,1307,250,266,-698
2025-11-17T17:13:50.315237,47,147,462,583,114,65,24,26,15182,-5727,-352,2239,-431,-1522,1291,677,150,-787
2025-11-17T17:13:50.337762,46,150,451,613,114,71,35,26,15253,-5586,-369,2105,-323,-1376,1250,979,-30,-877
2025-11-17T17:13:50.352034,40,129,418,639,114,74,58,28,15320,-5446,-451,1965,-128,-1190,1247,862,-288,-980
2025-11-17T17:13:50.375210,42,133,364,642,106,76,64,32,15372,-5338,-590,1815,239,-1153,1265,612,-413,-1011
2025-11-17T17:13:50.397272,39,127,401,652,98,73,68,29,15412,-5249,-735,1670,495,-1224,1309,510,-341,-913
2025-11-17T17:13:50.411930,44,127,414,635,101,56,69,30,15457,-5135,-866,1547,570,-1219,1338,670,-305,-774
2025-11-17T17:13:50.435279,63,165,484,595,112,60,74,35,15514,-4967,-1000,1445,678,-961,1346,882,-349,-668
2025-11-17T17:13:50.458080,79,193,489,601,112,56,72,34,15555,-4827,-1146,1363,782,-732,1331,623,-404,-537
2025-11-17T17:13:50.480293,82,213,462,513,110,55,69,32,15578,-4732,-1287,1305,862,-822,1380,395,-376,-367
2025-11-17T17:13:50.495809,100,231,433,436,99,53,71,34,15596,-4651,-1405,1262,860,-881,1427,356,-294,-259
2025-11-17T17:13:50.517755,100,257,534,386,101,52,71,33,15616,-4554,-1508,1243,805,-888,1490,453,-294,-147
2025-11-17T17:13:50.529917,96,248,514,426,117,48,62,29,15640,-4442,-1595,1235,766,-801,1552,504,-264,-80
2025-11-17T17:13:50.553656,89,266,496,358,160,57,46,30,15657,-4358,-1675,1221,738,-709,1537,316,-220,-98
2025-11-17T17:13:50.577495,86,264,487,322,179,59,42,28,15659,-4320,-1767,1191,756,-653,1567,2,-262,-166
2025-11-17T17:13:50.591919,72,272,599,528,210,259,36,26,15653,-4315,-1863,1151,832,-697,1595,-176,-234,-187
2025-11-17T17:13:50.615548,67,249,507,591,238,404,70,28,15644,-4320,-1947,1108,935,-737,1583,-218,-130,-159
2025-11-17T17:13:50.637734,59,247,495,619,236,427,84,33,15638,-4326,-2011,1053,1161,-591,1593,-286,94,-117
2025-11-17T17:13:50.652185,47,193,485,622,221,456,95,35,15615,-4401,-2039,1030,1156,-568,1640,-678,236,164
2025-11-17T17:13:50.676794,70,181,467,624,215,504,150,39,15584,-4512,-2018,1062,1130,-849,1673,-728,407,527
2025-11-17T17:13:50.697222,66,141,271,459,187,536,164,57,15559,-4609,-1956,1137,1083,-987,1633,-533,550,799
2025-11-17T17:13:50.711700,67,137,242,338,143,447,177,60,15541,-4686,-1853,1235,1012,-1015,1659,-392,706,956
2025-11-17T17:13:50.735197,68,113,168,205,128,427,178,61,15530,-4751,-1696,1343,835,-1035,1713,-305,916,1044
2025-11-17T17:13:50.757686,70,110,198,199,109,399,188,63,15521,-4812,-1504,1453,648,-1068,1683,-239,1037,1068
2025-11-17T17:13:50.771416,57,131,193,204,91,342,153,63,15495,-4916,-1302,1574,410,-1205,1578,-407,1013,1108
2025-11-17T17:13:50.795678,64,151,201,258,85,162,153,48,15462,-5021,-1119,1701,204,-1221,1620,-447,830,1069
2025-11-17T17:13:50.818102,61,163,233,303,93,179,131,42,15416,-5152,-969,1816,17,-1267,1348,-535,631,914
2025-11-17T17:13:50.831446,59,170,305,322,91,187,128,39,15385,-5227,-857,1919,-44,-1274,1341,-239,408,755
2025-11-17T17:13:50.855277,57,169,291,353,105,189,173,54,15369,-5256,-763,2001,-150,-1322,1333,29,292,558
2025-11-17T17:13:50.877793,44,143,312,357,104,185,175,53,15360,-5267,-675,2071,-389,-1198,1368,62,177,405
2025-11-17T17:13:50.891667,31,132,324,339,136,202,168,51,15350,-5289,-594,2117,-562,-1169,1364,-19,120,222
2025-11-17T17:13:50.915268,34,127,335,300,151,183,175,53,15331,-5339,-540,2140,-667,-1187,1299,-183,4,27
2025-11-17T17:13:50.937764,32,111,270,395,164,199,177,54,15317,-5384,-493,2144,-730,-1256,1397,-164,-21,-101
2025-11-17T17:13:50.952055,36,139,349,398,179,194,116,36,15303,-5422,-458,2149,-783,-1334,1376,-103,-113,-139
2025-11-17T17:13:50.975309,43,170,335,463,184,194,113,43,15302,-5432,-425,2142,-764,-1310,1375,56,-107,-206
2025-11-17T17:13:50.997482,52,175,317,459,161,165,130,44,15307,-5424,-396,2133,-708,-1246,1364,139,-108,-212
2025-11-17T17:13:51.011690,53,177,286,520,143,142,117,43,15318,-5399,-365,2123,-641,-1180,1411,193,-77,-202
2025-11-17T17:13:51.035463,58,193,345,566,199,117,112,45,15328,-5377,-329,2115,-602,-1125,1488,137,-33,-159
2025-11-17T17:13:51.057775,58,198,277,556,183,113,140,54,15330,-5374,-291,2107,-563,-1081,1489,6,11,-137
2025-11-17T17:13:51.072138,51,168,282,499,175,102,146,50,15328,-5384,-269,2103,-470,-1201,1496,-37,-27,-102
2025-11-17T17:13:51.095809,46,170,333,502,177,101,123,50,15328,-5384,-251,2102,-365,-1246,1535,31,-18,-59
2025-11-17T17:13:51.117764,43,184,342,462,181,101,129,51,15333,-5372,-224,2098,-357,-1150,1518,69,35,-59
2025-11-17T17:13:51.140368,37,205,285,317,138,68,137,47,15335,-5367,-206,2100,-293,-1103,1524,5,15,-22
2025-11-17T17:13:51.155216,35,182,271,302,140,57,135,34,15334,-5369,-194,2103,-230,-1135,1535,-38,9,-1
2025-11-17T17:13:51.178369,36,184,257,293,142,49,143,33,15331,-5374,-193,2112,-201,-1188,1514,-29,-43,23
2025-11-17T17:13:51.199804,30,166,230,263,144,38,145,32,15332,-5367,-202,2126,-143,-1211,1539,32,-85,48
2025-11-17T17:13:51.222813,35,177,215,227,132,48,159,34,15340,-5338,-213,2138,-137,-1139,1568,122,-110,30
2025-11-17T17:13:51.237978,33,145,206,188,92,64,181,43,15346,-5314,-239,2150,-99,-1121,1541,83,-167,8
2025-11-17T17:13:51.260676,41,172,305,259,115,102,161,42,15349,-5300,-275,2161,-40,-1179,1583,32,-192,8
2025-11-17T17:13:51.276211,46,205,338,352,150,134,149,46,15355,-5277,-299,2169,-44,-1227,1595,118,-129,14
2025-11-17T17:13:51.297992,58,241,391,376,189,140,146,49,15365,-5242,-317,2180,-32,-1201,1591,181,-112,32
2025-11-17T17:13:51.320280,58,246,454,372,197,144,130,48,15383,-5189,-320,2182,-31,-1031,1580,240,-31,4
2025-11-17T17:13:51.334537,59,243,462,400,200,143,94,41,15383,-5188,-306,2188,-106,-993,1581,-67,58,52
2025-11-17T17:13:51.357795,63,232,410,341,183,122,130,41,15359,-5257,-249,2197,-267,-1197,1657,-393,272,121
2025-11-17T17:13:51.380276,75,206,436,256,156,85,130,36,15332,-5335,-135,2208,-503,-1299,1733,-394,483,171
2025-11-17T17:13:51.394254,70,173,384,226,101,74,131,30,15306,-5403,27,2226,-782,-1334,1669,-270,609,214
2025-11-17T17:13:51.418049,70,130,312,253,84,61,127,26,15280,-5464,207,2245,-1037,-1411,1649,-188,613,186
2025-11-17T17:13:51.440286,70,122,301,209,69,41,117,25,15262,-5502,372,2256,-1030,-1450,1579,-31,551,132
2025-11-17T17:13:51.453926,62,105,284,223,58,33,67,21,15255,-5503,513,2271,-1036,-1340,1478,153,391,106
2025-11-17T17:13:51.477813,39,89,235,250,49,32,55,18,15250,-5499,610,2292,-1082,-1236,1401,136,130,43
2025-11-17T17:13:51.499941,34,110,295,298,47,34,46,20,15240,-5515,644,2311,-994,-1299,1374,3,-142,-50
2025-11-17T17:13:51.514542,34,141,331,331,47,30,39,22,15230,-5540,621,2321,-813,-1450,1345,-10,-334,-131
2025-11-17T17:13:51.537831,35,174,401,367,56,36,34,21,15233,-5538,565,2321,-624,-1533,1307,172,-445,-184
2025-11-17T17:13:51.560814,38,188,401,384,97,37,34,23,15259,-5474,485,2320,-478,-1467,1302,506,-566,-204
2025-11-17T17:13:51.574578,43,200,501,405,106,43,38,25,15308,-5348,373,2310,-311,-1261,1271,782,-715,-293
2025-11-17T17:13:51.598086,41,187,522,425,105,43,39,26,15356,-5226,212,2294,-110,-1092,1196,689,-886,-367
2025-11-17T17:13:51.620480,40,170,554,478,108,44,36,26,15390,-5134,8,2281,117,-1163,1260,487,-1016,-355
2025-11-17T17:13:51.632405,50,160,614,534,106,42,37,25,15426,-5029,-207,2265,322,-1309,1332,606,-994,-339
2025-11-17T17:13:51.656979,74,188,656,573,74,40,42,26,15475,-4869,-399,2257,415,-1186,1366,885,-907,-265
2025-11-17T17:13:51.680319,75,208,602,585,130,39,40,25,15532,-4660,-579,2262,480,-994,1441,1080,-887,-197
2025-11-17T17:13:51.694615,92,232,578,595,135,41,52,26,15588,-4438,-746,2276,541,-821,1584,1064,-827,-122
2025-11-17T17:13:51.717834,97,234,599,555,137,41,53,28,15631,-4251,-911,2279,588,-691,1555,821,-772,-163
2025-11-17T17:13:51.740357,129,241,595,505,138,40,84,29,15655,-4121,-1089,2273,674,-705,1556,496,-762,-186
2025-11-17T17:13:51.754309,122,287,665,451,142,43,85,31,15675,-3998,-1259,2267,757,-784,1605,490,-702,-164
2025-11-17T17:13:51.777931,127,266,728,423,87,40,87,32,15696,-3862,-1405,2271,767,-811,1576,623,-598,-93
2025-11-17T17:13:51.799892,123,261,730,381,74,36,87,31,15725,-3685,-1528,2289,751,-678,1622,822,-552,-25
2025-11-17T17:13:51.814003,142,260,702,357,66,37,94,32,15752,-3506,-1635,2310,759,-540,1675,777,-477,7
2025-11-17T17:13:51.837822,152,269,716,382,75,36,69,32,15770,-3372,-1730,2316,770,-449,1729,490,-377,-26
2025-11-17T17:13:51.867749,150,214,635,378,71,33,65,28,15777,-3297,-1815,2312,745,-472,1761,163,-294,-41
2025-11-17T17:13:51.876227,148,226,552,360,119,30,63,27,15773,-3270,-1903,2309,680,-584,1697,-30,-314,-25
2025-11-17T17:13:51.898189,149,211,569,336,132,33,53,26,15774,-3222,-1983,2301,665,-643,1780,99,-311,-79
2025-11-17T17:13:51.920303,129,226,540,321,191,72,41,23,15781,-3150,-2065,2279,695,-623,1745,237,-306,-169
2025-11-17T17:13:51.934551,84,272,430,383,199,179,35,21,15790,-3064,-2162,2247,779,-478,1788,220,-366,-227
2025-11-17T17:13:51.957661,82,263,416,499,207,263,46,25,15793,-2998,-2273,2200,1014,-154,1640,-39,-295,-227
2025-11-17T17:13:51.980292,110,262,401,509,201,403,84,26,15786,-3004,-2347,2169,1239,-146,1625,-395,34,14
2025-11-17T17:13:51.994558,133,272,379,518,203,423,94,28,15770,-3059,-2359,2192,1283,-245,1693,-558,356,417
2025-11-17T17:13:52.017495,145,272,366,512,166,474,99,30,15740,-3179,-2335,2259,1267,-371,1633,-797,542,744
2025-11-17T17:13:52.040296,145,194,347,465,155,481,116,30,15700,-3336,-2270,2378,1240,-611,1627,-839,723,1087
2025-11-17T17:13:52.062790,145,180,323,441,156,450,115,27,15663,-3478,-2148,2526,1102,-837,1698,-603,930,1255
2025-11-17T17:13:52.077762,129,168,393,471,151,351,112,28,15631,-3592,-1977,2698,916,-897,1719,-381,1081,1386
2025-11-17T17:13:52.100401,122,143,364,480,144,335,118,30,15592,-3724,-1785,2872,608,-933,1662,-440,1081,1380
2025-11-17T17:13:52.122496,116,128,401,497,132,263,126,33,15535,-3897,-1627,3041,339,-968,1470,-671,842,1297
2025-11-17T17:13:52.145313,142,137,384,479,141,222,130,35,15476,-4055,-1480,3206,234,-1111,1457,-551,749,1241
2025-11-17T17:13:52.160275,143,139,419,476,140,217,134,38,15418,-4197,-1344,3358,-13,-1219,1431,-439,593,1087
2025-11-17T17:13:52.182934,138,139,437,474,147,220,121,37,15367,-4318,-1218,3485,-283,-1172,1494,-391,440,861
2025-11-17T17:13:52.197909,120,170,484,611,161,232,120,36,15323,-4410,-1107,3599,-511,-1165,1519,-275,260,699
2025-11-17T17:13:52.219856,111,156,491,626,156,227,114,34,15282,-4490,-1031,3697,-690,-1136,1422,-243,19,512
2025-11-17T17:13:52.242847,61,174,543,606,146,203,93,35,15247,-4553,-993,3775,-604,-1043,1409,-247,-121,360
2025-11-17T17:13:52.257824,59,173,535,582,142,188,96,38,15221,-4590,-948,3843,-684,-1018,1412,-112,-123,275
2025-11-17T17:13:52.280560,54,173,540,545,142,152,96,42,15203,-4618,-904,3893,-791,-946,1471,-108,-158,140
2025-11-17T17:13:52.302655,45,150,502,426,138,120,81,41,15191,-4647,-867,3914,-777,-932,1574,-162,-133,-23
2025-11-17T17:13:52.317134,43,156,489,482,140,123,93,44,15182,-4678,-853,3913,-707,-971,1578,-195,-176,-158
2025-11-17T17:13:52.340272,45,115,451,549,139,117,124,43,15180,-4699,-853,3897,-605,-948,1506,-144,-187,-236
2025-11-17T17:13:52.362822,45,112,455,498,184,164,117,38,15182,-4706,-851,3881,-541,-933,1560,-93,-168,-224
2025-11-17T17:13:52.377078,42,138,380,513,185,164,115,36,15185,-4712,-851,3863,-514,-941,1661,-108,-159,-232
2025-11-17T17:13:52.400329,53,164,351,466,176,158,123,36,15182,-4737,-859,3840,-396,-1015,1698,-213,-117,-225
2025-11-17T17:13:52.422977,54,166,380,426,184,140,109,34,15175,-4771,-870,3824,-309,-1085,1629,-225,-95,-157
2025-11-17T17:13:52.437112,55,164,362,353,200,143,70,33,15170,-4791,-881,3815,-294,-1062,1607,-147,-119,-121
2025-11-17T17:13:52.460299,52,166,384,498,170,85,68,33,15170,-4791,-891,3815,-265,-1050,1684,-63,-138,-75
2025-11-17T17:13:52.482818,54,177,352,518,149,72,92,39,15168,-4791,-906,3817,-205,-1067,1656,-57,-146,-60
2025-11-17T17:13:52.496616,46,161,456,524,147,71,91,41,15164,-4799,-934,3819,-151,-1090,1644,-108,-179,-54
2025-11-17T17:13:52.520073,45,179,477,501,135,71,91,39,15158,-4805,-966,3826,-73,-1142,1664,-85,-177,-13
2025-11-17T17:13:52.542385,45,182,494,495,115,53,98,42,15157,-4798,-984,3834,-49,-1142,1668,6,-116,9
2025-11-17T17:13:52.557113,48,219,453,342,87,74,116,44,15161,-4772,-996,3848,-48,-1085,1658,98,-118,39
2025-11-17T17:13:52.580343,56,213,488,313,81,89,106,39,15166,-4743,-1017,3858,3,-1065,1656,105,-137,14
2025-11-17T17:13:52.602430,75,327,432,356,95,165,102,39,15173,-4717,-1039,3858,77,-1078,1696,83,-98,-16
2025-11-17T17:13:52.617108,77,338,446,422,123,215,118,45,15178,-4696,-1058,3856,118,-1117,1669,84,-52,-10
2025-11-17T17:13:52.640335,87,436,526,426,171,245,124,49,15183,-4676,-1071,3856,116,-1058,1681,56,-27,8
2025-11-17T17:13:52.663240,88,448,544,459,188,241,110,48,15189,-4652,-1068,3865,165,-1062,1723,97,59,90
2025-11-17T17:13:52.676997,85,449,531,448,196,237,101,46,15191,-4649,-1038,3867,111,-945,1621,-7,216,97
2025-11-17T17:13:52.700789,95,377,544,397,190,200,115,43,15188,-4675,-987,3862,14,-941,1632,-146,330,85
2025-11-17T17:13:52.722888,111,357,502,286,175,148,110,43,15182,-4721,-907,3848,-46,-1028,1679,-198,507,80
2025-11-17T17:13:52.736854,103,233,414,271,127,92,98,37,15182,-4769,-778,3820,-250,-1082,1771,-143,712,33
2025-11-17T17:13:52.760348,115,176,413,212,97,84,99,37,15186,-4814,-605,3777,-488,-1012,1780,-104,867,-47
2025-11-17T17:13:52.782837,118,158,396,183,80,74,99,39,15191,-4868,-411,3712,-734,-948,1751,-151,935,-193
2025-11-17T17:13:52.797158,128,148,358,169,72,47,77,38,15190,-4946,-219,3630,-880,-1026,1727,-257,939,-308
2025-11-17T17:13:52.820269,114,145,324,156,65,36,54,29,15187,-5028,-42,3534,-968,-1133,1597,-213,861,-413
2025-11-17T17:13:52.842871,116,136,368,218,55,30,51,26,15199,-5070,117,3419,-1089,-1149,1533,16,708,-589
2025-11-17T17:13:52.856985,103,124,376,236,46,28,45,24,15230,-5068,229,3276,-1090,-1222,1460,281,463,-825
2025-11-17T17:13:52.879899,99,154,396,272,48,55,40,21,15285,-5022,283,3081,-941,-1261,1368,544,252,-1171
2025-11-17T17:13:52.902629,57,148,392,310,68,90,42,22,15350,-4964,269,2843,-752,-1179,1293,547,29,-1480
2025-11-17T17:13:52.917128,54,162,378,334,88,94,47,25,15417,-4902,169,2581,-571,-1066,1460,368,-190,-1629
2025-11-17T17:13:52.940235,49,223,333,319,99,97,46,25,15460,-4890,21,2347,-177,-1078,1481,45,-408,-1521
2025-11-17T17:13:52.962859,50,241,287,378,105,106,41,26,15487,-4893,-172,2146,103,-1201,1414,-21,-591,-1331
2025-11-17T17:13:52.977144,52,232,345,371,109,102,43,26,15511,-4874,-362,1984,231,-1355,1294,200,-627,-1101
2025-11-17T17:13:53.000406,51,316,364,362,109,79,41,26,15547,-4804,-545,1826,282,-1294,1350,458,-623,-1081
2025-11-17T17:13:53.022849,55,326,406,439,137,89,36,24,15590,-4687,-735,1693,424,-1196,1377,676,-685,-952
2025-11-17T17:13:53.045315,81,301,430,426,139,94,35,25,15638,-4523,-926,1604,514,-1096,1390,910,-760,-728
2025-11-17T17:13:53.059728,109,326,548,410,137,86,85,31,15693,-4307,-1103,1548,653,-920,1417,1155,-721,-525
2025-11-17T17:13:53.082813,111,345,517,401,133,79,95,35,15743,-4087,-1261,1514,682,-745,1471,1111,-652,-379
2025-11-17T17:13:53.112852,115,285,523,468,125,75,114,36,15781,-3900,-1407,1484,747,-677,1566,881,-576,-312
2025-11-17T17:13:53.119515,149,340,550,399,78,59,130,36,15809,-3741,-1542,1462,826,-577,1684,669,-496,-228
2025-11-17T17:13:53.142816,222,384,534,399,63,47,143,41,15827,-3610,-1665,1462,880,-546,1673,525,-438,-64
2025-11-17T17:13:53.165351,213,360,476,383,59,43,124,38,15838,-3503,-1765,1485,850,-561,1672,431,-360,84
2025-11-17T17:13:53.179946,228,347,527,400,58,47,123,40,15845,-3417,-1837,1518,777,-606,1668,361,-256,156
2025-11-17T17:13:53.202899,235,339,544,308,60,50,117,109,15855,-3324,-1900,1543,819,-500,1704,354,-187,135
2025-11-17T17:13:53.225186,219,274,494,402,72,45,120,119,15866,-3254,-1917,1556,804,-542,1893,236,63,126
2025-11-17T17:13:53.239506,143,208,483,451,79,46,116,118,15872,-3240,-1895,1557,655,-550,1825,-44,249,108
2025-11-17T17:13:53.262922,138,202,444,445,131,55,115,120,15868,-3272,-1883,1543,541,-547,1801,-318,179,27
2025-11-17T17:13:53.285438,118,176,415,507,133,55,111,121,15858,-3329,-1888,1521,570,-682,1880,-428,110,-27
2025-11-17T17:13:53.299655,103,234,345,559,142,64,104,66,15851,-3368,-1900,1492,500,-705,1709,-299,50,-96
2025-11-17T17:13:53.322888,104,301,396,528,198,89,82,51,15850,-3378,-1917,1458,511,-788,1733,-101,23,-165
2025-11-17T17:13:53.345358,87,324,461,583,204,181,67,50,15862,-3328,-1928,1429,577,-707,1761,206,50,-148
2025-11-17T17:13:53.359568,93,357,438,575,191,404,67,45,15872,-3280,-1943,1400,632,-405,1640,75,67,-118
2025-11-17T17:13:53.390545,83,377,432,630,195,500,70,43,15869,-3300,-1962,1370,778,-314,1621,-350,144,-25
2025-11-17T17:13:53.405498,89,365,446,602,198,568,102,41,15848,-3395,-1984,1349,896,-338,1542,-757,201,98
2025-11-17T17:13:53.419654,77,324,393,573,158,663,143,52,15815,-3527,-2004,1367,1091,-442,1489,-896,272,392
2025-11-17T17:13:53.442814,76,314,308,477,187,654,161,56,15777,-3669,-1993,1441,1258,-579,1522,-859,449,770
2025-11-17T17:13:53.465783,73,272,352,473,185,552,162,59,15737,-3826,-1916,1566,1172,-703,1647,-874,701,1128
2025-11-17T17:13:53.479584,89,255,317,293,187,475,162,56,15690,-4011,-1763,1743,876,-986,1723,-861,930,1448
2025-11-17T17:13:53.503473,92,232,304,356,194,431,158,59,15631,-4222,-1577,1949,523,-1240,1673,-874,940,1587
2025-11-17T17:13:53.524838,105,204,302,346,177,262,164,70,15581,-4367,-1357,2177,357,-1336,1639,-544,933,1655
2025-11-17T17:13:53.539689,108,171,293,361,182,249,165,72,15540,-4463,-1127,2397,112,-1322,1632,-170,960,1584
2025-11-17T17:13:53.562905,103,181,283,416,175,243,184,72,15510,-4512,-873,2596,-165,-1249,1715,49,982,1426
2025-11-17T17:13:53.585406,90,192,292,472,168,236,204,74,15480,-4566,-635,2747,-409,-1106,1646,-51,899,1100
2025-11-17T17:13:53.599542,76,183,288,409,154,180,225,75,15437,-4656,-438,2870,-572,-1112,1605,-300,707,876
2025-11-17T17:13:53.622917,57,201,282,396,180,180,206,53,15396,-4728,-279,2990,-681,-1169,1544,-204,457,780
2025-11-17T17:13:53.652986,49,198,284,385,144,167,198,46,15371,-4748,-139,3099,-845,-1180,1551,83,274,633
2025-11-17T17:13:53.668101,47,221,323,401,160,175,180,42,15361,-4735,-30,3171,-886,-1024,1501,194,124,356
2025-11-17T17:13:53.682564,47,233,366,366,168,163,160,37,15355,-4734,48,3197,-842,-960,1390,104,72,84
2025-11-17T17:13:53.705154,42,253,367,358,169,133,123,31,15346,-4743,89,3226,-765,-962,1361,18,-75,63
2025-11-17T17:13:53.719549,42,254,406,366,168,126,115,31,15340,-4742,125,3256,-752,-924,1314,69,-114,67
2025-11-17T17:13:53.742894,43,259,412,468,202,134,115,31,15338,-4730,169,3280,-791,-897,1346,124,-84,33
2025-11-17T17:13:53.765273,45,257,379,420,195,108,115,34,15336,-4732,207,3285,-790,-932,1358,54,-59,-71
2025-11-17T17:13:53.779674,39,230,315,394,196,102,114,36,15339,-4727,234,3276,-713,-964,1430,79,-66,-140
2025-11-17T17:13:53.802678,42,236,336,405,216,96,98,38,15347,-4705,246,3269,-653,-979,1444,171,-139,-143
2025-11-17T17:13:53.825704,41,243,318,472,221,96,106,38,15359,-4669,253,3265,-631,-869,1484,184,-169,-133
2025-11-17T17:13:53.839561,44,259,354,370,182,73,103,34,15361,-4665,247,3262,-609,-853,1489,-24,-200,-136
2025-11-17T17:13:53.862593,47,244,338,422,211,73,106,38,15355,-4683,226,3264,-528,-976,1537,-130,-213,-95
2025-11-17T17:13:53.885349,50,265,395,430,226,104,120,40,15352,-4689,210,3271,-469,-1062,1576,-28,-188,-45
2025-11-17T17:13:53.906664,56,311,396,415,232,118,124,39,15361,-4667,199,3261,-299,-962,1649,12,-23,-61
2025-11-17T17:13:53.925594,61,332,392,349,215,117,119,44,15359,-4675,196,3258,-252,-1000,1683,-80,8,-15
2025-11-17T17:13:53.943810,64,352,406,341,221,121,121,44,15355,-4684,192,3265,-266,-1047,1700,-75,-14,34
2025-11-17T17:13:53.967221,65,358,403,324,186,115,123,48,15355,-4680,197,3272,-221,-1036,1698,9,34,58
2025-11-17T17:13:53.986447,69,392,342,309,162,87,102,46,15356,-4673,202,3277,-226,-996,1634,21,28,45
2025-11-17T17:13:54.004919,74,396,329,314,127,63,123,47,15357,-4670,203,3278,-237,-988,1671,-11,17,12
2025-11-17T17:13:54.027073,72,400,305,303,123,55,140,46,15357,-4670,198,3278,-224,-1002,1645,-23,-4,2
2025-11-17T17:13:54.045920,69,391,308,309,110,43,159,56,15357,-4668,191,3280,-232,-1037,1655,-1,-29,5
2025-11-17T17:13:54.064421,68,399,308,286,114,82,202,61,15358,-4668,181,3277,-216,-1067,1626,6,-27,-13
2025-11-17T17:13:54.091518,79,531,356,307,111,93,210,69,15360,-4665,176,3273,-202,-1072,1623,34,3,-13
2025-11-17T17:13:54.107262,86,637,529,374,111,104,201,70,15357,-4672,183,3276,-209,-1120,1660,-6,71,50
2025-11-17T17:13:54.124648,113,691,604,441,179,115,191,73,15358,-4661,224,3284,-214,-1028,1657,100,218,123
2025-11-17T17:13:54.148055,115,697,599,456,193,118,175,72,15359,-4649,289,3292,-287,-839,1633,49,313,131
2025-11-17T17:13:54.166106,115,705,602,415,186,94,155,68,15346,-4682,376,3296,-457,-785,1574,-190,412,106
2025-11-17T17:13:54.184601,130,590,576,392,184,84,150,61,15322,-4758,478,3286,-635,-906,1635,-389,506,27
2025-11-17T17:13:54.207474,194,434,416,313,177,71,147,64,15299,-4838,613,3253,-866,-1002,1664,-338,633,-89
2025-11-17T17:13:54.225093,209,353,414,180,103,52,142,59,15277,-4916,770,3205,-1080,-1112,1657,-257,688,-179
2025-11-17T17:13:54.242742,213,320,392,120,67,47,134,51,15267,-4959,920,3147,-1210,-1114,1582,-42,581,-277
2025-11-17T17:13:54.267426,218,276,414,124,64,45,86,42,15275,-4948,1044,3085,-1256,-929,1519,186,376,-377
2025-11-17T17:13:54.285185,205,253,435,252,60,41,68,37,15285,-4950,1124,3007,-1294,-904,1487,77,167,-548
2025-11-17T17:13:54.304795,138,232,488,315,54,38,55,27,15295,-4983,1137,2890,-1174,-1114,1407,-29,-41,-819
2025-11-17T17:13:54.326817,86,132,416,377,42,36,40,23,15324,-4998,1094,2723,-1001,-1190,1357,109,-213,-1130
2025-11-17T17:13:54.346450,72,116,416,450,67,31,35,23,15376,-4957,1007,2531,-787,-1160,1399,385,-376,-1292
2025-11-17T17:13:54.369323,56,110,514,515,77,70,30,21,15443,-4870,883,2333,-587,-1121,1377,621,-534,-1337
2025-11-17T17:13:54.387221,49,145,513,563,103,80,31,23,15512,-4772,697,2132,-366,-959,1376,565,-794,-1421
2025-11-17T17:13:54.406743,41,171,479,658,118,83,32,24,15568,-4711,433,1922,-40,-977,1436,298,-1041,-1521
2025-11-17T17:13:54.429189,40,189,481,733,129,87,32,26,15602,-4692,147,1723,277,-1133,1376,104,-1037,-1403
2025-11-17T17:13:54.447242,39,220,462,790,121,88,39,26,15640,-4631,-114,1538,452,-1219,1414,385,-893,-1263
2025-11-17T17:13:54.466705,43,270,512,792,116,61,42,27,15696,-4482,-345,1366,579,-1038,1468,819,-768,-1144
2025-11-17T17:13:54.489060,46,274,523,744,109,46,49,29,15746,-4322,-553,1223,627,-760,1585,731,-691,-964
2025-11-17T17:13:54.506798,48,269,515,657,94,42,50,28,15777,-4216,-733,1097,661,-673,1599,396,-555,-811
2025-11-17T17:13:54.526083,49,309,499,547,80,35,50,28,15790,-4160,-908,979,738,-689,1613,116,-508,-739
2025-11-17T17:13:54.548917,47,316,502,424,86,32,56,29,15797,-4123,-1061,871,795,-756,1656,39,-391,-637
2025-11-17T17:13:54.567153,42,340,314,379,99,38,54,29,15800,-4091,-1193,786,839,-704,1683,-12,-311,-476
2025-11-17T17:13:54.586422,46,376,266,374,129,49,46,27,15803,-4062,-1298,719,848,-713,1658,1,-198,-351
2025-11-17T17:13:54.609346,45,365,268,335,150,49,46,31,15806,-4026,-1399,664,845,-651,1679,14,-207,-278
2025-11-17T17:13:54.627454,47,332,385,325,168,50,49,37,15806,-3999,-1487,622,899,-588,1616,-41,-137,-180
2025-11-17T17:13:54.646399,53,313,405,328,190,60,38,35,15808,-3974,-1545,603,906,-700,1720,-3,-16,-23
2025-11-17T17:13:54.669297,62,340,410,330,203,171,37,35,15821,-3906,-1584,608,888,-614,1841,200,29,112
2025-11-17T17:13:54.687261,60,303,406,344,238,204,46,36,15832,-3846,-1611,622,926,-321,1703,61,111,206
2025-11-17T17:13:54.707004,64,307,412,433,251,311,96,38,15824,-3867,-1635,637,953,-233,1745,-452,134,282
2025-11-17T17:13:54.728614,66,305,337,483,303,450,100,39,15796,-3968,-1641,678,1131,-505,1774,-788,292,522
2025-11-17T17:13:54.747271,68,323,312,457,303,457,121,44,15759,-4110,-1621,753,1207,-638,1702,-933,426,782
2025-11-17T17:13:54.766469,58,215,275,432,324,492,141,46,15718,-4262,-1552,895,1270,-951,1632,-801,643,1229
2025-11-17T17:13:54.788862,54,177,255,413,295,537,161,49,15692,-4361,-1415,1079,979,-1144,1720,-396,820,1446
2025-11-17T17:13:54.807565,46,176,257,331,276,513,152,45,15674,-4425,-1236,1281,753,-1219,1694,-139,928,1534
2025-11-17T17:13:54.827284,40,160,236,274,242,442,158,41,15657,-4478,-1008,1489,514,-1265,1671,-26,1098,1594
2025-11-17T17:13:54.848351,29,86,231,316,226,457,152,38,15638,-4518,-756,1702,203,-1231,1568,70,1106,1584
2025-11-17T17:13:54.867530,37,93,279,311,179,396,159,39,15613,-4555,-497,1914,-74,-1200,1563,63,1045,1539
2025-11-17T17:13:54.889980,40,155,281,303,159,320,142,40,15580,-4595,-269,2120,-365,-1211,1553,18,784,1399
2025-11-17T17:13:54.909988,49,175,247,286,182,287,144,43,15549,-4624,-68,2297,-563,-1098,1573,5,610,1160
2025-11-17T17:13:54.927346,50,177,225,321,175,232,164,47,15516,-4662,109,2436,-726,-1040,1443,-59,497,883
2025-11-17T17:13:54.950278,56,190,212,301,176,194,182,50,15480,-4719,254,2539,-900,-1047,1406,-178,330,605
2025-11-17T17:13:54.968970,55,213,140,294,174,180,165,47,15453,-4760,360,2613,-930,-1053,1421,-113,159,385
2025-11-17T17:13:54.986799,53,175,202,279,189,172,169,46,15439,-4769,447,2670,-923,-1046,1434,46,74,262
2025-11-17T17:13:55.009703,46,165,219,322,179,140,160,48,15432,-4763,530,2701,-920,-954,1343,133,81,117
2025-11-17T17:13:55.029940,42,177,237,346,147,109,145,44,15427,-4767,592,2713,-928,-871,1332,26,8,-30
2025-11-17T17:13:55.047381,41,185,304,324,141,96,135,43,15422,-4778,644,2710,-953,-817,1380,-53,-12,-132
2025-11-17T17:13:55.069971,40,154,307,347,156,86,137,44,15413,-4806,664,2707,-899,-908,1414,-149,-134,-155
2025-11-17T17:13:55.084825,43,165,291,420,170,73,133,42,15408,-4824,686,2696,-844,-989,1445,-60,-94,-180
2025-11-17T17:13:55.107420,43,160,281,401,160,73,132,35,15409,-4822,710,2689,-803,-975,1425,53,-87,-142
2025-11-17T17:13:55.129987,44,162,277,351,154,66,119,34,15415,-4799,736,2688,-797,-945,1448,153,-96,-103
2025-11-17T17:13:55.148993,39,150,279,401,170,57,92,30,15422,-4774,768,2686,-801,-860,1482,131,-69,-107
2025-11-17T17:13:55.167258,36,150,291,431,194,59,104,33,15425,-4766,786,2675,-747,-876,1527,16,-82,-159
2025-11-17T17:13:55.197333,34,139,272,372,175,56,125,37,15421,-4788,780,2659,-612,-961,1493,-127,-111,-178
2025-11-17T17:13:55.209340,31,135,273,360,174,55,129,40,15420,-4802,770,2647,-451,-1068,1586,-67,-64,-108
2025-11-17T17:13:55.227671,35,142,282,336,187,54,132,42,15424,-4792,768,2641,-382,-1034,1620,49,-19,-46
2025-11-17T17:13:55.249939,34,129,232,267,176,50,135,43,15429,-4773,774,2643,-421,-944,1612,71,-20,-5
2025-11-17T17:13:55.269541,37,131,215,161,133,36,161,41,15430,-4763,767,2656,-402,-948,1613,-3,-92,36
2025-11-17T17:13:55.287168,34,131,210,121,119,34,145,38,15427,-4767,744,2674,-359,-1048,1585,-38,-150,55
2025-11-17T17:13:55.309664,37,140,215,107,123,43,138,36,15432,-4751,728,2681,-295,-1024,1633,64,-87,24
2025-11-17T17:13:55.328928,32,117,264,102,98,75,135,37,15440,-4724,716,2682,-303,-989,1634,120,-69,-5
2025-11-17T17:13:55.346705,35,174,272,155,152,99,134,35,15446,-4706,698,2685,-265,-994,1693,48,-75,2
2025-11-17T17:13:55.369858,44,278,362,201,150,129,107,40,15443,-4717,701,2683,-248,-985,1630,-84,72,18
2025-11-17T17:13:55.388949,53,334,419,264,203,145,135,44,15437,-4733,736,2679,-248,-966,1665,-106,255,58
2025-11-17T17:13:55.407246,52,332,421,266,239,168,149,45,15429,-4749,811,2673,-379,-962,1662,-77,424,84
2025-11-17T17:13:55.430210,59,341,386,273,256,162,149,43,15414,-4780,929,2667,-565,-910,1699,-159,594,102
2025-11-17T17:13:55.449045,56,323,376,243,226,152,147,41,15391,-4829,1084,2654,-817,-932,1682,-227,728,63
2025-11-17T17:13:55.475635,69,240,345,206,227,129,129,35,15359,-4893,1263,2643,-1107,-1017,1670,-266,754,51
2025-11-17T17:13:55.490266,83,161,275,121,180,113,93,28,15322,-4965,1439,2631,-1328,-1133,1602,-251,665,3
2025-11-17T17:13:55.509425,91,149,264,110,116,73,65,25,15293,-5010,1602,2623,-1448,-1156,1554,-92,533,-15
2025-11-17T17:13:55.527277,88,126,244,95,60,60,58,23,15278,-5007,1741,2630,-1576,-1104,1538,136,282,3
2025-11-17T17:13:55.549593,90,107,253,189,51,48,52,24,15267,-5005,1819,2642,-1589,-1135,1438,123,-59,-68
2025-11-17T17:13:55.568972,74,105,213,314,45,44,49,21,15264,-5016,1824,2635,-1421,-1180,1347,61,-343,-251
2025-11-17T17:13:55.587259,52,87,235,335,44,40,50,24,15283,-4994,1778,2599,-1208,-1274,1339,285,-510,-418
2025-11-17T17:13:55.609498,37,90,243,414,60,31,41,26,15321,-4940,1679,2544,-991,-1312,1293,489,-727,-538
2025-11-17T17:13:55.629418,31,81,245,472,62,30,40,27,15378,-4844,1528,2477,-779,-1143,1335,624,-947,-662
2025-11-17T17:13:55.646797,27,71,221,527,66,28,41,25,15448,-4712,1328,2411,-532,-1152,1338,811,-1158,-667
2025-11-17T17:13:55.674331,28,62,306,493,82,28,43,28,15517,-4575,1094,2350,-285,-1120,1286,822,-1268,-642
2025-11-17T17:13:55.688861,27,69,331,529,87,28,34,27,15583,-4438,845,2274,-128,-1044,1290,788,-1274,-727
2025-11-17T17:13:55.707699,28,95,373,523,79,27,35,26,15650,-4287,579,2184,108,-1069,1305,880,-1269,-778
2025-11-17T17:13:55.729825,33,115,369,611,88,30,35,26,15716,-4117,306,2094,298,-1106,1294,1010,-1257,-757
2025-11-17T17:13:55.751961,32,133,376,627,101,35,37,26,15782,-3916,31,2006,454,-976,1407,1098,-1236,-730
2025-11-17T17:13:55.767177,42,170,355,654,109,37,40,25,15833,-3744,-264,1914,720,-879,1374,889,-1224,-734
2025-11-17T17:13:55.789513,44,175,334,634,112,37,43,24,15877,-3571,-539,1816,952,-635,1431,782,-1014,-707
2025-11-17T17:13:55.808722,43,181,302,599,111,36,49,25,15910,-3419,-778,1732,1048,-560,1469,648,-798,-564
2025-11-17T17:13:55.827273,45,189,336,515,113,38,53,29,15937,-3268,-975,1670,1044,-475,1520,623,-621,-414
2025-11-17T17:13:55.849508,48,223,405,427,98,35,50,30,15963,-3114,-1122,1627,934,-301,1594,585,-445,-282
2025-11-17T17:13:55.872718,48,222,386,428,113,34,45,30,15987,-2959,-1242,1590,853,-165,1727,523,-370,-242
2025-11-17T17:13:55.887284,51,249,400,419,116,33,43,30,16006,-2829,-1348,1554,786,-180,1847,388,-334,-230
2025-11-17T17:13:55.909654,56,271,405,430,123,36,36,29,16018,-2719,-1463,1523,761,-239,1906,306,-413,-211
2025-11-17T17:13:55.932295,63,267,388,365,156,36,31,25,16027,-2607,-1591,1492,812,-266,1961,319,-482,-230
2025-11-17T17:13:55.945355,65,234,326,395,162,39,31,25,16039,-2479,-1716,1448,904,-213,1892,406,-426,-287
2025-11-17T17:13:55.969628,60,220,293,334,175,73,29,24,16047,-2358,-1843,1399,974,-135,1882,334,-412,-310
2025-11-17T17:13:55.992253,57,191,361,348,180,190,29,24,16053,-2256,-1962,1341,1075,-54,1914,191,-321,-316
2025-11-17T17:13:56.006934,54,150,387,394,185,338,43,26,16055,-2186,-2052,1291,1193,160,1931,-70,-115,-188
2025-11-17T17:13:56.034413,43,141,392,401,161,402,44,24,16046,-2217,-2103,1274,1240,172,1879,-594,139,110
2025-11-17T17:13:56.052516,36,136,378,389,162,554,58,25,16030,-2311,-2100,1307,1245,-97,1920,-768,414,446
2025-11-17T17:13:56.067259,36,126,389,392,191,600,72,26,16006,-2447,-2064,1402,1243,-273,1863,-865,571,837
2025-11-17T17:13:56.090437,42,132,313,374,226,600,99,31,15973,-2623,-2003,1544,1215,-421,1781,-977,690,1139
2025-11-17T17:13:56.111841,42,131,252,305,243,618,105,30,15931,-2829,-1907,1733,1151,-732,1628,-943,844,1426
2025-11-17T17:13:56.127278,41,124,240,348,249,598,171,33,15882,-3043,-1769,1947,973,-855,1558,-899,983,1589
2025-11-17T17:13:56.149788,43,123,233,307,248,472,177,33,15831,-3255,-1544,2198,718,-1022,1417,-862,1134,1778
2025-11-17T17:13:56.172269,43,123,218,287,204,420,185,37,15777,-3446,-1285,2446,387,-1112,1453,-715,1271,1776
2025-11-17T17:13:56.187132,38,95,180,265,153,393,177,38,15717,-3613,-1017,2702,40,-1152,1417,-579,1253,1813
2025-11-17T17:13:56.209424,37,67,185,263,114,287,185,43,15655,-3739,-775,2960,-251,-1234,1410,-382,1048,1771
2025-11-17T17:13:56.232523,39,71,229,170,85,248,138,44,15589,-3860,-555,3191,-499,-1129,1361,-241,765,1504
2025-11-17T17:13:56.247264,40,89,320,197,97,233,132,45,15532,-3951,-380,3382,-613,-923,1290,-214,512,1196
2025-11-17T17:13:56.269591,41,99,375,288,99,216,118,42,15474,-4043,-233,3545,-692,-872,1243,-276,383,1003
2025-11-17T17:13:56.291828,39,125,389,372,111,203,110,39,15417,-4148,-116,3675,-811,-861,1307,-411,242,760
2025-11-17T17:13:56.311841,36,129,390,376,129,147,87,34,15373,-4223,-36,3774,-908,-763,1364,-350,30,504
2025-11-17T17:13:56.329752,36,127,398,391,134,144,70,34,15344,-4280,6,3831,-889,-697,1423,-340,-115,207
2025-11-17T17:13:56.352320,34,122,405,380,120,131,64,32,15316,-4352,28,3858,-846,-717,1433,-444,-125,28
2025-11-17T17:13:56.371224,32,128,412,310,121,125,67,31,15294,-4429,44,3862,-897,-797,1595,-480,-130,-115
2025-11-17T17:13:56.389740,30,122,406,207,155,118,89,32,15279,-4487,69,3850,-919,-898,1662,-340,-78,-196
2025-11-17T17:13:56.412187,31,118,403,197,152,96,104,33,15283,-4499,100,3822,-871,-909,1687,-67,-59,-279
2025-11-17T17:13:56.427320,29,122,417,179,159,101,102,30,15296,-4492,127,3778,-832,-768,1755,-39,-52,-378
2025-11-17T17:13:56.449642,29,158,402,187,193,96,99,30,15299,-4512,145,3738,-738,-752,1833,-240,-22,-336
2025-11-17T17:13:56.472647,25,143,356,181,193,91,98,29,15290,-4560,158,3717,-733,-908,1797,-336,-36,-215
2025-11-17T17:13:56.487360,25,127,355,257,173,89,92,31,15278,-4608,157,3708,-705,-987,1800,-330,-115,-159
2025-11-17T17:13:56.510141,28,134,350,266,162,78,81,34,15269,-4637,155,3708,-656,-1055,1813,-205,-130,-98
2025-11-17T17:13:56.532331,28,151,310,260,149,64,83,35,15264,-4646,153,3719,-577,-1144,1790,-48,-136,-10
2025-11-17T17:13:56.547359,35,172,328,257,102,64,81,36,15264,-4625,158,3741,-463,-1119,1724,138,-115,80
2025-11-17T17:13:56.569922,37,195,307,258,111,61,81,35,15275,-4572,175,3764,-399,-965,1671,291,-66,102
2025-11-17T17:13:56.592659,36,201,305,178,119,60,67,34,15286,-4511,187,3790,-329,-820,1674,262,-75,116
2025-11-17T17:13:56.607676,34,198,309,153,120,49,60,30,15291,-4475,178,3815,-271,-860,1656,125,-123,107
2025-11-17T17:13:56.629836,35,185,303,144,122,49,121,34,15289,-4463,142,3837,-193,-917,1654,-18,-195,82
2025-11-17T17:13:56.652533,35,216,236,108,132,47,124,33,15289,-4449,105,3857,-105,-993,1651,31,-166,94
2025-11-17T17:13:56.667383,39,209,400,96,132,48,122,35,15293,-4415,83,3878,-103,-966,1638,154,-116,117
2025-11-17T17:13:56.690395,40,208,411,80,101,41,122,32,15298,-4379,65,3898,-141,-876,1571,154,-120,98
2025-11-17T17:13:56.711760,41,207,411,75,104,35,124,33,15300,-4359,39,3914,-171,-870,1561,60,-156,57
2025-11-17T17:13:56.726796,41,211,402,72,128,39,61,26,15302,-4348,7,3920,-155,-929,1624,13,-150,5
2025-11-17T17:13:56.749857,33,144,380,78,160,42,52,24,15307,-4336,-24,3912,-151,-940,1596,35,-131,-72
2025-11-17T17:13:56.772097,28,131,247,73,151,37,57,25,15313,-4331,-57,3896,-119,-911,1583,-10,-110,-112
2025-11-17T17:13:56.794863,31,165,274,86,152,41,71,27,15313,-4338,-93,3887,-119,-994,1590,-52,-117,-74
2025-11-17T17:13:56.809347,32,175,270,90,150,50,117,35,15311,-4346,-128,3884,-126,-1032,1582,-36,-136,-38
2025-11-17T17:13:56.832212,32,197,274,86,133,49,133,42,15315,-4335,-153,3880,-111,-1036,1629,69,-90,-29
2025-11-17T17:13:56.854713,34,194,305,157,77,46,139,45,15324,-4306,-157,3878,-140,-988,1639,180,-30,-9
2025-11-17T17:13:56.869931,48,232,308,176,81,66,139,51,15332,-4280,-158,3874,-164,-925,1633,141,-14,-24
2025-11-17T17:13:56.892296,49,269,351,231,107,158,139,50,15335,-4280,-169,3862,-99,-930,1635,-12,6,-57
2025-11-17T17:13:56.914844,72,382,469,250,137,183,112,49,15338,-4292,-159,3838,10,-956,1681,-50,201,-58
2025-11-17T17:13:56.929631,80,411,469,268,145,196,95,44,15342,-4300,-99,3812,0,-866,1678,-7,467,-1
2025-11-17T17:13:56.951904,80,417,451,231,147,202,91,42,15344,-4328,24,3775,-114,-740,1674,-90,798,6
2025-11-17T17:13:56.974827,75,405,561,228,144,198,92,34,15328,-4411,184,3739,-333,-756,1678,-356,972,36
2025-11-17T17:13:56.989848,77,383,513,196,124,140,83,35,15305,-4519,364,3690,-514,-893,1741,-436,1076,-24
2025-11-17T17:13:57.012358,90,282,425,201,84,104,69,31,15287,-4607,573,3630,-713,-902,1751,-296,1150,-84
2025-11-17T17:13:57.035039,96,230,423,186,58,77,69,29,15279,-4658,807,3553,-1003,-835,1800,-99,1163,-218
2025-11-17T17:13:57.049952,104,217,459,185,49,61,64,30,15277,-4691,1034,3458,-1223,-848,1812,4,1058,-370
2025-11-17T17:13:57.072563,104,199,305,182,40,56,55,29,15275,-4725,1233,3353,-1334,-867,1736,-5,886,-485
2025-11-17T17:13:57.094870,101,168,301,210,45,41,47,26,15282,-4735,1394,3244,-1392,-942,1660,145,647,-568
2025-11-17T17:13:57.110835,71,148,277,195,43,36,37,22,15305,-4706,1516,3119,-1477,-977,1602,374,380,-727
2025-11-17T17:13:57.140446,56,124,281,306,54,33,24,24,15348,-4644,1579,2965,-1467,-1047,1499,602,58,-960
2025-11-17T17:13:57.154892,35,103,225,336,55,28,24,21,15419,-4532,1573,2765,-1369,-1056,1474,878,-265,-1279
2025-11-17T17:13:57.169874,33,97,303,450,65,30,25,22,15506,-4398,1490,2534,-1203,-1017,1501,954,-597,-1537
2025-11-17T17:13:57.192075,30,95,349,478,75,88,25,23,15604,-4245,1311,2279,-971,-898,1487,943,-818,-1661
2025-11-17T17:13:57.214527,32,75,363,529,83,97,27,24,15690,-4118,1051,2042,-657,-835,1444,709,-1221,-1673
2025-11-17T17:13:57.229831,30,83,370,568,85,103,30,25,15763,-4011,756,1813,-200,-1021,1390,585,-1358,-1646
2025-11-17T17:13:57.252211,32,96,387,622,97,107,42,27,15824,-3904,478,1594,29,-1104,1308,756,-1196,-1499
2025-11-17T17:13:57.276626,34,95,302,563,93,107,43,28,15893,-3717,241,1401,95,-1269,1338,1304,-1045,-1288
2025-11-17T17:13:57.290475,35,88,251,559,101,69,43,29,15976,-3423,28,1211,181,-1057,1386,1671,-1035,-1306
2025-11-17T17:13:57.312616,37,117,273,530,100,55,42,28,16047,-3136,-219,1015,389,-650,1388,1592,-1042,-1302
2025-11-17T17:13:57.334915,40,112,263,520,94,43,41,27,16098,-2892,-472,830,646,-523,1479,1282,-972,-1201
2025-11-17T17:13:57.349830,39,152,335,448,86,41,34,27,16134,-2678,-714,672,833,-575,1559,1139,-865,-1024
2025-11-17T17:13:57.372328,44,202,338,555,94,44,56,31,16162,-2461,-928,542,908,-495,1626,1133,-722,-848
2025-11-17T17:13:57.394854,45,212,349,563,74,45,58,32,16189,-2210,-1121,434,905,-292,1718,1237,-658,-726
2025-11-17T17:13:57.417712,41,204,323,548,71,45,59,31,16213,-1937,-1295,352,911,-199,1766,1345,-603,-582
2025-11-17T17:13:57.432455,48,207,319,521,70,46,64,33,16233,-1648,-1456,297,918,-80,1764,1414,-561,-446
2025-11-17T17:13:57.454721,50,176,207,526,65,42,64,31,16246,-1373,-1594,253,937,144,1773,1259,-453,-357
2025-11-17T17:13:57.469908,46,163,222,394,49,37,68,27,16254,-1148,-1698,212,914,142,1811,1004,-286,-308
2025-11-17T17:13:57.492345,51,177,230,443,65,34,87,27,16256,-991,-1775,172,886,89,1814,671,-162,-272
2025-11-17T17:13:57.514488,55,180,235,459,63,38,90,30,16256,-874,-1842,139,896,68,1844,480,-116,-215
2025-11-17T17:13:57.529842,74,189,230,398,66,48,134,118,16255,-770,-1897,112,801,-67,1837,498,-112,-200
2025-11-17T17:13:57.552365,106,231,234,399,78,60,235,277,16254,-656,-1943,85,825,-35,1866,547,-53,-200
2025-11-17T17:13:57.574774,119,215,213,393,84,68,244,287,16256,-545,-1966,68,772,-78,1897,575,37,-156
2025-11-17T17:13:57.589938,122,201,173,251,83,69,245,298,16258,-422,-1979,37,686,13,1957,603,41,-237
2025-11-17T17:13:57.611833,122,193,166,374,94,73,245,300,16257,-358,-2004,-1,609,55,1911,251,-68,-233
2025-11-17T17:13:57.635170,112,206,172,394,137,80,224,282,16252,-344,-2045,-34,622,20,1811,0,-142,-183
2025-11-17T17:13:57.649844,88,169,200,466,168,70,119,133,16249,-279,-2076,-58,571,-60,1855,342,-124,-179
2025-11-17T17:13:57.672363,78,206,399,506,178,71,87,114,16244,-222,-2117,-82,539,-17,1690,285,-178,-177
2025-11-17T17:13:57.694870,75,269,495,544,187,75,68,84,16237,-146,-2177,-87,616,-59,1576,438,-238,-86
2025-11-17T17:13:57.710108,79,297,579,481,194,77,67,75,16234,-4,-2208,-92,653,36,1636,764,-63,-132
2025-11-17T17:13:57.739803,77,304,636,472,168,64,63,56,16229,96,-2242,-96,530,4,1543,563,-139,-103
2025-11-17T17:13:57.754654,78,322,666,399,131,64,55,49,16219,199,-2305,-97,561,-39,1554,614,-295,-95
2025-11-17T17:13:57.777492,81,327,614,350,121,63,60,51,16207,324,-2378,-88,633,112,1517,674,-317,-40
2025-11-17T17:13:57.789917,80,279,579,317,102,57,65,46,16198,402,-2423,-89,535,214,1578,366,-227,-43
2025-11-17T17:13:57.813333,76,251,512,378,83,49,68,45,16191,446,-2464,-90,600,-39,1714,314,-199,-64
2025-11-17T17:13:57.836809,74,223,493,480,94,48,67,45,16183,510,-2505,-89,647,133,1816,351,-195,-40
2025-11-17T17:13:57.852568,86,193,468,550,95,51,64,44,16178,542,-2526,-92,592,331,1839,74,-116,-6
2025-11-17T17:13:57.876157,76,128,419,572,104,41,69,39,16178,514,-2534,-97,703,375,1898,-293,2,37
2025-11-17T17:13:57.897331,77,121,372,562,108,44,71,42,16183,372,-2524,-112,693,340,1977,-923,88,73
2025-11-17T17:13:57.912921,76,129,351,496,122,44,69,39,16191,159,-2495,-137,686,267,1764,-1322,222,77
2025-11-17T17:13:57.934953,76,176,383,411,124,52,71,38,16198,-61,-2453,-178,686,90,1926,-1307,273,-24
2025-11-17T17:13:57.956928,56,187,360,309,140,56,72,38,16207,-289,-2376,-171,813,-259,2036,-1161,522,200
2025-11-17T17:13:57.976573,76,209,427,509,165,59,60,37,16217,-428,-2289,-143,588,69,1994,-841,487,306
2025-11-17T17:13:57.994608,74,208,448,586,180,72,49,33,16219,-566,-2243,-150,689,514,1869,-1109,337,173
2025-11-17T17:13:58.017371,79,201,457,621,177,102,64,38,16215,-857,-2178,-133,907,188,1825,-1658,389,351
2025-11-17T17:13:58.032418,138,161,396,692,176,143,86,51,16209,-1110,-2107,-84,955,-64,1883,-1472,603,535
2025-11-17T17:13:58.054734,141,137,409,698,167,238,107,52,16212,-1259,-2004,14,1010,-59,1798,-880,820,764
2025-11-17T17:13:58.077556,135,92,325,549,130,242,123,50,16219,-1362,-1868,166,1003,-70,1795,-593,1005,1051
2025-11-17T17:13:58.092303,140,87,280,465,104,251,134,145,16224,-1474,-1705,345,914,-213,1779,-562,1113,1210
2025-11-17T17:13:58.115126,174,114,253,429,111,247,144,274,16221,-1616,-1546,557,775,-314,1750,-681,1023,1391
2025-11-17T17:13:58.137617,165,146,204,315,112,228,142,431,16211,-1779,-1362,780,731,-275,1555,-803,1180,1488
2025-11-17T17:13:58.152372,169,150,136,355,119,130,136,462,16196,-1969,-1128,988,562,-303,1555,-953,1401,1441
2025-11-17T17:13:58.174869,178,163,126,400,121,123,156,470,16165,-2226,-866,1186,343,-476,1511,-1263,1504,1408
2025-11-17T17:13:58.197391,228,431,212,408,119,96,152,469,16126,-2453,-650,1388,122,-705,1520,-1018,1140,1360
2025-11-17T17:13:58.212837,396,476,270,537,98,81,142,414,16073,-2706,-477,1593,-94,-886,1342,-1095,827,1327
2025-11-17T17:13:58.234531,476,489,318,710,103,71,138,257,16024,-2905,-317,1763,-142,-847,1344,-848,754,1109
2025-11-17T17:13:58.257051,508,498,390,847,107,63,217,223,15975,-3075,-173,1933,-274,-878,1404,-706,592,1079
2025-11-17T17:13:58.272152,541,503,392,861,109,58,213,212,15932,-3182,-32,2111,-455,-906,1629,-407,466,1079
2025-11-17T17:13:58.294934,556,334,361,896,117,63,286,176,15881,-3336,95,2257,-664,-832,1597,-721,364,863
2025-11-17T17:13:58.317263,462,268,361,858,117,59,308,166,15832,-3481,214,2366,-596,-679,1467,-744,407,658
2025-11-17T17:13:58.332451,390,240,375,802,116,59,326,145,15780,-3640,327,2459,-793,-868,1576,-771,330,539
2025-11-17T17:13:58.354943,392,315,461,678,136,61,279,171,15733,-3772,391,2554,-780,-830,1513,-681,57,485
2025-11-17T17:13:58.377439,399,379,477,655,140,70,273,311,15691,-3882,432,2635,-689,-780,1492,-608,-14,397
2025-11-17T17:13:58.392324,374,389,489,673,148,66,235,318,15644,-4019,459,2705,-761,-763,1456,-779,-79,296
2025-11-17T17:13:58.415137,365,389,591,818,171,86,318,329,15600,-4145,473,2770,-711,-794,1468,-730,-116,268
2025-11-17T17:13:58.437293,348,388,645,764,173,87,309,336,15556,-4262,494,2830,-738,-965,1588,-640,-77,258
2025-11-17T17:13:58.452635,302,327,607,763,179,94,316,321,15528,-4323,527,2887,-790,-1049,1574,-270,-84,241
2025-11-17T17:13:58.476912,222,242,672,788,186,93,315,190,15519,-4324,570,2926,-701,-776,1570,-39,-20,163
2025-11-17T17:13:58.497430,177,191,678,729,179,98,292,170,15506,-4351,611,2949,-736,-576,1572,-277,11,43
2025-11-17T17:13:58.515371,138,175,606,538,165,81,188,144,15476,-4439,618,2974,-768,-756,1713,-628,-109,14
2025-11-17T17:13:58.534634,116,169,552,501,167,80,171,124,15444,-4533,600,2999,-702,-1000,1783,-601,-192,17
2025-11-17T17:13:58.557349,89,151,487,435,159,74,154,78,15424,-4583,588,3031,-692,-1012,1837,-368,-203,59
2025-11-17T17:13:58.572382,81,142,393,355,156,72,149,61,15410,-4604,581,3069,-634,-891,1781,-236,-195,104
2025-11-17T17:13:58.594993,92,126,406,500,159,69,137,56,15397,-4629,569,3097,-625,-859,1692,-259,-206,41
2025-11-17T17:13:58.617464,89,142,400,488,152,66,104,46,15380,-4681,535,3114,-557,-963,1703,-388,-247,-25
2025-11-17T17:13:58.632463,120,160,427,470,139,68,104,41,15365,-4724,503,3124,-511,-1033,1766,-331,-203,-46
2025-11-17T17:13:58.654718,115,183,461,481,117,61,107,48,15357,-4742,474,3140,-505,-1110,1716,-135,-235,-3
2025-11-17T17:13:58.677859,117,187,459,505,116,54,111,122,15358,-4733,439,3157,-406,-1022,1601,5,-264,5
2025-11-17T17:13:58.699983,107,212,451,354,110,49,110,132,15367,-4701,408,3165,-342,-989,1593,141,-229,-29
2025-11-17T17:13:58.715904,106,203,423,454,111,47,155,138,15374,-4679,383,3167,-276,-946,1604,65,-155,-35
2025-11-17T17:13:58.737485,67,179,373,469,106,43,167,142,15371,-4692,358,3166,-298,-962,1606,-122,-116,-49
2025-11-17T17:13:58.759916,63,185,345,486,97,39,168,143,15360,-4723,326,3174,-275,-1074,1558,-185,-146,5
2025-11-17T17:13:58.775077,62,196,384,488,83,39,162,91,15352,-4745,303,3184,-292,-1133,1533,-90,-122,29
2025-11-17T17:13:58.797439,50,172,362,487,88,37,172,76,15350,-4742,271,3198,-259,-1115,1471,54,-194,36
2025-11-17T17:13:58.820323,48,200,377,431,75,40,139,66,15359,-4704,250,3214,-202,-1065,1536,229,-154,68
2025-11-17T17:13:58.831986,44,199,358,429,103,43,118,54,15368,-4668,253,3225,-276,-938,1531,193,-49,45
2025-11-17T17:13:58.857302,42,173,395,387,106,42,115,44,15372,-4651,246,3227,-255,-911,1588,45,-53,-5
2025-11-17T17:13:58.879951,39,172,506,387,106,43,135,41,15368,-4670,222,3225,-259,-992,1594,-137,-101,-45
2025-11-17T17:13:58.894911,37,175,512,388,108,44,149,38,15360,-4696,191,3224,-224,-1103,1645,-160,-117,-32
2025-11-17T17:13:58.918377,39,139,484,300,137,45,147,42,15360,-4698,170,3222,-184,-1128,1662,-3,-67,-20
2025-11-17T17:13:58.939817,39,142,473,250,123,41,154,44,15368,-4674,164,3221,-189,-1038,1650,124,-25,-4
2025-11-17T17:13:58.954553,53,139,441,245,136,44,153,45,15376,-4646,167,3223,-213,-1007,1667,145,0,23
2025-11-17T17:13:58.985611,58,110,256,336,170,51,152,44,15379,-4633,167,3227,-256,-974,1665,38,-16,14
2025-11-17T17:13:58.999829,67,97,235,351,171,52,151,45,15376,-4647,161,3224,-222,-983,1608,-99,1,-22
2025-11-17T17:13:59.014924,70,112,400,358,150,50,139,42,15369,-4672,155,3221,-226,-1057,1613,-135,14,-5
2025-11-17T17:13:59.037428,74,121,429,360,147,52,140,44,15360,-4696,149,3226,-234,-1101,1588,-106,-11,30
2025-11-17T17:13:59.059889,67,130,427,364,166,54,145,42,15359,-4695,142,3232,-263,-1095,1593,30,-52,24
2025-11-17T17:13:59.076373,59,143,452,308,137,45,134,52,15366,-4673,130,3234,-229,-1002,1604,106,-83,-9
2025-11-17T17:13:59.097456,50,168,584,379,140,81,107,51,15372,-4659,108,3228,-151,-972,1606,33,-82,-55
2025-11-17T17:13:59.119843,42,161,520,407,148,87,137,49,15372,-4670,84,3211,-4,-1024,1617,-83,17,-62
2025-11-17T17:13:59.135015,35,149,506,459,150,87,151,51,15375,-4679,76,3184,71,-1039,1603,-46,150,-67
2025-11-17T17:13:59.157425,29,131,494,485,113,88,147,50,15376,-4693,100,3158,36,-982,1586,-63,307,-23
2025-11-17T17:13:59.179968,29,119,471,479,112,99,141,35,15371,-4729,150,3123,-21,-956,1607,-176,459,-38
2025-11-17T17:13:59.203191,26,81,290,447,123,74,136,33,15358,-4802,207,3076,-40,-1016,1603,-359,552,-85
2025-11-17T17:13:59.217723,26,67,287,517,138,87,104,32,15338,-4896,271,3020,-61,-1078,1561,-440,624,-110
2025-11-17T17:13:59.239889,25,66,275,512,149,123,64,22,15320,-4981,343,2962,-77,-1105,1521,-375,649,-107
2025-11-17T17:13:59.254713,26,64,284,647,198,124,56,24,15302,-5069,408,2897,-88,-1084,1460,-394,633,-156
2025-11-17T17:13:59.277541,24,59,353,640,209,116,47,24,15278,-5174,464,2831,-58,-1161,1412,-465,611,-156
2025-11-17T17:13:59.299957,24,56,350,689,208,145,47,24,15253,-5274,517,2771,-85,-1189,1369,-431,577,-133
2025-11-17T17:13:59.314947,22,53,341,710,304,147,45,25,15227,-5374,552,2715,-85,-1173,1315,-453,466,-139
2025-11-17T17:13:59.337439,22,56,352,756,309,126,47,24,15198,-5483,570,2657,-97,-1123,1219,-522,384,-190
2025-11-17T17:13:59.359865,28,71,341,651,321,128,49,23,15168,-5593,546,2605,-129,-1224,1123,-510,129,-236
2025-11-17T17:13:59.374904,31,75,278,687,357,138,49,22,15141,-5685,503,2568,-86,-1343,1200,-419,7,-180
2025-11-17T17:13:59.397304,37,139,277,635,367,110,42,24,15110,-5790,459,2525,-162,-1317,1122,-493,-14,-236
2025-11-17T17:13:59.420119,41,140,222,539,313,93,37,23,15090,-5864,389,2482,-268,-1241,1114,-366,-225,-347
2025-11-17T17:13:59.434519,52,151,188,440,305,81,33,25,15063,-5951,257,2460,-293,-1205,1083,-518,-599,-382
2025-11-17T17:13:59.457367,52,153,180,392,275,74,27,24,15016,-6079,45,2445,-226,-1234,1007,-821,-973,-488
2025-11-17T17:13:59.480292,51,176,102,268,248,60,27,24,14967,-6200,-222,2435,-79,-1327,1113,-848,-1225,-531
2025-11-17T17:13:59.494914,53,133,83,197,257,58,29,24,14919,-6300,-526,2425,-146,-1231,1111,-826,-1479,-667
2025-11-17T17:13:59.518110,52,133,208,182,263,63,29,26,14863,-6404,-872,2398,-188,-1191,998,-933,-1646,-830
2025-11-17T17:13:59.539972,40,120,254,155,265,63,32,25,14796,-6511,-1254,2353,-134,-1439,997,-985,-1790,-995
2025-11-17T17:13:59.554989,37,114,283,191,254,61,30,24,14737,-6577,-1668,2285,-117,-1570,959,-784,-1931,-1217
2025-11-17T17:13:59.577451,36,85,313,210,229,54,29,27,14696,-6571,-2116,2187,-74,-1393,1029,-451,-2090,-1504
2025-11-17T17:13:59.599888,27,88,320,211,225,51,26,24,14658,-6533,-2568,2072,-27,-1197,1355,-349,-2104,-1620
2025-11-17T17:13:59.622830,26,82,272,300,186,44,27,23,14595,-6518,-3026,1946,9,-1023,1337,-551,-2116,-1653
2025-11-17T17:13:59.638014,26,87,354,306,194,47,26,24,14490,-6559,-3503,1781,174,-1309,1249,-952,-2127,-1810
2025-11-17T17:13:59.659973,27,91,344,296,204,50,26,26,14393,-6573,-3949,1574,577,-1714,1338,-815,-1869,-1971
2025-11-17T17:13:59.683000,26,72,341,332,212,52,28,23,14351,-6493,-4303,1348,836,-1859,1369,-195,-1347,-2007
2025-11-17T17:13:59.697580,25,66,335,354,198,56,31,25,14343,-6358,-4578,1144,906,-1565,1376,199,-985,-1812
2025-11-17T17:13:59.720592,25,69,330,368,196,79,30,26,14321,-6271,-4809,941,955,-1336,1391,-65,-776,-1618
2025-11-17T17:13:59.743160,24,58,190,372,185,99,32,27,14240,-6304,-5041,706,1253,-1376,1229,-877,-739,-1468
2025-11-17T17:13:59.758142,21,40,166,359,168,99,32,25,14115,-6458,-5221,490,1487,-1765,1201,-1426,-536,-1080
2025-11-17T17:13:59.779624,22,37,107,316,138,96,36,24,14000,-6642,-5308,354,1428,-2074,1178,-1325,-283,-556
2025-11-17T17:13:59.803076,22,32,101,291,99,94,35,25,13927,-6786,-5324,278,1235,-1981,1119,-948,-49,-233
2025-11-17T17:13:59.817537,19,23,65,143,75,77,35,25,13885,-6892,-5298,223,1107,-1801,1114,-714,121,-98
2025-11-17T17:13:59.839955,18,20,49,109,109,50,33,21,13864,-6973,-5250,182,1090,-1701,1264,-606,179,8
2025-11-17T17:13:59.863265,22,20,47,104,111,71,36,22,13853,-7039,-5192,158,988,-1520,1191,-502,202,98
2025-11-17T17:13:59.877585,23,35,53,216,273,149,33,24,13830,-7119,-5144,151,996,-1590,1191,-556,98,173
2025-11-17T17:13:59.900007,29,60,164,303,293,233,46,25,13803,-7198,-5105,154,1127,-1725,1175,-512,60,223
2025-11-17T17:13:59.923157,30,69,290,322,336,275,55,28,13803,-7244,-5041,171,1165,-1769,1211,-275,192,304
2025-11-17T17:13:59.945246,32,76,332,347,343,298,58,30,13832,-7250,-4951,231,1137,-1785,1265,43,242,501
2025-11-17T17:13:59.959953,32,85,350,413,408,312,61,31,13867,-7259,-4831,329,1042,-1760,1322,80,283,744
2025-11-17T17:13:59.983190,33,87,352,390,353,314,66,31,13900,-7286,-4684,451,947,-1811,1305,59,347,925
2025-11-17T17:13:59.997457,28,92,321,353,345,272,65,30,13936,-7321,-4500,610,881,-1972,1355,111,431,1171
2025-11-17T17:14:00.019510,27,95,223,351,344,237,63,29,13980,-7352,-4279,802,765,-2020,1319,245,550,1389
2025-11-17T17:14:00.042928,28,106,195,374,336,227,62,30,14044,-7356,-4006,1020,610,-1999,1311,482,748,1585
2025-11-17T17:14:00.057211,32,113,234,421,275,215,62,31,14109,-7344,-3730,1240,491,-1937,1316,604,834,1674
2025-11-17T17:14:00.080248,33,203,250,427,241,180,57,31,14168,-7333,-3433,1466,362,-1892,1280,606,911,1762
2025-11-17T17:14:00.102903,52,203,415,564,233,160,51,30,14231,-7305,-3115,1690,218,-1760,1276,699,1009,1784
2025-11-17T17:14:00.117145,56,217,544,575,168,148,45,30,14285,-7281,-2784,1899,150,-1753,1219,660,1110,1757
2025-11-17T17:14:00.139571,58,220,558,586,148,116,53,29,14350,-7221,-2447,2087,104,-1707,1190,850,1183,1630
2025-11-17T17:14:00.163309,72,219,542,527,100,84,48,32,14427,-7124,-2112,2250,148,-1676,1231,1042,1210,1458
2025-11-17T17:14:00.177527,100,147,564,675,88,58,52,35,14504,-7015,-1770,2392,89,-1597,1264,1074,1296,1371
2025-11-17T17:14:00.200051,130,143,471,635,81,53,69,50,14574,-6903,-1430,2516,-59,-1471,1244,1052,1301,1259
2025-11-17T17:14:00.223403,137,115,364,735,95,51,87,61,14641,-6780,-1120,2619,-131,-1467,1251,1089,1186,1083
2025-11-17T17:14:00.237553,151,95,375,714,91,49,82,61,14706,-6649,-863,2684,-76,-1424,1275,1057,1039,808
2025-11-17T17:14:00.260643,145,86,384,702,90,46,86,59,14773,-6510,-668,2714,119,-1540,1250,1114,887,587
2025-11-17T17:14:00.283246,131,68,340,574,82,40,101,59,14828,-6391,-518,2729,175,-1439,1167,950,740,458
2025-11-17T17:14:00.297767,103,61,344,505,79,39,101,48,14891,-6249,-372,2739,120,-1331,1149,1073,697,395
2025-11-17T17:14:00.320450,115,66,307,325,54,38,106,37,14946,-6114,-246,2757,70,-1239,1160,978,573,383
2025-11-17T17:14:00.343219,120,72,250,338,53,39,109,36,14989,-6004,-157,2775,45,-1157,1161,771,402,313
2025-11-17T17:14:00.357461,121,99,262,378,63,38,106,35,15017,-5928,-118,2783,36,-1258,1184,557,199,181
2025-11-17T17:14:00.380099,121,99,266,332,67,37,95,33,15039,-5884,-122,2758,121,-1318,1204,369,107,-37
2025-11-17T17:14:00.403256,115,128,235,299,72,37,97,31,15070,-5813,-127,2739,175,-1290,1175,526,81,-3
2025-11-17T17:14:00.417562,92,154,254,282,197,63,82,26,15113,-5698,-124,2745,99,-1243,1197,774,11,96
2025-11-17T17:14:00.439979,60,179,299,249,203,68,78,27,15151,-5590,-124,2761,36,-1150,1225,689,-51,121
2025-11-17T17:14:00.462932,54,167,298,215,211,70,87,30,15166,-5542,-151,2772,36,-1115,1116,334,-132,61
2025-11-17T17:14:00.477252,50,168,311,212,268,79,195,48,15174,-5513,-200,2785,126,-1268,1162,258,-195,70
2025-11-17T17:14:00.500080,53,155,352,207,313,94,193,48,15197,-5435,-226,2805,76,-1282,1339,514,-148,115
2025-11-17T17:14:00.522847,51,124,334,248,259,80,194,49,15230,-5335,-197,2824,-41,-1102,1338,641,73,156
2025-11-17T17:14:00.537615,59,79,289,343,270,74,218,51,15250,-5264,-177,2851,-200,-1143,1324,487,-33,145
2025-11-17T17:14:00.560004,59,77,265,358,273,73,216,49,15269,-5200,-176,2867,-127,-1122,1502,365,-68,79
2025-11-17T17:14:00.583286,54,80,258,370,244,83,129,35,15288,-5140,-170,2871,-157,-1114,1552,345,-25,13
2025-11-17T17:14:00.605788,48,70,272,431,225,97,124,35,15305,-5083,-160,2882,-214,-997,1570,276,-41,31
2025-11-17T17:14:00.619636,47,75,376,498,225,107,120,35,15311,-5067,-169,2878,-212,-1041,1517,63,-73,-60
2025-11-17T17:14:00.642128,42,100,405,519,209,112,84,35,15309,-5075,-168,2877,-148,-1124,1568,-49,24,9
2025-11-17T17:14:00.666430,43,100,451,519,197,113,98,37,15316,-5057,-126,2873,-235,-1177,1668,135,194,32
2025-11-17T17:14:00.679990,88,104,452,522,162,101,99,36,15330,-5015,-37,2873,-408,-1026,1685,261,334,64
2025-11-17T17:14:00.702512,93,136,424,471,89,72,97,37,15334,-5004,86,2871,-652,-957,1701,79,458,54
2025-11-17T17:14:00.725918,94,143,347,382,69,50,96,35,15327,-5031,227,2855,-899,-1044,1740,-100,514,-43
2025-11-17T17:14:00.748292,93,145,342,258,55,39,82,31,15317,-5071,363,2824,-1038,-1171,1689,-100,483,-154
2025-11-17T17:14:00.762609,94,153,262,204,46,36,56,28,15318,-5082,486,2775,-1118,-1227,1614,101,384,-286
2025-11-17T17:14:00.785820,55,149,247,167,43,28,38,25,15339,-5044,585,2710,-1164,-1169,1555,373,219,-441
2025-11-17T17:14:00.800170,45,118,248,234,71,38,30,22,15372,-4986,642,2618,-1108,-1143,1508,477,42,-637
2025-11-17T17:14:00.822052,41,106,300,271,116,42,25,22,15417,-4909,645,2496,-904,-1113,1448,565,-127,-830
2025-11-17T17:14:00.845651,34,85,295,372,135,43,25,23,15471,-4816,591,2351,-748,-1039,1288,654,-365,-1022
2025-11-17T17:14:00.859639,27,68,299,385,146,42,23,22,15529,-4716,466,2192,-537,-1148,1255,707,-645,-1147
2025-11-17T17:14:00.882534,26,66,341,399,164,49,25,22,15598,-4578,281,2023,-297,-1104,1320,858,-888,-1249
2025-11-17T17:14:00.906042,26,58,375,417,177,51,27,21,15667,-4421,54,1850,-1,-984,1402,868,-1006,-1272
2025-11-17T17:14:00.920141,25,65,337,393,180,49,28,22,15731,-4251,-188,1691,226,-839,1371,874,-1035,-1174
2025-11-17T17:14:00.942533,24,72,370,368,173,51,30,23,15782,-4096,-430,1544,376,-816,1311,801,-994,-1080
2025-11-17T17:14:00.965801,30,70,372,364,166,52,32,26,15825,-3950,-658,1395,509,-828,1323,761,-878,-1049
2025-11-17T17:14:00.979512,34,77,342,358,160,47,30,24,15870,-3773,-878,1250,659,-773,1460,896,-802,-1004
2025-11-17T17:14:01.002599,35,78,287,321,159,43,32,26,15914,-3572,-1079,1123,788,-610,1561,954,-698,-873
2025-11-17T17:14:01.026392,35,88,283,317,142,49,32,27,15949,-3383,-1257,1010,814,-332,1677,744,-598,-749
2025-11-17T17:14:01.037849,35,97,225,246,142,46,32,25,15964,-3277,-1420,898,817,-295,1594,288,-511,-693
2025-11-17T17:14:01.061643,31,98,232,266,141,46,42,25,15962,-3244,-1576,791,909,-439,1575,-47,-435,-618
2025-11-17T17:14:01.085928,72,96,245,392,133,47,65,28,15959,-3212,-1708,704,981,-592,1655,27,-321,-492
2025-11-17T17:14:01.100090,122,261,335,565,115,51,92,38,15965,-3137,-1812,634,946,-503,1789,224,-232,-396
2025-11-17T17:14:01.123105,130,285,354,587,115,46,101,38,15968,-3081,-1901,583,975,-454,1703,134,-156,-259
2025-11-17T17:14:01.145784,134,297,398,622,121,65,103,40,15973,-3004,-1992,554,1107,-324,1775,191,-146,-126
2025-11-17T17:14:01.160076,138,298,418,703,140,110,100,41,15979,-2936,-2045,540,1105,-215,1832,104,32,12
2025-11-17T17:14:01.182578,122,301,412,671,174,226,91,39,15980,-2914,-2071,540,1029,-20,1722,-213,140,160
2025-11-17T17:14:01.206152,74,184,348,535,176,305,75,32,15966,-2966,-2095,559,1079,-125,1805,-583,151,310
2025-11-17T17:14:01.219533,57,146,304,523,179,346,67,31,15944,-3070,-2101,606,1146,-326,1831,-778,253,523
2025-11-17T17:14:01.242491,50,115,214,477,174,361,67,29,15921,-3186,-2080,695,1149,-478,1815,-745,363,776
2025-11-17T17:14:01.265794,38,110,150,320,188,371,73,25,15897,-3306,-2027,825,1117,-637,1763,-660,490,1026
2025-11-17T17:14:01.280139,37,103,168,243,160,340,75,24,15874,-3423,-1937,980,1010,-693,1731,-593,627,1182
2025-11-17T17:14:01.302566,43,94,151,191,148,289,86,21,15846,-3567,-1824,1138,859,-754,1633,-698,711,1220
2025-11-17T17:14:01.325737,45,104,151,144,135,337,133,28,15812,-3726,-1679,1306,727,-947,1627,-697,824,1298
2025-11-17T17:14:01.339683,47,112,207,118,133,340,145,31,15780,-3868,-1499,1487,578,-1110,1614,-510,948,1366
2025-11-17T17:14:01.362217,47,122,215,174,89,322,147,33,15755,-3971,-1284,1669,374,-1104,1568,-274,1050,1368
2025-11-17T17:14:01.385868,94,180,178,192,81,298,162,38,15737,-4034,-1048,1845,100,-1122,1525,-26,1054,1286
2025-11-17T17:14:01.399941,107,183,213,194,77,294,189,38,15724,-4068,-826,1988,-167,-1021,1478,83,903,1029
2025-11-17T17:14:01.422494,113,177,225,202,86,182,162,34,15712,-4092,-649,2095,-340,-949,1481,57,643,735
2025-11-17T17:14:01.445761,113,175,188,205,116,193,153,34,15702,-4119,-514,2157,-550,-850,1499,-44,397,390
2025-11-17T17:14:01.460076,114,169,229,221,122,215,151,32,15684,-4183,-428,2181,-605,-772,1423,-322,198,119
2025-11-17T17:14:01.482190,81,146,388,340,125,211,135,28,15655,-4303,-378,2166,-724,-853,1393,-635,53,-158
2025-11-17T17:14:01.506178,57,147,397,406,164,193,83,28,15609,-4478,-350,2146,-763,-1130,1427,-874,-36,-206
2025-11-17T17:14:01.528341,47,147,407,465,165,186,75,28,15577,-4593,-327,2138,-841,-1278,1463,-489,-148,-192
2025-11-17T17:14:01.542145,57,171,446,493,175,170,77,33,15567,-4635,-299,2127,-897,-1179,1393,-91,-188,-243
2025-11-17T17:14:01.565574,58,184,464,475,204,134,69,33,15567,-4641,-274,2114,-883,-1036,1431,34,-215,-272
2025-11-17T17:14:01.588409,59,168,415,402,209,135,74,34,15572,-4633,-248,2100,-868,-915,1531,37,-206,-271
2025-11-17T17:14:01.602507,60,169,393,338,210,133,62,33,15567,-4650,-234,2102,-833,-1010,1548,-90,-261,-187
2025-11-17T17:14:01.625859,56,183,377,253,231,132,61,33,15564,-4658,-230,2107,-724,-1034,1700,-79,-275,-153
2025-11-17T17:14:01.648583,43,162,331,187,220,184,53,28,15562,-4665,-221,2108,-648,-909,1641,-103,-203,-151
2025-11-17T17:14:01.662634,46,175,275,166,193,200,55,30,15552,-4695,-210,2116,-548,-967,1656,-220,-139,-69
2025-11-17T17:14:01.686517,42,176,138,119,227,204,44,27,15542,-4727,-184,2120,-449,-971,1803,-273,-2,-37
2025-11-17T17:14:01.708346,39,180,173,109,219,205,60,29,15526,-4781,-141,2119,-417,-958,1756,-380,134,-17
2025-11-17T17:14:01.723324,42,179,262,417,197,208,74,32,15503,-4858,-78,2113,-403,-992,1723,-481,280,8
2025-11-17T17:14:01.745884,41,174,288,475,190,122,74,31,15472,-4959,7,2113,-392,-1141,1726,-557,417,92
2025-11-17T17:14:01.768300,38,177,311,482,187,90,82,28,15446,-5032,136,2124,-564,-1085,1756,-413,561,172
2025-11-17T17:14:01.782479,35,177,318,529,134,78,80,29,15423,-5085,302,2144,-744,-1081,1834,-306,665,236
2025-11-17T17:14:01.805855,34,171,355,533,102,72,72,27,15399,-5132,490,2168,-1019,-1085,1798,-253,673,225
2025-11-17T17:14:01.828949,32,164,338,428,84,57,58,25,15374,-5182,670,2184,-1240,-1167,1683,-207,561,118
2025-11-17T17:14:01.842632,29,164,330,386,65,42,56,25,15353,-5225,821,2175,-1306,-1277,1524,-82,427,-72
2025-11-17T17:14:01.865868,30,165,346,379,60,33,42,25,15353,-5229,924,2123,-1219,-1356,1437,192,251,-342
2025-11-17T17:14:01.887992,32,167,354,344,76,37,40,23,15383,-5170,978,2026,-1003,-1345,1350,592,108,-597
2025-11-17T17:14:01.902050,33,172,300,393,96,43,31,22,15429,-5086,968,1885,-806,-1210,1313,682,-98,-895
2025-11-17T17:14:01.926347,34,170,310,416,100,47,27,21,15476,-5020,887,1715,-590,-971,1261,466,-338,-1138
2025-11-17T17:14:01.948456,37,167,328,404,108,47,26,22,15509,-4998,714,1544,-301,-1098,1265,212,-681,-1223
2025-11-17T17:14:01.962662,31,135,325,489,120,48,29,23,15540,-4983,475,1366,60,-1208,1326,174,-875,-1276
2025-11-17T17:14:01.985881,31,176,314,486,135,49,29,24,15577,-4933,228,1179,321,-1194,1358,357,-830,-1272
2025-11-17T17:14:02.008408,35,170,339,473,137,60,28,23,15623,-4833,-8,996,532,-1020,1429,550,-721,-1199
2025-11-17T17:14:02.022533,34,164,298,390,137,72,31,23,15663,-4727,-245,825,625,-831,1362,517,-737,-1125
2025-11-17T17:14:02.045859,32,176,257,440,133,72,40,24,15691,-4640,-483,670,751,-788,1416,369,-726,-1019
2025-11-17T17:14:02.068339,38,192,233,360,143,74,38,22,15710,-4566,-701,540,896,-833,1545,284,-618,-826
2025-11-17T17:14:02.082308,37,160,277,364,124,72,39,23,15730,-4475,-876,443,863,-812,1600,380,-477,-606
2025-11-17T17:14:02.106254,34,185,257,356,112,59,44,24,15748,-4385,-1021,373,807,-742,1571,365,-398,-442
2025-11-17T17:14:02.128274,34,190,246,358,110,41,43,23,15764,-4302,-1146,325,769,-793,1629,359,-356,-314
2025-11-17T17:14:02.142595,38,198,261,308,149,45,36,25,15780,-4215,-1253,295,717,-837,1698,395,-330,-224
2025-11-17T17:14:02.165837,37,211,237,297,132,40,56,26,15797,-4123,-1348,265,660,-720,1712,378,-301,-222
2025-11-17T17:14:02.188059,36,199,176,262,130,38,80,25,15805,-4062,-1440,227,693,-662,1680,185,-265,-242
2025-11-17T17:14:02.202655,39,191,159,219,127,35,142,27,15805,-4037,-1516,193,698,-746,1708,15,-196,-190
2025-11-17T17:14:02.225757,37,181,153,190,123,37,149,30,15804,-4017,-1575,166,667,-794,1708,15,-134,-141
2025-11-17T17:14:02.248289,36,175,139,142,74,31,158,27,15805,-3997,-1621,142,692,-787,1713,26,-67,-103
2025-11-17T17:14:02.271529,135,278,360,273,72,36,163,28,15806,-3975,-1664,124,662,-803,1702,48,-76,-82
2025-11-17T17:14:02.285766,152,297,479,489,78,60,163,36,15806,-3960,-1706,108,624,-801,1692,9,-93,-80
2025-11-17T17:14:02.307971,166,446,544,534,91,216,122,35,15807,-3938,-1747,115,563,-849,1593,118,-141,18
2025-11-17T17:14:02.322176,172,526,563,581,110,281,116,33,15827,-3817,-1829,149,716,-661,1806,560,-353,101
2025-11-17T17:14:02.345865,175,542,586,645,127,313,111,36,15843,-3717,-1897,139,891,-192,1799,211,-140,-14
2025-11-17T17:14:02.368372,118,492,490,647,151,454,99,36,15822,-3793,-1917,113,1112,-120,1591,-795,248,140
2025-11-17T17:14:02.382613,96,479,384,537,218,508,84,27,15779,-3993,-1870,132,1083,-712,1686,-1221,522,492
2025-11-17T17:14:02.413409,66,340,277,493,232,531,119,27,15740,-4176,-1792,196,1081,-895,1657,-1030,635,757
2025-11-17T17:14:02.428424,51,196,239,441,232,526,136,28,15706,-4339,-1683,317,1084,-943,1617,-869,740,1114
2025-11-17T17:14:02.442613,41,125,151,343,236,526,174,37,15672,-4496,-1530,501,848,-1156,1662,-727,785,1451
2025-11-17T17:14:02.465587,36,105,117,234,227,448,181,40,15645,-4621,-1330,734,574,-1318,1640,-530,756,1640
2025-11-17T17:14:02.488787,39,98,80,137,161,430,186,40,15624,-4694,-1134,1000,353,-1437,1560,-211,660,1778
2025-11-17T17:14:02.510932,43,107,68,121,138,364,172,42,15611,-4712,-947,1271,96,-1397,1480,96,562,1754
2025-11-17T17:14:02.525882,47,105,103,101,124,334,163,42,15606,-4681,-770,1538,-128,-1315,1544,355,478,1682
2025-11-17T17:14:02.548441,47,117,304,314,102,307,117,34,15593,-4655,-617,1801,-373,-1275,1567,293,331,1615
2025-11-17T17:14:02.570900,44,116,342,350,109,252,104,32,15552,-4695,-477,2073,-582,-1314,1456,28,78,1545
2025-11-17T17:14:02.585848,43,123,350,415,120,165,108,36,15505,-4727,-399,2346,-663,-1206,1384,-7,-279,1436
2025-11-17T17:14:02.608330,41,115,408,451,115,125,156,48,15480,-4677,-361,2603,-624,-1048,1421,345,-506,1274
2025-11-17T17:14:02.631176,143,113,479,471,114,104,161,49,15460,-4607,-339,2843,-664,-912,1468,380,-591,1143
2025-11-17T17:14:02.645713,164,110,436,461,108,104,163,49,15431,-4572,-324,3047,-650,-878,1526,138,-523,967
2025-11-17T17:14:02.668196,172,111,445,471,87,160,170,49,15397,-4569,-308,3220,-668,-857,1514,-43,-444,813
2025-11-17T17:14:02.691123,175,116,464,439,79,174,171,50,15373,-4548,-291,3365,-673,-843,1508,61,-404,652
2025-11-17T17:14:02.705321,175,117,446,417,125,208,128,39,15361,-4506,-283,3477,-741,-737,1523,133,-457,431
2025-11-17T17:14:02.728708,109,134,441,416,134,246,119,37,15355,-4473,-305,3542,-619,-621,1608,-27,-473,160
2025-11-17T17:14:02.750954,73,125,411,310,152,252,125,36,15342,-4483,-346,3581,-495,-748,1654,-244,-418,52
2025-11-17T17:14:02.763050,57,143,375,257,178,241,118,36,15329,-4502,-405,3608,-445,-827,1716,-297,-468,-28
2025-11-17T17:14:02.786448,53,174,359,215,198,237,104,32,15324,-4508,-460,3616,-386,-856,1662,-190,-414,-111
2025-11-17T17:14:02.810679,52,171,338,205,193,227,82,34,15320,-4507,-517,3624,-311,-935,1763,-147,-392,-101
2025-11-17T17:14:02.824751,51,164,274,193,207,191,77,34,15319,-4503,-564,3626,-280,-849,1742,-150,-334,-117
2025-11-17T17:14:02.848363,51,190,329,357,209,183,70,35,15312,-4525,-582,3624,-228,-873,1709,-246,-115,-68
2025-11-17T17:14:02.870956,47,177,345,402,195,160,61,32,15294,-4588,-562,3624,-221,-1057,1715,-349,133,38
2025-11-17T17:14:02.884953,44,154,417,410,172,151,60,33,15286,-4621,-486,3630,-278,-1091,1801,-126,364,125
2025-11-17T17:14:02.908359,46,159,430,421,149,119,87,30,15284,-4629,-352,3641,-516,-985,1809,44,539,167
2025-11-17T17:14:02.930987,57,177,411,496,122,103,88,29,15284,-4634,-183,3650,-760,-875,1842,49,633,142
2025-11-17T17:14:02.945185,63,161,356,400,93,92,80,28,15276,-4677,-11,3633,-959,-928,1786,-121,655,-19
2025-11-17T17:14:02.972686,63,213,354,357,68,72,80,28,15269,-4734,147,3583,-1097,-1102,1697,-110,605,-235
2025-11-17T17:14:02.990827,66,257,285,386,66,59,79,26,15284,-4745,279,3494,-1101,-1285,1622,239,479,-486
2025-11-17T17:14:03.004837,64,256,269,379,65,36,47,24,15331,-4678,379,3369,-1029,-1243,1509,694,299,-734
2025-11-17T17:14:03.028392,55,280,255,266,89,39,43,23,15398,-4562,412,3217,-876,-1026,1527,808,2,-966
2025-11-17T17:14:03.051148,48,278,251,263,129,49,41,24,15467,-4448,365,3046,-667,-841,1569,639,-303,-1154
2025-11-17T17:14:03.065192,56,266,264,267,136,49,41,24,15521,-4398,232,2851,-338,-883,1409,254,-533,-1318
2025-11-17T17:14:03.088749,54,307,280,241,137,63,43,28,15563,-4389,37,2638,-51,-1127,1292,108,-689,-1419
2025-11-17T17:14:03.110921,53,308,261,264,165,76,64,29,15617,-4320,-183,2418,297,-1134,1339,415,-720,-1424
2025-11-17T17:14:03.124800,48,276,344,270,185,81,60,29,15681,-4183,-398,2205,495,-961,1475,697,-694,-1369
2025-11-17T17:14:03.148429,52,307,360,265,166,80,64,29,15744,-4014,-613,2013,721,-599,1443,715,-659,-1220
2025-11-17T17:14:03.170986,48,300,348,257,165,80,97,29,15784,-3902,-817,1841,815,-550,1374,399,-571,-1059
2025-11-17T17:14:03.185199,49,211,308,226,162,69,120,29,15806,-3835,-1006,1697,895,-727,1496,200,-486,-856
2025-11-17T17:14:03.208375,49,205,329,177,136,58,111,26,15827,-3752,-1161,1586,928,-738,1571,317,-364,-649
2025-11-17T17:14:03.230964,51,231,240,139,87,46,121,27,15848,-3655,-1282,1508,886,-610,1637,348,-265,-448
2025-11-17T17:14:03.245279,48,196,205,121,87,36,124,30,15862,-3579,-1375,1457,819,-583,1640,251,-186,-273
2025-11-17T17:14:03.268451,43,174,246,110,81,35,102,29,15868,-3534,-1457,1423,747,-606,1620,103,-175,-178
2025-11-17T17:14:03.291730,40,184,262,109,80,34,71,25,15871,-3496,-1540,1397,683,-655,1652,87,-232,-153
2025-11-17T17:14:03.304701,46,230,235,99,76,28,70,26,15874,-3452,-1623,1373,676,-681,1684,133,-256,-158
2025-11-17T17:14:03.328198,44,221,388,121,72,31,48,25,15880,-3396,-1697,1351,616,-695,1704,211,-251,-160
2025-11-17T17:14:03.350457,42,215,405,139,69,31,36,21,15892,-3315,-1761,1330,575,-679,1772,342,-239,-176
2025-11-17T17:14:03.364780,43,229,392,173,87,34,45,22,15904,-3235,-1819,1307,508,-583,1780,305,-248,-194
2025-11-17T17:14:03.388041,44,228,387,170,85,35,57,22,15910,-3186,-1884,1265,509,-526,1743,95,-264,-276
2025-11-17T17:14:03.410917,95,215,395,187,87,40,122,28,15905,-3182,-1963,1211,544,-642,1718,-106,-295,-337
2025-11-17T17:14:03.433773,111,280,391,281,104,68,139,36,15900,-3187,-2026,1158,595,-829,1804,-78,-207,-316
2025-11-17T17:14:03.455705,122,324,394,315,101,133,141,39,15904,-3165,-2059,1108,652,-914,1794,136,-27,-295
2025-11-17T17:14:03.470927,124,336,488,462,145,172,142,42,15918,-3083,-2095,1075,855,-488,1832,277,18,-159
2025-11-17T17:14:03.493236,124,381,520,532,171,192,138,42,15927,-3029,-2114,1051,1009,64,1844,-131,173,21
2025-11-17T17:14:03.508451,89,369,531,609,175,252,93,38,15907,-3135,-2115,1050,1017,-56,1560,-906,328,287
2025-11-17T17:14:03.530580,70,320,452,590,182,316,122,38,15866,-3346,-2075,1094,975,-619,1670,-1223,488,591
2025-11-17T17:14:03.551381,51,287,445,575,191,320,135,37,15840,-3485,-1997,1175,1017,-881,1785,-691,658,771
2025-11-17T17:14:03.567310,46,258,313,456,161,378,151,34,15836,-3534,-1868,1288,988,-754,1863,-225,867,963
2025-11-17T17:14:03.590858,45,172,239,373,136,412,177,37,15829,-3595,-1705,1428,842,-704,1825,-282,978,1138
2025-11-17T17:14:03.613377,42,164,184,210,135,387,180,37,15808,-3698,-1539,1579,664,-784,1796,-485,940,1194
2025-11-17T17:14:03.627996,39,145,130,133,115,341,150,32,15769,-3847,-1394,1741,604,-944,1695,-675,822,1254
2025-11-17T17:14:03.651184,39,108,157,92,108,324,159,32,15728,-3977,-1246,1918,458,-1176,1665,-468,761,1297
2025-11-17T17:14:03.673347,34,108,151,70,102,248,152,33,15694,-4065,-1103,2089,285,-1248,1628,-199,657,1204
2025-11-17T17:14:03.687671,33,113,181,58,103,175,125,30,15664,-4135,-961,2243,105,-1086,1543,-161,601,1070
2025-11-17T17:14:03.710922,34,99,223,77,94,159,117,30,15632,-4204,-831,2387,-67,-1143,1506,-144,483,970
2025-11-17T17:14:03.733420,31,91,232,142,117,141,114,29,15594,-4281,-743,2526,-216,-1226,1479,-192,219,857
2025-11-17T17:14:03.747818,33,91,254,192,122,134,119,34,15564,-4310,-699,2666,-298,-1153,1432,13,-89,761
2025-11-17T17:14:03.770936,35,90,261,235,116,100,112,33,15550,-4295,-667,2782,-437,-986,1324,209,-213,553
2025-11-17T17:14:03.792923,33,69,267,261,120,83,112,36,15536,-4280,-673,2877,-524,-931,1370,136,-425,369
2025-11-17T17:14:03.807660,30,83,306,273,129,79,116,39,15524,-4274,-701,2947,-558,-919,1435,33,-511,188
2025-11-17T17:14:03.830939,32,83,317,331,112,90,122,39,15512,-4284,-710,2990,-645,-921,1479,-51,-400,55
2025-11-17T17:14:03.853749,25,83,299,376,104,88,121,35,15498,-4322,-723,3006,-736,-1010,1465,-169,-389,-109
2025-11-17T17:14:03.867691,25,86,384,395,120,103,122,34,15494,-4339,-736,3001,-679,-995,1548,-84,-356,-225
2025-11-17T17:14:03.891684,26,102,370,402,153,109,120,31,15502,-4322,-728,2983,-670,-954,1600,101,-252,-280
2025-11-17T17:14:03.913269,27,97,341,399,152,110,117,28,15513,-4300,-713,2963,-675,-889,1613,106,-219,-282
2025-11-17T17:14:03.928276,27,99,338,342,157,99,119,27,15519,-4290,-700,2947,-628,-941,1656,52,-200,-246
2025-11-17T17:14:03.950766,29,97,345,271,213,92,84,27,15527,-4272,-683,2935,-540,-928,1684,84,-149,-196
2025-11-17T17:14:03.973368,36,144,245,214,234,93,70,28,15539,-4244,-651,2921,-522,-811,1736,97,-67,-186
2025-11-17T17:14:03.987736,37,146,370,166,216,96,68,33,15544,-4239,-624,2906,-490,-746,1791,-85,-54,-171
2025-11-17T17:14:04.010935,36,146,353,152,224,94,73,32,15531,-4294,-617,2898,-410,-950,1719,-341,-70,-114
2025-11-17T17:14:04.033471,36,148,358,219,220,95,59,33,15518,-4337,-611,2906,-319,-1088,1741,-221,-70,-2
2025-11-17T17:14:04.047350,38,159,364,224,164,94,61,31,15516,-4336,-592,2921,-279,-1017,1846,-19,-33,45
2025-11-17T17:14:04.071114,33,112,382,219,121,67,78,33,15512,-4348,-537,2933,-241,-907,1779,-88,208,99
2025-11-17T17:14:04.093444,39,118,335,312,121,56,77,31,15508,-4368,-439,2942,-324,-806,1830,-154,418,130
2025-11-17T17:14:04.106951,42,117,418,330,98,55,69,30,15485,-4449,-329,2954,-455,-890,1812,-454,486,162
2025-11-17T17:14:04.130999,42,116,452,293,97,47,68,28,15460,-4538,-207,2960,-586,-1016,1812,-435,523,127
2025-11-17T17:14:04.152803,43,108,430,293,89,44,66,29,15449,-4580,-78,2964,-719,-1124,1763,-99,476,83
2025-11-17T17:14:04.167244,41,109,419,290,82,42,55,27,15451,-4579,59,2952,-848,-1082,1704,154,447,-32
2025-11-17T17:14:04.190881,35,90,367,198,62,28,54,28,15462,-4558,185,2922,-974,-1076,1673,275,347,-184
2025-11-17T17:14:04.213255,30,91,258,170,68,25,56,27,15479,-4530,260,2870,-931,-1133,1600,323,124,-360
2025-11-17T17:14:04.225753,33,133,256,155,80,29,61,30,15503,-4499,259,2789,-720,-1127,1483,309,-145,-576
2025-11-17T17:14:04.250565,29,141,261,138,82,30,59,29,15541,-4436,212,2680,-449,-1034,1445,436,-268,-746
2025-11-17T17:14:04.273380,30,157,320,162,90,36,46,31,15580,-4376,109,2556,-255,-1071,1290,436,-471,-856
2025-11-17T17:14:04.287709,33,170,359,190,129,38,39,28,15626,-4291,-52,2415,7,-1079,1298,540,-668,-987
2025-11-17T17:14:04.311046,41,208,373,197,129,39,35,28,15678,-4174,-243,2268,254,-942,1330,631,-748,-1015
2025-11-17T17:14:04.333146,40,188,328,184,126,37,22,25,15732,-4028,-449,2122,464,-748,1325,699,-776,-1004
2025-11-17T17:14:04.355908,40,185,341,181,133,54,25,27,15776,-3892,-670,1985,698,-709,1397,600,-770,-916
2025-11-17T17:14:04.370968,45,178,318,169,167,54,26,24,15809,-3772,-878,1868,776,-696,1512,486,-702,-786
2025-11-17T17:14:04.393509,46,167,337,146,177,61,32,24,15838,-3651,-1067,1764,804,-599,1530,455,-629,-685
2025-11-17T17:14:04.416046,38,120,352,132,176,63,41,28,15855,-3557,-1253,1675,869,-535,1552,281,-611,-581
2025-11-17T17:14:04.430986,40,155,411,145,171,63,57,29,15865,-3487,-1427,1596,904,-572,1589,163,-548,-504
2025-11-17T17:14:04.453732,43,162,399,216,167,49,64,30,15869,-3425,-1582,1533,904,-626,1670,144,-487,-398
2025-11-17T17:14:04.477311,40,160,407,406,147,77,92,30,15869,-3380,-1716,1490,929,-698,1716,97,-401,-265
2025-11-17T17:14:04.490657,54,302,484,461,120,175,157,32,15871,-3334,-1820,1455,946,-696,1714,127,-251,-188
2025-11-17T17:14:04.513231,58,349,539,530,127,249,166,30,15879,-3259,-1894,1440,929,-656,1742,303,-139,-78
2025-11-17T17:14:04.535854,59,352,529,558,153,263,168,30,15894,-3141,-1975,1433,1050,-421,1738,445,-157,-33
2025-11-17T17:14:04.551128,58,352,592,575,186,277,167,29,15900,-3064,-2050,1419,1165,-213,1850,89,-62,13
2025-11-17T17:14:04.573510,58,353,604,487,248,323,154,29,15893,-3072,-2085,1428,1177,-412,1944,-269,151,222
2025-11-17T17:14:04.595998,44,288,511,438,284,292,88,26,15883,-3107,-2080,1472,1099,-572,1893,-293,312,438
2025-11-17T17:14:04.610308,39,251,435,361,283,243,72,26,15877,-3128,-2056,1532,956,-577,1855,-187,328,510
2025-11-17T17:14:04.633528,36,223,388,323,282,279,98,28,15864,-3180,-2019,1599,898,-694,1814,-289,392,571
2025-11-17T17:14:04.656412,33,214,269,262,267,327,103,31,15848,-3257,-1961,1673,860,-877,1793,-327,497,623
2025-11-17T17:14:04.670289,33,208,164,211,203,304,126,30,15839,-3311,-1870,1758,820,-900,1820,-166,650,701
2025-11-17T17:14:04.697306,30,132,131,186,132,298,133,30,15803,-3491,-1641,1948,510,-865,1704,-501,693,816
2025-11-17T17:14:04.715343,29,79,142,161,127,294,145,34,15775,-3620,-1509,2049,358,-1001,1705,-523,724,814
2025-11-17T17:14:04.737924,30,100,155,130,95,260,145,35,15751,-3734,-1353,2134,117,-1022,1643,-409,769,703
2025-11-17T17:14:04.757073,41,111,234,88,74,224,145,32,15729,-3840,-1194,2198,-101,-1071,1612,-352,725,538
2025-11-17T17:14:04.775203,43,124,281,87,59,191,150,40,15703,-3954,-1068,2249,-256,-1015,1574,-459,509,405
2025-11-17T17:14:04.797758,44,131,425,174,78,185,148,45,15680,-4045,-977,2290,-321,-898,1432,-392,306,284
2025-11-17T17:14:04.816834,48,149,423,206,111,179,145,43,15664,-4109,-910,2313,-400,-812,1352,-283,154,127
2025-11-17T17:14:04.834883,51,131,432,320,116,163,141,53,15649,-4171,-883,2312,-463,-878,1272,-266,-51,-76
2025-11-17T17:14:04.857197,45,127,404,361,119,130,142,55,15631,-4238,-887,2310,-393,-1055,1354,-267,-176,-112
2025-11-17T17:14:04.876673,58,174,440,423,173,120,121,50,15626,-4270,-869,2294,-455,-1108,1480,-66,-99,-188
2025-11-17T17:14:04.895342,63,177,345,448,198,129,118,54,15631,-4269,-832,2277,-534,-1042,1428,125,-45,-204
2025-11-17T17:14:04.917768,60,168,359,452,186,131,109,52,15645,-4233,-798,2259,-483,-985,1483,286,-65,-219
2025-11-17T17:14:04.937796,57,171,357,404,204,124,82,40,15658,-4196,-765,2250,-509,-825,1569,197,-91,-167
2025-11-17T17:14:04.955322,55,166,351,392,246,85,70,36,15659,-4199,-737,2249,-595,-783,1669,-81,-144,-133
2025-11-17T17:14:04.977808,43,140,261,324,232,124,62,38,15644,-4248,-736,2257,-569,-868,1722,-347,-255,-97
2025-11-17T17:14:04.996948,47,162,267,260,224,131,57,31,15630,-4301,-752,2248,-519,-904,1683,-370,-295,-204
2025-11-17T17:14:05.015241,48,163,285,243,226,131,51,33,15610,-4371,-781,2241,-404,-1068,1701,-417,-302,-169
2025-11-17T17:14:05.038013,49,172,316,228,212,138,83,35,15600,-4417,-773,2227,-181,-1102,1886,-288,-5,-106
2025-11-17T17:14:05.057538,50,177,395,300,182,138,84,37,15598,-4449,-686,2208,-179,-993,1862,-190,422,-21
2025-11-17T17:14:05.076148,49,158,458,378,158,104,83,37,15587,-4505,-535,2209,-451,-878,1837,-333,648,136
2025-11-17T17:14:05.097699,42,165,472,381,133,83,82,34,15568,-4588,-370,2210,-604,-945,1851,-457,686,130
2025-11-17T17:14:05.116995,64,176,470,377,119,77,118,35,15542,-4684,-208,2212,-726,-1068,1769,-471,644,106
2025-11-17T17:14:05.134983,111,175,440,366,111,61,139,33,15518,-4770,-43,2201,-855,-1200,1693,-340,631,19
2025-11-17T17:14:05.157738,113,185,373,317,67,50,144,32,15505,-4826,116,2173,-966,-1292,1647,-116,574,-107
2025-11-17T17:14:05.176686,113,184,303,223,65,44,147,30,15508,-4832,244,2124,-913,-1352,1567,200,435,-254
2025-11-17T17:14:05.195277,117,204,240,221,69,40,148,29,15531,-4781,322,2059,-772,-1240,1592,458,227,-392
2025-11-17T17:14:05.217296,107,205,256,229,92,37,121,24,15555,-4737,336,1979,-576,-1061,1427,343,-6,-520
2025-11-17T17:14:05.236995,63,248,251,234,93,35,71,23,15574,-4717,275,1880,-314,-1040,1347,183,-249,-672
2025-11-17T17:14:05.255383,62,251,252,218,100,34,58,25,15592,-4706,158,1769,-37,-1174,1333,158,-413,-749
2025-11-17T17:14:05.277578,61,297,284,360,111,52,52,23,15624,-4648,19,1647,195,-1157,1394,407,-447,-792
2025-11-17T17:14:05.297138,56,324,270,378,115,76,62,23,15665,-4551,-125,1513,324,-952,1447,519,-434,-851
2025-11-17T17:14:05.315338,61,336,213,376,117,80,61,25,15702,-4459,-283,1377,480,-798,1472,412,-445,-855
2025-11-17T17:14:05.337888,54,320,299,427,129,82,62,29,15731,-4383,-445,1249,580,-811,1558,303,-448,-790
2025-11-17T17:14:05.356964,50,311,321,450,124,83,65,28,15748,-4335,-619,1125,736,-701,1531,88,-450,-751
2025-11-17T17:14:05.375185,48,280,302,345,108,73,100,28,15752,-4315,-794,1024,832,-721,1551,-70,-460,-600
2025-11-17T17:14:05.397869,44,239,310,326,117,52,102,27,15756,-4288,-942,949,853,-811,1619,5,-364,-425
2025-11-17T17:14:05.416792,41,240,340,351,114,47,102,28,15765,-4239,-1048,898,758,-840,1615,172,-234,-284
2025-11-17T17:14:05.435171,42,225,276,279,101,65,104,27,15778,-4180,-1136,851,663,-792,1672,212,-207,-272
2025-11-17T17:14:05.457575,43,231,238,210,118,65,125,28,15787,-4130,-1220,807,590,-755,1710,134,-231,-266
2025-11-17T17:14:05.477148,44,221,277,238,156,65,99,28,15790,-4102,-1298,765,542,-837,1755,35,-237,-261
2025-11-17T17:14:05.495674,42,202,362,229,149,60,89,29,15788,-4091,-1373,729,521,-913,1712,-2,-243,-236
2025-11-17T17:14:05.517804,47,207,363,193,147,61,93,29,15786,-4080,-1442,696,547,-974,1639,39,-200,-214
2025-11-17T17:14:05.537567,45,208,364,213,263,85,92,30,15795,-4031,-1505,660,626,-916,1703,230,-148,-219
2025-11-17T17:14:05.555309,48,259,429,291,280,189,62,30,15814,-3940,-1565,617,674,-653,1698,350,-111,-247
2025-11-17T17:14:05.577911,60,394,486,299,264,196,63,36,15814,-3918,-1636,562,804,-433,1636,-140,-89,-242
2025-11-17T17:14:05.597043,65,432,550,361,278,205,65,40,15792,-3986,-1699,524,1015,-609,1609,-561,28,-45
2025-11-17T17:14:05.615328,68,451,633,452,288,237,64,44,15768,-4068,-1712,550,977,-949,1545,-429,199,334
2025-11-17T17:14:05.637620,81,539,647,466,249,375,85,44,15771,-4062,-1681,611,887,-919,1583,85,342,515
2025-11-17T17:14:05.657596,81,515,615,441,242,463,91,46,15783,-4032,-1615,669,896,-682,1694,100,540,554
2025-11-17T17:14:05.675325,75,425,543,420,257,547,95,40,15773,-4102,-1514,727,772,-694,1748,-487,688,643
2025-11-17T17:14:05.695210,71,379,412,374,262,558,93,38,15734,-4272,-1400,819,611,-926,1793,-962,659,855
2025-11-17T17:14:05.713864,66,339,221,263,252,557,110,33,15682,-4461,-1284,969,434,-1267,1752,-916,521,1124
2025-11-17T17:14:05.742564,48,158,145,218,196,495,115,33,15635,-4613,-1169,1155,266,-1432,1736,-633,392,1254
2025-11-17T17:14:05.757696,45,145,101,172,181,386,121,31,15597,-4713,-1057,1356,29,-1413,1680,-344,252,1255
2025-11-17T17:14:05.776941,40,117,149,174,165,257,128,32,15565,-4776,-951,1566,-178,-1389,1625,-138,114,1229
2025-11-17T17:14:05.802821,36,113,206,214,130,230,141,38,15530,-4831,-846,1787,-411,-1374,1534,-81,5,1229
2025-11-17T17:14:05.817777,59,87,219,311,125,201,179,47,15483,-4895,-770,2035,-629,-1361,1426,-135,-272,1281
2025-11-17T17:14:05.837094,114,75,234,339,115,128,171,50,15450,-4894,-735,2288,-659,-1275,1467,155,-545,1206
2025-11-17T17:14:05.855288,117,100,253,387,99,103,164,49,15429,-4840,-734,2529,-665,-1150,1397,396,-735,1076
2025-11-17T17:14:05.877822,123,95,318,460,88,77,168,49,15418,-4752,-748,2748,-588,-1008,1443,507,-776,941
2025-11-17T17:14:05.897472,125,105,389,459,80,69,169,44,15402,-4688,-767,2936,-584,-865,1479,289,-725,786
2025-11-17T17:14:05.915310,115,106,440,430,87,73,117,37,15385,-4638,-792,3098,-544,-793,1575,138,-679,656
2025-11-17T17:14:05.937502,62,100,509,445,96,82,115,32,15364,-4605,-831,3236,-477,-858,1546,72,-671,542
2025-11-17T17:14:05.958577,58,91,536,452,137,87,115,31,15345,-4572,-885,3354,-390,-765,1498,22,-678,435
2025-11-17T17:14:05.975305,45,123,491,377,135,88,99,32,15329,-4544,-950,3448,-248,-894,1474,45,-633,329
2025-11-17T17:14:05.997799,46,141,450,357,152,87,89,32,15322,-4497,-1023,3522,-106,-971,1542,166,-599,236
2025-11-17T17:14:06.024609,47,183,446,311,183,114,83,29,15332,-4404,-1059,3580,-49,-862,1787,356,-417,187
2025-11-17T17:14:06.035319,48,196,390,259,184,108,72,38,15340,-4330,-1086,3629,-79,-745,1708,242,-345,150
2025-11-17T17:14:06.057661,50,194,472,174,196,110,88,38,15335,-4303,-1135,3669,-10,-839,1751,-23,-366,129
2025-11-17T17:14:06.077079,52,200,501,213,218,140,87,40,15329,-4291,-1181,3691,146,-877,1859,-120,-240,82
2025-11-17T17:14:06.095725,51,190,523,336,212,144,76,39,15321,-4313,-1216,3690,114,-820,1700,-280,-123,-12
2025-11-17T17:14:06.117677,46,184,515,380,188,118,80,41,15302,-4383,-1207,3689,131,-1049,1806,-425,172,87
2025-11-17T17:14:06.137636,75,192,536,396,183,115,97,34,15289,-4446,-1136,3689,-79,-1076,1776,-285,401,123
2025-11-17T17:14:06.155309,103,217,456,414,144,114,142,36,15286,-4491,-1017,3684,-317,-978,1813,-178,547,86
2025-11-17T17:14:06.178165,117,309,428,396,104,70,145,34,15285,-4535,-871,3671,-553,-1073,1787,-88,604,21
2025-11-17T17:14:06.196724,124,478,356,290,91,59,149,33,15290,-4571,-713,3640,-716,-1121,1774,-3,631,-98
2025-11-17T17:14:06.215053,126,475,307,248,68,57,146,28,15307,-4585,-559,3574,-768,-1112,1720,129,626,-316
2025-11-17T17:14:06.237870,117,493,275,296,67,56,136,27,15338,-4571,-439,3477,-710,-1179,1594,325,500,-526
2025-11-17T17:14:06.259865,100,584,310,303,57,47,70,25,15382,-4519,-360,3355,-606,-1079,1548,469,331,-708
2025-11-17T17:14:06.276164,87,545,316,312,88,46,55,23,15431,-4451,-352,3219,-448,-887,1439,430,22,-862
2025-11-17T17:14:06.301641,77,416,321,319,122,83,39,24,15471,-4412,-434,3069,-225,-900,1376,185,-312,-1004
2025-11-17T17:14:06.320366,72,415,377,310,130,89,35,24,15499,-4402,-586,2913,136,-1015,1376,-5,-488,-1032
2025-11-17T17:14:06.336052,63,394,461,295,197,96,32,23,15526,-4382,-738,2762,349,-1169,1362,119,-428,-954
2025-11-17T17:14:06.357769,47,234,434,313,203,98,30,22,15568,-4292,-870,2623,509,-1028,1407,466,-344,-864
2025-11-17T17:14:06.380359,36,245,431,304,205,102,34,26,15614,-4165,-995,2506,576,-750,1427,563,-354,-740
2025-11-17T17:14:06.395350,42,338,476,295,196,76,37,25,15645,-4067,-1131,2414,638,-771,1463,386,-408,-593
2025-11-17T17:14:06.417847,51,383,474,357,192,69,42,27,15665,-3994,-1260,2341,744,-857,1559,274,-351,-454
2025-11-17T17:14:06.440291,60,505,410,375,137,61,81,27,15684,-3919,-1373,2279,757,-784,1628,254,-294,-369
2025-11-17T17:14:06.455884,61,502,394,337,154,51,90,26,15700,-3849,-1463,2228,695,-700,1638,214,-226,-301
2025-11-17T17:14:06.477857,64,497,418,349,141,44,93,24,15711,-3797,-1549,2184,637,-749,1634,144,-237,-268
2025-11-17T17:14:06.499867,60,429,373,456,156,43,91,27,15721,-3744,-1641,2133,710,-731,1705,117,-246,-304
2025-11-17T17:14:06.515438,53,398,419,422,165,42,89,25,15729,-3704,-1722,2081,702,-730,1733,47,-193,-287
2025-11-17T17:14:06.539012,46,232,399,373,152,41,79,25,15733,-3679,-1789,2040,644,-777,1700,12,-158,-228
2025-11-17T17:14:06.560411,54,227,396,466,124,37,97,27,15736,-3654,-1850,2005,603,-798,1720,29,-160,-203
2025-11-17T17:14:06.579687,75,236,433,565,120,73,104,37,15741,-3627,-1901,1969,593,-854,1678,83,-120,-212
2025-11-17T17:14:06.597889,75,299,466,519,111,185,106,37,15750,-3575,-1958,1935,691,-859,1630,241,-119,-205
2025-11-17T17:14:06.620382,84,436,422,512,166,278,120,43,15769,-3478,-2018,1893,990,-609,1715,360,-23,-199
2025-11-17T17:14:06.635413,95,467,586,517,185,368,108,46,15783,-3415,-2050,1857,1149,-246,1745,21,209,-43
2025-11-17T17:14:06.657515,91,469,598,452,210,472,115,45,15764,-3503,-2073,1833,1221,-297,1620,-779,363,179
2025-11-17T17:14:06.680453,74,464,575,377,223,478,113,40,15716,-3696,-2063,1874,1273,-778,1712,-1127,523,637
2025-11-17T17:14:06.702921,78,431,550,343,218,448,116,38,15674,-3852,-2004,1971,1154,-1160,1733,-693,644,920
2025-11-17T17:14:06.717861,80,315,522,335,177,410,115,34,15663,-3889,-1883,2105,831,-1150,1737,39,732,1030
2025-11-17T17:14:06.740285,62,271,295,320,158,344,132,33,15670,-3854,-1725,2248,538,-949,1752,391,759,1019
2025-11-17T17:14:06.755042,62,281,260,287,127,193,110,32,15676,-3818,-1572,2374,335,-801,1728,326,675,884
2025-11-17T17:14:06.777844,59,262,253,171,97,176,107,29,15667,-3836,-1459,2473,195,-807,1652,-5,491,699
2025-11-17T17:14:06.800347,51,264,254,121,84,211,117,31,15650,-3885,-1376,2552,69,-931,1684,-175,325,547
2025-11-17T17:14:06.815466,46,234,254,99,90,203,115,31,15622,-3964,-1343,2618,-51,-1080,1683,-334,49,395
2025-11-17T17:14:06.837903,46,201,250,106,108,184,99,27,15596,-4034,-1355,2662,-47,-1030,1589,-342,-162,219
2025-11-17T17:14:06.859844,45,173,246,146,140,192,98,29,15583,-4064,-1371,2686,-112,-993,1520,-131,-217,55
2025-11-17T17:14:06.876453,45,167,311,287,154,198,93,27,15575,-4085,-1387,2691,-210,-942,1441,-85,-237,-76
2025-11-17T17:14:06.896066,45,141,333,345,157,202,83,29,15565,-4124,-1428,2668,-243,-1007,1423,-196,-339,-264
2025-11-17T17:14:06.920371,31,85,349,498,165,194,98,29,15553,-4168,-1489,2633,-167,-1058,1457,-237,-391,-338
2025-11-17T17:14:06.940075,34,88,374,554,172,214,97,34,15555,-4177,-1523,2589,-134,-1110,1527,-10,-251,-377
2025-11-17T17:14:06.957667,35,81,456,595,215,202,105,34,15564,-4161,-1521,2560,-242,-1029,1563,129,-157,-293
2025-11-17T17:14:06.980387,35,77,406,561,211,191,111,37,15566,-4167,-1514,2541,-379,-1000,1512,6,-183,-246
2025-11-17T17:14:06.999655,40,86,440,598,222,147,106,37,15558,-4202,-1527,2526,-394,-1032,1504,-158,-288,-239
2025-11-17T17:14:07.017901,39,80,440,508,235,138,87,39,15553,-4222,-1532,2520,-389,-1061,1585,-79,-270,-195
2025-11-17T17:14:07.040165,35,87,457,474,234,102,82,35,15552,-4227,-1527,2520,-421,-1058,1618,9,-253,-162
2025-11-17T17:14:07.062565,40,109,465,424,222,85,73,38,15547,-4239,-1525,2532,-422,-1048,1630,-38,-283,-99
2025-11-17T17:14:07.077937,41,113,455,432,292,145,61,34,15546,-4233,-1526,2552,-363,-958,1691,1,-304,-54
2025-11-17T17:14:07.100234,40,116,396,340,324,150,58,31,15542,-4238,-1542,2558,-301,-836,1658,-132,-318,-119
2025-11-17T17:14:07.119423,42,150,382,295,314,148,47,30,15520,-4299,-1586,2560,-182,-978,1642,-411,-369,-104
2025-11-17T17:14:07.138516,42,150,365,248,308,149,59,31,15497,-4359,-1620,2575,1,-1142,1761,-365,-267,16
2025-11-17T17:14:07.160467,39,141,365,284,288,169,56,29,15494,-4374,-1602,2580,180,-1094,1872,-113,84,52
2025-11-17T17:14:07.179449,42,177,476,248,230,123,60,29,15482,-4427,-1539,2599,98,-941,1794,-336,295,220
2025-11-17T17:14:07.197931,44,207,561,248,176,112,59,29,15464,-4501,-1462,2622,-52,-953,1744,-428,328,235
2025-11-17T17:14:07.220161,46,228,606,278,165,110,66,29,15435,-4608,-1383,2654,-24,-1101,1754,-560,376,319
2025-11-17T17:14:07.242947,48,225,603,285,158,110,67,31,15419,-4673,-1262,2692,-203,-1150,1837,-283,482,344
2025-11-17T17:14:07.257869,46,222,549,246,128,70,67,29,15414,-4706,-1121,2725,-378,-1151,1848,-92,509,278
2025-11-17T17:14:07.285158,41,196,461,229,94,56,66,30,15410,-4743,-988,2734,-497,-1127,1711,-93,480,113
2025-11-17T17:14:07.302451,36,163,368,211,74,52,65,30,15406,-4788,-878,2718,-478,-1195,1565,-97,424,-37
2025-11-17T17:14:07.316158,27,95,289,168,65,46,63,26,15414,-4795,-786,2685,-426,-1199,1516,123,360,-162
2025-11-17T17:14:07.341037,26,93,338,155,93,40,51,23,15438,-4756,-714,2638,-351,-1095,1648,284,274,-262
2025-11-17T17:14:07.360973,39,110,399,161,122,38,55,27,15460,-4728,-685,2565,-203,-1014,1529,186,171,-424
2025-11-17T17:14:07.375363,40,108,398,179,149,84,62,27,15479,-4716,-718,2460,12,-1008,1450,54,-4,-620
2025-11-17T17:14:07.405605,44,107,420,179,154,99,64,29,15503,-4689,-796,2337,321,-1159,1450,173,-91,-708
2025-11-17T17:14:07.420600,44,109,421,196,160,103,57,30,15537,-4620,-871,2219,435,-1059,1476,371,-76,-676
2025-11-17T17:14:07.436851,45,110,382,208,157,104,57,31,15574,-4524,-939,2125,475,-844,1472,441,-82,-537
2025-11-17T17:14:07.459806,34,102,337,176,139,104,54,29,15593,-4476,-1021,2053,426,-815,1455,150,-201,-439
2025-11-17T17:14:07.482457,33,104,361,162,115,70,42,28,15594,-4477,-1133,1982,540,-944,1469,-100,-286,-424
2025-11-17T17:14:07.498297,36,118,365,173,120,104,46,29,15596,-4474,-1238,1911,584,-1076,1467,-17,-250,-415
2025-11-17T17:14:07.520343,37,123,377,159,136,120,47,29,15611,-4419,-1330,1853,619,-1047,1541,262,-225,-351
2025-11-17T17:14:07.542634,45,168,439,179,146,126,49,31,15631,-4343,-1418,1794,643,-847,1569,297,-213,-364
2025-11-17T17:14:07.557447,51,213,431,320,147,126,49,28,15638,-4309,-1506,1743,649,-843,1577,48,-214,-293
2025-11-17T17:14:07.580431,54,221,432,506,149,143,68,29,15635,-4298,-1604,1710,674,-962,1550,-20,-284,-201
2025-11-17T17:14:07.602961,84,459,496,538,140,128,67,33,15639,-4264,-1683,1687,774,-1041,1584,163,-169,-121
2025-11-17T17:14:07.617931,89,499,521,551,139,242,73,36,15658,-4175,-1741,1675,826,-991,1618,471,-87,-59
2025-11-17T17:14:07.640030,85,495,483,550,126,267,74,32,15683,-4060,-1795,1666,961,-810,1688,532,-22,-12
2025-11-17T17:14:07.662496,83,484,472,541,135,360,73,33,15699,-3985,-1822,1664,998,-559,1788,187,134,114
2025-11-17T17:14:07.685283,83,488,454,375,132,372,55,34,15689,-4007,-1839,1688,912,-673,1743,-282,149,311
2025-11-17T17:14:07.700843,50,280,358,344,129,372,57,25,15659,-4091,-1853,1746,829,-934,1754,-511,109,505
2025-11-17T17:14:07.722884,42,201,302,330,107,314,52,21,15637,-4148,-1845,1815,810,-1078,1744,-272,189,556
2025-11-17T17:14:07.737750,38,175,288,326,100,297,70,23,15637,-4142,-1794,1882,677,-1030,1724,103,349,534
2025-11-17T17:14:07.760460,38,173,283,220,92,215,72,25,15643,-4128,-1710,1941,516,-910,1723,119,467,492
2025-11-17T17:14:07.783060,34,148,258,210,88,204,75,26,15637,-4155,-1638,1990,347,-896,1680,-126,371,417
2025-11-17T17:14:07.797998,32,132,290,247,89,241,76,28,15616,-4226,-1604,2033,287,-977,1598,-363,183,350
2025-11-17T17:14:07.820456,34,128,279,230,87,241,98,30,15595,-4292,-1587,2070,274,-1032,1609,-335,95,279
2025-11-17T17:14:07.842752,38,157,240,220,107,258,104,31,15579,-4337,-1581,2095,204,-1017,1596,-241,13,177
2025-11-17T17:14:07.857424,39,172,265,305,116,237,109,32,15562,-4394,-1579,2105,134,-1018,1498,-294,-8,73
2025-11-17T17:14:07.880494,38,176,307,316,123,222,111,34,15544,-4460,-1580,2099,36,-1192,1466,-269,-33,-47
2025-11-17T17:14:07.902790,39,168,248,280,118,177,133,37,15533,-4490,-1600,2107,-42,-1176,1431,-78,-210,-52
2025-11-17T17:14:07.917912,38,173,311,350,118,185,125,37,15537,-4465,-1616,2115,-117,-1028,1448,169,-261,-103
2025-11-17T17:14:07.940735,35,146,318,389,94,153,116,37,15539,-4456,-1632,2111,-204,-1002,1440,65,-272,-173
2025-11-17T17:14:07.962979,55,98,339,367,74,149,126,33,15530,-4485,-1660,2094,-175,-1038,1474,-168,-283,-234
2025-11-17T17:14:07.977851,59,104,320,380,106,158,125,31,15518,-4528,-1672,2077,-220,-1162,1491,-189,-218,-222
2025-11-17T17:14:08.000439,58,113,320,374,145,157,102,29,15520,-4528,-1669,2065,-284,-1087,1520,35,-195,-220
2025-11-17T17:14:08.022878,61,134,304,314,198,136,91,28,15526,-4509,-1680,2049,-373,-932,1553,45,-322,-292
2025-11-17T17:14:08.037827,65,134,292,270,262,140,83,27,15521,-4529,-1704,2022,-382,-924,1560,-197,-359,-343
2025-11-17T17:14:08.059949,48,140,287,230,278,125,54,28,15500,-4595,-1762,1987,-177,-1091,1657,-458,-423,-359
2025-11-17T17:14:08.082608,44,128,296,235,274,110,49,27,15482,-4657,-1800,1951,-139,-1147,1600,-389,-297,-333
2025-11-17T17:14:08.097926,46,121,343,384,264,95,41,26,15472,-4703,-1788,1931,-80,-1200,1744,-274,-49,-166
2025-11-17T17:14:08.120188,40,86,366,388,235,80,43,27,15469,-4753,-1696,1914,-102,-1231,1799,-238,374,-28
2025-11-17T17:14:08.143107,37,136,420,409,165,65,44,30,15464,-4814,-1557,1920,-276,-1153,1770,-285,525,138
2025-11-17T17:14:08.165523,40,191,414,475,141,54,64,30,15459,-4877,-1405,1925,-384,-1177,1770,-281,575,130
2025-11-17T17:14:08.180424,43,199,394,467,121,45,65,30,15447,-4953,-1242,1934,-448,-1215,1761,-343,618,175
2025-11-17T17:14:08.203007,40,208,394,386,104,40,64,30,15441,-5008,-1073,1939,-516,-1319,1762,-179,637,134
2025-11-17T17:14:08.225519,40,216,364,404,83,38,64,31,15448,-5024,-913,1925,-546,-1340,1672,78,607,-3
2025-11-17T17:14:08.240519,40,249,327,371,82,35,60,26,15473,-4988,-782,1875,-396,-1303,1659,346,572,-210
2025-11-17T17:14:08.262613,38,217,313,288,86,51,34,25,15512,-4916,-674,1788,-207,-1137,1630,485,577,-397
2025-11-17T17:14:08.284976,39,246,329,389,103,67,30,24,15543,-4865,-616,1672,-81,-964,1471,304,434,-579
2025-11-17T17:14:08.300820,46,269,288,385,101,67,62,27,15560,-4856,-635,1527,158,-957,1394,29,192,-771
2025-11-17T17:14:08.322904,47,295,273,369,110,69,66,26,15566,-4868,-713,1384,443,-1067,1382,-81,7,-772
2025-11-17T17:14:08.345835,48,265,248,389,119,72,69,31,15577,-4854,-805,1256,639,-1101,1453,63,-35,-670
2025-11-17T17:14:08.360182,46,265,234,404,115,61,122,35,15593,-4812,-908,1137,754,-947,1487,139,-74,-621
2025-11-17T17:14:08.382985,53,332,266,316,110,45,130,37,15603,-4787,-1011,1025,887,-848,1470,3,-36,-541
2025-11-17T17:14:08.405272,47,315,390,318,110,48,120,35,15599,-4793,-1096,955,859,-987,1421,-90,-22,-294
2025-11-17T17:14:08.420234,46,286,396,321,111,47,122,34,15604,-4767,-1163,932,761,-1054,1448,144,-67,-66
2025-11-17T17:14:08.442693,41,284,421,371,112,43,120,30,15617,-4708,-1220,934,653,-998,1489,314,-117,27
2025-11-17T17:14:08.465463,41,283,452,405,117,41,70,25,15629,-4655,-1271,932,572,-909,1539,230,-120,-1
2025-11-17T17:14:08.480550,26,181,432,477,113,38,59,22,15631,-4637,-1315,925,489,-928,1581,24,-111,-31
2025-11-17T17:14:08.502951,28,182,445,496,120,34,51,20,15627,-4644,-1352,914,427,-1016,1593,-77,-97,-53
2025-11-17T17:14:08.525513,30,190,447,498,129,36,39,21,15627,-4635,-1385,906,381,-1109,1633,41,-110,-64
2025-11-17T17:14:08.541422,42,304,447,458,119,57,91,21,15639,-4589,-1413,899,318,-1049,1629,244,-121,-89
2025-11-17T17:14:08.562975,54,325,423,421,110,100,108,31,15651,-4537,-1454,875,338,-998,1653,240,-163,-197
2025-11-17T17:14:08.585452,62,395,497,389,155,191,107,34,15657,-4510,-1503,830,593,-1006,1663,81,-59,-241
2025-11-17T17:14:08.600352,65,455,431,347,178,244,109,35,15663,-4482,-1549,788,726,-937,1625,80,3,-180
2025-11-17T17:14:08.622888,72,490,457,450,178,283,113,37,15666,-4456,-1596,774,803,-745,1507,25,1,6
2025-11-17T17:14:08.645346,68,425,474,523,180,309,95,38,15656,-4477,-1621,799,769,-897,1515,-154,45,256
2025-11-17T17:14:08.659951,60,418,467,526,181,306,103,30,15642,-4523,-1604,847,715,-1042,1609,-237,208,428
2025-11-17T17:14:08.682954,60,343,379,478,148,293,140,30,15637,-4550,-1546,912,590,-1141,1727,-96,342,536
2025-11-17T17:14:08.705582,78,257,331,472,180,271,148,28,15629,-4583,-1462,1015,375,-1155,1708,-94,336,727
2025-11-17T17:14:08.720524,84,219,268,359,208,234,149,25,15614,-4626,-1384,1143,177,-1065,1682,-186,191,813
2025-11-17T17:14:08.743497,85,216,182,253,211,215,141,26,15576,-4731,-1318,1297,-17,-1163,1526,-469,39,918
2025-11-17T17:14:08.765410,86,187,150,283,215,208,136,32,15534,-4837,-1254,1466,-96,-1411,1554,-383,-29,967
2025-11-17T17:14:08.780518,84,176,128,282,214,164,106,30,15506,-4890,-1194,1627,-136,-1400,1556,-102,-57,886
2025-11-17T17:14:08.802779,63,170,213,301,164,148,98,31,15494,-4885,-1129,1795,-271,-1287,1577,188,-125,867
2025-11-17T17:14:08.825518,47,98,216,333,111,155,97,32,15478,-4880,-1076,1972,-377,-1304,1509,204,-232,879
2025-11-17T17:14:08.840435,44,71,273,390,100,124,107,37,15459,-4862,-1066,2161,-308,-1151,1495,179,-454,893
2025-11-17T17:14:08.862595,42,79,342,397,85,120,90,33,15441,-4829,-1081,2349,-278,-1074,1392,247,-581,857
2025-11-17T17:14:08.885447,89,112,450,425,80,114,124,36,15437,-4744,-1120,2524,-206,-861,1438,420,-688,747
2025-11-17T17:14:08.900795,89,105,456,475,84,90,130,38,15427,-4677,-1178,2677,-128,-853,1469,280,-705,636
2025-11-17T17:14:08.922941,93,152,466,526,85,63,135,36,15399,-4672,-1259,2809,-81,-980,1511,-61,-729,542
2025-11-17T17:14:08.945497,99,210,627,480,132,74,132,36,15376,-4659,-1332,2916,23,-1015,1536,-9,-611,440
2025-11-17T17:14:08.960550,98,213,625,444,150,75,131,35,15363,-4617,-1397,3024,23,-1029,1525,183,-598,433
2025-11-17T17:14:08.983046,67,203,570,424,168,76,90,34,15358,-4545,-1472,3118,78,-833,1540,245,-636,340
2025-11-17T17:14:09.005485,68,218,564,361,235,91,77,32,15346,-4505,-1553,3197,79,-817,1637,23,-626,271
2025-11-17T17:14:09.020466,64,196,568,248,273,113,64,34,15327,-4501,-1641,3248,103,-936,1680,-161,-576,142
2025-11-17T17:14:09.042871,54,133,354,288,305,115,46,29,15308,-4505,-1746,3277,167,-931,1663,-241,-608,18
2025-11-17T17:14:09.065255,57,136,336,383,307,116,43,31,15291,-4505,-1838,3308,199,-1085,1719,-147,-540,44
2025-11-17T17:14:09.088046,45,143,335,407,300,113,41,29,15286,-4485,-1889,3328,248,-1012,1767,-30,-314,32
2025-11-17T17:14:09.102977,41,129,323,492,250,98,38,27,15283,-4483,-1897,3340,246,-1139,1830,-42,-56,63
2025-11-17T17:14:09.125397,40,163,382,522,207,71,30,25,15280,-4511,-1841,3349,19,-1077,1761,-139,219,102
2025-11-17T17:14:09.147997,44,264,389,503,128,51,29,23,15285,-4532,-1760,3342,-108,-1078,1788,-74,324,12
2025-11-17T17:14:09.165571,52,366,361,429,98,43,31,22,15295,-4545,-1674,3323,-169,-1110,1730,3,347,-71
2025-11-17T17:14:09.185505,52,367,367,492,103,40,30,20,15312,-4546,-1588,3281,-175,-1123,1759,69,381,-200
2025-11-17T17:14:09.207940,54,366,451,444,104,41,30,21,15338,-4545,-1499,3205,-144,-1089,1707,73,471,-370
2025-11-17T17:14:09.222816,64,443,410,435,110,40,28,21,15364,-4548,-1421,3108,-102,-1088,1638,60,477,-485
2025-11-17T17:14:09.245500,67,449,412,462,102,36,27,22,15392,-4543,-1374,2998,-4,-1096,1547,97,376,-568
2025-11-17T17:14:09.268092,61,379,414,463,102,66,24,21,15423,-4516,-1350,2887,92,-1049,1481,198,278,-602
2025-11-17T17:14:09.282820,61,387,419,389,116,70,23,20,15456,-4478,-1349,2769,214,-1022,1483,222,213,-641
2025-11-17T17:14:09.305474,59,406,344,352,128,75,26,23,15484,-4450,-1367,2646,354,-935,1501,106,186,-644
2025-11-17T17:14:09.327943,46,306,339,394,158,80,26,26,15501,-4446,-1392,2536,390,-935,1521,-49,154,-563
2025-11-17T17:14:09.342797,38,232,398,391,161,82,29,27,15511,-4453,-1432,2441,421,-940,1496,-113,69,-486
2025-11-17T17:14:09.365640,33,223,399,384,163,65,65,28,15515,-4464,-1490,2356,500,-1014,1465,-116,-15,-443
2025-11-17T17:14:09.387958,30,207,380,353,149,72,70,29,15522,-4460,-1549,2282,609,-1056,1504,-20,-7,-370
2025-11-17T17:14:09.403006,30,177,357,420,152,82,74,29,15534,-4433,-1592,2221,632,-1007,1551,100,47,-287
2025-11-17T17:14:09.425453,36,179,347,412,115,76,75,30,15543,-4412,-1620,2176,566,-892,1535,36,73,-189
2025-11-17T17:14:09.448050,43,252,261,391,106,75,86,29,15542,-4419,-1653,2146,489,-944,1576,-113,-10,-124
2025-11-17T17:14:09.462650,45,263,373,397,102,73,112,33,15535,-4434,-1705,2129,511,-1094,1562,-103,-117,-77
2025-11-17T17:14:09.485512,55,315,414,402,97,64,155,38,15538,-4413,-1749,2111,569,-1116,1565,122,-74,-89
2025-11-17T17:14:09.508339,59,403,490,366,72,80,162,39,15557,-4347,-1770,2091,572,-976,1580,336,22,-102
2025-11-17T17:14:09.522700,67,477,551,299,87,237,165,42,15578,-4276,-1797,2061,684,-813,1572,292,55,-119
2025-11-17T17:14:09.545552,66,485,666,299,129,320,161,43,15597,-4204,-1830,2036,885,-639,1709,182,93,-43
2025-11-17T17:14:09.567944,66,495,630,306,159,338,133,40,15593,-4207,-1877,2020,1036,-656,1588,-209,116,89
2025-11-17T17:14:09.582916,59,466,616,327,177,358,86,35,15579,-4243,-1887,2041,1074,-773,1572,-301,291,372
2025-11-17T17:14:09.605447,57,390,540,260,193,373,81,31,15563,-4292,-1856,2087,992,-938,1617,-271,452,546
2025-11-17T17:14:09.628032,45,297,474,276,207,314,80,29,15544,-4362,-1804,2129,949,-883,1624,-412,559,565
2025-11-17T17:14:09.643057,39,216,313,244,190,252,80,28,15515,-4466,-1728,2185,841,-911,1564,-558,655,681
2025-11-17T17:14:09.665270,35,165,254,242,229,264,77,27,15486,-4567,-1626,2263,665,-1049,1556,-458,689,789
2025-11-17T17:14:09.688061,34,157,202,196,226,251,68,27,15451,-4678,-1533,2332,551,-1057,1489,-519,618,713
2025-11-17T17:14:09.703462,32,146,210,195,227,249,57,31,15404,-4828,-1479,2375,454,-1112,1327,-732,458,517
2025-11-17T17:14:09.725545,30,141,221,159,229,275,47,27,15350,-4990,-1461,2403,457,-1255,1208,-758,298,396
2025-11-17T17:14:09.747933,29,134,204,157,246,258,44,28,15294,-5136,-1469,2449,298,-1299,1195,-684,55,398
2025-11-17T17:14:09.767409,32,145,201,136,233,318,52,30,15237,-5247,-1524,2532,134,-1323,1199,-530,-362,431
2025-11-17T17:14:09.785610,45,150,203,146,299,399,88,38,15180,-5336,-1634,2615,43,-1281,1160,-484,-706,288
2025-11-17T17:14:09.807977,49,165,286,144,298,457,111,35,15115,-5443,-1823,2651,131,-1264,1086,-688,-989,-59
2025-11-17T17:14:09.822911,57,193,270,150,405,564,170,53,15034,-5569,-2036,2692,129,-1353,991,-780,-1123,-72
2025-11-17T17:14:09.845578,66,242,261,150,430,633,186,55,14958,-5658,-2280,2733,18,-1455,988,-589,-1372,-219
2025-11-17T17:14:09.868105,73,344,281,136,422,607,189,56,14877,-5747,-2565,2738,75,-1284,1009,-760,-1511,-466
2025-11-17T17:14:09.882962,79,550,322,136,403,585,200,55,14795,-5833,-2838,2734,63,-1299,1135,-802,-1469,-521
2025-11-17T17:14:09.906106,81,591,324,145,453,557,190,57,14695,-5942,-3139,2704,150,-1429,1116,-974,-1543,-666
2025-11-17T17:14:09.927986,76,589,359,130,364,447,144,42,14607,-6013,-3439,2661,185,-1310,1302,-916,-1565,-774
2025-11-17T17:14:09.942978,68,571,370,128,328,346,123,38,14524,-6067,-3735,2595,99,-1129,1318,-926,-1561,-941
2025-11-17T17:14:09.965284,60,527,377,127,326,328,115,36,14414,-6174,-4042,2491,133,-1242,1280,-1280,-1539,-1082
2025-11-17T17:14:09.988086,42,315,344,112,297,304,58,28,14303,-6297,-4318,2356,210,-1453,1265,-1325,-1300,-1169
2025-11-17T17:14:10.002995,32,227,277,88,213,250,51,24,14226,-6372,-4542,2196,203,-1509,1212,-1000,-996,-1322
2025-11-17T17:14:10.025462,30,208,215,85,190,251,40,21,14185,-6400,-4715,2009,224,-1407,1246,-748,-687,-1426
2025-11-17T17:14:10.047515,32,196,240,110,188,263,43,22,14164,-6410,-4846,1799,228,-1381,1242,-638,-428,-1505
2025-11-17T17:14:10.071180,31,160,205,273,178,334,43,24,14131,-6432,-5002,1535,296,-1401,1221,-737,-274,-1619
2025-11-17T17:14:10.085879,28,123,202,291,175,399,46,23,14100,-6438,-5156,1255,368,-1458,1208,-679,-233,-1722
2025-11-17T17:14:10.107652,28,96,213,437,177,413,46,23,14061,-6451,-5310,955,514,-1441,1132,-758,-193,-1792
2025-11-17T17:14:10.130396,28,84,261,615,181,409,41,23,14001,-6493,-5461,652,680,-1542,1015,-936,-181,-1738
2025-11-17T17:14:10.145708,37,94,396,843,281,421,54,31,13936,-6537,-5599,365,975,-1661,1055,-917,-158,-1620
2025-11-17T17:14:10.168083,40,91,423,873,294,363,58,33,13873,-6581,-5713,127,1046,-1577,1045,-840,-212,-1408
2025-11-17T17:14:10.190566,43,91,470,889,301,249,59,38,13783,-6644,-5857,-90,1080,-1541,904,-918,-423,-1335
2025-11-17T17:14:10.205345,46,91,494,879,294,232,71,38,13701,-6688,-5993,-262,1180,-1669,946,-718,-485,-1167
2025-11-17T17:14:10.225183,51,111,578,823,299,291,88,43,13622,-6736,-6108,-426,1274,-1689,879,-695,-371,-1068
2025-11-17T17:14:10.248478,45,97,499,614,197,265,82,38,13564,-6755,-6205,-579,1382,-1659,909,-516,-270,-1005
2025-11-17T17:14:10.263650,41,89,477,518,157,258,78,35,13529,-6721,-6303,-703,1296,-1365,883,-204,-302,-926
2025-11-17T17:14:10.288465,39,84,443,489,123,258,77,29,13479,-6690,-6429,-806,1407,-1381,840,-185,-483,-873
2025-11-17T17:14:10.310576,36,81,409,394,110,254,65,28,13455,-6728,-6433,-865,2216,-2281,1157,-313,47,-296
2025-11-17T17:14:10.325569,27,45,238,275,71,130,42,20,13543,-6674,-6307,-843,2177,-1719,1345,342,679,414
2025-11-17T17:14:10.348674,24,36,183,209,53,103,32,19,13631,-6655,-6140,-792,1445,-911,1170,136,729,778
2025-11-17T17:14:10.370609,24,35,174,202,53,94,28,19,13585,-6850,-6023,-821,1144,-972,983,-1257,350,594
2025-11-17T17:14:10.385615,23,30,136,249,50,78,24,18,13456,-7124,-5987,-881,1258,-1495,866,-1714,-50,320
2025-11-17T17:14:10.408118,20,25,127,345,48,57,24,19,13383,-7268,-5974,-900,1402,-1651,751,-859,-93,158
2025-11-17T17:14:10.430865,18,24,111,347,49,37,21,19,13394,-7257,-5964,-890,1547,-1499,728,103,78,106
2025-11-17T17:14:10.445662,19,23,92,345,46,32,20,18,13442,-7195,-5935,-879,1475,-1315,798,371,228,98
2025-11-17T17:14:10.467424,20,24,90,350,45,32,21,18,13471,-7162,-5908,-875,1364,-1255,795,175,172,96
2025-11-17T17:14:10.490253,21,25,75,306,39,32,20,19,13468,-7181,-5893,-871,1344,-1344,739,-104,52,127
2025-11-17T17:14:10.506229,23,21,52,182,33,23,18,18,13447,-7231,-5880,-865,1328,-1450,722,-270,-8,149
2025-11-17T17:14:10.528705,23,21,43,148,27,21,19,18,13417,-7296,-5868,-862,1303,-1527,705,-345,-29,130
2025-11-17T17:14:10.550159,24,20,41,130,27,20,18,17,13393,-7350,-5857,-859,1296,-1599,716,-277,-27,82
2025-11-17T17:14:10.565600,22,21,38,110,23,19,18,18,13384,-7375,-5847,-852,1297,-1594,693,-93,2,47
2025-11-17T17:14:10.588139,22,20,36,101,22,18,18,17,13389,-7373,-5839,-844,1287,-1520,687,54,35,26
2025-11-17T17:14:10.611322,20,22,30,84,19,17,18,18,13394,-7369,-5832,-841,1289,-1447,696,38,34,15
2025-11-17T17:14:10.625576,21,24,26,66,20,16,18,18,13390,-7379,-5830,-844,1295,-1440,696,-61,6,12
2025-11-17T17:14:10.647986,18,23,27,90,21,15,17,17,13377,-7399,-5833,-852,1326,-1435,668,-130,-5,5
2025-11-17T17:14:10.671355,17,23,28,96,22,15,17,16,13365,-7416,-5836,-861,1351,-1467,647,-106,6,-4
2025-11-17T17:14:10.685621,18,23,30,103,24,16,17,16,13360,-7422,-5840,-868,1346,-1458,629,-26,20,-17
2025-11-17T17:14:10.708597,18,20,33,104,24,15,17,17,13361,-7416,-5846,-872,1327,-1423,621,46,15,-27
2025-11-17T17:14:10.731328,16,18,34,99,25,17,18,16,13361,-7407,-5855,-876,1317,-1401,620,55,-2,-39
2025-11-17T17:14:10.745660,17,19,31,75,22,19,19,18,13356,-7405,-5869,-882,1332,-1397,601,17,-25,-41
2025-11-17T17:14:10.768165,19,18,30,62,21,18,17,19,13348,-7408,-5882,-885,1319,-1429,614,-10,-38,-37
2025-11-17T17:14:10.792136,19,19,27,48,20,18,18,20,13340,-7415,-5892,-885,1300,-1464,602,-13,-38,-25
2025-11-17T17:14:10.803578,19,20,19,31,21,19,18,20,13335,-7419,-5898,-884,1279,-1465,593,9,-12,-23
2025-11-17T17:14:10.827033,20,20,17,26,20,18,18,19,13335,-7418,-5899,-885,1273,-1448,609,31,11,-28
2025-11-17T17:14:10.851634,21,20,18,23,23,16,18,18,13334,-7418,-5902,-890,1294,-1427,608,15,21,-33
2025-11-17T17:14:10.865735,21,20,19,21,23,15,18,18,13330,-7421,-5905,-899,1315,-1430,596,-11,28,-39
2025-11-17T17:14:10.888127,22,20,19,19,23,18,18,16,13326,-7424,-5908,-911,1335,-1428,602,-19,40,-43
2025-11-17T17:14:10.910327,20,20,19,19,22,17,20,19,13325,-7425,-5907,-924,1336,-1421,628,-17,55,-45
2025-11-17T17:14:10.925629,20,19,19,18,21,17,20,19,13324,-7426,-5906,-939,1340,-1430,638,-22,61,-50
2025-11-17T17:14:10.948485,19,18,19,19,19,19,20,19,13324,-7427,-5902,-955,1318,-1432,671,-34,61,-58
2025-11-17T17:14:10.970182,19,18,18,19,20,20,19,17,13325,-7427,-5898,-972,1319,-1415,672,-35,63,-66
2025-11-17T17:14:10.993439,18,19,18,19,20,18,18,19,13326,-7424,-5896,-989,1318,-1424,679,-22,58,-73
2025-11-17T17:14:11.016402,19,19,18,20,19,18,17,18,13329,-7418,-5894,-1005,1314,-1409,694,-6,50,-77
2025-11-17T17:14:11.030603,19,20,18,20,19,19,16,20,13332,-7411,-5894,-1019,1302,-1396,697,4,35,-73
2025-11-17T17:14:11.053790,20,21,18,19,20,19,17,20,13334,-7404,-5895,-1031,1297,-1391,692,4,26,-70
2025-11-17T17:14:11.068047,19,21,17,20,19,20,19,20,13337,-7397,-5897,-1040,1287,-1384,682,13,16,-61
2025-11-17T17:14:11.090150,20,20,18,21,18,20,18,19,13339,-7391,-5899,-1046,1289,-1395,684,21,5,-51
2025-11-17T17:14:11.113881,20,20,19,19,19,21,18,17,13341,-7383,-5904,-1049,1303,-1407,679,34,-8,-45
2025-11-17T17:14:11.127638,20,20,18,19,18,22,18,18,13344,-7374,-5909,-1049,1310,-1412,680,55,-14,-39
2025-11-17T17:14:11.151198,19,20,18,21,18,22,19,18,13348,-7361,-5914,-1047,1305,-1401,687,74,-17,-31
2025-11-17T17:14:11.173864,20,20,19,20,26,22,18,20,13354,-7346,-5920,-1040,1302,-1399,689,99,-34,-19
2025-11-17T17:14:11.188094,19,22,21,36,60,29,21,21,13362,-7327,-5930,-1027,1299,-1400,719,127,-71,-8
2025-11-17T17:14:11.210719,21,23,21,36,76,33,21,20,13364,-7308,-5951,-1009,1295,-1393,754,109,-156,-21
2025-11-17T17:14:11.233940,20,23,21,37,78,34,21,19,13356,-7297,-5982,-1008,1325,-1334,678,35,-157,-78
2025-11-17T17:14:11.248206,22,24,22,36,80,34,21,18,13343,-7295,-6013,-1011,1369,-1352,656,-14,-142,-72
2025-11-17T17:14:11.270424,20,23,21,38,79,34,20,18,13334,-7294,-6036,-1005,1380,-1401,621,25,-113,-27
2025-11-17T17:14:11.294271,22,22,18,23,59,28,18,19,13332,-7284,-6053,-996,1372,-1385,604,93,-66,-9
2025-11-17T17:14:11.308184,22,22,19,24,40,22,16,19,13335,-7272,-6063,-988,1348,-1375,584,113,-25,-3
2025-11-17T17:14:11.330616,21,23,20,24,35,21,16,19,13338,-7261,-6071,-980,1340,-1365,579,110,-8,2
2025-11-17T17:14:11.353821,19,22,19,23,30,21,19,23,13340,-7254,-6076,-973,1337,-1358,596,80,-4,9
2025-11-17T17:14:11.368039,21,22,20,21,29,21,18,21,13340,-7252,-6079,-967,1343,-1366,602,47,4,24
2025-11-17T17:14:11.390634,20,21,21,19,24,21,19,19,13340,-7253,-6078,-965,1354,-1368,613,23,24,27
2025-11-17T17:14:11.413915,20,20,19,20,19,21,19,19,13340,-7257,-6072,-965,1351,-1359,614,-3,50,33
2025-11-17T17:14:11.427877,21,19,19,20,20,21,20,20,13342,-7262,-6062,-965,1321,-1354,640,-10,59,40
2025-11-17T17:14:11.451106,21,18,20,22,20,19,19,17,13344,-7268,-6052,-963,1330,-1383,673,-22,44,46
2025-11-17T17:14:11.473853,20,18,19,22,19,20,21,18,13346,-7273,-6042,-961,1318,-1383,697,-22,37,46
2025-11-17T17:14:11.488080,21,18,18,24,19,20,20,19,13349,-7277,-6031,-960,1329,-1394,701,-22,44,41
2025-11-17T17:14:11.510715,20,19,19,22,19,21,21,20,13353,-7280,-6019,-959,1328,-1393,720,-18,48,36
2025-11-17T17:14:11.533768,21,17,19,23,17,19,20,21,13355,-7283,-6010,-960,1322,-1381,713,-26,35,32
2025-11-17T17:14:11.548154,21,17,20,21,19,21,19,21,13356,-7288,-6003,-959,1327,-1394,714,-30,17,31
2025-11-17T17:14:11.570678,19,18,20,22,19,19,18,22,13355,-7292,-5999,-956,1329,-1395,701,-26,6,31
2025-11-17T17:14:11.593903,19,20,20,20,21,21,18,22,13354,-7298,-5995,-954,1318,-1404,681,-22,5,27
2025-11-17T17:14:11.608221,19,21,19,20,22,21,18,20,13352,-7303,-5994,-950,1320,-1406,666,-11,1,24
2025-11-17T17:14:11.630617,19,22,19,20,22,22,18,21,13349,-7309,-5993,-946,1294,-1397,637,-12,-7,24
2025-11-17T17:14:11.653948,19,22,18,22,20,21,20,20,13347,-7314,-5993,-943,1288,-1394,668,-19,-15,11
2025-11-17T17:14:11.667677,20,21,18,20,19,21,21,20,13346,-7315,-5993,-943,1303,-1409,667,-12,-3,0
2025-11-17T17:14:11.690299,20,20,19,19,17,21,21,20,13348,-7314,-5991,-941,1326,-1409,671,18,11,9
2025-11-17T17:14:11.713909,20,19,20,18,17,19,20,20,13352,-7309,-5989,-935,1333,-1387,674,43,8,34
2025-11-17T17:14:11.728237,21,18,21,18,19,18,20,19,13354,-7306,-5988,-925,1312,-1385,661,44,-7,46
2025-11-17T17:14:11.751359,21,20,21,17,21,18,18,20,13353,-7308,-5990,-917,1324,-1395,660,14,-21,36
2025-11-17T17:14:11.773974,21,20,20,16,23,19,18,19,13350,-7314,-5991,-912,1317,-1401,678,-24,-28,36
2025-11-17T17:14:11.788459,19,19,18,18,22,20,18,20,13346,-7322,-5991,-907,1324,-1416,682,-39,-23,34
2025-11-17T17:14:11.810755,19,20,17,18,21,20,18,21,13343,-7329,-5990,-904,1325,-1414,680,-31,-12,32
2025-11-17T17:14:11.833960,17,21,18,17,19,20,19,20,13342,-7331,-5990,-901,1334,-1406,674,-4,-2,26
2025-11-17T17:14:11.848184,19,19,18,16,20,21,18,20,13342,-7330,-5990,-899,1352,-1385,658,12,8,24
2025-11-17T17:14:11.870683,20,17,19,16,19,21,17,19,13341,-7332,-5991,-900,1356,-1383,638,-1,17,21
2025-11-17T17:14:11.893931,19,19,19,16,19,21,17,17,13337,-7340,-5990,-903,1343,-1389,614,-34,27,20
2025-11-17T17:14:11.908568,19,18,20,17,20,22,17,16,13331,-7354,-5986,-906,1319,-1411,614,-66,31,22
2025-11-17T17:14:11.930347,18,18,18,17,21,21,16,17,13326,-7368,-5980,-906,1300,-1430,632,-58,22,30
2025-11-17T17:14:11.954086,15,19,19,18,18,21,17,17,13322,-7379,-5973,-906,1298,-1421,633,-47,32,32
2025-11-17T17:14:11.974366,15,20,19,19,19,21,17,17,13322,-7388,-5964,-905,1293,-1418,656,-38,39,36
2025-11-17T17:14:11.989359,16,19,19,18,20,20,16,18,13324,-7392,-5954,-903,1298,-1417,678,-16,39,41
2025-11-17T17:14:12.013944,16,19,19,18,20,20,17,19,13327,-7394,-5946,-900,1300,-1414,676,-1,31,38
2025-11-17T17:14:12.036520,18,18,21,18,18,21,18,19,13330,-7394,-5938,-897,1293,-1413,701,-1,21,35
2025-11-17T17:14:12.050681,19,18,20,17,18,21,19,21,13332,-7397,-5931,-894,1289,-1424,710,-14,13,30
2025-11-17T17:14:12.073903,17,17,22,15,17,20,18,22,13334,-7400,-5924,-890,1288,-1440,729,-22,3,26
2025-11-17T17:14:12.096388,17,17,22,18,15,20,20,21,13334,-7403,-5921,-889,1288,-1435,712,-24,-7,13
2025-11-17T17:14:12.111105,20,16,20,18,16,20,19,20,13332,-7405,-5922,-888,1302,-1441,709,-23,-20,0
2025-11-17T17:14:12.133744,19,18,19,17,18,19,19,18,13330,-7405,-5926,-887,1314,-1421,696,-11,-35,-3
2025-11-17T17:14:12.156269,21,18,20,18,20,17,18,18,13329,-7402,-5933,-884,1310,-1423,690,10,-42,-4
2025-11-17T17:14:12.170660,22,17,18,20,20,18,19,17,13330,-7396,-5940,-878,1308,-1431,687,38,-49,-6
2025-11-17T17:14:12.193519,22,18,18,20,20,16,19,18,13330,-7388,-5951,-871,1314,-1421,665,59,-59,-9
2025-11-17T17:14:12.216175,19,18,20,20,20,17,21,19,13330,-7380,-5962,-863,1316,-1415,665,60,-67,-7
2025-11-17T17:14:12.230740,17,18,20,21,20,18,20,20,13328,-7374,-5975,-857,1321,-1413,649,43,-66,-10
2025-11-17T17:14:12.253704,16,18,19,20,18,17,20,18,13322,-7374,-5988,-853,1318,-1418,634,15,-68,-10
2025-11-17T17:14:12.276359,15,18,17,19,18,18,20,19,13317,-7374,-6000,-849,1316,-1421,632,7,-65,-14
2025-11-17T17:14:12.290281,18,17,19,19,18,18,19,18,13312,-7375,-6011,-847,1320,-1425,629,8,-51,-20
2025-11-17T17:14:12.313774,19,18,17,19,19,18,18,20,13308,-7374,-6021,-848,1324,-1408,627,7,-36,-25
2025-11-17T17:14:12.336481,19,18,16,19,20,19,19,20,13305,-7372,-6029,-850,1324,-1393,644,-1,-27,-24
2025-11-17T17:14:12.350772,17,19,18,19,21,19,20,20,13302,-7372,-6035,-854,1319,-1382,649,-13,-22,-21
2025-11-17T17:14:12.373881,19,19,18,21,21,19,24,97,13298,-7373,-6041,-857,1331,-1397,656,-21,-24,-18
2025-11-17T17:14:12.396496,21,21,15,20,23,20,34,118,13295,-7375,-6047,-860,1335,-1404,638,-16,-18,-16
2025-11-17T17:14:12.410708,22,22,17,22,26,19,35,120,13294,-7375,-6047,-860,1332,-1406,633,-10,-3,-7
2025-11-17T17:14:12.433904,22,22,18,21,23,18,36,122,13292,-7380,-6047,-863,1324,-1412,625,-21,15,0
2025-11-17T17:14:12.456330,23,20,17,24,23,19,36,124,13287,-7389,-6045,-869,1313,-1411,603,-49,30,-8
2025-11-17T17:14:12.470403,22,21,19,23,25,18,33,81,13282,-7401,-6039,-877,1325,-1426,621,-75,45,-1
2025-11-17T17:14:12.493966,20,19,20,25,25,16,23,47,13276,-7419,-6030,-888,1319,-1435,615,-102,62,5
2025-11-17T17:14:12.516396,18,18,19,23,23,16,22,41,13275,-7427,-6021,-899,1308,-1409,631,-59,72,-13
2025-11-17T17:14:12.530758,20,19,18,23,23,16,20,33,13276,-7433,-6008,-912,1290,-1393,650,-60,85,-12
2025-11-17T17:14:12.554280,20,19,18,20,22,14,19,28,13274,-7447,-5995,-921,1289,-1374,639,-93,76,23
2025-11-17T17:14:12.576276,20,19,19,19,21,15,21,21,13273,-7457,-5981,-931,1272,-1366,652,-84,74,15
2025-11-17T17:14:12.590687,20,19,19,16,21,18,20,18,13269,-7475,-5969,-940,1299,-1382,635,-117,66,36
2025-11-17T17:14:12.613882,22,18,20,17,20,18,19,18,13266,-7488,-5957,-946,1310,-1398,634,-83,67,39
2025-11-17T17:14:12.636371,20,16,20,19,19,19,22,19,13264,-7501,-5944,-950,1324,-1436,644,-73,62,46
2025-11-17T17:14:12.650976,20,15,21,20,22,19,22,17,13262,-7514,-5932,-951,1320,-1473,646,-62,53,39
2025-11-17T17:14:12.681473,20,15,22,18,20,19,22,19,13262,-7522,-5921,-952,1313,-1504,675,-42,42,23
2025-11-17T17:14:12.696410,21,17,22,21,19,20,22,19,13265,-7526,-5911,-952,1308,-1517,707,-22,26,1
2025-11-17T17:14:12.711112,19,17,20,20,20,19,22,18,13267,-7524,-5908,-953,1313,-1508,706,0,5,-21
2025-11-17T17:14:12.734161,21,22,21,18,21,19,21,18,13270,-7516,-5911,-955,1306,-1482,722,26,-22,-47
2025-11-17T17:14:12.756002,20,22,19,19,17,21,20,19,13273,-7506,-5918,-957,1303,-1456,712,32,-42,-54
2025-11-17T17:14:12.769982,18,22,17,20,19,20,19,19,13273,-7496,-5930,-960,1316,-1411,670,30,-48,-55
2025-11-17T17:14:12.791664,18,22,19,20,18,20,18,19,13272,-7488,-5941,-964,1311,-1384,646,23,-38,-50
2025-11-17T17:14:12.814945,17,23,20,20,20,21,19,20,13270,-7483,-5950,-968,1302,-1384,629,17,-27,-38
2025-11-17T17:14:12.830405,15,20,22,19,19,20,17,21,13268,-7481,-5958,-969,1290,-1390,593,20,-21,-28
2025-11-17T17:14:12.853990,17,21,22,19,22,20,16,21,13266,-7480,-5963,-969,1292,-1406,589,22,-8,-20
2025-11-17T17:14:12.876556,19,20,21,20,21,21,18,19,13266,-7479,-5965,-971,1304,-1408,610,14,6,-17
2025-11-17T17:14:12.898969,17,19,20,20,22,19,17,20,13265,-7479,-5966,-971,1325,-1415,618,3,14,-15
2025-11-17T17:14:12.914104,19,18,20,19,19,19,20,20,13265,-7480,-5966,-976,1325,-1415,644,-15,16,-16
2025-11-17T17:14:12.936503,18,16,17,21,20,20,21,18,13264,-7481,-5965,-982,1325,-1425,664,-23,13,-19
2025-11-17T17:14:12.958806,20,16,17,20,19,18,22,18,13265,-7480,-5964,-987,1328,-1427,676,-13,9,-20
2025-11-17T17:14:12.973896,21,18,18,19,20,20,20,19,13267,-7476,-5963,-990,1319,-1430,700,-3,4,-24
2025-11-17T17:14:12.996469,22,19,19,18,19,21,20,17,13269,-7470,-5964,-994,1324,-1424,697,8,-5,-31
2025-11-17T17:14:13.018979,21,18,19,19,20,21,17,15,13271,-7463,-5968,-998,1321,-1422,675,23,-8,-38
2025-11-17T17:14:13.033560,23,19,18,16,20,21,17,17,13273,-7457,-5972,-1000,1302,-1402,654,26,-13,-35
2025-11-17T17:14:13.056312,21,18,19,17,18,21,18,18,13274,-7452,-5976,-1000,1291,-1400,656,24,-22,-28
2025-11-17T17:14:13.078993,19,17,19,17,19,20,19,18,13274,-7447,-5983,-999,1300,-1394,648,27,-32,-23
2025-11-17T17:14:13.095805,20,16,19,16,19,19,18,18,13274,-7441,-5990,-998,1324,-1386,646,26,-29,-19
2025-11-17T17:14:13.114164,21,17,19,17,20,18,19,19,13274,-7436,-5995,-999,1322,-1382,651,20,-21,-15
2025-11-17T17:14:13.138460,22,19,19,19,21,19,19,18,13274,-7433,-6000,-998,1330,-1392,636,18,-14,-7
2025-11-17T17:14:13.153944,23,18,20,19,21,19,17,18,13273,-7433,-6000,-998,1325,-1394,616,13,-9,-3
2025-11-17T17:14:13.176073,23,17,20,18,21,18,18,18,13273,-7434,-6001,-998,1327,-1399,627,13,-5,-1
2025-11-17T17:14:13.198925,23,18,20,19,20,19,19,17,13273,-7434,-6001,-998,1328,-1410,636,11,1,0
2025-11-17T17:14:13.213415,23,19,21,18,19,19,19,17,13273,-7434,-6001,-998,1327,-1412,646,6,5,-3
2025-11-17T17:14:13.236951,20,18,21,18,19,17,19,16,13273,-7434,-6001,-998,1326,-1410,653,1,7,-4
2025-11-17T17:14:13.258776,20,19,21,18,19,17,20,15,13272,-7434,-6001,-999,1321,-1401,642,-12,7,-5
2025-11-17T17:14:13.273468,19,22,21,17,17,19,21,13,13272,-7435,-6001,-1002,1325,-1399,657,-18,8,-6
2025-11-17T17:14:13.296450,20,21,20,17,19,18,19,14,13271,-7437,-5999,-1004,1318,-1405,659,-17,7,-7
2025-11-17T17:14:13.318793,21,19,18,17,18,18,19,13,13272,-7437,-5999,-1004,1319,-1401,666,-11,7,-8
2025-11-17T17:14:13.333283,20,19,18,16,19,19,19,13,13272,-7436,-5999,-1004,1322,-1405,657,-4,4,-5
2025-11-17T17:14:13.356785,21,19,18,17,21,20,18,15,13272,-7436,-6000,-1005,1336,-1392,653,-5,3,-6
2025-11-17T17:14:13.379088,22,18,19,18,22,21,18,15,13269,-7439,-6001,-1010,1335,-1381,615,-22,11,-8
2025-11-17T17:14:13.393198,21,18,20,18,22,21,19,16,13261,-7451,-6003,-1021,1353,-1386,594,-80,26,-19
2025-11-17T17:14:13.416510,21,20,20,17,22,22,18,18,13255,-7464,-5998,-1033,1334,-1414,604,-83,49,-12
2025-11-17T17:14:13.438905,22,21,21,18,22,21,17,18,13252,-7472,-5993,-1038,1312,-1423,641,-52,30,-7
2025-11-17T17:14:13.452950,22,20,21,17,21,19,18,18,13250,-7479,-5988,-1042,1307,-1418,661,-53,16,5
2025-11-17T17:14:13.477076,21,20,20,17,22,17,19,19,13250,-7483,-5983,-1045,1311,-1415,673,-35,14,-2
2025-11-17T17:14:13.498675,21,19,19,18,21,17,19,19,13252,-7484,-5977,-1047,1315,-1423,685,-21,19,1
2025-11-17T17:14:13.513745,18,19,20,17,22,16,20,17,13252,-7485,-5974,-1049,1316,-1390,667,-21,11,5
2025-11-17T17:14:13.536588,19,19,18,17,23,19,21,16,13251,-7487,-5974,-1051,1318,-1393,648,-23,1,3
2025-11-17T17:14:13.559122,19,20,19,17,22,19,19,16,13249,-7490,-5975,-1053,1329,-1415,652,-22,-4,-4
2025-11-17T17:14:13.573261,19,20,19,18,20,18,19,15,13249,-7490,-5974,-1053,1332,-1445,652,2,-14,-4
2025-11-17T17:14:13.596521,20,20,18,17,20,18,18,15,13252,-7485,-5975,-1049,1331,-1431,659,35,-8,4
2025-11-17T17:14:13.618957,21,20,19,19,19,19,19,15,13256,-7477,-5976,-1047,1315,-1397,666,40,-5,-3
2025-11-17T17:14:13.632767,20,20,21,18,19,17,18,16,13256,-7477,-5975,-1047,1318,-1397,664,10,-12,-9
2025-11-17T17:14:13.656430,20,19,20,18,18,17,19,18,13254,-7478,-5980,-1048,1327,-1406,637,-8,-20,-11
2025-11-17T17:14:13.678623,18,19,20,17,21,19,18,17,13253,-7476,-5983,-1047,1326,-1417,649,7,-18,-11
2025-11-17T17:14:13.693270,18,19,20,19,20,20,19,18,13255,-7471,-5987,-1046,1326,-1406,651,26,-17,-9
2025-11-17T17:14:13.716436,18,19,19,18,20,20,19,18,13255,-7467,-5991,-1043,1326,-1411,651,27,-26,-9
2025-11-17T17:14:13.738845,19,18,16,18,21,20,19,20,13255,-7463,-5996,-1041,1338,-1415,659,18,-29,-10
2025-11-17T17:14:13.753209,19,18,18,18,21,23,18,17,13255,-7461,-6000,-1040,1322,-1418,643,16,-24,-12
2025-11-17T17:14:13.783965,20,17,19,21,22,22,19,18,13256,-7457,-6004,-1037,1325,-1413,661,22,-25,-10
2025-11-17T17:14:13.799039,19,19,21,19,23,22,21,19,13255,-7453,-6009,-1036,1326,-1400,650,18,-28,-11
2025-11-17T17:14:13.821469,19,17,22,19,24,22,19,20,13255,-7450,-6015,-1034,1340,-1403,644,20,-31,-12
2025-11-17T17:14:13.836476,19,18,24,18,22,21,19,17,13254,-7447,-6022,-1033,1340,-1411,633,23,-29,-14
2025-11-17T17:14:13.859005,19,17,23,20,24,17,19,17,13253,-7442,-6028,-1031,1339,-1400,647,23,-29,-15
2025-11-17T17:14:13.881494,20,16,21,17,22,16,18,18,13253,-7438,-6033,-1030,1336,-1407,647,21,-29,-14
2025-11-17T17:14:13.896520,20,16,21,17,21,14,16,16,13254,-7433,-6039,-1028,1332,-1405,656,25,-31,-16
2025-11-17T17:14:13.918925,20,17,19,17,21,18,18,15,13254,-7428,-6045,-1026,1345,-1406,652,26,-32,-16
2025-11-17T17:14:13.941517,19,16,19,18,21,19,18,18,13253,-7424,-6051,-1025,1339,-1402,644,23,-30,-19
2025-11-17T17:14:13.956509,19,16,19,16,19,20,18,19,13253,-7420,-6058,-1025,1344,-1395,638,24,-28,-22
2025-11-17T17:14:13.978991,18,18,20,17,20,20,17,17,13251,-7416,-6066,-1026,1350,-1396,633,18,-29,-26
2025-11-17T17:14:14.001159,18,16,20,19,21,22,16,18,13249,-7412,-6074,-1027,1354,-1405,644,14,-34,-28
2025-11-17T17:14:14.016547,18,18,21,18,19,18,16,18,13248,-7407,-6082,-1027,1351,-1399,639,24,-33,-33
2025-11-17T17:14:14.039332,17,19,21,19,19,17,19,17,13247,-7403,-6090,-1028,1339,-1403,645,16,-37,-37
2025-11-17T17:14:14.069109,19,20,21,18,20,17,18,16,13246,-7398,-6098,-1030,1335,-1396,665,14,-41,-40
2025-11-17T17:14:14.078180,19,19,20,20,20,17,19,17,13246,-7391,-6106,-1028,1319,-1403,673,25,-50,-40
2025-11-17T17:14:14.098683,18,18,20,20,18,15,18,17,13246,-7384,-6116,-1027,1327,-1402,684,24,-66,-45
2025-11-17T17:14:14.121124,18,17,21,20,18,16,18,17,13246,-7374,-6128,-1027,1344,-1383,686,31,-72,-54
2025-11-17T17:14:14.135839,19,16,21,20,18,15,15,16,13246,-7362,-6143,-1028,1368,-1367,677,42,-72,-54
2025-11-17T17:14:14.159509,19,18,19,20,17,15,17,17,13244,-7351,-6159,-1027,1367,-1355,640,46,-73,-41
2025-11-17T17:14:14.181402,18,19,21,19,16,17,16,19,13241,-7344,-6174,-1023,1347,-1365,624,40,-75,-36
2025-11-17T17:14:14.195894,19,20,20,19,18,18,18,19,13238,-7339,-6189,-1017,1340,-1387,615,41,-82,-31
2025-11-17T17:14:14.219270,19,21,19,20,19,18,17,19,13234,-7333,-6205,-1010,1359,-1392,609,54,-83,-25
2025-11-17T17:14:14.241394,18,23,18,19,20,18,18,20,13233,-7324,-6219,-1001,1373,-1394,600,74,-75,-17
2025-11-17T17:14:14.256428,16,22,19,19,21,19,17,18,13233,-7314,-6233,-994,1381,-1374,603,79,-59,-20
2025-11-17T17:14:14.278921,18,21,17,19,21,18,17,18,13232,-7304,-6246,-992,1399,-1362,594,60,-43,-27
2025-11-17T17:14:14.301566,18,20,20,18,20,18,16,17,13228,-7301,-6259,-997,1411,-1360,588,16,-32,-39
2025-11-17T17:14:14.316164,17,19,22,18,20,18,17,17,13220,-7303,-6270,-1005,1403,-1371,576,-22,-22,-54
2025-11-17T17:14:14.339058,18,18,21,19,21,17,18,16,13214,-7306,-6279,-1014,1381,-1385,607,-34,-18,-61
2025-11-17T17:14:14.361007,21,16,21,19,21,18,18,18,13209,-7308,-6284,-1025,1372,-1379,627,-41,-12,-64
2025-11-17T17:14:14.376202,20,17,23,18,21,17,18,17,13207,-7308,-6288,-1037,1340,-1303,620,-41,6,-56
2025-11-17T17:14:14.399037,19,17,22,19,23,17,19,18,13204,-7311,-6289,-1051,1337,-1250,624,-68,16,-29
2025-11-17T17:14:14.421488,20,18,20,19,25,18,21,17,13196,-7323,-6290,-1060,1353,-1269,609,-108,-3,8
2025-11-17T17:14:14.435723,19,19,21,19,25,18,20,20,13187,-7339,-6289,-1061,1364,-1341,624,-102,-23,32
2025-11-17T17:14:14.457457,18,18,21,20,25,19,19,18,13183,-7350,-6287,-1057,1378,-1402,645,-56,-25,33
2025-11-17T17:14:14.481485,18,19,19,21,26,19,19,18,13183,-7353,-6283,-1052,1396,-1419,666,-15,-13,29
2025-11-17T17:14:14.504121,19,20,19,21,25,20,18,19,13183,-7355,-6281,-1045,1385,-1427,668,-3,-23,23
2025-11-17T17:14:14.519329,18,19,19,21,22,18,16,18,13182,-7356,-6283,-1040,1392,-1420,679,-17,-42,11
2025-11-17T17:14:14.541605,20,19,19,20,20,19,16,19,13179,-7357,-6288,-1038,1392,-1398,683,-27,-60,-6
2025-11-17T17:14:14.555713,19,20,19,19,20,16,19,19,13174,-7358,-6298,-1036,1401,-1382,646,-19,-71,-12
2025-11-17T17:14:14.578578,18,20,20,19,19,18,19,19,13170,-7356,-6311,-1034,1395,-1369,623,5,-73,-18
2025-11-17T17:14:14.601119,19,21,19,18,19,18,21,17,13167,-7350,-6324,-1031,1394,-1368,617,28,-74,-28
2025-11-17T17:14:14.624112,21,20,20,17,19,19,21,17,13164,-7343,-6340,-1027,1401,-1374,591,43,-71,-35
2025-11-17T17:14:14.638982,18,21,19,17,19,19,20,16,13162,-7333,-6354,-1025,1404,-1371,597,53,-64,-41
2025-11-17T17:14:14.661574,20,19,17,18,18,19,18,15,13160,-7325,-6368,-1024,1400,-1358,587,47,-60,-41
2025-11-17T17:14:14.678261,20,20,19,18,17,18,18,17,13157,-7319,-6382,-1022,1392,-1363,590,32,-64,-37
2025-11-17T17:14:14.699139,19,19,20,21,16,17,16,18,13153,-7315,-6395,-1019,1385,-1376,595,25,-71,-36
2025-11-17T17:14:14.721258,18,19,17,21,19,16,17,18,13150,-7310,-6408,-1014,1391,-1375,596,34,-73,-32
2025-11-17T17:14:14.735950,18,17,20,22,19,16,17,18,13149,-7301,-6420,-1008,1392,-1375,602,56,-67,-27
2025-11-17T17:14:14.759665,18,19,19,22,20,17,17,18,13149,-7292,-6432,-1002,1398,-1348,592,61,-61,-21
2025-11-17T17:14:14.781574,17,17,19,23,21,17,19,16,13148,-7284,-6443,-998,1412,-1349,586,47,-56,-19
2025-11-17T17:14:14.804082,17,17,19,21,21,16,18,18,13145,-7280,-6454,-996,1416,-1358,569,32,-43,-18
2025-11-17T17:14:14.819055,17,18,21,21,18,18,17,17,13143,-7276,-6463,-995,1411,-1331,563,27,-30,-17
2025-11-17T17:14:14.841523,19,18,20,21,21,19,17,19,13140,-7275,-6471,-995,1422,-1337,544,18,-21,-12
