timestamp,EMG_0,EMG_1,EMG_2,EMG_3,EMG_4,EMG_5,EMG_6,EMG_7,quat_0,quat_1,quat_2,quat_3,acc_0,acc_1,acc_2,gyro_0,gyro_1,gyro_2
2025-11-10T20:36:02.556548,375,735,686,591,360,102,146,818,14356,-3368,-4588,5472,687,-1066,1462,-13,15,-19
2025-11-10T20:36:02.582171,325,648,690,600,347,109,126,772,14358,-3370,-4585,5467,671,-1046,1474,-18,19,-22
2025-11-10T20:36:02.597030,335,630,696,513,350,123,135,702,14359,-3373,-4583,5463,685,-1079,1485,-17,19,-18
2025-11-10T20:36:02.611915,343,639,667,437,317,133,140,552,14362,-3373,-4576,5464,636,-1049,1459,19,19,-7
2025-11-10T20:36:02.644722,332,770,682,427,312,129,125,637,14361,-3380,-4576,5461,651,-1067,1434,-27,7,-13
2025-11-10T20:36:02.651482,293,756,747,409,273,122,138,629,14360,-3381,-4577,5461,675,-1117,1466,-7,8,3
2025-11-10T20:36:02.677289,284,794,726,375,281,116,165,688,14363,-3381,-4568,5462,650,-1067,1514,10,26,-1
2025-11-10T20:36:02.695572,263,798,643,383,267,97,166,707,14365,-3382,-4562,5460,686,-1076,1497,1,32,-11
2025-11-10T20:36:02.717676,236,810,637,425,235,92,157,683,14365,-3382,-4562,5460,674,-1083,1489,-8,8,-5
2025-11-10T20:36:02.732133,202,802,653,460,262,96,195,632,14365,-3383,-4562,5460,664,-1083,1479,-5,9,-1
2025-11-10T20:36:02.757515,224,788,594,484,325,95,188,634,14365,-3383,-4561,5460,645,-1084,1482,13,-5,-3
2025-11-10T20:36:02.771774,250,773,561,528,306,102,180,566,14367,-3379,-4560,5460,675,-1060,1463,28,-1,-11
2025-11-10T20:36:02.793726,250,728,581,561,375,110,169,557,14369,-3378,-4555,5458,704,-1075,1478,16,40,-3
2025-11-10T20:36:02.817397,263,686,605,516,369,113,175,606,14372,-3378,-4547,5457,691,-1053,1470,15,50,0
2025-11-10T20:36:02.831655,267,746,695,505,378,109,147,600,14372,-3379,-4546,5457,609,-1081,1453,2,1,3
2025-11-10T20:36:02.862432,236,775,682,528,337,112,155,583,14371,-3377,-4550,5459,660,-1073,1462,15,-34,-7
2025-11-10T20:36:02.877417,223,757,704,523,333,105,150,561,14373,-3370,-4547,5460,697,-1050,1486,32,10,0
2025-11-10T20:36:02.891591,286,872,693,504,257,112,145,611,14374,-3372,-4542,5459,670,-1071,1483,7,30,-2
2025-11-10T20:36:02.922379,272,882,634,534,299,116,141,595,14376,-3374,-4540,5455,671,-1065,1476,-7,17,-19
2025-11-10T20:36:02.937374,272,777,488,529,266,130,128,531,14378,-3373,-4539,5452,662,-1052,1444,8,7,-21
2025-11-10T20:36:02.951744,295,768,556,516,292,133,127,557,14378,-3375,-4542,5448,673,-1085,1449,0,1,-29
2025-11-10T20:36:02.974241,288,777,586,535,314,144,119,577,14381,-3373,-4538,5445,691,-1066,1500,8,23,-17
2025-11-10T20:36:02.997792,220,630,636,493,325,138,120,503,14385,-3375,-4532,5438,677,-1028,1492,-21,46,-25
2025-11-10T20:36:03.011703,251,711,613,480,302,134,137,515,14386,-3385,-4529,5431,686,-1093,1461,-37,48,-23
2025-11-10T20:36:03.034178,283,706,621,461,325,134,128,518,14387,-3384,-4529,5428,670,-1061,1445,15,9,-18
2025-11-10T20:36:03.057141,265,705,582,484,351,140,119,473,14391,-3382,-4529,5421,682,-1024,1464,-9,14,-38
2025-11-10T20:36:03.071696,263,770,547,502,365,133,130,531,14392,-3390,-4528,5413,655,-1061,1463,-46,21,-33
2025-11-10T20:36:03.094183,281,842,547,554,369,137,145,578,14394,-3395,-4526,5405,673,-1083,1475,-18,32,-41
2025-11-10T20:36:03.117411,277,866,564,563,400,133,145,568,14399,-3397,-4520,5397,653,-1043,1494,-21,38,-39
2025-11-10T20:36:03.139474,250,882,553,593,382,133,179,632,14401,-3404,-4518,5388,679,-1079,1486,-37,34,-40
2025-11-10T20:36:03.151862,276,875,518,553,366,127,177,610,14403,-3410,-4514,5383,628,-1076,1478,-23,21,-33
2025-11-10T20:36:03.175559,279,816,536,516,334,126,164,574,14405,-3413,-4511,5378,632,-1075,1475,-9,10,-34
2025-11-10T20:36:03.199910,301,781,584,468,318,121,161,514,14407,-3415,-4511,5373,668,-1074,1493,-14,10,-28
2025-11-10T20:36:03.214094,312,660,605,440,272,115,152,571,14409,-3418,-4506,5368,667,-1089,1477,2,32,-25
2025-11-10T20:36:03.244906,321,596,582,434,288,106,121,547,14413,-3417,-4500,5362,691,-1033,1471,0,54,-21
2025-11-10T20:36:03.251699,321,639,633,450,251,106,124,577,14417,-3423,-4492,5356,631,-1051,1469,-20,46,-27
2025-11-10T20:36:03.282784,346,700,607,403,253,109,131,621,14418,-3431,-4490,5350,664,-1110,1461,-19,33,-32
2025-11-10T20:36:03.297052,329,684,529,412,274,141,122,648,14420,-3426,-4485,5350,653,-1059,1465,35,15,-10
2025-11-10T20:36:03.319709,309,714,642,434,311,150,148,591,14420,-3426,-4485,5350,667,-1040,1473,2,15,-10
2025-11-10T20:36:03.343029,336,747,700,449,295,151,137,672,14421,-3434,-4482,5346,646,-1078,1456,-25,27,-11
2025-11-10T20:36:03.357584,316,755,707,504,288,163,137,671,14420,-3435,-4483,5347,664,-1106,1461,10,14,-10
2025-11-10T20:36:03.388023,294,716,724,584,321,159,151,591,14422,-3432,-4478,5347,646,-1042,1468,21,14,-5
2025-11-10T20:36:03.394943,334,867,817,603,364,130,174,601,14421,-3438,-4479,5344,644,-1074,1443,-23,3,-12
2025-11-10T20:36:03.417432,374,923,739,576,371,166,164,667,14422,-3443,-4478,5341,665,-1110,1459,1,23,-17
2025-11-10T20:36:03.439914,344,937,695,566,384,173,168,563,14425,-3440,-4470,5340,678,-1021,1484,11,42,1
2025-11-10T20:36:03.454217,366,941,689,563,395,163,175,618,14424,-3455,-4466,5337,637,-1102,1451,-50,46,3
2025-11-10T20:36:03.484929,364,937,655,525,375,177,173,646,14424,-3463,-4459,5338,630,-1114,1445,3,40,4
2025-11-10T20:36:03.500061,331,871,631,555,320,179,151,653,14424,-3464,-4458,5338,613,-1067,1443,6,-5,-1
2025-11-10T20:36:03.513842,300,814,597,570,286,142,135,577,14424,-3464,-4459,5338,669,-1077,1468,0,-14,2
2025-11-10T20:36:03.537522,292,831,727,550,315,138,131,551,14425,-3465,-4454,5339,655,-1069,1498,1,18,6
2025-11-10T20:36:03.559843,328,809,715,536,307,148,130,573,14426,-3471,-4450,5336,651,-1075,1491,-24,30,-5
2025-11-10T20:36:03.574718,326,822,768,527,297,141,120,530,14427,-3473,-4447,5333,637,-1068,1456,-1,19,-19
2025-11-10T20:36:03.597600,337,800,708,515,295,139,146,503,14428,-3478,-4445,5329,635,-1082,1453,-14,16,-22
2025-11-10T20:36:03.620017,348,787,735,570,285,145,215,531,14428,-3479,-4445,5329,628,-1097,1473,-6,-11,-1
2025-11-10T20:36:03.634268,342,725,675,693,245,159,219,538,14428,-3479,-4444,5330,637,-1071,1510,3,3,-3
2025-11-10T20:36:03.664886,305,766,707,683,232,145,215,421,14434,-3476,-4435,5322,669,-1034,1507,7,57,-36
2025-11-10T20:36:03.679992,311,788,673,670,231,134,218,425,14434,-3487,-4431,5318,615,-1119,1440,-21,33,-19
2025-11-10T20:36:03.694072,379,764,659,646,279,155,203,424,14436,-3480,-4430,5319,639,-1065,1473,38,-10,-12
2025-11-10T20:36:03.716991,362,764,698,620,277,157,125,356,14439,-3478,-4429,5314,625,-1036,1466,4,0,-33
2025-11-10T20:36:03.740075,393,864,715,486,306,139,132,467,14439,-3484,-4432,5306,656,-1084,1473,-40,7,-40
2025-11-10T20:36:03.753960,385,769,722,461,309,141,133,457,14439,-3488,-4431,5304,675,-1097,1484,-10,24,-5
2025-11-10T20:36:03.777532,395,688,709,488,314,160,120,455,14440,-3494,-4426,5301,631,-1087,1464,-12,33,-9
2025-11-10T20:36:03.800007,324,676,712,476,261,142,122,453,14440,-3498,-4423,5302,640,-1088,1471,-4,17,2
2025-11-10T20:36:03.814252,327,727,765,519,305,143,124,499,14440,-3500,-4419,5303,642,-1077,1472,2,17,10
2025-11-10T20:36:03.837484,288,645,705,536,302,147,105,378,14444,-3499,-4410,5302,656,-1053,1505,15,45,3
2025-11-10T20:36:03.859951,284,701,670,524,305,144,111,581,14446,-3503,-4401,5300,630,-1056,1480,-10,49,-4
2025-11-10T20:36:03.874139,289,726,746,487,313,126,139,618,14446,-3509,-4397,5299,607,-1095,1463,-13,17,-10
2025-11-10T20:36:03.897450,277,691,794,530,328,129,154,648,14447,-3511,-4398,5295,642,-1078,1469,-11,2,-20
2025-11-10T20:36:03.919987,268,701,778,566,389,117,168,650,14449,-3511,-4393,5293,637,-1045,1486,0,27,-9
2025-11-10T20:36:03.934235,264,626,777,641,367,107,171,677,14453,-3517,-4384,5287,666,-1078,1490,-19,74,-10
2025-11-10T20:36:03.957283,257,616,742,626,358,107,167,543,14454,-3522,-4374,5288,638,-1091,1482,5,55,13
2025-11-10T20:36:03.979865,272,638,714,623,352,110,183,575,14454,-3525,-4370,5288,642,-1102,1475,9,27,4
2025-11-10T20:36:03.994059,310,785,660,757,376,123,168,539,14455,-3525,-4369,5288,621,-1039,1506,1,4,13
2025-11-10T20:36:04.016689,317,718,556,692,251,124,155,519,14454,-3527,-4370,5289,613,-1047,1466,-20,-9,1
2025-11-10T20:36:04.039927,324,734,560,595,238,121,153,514,14449,-3536,-4380,5287,650,-1114,1447,-41,-30,-6
2025-11-10T20:36:04.053955,353,822,725,685,308,136,154,607,14448,-3536,-4383,5287,658,-1110,1451,18,-9,-3
2025-11-10T20:36:04.076639,330,882,719,761,327,136,98,547,14451,-3531,-4378,5289,645,-1022,1480,17,20,11
2025-11-10T20:36:04.107390,289,818,711,580,293,118,111,583,14450,-3541,-4376,5285,617,-1071,1465,-47,25,-5
2025-11-10T20:36:04.114259,282,913,704,612,316,115,107,560,14450,-3542,-4376,5286,625,-1120,1458,-10,9,-11
2025-11-10T20:36:04.136832,306,926,806,661,338,121,102,571,14454,-3538,-4370,5282,624,-1046,1496,17,21,-27
2025-11-10T20:36:04.159882,270,888,687,661,301,114,110,477,14456,-3540,-4365,5278,622,-1063,1482,-11,26,-17
2025-11-10T20:36:04.174147,280,893,632,608,269,107,166,530,14458,-3546,-4358,5275,622,-1125,1473,4,48,-18
2025-11-10T20:36:04.196618,277,827,670,680,267,110,187,486,14460,-3547,-4355,5272,641,-1101,1482,9,23,-17
2025-11-10T20:36:04.219831,266,732,749,660,302,146,199,518,14460,-3547,-4354,5272,619,-1075,1509,0,11,-11
2025-11-10T20:36:04.242359,244,804,703,648,303,151,198,516,14463,-3547,-4348,5269,620,-1049,1524,-10,26,-18
2025-11-10T20:36:04.256728,249,752,722,571,275,144,192,525,14466,-3553,-4340,5264,623,-1103,1503,-13,49,-20
2025-11-10T20:36:04.279556,232,703,761,545,277,146,157,498,14466,-3557,-4339,5260,607,-1087,1458,-11,13,-24
2025-11-10T20:36:04.302437,257,753,742,497,368,152,119,499,14469,-3557,-4336,5256,632,-1073,1474,6,18,-23
2025-11-10T20:36:04.316778,265,804,719,479,356,131,98,467,14473,-3551,-4331,5252,646,-1071,1504,28,27,-25
2025-11-10T20:36:04.339728,315,749,646,438,342,132,99,457,14477,-3550,-4323,5250,629,-1080,1468,33,49,-16
2025-11-10T20:36:04.362395,316,714,619,456,339,133,115,455,14477,-3554,-4319,5249,599,-1090,1437,6,22,-8
2025-11-10T20:36:04.385049,355,715,711,613,435,150,105,481,14476,-3558,-4322,5246,639,-1063,1451,-20,3,-6
2025-11-10T20:36:04.399981,363,722,758,637,371,146,112,468,14478,-3559,-4316,5245,592,-1058,1474,3,19,-15
2025-11-10T20:36:04.422557,405,742,757,654,387,143,135,506,14480,-3560,-4317,5239,637,-1063,1456,-6,14,-27
2025-11-10T20:36:04.434564,380,752,742,655,403,146,143,522,14481,-3561,-4315,5237,628,-1103,1478,10,16,-17
2025-11-10T20:36:04.458389,379,806,760,637,420,150,137,540,14481,-3563,-4315,5235,616,-1038,1471,-23,-1,-8
2025-11-10T20:36:04.482110,333,834,731,604,392,151,139,485,14480,-3571,-4315,5233,620,-1096,1500,-37,7,-3
2025-11-10T20:36:04.496659,307,791,715,619,395,159,160,560,14484,-3568,-4307,5230,625,-1088,1502,27,37,-19
2025-11-10T20:36:04.520090,248,791,645,633,352,154,148,588,14486,-3569,-4304,5226,615,-1048,1500,-18,20,-19
2025-11-10T20:36:04.542209,222,753,699,672,332,146,141,562,14486,-3578,-4303,5222,633,-1106,1491,-39,20,-12
2025-11-10T20:36:04.556674,225,741,668,787,363,164,137,498,14488,-3578,-4297,5220,637,-1099,1521,13,37,-7
2025-11-10T20:36:04.579496,231,680,639,730,295,153,136,532,14495,-3571,-4285,5218,595,-1015,1493,38,44,-21
2025-11-10T20:36:04.602438,252,711,578,677,279,144,126,533,14494,-3578,-4283,5215,612,-1118,1486,-21,15,-13
2025-11-10T20:36:04.616681,252,603,586,726,297,154,119,460,14494,-3584,-4284,5212,587,-1103,1451,-9,2,-24
2025-11-10T20:36:04.641517,239,655,673,681,295,155,120,448,14494,-3584,-4283,5212,588,-1036,1441,-8,-13,-16
2025-11-10T20:36:04.661893,228,688,673,591,250,132,112,475,14490,-3592,-4295,5207,671,-1119,1479,-51,-24,-17
2025-11-10T20:36:04.676058,239,782,652,606,335,121,134,457,14492,-3586,-4291,5208,639,-1084,1489,43,17,-1
2025-11-10T20:36:04.699494,202,788,638,610,343,143,116,342,14492,-3588,-4290,5208,613,-1063,1490,-17,-3,3
2025-11-10T20:36:04.722416,222,849,741,658,382,145,120,400,14492,-3589,-4290,5209,609,-1082,1479,-6,-7,13
2025-11-10T20:36:04.736930,265,842,635,660,389,148,120,404,14492,-3589,-4290,5209,610,-1079,1477,-7,-9,-1
2025-11-10T20:36:04.759936,267,795,680,667,402,164,144,406,14489,-3594,-4292,5210,623,-1099,1484,-22,-6,10
2025-11-10T20:36:04.782310,246,661,708,642,327,178,122,368,14486,-3598,-4293,5215,578,-1109,1460,4,-29,12
2025-11-10T20:36:04.804866,248,608,736,663,326,163,113,361,14487,-3597,-4293,5215,614,-1037,1491,4,-5,11
2025-11-10T20:36:04.819885,231,502,716,611,315,142,106,300,14484,-3605,-4294,5215,597,-1076,1497,-51,-11,4
2025-11-10T20:36:04.842083,267,701,769,645,335,138,107,545,14484,-3607,-4294,5215,590,-1113,1462,-8,-11,-8
2025-11-10T20:36:04.856368,294,716,813,680,330,132,75,577,14482,-3605,-4296,5220,583,-1072,1460,12,-34,15
2025-11-10T20:36:04.879870,290,708,741,678,354,130,83,584,14480,-3611,-4294,5222,606,-1085,1483,-20,5,15
2025-11-10T20:36:04.902359,302,727,784,677,358,132,88,593,14478,-3617,-4292,5226,614,-1095,1489,-19,8,26
2025-11-10T20:36:04.916684,301,776,743,669,383,144,95,647,14476,-3624,-4287,5230,576,-1078,1458,-19,12,24
2025-11-10T20:36:04.939924,261,588,760,650,381,152,129,550,14472,-3631,-4291,5233,593,-1087,1464,-37,-25,23
2025-11-10T20:36:04.962414,215,533,673,576,370,141,136,505,14468,-3637,-4293,5239,610,-1091,1487,-28,-19,34
2025-11-10T20:36:04.976661,235,622,701,716,435,144,132,528,14467,-3641,-4288,5242,627,-1068,1511,-22,25,37
2025-11-10T20:36:04.999926,278,722,749,723,433,149,136,587,14465,-3653,-4285,5243,619,-1123,1498,-47,24,23
2025-11-10T20:36:05.022434,347,719,784,666,384,144,150,642,14463,-3657,-4283,5245,609,-1109,1472,-8,13,16
2025-11-10T20:36:05.036635,348,746,772,720,370,135,129,554,14462,-3659,-4283,5247,632,-1102,1484,-7,3,16
2025-11-10T20:36:05.060136,411,857,788,738,392,130,125,567,14459,-3667,-4283,5250,624,-1130,1500,-26,7,24
2025-11-10T20:36:05.082746,413,834,770,583,290,111,126,601,14460,-3667,-4276,5254,631,-1120,1490,26,35,29
2025-11-10T20:36:05.096516,386,749,658,555,290,100,117,547,14458,-3668,-4274,5260,586,-1059,1445,4,-3,30
2025-11-10T20:36:05.120015,319,831,657,609,318,114,105,424,14456,-3669,-4281,5260,653,-1079,1478,-25,-21,15
2025-11-10T20:36:05.144313,330,863,653,570,331,123,121,461,14456,-3673,-4276,5261,601,-1147,1479,11,26,1
2025-11-10T20:36:05.156544,254,763,644,598,322,125,123,517,14457,-3672,-4272,5261,593,-1092,1456,25,15,-3
2025-11-10T20:36:05.179464,236,805,674,633,333,132,125,491,14456,-3674,-4274,5260,634,-1082,1446,-17,6,2
2025-11-10T20:36:05.202007,249,831,671,692,351,148,147,588,14454,-3682,-4276,5260,610,-1122,1471,-28,3,9
2025-11-10T20:36:05.225082,295,806,669,718,325,141,145,714,14457,-3677,-4270,5260,593,-1057,1471,28,17,-5
2025-11-10T20:36:05.240024,254,736,701,730,334,132,121,703,14457,-3677,-4270,5260,598,-1103,1474,1,7,-13
2025-11-10T20:36:05.262082,252,781,680,696,313,132,117,670,14456,-3678,-4271,5260,651,-1162,1472,-6,9,6
2025-11-10T20:36:05.284984,329,741,652,680,321,133,176,703,14454,-3679,-4268,5268,598,-1093,1471,7,-3,44
2025-11-10T20:36:05.299944,320,764,703,673,353,144,181,643,14451,-3683,-4267,5276,560,-1056,1468,-20,-18,41
2025-11-10T20:36:05.322470,279,732,689,700,405,166,187,505,14451,-3682,-4266,5276,600,-1057,1499,-6,3,1
2025-11-10T20:36:05.344389,285,732,654,655,390,168,188,494,14451,-3683,-4266,5276,590,-1132,1473,-9,4,-6
2025-11-10T20:36:05.359534,291,718,673,634,391,171,193,466,14448,-3685,-4271,5279,590,-1145,1453,12,-32,4
2025-11-10T20:36:05.382342,278,853,726,625,379,166,144,377,14445,-3681,-4276,5284,602,-1077,1472,7,-49,16
2025-11-10T20:36:05.404576,268,808,738,588,370,156,117,402,14444,-3682,-4277,5287,596,-1082,1493,-15,-17,12
2025-11-10T20:36:05.419924,299,751,717,492,328,137,109,414,14447,-3677,-4274,5286,609,-1070,1494,21,9,-10
2025-11-10T20:36:05.443147,331,771,689,542,329,138,154,464,14446,-3678,-4273,5286,569,-1105,1436,-4,-11,-14
2025-11-10T20:36:05.464872,337,722,693,585,340,137,160,498,14445,-3679,-4281,5283,649,-1115,1475,-19,-19,-15
2025-11-10T20:36:05.479433,324,563,654,584,341,148,158,493,14444,-3683,-4278,5284,607,-1117,1489,-7,18,13
2025-11-10T20:36:05.502851,352,719,698,570,307,130,182,556,14446,-3683,-4270,5286,582,-1087,1470,19,30,9
2025-11-10T20:36:05.525188,331,772,728,585,302,129,190,641,14443,-3687,-4274,5287,622,-1106,1472,-24,-15,11
2025-11-10T20:36:05.540053,294,850,761,586,324,132,168,655,14443,-3690,-4273,5288,637,-1143,1480,8,21,15
2025-11-10T20:36:05.559440,317,939,754,611,406,153,157,660,14445,-3687,-4266,5291,621,-1067,1490,19,32,23
2025-11-10T20:36:05.582313,273,920,757,666,400,148,153,661,14446,-3687,-4258,5293,594,-1096,1490,15,28,14
2025-11-10T20:36:05.597021,253,865,840,690,404,151,128,598,14444,-3689,-4261,5296,601,-1104,1452,-2,-12,16
2025-11-10T20:36:05.620199,257,828,794,650,427,161,127,487,14443,-3689,-4261,5296,606,-1118,1459,10,-12,2
2025-11-10T20:36:05.642392,281,698,789,619,423,151,143,472,14443,-3686,-4261,5299,593,-1093,1475,19,-14,6
2025-11-10T20:36:05.657368,247,671,814,581,409,137,151,430,14441,-3689,-4262,5300,578,-1071,1455,-19,-12,9
2025-11-10T20:36:05.682273,243,687,896,564,411,129,153,412,14439,-3697,-4265,5298,600,-1101,1443,-36,1,-3
2025-11-10T20:36:05.704891,229,657,784,585,406,125,156,349,14438,-3704,-4266,5296,594,-1133,1455,-21,7,-8
2025-11-10T20:36:05.719221,223,658,819,713,376,108,139,316,14438,-3703,-4266,5296,622,-1066,1506,-1,9,-5
2025-11-10T20:36:05.742189,202,699,763,742,377,107,125,325,14437,-3710,-4265,5295,597,-1086,1485,-43,11,5
2025-11-10T20:36:05.764202,244,701,758,721,300,110,144,414,14433,-3720,-4267,5296,594,-1121,1472,-53,-5,22
2025-11-10T20:36:05.779139,235,681,635,757,351,110,145,462,14432,-3724,-4268,5298,611,-1116,1469,-10,2,16
2025-11-10T20:36:05.801984,242,670,600,756,350,115,138,473,14431,-3728,-4264,5300,581,-1094,1484,-22,12,16
2025-11-10T20:36:05.824920,249,743,557,654,356,108,137,499,14428,-3738,-4264,5301,568,-1103,1448,-43,2,17
2025-11-10T20:36:05.839134,255,747,538,620,324,120,130,471,14425,-3746,-4266,5302,592,-1122,1459,-34,-2,13
2025-11-10T20:36:05.862974,220,685,554,656,325,124,110,460,14421,-3753,-4269,5306,579,-1124,1452,-27,-22,23
2025-11-10T20:36:05.884884,222,689,608,563,268,118,107,447,14421,-3751,-4272,5305,652,-1072,1493,-23,1,10
2025-11-10T20:36:05.899294,263,786,696,509,333,121,102,433,14419,-3755,-4271,5308,583,-1112,1485,-19,-4,20
2025-11-10T20:36:05.922382,278,760,687,483,304,126,106,427,14418,-3763,-4270,5308,585,-1140,1454,-19,16,1
2025-11-10T20:36:05.944909,281,731,675,455,325,127,99,434,14415,-3769,-4269,5312,556,-1118,1452,-22,-11,21
2025-11-10T20:36:05.958698,313,841,679,451,322,109,82,431,14410,-3774,-4277,5313,615,-1116,1460,-36,-32,16
2025-11-10T20:36:05.982368,330,949,692,533,365,113,79,414,14409,-3773,-4279,5316,613,-1102,1462,-2,-9,18
2025-11-10T20:36:06.004674,296,857,594,600,298,123,87,420,14410,-3776,-4275,5313,629,-1111,1497,-20,39,5
2025-11-10T20:36:06.019220,272,836,590,681,308,121,93,424,14412,-3779,-4267,5314,582,-1119,1467,2,36,9
2025-11-10T20:36:06.042451,273,841,594,704,325,111,91,497,14408,-3783,-4273,5315,585,-1118,1445,-22,-32,4
2025-11-10T20:36:06.064861,237,823,625,709,336,118,98,452,14405,-3786,-4282,5316,606,-1129,1455,-27,-40,2
2025-11-10T20:36:06.079225,283,755,616,702,354,120,104,445,14405,-3786,-4282,5316,578,-1128,1463,4,1,7
2025-11-10T20:36:06.102389,302,818,658,699,412,112,115,466,14408,-3786,-4275,5313,612,-1108,1491,2,44,-5
2025-11-10T20:36:06.124942,327,849,638,604,401,112,114,504,14406,-3794,-4269,5316,567,-1142,1434,-8,29,20
2025-11-10T20:36:06.146875,315,841,639,593,372,112,111,404,14402,-3797,-4274,5321,566,-1113,1415,-6,-35,22
2025-11-10T20:36:06.160337,330,786,644,565,372,112,121,418,14397,-3800,-4282,5327,578,-1106,1433,-23,-52,26
2025-11-10T20:36:06.190870,283,807,642,542,342,116,117,449,14396,-3800,-4285,5326,606,-1109,1494,-23,-15,3
2025-11-10T20:36:06.207360,287,738,688,565,283,111,107,459,14395,-3807,-4282,5327,596,-1160,1450,-12,26,9
2025-11-10T20:36:06.222208,288,735,694,594,321,104,116,531,14394,-3813,-4277,5329,582,-1144,1458,-6,25,20
2025-11-10T20:36:06.245049,330,764,695,677,347,122,134,568,14392,-3818,-4276,5332,596,-1126,1481,-28,6,28
2025-11-10T20:36:06.267264,348,818,648,692,341,126,119,551,14392,-3819,-4275,5332,540,-1134,1477,-14,0,13
2025-11-10T20:36:06.282366,345,747,626,818,330,123,120,594,14393,-3814,-4277,5333,599,-1110,1490,7,-23,-7
2025-11-10T20:36:06.304923,350,812,572,851,317,132,132,631,14394,-3812,-4275,5333,604,-1142,1490,16,7,-3
2025-11-10T20:36:06.334679,359,769,591,857,291,142,120,544,14394,-3815,-4269,5334,570,-1161,1447,20,27,2
2025-11-10T20:36:06.342585,323,751,596,786,310,139,107,500,14395,-3814,-4266,5336,600,-1120,1453,16,17,18
2025-11-10T20:36:06.365065,274,728,651,764,336,142,123,521,14394,-3814,-4263,5342,576,-1100,1459,6,1,29
2025-11-10T20:36:06.387474,317,808,640,623,328,143,133,487,14393,-3814,-4263,5341,602,-1128,1456,-13,-13,10
2025-11-10T20:36:06.402400,337,831,768,574,359,155,134,461,14393,-3814,-4263,5341,600,-1127,1466,1,-14,14
2025-11-10T20:36:06.425060,309,841,793,630,392,157,149,528,14392,-3816,-4263,5343,598,-1109,1475,-17,2,17
2025-11-10T20:36:06.447355,313,854,785,642,360,147,159,576,14392,-3819,-4259,5346,597,-1136,1478,-7,19,24
2025-11-10T20:36:06.462332,319,782,700,633,329,134,159,553,14391,-3817,-4257,5350,566,-1133,1436,34,-1,15
2025-11-10T20:36:06.484488,300,741,717,666,382,150,172,561,14389,-3814,-4262,5354,596,-1092,1459,-1,-36,18
2025-11-10T20:36:06.514956,253,699,564,597,353,129,166,572,14389,-3814,-4262,5354,595,-1127,1467,-15,-6,-11
2025-11-10T20:36:06.521790,234,672,488,544,333,124,163,519,14390,-3814,-4259,5355,588,-1158,1465,23,12,-2
2025-11-10T20:36:06.544946,237,670,519,554,327,123,152,475,14390,-3814,-4259,5355,563,-1132,1452,13,11,5
2025-11-10T20:36:06.567640,251,719,527,593,324,126,160,488,14388,-3818,-4260,5355,598,-1111,1457,-22,4,10
2025-11-10T20:36:06.581742,249,701,557,523,251,107,156,509,14388,-3818,-4259,5355,565,-1124,1453,-6,4,6
2025-11-10T20:36:06.604452,232,713,615,526,299,110,155,483,14389,-3817,-4262,5354,580,-1095,1476,-17,-16,-11
2025-11-10T20:36:06.627067,251,741,688,550,336,130,154,456,14387,-3825,-4266,5350,584,-1161,1469,-40,-10,-18
2025-11-10T20:36:06.641119,246,731,687,554,358,132,151,446,14388,-3824,-4262,5351,584,-1145,1468,20,15,-1
2025-11-10T20:36:06.664486,247,699,764,515,377,136,129,535,14385,-3827,-4265,5353,562,-1099,1441,-23,-22,12
2025-11-10T20:36:06.686642,211,682,741,544,397,140,115,512,14381,-3832,-4267,5358,559,-1172,1442,-6,-24,17
2025-11-10T20:36:06.701301,225,701,752,609,411,152,110,562,14382,-3826,-4267,5360,630,-1134,1494,31,0,15
2025-11-10T20:36:06.724570,238,722,698,576,362,145,105,611,14384,-3827,-4259,5361,598,-1114,1513,-10,40,18
2025-11-10T20:36:06.747382,230,714,734,559,365,141,114,619,14383,-3833,-4257,5362,602,-1166,1482,-14,20,14
2025-11-10T20:36:06.761142,232,831,685,635,354,139,114,524,14383,-3833,-4257,5362,603,-1132,1484,8,-1,15
2025-11-10T20:36:06.792419,269,935,733,635,389,152,133,610,14382,-3832,-4254,5365,595,-1136,1482,11,7,23
2025-11-10T20:36:06.807084,303,950,630,629,352,150,144,541,14385,-3825,-4248,5369,564,-1097,1484,39,6,10
2025-11-10T20:36:06.821686,302,936,656,718,342,136,136,503,14384,-3824,-4248,5371,560,-1122,1438,16,-14,0
2025-11-10T20:36:06.845392,304,940,637,725,332,136,128,491,14384,-3819,-4250,5374,589,-1117,1426,30,-12,9
2025-11-10T20:36:06.867429,302,876,663,693,379,137,146,579,14380,-3823,-4254,5377,590,-1149,1443,-10,-20,19
2025-11-10T20:36:06.882106,355,866,670,727,337,150,142,611,14380,-3823,-4253,5378,559,-1115,1481,7,-4,7
2025-11-10T20:36:06.904778,344,883,664,791,324,144,132,628,14380,-3824,-4253,5378,550,-1131,1464,7,-10,4
2025-11-10T20:36:06.929083,326,871,655,678,321,140,137,633,14377,-3830,-4260,5376,623,-1149,1449,-40,-8,6
2025-11-10T20:36:06.942280,329,879,665,673,339,146,160,663,14372,-3839,-4260,5383,576,-1157,1454,-22,-4,45
2025-11-10T20:36:06.964794,315,837,711,725,352,153,152,644,14374,-3835,-4256,5386,590,-1110,1498,13,8,16
2025-11-10T20:36:06.987397,216,767,651,724,412,144,134,478,14374,-3835,-4255,5386,567,-1130,1481,9,6,-12
2025-11-10T20:36:07.001949,159,603,658,615,411,136,130,446,14373,-3832,-4258,5387,568,-1154,1446,27,-27,-12
2025-11-10T20:36:07.024977,185,582,654,630,412,138,135,406,14370,-3826,-4268,5392,544,-1131,1445,20,-85,-6
2025-11-10T20:36:07.047351,199,530,627,642,426,136,169,553,14367,-3823,-4281,5394,543,-1118,1454,-9,-94,-21
2025-11-10T20:36:07.069879,220,641,572,583,410,133,168,512,14365,-3823,-4292,5389,582,-1117,1452,-33,-56,-37
2025-11-10T20:36:07.085043,234,668,694,588,408,164,186,551,14369,-3819,-4293,5379,603,-1097,1450,1,12,-56
2025-11-10T20:36:07.107347,244,745,718,613,417,166,193,583,14369,-3829,-4296,5371,629,-1164,1493,-64,20,-24
2025-11-10T20:36:07.129881,265,899,751,645,434,173,197,628,14369,-3834,-4293,5370,584,-1180,1468,-5,23,-6
2025-11-10T20:36:07.144394,268,960,780,616,402,173,149,461,14369,-3834,-4293,5370,600,-1137,1485,1,3,1
2025-11-10T20:36:07.164974,250,955,772,599,368,166,152,506,14369,-3834,-4293,5369,627,-1147,1500,-1,14,0
2025-11-10T20:36:07.187691,242,887,721,573,314,118,144,516,14369,-3833,-4290,5373,578,-1150,1473,21,3,10
2025-11-10T20:36:07.203342,239,842,765,529,297,115,133,480,14369,-3832,-4290,5373,590,-1117,1455,6,-5,6
2025-11-10T20:36:07.227280,204,710,788,498,283,106,122,435,14368,-3830,-4289,5377,598,-1158,1467,28,-9,15
2025-11-10T20:36:07.249634,254,712,816,541,376,132,133,473,14368,-3824,-4291,5380,592,-1129,1451,32,-22,8
2025-11-10T20:36:07.264969,302,726,819,519,366,131,121,506,14368,-3818,-4289,5386,581,-1101,1456,32,-12,21
2025-11-10T20:36:07.287380,335,849,826,531,339,128,101,450,14369,-3816,-4286,5387,583,-1105,1444,18,11,6
2025-11-10T20:36:07.310133,338,856,793,591,342,130,131,513,14370,-3817,-4280,5389,579,-1122,1431,14,26,12
2025-11-10T20:36:07.324866,329,847,761,567,348,135,136,540,14367,-3820,-4285,5392,584,-1148,1415,2,-21,12
2025-11-10T20:36:07.347787,302,791,792,601,287,156,140,567,14364,-3815,-4289,5398,567,-1104,1454,15,-52,18
2025-11-10T20:36:07.369880,262,715,836,673,388,172,172,528,14365,-3814,-4289,5398,602,-1079,1487,13,11,3
2025-11-10T20:36:07.384590,207,543,773,615,388,169,180,596,14364,-3823,-4283,5399,570,-1154,1473,-24,36,16
2025-11-10T20:36:07.407170,200,545,799,565,397,166,162,538,14364,-3825,-4278,5400,584,-1166,1451,21,23,6
2025-11-10T20:36:07.437430,207,568,780,609,405,169,163,563,14364,-3822,-4279,5402,581,-1102,1473,-2,-20,8
2025-11-10T20:36:07.444162,163,634,703,555,365,139,148,520,14361,-3825,-4284,5403,573,-1116,1467,-28,-29,2
2025-11-10T20:36:07.467152,155,588,611,536,290,130,115,493,14361,-3823,-4287,5404,567,-1146,1440,18,-27,-14
2025-11-10T20:36:07.489846,173,633,655,598,305,138,116,414,14364,-3815,-4288,5400,613,-1083,1490,10,-7,-26
2025-11-10T20:36:07.504461,186,641,606,624,299,138,134,553,14363,-3826,-4289,5395,586,-1163,1466,-55,15,-15
2025-11-10T20:36:07.528956,190,586,661,591,273,126,131,590,14362,-3827,-4289,5395,559,-1154,1427,-3,4,6
2025-11-10T20:36:07.550120,207,501,688,618,328,117,126,607,14360,-3826,-4294,5398,580,-1136,1450,5,-36,5
2025-11-10T20:36:07.564082,207,535,683,610,294,111,128,595,14358,-3826,-4297,5400,603,-1147,1460,1,-17,11
2025-11-10T20:36:07.590917,209,570,727,635,337,100,119,633,14360,-3825,-4290,5401,600,-1142,1468,-16,28,5
2025-11-10T20:36:07.608508,195,576,707,618,337,106,94,533,14360,-3827,-4285,5404,599,-1165,1486,12,23,20
2025-11-10T20:36:07.631610,198,651,686,621,366,106,92,433,14361,-3824,-4279,5410,541,-1107,1473,26,-4,22
2025-11-10T20:36:07.649064,185,766,693,606,329,103,111,462,14359,-3824,-4277,5416,543,-1119,1451,8,-17,18
2025-11-10T20:36:07.669646,173,745,709,577,335,102,103,499,14359,-3822,-4272,5421,548,-1135,1475,23,-7,15
2025-11-10T20:36:07.691310,163,756,644,549,305,117,110,502,14359,-3821,-4267,5427,548,-1130,1487,17,-4,22
2025-11-10T20:36:07.711106,175,746,657,502,339,132,125,543,14358,-3821,-4267,5427,580,-1147,1457,7,3,10
2025-11-10T20:36:07.729123,213,722,654,477,313,138,119,599,14358,-3819,-4263,5433,561,-1126,1460,29,2,24
2025-11-10T20:36:07.751881,212,651,576,537,304,157,114,561,14358,-3819,-4262,5433,567,-1119,1460,6,-2,12
2025-11-10T20:36:07.771057,210,736,644,549,299,160,136,536,14357,-3819,-4261,5437,571,-1133,1480,4,-9,22
2025-11-10T20:36:07.789170,213,683,640,495,287,158,143,551,14355,-3818,-4259,5444,586,-1152,1465,24,-2,32
2025-11-10T20:36:07.811279,209,670,702,500,254,147,148,572,14355,-3815,-4255,5450,602,-1121,1472,29,14,38
2025-11-10T20:36:07.830982,179,719,664,582,251,144,153,529,14355,-3813,-4250,5455,598,-1115,1466,23,19,37
2025-11-10T20:36:07.856634,233,702,699,599,276,123,153,568,14355,-3810,-4248,5459,586,-1099,1467,14,3,23
2025-11-10T20:36:07.871702,263,638,660,603,317,125,146,599,14355,-3806,-4248,5461,565,-1119,1454,23,-14,-2
2025-11-10T20:36:07.891194,265,785,752,777,340,127,143,562,14355,-3806,-4248,5461,605,-1136,1466,12,0,-12
2025-11-10T20:36:07.908729,261,822,724,783,345,124,127,488,14356,-3802,-4245,5464,589,-1142,1443,42,13,13
2025-11-10T20:36:07.931615,256,805,716,750,338,128,148,596,14354,-3801,-4246,5468,585,-1128,1437,19,-7,19
2025-11-10T20:36:07.950951,217,796,681,699,319,130,148,616,14355,-3801,-4247,5467,596,-1083,1454,5,9,10
2025-11-10T20:36:07.969208,191,811,660,664,284,117,139,591,14355,-3805,-4245,5464,598,-1116,1477,-27,27,-1
2025-11-10T20:36:07.991722,210,691,574,467,272,118,158,617,14357,-3804,-4241,5463,570,-1143,1456,22,19,-11
2025-11-10T20:36:08.011283,240,668,645,591,262,133,161,698,14357,-3800,-4241,5465,534,-1105,1453,24,-26,-9
2025-11-10T20:36:08.029134,241,629,685,651,280,148,138,706,14357,-3795,-4244,5467,578,-1130,1458,26,-26,-6
2025-11-10T20:36:08.051718,230,663,772,657,306,154,129,655,14357,-3794,-4244,5467,577,-1082,1471,10,7,1
2025-11-10T20:36:08.071005,224,596,765,649,291,152,125,637,14357,-3794,-4244,5467,562,-1132,1476,-2,15,6
2025-11-10T20:36:08.093125,220,618,769,720,250,140,96,596,14360,-3793,-4240,5464,587,-1109,1469,6,28,-13
2025-11-10T20:36:08.111644,196,695,736,626,302,149,95,542,14361,-3794,-4238,5461,556,-1089,1444,-8,9,-19
2025-11-10T20:36:08.139119,170,710,695,540,300,146,91,392,14356,-3804,-4247,5461,545,-1163,1433,-46,-44,0
2025-11-10T20:36:08.150005,188,715,625,577,291,141,97,396,14356,-3804,-4247,5461,589,-1130,1498,7,2,9
2025-11-10T20:36:08.185959,195,741,592,613,316,147,105,413,14356,-3804,-4246,5462,547,-1121,1477,-15,7,15
2025-11-10T20:36:08.188165,211,888,610,584,365,146,101,533,14357,-3805,-4245,5461,596,-1110,1478,-13,18,4
2025-11-10T20:36:08.207504,223,863,581,618,338,127,118,522,14357,-3809,-4239,5462,556,-1139,1462,0,24,11
2025-11-10T20:36:08.231687,231,887,631,626,338,109,119,515,14356,-3810,-4239,5462,573,-1174,1455,-12,-10,10
2025-11-10T20:36:08.251017,242,894,607,539,308,97,117,540,14352,-3812,-4241,5469,550,-1157,1449,13,-31,26
2025-11-10T20:36:08.268946,248,943,670,591,386,109,124,568,14352,-3806,-4244,5472,607,-1088,1492,3,-21,21
2025-11-10T20:36:08.291442,242,785,690,553,368,104,120,539,14354,-3805,-4238,5472,585,-1098,1515,-5,25,3
2025-11-10T20:36:08.311356,227,717,634,511,346,104,103,515,14352,-3812,-4237,5473,565,-1160,1456,-19,11,14
2025-11-10T20:36:08.329131,228,654,597,498,346,115,107,537,14350,-3811,-4241,5475,551,-1114,1446,-2,-35,1
2025-11-10T20:36:08.351852,254,672,674,569,362,118,105,499,14347,-3813,-4249,5478,570,-1118,1451,-19,-46,10
2025-11-10T20:36:08.370737,313,684,744,499,295,107,124,539,14346,-3813,-4249,5478,581,-1162,1471,-7,0,8
2025-11-10T20:36:08.389189,294,656,663,464,270,108,128,471,14348,-3811,-4243,5481,565,-1112,1461,23,23,15
2025-11-10T20:36:08.415745,294,675,684,508,294,106,125,516,14349,-3813,-4238,5481,578,-1113,1476,-3,29,10
2025-11-10T20:36:08.430753,304,677,780,644,292,116,125,497,14349,-3816,-4238,5479,595,-1140,1469,-18,15,0
2025-11-10T20:36:08.456696,277,675,829,649,352,119,152,527,14349,-3815,-4235,5480,567,-1135,1464,18,8,1
2025-11-10T20:36:08.471710,216,646,750,666,342,116,141,493,14349,-3816,-4235,5480,563,-1122,1442,12,4,-3
2025-11-10T20:36:08.491202,207,645,724,676,347,118,135,463,14349,-3816,-4235,5480,544,-1128,1445,-11,3,12
2025-11-10T20:36:08.509626,213,617,691,675,326,110,130,413,14351,-3817,-4233,5477,602,-1106,1471,-12,26,-6
2025-11-10T20:36:08.531644,214,646,588,550,327,98,136,418,14351,-3817,-4233,5477,560,-1142,1476,-16,0,-5
2025-11-10T20:36:08.550785,253,639,604,532,311,118,118,487,14352,-3818,-4234,5473,595,-1139,1494,-14,5,-19
2025-11-10T20:36:08.569160,244,688,662,546,299,122,98,426,14353,-3817,-4232,5472,590,-1163,1481,17,15,-6
2025-11-10T20:36:08.591682,243,719,706,522,276,115,94,428,14352,-3818,-4233,5472,583,-1159,1465,11,-4,0
2025-11-10T20:36:08.611757,243,764,761,453,271,126,125,506,14353,-3815,-4232,5473,567,-1123,1459,22,-3,-1
2025-11-10T20:36:08.629135,222,786,769,524,305,121,120,521,14353,-3815,-4231,5473,556,-1121,1455,1,-5,-3
2025-11-10T20:36:08.651085,150,798,779,567,266,100,108,487,14353,-3815,-4231,5473,560,-1110,1460,-6,-7,-7
2025-11-10T20:36:08.665771,154,732,770,587,341,122,109,489,14353,-3816,-4231,5474,549,-1135,1436,-7,13,-12
2025-11-10T20:36:08.689234,164,730,762,614,350,124,123,510,14353,-3816,-4231,5473,582,-1140,1460,-10,-2,9
2025-11-10T20:36:08.710943,168,697,717,623,353,118,92,489,14350,-3822,-4231,5477,546,-1145,1452,-16,-4,22
2025-11-10T20:36:08.738559,181,653,784,624,394,130,91,488,14351,-3819,-4227,5479,593,-1088,1517,-4,12,19
2025-11-10T20:36:08.749276,233,648,704,622,405,140,88,443,14352,-3822,-4223,5478,581,-1119,1490,-19,31,5
2025-11-10T20:36:08.771686,239,661,619,620,336,122,91,467,14350,-3829,-4225,5477,558,-1167,1450,-19,-2,-5
2025-11-10T20:36:08.790987,229,643,673,658,349,126,92,476,14350,-3824,-4229,5476,592,-1138,1467,19,-25,-11
2025-11-10T20:36:08.809650,251,727,681,675,348,128,99,447,14348,-3823,-4232,5480,533,-1133,1475,3,-41,1
2025-11-10T20:36:08.831623,251,771,602,621,259,124,92,437,14348,-3823,-4232,5480,576,-1126,1470,-14,-13,-11
2025-11-10T20:36:08.851061,244,742,518,555,248,109,104,518,14348,-3823,-4232,5480,565,-1140,1479,-10,-10,5
2025-11-10T20:36:08.873549,260,713,550,481,254,110,132,670,14348,-3824,-4232,5480,554,-1149,1460,13,-1,-6
2025-11-10T20:36:08.891757,260,753,465,434,237,119,136,665,14348,-3819,-4230,5484,589,-1106,1499,15,-4,19
2025-11-10T20:36:08.911148,242,671,499,517,238,118,134,655,14348,-3823,-4227,5484,570,-1124,1477,-20,16,12
2025-11-10T20:36:08.928899,251,607,563,571,273,107,135,670,14347,-3829,-4223,5486,559,-1192,1477,1,26,11
2025-11-10T20:36:08.951837,219,578,598,636,324,109,135,600,14348,-3824,-4219,5490,565,-1122,1444,47,6,14
2025-11-10T20:36:08.974232,180,647,698,767,340,136,124,415,14344,-3828,-4224,5494,545,-1142,1449,-19,-36,19
2025-11-10T20:36:08.988900,199,731,725,773,330,125,139,479,14342,-3826,-4227,5498,576,-1153,1475,14,-29,15
2025-11-10T20:36:09.016039,182,768,724,701,348,122,145,478,14341,-3824,-4226,5503,571,-1124,1469,19,-5,20
2025-11-10T20:36:09.033917,165,822,713,725,393,152,161,518,14340,-3821,-4225,5507,566,-1092,1496,-5,-13,23
2025-11-10T20:36:09.049203,159,822,770,727,367,154,162,516,14340,-3825,-4229,5503,575,-1156,1475,-19,-8,-19
2025-11-10T20:36:09.071721,158,804,732,621,372,139,155,523,14339,-3822,-4234,5504,583,-1134,1443,13,-23,0
2025-11-10T20:36:09.093951,177,734,690,593,388,145,137,558,14335,-3817,-4239,5511,520,-1154,1429,42,-68,4
2025-11-10T20:36:09.109178,244,784,658,593,368,142,151,592,14330,-3812,-4253,5519,554,-1147,1446,19,-103,9
2025-11-10T20:36:09.131387,272,785,574,589,300,116,150,629,14329,-3806,-4261,5518,655,-1131,1497,1,-19,5
2025-11-10T20:36:09.153533,310,762,659,588,341,135,157,659,14332,-3811,-4244,5522,491,-1105,1509,-7,50,20
2025-11-10T20:36:09.166872,317,822,619,592,360,128,153,681,14331,-3825,-4246,5513,569,-1167,1443,-65,25,-33
2025-11-10T20:36:09.189574,459,858,658,597,360,134,165,753,14328,-3828,-4249,5516,631,-1197,1493,0,1,29
2025-11-10T20:36:09.213380,457,808,693,627,363,147,170,755,14331,-3821,-4240,5521,542,-1104,1482,51,13,16
2025-11-10T20:36:09.229147,444,791,707,687,380,159,158,666,14331,-3820,-4239,5522,548,-1113,1468,-7,6,2
2025-11-10T20:36:09.251679,425,858,519,653,323,142,166,626,14331,-3824,-4239,5519,586,-1161,1471,-9,18,-10
2025-11-10T20:36:09.274173,454,873,469,637,272,142,172,635,14329,-3823,-4244,5521,549,-1166,1444,19,-43,-6
2025-11-10T20:36:09.293704,311,857,574,709,374,160,159,542,14330,-3807,-4253,5521,625,-1089,1488,36,-53,-17
2025-11-10T20:36:09.312371,300,894,630,743,387,155,132,489,14330,-3805,-4258,5520,553,-1122,1463,-3,-34,-23
2025-11-10T20:36:09.334174,299,886,643,615,364,139,134,490,14327,-3809,-4264,5519,562,-1190,1408,12,-27,-15
2025-11-10T20:36:09.348846,310,841,651,595,368,149,111,532,14330,-3797,-4263,5521,615,-1085,1464,51,3,5
2025-11-10T20:36:09.379104,323,808,653,625,379,149,113,574,14332,-3795,-4260,5518,539,-1082,1457,-5,2,-24
2025-11-10T20:36:09.394185,319,844,576,533,347,136,110,499,14335,-3793,-4267,5508,591,-1098,1460,-22,-13,-60
2025-11-10T20:36:09.409201,329,862,547,464,368,146,121,589,14337,-3792,-4272,5498,595,-1152,1452,-1,-9,-60
2025-11-10T20:36:09.431697,330,864,591,455,375,143,124,625,14338,-3792,-4278,5492,590,-1152,1459,-4,-16,-41
2025-11-10T20:36:09.453794,380,887,639,474,357,134,136,696,14335,-3797,-4284,5493,559,-1137,1453,-33,-34,-1
2025-11-10T20:36:09.469081,333,799,665,415,362,143,132,637,14332,-3802,-4281,5498,544,-1146,1460,-6,0,24
2025-11-10T20:36:09.491495,323,755,642,428,297,162,135,634,14336,-3796,-4270,5501,536,-1076,1466,38,22,7
2025-11-10T20:36:09.514050,327,740,612,423,252,154,135,578,14334,-3801,-4270,5502,585,-1141,1484,-26,6,12
2025-11-10T20:36:09.528793,320,739,713,417,234,159,130,543,14334,-3801,-4269,5505,607,-1172,1481,23,7,16
2025-11-10T20:36:09.551709,234,682,662,375,232,155,108,387,14332,-3800,-4264,5513,529,-1130,1450,28,-9,34
2025-11-10T20:36:09.574172,226,688,657,426,233,147,101,340,14330,-3799,-4265,5518,552,-1085,1467,-11,-30,22
2025-11-10T20:36:09.589163,220,599,659,436,214,104,118,394,14325,-3804,-4271,5523,536,-1119,1434,-26,-45,19
2025-11-10T20:36:09.611593,187,567,673,511,264,115,147,403,14323,-3805,-4278,5523,590,-1134,1445,-13,-31,-1
2025-11-10T20:36:09.634160,208,620,497,532,282,118,159,449,14321,-3801,-4281,5527,615,-1160,1466,28,-20,20
2025-11-10T20:36:09.660866,212,708,506,524,281,115,161,452,14321,-3796,-4280,5533,584,-1105,1482,22,-10,26
2025-11-10T20:36:09.671629,224,708,459,479,249,114,217,556,14315,-3803,-4283,5540,550,-1135,1435,-31,-30,38
2025-11-10T20:36:09.694017,252,781,583,449,264,124,217,537,14311,-3806,-4286,5546,561,-1153,1457,-2,-29,30
2025-11-10T20:36:09.709124,234,751,537,414,258,107,199,510,14312,-3799,-4283,5551,592,-1135,1450,52,3,16
2025-11-10T20:36:09.731590,218,677,553,477,247,100,194,502,14310,-3798,-4284,5555,622,-1154,1468,16,1,33
2025-11-10T20:36:09.754059,230,603,623,553,263,113,213,533,14310,-3795,-4279,5563,620,-1159,1491,42,20,47
2025-11-10T20:36:09.768802,243,661,658,549,312,119,174,446,14310,-3790,-4270,5572,550,-1097,1476,35,11,42
2025-11-10T20:36:09.791689,218,625,592,617,296,112,157,459,14309,-3792,-4269,5575,572,-1130,1476,-5,2,21
2025-11-10T20:36:09.814432,207,644,594,586,300,114,152,473,14309,-3792,-4268,5575,556,-1107,1482,-10,0,11
2025-11-10T20:36:09.829057,225,680,616,532,318,112,144,428,14309,-3795,-4272,5571,586,-1117,1456,-30,-2,-13
2025-11-10T20:36:09.851595,242,747,582,457,311,107,143,445,14308,-3798,-4277,5567,617,-1172,1456,-11,1,-19
2025-11-10T20:36:09.874152,220,739,583,522,277,105,124,424,14308,-3798,-4277,5567,559,-1115,1444,7,2,-11
2025-11-10T20:36:09.893516,235,702,513,484,279,107,132,378,14308,-3799,-4280,5563,584,-1126,1474,-20,-6,-19
2025-11-10T20:36:09.911439,232,653,486,466,276,111,167,352,14308,-3800,-4283,5561,566,-1136,1464,-14,-17,-21
2025-11-10T20:36:09.939022,210,588,417,476,257,114,172,354,14308,-3798,-4291,5556,575,-1107,1457,-20,-36,-30
2025-11-10T20:36:09.957265,178,510,470,542,260,111,156,287,14306,-3803,-4298,5551,577,-1158,1443,-30,-23,-31
2025-11-10T20:36:09.971606,201,510,463,546,255,94,149,273,14306,-3806,-4300,5548,571,-1186,1434,10,1,-25
2025-11-10T20:36:09.994160,187,579,475,523,254,98,154,226,14310,-3801,-4294,5547,570,-1105,1479,25,17,-14
2025-11-10T20:36:10.017285,236,648,502,527,217,93,125,305,14307,-3808,-4298,5546,558,-1123,1459,-53,-17,-2
2025-11-10T20:36:10.031605,252,712,608,565,208,89,134,321,14302,-3816,-4302,5551,507,-1170,1449,-28,-50,13
2025-11-10T20:36:10.054152,261,762,576,515,226,103,126,318,14300,-3814,-4305,5556,526,-1129,1445,13,-48,1
2025-11-10T20:36:10.076650,247,730,629,486,216,105,124,326,14295,-3822,-4308,5560,545,-1172,1445,-26,-25,17
2025-11-10T20:36:10.091768,258,779,677,505,254,109,142,372,14292,-3825,-4310,5564,602,-1203,1481,0,-9,22
2025-11-10T20:36:10.121661,244,727,674,523,257,107,139,331,14295,-3812,-4301,5571,614,-1117,1500,77,20,36
2025-11-10T20:36:10.136679,233,655,619,478,264,112,128,344,14299,-3807,-4292,5573,609,-1099,1515,18,42,23
2025-11-10T20:36:10.151678,220,575,638,544,262,100,127,336,14299,-3808,-4291,5573,553,-1141,1489,-14,15,9
2025-11-10T20:36:10.174394,208,548,584,568,276,106,138,329,14299,-3810,-4291,5570,578,-1150,1470,-13,6,-18
2025-11-10T20:36:10.196651,175,349,523,560,231,93,123,261,14300,-3808,-4290,5570,593,-1130,1441,21,14,-1
2025-11-10T20:36:10.216287,115,299,499,540,215,91,115,198,14300,-3809,-4290,5570,585,-1173,1427,1,11,2
2025-11-10T20:36:10.234256,97,299,535,543,227,111,114,127,14296,-3812,-4297,5572,603,-1132,1469,-31,-25,19
2025-11-10T20:36:10.256841,77,305,458,502,227,108,117,102,14303,-3801,-4295,5565,656,-1040,1461,17,40,-20
2025-11-10T20:36:10.271638,94,466,429,416,206,105,119,99,14301,-3802,-4311,5554,597,-1087,1447,-65,-63,-58
2025-11-10T20:36:10.294290,133,475,464,364,212,102,122,132,14293,-3815,-4336,5547,585,-1214,1404,-84,-91,-49
2025-11-10T20:36:10.316590,139,488,483,348,214,101,127,135,14293,-3811,-4348,5541,618,-1155,1401,14,-41,-45
2025-11-10T20:36:10.331580,139,493,471,436,282,132,130,129,14293,-3812,-4351,5538,632,-1035,1481,-66,6,9
2025-11-10T20:36:10.353593,136,466,450,384,278,149,130,130,14292,-3841,-4348,5521,582,-1138,1458,-167,85,-32
2025-11-10T20:36:10.376066,117,268,502,379,272,164,118,122,14290,-3861,-4353,5509,635,-1159,1435,-119,45,-21
2025-11-10T20:36:10.389164,74,241,476,379,270,167,91,80,14288,-3871,-4361,5503,573,-1108,1434,-86,-21,-24
2025-11-10T20:36:10.411778,66,214,531,414,348,173,80,66,14278,-3891,-4387,5494,591,-1124,1413,-174,-91,-26
2025-11-10T20:36:10.435690,72,190,511,335,281,145,71,67,14274,-3911,-4403,5475,627,-1115,1366,-157,4,-59
2025-11-10T20:36:10.451680,74,180,650,478,303,146,73,71,14263,-3951,-4432,5453,674,-1230,1357,-246,-12,-57
2025-11-10T20:36:10.474391,74,169,623,538,319,130,73,69,14264,-3963,-4437,5438,680,-1179,1398,-70,57,-36
2025-11-10T20:36:10.496251,73,152,681,537,333,131,77,65,14264,-3971,-4444,5426,657,-1143,1412,-81,22,-38
2025-11-10T20:36:10.511605,68,135,637,561,280,137,75,73,14259,-3987,-4458,5417,639,-1171,1424,-126,-23,-17
2025-11-10T20:36:10.538854,60,130,612,637,319,169,78,77,14262,-3999,-4457,5399,629,-1110,1442,-111,60,-55
2025-11-10T20:36:10.556629,59,122,477,543,302,169,71,77,14263,-4025,-4456,5379,608,-1114,1425,-183,83,-51
2025-11-10T20:36:10.571483,58,117,494,532,296,174,74,81,14265,-4056,-4461,5348,613,-1143,1377,-204,88,-104
2025-11-10T20:36:10.594193,59,159,449,580,327,173,69,81,14275,-4084,-4452,5306,598,-1161,1459,-196,153,-166
2025-11-10T20:36:10.616686,61,165,467,550,323,170,66,69,14277,-4127,-4445,5272,579,-1218,1414,-239,156,-106
2025-11-10T20:36:10.631557,60,166,447,432,281,130,58,62,14274,-4174,-4441,5247,576,-1251,1323,-219,135,-57
2025-11-10T20:36:10.654266,53,160,424,433,258,107,57,52,14269,-4219,-4428,5236,541,-1222,1358,-201,137,21
2025-11-10T20:36:10.677328,54,161,375,429,274,95,50,49,14271,-4253,-4409,5219,553,-1220,1383,-145,169,-22
2025-11-10T20:36:10.691649,50,113,447,437,241,101,56,51,14286,-4266,-4384,5186,543,-1095,1431,-102,194,-125
2025-11-10T20:36:10.721143,64,145,460,453,228,88,65,69,14293,-4313,-4369,5143,505,-1249,1432,-256,194,-165
2025-11-10T20:36:10.736629,65,147,471,463,241,88,66,66,14293,-4350,-4368,5113,541,-1305,1403,-196,93,-117
2025-11-10T20:36:10.751275,65,146,471,439,236,92,66,66,14295,-4366,-4366,5094,556,-1227,1369,-92,63,-80
2025-11-10T20:36:10.774140,65,142,468,392,220,96,69,67,14292,-4393,-4367,5079,534,-1207,1341,-155,48,-40
2025-11-10T20:36:10.796611,62,131,348,349,221,84,62,63,14296,-4414,-4361,5053,592,-1147,1395,-162,116,-77
2025-11-10T20:36:10.811316,56,99,312,373,291,102,55,47,14301,-4460,-4348,5009,555,-1173,1382,-286,207,-130
2025-11-10T20:36:10.834179,61,106,303,401,303,108,62,49,14292,-4541,-4351,4960,579,-1314,1236,-413,210,-117
2025-11-10T20:36:10.856684,59,103,295,406,304,103,60,50,14292,-4588,-4343,4925,607,-1323,1242,-204,205,-86
2025-11-10T20:36:10.879106,56,104,290,411,315,101,57,46,14294,-4626,-4328,4897,557,-1206,1284,-196,193,-59
2025-11-10T20:36:10.894274,59,106,233,456,407,113,60,49,14288,-4682,-4317,4869,523,-1186,1282,-309,180,-23
2025-11-10T20:36:10.916704,44,92,284,458,366,95,56,40,14281,-4753,-4304,4832,503,-1271,1309,-387,216,-65
2025-11-10T20:36:10.939437,38,75,265,458,360,92,51,38,14267,-4833,-4300,4799,557,-1374,1235,-389,201,-22
2025-11-10T20:36:10.958454,40,85,283,513,371,92,51,38,14257,-4901,-4284,4773,532,-1341,1210,-301,229,6
2025-11-10T20:36:10.976131,43,85,299,549,363,86,52,38,14248,-4972,-4265,4744,535,-1295,1228,-346,259,14
2025-11-10T20:36:10.999204,42,88,294,510,280,101,53,35,14239,-5056,-4239,4707,568,-1341,1267,-417,330,12
2025-11-10T20:36:11.014074,45,87,220,464,292,125,55,36,14237,-5137,-4191,4668,509,-1246,1280,-404,430,24
2025-11-10T20:36:11.036498,55,117,233,422,368,143,60,41,14230,-5229,-4144,4628,490,-1368,1402,-475,415,24
2025-11-10T20:36:11.059225,55,116,220,372,363,147,57,39,14218,-5315,-4115,4593,485,-1386,1238,-416,329,16
2025-11-10T20:36:11.074216,54,116,194,304,351,149,55,37,14209,-5386,-4088,4561,649,-1497,1311,-337,341,52
2025-11-10T20:36:11.096951,56,113,240,267,318,135,54,41,14203,-5448,-4050,4540,515,-1385,1232,-265,332,79
2025-11-10T20:36:11.119236,58,119,367,341,373,149,58,48,14198,-5521,-4013,4503,558,-1446,1296,-351,384,30
2025-11-10T20:36:11.134217,46,94,398,428,326,147,55,42,14192,-5602,-3970,4457,469,-1373,1207,-394,425,-14
2025-11-10T20:36:11.158055,45,87,455,419,325,152,59,43,14176,-5690,-3949,4417,465,-1447,1132,-425,311,-4
2025-11-10T20:36:11.179103,47,88,474,414,334,157,71,45,14154,-5788,-3937,4370,470,-1510,1091,-478,292,-37
2025-11-10T20:36:11.194147,41,84,459,411,334,160,72,40,14137,-5872,-3917,4330,412,-1533,1133,-397,286,-34
2025-11-10T20:36:11.216640,35,77,378,366,361,157,70,36,14127,-5950,-3889,4280,388,-1500,1177,-395,324,-89
2025-11-10T20:36:11.239275,37,75,349,298,360,170,76,38,14119,-6024,-3860,4230,341,-1358,1166,-421,318,-93
2025-11-10T20:36:11.254160,43,84,382,297,357,174,83,39,14088,-6138,-3859,4171,339,-1535,1102,-637,234,-126
2025-11-10T20:36:11.276628,41,85,383,322,358,178,74,39,14051,-6265,-3859,4104,439,-1709,1086,-682,292,-115
2025-11-10T20:36:11.298727,41,85,389,342,360,201,71,40,14025,-6369,-3840,4053,391,-1666,1044,-505,315,-56
2025-11-10T20:36:11.314181,40,70,365,337,240,181,74,36,14003,-6468,-3812,3998,333,-1585,1065,-512,348,-76
2025-11-10T20:36:11.336684,37,61,380,299,166,218,78,33,13978,-6575,-3783,3937,356,-1593,1112,-594,375,-74
2025-11-10T20:36:11.359169,30,45,302,324,165,215,71,32,13959,-6672,-3744,3880,324,-1642,1231,-564,384,-69
2025-11-10T20:36:11.374216,27,46,314,301,188,217,75,33,13939,-6760,-3711,3830,251,-1528,1120,-514,320,-71
2025-11-10T20:36:11.396619,23,47,305,275,267,228,78,31,13914,-6851,-3694,3776,274,-1593,1128,-562,257,-117
2025-11-10T20:36:11.419688,24,55,317,275,273,237,75,33,13882,-6950,-3687,3717,277,-1635,990,-572,240,-141
2025-11-10T20:36:11.433859,27,59,286,288,281,188,63,34,13853,-7044,-3675,3658,301,-1707,987,-530,265,-139
2025-11-10T20:36:11.456673,29,59,247,301,294,187,59,34,13828,-7126,-3662,3608,246,-1707,979,-453,219,-129
2025-11-10T20:36:11.479107,33,77,299,364,292,185,53,34,13806,-7198,-3652,3560,291,-1669,1022,-437,207,-123
2025-11-10T20:36:11.494177,33,78,317,366,225,161,54,34,13778,-7273,-3647,3519,220,-1681,976,-455,142,-123
2025-11-10T20:36:11.516573,37,78,313,369,231,156,56,32,13740,-7366,-3649,3474,248,-1787,898,-519,140,-116
2025-11-10T20:36:11.539090,37,78,346,383,250,149,62,35,13711,-7437,-3645,3440,204,-1781,949,-410,113,-110
2025-11-10T20:36:11.553756,43,101,344,355,254,161,72,38,13689,-7493,-3637,3416,164,-1767,971,-331,84,-94
2025-11-10T20:36:11.576722,40,90,257,309,224,172,78,36,13662,-7558,-3627,3390,170,-1778,949,-379,109,-79
2025-11-10T20:36:11.598778,45,102,292,308,224,164,77,39,13634,-7627,-3618,3362,161,-1819,933,-392,108,-90
2025-11-10T20:36:11.614128,47,107,293,293,307,167,79,41,13605,-7695,-3601,3338,135,-1770,973,-420,129,-54
2025-11-10T20:36:11.636686,48,109,253,251,298,202,78,41,13573,-7763,-3593,3321,37,-1736,847,-388,42,-80
2025-11-10T20:36:11.660053,39,86,246,231,297,201,69,35,13535,-7838,-3604,3290,191,-1812,871,-474,34,-117
2025-11-10T20:36:11.679158,44,83,246,247,320,188,64,37,13496,-7912,-3618,3255,238,-1897,905,-492,39,-127
2025-11-10T20:36:11.694625,40,71,293,301,318,185,59,35,13466,-7974,-3623,3225,198,-1891,887,-396,52,-127
2025-11-10T20:36:11.728408,38,71,308,302,252,184,54,34,13438,-8022,-3640,3201,191,-1860,879,-344,-34,-151
2025-11-10T20:36:11.735278,38,67,317,310,263,155,52,35,13405,-8072,-3669,3183,223,-1834,820,-361,-99,-129
2025-11-10T20:36:11.756565,39,67,326,331,266,151,70,47,13371,-8116,-3708,3168,261,-1937,839,-337,-158,-143
2025-11-10T20:36:11.778783,35,65,343,326,269,160,80,48,13349,-8139,-3746,3157,273,-1916,868,-228,-172,-162
2025-11-10T20:36:11.801707,35,64,268,285,272,190,82,49,13323,-8165,-3795,3139,307,-1845,822,-268,-196,-196
2025-11-10T20:36:11.816342,34,49,233,295,248,184,85,50,13291,-8205,-3845,3110,391,-1919,803,-352,-149,-191
2025-11-10T20:36:11.839199,35,47,213,367,224,173,90,49,13265,-8240,-3885,3078,431,-1942,796,-304,-82,-176
2025-11-10T20:36:11.861686,35,47,294,362,209,162,79,40,13259,-8249,-3906,3053,413,-1840,877,-166,-36,-150
2025-11-10T20:36:11.876715,35,48,311,382,183,150,69,35,13250,-8262,-3926,3030,381,-1876,842,-167,-38,-152
2025-11-10T20:36:11.899076,37,43,294,364,163,105,74,36,13229,-8294,-3953,3003,448,-1965,794,-266,-39,-132
2025-11-10T20:36:11.921755,32,41,318,372,157,126,69,33,13211,-8328,-3941,3000,433,-2161,861,-189,67,60
2025-11-10T20:36:11.936644,31,45,321,309,174,151,64,33,13223,-8320,-3912,3008,339,-1958,833,92,92,51
2025-11-10T20:36:11.958775,33,56,346,290,166,162,69,35,13244,-8289,-3899,3018,285,-1706,814,172,-2,-26
2025-11-10T20:36:11.981849,36,65,341,290,175,164,67,39,13225,-8307,-3929,3013,419,-1941,779,-166,-130,-68
2025-11-10T20:36:12.004954,33,64,372,296,172,158,59,36,13209,-8323,-3953,3009,478,-2079,731,-90,-85,-40
2025-11-10T20:36:12.019229,34,64,351,288,172,140,58,37,13215,-8310,-3958,3012,457,-1929,708,112,-24,-11
2025-11-10T20:36:12.049921,34,65,361,297,318,154,61,36,13223,-8297,-3957,3014,392,-1778,706,93,-3,-18
2025-11-10T20:36:12.056757,33,56,267,316,342,162,71,37,13232,-8279,-3961,3021,321,-1671,678,114,-55,-42
2025-11-10T20:36:12.079165,29,45,236,280,334,159,77,34,13220,-8282,-3997,3017,447,-1867,668,-39,-149,-93
2025-11-10T20:36:12.101706,28,53,260,269,336,159,81,35,13207,-8291,-4029,3006,570,-1974,670,-64,-88,-59
2025-11-10T20:36:12.114739,30,54,267,280,363,161,81,34,13205,-8286,-4038,3016,437,-1899,695,59,-68,10
2025-11-10T20:36:12.138844,31,57,263,270,339,143,74,32,13207,-8275,-4051,3020,436,-1713,695,49,-72,-18
2025-11-10T20:36:12.161155,30,55,268,262,318,121,59,28,13204,-8271,-4074,3016,441,-1756,651,9,-90,-71
2025-11-10T20:36:12.176684,31,55,302,242,315,123,51,26,13193,-8272,-4109,3009,548,-1905,661,-30,-120,-73
2025-11-10T20:36:12.199713,31,48,238,246,315,125,52,28,13188,-8273,-4123,3012,463,-1910,658,25,-69,-22
2025-11-10T20:36:12.222074,30,51,270,209,291,123,55,32,13188,-8269,-4129,3011,492,-1834,670,40,-11,-5
2025-11-10T20:36:12.236680,29,42,341,221,234,95,53,31,13187,-8276,-4121,3011,439,-1827,672,4,50,32
2025-11-10T20:36:12.267236,31,48,368,262,262,93,50,31,13187,-8282,-4116,2999,476,-1796,696,-26,74,-15
2025-11-10T20:36:12.282153,32,52,382,279,298,96,51,33,13181,-8295,-4116,2992,403,-1826,667,-54,22,-21
2025-11-10T20:36:12.296646,32,50,391,293,311,104,54,32,13170,-8310,-4123,2988,420,-1901,690,-85,-24,-26
2025-11-10T20:36:12.329110,34,51,378,296,304,95,51,29,13162,-8318,-4136,2983,501,-1927,716,-60,-33,-25
2025-11-10T20:36:12.341124,32,60,324,289,246,89,49,29,13161,-8321,-4139,2977,496,-1852,727,-25,8,-8
2025-11-10T20:36:12.356733,32,57,288,243,263,109,56,30,13157,-8329,-4134,2977,412,-1849,735,-48,22,11
2025-11-10T20:36:12.379256,31,53,237,259,285,116,59,31,13162,-8324,-4124,2984,349,-1793,746,32,4,6
2025-11-10T20:36:12.401714,31,55,215,278,285,106,51,31,13159,-8322,-4139,2980,457,-1859,714,-13,-58,-57
2025-11-10T20:36:12.421008,30,54,190,268,287,104,47,29,13154,-8322,-4157,2976,532,-1936,689,-5,-58,-38
2025-11-10T20:36:12.439186,29,45,252,270,287,106,50,29,13157,-8316,-4162,2974,503,-1878,694,49,-8,-15
2025-11-10T20:36:12.461638,28,45,252,268,253,92,44,28,13156,-8322,-4155,2972,420,-1807,716,-27,36,7
2025-11-10T20:36:12.476665,28,45,319,245,196,100,44,26,13158,-8324,-4143,2973,367,-1825,729,0,39,2
2025-11-10T20:36:12.499212,29,43,320,212,170,105,45,25,13155,-8328,-4147,2970,458,-1889,698,-15,-8,-19
2025-11-10T20:36:12.522395,27,40,325,221,177,108,45,24,13155,-8327,-4148,2970,488,-1888,696,24,7,8
2025-11-10T20:36:12.534474,28,47,311,298,298,129,50,25,13164,-8318,-4136,2976,387,-1829,721,84,27,7
2025-11-10T20:36:12.557577,28,54,326,343,310,137,54,27,13164,-8320,-4130,2976,379,-1811,764,-28,12,-7
2025-11-10T20:36:12.581675,27,52,262,341,325,126,51,25,13159,-8327,-4136,2972,464,-1871,712,-46,-12,-19
2025-11-10T20:36:12.604934,24,53,300,337,326,122,49,25,13159,-8327,-4137,2971,495,-1912,712,11,-16,-7
2025-11-10T20:36:12.619165,23,54,295,331,324,121,55,28,13163,-8319,-4135,2976,451,-1883,716,67,-6,6
2025-11-10T20:36:12.641729,31,57,242,385,311,120,52,29,13170,-8309,-4128,2983,390,-1790,774,53,-6,9
2025-11-10T20:36:12.656623,32,56,259,373,295,111,49,31,13171,-8308,-4130,2982,362,-1797,660,25,-12,-50
2025-11-10T20:36:12.678824,34,60,269,377,276,104,46,32,13163,-8318,-4144,2967,550,-1893,690,-76,1,-43
2025-11-10T20:36:12.701789,38,71,248,391,282,102,48,35,13163,-8316,-4150,2963,499,-1881,689,23,-7,-20
2025-11-10T20:36:12.716672,38,70,257,399,287,100,41,33,13162,-8320,-4153,2954,472,-1849,671,-13,22,-35
2025-11-10T20:36:12.739144,30,63,294,301,217,74,41,32,13160,-8327,-4152,2947,435,-1858,694,-30,29,-28
2025-11-10T20:36:12.761580,30,59,259,273,310,72,41,28,13159,-8330,-4146,2946,367,-1832,713,-11,17,-26
2025-11-10T20:36:12.784904,29,57,244,256,327,77,44,30,13160,-8331,-4145,2945,383,-1815,714,-5,-3,-30
2025-11-10T20:36:12.807390,24,41,229,240,326,78,42,26,13158,-8332,-4154,2937,489,-1865,710,-22,-16,-47
2025-11-10T20:36:12.821737,28,48,250,243,326,83,42,28,13156,-8335,-4157,2929,479,-1872,697,-18,18,-29
2025-11-10T20:36:12.844208,28,47,210,231,335,87,38,27,13157,-8341,-4151,2920,448,-1840,706,-29,60,-22
2025-11-10T20:36:12.859140,27,44,204,244,249,88,36,28,13160,-8342,-4143,2915,396,-1837,717,4,43,-27
2025-11-10T20:36:12.881454,28,42,194,276,254,92,38,26,13163,-8338,-4144,2913,427,-1822,730,14,-8,-37
2025-11-10T20:36:12.904349,30,42,175,321,258,93,42,28,13161,-8338,-4152,2907,494,-1879,691,-2,-7,-35
2025-11-10T20:36:12.926738,29,37,176,315,247,88,39,26,13163,-8337,-4152,2902,509,-1870,696,16,24,-6
2025-11-10T20:36:12.940546,30,37,177,301,267,98,48,27,13168,-8335,-4142,2900,435,-1818,697,36,55,3
2025-11-10T20:36:12.972417,28,43,212,301,402,113,51,27,13169,-8338,-4130,2902,411,-1807,729,-5,38,28
2025-11-10T20:36:12.979291,28,45,268,279,397,112,48,30,13168,-8340,-4130,2903,402,-1837,649,5,2,3
2025-11-10T20:36:13.001673,26,45,286,225,406,112,46,31,13161,-8349,-4139,2894,567,-1903,654,-42,10,3
2025-11-10T20:36:13.024240,24,45,261,281,412,112,46,32,13158,-8354,-4138,2894,498,-1883,659,6,23,27
2025-11-10T20:36:13.039173,24,46,260,318,381,102,40,32,13160,-8355,-4131,2893,431,-1869,698,23,35,1
2025-11-10T20:36:13.061625,24,42,235,321,260,79,36,30,13163,-8355,-4123,2893,422,-1831,725,3,32,3
2025-11-10T20:36:13.084197,24,45,238,328,243,73,38,30,13163,-8355,-4117,2900,389,-1805,663,38,2,21
2025-11-10T20:36:13.103557,26,48,252,334,240,70,36,28,13161,-8360,-4114,2896,449,-1892,702,-15,27,-6
2025-11-10T20:36:13.121642,25,45,257,285,231,72,37,26,13156,-8367,-4115,2898,421,-1901,702,-29,-17,-3
2025-11-10T20:36:13.144124,23,42,315,235,239,75,36,27,13155,-8370,-4112,2901,395,-1837,734,-22,-7,0
2025-11-10T20:36:13.167374,24,42,314,293,232,66,38,29,13154,-8371,-4108,2911,373,-1830,748,-6,-29,23
2025-11-10T20:36:13.189845,24,36,266,281,242,60,35,26,13155,-8369,-4105,2914,404,-1868,709,27,-3,-10
2025-11-10T20:36:13.204212,23,38,235,268,221,61,42,27,13158,-8362,-4108,2915,472,-1881,722,38,-18,-6
2025-11-10T20:36:13.219194,24,44,266,301,219,60,45,31,13159,-8358,-4111,2917,462,-1881,719,28,-20,-6
2025-11-10T20:36:13.249935,28,55,201,301,226,66,44,30,13163,-8351,-4112,2918,426,-1852,742,36,-14,-24
2025-11-10T20:36:13.264701,28,52,200,216,183,74,42,28,13167,-8345,-4111,2921,400,-1809,711,40,-13,-18
2025-11-10T20:36:13.279055,28,55,198,202,162,74,41,30,13166,-8341,-4118,2924,450,-1817,682,23,-42,-12
2025-11-10T20:36:13.301957,28,55,232,217,174,74,36,29,13165,-8339,-4126,2925,499,-1849,682,21,-27,4
2025-11-10T20:36:13.324259,27,52,192,236,215,81,34,28,13166,-8335,-4129,2928,476,-1813,693,32,-18,15
2025-11-10T20:36:13.339149,27,44,203,258,225,74,37,28,13170,-8328,-4126,2931,455,-1794,741,28,4,15
2025-11-10T20:36:13.361698,28,49,229,273,234,69,39,27,13170,-8329,-4126,2930,472,-1842,681,5,-6,-6
2025-11-10T20:36:13.384125,28,49,229,291,236,81,44,26,13169,-8329,-4128,2929,533,-1892,687,-9,6,-6
2025-11-10T20:36:13.399182,27,52,210,288,224,85,45,26,13171,-8330,-4125,2926,459,-1832,692,17,32,-2
2025-11-10T20:36:13.421668,28,55,209,258,197,82,48,25,13168,-8336,-4123,2921,448,-1801,713,-49,24,-3
2025-11-10T20:36:13.444124,26,56,227,244,205,80,44,24,13163,-8349,-4119,2915,440,-1844,730,-79,37,-1
2025-11-10T20:36:13.459175,24,52,240,238,214,88,45,25,13164,-8351,-4113,2911,426,-1837,719,-8,35,-9
2025-11-10T20:36:13.481734,26,57,259,229,215,81,41,29,13167,-8352,-4107,2904,448,-1808,710,-7,53,-17
2025-11-10T20:36:13.504348,28,57,309,228,226,75,40,28,13166,-8361,-4101,2895,425,-1796,685,-41,59,-15
2025-11-10T20:36:13.528693,28,56,320,205,216,74,38,27,13159,-8378,-4096,2883,465,-1845,691,-99,68,-3
2025-11-10T20:36:13.541381,27,55,304,202,217,83,40,29,13153,-8394,-4088,2874,444,-1860,679,-74,72,11
2025-11-10T20:36:13.564120,29,59,284,186,249,76,37,28,13151,-8404,-4077,2870,427,-1818,689,-39,69,22
2025-11-10T20:36:13.579155,27,53,279,193,248,74,37,25,13153,-8410,-4062,2862,408,-1810,726,-37,91,3
2025-11-10T20:36:13.601748,24,47,260,186,246,71,37,24,13147,-8426,-4056,2854,446,-1860,712,-94,52,5
2025-11-10T20:36:13.624218,27,56,278,205,250,71,34,25,13141,-8440,-4052,2845,484,-1906,718,-86,56,11
2025-11-10T20:36:13.638932,29,55,282,243,239,63,32,25,13141,-8450,-4038,2839,415,-1890,718,-41,85,13
2025-11-10T20:36:13.662420,28,52,327,296,239,69,33,26,13143,-8453,-4022,2839,353,-1809,764,-33,55,15
2025-11-10T20:36:13.684198,28,52,325,290,242,80,35,26,13135,-8471,-4017,2830,392,-1903,687,-98,44,-23
2025-11-10T20:36:13.706822,28,54,302,293,234,85,35,30,13131,-8480,-4014,2825,450,-1911,686,-38,40,5
2025-11-10T20:36:13.721648,26,49,288,286,225,85,35,29,13130,-8486,-4007,2824,409,-1880,678,-8,32,6
2025-11-10T20:36:13.744037,28,49,306,323,253,87,38,28,13127,-8494,-4001,2821,385,-1866,710,-47,33,-8
2025-11-10T20:36:13.767550,29,49,264,314,238,109,51,30,13128,-8494,-4000,2821,368,-1809,698,5,15,2
2025-11-10T20:36:13.781743,29,51,262,327,230,99,50,29,13121,-8501,-4007,2819,460,-1876,657,-40,-21,-3
2025-11-10T20:36:13.804089,30,48,257,328,231,96,51,28,13118,-8505,-4009,2820,483,-1897,663,-9,5,26
2025-11-10T20:36:13.827111,31,48,277,317,233,95,51,28,13118,-8507,-4006,2819,456,-1877,669,10,25,19
2025-11-10T20:36:13.841674,33,58,262,253,305,130,53,29,13119,-8507,-3999,2821,392,-1837,711,-2,18,10
2025-11-10T20:36:13.864645,32,60,283,224,300,111,41,29,13119,-8508,-3998,2821,385,-1837,648,7,7,10
2025-11-10T20:36:13.887359,33,58,306,194,298,115,42,31,13111,-8517,-4008,2818,493,-1904,657,-53,-21,3
2025-11-10T20:36:13.901275,34,59,299,191,298,115,42,29,13107,-8520,-4012,2820,476,-1916,657,1,-13,22
2025-11-10T20:36:13.924132,32,55,263,210,301,120,43,29,13108,-8519,-4009,2823,414,-1845,664,23,2,16
2025-11-10T20:36:13.947211,26,40,234,206,188,88,42,29,13108,-8519,-4008,2824,376,-1824,706,-14,-12,15
2025-11-10T20:36:13.961598,26,39,190,187,175,82,37,24,13106,-8521,-4006,2830,379,-1861,678,1,-18,8
2025-11-10T20:36:13.992015,26,52,228,183,178,79,46,24,13105,-8521,-4006,2834,409,-1881,677,12,-17,9
2025-11-10T20:36:14.006515,21,49,222,181,179,78,48,24,13102,-8525,-4004,2838,410,-1895,674,-6,-5,19
2025-11-10T20:36:14.021292,21,49,227,194,201,76,48,24,13100,-8530,-4000,2841,390,-1884,690,-20,5,15
2025-11-10T20:36:14.044155,22,50,230,186,212,70,47,22,13104,-8525,-3992,2848,371,-1849,749,22,0,16
2025-11-10T20:36:14.067389,22,50,339,190,211,81,54,24,13101,-8525,-3994,2856,389,-1863,666,13,-43,16
2025-11-10T20:36:14.081624,18,38,294,191,206,77,44,23,13097,-8529,-4000,2854,493,-1913,695,-34,-10,15
2025-11-10T20:36:14.104313,21,40,309,203,225,78,42,22,13099,-8525,-3999,2857,445,-1891,697,29,-4,15
2025-11-10T20:36:14.127811,22,39,312,187,223,83,40,22,13099,-8525,-3999,2858,393,-1846,681,6,3,4
2025-11-10T20:36:14.139236,22,41,383,186,191,79,43,24,13100,-8525,-3998,2858,397,-1849,704,8,-13,14
2025-11-10T20:36:14.163770,21,44,304,211,175,71,39,22,13097,-8527,-4001,2859,420,-1890,686,-15,-19,-3
2025-11-10T20:36:14.187439,23,44,309,231,205,80,43,23,13098,-8525,-4003,2860,437,-1878,690,17,-9,0
2025-11-10T20:36:14.201688,22,42,301,220,189,82,45,23,13100,-8520,-4005,2864,404,-1828,684,25,-27,-5
2025-11-10T20:36:14.223721,24,45,328,212,180,71,45,24,13094,-8526,-4010,2865,415,-1854,684,-47,-29,-3
2025-11-10T20:36:14.247486,23,44,247,199,170,69,41,25,13090,-8531,-4013,2863,435,-1890,689,-36,-4,-5
2025-11-10T20:36:14.261660,26,44,295,196,203,71,38,25,13089,-8534,-4012,2859,413,-1871,669,-13,17,-16
2025-11-10T20:36:14.284153,26,41,283,183,206,62,33,24,13089,-8537,-4009,2856,396,-1859,649,0,24,-15
2025-11-10T20:36:14.314430,30,44,278,187,205,64,33,29,13089,-8537,-4009,2856,425,-1863,703,6,0,-5
2025-11-10T20:36:14.321501,29,42,270,182,195,68,39,31,13085,-8542,-4013,2853,438,-1908,670,-27,-11,-13
2025-11-10T20:36:14.344135,30,44,306,199,209,66,41,30,13084,-8543,-4019,2848,454,-1941,704,-19,-7,-32
2025-11-10T20:36:14.374544,27,47,258,202,180,61,42,29,13089,-8536,-4018,2844,408,-1890,712,30,8,-45
2025-11-10T20:36:14.381342,27,54,288,206,173,83,47,30,13096,-8529,-4017,2840,393,-1845,712,31,7,-45
2025-11-10T20:36:14.404171,22,55,329,215,197,85,49,27,13099,-8522,-4018,2841,378,-1843,685,38,-23,-36
2025-11-10T20:36:14.427426,22,54,315,215,214,84,42,25,13103,-8512,-4027,2841,442,-1834,670,49,-38,-34
2025-11-10T20:36:14.441721,23,51,275,217,200,84,41,27,13102,-8510,-4034,2842,462,-1841,638,21,-29,-1
2025-11-10T20:36:14.464149,26,45,326,230,208,89,47,28,13099,-8513,-4035,2845,428,-1825,626,8,-3,16
2025-11-10T20:36:14.487145,26,43,304,231,222,81,45,29,13097,-8517,-4031,2850,388,-1836,630,10,-1,22
2025-11-10T20:36:14.501713,27,46,319,217,207,75,41,29,13094,-8520,-4031,2852,442,-1857,614,17,7,23
2025-11-10T20:36:14.524228,26,47,309,214,185,69,40,27,13090,-8527,-4030,2850,477,-1897,626,-12,24,26
2025-11-10T20:36:14.547365,26,47,310,196,185,77,48,27,13087,-8535,-4026,2848,448,-1945,675,-19,32,21
2025-11-10T20:36:14.569824,25,50,267,197,193,76,44,26,13089,-8536,-4018,2846,416,-1916,713,0,35,-1
2025-11-10T20:36:14.584151,23,46,272,227,178,74,47,25,13090,-8535,-4017,2847,394,-1866,732,8,14,-7
2025-11-10T20:36:14.607377,23,37,190,224,170,80,50,26,13091,-8533,-4020,2843,426,-1881,706,-1,-3,-34
2025-11-10T20:36:14.621642,24,39,185,224,169,86,52,26,13093,-8529,-4025,2842,458,-1892,698,14,-18,-17
2025-11-10T20:36:14.644125,24,40,265,239,176,81,45,27,13098,-8519,-4024,2848,385,-1840,728,39,-30,-9
2025-11-10T20:36:14.666827,22,39,249,203,214,90,47,29,13098,-8518,-4022,2855,325,-1803,690,5,-31,-7
2025-11-10T20:36:14.689931,23,39,261,155,201,90,46,30,13099,-8515,-4022,2858,383,-1847,704,13,-24,-15
2025-11-10T20:36:14.704326,25,41,308,170,202,89,45,29,13100,-8511,-4027,2859,448,-1903,700,19,-25,-17
2025-11-10T20:36:14.728130,23,39,310,171,222,102,48,32,13103,-8505,-4029,2863,425,-1886,697,40,-23,-3
2025-11-10T20:36:14.750050,23,38,266,174,259,101,50,32,13106,-8498,-4029,2867,395,-1845,724,26,-28,-11
2025-11-10T20:36:14.764254,23,35,294,201,252,95,45,32,13105,-8496,-4034,2868,402,-1854,707,-6,-36,-26
2025-11-10T20:36:14.787292,23,38,295,220,253,88,38,32,13105,-8492,-4044,2868,442,-1877,686,14,-45,-30
2025-11-10T20:36:14.810143,24,40,246,207,257,87,39,30,13107,-8486,-4050,2867,458,-1858,668,37,-20,-20
2025-11-10T20:36:14.824075,26,49,253,209,266,69,36,29,13110,-8480,-4052,2869,429,-1838,666,48,-16,-12
2025-11-10T20:36:14.848057,28,55,238,200,255,83,35,27,13113,-8474,-4053,2871,419,-1827,697,27,-15,-6
2025-11-10T20:36:14.869791,28,55,222,182,232,76,44,27,13110,-8476,-4061,2869,444,-1853,650,-5,-26,-25
2025-11-10T20:36:14.884166,28,53,201,163,235,75,45,26,13109,-8475,-4069,2862,508,-1871,653,4,2,-23
2025-11-10T20:36:14.914965,27,51,209,162,228,73,43,26,13110,-8475,-4071,2856,472,-1853,664,7,18,-17
2025-11-10T20:36:14.929706,25,46,240,197,209,75,43,25,13111,-8476,-4070,2851,453,-1853,677,-4,23,-14
2025-11-10T20:36:14.944091,25,38,251,217,236,71,41,28,13115,-8472,-4066,2848,434,-1824,703,20,26,-9
2025-11-10T20:36:14.967557,24,44,250,226,237,76,39,28,13117,-8471,-4068,2842,455,-1856,682,8,13,-33
2025-11-10T20:36:14.989886,25,42,253,219,232,74,39,27,13116,-8473,-4070,2835,484,-1882,694,-20,17,-18
2025-11-10T20:36:15.004170,25,42,251,230,240,73,45,28,13119,-8473,-4065,2831,420,-1850,686,8,34,-18
2025-11-10T20:36:15.027306,24,37,217,213,236,81,44,26,13119,-8477,-4058,2829,380,-1819,688,-17,32,-5
2025-11-10T20:36:15.049969,21,36,250,184,179,77,45,24,13121,-8477,-4050,2829,398,-1821,716,-2,29,-3
2025-11-10T20:36:15.064269,20,31,231,159,170,78,42,21,13123,-8477,-4045,2826,414,-1862,697,4,28,-14
2025-11-10T20:36:15.087412,19,31,234,213,173,82,44,23,13121,-8480,-4047,2825,443,-1868,689,-18,-5,-6
2025-11-10T20:36:15.110004,19,29,238,212,173,89,37,22,13117,-8488,-4046,2823,433,-1855,688,-47,9,7
2025-11-10T20:36:15.124211,23,37,284,230,264,83,36,26,13115,-8494,-4040,2821,398,-1848,706,-37,28,0
2025-11-10T20:36:15.147323,28,50,245,239,311,88,39,29,13116,-8495,-4035,2821,424,-1873,699,-3,20,6
2025-11-10T20:36:15.169693,31,51,244,238,316,97,42,33,13118,-8493,-4034,2820,437,-1887,691,23,6,-14
2025-11-10T20:36:15.181554,31,52,233,205,324,106,44,33,13121,-8486,-4038,2820,449,-1833,717,24,-20,-12
2025-11-10T20:36:15.205346,32,52,228,202,317,99,43,34,13117,-8488,-4046,2821,434,-1847,694,-30,-43,-15
2025-11-10T20:36:15.228271,30,53,169,163,238,94,45,32,13112,-8494,-4052,2820,461,-1907,686,-39,-23,-7
2025-11-10T20:36:15.243786,26,41,162,157,167,84,43,28,13116,-8489,-4048,2821,427,-1891,702,38,12,-7
2025-11-10T20:36:15.267390,25,43,200,226,181,74,43,25,13121,-8485,-4041,2822,384,-1830,672,48,22,-7
2025-11-10T20:36:15.289753,26,42,204,249,192,58,42,24,13121,-8485,-4039,2823,350,-1790,674,14,-3,6
2025-11-10T20:36:15.304193,25,45,201,249,203,63,43,23,13113,-8492,-4047,2824,437,-1867,658,-42,-35,-6
2025-11-10T20:36:15.328539,24,40,194,251,206,60,41,24,13108,-8499,-4054,2821,500,-1904,670,-38,-14,6
2025-11-10T20:36:15.349946,25,41,195,245,205,63,39,23,13108,-8499,-4055,2821,464,-1866,687,12,14,2
2025-11-10T20:36:15.364133,28,47,232,225,197,63,39,22,13107,-8501,-4051,2821,417,-1835,703,-21,13,4
2025-11-10T20:36:15.387398,26,51,248,204,241,77,39,22,13109,-8498,-4048,2823,413,-1834,695,18,-2,2
2025-11-10T20:36:15.409914,27,49,245,199,251,79,40,24,13108,-8499,-4053,2819,468,-1879,669,-6,-4,-18
2025-11-10T20:36:15.423720,28,48,248,194,253,82,39,27,13105,-8502,-4059,2815,510,-1892,679,-19,-3,0
2025-11-10T20:36:15.447345,27,51,274,192,251,82,40,27,13105,-8502,-4060,2815,456,-1852,679,9,5,-6
2025-11-10T20:36:15.469853,24,45,239,185,254,75,36,25,13104,-8506,-4059,2811,435,-1844,681,-29,15,-13
2025-11-10T20:36:15.484084,25,45,235,183,198,66,36,26,13104,-8509,-4053,2809,394,-1825,678,-14,27,-7
2025-11-10T20:36:15.514556,27,47,233,187,235,61,36,24,13103,-8511,-4055,2805,447,-1872,691,-21,6,-19
2025-11-10T20:36:15.529860,26,49,227,198,243,62,37,22,13103,-8513,-4056,2798,449,-1886,678,-9,18,-30
2025-11-10T20:36:15.543938,27,50,236,200,245,62,36,24,13104,-8513,-4057,2792,457,-1878,685,-3,17,-29
2025-11-10T20:36:15.567364,27,46,217,166,224,63,37,26,13101,-8521,-4054,2785,429,-1876,675,-43,33,-18
2025-11-10T20:36:15.589889,26,43,196,175,229,63,39,25,13101,-8524,-4049,2779,413,-1862,696,-26,35,-22
2025-11-10T20:36:15.612298,22,43,253,171,218,67,38,24,13104,-8524,-4042,2778,374,-1820,687,8,24,-19
2025-11-10T20:36:15.627295,22,52,273,178,217,65,37,24,13101,-8530,-4045,2772,433,-1862,672,-45,5,-30
2025-11-10T20:36:15.649790,20,46,240,172,215,65,40,23,13096,-8538,-4049,2764,481,-1889,663,-51,16,-19
2025-11-10T20:36:15.672279,22,46,239,176,217,68,41,21,13096,-8541,-4046,2759,447,-1884,675,-14,30,-9
2025-11-10T20:36:15.684613,25,48,284,247,218,70,37,22,13098,-8542,-4038,2755,412,-1863,696,-4,42,-12
2025-11-10T20:36:15.707907,27,47,262,288,193,101,44,24,13102,-8541,-4028,2755,383,-1831,715,2,34,-3
2025-11-10T20:36:15.732095,28,40,274,276,187,102,45,24,13103,-8540,-4029,2752,410,-1857,684,-1,-2,-34
2025-11-10T20:36:15.746648,30,43,303,283,183,102,45,25,13098,-8546,-4036,2746,495,-1912,687,-52,-4,-19
2025-11-10T20:36:15.769872,29,49,346,281,173,100,43,29,13100,-8544,-4037,2745,462,-1893,675,22,1,-8
2025-11-10T20:36:15.792132,29,47,312,206,199,108,49,28,13100,-8544,-4037,2745,415,-1855,675,4,14,-13
2025-11-10T20:36:15.814879,31,47,291,143,186,83,46,29,13103,-8541,-4033,2745,406,-1844,686,17,11,-9
2025-11-10T20:36:15.829834,30,52,291,157,186,81,48,29,13102,-8541,-4035,2742,440,-1877,668,2,-2,-27
2025-11-10T20:36:15.859887,30,50,263,149,198,80,46,28,13100,-8544,-4041,2738,472,-1905,669,-19,-6,-22
2025-11-10T20:36:15.866594,29,45,193,154,200,77,48,25,13101,-8542,-4040,2737,429,-1870,691,7,1,-18
2025-11-10T20:36:15.890031,31,48,193,185,230,70,47,28,13101,-8543,-4039,2737,397,-1844,677,-4,-10,-14
2025-11-10T20:36:15.912380,26,49,204,197,261,83,47,27,13102,-8542,-4038,2738,417,-1843,707,2,-1,-7
2025-11-10T20:36:15.928182,25,38,197,187,260,82,43,26,13100,-8541,-4046,2738,451,-1874,653,8,-34,-20
2025-11-10T20:36:15.950108,25,37,197,183,253,80,42,26,13100,-8542,-4047,2737,484,-1878,660,0,-11,-11
2025-11-10T20:36:15.979815,26,41,206,176,283,80,40,26,13101,-8540,-4046,2738,439,-1864,662,21,3,-2
2025-11-10T20:36:15.986485,25,50,220,158,265,68,34,24,13101,-8540,-4045,2738,421,-1864,682,2,11,-3
2025-11-10T20:36:16.009781,26,50,211,169,237,47,28,23,13105,-8536,-4042,2739,420,-1856,702,22,7,-11
2025-11-10T20:36:16.039219,28,54,271,179,250,47,28,23,13104,-8534,-4047,2741,450,-1835,650,14,-28,-6
2025-11-10T20:36:16.045917,29,54,261,187,252,51,31,25,13100,-8537,-4054,2739,489,-1863,651,-21,-21,-2
2025-11-10T20:36:16.069897,27,53,259,184,218,53,32,26,13100,-8538,-4055,2739,481,-1890,675,-3,-2,3
2025-11-10T20:36:16.092382,25,49,278,220,222,87,35,28,13102,-8537,-4051,2738,438,-1876,692,10,20,-2
2025-11-10T20:36:16.106207,26,50,284,229,230,100,37,27,13108,-8529,-4044,2742,407,-1807,707,41,7,4
2025-11-10T20:36:16.129859,27,51,205,233,248,106,41,29,13105,-8530,-4050,2742,445,-1855,672,-18,-29,-14
2025-11-10T20:36:16.152476,28,51,207,232,247,108,42,28,13103,-8529,-4060,2743,482,-1867,683,-10,-45,-5
2025-11-10T20:36:16.166662,29,55,297,233,247,107,44,27,13100,-8531,-4065,2742,478,-1877,673,-13,-17,-6
2025-11-10T20:36:16.187599,26,48,280,190,223,81,43,25,13100,-8531,-4065,2742,442,-1876,673,-1,10,-3
2025-11-10T20:36:16.210211,26,48,288,176,217,72,46,31,13103,-8531,-4056,2743,401,-1826,665,17,33,5
2025-11-10T20:36:16.225520,22,44,286,169,189,77,45,31,13103,-8531,-4055,2743,394,-1852,682,0,6,-14
2025-11-10T20:36:16.249910,20,45,328,160,192,72,45,30,13100,-8534,-4058,2742,452,-1873,669,-19,-10,-10
2025-11-10T20:36:16.272359,20,41,264,173,196,76,42,32,13100,-8535,-4058,2742,457,-1889,678,-14,13,-3
2025-11-10T20:36:16.286686,19,37,251,179,168,75,45,32,13102,-8533,-4054,2741,440,-1871,702,10,17,-2
2025-11-10T20:36:16.317297,22,39,261,187,169,67,39,27,13103,-8533,-4054,2742,422,-1855,700,8,9,-8
2025-11-10T20:36:16.332354,23,40,342,202,169,49,36,27,13106,-8528,-4053,2741,434,-1858,686,27,1,-19
2025-11-10T20:36:16.347343,22,39,303,203,167,59,37,27,13106,-8528,-4054,2741,483,-1881,673,-10,-16,-7
2025-11-10T20:36:16.369684,23,38,304,191,159,61,37,26,13105,-8529,-4054,2741,465,-1880,654,5,-12,-4
2025-11-10T20:36:16.392361,26,41,301,179,146,58,30,25,13105,-8529,-4054,2741,432,-1859,677,14,-1,-3
2025-11-10T20:36:16.414720,25,41,326,159,123,72,37,27,13105,-8529,-4054,2741,421,-1846,658,3,2,3
2025-11-10T20:36:16.429745,25,44,315,177,114,77,38,27,13105,-8530,-4053,2742,407,-1874,678,2,1,6
2025-11-10T20:36:16.452368,24,41,314,176,132,72,37,26,13106,-8528,-4051,2744,424,-1864,664,22,-3,-1
2025-11-10T20:36:16.466572,23,42,318,183,146,73,39,28,13106,-8528,-4051,2744,468,-1881,721,7,0,0
2025-11-10T20:36:16.490141,21,41,325,193,146,77,43,28,13107,-8525,-4053,2746,456,-1884,704,8,-17,0
2025-11-10T20:36:16.513086,20,36,306,210,147,67,39,27,13106,-8524,-4058,2746,473,-1871,685,-4,-22,-5
2025-11-10T20:36:16.534889,23,40,224,202,157,65,41,26,13109,-8519,-4059,2748,452,-1853,701,26,-10,-2
2025-11-10T20:36:16.550092,25,44,243,227,140,66,41,26,13115,-8508,-4060,2751,432,-1837,697,61,-20,-20
2025-11-10T20:36:16.572344,26,44,238,221,154,74,41,23,13113,-8508,-4067,2752,473,-1856,663,0,-34,1
2025-11-10T20:36:16.595093,28,45,276,210,177,79,41,24,13112,-8508,-4067,2752,478,-1873,654,8,-11,-3
2025-11-10T20:36:16.609354,27,46,259,236,203,75,41,24,13112,-8508,-4067,2752,439,-1856,677,5,1,-6
2025-11-10T20:36:16.632408,23,43,266,240,203,81,40,23,13114,-8506,-4065,2752,419,-1840,676,20,7,-12
2025-11-10T20:36:16.654855,24,39,255,225,206,85,42,23,13114,-8506,-4065,2752,447,-1818,668,11,9,-16
2025-11-10T20:36:16.670693,23,39,316,223,191,79,41,23,13110,-8511,-4070,2747,488,-1864,664,-36,2,-9
2025-11-10T20:36:16.690114,22,46,291,229,185,77,37,21,13110,-8511,-4070,2747,469,-1867,686,10,12,-9
2025-11-10T20:36:16.712979,21,43,279,171,158,77,34,20,13111,-8513,-4065,2746,436,-1843,694,-10,19,4
2025-11-10T20:36:16.736214,26,42,276,184,196,77,33,23,13109,-8518,-4060,2747,413,-1861,673,-18,19,6
2025-11-10T20:36:16.752437,26,52,272,195,198,72,35,25,13111,-8518,-4055,2744,419,-1868,677,11,27,-14
2025-11-10T20:36:16.774864,25,52,229,232,201,69,34,26,13111,-8518,-4055,2744,465,-1862,683,6,-9,-15
2025-11-10T20:36:16.789885,26,44,215,227,192,67,37,27,13111,-8518,-4055,2744,454,-1868,692,8,-1,-10
2025-11-10T20:36:16.812423,28,47,216,236,187,66,41,29,13111,-8518,-4055,2744,463,-1870,690,7,7,-6
2025-11-10T20:36:16.834874,23,46,235,207,159,69,42,28,13111,-8518,-4055,2744,446,-1873,691,-4,11,-5
2025-11-10T20:36:16.849660,22,43,350,195,166,70,39,25,13116,-8512,-4050,2747,413,-1841,706,36,7,-2
2025-11-10T20:36:16.872494,23,48,321,154,168,68,42,25,13118,-8507,-4051,2750,426,-1837,692,24,-19,-5
2025-11-10T20:36:16.894741,22,51,341,167,169,72,40,26,13115,-8511,-4054,2751,453,-1868,675,-21,-18,3
2025-11-10T20:36:16.909510,21,50,348,155,187,77,43,25,13114,-8512,-4054,2751,451,-1905,674,-5,9,1
2025-11-10T20:36:16.932355,23,50,332,157,202,93,56,29,13114,-8512,-4054,2751,445,-1871,694,12,8,2
2025-11-10T20:36:16.954785,25,44,222,182,205,102,56,29,13115,-8511,-4053,2752,427,-1817,720,15,-15,4
2025-11-10T20:36:16.969832,25,38,249,177,199,104,55,31,13115,-8509,-4058,2752,459,-1860,689,3,-22,-9
2025-11-10T20:36:16.992750,25,37,223,167,198,102,55,29,13114,-8509,-4058,2752,495,-1896,682,-14,-6,-7
2025-11-10T20:36:17.014992,25,38,225,185,203,100,53,29,13117,-8506,-4057,2752,461,-1888,691,24,7,-2
2025-11-10T20:36:17.028793,24,42,221,195,248,94,42,25,13121,-8500,-4054,2754,424,-1827,704,29,0,-5
2025-11-10T20:36:17.052309,21,44,238,184,245,80,40,26,13123,-8496,-4054,2758,412,-1818,701,20,-19,-3
2025-11-10T20:36:17.074858,22,47,247,204,243,75,41,24,13119,-8499,-4064,2756,487,-1867,677,-30,-37,-12
2025-11-10T20:36:17.089133,22,47,259,203,237,72,40,27,13118,-8499,-4064,2756,482,-1899,676,-3,-6,-4
2025-11-10T20:36:17.112319,25,49,250,229,234,76,38,26,13120,-8499,-4062,2754,443,-1858,667,16,20,-9
2025-11-10T20:36:17.134527,24,46,267,264,198,59,33,24,13122,-8498,-4054,2755,405,-1815,689,9,26,6
2025-11-10T20:36:17.149230,24,44,278,261,199,68,36,25,13121,-8502,-4051,2751,427,-1836,683,-23,23,-9
2025-11-10T20:36:17.173479,24,47,284,244,203,69,34,24,13121,-8502,-4051,2751,490,-1871,687,-12,3,-8
2025-11-10T20:36:17.194794,24,49,272,239,207,69,34,22,13121,-8502,-4051,2751,454,-1860,693,13,5,3
2025-11-10T20:36:17.209148,27,50,278,202,194,66,41,26,13121,-8502,-4051,2751,441,-1862,698,-10,13,-5
2025-11-10T20:36:17.232076,28,50,284,145,147,88,49,30,13122,-8503,-4046,2750,430,-1867,712,-10,23,1
2025-11-10T20:36:17.254891,29,54,289,123,139,82,47,31,13125,-8500,-4043,2751,398,-1852,684,30,2,-20
2025-11-10T20:36:17.269127,29,50,270,126,131,81,47,31,13125,-8500,-4044,2750,479,-1891,674,-11,-7,-11
2025-11-10T20:36:17.292347,30,46,277,160,127,79,49,31,13125,-8500,-4044,2750,473,-1882,686,2,1,-2
2025-11-10T20:36:17.314936,26,41,270,186,144,86,47,29,13125,-8500,-4043,2751,414,-1851,702,4,3,-5
2025-11-10T20:36:17.329093,29,47,323,213,173,69,38,28,13125,-8500,-4043,2751,411,-1835,699,-14,-3,-2
2025-11-10T20:36:17.351919,29,46,305,224,173,72,37,29,13125,-8500,-4042,2752,404,-1835,697,2,3,0
2025-11-10T20:36:17.373390,28,45,284,226,174,74,38,31,13123,-8503,-4045,2750,479,-1888,681,-17,-7,2
2025-11-10T20:36:17.397444,27,50,285,208,197,78,37,30,13124,-8501,-4046,2751,474,-1877,684,20,1,3
2025-11-10T20:36:17.412349,26,50,348,189,199,66,36,28,13124,-8501,-4046,2751,429,-1840,698,13,-7,10
2025-11-10T20:36:17.434932,25,45,283,153,177,55,42,29,13125,-8498,-4046,2754,420,-1835,690,16,-21,-4
2025-11-10T20:36:17.449147,25,43,267,164,172,51,41,27,13122,-8498,-4052,2755,480,-1881,679,-5,-23,6
2025-11-10T20:36:17.479936,25,43,266,160,180,52,42,24,13124,-8495,-4055,2756,486,-1884,690,21,-11,2
2025-11-10T20:36:17.494869,26,40,287,157,174,51,42,26,13124,-8495,-4055,2756,458,-1818,676,12,-13,4
2025-11-10T20:36:17.524985,29,50,244,179,179,70,40,27,13122,-8498,-4054,2756,430,-1844,694,-22,-1,1
2025-11-10T20:36:17.532558,29,52,253,178,174,74,36,26,13123,-8495,-4051,2761,400,-1829,676,28,-9,6
2025-11-10T20:36:17.554514,29,51,263,182,192,74,35,26,13120,-8500,-4057,2758,490,-1880,669,-27,-9,-9
2025-11-10T20:36:17.577739,27,50,276,207,193,71,33,25,13119,-8500,-4058,2757,476,-1894,687,13,3,4
2025-11-10T20:36:17.592256,25,50,247,209,191,78,34,24,13119,-8500,-4058,2757,442,-1847,688,9,0,-4
2025-11-10T20:36:17.614890,26,54,255,221,223,64,29,25,13116,-8506,-4058,2755,442,-1855,687,-42,5,-2
2025-11-10T20:36:17.637366,25,50,256,223,232,69,32,27,13116,-8506,-4057,2756,400,-1839,704,4,12,4
2025-11-10T20:36:17.651893,23,50,259,205,225,72,37,29,13114,-8510,-4057,2753,445,-1869,673,-19,6,-11
2025-11-10T20:36:17.675357,25,51,255,185,222,76,39,30,13114,-8510,-4058,2753,478,-1870,673,-1,10,-8
2025-11-10T20:36:17.697001,26,51,268,197,227,70,38,30,13114,-8510,-4057,2753,429,-1844,684,-4,10,-1
2025-11-10T20:36:17.712342,22,37,255,170,234,67,41,28,13111,-8517,-4055,2750,441,-1882,687,-40,20,-1
2025-11-10T20:36:17.735030,27,39,268,168,239,81,43,25,13111,-8517,-4054,2751,414,-1848,706,5,13,6
2025-11-10T20:36:17.756953,28,41,246,170,235,93,44,27,13111,-8516,-4054,2751,444,-1864,700,-13,-4,-4
2025-11-10T20:36:17.772320,26,38,235,169,231,96,46,30,13111,-8516,-4054,2751,465,-1865,687,-5,-4,1
2025-11-10T20:36:17.794711,29,40,291,160,215,96,46,29,13111,-8516,-4054,2751,444,-1879,698,8,-3,3
2025-11-10T20:36:17.817342,29,41,272,158,159,103,51,31,13111,-8516,-4054,2751,451,-1885,700,-2,1,-4
2025-11-10T20:36:17.832354,25,40,257,172,166,85,47,29,13113,-8514,-4050,2754,414,-1866,697,22,1,4
2025-11-10T20:36:17.855015,26,40,280,166,172,78,43,29,13114,-8512,-4049,2759,404,-1837,667,19,-17,-1
2025-11-10T20:36:17.877766,27,40,332,163,178,73,42,27,13111,-8514,-4055,2757,481,-1881,672,-14,-20,-6
2025-11-10T20:36:17.892854,25,42,269,170,197,80,48,27,13111,-8514,-4056,2757,463,-1884,684,8,-4,7
2025-11-10T20:36:17.914876,26,43,267,165,231,72,41,27,13113,-8511,-4054,2759,433,-1849,685,23,2,0
2025-11-10T20:36:17.937534,26,42,273,187,251,75,40,29,13113,-8511,-4053,2759,437,-1832,704,10,2,4
2025-11-10T20:36:17.951773,27,41,250,224,271,70,43,25,13112,-8510,-4060,2761,457,-1862,679,-1,-36,-10
2025-11-10T20:36:17.982077,29,45,168,224,283,76,42,25,13110,-8509,-4066,2760,485,-1877,670,7,-21,-5
2025-11-10T20:36:17.997341,29,43,168,224,279,73,39,26,13110,-8509,-4066,2760,470,-1868,678,12,4,-10
2025-11-10T20:36:18.011601,29,44,164,230,255,74,40,24,13111,-8510,-4063,2759,423,-1863,672,2,18,-8
2025-11-10T20:36:18.034827,30,48,188,198,249,76,38,24,13110,-8511,-4062,2759,419,-1848,668,5,13,-9
2025-11-10T20:36:18.057111,30,49,242,167,223,73,38,28,13110,-8511,-4062,2759,416,-1826,666,-2,6,-10
2025-11-10T20:36:18.071702,27,43,246,168,211,67,37,27,13108,-8515,-4064,2755,467,-1871,669,-25,6,-11
2025-11-10T20:36:18.095076,28,41,247,186,212,63,35,26,13106,-8519,-4063,2754,444,-1872,685,-19,10,-1
2025-11-10T20:36:18.124833,28,47,246,180,258,70,36,26,13108,-8520,-4058,2752,423,-1869,705,-8,24,-9
2025-11-10T20:36:18.139883,25,44,214,178,233,68,37,25,13109,-8518,-4056,2753,410,-1825,774,8,-9,-7
2025-11-10T20:36:18.154389,25,45,187,169,240,65,35,21,13107,-8519,-4060,2752,446,-1874,674,-3,-18,-15
2025-11-10T20:36:18.177067,27,45,188,191,243,73,40,23,13107,-8519,-4060,2752,477,-1907,690,-9,0,-4
2025-11-10T20:36:18.197717,27,48,177,165,264,74,42,25,13107,-8519,-4060,2752,442,-1852,690,7,5,-4
2025-11-10T20:36:18.212827,26,37,173,177,212,67,44,29,13109,-8514,-4062,2755,440,-1823,672,27,-20,-1
2025-11-10T20:36:18.235834,30,48,265,183,205,65,44,29,13109,-8514,-4063,2755,476,-1866,662,-2,-4,-1
2025-11-10T20:36:18.251721,28,54,276,194,236,71,42,29,13110,-8513,-4061,2756,440,-1880,681,16,6,1
2025-11-10T20:36:18.274982,28,58,280,173,240,68,41,29,13112,-8509,-4059,2760,419,-1842,698,22,-12,1
2025-11-10T20:36:18.297372,29,61,289,197,242,66,38,28,13111,-8509,-4060,2762,420,-1845,658,12,-18,-8
2025-11-10T20:36:18.311718,28,61,293,178,233,64,34,25,13108,-8513,-4065,2760,489,-1876,679,-30,-8,5
2025-11-10T20:36:18.334986,26,52,272,177,230,64,36,25,13108,-8513,-4065,2760,460,-1890,679,-6,-3,12
2025-11-10T20:36:18.357126,25,52,239,182,277,72,41,23,13110,-8512,-4061,2762,422,-1873,697,17,7,0
2025-11-10T20:36:18.371684,25,53,243,194,270,71,42,23,13113,-8509,-4054,2767,387,-1849,718,17,1,7
2025-11-10T20:36:18.395219,25,50,277,168,242,69,40,25,13111,-8510,-4054,2774,389,-1831,675,0,-33,8
2025-11-10T20:36:18.417424,27,52,285,166,241,66,42,26,13105,-8516,-4057,2775,476,-1873,680,-39,-10,24
2025-11-10T20:36:18.447376,30,59,235,167,244,82,43,29,13106,-8515,-4054,2779,475,-1872,692,11,7,32
2025-11-10T20:36:18.454379,30,54,259,156,138,80,40,29,13111,-8507,-4049,2788,438,-1828,753,24,-15,40
2025-11-10T20:36:18.477388,30,49,276,152,127,78,36,29,13111,-8503,-4052,2797,445,-1870,704,23,-46,28
2025-11-10T20:36:18.499925,28,48,244,168,128,78,37,27,13109,-8500,-4058,2803,480,-1916,711,14,-45,19
2025-11-10T20:36:18.521801,27,43,232,179,154,82,38,28,13112,-8492,-4060,2810,454,-1905,708,49,-34,9
2025-11-10T20:36:18.537347,24,47,272,177,178,75,35,24,13117,-8482,-4063,2816,422,-1873,682,69,-34,-14
2025-11-10T20:36:18.560023,24,47,337,176,188,76,39,25,13121,-8471,-4067,2823,408,-1826,707,58,-54,-14
2025-11-10T20:36:18.574988,23,44,332,177,191,73,41,25,13121,-8465,-4078,2828,441,-1844,655,38,-66,-19
2025-11-10T20:36:18.597485,25,47,337,157,185,74,42,25,13119,-8462,-4087,2830,483,-1864,664,24,-43,-3
2025-11-10T20:36:18.619972,24,49,353,177,189,82,45,23,13122,-8455,-4087,2836,424,-1834,684,46,-26,3
2025-11-10T20:36:18.635043,24,38,361,184,193,78,46,23,13123,-8452,-4087,2841,417,-1802,683,23,-19,9
2025-11-10T20:36:18.657060,22,37,334,191,201,67,40,22,13121,-8452,-4090,2847,414,-1798,663,1,-37,11
2025-11-10T20:36:18.682158,23,40,356,186,197,74,41,24,13114,-8461,-4095,2848,474,-1864,643,-35,-18,19
2025-11-10T20:36:18.694669,22,38,348,187,200,73,41,24,13111,-8464,-4095,2850,462,-1873,675,-8,1,22
2025-11-10T20:36:18.724879,27,42,332,190,194,90,39,26,13109,-8467,-4091,2854,415,-1849,697,-13,1,20
2025-11-10T20:36:18.739906,28,40,326,184,163,88,37,27,13105,-8475,-4089,2855,435,-1843,710,-57,2,21
2025-11-10T20:36:18.758002,27,42,330,189,140,87,39,27,13098,-8485,-4092,2850,471,-1893,691,-40,17,-4
2025-11-10T20:36:18.781282,28,41,309,184,155,82,35,26,13098,-8488,-4089,2848,441,-1855,691,-17,21,5
2025-11-10T20:36:18.799157,27,49,310,188,159,87,35,27,13096,-8494,-4086,2844,432,-1862,708,-45,24,-8
2025-11-10T20:36:18.818318,23,48,316,174,152,74,36,26,13095,-8498,-4083,2840,434,-1885,686,-20,22,-13
2025-11-10T20:36:18.841025,22,47,355,176,146,80,37,25,13098,-8496,-4080,2836,435,-1847,702,9,21,-16
2025-11-10T20:36:18.859146,24,45,312,148,144,80,37,28,13098,-8498,-4080,2831,449,-1868,684,-15,18,-19
2025-11-10T20:36:18.886001,22,44,300,150,149,81,39,26,13098,-8500,-4078,2826,455,-1881,691,-15,29,-15
2025-11-10T20:36:18.900988,25,40,310,157,172,78,42,28,13100,-8501,-4074,2824,422,-1870,689,2,19,-10
2025-11-10T20:36:18.918886,24,42,329,165,210,73,40,31,13102,-8498,-4073,2821,431,-1851,694,10,14,-21
2025-11-10T20:36:18.945868,25,46,260,155,234,71,41,31,13101,-8499,-4075,2818,441,-1866,675,-6,-1,-18
2025-11-10T20:36:18.961104,24,49,251,172,240,74,42,29,13101,-8500,-4078,2814,460,-1880,681,-7,-1,-23
2025-11-10T20:36:18.979067,24,48,243,171,234,75,43,30,13101,-8500,-4078,2814,450,-1886,679,12,7,-1
2025-11-10T20:36:19.006005,22,45,233,174,216,74,42,27,13101,-8500,-4078,2814,446,-1866,685,-5,-1,2
2025-11-10T20:36:19.021030,24,43,230,186,199,66,40,25,13099,-8501,-4076,2821,400,-1846,703,-9,-23,18
2025-11-10T20:36:19.039158,23,42,223,186,191,63,39,23,13094,-8505,-4082,2825,416,-1848,654,-20,-42,2
2025-11-10T20:36:19.058597,23,39,214,172,182,63,39,23,13089,-8509,-4087,2827,476,-1895,678,-26,-27,12
2025-11-10T20:36:19.080442,25,39,214,174,182,65,43,25,13090,-8508,-4087,2829,449,-1862,666,22,0,8
2025-11-10T20:36:19.098629,24,40,218,158,193,66,40,27,13090,-8507,-4086,2829,414,-1845,690,13,7,9
2025-11-10T20:36:19.118842,23,39,252,120,197,85,48,27,13091,-8507,-4085,2830,402,-1810,689,5,-7,5
2025-11-10T20:36:19.141028,27,41,293,124,196,85,50,32,13087,-8510,-4092,2828,485,-1895,692,-33,-25,-4
2025-11-10T20:36:19.159195,26,41,291,137,214,83,50,32,13090,-8506,-4091,2828,467,-1903,692,32,7,-1
2025-11-10T20:36:19.180538,26,45,304,135,212,82,49,31,13094,-8500,-4090,2826,454,-1844,692,29,11,-10
2025-11-10T20:36:19.200963,28,48,342,142,197,81,49,32,13093,-8503,-4088,2826,423,-1844,697,-21,4,-4
2025-11-10T20:36:19.219166,30,54,315,178,192,56,42,30,13094,-8502,-4088,2826,426,-1857,718,-11,0,0
2025-11-10T20:36:19.241731,27,52,269,205,214,52,40,24,13095,-8499,-4086,2829,403,-1856,673,27,-10,-9
2025-11-10T20:36:19.260968,27,54,300,212,201,64,41,25,13096,-8500,-4087,2825,456,-1878,677,-2,11,-19
2025-11-10T20:36:19.279124,29,55,316,220,201,61,39,27,13095,-8500,-4087,2825,448,-1874,678,3,3,-7
2025-11-10T20:36:19.301697,28,56,285,215,203,61,39,25,13096,-8500,-4087,2825,423,-1848,702,-3,4,3
2025-11-10T20:36:19.321288,27,49,269,202,173,71,42,26,13096,-8500,-4086,2826,425,-1847,696,-1,-7,0
2025-11-10T20:36:19.339170,33,50,275,181,247,85,43,27,13096,-8499,-4086,2826,440,-1863,725,10,0,-8
2025-11-10T20:36:19.361697,36,56,329,165,261,84,42,28,13096,-8499,-4086,2826,445,-1860,679,14,-15,-4
2025-11-10T20:36:19.380983,36,56,328,170,268,83,42,25,13093,-8503,-4089,2825,463,-1865,667,-19,-5,0
2025-11-10T20:36:19.399186,36,51,337,172,268,81,41,24,13093,-8503,-4089,2824,474,-1880,670,-16,13,6
2025-11-10T20:36:19.421466,35,52,329,173,273,78,40,26,13095,-8504,-4084,2823,443,-1860,692,0,27,8
2025-11-10T20:36:19.440991,30,53,336,202,183,72,41,28,13094,-8504,-4081,2828,412,-1809,655,14,-3,20
2025-11-10T20:36:19.466653,26,44,252,223,173,70,43,27,13087,-8514,-4085,2827,462,-1879,658,-55,-6,12
2025-11-10T20:36:19.481663,26,39,225,217,157,76,43,28,13083,-8520,-4084,2827,462,-1895,668,-27,6,19
2025-11-10T20:36:19.500964,27,41,186,220,164,78,43,31,13084,-8521,-4077,2829,411,-1850,691,1,19,20
2025-11-10T20:36:19.519143,26,41,200,216,187,76,43,28,13084,-8521,-4077,2830,404,-1841,684,-6,0,5
2025-11-10T20:36:19.541250,26,36,225,187,196,68,40,25,13079,-8528,-4079,2830,445,-1879,663,-36,-9,8
2025-11-10T20:36:19.560956,28,38,253,192,198,69,42,27,13079,-8528,-4079,2830,447,-1890,683,-8,2,11
2025-11-10T20:36:19.578790,26,40,248,194,206,67,42,26,13079,-8528,-4078,2830,419,-1849,690,6,4,6
2025-11-10T20:36:19.601635,27,45,267,196,219,76,46,26,13079,-8528,-4078,2831,417,-1862,682,4,-9,-4
2025-11-10T20:36:19.621076,28,47,279,191,237,78,44,27,13081,-8525,-4077,2833,416,-1860,683,19,-8,-5
2025-11-10T20:36:19.646632,28,45,252,213,222,88,43,27,13080,-8524,-4079,2834,436,-1864,675,1,-17,-4
2025-11-10T20:36:19.661665,29,45,224,189,247,84,37,27,13080,-8524,-4079,2834,443,-1868,693,15,4,-12
2025-11-10T20:36:19.684364,29,42,230,177,241,89,36,27,13085,-8517,-4077,2838,415,-1846,687,47,-9,-6
2025-11-10T20:36:19.698991,29,34,206,165,227,87,30,27,13083,-8518,-4082,2837,457,-1865,674,-13,-19,-7
2025-11-10T20:36:19.721689,29,31,175,152,186,88,33,26,13081,-8520,-4084,2838,450,-1871,694,-22,-8,5
2025-11-10T20:36:19.740932,31,34,275,111,183,77,34,25,13081,-8520,-4083,2838,424,-1869,680,-3,7,3
2025-11-10T20:36:19.759274,29,34,308,125,137,81,41,25,13081,-8520,-4083,2838,438,-1851,695,7,6,-9
2025-11-10T20:36:19.781737,32,47,325,127,157,71,39,23,13081,-8520,-4083,2838,433,-1863,690,-2,-8,-5
2025-11-10T20:36:19.808570,33,51,337,142,159,66,39,21,13081,-8520,-4083,2838,452,-1894,676,-16,-8,0
2025-11-10T20:36:19.823591,31,51,354,135,151,63,38,25,13081,-8520,-4083,2838,446,-1891,682,7,1,-3
2025-11-10T20:36:19.841457,30,50,281,139,198,63,39,26,13081,-8520,-4083,2838,429,-1866,676,5,4,-5
2025-11-10T20:36:19.868476,29,55,291,118,204,67,33,23,13081,-8520,-4082,2839,409,-1838,687,11,0,-9
2025-11-10T20:36:19.883389,29,54,306,123,201,75,40,27,13078,-8523,-4088,2838,452,-1879,673,-19,-24,-12
2025-11-10T20:36:19.901694,27,52,294,130,214,76,43,26,13078,-8523,-4088,2838,455,-1885,672,6,-1,2
2025-11-10T20:36:19.924156,27,50,272,125,213,72,44,25,13078,-8523,-4088,2838,438,-1851,656,10,4,1
2025-11-10T20:36:19.939207,31,50,269,125,175,83,47,27,13075,-8528,-4085,2839,411,-1861,675,-25,5,10
2025-11-10T20:36:19.961652,31,42,218,128,159,75,49,30,13075,-8528,-4085,2840,408,-1854,678,-6,-5,-7
2025-11-10T20:36:19.980903,28,32,166,123,147,69,47,27,13074,-8529,-4085,2840,440,-1887,657,4,6,-4
2025-11-10T20:36:19.998729,29,33,195,107,136,69,46,27,13074,-8529,-4085,2839,455,-1874,665,6,7,0
2025-11-10T20:36:20.025982,29,35,197,138,166,70,45,28,13075,-8529,-4085,2840,412,-1860,703,-3,2,2
2025-11-10T20:36:20.040960,26,37,196,144,191,59,41,26,13075,-8526,-4087,2844,420,-1820,699,-2,-31,1
2025-11-10T20:36:20.058850,24,40,231,141,207,54,40,22,13075,-8526,-4087,2844,451,-1890,684,-6,-11,-4
2025-11-10T20:36:20.081645,25,45,267,139,206,59,37,23,13077,-8523,-4088,2843,457,-1894,692,18,-3,-7
2025-11-10T20:36:20.101043,27,46,262,146,221,55,36,27,13078,-8520,-4087,2846,425,-1867,676,23,-8,-3
2025-11-10T20:36:20.119173,26,46,288,154,241,61,42,25,13079,-8517,-4089,2847,428,-1849,693,4,-17,-7
2025-11-10T20:36:20.141252,24,43,293,146,236,72,47,27,13078,-8517,-4093,2848,433,-1863,666,5,-22,-15
2025-11-10T20:36:20.160964,24,43,320,148,243,74,47,28,13078,-8517,-4093,2847,484,-1898,677,-3,-14,-13
2025-11-10T20:36:20.180441,25,40,309,156,245,69,49,30,13079,-8515,-4093,2847,441,-1867,668,20,4,-5
2025-11-10T20:36:20.201848,24,37,315,152,235,77,48,26,13079,-8515,-4093,2848,415,-1831,664,15,4,-10
2025-11-10T20:36:20.221001,25,40,322,126,210,79,44,26,13079,-8516,-4092,2848,408,-1844,654,-5,-10,-6
2025-11-10T20:36:20.239160,25,40,316,148,202,71,40,24,13077,-8519,-4094,2847,445,-1879,668,-17,-4,-7
2025-11-10T20:36:20.261672,26,40,273,161,191,78,40,24,13076,-8519,-4094,2847,448,-1891,670,-14,1,-1
2025-11-10T20:36:20.281026,28,41,313,157,201,83,37,24,13077,-8520,-4092,2845,446,-1864,686,-6,17,0
2025-11-10T20:36:20.299109,29,44,320,163,211,82,40,28,13076,-8524,-4087,2843,427,-1879,703,-30,24,8
2025-11-10T20:36:20.321870,31,43,335,168,211,80,41,30,13076,-8525,-4086,2844,399,-1859,651,-12,-10,3
2025-11-10T20:36:20.344074,33,50,359,204,207,74,38,32,13074,-8526,-4090,2842,475,-1885,685,-17,-7,-2
2025-11-10T20:36:20.359451,33,52,406,206,199,67,35,31,13076,-8523,-4090,2844,447,-1882,690,21,-10,0
2025-11-10T20:36:20.388989,31,50,356,205,186,67,34,30,13081,-8515,-4086,2849,403,-1827,695,47,-2,2
2025-11-10T20:36:20.403919,31,49,353,207,197,69,35,28,13080,-8515,-4088,2850,410,-1848,684,-5,-25,-14
2025-11-10T20:36:20.423468,30,53,307,238,201,75,36,28,13081,-8512,-4091,2851,434,-1872,694,8,-20,-17
2025-11-10T20:36:20.441667,30,49,273,197,191,78,46,31,13086,-8502,-4093,2854,435,-1858,680,62,-20,-17
2025-11-10T20:36:20.464139,31,48,206,198,227,79,50,31,13089,-8495,-4096,2855,434,-1847,688,34,-21,-18
2025-11-10T20:36:20.483407,31,46,206,224,256,77,50,32,13091,-8490,-4100,2857,432,-1851,687,23,-27,-18
2025-11-10T20:36:20.509125,29,44,172,224,239,69,47,30,13090,-8489,-4105,2856,444,-1867,654,14,-21,-21
2025-11-10T20:36:20.524185,28,38,209,190,235,58,44,29,13090,-8488,-4109,2855,452,-1872,654,18,-11,-19
2025-11-10T20:36:20.539156,26,37,209,186,243,58,36,23,13092,-8486,-4110,2853,441,-1862,671,19,1,-16
2025-11-10T20:36:20.561322,25,35,179,174,216,60,32,21,13094,-8481,-4109,2854,428,-1832,693,21,-7,-12
2025-11-10T20:36:20.584170,25,42,201,146,186,61,39,22,13092,-8482,-4115,2853,463,-1854,683,-16,-22,-12
2025-11-10T20:36:20.598668,27,48,211,143,176,72,44,25,13092,-8482,-4115,2853,458,-1879,675,-3,-15,-7
2025-11-10T20:36:20.621695,27,49,277,129,161,71,44,27,13090,-8486,-4117,2851,472,-1886,672,-18,7,2
2025-11-10T20:36:20.652421,29,54,300,147,239,87,45,28,13090,-8486,-4116,2851,425,-1857,695,-14,9,15
2025-11-10T20:36:20.660011,29,53,320,187,229,93,46,29,13086,-8492,-4114,2854,389,-1831,667,-27,-10,3
2025-11-10T20:36:20.691523,28,49,347,180,233,97,42,30,13079,-8500,-4121,2852,483,-1882,662,-56,-17,3
2025-11-10T20:36:20.704152,27,43,356,179,235,97,40,27,13079,-8500,-4122,2851,466,-1892,667,-8,13,9
2025-11-10T20:36:20.719096,27,46,290,196,248,103,41,26,13079,-8501,-4118,2853,434,-1817,672,0,9,16
2025-11-10T20:36:20.741683,26,40,281,183,171,89,42,25,13076,-8507,-4116,2852,429,-1839,663,-28,10,7
2025-11-10T20:36:20.763798,27,50,274,136,177,83,45,26,13074,-8510,-4118,2852,445,-1854,665,-19,-2,-1
2025-11-10T20:36:20.779001,28,49,282,141,167,77,46,25,13071,-8514,-4118,2851,449,-1882,664,-19,4,4
2025-11-10T20:36:20.801700,28,48,274,138,165,66,45,26,13069,-8519,-4115,2850,435,-1876,663,-19,13,6
2025-11-10T20:36:20.823872,26,46,285,125,161,57,43,25,13067,-8525,-4111,2848,436,-1867,670,-31,27,6
2025-11-10T20:36:20.839211,27,49,285,203,188,58,40,25,13066,-8529,-4108,2846,433,-1868,695,-28,18,2
2025-11-10T20:36:20.861429,27,41,272,214,197,65,35,22,13066,-8529,-4107,2846,441,-1869,688,7,9,-13
2025-11-10T20:36:20.884193,26,43,264,215,207,65,33,22,13066,-8529,-4108,2846,470,-1860,685,-8,11,-11
2025-11-10T20:36:20.899192,25,46,253,214,202,65,32,22,13063,-8533,-4109,2844,455,-1886,680,-31,-1,2
2025-11-10T20:36:20.921483,26,42,229,215,186,74,37,23,13063,-8533,-4109,2844,462,-1884,677,-15,4,-3
2025-11-10T20:36:20.944177,28,50,302,170,222,80,42,22,13063,-8533,-4109,2845,412,-1871,700,-10,3,10
2025-11-10T20:36:20.958851,25,49,304,161,214,68,41,22,13063,-8533,-4108,2845,396,-1856,661,8,-6,-12
2025-11-10T20:36:20.981638,28,50,347,163,216,73,44,25,13056,-8543,-4113,2843,450,-1906,646,-55,-14,-8
2025-11-10T20:36:21.004197,27,51,350,158,224,78,43,26,13055,-8543,-4113,2843,451,-1895,667,-1,-2,9
2025-11-10T20:36:21.023584,28,55,378,164,229,74,40,26,13055,-8543,-4113,2843,426,-1858,674,14,2,3
2025-11-10T20:36:21.041703,28,48,319,153,180,70,35,26,13057,-8542,-4110,2846,407,-1836,663,17,-2,5
2025-11-10T20:36:21.064158,30,55,313,151,215,86,42,26,13056,-8542,-4110,2846,441,-1874,657,6,-11,-9
2025-11-10T20:36:21.083423,29,54,245,146,204,82,42,25,13056,-8542,-4110,2846,463,-1906,663,-6,-4,-7
2025-11-10T20:36:21.101666,30,54,256,157,222,82,45,26,13059,-8539,-4109,2846,440,-1874,676,23,5,-10
2025-11-10T20:36:21.124226,30,57,256,148,215,78,46,26,13062,-8534,-4108,2845,425,-1849,688,19,2,-19
2025-11-10T20:36:21.139138,29,55,252,135,208,75,46,29,13062,-8533,-4111,2847,419,-1837,668,0,-25,-13
2025-11-10T20:36:21.161273,29,49,303,146,164,54,41,29,13061,-8533,-4115,2845,452,-1872,655,3,-8,-18
2025-11-10T20:36:21.186563,28,51,292,161,172,54,36,29,13063,-8532,-4115,2841,469,-1885,658,15,16,-9
2025-11-10T20:36:21.198553,30,53,308,152,136,53,40,29,13065,-8531,-4112,2841,427,-1851,666,16,14,-7
2025-11-10T20:36:21.221654,28,48,273,157,152,57,40,30,13065,-8530,-4111,2841,424,-1827,691,-9,-5,6
2025-11-10T20:36:21.252438,28,45,276,151,159,62,45,34,13065,-8531,-4112,2841,454,-1885,659,-8,-11,-11
2025-11-10T20:36:21.266700,27,43,329,151,174,65,44,34,13065,-8531,-4112,2840,471,-1890,677,-9,-4,1
2025-11-10T20:36:21.281648,26,41,357,153,179,73,47,34,13065,-8531,-4112,2840,454,-1875,670,-4,6,-2
2025-11-10T20:36:21.304146,24,45,348,163,215,78,44,32,13067,-8529,-4109,2839,442,-1844,681,7,17,-1
2025-11-10T20:36:21.328190,25,52,380,184,209,82,43,31,13067,-8529,-4109,2839,441,-1863,668,-1,7,-3
2025-11-10T20:36:21.341271,21,51,392,197,241,96,42,26,13066,-8530,-4109,2839,450,-1881,649,-12,-1,2
2025-11-10T20:36:21.368328,23,55,313,209,274,95,45,28,13066,-8530,-4109,2839,428,-1878,668,8,-8,1
2025-11-10T20:36:21.387158,24,55,272,198,268,88,44,28,13068,-8527,-4111,2839,445,-1848,671,17,-11,-13
2025-11-10T20:36:21.401659,24,47,255,192,249,79,42,27,13065,-8531,-4112,2838,444,-1870,666,-23,1,2
2025-11-10T20:36:21.424139,26,38,217,177,246,76,43,28,13065,-8531,-4112,2839,436,-1875,662,5,7,0
2025-11-10T20:36:21.446650,26,39,221,188,207,55,39,28,13066,-8531,-4108,2839,417,-1869,661,18,13,-2
2025-11-10T20:36:21.461157,24,35,226,169,153,64,36,27,13066,-8531,-4107,2839,435,-1873,673,-4,2,-12
2025-11-10T20:36:21.484110,24,35,220,164,157,62,34,27,13066,-8531,-4107,2840,412,-1865,668,7,0,0
2025-11-10T20:36:21.514924,26,33,217,179,151,67,39,27,13066,-8531,-4107,2840,434,-1875,680,-9,2,-3
2025-11-10T20:36:21.529216,24,37,216,169,168,69,39,27,13068,-8530,-4102,2839,420,-1880,680,16,20,-8
2025-11-10T20:36:21.544102,26,40,229,146,180,79,43,28,13073,-8524,-4101,2839,451,-1841,698,27,6,-8
2025-11-10T20:36:21.574910,26,45,243,143,177,76,44,27,13072,-8523,-4105,2841,439,-1854,669,2,-31,-3
2025-11-10T20:36:21.581691,28,47,261,153,170,78,48,27,13071,-8523,-4105,2841,462,-1896,657,-1,-14,-4
2025-11-10T20:36:21.604151,28,52,257,147,220,83,46,31,13073,-8521,-4105,2842,437,-1880,667,24,-1,-3
2025-11-10T20:36:21.626213,30,51,248,151,222,89,46,31,13077,-8517,-4103,2841,438,-1839,679,26,11,-13
2025-11-10T20:36:21.641641,28,49,206,151,222,90,44,30,13073,-8519,-4107,2842,456,-1860,650,-14,-20,2
2025-11-10T20:36:21.664064,29,45,241,164,238,87,43,29,13073,-8520,-4108,2841,462,-1869,662,-5,-4,0
2025-11-10T20:36:21.688904,27,43,235,172,262,88,41,30,13074,-8519,-4105,2840,446,-1880,680,9,16,-3
2025-11-10T20:36:21.701621,25,44,255,177,237,89,40,24,13077,-8517,-4101,2839,433,-1858,687,13,22,-3
2025-11-10T20:36:21.724136,23,41,271,167,223,80,36,23,13075,-8520,-4103,2839,446,-1840,662,-17,-7,3
2025-11-10T20:36:21.746271,23,41,294,168,205,67,32,21,13071,-8527,-4104,2837,464,-1885,657,-34,7,6
2025-11-10T20:36:21.765586,22,40,247,149,179,65,36,23,13070,-8529,-4099,2836,432,-1878,649,7,26,4
2025-11-10T20:36:21.784040,23,43,230,126,167,72,37,23,13072,-8530,-4094,2834,426,-1867,686,-1,26,2
2025-11-10T20:36:21.811259,24,36,213,105,162,70,37,27,13072,-8530,-4093,2835,404,-1847,688,-10,7,7
2025-11-10T20:36:21.821681,25,38,201,129,164,71,39,26,13072,-8531,-4093,2835,424,-1858,660,-14,-12,-4
2025-11-10T20:36:21.851700,27,38,274,127,167,75,46,26,13072,-8531,-4093,2835,476,-1896,672,-14,1,1
2025-11-10T20:36:21.871056,26,43,292,137,171,75,43,25,13072,-8531,-4093,2835,456,-1896,679,8,13,4
2025-11-10T20:36:21.881637,26,38,309,151,193,68,41,23,13071,-8534,-4089,2835,425,-1858,675,-13,16,9
2025-11-10T20:36:21.904142,22,40,300,155,181,70,42,22,13071,-8533,-4089,2835,411,-1850,708,-5,0,-1
2025-11-10T20:36:21.928044,24,40,326,152,207,69,42,24,13069,-8535,-4090,2839,423,-1880,670,-2,-22,2
2025-11-10T20:36:21.941535,22,43,317,173,223,66,33,25,13069,-8535,-4091,2838,470,-1902,673,2,8,-2
2025-11-10T20:36:21.964054,24,39,311,192,225,65,32,25,13071,-8533,-4088,2839,435,-1885,684,16,11,0
2025-11-10T20:36:21.986655,24,41,302,181,187,65,37,27,13073,-8530,-4086,2840,413,-1843,680,18,-6,-8
2025-11-10T20:36:22.001041,27,38,316,211,221,81,37,27,13073,-8530,-4086,2840,440,-1872,697,-14,-5,4
2025-11-10T20:36:22.028477,26,39,313,220,219,86,42,28,13074,-8528,-4086,2842,407,-1888,656,26,-8,-13
2025-11-10T20:36:22.046725,27,40,231,207,204,88,44,27,13074,-8528,-4086,2842,452,-1874,677,5,-10,-8
2025-11-10T20:36:22.062021,25,38,219,196,200,92,44,26,13072,-8529,-4088,2845,436,-1874,671,0,-18,6
2025-11-10T20:36:22.088389,27,40,276,232,209,96,41,25,13072,-8529,-4087,2845,427,-1875,684,-8,-12,3
2025-11-10T20:36:22.106646,26,54,336,212,167,75,41,24,13072,-8529,-4087,2846,411,-1872,677,11,-11,-2
2025-11-10T20:36:22.121593,26,55,323,218,171,73,37,21,13073,-8527,-4088,2847,442,-1865,668,16,-8,0
2025-11-10T20:36:22.148394,25,53,324,220,194,67,36,21,13073,-8527,-4088,2847,443,-1858,675,10,-3,2
2025-11-10T20:36:22.174467,25,53,326,224,201,72,38,21,13073,-8527,-4088,2847,446,-1866,673,0,-15,1
2025-11-10T20:36:22.181313,25,54,322,214,213,92,43,23,13073,-8528,-4088,2847,443,-1869,666,-2,-2,-12
2025-11-10T20:36:22.204158,23,43,254,215,213,93,42,21,13074,-8527,-4084,2848,410,-1852,656,23,15,0
2025-11-10T20:36:22.226406,24,39,279,209,199,86,40,22,13074,-8527,-4084,2848,443,-1856,662,1,10,5
2025-11-10T20:36:22.249234,23,49,305,204,183,89,39,22,13075,-8526,-4082,2848,422,-1868,664,16,5,-3
2025-11-10T20:36:22.271677,24,49,363,194,187,83,40,21,13075,-8527,-4082,2848,443,-1869,673,1,4,-4
2025-11-10T20:36:22.286685,23,51,329,195,188,55,33,19,13075,-8527,-4082,2849,430,-1872,658,2,8,0
2025-11-10T20:36:22.309144,27,54,331,210,198,61,37,23,13075,-8530,-4077,2847,415,-1875,662,1,27,-1
2025-11-10T20:36:22.324184,28,56,320,211,187,72,40,23,13077,-8527,-4074,2847,422,-1851,683,20,11,-4
2025-11-10T20:36:22.346461,29,48,322,210,180,72,39,22,13078,-8527,-4074,2847,464,-1864,687,1,-13,-5
2025-11-10T20:36:22.369044,29,49,255,214,183,71,38,24,13077,-8527,-4075,2847,458,-1883,673,5,8,8
2025-11-10T20:36:22.384121,28,42,269,216,219,83,42,23,13080,-8524,-4074,2845,459,-1870,685,17,10,-2
2025-11-10T20:36:22.410988,23,34,270,195,236,89,43,20,13081,-8522,-4072,2846,409,-1843,661,20,0,-8
2025-11-10T20:36:22.429078,24,42,281,187,244,85,43,21,13078,-8524,-4077,2846,464,-1865,674,-20,-16,0
2025-11-10T20:36:22.451682,25,41,251,188,244,83,47,25,13078,-8525,-4077,2846,436,-1892,669,8,-8,7
2025-11-10T20:36:22.466471,24,41,245,180,236,92,48,24,13078,-8525,-4077,2845,444,-1866,662,3,8,5
2025-11-10T20:36:22.488990,25,43,242,155,183,82,48,27,13078,-8525,-4077,2846,420,-1852,669,-10,12,0
2025-11-10T20:36:22.504426,26,44,247,153,185,84,46,26,13075,-8532,-4073,2846,406,-1854,697,-43,10,9
2025-11-10T20:36:22.528036,26,42,279,135,193,84,44,26,13075,-8532,-4073,2846,413,-1868,663,-4,-3,3
2025-11-10T20:36:22.549083,24,41,298,141,195,90,40,25,13075,-8532,-4073,2846,463,-1878,682,-16,1,11
2025-11-10T20:36:22.568438,24,40,296,140,190,81,39,26,13074,-8532,-4073,2846,427,-1875,667,-5,1,6
2025-11-10T20:36:22.586687,25,38,295,127,187,76,37,25,13071,-8538,-4073,2845,437,-1883,686,-39,6,3
2025-11-10T20:36:22.608751,25,40,290,119,155,72,36,30,13068,-8544,-4071,2846,420,-1886,668,-24,1,12
2025-11-10T20:36:22.628495,25,32,228,129,160,75,36,31,13070,-8542,-4066,2847,399,-1882,665,25,14,-6
2025-11-10T20:36:22.646678,27,37,213,116,150,72,41,32,13071,-8540,-4067,2847,440,-1875,678,16,-1,-6
2025-11-10T20:36:22.669251,27,39,205,107,149,70,39,30,13072,-8538,-4069,2846,446,-1882,660,17,-4,-11
2025-11-10T20:36:22.693130,25,44,180,124,158,78,38,29,13070,-8540,-4072,2844,443,-1888,647,3,-3,-17
2025-11-10T20:36:22.706108,29,47,200,137,152,72,41,28,13075,-8534,-4070,2843,420,-1862,675,42,6,-19
2025-11-10T20:36:22.728755,31,51,210,144,151,69,43,29,13076,-8533,-4072,2839,458,-1876,651,14,9,-18
2025-11-10T20:36:22.743702,30,50,251,163,158,71,39,28,13077,-8531,-4072,2840,435,-1866,658,22,-2,-1
2025-11-10T20:36:22.765982,30,50,273,169,161,78,40,30,13076,-8532,-4076,2837,457,-1860,658,-4,-4,-18
2025-11-10T20:36:22.789581,29,46,274,161,147,72,43,29,13076,-8532,-4076,2837,436,-1882,670,-3,13,-3
2025-11-10T20:36:22.803917,25,39,258,175,213,69,42,28,13079,-8530,-4071,2835,417,-1853,671,26,32,-11
2025-11-10T20:36:22.826422,24,38,262,178,207,84,47,26,13080,-8529,-4070,2835,395,-1830,706,6,10,0
2025-11-10T20:36:22.848699,23,36,227,171,215,78,46,24,13080,-8529,-4070,2836,429,-1859,671,-15,-4,-9
2025-11-10T20:36:22.864606,26,37,200,174,221,74,47,25,13080,-8530,-4070,2836,441,-1905,686,2,8,2
2025-11-10T20:36:22.891017,29,39,207,183,246,76,47,26,13083,-8527,-4065,2836,424,-1860,683,23,15,-1
2025-11-10T20:36:22.917274,31,43,235,160,215,75,45,27,13083,-8528,-4061,2836,408,-1864,680,1,16,-1
2025-11-10T20:36:22.924120,30,42,289,182,265,63,38,28,13083,-8528,-4060,2836,401,-1864,700,10,4,8
2025-11-10T20:36:22.946605,30,44,305,175,258,65,39,28,13083,-8528,-4060,2836,445,-1869,683,0,-12,-10
2025-11-10T20:36:22.968822,27,48,319,179,250,63,37,27,13083,-8528,-4061,2836,471,-1900,682,-7,-8,0
2025-11-10T20:36:22.984127,26,46,322,167,224,62,34,27,13087,-8524,-4057,2838,422,-1865,682,32,11,5
2025-11-10T20:36:23.011017,27,45,308,166,208,67,38,25,13087,-8527,-4052,2836,414,-1859,669,-3,27,-4
2025-11-10T20:36:23.029060,25,44,257,121,128,64,44,25,13085,-8535,-4045,2830,410,-1893,648,-21,51,-11
2025-11-10T20:36:23.044066,27,55,312,157,150,76,48,26,13095,-8527,-4031,2830,392,-1825,765,28,53,5
2025-11-10T20:36:23.066929,29,58,331,149,155,81,48,30,13098,-8523,-4028,2832,332,-1808,648,44,-9,-33
2025-11-10T20:36:23.089110,27,59,332,150,162,80,47,29,13088,-8533,-4039,2831,475,-1909,671,-73,-41,2
2025-11-10T20:36:23.104138,28,58,388,150,164,74,48,30,13089,-8529,-4044,2831,507,-1926,677,27,-13,3
2025-11-10T20:36:23.135182,29,57,377,157,187,83,48,28,13099,-8515,-4037,2836,416,-1840,732,81,10,6
2025-11-10T20:36:23.149293,26,48,342,121,190,76,45,27,13100,-8514,-4039,2835,402,-1813,673,3,-12,-19
2025-11-10T20:36:23.179888,24,40,319,115,195,83,49,25,13095,-8517,-4047,2834,476,-1890,669,-22,-27,-5
2025-11-10T20:36:23.195183,28,42,308,116,192,81,53,25,13095,-8517,-4048,2834,464,-1879,665,-8,-2,4
2025-11-10T20:36:23.209258,29,47,252,118,192,90,54,24,13095,-8517,-4048,2834,424,-1853,656,7,14,4
2025-11-10T20:36:23.239921,29,48,256,113,182,113,54,25,13098,-8517,-4038,2832,403,-1812,674,14,44,7
2025-11-10T20:36:23.254901,32,48,216,114,183,115,53,27,13094,-8523,-4040,2833,396,-1821,645,-26,-13,-5
2025-11-10T20:36:23.268862,31,51,226,126,176,108,51,25,13087,-8533,-4044,2829,472,-1902,638,-50,6,2
2025-11-10T20:36:23.291549,28,55,297,131,178,110,48,27,13086,-8535,-4042,2826,459,-1908,668,4,23,5
2025-11-10T20:36:23.306323,26,49,295,124,171,105,41,26,13087,-8537,-4036,2824,431,-1875,694,-8,34,6
2025-11-10T20:36:23.329378,24,48,282,163,197,72,40,26,13086,-8543,-4029,2826,393,-1877,703,-28,22,17
2025-11-10T20:36:23.351798,23,46,281,174,193,63,40,26,13086,-8543,-4028,2826,369,-1853,699,14,12,2
2025-11-10T20:36:23.367134,25,41,274,184,195,61,51,28,13086,-8542,-4028,2826,437,-1878,702,-12,7,0
2025-11-10T20:36:23.389186,25,40,226,177,191,61,53,28,13087,-8543,-4024,2827,450,-1929,701,1,16,14
2025-11-10T20:36:23.411636,26,49,268,205,197,61,52,28,13088,-8546,-4012,2831,362,-1872,675,16,33,23
2025-11-10T20:36:23.426319,27,48,281,184,167,61,51,28,13092,-8542,-4003,2834,368,-1814,693,27,22,7
2025-11-10T20:36:23.457381,27,49,286,182,180,77,54,31,13092,-8543,-4002,2835,379,-1862,683,6,-14,1
2025-11-10T20:36:23.471469,27,51,278,205,195,76,43,32,13090,-8543,-4004,2839,420,-1888,669,8,-22,7
2025-11-10T20:36:23.486664,28,55,380,211,214,76,43,31,13093,-8536,-4006,2842,432,-1830,703,26,-24,6
2025-11-10T20:36:23.509153,28,49,352,189,211,72,44,32,13092,-8535,-4009,2846,420,-1844,691,-4,-29,8
2025-11-10T20:36:23.531526,29,54,365,191,218,80,42,33,13090,-8535,-4013,2850,443,-1837,684,-9,-27,18
2025-11-10T20:36:23.546650,31,53,368,184,197,66,37,30,13087,-8538,-4015,2852,435,-1852,659,-15,-15,16
2025-11-10T20:36:23.569179,31,54,382,148,192,81,38,28,13084,-8541,-4020,2852,481,-1870,656,-12,-11,17
2025-11-10T20:36:23.592163,32,47,278,246,257,82,35,30,13083,-8540,-4020,2858,440,-1852,678,9,-13,36
2025-11-10T20:36:23.606582,31,49,252,259,256,80,34,32,13080,-8543,-4020,2863,404,-1830,641,0,-20,22
2025-11-10T20:36:23.629060,32,46,248,258,245,70,33,30,13073,-8551,-4026,2863,485,-1890,656,-47,-16,30
2025-11-10T20:36:23.651622,32,52,270,257,254,71,33,31,13070,-8555,-4024,2867,452,-1890,650,1,7,39
2025-11-10T20:36:23.667222,31,50,304,270,252,54,33,29,13067,-8562,-4019,2867,420,-1858,631,-18,30,33
2025-11-10T20:36:23.691124,29,52,349,204,202,54,32,27,13061,-8575,-4012,2867,395,-1886,656,-53,30,26
2025-11-10T20:36:23.711697,29,51,356,186,212,57,34,23,13058,-8583,-4004,2868,383,-1879,661,-29,30,22
2025-11-10T20:36:23.727836,52,55,407,343,222,55,39,29,13055,-8588,-3999,2873,383,-1876,670,-19,5,30
2025-11-10T20:36:23.749338,54,48,387,390,215,58,45,28,13047,-8602,-3997,2869,398,-1904,661,-81,19,0
2025-11-10T20:36:23.771405,55,46,392,387,219,59,44,28,13044,-8611,-3993,2863,403,-1897,683,-58,38,-10
2025-11-10T20:36:23.795023,55,48,361,379,193,62,45,28,13043,-8616,-3987,2861,377,-1880,692,-30,23,-2
2025-11-10T20:36:23.809567,56,46,349,385,184,65,45,29,13040,-8620,-3985,2863,385,-1872,690,-36,-2,7
2025-11-10T20:36:23.839875,36,37,257,253,170,68,44,27,13040,-8620,-3985,2863,386,-1887,669,-16,-1,11
2025-11-10T20:36:23.846640,33,41,280,172,168,69,46,28,13040,-8620,-3985,2863,419,-1903,664,-16,10,10
2025-11-10T20:36:23.869693,32,42,258,180,190,78,48,31,13041,-8619,-3981,2866,394,-1884,664,21,5,11
2025-11-10T20:36:23.891662,33,38,228,179,188,76,49,33,13044,-8615,-3978,2871,378,-1850,670,30,-5,7
2025-11-10T20:36:23.906636,32,37,233,228,202,73,48,33,13042,-8614,-3984,2874,429,-1870,690,-15,-40,9
2025-11-10T20:36:23.928940,30,46,296,246,215,76,45,31,13040,-8614,-3989,2877,429,-1926,642,13,-29,-1
2025-11-10T20:36:23.951753,29,47,327,244,215,73,41,29,13040,-8611,-3993,2879,435,-1908,650,26,-20,5
2025-11-10T20:36:23.966648,26,47,300,230,190,67,39,28,13039,-8609,-3998,2882,425,-1882,651,15,-33,1
2025-11-10T20:36:23.989148,26,45,297,234,200,66,38,25,13038,-8609,-3999,2886,398,-1872,670,-1,-22,10
2025-11-10T20:36:24.011607,26,46,297,178,187,63,40,26,13038,-8607,-3999,2890,379,-1863,663,15,-20,-2
2025-11-10T20:36:24.026532,26,40,243,140,167,58,39,26,13037,-8607,-4006,2889,452,-1908,675,-10,-25,-10
2025-11-10T20:36:24.049147,25,34,155,135,162,54,37,26,13038,-8603,-4008,2893,408,-1888,650,40,-19,0
2025-11-10T20:36:24.071871,25,35,132,123,158,51,37,25,13040,-8599,-4007,2895,385,-1856,671,19,-9,-10
2025-11-10T20:36:24.086665,24,35,131,118,150,60,39,24,13038,-8601,-4010,2895,394,-1880,662,-14,-19,-12
2025-11-10T20:36:24.117418,25,32,192,126,151,64,39,22,13040,-8599,-4007,2897,376,-1884,675,23,0,-10
2025-11-10T20:36:24.131658,25,27,215,139,160,68,42,24,13044,-8593,-4007,2898,397,-1864,668,34,-6,-18
2025-11-10T20:36:24.154839,27,30,249,148,150,70,40,24,13043,-8591,-4015,2895,448,-1880,664,-1,-24,-19
2025-11-10T20:36:24.169171,26,26,256,155,153,70,40,25,13041,-8592,-4017,2897,411,-1887,668,-6,-18,-4
2025-11-10T20:36:24.194293,25,31,296,186,187,68,40,25,13041,-8592,-4017,2897,378,-1876,690,-1,-14,-14
2025-11-10T20:36:24.214965,25,44,308,176,185,66,39,28,13043,-8591,-4014,2899,362,-1872,658,18,-1,-15
2025-11-10T20:36:24.229150,27,53,320,180,183,62,36,26,13042,-8589,-4019,2899,428,-1879,665,8,-21,-12
2025-11-10T20:36:24.251638,26,54,316,232,212,65,37,27,13042,-8590,-4019,2899,443,-1903,638,-5,-14,-4
2025-11-10T20:36:24.274889,27,55,327,236,222,66,38,25,13047,-8583,-4018,2899,404,-1857,676,40,3,-11
2025-11-10T20:36:24.288789,27,54,301,206,190,72,36,25,13046,-8583,-4023,2896,429,-1857,660,-9,-10,-20
2025-11-10T20:36:24.319878,26,44,263,230,221,77,39,22,13046,-8583,-4023,2896,422,-1877,686,-5,-10,-6
2025-11-10T20:36:24.335133,23,38,234,221,218,81,43,22,13050,-8577,-4023,2896,404,-1856,669,38,-4,-18
2025-11-10T20:36:24.349363,23,48,241,196,210,80,43,25,13050,-8577,-4023,2896,450,-1870,674,-7,3,-15
2025-11-10T20:36:24.372045,24,49,224,225,202,79,44,26,13050,-8576,-4023,2896,416,-1864,675,-14,-16,-4
2025-11-10T20:36:24.395017,23,48,223,322,197,64,43,27,13048,-8581,-4021,2896,374,-1858,655,-18,3,-9
2025-11-10T20:36:24.409124,24,50,208,318,197,67,40,30,13044,-8586,-4024,2892,415,-1876,663,-40,2,-13
2025-11-10T20:36:24.431635,24,49,238,330,207,62,34,29,13044,-8587,-4023,2892,389,-1850,654,-14,12,-16
2025-11-10T20:36:24.454960,25,40,270,323,194,64,33,27,13041,-8590,-4026,2892,411,-1846,672,-35,-15,-6
2025-11-10T20:36:24.469128,29,45,262,298,206,66,33,26,13035,-8598,-4030,2893,417,-1881,655,-45,-19,11
2025-11-10T20:36:24.491649,28,49,250,194,241,73,28,24,13035,-8598,-4029,2893,400,-1866,665,9,-3,11
2025-11-10T20:36:24.514961,31,49,282,191,220,68,30,21,13033,-8598,-4034,2893,452,-1888,671,-12,-17,1
2025-11-10T20:36:24.529044,30,50,280,175,220,69,33,21,13033,-8598,-4034,2893,445,-1897,682,3,-15,15
2025-11-10T20:36:24.552187,32,51,240,156,216,63,29,21,13037,-8592,-4032,2896,418,-1882,703,26,-3,10
2025-11-10T20:36:24.574910,31,46,271,158,216,62,29,23,13037,-8592,-4031,2896,406,-1892,669,2,-12,10
2025-11-10T20:36:24.589148,32,41,275,165,183,60,33,27,13038,-8589,-4032,2899,406,-1879,668,21,-13,-2
2025-11-10T20:36:24.611623,27,38,247,154,166,61,33,26,13037,-8590,-4035,2901,415,-1870,640,6,-20,-2
2025-11-10T20:36:24.634163,30,41,267,185,162,62,33,27,13036,-8590,-4035,2900,427,-1884,662,3,-15,-2
2025-11-10T20:36:24.653528,27,38,268,188,167,68,37,28,13036,-8591,-4035,2901,403,-1876,638,-5,1,4
2025-11-10T20:36:24.671428,28,43,261,184,142,66,39,30,13036,-8591,-4035,2901,414,-1867,644,-11,10,3
2025-11-10T20:36:24.696524,27,45,259,180,138,65,38,26,13036,-8591,-4035,2901,395,-1854,661,-5,14,9
2025-11-10T20:36:24.708987,30,46,274,181,155,61,36,29,13033,-8595,-4035,2900,423,-1884,665,-22,3,8
2025-11-10T20:36:24.731685,29,43,285,149,177,60,38,29,13031,-8598,-4034,2902,425,-1893,684,-21,0,14
2025-11-10T20:36:24.754070,29,51,270,158,179,62,38,29,13031,-8598,-4034,2902,408,-1877,673,-6,3,7
2025-11-10T20:36:24.769123,27,47,252,156,189,69,36,27,13028,-8603,-4035,2900,436,-1893,656,-27,4,7
2025-11-10T20:36:24.799852,29,52,299,152,190,69,37,31,13025,-8608,-4034,2901,414,-1902,651,-22,2,12
2025-11-10T20:36:24.814109,27,56,307,198,192,70,39,29,13025,-8608,-4034,2901,392,-1876,668,-13,10,10
2025-11-10T20:36:24.833538,25,54,258,205,170,71,36,27,13025,-8609,-4029,2903,386,-1873,640,18,13,8
2025-11-10T20:36:24.851660,25,47,256,199,169,71,36,26,13022,-8614,-4031,2903,414,-1889,635,-19,-1,0
2025-11-10T20:36:24.874567,26,53,260,212,177,63,38,26,13018,-8619,-4031,2902,412,-1895,659,-29,-1,3
2025-11-10T20:36:24.889145,24,55,284,215,215,64,36,21,13018,-8619,-4030,2903,390,-1887,680,6,-1,4
2025-11-10T20:36:24.911542,24,52,268,162,204,63,37,20,13020,-8616,-4029,2905,394,-1877,658,23,-7,0
2025-11-10T20:36:24.933894,27,54,290,152,193,59,39,22,13020,-8616,-4030,2905,428,-1882,650,-9,-3,5
2025-11-10T20:36:24.949281,29,53,287,163,192,54,37,25,13020,-8617,-4029,2905,411,-1899,660,-10,-4,12
2025-11-10T20:36:24.971571,26,50,295,196,252,69,36,23,13020,-8617,-4029,2906,391,-1882,663,1,3,10
2025-11-10T20:36:24.994098,27,42,255,201,239,71,39,25,13022,-8614,-4026,2908,379,-1848,650,23,1,-3
2025-11-10T20:36:25.009058,26,44,248,202,236,74,39,26,13017,-8620,-4029,2907,422,-1886,644,-31,-9,5
2025-11-10T20:36:25.031620,25,43,254,231,249,77,36,24,13017,-8620,-4029,2907,428,-1891,648,-12,-2,7
2025-11-10T20:36:25.054100,25,56,282,218,245,78,37,24,13019,-8618,-4028,2907,406,-1880,660,18,7,-6
2025-11-10T20:36:25.076871,25,55,273,183,178,67,38,23,13019,-8618,-4027,2907,403,-1873,681,-15,12,6
2025-11-10T20:36:25.091625,24,53,254,180,163,72,39,23,13020,-8616,-4024,2911,379,-1861,652,21,-3,8
2025-11-10T20:36:25.114063,26,56,306,187,164,74,37,23,13020,-8616,-4025,2911,429,-1895,653,-14,-12,-6
2025-11-10T20:36:25.137353,25,56,301,156,169,71,37,25,13020,-8617,-4025,2911,424,-1914,655,1,0,-4
2025-11-10T20:36:25.159958,24,44,275,156,182,71,36,22,13020,-8617,-4025,2911,409,-1872,674,7,4,-5
2025-11-10T20:36:25.174467,25,41,271,151,186,71,36,25,13020,-8617,-4024,2911,396,-1863,666,-5,-16,-5
2025-11-10T20:36:25.200275,24,41,262,159,185,63,34,24,13020,-8617,-4024,2911,398,-1892,667,0,-5,-8
2025-11-10T20:36:25.211354,26,35,244,147,205,55,36,25,13019,-8617,-4024,2912,386,-1881,642,-11,7,-4
2025-11-10T20:36:25.234136,29,36,229,162,203,61,41,28,13017,-8622,-4023,2908,397,-1865,631,-19,15,-10
2025-11-10T20:36:25.257886,30,37,231,177,212,72,44,28,13016,-8626,-4022,2907,391,-1848,646,-19,6,-4
2025-11-10T20:36:25.271398,29,37,228,173,204,70,42,26,13010,-8632,-4027,2902,431,-1907,645,-47,-5,-19
2025-11-10T20:36:25.294095,30,41,245,153,191,67,38,25,13006,-8636,-4034,2901,478,-1945,669,-33,-19,5
2025-11-10T20:36:25.317398,27,40,216,163,180,70,37,23,13007,-8635,-4030,2904,392,-1871,666,10,3,18
2025-11-10T20:36:25.331878,25,40,197,173,203,78,33,19,13008,-8635,-4029,2905,391,-1872,705,-16,-3,8
2025-11-10T20:36:25.353854,24,42,198,182,212,72,34,23,13008,-8633,-4030,2909,377,-1911,669,15,-24,-9
2025-11-10T20:36:25.377139,24,43,244,183,207,72,34,25,13010,-8630,-4030,2911,414,-1901,666,22,-6,0
2025-11-10T20:36:25.391717,22,46,233,191,204,74,37,24,13012,-8627,-4026,2915,374,-1864,643,31,-1,3
2025-11-10T20:36:25.414709,24,46,214,205,246,72,38,25,13012,-8627,-4026,2915,383,-1867,647,10,-10,-10
2025-11-10T20:36:25.445015,22,45,205,186,247,69,38,25,13011,-8628,-4026,2915,416,-1904,647,7,-4,-7
2025-11-10T20:36:25.451927,23,42,240,201,241,67,36,21,13016,-8620,-4026,2917,408,-1842,652,51,-6,-5
2025-11-10T20:36:25.474572,23,42,246,204,243,65,36,21,13016,-8620,-4026,2916,437,-1867,656,-3,-3,-13
2025-11-10T20:36:25.497409,25,38,237,209,268,66,36,24,13016,-8620,-4027,2916,438,-1908,640,-11,-1,-14
2025-11-10T20:36:25.511683,24,37,232,190,237,63,37,27,13016,-8620,-4027,2916,415,-1884,653,0,7,-8
2025-11-10T20:36:25.534252,24,38,235,188,205,52,35,27,13016,-8620,-4027,2916,402,-1848,665,13,0,-8
2025-11-10T20:36:25.557496,23,40,222,156,197,45,39,27,13015,-8620,-4027,2916,408,-1874,631,-6,-6,-9
2025-11-10T20:36:25.571732,25,47,224,150,197,44,38,28,13015,-8621,-4027,2916,428,-1900,630,-14,-2,-7
2025-11-10T20:36:25.594103,24,43,249,142,160,42,35,28,13015,-8622,-4027,2916,408,-1902,644,-16,2,2
2025-11-10T20:36:25.617428,22,49,264,168,169,49,34,25,13014,-8622,-4027,2916,379,-1878,645,-3,0,-3
2025-11-10T20:36:25.631492,24,47,264,183,231,60,33,27,13016,-8623,-4021,2917,376,-1879,646,15,24,2
2025-11-10T20:36:25.654176,26,47,258,202,233,61,26,28,13016,-8623,-4020,2917,395,-1865,669,-4,-10,3
2025-11-10T20:36:25.677864,23,43,270,205,239,62,30,28,13014,-8623,-4024,2918,424,-1890,663,-5,-20,3
2025-11-10T20:36:25.691719,24,47,273,216,247,69,36,26,13016,-8620,-4023,2919,422,-1895,666,18,3,1
2025-11-10T20:36:25.713714,27,41,262,195,233,66,39,26,13017,-8620,-4020,2918,409,-1890,659,12,16,1
2025-11-10T20:36:25.737427,26,42,310,182,194,57,42,27,13017,-8620,-4020,2918,407,-1891,665,-8,3,-3
2025-11-10T20:36:25.752181,23,39,317,156,207,61,44,24,13019,-8617,-4020,2921,390,-1851,659,18,-15,-3
2025-11-10T20:36:25.774193,28,37,312,176,214,61,43,25,13020,-8614,-4022,2920,421,-1879,657,17,-6,-9
2025-11-10T20:36:25.797418,28,36,301,166,235,59,41,25,13020,-8614,-4023,2920,425,-1895,650,1,0,-10
2025-11-10T20:36:25.812011,27,39,302,182,233,66,41,26,13020,-8614,-4023,2920,415,-1878,668,11,2,-8
2025-11-10T20:36:25.833694,30,45,273,181,229,63,45,25,13022,-8611,-4023,2923,391,-1845,648,28,-9,-4
2025-11-10T20:36:25.857331,31,48,306,189,263,74,49,25,13021,-8611,-4023,2922,409,-1874,634,-15,5,-9
2025-11-10T20:36:25.871622,27,47,269,192,249,79,49,23,13021,-8613,-4022,2919,406,-1892,644,1,14,-17
2025-11-10T20:36:25.894079,27,46,255,189,226,77,50,23,13021,-8614,-4022,2915,426,-1899,640,6,16,-11
2025-11-10T20:36:25.917344,26,45,250,182,222,71,48,22,13021,-8614,-4022,2915,409,-1862,651,10,0,-8
2025-11-10T20:36:25.931603,22,41,257,184,223,80,41,21,13019,-8618,-4022,2914,401,-1887,655,-24,6,-6
2025-11-10T20:36:25.953540,23,38,236,181,165,71,35,21,13019,-8619,-4022,2914,392,-1905,672,2,7,-11
2025-11-10T20:36:25.977653,26,39,233,155,171,67,35,24,13021,-8615,-4025,2910,437,-1899,675,12,0,-23
2025-11-10T20:36:25.997790,27,40,226,147,170,70,33,23,13022,-8613,-4027,2909,435,-1899,657,16,-3,-12
2025-11-10T20:36:26.012993,27,44,265,140,201,80,34,25,13026,-8607,-4029,2906,403,-1857,661,28,1,-33
2025-11-10T20:36:26.037349,27,50,258,139,186,88,36,26,13028,-8606,-4029,2902,399,-1875,663,7,7,-27
2025-11-10T20:36:26.059702,26,48,222,137,175,94,41,29,13028,-8605,-4032,2900,397,-1874,639,12,-9,-32
2025-11-10T20:36:26.074110,24,49,218,163,191,98,42,28,13025,-8609,-4037,2895,406,-1873,637,-26,-11,-34
2025-11-10T20:36:26.097496,24,51,251,169,200,101,43,30,13023,-8612,-4040,2889,402,-1896,669,-30,0,-42
2025-11-10T20:36:26.119903,25,48,240,180,167,100,41,30,13022,-8616,-4042,2882,397,-1913,661,-25,12,-45
2025-11-10T20:36:26.134323,26,43,238,207,180,86,40,31,13021,-8620,-4039,2874,391,-1872,657,-32,33,-38
2025-11-10T20:36:26.157409,28,44,234,199,194,74,34,29,13021,-8624,-4036,2866,391,-1879,662,-26,37,-36
2025-11-10T20:36:26.179941,28,43,231,183,219,70,33,29,13023,-8624,-4034,2862,412,-1840,657,-1,20,-19
2025-11-10T20:36:26.193657,28,41,197,175,213,66,27,27,13024,-8623,-4035,2856,443,-1857,646,2,17,-15
2025-11-10T20:36:26.217376,27,39,229,157,216,60,30,28,13026,-8623,-4034,2851,469,-1865,662,-9,31,1
2025-11-10T20:36:26.239878,31,46,274,142,238,63,32,30,13028,-8624,-4030,2846,440,-1889,656,5,40,0
2025-11-10T20:36:26.254109,31,48,273,147,250,68,33,29,13030,-8623,-4027,2843,433,-1866,640,21,26,-7
2025-11-10T20:36:26.277670,30,51,278,143,219,71,36,30,13030,-8622,-4028,2843,446,-1882,668,-8,8,-10
2025-11-10T20:36:26.300063,29,50,307,145,214,66,37,30,13030,-8622,-4028,2843,435,-1897,666,10,13,-9
2025-11-10T20:36:26.313669,28,52,285,151,216,61,34,30,13032,-8621,-4025,2842,394,-1875,656,16,9,-11
2025-11-10T20:36:26.336949,25,44,221,154,212,69,34,29,13032,-8621,-4024,2843,387,-1871,656,4,-12,-4
2025-11-10T20:36:26.359852,26,50,231,178,200,70,39,30,13035,-8616,-4021,2847,380,-1830,671,29,-6,4
2025-11-10T20:36:26.374112,30,47,230,190,209,76,39,31,13033,-8617,-4025,2850,411,-1865,660,-14,-30,-4
2025-11-10T20:36:26.404641,30,48,239,195,254,83,39,30,13029,-8619,-4027,2856,410,-1909,660,-5,-32,19
2025-11-10T20:36:26.419878,31,50,223,198,255,84,40,28,13034,-8611,-4026,2859,415,-1894,670,55,-9,-7
2025-11-10T20:36:26.434127,29,55,234,178,224,75,40,25,13037,-8607,-4025,2861,415,-1850,675,19,-7,6
2025-11-10T20:36:26.464958,27,51,259,179,229,77,40,23,13035,-8607,-4029,2865,424,-1881,657,-1,-31,6
2025-11-10T20:36:26.479844,26,51,325,179,238,85,44,24,13034,-8606,-4032,2868,429,-1876,674,-1,-25,10
2025-11-10T20:36:26.494032,26,50,303,175,196,91,48,26,13039,-8598,-4030,2871,410,-1844,663,54,0,-1
2025-11-10T20:36:26.517365,27,47,306,173,199,99,49,27,13036,-8600,-4037,2869,453,-1871,635,-11,-19,-7
2025-11-10T20:36:26.539802,27,35,302,183,239,113,54,27,13036,-8600,-4037,2869,445,-1877,638,3,-9,6
2025-11-10T20:36:26.554076,27,34,360,161,228,109,51,28,13035,-8601,-4038,2869,434,-1866,633,4,9,3
2025-11-10T20:36:26.577086,27,40,315,166,223,103,44,26,13035,-8601,-4038,2869,411,-1858,648,-8,11,10
2025-11-10T20:36:26.600222,27,46,311,161,226,98,43,23,13035,-8604,-4034,2869,404,-1862,650,-3,18,8
2025-11-10T20:36:26.614079,27,48,326,187,235,98,45,26,13033,-8609,-4033,2865,436,-1886,649,-23,19,2
2025-11-10T20:36:26.637383,28,51,347,169,191,89,41,28,13033,-8609,-4032,2866,400,-1884,669,-4,8,8
2025-11-10T20:36:26.659928,28,50,260,167,182,87,41,30,13033,-8609,-4032,2866,414,-1870,662,-15,7,4
2025-11-10T20:36:26.682154,30,48,250,158,199,82,43,32,13031,-8611,-4030,2867,411,-1880,682,-21,3,11
2025-11-10T20:36:26.696788,30,43,254,171,232,91,43,33,13031,-8612,-4030,2867,410,-1906,670,-4,14,2
2025-11-10T20:36:26.725768,29,43,260,151,222,82,38,31,13035,-8607,-4025,2869,400,-1876,688,26,7,1
2025-11-10T20:36:26.731936,29,40,260,157,233,77,37,29,13035,-8607,-4025,2869,418,-1852,661,-9,-10,0
2025-11-10T20:36:26.757036,26,41,252,161,237,80,36,26,13035,-8607,-4026,2869,430,-1899,654,-12,0,2
2025-11-10T20:36:26.787335,25,39,249,170,216,75,33,24,13035,-8607,-4026,2869,425,-1893,667,3,-2,2
2025-11-10T20:36:26.794013,23,38,283,197,173,72,32,24,13035,-8608,-4025,2870,385,-1870,675,12,-2,0
2025-11-10T20:36:26.817353,24,36,264,188,165,73,35,27,13035,-8608,-4025,2870,400,-1862,655,11,-5,-4
2025-11-10T20:36:26.847788,24,35,235,182,157,75,36,28,13034,-8608,-4025,2869,442,-1898,642,-15,-14,-5
2025-11-10T20:36:26.854594,26,35,278,180,157,71,36,26,13034,-8608,-4026,2869,436,-1886,651,-12,-7,7
2025-11-10T20:36:26.877281,24,40,280,176,229,74,38,27,13034,-8608,-4026,2869,410,-1876,662,-9,5,1
2025-11-10T20:36:26.899556,27,45,280,136,238,60,36,30,13037,-8606,-4021,2871,376,-1860,670,22,7,-7
2025-11-10T20:36:26.913726,27,44,260,130,239,57,32,28,13037,-8606,-4021,2871,428,-1887,647,-12,-11,-8
2025-11-10T20:36:26.937347,30,49,300,138,237,55,34,29,13033,-8611,-4023,2870,429,-1906,644,-19,-2,1
2025-11-10T20:36:26.959802,28,48,266,143,233,56,32,31,13033,-8611,-4023,2870,404,-1892,648,10,11,-9
2025-11-10T20:36:26.983291,30,43,267,125,144,56,34,32,13032,-8612,-4023,2870,406,-1877,638,8,-2,-13
2025-11-10T20:36:27.004606,28,41,268,119,126,57,35,28,13032,-8612,-4023,2870,417,-1880,652,-5,7,0
2025-11-10T20:36:27.019852,29,43,268,127,141,61,34,26,13032,-8612,-4023,2870,412,-1876,655,-15,-5,10
2025-11-10T20:36:27.049439,25,38,230,149,156,60,31,28,13032,-8612,-4023,2870,417,-1877,663,5,6,5
2025-11-10T20:36:27.056650,26,41,224,151,164,60,32,27,13032,-8612,-4023,2870,425,-1878,658,13,7,-2
2025-11-10T20:36:27.079500,24,38,241,158,164,59,26,25,13032,-8613,-4023,2870,419,-1873,637,6,-8,-2
2025-11-10T20:36:27.102366,28,36,219,186,169,60,27,28,13029,-8617,-4025,2867,438,-1896,647,-22,9,-2
2025-11-10T20:36:27.117331,25,36,241,180,158,62,31,29,13029,-8617,-4024,2867,405,-1891,673,-1,10,6
2025-11-10T20:36:27.139825,25,38,233,164,160,65,34,26,13029,-8617,-4024,2867,416,-1882,674,7,9,-7
2025-11-10T20:36:27.162346,25,35,241,157,153,64,34,28,13029,-8617,-4024,2868,405,-1858,674,12,2,-9
2025-11-10T20:36:27.176884,27,42,237,172,188,66,41,30,13029,-8617,-4024,2868,412,-1883,666,-11,7,-12
2025-11-10T20:36:27.198629,21,40,233,159,186,62,40,25,13029,-8618,-4023,2868,389,-1901,649,-3,4,-13
2025-11-10T20:36:27.220306,24,41,214,185,195,69,40,27,13030,-8616,-4021,2869,402,-1877,650,21,4,0
2025-11-10T20:36:27.235482,25,41,222,188,191,67,39,26,13032,-8614,-4021,2869,405,-1862,652,19,-1,-12
2025-11-10T20:36:27.258395,25,45,292,187,194,67,39,28,13032,-8614,-4021,2869,415,-1882,657,-5,-8,-10
2025-11-10T20:36:27.283622,25,43,270,183,167,79,34,27,13032,-8614,-4021,2869,422,-1899,667,5,-8,-9
2025-11-10T20:36:27.297292,26,44,257,173,169,83,35,28,13033,-8612,-4021,2871,405,-1854,651,22,-6,-2
2025-11-10T20:36:27.327906,24,43,256,152,167,83,35,26,13033,-8612,-4021,2871,408,-1889,641,-11,-8,-7
2025-11-10T20:36:27.342375,22,43,250,143,164,88,35,27,13032,-8613,-4021,2871,418,-1885,639,9,4,-10
2025-11-10T20:36:27.357513,23,38,196,140,188,88,36,24,13032,-8613,-4021,2871,414,-1880,662,2,-5,-3
2025-11-10T20:36:27.379951,25,39,227,124,195,76,39,22,13032,-8613,-4021,2871,417,-1870,651,-1,-2,-1
2025-11-10T20:36:27.402862,25,41,237,131,195,76,40,21,13032,-8613,-4021,2871,404,-1849,650,11,7,2
2025-11-10T20:36:27.424956,24,38,238,137,213,68,37,21,13030,-8616,-4023,2869,442,-1887,662,-20,-2,0
2025-11-10T20:36:27.439495,29,38,271,151,214,68,39,22,13032,-8613,-4022,2869,424,-1887,675,16,7,0
2025-11-10T20:36:27.462500,28,44,262,157,206,76,42,23,13032,-8613,-4022,2869,418,-1875,664,10,11,-9
2025-11-10T20:36:27.477021,26,40,249,167,204,79,39,23,13032,-8613,-4021,2870,390,-1847,651,-13,9,3
2025-11-10T20:36:27.499891,27,46,246,187,255,76,35,22,13030,-8617,-4020,2870,398,-1867,664,-24,-1,3
2025-11-10T20:36:27.522325,28,50,250,186,248,73,37,23,13029,-8618,-4021,2870,421,-1909,646,-6,7,-5
2025-11-10T20:36:27.536638,27,50,213,194,246,75,37,22,13031,-8615,-4020,2870,419,-1863,655,20,5,-6
2025-11-10T20:36:27.559738,30,45,227,204,241,68,34,23,13029,-8619,-4019,2870,405,-1877,657,-21,6,5
