timestamp,EMG_0,EMG_1,EMG_2,EMG_3,EMG_4,EMG_5,EMG_6,EMG_7,quat_0,quat_1,quat_2,quat_3,acc_0,acc_1,acc_2,gyro_0,gyro_1,gyro_2
2025-11-10T20:34:38.471158,22,30,129,237,192,52,31,21,12346,-9016,-4748,3492,416,-1985,484,-72,-4,7
2025-11-10T20:34:38.492428,22,31,115,239,189,48,30,20,12343,-9020,-4745,3493,396,-1987,495,-30,1,13
2025-11-10T20:34:38.509018,22,28,114,214,187,45,35,21,12341,-9023,-4742,3497,374,-1976,482,-19,-2,8
2025-11-10T20:34:38.532559,20,28,110,193,163,54,36,21,12340,-9025,-4739,3500,375,-1971,499,-24,-9,9
2025-11-10T20:34:38.555061,17,27,115,201,163,60,36,21,12340,-9025,-4738,3501,360,-1967,486,0,-12,6
2025-11-10T20:34:38.570906,18,23,112,198,153,62,37,24,12340,-9025,-4738,3502,374,-1972,476,3,-1,-5
2025-11-10T20:34:38.590511,18,23,121,205,147,64,37,25,12340,-9026,-4737,3502,411,-1995,470,0,-4,-4
2025-11-10T20:34:38.612911,16,24,109,205,143,63,30,25,12342,-9023,-4736,3504,400,-1986,474,23,-2,-1
2025-11-10T20:34:38.627197,20,26,109,258,141,61,30,25,12344,-9019,-4736,3508,405,-1956,462,31,-17,6
2025-11-10T20:34:38.650812,21,28,98,259,126,55,32,28,12349,-9013,-4734,3508,408,-1960,464,43,8,-16
2025-11-10T20:34:38.675199,23,28,101,271,125,54,29,25,12352,-9008,-4739,3503,435,-1948,450,25,0,-29
2025-11-10T20:34:38.689460,24,29,91,268,140,52,29,24,12353,-9006,-4743,3499,461,-1989,432,23,4,-16
2025-11-10T20:34:38.712366,27,30,98,289,192,59,32,24,12357,-8999,-4744,3497,424,-1966,439,55,6,-23
2025-11-10T20:34:38.734145,26,28,93,240,241,71,35,24,12363,-8992,-4746,3495,398,-1936,456,27,4,-26
2025-11-10T20:34:38.756471,25,28,89,275,250,77,35,21,12362,-8991,-4752,3491,423,-1950,471,-9,-14,-33
2025-11-10T20:34:38.775940,25,27,79,265,253,77,36,23,12362,-8991,-4758,3484,441,-1989,462,-12,-4,-37
2025-11-10T20:34:38.794453,24,30,90,325,255,79,36,25,12362,-8992,-4763,3474,450,-2014,465,-18,16,-52
2025-11-10T20:34:38.824026,22,29,82,315,228,78,36,24,12363,-8990,-4772,3463,430,-1988,483,-18,-7,-80
2025-11-10T20:34:38.836268,23,30,85,391,174,67,37,25,12365,-8986,-4784,3452,426,-1983,492,-20,-24,-98
2025-11-10T20:34:38.858690,22,28,95,362,189,61,35,24,12373,-8976,-4787,3444,383,-1991,496,40,7,-102
2025-11-10T20:34:38.876988,20,29,116,384,182,61,34,24,12380,-8967,-4792,3437,405,-1964,489,35,-7,-87
2025-11-10T20:34:38.896265,19,28,123,365,191,59,33,21,12385,-8960,-4796,3428,422,-1984,469,31,7,-79
2025-11-10T20:34:38.926346,20,29,136,362,182,56,30,21,12395,-8951,-4793,3422,388,-1908,445,72,33,-68
2025-11-10T20:34:38.936363,19,27,134,279,197,51,24,21,12405,-8940,-4790,3419,394,-1856,469,71,17,-45
2025-11-10T20:34:38.955883,23,27,140,279,178,60,33,24,12405,-8939,-4793,3416,419,-1907,428,18,1,-31
2025-11-10T20:34:38.974048,23,29,133,271,179,59,36,22,12405,-8939,-4794,3416,443,-1950,433,-1,13,-14
2025-11-10T20:34:38.997013,22,26,121,342,154,58,37,23,12408,-8938,-4789,3415,437,-1932,465,25,27,4
2025-11-10T20:34:39.016201,22,30,116,350,155,54,36,24,12408,-8938,-4788,3415,412,-1911,489,-13,14,11
2025-11-10T20:34:39.034462,21,28,115,356,146,55,37,21,12407,-8938,-4785,3423,414,-1929,516,-10,-21,30
2025-11-10T20:34:39.057000,18,29,96,362,142,44,30,18,12407,-8938,-4785,3423,412,-1950,495,13,-6,8
2025-11-10T20:34:39.076059,20,37,164,369,145,51,35,19,12407,-8938,-4785,3423,452,-1985,510,-15,2,13
2025-11-10T20:34:39.101897,24,42,167,260,142,53,35,19,12407,-8937,-4785,3423,467,-2002,513,3,-13,12
2025-11-10T20:34:39.117027,27,48,166,252,128,51,39,21,12408,-8937,-4784,3424,443,-2009,519,14,7,14
2025-11-10T20:34:39.136184,31,63,178,273,123,73,44,27,12415,-8926,-4783,3428,431,-2007,599,26,-20,-16
2025-11-10T20:34:39.154219,36,65,198,285,136,95,52,31,12421,-8919,-4781,3425,309,-1994,587,-4,-12,-102
2025-11-10T20:34:39.176505,59,65,161,281,134,108,55,33,12412,-8933,-4802,3393,460,-2047,662,-244,-12,-171
2025-11-10T20:34:39.196450,61,65,194,347,156,137,62,35,12403,-8952,-4814,3358,580,-2347,676,-237,56,-127
2025-11-10T20:34:39.214064,110,63,200,341,167,137,64,38,12430,-8935,-4788,3343,400,-2335,649,125,152,-116
2025-11-10T20:34:39.241134,112,53,223,322,162,126,67,40,12467,-8896,-4761,3346,377,-2343,633,295,92,-104
2025-11-10T20:34:39.255907,138,56,249,310,154,112,70,40,12516,-8834,-4744,3351,475,-2157,604,424,57,-96
2025-11-10T20:34:39.274395,144,59,241,315,160,102,66,41,12565,-8772,-4725,3359,439,-2220,590,457,57,-112
2025-11-10T20:34:39.296972,181,65,243,286,142,66,78,50,12619,-8711,-4682,3375,437,-2301,604,533,143,-18
2025-11-10T20:34:39.316183,198,78,318,333,132,70,80,51,12704,-8616,-4610,3399,419,-2258,742,762,245,10
2025-11-10T20:34:39.334165,207,84,365,333,116,74,81,49,12806,-8497,-4512,3448,317,-2119,949,882,247,107
2025-11-10T20:34:39.356507,195,93,416,434,107,75,76,48,12909,-8356,-4424,3520,289,-2086,1030,990,104,139
2025-11-10T20:34:39.379336,232,101,478,524,92,83,80,55,13007,-8207,-4353,3600,296,-2086,950,1076,6,131
2025-11-10T20:34:39.394439,212,100,507,512,87,87,67,49,13115,-8030,-4289,3680,330,-2007,925,1248,-26,83
2025-11-10T20:34:39.417059,176,91,508,485,138,92,70,45,13226,-7840,-4226,3766,309,-1856,926,1326,-62,91
2025-11-10T20:34:39.437862,170,96,479,520,153,105,73,47,13322,-7660,-4175,3853,228,-1875,846,1295,-131,53
2025-11-10T20:34:39.454088,167,86,426,443,197,117,84,47,13424,-7454,-4138,3944,300,-1896,852,1454,-211,23
2025-11-10T20:34:39.476331,94,91,472,411,257,125,92,44,13532,-7217,-4110,4044,261,-1703,861,1595,-314,-8
2025-11-10T20:34:39.496229,77,101,469,420,290,128,92,43,13622,-6983,-4111,4148,277,-1642,789,1544,-468,-30
2025-11-10T20:34:39.514409,100,103,427,459,276,126,88,47,13699,-6750,-4141,4248,398,-1655,810,1487,-576,-54
2025-11-10T20:34:39.536956,94,99,494,427,273,115,81,47,13773,-6512,-4178,4345,418,-1606,830,1484,-609,-81
2025-11-10T20:34:39.556256,105,108,508,420,259,100,70,56,13838,-6277,-4217,4444,460,-1530,877,1437,-628,-43
2025-11-10T20:34:39.574645,106,110,437,327,219,88,58,100,13891,-6053,-4271,4538,554,-1487,890,1330,-653,-34
2025-11-10T20:34:39.597284,112,103,403,345,199,74,53,127,13936,-5846,-4318,4624,609,-1455,837,1266,-574,-3
2025-11-10T20:34:39.616242,96,104,419,300,195,73,57,131,13974,-5654,-4366,4703,638,-1405,862,1156,-535,-1
2025-11-10T20:34:39.634296,93,99,395,337,220,74,56,131,14007,-5479,-4402,4778,641,-1401,964,1055,-466,30
2025-11-10T20:34:39.656417,80,94,419,387,202,80,57,139,14037,-5308,-4435,4852,617,-1324,1000,1003,-462,32
2025-11-10T20:34:39.676594,83,99,438,385,202,105,57,185,14064,-5150,-4461,4919,638,-1261,1099,895,-411,44
2025-11-10T20:34:39.694029,89,125,463,408,188,106,60,263,14079,-5022,-4491,4982,622,-1310,1083,750,-391,62
2025-11-10T20:34:39.717039,83,134,598,428,207,102,51,343,14097,-4897,-4504,5041,670,-1295,1168,734,-285,86
2025-11-10T20:34:39.740424,86,140,611,464,209,101,63,359,14120,-4765,-4506,5103,658,-1259,1280,761,-266,93
2025-11-10T20:34:39.767982,94,91,472,411,257,125,92,44,13532,-7217,-4110,4044,261,-1703,861,1595,-314,-8
2025-11-10T20:34:39.774527,77,101,469,420,290,128,92,43,13622,-6983,-4111,4148,277,-1642,789,1544,-468,-30
2025-11-10T20:34:39.781130,103,136,705,461,266,64,64,440,14157,-4526,-4516,5207,675,-1194,1269,616,-237,81
2025-11-10T20:34:39.791753,109,116,691,462,266,79,76,409,14170,-4420,-4526,5254,696,-1195,1253,605,-235,72
2025-11-10T20:34:39.814161,116,111,608,444,252,86,83,363,14187,-4307,-4528,5301,691,-1158,1314,635,-209,62
2025-11-10T20:34:39.835466,141,110,620,516,316,85,77,365,14202,-4196,-4532,5348,651,-1066,1372,572,-246,62
2025-11-10T20:34:39.859352,135,122,675,553,358,90,74,354,14210,-4096,-4549,5388,642,-1057,1330,493,-291,37
2025-11-10T20:34:39.878417,134,119,627,549,358,97,73,298,14213,-4003,-4578,5425,686,-1085,1314,454,-315,21
2025-11-10T20:34:39.904393,145,130,686,522,361,89,68,354,14219,-3902,-4608,5458,701,-1082,1326,488,-328,-9
2025-11-10T20:34:39.916189,145,126,698,528,362,91,67,348,14227,-3798,-4628,5494,716,-1040,1369,509,-291,8
2025-11-10T20:34:39.940903,128,158,671,386,378,110,68,336,14237,-3701,-4638,5524,704,-959,1405,448,-232,6
2025-11-10T20:34:39.954407,127,153,583,317,349,111,73,335,14245,-3620,-4653,5546,712,-999,1399,372,-213,-18
2025-11-10T20:34:39.979089,123,164,603,304,325,103,71,272,14252,-3544,-4672,5561,736,-985,1385,335,-210,-44
2025-11-10T20:34:39.994419,92,168,561,304,341,105,60,160,14256,-3479,-4690,5576,770,-1035,1415,296,-185,-19
2025-11-10T20:34:40.024088,99,207,507,340,349,103,58,350,14262,-3410,-4699,5595,726,-987,1398,332,-160,-16
2025-11-10T20:34:40.039434,151,193,478,394,256,95,54,370,14266,-3352,-4709,5611,726,-962,1394,268,-154,-3
2025-11-10T20:34:40.058686,171,201,448,416,205,96,51,375,14265,-3303,-4727,5628,735,-985,1397,216,-178,12
2025-11-10T20:34:40.076771,174,211,487,483,214,101,53,404,14264,-3256,-4743,5646,745,-1003,1426,210,-166,15
2025-11-10T20:34:40.098904,205,229,474,493,195,103,55,442,14267,-3204,-4751,5660,753,-918,1432,221,-130,4
2025-11-10T20:34:40.114499,202,203,590,478,188,102,54,316,14272,-3163,-4757,5666,758,-893,1473,142,-96,-9
2025-11-10T20:34:40.136931,183,335,642,440,188,91,51,323,14273,-3139,-4770,5667,768,-1008,1419,95,-80,-35
2025-11-10T20:34:40.159448,170,350,644,551,197,84,47,372,14274,-3102,-4780,5674,812,-998,1426,170,-84,-8
2025-11-10T20:34:40.174435,183,371,582,549,189,79,46,392,14276,-3065,-4782,5689,768,-920,1444,166,-76,38
2025-11-10T20:34:40.197016,184,382,626,600,176,74,51,457,14274,-3038,-4791,5701,770,-902,1487,79,-99,45
2025-11-10T20:34:40.219473,200,466,610,611,183,73,51,493,14273,-3015,-4800,5707,774,-923,1486,57,-88,10
2025-11-10T20:34:40.234154,199,431,632,665,244,86,59,482,14271,-2998,-4810,5713,786,-1010,1488,65,-76,13
2025-11-10T20:34:40.256947,206,433,694,620,255,97,62,450,14272,-2966,-4814,5725,780,-923,1478,136,-78,27
2025-11-10T20:34:40.279100,223,428,698,625,273,99,66,607,14267,-2944,-4826,5737,736,-898,1433,62,-116,36
2025-11-10T20:34:40.294436,212,427,688,564,269,95,69,565,14259,-2930,-4847,5746,793,-1001,1449,37,-134,25
2025-11-10T20:34:40.316942,191,341,654,579,283,98,67,539,14258,-2905,-4851,5759,798,-958,1499,110,-72,44
2025-11-10T20:34:40.339426,179,280,605,544,254,110,68,542,14259,-2883,-4845,5773,746,-868,1493,86,-36,58
2025-11-10T20:34:40.354114,180,332,621,489,275,99,65,580,14256,-2873,-4850,5781,732,-935,1473,24,-66,27
2025-11-10T20:34:40.377313,151,324,622,430,249,97,62,460,14252,-2855,-4863,5787,780,-967,1479,55,-103,7
2025-11-10T20:34:40.399318,149,338,669,465,261,97,59,431,14248,-2840,-4874,5795,767,-983,1469,57,-94,14
2025-11-10T20:34:40.414284,156,343,619,445,264,94,59,452,14243,-2827,-4884,5808,792,-944,1498,38,-92,59
2025-11-10T20:34:40.438175,154,348,632,487,245,86,55,487,14237,-2817,-4889,5822,790,-933,1513,21,-68,73
2025-11-10T20:34:40.456774,147,288,620,472,215,100,59,476,14231,-2811,-4900,5831,791,-944,1510,-14,-79,53
2025-11-10T20:34:40.472167,149,313,626,464,229,100,59,428,14228,-2796,-4907,5840,791,-950,1485,53,-75,32
2025-11-10T20:34:40.495334,149,405,745,458,217,104,64,460,14226,-2778,-4913,5847,778,-942,1504,57,-80,16
2025-11-10T20:34:40.519103,159,414,771,500,193,103,67,530,14224,-2765,-4918,5854,806,-954,1503,44,-51,23
2025-11-10T20:34:40.534111,172,434,849,515,202,106,69,546,14221,-2759,-4919,5863,772,-966,1477,33,-33,40
2025-11-10T20:34:40.556266,163,459,803,530,229,110,70,524,14216,-2754,-4924,5874,781,-951,1475,14,-50,60
2025-11-10T20:34:40.579391,155,452,780,565,227,115,72,522,14211,-2749,-4930,5882,782,-928,1441,10,-46,47
2025-11-10T20:34:40.594438,152,400,641,547,240,113,66,628,14211,-2737,-4934,5885,798,-940,1472,40,-37,6
2025-11-10T20:34:40.616449,184,464,649,477,263,126,65,582,14211,-2730,-4935,5888,797,-959,1464,26,-10,9
2025-11-10T20:34:40.639553,182,532,643,398,278,122,63,595,14213,-2722,-4934,5889,809,-922,1508,16,-4,9
2025-11-10T20:34:40.654390,188,542,652,490,276,121,67,643,14207,-2726,-4944,5892,821,-981,1469,-36,-35,34
2025-11-10T20:34:40.677424,192,556,671,488,333,147,76,637,14203,-2713,-4951,5901,840,-953,1497,43,-61,46
2025-11-10T20:34:40.699386,208,575,662,568,332,147,78,524,14201,-2693,-4958,5909,802,-934,1492,68,-78,14
2025-11-10T20:34:40.714421,185,581,619,626,320,146,80,519,14200,-2679,-4967,5910,831,-936,1503,30,-67,-3
2025-11-10T20:34:40.736946,185,523,529,694,411,154,83,541,14198,-2664,-4977,5912,832,-935,1495,33,-70,-4
2025-11-10T20:34:40.759173,196,530,592,630,420,157,77,484,14199,-2648,-4985,5912,844,-966,1492,56,-55,-20
2025-11-10T20:34:40.774419,204,534,607,660,389,140,64,486,14194,-2639,-4996,5918,827,-972,1438,41,-64,17
2025-11-10T20:34:40.796946,178,494,563,630,419,146,62,508,14189,-2628,-5005,5928,810,-936,1434,43,-70,40
2025-11-10T20:34:40.819170,171,444,578,590,425,140,55,500,14185,-2615,-5016,5935,805,-889,1450,26,-85,30
2025-11-10T20:34:40.834386,190,571,594,531,320,125,55,438,14188,-2598,-5021,5930,858,-875,1513,17,-35,-32
2025-11-10T20:34:40.856895,201,631,605,544,281,114,59,546,14193,-2594,-5023,5917,879,-942,1496,-13,27,-57
2025-11-10T20:34:40.879723,224,793,699,720,270,112,64,531,14197,-2600,-5019,5909,867,-1037,1477,-4,69,-34
2025-11-10T20:34:40.904583,184,464,649,477,263,126,65,582,14198,-2595,-5017,5910,870,-976,1466,43,33,11
2025-11-10T20:34:40.911379,182,532,643,398,278,122,63,595,14213,-2722,-4934,5889,809,-922,1508,16,-4,9
2025-11-10T20:34:40.916653,188,542,652,490,276,121,67,643,14207,-2726,-4944,5892,821,-981,1469,-36,-35,34
2025-11-10T20:34:40.921403,263,884,719,754,225,116,72,661,14197,-2589,-5010,5922,796,-917,1468,44,7,60
2025-11-10T20:34:40.937592,250,857,666,764,221,118,76,639,14196,-2586,-5007,5927,789,-907,1487,7,-6,31
2025-11-10T20:34:40.960091,263,814,672,812,284,118,80,587,14200,-2574,-5006,5925,833,-938,1533,34,-12,-20
2025-11-10T20:34:40.975659,242,682,618,622,289,126,80,643,14204,-2567,-5002,5921,851,-950,1515,26,28,-28
2025-11-10T20:34:40.999444,209,624,641,555,332,126,77,606,14208,-2557,-4995,5921,817,-939,1462,66,26,-12
2025-11-10T20:34:41.021916,238,649,659,604,329,122,76,521,14207,-2552,-4994,5927,789,-949,1453,45,-12,16
2025-11-10T20:34:41.036962,244,674,656,560,333,119,74,545,14211,-2533,-4989,5931,831,-946,1486,111,-1,-9
2025-11-10T20:34:41.059429,238,648,628,478,282,118,69,505,14217,-2517,-4981,5930,802,-870,1486,66,14,-21
2025-11-10T20:34:41.081643,245,620,643,525,293,110,72,469,14218,-2510,-4985,5926,827,-884,1477,-3,-13,-21
2025-11-10T20:34:41.097277,248,674,696,573,269,109,74,457,14217,-2516,-4990,5922,808,-969,1459,-29,-9,-15
2025-11-10T20:34:41.119471,246,631,687,522,252,109,79,578,14216,-2510,-4994,5924,823,-951,1473,32,-27,-1
2025-11-10T20:34:41.142368,287,566,677,528,266,126,91,576,14216,-2500,-4995,5927,795,-874,1483,23,-31,6
2025-11-10T20:34:41.156307,326,656,692,623,287,130,97,614,14213,-2499,-5002,5929,792,-897,1448,-16,-45,16
2025-11-10T20:34:41.183651,342,695,697,632,261,126,99,600,14212,-2499,-5002,5929,830,-983,1467,-15,1,3
2025-11-10T20:34:41.201872,422,685,619,598,275,126,105,760,14217,-2482,-4986,5938,840,-892,1513,109,51,35
2025-11-10T20:34:41.217161,422,716,652,618,303,132,102,672,14220,-2477,-4977,5941,787,-833,1489,10,30,25
2025-11-10T20:34:41.239468,394,729,702,660,300,125,91,675,14217,-2491,-4974,5945,819,-967,1485,-48,38,46
2025-11-10T20:34:41.261955,358,687,698,556,292,124,88,668,14217,-2488,-4965,5953,813,-955,1501,53,31,41
2025-11-10T20:34:41.276578,407,721,687,524,328,126,94,685,14223,-2474,-4952,5958,805,-890,1531,77,36,13
2025-11-10T20:34:41.299406,332,690,747,568,349,136,88,633,14222,-2472,-4950,5961,805,-885,1500,-7,0,20
2025-11-10T20:34:41.326304,342,830,753,655,377,135,88,784,14219,-2474,-4951,5967,819,-945,1452,13,5,40
2025-11-10T20:34:41.336944,343,840,718,639,362,125,85,798,14213,-2474,-4959,5975,810,-967,1479,10,-51,37
2025-11-10T20:34:41.359198,350,814,648,678,369,123,80,836,14210,-2460,-4965,5983,820,-887,1485,51,-61,30
2025-11-10T20:34:41.381996,290,775,680,736,360,122,64,910,14208,-2451,-4973,5985,804,-831,1496,-19,-61,17
2025-11-10T20:34:41.396518,299,745,615,712,329,114,65,885,14204,-2459,-4980,5984,813,-948,1481,-47,-22,11
2025-11-10T20:34:41.418857,335,535,640,668,286,111,61,882,14201,-2457,-4982,5991,783,-942,1452,27,-31,23
2025-11-10T20:34:41.441267,416,516,708,659,310,117,73,971,14197,-2457,-4987,5997,775,-896,1482,-19,-45,31
2025-11-10T20:34:41.456991,420,588,731,743,358,121,169,1007,14202,-2458,-4977,5993,874,-886,1593,-36,64,15
2025-11-10T20:34:41.480171,465,569,694,781,345,119,184,1125,14203,-2465,-4965,5997,784,-943,1528,-5,56,27
2025-11-10T20:34:41.500313,467,637,694,869,329,113,184,1112,14204,-2470,-4963,5994,827,-992,1494,0,35,-11
2025-11-10T20:34:41.513969,439,696,727,866,332,116,191,1012,14203,-2466,-4958,6002,824,-937,1525,31,7,40
2025-11-10T20:34:41.537147,385,712,675,875,325,135,199,940,14202,-2463,-4956,6009,803,-912,1525,11,-11,42
2025-11-10T20:34:41.560661,379,741,742,828,283,137,140,894,14202,-2462,-4955,6009,788,-907,1524,9,8,12
2025-11-10T20:34:41.575943,310,746,803,773,290,142,127,681,14203,-2467,-4953,6007,776,-962,1497,-14,12,-19
2025-11-10T20:34:41.598995,320,716,851,649,284,138,132,720,14202,-2465,-4956,6007,811,-948,1481,17,-14,-3
2025-11-10T20:34:41.621878,304,766,881,751,329,130,128,759,14199,-2466,-4959,6012,809,-943,1498,-5,-20,27
2025-11-10T20:34:41.636521,270,777,864,736,327,111,119,813,14198,-2461,-4960,6014,821,-940,1499,26,-12,6
2025-11-10T20:34:41.659428,258,710,829,798,421,131,121,832,14202,-2447,-4957,6015,817,-880,1534,44,-15,-10
2025-11-10T20:34:41.681781,282,740,781,774,439,127,116,830,14206,-2444,-4956,6007,823,-917,1518,-6,19,-44
2025-11-10T20:34:41.696881,287,852,835,779,440,130,117,857,14207,-2444,-4954,6006,810,-944,1441,24,27,-7
2025-11-10T20:34:41.719385,295,763,771,635,404,145,114,827,14207,-2442,-4950,6009,822,-933,1477,25,24,20
2025-11-10T20:34:41.746640,333,759,794,647,415,152,104,766,14209,-2437,-4945,6011,736,-875,1473,23,-6,0
2025-11-10T20:34:41.756516,345,839,774,502,329,129,102,702,14208,-2436,-4947,6012,775,-906,1478,-1,-20,-5
2025-11-10T20:34:41.779576,335,907,778,565,297,133,116,754,14212,-2428,-4948,6005,792,-896,1488,15,-11,-53
2025-11-10T20:34:41.801873,356,949,759,622,300,144,107,676,14212,-2428,-4956,5999,834,-899,1471,-31,-18,-20
2025-11-10T20:34:41.817038,369,1026,715,635,299,140,114,686,14211,-2436,-4959,5996,805,-966,1469,-27,6,-7
2025-11-10T20:34:41.839381,369,1039,736,620,429,151,124,760,14213,-2429,-4952,5999,780,-903,1497,43,10,-3
2025-11-10T20:34:41.861899,380,1095,748,657,431,193,119,864,14216,-2428,-4947,5997,787,-871,1499,-11,20,-2
2025-11-10T20:34:41.876906,388,1037,662,611,433,195,104,837,14214,-2445,-4950,5993,803,-985,1485,-68,25,-2
2025-11-10T20:34:41.899450,337,922,580,562,437,184,105,788,14211,-2456,-4950,5995,815,-968,1507,-43,19,30
2025-11-10T20:34:41.921842,377,867,608,603,445,190,110,835,14210,-2458,-4949,5997,825,-915,1517,-19,10,26
2025-11-10T20:34:41.944488,353,846,572,671,316,180,107,832,14210,-2457,-4948,5997,805,-898,1525,-8,-2,7
2025-11-10T20:34:41.959366,354,678,613,705,282,136,101,741,14212,-2460,-4949,5992,833,-932,1506,-24,18,-17
2025-11-10T20:34:41.981594,356,634,632,735,366,164,103,690,14211,-2464,-4949,5992,851,-953,1534,-24,17,15
2025-11-10T20:34:42.004313,361,737,627,735,368,175,115,723,14214,-2466,-4943,5990,780,-918,1469,3,37,-10
2025-11-10T20:34:42.019584,297,822,606,705,369,167,103,650,14214,-2464,-4946,5988,787,-901,1475,-7,-18,-10
2025-11-10T20:34:42.042049,325,796,687,666,363,163,95,566,14216,-2461,-4951,5979,828,-911,1496,-20,-6,-48
2025-11-10T20:34:42.064457,307,885,679,602,357,171,126,540,14218,-2468,-4952,5971,811,-946,1488,-41,20,-31
2025-11-10T20:34:42.079461,304,926,687,504,262,137,129,531,14219,-2473,-4950,5968,809,-948,1464,-14,37,-10
2025-11-10T20:34:42.110167,305,810,669,555,257,129,137,568,14223,-2476,-4942,5966,793,-910,1486,-2,51,-3
2025-11-10T20:34:42.124395,300,713,786,710,258,123,143,551,14224,-2480,-4939,5963,777,-924,1465,-20,21,-13
2025-11-10T20:34:42.139403,299,849,731,734,318,134,140,554,14226,-2485,-4939,5956,776,-961,1481,-15,14,-42
2025-11-10T20:34:42.161851,324,873,725,715,318,119,123,678,14228,-2491,-4937,5951,764,-915,1500,-42,12,-20
2025-11-10T20:34:42.184673,298,905,724,749,400,126,127,665,14227,-2505,-4939,5945,820,-972,1519,-76,28,-11
2025-11-10T20:34:42.199173,296,911,718,768,416,134,116,629,14233,-2511,-4925,5939,812,-917,1532,-25,92,-9
2025-11-10T20:34:42.221439,287,884,623,654,427,137,110,614,14237,-2521,-4913,5937,774,-950,1490,-20,77,2
2025-11-10T20:34:42.244470,271,793,691,668,424,145,128,607,14239,-2524,-4904,5938,732,-946,1501,11,26,-3
2025-11-10T20:34:42.259424,311,764,786,716,485,154,140,474,14240,-2518,-4902,5938,748,-920,1512,23,-20,-19
2025-11-10T20:34:42.281186,340,796,809,681,420,149,159,499,14240,-2520,-4906,5935,779,-966,1490,-15,-16,-24
2025-11-10T20:34:42.302319,353,904,858,700,430,161,170,619,14240,-2528,-4905,5933,787,-939,1521,-48,16,1
2025-11-10T20:34:42.317864,376,970,858,792,435,166,172,646,14246,-2533,-4889,5930,771,-958,1529,11,85,-11
2025-11-10T20:34:42.341439,396,925,849,770,457,156,167,686,14250,-2537,-4878,5927,795,-966,1546,1,66,-16
2025-11-10T20:34:42.364297,404,884,743,752,407,145,157,778,14252,-2535,-4872,5927,754,-950,1482,30,19,-11
2025-11-10T20:34:42.379310,515,876,729,839,419,158,129,861,14254,-2528,-4873,5926,773,-911,1495,24,-22,-16
2025-11-10T20:34:42.401846,555,893,665,791,389,135,125,841,14256,-2531,-4875,5918,777,-884,1491,-52,6,-31
2025-11-10T20:34:42.424323,588,916,709,721,377,135,126,885,14259,-2534,-4872,5911,789,-925,1463,-12,41,-32
2025-11-10T20:34:42.439441,573,943,689,715,374,142,121,840,14262,-2543,-4871,5901,813,-1010,1502,-26,48,-52
2025-11-10T20:34:42.461926,529,928,662,692,369,147,111,865,14265,-2545,-4866,5897,786,-957,1485,6,42,-19
2025-11-10T20:34:42.485019,413,849,687,653,395,143,138,845,14267,-2549,-4861,5894,779,-932,1504,-18,34,-7
2025-11-10T20:34:42.499570,347,832,711,697,407,164,127,834,14270,-2555,-4852,5891,750,-944,1508,-14,48,-15
2025-11-10T20:34:42.522985,280,833,705,761,494,186,163,797,14276,-2552,-4846,5884,806,-948,1507,24,50,-37
2025-11-10T20:34:42.545708,273,799,675,784,463,187,167,818,14278,-2556,-4843,5881,773,-963,1489,-6,26,-21
2025-11-10T20:34:42.558505,273,854,736,873,472,186,169,693,14279,-2558,-4841,5878,814,-939,1535,-13,27,0
2025-11-10T20:34:42.581271,305,914,701,821,449,177,162,631,14281,-2562,-4834,5877,731,-944,1485,-2,29,-11
2025-11-10T20:34:42.603702,318,948,710,823,467,161,176,706,14283,-2566,-4834,5871,753,-929,1490,-27,11,-34
2025-11-10T20:34:42.619047,318,951,655,749,386,127,142,690,14287,-2566,-4832,5863,821,-944,1540,-13,32,-37
2025-11-10T20:34:42.641917,313,955,643,740,403,135,134,672,14291,-2572,-4827,5856,820,-957,1513,-25,66,-19
2025-11-10T20:34:42.664261,304,979,585,693,405,144,152,668,14293,-2577,-4815,5858,759,-940,1490,9,65,20
2025-11-10T20:34:42.679488,305,934,545,687,392,141,145,659,14294,-2583,-4811,5855,758,-970,1485,-6,34,-13
2025-11-10T20:34:42.702116,309,858,558,658,347,137,121,538,14296,-2584,-4804,5856,707,-922,1488,10,16,-9
2025-11-10T20:34:42.724416,413,813,614,660,317,148,123,709,14299,-2582,-4809,5845,786,-938,1508,-13,-10,-61
2025-11-10T20:34:42.739422,429,818,636,613,261,129,132,758,14301,-2584,-4809,5839,775,-940,1475,-12,18,-33
2025-11-10T20:34:42.761926,437,818,646,622,265,116,103,752,14302,-2592,-4812,5832,817,-960,1489,-46,30,-16
2025-11-10T20:34:42.784456,414,813,774,653,342,122,90,755,14304,-2602,-4804,5829,793,-966,1526,-32,70,3
2025-11-10T20:34:42.803362,405,829,787,618,435,142,101,756,14312,-2601,-4785,5826,738,-898,1522,28,90,-15
2025-11-10T20:34:42.821908,309,842,801,596,459,134,111,644,14315,-2601,-4781,5820,747,-899,1485,-13,23,-33
2025-11-10T20:34:42.844413,326,927,848,604,459,134,99,610,14318,-2603,-4784,5810,758,-968,1501,-18,2,-58
2025-11-10T20:34:42.866928,323,866,835,615,460,137,118,659,14318,-2607,-4788,5805,757,-969,1489,-17,-11,-37
2025-11-10T20:34:42.881939,351,887,764,674,435,144,124,674,14318,-2607,-4788,5805,782,-948,1521,-13,7,-15
2025-11-10T20:34:42.904381,349,791,774,710,424,143,126,676,14322,-2612,-4781,5799,763,-923,1513,-30,53,-18
2025-11-10T20:34:42.928064,329,824,741,707,393,155,111,695,14328,-2619,-4766,5794,747,-947,1501,2,95,-19
2025-11-10T20:34:42.941577,364,870,738,712,402,151,121,691,14332,-2620,-4755,5791,746,-964,1496,25,58,-25
2025-11-10T20:34:42.964330,410,929,822,681,406,155,116,754,14338,-2611,-4748,5787,780,-918,1516,51,38,-28
2025-11-10T20:34:42.987235,387,972,814,633,395,149,116,752,14340,-2616,-4749,5778,748,-906,1492,-48,15,-41
2025-11-10T20:34:43.001883,375,973,740,535,342,124,110,704,14343,-2623,-4749,5768,805,-930,1495,-50,46,-26
2025-11-10T20:34:43.024186,394,954,767,545,330,108,111,651,14347,-2634,-4738,5762,715,-958,1480,-22,76,-32
2025-11-10T20:34:43.046997,376,918,719,525,350,118,138,674,14351,-2640,-4731,5755,758,-943,1503,-17,60,-27
2025-11-10T20:34:43.061506,363,939,668,477,383,128,151,714,14354,-2645,-4720,5753,716,-946,1501,-1,52,-10
2025-11-10T20:34:43.084459,377,876,632,531,402,175,156,801,14360,-2644,-4715,5744,760,-925,1513,2,43,-51
2025-11-10T20:34:43.106903,376,922,682,533,369,185,159,801,14363,-2649,-4711,5738,734,-935,1482,-19,35,-24
2025-11-10T20:34:43.121874,408,965,697,527,378,186,165,845,14363,-2655,-4711,5735,741,-983,1511,-18,7,-23
2025-11-10T20:34:43.144356,408,911,738,614,365,187,143,875,14361,-2662,-4711,5735,726,-970,1534,-31,-4,2
2025-11-10T20:34:43.167564,377,840,741,638,357,180,122,755,14366,-2661,-4700,5732,744,-931,1537,20,51,-17
2025-11-10T20:34:43.181971,379,921,761,610,341,152,118,655,14368,-2671,-4695,5729,738,-953,1523,-40,43,-6
2025-11-10T20:34:43.204403,440,974,784,612,384,143,121,715,14369,-2675,-4689,5727,742,-987,1519,6,40,-9
2025-11-10T20:34:43.226566,465,1031,744,618,483,154,122,785,14375,-2668,-4676,5727,726,-921,1515,59,47,-13
2025-11-10T20:34:43.242031,426,1043,730,618,502,161,108,701,14381,-2669,-4663,5721,696,-904,1524,-4,57,-40
2025-11-10T20:34:43.264458,414,992,737,622,472,151,123,729,14383,-2676,-4668,5710,793,-976,1538,-46,18,-45
2025-11-10T20:34:43.287389,399,939,733,557,457,131,128,720,14384,-2675,-4665,5709,725,-967,1518,20,4,-18
2025-11-10T20:34:43.301928,356,926,696,660,506,145,130,720,14387,-2667,-4664,5708,737,-902,1520,28,-7,-20
2025-11-10T20:34:43.324452,278,771,692,663,440,135,131,632,14390,-2666,-4659,5705,725,-928,1524,3,17,-21
2025-11-10T20:34:43.355215,383,875,673,590,420,116,145,760,14393,-2670,-4653,5700,724,-968,1508,6,39,-30
2025-11-10T20:34:43.362023,398,912,620,602,414,118,135,744,14396,-2673,-4646,5697,727,-959,1507,8,46,-20
2025-11-10T20:34:43.384479,411,930,797,689,482,138,128,802,14398,-2678,-4643,5692,722,-929,1508,-23,25,-22
2025-11-10T20:34:43.406941,413,945,886,645,429,157,118,824,14400,-2680,-4637,5690,722,-942,1495,6,35,-11
2025-11-10T20:34:43.421733,419,974,918,630,393,154,109,885,14401,-2684,-4636,5687,736,-972,1507,-2,13,-18
2025-11-10T20:34:43.446083,385,912,947,606,369,150,115,828,14401,-2684,-4637,5687,761,-945,1513,12,3,-4
2025-11-10T20:34:43.463944,406,932,969,681,441,190,148,940,14401,-2684,-4637,5687,757,-936,1522,-3,4,8
2025-11-10T20:34:43.479867,379,857,928,648,389,195,145,906,14403,-2684,-4631,5685,743,-922,1530,-1,36,-3
2025-11-10T20:34:43.503174,355,755,819,603,368,186,150,852,14407,-2688,-4621,5682,730,-912,1532,-14,58,-4
2025-11-10T20:34:43.527020,401,882,769,636,414,202,209,810,14412,-2689,-4609,5679,708,-938,1539,15,54,-24
2025-11-10T20:34:43.541332,366,857,724,745,441,206,216,819,14418,-2684,-4600,5673,709,-921,1505,37,40,-47
2025-11-10T20:34:43.564364,372,863,715,725,444,192,211,712,14425,-2678,-4594,5663,728,-902,1518,17,37,-60
2025-11-10T20:34:43.587332,385,874,605,730,441,175,216,690,14427,-2686,-4600,5649,716,-943,1478,-52,3,-75
2025-11-10T20:34:43.601972,419,951,708,781,463,160,217,716,14426,-2698,-4611,5637,796,-1020,1499,-59,9,-50
2025-11-10T20:34:43.632557,430,842,789,755,450,145,183,668,14429,-2696,-4603,5637,720,-918,1512,24,37,-5
2025-11-10T20:34:43.646926,417,873,814,683,446,160,192,642,14433,-2696,-4599,5630,750,-905,1528,-15,31,-27
2025-11-10T20:34:43.661930,399,889,823,684,380,140,181,608,14432,-2710,-4596,5628,670,-977,1505,-47,17,-8
2025-11-10T20:34:43.684421,500,1040,875,704,364,162,183,721,14434,-2710,-4594,5625,748,-962,1542,10,18,-20
2025-11-10T20:34:43.706902,509,1102,801,648,321,168,194,816,14438,-2707,-4583,5624,697,-909,1530,22,42,-16
2025-11-10T20:34:43.721861,475,1054,691,647,301,166,177,952,14442,-2710,-4579,5617,732,-924,1526,-17,35,-27
2025-11-10T20:34:43.744418,493,1073,698,691,363,177,150,920,14446,-2709,-4572,5612,749,-938,1554,7,46,-28
2025-11-10T20:34:43.766906,523,1133,760,613,391,198,157,1007,14452,-2710,-4564,5603,722,-940,1531,6,55,-48
2025-11-10T20:34:43.790079,521,1105,717,603,398,185,161,941,14456,-2715,-4555,5599,688,-962,1509,6,47,-33
2025-11-10T20:34:43.804401,537,1055,687,648,405,183,149,895,14462,-2713,-4550,5587,733,-915,1524,-2,44,-60
2025-11-10T20:34:43.827016,522,1053,710,717,400,178,142,751,14465,-2716,-4551,5577,786,-957,1532,-19,43,-46
2025-11-10T20:34:43.849786,524,1136,688,658,387,154,152,800,14469,-2717,-4547,5568,728,-922,1518,-9,36,-43
2025-11-10T20:34:43.864435,525,1094,573,739,381,128,140,759,14474,-2716,-4544,5558,734,-934,1505,9,36,-60
2025-11-10T20:34:43.886910,457,1122,577,693,397,121,135,870,14476,-2720,-4547,5549,724,-931,1492,-30,8,-48
2025-11-10T20:34:43.909412,410,1077,642,645,386,107,138,853,14478,-2724,-4547,5542,741,-966,1497,-9,26,-33
2025-11-10T20:34:43.924395,417,1078,625,592,379,126,178,888,14481,-2724,-4540,5541,702,-900,1507,8,35,-9
2025-11-10T20:34:43.947388,425,1008,633,623,399,137,181,950,14484,-2727,-4533,5536,687,-894,1514,-21,34,-24
2025-11-10T20:34:43.969394,410,1054,670,621,436,133,196,1035,14486,-2734,-4532,5527,732,-953,1524,-34,32,-39
2025-11-10T20:34:43.984421,361,979,671,644,408,130,206,927,14491,-2734,-4521,5524,719,-965,1549,32,62,-24
2025-11-10T20:34:44.006903,350,984,664,642,404,129,204,913,14492,-2743,-4518,5519,681,-950,1525,-33,16,-22
2025-11-10T20:34:44.029179,345,1042,689,693,482,160,185,908,14489,-2752,-4521,5520,703,-971,1526,-39,-8,6
2025-11-10T20:34:44.044424,330,975,722,721,464,181,190,871,14492,-2747,-4516,5519,689,-908,1539,24,0,-17
2025-11-10T20:34:44.066781,310,982,725,634,439,213,192,709,14493,-2745,-4520,5514,756,-938,1555,-14,-11,-27
2025-11-10T20:34:44.089891,319,935,678,643,437,218,193,717,14494,-2748,-4521,5509,767,-979,1525,1,25,-23
2025-11-10T20:34:44.104328,320,952,645,663,479,230,226,765,14498,-2746,-4508,5512,686,-913,1530,34,50,12
2025-11-10T20:34:44.128608,290,928,640,691,492,205,226,707,14502,-2749,-4497,5507,672,-933,1568,-6,42,-31
2025-11-10T20:34:44.149908,259,945,627,676,460,180,218,702,14505,-2750,-4494,5502,689,-950,1536,1,10,-39
2025-11-10T20:34:44.164380,234,799,596,666,419,134,205,796,14508,-2746,-4489,5500,685,-936,1510,36,12,-30
2025-11-10T20:34:44.186837,294,776,644,664,484,136,203,848,14510,-2745,-4492,5492,712,-921,1522,-12,-5,-47
2025-11-10T20:34:44.209377,304,778,759,672,486,131,166,784,14514,-2749,-4490,5483,718,-930,1521,-20,31,-45
2025-11-10T20:34:44.224387,303,735,816,638,425,136,152,754,14516,-2754,-4489,5474,744,-957,1532,-26,39,-38
2025-11-10T20:34:44.246956,297,674,799,644,399,129,141,665,14520,-2755,-4479,5473,679,-944,1514,26,42,-17
2025-11-10T20:34:44.269385,297,745,804,636,408,131,135,574,14521,-2757,-4476,5471,666,-939,1504,6,3,-20
2025-11-10T20:34:44.284389,304,774,804,619,362,139,118,561,14522,-2755,-4477,5469,720,-931,1530,6,0,-17
2025-11-10T20:34:44.306916,290,740,774,646,329,128,107,543,14525,-2756,-4474,5464,697,-911,1539,-10,15,-31
2025-11-10T20:34:44.329427,373,810,740,550,302,116,132,654,14528,-2761,-4469,5456,712,-913,1529,-35,42,-30
2025-11-10T20:34:44.344192,446,853,749,479,309,112,124,763,14530,-2765,-4468,5448,736,-954,1536,-13,35,-36
2025-11-10T20:34:44.366388,459,852,854,587,442,156,150,817,14535,-2764,-4459,5442,711,-915,1527,13,52,-31
2025-11-10T20:34:44.389532,431,848,838,640,446,160,156,779,14542,-2762,-4446,5437,708,-908,1530,23,74,-25
2025-11-10T20:34:44.403981,450,829,874,673,451,162,157,841,14545,-2769,-4438,5431,677,-945,1514,-15,52,-31
2025-11-10T20:34:44.426887,449,839,879,694,476,179,164,850,14548,-2773,-4437,5423,704,-941,1508,-14,29,-46
2025-11-10T20:34:44.450990,400,790,861,702,473,180,172,791,14550,-2778,-4436,5415,729,-949,1522,-19,33,-33
2025-11-10T20:34:44.463828,382,800,796,737,371,161,146,718,14552,-2788,-4432,5408,709,-941,1521,-43,48,-23
2025-11-10T20:34:44.486850,417,873,794,793,357,159,148,763,14557,-2794,-4417,5403,691,-934,1574,-11,87,-16
2025-11-10T20:34:44.507258,428,874,719,740,334,164,153,718,14564,-2794,-4403,5397,668,-928,1538,22,69,-40
2025-11-10T20:34:44.522863,375,835,731,729,310,147,119,636,14567,-2793,-4399,5391,683,-944,1554,13,16,-43
2025-11-10T20:34:44.546611,393,901,700,812,427,168,119,665,14568,-2795,-4400,5386,686,-922,1534,-21,-6,-29
2025-11-10T20:34:44.577667,411,891,716,781,516,188,130,651,14570,-2799,-4399,5379,679,-925,1536,-28,14,-38
2025-11-10T20:34:44.584455,367,833,785,669,612,204,117,667,14573,-2804,-4398,5370,699,-946,1533,-25,26,-47
2025-11-10T20:34:44.606886,345,867,779,703,625,200,112,692,14577,-2805,-4395,5363,725,-956,1538,8,38,-41
2025-11-10T20:34:44.629529,344,844,703,701,611,199,128,721,14580,-2806,-4388,5360,680,-922,1532,6,31,-18
2025-11-10T20:34:44.643891,301,796,791,691,558,194,131,685,14579,-2813,-4390,5355,702,-965,1562,-38,7,-21
2025-11-10T20:34:44.666924,277,805,778,663,498,185,129,744,14585,-2813,-4382,5346,702,-900,1576,-17,47,-46
2025-11-10T20:34:44.689411,342,782,791,688,358,160,144,701,14590,-2817,-4380,5331,743,-965,1558,-22,52,-71
2025-11-10T20:34:44.712605,335,759,758,625,337,159,142,717,14594,-2817,-4377,5324,708,-949,1507,21,38,-42
2025-11-10T20:34:44.727650,363,793,756,635,373,164,147,772,14597,-2812,-4375,5319,711,-897,1505,17,18,-29
2025-11-10T20:34:44.749941,369,781,715,541,401,168,143,836,14601,-2814,-4367,5314,662,-910,1554,-10,37,-30
2025-11-10T20:34:44.772666,363,795,638,475,374,146,157,788,14609,-2819,-4355,5300,654,-923,1515,-9,78,-75
2025-11-10T20:34:44.786833,312,877,668,654,393,156,140,754,14614,-2824,-4350,5288,684,-943,1516,-16,49,-64
2025-11-10T20:34:44.809400,363,1013,675,671,410,160,144,691,14615,-2834,-4349,5279,648,-970,1482,-25,24,-60
2025-11-10T20:34:44.832594,334,1002,703,668,428,172,135,772,14615,-2834,-4349,5279,671,-939,1525,14,6,-13
2025-11-10T20:34:44.846908,340,999,734,695,446,175,127,722,14614,-2837,-4353,5277,668,-941,1527,-13,-27,-19
2025-11-10T20:34:44.869446,383,1002,785,840,463,171,124,850,14616,-2839,-4353,5273,703,-943,1541,-11,13,-23
2025-11-10T20:34:44.892686,383,946,730,754,525,178,128,884,14616,-2846,-4346,5272,666,-952,1543,-13,32,1
2025-11-10T20:34:44.906404,395,887,721,784,558,183,132,979,14620,-2845,-4338,5271,685,-895,1588,-2,31,-3
2025-11-10T20:34:44.929440,426,873,722,799,528,174,136,946,14622,-2844,-4332,5269,666,-932,1556,7,17,-21
2025-11-10T20:34:44.952873,479,964,720,785,482,188,155,993,14621,-2846,-4339,5265,707,-943,1543,-20,-22,-19
2025-11-10T20:34:44.966980,469,948,720,758,502,216,146,879,14621,-2846,-4338,5265,688,-934,1570,-10,-11,0
2025-11-10T20:34:44.989425,483,978,647,701,424,214,176,1040,14625,-2845,-4332,5260,665,-914,1558,7,24,-38
2025-11-10T20:34:45.020158,495,1005,684,665,371,204,171,1030,14624,-2851,-4334,5259,689,-958,1541,-28,-2,-3
2025-11-10T20:34:45.026954,471,1031,745,730,480,237,171,949,14624,-2852,-4334,5259,698,-957,1545,-16,8,-11
2025-11-10T20:34:45.049545,452,957,670,761,504,221,157,900,14628,-2850,-4324,5255,671,-873,1555,-3,44,-15
2025-11-10T20:34:45.072645,466,919,686,675,495,212,171,942,14629,-2858,-4324,5249,680,-936,1522,-38,18,-27
2025-11-10T20:34:45.086887,470,936,706,657,498,200,141,707,14630,-2859,-4326,5242,724,-981,1541,9,12,-39
2025-11-10T20:34:45.117677,402,800,748,732,525,223,139,585,14633,-2854,-4323,5240,669,-907,1543,17,4,-22
2025-11-10T20:34:45.132692,405,739,656,648,413,179,125,540,14634,-2856,-4327,5233,688,-903,1527,-30,-10,-40
2025-11-10T20:34:45.146926,376,709,676,600,396,169,135,634,14634,-2861,-4333,5226,692,-956,1497,-20,-8,-35
2025-11-10T20:34:45.177432,322,727,681,620,364,151,122,577,14635,-2862,-4333,5223,679,-926,1522,-6,6,-23
2025-11-10T20:34:45.192709,282,681,684,659,401,158,117,560,14640,-2861,-4325,5214,689,-903,1549,-6,49,-45
2025-11-10T20:34:45.206926,292,706,591,587,371,129,146,678,14646,-2866,-4322,5199,730,-950,1571,-29,55,-67
2025-11-10T20:34:45.229707,334,749,599,582,380,132,172,750,14650,-2867,-4320,5189,683,-943,1537,-6,22,-63
2025-11-10T20:34:45.252707,334,755,677,739,373,147,190,648,14652,-2869,-4324,5178,705,-905,1531,-39,6,-56
2025-11-10T20:34:45.266826,335,763,723,768,343,144,181,670,14655,-2882,-4319,5166,641,-900,1519,-80,43,-48
2025-11-10T20:34:45.289232,349,777,746,827,341,152,192,729,14660,-2895,-4312,5151,708,-990,1529,-36,88,-65
2025-11-10T20:34:45.312666,364,798,852,840,320,162,192,691,14666,-2895,-4299,5144,668,-938,1556,17,68,-42
2025-11-10T20:34:45.327835,336,800,844,863,324,160,190,706,14667,-2904,-4297,5139,641,-929,1532,-46,14,-24
2025-11-10T20:34:45.349144,331,875,849,726,451,184,168,715,14670,-2910,-4293,5131,685,-955,1579,-31,33,-39
2025-11-10T20:34:45.372484,351,911,750,723,466,191,175,718,14675,-2911,-4285,5122,667,-946,1572,-1,43,-58
2025-11-10T20:34:45.386948,343,863,774,677,464,176,163,696,14679,-2912,-4280,5113,716,-927,1544,-6,51,-35
2025-11-10T20:34:45.409464,388,909,661,625,471,166,155,653,14679,-2921,-4281,5108,692,-951,1520,-41,23,-19
2025-11-10T20:34:45.432641,375,921,712,629,509,185,154,611,14679,-2926,-4274,5111,644,-912,1532,-17,23,22
2025-11-10T20:34:45.444785,393,950,641,772,445,153,148,593,14682,-2929,-4270,5105,652,-940,1549,-11,20,-35
2025-11-10T20:34:45.468014,384,1002,751,707,433,155,142,595,14683,-2933,-4267,5101,672,-935,1553,-19,19,-18
2025-11-10T20:34:45.492630,384,1064,740,670,407,150,150,666,14684,-2933,-4268,5098,693,-960,1535,5,1,-22
2025-11-10T20:34:45.506890,341,1057,754,679,396,147,133,719,14685,-2934,-4267,5096,664,-958,1540,11,2,-19
2025-11-10T20:34:45.529077,347,1066,709,647,371,127,108,706,14689,-2931,-4258,5092,703,-897,1565,4,54,-15
2025-11-10T20:34:45.553738,320,973,680,565,361,121,110,729,14692,-2938,-4254,5084,665,-914,1542,-45,37,-34
2025-11-10T20:34:45.566956,322,956,597,650,394,112,112,717,14695,-2946,-4248,5076,638,-930,1540,-38,41,-35
2025-11-10T20:34:45.598097,334,1026,590,659,400,123,122,653,14696,-2952,-4249,5067,661,-966,1504,-17,12,-52
2025-11-10T20:34:45.612338,291,954,576,664,408,121,119,576,14696,-2953,-4250,5067,708,-986,1543,-7,11,-1
2025-11-10T20:34:45.626871,295,936,588,651,376,112,113,702,14696,-2953,-4249,5067,668,-929,1543,9,11,14
2025-11-10T20:34:45.649360,286,959,682,582,345,119,117,656,14697,-2956,-4243,5068,675,-928,1546,-8,33,14
2025-11-10T20:34:45.673336,285,899,713,489,298,110,109,663,14699,-2959,-4232,5068,632,-897,1536,-8,50,4
2025-11-10T20:34:45.695479,286,797,730,482,260,111,107,753,14699,-2973,-4226,5065,631,-976,1533,-46,36,-10
2025-11-10T20:34:45.709339,289,787,723,472,255,110,118,750,14700,-2977,-4225,5063,658,-977,1527,5,11,-18
2025-11-10T20:34:45.732586,267,765,724,477,331,131,130,647,14700,-2977,-4225,5063,668,-928,1545,-13,-10,-13
2025-11-10T20:34:45.755647,264,794,735,436,336,132,152,695,14697,-2983,-4232,5061,645,-926,1550,-54,-42,-8
2025-11-10T20:34:45.769477,250,769,702,403,384,133,157,677,14694,-2987,-4240,5060,704,-1009,1534,-12,-28,-10
2025-11-10T20:34:45.792651,210,744,651,381,407,140,146,591,14694,-2983,-4236,5065,646,-936,1545,34,-4,15
2025-11-10T20:34:45.815141,232,778,703,455,418,145,144,580,14695,-2983,-4236,5065,653,-915,1542,-15,-9,9
2025-11-10T20:34:45.829426,209,758,746,585,369,142,162,619,14690,-2991,-4242,5068,641,-942,1517,-45,-40,15
2025-11-10T20:34:45.853051,270,815,704,668,340,136,148,667,14686,-2996,-4248,5072,635,-975,1533,-20,-46,12
2025-11-10T20:34:45.875175,276,918,693,754,334,142,145,672,14684,-2996,-4247,5078,654,-963,1567,11,-24,22
2025-11-10T20:34:45.889430,279,874,656,732,325,123,146,637,14684,-2996,-4247,5078,655,-924,1529,-14,11,-1
2025-11-10T20:34:45.912657,276,879,703,712,313,129,153,659,14680,-3006,-4249,5083,621,-984,1541,-35,-27,23
2025-11-10T20:34:45.934981,289,972,718,667,320,117,156,629,14678,-3010,-4249,5085,660,-958,1574,-24,-13,14
2025-11-10T20:34:45.949629,242,894,693,655,333,124,164,576,14676,-3015,-4247,5090,695,-963,1592,-22,11,37
2025-11-10T20:34:45.972638,249,806,665,634,309,170,195,675,14678,-3018,-4234,5094,658,-951,1577,6,51,30
2025-11-10T20:34:45.995161,254,845,664,640,337,194,195,764,14676,-3026,-4231,5097,660,-952,1543,-33,16,27
2025-11-10T20:34:46.009387,247,818,551,646,337,187,185,743,14672,-3033,-4237,5100,659,-968,1525,-36,-30,21
2025-11-10T20:34:46.047728,302,779,603,621,407,193,158,807,14669,-3033,-4242,5104,668,-966,1528,5,-32,16
2025-11-10T20:34:46.054614,342,838,634,655,441,202,168,799,14669,-3028,-4239,5108,619,-899,1530,13,-21,13
2025-11-10T20:34:46.069423,324,798,658,645,422,164,129,700,14663,-3041,-4248,5112,672,-1000,1497,-51,-25,28
2025-11-10T20:34:46.092698,333,768,684,682,390,161,132,674,14660,-3046,-4248,5118,666,-990,1516,1,1,35
2025-11-10T20:34:46.115199,334,852,755,779,424,175,148,707,14659,-3047,-4245,5123,638,-944,1519,8,-1,26
2025-11-10T20:34:46.129464,355,825,681,762,341,168,159,607,14656,-3054,-4245,5126,647,-974,1530,-28,-6,21
2025-11-10T20:34:46.152867,375,747,601,692,316,150,132,657,14653,-3058,-4247,5131,690,-998,1564,-11,-9,32
2025-11-10T20:34:46.182938,391,777,711,671,358,141,131,665,14656,-3051,-4238,5133,697,-901,1590,20,37,23
2025-11-10T20:34:46.189782,390,834,713,682,366,115,129,643,14657,-3056,-4239,5128,735,-957,1560,-40,35,-5
2025-11-10T20:34:46.212897,395,734,715,540,328,106,112,660,14658,-3057,-4234,5128,676,-1025,1572,26,25,-4
2025-11-10T20:34:46.242652,353,876,753,656,416,104,93,620,14659,-3049,-4235,5129,663,-941,1544,28,-22,-12
2025-11-10T20:34:46.249625,330,922,807,701,397,110,94,511,14658,-3051,-4238,5129,653,-959,1529,-12,-18,-3
2025-11-10T20:34:46.272679,333,913,696,669,394,125,108,611,14657,-3052,-4239,5129,665,-994,1492,-4,-13,-8
2025-11-10T20:34:46.295270,315,930,681,654,387,147,113,546,14657,-3053,-4239,5129,637,-951,1463,-5,-7,5
2025-11-10T20:34:46.309396,321,982,626,732,399,142,119,535,14653,-3057,-4244,5134,599,-965,1496,-13,-50,15
2025-11-10T20:34:46.332716,326,865,610,636,337,149,135,620,14649,-3064,-4253,5133,651,-960,1514,-48,-41,-8
2025-11-10T20:34:46.362512,342,854,539,579,338,145,187,777,14646,-3067,-4258,5137,683,-995,1527,-4,-23,23
2025-11-10T20:34:46.369345,342,920,609,630,440,183,183,762,14645,-3069,-4255,5140,690,-989,1560,-1,19,25
2025-11-10T20:34:46.392473,363,848,585,718,456,168,175,801,14649,-3072,-4243,5139,695,-966,1543,9,83,9
2025-11-10T20:34:46.415121,357,826,626,666,477,175,214,869,14649,-3076,-4236,5139,621,-954,1541,-11,18,3
2025-11-10T20:34:46.429796,398,1000,570,667,471,179,241,929,14651,-3070,-4236,5137,712,-982,1576,24,7,-13
2025-11-10T20:34:46.453079,371,999,594,716,508,185,204,826,14649,-3074,-4233,5143,597,-957,1530,-8,-12,23
2025-11-10T20:34:46.475117,399,1069,509,679,452,144,205,851,14647,-3079,-4237,5143,715,-991,1548,-23,6,16
2025-11-10T20:34:46.489467,386,1105,513,589,467,141,224,842,14648,-3073,-4225,5155,616,-931,1545,52,15,54
2025-11-10T20:34:46.512677,374,1109,458,651,473,154,190,782,14648,-3066,-4229,5154,705,-933,1531,19,-14,-5
2025-11-10T20:34:46.533100,385,1083,492,686,500,168,155,742,14645,-3068,-4233,5160,608,-990,1507,7,-44,17
2025-11-10T20:34:46.548019,365,1119,564,677,495,172,154,743,14641,-3061,-4241,5166,620,-961,1499,35,-78,4
2025-11-10T20:34:46.572714,328,956,575,693,484,172,152,729,14637,-3063,-4254,5168,655,-968,1513,-27,-70,4
2025-11-10T20:34:46.595523,330,938,621,657,456,168,137,793,14630,-3070,-4265,5173,691,-1015,1516,-23,-47,29
2025-11-10T20:34:46.609121,333,924,639,646,437,163,154,771,14628,-3068,-4262,5183,627,-947,1520,21,-14,46
2025-11-10T20:34:46.632675,225,752,666,648,411,145,143,714,14626,-3067,-4264,5189,669,-925,1528,-7,-27,36
2025-11-10T20:34:46.655089,223,734,652,651,376,133,149,721,14624,-3065,-4263,5196,644,-995,1564,23,-23,24
2025-11-10T20:34:46.685166,235,794,656,628,352,145,172,690,14621,-3062,-4270,5201,674,-1028,1540,35,-49,6
2025-11-10T20:34:46.691986,254,767,627,662,391,153,163,588,14618,-3051,-4275,5211,682,-932,1527,46,-50,45
2025-11-10T20:34:46.715124,263,850,676,627,372,146,148,583,14616,-3048,-4277,5217,664,-907,1534,-11,-29,35
2025-11-10T20:34:46.737630,306,885,675,586,358,140,158,571,14610,-3059,-4284,5221,660,-991,1487,-42,-28,30
2025-11-10T20:34:46.752644,315,848,728,628,370,158,171,643,14607,-3062,-4288,5225,680,-970,1506,-10,-13,27
2025-11-10T20:34:46.782249,294,844,796,696,366,138,147,615,14607,-3059,-4284,5230,660,-944,1539,12,3,25
2025-11-10T20:34:46.797414,269,914,799,772,371,144,157,660,14605,-3066,-4286,5231,649,-969,1521,-31,-5,9
2025-11-10T20:34:46.812022,279,990,814,812,379,144,153,643,14603,-3069,-4285,5234,641,-962,1527,-16,-11,20
2025-11-10T20:34:46.835169,247,1011,769,833,393,166,211,723,14601,-3072,-4288,5236,637,-972,1501,-12,-23,4
2025-11-10T20:34:46.857242,232,1005,703,769,408,160,205,615,14596,-3073,-4299,5241,674,-961,1501,-17,-56,24
2025-11-10T20:34:46.871911,249,981,653,713,404,175,205,632,14592,-3077,-4303,5246,690,-964,1520,-26,-16,40
2025-11-10T20:34:46.895136,287,1007,730,603,371,170,201,663,14588,-3088,-4301,5251,663,-990,1541,-42,11,45
2025-11-10T20:34:46.917682,265,836,635,507,378,159,203,704,14586,-3093,-4298,5257,647,-977,1530,-14,4,37
2025-11-10T20:34:46.931926,249,762,692,617,357,145,139,616,14584,-3096,-4297,5262,645,-952,1530,-24,-7,33
2025-11-10T20:34:46.963617,259,780,640,652,315,145,137,742,14584,-3097,-4297,5262,662,-998,1550,-14,-5,13
2025-11-10T20:34:46.977580,280,809,594,668,314,131,133,764,14584,-3096,-4297,5262,677,-968,1553,6,-11,15
2025-11-10T20:34:46.991918,339,862,497,727,317,130,127,847,14582,-3095,-4300,5264,669,-960,1526,-4,-23,8
2025-11-10T20:34:47.015079,382,954,606,841,282,151,141,851,14579,-3099,-4305,5267,673,-982,1516,-21,-20,25
2025-11-10T20:34:47.037669,419,1018,576,756,296,152,157,979,14577,-3099,-4305,5271,659,-989,1507,10,-9,20
2025-11-10T20:34:47.060094,435,983,690,719,301,134,146,934,14577,-3100,-4303,5274,657,-958,1505,5,9,19
2025-11-10T20:34:47.074908,418,967,733,697,308,134,145,959,14573,-3109,-4306,5276,656,-974,1496,-46,-4,23
2025-11-10T20:34:47.105035,383,909,775,701,324,144,150,924,14571,-3115,-4306,5280,652,-977,1538,-35,-6,28
2025-11-10T20:34:47.119955,397,845,772,693,332,124,147,969,14569,-3117,-4306,5282,621,-985,1532,-11,-22,5
2025-11-10T20:34:47.135175,373,774,785,727,346,116,131,862,14566,-3114,-4312,5287,654,-981,1507,11,-51,13
2025-11-10T20:34:47.158153,353,754,718,750,360,123,133,814,14561,-3116,-4320,5293,679,-980,1510,-14,-41,38
2025-11-10T20:34:47.171898,383,850,768,809,352,125,158,853,14557,-3120,-4321,5302,657,-995,1525,-13,-21,53
2025-11-10T20:34:47.195074,379,863,706,767,329,132,169,771,14552,-3126,-4324,5308,669,-999,1519,-24,-16,41
2025-11-10T20:34:47.217339,338,919,687,650,364,148,157,717,14549,-3133,-4325,5314,663,-997,1528,-29,-4,43
2025-11-10T20:34:47.239562,325,919,697,621,353,140,145,698,14547,-3136,-4323,5319,672,-1016,1530,1,11,30
2025-11-10T20:34:47.255051,311,980,673,669,335,136,141,692,14545,-3135,-4321,5326,659,-994,1518,22,-5,35
2025-11-10T20:34:47.277615,256,961,554,610,306,132,132,558,14542,-3135,-4323,5334,642,-994,1528,3,-34,38
2025-11-10T20:34:47.291560,218,947,620,637,355,115,114,548,14537,-3138,-4329,5338,660,-1004,1520,-18,-40,23
2025-11-10T20:34:47.315074,225,904,644,687,345,128,110,479,14535,-3143,-4331,5340,647,-990,1504,-24,-14,11
2025-11-10T20:34:47.337600,306,917,634,700,332,132,117,594,14529,-3150,-4338,5346,660,-1049,1486,-14,-30,31
2025-11-10T20:34:47.351958,332,935,634,618,324,134,130,780,14525,-3151,-4345,5353,653,-1012,1499,2,-49,31
2025-11-10T20:34:47.382662,342,904,694,700,398,142,115,792,14521,-3153,-4348,5359,667,-989,1534,-18,-28,39
2025-11-10T20:34:47.397274,347,910,721,673,474,150,114,773,14521,-3156,-4342,5364,662,-970,1528,-12,27,35
2025-11-10T20:34:47.412079,334,894,670,637,498,130,110,789,14518,-3167,-4339,5367,642,-1037,1536,-40,17,27
2025-11-10T20:34:47.442401,279,896,654,581,496,126,136,743,14516,-3164,-4340,5372,660,-1038,1514,37,-20,18
2025-11-10T20:34:47.458677,281,888,644,586,508,127,128,544,14512,-3160,-4345,5382,648,-976,1503,16,-55,46
2025-11-10T20:34:47.471517,269,817,607,577,558,140,124,519,14508,-3161,-4351,5387,665,-983,1521,-20,-39,27
2025-11-10T20:34:47.494678,262,802,575,614,464,136,121,548,14507,-3166,-4351,5387,657,-978,1514,-35,2,12
2025-11-10T20:34:47.517340,299,855,552,642,449,137,148,594,14503,-3168,-4355,5392,675,-1062,1512,12,-16,23
2025-11-10T20:34:47.531506,313,846,594,674,474,138,125,550,14503,-3157,-4354,5400,674,-1004,1523,69,-25,21
2025-11-10T20:34:47.554601,282,838,585,677,512,137,132,626,14502,-3152,-4354,5405,668,-963,1542,7,-15,28
2025-11-10T20:34:47.585054,334,861,577,637,431,110,140,687,14500,-3157,-4357,5407,667,-1021,1533,-23,-15,16
2025-11-10T20:34:47.600018,365,863,604,641,455,98,139,674,14501,-3151,-4356,5409,668,-992,1538,23,-9,2
2025-11-10T20:34:47.615131,346,886,589,594,431,91,156,700,14500,-3147,-4359,5410,684,-989,1530,10,-19,3
2025-11-10T20:34:47.637613,329,856,649,613,424,94,161,744,14498,-3143,-4361,5415,672,-997,1525,18,-26,22
2025-11-10T20:34:47.660070,357,790,651,736,413,103,160,769,14497,-3141,-4363,5419,659,-987,1491,17,-19,18
2025-11-10T20:34:47.675050,331,816,733,801,493,120,152,793,14497,-3140,-4363,5419,647,-976,1497,5,-13,3
2025-11-10T20:34:47.705665,390,815,710,794,550,124,170,900,14494,-3140,-4368,5421,673,-995,1497,-3,-31,11
2025-11-10T20:34:47.719850,393,783,725,802,547,123,137,871,14494,-3133,-4369,5425,677,-989,1507,37,-12,11
2025-11-10T20:34:47.734989,400,846,615,786,530,152,150,829,14493,-3132,-4371,5428,692,-979,1508,-1,-9,25
2025-11-10T20:34:47.765115,389,917,681,682,527,155,152,862,14490,-3136,-4372,5433,655,-998,1515,-19,-8,28
2025-11-10T20:34:47.780085,372,917,621,594,456,152,164,834,14489,-3132,-4372,5438,639,-966,1515,16,-30,16
2025-11-10T20:34:47.795555,293,841,624,571,406,154,152,767,14487,-3129,-4376,5440,643,-996,1512,7,-41,1
2025-11-10T20:34:47.817623,276,804,626,669,500,166,155,733,14482,-3132,-4389,5443,726,-1039,1529,-28,-48,22
2025-11-10T20:34:47.840609,288,755,643,660,553,172,134,787,14482,-3126,-4385,5448,688,-980,1532,34,8,29
2025-11-10T20:34:47.855067,270,804,615,708,558,178,142,737,14482,-3124,-4383,5451,674,-980,1536,7,5,18
2025-11-10T20:34:47.877581,286,761,638,785,564,194,132,750,14482,-3124,-4382,5451,648,-994,1510,5,6,-3
2025-11-10T20:34:47.900093,322,846,588,831,547,192,139,754,14482,-3125,-4383,5451,665,-1018,1497,4,1,-16
2025-11-10T20:34:47.915036,371,818,548,747,469,190,147,836,14480,-3128,-4387,5451,678,-999,1482,-18,-10,7
2025-11-10T20:34:47.937624,345,892,526,722,427,176,148,778,14478,-3130,-4390,5453,661,-1009,1496,-4,-19,5
2025-11-10T20:34:47.963071,388,780,605,717,404,166,143,789,14478,-3129,-4391,5453,667,-981,1499,3,-14,14
2025-11-10T20:34:47.982599,388,838,650,738,397,151,152,818,14478,-3129,-4390,5453,648,-979,1487,-15,-3,12
2025-11-10T20:34:47.997613,349,775,758,742,385,168,160,825,14478,-3130,-4390,5453,659,-1017,1500,-11,3,0
2025-11-10T20:34:48.027829,297,796,845,778,378,157,162,779,14475,-3132,-4396,5455,668,-988,1494,-21,-25,15
2025-11-10T20:34:48.043076,320,720,851,812,448,149,159,822,14468,-3139,-4406,5462,679,-1030,1492,-32,-53,42
2025-11-10T20:34:48.057604,270,769,765,800,428,151,181,851,14463,-3142,-4409,5471,637,-1020,1508,-1,-38,42
2025-11-10T20:34:48.080069,280,780,729,678,422,155,200,747,14461,-3142,-4410,5477,667,-984,1511,-9,-18,33
2025-11-10T20:34:48.094415,269,787,641,584,408,154,189,679,14457,-3145,-4412,5481,687,-1008,1527,-19,-9,36
2025-11-10T20:34:48.117594,301,817,615,516,422,160,175,719,14454,-3154,-4412,5486,677,-1033,1529,-35,5,40
2025-11-10T20:34:48.140142,330,845,606,527,347,156,192,734,14451,-3157,-4412,5490,663,-1024,1542,-16,-11,23
2025-11-10T20:34:48.154302,341,803,611,531,431,162,167,620,14452,-3157,-4412,5490,680,-995,1528,11,-4,12
2025-11-10T20:34:48.177610,324,809,583,510,441,162,131,662,14449,-3158,-4417,5492,679,-995,1516,-21,-24,16
2025-11-10T20:34:48.200089,332,815,576,539,501,142,142,736,14447,-3161,-4425,5490,698,-1021,1491,-22,-21,-3
2025-11-10T20:34:48.214507,302,826,615,611,581,144,141,682,14444,-3165,-4429,5492,661,-1031,1487,-15,-21,8
2025-11-10T20:34:48.237540,302,769,611,568,568,140,129,729,14444,-3165,-4430,5492,688,-1021,1475,4,-7,7
2025-11-10T20:34:48.260123,287,798,608,524,514,129,132,745,14444,-3161,-4429,5495,684,-1006,1493,24,-1,14
2025-11-10T20:34:48.274378,299,762,575,522,492,121,131,738,14444,-3161,-4429,5495,646,-980,1490,-14,-5,8
2025-11-10T20:34:48.305076,328,786,634,527,443,134,116,782,14441,-3169,-4435,5493,657,-988,1478,-55,-17,0
2025-11-10T20:34:48.320001,349,773,506,464,358,140,122,907,14440,-3175,-4437,5490,639,-1046,1490,-23,-11,-23
2025-11-10T20:34:48.334684,314,784,486,541,359,142,118,966,14439,-3174,-4445,5487,650,-1007,1491,-14,-46,-27
2025-11-10T20:34:48.357405,357,848,574,698,396,155,106,982,14433,-3181,-4460,5487,674,-1019,1482,-61,-68,4
2025-11-10T20:34:48.380113,354,854,666,714,396,160,109,958,14426,-3192,-4471,5488,637,-1067,1496,-62,-62,2
2025-11-10T20:34:48.394470,335,873,638,743,457,162,122,866,14421,-3194,-4486,5490,717,-1070,1526,-27,-70,5
2025-11-10T20:34:48.417649,318,821,697,813,485,150,143,762,14416,-3192,-4491,5500,629,-963,1463,-5,-63,45
2025-11-10T20:34:48.439536,325,985,729,774,490,143,150,588,14407,-3196,-4510,5506,699,-1040,1476,-47,-97,33
2025-11-10T20:34:48.454414,290,942,771,755,502,151,151,597,14399,-3203,-4520,5514,710,-1068,1532,-37,-53,55
2025-11-10T20:34:48.477005,270,914,694,766,536,141,151,599,14398,-3199,-4518,5521,712,-984,1526,4,-3,45
2025-11-10T20:34:48.499726,311,902,707,708,468,125,150,699,14394,-3205,-4518,5529,660,-1021,1480,-21,-6,53
2025-11-10T20:34:48.514009,328,974,644,639,410,130,139,708,14388,-3206,-4524,5538,698,-1059,1501,3,-43,50
2025-11-10T20:34:48.537607,322,849,682,683,406,150,137,729,14385,-3202,-4523,5549,679,-1003,1477,30,-18,59
2025-11-10T20:34:48.560934,308,892,621,622,418,164,139,745,14383,-3202,-4521,5556,661,-974,1495,-14,-14,42
2025-11-10T20:34:48.582653,360,916,723,725,365,189,166,847,14379,-3208,-4524,5560,663,-1064,1483,-13,-18,22
2025-11-10T20:34:48.597780,373,882,757,758,414,195,175,856,14374,-3210,-4530,5566,654,-1052,1445,1,-42,21
2025-11-10T20:34:48.627611,348,865,783,759,394,189,165,812,14369,-3209,-4541,5572,694,-1015,1464,-9,-60,35
2025-11-10T20:34:48.642886,335,890,743,814,432,183,160,780,14363,-3213,-4547,5579,711,-1027,1493,-29,-28,53
2025-11-10T20:34:48.657619,362,830,747,839,355,159,169,748,14360,-3222,-4541,5586,660,-1052,1480,-19,26,50
2025-11-10T20:34:48.680130,328,866,685,776,438,137,194,713,14357,-3226,-4541,5591,709,-1052,1505,-13,8,44
2025-11-10T20:34:48.702586,254,861,607,743,411,135,186,664,14354,-3226,-4541,5600,694,-1046,1506,12,-14,50
2025-11-10T20:34:48.725175,360,849,579,765,477,155,193,788,14351,-3226,-4542,5608,719,-1055,1532,2,-12,53
2025-11-10T20:34:48.740155,371,777,636,691,452,158,192,828,14350,-3226,-4532,5619,663,-1038,1518,28,25,62
2025-11-10T20:34:48.763216,361,862,631,618,499,164,194,860,14348,-3228,-4529,5623,660,-1037,1500,-7,2,25
2025-11-10T20:34:48.777627,359,876,671,598,439,171,156,852,14341,-3237,-4538,5630,665,-1094,1455,-23,-44,34
2025-11-10T20:34:48.800118,407,994,746,608,431,168,143,920,14336,-3224,-4551,5638,735,-1046,1473,52,-77,33
2025-11-10T20:34:48.822645,340,1023,757,583,363,155,129,824,14334,-3212,-4553,5649,674,-973,1467,47,-49,46
2025-11-10T20:34:48.837664,340,1020,750,520,355,150,126,766,14331,-3210,-4560,5653,685,-1022,1473,-3,-39,20
2025-11-10T20:34:48.859748,342,1016,713,536,412,165,112,706,14327,-3213,-4564,5658,695,-1063,1470,-3,-18,27
2025-11-10T20:34:48.882670,341,994,652,594,424,173,101,699,14328,-3208,-4561,5661,659,-1012,1461,36,-2,6
2025-11-10T20:34:48.905130,298,923,556,604,418,170,107,590,14326,-3202,-4567,5663,713,-1031,1474,16,-32,6
2025-11-10T20:34:48.919646,304,844,602,567,423,170,145,691,14323,-3201,-4575,5666,663,-1016,1461,-11,-49,9
2025-11-10T20:34:48.942292,291,883,614,639,431,173,148,754,14318,-3206,-4586,5665,718,-1032,1479,-52,-40,12
2025-11-10T20:34:48.966550,291,751,649,711,379,179,150,804,14320,-3207,-4580,5666,690,-1046,1504,6,31,12
2025-11-10T20:34:48.979711,354,793,700,718,374,169,152,846,14322,-3208,-4573,5666,655,-1020,1484,4,28,0
2025-11-10T20:34:49.002112,390,712,668,730,387,172,183,859,14321,-3209,-4574,5666,702,-1069,1501,-13,7,1
2025-11-10T20:34:49.016547,414,687,622,741,380,182,174,807,14322,-3208,-4574,5666,684,-1029,1493,-12,-5,8
2025-11-10T20:34:49.040086,418,735,570,767,425,180,173,780,14321,-3210,-4575,5666,675,-1008,1473,-20,-8,5
2025-11-10T20:34:49.062609,402,772,574,662,379,147,184,785,14320,-3216,-4574,5665,646,-1031,1460,-25,7,-3
2025-11-10T20:34:49.076891,364,749,575,597,368,144,180,719,14320,-3216,-4574,5665,680,-1050,1501,-3,14,-8
2025-11-10T20:34:49.099923,324,789,654,564,362,143,150,750,14320,-3216,-4574,5665,668,-1056,1478,-1,2,1
2025-11-10T20:34:49.122585,286,916,681,659,386,138,135,700,14316,-3219,-4576,5671,616,-1035,1463,-8,-39,20
2025-11-10T20:34:49.136783,294,854,677,560,322,138,135,671,14313,-3219,-4581,5675,657,-1025,1472,-12,-42,15
2025-11-10T20:34:49.160427,339,980,720,704,340,146,122,697,14304,-3234,-4591,5682,624,-1085,1465,-70,-63,36
2025-11-10T20:34:49.182595,342,922,684,689,361,144,119,703,14298,-3236,-4595,5692,681,-1077,1454,12,-34,56
2025-11-10T20:34:49.196865,340,932,690,785,460,155,115,678,14293,-3236,-4597,5704,686,-1029,1468,4,-29,69
2025-11-10T20:34:49.219767,333,827,699,739,450,145,112,699,14288,-3239,-4595,5715,695,-1060,1500,0,2,73
2025-11-10T20:34:49.242637,327,886,784,772,490,156,134,710,14286,-3240,-4588,5725,696,-1044,1535,7,18,65
2025-11-10T20:34:49.257086,299,789,736,635,510,154,136,657,14284,-3245,-4584,5731,674,-1054,1534,-27,7,42
2025-11-10T20:34:49.280124,278,822,726,674,501,143,151,685,14284,-3244,-4584,5730,712,-1035,1534,7,6,14
2025-11-10T20:34:49.302584,294,896,736,586,408,144,199,676,14285,-3244,-4585,5730,723,-1052,1514,-3,-7,6
2025-11-10T20:34:49.316340,286,881,728,577,446,152,222,709,14286,-3238,-4585,5730,680,-1053,1473,34,-5,-12
2025-11-10T20:34:49.340190,272,762,597,573,461,141,208,695,14285,-3234,-4591,5730,701,-1069,1445,23,-25,-10
2025-11-10T20:34:49.363210,261,741,593,571,422,152,229,652,14282,-3235,-4593,5734,655,-1038,1450,1,-18,18
2025-11-10T20:34:49.376938,278,814,604,572,410,168,236,621,14280,-3235,-4600,5733,705,-1059,1462,-6,-29,-3
2025-11-10T20:34:49.400131,240,718,543,629,418,163,201,568,14280,-3232,-4603,5734,680,-1059,1458,19,-14,-6
2025-11-10T20:34:49.422392,221,785,510,609,389,159,194,518,14279,-3232,-4605,5734,642,-1008,1413,-5,-17,-7
2025-11-10T20:34:49.436876,218,915,604,654,349,153,191,516,14275,-3239,-4611,5734,675,-1074,1432,-24,-17,7
2025-11-10T20:34:49.461040,228,889,620,715,370,139,164,635,14275,-3239,-4612,5734,702,-1071,1471,-2,6,9
2025-11-10T20:34:49.480436,195,772,706,721,409,163,144,584,14275,-3239,-4608,5738,660,-1009,1473,0,9,24
2025-11-10T20:34:49.502863,220,810,825,694,412,169,134,585,14272,-3250,-4612,5736,681,-1044,1481,-70,-5,9
2025-11-10T20:34:49.519010,261,829,846,685,409,168,147,605,14267,-3258,-4618,5739,676,-1078,1512,-52,-34,26
2025-11-10T20:34:49.542677,270,792,795,597,392,171,158,634,14266,-3256,-4618,5743,668,-1099,1500,24,-18,5
2025-11-10T20:34:49.565482,255,799,757,554,371,176,158,507,14266,-3248,-4619,5746,702,-1032,1509,19,-24,8
2025-11-10T20:34:49.580071,238,811,735,545,323,134,150,545,14265,-3253,-4621,5746,691,-1031,1506,-44,-3,16
2025-11-10T20:34:49.602548,252,814,635,569,378,129,179,621,14264,-3263,-4613,5747,628,-1093,1493,-22,29,6
2025-11-10T20:34:49.625080,220,774,612,568,369,126,157,657,14264,-3267,-4617,5742,708,-1085,1475,-25,7,-19
2025-11-10T20:34:49.640084,216,713,605,624,366,131,145,638,14262,-3271,-4615,5746,664,-1090,1464,8,7,23
2025-11-10T20:34:49.662643,218,719,603,684,373,129,150,646,14262,-3271,-4615,5746,663,-1047,1462,-2,3,5
2025-11-10T20:34:49.685080,237,722,539,637,395,130,167,693,14262,-3271,-4614,5746,663,-1056,1470,-6,7,10
2025-11-10T20:34:49.700112,223,683,585,639,341,130,148,704,14259,-3274,-4621,5747,676,-1070,1462,-22,-33,1
2025-11-10T20:34:49.722579,223,633,589,736,459,139,166,710,14256,-3275,-4626,5750,691,-1089,1451,8,-22,16
2025-11-10T20:34:49.745108,247,681,632,763,500,132,171,705,14257,-3269,-4624,5754,666,-1045,1445,41,-3,9
2025-11-10T20:34:49.760094,264,714,634,719,491,129,167,724,14253,-3279,-4624,5756,658,-1102,1458,-24,7,19
2025-11-10T20:34:49.781551,273,726,599,751,485,168,187,719,14249,-3280,-4628,5763,702,-1026,1503,-19,-13,33
2025-11-10T20:34:49.804374,265,664,676,806,557,171,183,634,14249,-3286,-4625,5763,666,-1035,1476,-39,18,13
2025-11-10T20:34:49.823460,273,698,676,765,559,169,178,653,14248,-3287,-4626,5763,696,-1109,1476,-13,7,13
2025-11-10T20:34:49.846083,250,669,707,804,527,175,172,638,14249,-3282,-4622,5766,661,-1057,1483,32,-2,3
2025-11-10T20:34:49.864397,252,628,694,768,546,178,177,688,14249,-3282,-4622,5766,688,-1062,1485,-15,-16,-2
2025-11-10T20:34:49.883593,294,762,728,739,567,161,155,645,14250,-3279,-4620,5767,662,-1065,1464,25,1,-6
2025-11-10T20:34:49.906113,289,800,561,682,503,187,152,660,14252,-3275,-4621,5765,678,-1061,1470,17,-9,-18
2025-11-10T20:34:49.924116,289,774,626,634,427,185,145,601,14251,-3276,-4624,5763,668,-1056,1459,-12,-13,-18
2025-11-10T20:34:49.943649,315,788,526,480,419,179,176,649,14251,-3276,-4625,5762,692,-1090,1448,6,-5,-15
2025-11-10T20:34:49.968013,328,768,570,527,392,181,172,595,14251,-3276,-4625,5762,682,-1052,1452,-8,-4,1
2025-11-10T20:34:49.984439,271,568,511,534,382,167,162,544,14251,-3276,-4625,5762,667,-1054,1472,-11,1,-2
2025-11-10T20:34:50.003723,268,546,498,484,356,131,169,536,14251,-3276,-4629,5758,701,-1069,1459,-5,-6,-21
2025-11-10T20:34:50.026294,272,560,444,488,304,121,159,500,14250,-3279,-4635,5756,687,-1065,1453,-24,-17,-10
2025-11-10T20:34:50.044606,260,604,608,582,385,167,137,519,14250,-3279,-4635,5756,679,-1075,1474,-10,-3,-4
2025-11-10T20:34:50.063734,213,641,623,604,402,180,146,480,14250,-3279,-4635,5756,677,-1075,1476,4,-3,-15
2025-11-10T20:34:50.086213,205,648,663,597,368,177,142,488,14249,-3280,-4635,5756,667,-1067,1471,8,-9,-12
2025-11-10T20:34:50.104155,202,600,667,585,371,169,138,522,14249,-3280,-4635,5756,681,-1065,1465,-6,-14,-11
2025-11-10T20:34:50.127651,177,604,619,591,374,175,178,558,14248,-3281,-4638,5756,665,-1045,1468,-19,-21,-4
2025-11-10T20:34:50.146188,163,557,500,547,301,157,181,478,14248,-3283,-4644,5752,689,-1076,1487,-28,-23,-22
2025-11-10T20:34:50.165305,158,496,505,506,269,142,175,468,14247,-3281,-4650,5750,687,-1072,1463,-1,-29,-19
2025-11-10T20:34:50.183760,164,525,523,483,260,139,190,475,14245,-3280,-4659,5747,697,-1056,1467,-19,-39,-18
2025-11-10T20:34:50.206158,172,546,509,462,233,139,228,449,14242,-3282,-4671,5744,707,-1091,1443,-25,-42,-21
2025-11-10T20:34:50.224393,163,500,550,446,273,152,232,415,14241,-3276,-4674,5748,669,-1007,1479,4,-44,11
2025-11-10T20:34:50.243896,161,462,607,471,313,123,225,433,14243,-3281,-4674,5740,628,-998,1461,-61,-5,-38
2025-11-10T20:34:50.266230,157,441,610,473,313,112,218,424,14238,-3298,-4692,5729,712,-1120,1410,-104,-31,-43
2025-11-10T20:34:50.284153,151,426,584,475,307,110,233,434,14234,-3300,-4708,5723,752,-1146,1449,-21,-46,-33
2025-11-10T20:34:50.303653,132,409,701,516,317,110,192,362,14233,-3302,-4721,5715,747,-1059,1421,-42,-24,-29
2025-11-10T20:34:50.326153,131,439,718,677,430,137,150,283,14233,-3300,-4727,5710,759,-966,1559,-82,-27,0
2025-11-10T20:34:50.344610,85,346,642,684,405,142,145,225,14234,-3313,-4741,5688,709,-1022,1403,-129,-1,-90
2025-11-10T20:34:50.366914,115,385,572,666,400,148,173,226,14228,-3327,-4769,5672,770,-1120,1392,-119,-65,-67
2025-11-10T20:34:50.386229,144,385,587,668,402,153,145,159,14222,-3341,-4784,5666,703,-1193,1418,-60,-43,-36
2025-11-10T20:34:50.404397,161,409,582,646,397,151,142,157,14239,-3326,-4771,5643,827,-1068,1492,67,124,-118
2025-11-10T20:34:50.426917,166,360,570,515,265,118,137,124,14252,-3338,-4753,5618,768,-989,1428,-79,192,-72
2025-11-10T20:34:50.446370,163,349,562,427,241,146,139,122,14253,-3383,-4753,5588,773,-1084,1395,-251,164,-54
2025-11-10T20:34:50.464496,147,304,568,433,253,147,109,106,14248,-3430,-4761,5567,733,-1175,1368,-229,90,-34
2025-11-10T20:34:50.484547,115,251,512,421,249,141,93,93,14243,-3463,-4770,5550,676,-1042,1354,-205,37,-31
2025-11-10T20:34:50.501912,91,152,393,417,281,153,96,91,14241,-3503,-4777,5525,654,-985,1372,-282,57,-49
2025-11-10T20:34:50.523323,72,163,435,459,264,142,93,128,14233,-3568,-4789,5493,671,-1145,1365,-369,91,-70
2025-11-10T20:34:50.546930,75,174,478,528,266,105,84,129,14236,-3612,-4782,5462,697,-1135,1382,-227,164,-77
2025-11-10T20:34:50.573626,71,175,477,554,263,102,72,128,14234,-3664,-4781,5434,617,-1109,1321,-282,121,-68
2025-11-10T20:34:50.584422,73,173,511,559,271,106,71,128,14227,-3722,-4795,5400,658,-1142,1341,-347,65,-87
2025-11-10T20:34:50.607064,60,161,477,548,243,103,58,115,14217,-3780,-4814,5370,649,-1144,1313,-352,39,-69
2025-11-10T20:34:50.626001,58,138,368,454,213,100,54,86,14211,-3833,-4825,5340,645,-1140,1348,-333,61,-77
2025-11-10T20:34:50.644494,57,134,395,400,275,105,64,87,14209,-3888,-4823,5305,624,-1168,1452,-345,111,-96
2025-11-10T20:34:50.666734,51,127,428,373,283,100,62,86,14214,-3935,-4816,5264,703,-1220,1410,-272,181,-126
2025-11-10T20:34:50.686193,48,116,471,373,294,96,59,88,14215,-3985,-4818,5222,686,-1181,1340,-304,141,-123
2025-11-10T20:34:50.704260,55,109,487,430,284,87,62,86,14203,-4064,-4837,5175,696,-1261,1278,-455,112,-116
2025-11-10T20:34:50.726690,54,120,503,441,287,88,61,66,14196,-4129,-4849,5131,764,-1280,1299,-374,150,-101
2025-11-10T20:34:50.746001,51,97,527,418,200,80,52,55,14195,-4189,-4844,5090,685,-1187,1332,-357,184,-88
2025-11-10T20:34:50.764802,51,99,559,445,234,82,52,65,14195,-4261,-4834,5041,627,-1249,1317,-400,227,-124
2025-11-10T20:34:50.786794,49,102,499,474,303,88,49,61,14183,-4357,-4837,4990,718,-1362,1223,-486,240,-82
2025-11-10T20:34:50.806001,43,109,471,414,313,92,46,61,14182,-4422,-4823,4949,744,-1328,1252,-310,275,-59
2025-11-10T20:34:50.824089,45,95,464,423,334,99,50,63,14176,-4494,-4811,4911,660,-1246,1188,-363,249,-35
2025-11-10T20:34:50.847757,51,110,458,432,421,111,51,64,14172,-4565,-4803,4866,671,-1172,1225,-420,241,-60
2025-11-10T20:34:50.866066,57,123,495,419,435,118,61,53,14166,-4656,-4797,4801,649,-1306,1272,-530,272,-159
2025-11-10T20:34:50.884273,56,121,486,388,385,116,61,50,14154,-4755,-4795,4743,681,-1440,1200,-515,266,-111
2025-11-10T20:34:50.907518,52,116,483,370,397,118,60,46,14153,-4816,-4780,4699,705,-1337,1203,-305,276,-71
2025-11-10T20:34:50.925896,53,119,469,345,404,126,57,43,14147,-4892,-4759,4658,608,-1249,1186,-409,282,-31
2025-11-10T20:34:50.944455,45,107,410,341,350,121,61,41,14140,-4985,-4743,4598,632,-1296,1226,-536,315,-95
2025-11-10T20:34:50.967153,35,73,241,333,306,114,55,35,14135,-5088,-4723,4522,592,-1303,1135,-569,385,-166
2025-11-10T20:34:50.981259,34,70,227,339,304,129,54,32,14135,-5181,-4695,4443,639,-1421,1264,-525,418,-186
2025-11-10T20:34:51.002379,36,72,255,358,283,127,53,33,14141,-5254,-4664,4369,597,-1389,1258,-418,384,-211
2025-11-10T20:34:51.026547,30,68,263,354,263,128,60,36,14148,-5323,-4637,4293,622,-1465,1252,-388,374,-231
2025-11-10T20:34:51.046339,34,73,331,378,209,124,64,34,14143,-5408,-4624,4215,551,-1350,1085,-490,322,-232
2025-11-10T20:34:51.064407,37,78,402,337,201,126,65,36,14120,-5530,-4620,4138,621,-1555,1099,-662,319,-162
2025-11-10T20:34:51.086937,38,84,460,305,208,128,66,39,14089,-5647,-4628,4079,601,-1515,1001,-628,218,-91
2025-11-10T20:34:51.105765,41,87,468,377,240,207,74,42,14059,-5754,-4624,4033,545,-1563,1008,-541,211,-50
2025-11-10T20:34:51.124072,41,83,465,383,245,213,76,38,14038,-5858,-4606,3978,532,-1417,1115,-603,288,-53
2025-11-10T20:34:51.146886,42,85,414,377,246,216,74,39,14011,-5965,-4588,3934,483,-1523,1256,-654,218,-26
2025-11-10T20:34:51.167067,41,91,377,493,257,222,72,38,13982,-6071,-4576,3892,490,-1510,1301,-688,180,-16
2025-11-10T20:34:51.184353,42,94,406,517,240,211,71,34,13950,-6161,-4579,3860,438,-1530,1150,-569,63,-39
2025-11-10T20:34:51.206849,36,87,382,456,206,129,64,32,13925,-6242,-4579,3822,473,-1552,1138,-513,105,-74
2025-11-10T20:34:51.226054,37,88,388,451,163,104,61,31,13889,-6345,-4579,3782,383,-1517,917,-571,132,-60
2025-11-10T20:34:51.244533,37,88,384,416,151,126,59,31,13848,-6476,-4562,3729,374,-1523,843,-694,274,-36
2025-11-10T20:34:51.266897,36,90,424,265,138,131,59,32,13807,-6620,-4525,3672,441,-1736,921,-726,403,11
2025-11-10T20:34:51.286209,40,92,334,288,261,147,64,36,13787,-6722,-4468,3633,407,-1634,1128,-557,395,61
2025-11-10T20:34:51.304374,42,94,394,324,281,158,77,37,13757,-6823,-4428,3608,291,-1491,977,-560,259,76
2025-11-10T20:34:51.327030,44,100,440,313,279,165,76,39,13699,-6965,-4410,3580,395,-1617,957,-817,205,141
2025-11-10T20:34:51.346512,42,92,435,325,287,141,70,37,13636,-7110,-4387,3564,295,-1703,895,-788,180,169
2025-11-10T20:34:51.364111,41,93,459,367,285,166,68,36,13581,-7239,-4354,3553,218,-1710,841,-663,195,157
2025-11-10T20:34:51.402607,38,87,504,344,189,166,66,34,13521,-7379,-4328,3527,307,-1789,835,-755,227,131
2025-11-10T20:34:51.409475,35,83,467,342,192,167,55,31,13466,-7503,-4300,3510,342,-1750,945,-727,204,180
2025-11-10T20:34:51.424430,36,75,461,351,205,169,61,31,13422,-7594,-4278,3510,262,-1720,911,-531,91,152
2025-11-10T20:34:51.447173,34,76,460,329,200,183,67,32,13359,-7704,-4280,3508,375,-1808,912,-696,8,181
2025-11-10T20:34:51.469296,36,66,369,276,189,169,70,30,13294,-7815,-4281,3509,366,-1935,910,-684,2,183
2025-11-10T20:34:51.484356,35,57,367,284,196,178,75,30,13240,-7913,-4274,3500,399,-1981,899,-604,75,148
2025-11-10T20:34:51.506887,37,59,385,290,180,202,74,33,13187,-8010,-4264,3490,386,-1891,877,-615,94,159
2025-11-10T20:34:51.529383,35,58,353,334,180,212,65,29,13132,-8107,-4255,3487,336,-1860,824,-609,56,175
2025-11-10T20:34:51.544342,35,67,397,382,186,223,61,27,13070,-8202,-4262,3487,414,-2017,853,-630,-22,178
2025-11-10T20:34:51.567655,32,62,414,382,183,224,59,28,13021,-8271,-4268,3499,414,-2002,835,-465,-60,181
2025-11-10T20:34:51.589342,30,58,365,357,187,223,49,29,12988,-8315,-4273,3514,418,-1958,843,-324,-72,158
2025-11-10T20:34:51.608849,31,64,462,324,184,223,44,30,12955,-8362,-4274,3523,398,-1850,822,-354,-35,151
2025-11-10T20:34:51.626637,30,65,448,295,173,230,46,30,12906,-8431,-4287,3521,410,-1957,693,-459,-35,117
2025-11-10T20:34:51.649084,31,65,414,291,169,241,45,33,12864,-8491,-4296,3519,454,-2000,667,-380,-14,125
2025-11-10T20:34:51.668757,31,67,462,314,173,227,49,33,12830,-8540,-4304,3516,421,-1972,601,-293,-6,86
2025-11-10T20:34:51.686575,33,74,472,321,245,228,55,35,12798,-8587,-4310,3512,443,-1948,639,-306,7,105
2025-11-10T20:34:51.709418,30,67,356,420,261,207,59,33,12770,-8628,-4308,3514,325,-1859,607,-254,5,84
2025-11-10T20:34:51.728766,30,72,408,409,260,199,61,34,12735,-8673,-4325,3510,363,-1992,608,-310,-60,25
2025-11-10T20:34:51.746917,29,63,390,390,259,196,67,33,12700,-8716,-4344,3508,384,-2045,567,-277,-77,31
2025-11-10T20:34:51.769658,32,71,361,372,268,218,63,32,12678,-8740,-4360,3509,404,-2012,555,-155,-65,27
2025-11-10T20:34:51.784465,31,70,420,383,190,214,60,32,12647,-8785,-4357,3511,362,-2145,607,-261,8,95
2025-11-10T20:34:51.806930,30,70,427,279,142,223,60,31,12606,-8860,-4312,3526,319,-2027,558,-352,175,330
2025-11-10T20:34:51.829078,30,67,395,337,179,225,58,31,12595,-8891,-4266,3540,233,-1783,593,-131,155,220
2025-11-10T20:34:51.849747,32,75,470,338,183,198,52,30,12561,-8946,-4253,3541,233,-1896,515,-311,59,116
2025-11-10T20:34:51.866687,30,66,449,451,164,172,48,29,12519,-9004,-4256,3537,370,-2234,507,-333,19,106
2025-11-10T20:34:51.889332,25,61,504,486,171,179,42,24,12512,-9018,-4241,3546,320,-2085,533,-31,43,101
2025-11-10T20:34:51.908644,27,63,491,483,197,162,35,25,12503,-9032,-4227,3560,238,-1890,548,-70,6,98
2025-11-10T20:34:51.926756,27,62,506,484,165,139,40,24,12474,-9074,-4223,3557,262,-1980,495,-252,33,68
2025-11-10T20:34:51.949655,23,53,452,516,164,133,46,27,12447,-9109,-4233,3550,300,-2102,458,-211,-15,6
2025-11-10T20:34:51.965696,24,49,445,432,171,136,52,29,12429,-9128,-4247,3549,330,-2092,483,-130,-57,1
2025-11-10T20:34:51.984638,26,48,308,419,159,101,54,31,12416,-9136,-4266,3550,355,-2050,503,-84,-92,-15
2025-11-10T20:34:52.007424,26,44,311,428,168,95,54,30,12410,-9137,-4286,3546,380,-2057,518,-56,-75,-43
2025-11-10T20:34:52.022410,29,53,352,448,188,102,52,31,12415,-9124,-4300,3546,306,-2014,518,51,-71,-80
2025-11-10T20:34:52.046923,31,50,357,455,180,98,46,31,12421,-9103,-4323,3547,306,-2013,510,79,-119,-124
2025-11-10T20:34:52.069386,31,53,357,460,181,90,49,32,12422,-9090,-4349,3547,340,-2065,462,62,-122,-106
2025-11-10T20:34:52.083989,30,49,347,422,189,90,52,32,12430,-9065,-4370,3556,320,-2020,472,144,-134,-87
2025-11-10T20:34:52.106936,30,50,367,406,162,88,51,32,12438,-9042,-4392,3561,354,-1976,463,128,-118,-89
2025-11-10T20:34:52.129065,25,34,282,352,155,74,51,31,12441,-9030,-4409,3562,299,-1929,414,86,-85,-89
2025-11-10T20:34:52.144421,25,33,273,284,157,78,49,28,12439,-9028,-4423,3554,305,-1963,385,36,-38,-105
2025-11-10T20:34:52.166333,28,40,355,356,156,80,41,29,12439,-9022,-4440,3549,347,-1967,423,39,-53,-87
2025-11-10T20:34:52.189381,27,42,346,360,154,91,39,25,12432,-9025,-4455,3547,368,-2010,413,3,-57,-44
2025-11-10T20:34:52.204444,29,41,322,370,143,98,44,27,12438,-9010,-4463,3554,368,-1954,515,75,-65,-20
2025-11-10T20:34:52.226641,30,39,322,360,132,106,44,28,12442,-8999,-4469,3558,313,-1918,468,73,-47,-45
2025-11-10T20:34:52.249512,32,42,337,405,133,104,46,31,12437,-8999,-4487,3554,371,-1983,480,-22,-70,-63
2025-11-10T20:34:52.264200,29,37,338,330,124,100,46,29,12432,-9002,-4499,3553,403,-2028,480,-25,-43,-19
2025-11-10T20:34:52.286523,45,37,373,350,127,102,53,32,12435,-8996,-4500,3556,367,-2018,480,61,-16,-5
2025-11-10T20:34:52.309395,55,39,375,354,149,103,50,32,12446,-8980,-4492,3566,328,-1915,527,109,-5,9
2025-11-10T20:34:52.331432,106,103,408,498,160,98,53,31,12456,-8962,-4492,3576,342,-1910,542,104,-43,-5
2025-11-10T20:34:52.347281,156,141,403,538,160,100,56,33,12445,-8973,-4503,3570,392,-2058,452,-60,-21,-26
2025-11-10T20:34:52.369936,209,170,377,567,162,98,61,32,12450,-8963,-4509,3571,445,-2030,495,72,-21,-1
2025-11-10T20:34:52.392314,215,198,360,575,170,83,57,33,12461,-8943,-4505,3591,358,-1878,467,169,-50,55
2025-11-10T20:34:52.406865,216,200,359,580,156,67,55,32,12458,-8938,-4508,3608,318,-1888,449,62,-76,39
2025-11-10T20:34:52.429129,198,179,343,541,140,58,50,33,12459,-8933,-4509,3615,373,-1958,514,40,-32,23
2025-11-10T20:34:52.452008,161,151,336,464,137,57,49,29,12468,-8920,-4500,3629,348,-1947,486,136,-6,46
2025-11-10T20:34:52.468466,84,121,283,427,143,63,44,29,12480,-8907,-4484,3638,308,-1855,511,121,40,37
2025-11-10T20:34:52.487067,61,76,269,514,126,71,40,24,12487,-8903,-4467,3648,281,-1874,538,65,34,47
2025-11-10T20:34:52.510276,46,69,294,511,119,73,39,25,12488,-8906,-4453,3651,300,-1969,502,31,54,24
2025-11-10T20:34:52.525089,39,62,316,423,114,73,41,23,12493,-8904,-4444,3651,358,-1982,526,44,43,23
2025-11-10T20:34:52.549712,36,59,300,453,127,64,35,24,12496,-8901,-4437,3657,357,-1957,530,50,18,39
2025-11-10T20:34:52.571775,30,50,294,459,115,65,32,24,12500,-8896,-4429,3662,355,-1919,543,42,16,38
2025-11-10T20:34:52.586668,24,33,329,326,138,66,35,26,12506,-8890,-4423,3667,340,-1886,561,38,9,25
2025-11-10T20:34:52.609267,22,37,302,306,141,66,47,25,12500,-8899,-4423,3665,360,-1991,536,-49,10,18
2025-11-10T20:34:52.631466,23,37,289,317,138,65,48,23,12502,-8897,-4419,3668,365,-2006,545,34,11,25
2025-11-10T20:34:52.646743,24,37,293,300,127,63,46,23,12508,-8892,-4409,3671,330,-1996,507,83,39,15
2025-11-10T20:34:52.669379,22,38,289,300,131,57,48,21,12519,-8881,-4398,3672,349,-1969,559,93,44,9
2025-11-10T20:34:52.691941,24,34,261,283,101,46,46,20,12527,-8871,-4389,3678,291,-1933,529,98,14,2
2025-11-10T20:34:52.706933,24,30,285,285,100,44,35,22,12526,-8871,-4387,3685,297,-1917,549,7,-22,16
2025-11-10T20:34:52.729339,26,37,258,318,101,43,32,24,12519,-8878,-4390,3689,315,-1988,518,-22,-24,13
2025-11-10T20:34:52.751936,26,45,320,294,96,43,33,22,12524,-8871,-4387,3693,337,-1991,572,48,-6,5
2025-11-10T20:34:52.766745,27,47,316,290,95,45,32,23,12527,-8865,-4383,3703,298,-1951,545,64,-21,19
2025-11-10T20:34:52.793676,25,47,302,300,120,46,33,22,12534,-8852,-4378,3715,283,-1876,569,87,-29,16
2025-11-10T20:34:52.811936,27,50,294,358,120,47,37,24,12531,-8849,-4390,3719,350,-1924,510,17,-69,-11
2025-11-10T20:34:52.827208,24,48,338,326,147,48,37,25,12519,-8856,-4410,3718,414,-2068,515,-58,-76,-13
2025-11-10T20:34:52.849131,24,46,292,332,145,48,38,27,12517,-8853,-4421,3720,371,-1947,523,16,-49,-11
2025-11-10T20:34:52.871900,25,50,302,332,143,47,37,25,12520,-8843,-4424,3729,326,-1890,541,61,-52,7
2025-11-10T20:34:52.886875,26,53,351,349,162,44,32,25,12520,-8837,-4426,3741,299,-1880,508,55,-52,21
2025-11-10T20:34:52.909393,25,49,355,277,167,44,27,23,12521,-8832,-4431,3745,355,-1939,506,50,-34,-3
2025-11-10T20:34:52.931796,25,48,318,284,148,43,27,22,12520,-8827,-4440,3748,392,-1951,505,41,-44,7
2025-11-10T20:34:52.946764,29,56,353,286,168,41,24,27,12516,-8831,-4443,3751,362,-1955,502,2,-16,22
2025-11-10T20:34:52.971114,28,52,398,404,175,42,24,27,12507,-8843,-4447,3747,355,-1932,535,-81,-3,8
2025-11-10T20:34:52.991660,28,52,360,386,156,41,24,27,12502,-8855,-4440,3743,333,-1902,542,-65,51,25
2025-11-10T20:34:53.004659,29,52,344,396,155,39,24,27,12501,-8862,-4433,3739,323,-1930,556,-35,45,10
2025-11-10T20:34:53.029353,29,52,324,378,155,39,27,29,12501,-8866,-4427,3737,334,-1931,548,-15,39,13
2025-11-10T20:34:53.051523,25,43,261,368,207,51,28,24,12498,-8873,-4424,3731,346,-1962,555,-47,36,0
2025-11-10T20:34:53.071239,24,47,250,241,216,58,29,24,12503,-8877,-4415,3719,366,-1967,567,-14,87,-8
2025-11-10T20:34:53.089349,24,47,261,247,214,58,29,26,12505,-8889,-4405,3694,370,-1948,539,-67,141,-47
2025-11-10T20:34:53.111853,26,51,268,248,209,58,30,25,12511,-8903,-4389,3659,383,-1966,526,-63,210,-67
2025-11-10T20:34:53.127019,25,51,283,251,206,60,41,26,12523,-8915,-4362,3621,331,-1914,527,-31,266,-81
2025-11-10T20:34:53.149689,26,52,306,249,143,52,45,27,12537,-8925,-4331,3586,246,-1884,512,-6,257,-99
2025-11-10T20:34:53.180114,26,47,253,223,117,44,48,28,12546,-8937,-4309,3550,253,-1881,527,-51,222,-123
2025-11-10T20:34:53.186957,25,47,245,278,98,42,52,27,12544,-8954,-4300,3525,271,-1902,578,-132,121,-85
2025-11-10T20:34:53.209355,23,45,239,282,98,38,51,26,12532,-8978,-4303,3502,335,-1997,571,-187,61,-66
2025-11-10T20:34:53.231437,28,47,237,270,169,70,47,25,12528,-8990,-4301,3488,343,-2035,595,-102,52,-40
2025-11-10T20:34:53.246859,26,42,224,274,174,74,48,24,12535,-8988,-4293,3478,279,-1958,564,11,59,-66
2025-11-10T20:34:53.269358,27,51,267,319,169,74,44,25,12534,-8992,-4300,3464,381,-1957,570,-69,19,-54
2025-11-10T20:34:53.300095,27,52,304,289,172,76,39,24,12530,-9000,-4305,3452,392,-2035,553,-70,24,-37
2025-11-10T20:34:53.314283,32,55,328,290,188,82,40,26,12537,-8995,-4301,3443,339,-2003,546,32,42,-56
2025-11-10T20:34:53.329371,28,52,319,288,145,63,33,27,12547,-8984,-4298,3438,300,-1898,505,82,29,-62
2025-11-10T20:34:53.351669,28,52,324,297,130,55,26,25,12551,-8979,-4306,3429,345,-1930,492,31,-3,-78
2025-11-10T20:34:53.374067,27,42,277,279,132,56,30,24,12547,-8984,-4316,3417,380,-1970,467,-24,1,-59
2025-11-10T20:34:53.396907,28,39,244,265,132,53,32,25,12546,-8986,-4319,3411,345,-1982,471,10,7,-45
2025-11-10T20:34:53.411561,27,41,260,277,133,51,33,24,12548,-8986,-4317,3405,327,-1949,487,23,30,-40
2025-11-10T20:34:53.442679,27,40,266,312,138,47,34,25,12551,-8983,-4313,3406,275,-1854,500,36,7,-25
2025-11-10T20:34:53.449481,27,40,273,310,137,50,31,27,12545,-8993,-4322,3394,369,-1940,487,-71,7,-52
2025-11-10T20:34:53.471713,28,40,273,285,137,47,28,28,12538,-9003,-4330,3381,419,-2011,493,-69,19,-34
2025-11-10T20:34:53.492267,26,42,300,272,130,46,25,29,12541,-9002,-4325,3378,351,-1941,494,30,33,-10
2025-11-10T20:34:53.507574,24,40,263,249,144,51,23,28,12540,-9007,-4320,3375,326,-1920,488,-7,35,-5
2025-11-10T20:34:53.531345,24,39,267,205,133,50,23,28,12536,-9014,-4315,3377,307,-1912,512,-33,10,11
2025-11-10T20:34:53.554151,24,40,261,185,137,56,34,30,12527,-9026,-4319,3374,339,-1951,500,-78,-12,-10
2025-11-10T20:34:53.576849,24,39,264,204,140,58,42,30,12521,-9033,-4323,3371,364,-1960,515,-52,-7,-9
2025-11-10T20:34:53.591921,23,35,208,223,144,59,43,29,12519,-9035,-4327,3367,376,-1967,504,-18,-3,-19
2025-11-10T20:34:53.614440,22,30,212,233,102,50,43,28,12519,-9035,-4327,3367,357,-1970,503,-13,-2,-4
2025-11-10T20:34:53.629723,23,36,275,313,101,48,43,26,12519,-9036,-4327,3368,319,-1955,500,2,-1,3
2025-11-10T20:34:53.651699,22,33,249,324,92,41,39,22,12513,-9043,-4326,3370,326,-1960,475,-20,-6,11
2025-11-10T20:34:53.674315,21,36,252,310,88,37,32,21,12513,-9043,-4326,3370,357,-1982,507,-16,-3,10
2025-11-10T20:34:53.689246,22,37,253,299,86,37,29,19,12512,-9043,-4324,3377,336,-1957,498,19,-14,21
2025-11-10T20:34:53.720074,22,38,237,286,102,34,28,19,12514,-9042,-4317,3383,316,-1951,521,27,3,23
2025-11-10T20:34:53.734462,20,34,141,195,143,41,30,20,12519,-9034,-4312,3393,330,-1931,541,54,-17,26
2025-11-10T20:34:53.749672,22,37,138,171,161,42,27,21,12528,-9021,-4310,3396,347,-1974,511,100,-5,-17
2025-11-10T20:34:53.780014,21,37,143,232,166,41,26,20,12532,-9011,-4317,3399,409,-2070,494,80,-33,-15
2025-11-10T20:34:53.794247,22,38,242,232,170,43,27,20,12537,-9000,-4322,3401,390,-1935,512,70,-28,-11
2025-11-10T20:34:53.809298,20,39,254,250,177,44,29,20,12536,-8997,-4327,3409,359,-1953,526,15,-50,15
2025-11-10T20:34:53.832131,24,43,277,413,147,43,30,21,12537,-8996,-4322,3413,358,-1925,535,11,6,31
2025-11-10T20:34:53.854517,23,41,302,469,152,39,28,19,12536,-8999,-4314,3418,350,-1940,522,7,22,51
2025-11-10T20:34:53.869300,28,48,299,450,147,42,28,22,12540,-8996,-4304,3424,334,-1935,507,53,27,40
2025-11-10T20:34:53.900086,28,48,263,450,151,44,28,23,12545,-8989,-4296,3435,314,-1906,512,74,-4,37
2025-11-10T20:34:53.914302,32,47,269,465,133,49,28,23,12546,-8987,-4290,3443,301,-1888,537,25,-9,29
2025-11-10T20:34:53.929361,32,44,241,357,123,45,25,26,12545,-8987,-4290,3448,317,-1931,549,-9,-22,8
2025-11-10T20:34:53.951775,32,42,214,312,105,49,27,27,12547,-8984,-4291,3447,379,-1975,545,17,1,-7
2025-11-10T20:34:53.975121,30,38,301,313,123,48,28,25,12552,-8977,-4291,3446,377,-1959,535,43,8,-5
2025-11-10T20:34:53.996906,30,39,280,317,119,49,33,28,12557,-8972,-4287,3445,368,-1961,530,47,22,1
2025-11-10T20:34:54.011849,26,40,263,357,116,42,34,31,12562,-8969,-4284,3439,350,-1963,537,28,39,-27
2025-11-10T20:34:54.042615,22,36,269,335,113,42,34,29,12565,-8969,-4285,3429,364,-1968,508,10,31,-47
2025-11-10T20:34:54.049512,22,38,276,306,95,37,42,30,12567,-8968,-4288,3419,377,-1959,520,10,27,-43
2025-11-10T20:34:54.071518,21,36,195,408,68,38,44,29,12570,-8967,-4288,3411,345,-1952,506,18,25,-45
2025-11-10T20:34:54.094434,21,34,178,406,115,33,43,26,12570,-8970,-4289,3404,330,-1935,507,-7,24,-45
2025-11-10T20:34:54.109361,22,32,181,367,117,34,45,22,12568,-8974,-4295,3392,348,-1942,484,-20,12,-66
2025-11-10T20:34:54.131771,23,36,187,434,117,33,50,21,12564,-8980,-4306,3374,408,-1989,487,-47,23,-78
2025-11-10T20:34:54.154132,24,36,191,434,120,33,44,21,12563,-8986,-4311,3358,375,-1992,481,-24,36,-76
2025-11-10T20:34:54.184776,24,35,236,345,119,30,42,21,12568,-8983,-4308,3349,336,-1949,514,29,43,-53
2025-11-10T20:34:54.191667,25,41,259,346,111,33,39,22,12572,-8979,-4303,3353,290,-1922,524,42,0,-20
2025-11-10T20:34:54.214407,26,42,270,414,124,35,35,22,12574,-8973,-4303,3364,296,-1885,530,43,-49,8
2025-11-10T20:34:54.236839,26,41,306,392,135,35,28,21,12572,-8971,-4306,3370,334,-1961,525,16,-36,-1
2025-11-10T20:34:54.251741,25,44,347,396,143,36,27,23,12576,-8964,-4305,3376,352,-1988,537,59,-22,2
2025-11-10T20:34:54.274308,25,47,342,392,144,37,27,23,12584,-8954,-4298,3380,343,-1928,539,82,16,7
2025-11-10T20:34:54.296886,25,45,332,405,114,38,26,24,12589,-8948,-4291,3386,362,-1961,558,52,10,26
2025-11-10T20:34:54.311869,23,46,323,330,102,38,27,26,12597,-8940,-4280,3395,323,-1943,593,63,14,34
2025-11-10T20:34:54.334861,26,68,298,261,94,49,29,27,12602,-8933,-4271,3402,311,-1943,577,51,5,17
2025-11-10T20:34:54.356886,36,92,298,258,124,62,31,26,12612,-8918,-4267,3408,335,-1914,621,72,-14,-5
2025-11-10T20:34:54.372289,39,111,348,306,122,63,34,27,12620,-8904,-4276,3407,379,-1991,598,60,-41,-57
2025-11-10T20:34:54.394329,40,111,432,286,122,63,35,27,12624,-8895,-4285,3404,385,-1954,585,28,-33,-47
2025-11-10T20:34:54.416933,42,113,434,290,129,65,34,27,12630,-8884,-4290,3403,351,-1958,592,45,-29,-54
2025-11-10T20:34:54.432156,40,102,427,333,142,57,32,24,12638,-8868,-4297,3407,334,-1910,601,70,-57,-52
2025-11-10T20:34:54.454424,31,81,383,329,107,49,30,24,12646,-8851,-4309,3406,359,-1902,573,76,-61,-79
2025-11-10T20:34:54.476570,28,55,322,268,112,47,26,23,12651,-8838,-4324,3403,408,-1907,561,44,-58,-64
2025-11-10T20:34:54.489130,30,57,352,284,117,47,24,22,12654,-8829,-4335,3400,399,-1933,560,40,-40,-51
2025-11-10T20:34:54.512500,28,62,375,254,139,46,27,24,12656,-8828,-4337,3393,383,-1930,526,23,21,-44
2025-11-10T20:34:54.536371,29,60,379,196,121,47,29,25,12666,-8818,-4334,3386,367,-1887,513,90,35,-49
2025-11-10T20:34:54.551925,29,57,381,187,118,38,25,23,12668,-8815,-4336,3383,357,-1850,510,31,7,-30
2025-11-10T20:34:54.575113,30,52,370,201,113,38,28,23,12665,-8820,-4339,3378,376,-1911,526,-16,9,-25
2025-11-10T20:34:54.597267,25,48,220,196,111,33,28,25,12666,-8823,-4333,3371,381,-1949,538,5,51,-10
2025-11-10T20:34:54.611386,26,46,233,223,101,37,25,22,12671,-8824,-4324,3363,386,-1928,552,19,73,-10
2025-11-10T20:34:54.634375,27,49,222,248,131,43,26,24,12677,-8822,-4318,3354,387,-1898,565,24,65,-28
2025-11-10T20:34:54.656894,27,56,217,254,134,45,29,25,12679,-8824,-4317,3343,417,-1936,562,-9,47,-31
2025-11-10T20:34:54.671894,25,56,211,254,135,44,27,22,12682,-8823,-4316,3335,422,-1968,575,4,37,-20
2025-11-10T20:34:54.694449,24,57,202,238,140,49,26,22,12690,-8814,-4312,3332,387,-1929,594,56,25,-23
2025-11-10T20:34:54.716908,22,47,143,276,123,42,27,23,12697,-8806,-4308,3335,353,-1880,600,51,2,-10
2025-11-10T20:34:54.731901,22,43,145,253,94,38,24,20,12698,-8805,-4308,3334,349,-1913,583,1,-4,-21
2025-11-10T20:34:54.754191,21,39,239,254,107,35,22,20,12698,-8804,-4309,3335,358,-1943,587,3,-10,-17
2025-11-10T20:34:54.776857,21,39,236,270,104,36,22,23,12700,-8800,-4307,3339,335,-1933,578,36,-16,-13
2025-11-10T20:34:54.791928,22,35,244,325,93,29,20,22,12705,-8792,-4302,3347,333,-1921,595,63,-11,3
2025-11-10T20:34:54.814417,24,42,240,268,97,32,21,23,12709,-8784,-4301,3358,334,-1888,592,56,-41,14
2025-11-10T20:34:54.836793,23,46,238,282,95,39,28,26,12709,-8776,-4306,3368,363,-1919,612,29,-67,8
2025-11-10T20:34:54.856183,24,42,152,277,87,43,29,27,12705,-8772,-4317,3379,374,-1957,602,7,-94,2
2025-11-10T20:34:54.874349,23,44,224,281,93,46,31,26,12701,-8771,-4330,3382,401,-1895,603,-28,-72,-12
2025-11-10T20:34:54.896888,23,49,233,304,90,48,33,26,12697,-8770,-4341,3386,417,-1917,590,-20,-65,4
2025-11-10T20:34:54.911955,24,47,248,316,96,48,30,24,12695,-8768,-4347,3388,415,-1930,582,2,-32,2
2025-11-10T20:34:54.934690,28,49,260,303,117,49,31,24,12703,-8757,-4343,3395,381,-1895,598,77,-6,18
2025-11-10T20:34:54.956931,29,57,272,302,122,51,32,23,12706,-8750,-4342,3402,370,-1885,562,60,-23,11
2025-11-10T20:34:54.972802,30,61,261,287,118,48,33,25,12700,-8760,-4345,3397,426,-1922,587,-69,7,13
2025-11-10T20:34:54.994076,33,70,345,216,119,46,33,25,12694,-8772,-4341,3390,423,-1918,560,-63,57,26
2025-11-10T20:34:55.016951,31,70,356,221,105,46,34,25,12691,-8782,-4332,3387,371,-1930,531,-19,60,23
2025-11-10T20:34:55.031885,29,68,356,226,93,41,31,25,12692,-8788,-4318,3385,344,-1892,564,-4,70,26
2025-11-10T20:34:55.062149,26,65,351,227,85,40,31,25,12691,-8797,-4307,3383,343,-1869,589,-45,51,21
2025-11-10T20:34:55.076923,30,70,338,223,90,42,29,24,12686,-8808,-4303,3376,365,-1883,598,-83,42,5
2025-11-10T20:34:55.091865,27,63,288,223,91,42,29,26,12681,-8819,-4302,3367,399,-1949,576,-70,41,-5
2025-11-10T20:34:55.114268,30,61,283,215,96,42,29,26,12684,-8819,-4298,3362,408,-1973,566,17,39,-7
2025-11-10T20:34:55.137486,28,59,273,218,89,38,24,24,12688,-8815,-4296,3361,387,-1914,560,42,18,-3
2025-11-10T20:34:55.160127,33,63,286,256,101,37,31,26,12692,-8810,-4293,3362,367,-1888,591,27,7,1
2025-11-10T20:34:55.175346,30,49,280,255,102,35,29,25,12692,-8810,-4292,3362,354,-1923,561,-13,14,-10
2025-11-10T20:34:55.196979,31,45,232,231,101,35,29,22,12688,-8817,-4293,3358,389,-1944,544,-23,17,-4
2025-11-10T20:34:55.220202,29,46,202,211,96,34,27,21,12690,-8816,-4289,3358,367,-1937,570,18,18,0
2025-11-10T20:34:55.234352,28,43,195,220,93,31,28,24,12693,-8814,-4282,3360,329,-1912,582,25,17,4
2025-11-10T20:34:55.256918,22,32,152,174,91,29,19,21,12693,-8815,-4281,3361,312,-1908,579,-1,7,4
2025-11-10T20:34:55.279826,21,36,214,184,112,35,23,20,12690,-8817,-4280,3367,323,-1941,594,-16,-24,3
2025-11-10T20:34:55.294435,24,38,256,200,116,38,28,23,12681,-8826,-4283,3372,323,-1945,580,-57,-40,8
2025-11-10T20:34:55.316911,25,39,278,215,127,40,28,24,12676,-8831,-4288,3371,365,-1952,580,-45,-25,-12
2025-11-10T20:34:55.339933,27,55,293,185,127,41,29,22,12676,-8831,-4288,3371,372,-1947,594,-11,-12,10
2025-11-10T20:34:55.354209,27,55,300,184,115,42,30,23,12676,-8828,-4288,3379,365,-1919,593,15,-30,27
2025-11-10T20:34:55.385110,30,60,252,241,104,39,32,25,12677,-8825,-4289,3383,377,-1927,585,18,-19,8
2025-11-10T20:34:55.400240,26,58,233,307,115,37,28,23,12679,-8819,-4292,3386,381,-1924,569,36,-25,-6
2025-11-10T20:34:55.414389,27,58,211,307,112,42,30,24,12681,-8813,-4297,3387,408,-1944,568,36,-23,-5
2025-11-10T20:34:55.437197,27,48,291,327,114,39,28,25,12682,-8810,-4300,3388,400,-1931,540,34,-9,-2
2025-11-10T20:34:55.460327,29,52,319,329,114,36,27,25,12682,-8809,-4302,3389,369,-1918,543,24,-10,-4
2025-11-10T20:34:55.476473,27,46,334,312,110,33,24,27,12679,-8812,-4305,3390,363,-1903,549,-14,-19,1
2025-11-10T20:34:55.494134,26,53,318,233,94,33,24,27,12678,-8813,-4305,3391,356,-1927,537,-16,-7,2
2025-11-10T20:34:55.518230,23,50,320,243,99,34,23,26,12680,-8812,-4303,3390,360,-1938,570,20,10,-7
2025-11-10T20:34:55.533878,23,48,240,226,93,36,25,25,12683,-8808,-4300,3393,343,-1901,575,32,-2,-3
2025-11-10T20:34:55.556925,23,47,312,240,100,38,29,24,12681,-8809,-4302,3392,372,-1899,593,-26,-7,-11
2025-11-10T20:34:55.579858,23,50,294,215,99,40,28,20,12679,-8812,-4303,3391,369,-1944,582,-18,-5,-3
2025-11-10T20:34:55.594114,23,45,301,240,105,43,29,19,12680,-8812,-4303,3391,374,-1935,601,1,8,-3
2025-11-10T20:34:55.616862,25,45,319,226,90,36,28,19,12679,-8812,-4303,3391,377,-1950,579,0,8,-11
2025-11-10T20:34:55.639641,23,48,328,219,91,39,28,19,12680,-8812,-4303,3392,360,-1923,588,6,3,-9
2025-11-10T20:34:55.662755,23,49,263,210,102,38,23,19,12679,-8812,-4302,3392,354,-1921,570,-7,-6,-6
2025-11-10T20:34:55.676844,26,49,267,193,97,39,23,20,12678,-8813,-4307,3391,382,-1936,589,-18,-20,-11
2025-11-10T20:34:55.707573,28,47,278,179,97,38,21,21,12676,-8813,-4311,3390,380,-1935,575,-12,-16,-18
2025-11-10T20:34:55.714382,27,48,263,181,99,38,22,21,12676,-8811,-4314,3390,368,-1915,573,5,-16,-17
2025-11-10T20:34:55.737044,28,46,311,179,103,35,23,22,12675,-8813,-4317,3387,371,-1916,563,-15,-3,-20
2025-11-10T20:34:55.759253,27,39,280,200,99,38,24,22,12675,-8813,-4317,3387,369,-1927,577,1,5,-11
2025-11-10T20:34:55.774312,24,33,266,193,120,36,23,21,12675,-8814,-4320,3381,384,-1925,539,3,9,-29
2025-11-10T20:34:55.796828,24,33,253,168,119,37,26,21,12675,-8814,-4324,3376,406,-1919,550,-1,4,-26
2025-11-10T20:34:55.819288,23,36,276,191,116,38,28,24,12674,-8814,-4329,3372,400,-1914,558,-7,-9,-20
2025-11-10T20:34:55.842624,25,40,237,204,112,38,27,22,12674,-8814,-4329,3372,378,-1945,568,-16,8,-12
2025-11-10T20:34:55.856845,25,41,244,203,112,37,26,22,12674,-8814,-4329,3372,363,-1927,585,13,2,-4
2025-11-10T20:34:55.879376,26,44,247,210,147,42,28,23,12674,-8815,-4329,3372,369,-1929,562,-11,-2,-15
2025-11-10T20:34:55.894439,26,45,255,214,155,48,32,21,12675,-8814,-4331,3368,390,-1938,573,0,6,-27
2025-11-10T20:34:55.916737,26,47,289,242,159,49,32,22,12676,-8811,-4335,3365,404,-1930,584,6,-6,-24
2025-11-10T20:34:55.939944,28,41,258,246,158,50,34,23,12675,-8813,-4337,3361,395,-1938,571,-19,2,-14
2025-11-10T20:34:55.954236,27,43,246,227,160,49,33,23,12678,-8808,-4339,3360,392,-1931,587,23,-3,-18
2025-11-10T20:34:55.982399,25,40,247,223,113,46,33,22,12680,-8804,-4338,3365,345,-1889,574,29,-22,-7
2025-11-10T20:34:55.997228,26,44,266,218,131,44,28,23,12678,-8804,-4344,3365,382,-1921,558,-8,-29,-14
2025-11-10T20:34:56.012567,25,38,192,167,149,42,26,20,12679,-8802,-4345,3365,373,-1907,566,12,-7,-18
2025-11-10T20:34:56.036534,25,46,261,208,151,39,25,19,12678,-8803,-4346,3365,393,-1932,550,-3,-13,-14
2025-11-10T20:34:56.059372,25,44,261,222,141,40,26,19,12678,-8803,-4346,3364,393,-1937,551,-8,-4,-12
2025-11-10T20:34:56.074301,24,45,265,223,135,39,26,19,12679,-8801,-4346,3368,361,-1906,570,20,-13,-1
2025-11-10T20:34:56.097263,22,38,254,226,107,32,26,18,12679,-8801,-4345,3368,370,-1906,567,-5,-14,0
2025-11-10T20:34:56.119360,23,43,271,241,91,30,24,17,12679,-8801,-4345,3368,361,-1902,580,-4,-16,0
2025-11-10T20:34:56.142498,24,41,222,248,105,46,28,19,12677,-8803,-4346,3370,369,-1911,578,-19,-12,2
2025-11-10T20:34:56.156863,26,46,313,249,104,45,28,20,12673,-8807,-4348,3369,388,-1962,568,-21,-4,-5
2025-11-10T20:34:56.179875,26,45,311,258,103,46,27,20,12674,-8806,-4348,3368,396,-1935,557,17,4,-1
2025-11-10T20:34:56.202564,26,47,291,262,101,46,26,22,12676,-8803,-4347,3370,373,-1905,572,23,-4,-4
2025-11-10T20:34:56.216769,26,42,278,245,95,51,27,22,12677,-8802,-4347,3370,391,-1922,596,7,-7,-8
2025-11-10T20:34:56.239767,23,36,280,198,86,44,23,20,12676,-8801,-4348,3373,366,-1902,583,3,-25,-1
2025-11-10T20:34:56.262788,23,38,293,183,115,47,25,20,12674,-8804,-4352,3372,393,-1921,560,-20,-10,-8
2025-11-10T20:34:56.276919,23,39,303,204,127,46,24,19,12675,-8802,-4354,3369,410,-1928,544,22,6,-11
2025-11-10T20:34:56.307706,21,37,308,196,126,48,26,19,12676,-8799,-4355,3368,393,-1908,564,17,1,-9
2025-11-10T20:34:56.322643,21,38,300,188,118,42,26,19,12673,-8804,-4357,3366,389,-1924,543,-22,1,-8
2025-11-10T20:34:56.336893,21,40,293,190,126,36,25,21,12673,-8804,-4357,3366,383,-1942,578,-7,7,-4
2025-11-10T20:34:56.359404,21,33,269,236,137,36,24,21,12673,-8805,-4356,3366,352,-1931,574,-5,1,0
2025-11-10T20:34:56.382338,25,43,273,248,141,47,28,26,12670,-8809,-4356,3365,368,-1927,555,-19,6,-7
2025-11-10T20:34:56.396906,25,45,278,262,148,46,27,25,12672,-8810,-4353,3361,389,-1928,575,0,25,-10
2025-11-10T20:34:56.419524,27,45,307,267,149,46,28,25,12672,-8810,-4353,3361,389,-1922,582,5,7,-2
2025-11-10T20:34:56.442143,26,44,325,258,137,46,28,25,12672,-8809,-4353,3361,378,-1931,584,13,-6,-2
2025-11-10T20:34:56.456863,25,50,281,243,110,47,26,25,12672,-8810,-4353,3362,376,-1932,573,8,6,-5
2025-11-10T20:34:56.479341,23,45,272,229,107,37,22,22,12672,-8810,-4352,3362,369,-1935,582,5,4,2
2025-11-10T20:34:56.500440,24,47,301,223,110,37,22,22,12671,-8810,-4352,3362,378,-1910,541,3,-8,-10
2025-11-10T20:34:56.514838,25,48,277,212,111,38,20,22,12671,-8810,-4353,3361,427,-1949,553,3,-3,-14
2025-11-10T20:34:56.540148,23,48,292,217,112,40,22,23,12671,-8811,-4354,3361,396,-1914,548,8,3,0
2025-11-10T20:34:56.562664,23,43,262,184,106,43,21,21,12671,-8811,-4354,3361,382,-1920,556,-4,7,-5
2025-11-10T20:34:56.585114,22,41,257,158,91,45,23,22,12671,-8811,-4353,3361,383,-1916,582,3,10,1
2025-11-10T20:34:56.599107,21,38,265,152,113,41,22,23,12668,-8815,-4355,3361,385,-1927,565,-24,-4,0
2025-11-10T20:34:56.622975,19,39,287,177,167,44,25,23,12668,-8815,-4355,3362,393,-1926,606,-18,-9,5
2025-11-10T20:34:56.636560,21,36,296,180,176,44,23,23,12669,-8812,-4355,3361,397,-1948,579,16,2,-6
2025-11-10T20:34:56.659384,21,35,295,180,173,37,24,25,12670,-8812,-4355,3361,403,-1924,579,6,3,-7
2025-11-10T20:34:56.682415,22,36,315,184,188,34,24,24,12669,-8812,-4355,3361,383,-1927,570,1,-6,-9
2025-11-10T20:34:56.696931,21,34,276,199,171,39,25,22,12669,-8811,-4357,3363,371,-1926,576,1,-18,-5
2025-11-10T20:34:56.728714,23,35,323,201,131,37,25,23,12669,-8811,-4357,3363,386,-1926,565,5,-12,-9
2025-11-10T20:34:56.742493,23,42,286,187,131,37,25,22,12666,-8814,-4360,3361,394,-1938,554,-18,-7,-15
2025-11-10T20:34:56.756947,26,42,311,187,136,43,33,23,12669,-8811,-4359,3361,372,-1924,569,23,2,-11
2025-11-10T20:34:56.781444,24,41,287,183,114,44,33,23,12668,-8812,-4359,3361,374,-1901,558,10,-3,1
2025-11-10T20:34:56.802668,27,47,286,184,119,47,34,23,12668,-8812,-4359,3362,371,-1911,572,-1,-9,3
2025-11-10T20:34:56.816995,28,48,347,173,115,47,31,24,12668,-8812,-4359,3362,384,-1931,571,-2,7,-2
2025-11-10T20:34:56.839239,28,47,360,173,120,46,34,24,12668,-8812,-4358,3362,374,-1927,573,-5,0,4
2025-11-10T20:34:56.862654,28,48,348,222,112,39,27,24,12668,-8812,-4358,3362,390,-1938,564,-2,3,8
2025-11-10T20:34:56.876980,29,46,352,217,113,38,25,24,12668,-8812,-4358,3362,388,-1949,567,-15,5,3
2025-11-10T20:34:56.899532,30,44,355,199,114,40,27,24,12668,-8812,-4358,3362,387,-1927,580,2,1,2
2025-11-10T20:34:56.922588,28,44,289,206,103,50,30,25,12668,-8812,-4358,3362,375,-1899,588,11,-3,3
2025-11-10T20:34:56.936489,28,44,266,216,82,52,27,24,12665,-8815,-4361,3363,383,-1916,558,-19,-14,-2
2025-11-10T20:34:56.959449,26,44,284,156,83,53,27,20,12665,-8815,-4361,3362,400,-1941,560,-5,-6,-1
2025-11-10T20:34:56.982279,27,44,281,141,84,57,29,23,12665,-8813,-4362,3365,385,-1931,561,20,-14,4
2025-11-10T20:34:56.995114,24,44,285,132,77,53,27,23,12665,-8813,-4362,3366,376,-1931,559,12,-11,9
2025-11-10T20:34:57.017223,25,46,205,173,99,45,25,22,12665,-8813,-4361,3366,379,-1911,576,4,-12,11
2025-11-10T20:34:57.041100,27,49,204,222,128,48,24,23,12661,-8817,-4363,3368,368,-1922,549,-18,-16,6
2025-11-10T20:34:57.073136,28,50,170,227,129,46,25,26,12661,-8817,-4363,3368,404,-1941,571,-2,-5,-5
2025-11-10T20:34:57.079942,27,55,238,230,126,41,23,25,12665,-8812,-4364,3368,398,-1936,555,39,-2,-13
2025-11-10T20:34:57.102283,27,52,227,240,124,37,22,23,12664,-8813,-4364,3367,397,-1932,555,4,3,-7
2025-11-10T20:34:57.125153,26,54,229,206,110,39,24,24,12664,-8813,-4364,3368,371,-1931,542,13,0,-2
2025-11-10T20:34:57.139874,23,50,240,150,101,33,24,23,12664,-8814,-4364,3368,360,-1917,561,-4,-2,9
2025-11-10T20:34:57.162716,24,48,287,159,106,34,25,23,12664,-8814,-4363,3368,365,-1920,573,-6,-8,-5
2025-11-10T20:34:57.185186,24,41,251,163,112,35,27,22,12663,-8814,-4363,3368,389,-1941,566,-10,-3,-13
2025-11-10T20:34:57.199127,24,45,251,152,112,35,27,24,12663,-8814,-4363,3368,384,-1929,563,4,3,-6
2025-11-10T20:34:57.229868,24,37,295,132,107,30,25,24,12663,-8814,-4363,3369,370,-1933,578,5,9,-2
2025-11-10T20:34:57.244742,24,33,310,133,112,34,27,23,12666,-8812,-4358,3369,370,-1927,584,18,17,-3
2025-11-10T20:34:57.259404,22,31,266,109,126,37,26,22,12666,-8812,-4358,3369,355,-1896,565,12,-5,7
2025-11-10T20:34:57.282579,21,30,250,95,123,38,23,21,12667,-8810,-4360,3368,405,-1918,554,17,-4,-5
2025-11-10T20:34:57.305080,20,28,245,110,123,42,24,19,12670,-8804,-4364,3369,419,-1933,572,33,-16,-10
2025-11-10T20:34:57.319303,19,43,187,162,129,43,26,19,12673,-8797,-4367,3373,399,-1935,573,42,-27,-1
2025-11-10T20:34:57.342918,20,46,178,160,107,44,29,21,12674,-8793,-4370,3376,390,-1934,573,26,-31,-6
2025-11-10T20:34:57.364682,24,48,218,163,91,41,30,20,12674,-8789,-4373,3381,378,-1932,577,20,-34,-1
2025-11-10T20:34:57.379365,24,48,216,191,93,40,30,20,12671,-8790,-4376,3386,364,-1919,547,5,-29,3
2025-11-10T20:34:57.402688,25,53,235,187,91,39,31,22,12669,-8790,-4380,3387,378,-1925,540,8,-25,-13
2025-11-10T20:34:57.425078,29,50,294,151,85,36,32,23,12669,-8791,-4380,3387,379,-1932,549,6,-7,-3
2025-11-10T20:34:57.439341,28,52,275,162,80,35,28,24,12669,-8790,-4378,3392,365,-1910,549,28,-6,13
2025-11-10T20:34:57.462842,30,53,242,184,84,39,29,27,12669,-8790,-4377,3392,368,-1912,571,5,-7,8
2025-11-10T20:34:57.484249,31,53,241,166,126,40,29,27,12669,-8790,-4377,3392,372,-1904,573,-4,-7,3
2025-11-10T20:34:57.514877,32,53,264,162,135,41,29,26,12669,-8790,-4377,3392,394,-1927,587,6,-7,0
2025-11-10T20:34:57.521891,30,46,224,174,135,44,26,25,12673,-8784,-4379,3392,409,-1925,582,30,-9,-12
2025-11-10T20:34:57.545599,29,41,243,162,133,45,27,25,12675,-8781,-4379,3393,393,-1933,588,18,-4,-4
2025-11-10T20:34:57.559453,28,42,251,143,135,47,25,22,12675,-8780,-4379,3393,379,-1918,597,15,-4,3
2025-11-10T20:34:57.583932,28,49,308,148,102,47,26,23,12675,-8780,-4379,3393,362,-1886,573,10,7,14
2025-11-10T20:34:57.605141,25,46,294,155,92,44,25,23,12675,-8780,-4379,3393,417,-1925,570,-14,-16,-15
2025-11-10T20:34:57.619295,26,44,281,134,89,43,26,22,12675,-8781,-4379,3393,400,-1923,556,5,-9,-4
2025-11-10T20:34:57.642679,27,44,259,125,90,45,25,22,12677,-8777,-4378,3394,377,-1915,561,35,0,-7
2025-11-10T20:34:57.664860,24,41,249,115,99,38,26,22,12679,-8774,-4376,3394,381,-1908,576,20,7,-3
2025-11-10T20:34:57.679356,24,34,234,104,133,40,26,22,12679,-8775,-4376,3394,379,-1913,574,-16,-12,-5
2025-11-10T20:34:57.702641,26,36,236,119,146,40,26,21,12680,-8774,-4376,3394,398,-1944,600,-6,-1,-15
2025-11-10T20:34:57.725126,27,36,232,146,152,40,27,23,12684,-8770,-4376,3391,389,-1937,590,24,11,-29
2025-11-10T20:34:57.747118,24,37,245,147,155,34,26,20,12684,-8770,-4376,3391,403,-1915,577,8,12,-15
2025-11-10T20:34:57.762661,24,36,243,149,148,37,24,20,12684,-8770,-4376,3391,383,-1906,581,8,7,-10
2025-11-10T20:34:57.792671,24,40,261,145,112,40,25,21,12684,-8770,-4375,3391,362,-1917,583,2,-7,-7
2025-11-10T20:34:57.799505,23,39,261,121,92,39,23,22,12683,-8771,-4375,3391,387,-1934,555,-14,4,-5
2025-11-10T20:34:57.822620,23,43,258,95,83,38,21,22,12683,-8771,-4375,3391,387,-1914,558,9,8,-3
2025-11-10T20:34:57.845405,24,42,265,102,82,39,21,23,12683,-8771,-4375,3391,369,-1915,574,9,6,3
2025-11-10T20:34:57.859517,25,43,297,114,84,40,22,24,12683,-8771,-4375,3392,373,-1926,571,0,1,2
2025-11-10T20:34:57.883103,26,41,267,143,121,34,20,23,12683,-8771,-4375,3392,387,-1928,592,2,9,1
2025-11-10T20:34:57.905099,28,43,247,153,140,35,20,23,12683,-8771,-4374,3392,366,-1912,590,2,-8,3
2025-11-10T20:34:57.919120,26,38,246,158,144,36,20,22,12683,-8771,-4374,3392,391,-1934,592,-1,-4,-5
2025-11-10T20:34:57.942632,27,39,295,162,148,40,21,24,12684,-8768,-4376,3394,399,-1922,588,17,-14,-2
2025-11-10T20:34:57.965066,26,39,277,159,138,38,21,24,12684,-8768,-4376,3394,379,-1933,570,4,-12,-7
2025-11-10T20:34:57.987872,24,37,260,132,110,46,22,23,12684,-8768,-4376,3394,391,-1922,578,8,4,-10
2025-11-10T20:34:58.000254,21,34,259,150,93,51,24,23,12684,-8768,-4375,3394,374,-1917,586,7,-2,4
2025-11-10T20:34:58.022707,24,40,322,152,90,50,24,23,12684,-8768,-4375,3394,369,-1905,568,-9,-8,-2
2025-11-10T20:34:58.045832,25,45,278,165,85,44,23,21,12684,-8769,-4375,3394,409,-1931,574,-3,-1,-9
2025-11-10T20:34:58.061485,25,47,280,154,85,43,21,21,12684,-8769,-4376,3394,400,-1912,575,12,1,-6
2025-11-10T20:34:58.085084,26,50,301,158,86,36,20,24,12685,-8767,-4375,3395,377,-1917,576,17,0,-5
2025-11-10T20:34:58.114828,27,53,319,145,114,40,20,24,12685,-8767,-4374,3395,377,-1919,580,-4,3,-1
2025-11-10T20:34:58.121746,24,50,278,172,133,44,20,25,12685,-8767,-4374,3395,372,-1917,595,8,10,-5
2025-11-10T20:34:58.145575,22,47,269,159,140,47,22,25,12685,-8767,-4374,3395,403,-1927,565,-14,6,-16
2025-11-10T20:34:58.167608,21,43,257,170,140,47,23,24,12685,-8767,-4375,3395,414,-1914,582,13,-2,-15
2025-11-10T20:34:58.182652,20,38,240,166,135,45,23,22,12685,-8767,-4375,3395,400,-1926,585,-3,1,-7
2025-11-10T20:34:58.205097,18,34,247,158,115,36,20,21,12685,-8767,-4375,3395,385,-1922,571,3,12,-10
2025-11-10T20:34:58.227915,17,44,263,123,94,31,21,19,12685,-8767,-4375,3395,377,-1904,582,9,9,-1
2025-11-10T20:34:58.242488,19,42,286,115,87,31,20,19,12685,-8767,-4374,3395,375,-1915,574,-14,12,-10
2025-11-10T20:34:58.265120,20,42,295,121,97,31,21,18,12685,-8767,-4374,3395,395,-1920,570,-9,11,-3
2025-11-10T20:34:58.287597,22,50,342,127,100,36,25,21,12684,-8768,-4375,3395,390,-1928,561,1,9,-1
2025-11-10T20:34:58.302514,22,52,320,133,90,35,25,21,12686,-8768,-4372,3393,391,-1923,578,6,18,-2
2025-11-10T20:34:58.325103,25,48,291,130,93,35,24,24,12686,-8768,-4372,3394,369,-1904,573,3,8,-3
2025-11-10T20:34:58.348384,24,49,262,161,89,34,23,23,12686,-8768,-4371,3394,364,-1916,596,-11,7,9
2025-11-10T20:34:58.362592,23,49,275,155,90,33,24,22,12683,-8772,-4372,3394,388,-1938,571,-19,-2,1
2025-11-10T20:34:58.384509,23,43,234,159,95,31,21,22,12683,-8772,-4372,3394,393,-1936,588,-11,0,-1
2025-11-10T20:34:58.407428,23,39,243,147,94,36,22,23,12686,-8767,-4371,3395,377,-1907,606,18,-5,-4
2025-11-10T20:34:58.422676,22,36,248,150,92,36,25,21,12686,-8767,-4371,3395,393,-1922,585,1,-9,-7
2025-11-10T20:34:58.445181,22,40,269,115,89,38,26,21,12686,-8767,-4371,3395,402,-1934,595,3,-6,-2
2025-11-10T20:34:58.467580,22,43,301,109,132,44,26,23,12686,-8767,-4371,3395,380,-1918,580,14,-11,-3
2025-11-10T20:34:58.483487,21,42,273,95,127,47,25,22,12688,-8764,-4371,3398,382,-1908,587,17,-11,-1
2025-11-10T20:34:58.502901,23,48,298,104,127,46,27,21,12687,-8763,-4374,3399,395,-1912,562,10,-18,-4
2025-11-10T20:34:58.526076,22,48,346,110,134,47,25,20,12684,-8764,-4379,3398,410,-1924,558,-8,-18,-2
2025-11-10T20:34:58.540346,22,44,332,128,157,47,26,20,12684,-8764,-4379,3398,395,-1911,595,5,-1,3
2025-11-10T20:34:58.565146,22,41,299,149,124,46,25,19,12685,-8764,-4379,3399,379,-1888,576,1,-10,0
2025-11-10T20:34:58.588822,20,40,297,151,129,42,27,19,12684,-8764,-4379,3399,387,-1908,563,-7,4,-3
2025-11-10T20:34:58.601557,20,35,280,243,140,41,27,23,12684,-8765,-4379,3399,383,-1907,574,-13,6,5
2025-11-10T20:34:58.625069,18,31,265,260,152,38,29,27,12682,-8768,-4377,3401,376,-1914,583,-20,2,18
2025-11-10T20:34:58.647943,18,43,275,258,130,36,29,27,12680,-8773,-4376,3397,392,-1941,577,-27,17,-3
2025-11-10T20:34:58.661897,18,49,273,245,121,31,30,29,12679,-8776,-4374,3394,394,-1939,559,-5,18,-6
2025-11-10T20:34:58.685056,19,52,300,246,120,34,29,30,12679,-8776,-4374,3394,388,-1921,575,-8,9,0
2025-11-10T20:34:58.707569,19,50,277,160,114,41,27,27,12679,-8776,-4374,3395,369,-1919,593,-8,7,5
2025-11-10T20:34:58.721891,23,51,233,138,92,42,25,24,12679,-8776,-4373,3395,369,-1890,603,-1,7,8
2025-11-10T20:34:58.745132,25,42,228,128,86,43,24,25,12677,-8780,-4374,3394,388,-1936,579,-24,2,3
2025-11-10T20:34:58.767584,27,40,230,131,99,43,20,23,12677,-8780,-4373,3395,374,-1951,574,6,14,-2
2025-11-10T20:34:58.781893,30,40,253,134,100,44,22,22,12676,-8780,-4373,3395,368,-1917,577,12,10,3
2025-11-10T20:34:58.805146,31,42,257,117,110,41,22,23,12677,-8780,-4372,3395,361,-1926,594,5,7,5
2025-11-10T20:34:58.827610,29,40,253,98,128,47,25,24,12677,-8780,-4372,3396,355,-1906,580,-2,-5,9
2025-11-10T20:34:58.850311,29,48,261,92,139,46,24,21,12676,-8780,-4372,3396,385,-1933,578,-6,2,-11
2025-11-10T20:34:58.864736,27,47,292,116,130,46,26,22,12676,-8781,-4372,3396,392,-1932,569,3,-5,3
2025-11-10T20:34:58.887644,27,48,267,121,125,41,25,22,12676,-8781,-4372,3396,381,-1922,581,8,-2,1
2025-11-10T20:34:58.901393,24,47,282,126,124,38,27,23,12676,-8781,-4371,3396,371,-1920,574,12,-7,3
2025-11-10T20:34:58.925122,24,49,277,125,117,37,26,21,12676,-8781,-4371,3396,372,-1911,580,12,-15,12
2025-11-10T20:34:58.947550,22,42,273,128,116,38,27,21,12676,-8781,-4371,3396,390,-1911,562,-1,-8,3
2025-11-10T20:34:58.970113,25,46,262,104,123,39,27,21,12676,-8782,-4371,3396,394,-1926,554,0,-7,4
2025-11-10T20:34:58.984236,23,45,238,121,123,40,28,22,12675,-8782,-4372,3396,384,-1938,561,14,-2,5
2025-11-10T20:34:59.005407,24,46,224,182,159,41,25,21,12675,-8782,-4371,3396,374,-1920,573,10,3,8
2025-11-10T20:34:59.035722,23,46,255,185,155,44,26,22,12675,-8782,-4371,3397,363,-1898,588,1,-9,12
2025-11-10T20:34:59.052604,24,43,242,184,150,44,26,23,12673,-8784,-4373,3397,397,-1925,573,-18,-9,4
2025-11-10T20:34:59.067564,21,43,238,194,145,43,27,25,12669,-8788,-4377,3397,420,-1933,565,-24,-16,10
2025-11-10T20:34:59.089578,20,47,241,178,149,45,28,23,12669,-8788,-4378,3396,416,-1928,564,-9,7,4
2025-11-10T20:34:59.104781,20,47,237,135,118,44,29,24,12669,-8788,-4378,3396,387,-1881,569,5,12,4
2025-11-10T20:34:59.129358,21,44,213,141,106,38,30,21,12668,-8791,-4377,3393,396,-1913,574,-23,13,0
2025-11-10T20:34:59.157421,19,46,274,158,111,39,28,22,12664,-8798,-4377,3390,393,-1924,553,-33,19,0
2025-11-10T20:34:59.164407,19,42,232,155,113,37,25,19,12663,-8802,-4371,3389,363,-1910,563,-15,26,10
2025-11-10T20:34:59.187420,21,35,232,155,107,38,25,20,12661,-8809,-4366,3388,355,-1926,563,-29,29,8
2025-11-10T20:34:59.210095,20,34,231,133,90,35,26,22,12660,-8814,-4357,3388,352,-1935,571,-15,34,16
2025-11-10T20:34:59.225126,22,38,242,123,97,37,21,25,12659,-8820,-4351,3385,366,-1956,595,-31,36,4
2025-11-10T20:34:59.247702,24,37,245,107,92,37,22,24,12659,-8823,-4347,3382,374,-1949,579,-14,29,-6
2025-11-10T20:34:59.269760,23,32,248,97,96,37,25,25,12661,-8824,-4343,3378,380,-1913,604,-20,23,-4
2025-11-10T20:34:59.284622,20,33,243,93,98,35,26,25,12659,-8827,-4341,3380,353,-1896,588,-27,-2,10
2025-11-10T20:34:59.307861,21,41,264,95,92,44,28,22,12659,-8827,-4341,3381,375,-1928,591,-15,1,15
2025-11-10T20:34:59.330004,21,43,307,102,99,41,29,21,12661,-8823,-4335,3388,343,-1936,588,32,-5,22
2025-11-10T20:34:59.345298,22,46,256,102,92,41,30,22,12661,-8823,-4335,3388,365,-1942,587,5,-13,14
2025-11-10T20:34:59.375095,24,46,269,94,87,42,30,20,12659,-8825,-4337,3393,364,-1971,569,-4,-27,4
2025-11-10T20:34:59.390356,27,46,288,100,88,42,28,20,12658,-8822,-4340,3395,387,-1972,570,17,-26,-4
2025-11-10T20:34:59.403969,27,40,274,107,107,38,24,20,12662,-8814,-4342,3400,370,-1915,574,51,-29,-4
2025-11-10T20:34:59.428019,27,38,271,96,92,37,26,21,12664,-8807,-4344,3407,358,-1864,569,36,-39,5
2025-11-10T20:34:59.450495,26,35,280,91,94,37,27,21,12661,-8809,-4349,3409,384,-1908,550,-13,-27,2
2025-11-10T20:34:59.463986,26,38,274,89,92,35,25,20,12660,-8810,-4350,3409,406,-1935,549,14,-12,10
2025-11-10T20:34:59.486737,24,38,254,90,112,36,26,20,12660,-8809,-4350,3411,386,-1906,525,26,-7,14
2025-11-10T20:34:59.507533,24,37,284,111,113,34,27,21,12660,-8809,-4348,3415,370,-1902,568,9,-1,21
2025-11-10T20:34:59.522737,24,41,226,118,144,35,22,18,12656,-8814,-4345,3419,339,-1902,545,-13,-5,21
2025-11-10T20:34:59.547250,23,45,237,122,151,37,24,20,12652,-8821,-4346,3417,395,-1951,566,-41,7,10
2025-11-10T20:34:59.570065,22,44,287,123,151,37,24,21,12652,-8820,-4346,3417,405,-1956,583,-2,6,0
2025-11-10T20:34:59.584281,21,46,284,118,136,36,24,22,12653,-8820,-4342,3417,362,-1921,572,9,17,3
2025-11-10T20:34:59.607628,21,50,255,92,123,36,25,21,12653,-8820,-4342,3417,363,-1913,589,-6,14,-5
2025-11-10T20:34:59.630117,20,44,259,88,88,41,29,25,12654,-8820,-4341,3418,341,-1917,596,-11,12,1
2025-11-10T20:34:59.644317,22,44,276,90,72,40,28,24,12653,-8820,-4341,3418,345,-1941,566,-11,5,-1
2025-11-10T20:34:59.667597,23,45,246,102,77,43,28,23,12654,-8822,-4337,3416,358,-1941,570,0,22,-7
2025-11-10T20:34:59.689773,23,43,272,109,71,46,29,22,12656,-8821,-4334,3415,360,-1919,576,7,17,-10
2025-11-10T20:34:59.712635,23,40,267,118,60,42,27,23,12656,-8821,-4333,3415,357,-1917,572,-8,4,-2
2025-11-10T20:34:59.735073,25,42,260,136,67,48,26,19,12656,-8821,-4333,3415,355,-1935,577,-7,-1,3
2025-11-10T20:34:59.750961,23,41,240,140,85,53,26,18,12656,-8821,-4332,3416,353,-1935,592,5,-8,6
2025-11-10T20:34:59.764044,23,39,221,151,85,56,28,20,12656,-8821,-4332,3416,350,-1946,589,-3,-10,-4
2025-11-10T20:34:59.787607,21,38,190,143,92,55,28,20,12657,-8818,-4335,3417,377,-1924,590,9,-23,-11
2025-11-10T20:34:59.810174,23,37,190,138,91,59,29,21,12658,-8814,-4341,3418,394,-1946,585,8,-28,-17
2025-11-10T20:34:59.824354,22,34,197,126,121,53,28,21,12658,-8814,-4341,3417,397,-1946,565,2,-16,0
2025-11-10T20:34:59.847704,21,33,220,149,118,52,28,24,12658,-8811,-4343,3420,367,-1909,555,23,-18,-2
2025-11-10T20:34:59.870119,21,44,221,136,120,51,27,24,12657,-8812,-4347,3418,377,-1913,546,-3,-12,-19
2025-11-10T20:34:59.892636,22,46,216,141,119,49,26,25,12653,-8817,-4353,3415,400,-1916,524,-20,-7,-7
2025-11-10T20:34:59.907791,22,46,292,141,121,48,28,26,12653,-8817,-4353,3415,372,-1922,545,1,9,6
2025-11-10T20:34:59.930037,21,47,301,135,91,47,28,28,12652,-8818,-4353,3415,366,-1920,543,3,10,5
2025-11-10T20:34:59.953544,23,47,264,114,85,40,26,27,12649,-8824,-4351,3414,363,-1911,542,-25,13,8
2025-11-10T20:34:59.967582,21,39,264,111,81,38,25,25,12646,-8830,-4349,3413,365,-1907,565,-35,12,9
2025-11-10T20:34:59.989617,23,39,307,111,76,40,25,26,12641,-8838,-4344,3413,357,-1929,570,-44,17,20
2025-11-10T20:35:00.012117,24,40,244,109,78,35,23,23,12642,-8841,-4337,3413,352,-1950,585,-10,33,12
2025-11-10T20:35:00.026878,24,39,231,114,73,36,22,22,12644,-8842,-4329,3413,349,-1930,595,-6,32,9
2025-11-10T20:35:00.055291,25,38,256,99,78,38,23,20,12643,-8847,-4323,3413,327,-1922,572,-19,19,7
2025-11-10T20:35:00.070468,26,38,287,112,79,35,24,22,12640,-8851,-4323,3411,373,-1949,594,-43,7,-4
2025-11-10T20:35:00.086968,26,40,301,121,79,32,22,22,12640,-8851,-4322,3411,359,-1957,580,-10,4,0
2025-11-10T20:35:00.117600,27,40,306,125,85,33,24,24,12640,-8851,-4322,3411,361,-1943,576,14,7,-2
2025-11-10T20:35:00.132629,27,42,302,118,83,36,24,24,12640,-8851,-4322,3411,347,-1929,565,11,4,-5
2025-11-10T20:35:00.147650,26,41,301,117,79,37,23,26,12640,-8852,-4321,3412,333,-1929,554,-3,3,-1
2025-11-10T20:35:00.170114,26,41,299,134,76,36,24,24,12637,-8855,-4323,3412,358,-1948,557,-19,-13,-6
2025-11-10T20:35:00.192687,25,37,250,130,87,39,25,24,12636,-8855,-4323,3412,371,-1961,565,0,-8,-8
2025-11-10T20:35:00.207336,24,37,279,122,77,42,26,23,12640,-8851,-4322,3414,364,-1922,566,31,-2,-6
2025-11-10T20:35:00.229777,24,34,282,121,74,39,27,22,12639,-8851,-4322,3414,360,-1924,554,12,-4,-2
2025-11-10T20:35:00.252655,23,30,262,145,73,38,27,20,12639,-8851,-4322,3414,368,-1927,561,4,-11,0
2025-11-10T20:35:00.268067,22,36,277,117,76,39,26,20,12640,-8849,-4324,3418,368,-1928,573,12,-24,7
2025-11-10T20:35:00.290181,24,37,272,127,67,37,28,20,12639,-8849,-4324,3418,381,-1939,548,11,-15,-3
2025-11-10T20:35:00.312643,24,34,261,130,67,35,26,19,12641,-8845,-4326,3419,383,-1943,558,26,-11,-3
2025-11-10T20:35:00.327711,24,34,263,131,68,32,25,19,12643,-8841,-4327,3422,369,-1928,568,28,-15,-1
2025-11-10T20:35:00.350469,24,36,324,108,63,39,29,21,12642,-8839,-4329,3425,350,-1911,563,9,-25,-3
2025-11-10T20:35:00.379625,24,41,270,134,96,39,28,20,12641,-8839,-4334,3426,377,-1927,563,-5,-26,-11
2025-11-10T20:35:00.386131,23,41,276,122,95,38,28,24,12639,-8839,-4337,3427,362,-1930,562,-5,-21,-5
2025-11-10T20:35:00.409293,22,42,254,125,97,43,29,22,12640,-8837,-4336,3428,356,-1933,553,21,-3,-10
2025-11-10T20:35:00.440119,22,42,312,137,101,48,31,24,12641,-8836,-4335,3429,349,-1927,541,25,3,-5
2025-11-10T20:35:00.446920,22,42,269,136,105,43,27,22,12641,-8836,-4334,3430,341,-1914,571,3,1,7
2025-11-10T20:35:00.470118,23,34,298,130,82,48,29,23,12639,-8839,-4335,3429,362,-1940,566,-19,-4,-7
2025-11-10T20:35:00.491210,22,37,300,131,81,47,27,21,12639,-8839,-4335,3429,379,-1950,560,-14,7,-3
2025-11-10T20:35:00.504745,22,37,296,126,81,46,28,23,12639,-8839,-4335,3429,372,-1933,574,13,6,0
2025-11-10T20:35:00.529001,23,39,325,115,75,42,27,21,12639,-8839,-4335,3429,371,-1915,575,1,5,-2
2025-11-10T20:35:00.559981,22,40,312,109,75,43,26,22,12639,-8839,-4335,3429,366,-1921,568,1,-3,-9
2025-11-10T20:35:00.566776,23,41,315,85,69,37,26,23,12639,-8839,-4335,3429,370,-1927,552,-4,-6,-4
2025-11-10T20:35:00.590151,23,52,340,80,69,38,26,22,12639,-8839,-4335,3429,368,-1936,560,15,-6,-5
2025-11-10T20:35:00.612795,22,53,374,98,84,37,23,22,12639,-8840,-4335,3429,354,-1939,549,12,7,-5
2025-11-10T20:35:00.626722,23,54,307,98,84,38,23,22,12639,-8840,-4335,3429,356,-1930,564,7,0,-3
2025-11-10T20:35:00.649749,23,55,311,100,80,37,23,22,12638,-8840,-4334,3430,344,-1904,562,-5,-11,-1
2025-11-10T20:35:00.672634,22,51,305,103,83,38,20,21,12638,-8841,-4334,3430,358,-1934,556,-12,-11,6
2025-11-10T20:35:00.686712,22,34,309,140,89,43,22,19,12638,-8841,-4331,3434,348,-1932,560,11,1,16
2025-11-10T20:35:00.710118,22,39,265,135,72,41,21,17,12638,-8841,-4330,3434,360,-1933,574,-4,2,13
2025-11-10T20:35:00.732384,22,35,252,132,84,43,21,18,12638,-8841,-4331,3434,374,-1936,563,3,-7,3
2025-11-10T20:35:00.746877,22,32,236,131,90,42,21,19,12638,-8841,-4331,3434,392,-1927,584,6,-3,10
2025-11-10T20:35:00.770156,22,35,240,148,87,44,23,21,12638,-8841,-4331,3434,379,-1939,583,12,-15,7
2025-11-10T20:35:00.792643,24,38,222,111,84,41,22,23,12638,-8839,-4332,3437,361,-1933,563,13,-19,5
2025-11-10T20:35:00.806925,24,30,223,102,92,44,23,23,12640,-8835,-4332,3441,360,-1926,588,21,-22,2
2025-11-10T20:35:00.829349,25,34,225,102,81,40,22,23,12639,-8833,-4334,3445,344,-1935,561,11,-26,-5
2025-11-10T20:35:00.852563,25,34,265,110,81,44,22,23,12639,-8834,-4334,3445,374,-1948,559,13,-1,-14
2025-11-10T20:35:00.875296,25,37,238,86,79,44,21,23,12642,-8830,-4334,3445,368,-1925,573,22,3,-12
2025-11-10T20:35:00.890160,23,34,201,84,79,49,22,23,12643,-8828,-4332,3448,336,-1901,563,17,-7,1
2025-11-10T20:35:00.920151,22,34,201,116,76,45,19,23,12639,-8833,-4334,3448,357,-1911,551,-26,-11,-1
2025-11-10T20:35:00.934711,20,32,221,117,75,46,21,24,12639,-8833,-4334,3448,372,-1938,562,-3,6,-2
2025-11-10T20:35:00.954298,20,38,222,118,67,42,19,23,12639,-8833,-4334,3448,356,-1921,574,9,11,-3
2025-11-10T20:35:00.979394,18,35,238,110,68,41,22,22,12639,-8833,-4334,3448,349,-1916,589,5,0,-3
2025-11-10T20:35:01.008630,20,39,249,142,76,38,26,23,12637,-8834,-4335,3449,359,-1931,584,-19,-13,-2
2025-11-10T20:35:01.010851,21,43,269,119,78,38,28,24,12637,-8834,-4335,3450,370,-1956,592,-8,-7,-12
2025-11-10T20:35:01.030087,22,43,346,117,79,38,29,23,12636,-8833,-4338,3452,353,-1927,553,7,-23,-9
2025-11-10T20:35:01.058394,23,42,335,110,81,41,29,23,12634,-8836,-4341,3450,358,-1955,568,-22,-11,-19
2025-11-10T20:35:01.073650,23,40,326,119,83,38,29,24,12635,-8835,-4340,3450,348,-1952,574,7,-2,-18
2025-11-10T20:35:01.091913,21,36,334,104,73,37,24,21,12637,-8832,-4340,3449,342,-1940,580,18,-2,-22
2025-11-10T20:35:01.118662,23,33,316,106,66,39,22,20,12637,-8830,-4344,3447,367,-1927,563,1,-16,-29
2025-11-10T20:35:01.133702,23,35,292,108,63,41,23,21,12637,-8829,-4349,3445,382,-1936,568,-2,-15,-21
2025-11-10T20:35:01.151962,22,29,276,107,61,39,23,22,12639,-8826,-4353,3444,381,-1938,561,18,-11,-22
2025-11-10T20:35:01.174366,24,32,279,178,56,46,24,22,12643,-8818,-4355,3443,374,-1919,572,42,-14,-27
2025-11-10T20:35:01.201845,27,40,277,165,100,45,27,22,12646,-8812,-4359,3443,378,-1908,570,25,-16,-21
2025-11-10T20:35:01.211892,26,42,304,162,108,44,28,24,12648,-8809,-4362,3439,382,-1927,546,22,0,-31
2025-11-10T20:35:01.241844,26,47,247,167,112,39,26,24,12651,-8805,-4367,3435,409,-1937,566,22,-5,-30
2025-11-10T20:35:01.253721,25,48,239,172,114,40,27,24,12654,-8799,-4369,3435,378,-1932,561,37,-10,-20
2025-11-10T20:35:01.271903,25,46,230,88,117,36,25,25,12657,-8793,-4371,3436,356,-1909,576,31,-22,-25
2025-11-10T20:35:01.294338,23,41,271,94,90,40,23,24,12656,-8791,-4377,3437,376,-1928,570,8,-30,-19
2025-11-10T20:35:01.313687,22,39,244,106,102,40,23,23,12656,-8788,-4380,3439,362,-1928,567,15,-26,-18
2025-11-10T20:35:01.331857,22,32,220,99,113,41,23,22,12659,-8785,-4381,3438,367,-1911,576,17,-6,-25
2025-11-10T20:35:01.353725,22,30,219,93,119,39,20,21,12661,-8780,-4385,3439,379,-1930,570,26,-20,-20
2025-11-10T20:35:01.373342,24,35,272,130,120,41,20,20,12662,-8777,-4387,3439,376,-1942,563,26,-14,-20
2025-11-10T20:35:01.396512,24,36,240,122,118,41,23,25,12665,-8772,-4387,3439,368,-1921,578,32,-6,-19
2025-11-10T20:35:01.414391,24,34,245,114,100,40,25,24,12668,-8766,-4388,3443,369,-1915,601,24,-23,-11
2025-11-10T20:35:01.433403,27,41,257,127,101,41,26,25,12668,-8763,-4392,3446,372,-1893,582,12,-31,-8
2025-11-10T20:35:01.459612,28,41,291,148,91,42,28,24,12668,-8760,-4397,3446,394,-1927,587,3,-25,-14
2025-11-10T20:35:01.474298,27,41,299,121,85,38,28,25,12669,-8756,-4400,3448,394,-1914,575,19,-22,-7
2025-11-10T20:35:01.494736,28,40,290,120,88,34,25,22,12671,-8753,-4401,3449,385,-1912,567,27,-11,-7
2025-11-10T20:35:01.508967,28,41,282,129,109,36,24,22,12674,-8747,-4403,3452,387,-1916,595,27,-19,-4
2025-11-10T20:35:01.532320,26,36,293,119,101,36,24,22,12673,-8747,-4402,3452,368,-1918,576,12,-15,-7
2025-11-10T20:35:01.551153,26,41,293,116,104,35,24,23,12673,-8747,-4402,3452,401,-1923,583,-14,-14,-14
2025-11-10T20:35:01.571832,30,58,294,115,110,33,24,22,12673,-8748,-4403,3452,408,-1941,576,3,-5,-15
2025-11-10T20:35:01.594368,27,58,287,121,118,33,26,20,12675,-8746,-4404,3451,390,-1914,558,22,1,-13
2025-11-10T20:35:01.613531,29,58,294,116,103,31,25,21,12675,-8745,-4404,3451,384,-1890,597,12,-4,-4
2025-11-10T20:35:01.636024,29,59,327,131,123,32,25,21,12673,-8748,-4404,3449,377,-1906,572,-18,7,-7
2025-11-10T20:35:01.654084,29,55,304,122,124,34,25,20,12674,-8749,-4404,3444,403,-1935,566,3,17,-19
2025-11-10T20:35:01.676522,24,34,259,121,122,36,25,20,12674,-8749,-4404,3444,381,-1908,578,15,11,-4
2025-11-10T20:35:01.696281,25,36,273,119,109,37,24,22,12674,-8749,-4404,3444,382,-1910,556,-7,7,-9
2025-11-10T20:35:01.714352,24,39,309,127,114,42,25,24,12673,-8750,-4404,3444,379,-1922,562,-1,15,-4
2025-11-10T20:35:01.733663,24,37,276,115,92,42,26,23,12673,-8750,-4404,3444,389,-1912,571,-6,13,-3
2025-11-10T20:35:01.755778,23,39,272,102,88,41,24,23,12671,-8754,-4403,3442,387,-1931,578,-22,10,-1
2025-11-10T20:35:01.774217,27,48,290,102,93,42,25,25,12671,-8754,-4403,3442,381,-1923,589,7,5,2
2025-11-10T20:35:01.801934,26,48,291,97,96,43,24,22,12671,-8754,-4403,3443,373,-1916,578,2,7,-2
2025-11-10T20:35:01.815871,27,46,241,101,99,39,27,22,12671,-8754,-4403,3443,389,-1923,585,-4,1,-2
2025-11-10T20:35:01.841955,27,45,217,121,93,38,27,22,12671,-8754,-4403,3443,389,-1923,575,-2,8,-5
2025-11-10T20:35:01.856872,28,46,231,122,95,38,27,23,12671,-8754,-4403,3443,391,-1928,572,1,9,-3
2025-11-10T20:35:01.876516,25,41,264,119,92,36,28,22,12671,-8754,-4403,3443,386,-1903,569,9,2,-1
2025-11-10T20:35:01.894329,28,41,252,132,92,42,30,23,12671,-8755,-4403,3443,385,-1925,578,-6,4,-4
2025-11-10T20:35:01.916843,25,42,272,129,80,41,30,21,12671,-8754,-4402,3443,368,-1912,591,7,3,-1
2025-11-10T20:35:01.936235,27,46,278,106,78,41,28,20,12671,-8754,-4402,3443,377,-1918,586,-5,2,-3
2025-11-10T20:35:01.954117,27,43,305,119,84,42,29,22,12671,-8755,-4402,3443,391,-1935,562,1,-3,-9
2025-11-10T20:35:01.976907,25,44,258,130,81,41,29,21,12671,-8755,-4402,3443,368,-1913,574,12,8,-6
2025-11-10T20:35:01.996019,23,43,260,135,88,37,29,21,12671,-8755,-4402,3443,383,-1907,570,-3,5,1
2025-11-10T20:35:02.012142,23,41,252,131,89,35,28,22,12670,-8756,-4402,3443,385,-1923,564,-11,6,5
2025-11-10T20:35:02.034870,23,40,343,133,93,39,30,23,12670,-8756,-4402,3444,377,-1931,573,-2,4,2
2025-11-10T20:35:02.052497,21,42,358,125,94,38,29,23,12670,-8756,-4402,3443,405,-1927,579,3,6,-3
2025-11-10T20:35:02.078939,22,36,352,117,101,39,29,23,12670,-8756,-4402,3443,382,-1903,593,-1,4,1
2025-11-10T20:35:02.097223,23,39,341,111,94,38,28,26,12670,-8755,-4402,3444,386,-1907,590,-3,-3,-1
2025-11-10T20:35:02.123615,24,42,343,117,94,36,28,25,12670,-8756,-4402,3443,388,-1908,566,-2,1,3
2025-11-10T20:35:02.134728,23,41,325,121,91,32,26,25,12670,-8756,-4402,3443,383,-1907,563,-2,2,4
2025-11-10T20:35:02.156866,26,43,279,119,87,33,26,24,12670,-8756,-4402,3443,381,-1903,556,-16,-2,14
2025-11-10T20:35:02.176079,28,43,276,115,79,33,25,26,12667,-8761,-4401,3445,383,-1903,563,-20,3,23
2025-11-10T20:35:02.194359,27,42,336,129,78,32,26,25,12663,-8767,-4400,3445,395,-1923,558,-27,6,16
2025-11-10T20:35:02.216862,25,40,330,120,75,30,23,23,12661,-8771,-4398,3445,390,-1925,563,-13,14,20
2025-11-10T20:35:02.236477,27,37,269,113,70,32,23,23,12661,-8774,-4392,3446,371,-1920,597,-14,18,16
2025-11-10T20:35:02.254416,25,35,259,114,76,33,23,21,12659,-8778,-4387,3449,365,-1925,593,-22,10,23
2025-11-10T20:35:02.281594,22,39,295,124,86,32,24,20,12655,-8783,-4387,3450,376,-1943,573,-25,-1,14
2025-11-10T20:35:02.296188,24,38,243,104,87,32,20,20,12655,-8783,-4386,3450,373,-1932,588,-8,-6,11
2025-11-10T20:35:02.314376,28,36,249,120,89,35,24,20,12653,-8785,-4384,3453,365,-1931,566,-5,0,17
2025-11-10T20:35:02.336860,28,43,247,123,101,39,24,21,12653,-8785,-4383,3454,364,-1925,589,-4,-4,8
2025-11-10T20:35:02.355985,27,43,276,120,101,38,24,21,12653,-8786,-4383,3454,364,-1925,573,-9,-10,8
2025-11-10T20:35:02.374339,29,45,259,129,98,38,25,22,12650,-8789,-4384,3455,367,-1926,561,-18,-11,4
2025-11-10T20:35:02.396935,27,45,246,122,98,39,26,21,12650,-8789,-4384,3455,380,-1929,566,-7,-2,13
2025-11-10T20:35:02.415647,24,49,253,102,97,37,22,22,12650,-8790,-4384,3455,380,-1932,561,7,5,9
2025-11-10T20:35:02.434271,22,41,280,97,110,33,24,21,12649,-8790,-4384,3455,366,-1915,552,10,6,8
2025-11-10T20:35:02.456524,23,47,275,127,112,35,25,22,12649,-8790,-4384,3456,373,-1922,567,-12,4,12
2025-11-10T20:35:02.476143,22,46,272,120,116,35,24,21,12645,-8795,-4385,3458,375,-1934,548,-17,-10,15
2025-11-10T20:35:02.493839,23,48,279,139,115,37,24,22,12645,-8795,-4385,3458,383,-1950,579,-5,-7,9
2025-11-10T20:35:02.514527,22,45,294,137,114,38,28,23,12645,-8795,-4385,3458,385,-1922,579,11,-6,4
2025-11-10T20:35:02.531932,26,49,311,133,110,37,27,26,12645,-8795,-4385,3458,372,-1923,579,5,1,5
2025-11-10T20:35:02.555554,25,41,292,103,108,38,26,27,12645,-8795,-4385,3458,363,-1936,562,1,2,8
2025-11-10T20:35:02.581080,25,39,275,108,100,39,26,27,12645,-8795,-4385,3458,376,-1936,577,10,2,3
2025-11-10T20:35:02.596530,25,40,270,91,98,41,26,25,12645,-8795,-4384,3458,365,-1928,578,14,-2,2
2025-11-10T20:35:02.614544,24,36,285,91,108,42,22,25,12645,-8795,-4384,3459,372,-1929,566,4,-3,-12
2025-11-10T20:35:02.636868,20,32,269,98,102,43,23,22,12645,-8796,-4384,3459,364,-1957,574,9,0,-12
2025-11-10T20:35:02.659336,20,34,283,146,113,40,23,21,12650,-8790,-4381,3458,367,-1913,595,31,12,-15
2025-11-10T20:35:02.674072,20,41,294,136,115,41,23,23,12650,-8790,-4380,3459,350,-1912,589,13,8,-12
2025-11-10T20:35:02.696603,22,43,372,142,121,38,22,23,12650,-8790,-4381,3457,369,-1931,570,-2,1,-18
2025-11-10T20:35:02.716406,26,45,352,146,111,37,22,22,12650,-8790,-4381,3457,377,-1945,570,-11,14,-15
2025-11-10T20:35:02.734551,27,45,320,142,96,34,24,23,12652,-8789,-4379,3455,366,-1934,556,21,14,-13
2025-11-10T20:35:02.764631,28,48,311,99,74,32,22,21,12656,-8786,-4374,3454,353,-1908,582,25,21,-15
2025-11-10T20:35:02.779392,27,41,321,92,71,46,25,21,12656,-8787,-4374,3454,341,-1909,564,-6,9,-10
2025-11-10T20:35:02.794358,26,43,281,89,60,47,26,23,12654,-8790,-4374,3451,366,-1921,560,-20,10,-15
2025-11-10T20:35:02.816738,25,45,307,104,60,47,27,23,12653,-8794,-4373,3448,380,-1943,544,-3,19,-7
2025-11-10T20:35:02.839451,24,51,341,129,60,48,25,23,12654,-8794,-4369,3447,362,-1923,555,17,20,-4
2025-11-10T20:35:02.854393,23,46,342,125,70,49,25,24,12654,-8794,-4369,3447,361,-1914,580,-5,10,-5
2025-11-10T20:35:02.877016,23,46,321,150,78,37,21,22,12654,-8794,-4368,3447,359,-1913,577,-15,3,-3
2025-11-10T20:35:02.907637,21,42,279,144,76,35,19,20,12652,-8797,-4370,3446,377,-1946,576,-19,-3,-7
2025-11-10T20:35:02.914470,22,46,248,133,78,35,22,21,12652,-8797,-4370,3446,384,-1953,585,11,-1,-4
2025-11-10T20:35:02.941340,21,44,218,127,80,34,22,22,12652,-8797,-4369,3446,374,-1959,594,11,5,-10
2025-11-10T20:35:02.967905,23,45,202,129,94,40,28,20,12655,-8793,-4369,3448,367,-1926,586,21,-8,-12
2025-11-10T20:35:02.974731,24,45,210,103,101,40,28,20,12657,-8788,-4372,3448,373,-1923,578,23,-17,-18
2025-11-10T20:35:02.996626,26,46,249,109,109,45,31,21,12657,-8785,-4377,3448,382,-1916,573,8,-24,-19
2025-11-10T20:35:03.017067,25,46,280,105,108,47,30,19,12658,-8783,-4381,3448,378,-1932,568,14,-20,-21
2025-11-10T20:35:03.032226,27,45,275,87,109,48,30,20,12662,-8776,-4381,3450,359,-1910,575,45,-13,-21
2025-11-10T20:35:03.058801,25,45,279,104,100,43,25,22,12665,-8769,-4382,3453,356,-1891,571,39,-19,-13
2025-11-10T20:35:03.079391,24,45,295,107,114,42,27,22,12666,-8767,-4384,3455,356,-1908,563,20,-22,-18
2025-11-10T20:35:03.094151,26,45,266,110,117,44,30,23,12666,-8767,-4384,3455,386,-1921,575,-1,-9,-7
2025-11-10T20:35:03.116775,25,42,217,116,120,43,31,22,12665,-8767,-4385,3455,385,-1910,560,15,-6,0
2025-11-10T20:35:03.139069,27,41,248,128,122,44,32,24,12668,-8763,-4384,3457,375,-1907,596,19,-9,2
2025-11-10T20:35:03.154268,26,40,270,112,121,46,32,23,12668,-8761,-4385,3460,382,-1904,583,7,-18,6
2025-11-10T20:35:03.184336,25,43,256,110,100,46,31,23,12668,-8761,-4385,3460,389,-1919,575,-13,-3,10
2025-11-10T20:35:03.199722,24,50,256,108,94,43,28,23,12667,-8762,-4386,3460,385,-1931,565,3,2,13
2025-11-10T20:35:03.218664,23,46,246,104,95,40,26,23,12666,-8762,-4384,3465,368,-1900,564,11,-10,23
2025-11-10T20:35:03.236414,21,47,233,92,103,44,25,21,12663,-8765,-4387,3467,384,-1930,565,-14,-18,7
2025-11-10T20:35:03.259311,23,46,209,90,102,45,25,22,12658,-8771,-4388,3465,390,-1938,557,-32,3,5
2025-11-10T20:35:03.274364,26,47,208,89,99,43,26,23,12658,-8771,-4388,3465,376,-1941,584,1,11,1
2025-11-10T20:35:03.296553,24,36,201,78,96,40,26,22,12658,-8771,-4387,3466,344,-1904,580,11,10,6
2025-11-10T20:35:03.319264,25,40,216,82,102,45,27,22,12657,-8774,-4385,3467,361,-1906,586,-20,2,8
2025-11-10T20:35:03.333872,25,42,297,101,95,44,29,24,12654,-8780,-4383,3467,365,-1934,583,-32,8,7
2025-11-10T20:35:03.356865,24,47,319,102,86,45,28,22,12654,-8780,-4383,3467,374,-1929,575,-15,6,8
2025-11-10T20:35:03.379344,21,44,312,97,84,45,28,21,12654,-8780,-4383,3467,364,-1925,577,-2,6,7
2025-11-10T20:35:03.394290,22,44,312,101,96,50,29,22,12654,-8780,-4382,3467,345,-1917,575,5,6,6
2025-11-10T20:35:03.416783,20,42,354,126,97,46,28,22,12652,-8783,-4381,3468,364,-1912,583,-20,0,7
2025-11-10T20:35:03.447539,19,43,290,121,100,42,26,21,12650,-8786,-4380,3468,367,-1931,593,-28,4,0
2025-11-10T20:35:03.461931,19,40,272,119,100,38,27,22,12650,-8786,-4380,3468,382,-1937,581,-9,-1,5
2025-11-10T20:35:03.476890,19,41,285,119,100,41,28,22,12650,-8787,-4380,3468,368,-1933,580,-4,-6,7
