timestamp,EMG_0,EMG_1,EMG_2,EMG_3,EMG_4,EMG_5,EMG_6,EMG_7,quat_0,quat_1,quat_2,quat_3,acc_0,acc_1,acc_2,gyro_0,gyro_1,gyro_2
2025-11-10T20:23:48.238938,16,16,16,19,19,21,17,17,9038,-2703,-8824,10079,778,-1720,745,-3,4,3
2025-11-10T20:23:48.264750,17,17,14,17,18,23,20,17,9038,-2704,-8824,10079,772,-1713,730,-8,3,4
2025-11-10T20:23:48.274853,17,18,16,18,17,21,20,18,9037,-2704,-8824,10079,779,-1716,727,-6,6,5
2025-11-10T20:23:48.296924,17,20,17,17,17,20,19,20,9037,-2704,-8824,10079,773,-1714,734,-4,7,5
2025-11-10T20:23:48.319265,16,18,17,18,19,20,20,19,9037,-2705,-8824,10079,776,-1726,737,-8,7,5
2025-11-10T20:23:48.336483,19,20,17,17,18,17,19,17,9037,-2705,-8824,10079,777,-1732,739,-7,5,5
2025-11-10T20:23:48.357078,18,21,18,18,18,18,18,17,9036,-2706,-8823,10080,780,-1739,752,-1,3,2
2025-11-10T20:23:48.381616,18,22,17,17,19,18,16,15,9036,-2706,-8823,10080,786,-1730,751,3,0,-1
2025-11-10T20:23:48.397011,17,22,17,16,18,19,17,14,9036,-2706,-8823,10080,783,-1717,738,0,-1,-4
2025-11-10T20:23:48.419479,18,23,18,15,17,20,18,15,9036,-2706,-8823,10080,781,-1708,731,3,0,-2
2025-11-10T20:23:48.442017,18,22,19,17,16,21,20,17,9036,-2706,-8824,10080,778,-1703,722,1,0,0
2025-11-10T20:23:48.458361,20,21,20,18,18,18,19,16,9036,-2707,-8824,10080,778,-1722,726,-6,-1,1
2025-11-10T20:23:48.479454,19,19,19,19,18,20,18,16,9035,-2707,-8824,10080,787,-1732,735,0,2,0
2025-11-10T20:23:48.502004,23,17,19,18,19,19,18,16,9035,-2707,-8824,10080,777,-1735,745,3,6,-1
2025-11-10T20:23:48.516988,22,18,17,19,20,18,17,16,9035,-2708,-8824,10080,784,-1723,737,-4,5,-1
2025-11-10T20:23:48.539438,22,17,18,18,20,17,15,15,9035,-2708,-8824,10080,784,-1721,741,-8,3,-1
2025-11-10T20:23:48.562056,21,16,17,16,18,19,17,18,9035,-2708,-8824,10080,786,-1715,734,-4,4,-1
2025-11-10T20:23:48.584356,21,19,17,15,18,19,18,18,9035,-2708,-8824,10080,777,-1718,743,-4,5,1
2025-11-10T20:23:48.600165,16,21,20,16,16,18,18,18,9034,-2709,-8824,10080,775,-1717,733,-5,6,0
2025-11-10T20:23:48.621925,16,19,22,17,17,19,17,18,9034,-2709,-8824,10080,772,-1725,734,-5,6,0
2025-11-10T20:23:48.644485,14,22,21,17,16,20,17,18,9034,-2709,-8824,10081,777,-1725,739,-4,7,-1
2025-11-10T20:23:48.659485,15,23,21,16,17,19,18,17,9034,-2710,-8823,10081,773,-1728,745,-2,5,-2
2025-11-10T20:23:48.681982,17,21,24,16,17,18,17,17,9034,-2710,-8823,10081,778,-1718,736,-5,2,-2
2025-11-10T20:23:48.704465,16,20,22,16,18,19,18,18,9034,-2710,-8823,10081,775,-1713,756,-6,0,-3
2025-11-10T20:23:48.719544,16,21,21,16,17,18,18,18,9034,-2710,-8823,10081,781,-1720,753,-3,0,-2
2025-11-10T20:23:48.742015,18,18,20,16,18,18,18,18,9033,-2711,-8823,10081,776,-1724,725,2,0,0
2025-11-10T20:23:48.764623,18,18,20,18,17,19,16,17,9033,-2711,-8823,10082,781,-1716,742,2,0,2
2025-11-10T20:23:48.779529,17,19,19,18,18,19,16,18,9033,-2711,-8823,10082,770,-1719,736,-3,-1,2
2025-11-10T20:23:48.802066,18,20,18,19,17,20,15,19,9033,-2712,-8823,10082,772,-1726,740,-4,-1,0
2025-11-10T20:23:48.824473,18,20,19,18,18,21,17,19,9032,-2712,-8823,10082,777,-1730,730,-3,0,0
2025-11-10T20:23:48.839111,16,20,20,18,22,20,17,18,9032,-2712,-8823,10082,784,-1719,737,-3,0,0
2025-11-10T20:23:48.861838,15,20,20,16,23,23,18,17,9032,-2713,-8823,10082,775,-1717,725,-12,-2,-2
2025-11-10T20:23:48.884499,19,20,21,33,46,53,22,18,9030,-2715,-8827,10080,786,-1718,730,-24,-6,-2
2025-11-10T20:23:48.899483,20,23,149,273,89,108,57,19,9022,-2716,-8844,10072,804,-1723,724,-87,-61,-2
2025-11-10T20:23:48.921694,25,43,272,444,141,218,98,38,8978,-2714,-8929,10036,784,-1631,915,-549,-421,-33
2025-11-10T20:23:48.944976,35,77,405,689,367,331,164,49,8871,-2792,-9175,9887,926,-1350,1153,-1716,-696,-45
2025-11-10T20:23:48.961954,40,94,452,764,382,507,223,66,8742,-2944,-9475,9673,1380,-1326,553,-2283,-575,67
2025-11-10T20:23:48.982036,42,98,460,782,403,721,237,71,8625,-3140,-9592,9600,1532,-3119,857,-1331,13,758
2025-11-10T20:23:49.004221,45,111,477,746,431,731,237,72,8511,-3296,-9493,9747,1130,-3233,970,184,229,1337
2025-11-10T20:23:49.019492,44,110,472,714,430,714,228,65,8410,-3488,-9260,9990,650,-2932,1146,857,695,1880
2025-11-10T20:23:49.041959,41,103,409,507,283,675,189,58,8310,-3757,-8948,10257,64,-2456,1255,960,1132,2252
2025-11-10T20:23:49.064279,213,94,418,437,273,558,119,48,8161,-4111,-8660,10485,-290,-2171,1291,443,1261,2526
2025-11-10T20:23:49.079520,330,122,445,448,244,214,91,75,8014,-4491,-8382,10666,-303,-2352,1234,210,1409,2463
2025-11-10T20:23:49.101989,391,125,471,460,176,151,82,90,7926,-4808,-8045,10853,-310,-2383,1156,724,1510,2190
2025-11-10T20:23:49.124630,484,128,436,403,146,110,69,95,7916,-5044,-7655,11033,-324,-2086,887,1278,1588,1759
2025-11-10T20:23:49.139285,565,133,452,509,118,72,108,100,7935,-5256,-7271,11179,-213,-1737,856,1240,1589,1440
2025-11-10T20:23:49.162062,550,136,441,494,96,53,120,100,7972,-5455,-6900,11292,-434,-1606,750,1223,1576,1150
2025-11-10T20:23:49.184522,565,115,438,528,90,52,120,81,8065,-5528,-6544,11402,-591,-1622,661,1628,1238,727
2025-11-10T20:23:49.199556,550,105,467,598,92,68,122,86,8215,-5481,-6239,11488,-541,-1585,517,1837,801,74
2025-11-10T20:23:49.222092,519,106,474,622,90,93,131,89,8394,-5338,-6021,11542,-338,-1450,578,1736,313,-473
2025-11-10T20:23:49.244491,500,93,560,568,78,109,118,97,8553,-5171,-5921,11553,47,-1621,495,1438,-38,-670
2025-11-10T20:23:49.259578,541,103,643,589,82,114,208,96,8671,-5006,-5839,11580,194,-1630,429,1368,-149,-440
2025-11-10T20:23:49.281697,490,109,645,583,90,137,219,99,8763,-4843,-5729,11635,101,-1521,499,1448,-190,-255
2025-11-10T20:23:49.304091,530,108,579,510,86,175,220,93,8846,-4657,-5645,11688,219,-1461,610,1345,-330,-270
2025-11-10T20:23:49.327265,500,116,672,459,84,174,223,89,8922,-4468,-5586,11733,369,-1396,731,1171,-369,-265
2025-11-10T20:23:49.342046,513,128,583,455,88,169,236,77,8975,-4280,-5521,11793,473,-1322,885,1119,-384,-79
2025-11-10T20:23:49.363721,454,117,506,429,104,168,157,73,8992,-4122,-5468,11860,472,-1155,826,912,-376,111
2025-11-10T20:23:49.379107,436,113,563,365,93,150,139,68,9009,-3987,-5420,11916,449,-932,898,709,-290,96
2025-11-10T20:23:49.410260,383,127,647,327,90,90,131,53,9019,-3866,-5425,11946,379,-1080,1018,397,-403,-38
2025-11-10T20:23:49.424471,365,123,543,334,96,65,122,152,9026,-3765,-5448,11963,325,-1333,1099,308,-393,-82
2025-11-10T20:23:49.447152,310,114,561,321,97,51,88,289,9072,-3659,-5411,11977,489,-1402,1267,576,-97,-125
2025-11-10T20:23:49.464695,316,113,524,330,82,43,96,339,9105,-3602,-5347,11998,220,-1320,1325,493,54,-41
2025-11-10T20:23:49.483744,309,107,503,413,91,39,98,345,9135,-3557,-5268,12024,-8,-1175,1457,425,48,-53
2025-11-10T20:23:49.507026,350,97,469,541,115,45,99,353,9152,-3563,-5272,12008,41,-1152,1512,-194,46,-123
2025-11-10T20:23:49.521937,371,87,466,565,116,90,96,324,9143,-3621,-5351,11961,-60,-1350,1462,-672,-27,-159
2025-11-10T20:23:49.544579,341,84,430,620,121,97,80,216,9154,-3660,-5390,11924,-78,-1557,1499,-349,36,-203
2025-11-10T20:23:49.566742,320,93,443,751,255,138,61,127,9190,-3664,-5393,11893,-38,-1334,1591,-175,64,-289
2025-11-10T20:23:49.582010,322,104,412,742,265,154,68,115,9224,-3677,-5441,11842,-5,-1119,1422,-442,-16,-367
2025-11-10T20:23:49.605821,248,179,441,660,261,154,68,89,9239,-3716,-5535,11773,91,-1295,1373,-699,-31,-327
2025-11-10T20:23:49.627032,209,195,438,659,270,146,61,86,9245,-3758,-5606,11722,124,-1567,1353,-495,22,-199
2025-11-10T20:23:49.642009,162,226,480,604,283,148,62,83,9268,-3776,-5611,11696,48,-1484,1336,-111,110,-168
2025-11-10T20:23:49.664056,232,291,531,397,175,110,65,90,9305,-3785,-5570,11683,49,-1456,1466,87,226,-148
2025-11-10T20:23:49.686994,243,474,520,326,173,90,58,93,9332,-3828,-5531,11666,-33,-1501,1465,-35,314,-85
2025-11-10T20:23:49.702027,246,489,439,351,167,90,61,88,9357,-3858,-5486,11657,-17,-1431,1481,14,275,-54
2025-11-10T20:23:49.724447,244,491,444,319,148,66,96,104,9388,-3901,-5449,11635,1,-1377,1423,-75,345,-99
2025-11-10T20:23:49.747004,243,482,420,305,113,52,107,125,9413,-3974,-5416,11605,-65,-1549,1449,-152,428,-74
2025-11-10T20:23:49.762037,171,449,332,304,107,52,109,129,9452,-4040,-5342,11585,-117,-1702,1504,103,533,-70
2025-11-10T20:23:49.784400,142,254,322,319,93,49,114,182,9505,-4093,-5235,11572,-219,-1592,1501,273,575,-113
2025-11-10T20:23:49.806981,106,183,292,310,137,45,121,279,9566,-4170,-5143,11536,-326,-1523,1433,114,637,-234
2025-11-10T20:23:49.821985,105,161,286,402,156,46,113,284,9636,-4282,-5059,11474,-321,-1585,1357,-11,808,-288
2025-11-10T20:23:49.844210,104,146,251,501,165,52,110,309,9696,-4395,-5001,11406,-342,-1548,1226,-105,716,-309
2025-11-10T20:23:49.867495,107,134,293,797,180,65,147,342,9738,-4458,-4970,11359,-273,-1745,1208,38,403,-259
2025-11-10T20:23:49.882004,104,123,268,795,175,64,181,334,9763,-4477,-4906,11357,-270,-1867,1242,403,244,-69
2025-11-10T20:23:49.904414,103,96,278,829,146,62,203,268,9802,-4405,-4769,11410,-164,-1614,1200,1046,121,76
2025-11-10T20:23:49.927135,127,122,272,790,152,65,254,260,9819,-4317,-4636,11484,-149,-1416,1142,1057,-20,202
2025-11-10T20:23:49.946316,127,119,274,738,167,59,298,227,9814,-4242,-4526,11560,-108,-1398,1192,885,-61,301
2025-11-10T20:23:49.964379,128,163,228,501,151,43,286,169,9782,-4154,-4440,11652,-109,-1351,1162,826,-263,409
2025-11-10T20:23:49.987011,123,241,215,517,152,43,360,175,9766,-4031,-4329,11750,35,-1240,1228,1030,-246,401
2025-11-10T20:23:50.001999,120,264,203,469,193,48,414,170,9738,-3929,-4233,11842,-63,-1214,1219,882,-256,403
2025-11-10T20:23:50.024411,100,272,207,569,191,47,421,167,9719,-3834,-4139,11922,-51,-1165,1347,797,-197,340
2025-11-10T20:23:50.047478,100,299,200,612,172,52,398,233,9702,-3752,-4069,11986,-132,-1076,1303,625,-240,233
2025-11-10T20:23:50.062802,100,328,221,668,198,73,459,297,9693,-3680,-4011,12035,-125,-1077,1383,521,-197,157
2025-11-10T20:23:50.084512,87,285,232,781,237,76,419,280,9695,-3612,-3957,12071,-28,-1055,1446,462,-125,98
2025-11-10T20:23:50.106977,90,281,240,819,230,79,422,280,9696,-3555,-3899,12107,-103,-1080,1529,433,-97,98
2025-11-10T20:23:50.122333,90,275,249,795,233,81,567,300,9702,-3490,-3851,12136,-132,-960,1510,384,-167,16
2025-11-10T20:23:50.144419,89,249,243,765,234,81,593,255,9712,-3417,-3818,12159,-43,-994,1568,351,-197,-16
2025-11-10T20:23:50.166988,83,234,209,686,233,74,548,191,9725,-3330,-3780,12185,79,-951,1558,415,-192,4
2025-11-10T20:23:50.182022,91,232,214,603,230,81,649,216,9725,-3246,-3734,12222,61,-947,1574,446,-190,98
2025-11-10T20:23:50.204653,94,243,209,578,210,83,666,353,9724,-3164,-3694,12255,-8,-912,1574,403,-230,61
2025-11-10T20:23:50.227056,89,249,182,591,227,81,587,351,9730,-3081,-3662,12282,-7,-975,1629,393,-252,1
2025-11-10T20:23:50.249908,90,322,199,652,246,92,599,347,9737,-2980,-3626,12312,88,-937,1619,470,-279,13
2025-11-10T20:23:50.264699,100,290,233,681,239,90,647,349,9737,-2885,-3590,12345,110,-871,1600,440,-259,64
2025-11-10T20:23:50.286992,94,292,246,676,224,85,568,333,9726,-2801,-3567,12380,102,-950,1588,381,-277,113
2025-11-10T20:23:50.301703,89,310,252,740,251,83,543,185,9716,-2718,-3533,12416,116,-945,1619,431,-237,120
2025-11-10T20:23:50.324375,106,400,264,751,245,86,552,222,9707,-2646,-3495,12449,46,-891,1626,388,-203,105
2025-11-10T20:23:50.346767,104,371,253,720,263,71,525,235,9700,-2600,-3477,12469,-13,-897,1618,216,-179,51
2025-11-10T20:23:50.361566,101,411,269,725,262,80,494,225,9701,-2549,-3468,12481,34,-862,1634,177,-193,-16
2025-11-10T20:23:50.384456,106,408,251,710,278,83,463,218,9703,-2499,-3460,12492,51,-870,1636,176,-187,-16
2025-11-10T20:23:50.407709,105,390,258,609,287,89,510,227,9697,-2451,-3452,12508,37,-905,1602,193,-198,28
2025-11-10T20:23:50.421533,89,317,267,567,271,89,492,197,9697,-2400,-3428,12525,89,-784,1630,223,-133,31
2025-11-10T20:23:50.444040,88,294,273,533,235,89,577,201,9695,-2373,-3426,12532,82,-810,1645,51,-101,12
2025-11-10T20:23:50.467094,87,390,304,550,278,80,580,199,9692,-2356,-3429,12537,57,-870,1654,15,-88,4
2025-11-10T20:23:50.489409,87,434,303,528,265,74,599,241,9693,-2344,-3435,12537,75,-848,1690,-36,-59,-14
2025-11-10T20:23:50.504099,91,522,330,575,264,74,527,251,9686,-2335,-3442,12542,21,-923,1702,-19,-95,17
2025-11-10T20:23:50.526474,92,529,368,697,306,74,489,256,9686,-2307,-3428,12551,51,-890,1714,133,-84,12
2025-11-10T20:23:50.557488,155,597,375,697,312,73,416,317,9692,-2266,-3404,12561,96,-873,1696,224,-83,-16
2025-11-10T20:23:50.564238,167,648,350,626,272,73,461,322,9695,-2230,-3379,12572,-16,-888,1645,238,-116,-20
2025-11-10T20:23:50.587376,166,636,353,627,295,79,469,297,9705,-2197,-3356,12575,40,-756,1725,134,-71,-60
2025-11-10T20:23:50.609662,160,567,380,598,269,87,468,281,9719,-2172,-3372,12564,93,-835,1644,-12,-132,-133
2025-11-10T20:23:50.624538,160,572,336,509,221,83,466,267,9731,-2148,-3386,12556,51,-869,1595,24,-141,-121
2025-11-10T20:23:50.647335,107,511,334,502,215,94,502,224,9737,-2120,-3379,12558,64,-894,1735,114,-105,-57
2025-11-10T20:23:50.670046,88,331,305,494,242,96,447,235,9737,-2104,-3363,12564,-2,-904,1730,122,-69,-9
2025-11-10T20:23:50.684507,81,349,310,480,202,91,405,231,9738,-2086,-3346,12571,27,-853,1718,120,-54,-6
2025-11-10T20:23:50.706668,97,382,296,537,210,80,480,277,9739,-2072,-3337,12576,69,-804,1711,44,-45,-1
2025-11-10T20:23:50.730254,100,351,301,430,234,81,485,311,9734,-2069,-3343,12579,92,-888,1723,-21,-43,23
2025-11-10T20:23:50.744833,102,541,376,456,255,81,425,288,9729,-2054,-3323,12590,110,-851,1759,112,-4,61
2025-11-10T20:23:50.766860,95,553,394,456,229,80,437,292,9728,-2038,-3297,12600,118,-791,1743,121,22,43
2025-11-10T20:23:50.790266,107,561,403,443,221,80,459,322,9731,-2023,-3267,12608,141,-780,1726,143,57,38
2025-11-10T20:23:50.804192,130,659,431,332,204,75,393,286,9739,-2006,-3241,12611,146,-696,1703,97,50,-10
2025-11-10T20:23:50.827378,141,725,439,334,176,79,363,240,9749,-2007,-3244,12603,196,-755,1680,-68,59,-40
2025-11-10T20:23:50.850020,142,671,401,272,144,70,345,396,9751,-2022,-3275,12591,252,-799,1633,-211,55,-14
2025-11-10T20:23:50.864536,145,699,438,344,162,70,330,408,9753,-2034,-3287,12584,266,-749,1738,-168,98,18
2025-11-10T20:23:50.887442,154,744,531,459,156,68,278,396,9751,-2062,-3319,12572,354,-832,1707,-275,148,46
2025-11-10T20:23:50.910037,129,711,596,534,181,63,242,400,9730,-2091,-3324,12583,244,-892,1660,-111,154,199
2025-11-10T20:23:50.924394,123,751,602,530,207,60,246,428,9697,-2123,-3349,12597,174,-892,1633,-207,53,229
2025-11-10T20:23:50.946712,115,812,625,563,212,59,246,296,9655,-2170,-3385,12611,84,-895,1579,-305,31,255
2025-11-10T20:23:50.967722,130,831,645,562,197,67,204,296,9616,-2229,-3398,12627,-50,-957,1662,-237,103,247
2025-11-10T20:23:50.982952,127,845,715,539,283,77,209,322,9597,-2272,-3411,12630,8,-896,1578,-201,94,122
2025-11-10T20:23:51.007276,141,882,796,547,272,77,220,353,9578,-2309,-3435,12631,66,-841,1571,-258,65,115
2025-11-10T20:23:51.030223,137,832,807,572,270,78,194,324,9543,-2357,-3503,12630,105,-855,1481,-471,-29,165
2025-11-10T20:23:51.052709,150,770,798,561,282,78,153,316,9491,-2411,-3574,12639,88,-955,1562,-503,-47,271
2025-11-10T20:23:51.067079,172,757,882,576,291,70,148,320,9426,-2459,-3611,12668,-22,-1091,1669,-288,-47,381
2025-11-10T20:23:51.090253,191,918,860,578,225,67,150,375,9378,-2488,-3621,12695,-13,-1011,1612,-127,-12,311
2025-11-10T20:23:51.112912,194,964,775,562,223,71,126,370,9332,-2533,-3642,12714,-21,-848,1499,-281,32,286
2025-11-10T20:23:51.127098,202,1037,845,589,246,71,130,376,9273,-2609,-3714,12721,34,-914,1394,-580,34,316
2025-11-10T20:23:51.150172,210,1066,878,619,235,70,135,373,9209,-2687,-3783,12731,12,-1052,1581,-580,34,346
2025-11-10T20:23:51.164989,201,1218,773,600,225,68,127,355,9144,-2750,-3850,12744,-43,-1234,1510,-427,-55,328
2025-11-10T20:23:51.187020,200,1222,809,563,214,65,122,311,9090,-2767,-3896,12765,-7,-1152,1443,-190,-164,280
2025-11-10T20:23:51.210508,222,1221,815,659,237,71,117,315,9035,-2777,-3949,12786,124,-987,1395,-273,-160,302
2025-11-10T20:23:51.224137,268,1275,859,746,200,75,130,342,8961,-2829,-4043,12797,105,-1027,1330,-583,-125,372
2025-11-10T20:23:51.247829,291,1253,979,754,201,81,132,349,8855,-2906,-4132,12826,-15,-1251,1557,-637,-112,573
2025-11-10T20:23:51.269579,294,1130,1067,846,225,145,173,410,8724,-2989,-4199,12874,-158,-1414,1506,-477,-132,729
2025-11-10T20:23:51.284497,305,1023,1076,845,232,205,171,402,8598,-3053,-4269,12921,-242,-1299,1279,-419,-248,647
2025-11-10T20:23:51.306939,372,995,1181,799,224,214,169,403,8460,-3103,-4396,12958,-73,-1224,1187,-673,-408,650
2025-11-10T20:23:51.329270,362,935,1202,788,219,216,162,412,8290,-3198,-4575,12982,48,-1379,1032,-995,-342,812
2025-11-10T20:23:51.344571,390,1073,1150,913,215,218,162,418,8110,-3316,-4759,13000,-44,-1531,875,-1007,-293,844
2025-11-10T20:23:51.367107,479,1099,1142,851,188,189,117,376,7929,-3415,-4929,13023,-75,-1316,802,-970,-364,835
2025-11-10T20:23:51.389439,508,1190,1181,919,188,122,108,359,7781,-3477,-5037,13054,-124,-1107,1099,-747,-321,707
2025-11-10T20:23:51.412490,529,1222,1156,1005,193,109,111,336,7662,-3563,-5084,13083,-221,-1260,1427,-586,-26,653
2025-11-10T20:23:51.426747,559,1207,1133,1011,192,121,97,276,7583,-3678,-5062,13107,-678,-1174,1666,-441,205,427
2025-11-10T20:23:51.449553,533,1120,1113,920,241,180,89,247,7557,-3766,-5039,13105,-650,-875,1983,-593,248,82
2025-11-10T20:23:51.474348,458,1060,1055,894,260,190,81,190,7560,-3835,-5065,13073,-449,-985,2254,-849,229,-136
2025-11-10T20:23:51.487043,414,880,913,887,275,267,76,141,7594,-3882,-5124,13016,-184,-1061,2310,-948,227,-319
2025-11-10T20:23:51.509494,317,733,766,818,265,311,67,85,7642,-3937,-5181,12949,-178,-1167,2372,-959,317,-382
2025-11-10T20:23:51.532479,228,606,713,769,266,316,93,98,7692,-3984,-5240,12881,-67,-1278,2335,-900,318,-362
2025-11-10T20:23:51.547286,202,440,613,764,217,293,116,107,7736,-4049,-5286,12816,17,-1597,2223,-748,443,-230
2025-11-10T20:23:51.577626,174,384,561,769,189,285,145,117,7768,-4134,-5268,12777,-156,-1672,2070,-406,571,-46
2025-11-10T20:23:51.592709,154,336,515,691,195,216,165,139,7827,-4231,-5186,12743,-446,-1652,1982,-82,743,-146
2025-11-10T20:23:51.606905,114,284,459,617,210,145,244,204,7920,-4362,-5066,12689,-673,-1629,1932,25,1006,-316
2025-11-10T20:23:51.629927,111,213,269,585,199,113,318,237,8026,-4514,-4943,12618,-860,-1638,1775,36,1089,-439
2025-11-10T20:23:51.660073,102,188,243,511,235,94,323,418,8143,-4663,-4841,12528,-823,-1784,1681,22,1083,-536
2025-11-10T20:23:51.666672,89,163,234,553,259,98,325,462,8258,-4797,-4723,12446,-885,-1862,1649,193,1039,-511
2025-11-10T20:23:51.689418,115,141,272,704,236,99,320,572,8367,-4928,-4620,12361,-928,-1872,1238,284,938,-533
2025-11-10T20:23:51.719671,118,117,299,734,217,93,282,590,8484,-4997,-4480,12305,-989,-1822,1164,702,723,-534
2025-11-10T20:23:51.726475,122,110,303,701,213,93,256,665,8607,-4978,-4361,12270,-758,-1792,1013,974,331,-572
2025-11-10T20:23:51.749646,128,100,363,783,171,92,253,611,8739,-4893,-4239,12253,-606,-1721,951,1244,83,-598
2025-11-10T20:23:51.772553,138,165,403,808,151,79,258,680,8856,-4751,-4126,12264,-450,-1725,902,1431,-201,-494
2025-11-10T20:23:51.786694,128,177,458,685,150,76,282,608,8962,-4569,-4009,12295,-262,-1415,900,1481,-342,-396
2025-11-10T20:23:51.810281,150,193,543,690,161,73,311,701,9050,-4371,-3883,12343,-117,-1393,887,1592,-380,-230
2025-11-10T20:23:51.833019,212,207,553,717,188,82,297,706,9126,-4172,-3756,12395,-121,-1322,936,1561,-410,-183
2025-11-10T20:23:51.847458,243,248,562,609,186,80,478,687,9206,-3954,-3577,12460,14,-1079,1043,1666,-335,-138
2025-11-10T20:23:51.869484,241,224,523,519,234,78,504,591,9279,-3754,-3443,12505,70,-906,1143,1388,-300,-157
2025-11-10T20:23:51.892478,240,231,520,716,228,87,541,654,9339,-3597,-3366,12528,93,-911,1195,967,-280,-188
2025-11-10T20:23:51.906918,231,311,418,664,214,94,577,598,9402,-3451,-3311,12536,154,-921,1261,827,-256,-248
2025-11-10T20:23:51.929578,167,373,401,660,194,88,620,560,9462,-3326,-3272,12534,187,-925,1334,665,-199,-266
2025-11-10T20:23:51.952130,116,388,328,678,217,94,619,603,9524,-3213,-3234,12527,119,-869,1397,584,-174,-304
2025-11-10T20:23:51.968559,115,430,338,702,189,91,688,656,9576,-3109,-3197,12523,145,-837,1495,519,-146,-239
2025-11-10T20:23:51.989426,110,442,240,555,232,81,683,604,9610,-3018,-3181,12524,177,-891,1495,397,-175,-149
2025-11-10T20:23:52.012734,101,424,347,696,235,88,756,598,9634,-2915,-3161,12535,168,-859,1539,441,-241,-87
2025-11-10T20:23:52.027036,99,372,363,782,241,90,788,556,9644,-2803,-3122,12562,166,-794,1629,512,-253,27
2025-11-10T20:23:52.049869,95,332,378,785,258,81,728,509,9648,-2691,-3091,12591,128,-784,1551,497,-316,30
2025-11-10T20:23:52.072862,92,369,490,896,235,84,709,489,9662,-2582,-3059,12611,186,-698,1570,460,-260,-23
2025-11-10T20:23:52.087067,121,444,517,911,207,91,764,560,9681,-2483,-3024,12625,199,-547,1647,358,-190,-51
2025-11-10T20:23:52.109510,116,417,506,801,223,71,710,493,9696,-2436,-3034,12620,144,-654,1643,18,-139,-95
2025-11-10T20:23:52.132688,114,412,499,718,259,79,706,480,9710,-2423,-3053,12607,60,-848,1758,-70,-59,-120
2025-11-10T20:23:52.147054,120,416,512,775,268,102,837,489,9723,-2407,-3073,12595,15,-858,1723,-59,-101,-122
2025-11-10T20:23:52.170268,134,330,477,762,276,107,852,518,9724,-2389,-3101,12591,14,-989,1775,-36,-161,-56
2025-11-10T20:23:52.192667,108,193,494,806,275,101,799,425,9719,-2352,-3086,12606,-7,-987,1791,229,-134,43
2025-11-10T20:23:52.206959,103,215,452,933,279,106,773,430,9710,-2299,-3032,12636,-83,-846,1726,420,-125,102
2025-11-10T20:23:52.229357,103,240,447,959,252,100,787,446,9703,-2236,-2968,12667,-62,-760,1748,461,-124,102
2025-11-10T20:23:52.252841,123,254,477,994,246,91,923,560,9701,-2191,-2947,12682,-96,-792,1730,230,-193,4
2025-11-10T20:23:52.266965,118,276,425,940,253,90,984,551,9702,-2142,-2932,12693,74,-851,1740,244,-141,5
2025-11-10T20:23:52.289382,127,306,444,989,283,101,1004,558,9693,-2094,-2909,12713,107,-815,1749,266,-115,91
2025-11-10T20:23:52.312709,138,339,584,1067,295,117,1055,666,9675,-2043,-2878,12742,84,-791,1723,316,-125,159
2025-11-10T20:23:52.327080,139,337,614,1045,320,119,1067,662,9660,-1979,-2855,12769,154,-749,1752,302,-179,137
2025-11-10T20:23:52.349336,112,360,584,968,293,108,844,549,9633,-1888,-2790,12817,114,-915,2011,627,-209,244
2025-11-10T20:23:52.372782,107,388,573,980,285,111,756,523,9636,-1760,-2671,12858,18,-323,1772,775,-202,80
2025-11-10T20:23:52.395149,102,386,601,941,287,106,739,574,9643,-1709,-2668,12860,197,-627,1775,133,-138,-42
2025-11-10T20:23:52.409560,102,430,497,761,265,89,656,448,9656,-1663,-2668,12857,244,-652,1713,134,-96,-68
2025-11-10T20:23:52.432874,107,431,481,763,244,83,609,450,9661,-1628,-2679,12855,258,-765,1684,117,-86,-32
2025-11-10T20:23:52.454844,153,558,462,767,239,80,592,458,9671,-1581,-2666,12856,243,-653,1582,224,-66,-41
2025-11-10T20:23:52.470792,160,606,480,730,236,85,531,475,9693,-1547,-2674,12842,284,-531,1584,27,-45,-130
2025-11-10T20:23:52.492381,170,620,442,627,198,96,515,506,9706,-1532,-2705,12828,339,-522,1585,-150,-18,-82
2025-11-10T20:23:52.515183,176,682,416,658,207,95,489,490,9711,-1536,-2741,12816,362,-499,1558,-240,47,-16
2025-11-10T20:23:52.529453,204,768,420,629,190,98,390,571,9713,-1539,-2773,12807,362,-474,1634,-255,50,6
2025-11-10T20:23:52.553315,200,765,532,660,211,102,363,564,9714,-1548,-2819,12795,362,-435,1785,-397,24,-1
2025-11-10T20:23:52.575154,203,767,634,618,212,87,323,515,9700,-1591,-2883,12786,314,-656,1859,-505,64,88
2025-11-10T20:23:52.589417,201,836,684,685,234,75,258,395,9689,-1618,-2933,12780,363,-562,1803,-429,74,86
2025-11-10T20:23:52.613482,199,855,731,686,253,82,230,408,9664,-1671,-3013,12773,390,-616,1639,-604,83,162
2025-11-10T20:23:52.634826,174,885,779,707,259,84,190,257,9628,-1747,-3114,12766,267,-835,1517,-660,55,187
2025-11-10T20:23:52.657735,156,843,801,732,262,86,130,239,9610,-1813,-3197,12750,135,-876,1542,-538,22,50
2025-11-10T20:23:52.672646,155,825,828,731,253,88,123,240,9600,-1853,-3285,12729,186,-836,1578,-521,-73,-17
2025-11-10T20:23:52.695195,157,799,815,682,231,79,113,215,9569,-1894,-3373,12724,266,-841,1531,-513,-62,146
2025-11-10T20:23:52.709540,147,739,824,601,191,67,101,183,9526,-1948,-3473,12721,344,-826,1417,-608,-21,234
2025-11-10T20:23:52.732696,176,740,915,657,191,70,99,163,9462,-2022,-3591,12725,367,-994,1318,-665,-12,362
2025-11-10T20:23:52.754955,175,761,892,616,162,64,105,173,9395,-2102,-3691,12732,168,-1003,1310,-616,-25,357
2025-11-10T20:23:52.769499,178,775,884,614,177,79,104,151,9331,-2173,-3769,12744,72,-924,1404,-554,-39,342
2025-11-10T20:23:52.792671,170,730,912,559,166,83,103,147,9267,-2260,-3872,12746,166,-926,1365,-730,2,339
2025-11-10T20:23:52.814773,172,790,915,684,175,90,109,156,9192,-2362,-4012,12738,268,-1155,1303,-857,-3,378
2025-11-10T20:23:52.829412,170,714,892,704,180,94,119,162,9086,-2459,-4156,12749,201,-1236,1148,-801,-121,540
2025-11-10T20:23:52.852891,204,755,940,725,177,103,115,166,8961,-2563,-4341,12756,23,-1269,1027,-986,-318,530
2025-11-10T20:23:52.875325,311,763,930,775,193,105,117,181,8808,-2659,-4572,12762,-41,-1375,898,-1130,-565,583
2025-11-10T20:23:52.889474,320,804,956,869,208,117,123,191,8639,-2759,-4796,12774,69,-1411,1010,-1164,-506,712
2025-11-10T20:23:52.912709,323,824,988,898,234,130,119,176,8449,-2910,-4988,12794,-211,-1638,1063,-1141,-344,846
2025-11-10T20:23:52.935193,338,939,1032,938,239,133,99,153,8283,-3080,-5121,12810,-376,-1429,1036,-1021,-102,775
2025-11-10T20:23:52.949493,350,934,1054,1068,295,166,94,156,8168,-3273,-5182,12812,-482,-1351,1258,-875,273,600
2025-11-10T20:23:52.975686,285,1014,1074,1045,403,173,99,143,8079,-3490,-5197,12805,-746,-1128,1548,-942,477,464
2025-11-10T20:23:52.995134,306,1027,1074,1056,413,170,93,130,8009,-3639,-5224,12797,-810,-1162,2023,-979,190,222
2025-11-10T20:23:53.009084,309,968,1099,1035,404,162,104,154,7917,-3737,-5332,12781,-727,-1599,2146,-1146,-241,142
2025-11-10T20:23:53.032614,275,861,1045,1119,410,161,107,153,7866,-3731,-5365,12801,-351,-1628,2293,-467,-318,119
2025-11-10T20:23:53.055409,238,815,956,1008,377,153,101,126,7876,-3692,-5302,12831,-354,-1134,2309,-44,-102,-72
2025-11-10T20:23:53.069038,209,665,884,1100,251,179,87,111,7912,-3706,-5250,12827,-414,-1107,2418,-311,174,-212
2025-11-10T20:23:53.092767,160,574,795,1061,234,189,94,108,7955,-3764,-5258,12780,-305,-1480,2390,-618,316,-305
2025-11-10T20:23:53.115189,141,495,700,974,221,189,120,71,8012,-3821,-5298,12710,-172,-1425,2217,-742,323,-422
2025-11-10T20:23:53.129112,144,417,578,795,204,184,169,106,8058,-3904,-5356,12632,-138,-1630,2065,-799,389,-353
2025-11-10T20:23:53.153059,124,306,533,733,203,162,247,117,8106,-4003,-5353,12572,-323,-1748,1911,-444,537,-270
2025-11-10T20:23:53.175318,90,254,479,545,182,110,255,150,8184,-4091,-5284,12521,-405,-1584,1793,-91,691,-331
2025-11-10T20:23:53.189444,84,228,420,520,173,85,308,154,8292,-4175,-5190,12462,-455,-1581,1725,89,793,-471
2025-11-10T20:23:53.212874,86,230,376,701,197,84,300,160,8419,-4275,-5069,12392,-515,-1750,1750,226,979,-524
2025-11-10T20:23:53.240098,77,235,371,697,180,86,290,215,8570,-4445,-4941,12281,-769,-1972,1634,141,1310,-693
2025-11-10T20:23:53.246646,78,240,367,735,182,81,255,287,8730,-4566,-4751,12198,-942,-1769,1516,591,1193,-698
2025-11-10T20:23:53.269938,81,272,357,753,194,81,343,331,8892,-4593,-4597,12130,-770,-1479,1224,769,729,-815
2025-11-10T20:23:53.300717,83,266,356,719,206,83,352,370,9043,-4598,-4523,12044,-463,-1627,1130,567,505,-852
2025-11-10T20:23:53.316158,83,244,323,631,232,83,376,374,9191,-4582,-4452,11964,-286,-1916,1198,714,463,-773
2025-11-10T20:23:53.332304,84,216,349,776,249,84,381,358,9342,-4544,-4345,11901,-269,-1817,1085,981,462,-711
2025-11-10T20:23:53.354469,123,204,384,787,253,101,553,538,9478,-4451,-4259,11859,-206,-1412,925,1002,126,-695
2025-11-10T20:23:53.377740,130,167,383,789,247,102,586,598,9576,-4314,-4223,11844,112,-1500,790,1016,-197,-486
2025-11-10T20:23:53.391494,131,156,379,776,231,106,636,595,9645,-4160,-4142,11872,175,-1630,894,1314,-195,-162
2025-11-10T20:23:53.415600,140,140,358,786,177,100,640,606,9711,-3967,-3954,11947,137,-1408,931,1661,-156,2
2025-11-10T20:23:53.438021,162,152,304,650,167,93,671,653,9746,-3784,-3792,12030,86,-1200,1133,1564,-199,175
2025-11-10T20:23:53.451635,141,145,263,599,149,76,672,555,9767,-3611,-3679,12102,113,-975,1157,1210,-318,143
2025-11-10T20:23:53.477669,155,138,266,571,147,79,694,482,9775,-3466,-3615,12156,198,-975,1206,875,-322,134
2025-11-10T20:23:53.497649,194,143,292,575,153,70,650,508,9786,-3329,-3543,12207,279,-1133,1256,958,-217,158
2025-11-10T20:23:53.511921,187,152,267,488,244,83,651,504,9800,-3173,-3449,12265,341,-860,1433,959,-199,175
2025-11-10T20:23:53.535133,172,166,282,507,252,98,745,564,9811,-3033,-3359,12316,296,-688,1436,820,-170,157
2025-11-10T20:23:53.557410,173,178,336,528,255,97,686,539,9798,-2923,-3324,12362,383,-804,1384,534,-209,241
2025-11-10T20:23:53.571625,155,176,335,572,264,94,741,546,9778,-2822,-3276,12415,318,-857,1487,570,-170,294
2025-11-10T20:23:53.594987,94,187,310,578,317,96,756,508,9770,-2732,-3209,12458,182,-734,1581,544,-111,201
2025-11-10T20:23:53.617552,93,205,333,662,305,89,746,503,9766,-2663,-3182,12483,219,-688,1636,259,-109,112
2025-11-10T20:23:53.632208,86,227,306,621,294,84,719,492,9770,-2605,-3174,12494,309,-653,1575,136,-71,48
2025-11-10T20:23:53.655477,79,256,277,659,303,84,693,541,9760,-2566,-3194,12505,258,-855,1615,29,-121,93
2025-11-10T20:23:53.678081,80,268,306,761,342,83,563,523,9752,-2518,-3196,12521,196,-918,1651,161,-140,86
2025-11-10T20:23:53.691982,82,269,338,847,295,86,667,548,9748,-2456,-3161,12545,136,-812,1668,340,-107,96
2025-11-10T20:23:53.715221,81,273,324,791,246,80,715,630,9734,-2403,-3123,12576,-10,-777,1669,310,-150,131
2025-11-10T20:23:53.737688,85,246,327,804,265,78,627,663,9721,-2361,-3105,12598,-20,-882,1659,238,-163,93
2025-11-10T20:23:53.752167,81,213,332,783,259,75,680,650,9722,-2304,-3051,12621,-22,-814,1721,415,-99,50
2025-11-10T20:23:53.775247,81,196,291,650,191,89,806,671,9734,-2244,-2988,12637,-37,-664,1805,384,-73,-25
2025-11-10T20:23:53.797750,84,175,263,553,178,85,737,667,9753,-2213,-2977,12631,-99,-673,1759,60,-129,-155
2025-11-10T20:23:53.811998,85,145,258,549,175,85,803,647,9764,-2191,-3008,12619,49,-913,1788,-46,-168,-125
2025-11-10T20:23:53.834816,77,141,262,521,155,78,807,541,9756,-2147,-3000,12635,9,-919,1758,221,-195,42
2025-11-10T20:23:53.859159,88,152,292,530,144,92,790,524,9736,-2101,-2980,12662,-26,-919,1735,292,-206,129
2025-11-10T20:23:53.871937,93,160,329,641,243,82,649,538,9717,-2048,-2942,12694,-33,-880,1703,400,-175,144
2025-11-10T20:23:53.895271,98,202,381,705,256,81,689,629,9704,-1992,-2894,12725,-37,-783,1725,406,-154,118
2025-11-10T20:23:53.917779,101,191,393,745,271,84,636,682,9687,-1942,-2883,12747,107,-822,1672,255,-182,119
2025-11-10T20:23:53.931978,110,188,389,715,256,84,733,722,9665,-1888,-2844,12781,74,-850,1788,391,-140,183
2025-11-10T20:23:53.954972,98,191,374,708,256,72,705,785,9649,-1829,-2795,12813,41,-768,1772,430,-136,148
2025-11-10T20:23:53.977568,91,193,384,658,196,79,756,779,9642,-1757,-2747,12838,89,-689,1777,433,-161,86
2025-11-10T20:23:53.989131,90,146,364,615,186,85,757,729,9633,-1686,-2680,12868,31,-630,1836,487,-135,104
2025-11-10T20:23:54.013137,97,142,425,635,179,91,726,682,9626,-1620,-2638,12891,55,-602,1792,361,-175,69
2025-11-10T20:23:54.036111,91,144,450,652,192,105,821,682,9619,-1551,-2612,12910,147,-592,1778,305,-200,63
2025-11-10T20:23:54.051290,92,135,463,606,200,105,894,675,9597,-1492,-2582,12939,105,-682,1743,346,-182,164
2025-11-10T20:23:54.075179,89,128,467,628,207,108,869,679,9572,-1422,-2528,12976,107,-595,1783,456,-162,201
2025-11-10T20:23:54.097747,96,130,447,576,224,103,814,711,9538,-1362,-2469,13019,67,-613,1853,452,-130,261
2025-11-10T20:23:54.111914,98,123,378,495,232,104,878,685,9507,-1306,-2422,13056,76,-623,1803,405,-143,232
2025-11-10T20:23:54.135186,100,122,390,658,243,92,802,662,9479,-1241,-2376,13091,142,-612,1752,445,-152,219
2025-11-10T20:23:54.165190,120,98,353,690,236,96,840,700,9447,-1177,-2312,13131,89,-529,1795,483,-123,246
2025-11-10T20:23:54.171896,127,125,367,678,234,92,935,695,9418,-1115,-2266,13166,119,-499,1758,390,-157,215
2025-11-10T20:23:54.195187,136,126,379,727,263,98,1073,770,9389,-1054,-2226,13198,160,-520,1772,377,-147,216
2025-11-10T20:23:54.217648,130,135,411,766,249,99,1137,772,9350,-988,-2182,13239,162,-595,1771,461,-166,279
2025-11-10T20:23:54.240304,129,124,367,617,258,101,1075,759,9318,-913,-2125,13276,9,-408,1612,489,-244,214
2025-11-10T20:23:54.255121,111,125,358,640,276,97,1004,629,9295,-838,-2105,13300,229,-385,1713,294,-233,152
2025-11-10T20:23:54.278731,122,117,329,643,271,100,925,732,9275,-769,-2084,13321,242,-291,1721,229,-209,135
2025-11-10T20:23:54.299493,103,126,308,587,262,94,742,588,9256,-721,-2092,13336,354,-394,1763,79,-142,132
2025-11-10T20:23:54.314304,114,153,264,572,258,87,578,608,9243,-686,-2088,13347,343,-327,1750,63,-48,105
2025-11-10T20:23:54.337304,110,186,331,671,247,82,593,619,9236,-667,-2101,13351,376,-312,1726,-78,-11,68
2025-11-10T20:23:54.359745,130,262,349,626,229,90,706,660,9233,-673,-2133,13348,312,-387,1716,-205,15,23
2025-11-10T20:23:54.374880,121,275,319,618,210,86,716,655,9240,-681,-2162,13338,312,-358,1730,-224,41,-32
2025-11-10T20:23:54.397730,162,382,446,671,179,88,707,648,9247,-700,-2196,13326,297,-460,1755,-239,62,-42
2025-11-10T20:23:54.420148,162,449,568,608,179,87,649,642,9257,-703,-2224,13315,359,-391,1781,-199,44,-53
2025-11-10T20:23:54.442751,169,551,546,552,164,91,606,610,9272,-703,-2241,13302,405,-275,1757,-201,91,-66
2025-11-10T20:23:54.457705,166,578,627,605,171,78,366,570,9285,-709,-2288,13284,478,-235,1814,-397,57,-58
2025-11-10T20:23:54.480478,167,585,730,611,253,71,227,388,9292,-760,-2372,13262,461,-418,1774,-617,128,-36
2025-11-10T20:23:54.494338,145,535,749,566,257,75,221,443,9302,-829,-2434,13239,421,-584,1813,-513,265,-35
2025-11-10T20:23:54.517720,134,604,757,597,282,72,191,386,9313,-876,-2470,13222,417,-465,1716,-364,249,-31
2025-11-10T20:23:54.540132,149,572,773,588,281,76,198,496,9305,-932,-2526,13213,363,-516,1642,-457,185,73
2025-11-10T20:23:54.554076,152,603,801,545,285,81,178,477,9293,-1004,-2608,13200,331,-578,1651,-611,157,86
2025-11-10T20:23:54.577689,188,638,832,537,236,86,177,473,9286,-1105,-2690,13180,162,-676,1665,-673,204,29
2025-11-10T20:23:54.599679,195,655,839,546,240,81,165,407,9303,-1196,-2762,13146,95,-804,1626,-543,195,-140
2025-11-10T20:23:54.614278,201,559,872,500,217,81,158,389,9338,-1236,-2837,13101,207,-633,1483,-465,35,-279
2025-11-10T20:23:54.637640,197,607,922,668,235,76,102,232,9354,-1269,-2941,13064,371,-491,1501,-661,-33,-154
2025-11-10T20:23:54.660454,202,571,969,810,308,75,97,211,9346,-1331,-3091,13029,473,-715,1495,-872,-27,-10
2025-11-10T20:23:54.674514,178,565,1082,781,311,70,88,199,9304,-1420,-3212,13020,463,-870,1612,-780,125,259
2025-11-10T20:23:54.697678,203,565,1111,856,302,74,97,205,9239,-1518,-3303,13033,281,-910,1532,-643,139,419
2025-11-10T20:23:54.720559,209,666,1186,891,302,76,94,197,9162,-1638,-3421,13042,164,-932,1292,-792,101,444
2025-11-10T20:23:54.734342,217,610,1196,824,302,83,81,131,9082,-1771,-3537,13050,114,-926,1409,-881,135,467
2025-11-10T20:23:54.757531,225,589,1164,817,233,88,82,132,8971,-1936,-3670,13066,-55,-1171,1450,-979,107,611
2025-11-10T20:23:54.780195,239,665,1175,896,213,95,79,128,8858,-2081,-3795,13085,-156,-1285,1412,-837,0,588
2025-11-10T20:23:54.794469,222,784,1147,990,225,105,73,105,8753,-2199,-3906,13104,-142,-1225,1181,-672,-51,531
2025-11-10T20:23:54.818467,249,837,1018,1101,278,128,103,177,8635,-2316,-4049,13119,-190,-1048,973,-869,-172,547
2025-11-10T20:23:54.839757,292,883,1049,1083,266,125,104,186,8521,-2462,-4237,13107,-140,-1287,926,-1089,-129,467
2025-11-10T20:23:54.854409,287,927,1044,1015,259,122,105,187,8414,-2635,-4434,13077,38,-1090,846,-1321,80,476
2025-11-10T20:23:54.877439,290,931,910,1148,271,125,107,192,8322,-2860,-4619,13025,29,-873,849,-1553,387,438
2025-11-10T20:23:54.907749,290,908,890,1056,251,119,107,191,8232,-3127,-4799,12956,-224,-1499,1124,-1705,580,430
2025-11-10T20:23:54.914567,275,840,964,936,181,91,72,133,8112,-3419,-4899,12920,-644,-1673,1272,-1246,615,598
2025-11-10T20:23:54.937751,265,811,895,993,197,100,70,119,8022,-3648,-4961,12890,-735,-1380,1303,-1023,470,385
2025-11-10T20:23:54.960251,291,762,914,1065,208,150,86,108,7981,-3860,-5017,12832,-548,-1171,1537,-1123,626,144
2025-11-10T20:23:54.975251,286,658,847,832,183,177,86,94,7955,-4091,-5060,12760,-685,-1146,1934,-1321,779,46
2025-11-10T20:23:54.995303,285,528,869,860,206,186,91,92,7933,-4281,-5113,12689,-792,-1456,2281,-1291,579,-80
2025-11-10T20:23:55.025624,284,425,779,964,239,190,96,83,7934,-4394,-5177,12624,-760,-1449,2438,-1178,281,-299
2025-11-10T20:23:55.032667,251,311,735,941,211,201,96,82,7950,-4472,-5254,12555,-584,-1505,2422,-1121,194,-389
2025-11-10T20:23:55.056554,207,249,618,835,189,167,81,79,7954,-4542,-5319,12499,-587,-1708,2387,-977,155,-290
2025-11-10T20:23:55.080325,201,235,553,965,210,136,91,79,7970,-4615,-5352,12449,-535,-1808,2356,-784,283,-240
2025-11-10T20:23:55.094463,188,202,434,902,197,146,107,97,8006,-4719,-5338,12392,-699,-1860,2179,-566,535,-273
2025-11-10T20:23:55.117562,165,161,343,820,155,152,179,168,8069,-4824,-5287,12333,-676,-1755,1970,-329,699,-323
2025-11-10T20:23:55.140134,154,147,319,782,164,130,205,189,8133,-4938,-5251,12261,-680,-1837,1751,-324,711,-361
2025-11-10T20:23:55.154056,157,140,271,823,179,130,284,399,8193,-5043,-5207,12197,-729,-1970,1629,-163,660,-328
2025-11-10T20:23:55.177701,139,126,268,673,168,129,311,533,8273,-5106,-5094,12164,-761,-2023,1518,406,644,-282
2025-11-10T20:23:55.200241,144,111,246,721,180,99,369,600,8390,-5129,-4907,12151,-789,-2013,1507,946,709,-317
2025-11-10T20:23:55.222579,146,106,243,686,203,80,401,658,8535,-5124,-4690,12137,-918,-1949,1390,1256,673,-476
2025-11-10T20:23:55.237777,145,96,237,684,214,82,439,709,8697,-5101,-4465,12118,-885,-1694,1408,1295,665,-573
2025-11-10T20:23:55.260503,149,97,227,613,201,81,437,662,8840,-5086,-4325,12070,-845,-1906,1239,1004,462,-673
2025-11-10T20:23:55.283226,316,118,260,616,192,75,521,622,8961,-5014,-4257,12036,-709,-1891,919,999,-34,-697
2025-11-10T20:23:55.296942,329,128,289,507,178,73,530,626,9091,-4858,-4169,12033,-275,-1844,836,1438,-219,-573
2025-11-10T20:23:55.320160,341,178,313,522,166,83,555,621,9208,-4615,-3974,12105,-112,-1887,823,1962,-339,-255
2025-11-10T20:23:55.342649,355,199,368,508,156,84,621,623,9280,-4369,-3764,12209,-55,-1653,723,2003,-418,52
2025-11-10T20:23:55.357208,367,198,405,548,157,83,624,705,9344,-4090,-3527,12327,36,-1242,877,2177,-486,129
2025-11-10T20:23:55.380159,296,196,407,592,162,89,564,750,9390,-3828,-3318,12433,17,-1125,988,1955,-511,143
2025-11-10T20:23:55.402705,336,199,378,589,157,93,670,704,9420,-3596,-3133,12528,1,-1032,1066,1712,-468,171
2025-11-10T20:23:55.416536,330,158,363,575,182,92,710,703,9452,-3367,-2966,12608,104,-1032,1174,1615,-476,103
2025-11-10T20:23:55.439738,323,141,325,572,188,95,727,778,9490,-3124,-2825,12674,208,-860,1240,1576,-466,70
2025-11-10T20:23:55.463303,311,153,315,557,203,102,728,707,9528,-2898,-2711,12723,269,-573,1302,1257,-439,-8
2025-11-10T20:23:55.477040,262,171,288,593,195,98,750,621,9553,-2701,-2637,12764,313,-637,1286,1028,-434,18
2025-11-10T20:23:55.499790,181,161,286,599,196,93,687,650,9557,-2518,-2584,12809,335,-723,1349,916,-457,117
2025-11-10T20:23:55.522239,179,161,328,666,187,102,678,695,9547,-2334,-2490,12870,217,-635,1460,1046,-412,225
2025-11-10T20:23:55.544148,152,164,329,676,208,101,629,561,9503,-2062,-2351,12974,146,-493,1586,578,-315,256
2025-11-10T20:23:55.564100,146,161,294,685,224,98,722,517,9463,-1956,-2315,13026,122,-638,1663,509,-335,317
2025-11-10T20:23:55.582035,132,158,361,657,247,107,766,549,9419,-1854,-2276,13080,105,-761,1784,559,-325,345
2025-11-10T20:23:55.604406,142,188,425,755,263,123,854,629,9375,-1724,-2196,13142,113,-576,1804,760,-323,373
2025-11-10T20:23:55.623537,134,206,392,693,249,115,953,533,9322,-1594,-2130,13208,133,-466,1919,635,-375,416
2025-11-10T20:23:55.640234,158,340,384,678,234,121,1029,592,9260,-1466,-2079,13274,217,-448,1854,575,-380,463
2025-11-10T20:23:55.663391,177,350,384,661,212,127,1005,671,9190,-1343,-2022,13344,229,-449,1829,602,-345,519
2025-11-10T20:23:55.683650,177,347,364,741,203,125,1041,746,9119,-1238,-1967,13411,167,-414,1863,523,-308,509
2025-11-10T20:23:55.701953,168,347,301,679,239,126,951,708,9057,-1158,-1932,13465,116,-466,1833,388,-277,421
2025-11-10T20:23:55.724306,176,372,300,761,307,126,894,747,9006,-1084,-1888,13512,132,-532,1826,458,-205,367
2025-11-10T20:23:55.751540,155,279,389,901,346,131,909,743,8958,-998,-1831,13558,134,-457,1798,540,-221,342
2025-11-10T20:23:55.762268,149,281,401,895,373,131,975,737,8920,-904,-1773,13597,116,-491,1793,589,-260,259
2025-11-10T20:23:55.784140,172,319,403,856,372,130,914,752,8899,-786,-1696,13628,128,-367,1826,698,-297,156
2025-11-10T20:23:55.804543,176,373,403,858,379,128,1026,772,8904,-665,-1618,13641,177,72,1678,511,-269,-16
2025-11-10T20:23:55.821948,172,345,405,812,343,141,1055,793,8906,-612,-1633,13640,329,-357,1731,82,-159,-16
2025-11-10T20:23:55.844553,167,343,448,813,332,148,1045,790,8888,-575,-1620,13655,280,-432,1771,217,-43,136
2025-11-10T20:23:55.864111,154,341,472,920,307,160,1137,765,8871,-552,-1589,13670,127,-335,1777,200,-4,119
2025-11-10T20:23:55.881512,122,302,474,866,314,172,1144,672,8858,-537,-1565,13682,51,-327,1796,144,-27,91
2025-11-10T20:23:55.901293,110,239,487,895,293,174,1163,636,8852,-512,-1549,13689,78,-336,1773,150,-84,34
2025-11-10T20:23:55.923728,120,233,494,872,326,177,1136,616,8847,-467,-1535,13696,134,-328,1836,190,-153,29
2025-11-10T20:23:55.941479,135,236,376,687,290,174,1112,626,8841,-417,-1506,13705,106,-254,1811,244,-150,37
2025-11-10T20:23:55.964799,140,232,423,613,301,183,1002,646,8832,-374,-1489,13713,94,-278,1756,196,-160,46
2025-11-10T20:23:55.985873,163,259,483,718,359,193,1116,776,8829,-333,-1471,13718,141,-258,1796,174,-128,14
2025-11-10T20:23:55.999740,176,242,497,665,355,194,1025,875,8824,-294,-1457,13724,136,-273,1808,169,-136,27
2025-11-10T20:23:56.022359,173,259,571,771,317,199,1011,910,8831,-250,-1440,13722,147,-178,1781,147,-140,-56
2025-11-10T20:23:56.051103,184,246,609,869,361,214,1088,948,8836,-201,-1425,13721,171,-131,1807,128,-160,-41
2025-11-10T20:23:56.062174,193,231,606,904,356,195,1083,998,8846,-163,-1437,13714,226,-213,1787,17,-167,-74
2025-11-10T20:23:56.084500,181,216,550,852,296,174,1146,924,8863,-128,-1459,13701,272,-266,1774,-10,-155,-127
2025-11-10T20:23:56.103619,172,215,537,899,325,176,1183,844,8888,-90,-1477,13683,325,-195,1697,-18,-125,-174
2025-11-10T20:23:56.121951,162,224,458,834,316,160,1185,800,8920,-60,-1518,13658,339,-175,1664,-164,-149,-221
2025-11-10T20:23:56.144483,141,214,423,758,279,122,1094,774,8958,-32,-1559,13629,367,-186,1680,-166,-133,-261
2025-11-10T20:23:56.164618,137,260,371,697,277,121,1056,724,8996,-6,-1602,13598,407,-147,1692,-211,-111,-258
2025-11-10T20:23:56.181529,137,265,405,720,286,120,824,778,9038,9,-1665,13563,472,-99,1726,-372,-94,-276
2025-11-10T20:23:56.204467,138,296,404,634,222,99,696,789,9070,-3,-1750,13531,497,-258,1791,-485,-36,-205
2025-11-10T20:23:56.225987,153,406,418,572,229,98,591,782,9102,-39,-1837,13498,411,-332,1743,-533,17,-212
2025-11-10T20:23:56.242036,177,520,451,557,211,92,487,776,9135,-81,-1926,13463,427,-368,1727,-556,51,-218
2025-11-10T20:23:56.272016,186,656,452,475,218,84,362,783,9169,-134,-2029,13424,457,-250,1692,-731,73,-205
2025-11-10T20:23:56.283583,185,706,555,375,203,75,299,672,9202,-225,-2171,13378,436,-393,1744,-977,105,-216
2025-11-10T20:23:56.302024,197,712,679,440,211,68,293,625,9228,-321,-2291,13338,467,-500,1839,-868,205,-156
2025-11-10T20:23:56.324555,190,654,689,472,201,51,292,657,9247,-409,-2369,13309,403,-538,1897,-648,255,-94
2025-11-10T20:23:56.343436,187,688,772,469,221,59,251,609,9266,-485,-2428,13283,363,-552,1867,-516,246,-97
2025-11-10T20:23:56.361702,171,566,822,557,216,71,225,521,9278,-557,-2483,13261,359,-529,1711,-484,245,-53
2025-11-10T20:23:56.384535,191,542,774,546,205,77,231,542,9292,-636,-2559,13233,385,-479,1651,-636,232,-69
2025-11-10T20:23:56.403598,197,629,742,499,201,79,195,488,9298,-744,-2666,13202,273,-670,1622,-788,201,-51
2025-11-10T20:23:56.422213,206,712,829,484,206,78,136,395,9312,-836,-2761,13168,261,-633,1688,-726,168,-100
2025-11-10T20:23:56.444501,230,820,871,524,250,88,181,429,9308,-929,-2880,13139,289,-796,1693,-774,90,-13
2025-11-10T20:23:56.464172,245,877,889,532,246,78,190,421,9289,-1014,-2988,13121,357,-815,1643,-693,109,97
2025-11-10T20:23:56.483066,240,903,925,612,259,77,181,390,9250,-1098,-3054,13127,269,-768,1696,-530,170,268
2025-11-10T20:23:56.502196,259,1034,957,627,266,79,181,394,9183,-1204,-3155,13141,134,-982,1587,-646,62,395
2025-11-10T20:23:56.519365,253,1046,974,692,276,91,167,347,9118,-1294,-3236,13158,84,-963,1486,-506,35,375
2025-11-10T20:23:56.540595,237,1013,917,662,232,79,97,206,9070,-1377,-3294,13169,137,-725,1426,-494,135,313
2025-11-10T20:23:56.564851,242,1034,873,643,235,87,86,173,9027,-1502,-3385,13161,-7,-761,1537,-818,162,235
2025-11-10T20:23:56.583768,242,1051,915,609,216,92,83,140,8978,-1651,-3499,13147,-200,-1031,1752,-946,103,202
2025-11-10T20:23:56.601555,213,920,976,650,205,90,86,133,8928,-1747,-3586,13145,-107,-1174,1677,-579,-6,211
2025-11-10T20:23:56.628670,220,889,904,594,196,82,88,128,8896,-1803,-3638,13145,72,-861,1545,-413,30,169
2025-11-10T20:23:56.643421,220,858,888,576,177,87,94,133,8865,-1901,-3707,13133,53,-855,1430,-618,181,170
2025-11-10T20:23:56.661721,233,899,925,509,153,80,95,161,8812,-2030,-3811,13119,-102,-1053,1450,-816,114,231
2025-11-10T20:23:56.684443,243,868,974,513,143,95,99,220,8744,-2122,-3931,13115,-70,-1201,1345,-692,-104,277
2025-11-10T20:23:56.703648,311,871,897,481,144,110,112,442,8677,-2188,-4075,13105,110,-1089,1295,-787,-204,256
2025-11-10T20:23:56.721888,350,943,981,446,144,116,140,524,8586,-2282,-4259,13090,303,-1082,1197,-1069,-128,421
2025-11-10T20:23:56.744597,343,854,999,510,170,117,139,543,8447,-2448,-4459,13084,87,-1344,1195,-1289,-35,688
2025-11-10T20:23:56.771325,338,801,973,523,170,135,134,656,8295,-2636,-4647,13080,-196,-1554,1021,-1190,-30,706
2025-11-10T20:23:56.782002,353,774,950,606,195,139,133,711,8183,-2795,-4823,13053,-166,-1309,868,-1136,-22,444
2025-11-10T20:23:56.804189,338,803,951,603,202,144,139,673,8100,-2942,-5016,13000,132,-1255,878,-1246,76,313
2025-11-10T20:23:56.824373,309,729,953,715,202,138,115,651,8006,-3130,-5203,12941,-12,-1406,1117,-1406,209,375
2025-11-10T20:23:56.842038,328,752,1021,734,190,168,113,685,7884,-3329,-5418,12877,-257,-1685,1061,-1511,42,389
2025-11-10T20:23:56.864493,347,831,1135,770,214,176,119,582,7763,-3488,-5648,12810,-357,-1675,889,-1444,-199,250
2025-11-10T20:23:56.887469,336,941,1124,729,206,168,116,502,7647,-3634,-5872,12738,-62,-1624,1079,-1522,-108,315
2025-11-10T20:23:56.901947,301,882,1093,803,200,160,88,400,7530,-3824,-6029,12678,-370,-1559,1234,-1447,142,399
2025-11-10T20:23:56.924452,294,859,1050,766,185,298,82,338,7456,-4011,-6077,12642,-635,-1449,1780,-1161,402,305
2025-11-10T20:23:56.944316,265,828,942,761,192,320,79,251,7446,-4144,-6077,12604,-500,-1358,2263,-985,505,46
2025-11-10T20:23:56.961671,222,699,849,743,216,334,79,231,7451,-4272,-6159,12520,-442,-1353,2339,-1461,400,-237
2025-11-10T20:23:56.985934,189,513,718,737,216,405,89,246,7412,-4424,-6346,12395,-356,-1769,2327,-1635,268,-129
2025-11-10T20:23:57.003388,165,499,734,678,215,433,100,382,7395,-4504,-6418,12340,-266,-1998,2328,-1136,200,-64
2025-11-10T20:23:57.021627,157,467,639,671,217,358,106,401,7421,-4549,-6445,12293,-150,-2308,2112,-593,275,-158
2025-11-10T20:23:57.044493,151,454,604,605,209,334,105,382,7480,-4569,-6383,12282,-132,-2077,2008,-34,422,-126
2025-11-10T20:23:57.067340,131,364,505,569,193,316,99,372,7527,-4600,-6292,12289,-230,-1733,1861,50,452,-8
2025-11-10T20:23:57.082059,129,367,496,510,184,221,86,347,7564,-4676,-6230,12269,-306,-1902,1757,-152,567,-6
2025-11-10T20:23:57.104222,129,293,382,457,178,157,121,165,7590,-4767,-6159,12254,-435,-2081,1632,-49,597,58
2025-11-10T20:23:57.127008,118,232,362,464,171,146,220,102,7645,-4820,-6001,12277,-422,-1864,1579,518,663,112
2025-11-10T20:23:57.142045,151,212,342,460,158,122,438,150,7732,-4872,-5783,12307,-516,-1699,1575,814,848,54
2025-11-10T20:23:57.164507,149,192,265,518,108,98,483,166,7846,-4934,-5553,12316,-648,-1816,1529,926,982,-111
2025-11-10T20:23:57.186893,152,167,222,522,104,75,566,234,7994,-4977,-5293,12318,-765,-1921,1466,1237,1014,-276
2025-11-10T20:23:57.206266,158,140,178,521,113,74,660,322,8144,-5009,-5007,12327,-826,-1747,1369,1413,1006,-269
2025-11-10T20:23:57.225189,153,107,169,459,134,96,682,465,8307,-5003,-4730,12329,-808,-1641,1268,1526,852,-401
2025-11-10T20:23:57.247494,130,95,174,479,137,90,600,480,8450,-5001,-4553,12300,-745,-1874,1256,1120,622,-509
2025-11-10T20:23:57.267169,141,91,169,460,135,99,684,577,8565,-4970,-4450,12270,-557,-1883,1075,937,289,-493
2025-11-10T20:23:57.283452,140,81,184,498,156,113,725,633,8686,-4890,-4297,12272,-173,-1824,899,1415,313,-261
2025-11-10T20:23:57.306108,132,84,281,528,148,112,668,676,8813,-4746,-4028,12329,-271,-1849,978,1937,279,-107
2025-11-10T20:23:57.325378,145,105,327,571,147,99,687,717,8924,-4538,-3758,12412,-383,-1613,969,2135,-62,-64
2025-11-10T20:23:57.343942,246,125,339,571,156,107,685,770,9009,-4289,-3526,12507,-370,-1188,973,2040,-404,-37
2025-11-10T20:23:57.366274,262,153,424,715,174,101,636,875,9067,-4051,-3338,12596,-225,-1262,991,1787,-503,23
2025-11-10T20:23:57.386204,273,168,444,815,171,93,534,905,9130,-3822,-3162,12667,-123,-1188,1079,1681,-459,-55
2025-11-10T20:23:57.404382,319,169,436,856,193,99,520,902,9183,-3597,-2989,12736,-63,-1188,1001,1656,-457,-12
2025-11-10T20:23:57.426897,337,162,477,893,193,91,584,968,9228,-3329,-2816,12816,80,-945,958,1773,-650,11
2025-11-10T20:23:57.445042,286,159,475,887,200,90,631,975,9257,-3087,-2643,12892,160,-746,1068,1648,-538,103
2025-11-10T20:23:57.462258,272,152,466,783,235,95,570,844,9275,-2933,-2536,12937,-105,-797,1174,1119,-352,59
2025-11-10T20:23:57.488878,262,142,498,665,228,108,555,779,9291,-2798,-2469,12968,-2,-690,1275,800,-334,11
2025-11-10T20:23:57.506156,197,139,485,719,210,106,548,747,9300,-2629,-2409,13008,53,-534,1186,838,-510,42
2025-11-10T20:23:57.524098,168,135,426,688,226,106,568,732,9319,-2498,-2392,13023,14,-647,1254,564,-468,-101
2025-11-10T20:23:57.546935,152,226,436,705,236,103,520,674,9365,-2392,-2374,13014,-26,-733,1397,512,-330,-285
2025-11-10T20:23:57.566357,146,256,385,755,217,93,526,651,9415,-2282,-2312,13008,41,-566,1358,666,-180,-251
2025-11-10T20:23:57.584436,137,264,346,815,241,85,559,634,9450,-2218,-2300,12996,2,-492,1457,221,-167,-219
2025-11-10T20:23:57.606941,142,304,332,778,303,101,600,639,9470,-2158,-2309,12990,47,-729,1700,179,-208,-138
2025-11-10T20:23:57.627236,132,326,328,719,347,104,438,406,9473,-2103,-2319,12995,60,-749,1662,180,-212,-14
2025-11-10T20:23:57.644215,132,320,337,773,362,109,402,395,9485,-2031,-2289,13003,101,-676,1681,391,-135,-33
2025-11-10T20:23:57.667890,138,299,449,894,400,128,574,473,9477,-1972,-2296,13017,144,-548,1606,126,-201,65
2025-11-10T20:23:57.685787,142,288,448,901,389,127,637,475,9454,-1924,-2308,13039,119,-523,1715,32,-201,159
2025-11-10T20:23:57.704453,144,249,440,931,406,130,715,496,9454,-1896,-2330,13039,14,-483,1774,-115,-168,-31
2025-11-10T20:23:57.726515,141,219,445,980,361,135,883,588,9466,-1865,-2370,13027,94,-568,1791,-142,-186,-117
2025-11-10T20:23:57.746164,132,157,455,977,341,137,993,639,9477,-1858,-2435,13009,158,-584,1815,-344,-134,-120
2025-11-10T20:23:57.764465,122,144,316,796,287,118,937,596,9483,-1866,-2513,12988,163,-632,1776,-428,-116,-108
2025-11-10T20:23:57.786912,119,149,277,716,283,108,896,624,9480,-1881,-2595,12972,120,-796,1800,-410,-129,-51
2025-11-10T20:23:57.806176,122,208,366,702,223,92,911,602,9481,-1871,-2655,12961,103,-713,1683,-239,-186,-69
2025-11-10T20:23:57.824475,118,217,375,689,225,94,789,527,9485,-1818,-2683,12959,237,-636,1853,-23,-215,-46
2025-11-10T20:23:57.847278,110,220,352,610,219,88,810,492,9482,-1776,-2720,12960,224,-641,1798,-92,-215,-7
2025-11-10T20:23:57.866518,115,230,356,694,207,99,860,608,9479,-1746,-2758,12958,207,-699,1789,-103,-177,-4
2025-11-10T20:23:57.884359,115,225,398,735,258,106,1000,651,9478,-1719,-2780,12957,191,-706,1835,-48,-129,-12
2025-11-10T20:23:57.906964,111,169,304,626,240,104,992,695,9472,-1698,-2815,12957,102,-758,1829,-101,-190,-8
2025-11-10T20:23:57.921938,98,176,304,720,253,101,968,678,9461,-1678,-2838,12963,94,-877,1883,-2,-172,39
2025-11-10T20:23:57.944560,109,201,321,785,303,104,877,725,9445,-1653,-2831,12979,41,-840,1870,139,-131,93
2025-11-10T20:23:57.967025,116,202,326,722,305,116,907,695,9432,-1629,-2802,12998,-15,-814,1871,235,-87,91
2025-11-10T20:23:57.982713,119,205,282,713,286,114,736,637,9434,-1598,-2750,13012,-60,-711,1869,317,-44,7
2025-11-10T20:23:58.004576,113,207,292,733,316,115,714,576,9440,-1578,-2739,13012,-23,-671,1845,74,-100,-59
2025-11-10T20:23:58.027187,131,196,266,569,315,115,790,721,9425,-1569,-2748,13022,46,-905,1831,71,-104,72
2025-11-10T20:23:58.049314,129,147,257,477,275,118,917,676,9408,-1545,-2693,13049,-22,-779,1837,360,-14,147
2025-11-10T20:23:58.064488,123,118,268,456,265,119,949,690,9388,-1524,-2637,13077,-116,-711,1803,338,-41,155
2025-11-10T20:23:58.086860,119,108,252,558,241,127,1007,713,9361,-1487,-2598,13108,-37,-741,1801,328,-133,183
2025-11-10T20:23:58.109583,125,117,271,643,193,128,1009,762,9321,-1438,-2565,13149,-62,-773,1759,378,-241,253
2025-11-10T20:23:58.124496,113,109,267,685,160,129,994,692,9278,-1372,-2536,13192,54,-736,1728,411,-273,279
2025-11-10T20:23:58.146501,114,157,266,690,173,128,891,719,9235,-1301,-2484,13239,78,-636,1669,499,-210,309
2025-11-10T20:23:58.169715,113,163,301,761,204,112,851,679,9198,-1235,-2430,13281,132,-512,1694,434,-151,276
2025-11-10T20:23:58.188776,125,178,327,673,267,108,956,749,9163,-1188,-2420,13311,170,-598,1622,227,-178,235
2025-11-10T20:23:58.214552,123,171,356,650,281,102,921,747,9134,-1116,-2406,13340,281,-648,1668,350,-222,199
2025-11-10T20:23:58.229884,119,184,377,670,318,101,945,774,9118,-1025,-2376,13363,319,-491,1740,393,-235,118
2025-11-10T20:23:58.248952,106,141,364,694,327,96,953,766,9104,-948,-2366,13381,376,-471,1721,257,-202,106
2025-11-10T20:23:58.275104,106,134,331,628,322,93,934,804,9096,-883,-2347,13394,389,-399,1740,226,-117,78
2025-11-10T20:23:58.289455,103,127,310,635,275,80,794,721,9096,-827,-2342,13398,457,-406,1726,135,-73,21
2025-11-10T20:23:58.304164,102,142,277,619,258,85,817,724,9105,-785,-2350,13393,453,-420,1675,45,-46,-37
2025-11-10T20:23:58.331323,99,167,259,564,274,80,746,659,9116,-751,-2362,13386,403,-420,1702,3,-50,-59
2025-11-10T20:23:58.349206,115,266,255,511,250,71,672,651,9136,-718,-2365,13373,376,-396,1695,24,-29,-120
2025-11-10T20:23:58.364240,115,358,258,509,235,74,543,597,9160,-688,-2379,13356,360,-357,1664,-50,-57,-159
2025-11-10T20:23:58.386905,145,384,323,512,230,82,505,671,9191,-662,-2419,13328,423,-224,1666,-263,-79,-203
2025-11-10T20:23:58.409520,157,392,364,529,239,78,439,622,9216,-676,-2497,13296,443,-329,1631,-510,-17,-167
2025-11-10T20:23:58.424437,165,394,428,582,199,75,425,628,9240,-730,-2567,13263,307,-681,1731,-446,112,-176
2025-11-10T20:23:58.447124,162,346,525,667,203,80,418,571,9288,-732,-2560,13231,283,-470,1786,-41,128,-296
2025-11-10T20:23:58.469063,157,267,700,691,228,77,410,522,9330,-743,-2575,13198,232,-359,1681,-216,69,-271
2025-11-10T20:23:58.485894,143,262,751,732,240,79,360,382,9366,-780,-2680,13149,312,-366,1647,-723,-62,-277
2025-11-10T20:23:58.504725,147,261,927,701,225,77,260,381,9383,-857,-2851,13096,432,-632,1589,-1032,-54,-183
2025-11-10T20:23:58.527467,179,301,992,655,205,77,190,300,9381,-942,-2959,13068,333,-901,1799,-673,100,-22
2025-11-10T20:23:58.542936,187,302,1056,692,219,81,200,443,9380,-1008,-3005,13053,172,-886,1791,-341,127,-17
2025-11-10T20:23:58.567011,191,311,973,697,209,79,203,534,9395,-1055,-3024,13034,248,-683,1692,-245,193,-77
2025-11-10T20:23:58.589282,192,363,998,615,207,69,188,550,9403,-1109,-3062,13015,331,-567,1729,-429,201,-15
2025-11-10T20:23:58.604434,205,474,850,622,233,77,168,522,9391,-1201,-3132,12999,253,-701,1734,-646,205,84
2025-11-10T20:23:58.627494,195,492,818,682,246,76,171,530,9375,-1294,-3198,12986,197,-870,1766,-564,193,93
2025-11-10T20:23:58.649098,201,620,797,612,245,73,121,410,9370,-1363,-3247,12970,174,-897,1679,-388,152,21
2025-11-10T20:23:58.664301,213,642,814,596,237,78,116,323,9359,-1407,-3303,12959,295,-871,1644,-352,66,56
2025-11-10T20:23:58.686995,220,631,791,623,244,78,150,368,9322,-1450,-3380,12961,413,-828,1552,-450,25,231
2025-11-10T20:23:58.709515,201,605,825,581,239,73,155,373,9271,-1526,-3472,12965,457,-907,1530,-596,130,348
2025-11-10T20:23:58.724491,197,657,905,529,217,86,153,354,9213,-1621,-3520,12982,300,-925,1670,-490,260,428
2025-11-10T20:23:58.747136,213,591,942,575,213,92,152,358,9141,-1730,-3571,13004,70,-1017,1641,-505,195,465
2025-11-10T20:23:58.769433,212,579,1015,567,203,93,141,317,9086,-1814,-3642,13012,78,-976,1434,-505,60,313
2025-11-10T20:23:58.784444,207,567,1176,638,216,100,101,223,9023,-1870,-3740,13020,226,-871,1199,-543,-80,339
2025-11-10T20:23:58.807037,235,593,1247,626,190,102,91,201,8949,-1946,-3866,13023,285,-1119,1171,-639,-51,388
2025-11-10T20:23:58.830203,232,592,1225,630,203,153,99,319,8854,-2040,-4012,13030,138,-1091,1091,-797,-138,471
2025-11-10T20:23:58.844536,213,552,1234,653,250,161,96,375,8747,-2110,-4154,13046,122,-1147,1232,-739,-261,518
2025-11-10T20:23:58.867008,222,610,1313,772,294,169,105,394,8629,-2165,-4298,13069,82,-1111,1178,-714,-374,554
2025-11-10T20:23:58.889014,233,646,1187,729,274,173,103,449,8518,-2227,-4443,13083,-34,-1100,1040,-726,-373,470
2025-11-10T20:23:58.904481,252,649,1154,790,283,178,125,616,8436,-2337,-4592,13065,-35,-1089,1064,-947,-108,320
2025-11-10T20:23:58.927071,267,627,1233,859,278,135,125,605,8384,-2530,-4795,12990,-328,-1101,941,-1468,83,18
2025-11-10T20:23:58.948979,275,654,1268,811,228,120,152,633,8338,-2702,-5029,12896,-281,-1302,868,-1670,61,-23
2025-11-10T20:23:58.972382,296,678,1158,810,190,124,221,699,8276,-2889,-5276,12796,-105,-1700,1046,-1556,36,-3
2025-11-10T20:23:58.987919,316,747,1169,934,217,161,248,687,8223,-3053,-5456,12717,71,-1670,1306,-1305,187,110
2025-11-10T20:23:59.007267,295,744,1173,1008,250,176,240,685,8145,-3281,-5603,12646,-162,-1325,1190,-1468,424,329
2025-11-10T20:23:59.029613,291,774,1107,1012,253,175,234,653,8032,-3528,-5819,12554,-587,-1519,1126,-1904,292,397
2025-11-10T20:23:59.045686,301,919,1037,993,254,179,223,600,7937,-3739,-6012,12462,-508,-1811,1324,-1690,252,291
2025-11-10T20:23:59.069433,282,921,1012,975,240,169,146,514,7877,-3904,-6107,12403,-305,-1745,1577,-1158,295,181
2025-11-10T20:23:59.092005,266,871,1001,892,236,136,91,486,7818,-4023,-6154,12379,-550,-1629,1762,-890,113,135
2025-11-10T20:23:59.106821,268,832,968,803,226,172,87,264,7768,-4062,-6171,12389,-508,-1603,2111,-637,-147,88
2025-11-10T20:23:59.129471,257,755,910,821,233,202,87,246,7728,-4043,-6186,12414,-397,-1735,2332,-487,-348,12
2025-11-10T20:23:59.160153,223,525,794,918,323,214,67,236,7676,-3979,-6224,12448,-420,-1678,2343,-486,-651,-54
2025-11-10T20:23:59.166887,206,488,753,836,352,242,75,197,7653,-3923,-6313,12434,-35,-1387,2107,-783,-505,-194
2025-11-10T20:23:59.189379,172,424,667,775,342,241,71,182,7664,-3918,-6421,12374,92,-1678,2113,-979,-175,-328
2025-11-10T20:23:59.212143,139,392,593,721,330,219,82,142,7697,-3974,-6503,12293,167,-1729,1974,-982,245,-268
2025-11-10T20:23:59.226963,132,376,480,619,326,196,82,127,7734,-4118,-6545,12199,69,-1716,1828,-1034,724,-109
2025-11-10T20:23:59.249461,138,363,465,494,231,181,153,123,7763,-4304,-6560,12108,-280,-1847,1594,-903,848,-84
2025-11-10T20:23:59.271917,152,196,410,513,174,145,192,182,7801,-4466,-6541,12035,-365,-2098,1480,-540,823,-107
2025-11-10T20:23:59.286965,280,126,357,480,152,135,247,262,7889,-4577,-6446,11988,-222,-2300,1523,95,937,-160
2025-11-10T20:23:59.309315,300,90,249,482,118,100,255,287,8027,-4658,-6228,11979,-196,-2069,1596,758,1214,-112
2025-11-10T20:23:59.332000,301,75,192,418,82,82,326,459,8138,-4779,-5967,11990,-425,-1742,1522,790,1351,123
2025-11-10T20:23:59.347115,331,79,171,366,63,72,369,502,8206,-4951,-5733,11988,-741,-1680,1466,454,1338,196
2025-11-10T20:23:59.377562,395,92,209,302,75,50,375,539,8261,-5153,-5584,11935,-870,-1997,1274,83,1250,7
2025-11-10T20:23:59.391987,378,93,226,434,85,47,371,685,8348,-5307,-5437,11875,-879,-2226,1207,361,1124,-204
2025-11-10T20:23:59.407674,376,97,382,458,125,61,431,885,8453,-5412,-5281,11824,-839,-2313,1077,678,978,-288
2025-11-10T20:23:59.437685,443,97,403,475,133,66,438,967,8574,-5424,-5072,11822,-786,-2119,902,1321,697,-259
2025-11-10T20:23:59.451968,462,112,446,472,141,75,429,1012,8666,-5367,-4893,11856,-554,-2237,672,1580,262,-82
2025-11-10T20:23:59.466971,410,110,461,595,161,80,467,1076,8756,-5180,-4641,11975,-287,-2276,637,2070,-91,155
2025-11-10T20:23:59.491653,374,158,515,538,177,87,471,1030,8835,-4934,-4346,12130,-299,-1677,552,2428,-289,276
2025-11-10T20:23:59.511246,370,161,470,605,175,84,506,907,8930,-4657,-4045,12273,-285,-1301,525,2533,-355,136
2025-11-10T20:23:59.526334,296,173,487,612,171,82,473,744,9032,-4369,-3790,12386,-185,-1179,756,2322,-473,-67
2025-11-10T20:23:59.549215,259,180,478,696,192,76,493,683,9123,-4097,-3587,12471,-201,-1255,866,2002,-540,-164
2025-11-10T20:23:59.571314,251,177,460,659,204,83,524,584,9220,-3834,-3427,12529,-82,-1026,876,1749,-582,-325
2025-11-10T20:23:59.594471,223,148,390,714,199,81,562,526,9329,-3581,-3322,12551,109,-777,892,1494,-553,-472
2025-11-10T20:23:59.609076,200,159,344,660,199,80,619,451,9415,-3353,-3281,12561,302,-934,979,1152,-584,-413
2025-11-10T20:23:59.633249,183,152,304,645,199,75,693,499,9478,-3125,-3226,12586,402,-1107,1151,1254,-530,-223
2025-11-10T20:23:59.646771,142,145,255,564,201,77,713,612,9523,-2892,-3121,12634,256,-937,1273,1398,-510,-82
2025-11-10T20:23:59.669327,124,157,242,572,184,74,684,577,9544,-2677,-3019,12691,222,-677,1319,1205,-496,37
2025-11-10T20:23:59.691548,116,224,256,484,180,73,711,559,9536,-2500,-2937,12752,211,-672,1483,943,-438,191
2025-11-10T20:23:59.706982,122,269,281,498,173,77,675,620,9528,-2360,-2872,12799,142,-655,1521,731,-366,148
2025-11-10T20:23:59.729461,110,273,287,531,180,78,750,597,9522,-2238,-2825,12836,179,-719,1626,607,-311,110
2025-11-10T20:23:59.751889,90,273,302,542,154,76,742,498,9526,-2104,-2764,12869,192,-566,1703,630,-309,51
2025-11-10T20:23:59.766988,95,271,319,596,162,76,917,558,9530,-1996,-2742,12887,204,-536,1761,345,-315,1
2025-11-10T20:23:59.790101,99,248,327,619,167,79,989,610,9529,-1918,-2755,12898,236,-701,1774,168,-288,7
2025-11-10T20:23:59.811964,88,206,278,582,172,73,1049,586,9524,-1843,-2751,12913,216,-778,1717,293,-240,39
2025-11-10T20:23:59.826992,96,264,312,627,172,76,1057,644,9521,-1760,-2725,12932,232,-730,1731,401,-199,57
2025-11-10T20:23:59.849180,106,271,321,647,214,87,1158,660,9519,-1681,-2686,12952,188,-623,1762,395,-172,52
2025-11-10T20:23:59.871915,115,269,314,555,232,87,1183,714,9509,-1611,-2679,12970,161,-703,1665,287,-254,61
2025-11-10T20:23:59.886946,107,260,367,640,269,88,1121,667,9506,-1517,-2664,12986,249,-738,1668,425,-292,19
2025-11-10T20:23:59.909240,113,304,413,697,291,89,1104,702,9504,-1388,-2628,13010,304,-592,1698,572,-360,35
2025-11-10T20:23:59.931707,106,298,386,695,293,91,1013,742,9494,-1258,-2592,13038,412,-478,1865,496,-335,95
2025-11-10T20:23:59.954069,102,329,374,680,280,83,894,704,9490,-1150,-2575,13054,472,-366,1722,315,-261,48
2025-11-10T20:23:59.969450,110,348,364,768,271,109,783,672,9489,-1078,-2580,13060,490,-414,1747,115,-162,32
2025-11-10T20:23:59.991846,124,370,322,717,248,114,797,698,9498,-1033,-2584,13056,439,-484,1838,50,-57,-37
2025-11-10T20:24:00.011977,124,433,380,729,261,118,732,636,9500,-1032,-2607,13050,410,-644,1730,-82,52,6
2025-11-10T20:24:00.027074,137,456,388,665,270,116,738,525,9512,-1042,-2618,13038,294,-574,1669,-92,99,-65
2025-11-10T20:24:00.050889,169,504,453,654,280,126,714,604,9533,-1066,-2654,13014,238,-552,1678,-275,64,-147
2025-11-10T20:24:00.074519,172,576,495,545,269,106,570,536,9552,-1102,-2696,12988,188,-654,1712,-304,64,-144
2025-11-10T20:24:00.089413,178,663,513,522,256,97,456,484,9570,-1128,-2741,12963,154,-688,1725,-276,-7,-162
2025-11-10T20:24:00.111942,198,607,496,427,211,97,400,610,9594,-1135,-2776,12938,193,-631,1791,-210,-39,-187
2025-11-10T20:24:00.134623,199,594,555,454,208,99,359,637,9623,-1138,-2799,12910,239,-487,1746,-213,10,-205
2025-11-10T20:24:00.154043,213,643,520,478,173,92,489,788,9641,-1155,-2858,12883,224,-652,1629,-325,-62,-162
2025-11-10T20:24:00.171876,211,633,572,567,194,103,518,870,9659,-1149,-2865,12868,240,-558,1732,-75,5,-123
2025-11-10T20:24:00.194488,208,627,622,530,208,117,518,879,9685,-1163,-2892,12841,303,-480,1737,-280,68,-166
2025-11-10T20:24:00.213691,215,695,707,586,264,115,474,782,9707,-1185,-2956,12808,376,-661,1700,-389,15,-167
2025-11-10T20:24:00.232868,212,782,772,662,259,117,465,747,9726,-1201,-3008,12781,383,-571,1685,-356,31,-133
2025-11-10T20:24:00.254414,182,870,803,646,269,115,262,479,9740,-1240,-3093,12746,397,-600,1614,-569,20,-124
2025-11-10T20:24:00.269334,204,921,858,623,277,101,140,246,9742,-1300,-3189,12714,339,-827,1641,-595,29,-73
2025-11-10T20:24:00.291199,217,1010,877,648,270,87,135,170,9742,-1355,-3279,12685,349,-905,1622,-518,26,-50
2025-11-10T20:24:00.313960,210,1108,921,615,223,92,136,176,9742,-1398,-3354,12661,348,-829,1593,-451,24,-38
2025-11-10T20:24:00.329104,210,1092,879,542,221,87,102,148,9731,-1455,-3433,12642,390,-755,1660,-579,71,58
2025-11-10T20:24:00.351761,208,1058,926,546,209,85,96,139,9695,-1542,-3520,12635,299,-1005,1709,-619,91,201
2025-11-10T20:24:00.374440,203,1068,919,501,181,95,94,127,9651,-1618,-3581,12643,174,-1121,1692,-404,56,255
2025-11-10T20:24:00.389130,193,973,976,614,200,96,81,127,9622,-1662,-3604,12652,179,-929,1589,-202,70,190
2025-11-10T20:24:00.411963,181,865,951,643,198,86,73,127,9585,-1722,-3652,12659,181,-842,1502,-397,60,229
2025-11-10T20:24:00.434856,199,844,1022,628,213,89,71,143,9531,-1803,-3740,12663,146,-1108,1574,-557,-19,277
2025-11-10T20:24:00.449499,204,813,1005,678,245,87,70,209,9476,-1838,-3805,12680,213,-1095,1537,-304,-121,296
2025-11-10T20:24:00.471566,184,778,1017,730,244,74,95,308,9410,-1849,-3857,12711,331,-896,1526,-248,-147,411
2025-11-10T20:24:00.494313,185,809,1021,690,247,72,97,329,9323,-1917,-3944,12738,318,-1065,1418,-509,-42,532
2025-11-10T20:24:00.514871,188,757,983,674,249,81,106,353,9218,-2028,-4015,12776,-73,-1116,1320,-540,0,612
2025-11-10T20:24:00.530210,267,755,982,675,229,85,161,549,9121,-2111,-4086,12810,-189,-1146,1386,-465,-166,489
2025-11-10T20:24:00.553762,303,752,1104,673,196,86,171,603,9048,-2130,-4147,12838,-10,-1035,1412,-288,-292,347
2025-11-10T20:24:00.569424,306,712,1126,687,224,96,168,658,8990,-2145,-4219,12853,143,-991,1404,-349,-246,266
2025-11-10T20:24:00.591992,328,635,1078,658,206,94,171,671,8918,-2182,-4306,12868,45,-933,1360,-521,-257,326
2025-11-10T20:24:00.614465,346,755,1130,775,224,99,172,751,8828,-2249,-4460,12866,-28,-1190,1254,-813,-372,317
2025-11-10T20:24:00.629444,317,783,1104,858,245,103,127,665,8727,-2326,-4665,12849,36,-1307,1042,-1012,-448,307
2025-11-10T20:24:00.651955,304,792,1018,882,258,120,123,611,8627,-2414,-4878,12821,198,-1082,1112,-1238,-356,344
2025-11-10T20:24:00.674503,324,830,1052,1028,231,113,116,538,8487,-2544,-5095,12805,-29,-1647,1398,-1287,-361,523
2025-11-10T20:24:00.689407,306,878,1111,1148,246,125,110,569,8303,-2648,-5244,12844,-265,-1655,1173,-795,-486,812
2025-11-10T20:24:00.711981,319,808,1157,1124,242,129,116,478,8146,-2699,-5369,12882,-345,-1485,1108,-583,-627,589
2025-11-10T20:24:00.734475,366,892,1248,1135,260,142,117,472,8009,-2748,-5514,12897,-189,-1253,1024,-768,-562,485
2025-11-10T20:24:00.749241,383,872,1298,1189,254,141,111,474,7906,-2861,-5681,12863,-164,-1084,1193,-1261,-223,319
2025-11-10T20:24:00.771952,380,882,1246,1069,262,152,118,461,7827,-3017,-5852,12799,-241,-1418,1514,-1455,-5,173
2025-11-10T20:24:00.794483,376,948,1211,982,260,196,117,383,7789,-3137,-5991,12729,-140,-1585,1654,-1219,51,-25
2025-11-10T20:24:00.825200,346,923,1081,961,258,214,102,337,7793,-3197,-6096,12662,224,-1203,1861,-1095,86,-125
2025-11-10T20:24:00.832707,260,767,917,887,248,210,92,283,7785,-3268,-6199,12598,294,-1188,2013,-1217,133,-14
2025-11-10T20:24:00.854403,195,723,762,849,255,249,91,256,7788,-3365,-6268,12536,-15,-1367,2337,-1226,239,-89
2025-11-10T20:24:00.876948,155,632,719,817,248,283,90,199,7787,-3457,-6335,12478,-141,-1594,2336,-1137,172,-129
2025-11-10T20:24:00.891780,159,421,721,741,262,258,111,236,7807,-3537,-6428,12396,-46,-1874,2091,-1070,165,-310
2025-11-10T20:24:00.914376,151,408,703,686,292,253,121,284,7842,-3610,-6478,12326,198,-2025,2037,-766,344,-197
2025-11-10T20:24:00.936851,143,415,665,729,272,257,122,272,7888,-3675,-6441,12297,168,-1917,1802,-204,527,-51
2025-11-10T20:24:00.952847,143,346,633,605,254,226,163,294,7949,-3726,-6356,12286,13,-1851,1756,100,561,-98
2025-11-10T20:24:00.974444,149,304,534,566,254,173,187,301,8034,-3762,-6260,12270,101,-1783,1785,187,622,-187
2025-11-10T20:24:00.996084,139,250,327,606,218,156,198,277,8125,-3831,-6135,12251,-21,-1797,1797,227,821,-149
2025-11-10T20:24:01.011697,136,215,365,622,145,128,207,225,8201,-3949,-5978,12241,-267,-1880,1786,273,1005,-16
2025-11-10T20:24:01.041115,173,189,346,537,128,109,334,358,8261,-4102,-5804,12234,-507,-1954,1607,341,1099,72
2025-11-10T20:24:01.055830,258,155,317,617,130,73,384,593,8331,-4242,-5579,12243,-615,-1813,1565,627,1166,103
2025-11-10T20:24:01.071955,303,136,317,588,112,70,416,636,8435,-4398,-5341,12223,-672,-1807,1484,671,1372,-68
2025-11-10T20:24:01.094430,308,164,314,594,104,78,512,723,8551,-4558,-5088,12192,-794,-1889,1436,795,1443,-143
2025-11-10T20:24:01.116965,380,161,265,604,99,79,616,922,8679,-4671,-4809,12172,-942,-1939,1398,1134,1281,-228
2025-11-10T20:24:01.132014,427,178,314,628,106,77,631,938,8802,-4746,-4577,12144,-899,-2017,1273,1129,1008,-328
2025-11-10T20:24:01.153990,432,221,473,617,115,86,727,923,8901,-4763,-4416,12125,-701,-1906,1062,1051,552,-316
2025-11-10T20:24:01.176988,405,221,505,679,125,97,844,1070,8958,-4743,-4316,12127,-466,-1953,830,987,191,-128
2025-11-10T20:24:01.192112,406,199,565,672,160,97,792,1077,9023,-4638,-4156,12175,-231,-1777,780,1560,39,29
2025-11-10T20:24:01.214518,350,214,561,645,174,103,756,959,9115,-4448,-3937,12250,-238,-1475,708,1829,-113,-67
2025-11-10T20:24:01.237233,287,202,556,658,178,104,742,989,9209,-4216,-3743,12322,-130,-1248,755,1841,-350,-179
2025-11-10T20:24:01.260249,218,190,524,680,191,97,685,998,9306,-3968,-3557,12386,-34,-1175,735,1849,-418,-236
2025-11-10T20:24:01.274466,204,192,503,666,210,90,519,829,9408,-3737,-3393,12427,41,-1134,888,1670,-374,-342
2025-11-10T20:24:01.296983,190,182,426,610,228,90,558,757,9499,-3491,-3243,12469,166,-896,912,1625,-480,-322
2025-11-10T20:24:01.311655,169,177,408,594,239,104,754,746,9571,-3245,-3141,12507,316,-854,964,1476,-496,-201
2025-11-10T20:24:01.334480,123,275,391,610,251,109,755,649,9635,-3027,-3052,12534,328,-868,1057,1311,-417,-200
2025-11-10T20:24:01.356552,97,263,270,555,243,113,805,517,9694,-2807,-2922,12571,285,-807,1339,1420,-314,-123
2025-11-10T20:24:01.371952,104,291,413,559,225,121,849,571,9733,-2597,-2813,12611,307,-584,1372,1181,-361,-49
2025-11-10T20:24:01.394492,100,320,442,583,202,120,871,663,9743,-2425,-2754,12650,368,-660,1458,849,-370,72
2025-11-10T20:24:01.416972,111,318,464,610,184,111,825,642,9748,-2257,-2688,12691,376,-546,1511,810,-332,103
2025-11-10T20:24:01.432382,110,242,490,630,229,105,820,618,9743,-2122,-2647,12727,279,-550,1572,583,-333,112
2025-11-10T20:24:01.454424,127,259,528,692,294,111,786,649,9739,-2005,-2638,12751,302,-622,1623,406,-351,65
2025-11-10T20:24:01.476988,128,270,434,685,304,104,840,610,9740,-1887,-2622,12772,345,-544,1641,411,-310,41
2025-11-10T20:24:01.493227,135,259,432,696,357,114,832,555,9740,-1792,-2613,12787,320,-496,1724,263,-251,32
2025-11-10T20:24:01.513966,130,256,416,665,370,107,812,573,9749,-1724,-2612,12790,234,-485,1793,115,-192,-47
2025-11-10T20:24:01.536412,140,256,372,618,337,112,870,635,9757,-1674,-2626,12787,162,-623,1816,50,-208,-76
2025-11-10T20:24:01.551786,125,243,348,535,278,108,957,614,9762,-1616,-2644,12788,225,-721,1821,116,-230,-51
2025-11-10T20:24:01.574212,127,271,427,594,296,114,922,627,9758,-1536,-2622,12805,181,-640,1948,317,-246,33
2025-11-10T20:24:01.596955,134,269,418,566,251,115,979,610,9737,-1469,-2592,12835,41,-694,1909,350,-258,134
2025-11-10T20:24:01.611925,144,295,492,687,304,125,1052,659,9711,-1378,-2544,12874,85,-688,1862,540,-293,189
2025-11-10T20:24:01.635114,144,296,504,754,319,125,1037,677,9688,-1260,-2467,12918,197,-554,1834,711,-258,196
2025-11-10T20:24:01.656947,149,302,525,751,318,130,1041,723,9675,-1151,-2394,12952,64,-285,1781,546,-291,110
2025-11-10T20:24:01.671962,146,239,461,702,371,136,1009,694,9672,-1102,-2421,12953,221,-579,1795,33,-261,-20
2025-11-10T20:24:01.694440,145,264,466,805,404,144,976,757,9646,-1033,-2428,12977,280,-704,1819,263,-288,153
2025-11-10T20:24:01.716929,166,237,429,740,361,143,890,724,9615,-957,-2423,13007,311,-603,1743,308,-271,200
2025-11-10T20:24:01.731974,162,250,436,727,361,141,884,712,9582,-909,-2418,13035,228,-611,1741,225,-197,212
2025-11-10T20:24:01.762711,167,248,373,716,367,134,761,631,9564,-865,-2408,13053,201,-509,1680,192,-163,113
2025-11-10T20:24:01.776910,172,270,372,709,292,125,884,714,9556,-816,-2408,13063,298,-564,1712,187,-155,46
2025-11-10T20:24:01.791961,165,305,417,637,242,114,897,724,9554,-760,-2391,13070,359,-447,1773,215,-105,24
2025-11-10T20:24:01.822689,141,373,415,695,228,103,802,743,9559,-714,-2390,13070,372,-418,1721,107,-100,-25
2025-11-10T20:24:01.837606,155,474,397,624,205,101,736,690,9573,-669,-2411,13058,495,-421,1671,5,-90,-91
2025-11-10T20:24:01.860213,175,576,438,632,219,96,686,669,9591,-632,-2439,13042,516,-352,1653,-86,-75,-114
2025-11-10T20:24:01.874479,184,605,466,617,233,91,480,598,9610,-603,-2470,13023,549,-250,1752,-197,-37,-109
2025-11-10T20:24:01.905088,200,739,525,559,206,82,332,636,9621,-603,-2507,13008,576,-210,1811,-349,71,-33
2025-11-10T20:24:01.920083,225,837,737,436,204,79,284,578,9632,-634,-2562,12987,567,-302,1823,-500,142,-30
2025-11-10T20:24:01.934931,227,817,778,454,225,89,276,637,9637,-681,-2609,12972,499,-451,1890,-453,197,10
2025-11-10T20:24:01.956519,220,815,935,445,246,94,279,673,9633,-719,-2660,12963,443,-481,1810,-419,106,52
2025-11-10T20:24:01.980038,208,842,963,460,316,95,256,659,9631,-766,-2719,12949,350,-565,1722,-439,85,14
2025-11-10T20:24:01.995920,201,828,954,565,349,97,208,486,9638,-809,-2774,12930,397,-525,1621,-419,114,-33
2025-11-10T20:24:02.014717,187,790,822,601,396,109,185,466,9655,-867,-2837,12899,291,-622,1591,-466,116,-129
2025-11-10T20:24:02.038384,192,796,881,626,443,104,160,354,9679,-925,-2901,12863,205,-661,1715,-490,74,-193
2025-11-10T20:24:02.054010,186,814,724,647,423,102,100,255,9684,-995,-2991,12833,227,-844,1708,-559,24,-92
2025-11-10T20:24:02.076936,210,830,754,638,381,103,91,301,9677,-1054,-3069,12816,228,-852,1602,-454,8,1
2025-11-10T20:24:02.100065,262,765,791,645,377,97,94,380,9674,-1109,-3115,12803,214,-725,1609,-370,92,6
2025-11-10T20:24:02.114180,273,742,967,617,335,81,101,487,9671,-1186,-3161,12787,160,-796,1633,-421,166,8
2025-11-10T20:24:02.136524,267,719,966,681,286,92,124,517,9663,-1253,-3210,12774,156,-834,1575,-375,109,25
2025-11-10T20:24:02.160095,291,718,1027,656,294,91,125,617,9640,-1295,-3268,12772,315,-720,1627,-403,25,141
2025-11-10T20:24:02.174048,286,746,1040,681,277,86,126,603,9597,-1351,-3345,12779,413,-757,1656,-539,42,288
2025-11-10T20:24:02.196921,246,794,1043,645,281,81,125,633,9546,-1435,-3407,12792,251,-879,1746,-531,125,338
2025-11-10T20:24:02.220269,260,898,938,657,279,94,113,557,9496,-1517,-3471,12802,96,-957,1590,-476,44,286
2025-11-10T20:24:02.234458,259,912,1026,685,252,100,95,538,9458,-1577,-3540,12804,137,-899,1467,-436,-24,194
2025-11-10T20:24:02.257024,242,869,1071,690,285,102,97,520,9415,-1631,-3627,12805,236,-867,1495,-533,-60,219
2025-11-10T20:24:02.280238,227,869,1068,659,280,103,95,515,9350,-1703,-3736,12812,230,-1051,1530,-630,-93,341
2025-11-10T20:24:02.295028,245,795,1169,684,243,110,107,522,9268,-1768,-3827,12836,250,-1110,1469,-492,-84,470
2025-11-10T20:24:02.316874,213,657,1143,707,249,104,113,526,9183,-1842,-3923,12858,201,-1004,1264,-554,-69,488
2025-11-10T20:24:02.340284,257,656,1109,671,249,94,118,615,9089,-1938,-4049,12871,46,-1009,1238,-779,-151,466
2025-11-10T20:24:02.354225,285,699,1154,695,209,94,113,621,8980,-2033,-4206,12882,-19,-1165,1220,-866,-292,482
2025-11-10T20:24:02.377120,327,671,1150,685,220,95,123,623,8882,-2114,-4363,12885,3,-1104,1188,-872,-320,397
2025-11-10T20:24:02.400135,317,756,1099,706,230,92,111,575,8797,-2218,-4514,12874,14,-1036,1239,-989,-171,342
2025-11-10T20:24:02.414448,314,825,1161,693,226,97,109,586,8710,-2359,-4723,12833,-149,-1400,1106,-1233,-225,209
2025-11-10T20:24:02.437610,304,832,1190,662,227,101,111,607,8617,-2464,-4914,12804,1,-1265,1139,-1123,-288,282
2025-11-10T20:24:02.460108,280,914,1188,755,246,109,118,543,8518,-2592,-5123,12763,94,-1318,1146,-1308,-195,334
2025-11-10T20:24:02.474040,244,890,1214,779,254,117,111,534,8408,-2781,-5340,12707,-54,-1392,1042,-1522,-11,380
2025-11-10T20:24:02.496481,245,827,1178,778,266,116,110,512,8304,-3006,-5526,12645,-264,-1402,1108,-1556,167,357
2025-11-10T20:24:02.520146,304,800,1238,824,267,117,106,613,8201,-3210,-5718,12576,-284,-1637,1259,-1540,73,282
2025-11-10T20:24:02.534494,346,828,1218,817,255,108,107,590,8107,-3346,-5896,12519,-186,-1673,1200,-1247,-137,198
2025-11-10T20:24:02.556686,343,716,1156,771,245,122,104,569,8013,-3478,-6077,12458,-138,-1630,1086,-1264,-127,199
2025-11-10T20:24:02.580230,350,769,1212,928,277,168,100,563,7917,-3646,-6252,12384,-318,-1462,1149,-1481,-7,185
2025-11-10T20:24:02.594177,353,804,1215,896,263,188,110,585,7861,-3795,-6405,12296,-200,-1573,1544,-1491,116,15
2025-11-10T20:24:02.616976,301,746,1068,866,279,211,107,450,7816,-3921,-6568,12199,79,-1687,1611,-1502,120,3
2025-11-10T20:24:02.639945,214,713,990,855,298,242,95,309,7782,-4025,-6691,12120,-9,-1589,1675,-1309,109,-24
2025-11-10T20:24:02.654425,200,671,964,827,286,259,94,340,7751,-4103,-6778,12065,-10,-1598,1902,-1155,71,15
2025-11-10T20:24:02.685336,196,652,825,615,275,268,106,407,7736,-4164,-6827,12026,-97,-1771,2102,-955,86,-33
2025-11-10T20:24:02.700192,195,664,799,600,300,269,110,502,7757,-4185,-6853,11991,23,-1985,2276,-720,96,-179
2025-11-10T20:24:02.713913,205,649,782,623,288,271,124,507,7803,-4211,-6839,11960,53,-1887,2346,-591,283,-186
2025-11-10T20:24:02.736942,202,597,719,567,269,271,134,517,7828,-4275,-6805,11941,-245,-2043,2062,-429,350,-88
2025-11-10T20:24:02.760134,195,569,593,527,264,269,162,489,7889,-4310,-6734,11928,-98,-2065,1890,-41,449,-158
2025-11-10T20:24:02.782726,163,440,515,637,220,229,254,417,7996,-4327,-6619,11914,7,-2031,1834,292,638,-274
2025-11-10T20:24:02.796449,139,257,347,661,159,212,256,202,8103,-4376,-6480,11901,-193,-2045,1666,397,779,-246
2025-11-10T20:24:02.820196,101,155,290,604,154,181,264,148,8195,-4428,-6311,11909,-283,-2121,1649,594,792,-108
2025-11-10T20:24:02.842650,122,133,240,625,145,138,451,106,8266,-4506,-6118,11932,-410,-2121,1546,688,871,79
2025-11-10T20:24:02.856979,128,122,237,644,141,84,517,110,8349,-4588,-5877,11964,-526,-1946,1391,953,1002,104
2025-11-10T20:24:02.880158,139,122,261,624,151,83,536,239,8456,-4685,-5607,11980,-653,-1983,1296,1111,1183,6
2025-11-10T20:24:02.902642,122,108,235,570,162,78,613,389,8575,-4758,-5324,11996,-771,-2073,1215,1351,1118,-85
2025-11-10T20:24:02.916763,134,106,229,577,131,78,675,453,8686,-4781,-5043,12028,-651,-2020,1149,1553,906,-30
2025-11-10T20:24:02.940195,117,104,233,553,137,66,576,580,8830,-4725,-4731,12072,-454,-1902,1089,1823,843,-68
2025-11-10T20:24:02.962701,115,106,228,515,146,71,531,642,8950,-4690,-4474,12096,-519,-1645,1099,1585,669,-162
2025-11-10T20:24:02.977016,103,102,175,531,126,68,545,716,9054,-4653,-4302,12095,-519,-1568,1042,1188,409,-305
2025-11-10T20:24:03.003274,157,108,304,614,139,86,674,820,9144,-4630,-4233,12061,-320,-1557,791,748,231,-416
2025-11-10T20:24:03.022534,164,145,346,691,153,90,712,853,9261,-4553,-4134,12035,-175,-1819,938,1162,195,-461
2025-11-10T20:24:03.036980,187,167,371,774,166,98,791,889,9381,-4326,-3929,12094,-40,-1801,895,1931,-196,-282
2025-11-10T20:24:03.060909,190,181,464,810,195,97,829,909,9501,-4016,-3675,12187,16,-1305,829,2415,-435,-221
2025-11-10T20:24:03.082735,192,201,482,784,201,95,835,890,9598,-3716,-3453,12271,12,-987,951,2165,-508,-190
2025-11-10T20:24:03.096614,153,210,464,786,214,115,706,789,9655,-3465,-3305,12340,106,-1055,962,1645,-563,-98
2025-11-10T20:24:03.120151,150,191,475,773,208,118,646,836,9696,-3214,-3160,12414,224,-1006,945,1619,-592,-17
2025-11-10T20:24:03.142757,140,176,468,767,210,118,689,819,9727,-2942,-2997,12497,208,-889,992,1753,-637,49
2025-11-10T20:24:03.157005,148,180,404,737,192,119,681,782,9762,-2705,-2861,12555,73,-904,1216,1592,-519,-18
2025-11-10T20:24:03.180167,145,156,383,732,221,131,634,733,9802,-2466,-2685,12611,124,-547,1348,1630,-428,-47
2025-11-10T20:24:03.202661,144,140,337,723,198,114,682,765,9850,-2242,-2596,12634,149,-200,1183,1025,-556,-224
2025-11-10T20:24:03.217038,140,168,304,646,203,125,726,715,9886,-2083,-2655,12622,436,-547,1244,296,-624,-287
2025-11-10T20:24:03.239928,143,387,335,620,196,124,633,644,9896,-1956,-2686,12627,459,-806,1420,404,-431,-72
2025-11-10T20:24:03.262855,142,412,322,624,205,138,703,698,9908,-1849,-2662,12639,269,-507,1500,420,-261,-41
2025-11-10T20:24:03.274813,162,430,331,617,205,144,774,736,9916,-1775,-2689,12637,369,-475,1494,62,-239,-57
2025-11-10T20:24:03.298014,171,435,344,565,294,135,797,702,9911,-1723,-2756,12635,476,-678,1535,-99,-251,12
2025-11-10T20:24:03.322708,173,449,360,565,310,120,746,650,9910,-1669,-2793,12634,405,-654,1652,2,-198,-4
2025-11-10T20:24:03.336998,183,333,350,572,407,131,795,686,9918,-1609,-2826,12628,461,-547,1682,-23,-181,-53
2025-11-10T20:24:03.360173,177,345,457,748,418,119,833,637,9922,-1556,-2883,12619,542,-634,1650,-100,-198,-36
2025-11-10T20:24:03.382663,164,383,472,769,455,110,797,652,9922,-1488,-2920,12619,529,-623,1729,15,-222,-3
2025-11-10T20:24:03.396937,161,541,623,803,445,113,721,662,9914,-1420,-2945,12627,513,-657,1770,87,-214,57
2025-11-10T20:24:03.419392,164,555,637,859,510,120,704,702,9923,-1338,-2932,12632,472,-477,1993,171,-161,-26
2025-11-10T20:24:03.442366,150,571,641,902,491,189,639,660,9983,-1290,-2968,12581,582,-19,1779,-369,-46,-373
2025-11-10T20:24:03.456988,163,583,645,789,523,226,625,683,10013,-1352,-3106,12517,609,-882,1890,-822,50,-273
2025-11-10T20:24:03.479479,178,585,681,753,493,232,595,619,10033,-1380,-3162,12484,418,-799,1876,-372,61,-152
2025-11-10T20:24:03.502250,184,634,585,720,464,233,570,580,10044,-1410,-3228,12455,344,-1091,1753,-254,-9,-133
2025-11-10T20:24:03.516693,183,693,740,785,401,234,559,501,10047,-1421,-3246,12447,134,-941,1567,-5,-36,-65
2025-11-10T20:24:03.539451,208,795,821,823,397,189,515,475,10066,-1441,-3281,12420,163,-861,1616,-174,-18,-187
2025-11-10T20:24:03.562199,263,941,825,881,367,151,289,485,10075,-1469,-3323,12398,169,-723,1649,-319,-29,-106
2025-11-10T20:24:03.576977,290,1050,799,887,377,138,233,475,10071,-1530,-3384,12378,124,-960,1747,-431,7,-44
2025-11-10T20:24:03.598893,298,992,833,905,396,144,274,520,10064,-1583,-3423,12366,149,-930,1729,-317,55,6
2025-11-10T20:24:03.622670,315,1045,735,955,456,150,265,557,10057,-1620,-3468,12354,208,-1027,1521,-205,10,-6
2025-11-10T20:24:03.636949,303,968,654,858,410,143,272,539,10072,-1615,-3480,12339,350,-676,1594,-99,36,-80
2025-11-10T20:24:03.659457,275,827,686,864,444,142,290,736,10079,-1641,-3515,12321,266,-681,1648,-324,35,-60
2025-11-10T20:24:03.682705,262,721,757,918,509,142,291,774,10082,-1685,-3562,12298,116,-884,1675,-367,-8,-93
2025-11-10T20:24:03.705132,280,716,785,951,511,142,258,773,10106,-1692,-3598,12267,202,-829,1591,-193,-53,-222
2025-11-10T20:24:03.719055,275,573,799,844,596,152,344,857,10136,-1690,-3642,12229,266,-733,1555,-244,-75,-267
2025-11-10T20:24:03.742716,272,621,863,896,629,162,342,871,10154,-1726,-3713,12189,165,-885,1575,-444,-80,-227
2025-11-10T20:24:03.765163,265,646,899,879,610,189,296,661,10168,-1775,-3790,12146,162,-995,1567,-475,-54,-216
2025-11-10T20:24:03.779963,289,628,873,868,582,190,311,731,10179,-1839,-3858,12106,113,-1034,1607,-488,10,-187
2025-11-10T20:24:03.802619,269,628,969,908,688,229,321,721,10183,-1917,-3911,12073,-13,-1064,1760,-513,38,-134
2025-11-10T20:24:03.825192,264,670,973,907,566,319,283,674,10183,-1989,-3951,12048,-106,-1125,1793,-419,6,-126
2025-11-10T20:24:03.838988,305,658,977,884,546,371,290,673,10186,-2030,-4013,12019,3,-1214,1592,-317,-129,-178
2025-11-10T20:24:03.862605,302,657,969,911,665,453,282,710,10186,-2053,-4065,11996,111,-1093,1520,-252,-127,-128
2025-11-10T20:24:03.885230,271,686,1042,984,742,476,276,658,10187,-2084,-4118,11973,126,-1017,1642,-361,-95,-115
2025-11-10T20:24:03.899435,305,654,968,1044,721,481,281,665,10199,-2092,-4143,11953,425,-906,1957,-299,37,-63
2025-11-10T20:24:03.922730,346,739,1027,1067,808,448,231,644,10198,-2155,-4189,11926,266,-1134,1826,-467,110,-36
2025-11-10T20:24:03.945402,332,788,1094,1090,890,417,233,688,10200,-2187,-4210,11911,224,-1065,1593,-199,61,-37
2025-11-10T20:24:03.959611,379,888,1202,1135,856,326,239,662,10217,-2199,-4248,11881,305,-1078,1454,-172,0,-172
2025-11-10T20:24:03.982843,422,926,1248,1144,859,305,297,722,10228,-2194,-4285,11859,485,-1035,1535,-148,-8,-86
2025-11-10T20:24:04.004755,485,1080,1310,1091,802,310,328,771,10224,-2205,-4326,11845,565,-1019,1592,-248,41,50
2025-11-10T20:24:04.017048,511,1133,1390,1244,823,294,362,809,10227,-2243,-4371,11820,313,-1191,1540,-283,47,-73
2025-11-10T20:24:04.040914,540,1217,1355,1264,797,290,360,767,10249,-2234,-4397,11792,480,-961,1503,-127,26,-145
2025-11-10T20:24:04.063563,508,1204,1278,1293,796,288,355,758,10261,-2255,-4433,11764,346,-1000,1449,-254,43,-119
2025-11-10T20:24:04.079184,472,1284,1278,1220,710,282,298,654,10261,-2301,-4492,11733,258,-1119,1368,-373,8,-89
2025-11-10T20:24:04.102603,398,1193,1253,1182,704,232,242,575,10259,-2337,-4546,11706,318,-1250,1464,-296,-3,-71
2025-11-10T20:24:04.125154,320,1051,1147,988,597,221,189,501,10261,-2368,-4573,11689,191,-1087,1496,-239,15,-67
2025-11-10T20:24:04.139249,280,972,1214,965,522,224,184,488,10260,-2412,-4607,11666,186,-1061,1505,-344,38,-58
2025-11-10T20:24:04.162749,308,913,1298,789,402,348,179,481,10261,-2462,-4644,11641,174,-1160,1521,-348,44,-79
2025-11-10T20:24:04.184931,344,702,1264,841,471,366,169,472,10264,-2496,-4691,11612,236,-1258,1495,-294,-13,-120
2025-11-10T20:24:04.199056,352,867,1250,867,506,371,163,504,10271,-2511,-4727,11588,343,-1111,1535,-256,-9,-95
2025-11-10T20:24:04.230220,387,996,1290,932,509,368,160,524,10270,-2541,-4762,11568,384,-1177,1526,-277,54,-13
2025-11-10T20:24:04.245012,398,982,1347,978,548,355,157,567,10252,-2578,-4780,11568,231,-1239,1554,-209,28,96
2025-11-10T20:24:04.259492,381,1068,1247,1003,615,237,208,636,10230,-2616,-4807,11567,273,-1403,1590,-199,17,103
2025-11-10T20:24:04.282673,411,1180,1203,938,577,196,227,680,10215,-2634,-4798,11580,246,-1278,1581,-8,52,128
2025-11-10T20:24:04.305149,469,1099,1210,904,563,220,245,665,10200,-2657,-4786,11594,188,-1247,1538,-10,60,126
2025-11-10T20:24:04.319223,517,1102,1232,842,564,221,251,657,10183,-2685,-4769,11609,80,-1276,1469,25,57,117
2025-11-10T20:24:04.342718,496,1085,1188,855,654,220,248,637,10175,-2705,-4767,11613,196,-1332,1493,1,49,57
2025-11-10T20:24:04.365016,501,1015,1183,831,601,207,219,572,10168,-2691,-4764,11623,413,-1185,1467,75,9,94
2025-11-10T20:24:04.379409,515,972,1188,873,626,227,243,562,10156,-2693,-4764,11633,403,-1244,1416,50,49,140
2025-11-10T20:24:04.403137,468,1035,1267,893,631,214,228,541,10140,-2715,-4778,11636,181,-1171,1408,-124,-10,72
2025-11-10T20:24:04.425369,456,1102,1200,957,672,218,236,511,10152,-2699,-4799,11620,279,-1055,1347,-51,-80,-127
2025-11-10T20:24:04.449301,485,1213,1083,860,532,208,321,523,10164,-2670,-4823,11607,418,-1004,1298,-23,-84,-91
2025-11-10T20:24:04.462037,488,1207,1150,997,543,210,318,544,10155,-2678,-4847,11603,314,-1157,1475,-150,-43,34
2025-11-10T20:24:04.484048,437,1154,1213,1068,531,194,303,507,10131,-2697,-4860,11614,183,-1336,1564,-93,-52,119
2025-11-10T20:24:04.498107,472,1188,1105,1117,503,189,375,674,10100,-2706,-4862,11639,176,-1178,1447,-27,-75,195
2025-11-10T20:24:04.519881,434,1078,1119,1102,414,172,470,671,10063,-2737,-4864,11663,93,-1254,1389,-61,-27,223
2025-11-10T20:24:04.544837,416,950,1233,1100,420,181,440,671,10040,-2755,-4846,11686,5,-1168,1532,-7,-29,141
2025-11-10T20:24:04.567705,407,1011,1256,1094,452,183,444,713,10034,-2743,-4853,11691,6,-1377,1258,161,-167,-78
2025-11-10T20:24:04.582778,469,1140,1148,1012,455,215,525,724,10055,-2720,-4875,11669,230,-1306,985,183,-88,-231
2025-11-10T20:24:04.605106,488,1126,1105,921,461,209,639,566,10043,-2699,-4895,11676,329,-1109,1461,-44,-145,50
2025-11-10T20:24:04.619421,586,1147,1128,862,502,207,606,581,10008,-2718,-4921,11690,287,-1228,1567,-205,-75,211
2025-11-10T20:24:04.642802,591,1150,1101,997,528,203,594,562,9985,-2768,-4913,11701,-109,-1526,1468,-14,29,77
2025-11-10T20:24:04.665169,615,1180,935,921,485,220,646,578,9980,-2804,-4910,11699,-148,-1290,1531,-116,-13,-61
2025-11-10T20:24:04.687591,573,1186,1032,935,453,201,587,637,9983,-2791,-4907,11700,253,-1237,1623,13,-42,-22
2025-11-10T20:24:04.702347,551,1212,1079,1015,448,188,404,669,9967,-2782,-4884,11725,326,-1167,1659,59,19,191
2025-11-10T20:24:04.725063,440,1231,1059,1090,451,197,348,710,9936,-2810,-4858,11756,25,-1197,1662,-47,27,233
2025-11-10T20:24:04.748366,485,1334,1071,1063,448,236,381,700,9926,-2794,-4821,11783,93,-1118,1548,176,-40,105
2025-11-10T20:24:04.762644,576,1377,1231,1012,450,229,424,744,9912,-2763,-4835,11797,261,-1145,1342,77,-184,58
2025-11-10T20:24:04.785154,657,1346,1221,1024,482,230,512,930,9892,-2712,-4856,11817,479,-1070,1232,129,-204,137
2025-11-10T20:24:04.808089,689,1328,1269,1016,572,250,537,924,9852,-2713,-4884,11838,374,-1141,1303,-87,-107,265
2025-11-10T20:24:04.821725,687,1314,1257,1105,615,264,550,901,9806,-2758,-4876,11869,81,-1217,1525,-129,44,326
2025-11-10T20:24:04.845408,685,1239,1250,1123,644,258,550,967,9773,-2794,-4877,11887,-5,-1231,1489,-129,-23,175
2025-11-10T20:24:04.867661,657,1104,1223,1211,668,256,485,918,9743,-2786,-4903,11904,317,-1248,1436,-62,-137,176
2025-11-10T20:24:04.881957,580,1035,1258,1164,632,238,385,667,9688,-2781,-4937,11936,430,-1219,1411,-104,-160,368
2025-11-10T20:24:04.905106,509,950,1242,1145,545,224,352,627,9628,-2818,-4955,11968,137,-1324,1509,-186,-72,369
2025-11-10T20:24:04.927673,529,869,1196,999,453,208,358,791,9592,-2839,-4969,11986,90,-1244,1397,-107,-79,192
2025-11-10T20:24:04.941918,520,922,1239,1040,444,188,312,733,9562,-2850,-4997,11996,253,-1284,1432,-143,-82,164
2025-11-10T20:24:04.965292,435,896,1131,1008,408,171,316,798,9514,-2865,-5027,12018,261,-1248,1389,-170,-110,291
2025-11-10T20:24:04.987656,430,903,1176,1087,388,174,302,894,9460,-2900,-5045,12044,58,-1196,1351,-191,-80,308
2025-11-10T20:24:05.001443,499,826,1124,1081,383,168,299,932,9414,-2931,-5063,12065,106,-1256,1538,-229,-62,265
2025-11-10T20:24:05.025854,477,958,1197,1088,388,169,271,803,9366,-2959,-5078,12089,241,-1395,1523,-144,-17,328
2025-11-10T20:24:05.047511,509,899,1093,1041,398,165,283,888,9306,-2991,-5113,12114,152,-1264,1437,-280,-115,345
2025-11-10T20:24:05.061685,595,939,1151,1094,402,158,202,776,9247,-3028,-5179,12121,185,-1427,1408,-388,-157,266
2025-11-10T20:24:05.092661,617,964,1064,1044,396,166,198,772,9199,-3023,-5225,12139,340,-1377,1363,-155,-198,261
2025-11-10T20:24:05.107729,590,1089,1105,1045,405,176,189,744,9135,-3027,-5255,12174,120,-1312,1317,-112,-243,336
2025-11-10T20:24:05.121570,598,994,1039,1059,421,198,175,710,9083,-3053,-5278,12196,48,-1234,1324,-201,-118,273
2025-11-10T20:24:05.152759,564,1057,1130,1083,499,204,189,674,9042,-3107,-5343,12185,137,-1396,1250,-431,-38,161
2025-11-10T20:24:05.175180,488,1110,1186,1082,542,236,197,750,8959,-3129,-5436,12199,101,-1415,997,-352,-368,304
2025-11-10T20:24:05.181926,512,1227,1195,1165,600,241,222,709,8868,-3113,-5490,12246,212,-1457,1285,-121,-420,456
2025-11-10T20:24:05.212639,557,1248,1166,1292,669,250,249,789,8809,-3088,-5459,12308,35,-1130,1471,129,-236,387
2025-11-10T20:24:05.234412,601,1295,1214,1336,748,328,275,881,8790,-3101,-5421,12335,-79,-853,1685,-170,8,165
2025-11-10T20:24:05.247220,666,1373,1118,1320,703,373,273,941,8809,-3149,-5433,12304,-118,-1070,1838,-530,118,-180
2025-11-10T20:24:05.269433,737,1382,1005,1334,681,360,291,946,8839,-3182,-5505,12241,209,-1424,1787,-640,56,-309
2025-11-10T20:24:05.287605,744,1253,996,1391,670,419,338,991,8839,-3202,-5627,12181,403,-1776,1464,-589,-131,-193
2025-11-10T20:24:05.310157,745,1230,1108,1314,730,569,333,965,8780,-3255,-5720,12166,105,-1665,1263,-528,-170,168
2025-11-10T20:24:05.325327,733,1344,1126,1330,725,628,359,892,8753,-3303,-5784,12143,-62,-1548,1252,-427,-99,-25
2025-11-10T20:24:05.347782,750,1255,1185,1305,708,643,347,778,8750,-3351,-5904,12074,60,-1526,943,-617,-112,-281
2025-11-10T20:24:05.362036,672,1182,1243,1340,737,675,337,745,8702,-3401,-6060,12017,241,-1524,865,-790,-247,-24
2025-11-10T20:24:05.385218,649,1250,1208,1354,777,662,293,726,8627,-3472,-6189,11984,318,-1492,986,-808,-149,270
2025-11-10T20:24:05.407277,610,1189,1110,1430,658,541,282,656,8568,-3539,-6251,11976,104,-1469,1115,-522,-38,263
2025-11-10T20:24:05.421900,683,1065,1111,1373,563,422,221,699,8558,-3540,-6268,11973,416,-1334,1461,-272,6,133
2025-11-10T20:24:05.445863,578,991,1048,1391,515,355,215,668,8544,-3536,-6269,11984,479,-1266,1613,-256,26,224
2025-11-10T20:24:05.467633,597,1042,992,1317,470,305,191,607,8541,-3539,-6273,11983,382,-1386,1657,-280,46,113
2025-11-10T20:24:05.481756,569,996,977,1264,360,275,142,418,8556,-3547,-6256,11980,334,-1534,1634,-126,159,43
2025-11-10T20:24:05.504630,543,1005,944,1147,359,252,131,446,8564,-3554,-6230,11985,242,-1449,1394,-3,136,69
2025-11-10T20:24:05.543391,368,899,875,1119,363,295,101,295,8562,-3561,-6231,11984,229,-1434,1285,-98,43,54
2025-11-10T20:24:05.550344,333,822,766,1040,388,309,95,254,8551,-3565,-6244,11984,107,-1387,1187,-126,-62,25
2025-11-10T20:24:05.564901,261,696,725,1014,367,334,99,247,8559,-3540,-6265,11974,162,-1364,1214,-82,-134,-135
2025-11-10T20:24:05.587668,226,571,756,852,348,326,105,237,8588,-3509,-6289,11950,334,-1230,1287,-166,-56,-202
2025-11-10T20:24:05.610612,176,446,722,843,322,349,100,110,8600,-3499,-6341,11917,382,-1242,1209,-352,-65,-129
2025-11-10T20:24:05.625169,186,442,663,874,296,357,93,100,8600,-3530,-6415,11868,477,-1369,1124,-533,64,-35
2025-11-10T20:24:05.647149,180,458,689,870,277,343,87,89,8584,-3615,-6474,11822,178,-1687,1085,-539,191,38
2025-11-10T20:24:05.670168,195,452,657,794,255,318,105,74,8578,-3697,-6494,11790,190,-1699,1239,-407,300,88
2025-11-10T20:24:05.684477,261,410,568,789,234,306,112,141,8562,-3817,-6466,11779,99,-1593,1334,-371,518,306
2025-11-10T20:24:05.707678,316,303,515,697,232,285,122,153,8538,-3974,-6418,11770,-11,-1597,1397,-438,678,424
2025-11-10T20:24:05.730735,321,252,445,582,209,194,134,152,8523,-4132,-6357,11760,-84,-1669,1458,-393,736,385
2025-11-10T20:24:05.744403,329,186,432,486,174,248,134,158,8534,-4278,-6296,11733,-203,-1720,1475,-356,738,165
2025-11-10T20:24:05.767823,327,165,520,438,164,219,121,166,8550,-4433,-6254,11686,-281,-1863,1366,-408,751,50
2025-11-10T20:24:05.790219,301,99,494,371,157,213,113,115,8544,-4586,-6242,11638,-366,-1974,1208,-464,591,64
2025-11-10T20:24:05.804029,278,106,593,292,168,288,101,92,8542,-4703,-6231,11598,-199,-1948,1112,-312,499,75
2025-11-10T20:24:05.827716,265,123,698,344,186,335,84,94,8552,-4800,-6216,11559,-88,-1898,937,-161,493,54
2025-11-10T20:24:05.850210,276,346,774,322,158,323,86,102,8543,-4929,-6218,11510,-215,-2042,731,-251,516,92
2025-11-10T20:24:05.864368,292,423,832,452,221,460,93,220,8528,-5028,-6223,11476,-84,-2120,638,-95,388,161
2025-11-10T20:24:05.887700,297,443,879,478,254,526,124,389,8492,-5059,-6213,11494,84,-1949,638,185,83,354
2025-11-10T20:24:05.910159,296,459,839,637,252,501,154,471,8421,-5098,-6217,11528,49,-2027,551,141,-41,532
2025-11-10T20:24:05.924629,319,477,873,816,276,499,173,492,8324,-5137,-6226,11575,20,-2043,619,69,-129,657
2025-11-10T20:24:05.947703,312,424,924,943,278,497,170,491,8209,-5202,-6227,11627,-16,-2005,432,74,-70,810
2025-11-10T20:24:05.969937,326,392,867,920,229,379,164,452,8097,-5231,-6185,11715,26,-1694,591,275,-127,917
2025-11-10T20:24:05.984386,443,440,898,1050,256,309,145,397,7983,-5250,-6153,11802,-65,-1509,650,171,-215,843
2025-11-10T20:24:06.004735,436,431,903,1012,271,305,121,330,7853,-5290,-6163,11865,-304,-1678,575,-49,-302,716
2025-11-10T20:24:06.028178,431,415,824,897,245,265,89,300,7778,-5261,-6122,11949,-206,-1742,907,354,-317,553
2025-11-10T20:24:06.042904,431,474,665,764,240,229,88,310,7724,-5206,-6054,12042,-82,-1368,932,483,-288,530
2025-11-10T20:24:06.067502,407,459,582,724,292,216,101,315,7650,-5174,-6060,12100,-125,-1239,1049,-83,-373,403
2025-11-10T20:24:06.090157,296,575,454,576,256,170,89,226,7613,-5111,-6060,12150,-99,-1353,1324,-11,-367,195
2025-11-10T20:24:06.104749,275,608,448,484,254,127,77,177,7629,-5019,-6035,12191,-97,-1525,1533,207,-286,-58
2025-11-10T20:24:06.128309,249,607,411,406,327,119,84,172,7679,-4921,-5936,12248,-470,-1577,1789,542,-185,-211
2025-11-10T20:24:06.150174,233,522,411,520,347,121,86,149,7757,-4790,-5823,12305,-410,-1785,2032,718,-205,-338
2025-11-10T20:24:06.164626,239,513,490,563,320,114,124,271,7872,-4665,-5665,12353,-303,-1353,2007,844,58,-405
2025-11-10T20:24:06.187430,164,305,492,502,304,110,224,410,7989,-4609,-5526,12363,-497,-1495,2076,551,291,-489
2025-11-10T20:24:06.210137,154,230,415,550,293,113,240,441,8124,-4575,-5382,12350,-660,-1724,2067,599,404,-635
2025-11-10T20:24:06.224374,159,218,440,549,214,124,274,495,8316,-4520,-5153,12340,-742,-1695,2194,1092,626,-802
2025-11-10T20:24:06.248496,182,180,453,452,184,130,364,635,8550,-4486,-4868,12309,-933,-1598,1996,1384,897,-983
2025-11-10T20:24:06.269778,221,168,378,489,175,140,522,615,8759,-4538,-4672,12218,-1254,-1605,1646,782,904,-1164
2025-11-10T20:24:06.292565,275,152,373,508,175,140,569,581,8954,-4600,-4583,12086,-1029,-1826,1411,401,738,-1276
2025-11-10T20:24:06.307342,273,125,396,489,174,147,676,585,9152,-4583,-4517,11969,-471,-2018,1281,713,515,-1178
2025-11-10T20:24:06.329956,278,115,357,637,158,128,748,585,9338,-4488,-4408,11902,-243,-1820,1127,1202,303,-948
2025-11-10T20:24:06.344380,273,123,351,690,154,109,834,492,9516,-4358,-4263,11861,-278,-1648,1112,1449,203,-858
2025-11-10T20:24:06.368162,232,102,327,648,130,103,777,596,9696,-4217,-4172,11799,-195,-1455,1050,1209,36,-1018
2025-11-10T20:24:06.390225,154,130,400,741,163,133,882,587,9848,-4015,-4145,11753,104,-1267,921,1117,-377,-945
2025-11-10T20:24:06.404778,150,128,383,751,167,130,912,632,9960,-3787,-4113,11746,391,-1380,785,1341,-470,-590
2025-11-10T20:24:06.427649,140,143,377,666,242,147,888,618,10024,-3527,-3966,11822,548,-1579,792,1767,-491,-123
2025-11-10T20:24:06.450106,123,142,391,780,268,146,873,591,10082,-3210,-3721,11943,478,-1223,932,2376,-457,85
2025-11-10T20:24:06.464403,119,150,392,785,272,145,937,563,10135,-2923,-3456,12050,352,-700,1023,2267,-270,106
2025-11-10T20:24:06.487703,122,151,309,791,262,120,877,545,10158,-2697,-3311,12124,400,-636,1153,1470,-293,144
2025-11-10T20:24:06.510114,120,190,342,825,268,121,819,511,10169,-2523,-3225,12176,450,-777,1338,1047,-251,133
2025-11-10T20:24:06.524148,146,210,347,839,225,108,892,525,10176,-2373,-3166,12216,414,-738,1398,811,-264,96
2025-11-10T20:24:06.547555,151,223,341,775,215,112,900,545,10165,-2257,-3143,12252,503,-732,1402,536,-229,178
2025-11-10T20:24:06.570177,146,221,386,803,228,109,814,468,10127,-2172,-3127,12303,413,-988,1490,497,-209,340
2025-11-10T20:24:06.591955,140,207,370,709,241,107,833,566,10045,-1938,-2995,12442,279,-686,1455,775,-300,354
2025-11-10T20:24:06.611135,140,179,363,679,261,103,877,616,10005,-1814,-2947,12504,253,-729,1567,677,-364,322
2025-11-10T20:24:06.633708,106,143,413,687,255,119,845,605,9971,-1689,-2882,12563,138,-634,1665,699,-366,270
2025-11-10T20:24:06.651448,97,114,412,625,261,121,802,579,9945,-1572,-2822,12613,269,-471,1713,571,-275,245
2025-11-10T20:24:06.671219,94,113,408,631,269,133,932,634,9907,-1455,-2775,12667,448,-447,1724,507,-248,334
2025-11-10T20:24:06.693156,105,122,420,626,325,133,881,554,9867,-1370,-2742,12715,308,-428,1770,322,-232,311
2025-11-10T20:24:06.711931,136,152,453,680,313,142,869,501,9825,-1311,-2732,12756,299,-667,1782,254,-197,302
2025-11-10T20:24:06.731405,188,193,391,643,316,157,956,653,9780,-1261,-2681,12806,154,-670,1844,406,-114,339
2025-11-10T20:24:06.753817,191,206,386,641,329,155,939,671,9751,-1210,-2623,12845,133,-537,1990,352,-84,238
2025-11-10T20:24:06.771400,196,229,355,639,402,149,860,611,9741,-1156,-2595,12863,197,-544,1885,251,-138,80
2025-11-10T20:24:06.791171,194,249,426,792,393,161,993,692,9743,-1081,-2570,12873,292,-624,1888,353,-184,-3
2025-11-10T20:24:06.813418,170,238,424,803,394,164,1039,713,9741,-982,-2526,12891,362,-535,1903,489,-199,32
2025-11-10T20:24:06.832330,124,319,524,853,398,149,968,595,9736,-887,-2474,12912,332,-416,1815,477,-183,58
2025-11-10T20:24:06.851940,119,327,570,963,405,157,1071,605,9738,-801,-2436,12923,364,-409,1783,388,-159,5
2025-11-10T20:24:06.873529,146,350,702,1063,374,176,1089,696,9746,-720,-2404,12928,411,-457,1690,389,-130,-37
2025-11-10T20:24:06.891949,198,526,676,1060,383,172,959,615,9747,-643,-2401,12932,423,-589,1416,366,-197,-24
2025-11-10T20:24:06.914452,218,567,671,1029,403,178,986,621,9732,-548,-2352,12957,383,-745,1551,710,-174,88
2025-11-10T20:24:06.934003,229,550,628,1058,415,169,1056,643,9771,-434,-2291,12942,485,123,1561,367,-123,-230
2025-11-10T20:24:06.951990,236,637,605,958,433,183,951,638,9806,-391,-2357,12906,623,-167,1575,-307,-163,-243
2025-11-10T20:24:06.974466,285,737,537,817,425,187,898,541,9814,-383,-2442,12883,615,-214,1655,-492,-117,-59
2025-11-10T20:24:06.993743,264,729,561,692,374,178,869,547,9808,-422,-2526,12871,603,-398,1793,-570,61,68
2025-11-10T20:24:07.008995,252,758,616,664,391,168,691,484,9799,-481,-2591,12863,463,-510,1786,-506,134,82
2025-11-10T20:24:07.032456,237,758,619,610,439,166,437,433,9793,-531,-2630,12857,326,-521,1881,-375,108,57
2025-11-10T20:24:07.050489,243,808,679,695,435,135,367,412,9797,-555,-2661,12847,284,-609,1839,-208,11,-35
2025-11-10T20:24:07.071963,212,810,650,807,422,94,308,413,9802,-558,-2676,12840,288,-477,1774,-120,-20,-37
2025-11-10T20:24:07.094475,228,853,750,845,438,113,286,382,9809,-572,-2715,12826,418,-471,1705,-272,23,-41
2025-11-10T20:24:07.121229,236,859,855,874,457,116,260,340,9793,-622,-2781,12821,371,-696,1623,-382,45,92
2025-11-10T20:24:07.131754,260,915,943,860,423,118,230,302,9764,-685,-2813,12833,72,-668,1723,-303,42,182
2025-11-10T20:24:07.153959,264,856,915,807,390,117,187,268,9746,-745,-2847,12836,42,-713,1725,-296,28,92
2025-11-10T20:24:07.173817,234,793,939,701,377,119,162,206,9733,-801,-2865,12839,75,-771,1748,-191,83,76
2025-11-10T20:24:07.191374,209,747,904,667,370,105,140,166,9728,-865,-2855,12841,-72,-675,1736,-143,155,36
2025-11-10T20:24:07.214530,204,796,898,611,309,95,139,178,9730,-920,-2843,12838,-146,-722,1822,-98,89,-38
2025-11-10T20:24:07.229494,195,805,812,596,308,95,123,215,9746,-929,-2802,12834,115,-586,1954,90,125,-76
2025-11-10T20:24:07.251484,202,840,864,690,332,102,127,366,9770,-959,-2789,12816,127,-605,1820,-81,160,-148
2025-11-10T20:24:07.271666,234,981,869,704,359,104,121,382,9778,-986,-2805,12805,201,-644,1734,-162,73,-54
2025-11-10T20:24:07.289499,256,1070,907,745,413,119,132,387,9779,-999,-2810,12802,258,-523,1778,-130,69,13
2025-11-10T20:24:07.311385,262,1065,834,835,463,141,129,394,9776,-1030,-2823,12799,172,-616,1850,-204,69,24
2025-11-10T20:24:07.334435,295,1107,837,827,479,144,136,383,9776,-1034,-2845,12794,302,-670,1776,-109,-9,-7
2025-11-10T20:24:07.349241,314,1103,965,846,628,169,122,346,9779,-1016,-2856,12791,360,-582,1663,-10,-26,-8
2025-11-10T20:24:07.371846,329,1098,1018,902,644,175,129,383,9782,-992,-2871,12787,369,-453,1662,-69,-66,-17
2025-11-10T20:24:07.391089,323,1176,987,867,613,167,117,373,9777,-990,-2922,12780,404,-625,1643,-224,-84,19
2025-11-10T20:24:07.409845,320,1242,972,839,612,163,109,361,9767,-1003,-2983,12772,398,-685,1573,-282,-59,37
2025-11-10T20:24:07.432133,299,1258,1036,848,693,175,98,355,9757,-1035,-3038,12764,278,-658,1612,-348,-19,47
2025-11-10T20:24:07.459029,270,1304,922,842,596,153,96,269,9743,-1082,-3071,12762,115,-717,1736,-299,24,64
2025-11-10T20:24:07.473577,265,1346,917,850,579,147,86,281,9728,-1124,-3088,12767,81,-786,1783,-185,36,87
2025-11-10T20:24:07.491982,289,1269,976,912,603,144,128,365,9725,-1169,-3108,12760,42,-777,1722,-211,43,-12
2025-11-10T20:24:07.514111,321,1340,957,936,575,138,140,457,9725,-1207,-3135,12750,117,-638,1752,-310,31,-16
2025-11-10T20:24:07.533278,390,1398,952,1054,443,130,159,503,9726,-1258,-3179,12733,134,-801,1840,-373,41,-47
2025-11-10T20:24:07.552044,401,1346,939,1024,417,128,173,530,9727,-1283,-3193,12726,191,-781,1810,-155,48,-10
2025-11-10T20:24:07.573926,369,1268,900,972,404,126,177,489,9721,-1328,-3202,12724,105,-752,1728,-195,111,45
2025-11-10T20:24:07.593517,343,1198,784,935,375,128,147,434,9715,-1379,-3200,12724,-57,-683,1722,-206,100,30
2025-11-10T20:24:07.611661,327,1023,845,853,375,118,140,371,9720,-1427,-3210,12712,-76,-788,1706,-205,57,-70
2025-11-10T20:24:07.634462,254,857,882,804,376,103,117,327,9737,-1444,-3207,12698,59,-724,1757,-85,45,-124
2025-11-10T20:24:07.654201,285,976,901,831,411,104,93,334,9748,-1476,-3217,12684,129,-704,1722,-197,102,-74
2025-11-10T20:24:07.671928,308,997,838,819,386,98,73,345,9751,-1528,-3250,12667,115,-765,1624,-328,99,-42
2025-11-10T20:24:07.694370,318,971,883,772,371,92,70,354,9746,-1573,-3300,12651,289,-748,1540,-375,94,20
2025-11-10T20:24:07.714002,329,968,827,800,379,88,70,320,9741,-1620,-3350,12637,346,-654,1486,-422,136,48
2025-11-10T20:24:07.731608,326,967,708,677,369,99,92,292,9735,-1673,-3394,12623,353,-491,1440,-494,186,81
2025-11-10T20:24:07.753989,298,901,636,530,289,104,103,255,9725,-1750,-3465,12600,384,-465,1335,-702,220,87
2025-11-10T20:24:07.773753,284,797,677,494,300,129,106,233,9723,-1853,-3573,12557,412,-401,1236,-981,247,9
2025-11-10T20:24:07.791951,270,759,584,527,287,175,109,211,9715,-2007,-3748,12488,464,-540,1100,-1395,284,-24
2025-11-10T20:24:07.814410,234,710,552,518,298,181,104,201,9701,-2210,-3941,12405,483,-674,1078,-1614,310,-64
2025-11-10T20:24:07.833687,201,630,509,520,279,172,83,180,9691,-2440,-4149,12302,502,-712,1007,-1785,397,-112
2025-11-10T20:24:07.859509,163,452,486,537,241,164,64,85,9671,-2705,-4386,12179,284,-855,1086,-2057,423,-135
2025-11-10T20:24:07.874507,155,361,515,579,228,152,64,61,9645,-2987,-4648,12037,108,-1168,1188,-2240,400,-182
2025-11-10T20:24:07.893689,162,335,569,576,234,122,53,52,9604,-3264,-4893,11899,49,-1418,1193,-2147,401,-103
2025-11-10T20:24:07.912404,147,305,592,603,161,144,63,46,9557,-3528,-5130,11761,-50,-1628,1181,-2066,357,-105
2025-11-10T20:24:07.933970,129,279,683,586,166,154,62,46,9495,-3782,-5363,11628,-94,-1754,1250,-2038,292,-42
2025-11-10T20:24:07.953844,130,359,704,600,170,171,62,45,9420,-4017,-5586,11505,-213,-1903,1214,-1931,205,8
2025-11-10T20:24:07.972167,106,374,652,541,168,176,57,43,9325,-4242,-5758,11416,-410,-2028,1335,-1588,98,59
2025-11-10T20:24:07.994501,76,417,749,592,171,193,59,45,9241,-4415,-5892,11350,-475,-2117,1369,-1231,-4,17
2025-11-10T20:24:08.014026,83,425,773,700,177,190,47,47,9174,-4537,-6000,11299,-409,-1985,1310,-965,-82,-28
2025-11-10T20:24:08.038769,128,727,769,774,169,203,54,48,9123,-4618,-6078,11266,-321,-2010,1267,-646,-106,-38
2025-11-10T20:24:08.054098,167,790,769,738,173,192,62,57,9072,-4665,-6123,11264,-281,-1986,1299,-394,-167,62
2025-11-10T20:24:08.072823,173,883,824,813,176,182,61,60,9014,-4708,-6179,11262,-265,-1966,1204,-403,-218,75
2025-11-10T20:24:08.091562,224,955,769,778,167,144,63,61,8965,-4742,-6245,11250,-190,-1958,1177,-417,-227,9
2025-11-10T20:24:08.113885,260,997,763,710,157,113,156,80,8927,-4760,-6294,11246,-68,-1966,1141,-265,-191,40
2025-11-10T20:24:08.134186,296,941,698,684,183,70,191,143,8882,-4775,-6325,11258,-103,-1808,1109,-202,-193,124
2025-11-10T20:24:08.152085,279,898,655,752,195,116,235,279,8849,-4799,-6344,11263,16,-1866,1227,-219,-51,155
2025-11-10T20:24:08.174359,294,931,636,755,204,130,245,300,8828,-4822,-6345,11269,111,-1857,1331,-182,52,187
2025-11-10T20:24:08.193690,266,851,604,734,198,132,248,302,8776,-4866,-6358,11283,8,-1591,1275,-378,-6,315
2025-11-10T20:24:08.212281,269,850,613,695,189,137,205,324,8689,-4938,-6418,11285,-85,-1584,1075,-649,-124,357
2025-11-10T20:24:08.234590,222,749,675,655,161,137,176,321,8618,-4995,-6489,11274,-36,-1833,908,-517,-137,229
2025-11-10T20:24:08.254516,217,698,766,638,136,98,110,219,8598,-4999,-6509,11276,65,-2075,1021,-38,-68,94
2025-11-10T20:24:08.271532,193,526,850,586,119,81,85,195,8618,-4974,-6463,11298,146,-1810,1043,342,87,86
2025-11-10T20:24:08.294735,190,505,885,710,150,111,74,196,8632,-4981,-6418,11310,23,-1646,1066,160,177,88
2025-11-10T20:24:08.314132,134,450,848,739,137,111,64,151,8602,-5015,-6421,11316,-211,-1706,930,-118,-7,114
2025-11-10T20:24:08.332107,176,371,836,741,145,119,58,132,8586,-5005,-6433,11327,-65,-1927,1009,35,-139,31
2025-11-10T20:24:08.353978,182,407,796,804,164,143,65,154,8600,-4972,-6410,11343,46,-1859,1036,272,-41,-9
2025-11-10T20:24:08.377211,179,409,752,898,210,145,67,200,8622,-4947,-6363,11363,-12,-1695,1056,323,58,1
2025-11-10T20:24:08.392002,177,440,719,924,201,135,73,206,8613,-4944,-6347,11380,-95,-1713,1036,90,-30,72
2025-11-10T20:24:08.414854,177,401,780,878,214,151,76,239,8600,-4945,-6349,11389,-43,-1697,994,3,-53,66
2025-11-10T20:24:08.436901,139,383,807,915,224,146,95,317,8583,-4957,-6357,11392,-45,-1773,942,-30,-24,82
2025-11-10T20:24:08.452394,137,357,861,972,253,134,100,394,8577,-4960,-6357,11395,3,-1782,893,72,0,53
2025-11-10T20:24:08.474440,147,336,952,939,237,152,99,381,8579,-4956,-6354,11397,-2,-1647,953,49,0,5
2025-11-10T20:24:08.496931,140,308,1025,820,247,155,96,379,8558,-4961,-6381,11396,19,-1726,922,-105,-89,66
2025-11-10T20:24:08.511311,140,292,1112,866,306,153,112,366,8527,-4964,-6392,11411,-60,-1683,994,-70,-120,143
2025-11-10T20:24:08.533645,128,307,1109,807,305,152,92,292,8510,-4965,-6405,11417,45,-1682,1012,-76,-62,98
2025-11-10T20:24:08.556945,131,319,1122,644,273,139,77,149,8485,-4979,-6420,11420,-7,-1757,983,-110,-41,125
2025-11-10T20:24:08.571992,142,371,994,521,251,113,81,125,8462,-5005,-6440,11415,-82,-1763,1010,-196,-9,80
2025-11-10T20:24:08.594494,195,428,933,610,250,144,82,122,8460,-5015,-6457,11402,-23,-1761,1060,-148,10,-31
2025-11-10T20:24:08.616702,200,427,848,605,163,138,65,92,8445,-5038,-6483,11389,76,-1688,1033,-250,35,81
2025-11-10T20:24:08.632188,196,421,800,600,143,138,64,88,8426,-5069,-6514,11371,113,-1828,1019,-277,64,111
2025-11-10T20:24:08.654220,190,399,703,558,137,139,63,71,8404,-5097,-6521,11371,55,-1850,1055,-151,64,189
2025-11-10T20:24:08.676965,180,364,733,581,136,151,54,65,8383,-5106,-6510,11388,-121,-1691,1071,-45,-24,133
2025-11-10T20:24:08.691980,126,264,744,461,106,164,52,49,8364,-5108,-6524,11394,-111,-1727,1048,-117,-98,44
2025-11-10T20:24:08.714717,113,234,740,405,99,179,42,52,8357,-5090,-6546,11395,46,-1837,1061,-64,-130,-2
2025-11-10T20:24:08.736721,108,254,799,456,99,180,41,67,8357,-5073,-6545,11403,68,-1819,1023,70,-42,46
2025-11-10T20:24:08.751966,104,261,820,542,99,179,44,95,8351,-5073,-6530,11415,-27,-1739,994,65,16,91
2025-11-10T20:24:08.774521,90,238,856,539,110,173,49,151,8337,-5081,-6532,11421,-57,-1723,963,-37,-18,88
2025-11-10T20:24:08.796921,71,228,888,574,101,132,47,158,8319,-5100,-6531,11426,-134,-1841,921,-20,4,93
2025-11-10T20:24:08.811902,68,223,831,572,110,198,48,160,8309,-5107,-6531,11430,-80,-1818,879,36,-7,54
2025-11-10T20:24:08.834443,74,170,800,516,108,200,48,155,8309,-5102,-6525,11436,-60,-1708,912,73,-16,18
2025-11-10T20:24:08.856964,73,152,767,428,105,206,45,141,8302,-5099,-6529,11440,-25,-1741,918,17,-34,43
2025-11-10T20:24:08.876183,72,125,727,408,102,226,38,77,8295,-5099,-6534,11442,0,-1760,944,-9,-19,54
2025-11-10T20:24:08.894413,70,119,657,420,117,272,42,58,8287,-5106,-6537,11443,-27,-1749,903,-9,7,62
2025-11-10T20:24:08.917131,65,121,661,389,124,222,38,46,8285,-5107,-6541,11442,2,-1671,902,-6,6,29
2025-11-10T20:24:08.932013,52,140,649,468,148,244,40,42,8280,-5115,-6565,11428,46,-1698,881,-132,1,7
2025-11-10T20:24:08.953895,49,147,628,481,161,259,41,36,8263,-5131,-6605,11410,87,-1753,869,-228,-23,47
2025-11-10T20:24:08.977070,55,166,601,659,192,364,43,36,8245,-5137,-6632,11405,159,-1729,926,-161,-22,129
2025-11-10T20:24:08.991978,51,162,538,640,206,338,52,35,8239,-5137,-6633,11409,238,-1552,926,-48,48,171
2025-11-10T20:24:09.013861,53,152,515,699,205,362,56,38,8220,-5148,-6676,11393,268,-1568,918,-309,-8,131
2025-11-10T20:24:09.036890,51,131,476,726,208,359,58,41,8183,-5179,-6724,11377,264,-1775,904,-366,11,240
2025-11-10T20:24:09.052647,51,113,460,729,206,350,58,42,8160,-5161,-6749,11387,306,-1703,903,-73,-119,210
2025-11-10T20:24:09.074424,45,80,365,585,223,261,57,38,8137,-5118,-6764,11414,296,-1572,931,31,-221,202
2025-11-10T20:24:09.097265,44,101,326,601,217,279,57,41,8128,-5069,-6805,11418,307,-1450,828,-64,-246,26
2025-11-10T20:24:09.111725,38,94,242,564,284,249,57,37,8121,-5014,-6904,11387,256,-1526,808,-330,-384,-223
2025-11-10T20:24:09.134605,34,99,162,502,363,231,55,33,8124,-4932,-7007,11358,245,-1686,900,-257,-491,-349
2025-11-10T20:24:09.156963,39,147,138,505,423,235,61,34,8138,-4815,-7096,11343,180,-1547,848,-66,-606,-460
2025-11-10T20:24:09.183529,37,147,128,469,407,200,60,33,8152,-4688,-7214,11312,78,-1565,809,-169,-739,-643
2025-11-10T20:24:09.194496,41,137,131,439,423,175,52,30,8166,-4532,-7349,11278,28,-1823,947,-168,-919,-799
2025-11-10T20:24:09.217296,41,148,139,384,391,164,50,33,8177,-4355,-7494,11245,-28,-1843,783,-67,-1053,-910
2025-11-10T20:24:09.232087,40,144,142,327,317,162,47,33,8206,-4127,-7589,11246,-60,-1780,872,325,-1139,-981
2025-11-10T20:24:09.254057,33,94,199,335,249,148,37,27,8239,-3896,-7702,11227,-129,-1714,875,209,-1194,-1138
2025-11-10T20:24:09.276954,32,95,199,342,236,170,37,27,8269,-3704,-7881,11146,-265,-1734,716,-253,-1189,-1382
2025-11-10T20:24:09.296238,26,80,198,311,198,159,38,26,8367,-3469,-8083,11003,-134,-1847,827,-358,-1055,-1736
2025-11-10T20:24:09.315090,26,50,195,297,170,158,34,22,8507,-3247,-8248,10839,86,-2094,902,-263,-753,-1870
2025-11-10T20:24:09.336529,23,45,195,315,200,178,34,20,8648,-3058,-8383,10678,120,-1992,950,-253,-544,-1737
2025-11-10T20:24:09.356102,24,52,132,266,201,216,35,21,8762,-2949,-8485,10534,113,-1893,838,-320,-348,-1543
2025-11-10T20:24:09.374272,24,49,128,264,226,194,37,22,8860,-2881,-8596,10379,174,-1901,744,-495,-244,-1401
2025-11-10T20:24:09.397005,21,51,111,261,227,190,33,21,8927,-2840,-8738,10214,379,-2035,676,-701,-280,-1228
2025-11-10T20:24:09.419482,22,52,92,253,227,198,42,21,8965,-2803,-8872,10074,554,-2179,642,-613,-315,-998
2025-11-10T20:24:09.434491,21,50,78,229,186,194,45,20,8989,-2775,-8971,9973,629,-2079,599,-426,-244,-729
2025-11-10T20:24:09.461330,20,39,62,213,155,152,44,20,9009,-2749,-9044,9895,628,-1915,619,-325,-201,-587
2025-11-10T20:24:09.479190,20,34,50,161,117,156,44,20,9012,-2733,-9148,9801,790,-1868,544,-516,-264,-500
2025-11-10T20:24:09.494461,20,30,40,138,96,169,46,23,8996,-2730,-9267,9704,1042,-2026,525,-616,-286,-352
2025-11-10T20:24:09.513993,20,28,33,108,82,150,38,23,8981,-2728,-9327,9661,1270,-2194,614,-274,-132,-66
2025-11-10T20:24:09.539468,71,28,30,94,77,129,37,24,8981,-2729,-9312,9675,1218,-1973,690,92,68,172
2025-11-10T20:24:09.554029,97,28,26,82,63,121,46,24,8976,-2742,-9276,9710,1049,-1725,758,117,107,292
2025-11-10T20:24:09.577172,104,25,26,74,42,100,45,25,8953,-2763,-9263,9738,960,-1712,767,-32,-6,296
2025-11-10T20:24:09.599233,107,23,23,69,33,29,42,22,8929,-2761,-9263,9762,1005,-1783,735,11,-107,215
2025-11-10T20:24:09.614430,107,23,22,65,28,29,41,22,8926,-2720,-9244,9793,1086,-1779,710,253,-94,98
2025-11-10T20:24:09.636925,84,23,19,46,21,26,37,20,8954,-2640,-9191,9840,1160,-1693,699,562,-22,-5
2025-11-10T20:24:09.659026,51,19,20,39,21,24,24,19,9007,-2539,-9108,9894,1199,-1580,705,767,84,-64
2025-11-10T20:24:09.678614,37,22,21,31,20,23,18,19,9073,-2437,-9014,9946,1230,-1496,734,801,170,-91
2025-11-10T20:24:09.696898,29,21,20,28,19,23,18,18,9137,-2354,-8927,9986,1212,-1475,749,684,214,-75
2025-11-10T20:24:09.719687,29,22,22,25,17,21,29,19,9182,-2300,-8864,10013,1135,-1463,765,462,175,-20
2025-11-10T20:24:09.734282,24,22,20,21,16,20,34,19,9204,-2273,-8832,10027,1028,-1517,757,230,96,7
2025-11-10T20:24:09.756923,95,25,18,23,17,18,36,26,9209,-2265,-8826,10030,936,-1573,715,70,32,10
2025-11-10T20:24:09.779649,101,23,18,21,20,18,37,29,9210,-2266,-8826,10029,875,-1650,715,16,14,-6
2025-11-10T20:24:09.794428,104,24,19,20,19,18,37,30,9210,-2269,-8820,10033,825,-1699,721,55,29,-9
2025-11-10T20:24:09.816944,105,24,19,19,20,18,30,30,9209,-2276,-8804,10046,773,-1709,735,104,49,15
2025-11-10T20:24:09.839042,106,23,21,20,21,18,27,30,9205,-2292,-8786,10062,715,-1725,773,76,56,38
2025-11-10T20:24:09.854727,56,18,21,18,22,18,23,23,9200,-2314,-8769,10077,702,-1748,786,45,65,50
2025-11-10T20:24:09.876963,43,19,21,20,20,19,22,18,9197,-2333,-8753,10089,725,-1740,799,40,65,38
2025-11-10T20:24:09.899414,56,20,22,20,20,18,23,21,9199,-2345,-8741,10094,787,-1725,825,22,60,8
2025-11-10T20:24:09.914061,54,18,22,20,19,19,21,20,9206,-2350,-8732,10096,857,-1688,818,20,58,-4
2025-11-10T20:24:09.936906,54,18,22,18,18,18,21,21,9215,-2347,-8721,10097,893,-1634,809,48,53,-6
2025-11-10T20:24:09.959470,53,18,21,17,17,19,21,21,9222,-2344,-8714,10097,908,-1613,812,21,40,4
2025-11-10T20:24:09.981460,53,18,21,15,17,18,21,22,9226,-2341,-8713,10095,923,-1612,794,-1,21,15
2025-11-10T20:24:09.996967,32,17,20,15,19,19,20,18,9226,-2340,-8714,10094,927,-1615,784,13,8,14
2025-11-10T20:24:10.016549,29,17,19,15,19,19,20,18,9228,-2335,-8714,10094,941,-1653,776,22,10,15
2025-11-10T20:24:10.031879,29,18,17,15,20,19,19,16,9230,-2332,-8710,10096,916,-1667,767,49,27,20
2025-11-10T20:24:10.054819,90,19,19,15,20,19,18,19,9232,-2330,-8702,10101,884,-1653,769,66,35,18
2025-11-10T20:24:10.078363,98,18,18,17,21,18,18,19,9233,-2335,-8697,10104,840,-1667,769,27,36,15
2025-11-10T20:24:10.094470,100,20,19,18,19,18,20,18,9232,-2343,-8696,10104,841,-1670,763,-1,32,15
2025-11-10T20:24:10.116414,101,21,18,18,19,19,20,19,9232,-2351,-8696,10102,837,-1671,786,-21,32,5
2025-11-10T20:24:10.140108,102,22,19,19,17,20,19,19,9233,-2361,-8698,10097,834,-1689,788,-40,31,-8
2025-11-10T20:24:10.154019,55,23,19,19,17,20,19,18,9237,-2365,-8697,10093,848,-1671,789,-9,38,-16
2025-11-10T20:24:10.176947,42,23,20,17,16,20,18,17,9244,-2365,-8690,10093,848,-1658,822,21,37,-25
2025-11-10T20:24:10.199458,36,21,19,18,16,21,19,17,9251,-2363,-8684,10092,853,-1649,817,23,29,-23
2025-11-10T20:24:10.214509,37,22,19,17,16,20,18,20,9256,-2361,-8678,10093,846,-1643,823,23,16,-19
2025-11-10T20:24:10.236755,48,20,19,17,16,21,17,20,9259,-2357,-8675,10094,853,-1638,819,17,2,-16
2025-11-10T20:24:10.259428,48,20,18,16,17,21,17,21,9259,-2356,-8675,10094,863,-1631,800,15,0,-9
2025-11-10T20:24:10.274227,48,19,18,18,17,21,17,21,9259,-2356,-8675,10093,854,-1641,789,13,-2,-4
2025-11-10T20:24:10.296361,56,20,20,17,16,20,17,22,9259,-2356,-8676,10093,856,-1650,789,11,-3,-8
2025-11-10T20:24:10.319693,64,19,21,17,17,19,17,18,9259,-2354,-8675,10094,851,-1660,794,20,-4,-6
2025-11-10T20:24:10.342515,55,20,20,18,17,17,18,18,9259,-2351,-8674,10097,857,-1661,788,33,-4,-3
2025-11-10T20:24:10.356854,55,18,21,17,16,18,18,18,9260,-2347,-8673,10097,855,-1635,787,22,-2,-4
2025-11-10T20:24:10.379073,57,18,22,16,15,19,19,18,9260,-2347,-8673,10097,866,-1632,796,3,0,-6
2025-11-10T20:24:10.401425,65,19,20,16,17,18,16,18,9260,-2347,-8673,10097,869,-1647,799,3,-2,-7
2025-11-10T20:24:10.416569,91,20,18,16,16,18,17,20,9260,-2346,-8673,10097,886,-1630,793,3,2,-5
2025-11-10T20:24:10.439014,93,19,20,16,17,19,16,20,9260,-2346,-8674,10096,876,-1639,794,-2,7,-5
2025-11-10T20:24:10.461309,96,21,21,16,19,18,16,19,9262,-2347,-8676,10093,868,-1647,793,-17,12,-6
2025-11-10T20:24:10.476906,96,20,20,17,20,17,18,18,9263,-2350,-8678,10089,867,-1651,788,-20,14,-5
2025-11-10T20:24:10.499443,87,18,21,18,20,16,19,17,9265,-2352,-8679,10086,861,-1656,814,-18,12,-7
2025-11-10T20:24:10.521576,48,16,21,18,20,16,18,18,9265,-2353,-8679,10087,850,-1666,816,-15,9,-6
2025-11-10T20:24:10.541255,41,19,19,19,19,14,32,20,9265,-2353,-8678,10087,845,-1653,831,0,6,-5
2025-11-10T20:24:10.559389,46,18,19,18,17,15,36,21,9265,-2353,-8677,10087,836,-1648,842,2,-3,-2
2025-11-10T20:24:10.582057,61,19,18,19,18,17,35,22,9265,-2353,-8676,10088,832,-1656,850,0,-10,-7
2025-11-10T20:24:10.596938,68,19,17,18,18,17,35,21,9266,-2348,-8675,10089,843,-1650,827,14,-16,-19
2025-11-10T20:24:10.619046,72,20,18,20,19,17,35,19,9269,-2340,-8671,10092,853,-1630,815,45,-14,-21
2025-11-10T20:24:10.641944,76,21,18,19,20,18,23,19,9270,-2329,-8667,10097,851,-1612,801,58,-29,-9
2025-11-10T20:24:10.657238,82,21,18,20,20,19,32,18,9266,-2320,-8668,10103,861,-1611,779,45,-42,12
2025-11-10T20:24:10.679446,72,21,21,20,19,19,35,20,9258,-2313,-8672,10108,882,-1645,751,42,-44,31
2025-11-10T20:24:10.701878,64,21,22,20,18,20,36,21,9251,-2310,-8673,10114,876,-1648,739,54,-19,41
2025-11-10T20:24:10.716961,77,23,21,18,19,21,38,22,9247,-2308,-8669,10122,861,-1645,756,62,1,39
2025-11-10T20:24:10.739427,91,20,20,17,17,22,49,29,9243,-2310,-8666,10127,862,-1643,768,31,10,42
2025-11-10T20:24:10.761952,81,21,19,16,18,20,41,30,9239,-2314,-8666,10130,858,-1627,783,2,9,42
2025-11-10T20:24:10.776443,82,20,15,16,19,19,39,28,9236,-2322,-8669,10128,865,-1635,794,-39,10,34
2025-11-10T20:24:10.799457,83,20,14,15,18,19,38,28,9233,-2331,-8676,10123,874,-1654,798,-64,14,22
2025-11-10T20:24:10.822373,67,20,18,16,18,18,37,27,9233,-2336,-8678,10120,884,-1670,800,-31,22,14
2025-11-10T20:24:10.836415,41,20,19,16,20,16,22,18,9237,-2336,-8675,10119,889,-1658,820,11,30,2
2025-11-10T20:24:10.859103,36,19,20,17,18,18,20,19,9241,-2336,-8673,10118,880,-1633,807,3,22,-1
2025-11-10T20:24:10.881629,58,19,21,19,18,19,20,20,9242,-2337,-8674,10114,866,-1626,822,-32,5,-2
2025-11-10T20:24:10.896934,59,20,21,19,16,18,19,22,9241,-2341,-8679,10111,857,-1661,813,-42,-1,3
2025-11-10T20:24:10.923874,70,20,18,20,15,18,18,32,9239,-2345,-8681,10110,841,-1684,811,-21,-2,2
2025-11-10T20:24:10.941927,70,23,20,21,15,18,16,32,9239,-2346,-8681,10110,852,-1678,808,6,2,-8
2025-11-10T20:24:10.956921,75,23,18,21,16,19,16,32,9241,-2344,-8676,10113,829,-1653,831,24,3,-12
2025-11-10T20:24:10.979488,57,23,17,20,17,17,15,32,9241,-2344,-8675,10113,822,-1646,823,0,-4,-16
2025-11-10T20:24:11.001841,67,23,19,20,18,17,15,31,9241,-2343,-8677,10111,837,-1653,813,-15,-12,-20
2025-11-10T20:24:11.019054,66,23,20,20,20,17,36,22,9244,-2339,-8680,10108,871,-1661,813,-7,-11,-27
2025-11-10T20:24:11.039294,74,20,18,21,20,19,38,23,9247,-2335,-8682,10104,863,-1657,810,2,-6,-35
2025-11-10T20:24:11.061616,82,21,18,21,20,17,38,22,9248,-2329,-8683,10103,875,-1674,801,17,-18,-24
2025-11-10T20:24:11.076950,84,23,20,21,20,19,39,24,9251,-2319,-8682,10105,884,-1652,804,46,-18,-23
2025-11-10T20:24:11.099112,84,23,20,21,22,20,40,24,9253,-2310,-8680,10106,865,-1632,792,43,-14,-20
2025-11-10T20:24:11.122116,79,21,18,21,20,20,24,23,9254,-2305,-8678,10107,853,-1620,804,23,-10,-16
2025-11-10T20:24:11.136926,73,21,18,19,19,18,22,23,9255,-2302,-8678,10108,834,-1625,786,17,-10,-15
2025-11-10T20:24:11.159464,93,21,20,18,20,18,28,29,9254,-2299,-8680,10107,844,-1640,794,3,-16,-17
2025-11-10T20:24:11.182180,99,19,18,18,19,17,36,29,9254,-2297,-8682,10106,844,-1657,800,3,-16,-21
2025-11-10T20:24:11.196820,107,20,18,18,16,17,37,30,9254,-2297,-8682,10106,869,-1650,809,15,-15,-14
2025-11-10T20:24:11.219417,108,22,20,17,17,17,37,30,9255,-2292,-8685,10104,883,-1649,813,0,-18,-18
2025-11-10T20:24:11.241960,108,24,21,17,17,19,37,30,9258,-2286,-8687,10101,898,-1635,802,2,-12,-25
2025-11-10T20:24:11.264377,82,23,20,18,18,20,32,24,9263,-2278,-8687,10098,897,-1620,803,20,-1,-29
2025-11-10T20:24:11.279411,97,24,22,16,19,21,22,23,9265,-2273,-8688,10096,877,-1618,775,12,0,-24
2025-11-10T20:24:11.301858,81,24,21,16,20,20,35,20,9266,-2272,-8690,10093,860,-1633,795,-6,-4,-18
2025-11-10T20:24:11.324556,97,23,20,16,20,21,36,22,9266,-2273,-8691,10093,864,-1652,786,-5,-2,-15
2025-11-10T20:24:11.339334,97,23,20,17,21,20,35,21,9266,-2273,-8691,10093,871,-1645,787,5,13,-15
2025-11-10T20:24:11.370223,95,22,20,16,20,19,36,19,9270,-2272,-8689,10092,871,-1633,791,14,25,-15
2025-11-10T20:24:11.384369,99,22,19,16,21,18,37,19,9276,-2272,-8685,10089,876,-1615,814,1,27,-20
2025-11-10T20:24:11.399441,100,22,19,16,20,18,23,21,9280,-2273,-8686,10085,870,-1633,824,-23,14,-19
2025-11-10T20:24:11.421905,83,21,20,18,19,18,21,19,9283,-2273,-8685,10082,870,-1641,846,-18,7,-22
2025-11-10T20:24:11.444443,82,22,19,21,20,16,21,19,9288,-2272,-8683,10080,873,-1650,848,-9,4,-29
2025-11-10T20:24:11.459984,88,22,19,21,18,17,21,20,9292,-2268,-8680,10080,857,-1635,842,9,0,-27
2025-11-10T20:24:11.481918,54,23,18,21,18,16,20,22,9294,-2263,-8678,10080,863,-1639,843,12,-15,-28
2025-11-10T20:24:11.504162,51,23,20,22,18,16,18,21,9296,-2256,-8678,10080,866,-1640,835,14,-26,-31
2025-11-10T20:24:11.521880,52,23,19,21,19,17,18,21,9297,-2247,-8679,10081,877,-1639,807,33,-33,-27
2025-11-10T20:24:11.541946,53,22,22,18,18,19,17,22,9297,-2237,-8678,10084,876,-1636,805,47,-30,-25
2025-11-10T20:24:11.564416,58,21,22,18,20,19,17,23,9299,-2226,-8676,10086,879,-1607,807,45,-29,-21
2025-11-10T20:24:11.579413,59,19,23,18,21,19,16,20,9299,-2218,-8676,10088,882,-1615,804,31,-26,-15
2025-11-10T20:24:11.601929,60,20,22,16,21,21,19,21,9299,-2210,-8676,10090,876,-1604,800,34,-25,-12
2025-11-10T20:24:11.624782,75,20,21,17,21,19,18,19,9298,-2204,-8677,10091,877,-1610,795,20,-24,-11
2025-11-10T20:24:11.639255,75,21,18,19,21,19,19,19,9298,-2199,-8679,10091,892,-1632,807,16,-22,-10
2025-11-10T20:24:11.661684,76,21,17,19,21,19,19,19,9298,-2193,-8679,10091,899,-1632,800,22,-14,-12
2025-11-10T20:24:11.684395,75,22,16,18,21,18,20,20,9300,-2187,-8679,10092,897,-1623,811,24,-8,-14
2025-11-10T20:24:11.699233,77,20,16,19,20,18,19,20,9300,-2187,-8679,10092,895,-1618,816,8,-7,-11
2025-11-10T20:24:11.721992,58,21,17,18,21,19,19,22,9300,-2187,-8679,10091,891,-1615,804,3,-7,-11
2025-11-10T20:24:11.744393,69,19,15,20,21,20,19,24,9300,-2187,-8679,10091,893,-1613,803,3,0,-6
2025-11-10T20:24:11.759347,57,18,16,19,19,21,17,24,9300,-2186,-8679,10091,886,-1612,809,3,6,-5
2025-11-10T20:24:11.781920,55,19,18,19,21,21,17,25,9300,-2186,-8679,10091,889,-1619,798,-1,5,0
2025-11-10T20:24:11.804433,51,20,16,19,21,21,16,24,9300,-2186,-8680,10091,889,-1631,806,-8,6,1
2025-11-10T20:24:11.819315,51,20,16,19,20,20,16,23,9300,-2186,-8680,10091,888,-1619,802,-11,12,2
2025-11-10T20:24:11.841909,48,20,19,17,19,20,16,23,9301,-2189,-8679,10090,876,-1612,807,-7,20,1
2025-11-10T20:24:11.864222,48,21,18,18,19,19,15,22,9303,-2194,-8679,10088,883,-1616,811,-20,21,5
2025-11-10T20:24:11.879452,48,19,18,18,18,20,18,21,9304,-2198,-8678,10086,879,-1622,831,-23,14,5
2025-11-10T20:24:11.901612,81,21,19,17,20,19,18,21,9303,-2202,-8678,10086,878,-1631,818,-18,11,8
2025-11-10T20:24:11.924434,82,22,18,17,20,18,18,22,9303,-2202,-8678,10086,875,-1621,819,-5,10,9
2025-11-10T20:24:11.939449,78,21,17,16,20,21,19,19,9304,-2202,-8678,10086,882,-1611,838,-8,10,5
2025-11-10T20:24:11.961948,79,20,19,16,19,20,19,22,9304,-2202,-8677,10086,876,-1624,839,-13,2,4
2025-11-10T20:24:11.984462,80,22,18,19,17,21,18,22,9304,-2201,-8677,10086,884,-1628,839,-13,-7,3
2025-11-10T20:24:11.999403,50,21,18,18,15,20,18,21,9304,-2201,-8677,10086,885,-1625,821,-2,-8,4
2025-11-10T20:24:12.022777,47,20,19,19,15,20,19,20,9304,-2201,-8676,10086,887,-1614,824,7,-9,5
2025-11-10T20:24:12.044448,56,22,19,19,16,18,19,22,9304,-2201,-8676,10086,895,-1611,813,4,-12,3
2025-11-10T20:24:12.060137,55,24,16,18,16,18,19,21,9305,-2200,-8677,10086,904,-1608,809,-7,-16,5
2025-11-10T20:24:12.081927,56,23,19,16,20,18,18,24,9305,-2200,-8677,10086,880,-1585,800,-14,-5,12
2025-11-10T20:24:12.104414,61,24,19,18,20,20,17,23,9302,-2204,-8679,10085,880,-1594,780,-19,6,26
2025-11-10T20:24:12.119280,61,23,19,18,21,20,18,24,9299,-2211,-8680,10086,868,-1610,778,-18,16,34
2025-11-10T20:24:12.141929,77,22,19,17,20,20,17,23,9295,-2220,-8681,10087,865,-1629,787,-18,18,39
2025-11-10T20:24:12.164416,78,20,21,18,20,22,17,24,9290,-2229,-8682,10089,867,-1640,795,-24,14,43
2025-11-10T20:24:12.179445,83,19,21,17,17,21,17,21,9285,-2240,-8682,10091,863,-1650,812,-29,16,46
2025-11-10T20:24:12.201917,112,17,22,16,18,21,19,21,9280,-2251,-8681,10093,861,-1651,815,-28,22,46
2025-11-10T20:24:12.224343,130,19,20,15,19,21,18,20,9276,-2261,-8680,10095,856,-1653,829,-30,17,43
2025-11-10T20:24:12.247437,117,19,22,16,20,21,18,22,9274,-2268,-8681,10096,874,-1658,829,-32,10,30
2025-11-10T20:24:12.261542,116,19,20,14,21,19,17,20,9273,-2272,-8680,10096,889,-1652,832,-16,15,19
2025-11-10T20:24:12.284363,112,19,19,15,21,18,18,21,9274,-2273,-8678,10097,894,-1644,814,6,19,15
2025-11-10T20:24:12.307773,81,20,19,15,21,18,16,22,9275,-2273,-8678,10096,893,-1637,806,7,14,12
2025-11-10T20:24:12.321444,55,19,19,17,20,20,17,26,9275,-2273,-8678,10096,889,-1649,802,-5,3,13
2025-11-10T20:24:12.344397,51,18,19,18,20,19,18,24,9274,-2273,-8679,10096,881,-1651,793,2,5,8
2025-11-10T20:24:12.367186,58,19,20,18,21,20,18,25,9275,-2274,-8677,10097,868,-1633,785,16,18,6
2025-11-10T20:24:12.381911,57,19,20,18,20,22,17,24,9276,-2277,-8676,10095,869,-1621,778,0,24,5
2025-11-10T20:24:12.404402,88,21,19,20,19,20,19,25,9278,-2281,-8678,10092,875,-1621,782,-22,22,3
2025-11-10T20:24:12.427677,87,20,19,20,18,20,18,22,9279,-2286,-8679,10088,873,-1630,814,-37,22,6
2025-11-10T20:24:12.441899,89,21,18,17,19,20,19,22,9280,-2293,-8679,10086,856,-1627,817,-35,26,5
2025-11-10T20:24:12.464336,91,22,17,18,18,22,18,20,9281,-2301,-8678,10084,847,-1640,821,-37,26,11
2025-11-10T20:24:12.487625,102,24,17,18,19,21,18,20,9281,-2310,-8678,10082,841,-1636,839,-44,21,10
2025-11-10T20:24:12.501931,71,23,18,16,19,21,15,20,9280,-2317,-8676,10083,834,-1660,851,-34,10,10
2025-11-10T20:24:12.524192,80,22,20,16,22,21,17,20,9280,-2317,-8675,10083,848,-1665,851,-8,0,9
2025-11-10T20:24:12.547621,82,24,20,17,20,21,16,19,9280,-2317,-8675,10084,854,-1663,844,3,-8,6
2025-11-10T20:24:12.561955,78,23,21,17,20,19,16,21,9279,-2315,-8674,10086,862,-1657,823,13,-17,3
2025-11-10T20:24:12.584417,70,22,21,19,19,18,18,21,9278,-2310,-8674,10088,870,-1640,804,20,-14,-1
2025-11-10T20:24:12.607628,71,21,19,18,19,19,19,20,9279,-2310,-8674,10088,871,-1625,794,12,-15,2
2025-11-10T20:24:12.621926,65,21,19,19,17,20,17,19,9278,-2310,-8675,10087,866,-1633,775,-4,-14,5
2025-11-10T20:24:12.644461,61,20,20,19,19,22,19,21,9278,-2310,-8675,10087,874,-1637,780,-8,-5,7
2025-11-10T20:24:12.667580,55,20,19,18,20,22,21,19,9278,-2310,-8676,10087,859,-1634,778,-2,6,6
2025-11-10T20:24:12.681911,51,20,17,18,21,21,19,20,9278,-2310,-8676,10086,862,-1635,797,-11,14,4
2025-11-10T20:24:12.704345,58,19,20,19,22,21,20,18,9278,-2315,-8678,10083,856,-1636,793,-31,14,3
2025-11-10T20:24:12.727642,48,22,23,18,23,19,21,17,9279,-2321,-8680,10080,858,-1639,812,-36,16,2
2025-11-10T20:24:12.741924,60,22,21,17,21,16,21,18,9279,-2326,-8681,10077,861,-1648,811,-33,16,3
2025-11-10T20:24:12.764399,66,23,23,18,22,18,19,19,9280,-2330,-8681,10076,857,-1654,826,-22,10,1
2025-11-10T20:24:12.787747,72,21,24,17,20,18,19,19,9280,-2330,-8681,10076,850,-1659,817,-15,6,1
2025-11-10T20:24:12.801826,66,23,22,16,18,17,19,21,9280,-2330,-8681,10076,851,-1653,815,-8,0,-2
2025-11-10T20:24:12.824121,75,22,18,17,18,18,34,23,9280,-2330,-8680,10076,851,-1641,829,-5,-6,-1
2025-11-10T20:24:12.847410,67,20,19,18,19,19,34,21,9280,-2330,-8680,10077,847,-1645,817,-5,-12,0
2025-11-10T20:24:12.861892,61,20,18,18,18,18,36,22,9280,-2331,-8680,10077,851,-1651,817,1,-14,2
2025-11-10T20:24:12.883971,62,19,17,17,19,17,36,22,9278,-2328,-8681,10078,855,-1644,800,5,-18,0
2025-11-10T20:24:12.907630,72,21,18,19,19,18,37,19,9276,-2326,-8682,10079,855,-1636,803,3,-20,-1
2025-11-10T20:24:12.922034,73,19,18,20,20,16,34,21,9274,-2323,-8684,10080,863,-1648,807,3,-22,2
2025-11-10T20:24:12.944359,72,20,20,19,19,17,35,23,9272,-2321,-8686,10081,860,-1639,796,5,-20,2
2025-11-10T20:24:12.967624,73,19,20,18,18,17,36,22,9270,-2319,-8687,10082,849,-1648,801,4,-22,1
2025-11-10T20:24:12.981963,75,19,20,18,20,17,37,23,9268,-2315,-8688,10084,867,-1654,808,15,-20,-2
2025-11-10T20:24:13.004417,64,18,19,16,20,17,37,24,9268,-2310,-8688,10086,864,-1647,806,19,-20,-4
2025-11-10T20:24:13.026985,54,17,19,16,20,19,26,21,9266,-2307,-8689,10087,863,-1647,805,8,-22,-6
2025-11-10T20:24:13.041901,59,16,17,17,20,18,23,18,9265,-2303,-8692,10086,871,-1657,805,2,-20,-11
2025-11-10T20:24:13.064057,64,17,16,17,20,18,21,19,9265,-2299,-8695,10085,881,-1664,789,10,-20,-14
2025-11-10T20:24:13.087664,101,20,16,22,18,18,19,22,9264,-2294,-8695,10086,871,-1655,797,21,-19,-13
2025-11-10T20:24:13.101909,106,19,18,22,17,19,18,22,9264,-2289,-8697,10087,867,-1642,778,25,-17,-12
2025-11-10T20:24:13.124453,111,19,17,22,17,18,18,22,9264,-2285,-8697,10087,855,-1635,789,18,-14,-12
2025-11-10T20:24:13.147630,110,20,16,22,19,17,19,23,9264,-2285,-8697,10087,854,-1629,783,4,-7,-12
2025-11-10T20:24:13.172000,108,18,17,20,19,18,19,23,9263,-2285,-8697,10087,853,-1638,778,-1,-6,-14
2025-11-10T20:24:13.184333,71,16,19,16,21,19,18,19,9263,-2285,-8698,10087,872,-1643,785,-5,-2,-12
2025-11-10T20:24:13.207566,79,20,18,17,23,17,32,19,9263,-2285,-8698,10087,875,-1646,792,2,1,-9
2025-11-10T20:24:13.230343,73,20,18,16,22,18,34,20,9263,-2285,-8698,10087,876,-1645,797,5,2,-10
2025-11-10T20:24:13.252622,79,21,19,17,20,18,33,18,9263,-2285,-8698,10087,870,-1644,804,2,2,-6
2025-11-10T20:24:13.267572,79,21,20,18,20,18,34,17,9263,-2285,-8698,10087,879,-1637,813,-9,0,-6
2025-11-10T20:24:13.290142,74,21,20,17,18,17,35,17,9264,-2285,-8698,10087,867,-1634,820,-6,1,-11
2025-11-10T20:24:13.304393,57,19,20,18,16,18,24,15,9264,-2285,-8698,10087,866,-1626,818,-2,8,-13
2025-11-10T20:24:13.327646,59,18,21,17,16,18,21,14,9264,-2284,-8698,10087,878,-1621,793,-6,8,-12
2025-11-10T20:24:13.349983,68,18,21,18,16,19,20,16,9264,-2284,-8698,10086,878,-1623,798,0,8,-9
2025-11-10T20:24:13.364030,71,18,19,17,18,18,36,16,9264,-2284,-8698,10086,870,-1632,782,7,12,-7
2025-11-10T20:24:13.387749,72,18,17,19,20,19,37,16,9265,-2286,-8699,10084,865,-1628,781,-7,16,0
2025-11-10T20:24:13.410126,72,19,19,17,22,18,37,16,9264,-2293,-8703,10081,861,-1640,769,-33,15,6
2025-11-10T20:24:13.424401,66,18,19,17,23,19,37,17,9262,-2299,-8706,10077,866,-1639,773,-35,16,11
2025-11-10T20:24:13.447464,43,18,18,18,23,17,38,16,9261,-2306,-8709,10074,867,-1647,775,-29,20,12
2025-11-10T20:24:13.470063,48,20,19,19,20,18,23,18,9262,-2310,-8710,10072,880,-1641,791,-20,19,10
2025-11-10T20:24:13.484365,46,20,20,19,19,18,20,18,9263,-2314,-8708,10071,877,-1640,815,-15,20,10
2025-11-10T20:24:13.506954,56,20,18,19,17,18,20,19,9265,-2316,-8707,10070,883,-1627,828,-21,15,12
2025-11-10T20:24:13.529509,57,20,15,20,17,17,19,19,9265,-2322,-8708,10069,860,-1629,802,-33,14,13
2025-11-10T20:24:13.544419,57,20,17,18,19,18,19,19,9265,-2327,-8709,10067,855,-1643,811,-35,14,8
2025-11-10T20:24:13.566935,47,18,15,17,20,19,18,19,9264,-2333,-8709,10066,845,-1648,814,-28,10,6
2025-11-10T20:24:13.590227,45,18,17,15,19,20,18,18,9263,-2337,-8709,10065,845,-1645,812,-22,4,6
2025-11-10T20:24:13.604420,48,17,18,16,19,22,17,20,9262,-2340,-8710,10065,847,-1648,800,-18,2,6
2025-11-10T20:24:13.626927,53,17,20,15,18,22,15,22,9262,-2340,-8709,10065,866,-1650,819,-3,0,5
2025-11-10T20:24:13.650152,100,20,20,15,19,21,16,23,9263,-2340,-8709,10065,880,-1642,809,11,-3,5
2025-11-10T20:24:13.664522,103,23,21,15,17,19,17,24,9263,-2339,-8709,10065,878,-1645,806,-2,-6,8
2025-11-10T20:24:13.686341,105,23,19,17,17,18,17,24,9263,-2339,-8709,10065,876,-1655,784,-6,-3,7
2025-11-10T20:24:13.710067,100,23,20,16,17,18,19,22,9263,-2339,-8710,10065,855,-1643,771,-1,2,7
2025-11-10T20:24:13.724304,98,25,20,16,19,19,20,20,9263,-2340,-8710,10064,856,-1639,776,-14,6,8
2025-11-10T20:24:13.746784,62,23,20,17,19,19,20,18,9260,-2345,-8713,10062,858,-1648,774,-26,7,13
2025-11-10T20:24:13.767986,61,20,19,16,20,19,19,17,9259,-2350,-8716,10061,857,-1641,766,-22,13,14
2025-11-10T20:24:13.782404,71,20,19,16,19,21,18,18,9259,-2356,-8716,10060,857,-1653,788,-18,21,13
2025-11-10T20:24:13.805649,71,20,19,16,21,21,18,16,9258,-2362,-8714,10060,851,-1657,803,-18,19,14
2025-11-10T20:24:13.830282,79,18,18,16,20,20,19,18,9258,-2367,-8716,10058,864,-1670,806,-31,13,11
2025-11-10T20:24:13.844408,70,18,18,16,19,20,19,17,9257,-2371,-8717,10056,868,-1677,805,-25,7,5
2025-11-10T20:24:13.867283,68,18,20,16,18,22,19,17,9257,-2371,-8717,10056,864,-1667,818,-12,6,-1
2025-11-10T20:24:13.890194,54,19,18,16,19,23,21,17,9257,-2371,-8717,10056,853,-1650,811,0,4,-2
2025-11-10T20:24:13.904452,68,22,19,16,18,22,20,19,9257,-2371,-8717,10056,856,-1636,791,1,-3,-2
2025-11-10T20:24:13.927012,89,22,20,16,18,22,19,18,9257,-2371,-8717,10056,862,-1644,791,7,-5,-2
2025-11-10T20:24:13.950268,96,24,19,16,18,22,31,20,9257,-2369,-8715,10058,850,-1640,788,17,-5,0
2025-11-10T20:24:13.964426,102,25,18,17,19,19,34,20,9257,-2369,-8715,10058,846,-1653,792,12,-4,2
2025-11-10T20:24:13.986907,105,25,19,16,19,18,33,20,9257,-2369,-8715,10058,849,-1655,777,-4,2,3
2025-11-10T20:24:14.010210,96,23,18,17,20,16,33,19,9257,-2369,-8716,10058,858,-1645,769,-8,8,-1
2025-11-10T20:24:14.024278,68,23,17,19,20,17,33,21,9257,-2369,-8716,10057,874,-1654,779,-14,7,1
2025-11-10T20:24:14.046745,55,22,20,18,20,19,23,20,9257,-2369,-8716,10057,851,-1649,789,-3,5,0
2025-11-10T20:24:14.070140,44,21,21,20,19,19,20,20,9257,-2369,-8716,10058,853,-1651,798,2,4,4
2025-11-10T20:24:14.084343,34,21,21,20,19,18,20,21,9257,-2369,-8716,10058,855,-1654,800,5,2,5
2025-11-10T20:24:14.106941,31,20,21,20,18,19,18,20,9257,-2369,-8716,10058,862,-1651,801,-3,4,4
2025-11-10T20:24:14.130188,25,19,22,17,18,19,18,18,9257,-2369,-8716,10058,858,-1660,797,-7,8,-1
2025-11-10T20:24:14.152820,24,19,21,20,16,16,17,21,9257,-2369,-8716,10058,846,-1657,792,-10,9,0
2025-11-10T20:24:14.166869,21,18,20,18,18,16,17,20,9257,-2369,-8716,10058,853,-1651,786,-11,9,0
2025-11-10T20:24:14.190323,18,17,20,19,19,17,19,18,9257,-2369,-8716,10058,850,-1649,785,-13,11,1
2025-11-10T20:24:14.220142,18,17,20,19,18,16,17,19,9257,-2369,-8716,10058,853,-1645,787,-10,14,2
2025-11-10T20:24:14.226885,18,18,19,20,19,17,19,19,9257,-2369,-8716,10058,870,-1652,794,-5,15,4
2025-11-10T20:24:14.249880,23,18,15,17,19,17,20,20,9258,-2371,-8714,10058,860,-1653,805,-3,16,5
2025-11-10T20:24:14.272684,43,18,16,18,18,18,17,21,9258,-2371,-8714,10058,855,-1652,793,-1,13,5
2025-11-10T20:24:14.286875,45,20,17,18,17,19,17,24,9258,-2371,-8714,10058,847,-1645,793,-15,15,1
2025-11-10T20:24:14.310220,47,21,18,16,17,18,18,24,9258,-2377,-8715,10056,844,-1655,808,-34,9,4
2025-11-10T20:24:14.332794,47,21,18,17,16,19,16,25,9258,-2382,-8716,10054,845,-1669,822,-36,6,2
2025-11-10T20:24:14.346017,47,23,20,16,19,21,16,24,9258,-2382,-8716,10054,841,-1670,803,-11,1,0
2025-11-10T20:24:14.369797,83,23,19,15,20,21,17,24,9259,-2380,-8712,10057,854,-1661,816,19,-2,-1
2025-11-10T20:24:14.392842,88,24,20,14,19,20,18,24,9259,-2377,-8710,10059,850,-1649,800,18,-5,-1
2025-11-10T20:24:14.406952,91,23,20,16,20,19,20,23,9259,-2377,-8710,10059,843,-1645,800,1,-3,0
2025-11-10T20:24:14.430196,93,24,19,16,21,18,19,22,9259,-2378,-8709,10059,843,-1654,802,-13,-4,-1
2025-11-10T20:24:14.452649,93,23,19,16,19,18,19,20,9259,-2378,-8710,10059,852,-1664,790,-11,-7,0
2025-11-10T20:24:14.466447,53,22,19,17,20,17,21,20,9259,-2378,-8710,10059,855,-1662,779,4,-5,2
2025-11-10T20:24:14.488001,45,20,18,17,21,16,20,17,9258,-2378,-8710,10059,858,-1650,772,7,0,2
2025-11-10T20:24:14.510114,56,20,19,17,20,16,18,19,9258,-2378,-8711,10059,848,-1640,772,-5,3,2
2025-11-10T20:24:14.525273,54,20,19,16,21,18,19,21,9258,-2381,-8713,10056,858,-1651,776,-20,7,4
2025-11-10T20:24:14.550154,54,19,18,16,20,17,19,20,9257,-2385,-8716,10053,870,-1654,777,-27,10,5
2025-11-10T20:24:14.572676,55,20,19,17,19,17,15,20,9257,-2390,-8718,10050,852,-1644,772,-26,19,8
2025-11-10T20:24:14.586854,55,21,18,18,19,20,16,19,9256,-2398,-8720,10048,846,-1655,766,-30,22,10
2025-11-10T20:24:14.610194,36,19,17,18,19,20,16,22,9256,-2405,-8721,10045,838,-1655,776,-30,21,11
2025-11-10T20:24:14.633050,64,18,19,18,16,18,17,22,9256,-2411,-8722,10044,856,-1652,802,-32,20,13
2025-11-10T20:24:14.655195,96,22,19,19,18,18,18,22,9255,-2418,-8722,10042,849,-1670,800,-31,15,12
2025-11-10T20:24:14.670140,102,21,17,18,18,19,18,24,9255,-2423,-8722,10041,847,-1670,803,-23,15,8
2025-11-10T20:24:14.692886,117,23,19,19,19,16,17,25,9256,-2427,-8722,10040,856,-1670,800,-22,14,5
2025-11-10T20:24:14.706914,119,25,20,19,19,17,18,22,9256,-2431,-8723,10038,852,-1653,796,-26,14,5
2025-11-10T20:24:14.730176,107,25,19,20,18,16,18,19,9255,-2436,-8725,10035,843,-1663,779,-29,7,6
2025-11-10T20:24:14.752772,78,23,17,19,18,17,18,19,9254,-2439,-8727,10034,848,-1665,792,-23,2,7
2025-11-10T20:24:14.766876,69,23,21,19,21,23,132,42,9254,-2439,-8726,10034,838,-1651,793,-3,1,7
2025-11-10T20:24:14.790190,40,20,21,19,22,25,218,44,9254,-2439,-8726,10035,838,-1650,799,2,1,8
2025-11-10T20:24:14.812762,33,21,21,19,22,28,272,59,9251,-2445,-8725,10037,861,-1682,819,-18,6,39
2025-11-10T20:24:14.826551,30,20,21,18,24,30,286,60,9250,-2460,-8721,10038,844,-1722,827,-38,48,43
2025-11-10T20:24:14.849896,29,20,22,18,23,29,290,60,9255,-2458,-8702,10050,849,-1649,796,103,63,35
2025-11-10T20:24:14.872349,27,19,20,17,21,25,261,47,9257,-2458,-8691,10058,822,-1629,790,59,25,28
2025-11-10T20:24:14.886964,51,21,19,16,22,23,201,49,9252,-2464,-8696,10056,822,-1631,768,-45,-5,21
2025-11-10T20:24:14.910204,51,21,18,16,21,21,123,31,9249,-2473,-8704,10051,824,-1669,773,-66,0,7
2025-11-10T20:24:14.932738,53,21,17,16,19,21,91,31,9248,-2473,-8705,10051,821,-1687,753,-3,8,1
2025-11-10T20:24:14.946952,53,21,18,18,18,21,79,30,9249,-2472,-8703,10051,823,-1658,755,25,6,-8
2025-11-10T20:24:14.970144,52,20,17,18,18,21,71,31,9248,-2473,-8704,10051,829,-1664,767,9,1,-6
2025-11-10T20:24:14.992778,30,18,17,18,16,21,53,23,9248,-2473,-8704,10051,842,-1670,779,-11,1,3
2025-11-10T20:24:15.006989,27,16,17,18,17,22,41,20,9248,-2475,-8708,10048,849,-1662,784,-30,0,1
2025-11-10T20:24:15.027339,24,16,19,19,17,20,37,20,9246,-2479,-8712,10045,840,-1671,786,-35,-1,1
2025-11-10T20:24:15.050514,22,15,19,18,16,20,35,21,9246,-2481,-8714,10043,838,-1670,787,-21,0,-1
2025-11-10T20:24:15.073215,22,16,19,19,18,20,33,20,9246,-2481,-8714,10043,829,-1663,792,-3,-1,-2
2025-11-10T20:24:15.089654,18,16,19,18,17,22,33,19,9246,-2481,-8713,10043,828,-1663,792,1,-6,-4
2025-11-10T20:24:15.113626,19,17,20,19,16,20,38,20,9246,-2481,-8713,10043,825,-1669,776,-12,-6,-5
2025-11-10T20:24:15.135196,22,17,19,19,16,22,43,22,9246,-2481,-8713,10043,836,-1680,793,-8,-5,-6
2025-11-10T20:24:15.150247,26,18,20,19,15,21,46,25,9246,-2482,-8713,10043,836,-1684,806,-8,-3,-4
2025-11-10T20:24:15.172615,26,17,21,18,17,21,47,25,9246,-2482,-8713,10044,831,-1690,808,-4,-2,-3
2025-11-10T20:24:15.195308,44,17,21,18,18,19,47,25,9246,-2480,-8710,10046,828,-1673,805,16,-8,-4
2025-11-10T20:24:15.209923,45,17,21,17,20,19,44,26,9245,-2477,-8709,10049,825,-1668,805,13,-17,-5
2025-11-10T20:24:15.233411,44,16,21,17,21,17,37,24,9244,-2473,-8710,10050,836,-1658,787,10,-20,-6
2025-11-10T20:24:15.255141,43,18,19,18,22,19,31,19,9244,-2468,-8711,10051,846,-1673,801,9,-24,-10
2025-11-10T20:24:15.269958,43,20,19,18,21,19,32,20,9243,-2462,-8710,10053,838,-1679,822,17,-30,-12
2025-11-10T20:24:15.292487,25,20,19,18,21,20,31,21,9241,-2453,-8705,10061,818,-1670,837,44,-46,-1
2025-11-10T20:24:15.315137,23,21,19,18,20,19,31,18,9236,-2443,-8703,10070,812,-1681,832,47,-69,0
2025-11-10T20:24:15.330176,21,23,21,17,21,18,25,19,9232,-2430,-8701,10079,823,-1675,819,65,-67,-6
2025-11-10T20:24:15.352800,19,21,21,16,20,16,23,19,9230,-2412,-8697,10088,841,-1660,796,94,-59,-17
2025-11-10T20:24:15.375166,18,19,21,16,19,15,22,18,9229,-2395,-8695,10095,856,-1637,772,85,-57,-19
2025-11-10T20:24:15.390156,15,21,21,18,19,15,21,17,9226,-2381,-8700,10096,862,-1632,741,46,-57,-16
2025-11-10T20:24:15.413325,19,19,21,18,18,17,32,18,9222,-2371,-8707,10097,865,-1645,740,28,-50,-10
2025-11-10T20:24:15.435170,20,18,20,19,15,20,34,18,9219,-2364,-8713,10096,874,-1648,733,24,-34,-5
2025-11-10T20:24:15.450094,22,19,21,18,17,20,33,18,9217,-2360,-8717,10096,874,-1648,745,17,-20,1
2025-11-10T20:24:15.472621,21,19,20,20,17,20,33,19,9217,-2360,-8718,10095,864,-1653,760,11,-11,4
2025-11-10T20:24:15.495103,21,17,22,18,16,20,33,19,9217,-2359,-8718,10095,866,-1654,769,-5,-4,4
2025-11-10T20:24:15.509420,40,18,20,17,18,22,22,22,9216,-2361,-8721,10092,865,-1655,787,-20,2,2
2025-11-10T20:24:15.530326,42,17,18,16,20,21,19,23,9216,-2364,-8723,10090,852,-1651,782,-23,8,1
2025-11-10T20:24:15.552720,43,19,20,19,19,22,30,23,9217,-2369,-8724,10088,847,-1661,799,-27,12,1
2025-11-10T20:24:15.567682,58,20,21,18,20,24,34,23,9217,-2375,-8726,10084,837,-1652,786,-36,12,1
2025-11-10T20:24:15.592609,61,20,20,18,21,23,36,24,9217,-2381,-8727,10082,833,-1660,802,-33,14,1
2025-11-10T20:24:15.615108,52,18,21,18,21,20,36,20,9219,-2384,-8725,10081,842,-1653,799,-14,19,-1
2025-11-10T20:24:15.629375,63,20,22,19,20,18,37,24,9220,-2388,-8725,10079,842,-1649,787,-14,17,0
2025-11-10T20:24:15.652667,95,22,20,19,20,19,40,27,9220,-2392,-8726,10077,846,-1659,804,-29,9,1
2025-11-10T20:24:15.675119,92,21,19,19,19,18,48,30,9221,-2394,-8727,10075,863,-1668,803,-24,8,0
2025-11-10T20:24:15.689493,121,24,18,20,19,19,57,36,9221,-2394,-8727,10075,853,-1672,802,-8,11,3
2025-11-10T20:24:15.712586,132,24,19,20,17,18,59,40,9221,-2394,-8727,10075,854,-1648,784,-16,8,8
2025-11-10T20:24:15.735185,130,23,19,21,19,19,59,37,9219,-2399,-8731,10073,842,-1653,802,-45,-4,12
2025-11-10T20:24:15.749044,111,21,19,19,18,17,54,35,9216,-2403,-8734,10072,850,-1677,796,-30,-7,12
2025-11-10T20:24:15.772686,111,22,18,21,18,18,45,33,9216,-2403,-8734,10072,844,-1656,790,5,0,6
2025-11-10T20:24:15.795274,86,18,18,20,17,18,32,26,9216,-2401,-8732,10073,850,-1657,785,16,0,1
2025-11-10T20:24:15.809438,68,20,19,20,18,19,26,22,9217,-2401,-8732,10073,845,-1650,795,2,-2,-4
2025-11-10T20:24:15.840061,61,19,22,18,18,19,22,21,9217,-2401,-8732,10073,854,-1666,799,-11,-7,-1
2025-11-10T20:24:15.855067,58,19,23,21,18,19,19,21,9217,-2401,-8732,10073,852,-1662,781,-7,-7,0
2025-11-10T20:24:15.869744,49,19,22,19,18,17,17,21,9217,-2401,-8732,10073,853,-1655,783,9,-4,2
2025-11-10T20:24:15.892660,47,20,22,21,18,17,19,18,9217,-2401,-8732,10073,855,-1649,776,12,0,1
2025-11-10T20:24:15.915026,46,21,20,21,19,15,19,18,9217,-2401,-8732,10073,849,-1663,774,3,1,1
2025-11-10T20:24:15.929429,46,20,18,21,20,15,18,19,9216,-2401,-8732,10073,846,-1655,779,-11,4,0
2025-11-10T20:24:15.952796,56,22,16,19,20,17,20,20,9216,-2404,-8735,10071,844,-1667,770,-20,7,1
2025-11-10T20:24:15.975195,70,21,19,20,19,17,20,18,9215,-2408,-8737,10069,848,-1675,778,-21,7,3
2025-11-10T20:24:15.997794,83,20,20,18,20,17,19,20,9215,-2408,-8737,10068,856,-1666,770,-12,10,3
2025-11-10T20:24:16.012692,84,18,21,19,18,18,19,19,9215,-2409,-8738,10068,842,-1668,779,-4,12,5
2025-11-10T20:24:16.032322,86,21,23,19,18,18,19,21,9215,-2409,-8737,10068,843,-1654,796,-9,10,5
2025-11-10T20:24:16.055449,82,18,23,19,17,16,17,21,9214,-2412,-8738,10068,836,-1656,785,-18,6,5
2025-11-10T20:24:16.070387,80,19,24,19,17,17,17,22,9214,-2414,-8737,10067,841,-1667,809,-17,1,4
2025-11-10T20:24:16.094030,65,20,23,19,19,18,33,24,9214,-2414,-8737,10068,843,-1653,793,-3,2,5
2025-11-10T20:24:16.117545,99,22,21,19,18,17,36,24,9214,-2414,-8737,10068,845,-1654,786,1,2,3
2025-11-10T20:24:16.132602,98,20,19,19,17,18,38,24,9214,-2414,-8737,10068,845,-1663,781,-8,1,5
2025-11-10T20:24:16.154942,111,22,19,18,17,18,45,24,9214,-2414,-8737,10068,848,-1663,781,-7,1,3
2025-11-10T20:24:16.177621,106,20,17,16,17,16,50,27,9214,-2414,-8737,10068,854,-1666,789,-5,-1,5
2025-11-10T20:24:16.192187,102,23,17,18,15,18,42,27,9214,-2414,-8737,10068,842,-1675,786,-3,-1,3
2025-11-10T20:24:16.215076,71,21,18,19,15,18,39,28,9214,-2414,-8737,10068,845,-1654,783,-8,0,3
2025-11-10T20:24:16.237756,68,22,18,19,16,20,38,28,9214,-2417,-8739,10066,841,-1660,776,-17,3,0
2025-11-10T20:24:16.252741,53,21,18,19,16,19,31,26,9214,-2417,-8739,10066,838,-1661,777,-14,0,0
2025-11-10T20:24:16.275123,69,21,19,20,17,21,24,26,9213,-2417,-8739,10066,840,-1662,759,-7,1,2
2025-11-10T20:24:16.297651,72,18,19,19,16,21,23,23,9213,-2417,-8739,10066,836,-1665,778,-2,4,5
2025-11-10T20:24:16.311923,73,18,19,18,18,21,37,20,9213,-2418,-8739,10066,838,-1664,783,-1,4,5
2025-11-10T20:24:16.335105,74,18,20,17,18,19,40,22,9213,-2418,-8739,10066,841,-1674,787,-5,0,5
2025-11-10T20:24:16.364735,76,18,20,17,18,19,39,21,9213,-2418,-8739,10066,850,-1682,787,-6,-1,0
2025-11-10T20:24:16.371938,61,17,21,17,17,18,38,18,9213,-2418,-8740,10066,855,-1665,776,3,0,-2
2025-11-10T20:24:16.395069,56,20,21,16,18,16,38,20,9213,-2418,-8740,10066,849,-1646,784,6,5,0
2025-11-10T20:24:16.417709,78,20,23,18,18,17,26,19,9213,-2418,-8740,10066,846,-1642,769,-5,0,3
2025-11-10T20:24:16.433088,88,18,21,19,19,19,37,21,9213,-2417,-8740,10066,848,-1657,778,-11,0,4
2025-11-10T20:24:16.455081,81,19,22,18,18,18,39,22,9213,-2418,-8740,10066,843,-1664,780,0,5,3
2025-11-10T20:24:16.477627,80,21,20,19,18,20,40,23,9213,-2418,-8740,10066,835,-1663,785,9,5,4
2025-11-10T20:24:16.491789,81,18,20,20,18,19,39,21,9213,-2418,-8740,10066,845,-1662,794,1,3,0
2025-11-10T20:24:16.515114,54,19,19,18,18,19,39,23,9213,-2418,-8740,10066,848,-1666,783,-12,1,-3
2025-11-10T20:24:16.537345,38,20,20,17,17,17,26,21,9213,-2418,-8740,10066,848,-1665,788,-9,-1,-5
2025-11-10T20:24:16.551888,45,21,18,18,18,16,22,22,9213,-2418,-8739,10066,837,-1663,788,3,1,-3
2025-11-10T20:24:16.575093,92,21,19,20,19,15,21,23,9213,-2418,-8739,10066,839,-1658,794,7,-4,0
2025-11-10T20:24:16.597772,96,22,20,19,18,16,37,22,9213,-2418,-8739,10066,835,-1661,775,0,-6,0
2025-11-10T20:24:16.611959,100,22,21,20,19,16,40,22,9213,-2418,-8739,10066,843,-1671,783,5,-4,2
2025-11-10T20:24:16.642572,100,21,20,22,19,19,40,21,9213,-2418,-8739,10066,852,-1671,777,12,0,-3
2025-11-10T20:24:16.657240,96,21,21,22,17,19,41,20,9213,-2418,-8740,10066,851,-1659,776,5,1,-2
2025-11-10T20:24:16.672211,59,19,21,20,17,20,42,19,9213,-2418,-8740,10066,853,-1652,764,-9,6,-1
2025-11-10T20:24:16.695132,54,21,20,20,18,21,29,23,9213,-2418,-8740,10065,850,-1661,763,-16,9,4
2025-11-10T20:24:16.717610,76,23,19,18,19,20,28,21,9212,-2423,-8742,10064,838,-1661,762,-18,11,7
2025-11-10T20:24:16.731911,82,23,19,17,17,18,34,21,9211,-2423,-8742,10064,840,-1674,766,-12,15,8
2025-11-10T20:24:16.754908,86,22,20,18,18,19,34,22,9212,-2427,-8742,10063,850,-1671,770,-8,19,7
2025-11-10T20:24:16.777611,87,23,20,17,19,18,33,22,9213,-2432,-8742,10060,855,-1673,781,-20,24,5
2025-11-10T20:24:16.791963,86,21,19,16,18,16,31,18,9215,-2437,-8741,10059,843,-1666,811,-28,23,4
2025-11-10T20:24:16.815301,63,18,19,16,19,17,29,22,9215,-2443,-8741,10057,830,-1677,811,-36,9,2
2025-11-10T20:24:16.837171,54,19,20,15,20,16,33,22,9214,-2446,-8741,10057,831,-1701,817,-22,0,1
2025-11-10T20:24:16.851908,57,18,19,15,20,17,35,23,9215,-2445,-8737,10060,836,-1685,825,16,-4,-3
2025-11-10T20:24:16.874696,51,17,18,15,20,16,35,21,9216,-2439,-8732,10065,829,-1665,811,37,-12,-4
2025-11-10T20:24:16.897658,50,18,20,16,18,18,37,22,9216,-2434,-8728,10069,829,-1658,822,23,-21,-5
2025-11-10T20:24:16.911895,48,18,21,16,18,18,37,19,9214,-2430,-8729,10071,835,-1667,784,13,-30,-6
2025-11-10T20:24:16.935075,45,18,19,17,17,17,27,21,9211,-2425,-8732,10072,846,-1670,762,19,-27,-6
2025-11-10T20:24:16.957584,46,18,20,16,18,18,24,21,9211,-2420,-8732,10074,847,-1659,767,27,-19,-5
2025-11-10T20:24:16.979755,47,20,20,16,18,17,22,25,9209,-2416,-8734,10075,852,-1660,754,21,-15,-3
2025-11-10T20:24:16.995114,67,20,19,17,20,17,38,24,9209,-2416,-8735,10074,858,-1650,755,9,-15,1
2025-11-10T20:24:17.017512,70,20,18,17,18,17,40,24,9209,-2416,-8735,10074,853,-1656,764,0,-10,2
2025-11-10T20:24:17.040287,72,18,18,17,18,19,40,23,9209,-2416,-8735,10074,853,-1661,776,-2,-2,3
2025-11-10T20:24:17.055134,66,20,17,17,19,18,42,22,9209,-2415,-8735,10074,848,-1661,785,-2,3,2
2025-11-10T20:24:17.077240,72,18,16,17,21,19,43,19,9209,-2416,-8735,10074,842,-1661,788,-10,2,2
2025-11-10T20:24:17.099426,55,18,16,18,21,18,27,20,9209,-2416,-8735,10074,840,-1664,786,-15,4,2
2025-11-10T20:24:17.114710,53,19,18,18,21,17,24,23,9209,-2416,-8735,10074,843,-1665,772,-11,8,3
2025-11-10T20:24:17.137620,78,21,16,17,22,16,21,24,9209,-2416,-8735,10074,838,-1662,790,-8,8,3
2025-11-10T20:24:17.160107,86,22,17,17,19,16,23,26,9209,-2416,-8735,10074,838,-1669,780,-7,7,1
2025-11-10T20:24:17.174611,88,22,17,18,17,17,28,24,9209,-2416,-8735,10074,834,-1672,781,-9,4,0
2025-11-10T20:24:17.196066,90,21,19,16,16,17,32,24,9209,-2416,-8735,10074,847,-1672,782,-8,4,0
2025-11-10T20:24:17.217983,90,22,17,15,18,18,32,20,9209,-2416,-8735,10074,858,-1683,790,-6,5,-3
2025-11-10T20:24:17.235185,67,22,18,18,19,19,33,21,9209,-2416,-8735,10074,845,-1658,779,-5,5,-1
2025-11-10T20:24:17.257795,95,20,17,18,20,19,30,20,9208,-2417,-8736,10074,831,-1660,774,-8,3,1
2025-11-10T20:24:17.280125,104,24,21,18,20,19,36,22,9208,-2417,-8735,10074,844,-1668,790,-3,0,2
2025-11-10T20:24:17.295107,116,24,20,19,21,20,37,23,9208,-2417,-8735,10074,848,-1661,785,7,2,0
2025-11-10T20:24:17.317590,118,23,21,19,20,19,46,24,9208,-2417,-8735,10074,840,-1653,787,3,4,3
2025-11-10T20:24:17.339690,135,22,21,16,19,18,49,23,9208,-2417,-8735,10074,837,-1657,778,-10,1,5
2025-11-10T20:24:17.354971,117,23,22,17,19,18,49,23,9207,-2420,-8737,10073,831,-1668,790,-24,-1,2
2025-11-10T20:24:17.377644,106,19,19,17,18,19,42,24,9206,-2423,-8740,10071,839,-1691,782,-20,-2,-3
2025-11-10T20:24:17.400307,106,21,19,16,19,19,44,29,9206,-2423,-8740,10071,848,-1678,786,6,0,-6
2025-11-10T20:24:17.414462,136,22,19,17,19,19,39,30,9206,-2423,-8740,10071,841,-1642,774,12,2,-2
2025-11-10T20:24:17.437286,122,23,19,17,19,19,36,28,9204,-2425,-8743,10069,844,-1643,775,-28,-3,5
2025-11-10T20:24:17.460180,131,25,19,17,19,19,35,28,9201,-2429,-8749,10066,845,-1681,775,-38,-10,6
2025-11-10T20:24:17.475687,136,26,18,17,19,17,36,28,9201,-2430,-8749,10066,845,-1682,760,-11,-2,7
2025-11-10T20:24:17.497706,136,25,17,18,19,17,30,22,9201,-2430,-8749,10066,836,-1677,775,0,6,0
2025-11-10T20:24:17.520185,107,24,17,19,18,18,22,21,9201,-2430,-8750,10065,845,-1664,759,-3,9,1
2025-11-10T20:24:17.534044,106,25,17,19,17,18,22,22,9200,-2430,-8750,10065,831,-1663,759,-6,8,4
2025-11-10T20:24:17.555499,101,25,19,20,18,18,22,25,9199,-2434,-8753,10063,839,-1660,765,-24,6,5
2025-11-10T20:24:17.578427,105,26,19,20,18,18,21,28,9198,-2438,-8754,10062,840,-1675,775,-20,4,5
2025-11-10T20:24:17.592994,91,26,21,55,19,17,21,27,9198,-2438,-8754,10062,843,-1668,778,3,7,2
2025-11-10T20:24:17.621183,87,27,27,160,50,23,21,28,9188,-2404,-8741,10091,789,-1571,840,187,-155,31
2025-11-10T20:24:17.639480,86,28,28,171,56,24,20,27,9159,-2392,-8764,10100,904,-1733,672,19,-172,81
2025-11-10T20:24:17.665845,68,25,29,176,58,25,19,24,9159,-2378,-8754,10112,865,-1664,787,115,-21,13
2025-11-10T20:24:17.681021,61,24,29,177,58,25,20,20,9163,-2382,-8751,10110,840,-1639,783,-10,35,1
2025-11-10T20:24:17.699439,69,23,31,170,58,26,21,21,9166,-2397,-8754,10101,811,-1703,799,-87,45,-21
2025-11-10T20:24:17.721981,88,23,25,82,37,20,20,22,9170,-2408,-8759,10091,825,-1677,781,-76,37,-31
2025-11-10T20:24:17.741234,107,23,25,56,27,18,21,21,9172,-2421,-8762,10083,830,-1701,762,-58,49,-10
2025-11-10T20:24:17.759308,109,23,24,42,24,19,21,22,9179,-2432,-8760,10075,836,-1672,791,-51,67,-15
2025-11-10T20:24:17.781879,99,22,23,36,24,19,20,22,9186,-2445,-8762,10065,836,-1652,781,-80,66,-17
2025-11-10T20:24:17.801292,97,23,21,31,25,19,18,23,9191,-2457,-8765,10055,834,-1662,778,-78,53,-19
2025-11-10T20:24:17.819303,98,21,21,25,21,20,19,22,9194,-2466,-8766,10049,835,-1686,789,-51,36,-12
2025-11-10T20:24:17.841651,79,19,20,24,20,21,18,22,9196,-2470,-8764,10047,833,-1674,788,-16,22,-2
2025-11-10T20:24:17.861109,105,20,21,23,19,19,18,22,9196,-2470,-8764,10047,833,-1661,787,3,12,1
2025-11-10T20:24:17.879211,106,20,21,22,18,19,17,25,9196,-2470,-8764,10047,834,-1671,781,-4,5,1
2025-11-10T20:24:17.901688,102,19,21,21,15,20,19,23,9196,-2470,-8763,10048,828,-1670,779,-12,0,-3
2025-11-10T20:24:17.921049,84,19,20,17,17,19,17,22,9196,-2471,-8763,10048,828,-1693,781,-10,-3,-5
2025-11-10T20:24:17.939052,126,21,21,17,19,20,19,26,9196,-2471,-8763,10048,835,-1692,791,8,-2,-6
2025-11-10T20:24:17.960957,110,20,20,17,19,20,20,24,9197,-2468,-8760,10051,843,-1675,788,26,-3,-2
2025-11-10T20:24:17.981279,114,20,19,17,18,21,22,23,9197,-2468,-8759,10051,836,-1655,782,12,-4,-2
2025-11-10T20:24:18.003737,125,21,19,17,18,20,21,27,9197,-2468,-8763,10048,841,-1655,762,-23,-8,-7
2025-11-10T20:24:18.021505,126,22,20,17,18,19,21,27,9197,-2468,-8764,10047,851,-1664,743,-12,-4,-1
2025-11-10T20:24:18.036866,110,22,20,21,18,18,23,25,9197,-2468,-8764,10047,852,-1659,757,-6,4,4
2025-11-10T20:24:18.057297,109,22,19,22,18,18,21,25,9196,-2471,-8767,10045,851,-1668,753,-18,8,6
2025-11-10T20:24:18.080075,105,21,18,21,19,18,21,23,9194,-2476,-8769,10044,840,-1680,760,-21,11,13
2025-11-10T20:24:18.099254,91,19,17,21,18,20,20,18,9195,-2480,-8768,10043,834,-1664,773,-15,18,11
2025-11-10T20:24:18.119403,97,21,16,22,18,21,21,19,9194,-2487,-8767,10042,830,-1673,771,-21,18,15
2025-11-10T20:24:18.141975,64,20,15,21,17,20,18,19,9193,-2493,-8767,10042,818,-1670,777,-26,17,11
2025-11-10T20:24:18.161057,80,23,16,21,18,21,20,19,9193,-2499,-8766,10041,816,-1668,783,-27,15,9
2025-11-10T20:24:18.179348,82,23,19,23,17,19,20,19,9192,-2505,-8766,10041,820,-1687,781,-23,9,9
2025-11-10T20:24:18.202211,90,25,21,23,18,18,19,27,9192,-2505,-8766,10041,819,-1676,785,-11,5,8
2025-11-10T20:24:18.221264,81,23,21,22,20,19,20,27,9192,-2505,-8766,10041,835,-1676,786,0,2,7
2025-11-10T20:24:18.246410,81,23,21,19,18,21,20,27,9192,-2505,-8765,10041,840,-1676,793,-12,-6,7
