timestamp,EMG_0,EMG_1,EMG_2,EMG_3,EMG_4,EMG_5,EMG_6,EMG_7,quat_0,quat_1,quat_2,quat_3,acc_0,acc_1,acc_2,gyro_0,gyro_1,gyro_2
2025-11-10T20:18:32.863217,56,21,18,18,21,18,20,17,11607,-5361,-7651,6814,784,-1733,706,1,1,1
2025-11-10T20:18:32.887029,48,20,17,20,20,19,20,17,11607,-5361,-7651,6814,783,-1740,722,3,1,0
2025-11-10T20:18:32.908261,46,20,17,20,20,19,20,18,11607,-5361,-7651,6814,790,-1733,713,4,2,-5
2025-11-10T20:18:32.923227,56,20,16,19,19,19,19,19,11607,-5361,-7651,6814,780,-1734,708,2,1,-6
2025-11-10T20:18:32.945957,57,19,18,20,17,19,20,18,11607,-5361,-7651,6814,796,-1737,704,0,-2,-4
2025-11-10T20:18:32.971995,58,19,17,20,14,20,19,18,11607,-5361,-7651,6814,793,-1732,699,-1,-2,-2
2025-11-10T20:18:32.984893,60,18,17,19,17,18,20,18,11607,-5361,-7651,6814,798,-1728,704,5,0,-2
2025-11-10T20:18:33.007455,58,21,17,19,18,18,18,17,11607,-5361,-7651,6814,786,-1730,706,8,1,-2
2025-11-10T20:18:33.030962,44,21,20,19,20,20,18,17,11607,-5362,-7651,6814,779,-1727,704,-1,0,-3
2025-11-10T20:18:33.045369,41,20,18,18,21,20,17,18,11606,-5362,-7651,6814,785,-1726,706,-4,1,-2
2025-11-10T20:18:33.068483,59,20,20,19,21,19,16,19,11606,-5362,-7651,6814,781,-1738,711,-1,2,-1
2025-11-10T20:18:33.098188,57,21,22,19,19,20,16,20,11606,-5362,-7651,6814,779,-1733,713,2,2,0
2025-11-10T20:18:33.104783,59,19,23,19,19,19,18,20,11606,-5362,-7651,6814,791,-1733,704,1,2,-1
2025-11-10T20:18:33.128563,60,19,20,18,17,18,18,21,11606,-5362,-7651,6814,788,-1736,709,0,2,-2
2025-11-10T20:18:33.151621,60,20,23,19,17,17,18,21,11606,-5362,-7651,6814,784,-1731,718,-3,1,-3
2025-11-10T20:18:33.165306,42,22,21,18,17,17,19,20,11606,-5362,-7651,6814,789,-1729,706,-4,-1,-3
2025-11-10T20:18:33.189035,40,20,20,18,17,16,18,19,11606,-5362,-7651,6814,792,-1732,703,0,1,-1
2025-11-10T20:18:33.211014,26,20,20,17,17,17,17,19,11606,-5362,-7651,6814,788,-1727,709,0,0,0
2025-11-10T20:18:33.225003,56,20,21,18,18,18,18,18,11606,-5362,-7651,6814,782,-1728,700,-1,1,2
2025-11-10T20:18:33.248614,56,20,19,17,17,18,17,18,11606,-5362,-7651,6814,792,-1734,714,-2,3,0
2025-11-10T20:18:33.270651,60,19,20,16,17,17,15,19,11606,-5363,-7651,6815,775,-1734,712,0,2,2
2025-11-10T20:18:33.285163,61,21,18,16,17,19,16,18,11606,-5363,-7651,6815,779,-1748,710,-2,-2,1
2025-11-10T20:18:33.308903,62,19,18,15,18,19,16,19,11606,-5363,-7651,6815,795,-1745,716,0,-3,-2
2025-11-10T20:18:33.331354,34,20,18,14,19,19,17,19,11606,-5363,-7650,6815,788,-1743,718,7,-3,-2
2025-11-10T20:18:33.345272,32,19,18,16,19,21,19,18,11606,-5363,-7650,6815,785,-1725,714,10,-2,-1
2025-11-10T20:18:33.376107,28,19,21,17,19,21,18,18,11606,-5363,-7650,6815,784,-1719,716,0,-3,0
2025-11-10T20:18:33.390733,58,21,21,18,19,20,19,17,11606,-5363,-7650,6815,786,-1736,699,-1,-2,0
2025-11-10T20:18:33.405427,58,21,20,19,20,19,18,16,11606,-5363,-7650,6815,781,-1733,701,8,1,1
2025-11-10T20:18:33.428622,60,19,20,18,19,19,18,18,11606,-5363,-7650,6815,782,-1730,712,7,2,2
2025-11-10T20:18:33.451296,62,20,19,17,19,18,17,17,11606,-5364,-7650,6815,773,-1743,709,-2,1,1
2025-11-10T20:18:33.473582,61,19,19,15,19,19,18,18,11605,-5364,-7650,6816,781,-1751,713,-6,0,-3
2025-11-10T20:18:33.488674,33,16,18,15,19,19,18,19,11605,-5364,-7650,6816,788,-1743,709,-4,-1,-5
2025-11-10T20:18:33.511419,33,16,20,16,20,20,18,18,11605,-5364,-7650,6816,795,-1725,710,5,-1,-5
2025-11-10T20:18:33.533862,58,18,19,17,20,21,29,20,11605,-5364,-7650,6816,785,-1722,703,6,-4,-1
2025-11-10T20:18:33.548622,59,17,21,19,25,28,43,55,11605,-5364,-7650,6815,789,-1730,698,3,-5,0
2025-11-10T20:18:33.571096,62,16,20,21,64,102,144,102,11605,-5364,-7650,6816,781,-1739,717,4,-5,-1
2025-11-10T20:18:33.593258,66,19,24,25,86,211,246,138,11603,-5361,-7654,6818,813,-1785,754,-4,-39,0
2025-11-10T20:18:33.607949,67,35,104,95,243,251,264,149,11578,-5356,-7698,6815,824,-1679,896,-244,-283,-24
2025-11-10T20:18:33.631046,49,55,234,224,383,406,276,155,11470,-5418,-7874,6747,751,-1563,1359,-1394,-877,-171
2025-11-10T20:18:33.653937,48,73,280,384,518,669,307,151,11270,-5649,-8104,6621,1417,-1280,837,-2199,-670,263
2025-11-10T20:18:33.667802,52,168,291,460,608,738,282,126,11153,-5853,-8147,6589,1114,-2717,923,-1273,-10,583
2025-11-10T20:18:33.690777,47,183,350,480,655,734,215,87,11090,-5951,-8063,6709,1083,-3124,892,18,93,939
2025-11-10T20:18:33.713488,45,191,342,483,622,733,198,71,11088,-5947,-7853,6961,948,-2862,823,1214,258,1307
2025-11-10T20:18:33.725011,40,195,274,442,556,685,184,61,11082,-5954,-7567,7274,650,-2316,899,1468,442,1783
2025-11-10T20:18:33.748843,61,197,393,320,439,440,123,52,11017,-6077,-7258,7580,320,-2096,983,934,661,2231
2025-11-10T20:18:33.772024,77,144,396,208,304,308,104,47,10913,-6295,-6941,7844,68,-2172,1069,412,928,2416
2025-11-10T20:18:33.787475,95,134,433,201,181,266,70,45,10836,-6497,-6589,8086,-73,-2280,1077,572,1128,2290
2025-11-10T20:18:33.811070,260,134,546,366,155,234,54,40,10818,-6626,-6192,8317,-111,-2061,1063,1075,1250,2040
2025-11-10T20:18:33.834069,332,147,675,508,129,150,48,64,10836,-6705,-5794,8513,-208,-1816,937,1281,1273,1704
2025-11-10T20:18:33.848140,423,165,701,544,118,121,89,100,10868,-6761,-5414,8676,-181,-1826,884,1298,1214,1399
2025-11-10T20:18:33.872431,471,183,783,588,99,96,97,107,10917,-6784,-5053,8814,-88,-1738,790,1415,1176,1236
2025-11-10T20:18:33.893252,481,192,837,595,92,76,97,108,11001,-6753,-4658,8951,-239,-1681,778,1757,1200,1104
2025-11-10T20:18:33.906138,546,196,842,564,89,69,95,107,11122,-6676,-4285,9044,-445,-1473,752,1878,1122,687
2025-11-10T20:18:33.928548,540,200,870,705,103,72,99,96,11271,-6562,-4004,9072,-477,-1314,786,1692,842,83
2025-11-10T20:18:33.952223,503,189,894,815,102,113,62,57,11411,-6451,-3844,9046,-359,-1373,800,1282,455,-405
2025-11-10T20:18:33.967513,480,165,908,849,100,114,112,80,11532,-6339,-3776,9000,-53,-1494,704,1032,201,-493
2025-11-10T20:18:33.991509,500,153,845,842,96,119,130,101,11654,-6178,-3722,8977,40,-1427,693,1213,-28,-472
2025-11-10T20:18:34.013652,447,141,841,804,94,121,137,109,11767,-6005,-3703,8954,140,-1322,656,1130,-191,-501
2025-11-10T20:18:34.027410,413,118,857,590,68,114,135,110,11862,-5849,-3705,8932,184,-1322,735,947,-230,-456
2025-11-10T20:18:34.051089,404,103,816,389,52,94,141,113,11937,-5691,-3719,8928,151,-1405,814,908,-364,-372
2025-11-10T20:18:34.073661,405,112,734,266,61,96,102,111,12000,-5512,-3740,8948,209,-1338,876,950,-499,-272
2025-11-10T20:18:34.087821,375,121,715,264,63,86,88,119,12042,-5365,-3772,8966,249,-1235,908,699,-463,-188
2025-11-10T20:18:34.111437,276,122,681,323,63,81,87,148,12072,-5247,-3805,8983,222,-1237,985,531,-400,-139
2025-11-10T20:18:34.134252,334,158,555,419,69,80,86,218,12089,-5135,-3859,9002,332,-1175,1089,365,-456,-85
2025-11-10T20:18:34.147862,358,176,661,649,75,54,78,234,12112,-5054,-3885,9005,455,-1528,1440,316,-163,-41
2025-11-10T20:18:34.171014,360,213,656,739,83,41,71,227,12109,-5069,-3851,9015,255,-1494,1490,37,254,226
2025-11-10T20:18:34.193274,361,223,677,912,122,47,61,216,12098,-5107,-3791,9034,-199,-1274,1428,-37,243,185
2025-11-10T20:18:34.208305,378,220,672,943,140,105,57,198,12099,-5155,-3755,9020,-127,-1079,1566,-310,277,21
2025-11-10T20:18:34.230216,364,193,625,1010,146,126,59,136,12089,-5244,-3813,8958,-86,-1217,1436,-761,107,-243
2025-11-10T20:18:34.253548,321,177,453,911,165,127,63,117,12095,-5327,-3908,8859,111,-1400,1416,-808,88,-446
2025-11-10T20:18:34.267513,288,198,590,864,173,140,65,118,12127,-5355,-3960,8775,253,-1408,1420,-390,153,-405
2025-11-10T20:18:34.290987,294,217,583,718,172,142,63,118,12152,-5374,-3954,8732,154,-1380,1426,-144,245,-159
2025-11-10T20:18:34.313203,261,431,584,705,167,109,57,112,12159,-5421,-3933,8701,-63,-1402,1442,-245,264,-76
2025-11-10T20:18:34.327853,248,518,585,565,167,86,65,86,12158,-5493,-3918,8665,-74,-1409,1426,-378,316,-56
2025-11-10T20:18:34.351053,322,544,617,524,148,86,93,73,12146,-5586,-3888,8636,-161,-1578,1329,-342,386,37
2025-11-10T20:18:34.373587,316,532,482,455,134,62,108,82,12159,-5620,-3829,8622,-138,-1626,1399,39,346,17
2025-11-10T20:18:34.387887,385,756,471,408,123,51,123,345,12193,-5630,-3733,8609,-160,-1464,1438,229,456,-4
2025-11-10T20:18:34.410953,410,735,424,302,116,51,127,401,12244,-5649,-3610,8578,-209,-1555,1518,285,645,-80
2025-11-10T20:18:34.434519,383,698,416,272,109,51,122,407,12303,-5685,-3458,8531,-404,-1494,1583,251,792,-157
2025-11-10T20:18:34.456180,309,689,298,316,166,65,109,457,12351,-5766,-3323,8461,-459,-1468,1535,-21,875,-216
2025-11-10T20:18:34.471412,307,683,272,393,179,72,111,479,12388,-5892,-3220,8359,-476,-1544,1487,-324,924,-329
2025-11-10T20:18:34.493892,189,405,233,411,169,78,144,420,12431,-6017,-3134,8239,-523,-1544,1279,-302,876,-467
2025-11-10T20:18:34.516642,114,245,184,432,167,76,241,417,12464,-6120,-3080,8132,-528,-1789,1115,-156,632,-463
2025-11-10T20:18:34.530352,106,172,178,537,174,76,256,417,12502,-6151,-3021,8072,-416,-1904,1077,281,407,-290
2025-11-10T20:18:34.553675,123,164,196,551,268,66,261,369,12556,-6103,-2931,8059,-401,-1728,1015,763,243,-143
2025-11-10T20:18:34.576085,127,268,215,566,271,61,267,347,12595,-6027,-2858,8080,-362,-1580,1022,794,20,-4
2025-11-10T20:18:34.590763,135,363,215,555,272,53,292,264,12591,-5960,-2843,8142,-329,-1573,678,689,-335,192
2025-11-10T20:18:34.613577,136,382,251,567,290,66,266,186,12620,-5782,-2777,8248,-119,-1475,1097,1241,-389,367
2025-11-10T20:18:34.635892,148,391,258,538,298,68,275,206,12651,-5594,-2674,8363,-95,-1332,1172,1347,-261,468
2025-11-10T20:18:34.650244,171,381,372,659,201,84,353,264,12684,-5408,-2552,8472,-108,-1037,1343,1234,-149,458
2025-11-10T20:18:34.673635,187,311,385,700,194,87,452,380,12695,-5270,-2491,8560,-204,-944,1328,780,-298,322
2025-11-10T20:18:34.696316,179,191,392,704,190,90,569,413,12703,-5150,-2475,8626,-86,-1054,1338,604,-360,210
2025-11-10T20:18:34.718106,174,149,373,691,176,85,565,426,12740,-5012,-2435,8664,-32,-1062,1502,736,-211,56
2025-11-10T20:18:34.731202,162,150,366,662,169,83,569,421,12792,-4884,-2385,8674,-45,-950,1552,679,-75,-99
2025-11-10T20:18:34.763205,129,140,262,583,167,69,590,547,12838,-4783,-2363,8669,-33,-844,1559,422,-104,-179
2025-11-10T20:18:34.770703,108,171,273,520,214,75,515,501,12860,-4736,-2402,8652,-41,-961,1481,34,-220,-215
2025-11-10T20:18:34.793712,105,292,279,555,228,79,444,481,12879,-4701,-2460,8627,41,-1173,1446,19,-230,-233
2025-11-10T20:18:34.816087,108,307,281,571,225,73,456,497,12918,-4621,-2463,8611,62,-1130,1473,397,-119,-202
2025-11-10T20:18:34.830357,114,306,285,577,215,74,461,496,12961,-4520,-2438,8605,59,-966,1494,521,-70,-150
2025-11-10T20:18:34.853187,95,307,260,548,220,70,378,333,12997,-4441,-2427,8596,-18,-896,1497,347,-105,-172
2025-11-10T20:18:34.876046,92,323,227,552,172,61,551,377,13024,-4384,-2438,8581,-67,-916,1556,160,-166,-211
2025-11-10T20:18:34.890792,89,224,206,504,155,55,494,371,13040,-4353,-2476,8561,-27,-976,1503,-9,-200,-209
2025-11-10T20:18:34.921036,84,207,198,518,156,57,518,357,13048,-4337,-2511,8548,-16,-1155,1537,-10,-153,-131
2025-11-10T20:18:34.935750,81,186,182,518,168,62,532,364,13060,-4297,-2509,8549,-28,-1091,1511,213,-91,-52
2025-11-10T20:18:34.950306,101,212,170,541,149,66,609,390,13067,-4266,-2503,8556,-130,-1067,1518,171,-101,-31
2025-11-10T20:18:34.973547,100,242,198,539,152,70,500,400,13066,-4252,-2513,8562,-155,-1157,1544,66,-143,-32
2025-11-10T20:18:34.995573,107,244,246,543,159,69,530,475,13070,-4219,-2522,8569,-79,-1153,1559,165,-157,-33
2025-11-10T20:18:35.010347,110,255,269,527,151,69,525,486,13084,-4169,-2513,8576,-73,-989,1573,231,-118,-48
2025-11-10T20:18:35.034780,106,271,311,539,142,66,527,499,13095,-4143,-2512,8571,-37,-960,1628,60,-56,-80
2025-11-10T20:18:35.055788,100,340,324,504,130,63,475,466,13100,-4131,-2521,8567,36,-1017,1657,-19,-33,-31
2025-11-10T20:18:35.070093,97,321,295,545,121,55,511,390,13098,-4122,-2529,8573,9,-1034,1652,-26,-55,22
2025-11-10T20:18:35.093608,90,352,257,544,110,57,472,297,13089,-4130,-2551,8575,-33,-1105,1594,-107,-87,12
2025-11-10T20:18:35.115858,98,367,268,567,140,58,425,253,13089,-4118,-2552,8580,-19,-1116,1661,44,-43,9
2025-11-10T20:18:35.130026,107,404,263,657,164,70,401,219,13090,-4098,-2541,8592,-45,-1113,1601,144,-33,45
2025-11-10T20:18:35.153560,108,393,278,630,178,70,383,213,13093,-4065,-2515,8611,-42,-999,1561,225,-11,77
2025-11-10T20:18:35.176107,111,381,302,596,187,79,340,211,13093,-4039,-2499,8627,-51,-968,1607,128,-39,66
2025-11-10T20:18:35.190390,122,388,311,625,200,79,418,242,13090,-4031,-2500,8636,-92,-1037,1606,22,-69,23
2025-11-10T20:18:35.213876,113,394,367,686,207,82,507,272,13090,-4012,-2499,8646,-27,-1047,1615,83,-66,28
2025-11-10T20:18:35.235915,110,398,358,618,192,72,507,297,13086,-3993,-2496,8660,-25,-1046,1593,100,-62,66
2025-11-10T20:18:35.250067,107,487,386,653,185,67,500,323,13092,-3953,-2475,8675,6,-963,1578,231,-26,51
2025-11-10T20:18:35.277166,134,571,422,609,194,75,459,324,13100,-3925,-2468,8679,53,-877,1536,-117,-16,3
2025-11-10T20:18:35.295275,125,582,443,617,195,81,387,283,13091,-3946,-2500,8673,178,-736,1560,-335,14,36
2025-11-10T20:18:35.322156,128,615,481,530,167,75,267,249,13064,-4000,-2546,8676,199,-1009,1554,-422,24,143
2025-11-10T20:18:35.337343,125,593,493,542,161,73,256,222,13044,-4027,-2565,8688,143,-1080,1547,-180,38,159
2025-11-10T20:18:35.354971,122,568,476,485,162,75,216,173,13035,-4039,-2566,8696,20,-984,1550,-87,33,84
2025-11-10T20:18:35.377696,86,524,494,543,151,59,199,156,13022,-4063,-2596,8695,7,-930,1514,-259,-62,23
2025-11-10T20:18:35.397477,95,576,472,526,171,50,179,152,12992,-4116,-2673,8691,84,-1045,1440,-492,-165,41
2025-11-10T20:18:35.419416,92,579,426,577,245,52,148,138,12959,-4165,-2757,8691,212,-1050,1385,-488,-159,92
2025-11-10T20:18:35.437866,117,667,501,567,275,56,99,102,12915,-4217,-2837,8707,284,-1108,1358,-465,-138,227
2025-11-10T20:18:35.457070,117,652,564,590,272,55,81,97,12857,-4263,-2885,8753,230,-1150,1440,-351,-92,426
2025-11-10T20:18:35.479627,126,679,607,565,276,52,73,80,12790,-4312,-2894,8824,-6,-1200,1470,-227,-59,549
2025-11-10T20:18:35.498147,122,648,686,542,264,52,65,69,12731,-4352,-2902,8888,-106,-1133,1404,-197,-105,458
2025-11-10T20:18:35.517450,118,599,731,535,223,51,55,67,12666,-4406,-2940,8940,-66,-1045,1280,-372,-158,408
2025-11-10T20:18:35.540211,98,580,838,526,207,79,53,51,12587,-4481,-3018,8989,11,-1112,1284,-592,-243,424
2025-11-10T20:18:35.557889,95,543,797,507,243,79,56,59,12480,-4586,-3127,9048,47,-1286,1246,-787,-317,552
2025-11-10T20:18:35.577050,96,607,828,587,236,86,60,65,12365,-4672,-3212,9132,-23,-1455,1359,-592,-342,681
2025-11-10T20:18:35.599832,108,629,858,636,234,87,57,66,12249,-4738,-3261,9236,-188,-1471,1363,-391,-352,754
2025-11-10T20:18:35.617802,125,661,945,621,218,92,59,70,12149,-4787,-3286,9334,-235,-1325,1253,-244,-294,679
2025-11-10T20:18:35.638582,128,607,894,650,203,72,50,65,12065,-4843,-3291,9411,-262,-1016,1268,-350,-137,571
2025-11-10T20:18:35.659968,168,617,966,684,176,82,58,61,11983,-4945,-3331,9448,-302,-1138,1345,-684,-76,383
2025-11-10T20:18:35.677909,170,520,1003,605,180,96,55,74,11891,-5071,-3425,9464,-311,-1343,1360,-938,-191,270
2025-11-10T20:18:35.697175,165,470,977,593,171,96,57,78,11794,-5180,-3549,9482,-297,-1466,1336,-938,-375,226
2025-11-10T20:18:35.719632,162,438,896,660,168,95,56,75,11674,-5276,-3701,9518,-265,-1598,1296,-955,-577,325
2025-11-10T20:18:35.737202,163,436,920,635,159,101,55,72,11539,-5368,-3842,9576,-254,-1687,1153,-838,-597,482
2025-11-10T20:18:35.755836,119,450,966,639,148,152,48,73,11398,-5458,-3965,9643,-262,-1676,1030,-741,-559,564
2025-11-10T20:18:35.778738,135,562,1017,714,211,157,57,85,11251,-5584,-4084,9694,-306,-1679,966,-900,-421,559
2025-11-10T20:18:35.797167,144,652,1146,705,227,162,59,169,11088,-5741,-4188,9746,-352,-1634,976,-1044,-288,670
2025-11-10T20:18:35.817238,156,728,1231,619,231,162,67,189,10915,-5926,-4275,9793,-379,-1608,1035,-1179,-129,762
2025-11-10T20:18:35.839579,181,757,1251,711,243,163,73,192,10727,-6120,-4382,9833,-523,-1793,1027,-1293,-217,708
2025-11-10T20:18:35.857866,198,800,1245,827,279,139,76,193,10592,-6245,-4436,9877,-340,-1738,1305,-900,-102,641
2025-11-10T20:18:35.880341,190,749,1219,824,243,142,67,184,10524,-6305,-4437,9911,-250,-1400,1412,-527,37,416
2025-11-10T20:18:35.899686,193,695,1149,921,244,157,66,154,10462,-6386,-4478,9906,-221,-1316,1477,-850,76,218
2025-11-10T20:18:35.917531,218,641,1058,957,253,182,63,160,10430,-6444,-4526,9881,-59,-1400,1857,-920,137,68
2025-11-10T20:18:35.940707,201,590,959,899,246,186,65,160,10445,-6448,-4522,9865,71,-1585,2328,-595,267,46
2025-11-10T20:18:35.959713,187,486,865,764,198,172,62,161,10479,-6448,-4495,9841,-59,-1537,2378,-509,346,-60
2025-11-10T20:18:35.977682,176,393,763,706,178,211,63,161,10507,-6451,-4462,9824,-89,-1465,2316,-490,336,-19
2025-11-10T20:18:36.000043,160,303,663,536,162,196,67,118,10541,-6497,-4396,9787,-241,-1835,2157,-368,607,-12
2025-11-10T20:18:36.019653,89,207,582,450,161,175,64,72,10550,-6574,-4301,9768,-555,-1914,1933,-287,641,127
2025-11-10T20:18:36.037911,69,182,547,418,148,164,74,79,10602,-6626,-4160,9737,-764,-1815,1645,149,736,-88
2025-11-10T20:18:36.060395,181,152,507,394,138,159,86,115,10708,-6673,-3972,9668,-816,-1899,1681,406,1047,-306
2025-11-10T20:18:36.079639,188,128,404,440,137,63,106,164,10835,-6731,-3761,9570,-975,-1929,1627,503,1220,-468
2025-11-10T20:18:36.098514,253,113,353,468,118,63,121,206,10976,-6791,-3536,9452,-973,-1879,1549,577,1342,-540
2025-11-10T20:18:36.120369,302,106,380,447,63,49,171,328,11119,-6871,-3295,9312,-1038,-1848,1352,618,1485,-584
2025-11-10T20:18:36.139727,335,112,392,374,67,50,248,458,11227,-7002,-3079,9159,-1194,-2041,1151,394,1483,-550
2025-11-10T20:18:36.157880,325,155,403,444,66,44,299,661,11310,-7120,-2904,9022,-1196,-2280,915,449,1205,-477
2025-11-10T20:18:36.180011,334,157,417,410,69,51,306,701,11405,-7144,-2768,8925,-941,-2301,738,855,732,-426
2025-11-10T20:18:36.200013,295,159,493,476,106,55,343,762,11574,-6969,-2569,8905,-631,-2173,838,1763,429,-271
2025-11-10T20:18:36.217852,250,177,570,633,166,74,345,754,11756,-6717,-2371,8916,-572,-1859,648,2132,123,-256
2025-11-10T20:18:36.240007,209,180,563,720,205,77,334,720,11940,-6397,-2183,8954,-333,-1508,827,2370,-165,-223
2025-11-10T20:18:36.259161,172,209,560,694,277,81,301,588,12106,-6072,-2038,8992,-264,-1422,722,2221,-369,-260
2025-11-10T20:18:36.277847,160,230,583,783,315,95,297,570,12267,-5746,-1907,9016,-204,-1411,792,2169,-394,-329
2025-11-10T20:18:36.300442,152,233,507,762,316,95,336,554,12411,-5437,-1818,9029,-125,-1321,697,1935,-503,-390
2025-11-10T20:18:36.319772,153,238,472,800,306,97,466,528,12544,-5088,-1712,9070,95,-1422,861,2161,-592,-211
2025-11-10T20:18:36.337712,145,229,453,768,287,104,477,492,12669,-4712,-1587,9121,137,-944,798,2290,-610,-139
2025-11-10T20:18:36.359856,114,180,441,783,237,103,535,465,12762,-4393,-1514,9163,128,-836,865,1812,-668,-134
2025-11-10T20:18:36.379465,94,231,425,767,202,91,587,472,12818,-4138,-1493,9207,133,-972,1060,1452,-600,31
2025-11-10T20:18:36.401667,91,266,404,755,205,90,597,407,12862,-3904,-1453,9255,176,-862,1117,1353,-448,116
2025-11-10T20:18:36.420274,81,264,323,626,206,76,500,398,12900,-3686,-1375,9303,77,-659,1326,1272,-262,153
2025-11-10T20:18:36.439353,84,295,317,581,222,61,475,427,12923,-3532,-1329,9337,-89,-646,1397,853,-275,84
2025-11-10T20:18:36.457742,98,345,316,554,207,58,427,416,12948,-3421,-1329,9343,-27,-651,1476,504,-272,-71
2025-11-10T20:18:36.480356,96,307,329,518,304,66,419,414,12981,-3306,-1330,9339,94,-543,1530,464,-225,-129
2025-11-10T20:18:36.499663,96,285,350,506,303,65,370,495,13009,-3214,-1359,9328,151,-514,1536,256,-242,-148
2025-11-10T20:18:36.518188,98,299,343,563,316,71,395,498,13033,-3137,-1407,9313,235,-607,1589,162,-245,-154
2025-11-10T20:18:36.540354,97,301,351,568,321,73,405,466,13055,-3029,-1426,9315,180,-578,1748,356,-260,-71
2025-11-10T20:18:36.559846,90,323,360,609,335,73,413,445,13076,-2919,-1448,9318,136,-458,1733,309,-312,-90
2025-11-10T20:18:36.577861,92,336,301,549,244,70,534,428,13094,-2832,-1498,9311,250,-505,1721,143,-314,-115
2025-11-10T20:18:36.600119,96,355,270,558,245,71,588,460,13112,-2752,-1545,9302,267,-443,1697,93,-274,-121
2025-11-10T20:18:36.619576,101,377,275,484,256,65,654,498,13126,-2697,-1591,9291,222,-528,1751,15,-218,-110
2025-11-10T20:18:36.637843,114,376,276,587,267,82,739,575,13140,-2657,-1638,9275,172,-567,1751,-35,-206,-140
2025-11-10T20:18:36.660330,111,359,269,581,248,85,737,583,13155,-2630,-1687,9252,169,-598,1740,-89,-174,-172
2025-11-10T20:18:36.679658,116,376,271,556,251,79,621,559,13167,-2626,-1738,9226,99,-647,1764,-181,-153,-178
2025-11-10T20:18:36.705386,111,366,274,573,246,82,574,451,13171,-2643,-1797,9204,-24,-746,1694,-252,-197,-157
2025-11-10T20:18:36.720323,110,392,345,604,205,84,476,411,13179,-2641,-1839,9186,-50,-701,1759,-143,-199,-158
2025-11-10T20:18:36.739047,90,382,327,489,163,68,318,297,13189,-2664,-1891,9155,0,-753,1728,-270,-134,-205
2025-11-10T20:18:36.758135,87,341,385,472,167,65,354,361,13183,-2692,-1923,9148,-4,-959,1809,-143,-61,-29
2025-11-10T20:18:36.780330,76,307,380,488,150,64,347,377,13180,-2683,-1915,9157,-92,-737,1813,45,-54,29
2025-11-10T20:18:36.800023,74,320,406,437,134,64,301,364,13173,-2710,-1939,9153,-74,-775,1783,-207,-66,-16
2025-11-10T20:18:36.817865,70,245,323,366,187,60,315,372,13159,-2748,-1971,9156,-29,-941,1804,-205,-57,41
2025-11-10T20:18:36.840103,76,254,374,415,203,59,313,377,13152,-2747,-1961,9167,-48,-837,1794,58,-1,69
2025-11-10T20:18:36.867676,77,343,333,431,207,62,243,301,13148,-2749,-1955,9174,-37,-803,1770,21,2,38
2025-11-10T20:18:36.877862,91,420,349,477,224,63,258,284,13146,-2749,-1949,9179,-31,-821,1782,40,-2,31
2025-11-10T20:18:36.899848,95,425,325,500,227,61,327,300,13145,-2741,-1941,9185,-40,-786,1795,59,-16,19
2025-11-10T20:18:36.919489,91,431,336,528,196,56,351,274,13145,-2732,-1943,9186,-4,-794,1755,50,-47,-8
2025-11-10T20:18:36.937560,86,434,288,536,209,56,336,243,13152,-2710,-1943,9184,28,-766,1738,109,-52,-41
2025-11-10T20:18:36.960208,88,383,263,534,225,51,319,248,13159,-2681,-1944,9180,39,-722,1672,130,-76,-53
2025-11-10T20:18:36.979080,93,397,317,548,237,52,325,301,13169,-2645,-1949,9175,52,-638,1750,94,-106,-76
2025-11-10T20:18:36.998231,89,395,314,583,250,55,277,268,13163,-2645,-1984,9177,9,-865,1701,-46,-172,-11
2025-11-10T20:18:37.020322,86,385,310,580,248,57,202,246,13166,-2572,-1970,9196,116,-778,1799,398,-139,60
2025-11-10T20:18:37.039611,87,382,300,561,265,55,201,251,13182,-2502,-1956,9196,19,-491,1640,279,-155,-87
2025-11-10T20:18:37.057859,86,367,352,579,282,65,204,235,13190,-2484,-1971,9186,63,-669,1745,12,-101,-94
2025-11-10T20:18:37.080404,62,268,288,541,272,64,167,156,13199,-2473,-1986,9173,92,-670,1673,-11,-61,-94
2025-11-10T20:18:37.100461,65,340,317,483,254,58,157,232,13205,-2476,-2011,9158,136,-548,1732,-181,-45,-86
2025-11-10T20:18:37.118230,71,348,302,451,241,58,176,246,13198,-2522,-2059,9145,170,-722,1712,-369,-9,-21
2025-11-10T20:18:37.140384,81,369,382,508,191,55,174,261,13194,-2556,-2084,9135,162,-798,1693,-209,50,-13
2025-11-10T20:18:37.159238,76,376,371,467,131,41,168,267,13194,-2562,-2089,9133,190,-654,1703,-83,64,24
2025-11-10T20:18:37.177291,76,360,378,521,100,35,163,255,13188,-2591,-2110,9129,188,-596,1663,-268,64,33
2025-11-10T20:18:37.200399,71,279,401,562,108,39,154,215,13175,-2632,-2148,9126,247,-683,1699,-353,40,64
2025-11-10T20:18:37.219568,79,305,487,601,106,39,133,362,13161,-2668,-2192,9126,308,-693,1691,-346,31,89
2025-11-10T20:18:37.238678,72,272,462,535,103,44,148,368,13139,-2702,-2235,9138,344,-772,1686,-303,22,168
2025-11-10T20:18:37.264429,85,414,490,598,163,51,149,372,13112,-2730,-2285,9155,391,-735,1591,-298,-8,208
2025-11-10T20:18:37.282572,99,444,554,577,184,51,156,408,13077,-2771,-2347,9177,401,-684,1613,-436,-35,263
2025-11-10T20:18:37.297855,118,571,641,677,201,73,145,401,13018,-2853,-2434,9214,354,-840,1550,-631,-73,401
2025-11-10T20:18:37.320519,113,578,751,767,213,77,142,270,12948,-2940,-2512,9263,311,-931,1465,-574,-60,492
2025-11-10T20:18:37.342850,145,724,864,796,225,83,121,241,12880,-3033,-2565,9315,231,-966,1543,-531,33,510
2025-11-10T20:18:37.357546,143,682,881,800,205,80,117,226,12798,-3153,-2628,9369,73,-1081,1522,-654,-16,539
2025-11-10T20:18:37.380087,156,700,862,763,197,80,74,132,12705,-3282,-2690,9434,-52,-1180,1457,-643,-56,601
2025-11-10T20:18:37.402607,146,688,798,712,203,66,63,132,12606,-3392,-2734,9515,-113,-1187,1479,-513,-84,681
2025-11-10T20:18:37.417876,164,680,743,581,192,60,65,129,12504,-3498,-2760,9603,-130,-1280,1558,-429,-28,734
2025-11-10T20:18:37.440027,146,545,873,569,180,57,83,180,12420,-3584,-2753,9682,-150,-1137,1436,-259,70,664
2025-11-10T20:18:37.462523,256,540,939,473,161,85,95,205,12337,-3686,-2763,9747,-147,-1026,1255,-404,80,599
2025-11-10T20:18:37.482208,249,547,1066,553,149,98,99,250,12241,-3808,-2833,9801,-63,-858,1267,-810,-61,561
2025-11-10T20:18:37.508277,265,504,1194,509,124,104,104,253,12103,-3957,-2945,9879,-117,-1085,1361,-1043,-239,766
2025-11-10T20:18:37.522564,290,548,1197,496,124,109,116,274,11920,-4130,-3087,9987,-206,-1497,1310,-1102,-398,1007
2025-11-10T20:18:37.537896,351,653,1107,524,138,122,106,272,11749,-4273,-3189,10098,-246,-1548,1133,-764,-341,1000
2025-11-10T20:18:37.568034,290,647,1092,550,134,105,102,287,11598,-4394,-3284,10189,-397,-1317,949,-706,-403,775
2025-11-10T20:18:37.582446,395,648,1058,648,157,106,104,401,11451,-4528,-3425,10250,-278,-1033,951,-1078,-434,628
2025-11-10T20:18:37.598427,417,713,1028,723,164,124,103,419,11294,-4693,-3574,10298,-253,-1244,1212,-1296,-330,647
2025-11-10T20:18:37.620374,420,687,1013,791,163,122,89,436,11124,-4856,-3702,10363,-336,-1531,1477,-1220,-310,778
2025-11-10T20:18:37.642910,378,574,1030,834,180,114,87,432,10984,-4961,-3795,10429,-426,-1349,1518,-936,-376,613
2025-11-10T20:18:37.658042,379,592,992,908,187,117,80,427,10889,-5003,-3828,10496,-412,-1060,1873,-668,-290,479
2025-11-10T20:18:37.680373,274,567,974,936,179,148,70,356,10816,-5065,-3874,10525,-274,-1051,2075,-891,-99,307
2025-11-10T20:18:37.702781,225,409,963,881,181,146,62,374,10790,-5140,-3901,10505,-205,-1124,2186,-885,192,48
2025-11-10T20:18:37.717867,188,374,926,839,184,175,73,356,10814,-5244,-3907,10427,-79,-1150,2380,-989,615,-215
2025-11-10T20:18:37.739861,186,357,851,758,154,193,68,365,10846,-5404,-3912,10309,-122,-1344,2354,-1173,894,-318
2025-11-10T20:18:37.762879,170,273,849,644,146,235,65,350,10868,-5611,-3928,10169,-199,-1527,2204,-1339,1015,-339
2025-11-10T20:18:37.777852,161,214,731,387,148,218,66,283,10884,-5814,-3925,10038,-358,-1660,1988,-1150,990,-308
2025-11-10T20:18:37.800970,154,174,540,287,123,206,65,216,10914,-5973,-3900,9922,-463,-1798,1831,-769,878,-342
2025-11-10T20:18:37.822782,148,155,495,210,117,182,52,173,10972,-6097,-3827,9809,-585,-2027,1759,-318,926,-405
2025-11-10T20:18:37.837887,120,132,388,466,140,160,57,111,11060,-6202,-3694,9695,-734,-2087,1541,127,1081,-460
2025-11-10T20:18:37.863054,115,116,284,476,132,85,96,202,11186,-6271,-3484,9583,-916,-1774,1525,510,1235,-547
2025-11-10T20:18:37.880523,256,115,370,493,112,66,150,538,11308,-6343,-3281,9463,-987,-1728,1444,481,1214,-594
2025-11-10T20:18:37.894950,328,110,389,502,107,57,172,570,11392,-6451,-3113,9345,-1084,-1990,1239,324,1103,-496
2025-11-10T20:18:37.917825,334,121,431,524,106,50,204,603,11484,-6515,-2945,9242,-1044,-2242,1105,684,948,-458
2025-11-10T20:18:37.941341,338,121,422,337,73,48,221,715,11605,-6488,-2747,9172,-980,-2147,1068,1233,747,-413
2025-11-10T20:18:37.957831,354,135,535,375,88,43,247,737,11744,-6390,-2540,9122,-753,-1857,1073,1523,612,-354
2025-11-10T20:18:37.980324,276,133,517,453,100,46,242,572,11889,-6218,-2356,9103,-674,-1743,1055,1622,337,-298
2025-11-10T20:18:38.002579,189,142,541,542,138,53,257,547,11987,-6069,-2239,9104,-630,-1517,874,1415,-48,-232
2025-11-10T20:18:38.017589,166,142,505,568,149,67,316,599,12091,-5886,-2163,9105,-396,-1541,801,1504,-243,-276
2025-11-10T20:18:38.048001,171,158,539,634,178,77,404,495,12232,-5585,-2025,9138,-227,-1540,829,2060,-334,-230
2025-11-10T20:18:38.062842,145,164,421,665,211,84,414,502,12378,-5248,-1871,9175,-219,-1467,905,2270,-375,-221
2025-11-10T20:18:38.077361,122,191,399,636,235,87,452,486,12524,-4877,-1697,9214,-98,-1027,1073,2427,-389,-202
2025-11-10T20:18:38.099966,114,201,356,614,234,91,472,634,12658,-4532,-1567,9231,-13,-743,1013,2131,-462,-316
2025-11-10T20:18:38.122380,118,202,374,642,233,88,463,598,12751,-4238,-1494,9254,92,-754,1187,1661,-566,-215
2025-11-10T20:18:38.137830,116,319,336,615,271,86,409,599,12827,-3977,-1498,9263,170,-811,1244,1291,-647,-235
2025-11-10T20:18:38.160316,107,320,311,561,270,86,417,569,12905,-3696,-1490,9273,283,-737,1148,1438,-624,-216
2025-11-10T20:18:38.182779,115,342,304,539,253,84,369,566,12963,-3408,-1479,9305,418,-633,1350,1381,-599,-42
2025-11-10T20:18:38.205859,114,372,296,508,249,78,341,406,12999,-3159,-1457,9345,300,-583,1422,1206,-514,60
2025-11-10T20:18:38.220257,108,375,329,497,247,92,323,369,13021,-2946,-1428,9389,185,-472,1512,1003,-445,108
2025-11-10T20:18:38.242138,84,295,385,568,214,90,397,340,13040,-2771,-1403,9419,147,-383,1597,764,-346,52
2025-11-10T20:18:38.264907,81,306,420,635,218,85,383,322,13064,-2651,-1404,9420,93,-343,1648,407,-283,-105
2025-11-10T20:18:38.280352,74,295,410,649,223,88,464,435,13093,-2588,-1435,9393,92,-505,1710,120,-216,-244
2025-11-10T20:18:38.311114,72,273,400,654,219,91,487,435,13125,-2543,-1472,9355,116,-584,1781,52,-170,-296
2025-11-10T20:18:38.325342,78,283,355,605,213,79,625,474,13155,-2507,-1514,9316,140,-482,1741,-57,-159,-287
2025-11-10T20:18:38.340322,78,267,273,519,193,72,581,495,13169,-2508,-1582,9285,157,-624,1733,-242,-172,-210
2025-11-10T20:18:38.362474,82,252,255,484,165,78,668,501,13175,-2501,-1625,9271,88,-763,1717,-58,-139,-97
2025-11-10T20:18:38.385321,85,224,261,558,175,87,652,435,13182,-2471,-1627,9268,-24,-654,1755,126,-104,-54
2025-11-10T20:18:38.401039,82,207,277,591,216,86,728,445,13185,-2444,-1645,9269,36,-583,1701,37,-142,-29
2025-11-10T20:18:38.422590,75,197,300,600,235,86,644,388,13177,-2420,-1673,9281,99,-691,1749,36,-159,62
2025-11-10T20:18:38.445267,80,290,324,587,227,90,723,393,13168,-2385,-1678,9302,45,-756,1760,194,-132,109
2025-11-10T20:18:38.460349,78,295,301,551,218,85,723,456,13167,-2329,-1671,9319,46,-643,1759,282,-141,59
2025-11-10T20:18:38.482776,68,314,284,483,219,77,772,423,13170,-2278,-1672,9327,53,-515,1690,180,-149,5
2025-11-10T20:18:38.505279,74,324,303,472,205,84,789,456,13184,-2236,-1688,9315,129,-390,1796,14,-131,-114
2025-11-10T20:18:38.520728,86,335,285,532,212,95,869,490,13191,-2240,-1760,9290,191,-578,1749,-286,-208,-156
2025-11-10T20:18:38.542857,98,270,271,573,212,105,973,512,13191,-2224,-1809,9285,207,-742,1813,-50,-182,-42
2025-11-10T20:18:38.565259,104,308,273,584,210,105,925,457,13190,-2179,-1818,9294,170,-605,1844,147,-133,31
2025-11-10T20:18:38.579895,111,283,298,566,213,103,857,467,13188,-2152,-1829,9301,113,-579,1814,49,-115,26
2025-11-10T20:18:38.604358,117,258,277,543,212,108,915,616,13182,-2138,-1841,9310,71,-696,1772,56,-104,42
2025-11-10T20:18:38.625364,111,230,318,523,188,98,890,614,13176,-2094,-1836,9330,-17,-737,1863,264,-181,65
2025-11-10T20:18:38.647314,103,254,313,502,190,82,701,571,13194,-2023,-1837,9321,166,-341,1751,188,-166,-119
2025-11-10T20:18:38.662869,94,200,306,495,215,84,718,563,13205,-2030,-1889,9293,232,-525,1749,-253,-107,-166
2025-11-10T20:18:38.685370,94,268,297,517,189,86,739,570,13207,-2036,-1923,9282,269,-609,1745,-149,-36,-43
2025-11-10T20:18:38.700296,84,314,297,490,154,66,549,468,13204,-2049,-1941,9279,195,-555,1810,-165,10,9
2025-11-10T20:18:38.723242,80,358,247,476,157,57,395,485,13200,-2083,-1966,9272,157,-645,1807,-248,35,1
2025-11-10T20:18:38.745315,74,343,224,506,153,56,383,544,13198,-2102,-1983,9267,197,-614,1788,-167,36,7
2025-11-10T20:18:38.760394,80,337,220,510,117,55,348,570,13193,-2125,-2008,9263,216,-509,1751,-263,23,17
2025-11-10T20:18:38.782848,76,290,330,504,119,49,395,616,13185,-2160,-2044,9259,254,-612,1759,-303,26,38
2025-11-10T20:18:38.805225,76,248,331,532,112,49,373,559,13183,-2171,-2062,9256,298,-616,1748,-139,52,28
2025-11-10T20:18:38.820428,89,286,477,524,149,49,385,532,13182,-2168,-2066,9257,283,-504,1775,-89,67,41
2025-11-10T20:18:38.842534,88,311,508,482,154,50,368,475,13172,-2189,-2094,9259,361,-419,1774,-323,65,95
2025-11-10T20:18:38.865292,99,385,516,522,151,41,318,449,13142,-2263,-2158,9270,356,-651,1590,-546,48,202
2025-11-10T20:18:38.880401,98,396,551,523,146,43,180,354,13111,-2315,-2184,9294,318,-772,1713,-285,118,265
2025-11-10T20:18:38.902306,113,485,667,521,144,43,177,310,13085,-2354,-2182,9322,126,-770,1741,-146,108,242
2025-11-10T20:18:38.925193,109,537,662,560,137,44,131,260,13064,-2382,-2193,9341,200,-671,1691,-179,69,190
2025-11-10T20:18:38.939752,110,541,677,537,137,45,127,230,13042,-2438,-2233,9349,287,-517,1585,-471,75,164
2025-11-10T20:18:38.962669,95,498,675,560,137,45,113,191,12997,-2551,-2322,9359,307,-610,1465,-843,41,248
2025-11-10T20:18:38.985014,105,496,605,563,142,39,123,248,12933,-2706,-2441,9374,345,-901,1431,-1004,37,353
2025-11-10T20:18:38.999513,94,538,601,543,144,40,104,224,12863,-2823,-2504,9419,182,-1122,1612,-593,53,478
2025-11-10T20:18:39.021897,116,560,619,535,119,43,101,228,12805,-2891,-2526,9472,55,-1046,1570,-263,15,450
2025-11-10T20:18:39.045298,114,568,646,545,129,41,97,229,12748,-2958,-2552,9521,27,-781,1527,-398,-10,425
2025-11-10T20:18:39.060333,141,576,754,451,132,44,99,222,12662,-3086,-2630,9574,102,-829,1336,-805,-22,552
2025-11-10T20:18:39.083090,140,586,787,399,130,44,75,137,12551,-3268,-2734,9629,92,-1065,1218,-1027,18,668
2025-11-10T20:18:39.105283,149,500,813,450,136,48,77,138,12439,-3458,-2827,9682,-96,-1208,1315,-1010,12,633
2025-11-10T20:18:39.120408,228,441,914,452,132,49,73,141,12325,-3636,-2910,9738,-229,-1270,1306,-918,-51,617
2025-11-10T20:18:39.142879,254,543,982,469,132,68,82,151,12215,-3764,-2996,9801,-219,-1222,1304,-742,-223,589
2025-11-10T20:18:39.173955,252,565,1016,567,132,68,79,149,12090,-3881,-3128,9869,-121,-1122,1139,-884,-420,618
2025-11-10T20:18:39.187832,262,604,1163,623,139,120,83,180,11943,-4026,-3310,9931,-44,-1190,1020,-1160,-520,656
2025-11-10T20:18:39.203267,266,635,1163,580,135,127,67,182,11779,-4194,-3492,9995,-13,-1221,1143,-1330,-449,753
2025-11-10T20:18:39.224881,254,611,1107,549,145,132,66,332,11592,-4398,-3674,10061,-260,-1433,1178,-1460,-450,805
2025-11-10T20:18:39.247505,247,511,1125,535,170,132,58,349,11399,-4604,-3868,10116,-318,-1470,1130,-1537,-503,746
2025-11-10T20:18:39.262727,248,545,1171,504,228,150,61,355,11250,-4749,-3982,10171,-259,-1300,1468,-1173,-310,664
2025-11-10T20:18:39.285985,239,532,1091,489,235,145,56,338,11126,-4872,-4025,10232,-389,-1259,1804,-960,-123,633
2025-11-10T20:18:39.307630,233,536,1043,570,310,191,62,337,11009,-5016,-4078,10268,-467,-1314,1957,-1160,-44,504
2025-11-10T20:18:39.323114,167,515,1005,619,333,248,69,197,10935,-5153,-4102,10269,-405,-1373,2245,-1122,204,298
2025-11-10T20:18:39.345605,140,505,959,667,324,267,66,152,10884,-5277,-4107,10259,-271,-1349,2334,-1047,350,250
2025-11-10T20:18:39.367732,115,428,797,628,294,261,61,126,10850,-5421,-4080,10231,-340,-1497,2408,-998,597,199
2025-11-10T20:18:39.382734,106,368,666,579,292,249,63,122,10833,-5578,-4045,10178,-505,-1698,2341,-942,696,24
2025-11-10T20:18:39.404909,112,245,620,493,212,215,58,93,10840,-5714,-3983,10119,-633,-1741,2122,-640,723,-91
2025-11-10T20:18:39.428050,104,215,532,375,157,142,57,46,10873,-5808,-3893,10066,-717,-1818,2001,-249,686,-190
2025-11-10T20:18:39.442519,141,191,361,218,128,94,61,113,10943,-5868,-3759,10005,-732,-1844,1902,145,797,-297
2025-11-10T20:18:39.465220,254,171,360,324,102,85,75,131,11055,-5928,-3573,9916,-777,-1854,1822,420,1092,-440
2025-11-10T20:18:39.487768,313,155,391,351,74,74,79,137,11174,-6029,-3360,9794,-919,-1830,1698,375,1363,-529
2025-11-10T20:18:39.502535,325,152,442,364,61,55,107,333,11287,-6124,-3143,9678,-945,-1798,1562,465,1330,-477
2025-11-10T20:18:39.525405,417,173,471,363,61,49,167,444,11375,-6213,-2942,9580,-980,-1844,1286,529,1156,-355
2025-11-10T20:18:39.547375,418,151,487,408,58,53,391,506,11450,-6281,-2761,9500,-937,-2098,1092,720,962,-245
2025-11-10T20:18:39.562721,374,155,462,426,75,57,445,608,11556,-6261,-2561,9441,-842,-2028,1028,1226,758,-259
2025-11-10T20:18:39.585381,331,157,463,458,84,60,540,675,11717,-6100,-2328,9408,-717,-1723,1136,1756,582,-308
2025-11-10T20:18:39.607761,319,163,469,606,119,71,670,622,11863,-5895,-2152,9397,-612,-1496,1010,1731,156,-324
2025-11-10T20:18:39.622835,186,134,447,668,126,72,690,559,11980,-5699,-2075,9387,-449,-1289,879,1465,-284,-417
2025-11-10T20:18:39.645432,158,143,433,691,182,73,621,549,12130,-5421,-1978,9380,-108,-1385,995,1790,-361,-489
2025-11-10T20:18:39.667850,145,327,430,657,221,80,595,516,12294,-5088,-1841,9381,20,-1359,995,2188,-366,-452
2025-11-10T20:18:39.682777,138,417,397,636,292,82,563,504,12460,-4731,-1689,9378,-71,-1153,1053,2318,-381,-487
2025-11-10T20:18:39.705441,123,421,295,548,315,79,462,555,12608,-4394,-1566,9365,-35,-960,1130,2088,-433,-505
2025-11-10T20:18:39.727794,114,420,280,526,335,79,473,571,12745,-4065,-1465,9343,144,-718,1145,1942,-470,-535
2025-11-10T20:18:39.744871,117,429,261,479,334,75,455,529,12866,-3770,-1430,9308,196,-650,1190,1559,-510,-542
2025-11-10T20:18:39.765028,103,369,223,475,311,68,475,460,12961,-3515,-1456,9271,278,-643,1191,1168,-629,-518
2025-11-10T20:18:39.787903,92,284,238,543,285,67,492,399,13032,-3260,-1508,9257,559,-689,1198,1109,-658,-311
2025-11-10T20:18:39.803287,93,300,252,555,275,66,462,318,13065,-3012,-1497,9295,483,-661,1301,1240,-477,81
2025-11-10T20:18:39.825325,90,301,260,607,260,68,412,286,13092,-2783,-1434,9339,224,-490,1442,1229,-326,119
2025-11-10T20:18:39.848298,79,290,293,611,233,69,493,274,13115,-2603,-1387,9365,89,-383,1575,882,-292,24
2025-11-10T20:18:39.862274,62,231,292,579,243,68,559,267,13138,-2467,-1377,9371,113,-308,1651,517,-289,-74
2025-11-10T20:18:39.885348,58,229,274,583,233,76,691,236,13159,-2389,-1404,9359,153,-414,1715,174,-249,-147
2025-11-10T20:18:39.907859,57,205,335,603,230,87,699,213,13179,-2326,-1434,9342,160,-463,1754,122,-210,-159
2025-11-10T20:18:39.923043,72,228,332,593,229,96,759,210,13194,-2273,-1460,9330,130,-444,1734,79,-185,-125
2025-11-10T20:18:39.945392,79,263,349,636,247,100,740,239,13198,-2238,-1482,9329,108,-613,1837,82,-146,-26
2025-11-10T20:18:39.967368,78,270,374,714,247,104,728,232,13197,-2202,-1489,9338,16,-647,1879,152,-138,20
2025-11-10T20:18:39.982792,82,267,370,658,216,98,672,249,13199,-2159,-1492,9344,-33,-557,1846,156,-165,-4
2025-11-10T20:18:40.005984,81,261,326,675,212,93,720,289,13197,-2123,-1515,9352,15,-615,1831,93,-220,6
2025-11-10T20:18:40.027871,71,273,340,627,216,95,753,282,13196,-2057,-1520,9367,3,-632,1831,311,-253,34
2025-11-10T20:18:40.050410,64,285,328,743,218,93,760,258,13199,-1950,-1496,9390,27,-505,1793,547,-244,53
2025-11-10T20:18:40.065259,66,272,301,725,216,89,807,268,13222,-1853,-1470,9381,25,-104,1798,305,-177,-141
2025-11-10T20:18:40.087881,64,266,299,745,217,92,782,296,13226,-1878,-1550,9357,122,-633,1663,-317,-216,-150
2025-11-10T20:18:40.110420,69,273,322,702,204,90,736,355,13224,-1838,-1558,9367,210,-710,1815,239,-88,51
2025-11-10T20:18:40.125680,66,244,297,680,222,84,661,373,13236,-1790,-1545,9361,17,-334,1810,158,-104,-87
2025-11-10T20:18:40.147757,71,183,298,595,219,84,803,420,13233,-1773,-1593,9361,153,-622,1808,-37,-222,-18
2025-11-10T20:18:40.169773,77,173,342,677,242,89,798,422,13230,-1709,-1604,9374,163,-510,1783,254,-218,43
2025-11-10T20:18:40.193596,77,246,354,682,257,87,725,385,13231,-1650,-1607,9384,92,-349,1755,181,-202,11
2025-11-10T20:18:40.207689,68,269,334,687,263,91,709,309,13230,-1625,-1643,9384,196,-539,1772,12,-186,-15
2025-11-10T20:18:40.230232,79,271,349,753,263,96,779,357,13226,-1579,-1654,9395,221,-487,1756,169,-141,51
2025-11-10T20:18:40.242471,78,376,325,673,248,90,617,306,13227,-1545,-1673,9395,230,-361,1714,30,-127,-10
2025-11-10T20:18:40.265228,75,397,286,526,217,87,489,305,13221,-1559,-1727,9391,302,-497,1747,-239,-100,7
2025-11-10T20:18:40.289935,87,417,287,518,207,86,499,378,13211,-1568,-1759,9398,295,-515,1749,-145,-31,78
2025-11-10T20:18:40.313618,114,500,299,472,184,71,488,384,13202,-1582,-1779,9406,309,-355,1754,-207,45,96
2025-11-10T20:18:40.327596,116,535,340,426,154,57,325,374,13179,-1635,-1816,9421,305,-463,1786,-404,78,182
2025-11-10T20:18:40.349903,119,481,372,515,245,66,322,425,13160,-1684,-1842,9434,292,-462,1828,-363,112,171
2025-11-10T20:18:40.364877,124,477,384,534,246,60,317,421,13144,-1725,-1850,9448,230,-437,1844,-282,140,159
2025-11-10T20:18:40.387714,116,454,445,511,236,58,288,361,13138,-1774,-1878,9442,207,-417,1797,-405,81,26
2025-11-10T20:18:40.410093,95,355,429,544,238,59,285,350,13134,-1832,-1923,9426,282,-476,1741,-471,80,-18
2025-11-10T20:18:40.424937,99,404,443,553,237,57,272,302,13131,-1898,-1980,9406,321,-445,1677,-563,78,-27
2025-11-10T20:18:40.447604,99,501,507,475,144,45,149,212,13122,-1993,-2061,9381,312,-490,1603,-754,57,-35
2025-11-10T20:18:40.470216,107,505,547,508,130,45,136,215,13102,-2091,-2132,9372,256,-665,1654,-668,63,71
2025-11-10T20:18:40.485273,114,569,566,585,134,49,132,210,13080,-2174,-2207,9367,229,-732,1634,-591,-22,76
2025-11-10T20:18:40.507875,114,603,679,549,140,52,119,189,13048,-2251,-2284,9375,236,-758,1618,-558,-64,161
2025-11-10T20:18:40.530379,114,554,708,516,127,90,98,172,13004,-2331,-2364,9397,302,-775,1576,-581,-57,275
2025-11-10T20:18:40.545200,119,587,653,519,116,99,90,161,12947,-2430,-2440,9431,270,-797,1620,-659,-15,387
2025-11-10T20:18:40.567983,114,597,671,504,115,97,81,135,12867,-2549,-2520,9487,198,-943,1549,-697,-38,549
2025-11-10T20:18:40.590773,109,553,829,421,112,94,57,120,12776,-2668,-2589,9559,90,-999,1470,-630,-56,643
2025-11-10T20:18:40.605680,116,545,831,623,131,135,56,112,12688,-2781,-2644,9629,16,-998,1429,-557,-45,620
2025-11-10T20:18:40.627757,118,602,851,698,177,137,62,123,12603,-2884,-2678,9700,-42,-924,1415,-489,-8,613
2025-11-10T20:18:40.650521,147,509,857,698,179,142,120,218,12520,-2970,-2703,9775,-33,-830,1553,-466,-18,632
2025-11-10T20:18:40.665396,143,500,823,670,177,143,140,258,12413,-3078,-2755,9863,-145,-1031,1581,-594,-146,724
2025-11-10T20:18:40.687791,142,489,641,672,178,145,144,274,12314,-3194,-2813,9934,-187,-1205,1605,-592,-128,615
2025-11-10T20:18:40.727147,167,532,620,513,168,110,151,389,12260,-3273,-2812,9975,-278,-1190,1718,-264,30,348
2025-11-10T20:18:40.733797,165,469,660,567,122,75,149,396,12209,-3351,-2800,10015,-316,-1142,1625,-230,70,336
2025-11-10T20:18:40.747332,151,451,777,632,127,57,109,361,12162,-3430,-2811,10042,-278,-894,1514,-407,16,258
2025-11-10T20:18:40.778664,156,459,895,639,133,69,88,340,12126,-3527,-2864,10037,-247,-807,1548,-710,-23,65
2025-11-10T20:18:40.785789,268,525,1005,637,141,126,110,461,12069,-3695,-3003,10004,-159,-1101,1430,-1211,-86,10
2025-11-10T20:18:40.808910,262,495,1026,653,129,143,100,398,11992,-3862,-3184,9978,74,-1300,1279,-1259,-185,122
2025-11-10T20:18:40.830279,274,636,1061,586,144,160,107,405,11899,-4004,-3350,9978,229,-1292,1264,-1124,-195,331
2025-11-10T20:18:40.846133,305,698,1163,611,155,188,113,407,11753,-4170,-3536,10020,85,-1426,1166,-1254,-377,634
2025-11-10T20:18:40.867373,312,718,1174,628,159,209,111,408,11594,-4330,-3723,10070,47,-1359,1059,-1268,-442,692
2025-11-10T20:18:40.889994,254,694,1189,729,157,195,91,271,11464,-4489,-3852,10099,70,-1344,1156,-1113,-141,605
2025-11-10T20:18:40.905308,250,701,1205,741,180,230,96,240,11335,-4688,-3952,10117,-157,-1452,1226,-1189,46,580
2025-11-10T20:18:40.927676,244,601,1171,798,190,279,88,203,11233,-4860,-3994,10133,-192,-1320,1553,-1046,222,531
2025-11-10T20:18:40.950278,195,510,1021,754,191,276,81,180,11160,-5006,-3987,10146,-263,-1262,1928,-920,362,441
2025-11-10T20:18:40.965519,181,472,1016,763,257,276,80,158,11100,-5121,-3966,10162,-392,-1248,2352,-915,290,343
2025-11-10T20:18:40.987840,136,460,941,761,270,271,74,118,11044,-5233,-3961,10168,-515,-1439,2421,-938,222,230
2025-11-10T20:18:41.009764,123,386,829,719,269,235,62,82,11007,-5281,-3952,10186,-542,-1685,2442,-556,15,131
2025-11-10T20:18:41.029631,98,315,729,659,285,169,55,76,11015,-5262,-3873,10218,-480,-1727,2464,65,117,96
2025-11-10T20:18:41.048268,89,311,666,634,280,145,68,90,11042,-5250,-3765,10235,-542,-1532,2299,161,279,5
2025-11-10T20:18:41.070280,79,277,457,600,224,105,84,131,11084,-5267,-3664,10218,-592,-1603,2101,125,408,-152
2025-11-10T20:18:41.093515,85,135,236,597,207,92,128,145,11148,-5297,-3545,10175,-600,-1702,1901,268,598,-270
2025-11-10T20:18:41.116003,74,124,224,593,187,82,134,149,11238,-5319,-3396,10114,-600,-1672,1767,490,741,-376
2025-11-10T20:18:41.130063,94,110,213,536,147,62,173,170,11347,-5329,-3225,10043,-605,-1622,1683,658,828,-448
2025-11-10T20:18:41.160734,91,98,218,583,153,56,174,193,11470,-5346,-3030,9955,-520,-1499,1588,727,1028,-473
2025-11-10T20:18:41.167461,116,92,238,607,155,129,197,317,11590,-5389,-2843,9848,-646,-1469,1459,616,1060,-556
2025-11-10T20:18:41.190341,128,84,255,509,145,135,236,403,11697,-5441,-2698,9733,-694,-1580,1308,512,902,-619
2025-11-10T20:18:41.213620,131,76,266,504,145,140,255,430,11804,-5461,-2605,9617,-484,-1570,1238,495,665,-670
2025-11-10T20:18:41.227845,121,89,330,543,129,142,253,433,11907,-5434,-2493,9534,-323,-1703,1219,834,587,-450
2025-11-10T20:18:41.247610,126,105,457,623,142,150,320,513,12010,-5370,-2364,9474,-310,-1699,1118,1121,493,-354
2025-11-10T20:18:41.272014,118,108,456,615,128,94,354,484,12109,-5251,-2227,9448,-285,-1427,1170,1277,292,-239
2025-11-10T20:18:41.287387,122,126,439,582,128,86,320,499,12200,-5095,-2106,9444,-155,-1304,1104,1383,107,-146
2025-11-10T20:18:41.310056,129,142,537,714,175,79,355,571,12288,-4934,-1976,9444,-169,-1200,1092,1403,112,-116
2025-11-10T20:18:41.332691,134,138,512,714,178,74,397,639,12377,-4782,-1856,9430,-204,-1197,1217,1315,115,-201
2025-11-10T20:18:41.347864,142,134,408,673,156,54,374,628,12466,-4614,-1746,9417,-205,-1037,1296,1271,23,-239
2025-11-10T20:18:41.369982,138,135,448,747,164,54,337,643,12554,-4455,-1682,9388,-98,-974,1218,1097,-84,-347
2025-11-10T20:18:41.393558,132,131,470,791,169,57,460,605,12646,-4278,-1650,9352,17,-991,1188,1098,-221,-418
2025-11-10T20:18:41.408213,149,126,416,717,141,63,522,557,12741,-4089,-1615,9314,98,-895,1167,1143,-221,-432
2025-11-10T20:18:41.429989,148,126,426,694,128,67,496,561,12823,-3916,-1584,9281,32,-878,1276,1027,-226,-389
2025-11-10T20:18:41.452788,161,136,473,735,153,71,509,501,12885,-3759,-1572,9263,106,-882,1280,893,-264,-263
2025-11-10T20:18:41.467823,159,143,468,744,172,73,548,522,12928,-3600,-1549,9269,51,-760,1380,856,-283,-110
2025-11-10T20:18:41.490315,164,142,453,693,168,71,466,577,12961,-3465,-1524,9279,-48,-787,1491,745,-264,-73
2025-11-10T20:18:41.512764,141,140,410,733,176,67,363,575,12986,-3333,-1510,9295,32,-697,1470,668,-276,-19
2025-11-10T20:18:41.527793,138,157,382,792,257,69,351,516,13015,-3192,-1475,9309,-18,-586,1585,709,-238,-47
2025-11-10T20:18:41.550046,112,167,420,734,243,69,364,565,13042,-3090,-1458,9308,-7,-496,1546,443,-176,-106
2025-11-10T20:18:41.572821,113,175,382,664,224,70,342,580,13062,-3023,-1471,9300,59,-530,1605,192,-162,-112
2025-11-10T20:18:41.587750,108,182,413,758,237,74,355,501,13071,-2999,-1496,9291,30,-679,1560,33,-108,-77
2025-11-10T20:18:41.610279,111,196,394,694,223,73,368,472,13085,-2978,-1503,9277,-26,-657,1655,49,-32,-112
2025-11-10T20:18:41.641116,125,214,402,633,124,71,554,509,13095,-2971,-1508,9264,-110,-650,1686,-17,-30,-99
2025-11-10T20:18:41.648363,124,198,347,630,146,69,529,467,13100,-2983,-1533,9250,-174,-683,1696,-161,-92,-119
2025-11-10T20:18:41.670153,128,193,331,625,156,71,692,525,13104,-3008,-1580,9228,-117,-797,1698,-248,-118,-148
2025-11-10T20:18:41.693509,109,190,317,564,150,67,686,572,13111,-3007,-1616,9212,-83,-804,1700,-84,-139,-126
2025-11-10T20:18:41.707668,115,192,341,576,146,70,698,613,13116,-2993,-1642,9205,-82,-753,1726,-22,-149,-84
2025-11-10T20:18:41.730041,96,153,326,538,151,65,565,582,13121,-2969,-1665,9201,-75,-713,1733,5,-172,-72
2025-11-10T20:18:41.753128,94,157,259,517,129,65,619,659,13126,-2937,-1691,9200,-16,-691,1724,32,-188,-51
2025-11-10T20:18:41.767888,127,189,284,490,115,63,419,614,13126,-2905,-1715,9206,-37,-789,1738,88,-203,-11
2025-11-10T20:18:41.790275,126,204,282,467,119,63,412,580,13132,-2848,-1722,9213,-49,-777,1794,241,-211,-29
2025-11-10T20:18:41.812222,120,186,259,434,125,59,374,532,13145,-2766,-1723,9220,-3,-636,1787,318,-244,-52
2025-11-10T20:18:41.827786,144,189,259,465,113,63,450,546,13157,-2676,-1730,9228,96,-503,1785,281,-253,-41
2025-11-10T20:18:41.850056,142,217,276,416,113,60,397,503,13171,-2616,-1754,9220,111,-400,1706,53,-216,-110
2025-11-10T20:18:41.873202,112,206,265,426,120,59,476,502,13184,-2607,-1796,9196,181,-594,1778,-164,-96,-155
2025-11-10T20:18:41.887271,138,214,273,559,103,58,478,502,13193,-2610,-1830,9176,185,-751,1838,-129,-27,-111
2025-11-10T20:18:41.918419,149,231,272,589,109,58,485,505,13205,-2601,-1839,9159,126,-665,1802,-32,14,-101
2025-11-10T20:18:41.933513,147,230,271,619,112,62,535,621,13217,-2606,-1861,9137,86,-605,1810,-167,-19,-138
2025-11-10T20:18:41.947658,152,244,256,654,117,66,537,578,13226,-2623,-1900,9110,41,-720,1785,-225,-81,-167
2025-11-10T20:18:41.969850,144,237,287,686,121,65,466,497,13240,-2618,-1936,9084,81,-723,1787,-110,-117,-188
2025-11-10T20:18:41.993619,121,240,263,612,121,67,482,598,13251,-2603,-1967,9065,119,-717,1725,-38,-121,-138
2025-11-10T20:18:42.016097,113,232,264,594,110,69,477,694,13265,-2576,-1967,9053,69,-654,1747,82,-48,-107
2025-11-10T20:18:42.030273,93,262,262,587,144,62,342,577,13275,-2566,-1967,9040,22,-685,1781,17,-28,-103
2025-11-10T20:18:42.053604,84,233,267,599,151,61,284,561,13286,-2557,-1964,9028,-3,-773,1803,61,-20,-102
2025-11-10T20:18:42.075594,87,224,274,596,155,56,265,561,13298,-2528,-1961,9019,-7,-704,1765,131,-83,-109
2025-11-10T20:18:42.087626,94,218,296,558,161,58,289,480,13307,-2495,-1965,9014,17,-683,1775,121,-129,-80
2025-11-10T20:18:42.110825,96,234,321,663,186,67,289,343,13309,-2476,-1982,9012,50,-715,1773,26,-140,-46
2025-11-10T20:18:42.136107,114,217,379,696,197,70,269,310,13305,-2473,-1996,9016,-14,-915,1779,65,-114,0
2025-11-10T20:18:42.150316,130,222,400,678,196,72,522,466,13308,-2429,-1972,9029,-62,-774,1810,309,-98,12
2025-11-10T20:18:42.172828,131,219,396,755,257,84,575,469,13313,-2378,-1944,9042,-154,-758,1783,355,-150,-13
2025-11-10T20:18:42.196092,129,193,393,817,286,101,551,437,13321,-2318,-1919,9051,-103,-789,1724,427,-156,-40
2025-11-10T20:18:42.210657,125,169,424,813,280,97,561,440,13329,-2222,-1864,9075,-28,-729,1759,667,-109,48
2025-11-10T20:18:42.233262,109,151,400,777,264,101,644,509,13330,-2133,-1799,9107,-191,-665,1785,645,-139,81
2025-11-10T20:18:42.255643,100,148,394,765,286,103,525,474,13339,-2069,-1788,9111,-76,-577,1735,320,-222,-62
2025-11-10T20:18:42.270267,99,145,387,704,252,100,503,468,13343,-2005,-1773,9122,38,-712,1827,396,-154,-3
2025-11-10T20:18:42.292279,104,156,423,715,237,95,566,509,13341,-1942,-1732,9147,-110,-647,1807,458,-126,77
2025-11-10T20:18:42.316068,96,147,379,664,332,94,608,496,13340,-1872,-1682,9172,-120,-531,1848,459,-112,80
2025-11-10T20:18:42.330534,98,146,376,684,334,96,642,520,13337,-1824,-1663,9189,-43,-519,1813,263,-138,51
2025-11-10T20:18:42.352756,91,166,385,728,329,94,687,485,13329,-1791,-1688,9203,152,-630,1825,115,-194,60
2025-11-10T20:18:42.376113,98,178,362,705,313,90,731,561,13319,-1745,-1697,9226,209,-649,1821,236,-144,123
2025-11-10T20:18:42.390171,105,229,457,681,313,96,876,627,13303,-1683,-1691,9261,239,-623,1730,367,-125,199
2025-11-10T20:18:42.412941,119,286,475,673,228,108,876,683,13288,-1606,-1686,9297,342,-437,1636,359,-122,207
2025-11-10T20:18:42.436856,118,308,461,644,219,103,829,650,13267,-1469,-1639,9358,507,-206,2023,616,-64,357
2025-11-10T20:18:42.450220,159,404,449,582,208,109,761,636,13263,-1351,-1580,9391,440,147,1719,428,48,194
2025-11-10T20:18:42.472750,159,458,461,580,289,140,690,573,13259,-1316,-1627,9394,675,-52,1666,-187,-35,69
2025-11-10T20:18:42.503417,162,459,368,612,341,147,433,510,13249,-1309,-1711,9394,699,40,1753,-505,-113,87
2025-11-10T20:18:42.510153,161,430,380,556,322,137,352,426,13214,-1365,-1824,9414,732,-76,1777,-838,-54,280
2025-11-10T20:18:42.533163,165,434,393,509,320,134,247,384,13161,-1496,-1942,9444,654,-515,1721,-975,101,411
2025-11-10T20:18:42.555847,129,342,561,575,331,129,216,347,13111,-1611,-2015,9480,490,-543,1632,-742,174,414
2025-11-10T20:18:42.570499,146,415,594,613,289,98,203,328,13074,-1733,-2046,9503,125,-491,1702,-689,212,292
2025-11-10T20:18:42.592871,137,419,590,543,212,64,116,208,13059,-1870,-2096,9487,7,-741,1732,-728,153,14
2025-11-10T20:18:42.615960,138,455,644,563,223,69,96,191,13064,-1974,-2157,9444,110,-775,1700,-607,85,-184
2025-11-10T20:18:42.630346,134,465,656,621,267,72,74,144,13086,-2023,-2200,9394,270,-557,1623,-408,89,-253
2025-11-10T20:18:42.652864,139,480,518,664,248,66,64,103,13092,-2088,-2253,9358,369,-553,1636,-529,124,-120
2025-11-10T20:18:42.675852,140,451,614,616,209,58,55,106,13074,-2182,-2288,9354,287,-796,1722,-492,211,109
2025-11-10T20:18:42.691305,140,457,629,573,203,58,59,113,13054,-2266,-2290,9361,120,-818,1644,-322,244,159
2025-11-10T20:18:42.719187,147,454,678,613,246,69,60,131,13038,-2339,-2314,9359,142,-644,1513,-412,131,88
2025-11-10T20:18:42.735279,160,450,793,673,220,73,58,167,12999,-2443,-2389,9369,244,-674,1301,-679,40,220
2025-11-10T20:18:42.749719,166,465,833,561,216,74,57,189,12924,-2599,-2525,9395,249,-852,1271,-1047,-105,397
2025-11-10T20:18:42.772847,153,395,829,530,216,73,59,201,12822,-2785,-2681,9437,189,-1163,1350,-1149,-170,545
2025-11-10T20:18:42.796060,151,399,913,604,219,71,56,216,12716,-2928,-2776,9510,28,-1357,1512,-702,-154,666
2025-11-10T20:18:42.810829,150,395,1004,629,161,55,61,264,12618,-3021,-2799,9605,-94,-1189,1514,-318,-70,742
2025-11-10T20:18:42.833109,170,453,991,556,132,72,73,271,12531,-3079,-2793,9701,-24,-862,1409,-196,-3,734
2025-11-10T20:18:42.855692,195,455,1056,566,124,83,74,344,12425,-3193,-2850,9783,14,-791,1293,-696,-71,743
2025-11-10T20:18:42.870354,209,494,1097,605,132,88,73,346,12291,-3369,-2999,9849,89,-1021,1198,-1198,-220,750
2025-11-10T20:18:42.892574,220,521,1138,606,127,94,75,341,12130,-3591,-3173,9915,10,-1289,1218,-1425,-237,832
2025-11-10T20:18:42.916253,236,548,1074,579,146,182,73,425,11980,-3802,-3282,9983,-262,-1339,1328,-1181,-103,793
2025-11-10T20:18:42.938317,246,536,1107,593,149,194,70,450,11839,-3984,-3395,10043,-335,-1316,1255,-1091,-228,674
2025-11-10T20:18:42.952853,254,679,1146,656,162,193,69,405,11719,-4119,-3470,10103,-209,-1079,1443,-918,-147,641
2025-11-10T20:18:42.975820,244,646,1231,693,170,194,71,411,11590,-4277,-3523,10169,-378,-1397,1509,-857,-54,708
2025-11-10T20:18:42.998546,273,686,1166,678,168,198,73,482,11459,-4475,-3581,10211,-569,-1542,1443,-1001,26,599
2025-11-10T20:18:43.013298,258,704,1199,645,147,125,66,394,11368,-4644,-3624,10222,-520,-1302,1415,-930,114,343
2025-11-10T20:18:43.036038,241,707,1172,676,189,136,66,354,11278,-4822,-3703,10212,-405,-1334,1467,-1145,104,262
2025-11-10T20:18:43.058567,203,564,1115,674,190,160,66,337,11193,-4992,-3784,10193,-382,-1280,1666,-1250,112,199
2025-11-10T20:18:43.072816,203,558,977,612,202,251,62,325,11137,-5128,-3892,10147,-230,-1421,1768,-1211,38,-27
2025-11-10T20:18:43.096333,175,533,1035,570,225,254,60,203,11122,-5219,-3960,10090,-43,-1302,2009,-1005,192,-132
2025-11-10T20:18:43.118346,165,460,932,567,229,276,61,172,11119,-5329,-3983,10026,-39,-1357,2175,-972,473,-89
2025-11-10T20:18:43.132758,142,404,853,473,221,265,59,177,11090,-5474,-3976,9983,-275,-1362,2149,-1033,555,93
2025-11-10T20:18:43.155882,146,369,761,390,235,254,63,244,11064,-5624,-3954,9937,-397,-1625,2213,-953,615,77
2025-11-10T20:18:43.178445,133,364,658,413,220,168,64,248,11065,-5756,-3893,9885,-553,-1821,2181,-636,706,-33
2025-11-10T20:18:43.192557,83,204,422,437,192,157,64,238,11101,-5845,-3773,9838,-797,-1827,2146,-182,748,-160
2025-11-10T20:18:43.216030,97,178,333,500,195,112,162,246,11166,-5919,-3622,9778,-906,-1840,2095,51,851,-296
2025-11-10T20:18:43.238675,95,133,269,481,160,91,211,248,11245,-5995,-3455,9701,-954,-1899,1985,180,964,-374
2025-11-10T20:18:43.249946,96,109,229,459,115,75,245,327,11340,-6072,-3272,9604,-898,-1884,1814,309,1108,-425
2025-11-10T20:18:43.273880,120,97,205,462,110,65,302,396,11446,-6153,-3052,9500,-980,-1861,1670,484,1260,-429
2025-11-10T20:18:43.296905,252,94,205,438,108,63,470,533,11537,-6255,-2828,9392,-1096,-1931,1436,513,1290,-381
2025-11-10T20:18:43.311876,260,104,271,494,106,74,493,635,11641,-6316,-2618,9282,-1120,-1931,1262,733,1101,-493
2025-11-10T20:18:43.335980,275,170,313,502,104,76,493,711,11730,-6340,-2489,9190,-998,-2113,1077,754,636,-499
2025-11-10T20:18:43.358145,282,178,429,555,111,73,546,770,11817,-6264,-2403,9152,-580,-1904,925,1059,157,-307
2025-11-10T20:18:43.372791,276,191,460,662,131,86,556,796,11908,-6116,-2320,9156,-347,-1885,805,1454,-99,-127
2025-11-10T20:18:43.396054,168,196,499,725,142,90,436,742,12011,-5865,-2212,9212,-289,-1649,793,1699,-388,-46
2025-11-10T20:18:43.418451,148,196,472,693,137,79,392,711,12111,-5583,-2108,9281,-148,-1475,812,1814,-518,-13
2025-11-10T20:18:43.432763,124,158,498,742,141,80,448,730,12221,-5261,-1982,9352,-58,-1255,839,2050,-542,-18
2025-11-10T20:18:43.456011,101,176,408,713,200,88,383,625,12332,-4934,-1865,9408,-77,-1143,877,2028,-570,-115
2025-11-10T20:18:43.478591,91,191,390,624,225,77,360,571,12440,-4605,-1752,9454,3,-1115,1116,2002,-564,-144
2025-11-10T20:18:43.493302,91,208,342,632,225,70,366,567,12553,-4269,-1636,9483,108,-839,1042,2021,-543,-238
2025-11-10T20:18:43.515696,91,237,329,597,225,73,471,577,12654,-3982,-1559,9487,221,-590,1039,1628,-503,-334
2025-11-10T20:18:43.538530,101,323,238,533,230,73,430,491,12740,-3742,-1540,9473,287,-669,1186,1230,-419,-318
2025-11-10T20:18:43.552893,121,357,241,542,188,70,457,521,12816,-3526,-1514,9457,267,-792,1364,1165,-317,-288
2025-11-10T20:18:43.583515,123,363,272,567,155,68,503,517,12889,-3318,-1464,9441,231,-587,1439,1108,-211,-270
2025-11-10T20:18:43.598256,120,361,303,489,183,70,530,486,12944,-3162,-1441,9423,125,-545,1482,759,-228,-256
2025-11-10T20:18:43.612866,121,350,296,567,213,70,492,413,12984,-3042,-1454,9406,183,-562,1526,470,-253,-210
2025-11-10T20:18:43.635696,117,277,351,628,211,76,522,544,13008,-2947,-1482,9398,187,-658,1506,365,-262,-125
2025-11-10T20:18:43.658604,96,245,356,644,214,84,624,554,13022,-2848,-1477,9410,104,-742,1608,514,-203,7
2025-11-10T20:18:43.672839,100,247,366,664,245,93,641,573,13035,-2731,-1437,9433,22,-652,1698,663,-151,59
2025-11-10T20:18:43.695717,101,238,381,702,263,90,656,576,13051,-2611,-1393,9451,-41,-534,1802,628,-175,21
2025-11-10T20:18:43.719083,101,229,412,643,235,88,637,601,13072,-2495,-1363,9458,-26,-422,1811,514,-204,-61
2025-11-10T20:18:43.733519,107,220,393,608,237,88,800,543,13081,-2409,-1381,9466,44,-495,1742,275,-309,-34
2025-11-10T20:18:43.755397,108,198,407,604,228,85,912,530,13084,-2312,-1391,9484,51,-656,1768,434,-316,38
2025-11-10T20:18:43.778600,106,217,381,566,207,80,978,516,13095,-2185,-1359,9504,-46,-579,1848,683,-282,19
2025-11-10T20:18:43.793042,122,312,363,602,202,85,993,630,13113,-2038,-1324,9517,20,-369,1956,668,-294,-39
2025-11-10T20:18:43.816400,130,313,337,620,213,101,1131,667,13132,-1938,-1330,9509,85,-186,1744,261,-288,-133
2025-11-10T20:18:43.838611,119,317,321,643,227,140,1167,641,13141,-1902,-1393,9496,251,-582,1814,-22,-255,-109
2025-11-10T20:18:43.852859,116,308,321,632,274,145,1042,647,13142,-1831,-1419,9504,223,-658,1826,305,-246,12
2025-11-10T20:18:43.876089,111,272,339,718,261,141,946,644,13148,-1732,-1419,9514,209,-373,1852,375,-228,6
2025-11-10T20:18:43.898131,98,143,350,680,269,142,921,548,13145,-1678,-1457,9522,255,-366,1751,58,-244,31
2025-11-10T20:18:43.921710,86,156,354,685,273,133,754,504,13137,-1627,-1491,9537,292,-490,1687,132,-202,81
2025-11-10T20:18:43.935864,78,157,337,644,253,87,516,493,13132,-1571,-1512,9551,296,-428,1669,175,-168,76
2025-11-10T20:18:43.958507,83,163,337,722,220,70,456,438,13123,-1534,-1520,9567,200,-427,1771,119,-102,96
2025-11-10T20:18:43.981014,86,166,320,628,224,79,533,431,13111,-1523,-1539,9582,147,-478,1765,-12,-96,100
2025-11-10T20:18:43.995676,86,176,322,615,171,80,559,435,13091,-1516,-1581,9605,75,-649,1796,-21,-239,136
2025-11-10T20:18:44.018034,90,157,348,633,186,86,632,475,13071,-1459,-1581,9641,28,-502,1746,289,-250,187
2025-11-10T20:18:44.040910,94,152,367,660,192,93,732,546,13076,-1396,-1562,9646,93,-143,1742,186,-119,-11
2025-11-10T20:18:44.055253,92,185,374,605,182,103,838,567,13077,-1404,-1581,9640,230,-329,1829,-180,9,-16
2025-11-10T20:18:44.078620,93,182,366,569,171,98,792,570,13076,-1440,-1544,9642,12,-390,1966,-104,238,41
2025-11-10T20:18:44.101042,93,182,332,517,164,95,808,566,13079,-1494,-1532,9632,-86,-507,1913,-204,150,-40
2025-11-10T20:18:44.116044,94,179,302,524,134,88,836,547,13092,-1514,-1532,9611,-6,-620,1888,-31,35,-143
2025-11-10T20:18:44.146107,84,192,289,488,132,78,722,444,13119,-1495,-1541,9575,112,-323,1797,-34,-49,-257
2025-11-10T20:18:44.161023,76,169,257,457,120,68,595,428,13138,-1510,-1586,9539,188,-507,1715,-201,-72,-225
2025-11-10T20:18:44.176081,97,286,244,510,117,68,590,415,13160,-1512,-1615,9505,226,-458,1683,-108,-25,-218
2025-11-10T20:18:44.198117,105,399,248,590,123,59,517,438,13177,-1501,-1622,9481,268,-396,1757,-23,47,-146
2025-11-10T20:18:44.220960,103,423,231,561,140,60,319,420,13189,-1500,-1635,9462,316,-334,1763,-118,67,-97
2025-11-10T20:18:44.235190,115,432,336,637,217,65,260,405,13191,-1513,-1663,9453,388,-316,1791,-249,73,-12
2025-11-10T20:18:44.258048,122,442,389,677,219,72,240,402,13187,-1542,-1702,9447,365,-336,1782,-352,51,28
2025-11-10T20:18:44.280667,113,414,433,646,222,67,195,400,13180,-1582,-1751,9441,390,-383,1830,-425,53,41
2025-11-10T20:18:44.295144,115,374,471,678,242,71,157,344,13169,-1634,-1789,9440,335,-454,1780,-408,107,77
2025-11-10T20:18:44.318228,140,574,511,656,232,70,116,255,13166,-1699,-1828,9426,322,-403,1715,-491,153,4
2025-11-10T20:18:44.340511,138,599,522,587,170,68,116,221,13163,-1787,-1883,9402,310,-431,1642,-643,155,-42
2025-11-10T20:18:44.354802,138,615,623,512,273,55,101,206,13151,-1886,-1966,9384,373,-478,1658,-780,90,21
2025-11-10T20:18:44.378486,145,653,664,512,286,63,91,226,13123,-1997,-2042,9383,368,-610,1668,-757,126,156
2025-11-10T20:18:44.401003,138,638,739,424,274,63,80,214,13090,-2095,-2108,9394,384,-633,1636,-658,135,230
2025-11-10T20:18:44.415348,127,506,801,408,272,60,73,206,13044,-2206,-2170,9418,362,-691,1582,-680,164,341
2025-11-10T20:18:44.438606,126,532,920,416,267,60,60,208,12986,-2340,-2240,9449,311,-778,1445,-750,168,414
2025-11-10T20:18:44.460868,136,533,885,552,204,65,52,209,12925,-2477,-2306,9482,230,-818,1515,-771,157,424
2025-11-10T20:18:44.475783,177,541,928,614,212,65,50,229,12849,-2615,-2372,9532,139,-893,1511,-752,87,532
2025-11-10T20:18:44.498941,191,569,885,560,199,63,52,281,12751,-2752,-2437,9608,56,-1017,1515,-701,11,694
2025-11-10T20:18:44.520960,193,609,892,538,202,66,59,293,12656,-2878,-2492,9683,85,-982,1344,-607,43,702
2025-11-10T20:18:44.535839,262,578,824,554,200,68,68,478,12564,-3031,-2574,9734,66,-867,1177,-864,47,578
2025-11-10T20:18:44.558539,272,559,905,440,159,66,76,485,12457,-3234,-2701,9772,85,-997,1128,-1204,27,584
2025-11-10T20:18:44.580779,249,501,940,387,121,62,73,474,12330,-3443,-2841,9821,4,-1176,1114,-1224,-74,664
2025-11-10T20:18:44.595642,290,488,1014,403,130,88,79,553,12199,-3630,-2976,9878,-164,-1267,1147,-1104,-209,650
2025-11-10T20:18:44.618982,312,393,1020,619,127,91,75,590,12071,-3785,-3104,9937,-200,-1199,1120,-990,-304,620
2025-11-10T20:18:44.640597,265,412,1121,648,138,106,74,456,11945,-3955,-3266,9971,-256,-1158,1073,-1216,-378,458
2025-11-10T20:18:44.655296,257,444,1147,683,158,124,75,442,11810,-4172,-3473,9974,-238,-1249,950,-1564,-360,355
2025-11-10T20:18:44.678561,264,543,1123,667,159,129,77,421,11667,-4374,-3695,9976,-342,-1363,1124,-1729,-418,389
2025-11-10T20:18:44.700560,217,570,1172,771,188,124,75,278,11517,-4585,-3893,9980,-527,-1544,1295,-1701,-313,452
2025-11-10T20:18:44.723504,178,574,1220,684,214,157,75,174,11370,-4805,-4030,9991,-682,-1707,1413,-1438,-261,376
2025-11-10T20:18:44.738491,174,574,1135,662,223,159,71,204,11256,-4989,-4115,9995,-650,-1506,1604,-1249,-94,285
2025-11-10T20:18:44.760591,161,540,1036,819,225,194,61,250,11160,-5151,-4170,9998,-538,-1319,1822,-1223,36,284
2025-11-10T20:18:44.774849,148,425,1024,874,307,210,62,336,11052,-5338,-4242,9990,-500,-1410,1919,-1455,94,307
2025-11-10T20:18:44.798325,134,335,894,788,320,225,58,332,10969,-5507,-4319,9956,-369,-1603,2213,-1485,162,152
2025-11-10T20:18:44.820523,126,302,769,722,312,208,58,347,10925,-5647,-4381,9899,-251,-1604,2292,-1345,275,-29
2025-11-10T20:18:44.843533,108,235,653,694,304,201,56,330,10904,-5785,-4429,9821,-309,-1608,2236,-1284,381,-182
2025-11-10T20:18:44.858604,107,244,604,439,290,159,60,304,10878,-5923,-4463,9752,-301,-1828,2154,-1147,415,-93
2025-11-10T20:18:44.881033,98,207,463,267,199,137,51,205,10878,-6039,-4433,9693,-371,-2014,2072,-702,584,-58
2025-11-10T20:18:44.903396,99,184,382,390,150,98,51,189,10909,-6134,-4344,9639,-518,-1965,1990,-341,734,-114
2025-11-10T20:18:44.917928,99,168,278,432,134,84,57,149,10981,-6232,-4212,9553,-530,-1952,1893,-135,1037,-261
2025-11-10T20:18:44.940851,212,116,244,427,120,76,65,136,11072,-6355,-4056,9434,-646,-1909,1779,-119,1275,-406
2025-11-10T20:18:44.963680,233,90,231,429,114,63,95,195,11169,-6489,-3882,9301,-769,-2042,1695,-37,1383,-451
2025-11-10T20:18:44.977635,298,93,233,432,106,49,134,258,11266,-6604,-3688,9181,-782,-2278,1505,281,1372,-358
2025-11-10T20:18:45.001719,316,90,245,301,85,48,138,288,11377,-6667,-3456,9089,-783,-2214,1341,734,1304,-254
2025-11-10T20:18:45.031080,325,102,362,279,61,44,146,327,11488,-6692,-3200,9024,-833,-2242,1202,1081,1201,-133
2025-11-10T20:18:45.037959,268,106,421,360,63,48,214,432,11592,-6680,-2954,8983,-902,-2219,1104,1261,953,-86
2025-11-10T20:18:45.061092,255,102,455,394,67,57,288,545,11683,-6622,-2767,8968,-729,-2100,948,1311,542,-47
2025-11-10T20:18:45.083501,173,105,464,392,69,63,295,604,11804,-6434,-2581,9001,-385,-1877,831,1704,199,12
2025-11-10T20:18:45.097990,130,113,503,397,75,62,322,620,11926,-6179,-2402,9069,-364,-1860,730,2010,-120,86
2025-11-10T20:18:45.121035,101,109,439,373,77,66,336,652,12045,-5886,-2221,9152,-335,-1558,712,2154,-262,122
2025-11-10T20:18:45.143498,96,107,392,293,66,62,318,608,12182,-5552,-2038,9222,-274,-1517,788,2355,-334,-12
2025-11-10T20:18:45.157268,79,145,343,227,62,53,271,501,12324,-5190,-1854,9283,-195,-1211,758,2462,-390,-80
2025-11-10T20:18:45.181026,73,147,327,241,61,47,273,427,12464,-4836,-1684,9319,-144,-1135,834,2360,-380,-196
2025-11-10T20:18:45.203420,77,169,237,260,76,53,250,398,12585,-4498,-1550,9349,-101,-1006,938,2129,-475,-216
2025-11-10T20:18:45.218558,101,266,213,252,124,56,238,333,12692,-4178,-1461,9367,-29,-801,958,1864,-597,-284
2025-11-10T20:18:45.240544,108,334,204,245,162,56,222,320,12796,-3877,-1426,9360,60,-622,1013,1592,-650,-398
2025-11-10T20:18:45.263299,122,385,218,261,173,61,208,343,12885,-3618,-1417,9343,213,-646,1111,1315,-547,-380
2025-11-10T20:18:45.277885,123,424,242,299,183,69,273,379,12960,-3392,-1409,9325,198,-737,1234,1178,-469,-330
2025-11-10T20:18:45.301056,131,522,258,273,177,62,273,372,13018,-3190,-1388,9320,161,-680,1307,1076,-375,-211
2025-11-10T20:18:45.323552,114,509,285,301,199,62,268,361,13065,-2992,-1347,9325,122,-533,1432,1026,-308,-126
2025-11-10T20:18:45.338416,112,488,287,295,183,62,278,345,13100,-2831,-1318,9330,54,-464,1448,792,-294,-109
2025-11-10T20:18:45.360666,99,467,280,268,180,62,311,319,13140,-2699,-1290,9318,109,-393,1630,599,-153,-176
2025-11-10T20:18:45.383142,98,440,252,241,261,54,273,243,13170,-2615,-1297,9297,124,-406,1641,271,-153,-197
2025-11-10T20:18:45.397755,85,333,293,287,291,58,284,251,13190,-2563,-1324,9280,151,-597,1771,129,-143,-146
2025-11-10T20:18:45.421500,82,298,315,295,270,54,353,318,13214,-2503,-1339,9260,68,-494,1702,178,-155,-181
2025-11-10T20:18:45.443635,81,271,321,342,267,59,477,427,13242,-2439,-1370,9233,89,-463,1723,117,-231,-242
2025-11-10T20:18:45.465852,88,308,310,428,267,59,513,472,13269,-2398,-1416,9198,83,-561,1754,16,-230,-281
2025-11-10T20:18:45.481532,85,324,351,514,235,59,518,467,13296,-2357,-1457,9163,79,-585,1753,47,-212,-273
2025-11-10T20:18:45.503766,87,316,311,491,196,72,655,524,13316,-2310,-1488,9140,106,-516,1798,60,-196,-198
2025-11-10T20:18:45.517678,87,310,265,468,177,71,755,529,13326,-2280,-1540,9125,112,-558,1755,-59,-255,-130
2025-11-10T20:18:45.540730,95,432,261,435,179,67,711,503,13332,-2247,-1599,9115,141,-645,1760,-18,-294,-109
2025-11-10T20:18:45.563146,99,403,270,419,187,67,702,504,13341,-2200,-1641,9106,141,-648,1788,96,-267,-106
2025-11-10T20:18:45.577847,104,408,288,387,123,73,707,521,13356,-2142,-1663,9092,163,-500,1840,126,-197,-137
2025-11-10T20:18:45.601029,106,402,303,406,138,62,716,632,13365,-2107,-1694,9082,183,-471,1843,-19,-170,-89
2025-11-10T20:18:45.623182,110,405,374,521,164,69,707,628,13364,-2091,-1737,9079,203,-694,1816,-26,-168,-25
2025-11-10T20:18:45.637777,99,269,387,538,167,68,699,619,13366,-2057,-1744,9082,179,-581,1847,110,-85,1
2025-11-10T20:18:45.661236,92,217,392,538,169,71,754,626,13373,-2048,-1749,9074,146,-516,1838,-32,1,-52
2025-11-10T20:18:45.683551,96,177,349,499,185,65,788,678,13377,-2080,-1783,9054,148,-628,1837,-267,0,-92
2025-11-10T20:18:45.697775,92,241,334,499,183,61,678,527,13381,-2117,-1831,9029,110,-673,1762,-309,-69,-138
2025-11-10T20:18:45.721093,92,379,269,382,160,57,577,571,13388,-2130,-1886,9004,204,-592,1798,-265,-128,-143
2025-11-10T20:18:45.743547,108,407,244,390,159,61,570,618,13387,-2145,-1945,8990,251,-680,1747,-243,-130,-67
2025-11-10T20:18:45.766040,114,413,290,380,140,58,527,622,13383,-2153,-1981,8986,256,-655,1718,-144,-60,2
2025-11-10T20:18:45.781131,108,457,345,358,141,58,461,571,13374,-2167,-1998,8992,198,-633,1685,-118,2,69
2025-11-10T20:18:45.803963,116,492,397,364,205,58,439,574,13369,-2179,-2003,8995,143,-566,1714,-112,35,46
2025-11-10T20:18:45.825777,128,475,506,438,227,56,407,553,13371,-2199,-2022,8985,202,-491,1661,-225,38,-28
2025-11-10T20:18:45.840967,122,461,508,467,222,51,380,541,13369,-2236,-2059,8969,280,-460,1702,-397,46,-30
2025-11-10T20:18:45.864339,122,491,536,458,242,55,252,484,13358,-2323,-2127,8947,278,-499,1535,-693,60,-17
2025-11-10T20:18:45.886123,124,494,513,489,236,59,207,456,13335,-2406,-2190,8944,300,-770,1684,-558,48,107
2025-11-10T20:18:45.899850,133,612,489,520,213,60,198,449,13322,-2453,-2219,8944,202,-713,1752,-332,49,72
2025-11-10T20:18:45.923641,163,676,571,531,252,79,132,362,13309,-2493,-2236,8949,91,-699,1782,-278,20,74
2025-11-10T20:18:45.945931,160,715,597,532,262,78,96,206,13292,-2558,-2277,8945,172,-634,1704,-500,39,72
2025-11-10T20:18:45.960378,153,709,558,522,245,77,87,194,13263,-2676,-2356,8934,278,-721,1644,-833,80,99
2025-11-10T20:18:45.983206,168,681,719,548,235,76,82,198,13214,-2811,-2439,8941,281,-942,1669,-845,81,255
2025-11-10T20:18:46.006078,173,582,770,496,200,73,77,207,13151,-2939,-2520,8972,217,-1153,1683,-721,0,380
2025-11-10T20:18:46.020698,132,487,634,439,126,74,67,200,13093,-3025,-2569,9014,217,-1107,1619,-437,16,420
2025-11-10T20:18:46.051120,137,466,718,491,152,85,66,192,13038,-3088,-2598,9064,233,-865,1457,-350,38,454
2025-11-10T20:18:46.065785,139,539,816,505,156,82,71,231,12963,-3173,-2656,9124,261,-847,1448,-566,-30,567
2025-11-10T20:18:46.080296,130,573,751,436,160,82,115,294,12861,-3304,-2738,9198,189,-1120,1378,-731,-66,701
2025-11-10T20:18:46.103256,129,567,766,443,163,82,114,342,12751,-3427,-2810,9283,150,-1286,1368,-601,-79,777
2025-11-10T20:18:46.126081,168,545,901,422,153,65,114,357,12663,-3519,-2819,9366,21,-1175,1344,-296,68,709
2025-11-10T20:18:46.140834,172,576,896,460,116,54,115,370,12593,-3609,-2802,9432,-81,-900,1344,-333,167,586
2025-11-10T20:18:46.163410,171,491,898,450,115,49,111,353,12517,-3739,-2831,9473,-77,-864,1305,-703,140,489
2025-11-10T20:18:46.185682,208,489,982,504,121,57,75,304,12429,-3905,-2916,9497,-52,-1010,1304,-1024,35,428
2025-11-10T20:18:46.199942,255,560,1032,531,141,68,85,338,12323,-4084,-3046,9519,-70,-1306,1189,-1111,-129,427
2025-11-10T20:18:46.223914,256,558,1028,566,153,96,89,385,12219,-4237,-3189,9540,-53,-1387,1148,-1017,-256,375
2025-11-10T20:18:46.246043,293,564,1106,484,160,112,99,387,12126,-4352,-3297,9570,-52,-1198,1129,-813,-237,387
2025-11-10T20:18:46.259406,303,585,1124,522,166,123,96,385,12017,-4501,-3414,9597,-171,-1303,1236,-1023,-220,418
2025-11-10T20:18:46.283176,285,600,1097,649,195,146,92,418,11874,-4688,-3572,9628,-250,-1426,1135,-1308,-336,497
2025-11-10T20:18:46.306440,318,548,1123,670,192,149,101,499,11723,-4862,-3737,9664,-297,-1514,1109,-1269,-442,497
2025-11-10T20:18:46.327471,312,545,1057,685,187,138,99,478,11392,-5284,-3928,9762,-630,-1846,1379,-1312,-64,778
2025-11-10T20:18:46.347611,292,527,1053,720,180,129,96,484,11212,-5515,-3979,9822,-838,-1886,1307,-1171,-32,781
2025-11-10T20:18:46.365298,291,530,1112,738,178,130,102,486,11047,-5693,-4035,9884,-749,-1695,1273,-1034,-162,694
2025-11-10T20:18:46.392135,294,525,1180,700,162,176,98,451,10911,-5827,-4118,9923,-534,-1489,1285,-1038,-241,479
2025-11-10T20:18:46.407369,239,531,1157,690,186,198,91,282,10812,-5922,-4244,9922,-249,-1400,1440,-1145,-293,181
2025-11-10T20:18:46.424791,242,568,1197,711,205,204,94,241,10761,-5967,-4351,9904,-87,-1410,1738,-962,-218,-13
2025-11-10T20:18:46.447797,235,572,1178,731,229,216,92,212,10704,-6031,-4479,9870,-103,-1476,1750,-1144,-222,-77
2025-11-10T20:18:46.467607,234,586,1112,717,269,262,88,177,10665,-6112,-4615,9800,-85,-1470,1788,-1299,-83,-255
2025-11-10T20:18:46.485321,228,583,1014,743,284,257,97,174,10642,-6216,-4750,9694,-36,-1424,1743,-1423,99,-391
2025-11-10T20:18:46.508179,200,541,955,726,273,329,92,217,10575,-6403,-4946,9547,-170,-1679,1596,-1780,112,-428
2025-11-10T20:18:46.527161,175,484,899,669,291,348,88,221,10515,-6533,-5114,9436,-110,-2029,1585,-1553,-16,-339
2025-11-10T20:18:46.544798,149,413,814,593,274,352,89,215,10500,-6595,-5190,9368,51,-2286,1565,-781,113,-164
2025-11-10T20:18:46.567313,137,358,713,540,246,316,84,215,10508,-6632,-5179,9338,-145,-1948,1451,-326,247,-51
2025-11-10T20:18:46.587515,122,290,647,334,211,289,66,206,10515,-6691,-5129,9316,-262,-2070,1465,-251,410,57
2025-11-10T20:18:46.605296,93,213,597,323,196,178,58,107,10532,-6771,-5010,9304,-532,-2204,1508,-55,664,153
2025-11-10T20:18:46.627671,142,198,556,305,140,121,68,82,10580,-6833,-4821,9304,-683,-2220,1521,342,858,173
2025-11-10T20:18:46.647368,199,186,469,315,129,74,70,101,10681,-6858,-4570,9296,-758,-2160,1535,786,1058,50
2025-11-10T20:18:46.665224,213,175,456,333,96,69,135,159,10818,-6877,-4286,9260,-809,-2182,1524,991,1276,-99
2025-11-10T20:18:46.687761,254,153,414,359,98,58,143,179,10963,-6908,-3987,9199,-836,-2233,1373,1088,1429,-142
2025-11-10T20:18:46.707010,381,160,441,341,87,51,158,377,11107,-6903,-3660,9167,-945,-2223,1252,1446,1315,-34
2025-11-10T20:18:46.725279,382,155,474,340,82,52,158,461,11252,-6811,-3360,9173,-890,-2053,1158,1669,981,111
2025-11-10T20:18:46.747521,398,141,503,371,98,57,189,547,11391,-6677,-3095,9192,-828,-1855,951,1736,670,60
2025-11-10T20:18:46.766725,403,143,611,490,122,67,302,622,11557,-6502,-2850,9191,-675,-1774,1006,1876,551,-169
2025-11-10T20:18:46.785798,390,156,650,493,120,61,325,642,11719,-6326,-2648,9169,-654,-1956,984,1740,422,-333
2025-11-10T20:18:46.807691,274,141,599,578,123,62,503,599,11871,-6104,-2499,9166,-539,-1765,771,1766,14,-375
2025-11-10T20:18:46.826587,261,141,568,626,128,70,559,655,12031,-5806,-2353,9189,-226,-1679,726,2116,-257,-335
2025-11-10T20:18:46.845225,200,136,527,591,138,67,603,661,12206,-5409,-2179,9242,-61,-1415,867,2631,-482,-277
2025-11-10T20:18:46.867803,173,119,369,507,128,63,602,608,12370,-5001,-2029,9288,-133,-1230,850,2575,-625,-337
2025-11-10T20:18:46.887133,140,120,244,647,143,67,644,617,12522,-4617,-1898,9312,-83,-1217,931,2378,-591,-405
2025-11-10T20:18:46.905347,128,114,265,584,154,70,549,594,12652,-4259,-1795,9327,-20,-1211,937,2143,-628,-398
2025-11-10T20:18:46.927822,123,110,259,553,157,68,600,557,12770,-3889,-1687,9348,92,-877,1029,2162,-645,-338
2025-11-10T20:18:46.942951,109,110,312,645,156,72,607,477,12848,-3571,-1621,9380,104,-765,1068,1744,-699,-189
2025-11-10T20:18:46.972615,113,113,319,652,146,71,587,616,12896,-3298,-1605,9416,226,-749,1201,1415,-659,-42
2025-11-10T20:18:46.988221,204,135,388,496,128,71,614,630,12929,-3031,-1575,9466,278,-757,1323,1418,-584,93
2025-11-10T20:18:47.007092,210,164,401,559,121,75,611,625,12941,-2785,-1516,9533,163,-827,1460,1446,-474,247
2025-11-10T20:18:47.025288,212,176,435,683,130,73,570,692,12957,-2521,-1422,9600,152,-516,1460,1508,-386,239
2025-11-10T20:18:47.048099,223,256,418,605,108,72,569,735,12974,-2302,-1332,9645,119,-120,1541,1094,-264,138
2025-11-10T20:18:47.067211,224,278,432,639,120,78,646,679,12980,-2222,-1321,9657,59,-204,1612,231,-159,15
2025-11-10T20:18:47.085007,151,263,393,646,125,79,620,701,12981,-2232,-1377,9646,182,-621,1626,-188,-86,-48
2025-11-10T20:18:47.107851,152,271,365,585,119,74,659,719,12991,-2201,-1378,9639,180,-669,1687,196,15,-38
2025-11-10T20:18:47.127068,142,350,310,413,105,79,729,654,12999,-2165,-1347,9641,75,-565,1756,266,89,6
2025-11-10T20:18:47.145096,125,311,334,384,102,79,790,630,12999,-2128,-1324,9652,1,-573,1799,250,-5,59
2025-11-10T20:18:47.167790,120,294,311,259,93,72,905,569,12986,-2079,-1313,9681,-50,-629,1783,293,-143,157
2025-11-10T20:18:47.186904,114,311,354,432,103,72,956,542,12978,-2002,-1304,9710,-8,-605,1776,416,-224,131
2025-11-10T20:18:47.205973,111,295,444,663,134,80,1090,601,12970,-1891,-1296,9744,31,-557,1790,549,-334,139
2025-11-10T20:18:47.227551,116,187,440,680,131,76,1097,567,12962,-1737,-1269,9786,88,-498,1779,793,-373,175
2025-11-10T20:18:47.250901,112,207,442,692,141,75,1060,559,12960,-1567,-1225,9823,112,-308,1803,842,-343,139
2025-11-10T20:18:47.264843,124,299,459,741,165,82,963,683,12960,-1409,-1193,9851,162,-195,1820,700,-324,94
2025-11-10T20:18:47.287847,128,317,410,660,179,81,988,670,12959,-1283,-1193,9870,193,-185,1748,457,-352,55
2025-11-10T20:18:47.306994,130,321,346,445,168,92,940,673,12971,-1171,-1188,9869,279,-181,1680,429,-228,-61
2025-11-10T20:18:47.329613,115,323,368,431,174,92,885,650,12993,-1096,-1198,9846,294,-259,1781,250,-158,-184
2025-11-10T20:18:47.347602,117,296,332,415,166,91,959,664,13010,-1040,-1225,9827,351,-262,1747,114,-145,-144
2025-11-10T20:18:47.367095,95,199,316,350,138,84,912,562,13017,-1009,-1265,9816,338,-281,1718,-29,-138,-73
2025-11-10T20:18:47.385470,89,134,362,452,182,84,905,565,13018,-987,-1308,9812,290,-366,1770,-36,-162,-28
2025-11-10T20:18:47.407210,74,111,328,515,242,65,758,505,13024,-934,-1314,9808,262,-273,1839,169,-119,-44
2025-11-10T20:18:47.427152,79,127,335,520,266,63,770,565,13034,-883,-1345,9795,311,-133,1818,11,-200,-95
2025-11-10T20:18:47.444977,80,131,319,528,267,65,729,625,13043,-865,-1385,9779,283,-250,1869,-113,-149,-108
2025-11-10T20:18:47.467485,77,144,367,724,281,64,721,597,13056,-859,-1429,9756,328,-304,1832,-153,-101,-136
2025-11-10T20:18:47.487170,75,149,339,748,258,63,589,574,13063,-851,-1464,9742,293,-335,1838,-97,-99,-89
2025-11-10T20:18:47.505352,70,157,331,711,197,60,580,532,13068,-839,-1482,9734,211,-229,1846,-81,-90,-50
2025-11-10T20:18:47.532098,91,155,314,783,175,64,523,557,13070,-838,-1504,9727,203,-175,1873,-171,-76,-32
2025-11-10T20:18:47.547442,84,179,330,816,177,60,361,443,13066,-879,-1544,9723,141,-482,1882,-265,-58,-6
2025-11-10T20:18:47.565331,98,191,355,769,200,65,325,435,13067,-892,-1550,9720,28,-585,1854,24,-56,-34
2025-11-10T20:18:47.587899,101,182,354,737,203,65,337,435,13078,-854,-1518,9713,33,-326,1864,259,-45,-89
2025-11-10T20:18:47.607592,103,173,393,742,198,65,406,492,13086,-841,-1513,9705,18,-308,1822,46,-91,-84
2025-11-10T20:18:47.625860,87,177,417,679,186,58,464,442,13092,-860,-1531,9692,28,-445,1824,-110,-81,-89
2025-11-10T20:18:47.648224,89,147,451,649,184,61,562,453,13097,-868,-1525,9686,-40,-624,1823,125,-53,-74
2025-11-10T20:18:47.670388,71,125,405,554,149,58,612,443,13110,-827,-1476,9679,-65,-454,1848,396,-29,-111
2025-11-10T20:18:47.697546,78,126,387,516,115,61,685,450,13121,-801,-1445,9670,-81,-384,1837,237,-67,-105
2025-11-10T20:18:47.707220,81,133,346,508,124,61,740,406,13130,-785,-1444,9660,18,-411,1844,109,-119,-104
2025-11-10T20:18:47.730031,88,152,303,471,130,69,766,417,13133,-777,-1462,9654,78,-426,1790,25,-148,-54
2025-11-10T20:18:47.749138,95,187,253,445,127,68,736,489,13134,-752,-1467,9654,236,-347,1826,103,-65,-12
2025-11-10T20:18:47.767706,101,215,209,367,101,64,702,511,13130,-745,-1474,9659,248,-391,1812,40,-16,34
2025-11-10T20:18:47.790382,111,313,307,554,108,61,609,491,13130,-723,-1467,9662,334,-278,1818,101,46,22
2025-11-10T20:18:47.810171,136,449,338,565,99,59,499,536,13124,-699,-1460,9672,428,-143,1852,32,81,85
2025-11-10T20:18:47.828322,166,541,405,573,123,52,373,492,13112,-679,-1455,9690,510,-110,1879,-7,124,157
2025-11-10T20:18:47.850162,171,556,439,585,177,49,289,421,13095,-670,-1437,9717,549,-130,1909,-1,238,221
2025-11-10T20:18:47.869495,179,580,559,606,191,54,250,388,13077,-662,-1422,9744,461,-150,1858,4,182,215
2025-11-10T20:18:47.887761,188,588,556,490,196,55,246,404,13067,-657,-1429,9757,454,-129,1771,-90,96,125
2025-11-10T20:18:47.914864,173,534,637,490,203,54,206,341,13069,-663,-1451,9751,445,-178,1743,-173,75,-8
2025-11-10T20:18:47.929407,176,471,652,516,191,56,167,402,13080,-680,-1496,9728,476,-103,1648,-336,39,-98
2025-11-10T20:18:47.947384,173,472,632,579,180,61,138,387,13091,-710,-1552,9702,553,11,1770,-515,61,-101
2025-11-10T20:18:47.970344,164,456,605,582,173,61,128,382,13083,-805,-1662,9687,543,-306,1697,-819,15,23
2025-11-10T20:18:47.989551,143,416,626,546,165,58,112,368,13063,-915,-1773,9685,508,-582,1598,-750,33,117
2025-11-10T20:18:48.007884,148,389,575,546,166,60,103,346,13043,-995,-1806,9697,238,-564,1666,-373,134,154
2025-11-10T20:18:48.030124,108,356,608,528,203,55,93,199,13035,-1084,-1816,9697,0,-516,1657,-370,156,48
2025-11-10T20:18:48.049561,109,336,663,463,195,50,69,170,13041,-1205,-1865,9665,-104,-557,1631,-654,56,-146
2025-11-10T20:18:48.067868,131,368,738,434,207,53,64,150,13042,-1326,-1934,9634,51,-652,1695,-692,44,-121
2025-11-10T20:18:48.090357,149,408,724,380,214,55,57,125,13028,-1428,-2014,9623,156,-733,1733,-617,-27,18
2025-11-10T20:18:48.109581,156,415,754,397,220,62,54,97,12998,-1508,-2079,9637,229,-640,1805,-534,-31,190
2025-11-10T20:18:48.127922,154,452,762,395,177,66,59,134,12946,-1598,-2125,9682,259,-631,1721,-511,84,417
2025-11-10T20:18:48.150048,150,445,755,385,158,67,61,132,12890,-1718,-2145,9732,29,-663,1668,-540,181,461
2025-11-10T20:18:48.169524,128,401,727,361,140,64,61,142,12837,-1843,-2166,9775,-98,-764,1640,-525,142,396
2025-11-10T20:18:48.187848,120,485,755,452,134,64,62,140,12779,-1936,-2188,9827,-104,-822,1723,-383,24,426
2025-11-10T20:18:48.210407,149,495,779,396,116,57,58,146,12723,-1998,-2183,9889,-133,-783,1792,-185,17,459
2025-11-10T20:18:48.230411,156,454,734,395,114,52,49,108,12689,-2036,-2177,9926,-109,-585,1745,-181,-4,268
2025-11-10T20:18:48.248215,157,458,735,449,104,49,44,105,12670,-2091,-2214,9931,32,-545,1641,-425,-26,88
2025-11-10T20:18:48.270387,167,496,707,472,97,51,47,89,12656,-2174,-2273,9918,103,-642,1632,-583,30,13
2025-11-10T20:18:48.289574,200,499,712,392,91,54,61,120,12630,-2261,-2328,9918,34,-823,1660,-516,7,98
2025-11-10T20:18:48.307911,173,498,661,432,86,56,66,113,12593,-2333,-2392,9934,25,-845,1636,-476,-108,184
2025-11-10T20:18:48.330121,198,570,660,445,88,60,68,136,12544,-2403,-2479,9957,58,-886,1551,-524,-211,238
2025-11-10T20:18:48.350084,204,587,681,464,92,63,69,135,12487,-2487,-2592,9979,224,-826,1435,-697,-199,294
2025-11-10T20:18:48.367229,206,589,723,517,97,66,70,140,12417,-2622,-2726,9997,215,-847,1301,-977,-124,348
2025-11-10T20:18:48.390363,174,574,735,529,98,65,60,127,12339,-2792,-2877,10005,137,-935,1332,-1196,-118,327
2025-11-10T20:18:48.409555,187,562,855,532,112,76,56,128,12236,-2985,-3058,10022,4,-1197,1325,-1308,-255,404
2025-11-10T20:18:48.427303,151,523,1014,579,157,82,60,95,12122,-3153,-3242,10051,127,-1154,1244,-1247,-323,504
2025-11-10T20:18:48.450066,144,520,1029,573,184,143,65,96,12011,-3351,-3445,10053,121,-984,1037,-1503,-261,393
2025-11-10T20:18:48.469587,163,557,1085,669,205,160,66,89,11878,-3623,-3716,10020,157,-1075,876,-2196,-287,338
2025-11-10T20:18:48.488117,159,586,1109,676,209,179,63,71,11719,-3906,-4012,9986,169,-1486,854,-2320,-380,401
2025-11-10T20:18:48.509972,197,689,1082,750,230,216,78,170,11576,-4123,-4222,9980,66,-1671,1210,-1550,-304,449
2025-11-10T20:18:48.528796,212,710,1008,725,211,237,83,181,11483,-4261,-4304,9993,-264,-1320,1629,-1026,-158,320
2025-11-10T20:18:48.546910,217,728,1066,774,271,207,81,182,11436,-4379,-4407,9952,-168,-857,1876,-1327,-128,-63
2025-11-10T20:18:48.569977,202,708,1042,726,292,234,80,186,11347,-4576,-4597,9879,-232,-1300,2041,-1739,-137,-3
2025-11-10T20:18:48.589577,204,658,993,743,305,243,83,187,11264,-4760,-4689,9844,-282,-1728,2332,-1531,23,134
2025-11-10T20:18:48.607858,147,549,896,666,289,221,71,106,11235,-4899,-4671,9817,-186,-1972,2526,-899,422,134
2025-11-10T20:18:48.630546,123,484,786,645,291,204,61,92,11251,-5001,-4527,9815,-480,-1884,2617,-288,722,132
2025-11-10T20:18:48.652749,103,421,614,528,220,204,61,88,11310,-5080,-4363,9781,-498,-1600,2503,-155,863,-131
2025-11-10T20:18:48.667849,97,342,390,533,167,158,96,80,11368,-5181,-4224,9721,-615,-1828,2394,-232,862,-266
2025-11-10T20:18:48.690363,106,195,294,533,123,115,117,83,11439,-5303,-4087,9630,-667,-2119,2110,-119,990,-408
2025-11-10T20:18:48.712776,114,130,289,522,120,85,148,81,11540,-5388,-3904,9538,-631,-2175,1939,335,1121,-447
2025-11-10T20:18:48.727353,116,113,264,516,94,65,209,76,11665,-5430,-3641,9466,-635,-2062,1798,871,1298,-330
2025-11-10T20:18:48.749821,143,110,236,512,76,58,255,358,11798,-5447,-3315,9411,-686,-1829,1653,1219,1440,-211
2025-11-10T20:18:48.772857,182,112,211,366,68,54,392,475,11937,-5458,-2968,9345,-741,-1713,1574,1322,1526,-229
2025-11-10T20:18:48.787914,200,109,230,335,79,61,418,549,12070,-5480,-2640,9259,-817,-1702,1469,1246,1493,-324
2025-11-10T20:18:48.809910,223,106,328,375,76,65,462,606,12184,-5521,-2373,9157,-855,-1861,1439,1019,1308,-395
2025-11-10T20:18:48.833341,241,114,405,417,86,74,565,680,12250,-5532,-2234,9098,-569,-1769,1300,710,671,-220
2025-11-10T20:18:48.855306,264,155,475,440,106,84,598,615,12300,-5449,-2150,9101,-209,-1700,1070,1022,135,36
2025-11-10T20:18:48.870105,245,187,517,451,110,84,558,586,12345,-5280,-2066,9158,-105,-1860,845,1585,-209,271
2025-11-10T20:18:48.892654,279,205,622,464,119,92,673,616,12415,-4962,-1898,9277,-131,-1595,852,2177,-446,386
2025-11-10T20:18:48.913167,260,221,572,403,114,89,693,592,12505,-4560,-1674,9405,-104,-1369,985,2727,-472,405
2025-11-10T20:18:48.928682,248,225,530,409,111,81,615,533,12582,-4141,-1468,9530,-87,-1027,942,2700,-610,380
2025-11-10T20:18:48.952794,235,215,492,480,127,79,590,594,12672,-3714,-1263,9615,-34,-603,1047,2682,-569,162
2025-11-10T20:18:48.967791,232,186,541,605,152,81,635,579,12753,-3343,-1129,9661,109,-339,1144,2148,-631,-46
2025-11-10T20:18:48.990281,158,163,411,588,144,68,561,490,12820,-3015,-1055,9688,290,-597,1200,1775,-705,-125
2025-11-10T20:18:49.012644,172,142,409,623,147,71,510,538,12878,-2671,-960,9723,323,-731,1193,1932,-686,-39
2025-11-10T20:18:49.027183,174,141,419,676,160,83,605,599,12940,-2292,-810,9751,350,-173,1315,2202,-543,-53
2025-11-10T20:18:49.049783,138,140,392,651,171,79,598,600,12995,-1983,-716,9752,170,-1,1432,1535,-450,-167
2025-11-10T20:18:49.072740,130,204,288,638,176,74,514,663,13021,-1783,-730,9755,335,-182,1496,767,-500,-81
2025-11-10T20:18:49.087799,138,274,291,667,195,86,546,707,13032,-1596,-752,9771,352,-115,1373,674,-508,13
2025-11-10T20:18:49.110045,119,371,367,745,202,89,594,660,13036,-1449,-754,9788,224,-105,1536,549,-360,51
2025-11-10T20:18:49.132860,104,389,378,670,240,79,537,603,13039,-1339,-758,9800,213,-212,1674,423,-254,38
2025-11-10T20:18:49.148125,100,392,398,695,237,83,559,531,13036,-1244,-750,9817,201,-169,1701,376,-168,84
2025-11-10T20:18:49.170315,95,365,381,607,227,82,624,422,13033,-1169,-752,9830,151,-129,1761,233,-170,64
2025-11-10T20:18:49.192575,98,326,399,569,218,85,672,461,13034,-1122,-762,9833,87,-170,1828,106,-149,1
2025-11-10T20:18:49.207898,95,229,409,493,227,83,726,463,13047,-1092,-783,9818,71,-212,1791,18,-142,-116
2025-11-10T20:18:49.229890,109,346,423,625,193,88,752,452,13063,-1060,-804,9798,78,-218,1818,28,-147,-159
2025-11-10T20:18:49.252845,122,347,412,617,178,83,766,511,13076,-1038,-840,9780,72,-268,1814,-42,-192,-135
2025-11-10T20:18:49.267284,124,351,421,621,179,93,743,542,13083,-1009,-877,9770,88,-331,1847,19,-224,-84
2025-11-10T20:18:49.289899,124,366,418,634,173,89,796,554,13089,-948,-908,9766,94,-301,1832,177,-305,-63
2025-11-10T20:18:49.312715,124,365,347,668,167,89,881,565,13099,-855,-919,9760,164,-215,1899,336,-295,-80
2025-11-10T20:18:49.327784,120,236,301,585,151,94,963,695,13122,-762,-918,9736,211,82,1885,228,-213,-199
2025-11-10T20:18:49.350011,114,223,341,701,149,103,1142,729,13147,-735,-963,9701,368,-30,1905,-164,-120,-234
2025-11-10T20:18:49.372164,120,220,323,708,179,109,1250,726,13158,-734,-1022,9680,301,-232,1932,-224,-142,-129
2025-11-10T20:18:49.387793,114,191,292,740,184,133,1299,708,13166,-711,-1069,9665,288,-164,1897,-123,-181,-94
2025-11-10T20:18:49.410297,117,222,396,816,208,136,1266,694,13168,-707,-1135,9656,300,-293,1814,-193,-204,-51
2025-11-10T20:18:49.440934,106,224,427,812,216,134,1249,601,13153,-675,-1192,9671,289,-427,1716,46,-280,99
2025-11-10T20:18:49.448130,96,235,397,684,292,136,1076,496,13157,-612,-1187,9671,83,17,1711,154,-211,-31
2025-11-10T20:18:49.470247,96,252,394,692,289,130,959,480,13181,-624,-1245,9630,229,-89,1660,-349,-146,-255
2025-11-10T20:18:49.492689,105,256,398,651,290,111,916,536,13189,-677,-1344,9602,368,-534,1710,-440,-144,-142
2025-11-10T20:18:49.507799,99,225,299,439,264,105,852,598,13182,-696,-1384,9605,240,-489,1794,-117,-80,31
2025-11-10T20:18:49.529868,104,293,296,385,259,102,744,560,13181,-720,-1401,9602,169,-283,1922,-192,7,1
2025-11-10T20:18:49.552651,104,314,294,380,198,96,730,582,13180,-783,-1435,9594,100,-376,1942,-389,17,-18
2025-11-10T20:18:49.575298,99,309,304,443,213,105,774,618,13186,-833,-1449,9579,129,-356,1960,-286,86,-73
2025-11-10T20:18:49.590292,89,329,314,444,214,103,613,515,13194,-870,-1454,9564,191,-366,1954,-198,122,-73
2025-11-10T20:18:49.612752,86,329,312,469,221,104,580,440,13200,-895,-1460,9552,232,-386,1893,-129,101,-57
2025-11-10T20:18:49.635452,89,351,336,476,219,101,552,447,13203,-894,-1456,9548,264,-296,1871,-19,77,-11
2025-11-10T20:18:49.650122,101,412,462,477,194,93,536,407,13201,-896,-1467,9549,298,-220,1841,-125,39,33
2025-11-10T20:18:49.672796,109,425,492,401,141,70,395,394,13196,-927,-1507,9548,354,-199,1803,-361,25,42
2025-11-10T20:18:49.695251,106,410,564,355,127,56,332,411,13187,-977,-1576,9543,430,-143,1731,-578,-2,53
2025-11-10T20:18:49.710273,117,481,652,311,114,51,321,466,13167,-1062,-1658,9548,405,-286,1785,-720,25,139
2025-11-10T20:18:49.732780,161,538,741,333,123,68,336,460,13140,-1153,-1732,9562,413,-661,1793,-535,80,197
2025-11-10T20:18:49.754828,227,545,700,304,107,72,340,459,13109,-1168,-1748,9599,474,-499,1717,-72,111,307
2025-11-10T20:18:49.769841,234,594,734,270,102,73,331,393,13073,-1164,-1734,9652,446,-192,1629,-32,166,407
2025-11-10T20:18:49.792636,244,597,716,311,113,66,291,348,13026,-1239,-1757,9701,387,-228,1616,-500,230,449
2025-11-10T20:18:49.815209,267,634,733,424,136,64,190,333,12978,-1373,-1829,9734,310,-414,1635,-857,176,385
2025-11-10T20:18:49.829935,260,632,698,411,134,53,141,342,12924,-1520,-1921,9766,276,-618,1671,-901,110,387
2025-11-10T20:18:49.852582,206,586,787,406,136,52,118,341,12877,-1650,-1985,9795,221,-746,1760,-692,152,340
2025-11-10T20:18:49.875289,206,573,781,396,138,53,99,347,12839,-1763,-2005,9820,66,-648,1728,-536,227,292
2025-11-10T20:18:49.890176,202,578,788,388,134,56,65,343,12813,-1891,-2030,9826,6,-611,1567,-623,251,169
2025-11-10T20:18:49.912714,185,491,801,311,110,62,64,306,12789,-2043,-2082,9816,-40,-670,1542,-811,208,80
2025-11-10T20:18:49.935302,165,390,761,360,89,58,55,283,12754,-2195,-2159,9812,23,-749,1589,-891,126,145
2025-11-10T20:18:49.951050,167,476,674,357,89,58,55,309,12706,-2332,-2224,9828,60,-896,1620,-724,124,276
2025-11-10T20:18:49.972855,153,434,727,358,84,59,57,304,12660,-2453,-2277,9846,84,-853,1543,-637,141,282
2025-11-10T20:18:49.995196,148,423,708,328,75,57,55,279,12618,-2583,-2310,9859,26,-713,1472,-679,238,264
2025-11-10T20:18:50.010346,127,412,642,275,70,50,50,222,12570,-2734,-2338,9873,-78,-764,1587,-767,284,292
2025-11-10T20:18:50.034439,123,405,700,159,72,50,51,207,12505,-2911,-2386,9893,-237,-957,1589,-885,198,337
2025-11-10T20:18:50.055409,124,335,827,182,90,51,42,152,12445,-3086,-2460,9898,-198,-981,1457,-954,123,247
2025-11-10T20:18:50.070385,130,317,808,186,99,49,42,152,12391,-3259,-2553,9886,-119,-920,1355,-1038,103,147
2025-11-10T20:18:50.093164,153,312,875,202,105,49,52,293,12336,-3423,-2666,9870,-13,-907,1360,-1111,44,138
2025-11-10T20:18:50.115215,179,311,908,206,123,67,55,326,12264,-3592,-2786,9867,-53,-1074,1357,-1099,-16,231
2025-11-10T20:18:50.130271,184,310,862,212,129,67,57,327,12186,-3748,-2912,9869,-82,-1070,1357,-1101,-108,245
2025-11-10T20:18:50.152554,185,260,820,200,130,145,58,344,12107,-3916,-3040,9862,-91,-1106,1327,-1162,-67,222
2025-11-10T20:18:50.183355,181,259,859,195,140,150,56,342,12021,-4117,-3178,9842,-92,-1191,1366,-1358,15,211
2025-11-10T20:18:50.190089,158,265,847,231,204,158,48,231,11924,-4354,-3335,9806,-163,-1252,1241,-1578,42,171
2025-11-10T20:18:50.212520,124,252,815,226,197,201,46,175,11823,-4595,-3533,9749,-176,-1327,1125,-1824,-42,75
2025-11-10T20:18:50.243568,139,263,889,245,200,219,60,266,11718,-4837,-3742,9680,-143,-1499,1144,-1881,-70,30
2025-11-10T20:18:50.250330,132,263,895,284,207,181,65,273,11607,-5060,-3921,9629,-192,-1728,1236,-1694,-49,141
2025-11-10T20:18:50.272306,130,314,896,481,231,194,69,264,11495,-5281,-4069,9583,-181,-1746,1189,-1461,20,178
2025-11-10T20:18:50.295291,130,340,914,538,198,196,69,261,11373,-5492,-4225,9543,-243,-1731,1069,-1455,-84,181
2025-11-10T20:18:50.310238,137,367,942,547,223,148,67,262,11236,-5697,-4385,9512,-238,-1656,1078,-1525,-157,254
2025-11-10T20:18:50.332908,121,366,913,555,227,118,53,251,11083,-5912,-4527,9495,-444,-1933,1145,-1495,-160,329
2025-11-10T20:18:50.355083,122,393,931,548,221,116,54,254,10937,-6113,-4638,9483,-507,-2088,1175,-1325,-98,346
2025-11-10T20:18:50.370316,230,541,1021,546,218,104,81,428,10819,-6291,-4717,9463,-449,-2001,1146,-1134,45,286
2025-11-10T20:18:50.392888,247,557,1020,620,242,92,87,444,10719,-6460,-4778,9432,-452,-1738,1212,-1156,139,208
2025-11-10T20:18:50.415240,245,562,1069,741,224,90,89,446,10620,-6617,-4820,9414,-451,-1857,1359,-1096,170,288
2025-11-10T20:18:50.430287,246,567,1103,758,226,98,93,413,10510,-6758,-4886,9403,-486,-2090,1416,-1112,-4,270
2025-11-10T20:18:50.452845,263,605,1063,799,231,101,90,458,10437,-6823,-4942,9409,-378,-2098,1375,-698,-156,160
2025-11-10T20:18:50.475041,205,481,937,760,213,97,77,328,10414,-6820,-4970,9422,-215,-1810,1414,-326,-167,39
2025-11-10T20:18:50.497829,189,471,931,711,209,103,74,314,10397,-6825,-5018,9412,-134,-1602,1350,-471,-125,-70
2025-11-10T20:18:50.512770,187,458,874,661,206,103,75,312,10363,-6872,-5115,9363,-109,-1758,1241,-813,-109,-184
2025-11-10T20:18:50.535346,182,438,828,678,204,177,76,303,10321,-6925,-5235,9303,6,-1986,1035,-804,-139,-176
2025-11-10T20:18:50.557874,146,340,773,639,197,224,80,198,10299,-6950,-5318,9261,111,-1945,1079,-555,-87,-102
2025-11-10T20:18:50.572638,99,276,714,588,207,246,69,137,10281,-6957,-5378,9241,56,-1844,1115,-417,-116,-47
2025-11-10T20:18:50.595590,78,213,615,507,181,269,68,107,10260,-6949,-5443,9233,-43,-1623,1166,-448,-243,-98
2025-11-10T20:18:50.617740,72,164,513,392,193,288,63,96,10249,-6960,-5534,9183,60,-1736,1091,-602,-142,-256
2025-11-10T20:18:50.632910,56,141,467,308,189,265,57,75,10239,-6976,-5621,9128,142,-1947,1035,-547,-85,-217
2025-11-10T20:18:50.655162,77,138,452,255,180,233,48,42,10252,-6991,-5617,9106,30,-2091,1082,-135,171,-10
2025-11-10T20:18:50.677267,74,114,441,208,159,202,50,34,10300,-6998,-5519,9105,-188,-2181,1187,284,451,62
2025-11-10T20:18:50.692795,129,106,410,251,131,167,99,34,10387,-6996,-5356,9105,-291,-2162,1277,587,708,44
2025-11-10T20:18:50.715167,137,113,511,250,104,127,107,33,10488,-7008,-5155,9095,-492,-2125,1371,635,894,-9
2025-11-10T20:18:50.737788,143,90,488,257,83,83,107,32,10584,-7045,-4945,9073,-563,-2256,1296,628,1012,24
2025-11-10T20:18:50.752475,148,89,468,247,77,53,109,31,10679,-7080,-4724,9052,-499,-2226,1100,781,1055,96
2025-11-10T20:18:50.774732,164,95,475,281,58,48,111,29,10801,-7086,-4462,9035,-445,-2120,1056,1107,1164,130
2025-11-10T20:18:50.797741,127,98,489,278,54,42,68,25,10938,-7065,-4191,9017,-542,-1926,927,1306,1108,18
2025-11-10T20:18:50.812768,122,93,472,276,51,50,55,25,11088,-7011,-3950,8985,-494,-1829,869,1373,956,-168
2025-11-10T20:18:50.835743,130,117,444,273,49,51,53,34,11234,-6952,-3756,8931,-433,-1790,741,1281,810,-323
2025-11-10T20:18:50.858077,130,232,470,310,54,52,53,37,11373,-6894,-3602,8865,-371,-1707,575,1192,684,-413
2025-11-10T20:18:50.872559,114,241,490,464,79,93,83,43,11518,-6813,-3459,8797,-271,-1604,569,1250,612,-459
2025-11-10T20:18:50.895401,122,242,499,470,78,98,83,46,11649,-6737,-3350,8724,-228,-1504,487,1107,491,-499
2025-11-10T20:18:50.917748,122,260,431,486,80,93,87,49,11765,-6650,-3294,8657,-122,-1459,546,936,249,-525
2025-11-10T20:18:50.932756,128,303,459,536,93,93,92,53,11866,-6553,-3270,8601,-10,-1494,593,859,86,-474
2025-11-10T20:18:50.955131,121,339,507,612,118,94,93,99,11955,-6446,-3245,8569,76,-1383,528,906,13,-329
2025-11-10T20:18:50.977795,121,355,528,496,105,56,78,246,12038,-6334,-3226,8543,112,-1276,706,804,-16,-308
2025-11-10T20:18:50.992530,177,513,626,468,106,75,128,484,12109,-6243,-3212,8515,72,-1250,811,629,-2,-287
2025-11-10T20:18:51.019583,191,581,658,455,137,87,132,511,12146,-6196,-3225,8492,-45,-1327,784,346,-74,-226
2025-11-10T20:18:51.045994,204,662,652,461,147,116,131,518,12186,-6153,-3256,8453,25,-1443,814,295,-78,-310
2025-11-10T20:18:51.052713,200,647,664,373,135,117,130,516,12233,-6095,-3299,8410,139,-1321,825,282,-120,-354
2025-11-10T20:18:51.079582,205,672,679,360,137,124,123,467,12263,-6037,-3355,8386,166,-1387,899,231,-225,-244
2025-11-10T20:18:51.098277,154,635,667,469,151,113,68,217,12280,-5982,-3407,8380,49,-1451,997,211,-290,-175
2025-11-10T20:18:51.112852,139,585,694,548,161,133,56,180,12304,-5923,-3451,8370,-16,-1425,1076,218,-285,-233
2025-11-10T20:18:51.135254,110,479,683,583,200,175,51,163,12336,-5859,-3494,8350,105,-1420,1160,214,-216,-261
2025-11-10T20:18:51.157841,109,433,633,659,208,182,51,150,12339,-5832,-3561,8335,-18,-1240,1142,-119,-311,-221
2025-11-10T20:18:51.172868,98,383,693,759,224,180,45,141,12322,-5840,-3658,8313,0,-1333,1222,-410,-346,-214
2025-11-10T20:18:51.194845,110,258,702,790,248,208,46,143,12294,-5871,-3753,8291,0,-1597,1236,-450,-292,-145
2025-11-10T20:18:51.217829,103,220,668,805,247,195,44,93,12265,-5892,-3830,8283,-68,-1709,1213,-297,-300,-92
2025-11-10T20:18:51.233547,107,189,774,794,222,145,46,88,12266,-5866,-3879,8277,-32,-1547,1286,-45,-272,-169
2025-11-10T20:18:51.255270,108,183,833,786,215,144,51,120,12267,-5843,-3936,8265,-17,-1450,1315,-138,-282,-206
2025-11-10T20:18:51.277324,108,195,892,872,222,152,51,154,12247,-5860,-3999,8252,-50,-1632,1307,-309,-240,-128
2025-11-10T20:18:51.297140,95,213,936,807,193,123,49,193,12233,-5856,-4033,8259,-84,-1722,1396,-109,-223,-48
2025-11-10T20:18:51.323484,112,304,1006,773,178,133,55,231,12229,-5827,-4045,8281,-112,-1630,1406,67,-224,-14
2025-11-10T20:18:51.337868,109,333,939,760,158,129,51,230,12220,-5812,-4071,8291,-97,-1450,1336,-91,-227,-56
2025-11-10T20:18:51.353179,111,345,913,712,161,120,47,217,12209,-5821,-4118,8278,-4,-1555,1356,-267,-174,-124
2025-11-10T20:18:51.375329,123,339,847,519,130,122,55,203,12190,-5841,-4162,8269,-18,-1698,1344,-266,-155,-64
2025-11-10T20:18:51.397846,122,338,832,499,143,107,51,157,12178,-5848,-4184,8271,-43,-1643,1353,-142,-125,-31
2025-11-10T20:18:51.412760,109,266,845,590,133,91,52,92,12178,-5832,-4195,8277,-7,-1530,1343,-23,-116,-37
2025-11-10T20:18:51.435342,94,226,856,601,144,88,50,88,12168,-5829,-4220,8281,18,-1516,1343,-144,-146,-23
2025-11-10T20:18:51.457882,110,260,895,570,135,107,47,77,12159,-5840,-4237,8279,76,-1748,1394,-130,-44,6
2025-11-10T20:18:51.481799,107,367,877,548,137,119,38,42,12151,-5840,-4229,8294,27,-1626,1321,2,-12,92
2025-11-10T20:18:51.495212,122,369,847,543,112,125,43,42,12140,-5846,-4232,8304,40,-1525,1272,-82,-35,77
2025-11-10T20:18:51.517576,122,369,780,386,110,123,45,46,12120,-5872,-4256,8303,93,-1617,1212,-207,-34,66
2025-11-10T20:18:51.540198,124,372,749,272,92,126,46,44,12102,-5891,-4272,8308,99,-1626,1183,-133,-31,90
2025-11-10T20:18:51.555281,107,342,755,345,94,112,46,41,12090,-5899,-4281,8314,76,-1559,1170,-66,-33,71
2025-11-10T20:18:51.577828,94,218,795,377,89,97,46,39,12074,-5916,-4299,8316,77,-1520,1152,-155,-41,58
2025-11-10T20:18:51.600010,71,183,774,459,111,108,47,35,12050,-5948,-4327,8313,76,-1583,1152,-253,-45,61
2025-11-10T20:18:51.614940,66,181,719,504,170,121,36,24,12035,-5966,-4343,8314,131,-1584,1163,-147,-6,81
2025-11-10T20:18:51.638079,56,168,781,574,189,152,37,24,12032,-5982,-4334,8311,142,-1510,1137,-58,120,86
2025-11-10T20:18:51.660306,45,164,717,588,191,198,38,23,12013,-6025,-4337,8307,91,-1482,1110,-245,105,124
2025-11-10T20:18:51.675326,43,155,598,708,200,240,37,26,11984,-6081,-4362,8295,126,-1551,1066,-355,76,105
2025-11-10T20:18:51.698109,44,155,583,809,233,296,48,28,11952,-6138,-4400,8278,168,-1554,1000,-394,39,94
2025-11-10T20:18:51.720323,43,131,597,844,212,353,52,28,11925,-6173,-4450,8264,338,-1437,1041,-387,-21,107
2025-11-10T20:18:51.735118,49,233,489,869,202,371,54,33,11876,-6243,-4520,8245,415,-1346,889,-609,0,194
2025-11-10T20:18:51.757466,47,239,432,897,216,386,54,33,11796,-6355,-4593,8234,488,-1454,855,-809,57,408
2025-11-10T20:18:51.779771,44,236,436,800,227,389,53,31,11709,-6477,-4641,8237,601,-1549,802,-741,178,616
2025-11-10T20:18:51.795025,48,247,341,724,255,369,48,30,11636,-6594,-4643,8245,500,-1511,892,-612,330,656
2025-11-10T20:18:51.817831,49,249,283,661,270,372,44,32,11563,-6728,-4631,8247,247,-1502,897,-674,384,581
2025-11-10T20:18:51.840388,42,193,300,584,294,354,44,28,11480,-6851,-4667,8241,131,-1626,943,-805,132,404
2025-11-10T20:18:51.855284,53,207,275,471,304,330,44,30,11402,-6951,-4755,8216,215,-1769,850,-812,-62,202
2025-11-10T20:18:51.878205,55,212,230,437,324,310,45,30,11342,-7003,-4839,8205,130,-1829,866,-560,-213,91
2025-11-10T20:18:51.900354,51,219,188,330,352,286,40,31,11286,-7036,-4923,8204,-81,-1826,777,-429,-336,-18
2025-11-10T20:18:51.915521,49,225,165,318,353,205,40,30,11225,-7082,-5041,8177,-212,-1699,761,-671,-413,-233
2025-11-10T20:18:51.937720,52,218,139,311,351,184,43,32,11162,-7105,-5188,8151,-299,-1926,825,-657,-611,-388
2025-11-10T20:18:51.968480,41,189,180,318,352,174,46,34,11091,-7113,-5365,8126,-386,-2010,733,-650,-815,-519
2025-11-10T20:18:51.975087,39,190,178,316,353,177,45,36,11033,-7048,-5538,8146,-397,-2095,785,-271,-1091,-536
2025-11-10T20:18:51.997497,37,162,196,267,291,169,41,34,11006,-6904,-5706,8190,-344,-2037,785,153,-1288,-660
2025-11-10T20:18:52.020327,38,159,195,243,263,164,41,33,11013,-6733,-5849,8222,-260,-1692,868,263,-1168,-766
2025-11-10T20:18:52.035081,34,125,211,204,260,161,33,32,11025,-6589,-5990,8221,-347,-1686,890,108,-1028,-902
2025-11-10T20:18:52.057738,29,120,199,195,266,131,30,28,11008,-6490,-6171,8189,-371,-1878,970,-309,-1066,-986
2025-11-10T20:18:52.080248,30,105,205,239,238,79,28,28,11017,-6385,-6349,8123,-334,-1935,916,-257,-939,-1197
2025-11-10T20:18:52.095308,30,99,185,231,220,69,30,28,11058,-6233,-6505,8061,-285,-1941,865,86,-927,-1332
2025-11-10T20:18:52.119026,34,121,181,223,216,104,31,27,11107,-6066,-6660,7994,-93,-1803,861,127,-901,-1327
2025-11-10T20:18:52.140282,34,124,146,214,186,109,32,24,11137,-5935,-6847,7893,48,-1827,873,-223,-882,-1343
2025-11-10T20:18:52.155044,38,127,110,236,177,118,30,25,11153,-5847,-7057,7750,271,-1860,807,-546,-763,-1342
2025-11-10T20:18:52.178345,35,127,88,181,170,146,29,21,11183,-5774,-7239,7591,487,-1958,720,-492,-514,-1285
2025-11-10T20:18:52.200016,33,132,74,175,160,146,28,20,11217,-5710,-7392,7441,611,-1992,626,-377,-357,-1151
2025-11-10T20:18:52.215222,30,86,67,173,155,124,28,20,11252,-5643,-7520,7311,745,-2021,603,-242,-287,-1002
2025-11-10T20:18:52.237834,27,73,46,153,152,116,26,22,11289,-5570,-7618,7206,800,-1995,558,-60,-221,-861
2025-11-10T20:18:52.260323,23,62,31,99,91,104,27,22,11323,-5508,-7700,7114,851,-1954,599,-70,-169,-735
2025-11-10T20:18:52.272426,22,51,27,66,50,56,39,21,11353,-5455,-7767,7032,1154,-2084,741,-95,-96,-531
2025-11-10T20:18:52.295548,21,33,27,47,37,44,40,20,11395,-5438,-7768,6977,1437,-2166,884,-33,247,-122
2025-11-10T20:18:52.319406,18,28,26,35,34,32,38,21,11449,-5440,-7686,6978,1153,-1914,892,227,497,193
2025-11-10T20:18:52.335184,20,26,24,30,29,29,38,21,11478,-5474,-7609,6988,803,-1706,831,58,426,238
2025-11-10T20:18:52.357677,18,24,23,26,26,26,38,19,11480,-5514,-7593,6971,787,-1675,759,-206,193,105
2025-11-10T20:18:52.380196,18,20,21,22,23,19,25,19,11487,-5521,-7606,6938,958,-1709,699,-140,83,-42
2025-11-10T20:18:52.403532,19,17,16,18,21,22,22,19,11521,-5492,-7602,6910,1055,-1688,667,120,154,-103
2025-11-10T20:18:52.417821,21,17,16,17,22,21,22,17,11576,-5443,-7570,6892,1077,-1624,663,323,255,-89
2025-11-10T20:18:52.440476,21,17,17,17,22,21,21,15,11630,-5401,-7524,6883,1028,-1574,673,345,305,-30
2025-11-10T20:18:52.464020,23,19,18,17,21,20,19,16,11669,-5382,-7481,6880,934,-1578,715,228,272,42
2025-11-10T20:18:52.477774,21,20,18,17,22,20,19,16,11682,-5391,-7455,6880,812,-1620,741,29,168,84
2025-11-10T20:18:52.500346,20,19,18,19,22,15,18,15,11673,-5418,-7455,6874,744,-1711,732,-135,55,68
2025-11-10T20:18:52.523565,19,19,18,18,21,16,20,17,11659,-5447,-7464,6864,723,-1800,768,-190,1,24
2025-11-10T20:18:52.537822,20,19,19,18,19,17,19,17,11651,-5468,-7466,6858,706,-1847,784,-123,12,4
2025-11-10T20:18:52.560264,20,19,19,16,19,18,17,17,11652,-5480,-7450,6865,660,-1839,794,3,50,25
2025-11-10T20:18:52.583497,21,17,19,14,19,16,17,17,11658,-5484,-7424,6879,622,-1801,792,79,73,31
2025-11-10T20:18:52.597851,21,21,18,13,21,19,19,17,11664,-5489,-7401,6890,613,-1771,795,55,61,23
2025-11-10T20:18:52.619786,19,21,18,14,20,18,17,16,11665,-5499,-7392,6891,638,-1751,775,-29,38,-1
2025-11-10T20:18:52.643090,19,21,17,16,19,18,16,19,11663,-5511,-7393,6884,690,-1761,764,-75,17,-19
2025-11-10T20:18:52.657548,17,20,19,16,19,19,17,17,11661,-5517,-7397,6878,746,-1772,757,-51,8,-10
2025-11-10T20:18:52.680209,17,20,18,18,19,20,20,20,11661,-5516,-7398,6877,780,-1764,725,8,9,2
2025-11-10T20:18:52.703469,17,18,20,20,17,20,18,19,11664,-5510,-7396,6880,780,-1736,724,50,5,14
2025-11-10T20:18:52.717785,19,18,19,19,19,19,19,19,11665,-5501,-7396,6883,779,-1723,721,53,-10,14
2025-11-10T20:18:52.740294,17,17,20,19,19,19,21,18,11665,-5494,-7401,6886,775,-1719,724,28,-27,6
2025-11-10T20:18:52.762971,16,19,19,20,19,18,21,18,11662,-5490,-7408,6886,782,-1744,715,8,-33,5
2025-11-10T20:18:52.777243,17,18,20,20,19,18,19,16,11659,-5486,-7414,6887,779,-1758,708,16,-28,7
2025-11-10T20:18:52.800851,17,19,18,18,22,16,18,17,11657,-5482,-7417,6889,765,-1753,706,33,-16,8
2025-11-10T20:18:52.823664,15,20,20,19,21,17,18,17,11656,-5479,-7419,6892,756,-1745,708,30,-13,7
2025-11-10T20:18:52.837921,17,20,19,17,20,16,18,17,11654,-5476,-7423,6893,751,-1746,711,17,-23,0
2025-11-10T20:18:52.860318,17,19,18,17,21,19,17,17,11651,-5475,-7429,6893,747,-1764,702,8,-24,-6
2025-11-10T20:18:52.883601,16,19,17,18,21,19,17,19,11651,-5475,-7430,6893,761,-1761,709,5,-15,-13
2025-11-10T20:18:52.897829,15,17,17,16,18,19,16,21,11650,-5475,-7431,6893,751,-1759,716,6,-11,-16
2025-11-10T20:18:52.920403,15,18,16,18,18,20,17,22,11651,-5472,-7434,6891,749,-1747,729,10,-13,-18
2025-11-10T20:18:52.943381,15,18,14,18,18,21,16,22,11651,-5468,-7437,6891,749,-1740,719,18,-14,-15
2025-11-10T20:18:52.957401,14,18,16,16,17,20,17,22,11651,-5463,-7440,6891,753,-1727,719,22,-19,-11
2025-11-10T20:18:52.980605,13,18,19,16,18,20,19,20,11651,-5458,-7444,6892,753,-1724,715,23,-23,-8
2025-11-10T20:18:53.003606,15,19,19,16,17,18,19,18,11650,-5453,-7448,6892,752,-1727,721,15,-25,-10
2025-11-10T20:18:53.017851,14,21,20,16,17,18,22,18,11650,-5448,-7451,6892,755,-1730,740,11,-22,-11
2025-11-10T20:18:53.040228,16,19,20,17,18,19,21,19,11649,-5445,-7455,6892,759,-1747,728,10,-19,-13
2025-11-10T20:18:53.063897,17,19,18,18,18,16,21,20,11649,-5441,-7459,6892,762,-1739,715,18,-17,-11
2025-11-10T20:18:53.077911,20,18,19,17,18,16,20,20,11648,-5437,-7463,6891,767,-1727,709,17,-17,-8
2025-11-10T20:18:53.100177,19,17,18,17,18,19,20,21,11647,-5433,-7468,6891,771,-1728,709,14,-22,-4
2025-11-10T20:18:53.123648,19,15,18,15,19,20,17,20,11646,-5429,-7473,6891,778,-1730,724,7,-21,-4
2025-11-10T20:18:53.137448,19,15,19,14,19,19,19,19,11645,-5426,-7477,6891,769,-1748,722,12,-20,-7
2025-11-10T20:18:53.160180,19,17,21,15,20,19,20,20,11645,-5426,-7477,6891,767,-1746,736,13,-15,-13
2025-11-10T20:18:53.183524,16,17,20,16,19,22,18,19,11645,-5426,-7478,6890,767,-1734,727,13,-13,-13
2025-11-10T20:18:53.197825,17,17,19,17,20,21,19,20,11645,-5425,-7478,6890,770,-1730,715,11,-14,-14
2025-11-10T20:18:53.220327,17,17,20,18,20,20,20,20,11645,-5422,-7481,6890,758,-1733,732,11,-17,-14
2025-11-10T20:18:53.243791,18,18,22,18,20,21,17,19,11645,-5418,-7485,6889,765,-1737,726,8,-17,-14
2025-11-10T20:18:53.257797,18,19,22,19,19,20,16,17,11644,-5415,-7489,6887,766,-1739,716,5,-17,-17
2025-11-10T20:18:53.277503,19,19,21,17,20,19,17,18,11644,-5413,-7494,6885,768,-1740,709,7,-13,-17
2025-11-10T20:18:53.301359,20,21,21,18,21,19,15,18,11643,-5413,-7494,6884,771,-1734,711,2,-13,-15
2025-11-10T20:18:53.315766,20,21,20,16,20,20,13,19,11643,-5413,-7495,6884,760,-1745,710,0,-13,-13
2025-11-10T20:18:53.339540,19,21,19,16,19,18,14,19,11643,-5413,-7495,6884,775,-1742,722,2,-12,-11
2025-11-10T20:18:53.363471,19,20,18,14,20,20,15,20,11643,-5413,-7496,6883,782,-1732,708,6,-8,-11
2025-11-10T20:18:53.385982,19,19,19,16,19,19,14,20,11643,-5413,-7497,6883,770,-1724,714,4,-5,-11
2025-11-10T20:18:53.400287,16,19,19,15,17,18,15,20,11642,-5414,-7497,6883,754,-1734,723,1,-3,-11
2025-11-10T20:18:53.423535,16,18,19,17,19,17,16,20,11642,-5413,-7497,6883,778,-1724,729,-8,-3,-11
2025-11-10T20:18:53.445592,16,16,19,17,18,16,17,20,11642,-5413,-7498,6882,774,-1734,731,-13,-3,-11
2025-11-10T20:18:53.460772,16,17,19,18,17,16,18,21,11643,-5413,-7498,6882,763,-1729,737,-4,-1,-12
2025-11-10T20:18:53.483503,17,18,18,18,19,15,18,19,11643,-5413,-7498,6882,774,-1729,727,4,-1,-8
2025-11-10T20:18:53.506055,20,17,17,18,21,16,19,18,11643,-5412,-7498,6882,780,-1731,731,4,-2,-7
2025-11-10T20:18:53.520283,20,18,17,17,20,18,18,17,11643,-5412,-7499,6881,786,-1727,723,-1,-3,-9
2025-11-10T20:18:53.543517,20,18,14,16,23,19,16,17,11643,-5412,-7500,6881,782,-1728,713,0,0,-9
2025-11-10T20:18:53.565891,22,16,14,17,23,20,17,16,11643,-5412,-7500,6880,781,-1725,719,7,2,-3
2025-11-10T20:18:53.580301,24,16,17,17,22,20,18,18,11642,-5412,-7501,6880,773,-1736,724,-1,-1,0
2025-11-10T20:18:53.603485,23,18,19,19,21,19,18,18,11642,-5412,-7501,6880,767,-1738,711,-3,0,-1
2025-11-10T20:18:53.625989,23,17,19,18,21,18,19,18,11642,-5412,-7502,6880,780,-1736,727,2,6,-2
2025-11-10T20:18:53.640017,23,17,22,20,19,18,19,18,11642,-5412,-7502,6879,768,-1730,720,5,7,0
2025-11-10T20:18:53.663889,20,16,21,21,19,16,18,18,11642,-5412,-7502,6879,758,-1724,723,-2,5,1
2025-11-10T20:18:53.686049,17,16,19,21,19,16,19,16,11642,-5412,-7503,6879,777,-1732,709,-3,3,6
2025-11-10T20:18:53.700274,15,14,17,20,19,16,19,17,11642,-5412,-7503,6878,774,-1729,707,10,8,8
2025-11-10T20:18:53.723555,15,15,18,20,19,18,19,19,11642,-5412,-7504,6878,775,-1725,720,11,11,6
2025-11-10T20:18:53.745798,15,18,18,19,19,17,20,19,11642,-5411,-7504,6878,783,-1719,717,-2,9,6
2025-11-10T20:18:53.760087,16,18,19,19,20,18,19,19,11642,-5411,-7505,6877,776,-1729,713,-14,10,5
2025-11-10T20:18:53.782958,18,18,18,21,19,19,17,20,11641,-5411,-7505,6877,769,-1736,712,-13,14,5
2025-11-10T20:18:53.806097,18,18,18,20,20,19,17,19,11641,-5414,-7506,6874,772,-1730,709,-9,19,2
2025-11-10T20:18:53.820346,17,19,18,21,21,17,17,18,11642,-5417,-7506,6872,773,-1731,718,-9,16,5
2025-11-10T20:18:53.844108,19,20,17,22,20,18,17,18,11642,-5417,-7506,6872,778,-1730,726,-15,14,9
2025-11-10T20:18:53.865722,19,20,16,22,19,19,17,19,11642,-5416,-7507,6871,779,-1732,722,-15,14,9
2025-11-10T20:18:53.880273,17,21,17,20,18,18,19,18,11642,-5416,-7507,6871,773,-1747,731,-6,14,6
2025-11-10T20:18:53.910960,17,21,16,20,19,19,18,19,11641,-5416,-7507,6871,779,-1750,732,1,9,2
2025-11-10T20:18:53.925909,16,20,18,18,16,19,17,19,11641,-5416,-7507,6871,770,-1749,730,-7,4,-1
2025-11-10T20:18:53.939951,16,19,16,18,16,19,16,19,11641,-5416,-7508,6871,778,-1739,717,-9,3,-1
2025-11-10T20:18:53.963887,18,20,19,16,16,16,19,19,11641,-5416,-7508,6870,767,-1727,721,1,4,-2
2025-11-10T20:18:53.985609,19,18,20,16,18,18,18,21,11641,-5416,-7509,6870,768,-1725,704,1,6,-2
2025-11-10T20:18:53.999962,19,20,22,17,17,19,19,21,11641,-5417,-7509,6870,770,-1742,707,-4,3,0
2025-11-10T20:18:54.023561,21,22,20,18,19,20,20,20,11641,-5417,-7510,6870,768,-1742,716,-3,5,-1
2025-11-10T20:18:54.046560,19,20,21,17,18,20,19,21,11640,-5417,-7510,6869,778,-1744,714,0,7,-1
2025-11-10T20:18:54.060302,16,20,21,17,20,20,18,22,11640,-5417,-7511,6869,769,-1735,715,-4,9,-1
2025-11-10T20:18:54.083510,16,20,20,18,19,20,17,21,11640,-5417,-7511,6869,771,-1731,736,-12,8,0
2025-11-10T20:18:54.105947,16,18,17,18,19,19,17,19,11640,-5417,-7511,6869,769,-1746,719,-13,9,0
2025-11-10T20:18:54.120352,16,17,19,17,18,18,17,20,11640,-5417,-7511,6869,764,-1729,711,-8,9,3
2025-11-10T20:18:54.143626,17,18,20,18,19,19,18,19,11640,-5417,-7512,6868,762,-1730,718,-6,7,1
2025-11-10T20:18:54.167278,19,17,19,18,18,19,18,17,11640,-5417,-7512,6868,756,-1733,735,-9,8,1
2025-11-10T20:18:54.188511,19,18,18,18,19,20,20,19,11640,-5417,-7512,6868,762,-1736,721,-7,7,0
2025-11-10T20:18:54.203478,20,19,19,22,18,20,20,18,11640,-5417,-7512,6868,765,-1741,723,-10,4,0
2025-11-10T20:18:54.225969,19,20,19,21,18,19,20,18,11640,-5417,-7512,6868,771,-1734,719,-8,4,0
2025-11-10T20:18:54.239779,19,20,19,20,18,18,21,18,11639,-5417,-7513,6868,763,-1739,717,-3,6,1
2025-11-10T20:18:54.263495,18,22,20,19,18,19,19,18,11639,-5417,-7513,6868,765,-1732,724,-8,7,2
2025-11-10T20:18:54.284262,18,22,21,19,19,18,17,14,11639,-5417,-7513,6868,766,-1728,711,-12,6,5
2025-11-10T20:18:54.307964,19,22,21,15,19,19,17,14,11639,-5418,-7513,6867,758,-1730,717,-14,9,7
2025-11-10T20:18:54.323549,21,21,19,18,20,19,17,14,11639,-5418,-7514,6867,762,-1742,699,-13,14,6
2025-11-10T20:18:54.346103,20,20,18,17,21,22,16,16,11637,-5424,-7513,6866,749,-1730,695,-14,21,11
2025-11-10T20:18:54.369262,21,20,18,20,22,20,18,15,11636,-5431,-7513,6864,760,-1733,710,-24,23,13
2025-11-10T20:18:54.383389,20,19,18,19,21,20,18,15,11633,-5439,-7513,6861,760,-1754,703,-32,23,14
2025-11-10T20:18:54.405961,20,19,18,19,21,20,18,16,11632,-5446,-7514,6857,785,-1750,701,-25,29,12
2025-11-10T20:18:54.428538,19,19,20,17,20,20,17,20,11632,-5453,-7513,6853,777,-1743,701,-22,34,14
2025-11-10T20:18:54.443213,20,19,20,21,18,17,17,19,11631,-5461,-7511,6850,766,-1740,711,-32,33,16
2025-11-10T20:18:54.466031,19,19,20,19,16,17,16,21,11629,-5470,-7511,6846,763,-1751,708,-40,30,15
2025-11-10T20:18:54.488585,20,18,20,20,19,17,17,22,11628,-5478,-7509,6843,754,-1743,715,-32,31,12
2025-11-10T20:18:54.503576,19,19,21,19,20,16,17,22,11628,-5483,-7507,6840,760,-1750,714,-19,31,11
2025-11-10T20:18:54.526050,19,20,21,20,22,17,19,18,11629,-5489,-7504,6838,745,-1746,719,-19,29,8
2025-11-10T20:18:54.548549,18,19,21,16,23,18,18,18,11628,-5495,-7503,6836,758,-1757,723,-26,21,6
2025-11-10T20:18:54.562789,18,20,20,17,22,19,18,18,11627,-5501,-7503,6833,749,-1761,717,-27,18,2
2025-11-10T20:18:54.586034,18,21,21,17,20,18,18,20,11626,-5507,-7503,6830,746,-1761,710,-24,17,0
2025-11-10T20:18:54.608511,16,21,18,19,19,18,19,21,11626,-5511,-7502,6828,738,-1751,712,-18,18,0
2025-11-10T20:18:54.622829,15,21,17,17,16,18,17,22,11625,-5516,-7501,6826,738,-1739,708,-19,14,4
2025-11-10T20:18:54.646332,18,21,16,20,18,17,18,22,11623,-5521,-7501,6825,748,-1745,701,-21,11,7
2025-11-10T20:18:54.668234,18,20,17,20,19,17,18,21,11622,-5526,-7502,6823,754,-1760,704,-19,9,9
2025-11-10T20:18:54.682290,17,18,18,19,20,18,18,20,11621,-5526,-7502,6823,744,-1760,709,-11,13,7
2025-11-10T20:18:54.706034,18,17,20,17,19,19,16,19,11621,-5526,-7502,6823,746,-1749,709,-14,14,8
2025-11-10T20:18:54.728561,19,17,20,19,20,18,17,19,11620,-5531,-7502,6822,739,-1751,713,-21,11,7
2025-11-10T20:18:54.742903,16,17,21,17,19,17,17,18,11618,-5536,-7502,6821,741,-1753,708,-20,9,8
2025-11-10T20:18:54.766063,18,18,20,17,18,18,16,19,11618,-5536,-7502,6821,747,-1756,703,-7,10,10
2025-11-10T20:18:54.788118,19,18,20,17,17,16,18,17,11618,-5536,-7502,6821,752,-1754,698,-3,10,9
2025-11-10T20:18:54.802733,19,19,20,19,16,15,18,16,11618,-5536,-7502,6821,746,-1751,701,-8,9,5
2025-11-10T20:18:54.825691,20,18,19,18,15,16,18,16,11618,-5536,-7502,6821,751,-1757,706,-13,8,2
2025-11-10T20:18:54.848395,21,17,18,20,14,16,18,16,11617,-5537,-7503,6821,746,-1761,705,-10,8,0
2025-11-10T20:18:54.862481,19,18,18,20,18,18,19,16,11617,-5537,-7503,6821,749,-1753,716,-8,7,0
2025-11-10T20:18:54.886118,19,20,18,22,17,18,18,16,11617,-5537,-7503,6821,752,-1757,686,-8,5,0
2025-11-10T20:18:54.908247,18,20,16,21,19,18,19,17,11617,-5537,-7503,6820,740,-1752,700,-5,6,2
2025-11-10T20:18:54.922697,18,21,16,20,20,21,19,17,11617,-5538,-7503,6821,736,-1751,706,-4,5,0
2025-11-10T20:18:54.945869,16,23,17,19,20,21,19,19,11616,-5538,-7503,6821,736,-1759,706,-8,5,-1
2025-11-10T20:18:54.968602,17,23,16,19,18,19,18,20,11616,-5538,-7503,6821,737,-1752,700,-6,4,0
2025-11-10T20:18:54.982478,17,22,17,19,19,20,18,20,11616,-5539,-7503,6821,740,-1755,707,-4,3,1
2025-11-10T20:18:55.006064,17,22,18,19,19,20,18,20,11616,-5539,-7504,6821,739,-1752,689,-4,1,0
2025-11-10T20:18:55.028422,16,22,19,20,18,18,17,20,11615,-5539,-7504,6821,749,-1766,702,-4,0,0
2025-11-10T20:18:55.050864,17,21,18,18,19,20,17,17,11615,-5539,-7504,6821,754,-1759,710,0,2,0
2025-11-10T20:18:55.066072,17,21,20,19,18,21,18,17,11615,-5540,-7504,6820,743,-1753,701,-3,1,0
2025-11-10T20:18:55.088557,17,20,18,17,18,19,18,18,11615,-5540,-7504,6820,746,-1748,697,-9,1,1
2025-11-10T20:18:55.102584,18,18,19,18,18,21,17,18,11615,-5540,-7505,6820,740,-1760,699,-7,1,1
2025-11-10T20:18:55.126051,19,18,17,17,18,22,17,21,11614,-5540,-7505,6820,745,-1762,700,2,2,2
2025-11-10T20:18:55.148521,18,19,18,19,17,21,17,22,11614,-5541,-7505,6820,736,-1754,688,2,3,0
2025-11-10T20:18:55.162598,19,19,18,17,19,21,17,21,11614,-5541,-7505,6820,736,-1754,692,-1,2,1
2025-11-10T20:18:55.186558,18,20,20,17,19,22,16,20,11613,-5542,-7506,6820,745,-1756,688,-12,3,1
2025-11-10T20:18:55.208396,19,20,19,16,19,19,18,20,11613,-5542,-7506,6820,745,-1760,705,-10,2,-2
2025-11-10T20:18:55.230969,21,22,18,17,18,19,17,18,11613,-5542,-7506,6820,749,-1769,694,-4,4,-1
2025-11-10T20:18:55.246255,20,21,18,18,19,18,18,17,11613,-5542,-7506,6820,740,-1749,712,4,4,-1
2025-11-10T20:18:55.268596,20,20,19,19,19,18,18,17,11613,-5543,-7506,6820,740,-1746,708,1,2,1
2025-11-10T20:18:55.290097,19,20,18,18,20,18,18,16,11613,-5543,-7506,6820,741,-1745,700,0,0,3
2025-11-10T20:18:55.305642,18,19,19,20,18,19,16,16,11612,-5543,-7506,6820,743,-1750,705,5,5,1
2025-11-10T20:18:55.328615,15,19,20,21,18,17,17,15,11612,-5543,-7507,6820,735,-1755,678,3,6,3
2025-11-10T20:18:55.351055,16,18,21,20,19,17,16,18,11612,-5544,-7507,6820,749,-1759,692,-10,3,2
2025-11-10T20:18:55.366063,16,18,20,19,19,18,15,17,11611,-5544,-7507,6820,739,-1770,688,-14,2,1
2025-11-10T20:18:55.388877,16,18,21,19,17,16,16,18,11611,-5545,-7507,6820,742,-1775,698,-3,3,0
2025-11-10T20:18:55.410960,17,17,21,20,23,16,17,18,11611,-5545,-7507,6820,741,-1756,708,2,2,-1
2025-11-10T20:18:55.425602,17,17,21,19,22,19,17,19,11611,-5545,-7508,6820,743,-1746,700,7,-1,0
2025-11-10T20:18:55.448360,18,17,20,18,21,19,17,18,11611,-5545,-7507,6820,736,-1747,711,3,-3,0
2025-11-10T20:18:55.471020,18,18,20,18,20,19,17,19,11610,-5545,-7508,6820,740,-1755,706,-3,-7,2
2025-11-10T20:18:55.486058,17,18,18,18,21,20,17,20,11610,-5546,-7508,6820,747,-1767,698,1,-4,-2
2025-11-10T20:18:55.508566,17,19,18,16,16,19,16,20,11610,-5546,-7508,6820,742,-1763,690,6,0,-3
2025-11-10T20:18:55.531032,17,19,18,17,19,18,16,19,11609,-5547,-7508,6820,750,-1762,686,1,0,-1
2025-11-10T20:18:55.546354,16,19,18,19,19,18,15,18,11609,-5547,-7509,6820,740,-1755,696,-3,-1,0
2025-11-10T20:18:55.568213,16,20,18,19,19,19,14,18,11609,-5547,-7509,6819,752,-1753,698,-1,1,-1
2025-11-10T20:18:55.591083,19,20,20,20,19,20,14,16,11609,-5547,-7509,6819,743,-1758,694,2,1,0
2025-11-10T20:18:55.605505,18,21,19,19,20,21,15,17,11609,-5548,-7509,6819,735,-1753,694,-1,0,-1
2025-11-10T20:18:55.628573,19,20,21,21,19,21,14,16,11608,-5548,-7510,6819,741,-1760,687,-2,1,-2
2025-11-10T20:18:55.650799,18,22,21,19,18,19,15,19,11608,-5548,-7510,6819,740,-1758,699,-4,3,-4
2025-11-10T20:18:55.666092,19,20,20,19,20,19,16,19,11608,-5549,-7510,6819,748,-1751,698,-4,2,-4
2025-11-10T20:18:55.688561,18,20,18,19,19,19,20,20,11608,-5549,-7510,6819,735,-1762,704,-6,0,-3
2025-11-10T20:18:55.711046,18,18,18,20,19,18,20,19,11607,-5549,-7510,6819,741,-1759,688,-4,-1,-4
2025-11-10T20:18:55.725213,18,18,15,18,20,19,21,19,11607,-5550,-7510,6819,746,-1773,707,-4,0,-9
2025-11-10T20:18:55.748572,19,14,16,17,20,20,20,17,11607,-5550,-7511,6819,748,-1750,696,3,3,-11
2025-11-10T20:18:55.771081,18,17,18,17,19,21,20,15,11607,-5550,-7511,6819,745,-1759,696,-1,3,-10
2025-11-10T20:18:55.784701,18,17,19,16,19,23,18,15,11607,-5550,-7511,6819,735,-1753,702,-8,-2,-7
2025-11-10T20:18:55.808076,18,18,19,15,19,23,20,17,11606,-5550,-7511,6819,734,-1757,713,-10,-3,-6
2025-11-10T20:18:55.831016,18,20,18,16,20,22,19,17,11606,-5551,-7510,6820,729,-1755,712,-6,-6,-7
2025-11-10T20:18:55.845158,17,20,20,16,20,24,19,17,11606,-5551,-7510,6820,739,-1767,709,2,-6,-9
2025-11-10T20:18:55.868564,17,19,18,18,20,23,21,17,11606,-5551,-7510,6820,736,-1771,710,10,-8,-12
2025-11-10T20:18:55.891059,18,19,18,18,20,21,30,17,11606,-5552,-7510,6820,744,-1759,703,10,-13,-11
2025-11-10T20:18:55.905297,19,19,17,17,19,21,33,16,11606,-5552,-7510,6820,745,-1751,705,5,-15,-15
2025-11-10T20:18:55.928139,18,20,17,16,17,20,33,17,11606,-5552,-7510,6820,745,-1753,710,5,-16,-11
2025-11-10T20:18:55.950604,19,23,16,16,16,20,33,16,11605,-5550,-7513,6820,742,-1760,703,7,-18,-10
2025-11-10T20:18:55.965108,21,22,19,14,16,21,32,17,11604,-5547,-7516,6821,747,-1751,692,11,-19,-8
2025-11-10T20:18:55.988056,19,23,20,14,17,21,24,16,11603,-5544,-7518,6823,746,-1759,701,16,-20,-6
2025-11-10T20:18:56.008599,18,23,21,14,17,21,20,17,11601,-5541,-7521,6824,745,-1761,698,14,-21,-5
2025-11-10T20:18:56.023702,17,21,22,16,17,21,20,16,11600,-5538,-7524,6825,748,-1766,697,16,-22,-10
2025-11-10T20:18:56.048587,19,20,21,16,20,19,23,16,11600,-5533,-7526,6827,754,-1768,710,20,-23,-11
2025-11-10T20:18:56.070999,18,22,20,18,19,19,23,16,11600,-5528,-7529,6829,751,-1757,704,25,-27,-11
2025-11-10T20:18:56.085320,19,21,20,18,19,18,22,16,11599,-5523,-7531,6831,748,-1761,704,22,-28,-11
2025-11-10T20:18:56.108478,20,21,19,20,18,19,21,17,11598,-5518,-7534,6834,745,-1749,701,23,-29,-10
2025-11-10T20:18:56.131531,21,20,21,18,18,19,21,19,11598,-5512,-7535,6837,737,-1747,708,33,-26,-11
2025-11-10T20:18:56.144949,18,20,21,19,18,19,18,19,11598,-5506,-7537,6840,744,-1742,700,30,-26,-10
2025-11-10T20:18:56.168519,17,17,20,17,19,20,18,19,11597,-5501,-7540,6842,752,-1747,695,23,-27,-8
2025-11-10T20:18:56.191228,15,20,19,17,20,20,19,20,11596,-5497,-7543,6844,756,-1760,695,23,-25,-11
2025-11-10T20:18:56.213469,15,21,19,16,20,18,19,18,11596,-5492,-7546,6845,757,-1754,693,24,-22,-11
2025-11-10T20:18:56.228659,15,22,18,18,20,17,20,16,11595,-5489,-7549,6846,755,-1759,701,18,-21,-15
2025-11-10T20:18:56.251473,18,21,18,20,18,17,19,16,11596,-5484,-7551,6847,759,-1740,703,19,-19,-13
2025-11-10T20:18:56.273718,18,21,17,20,17,16,20,17,11595,-5480,-7555,6847,762,-1740,695,12,-19,-11
2025-11-10T20:18:56.288271,21,18,18,20,17,15,20,16,11594,-5477,-7558,6847,763,-1744,698,12,-17,-7
2025-11-10T20:18:56.310672,21,17,18,21,17,15,20,15,11594,-5474,-7560,6848,765,-1750,698,13,-17,-8
2025-11-10T20:18:56.333516,21,17,19,18,18,16,17,16,11594,-5471,-7562,6849,760,-1751,703,17,-14,-8
2025-11-10T20:18:56.348741,20,19,19,16,19,17,18,16,11594,-5471,-7562,6849,758,-1751,720,13,-14,-10
2025-11-10T20:18:56.371030,20,20,20,18,18,15,18,16,11593,-5471,-7562,6849,755,-1751,703,9,-13,-10
2025-11-10T20:18:56.393572,20,21,20,17,19,17,16,17,11593,-5471,-7562,6849,762,-1741,710,12,-10,-10
2025-11-10T20:18:56.408607,19,19,20,17,18,18,16,17,11593,-5471,-7562,6849,759,-1736,706,8,-12,-10
2025-11-10T20:18:56.431091,19,19,19,18,18,17,17,17,11593,-5471,-7562,6848,764,-1755,704,9,-11,-8
2025-11-10T20:18:56.453364,19,19,19,17,18,16,18,17,11593,-5472,-7563,6848,762,-1750,700,11,-9,-8
2025-11-10T20:18:56.468580,20,18,18,15,20,17,16,17,11593,-5472,-7563,6848,763,-1745,701,12,-6,-10
2025-11-10T20:18:56.491066,18,18,18,15,18,17,17,16,11593,-5472,-7563,6848,761,-1743,698,10,-6,-10
2025-11-10T20:18:56.513530,19,19,18,16,17,18,18,16,11593,-5472,-7563,6848,767,-1742,711,3,-6,-10
2025-11-10T20:18:56.528405,19,18,19,16,18,17,18,18,11593,-5472,-7564,6848,767,-1737,691,4,-5,-10
2025-11-10T20:18:56.551382,20,17,17,18,17,19,18,17,11593,-5472,-7564,6848,768,-1749,698,7,-4,-7
2025-11-10T20:18:56.573552,19,17,18,18,17,19,18,17,11593,-5472,-7564,6847,768,-1744,698,5,-2,-9
2025-11-10T20:18:56.588552,19,16,16,19,17,18,17,16,11593,-5472,-7564,6847,767,-1737,704,2,-3,-10
2025-11-10T20:18:56.610729,17,15,17,19,17,17,17,16,11592,-5472,-7565,6847,763,-1744,700,2,-3,-8
2025-11-10T20:18:56.633961,16,15,17,19,18,17,15,15,11592,-5472,-7565,6847,763,-1744,715,5,-3,-7
2025-11-10T20:18:56.648284,14,15,19,17,17,17,17,15,11592,-5472,-7565,6847,763,-1747,714,6,-4,-5
2025-11-10T20:18:56.671051,14,15,19,19,17,17,16,16,11592,-5472,-7565,6847,761,-1744,709,4,-3,-7
2025-11-10T20:18:56.693509,15,16,19,17,16,17,17,18,11592,-5472,-7565,6847,765,-1736,704,5,-2,-6
2025-11-10T20:18:56.707800,15,19,19,16,16,19,16,19,11592,-5472,-7565,6847,769,-1731,696,-1,-2,-5
2025-11-10T20:18:56.730801,18,18,18,15,16,19,18,18,11592,-5471,-7565,6847,762,-1739,710,-1,-1,-3
2025-11-10T20:18:56.753170,18,20,17,16,17,19,18,19,11592,-5472,-7565,6846,757,-1740,700,1,1,-1
2025-11-10T20:18:56.767580,19,19,19,14,17,18,19,18,11592,-5472,-7566,6846,773,-1749,709,0,1,-3
2025-11-10T20:18:56.790549,18,20,19,17,17,20,18,17,11592,-5471,-7566,6846,767,-1744,707,-1,4,-3
2025-11-10T20:18:56.813093,20,18,20,17,20,18,19,18,11592,-5472,-7566,6846,767,-1746,698,2,6,2
2025-11-10T20:18:56.827416,19,19,20,19,19,17,19,19,11592,-5472,-7566,6846,758,-1743,706,-7,0,4
2025-11-10T20:18:56.850914,21,16,22,20,18,17,18,19,11592,-5472,-7566,6846,781,-1757,709,-10,0,1
2025-11-10T20:18:56.873452,20,17,19,20,19,19,18,20,11592,-5471,-7567,6846,765,-1747,710,-1,3,0
2025-11-10T20:18:56.887705,22,17,21,19,20,18,18,21,11592,-5471,-7567,6846,764,-1736,711,3,3,0
2025-11-10T20:18:56.910693,22,19,21,20,16,19,18,20,11592,-5471,-7567,6845,766,-1717,699,-4,2,2
2025-11-10T20:18:56.933057,22,19,19,18,18,19,17,19,11592,-5471,-7567,6845,777,-1740,704,-8,2,5
2025-11-10T20:18:56.947631,21,21,18,18,16,18,16,20,11592,-5471,-7567,6845,769,-1736,703,0,4,5
2025-11-10T20:18:56.970769,21,21,17,18,16,18,17,19,11592,-5471,-7568,6845,760,-1741,698,0,6,5
2025-11-10T20:18:56.993561,20,20,15,18,15,17,17,18,11592,-5471,-7568,6845,754,-1742,708,-8,3,6
2025-11-10T20:18:57.007735,18,19,17,19,18,17,16,19,11592,-5471,-7568,6845,758,-1746,702,-8,2,5
2025-11-10T20:18:57.030994,17,18,17,19,17,17,16,20,11592,-5471,-7568,6845,762,-1754,708,-9,2,0
2025-11-10T20:18:57.053580,17,18,16,19,19,19,17,19,11592,-5471,-7568,6845,769,-1754,717,-7,4,-4
2025-11-10T20:18:57.067721,17,18,18,18,20,19,18,20,11592,-5471,-7568,6845,765,-1733,713,-2,2,0
2025-11-10T20:18:57.091039,17,17,19,17,22,19,19,19,11592,-5471,-7568,6845,763,-1741,710,-1,-1,3
2025-11-10T20:18:57.113605,17,20,16,16,20,18,19,20,11592,-5471,-7569,6844,777,-1740,686,-3,-2,5
2025-11-10T20:18:57.136037,17,20,17,15,20,19,19,20,11592,-5471,-7569,6844,766,-1748,708,0,1,2
2025-11-10T20:18:57.151353,16,19,18,17,19,17,21,21,11591,-5471,-7569,6844,761,-1757,686,0,3,0
2025-11-10T20:18:57.173128,17,20,19,16,17,17,19,20,11591,-5472,-7569,6844,765,-1752,694,-4,3,-1
2025-11-10T20:18:57.196034,16,21,19,16,17,16,18,20,11591,-5472,-7569,6844,761,-1750,709,-3,5,-2
2025-11-10T20:18:57.210653,16,18,20,15,17,16,19,17,11591,-5472,-7569,6844,759,-1748,708,2,4,-1
2025-11-10T20:18:57.240654,16,21,19,18,22,17,19,17,11591,-5472,-7570,6844,765,-1739,701,3,2,0
2025-11-10T20:18:57.255881,18,21,19,16,23,20,17,17,11591,-5472,-7570,6844,769,-1738,702,1,1,-1
2025-11-10T20:18:57.270976,18,22,17,17,24,20,16,19,11591,-5472,-7570,6844,767,-1752,705,0,2,-1
2025-11-10T20:18:57.290985,18,22,16,18,24,21,18,18,11591,-5472,-7570,6844,767,-1754,705,-1,3,-4
2025-11-10T20:18:57.313922,18,23,16,18,25,20,16,21,11591,-5472,-7571,6843,769,-1757,686,-1,3,-4
2025-11-10T20:18:57.329098,21,21,16,17,21,21,17,20,11590,-5472,-7571,6843,763,-1746,697,-1,4,-2
2025-11-10T20:18:57.353985,19,20,19,18,20,19,16,20,11590,-5472,-7571,6843,768,-1742,708,2,5,-2
2025-11-10T20:18:57.375616,18,19,20,18,19,17,17,20,11590,-5472,-7571,6843,759,-1745,705,1,4,-2
2025-11-10T20:18:57.394431,19,18,21,18,19,17,15,19,11590,-5472,-7571,6843,752,-1744,706,1,3,-5
2025-11-10T20:18:57.412632,19,16,20,18,19,18,16,17,11590,-5472,-7571,6843,768,-1740,707,2,3,-5
2025-11-10T20:18:57.434970,18,18,21,17,18,17,17,17,11590,-5472,-7571,6843,767,-1746,714,2,4,-5
2025-11-10T20:18:57.454860,18,17,18,17,19,18,21,16,11590,-5472,-7571,6843,771,-1739,706,-2,3,-1
2025-11-10T20:18:57.472742,18,16,16,16,19,19,20,15,11590,-5472,-7571,6843,761,-1753,709,-4,4,0
2025-11-10T20:18:57.495226,18,17,16,14,18,18,20,17,11590,-5472,-7571,6843,759,-1751,714,-3,6,0
2025-11-10T20:18:57.514515,19,18,17,14,18,18,20,18,11590,-5472,-7571,6843,763,-1743,699,0,7,-1
2025-11-10T20:18:57.532263,17,17,16,14,18,19,19,18,11590,-5472,-7572,6843,763,-1743,703,-2,5,-2
2025-11-10T20:18:57.555181,18,20,16,14,16,19,17,18,11590,-5472,-7572,6843,758,-1740,706,-4,6,-3
2025-11-10T20:18:57.574605,18,21,18,16,17,18,18,18,11590,-5472,-7572,6843,764,-1746,709,-6,5,-1
2025-11-10T20:18:57.597149,18,22,18,17,32,20,18,16,11590,-5472,-7572,6843,760,-1744,711,-13,-3,-2
2025-11-10T20:18:57.615307,18,21,17,17,41,23,21,14,11583,-5477,-7584,6837,755,-1720,692,-74,-45,-15
2025-11-10T20:18:57.634516,20,20,16,20,46,22,20,16,11570,-5489,-7607,6824,766,-1702,719,-180,-76,-24
2025-11-10T20:18:57.657056,20,20,17,20,46,21,21,17,11551,-5512,-7637,6805,802,-1750,707,-253,-78,-11
2025-11-10T20:18:57.675262,20,18,17,19,47,22,20,17,11536,-5532,-7657,6791,798,-1837,695,-184,-43,-7
2025-11-10T20:18:57.694462,19,18,16,18,39,20,35,19,11533,-5536,-7661,6789,776,-1849,676,-18,-6,-14
2025-11-10T20:18:57.716895,19,20,18,18,30,17,33,19,11540,-5526,-7654,6793,760,-1768,652,97,16,-25
2025-11-10T20:18:57.735008,20,20,20,16,22,16,34,18,11546,-5517,-7649,6796,755,-1736,657,77,15,-19
2025-11-10T20:18:57.754910,18,19,19,17,22,17,37,18,11546,-5517,-7649,6796,751,-1743,655,15,6,-6
2025-11-10T20:18:57.776722,19,19,19,16,20,17,38,17,11545,-5518,-7649,6796,755,-1752,653,2,11,-4
2025-11-10T20:18:57.792701,20,19,19,16,17,19,25,17,11548,-5517,-7645,6796,762,-1761,663,35,25,-5
2025-11-10T20:18:57.810201,18,19,20,17,17,19,24,17,11555,-5511,-7637,6799,769,-1754,693,59,29,-3
2025-11-10T20:18:57.834250,17,20,19,16,17,21,23,18,11561,-5505,-7630,6802,766,-1748,701,53,24,-6
2025-11-10T20:18:57.855081,17,18,20,17,16,20,19,19,11565,-5501,-7624,6804,766,-1764,714,36,16,-6
2025-11-10T20:18:57.874511,15,19,20,18,17,20,18,20,11569,-5497,-7620,6805,768,-1751,698,37,11,-8
2025-11-10T20:18:57.896683,15,19,20,19,18,18,18,19,11575,-5489,-7615,6808,777,-1745,708,55,9,-9
2025-11-10T20:18:57.915269,16,19,20,18,19,17,18,20,11580,-5480,-7611,6810,781,-1731,700,56,7,-10
2025-11-10T20:18:57.934554,15,18,20,17,19,16,17,21,11583,-5473,-7609,6812,778,-1733,699,40,-1,-8
2025-11-10T20:18:57.957626,15,20,19,16,19,16,16,19,11583,-5471,-7614,6809,769,-1712,698,-16,-19,-19
2025-11-10T20:18:57.975283,17,19,20,16,18,17,16,19,11576,-5479,-7628,6799,778,-1706,705,-113,-41,-20
2025-11-10T20:18:57.994393,18,18,20,15,17,17,17,19,11563,-5495,-7647,6786,790,-1764,688,-163,-45,-10
2025-11-10T20:18:58.016540,17,16,18,16,17,18,18,20,11555,-5506,-7658,6779,791,-1804,657,-80,-18,-7
2025-11-10T20:18:58.035352,18,18,18,17,17,17,17,18,11557,-5503,-7656,6780,769,-1774,675,33,7,-9
2025-11-10T20:18:58.057101,19,17,17,16,18,18,17,17,11560,-5498,-7653,6782,763,-1728,660,45,11,-6
2025-11-10T20:18:58.076983,19,18,17,17,19,19,17,19,11560,-5499,-7653,6782,756,-1726,665,-10,3,1
2025-11-10T20:18:58.095062,18,19,17,19,22,20,17,18,11557,-5504,-7654,6780,766,-1757,682,-33,2,3
2025-11-10T20:18:58.117793,19,20,17,18,22,18,16,19,11557,-5504,-7654,6780,779,-1765,688,-12,9,1
2025-11-10T20:18:58.137113,19,19,18,19,24,19,18,19,11559,-5504,-7651,6781,775,-1764,687,17,13,2
2025-11-10T20:18:58.155204,19,19,17,18,23,19,17,20,11562,-5501,-7648,6782,779,-1745,688,24,13,-1
2025-11-10T20:18:58.177712,17,19,18,18,23,17,17,19,11564,-5499,-7645,6784,768,-1746,699,18,7,-1
2025-11-10T20:18:58.197065,16,20,20,18,22,17,18,21,11564,-5499,-7645,6784,772,-1751,688,8,7,0
2025-11-10T20:18:58.215094,15,19,21,17,21,18,18,19,11564,-5499,-7645,6784,773,-1758,681,12,8,1
2025-11-10T20:18:58.237794,15,18,21,16,19,19,17,19,11566,-5497,-7642,6785,778,-1755,692,23,10,0
2025-11-10T20:18:58.257419,17,18,22,17,18,20,18,18,11568,-5495,-7640,6786,782,-1745,675,26,13,0
2025-11-10T20:18:58.275250,18,17,21,16,18,21,18,19,11570,-5494,-7636,6787,774,-1749,695,20,13,2
2025-11-10T20:18:58.297130,18,18,22,17,16,22,16,16,11572,-5493,-7634,6787,776,-1743,682,16,15,2
2025-11-10T20:18:58.316937,18,19,20,18,17,20,15,18,11575,-5492,-7631,6787,779,-1742,691,15,19,1
2025-11-10T20:18:58.335220,19,21,18,18,17,20,15,17,11577,-5492,-7627,6787,772,-1752,693,15,18,2
2025-11-10T20:18:58.357599,18,22,19,17,17,18,14,17,11579,-5493,-7623,6789,759,-1747,689,17,19,3
2025-11-10T20:18:58.380278,17,23,20,17,19,19,15,16,11580,-5493,-7619,6790,760,-1744,694,15,16,2
2025-11-10T20:18:58.395080,17,21,17,16,20,18,16,18,11580,-5493,-7619,6790,772,-1749,702,8,13,3
2025-11-10T20:18:58.417733,17,21,19,15,20,18,15,16,11580,-5493,-7619,6790,764,-1751,699,4,10,6
2025-11-10T20:18:58.437655,16,19,20,15,20,18,17,17,11580,-5493,-7619,6790,758,-1754,691,4,11,8
2025-11-10T20:18:58.459985,16,19,18,16,20,17,17,17,11580,-5493,-7619,6790,766,-1756,705,9,11,8
2025-11-10T20:18:58.477684,16,19,17,16,21,16,17,19,11581,-5494,-7616,6792,762,-1749,687,16,10,10
2025-11-10T20:18:58.497059,18,21,18,15,20,16,17,20,11580,-5494,-7616,6792,757,-1755,685,5,7,9
2025-11-10T20:18:58.515245,18,20,18,16,19,18,18,21,11580,-5494,-7615,6793,761,-1761,706,-2,3,4
2025-11-10T20:18:58.537797,17,20,18,19,20,19,15,22,11580,-5495,-7616,6792,776,-1762,688,3,5,2
2025-11-10T20:18:58.557458,18,20,19,19,21,20,17,22,11580,-5495,-7616,6792,780,-1756,702,6,8,4
2025-11-10T20:18:58.575308,20,21,19,18,20,19,16,21,11580,-5495,-7616,6792,767,-1745,683,4,8,6
2025-11-10T20:18:58.597424,19,20,19,18,21,21,17,19,11580,-5495,-7616,6792,762,-1739,677,1,8,7
2025-11-10T20:18:58.616972,19,21,18,19,20,21,17,18,11580,-5495,-7616,6792,766,-1740,692,1,11,6
2025-11-10T20:18:58.635227,19,21,17,17,21,19,19,17,11580,-5495,-7616,6792,764,-1741,683,0,13,7
2025-11-10T20:18:58.657871,18,20,16,19,19,19,20,16,11580,-5495,-7616,6792,759,-1741,700,-9,11,6
2025-11-10T20:18:58.676516,16,17,16,20,18,20,20,16,11580,-5495,-7616,6793,762,-1761,701,-9,10,4
2025-11-10T20:18:58.695234,17,18,16,21,19,18,19,14,11580,-5496,-7616,6793,755,-1762,698,-7,9,2
2025-11-10T20:18:58.717789,17,17,16,19,20,18,20,16,11580,-5496,-7616,6793,766,-1758,702,-4,7,0
2025-11-10T20:18:58.737056,18,18,16,19,19,20,19,17,11579,-5496,-7616,6793,769,-1747,686,-1,9,2
2025-11-10T20:18:58.754718,17,18,17,18,21,19,19,17,11580,-5496,-7615,6793,756,-1736,703,-5,8,2
2025-11-10T20:18:58.777284,16,19,15,17,21,19,19,18,11580,-5496,-7615,6793,760,-1752,701,-9,4,6
2025-11-10T20:18:58.791693,16,16,15,18,19,19,19,19,11579,-5496,-7615,6793,754,-1756,693,-5,5,3
2025-11-10T20:18:58.813116,17,18,15,19,19,18,18,18,11579,-5497,-7615,6794,755,-1756,701,-4,7,2
2025-11-10T20:18:58.836237,18,16,17,19,19,17,18,18,11579,-5497,-7615,6794,753,-1749,697,-5,9,2
2025-11-10T20:18:58.857494,18,16,19,17,19,20,16,20,11579,-5497,-7614,6794,755,-1749,709,-5,6,4
2025-11-10T20:18:58.879544,16,16,20,17,19,18,16,19,11579,-5497,-7614,6794,755,-1752,696,-6,5,5
2025-11-10T20:18:58.897430,19,17,21,16,19,20,18,19,11579,-5497,-7614,6794,760,-1753,698,-4,5,6
2025-11-10T20:18:58.917005,17,17,20,16,19,20,20,19,11579,-5497,-7614,6794,760,-1750,690,-7,4,4
2025-11-10T20:18:58.935246,16,18,20,16,17,20,19,19,11579,-5497,-7614,6794,760,-1748,704,-7,6,5
2025-11-10T20:18:58.957914,17,19,19,19,18,17,19,17,11579,-5497,-7614,6795,762,-1756,708,-7,10,2
2025-11-10T20:18:58.976897,18,20,18,18,19,17,20,17,11579,-5498,-7614,6795,760,-1756,684,-7,10,2
2025-11-10T20:18:58.994823,16,19,16,19,18,16,18,19,11579,-5498,-7614,6795,758,-1757,693,-7,7,1
2025-11-10T20:18:59.017610,19,19,18,19,19,16,17,18,11578,-5498,-7614,6795,763,-1767,696,-6,6,0
2025-11-10T20:18:59.039962,19,19,18,19,19,14,16,18,11578,-5498,-7613,6795,763,-1753,700,-7,6,0
2025-11-10T20:18:59.055494,18,19,16,18,19,16,17,18,11578,-5499,-7613,6795,760,-1754,706,-7,8,0
2025-11-10T20:18:59.077710,18,17,17,18,17,18,16,18,11578,-5499,-7613,6795,752,-1751,696,-8,6,-1
2025-11-10T20:18:59.100229,17,16,17,18,18,19,15,17,11578,-5499,-7613,6796,749,-1755,690,-9,3,1
2025-11-10T20:18:59.114963,16,16,17,18,19,20,15,20,11578,-5500,-7613,6796,752,-1769,686,-3,0,3
2025-11-10T20:18:59.137930,17,15,18,18,19,21,16,19,11578,-5500,-7613,6796,758,-1759,693,3,0,3
2025-11-10T20:18:59.160359,18,15,19,20,18,19,15,19,11578,-5500,-7613,6796,757,-1755,691,2,-1,1
2025-11-10T20:18:59.175288,19,18,18,20,19,20,15,19,11577,-5501,-7613,6796,757,-1751,682,-2,1,0
2025-11-10T20:18:59.197781,20,19,20,19,20,19,16,18,11577,-5501,-7613,6796,758,-1757,694,-6,-1,0
2025-11-10T20:18:59.219996,19,18,21,20,20,18,16,18,11577,-5501,-7613,6796,752,-1753,690,-8,1,-1
2025-11-10T20:18:59.235274,19,19,22,21,21,17,15,18,11577,-5502,-7613,6796,754,-1756,688,-5,2,0
2025-11-10T20:18:59.257706,17,20,22,21,21,19,15,19,11577,-5502,-7612,6797,761,-1753,694,-4,3,0
2025-11-10T20:18:59.279997,17,17,24,21,20,18,14,20,11576,-5502,-7612,6797,745,-1751,692,-3,4,0
2025-11-10T20:18:59.292279,16,17,21,21,18,18,15,22,11576,-5502,-7612,6797,757,-1759,686,-5,4,-1
2025-11-10T20:18:59.315633,15,17,21,20,18,18,15,21,11576,-5503,-7612,6797,747,-1760,701,-5,7,0
2025-11-10T20:18:59.348562,14,17,19,19,18,19,16,20,11576,-5503,-7612,6797,752,-1753,691,-7,4,2
2025-11-10T20:18:59.355448,16,16,19,20,18,20,17,19,11576,-5503,-7612,6798,749,-1761,703,-12,-1,0
2025-11-10T20:18:59.377818,16,18,18,19,19,20,18,19,11576,-5503,-7611,6798,760,-1764,705,-6,1,-3
2025-11-10T20:18:59.400089,16,17,20,19,21,19,17,17,11576,-5504,-7611,6798,768,-1756,691,11,-2,-4
2025-11-10T20:18:59.415287,16,16,18,18,20,20,21,16,11576,-5504,-7611,6798,765,-1756,692,9,-5,-2
2025-11-10T20:18:59.437592,16,14,18,19,20,19,19,17,11575,-5504,-7611,6798,756,-1745,687,4,-5,0
2025-11-10T20:18:59.464674,15,15,17,17,19,18,19,18,11575,-5504,-7611,6798,748,-1758,678,3,-3,0
2025-11-10T20:18:59.474999,16,16,17,17,19,19,18,19,11575,-5505,-7611,6798,741,-1751,690,4,-2,0
2025-11-10T20:18:59.497345,16,16,18,20,17,19,19,18,11575,-5505,-7611,6798,749,-1754,682,-2,-2,2
2025-11-10T20:18:59.520198,18,16,19,19,19,17,16,19,11575,-5506,-7611,6799,758,-1763,696,-4,-4,1
2025-11-10T20:18:59.535258,19,17,18,19,18,19,17,19,11574,-5506,-7611,6799,752,-1764,690,3,-4,-2
2025-11-10T20:18:59.557511,20,17,19,19,18,19,16,19,11574,-5506,-7611,6799,764,-1767,709,5,-5,-6
2025-11-10T20:18:59.580198,20,16,20,18,18,18,19,19,11574,-5506,-7611,6799,758,-1762,697,7,-7,-6
2025-11-10T20:18:59.595280,20,18,18,16,19,18,20,19,11574,-5506,-7610,6799,751,-1741,702,7,-8,-4
2025-11-10T20:18:59.617890,19,18,20,16,18,20,19,19,11574,-5507,-7611,6799,753,-1743,663,4,-9,-5
2025-11-10T20:18:59.640155,18,19,20,15,18,20,19,18,11573,-5507,-7611,6799,752,-1755,669,3,-11,-3
2025-11-10T20:18:59.654914,17,20,19,16,18,20,19,18,11573,-5508,-7611,6799,751,-1767,675,6,-4,-5
2025-11-10T20:18:59.677760,17,19,17,15,18,19,18,16,11573,-5508,-7611,6799,746,-1762,691,6,-3,-5
2025-11-10T20:18:59.700086,18,18,18,18,17,19,18,16,11573,-5509,-7611,6800,752,-1760,688,2,-6,-6
2025-11-10T20:18:59.715014,16,18,15,19,18,19,17,16,11572,-5509,-7611,6800,748,-1758,695,5,-6,-6
2025-11-10T20:18:59.737709,17,18,15,19,19,19,18,18,11572,-5509,-7611,6800,759,-1760,690,7,-4,-6
2025-11-10T20:18:59.760646,17,17,15,18,19,18,18,18,11572,-5510,-7611,6800,759,-1747,688,5,-6,-4
2025-11-10T20:18:59.775490,17,18,16,20,18,19,17,19,11572,-5510,-7611,6800,754,-1756,687,-1,-7,-5
2025-11-10T20:18:59.797207,15,20,17,16,18,20,17,20,11572,-5510,-7611,6800,749,-1756,687,1,-3,-4
2025-11-10T20:18:59.820147,18,22,20,17,17,19,18,19,11571,-5511,-7611,6800,758,-1768,687,5,-3,-6
2025-11-10T20:18:59.842862,18,22,20,17,16,19,18,18,11571,-5511,-7611,6800,756,-1761,691,5,-3,-7
2025-11-10T20:18:59.858172,17,23,21,20,17,18,18,17,11571,-5511,-7610,6800,757,-1760,696,5,-3,-6
2025-11-10T20:18:59.879912,20,22,20,18,19,19,18,17,11571,-5511,-7610,6801,763,-1752,698,2,-4,-5
2025-11-10T20:18:59.895393,20,23,19,18,19,18,18,16,11571,-5511,-7610,6801,758,-1755,692,-2,-3,-5
2025-11-10T20:18:59.917765,19,21,18,20,20,17,16,16,11571,-5512,-7610,6801,754,-1761,689,0,-1,-5
2025-11-10T20:18:59.939973,19,22,19,21,19,17,19,17,11571,-5512,-7610,6801,752,-1764,684,2,-1,-6
2025-11-10T20:18:59.963165,18,20,18,19,18,16,19,17,11571,-5512,-7610,6801,752,-1752,698,4,-2,-6
2025-11-10T20:18:59.977712,16,21,19,18,17,16,20,15,11571,-5512,-7610,6801,754,-1756,711,0,-2,-4
2025-11-10T20:19:00.000053,17,20,18,20,21,16,19,18,11571,-5513,-7609,6802,745,-1757,693,3,-4,-4
2025-11-10T20:19:00.022847,19,20,17,18,19,17,19,18,11570,-5513,-7609,6802,755,-1764,690,2,-2,-2
2025-11-10T20:19:00.037784,18,18,17,17,19,17,18,17,11570,-5513,-7610,6801,780,-1771,682,1,5,6
2025-11-10T20:19:00.060051,19,22,17,17,19,17,17,16,11571,-5514,-7605,6805,748,-1745,694,18,14,16
2025-11-10T20:19:00.082987,18,21,16,19,20,17,16,18,11571,-5514,-7605,6805,740,-1734,688,8,11,-10
2025-11-10T20:19:00.096998,17,21,17,18,17,17,16,17,11568,-5521,-7606,6802,767,-1778,702,-43,8,4
2025-11-10T20:19:00.120101,15,23,15,16,17,18,17,16,11568,-5522,-7607,6802,745,-1784,657,-5,5,15
2025-11-10T20:19:00.142862,17,22,15,16,18,18,16,17,11569,-5521,-7602,6805,746,-1754,688,30,13,4
2025-11-10T20:19:00.157825,16,19,16,16,17,17,16,18,11569,-5521,-7602,6805,758,-1753,688,4,10,8
2025-11-10T20:19:00.180271,17,21,17,15,17,19,18,17,11569,-5521,-7602,6805,745,-1760,693,6,12,6
2025-11-10T20:19:00.203004,19,21,18,15,18,19,20,16,11569,-5522,-7602,6805,746,-1760,678,-11,1,1
2025-11-10T20:19:00.217803,19,21,19,17,18,19,20,17,11568,-5523,-7602,6805,734,-1768,683,-9,-5,-4
2025-11-10T20:19:00.239964,18,20,19,16,19,18,20,19,11568,-5523,-7602,6805,759,-1773,689,5,-4,-5
2025-11-10T20:19:00.263026,20,22,20,17,19,19,21,20,11568,-5523,-7602,6806,749,-1766,677,13,2,0
2025-11-10T20:19:00.277736,20,20,21,18,18,17,18,20,11568,-5524,-7602,6806,746,-1752,690,7,-1,-3
2025-11-10T20:19:00.299567,18,20,19,19,18,18,18,21,11567,-5524,-7602,6806,736,-1748,681,-7,-3,-1
2025-11-10T20:19:00.322786,16,18,20,18,18,17,16,20,11567,-5525,-7602,6806,740,-1755,681,0,0,-5
2025-11-10T20:19:00.337708,16,20,21,20,19,18,16,20,11567,-5525,-7602,6806,738,-1767,686,5,-4,-3
2025-11-10T20:19:00.360066,15,19,21,20,19,17,16,20,11567,-5526,-7602,6806,741,-1758,680,2,-8,-2
2025-11-10T20:19:00.382788,13,21,20,19,21,19,16,19,11566,-5526,-7601,6807,744,-1777,692,-10,-5,-3
2025-11-10T20:19:00.397345,13,21,20,18,21,17,14,18,11566,-5527,-7601,6807,751,-1780,695,-1,0,1
2025-11-10T20:19:00.420431,15,21,19,18,21,18,14,18,11566,-5527,-7601,6807,762,-1752,699,15,2,-6
2025-11-10T20:19:00.442818,15,19,18,17,19,16,14,27,11566,-5527,-7601,6807,764,-1755,695,-1,-3,-12
2025-11-10T20:19:00.458209,20,20,18,16,22,19,26,100,11566,-5527,-7601,6807,753,-1763,686,-5,-10,4
2025-11-10T20:19:00.480216,21,19,18,17,20,18,27,102,11566,-5526,-7599,6811,747,-1761,681,26,1,12
2025-11-10T20:19:00.502915,22,19,20,17,20,19,28,107,11565,-5527,-7598,6811,733,-1755,686,6,8,5
2025-11-10T20:19:00.517522,22,20,20,17,20,20,29,108,11565,-5528,-7598,6812,730,-1771,682,-7,-9,-8
2025-11-10T20:19:00.540179,21,20,22,17,20,21,29,110,11565,-5528,-7598,6812,754,-1781,685,-4,-9,-13
2025-11-10T20:19:00.571258,17,19,21,18,19,19,19,56,11564,-5528,-7598,6812,757,-1764,691,7,-1,-9
2025-11-10T20:19:00.578123,18,18,20,17,17,19,17,54,11564,-5529,-7598,6812,749,-1759,687,13,-2,-2
2025-11-10T20:19:00.600058,20,18,21,17,17,19,19,45,11564,-5529,-7598,6812,744,-1745,692,5,-5,0
2025-11-10T20:19:00.622639,19,17,21,18,18,17,19,43,11564,-5529,-7598,6812,729,-1764,695,-4,-6,-2
2025-11-10T20:19:00.637743,21,18,19,18,19,16,20,32,11564,-5530,-7598,6813,735,-1776,687,2,-8,-3
2025-11-10T20:19:00.660824,21,16,19,18,19,18,19,26,11563,-5530,-7597,6813,739,-1776,696,10,-8,-6
2025-11-10T20:19:00.682540,20,18,19,18,20,19,19,22,11563,-5531,-7597,6813,748,-1772,705,11,-8,-8
2025-11-10T20:19:00.697829,18,17,17,20,19,20,17,21,11563,-5531,-7597,6813,756,-1756,690,6,-5,-10
2025-11-10T20:19:00.720109,21,16,17,19,20,20,18,20,11563,-5531,-7597,6813,756,-1759,695,-2,-8,-9
2025-11-10T20:19:00.742817,19,16,17,20,20,22,17,20,11563,-5531,-7597,6813,764,-1770,687,6,-10,-6
2025-11-10T20:19:00.757499,18,18,18,20,20,20,18,18,11563,-5531,-7597,6813,739,-1756,685,15,-11,-5
2025-11-10T20:19:00.780116,19,17,17,21,20,20,18,17,11562,-5532,-7597,6813,740,-1754,680,15,-13,-8
2025-11-10T20:19:00.802216,18,17,17,20,20,22,19,20,11562,-5530,-7599,6814,744,-1758,684,8,-17,-14
2025-11-10T20:19:00.817799,15,19,18,20,19,23,17,21,11561,-5527,-7600,6815,740,-1761,704,7,-19,-15
2025-11-10T20:19:00.839979,19,20,17,18,17,23,16,19,11561,-5524,-7602,6816,747,-1767,701,10,-24,-17
2025-11-10T20:19:00.862514,20,18,17,18,18,24,18,20,11561,-5520,-7603,6819,750,-1779,718,13,-24,-13
2025-11-10T20:19:00.877685,20,18,18,18,19,24,18,19,11560,-5514,-7606,6823,752,-1775,701,26,-36,-10
2025-11-10T20:19:00.900284,20,18,18,14,19,22,19,18,11560,-5507,-7607,6827,750,-1763,709,33,-38,-14
2025-11-10T20:19:00.922191,19,17,18,14,18,20,19,16,11560,-5498,-7609,6832,746,-1764,718,39,-44,-19
2025-11-10T20:19:00.945275,20,20,20,14,17,19,20,16,11560,-5487,-7612,6837,748,-1758,720,42,-52,-24
2025-11-10T20:19:00.959977,18,21,20,15,16,19,18,16,11560,-5474,-7615,6844,744,-1755,733,46,-64,-23
2025-11-10T20:19:00.982734,19,21,21,15,14,19,18,16,11559,-5460,-7618,6853,739,-1760,721,63,-76,-19
2025-11-10T20:19:01.005295,20,20,20,17,15,19,17,17,11558,-5444,-7622,6864,744,-1758,707,81,-84,-16
2025-11-10T20:19:01.020229,20,21,19,23,18,19,18,17,11557,-5426,-7625,6875,750,-1745,717,88,-86,-19
2025-11-10T20:19:01.042787,19,18,18,23,19,20,17,18,11556,-5410,-7631,6885,747,-1744,689,81,-83,-20
2025-11-10T20:19:01.065259,19,19,18,24,19,19,17,19,11553,-5396,-7637,6894,752,-1736,676,72,-80,-17
2025-11-10T20:19:01.080248,18,17,17,24,20,19,15,18,11551,-5382,-7644,6900,770,-1734,689,57,-70,-20
2025-11-10T20:19:01.102780,18,17,19,23,20,18,15,16,11549,-5371,-7651,6903,791,-1735,680,44,-58,-18
2025-11-10T20:19:01.124718,18,16,19,20,19,18,18,18,11547,-5363,-7660,6904,808,-1718,655,33,-44,-11
2025-11-10T20:19:01.140264,16,16,19,20,20,18,17,20,11544,-5358,-7667,6905,800,-1720,653,16,-37,0
2025-11-10T20:19:01.162525,17,15,20,18,21,19,18,18,11539,-5355,-7674,6907,800,-1750,674,12,-36,6
2025-11-10T20:19:01.185275,17,17,20,19,21,18,19,19,11536,-5352,-7679,6910,793,-1771,694,13,-38,1
2025-11-10T20:19:01.200027,18,18,17,18,21,17,18,19,11535,-5347,-7680,6913,778,-1770,711,25,-28,-9
2025-11-10T20:19:01.222673,19,19,19,17,20,18,16,18,11535,-5343,-7681,6916,761,-1762,717,25,-26,-16
2025-11-10T20:19:01.245104,19,18,21,17,19,17,17,16,11536,-5336,-7684,6916,780,-1735,705,19,-28,-27
2025-11-10T20:19:01.260683,18,20,19,18,17,19,17,18,11535,-5331,-7690,6914,792,-1729,689,5,-26,-25
2025-11-10T20:19:01.282786,18,20,20,17,15,18,16,19,11533,-5330,-7696,6912,786,-1730,667,-2,-23,-20
2025-11-10T20:19:01.304971,16,20,21,17,16,18,17,19,11530,-5330,-7702,6911,777,-1733,657,0,-17,-11
2025-11-10T20:19:01.320099,17,20,20,17,17,18,15,20,11530,-5330,-7702,6911,758,-1740,679,0,-13,-5
2025-11-10T20:19:01.342778,18,20,18,15,18,20,15,20,11530,-5331,-7701,6911,760,-1759,693,4,-12,-3
2025-11-10T20:19:01.364872,20,18,19,14,20,19,15,19,11529,-5332,-7701,6912,760,-1769,716,13,-8,-8
2025-11-10T20:19:01.380186,20,19,18,14,21,21,14,18,11530,-5332,-7701,6912,774,-1755,725,13,-8,-13
2025-11-10T20:19:01.402798,23,18,18,16,20,21,14,18,11530,-5330,-7702,6911,778,-1749,721,-1,-13,-18
2025-11-10T20:19:01.424996,22,17,18,17,19,20,14,18,11530,-5327,-7704,6912,772,-1745,723,-1,-22,-17
2025-11-10T20:19:01.439977,21,19,18,19,18,20,14,18,11530,-5321,-7706,6913,786,-1732,719,12,-27,-18
2025-11-10T20:19:01.463099,20,19,19,20,17,20,15,16,11531,-5314,-7709,6914,797,-1740,702,25,-29,-18
2025-11-10T20:19:01.485315,19,18,18,20,16,19,16,16,11531,-5307,-7713,6915,798,-1732,688,31,-27,-16
2025-11-10T20:19:01.500297,17,18,18,19,16,17,18,17,11531,-5301,-7716,6916,801,-1736,688,29,-23,-16
2025-11-10T20:19:01.522596,16,19,18,20,17,18,19,15,11531,-5297,-7718,6917,790,-1745,686,22,-18,-14
2025-11-10T20:19:01.545441,16,17,16,19,18,16,20,15,11530,-5293,-7721,6917,796,-1743,686,18,-15,-12
2025-11-10T20:19:01.560205,14,18,16,17,18,16,19,16,11531,-5290,-7723,6917,794,-1741,690,16,-12,-14
2025-11-10T20:19:01.582783,15,19,18,18,18,18,19,17,11530,-5290,-7723,6917,788,-1729,686,7,-12,-16
2025-11-10T20:19:01.605280,15,20,17,19,17,18,16,17,11530,-5289,-7725,6916,787,-1736,702,-2,-12,-19
2025-11-10T20:19:01.620380,15,20,16,19,17,16,16,17,11531,-5288,-7727,6914,781,-1734,701,-1,-9,-20
2025-11-10T20:19:01.651041,14,21,17,19,15,17,17,19,11530,-5287,-7730,6913,785,-1746,688,1,-11,-20
2025-11-10T20:19:01.665022,15,20,15,21,16,17,18,19,11530,-5285,-7733,6911,793,-1749,699,3,-10,-20
2025-11-10T20:19:01.680242,18,20,14,20,16,17,18,18,11530,-5283,-7734,6910,787,-1730,701,4,-8,-17
2025-11-10T20:19:01.702738,18,19,17,17,17,18,19,17,11530,-5283,-7734,6910,787,-1728,691,5,-6,-12
2025-11-10T20:19:01.725139,19,18,20,16,17,19,20,17,11530,-5284,-7734,6910,800,-1729,681,7,-5,-6
2025-11-10T20:19:01.739728,21,19,21,17,16,18,19,14,11530,-5284,-7734,6910,785,-1724,690,8,-3,-1
2025-11-10T20:19:01.762688,21,19,23,16,16,19,18,15,11530,-5284,-7734,6910,790,-1739,702,5,-1,1
2025-11-10T20:19:01.785143,20,21,25,17,16,19,18,16,11530,-5284,-7734,6910,789,-1734,702,4,1,2
2025-11-10T20:19:01.802621,18,23,25,18,18,20,20,17,11531,-5284,-7730,6913,788,-1744,711,17,9,10
2025-11-10T20:19:01.822887,19,23,26,18,17,19,19,19,11534,-5276,-7724,6921,802,-1743,727,67,-1,13
2025-11-10T20:19:01.845234,17,21,25,19,18,20,18,19,11539,-5269,-7718,6925,791,-1703,726,46,5,0
2025-11-10T20:19:01.867325,18,22,25,20,20,18,18,19,11537,-5272,-7719,6925,778,-1729,712,-21,-4,1
2025-11-10T20:19:01.882505,18,20,23,20,20,19,18,20,11533,-5274,-7724,6924,779,-1769,706,-21,-26,-13
2025-11-10T20:19:01.905245,19,18,22,19,19,18,17,21,11533,-5275,-7724,6924,799,-1768,695,9,-15,-13
2025-11-10T20:19:01.927508,18,19,21,19,20,19,16,20,11534,-5271,-7725,6925,792,-1732,687,26,-8,-11
2025-11-10T20:19:01.942267,21,20,22,19,21,18,16,20,11533,-5271,-7725,6925,790,-1709,679,3,-8,-5
2025-11-10T20:19:01.965003,19,17,22,18,20,18,16,20,11531,-5274,-7729,6922,794,-1700,678,-23,-5,-1
2025-11-10T20:19:01.987533,18,18,22,17,20,17,17,19,11528,-5278,-7733,6919,809,-1722,675,-29,1,6
2025-11-10T20:19:02.002739,18,18,22,17,19,19,14,18,11528,-5278,-7733,6919,801,-1740,685,-14,10,9
2025-11-10T20:19:02.025330,18,19,21,20,20,19,15,18,11528,-5279,-7733,6919,775,-1738,699,-6,14,9
2025-11-10T20:19:02.047271,15,19,22,19,19,20,16,17,11528,-5279,-7732,6919,768,-1745,723,-11,9,7
2025-11-10T20:19:02.062673,16,21,21,19,20,22,17,17,11526,-5284,-7731,6920,771,-1759,714,-17,3,2
2025-11-10T20:19:02.085255,17,20,20,19,22,24,17,17,11526,-5284,-7731,6920,795,-1759,702,-9,3,-4
2025-11-10T20:19:02.107750,17,24,21,22,22,22,20,17,11528,-5281,-7728,6923,790,-1735,703,28,3,3
2025-11-10T20:19:02.122451,18,22,22,19,20,22,21,17,11530,-5276,-7724,6928,792,-1713,692,51,1,9
2025-11-10T20:19:02.145185,18,22,21,19,21,20,20,19,11531,-5274,-7721,6931,783,-1731,712,22,1,5
2025-11-10T20:19:02.167783,19,22,21,19,21,19,20,18,11530,-5275,-7721,6931,766,-1751,704,-1,-8,2
2025-11-10T20:19:02.182302,17,25,23,18,21,16,19,19,11530,-5275,-7721,6931,782,-1768,703,7,-10,-4
2025-11-10T20:19:02.205147,17,22,23,16,22,18,17,19,11530,-5276,-7721,6932,780,-1753,693,12,-6,-6
2025-11-10T20:19:02.235825,16,22,22,15,22,18,16,21,11529,-5276,-7722,6931,793,-1726,677,5,1,-3
2025-11-10T20:19:02.242491,16,21,21,15,22,19,15,19,11529,-5276,-7722,6931,795,-1723,694,-12,2,-2
2025-11-10T20:19:02.265704,16,21,21,16,20,18,14,20,11528,-5279,-7724,6928,799,-1717,687,-21,2,0
2025-11-10T20:19:02.287754,16,18,20,18,19,18,15,19,11526,-5283,-7725,6927,793,-1736,693,-17,5,7
2025-11-10T20:19:02.302494,14,19,17,16,19,17,16,18,11526,-5283,-7725,6928,783,-1742,698,-12,11,9
2025-11-10T20:19:02.325251,16,19,17,18,20,17,16,17,11526,-5283,-7725,6928,781,-1750,704,-9,12,8
2025-11-10T20:19:02.347735,18,20,17,18,20,17,17,18,11526,-5284,-7725,6928,785,-1747,711,-7,12,5
2025-11-10T20:19:02.363139,17,21,16,18,19,18,19,17,11525,-5284,-7725,6928,779,-1756,704,-9,8,2
2025-11-10T20:19:02.385216,19,20,17,17,19,18,19,17,11525,-5284,-7725,6928,778,-1745,706,-10,6,-2
2025-11-10T20:19:02.407327,22,19,19,19,19,19,18,16,11525,-5285,-7725,6929,774,-1743,698,-7,2,-2
2025-11-10T20:19:02.422736,21,19,18,18,18,20,18,17,11525,-5285,-7724,6929,779,-1738,703,-3,-1,-3
2025-11-10T20:19:02.445121,21,18,19,19,18,19,19,18,11525,-5286,-7724,6929,773,-1740,698,4,-4,-3
2025-11-10T20:19:02.467531,20,16,19,17,20,20,18,19,11525,-5286,-7724,6929,777,-1742,704,11,-3,-1
2025-11-10T20:19:02.482559,20,20,18,19,20,20,18,19,11524,-5286,-7724,6929,785,-1732,693,13,-3,0
2025-11-10T20:19:02.505281,17,19,17,17,19,18,18,20,11524,-5286,-7724,6929,779,-1740,689,12,-3,3
2025-11-10T20:19:02.527395,18,19,20,16,20,17,18,20,11524,-5287,-7724,6929,776,-1739,694,4,-2,2
2025-11-10T20:19:02.542262,16,20,19,17,21,18,16,19,11523,-5288,-7725,6929,780,-1751,663,-3,0,1
2025-11-10T20:19:02.565036,18,20,19,17,21,17,15,20,11523,-5288,-7725,6929,774,-1750,699,-1,4,0
2025-11-10T20:19:02.587669,16,17,20,15,21,15,14,21,11523,-5288,-7725,6930,777,-1734,699,-4,7,-2
2025-11-10T20:19:02.602685,18,18,21,16,20,17,15,20,11523,-5289,-7725,6930,785,-1739,686,-6,7,0
2025-11-10T20:19:02.625380,18,18,20,18,17,18,18,19,11522,-5289,-7725,6929,785,-1737,688,-4,10,0
2025-11-10T20:19:02.647619,19,18,20,18,15,20,17,21,11522,-5289,-7725,6930,783,-1742,692,-2,9,6
2025-11-10T20:19:02.662260,18,18,20,19,16,20,19,19,11522,-5290,-7725,6930,781,-1754,714,-10,3,4
2025-11-10T20:19:02.684743,22,18,20,19,16,19,19,17,11522,-5290,-7725,6930,779,-1765,697,-3,4,1
2025-11-10T20:19:02.707790,19,16,19,19,18,18,18,17,11521,-5291,-7725,6930,773,-1759,703,7,6,-3
2025-11-10T20:19:02.722739,21,17,18,18,22,18,16,18,11521,-5291,-7724,6931,766,-1753,707,6,4,-4
2025-11-10T20:19:02.745291,20,16,18,17,21,16,17,16,11521,-5292,-7724,6931,772,-1740,705,-1,1,-3
2025-11-10T20:19:02.767830,21,17,17,17,20,17,16,17,11521,-5292,-7724,6931,778,-1731,690,2,1,-3
2025-11-10T20:19:02.790990,17,17,18,18,19,18,17,17,11521,-5292,-7724,6931,774,-1737,696,8,4,-2
2025-11-10T20:19:02.804923,17,19,18,16,18,19,17,19,11520,-5293,-7724,6931,772,-1741,685,5,1,0
2025-11-10T20:19:02.827858,18,18,19,17,15,17,16,18,11520,-5294,-7724,6931,766,-1764,696,2,-2,-1
2025-11-10T20:19:02.850528,18,19,18,20,17,17,15,16,11519,-5294,-7724,6932,771,-1764,689,7,0,-4
2025-11-10T20:19:02.865394,17,18,19,20,17,17,17,16,11519,-5295,-7724,6932,782,-1756,693,11,-3,-7
