timestamp,EMG_0,EMG_1,EMG_2,EMG_3,EMG_4,EMG_5,EMG_6,EMG_7,quat_0,quat_1,quat_2,quat_3,acc_0,acc_1,acc_2,gyro_0,gyro_1,gyro_2
2025-11-10T20:16:58.757543,18,18,16,17,20,17,15,20,11724,-4837,-7541,7122,802,-1660,812,0,1,0
2025-11-10T20:16:58.779057,20,18,17,15,21,18,17,22,11724,-4837,-7541,7122,808,-1668,817,1,0,-1
2025-11-10T20:16:58.800359,19,19,17,17,18,18,18,20,11724,-4837,-7541,7122,812,-1662,813,0,0,0
2025-11-10T20:16:58.814048,17,19,17,18,18,18,19,18,11724,-4837,-7541,7122,804,-1666,803,-2,0,-2
2025-11-10T20:16:58.836717,19,19,17,18,17,17,19,17,11724,-4837,-7541,7122,813,-1662,812,0,2,-4
2025-11-10T20:16:58.859262,20,19,17,18,17,18,19,17,11724,-4837,-7541,7122,810,-1668,814,1,2,0
2025-11-10T20:16:58.881217,19,21,16,17,15,19,17,16,11724,-4837,-7541,7122,816,-1667,812,1,-1,-1
2025-11-10T20:16:58.895873,20,19,17,16,15,22,16,14,11723,-4838,-7541,7122,802,-1667,809,-1,-1,-3
2025-11-10T20:16:58.919946,21,21,17,16,15,22,16,15,11723,-4838,-7541,7122,807,-1661,805,2,-2,-2
2025-11-10T20:16:58.942826,20,20,17,17,16,22,16,16,11723,-4838,-7541,7122,811,-1658,810,3,-2,-2
2025-11-10T20:16:58.957879,18,19,17,18,18,22,15,16,11723,-4838,-7541,7122,814,-1658,802,-2,-1,-1
2025-11-10T20:16:58.980312,18,18,20,20,18,21,16,17,11723,-4838,-7541,7122,804,-1664,816,-4,0,2
2025-11-10T20:16:59.002557,18,19,19,20,19,18,19,16,11723,-4838,-7541,7122,801,-1669,803,-1,1,1
2025-11-10T20:16:59.018003,17,18,19,19,20,18,18,17,11723,-4838,-7541,7122,815,-1671,805,0,4,1
2025-11-10T20:16:59.040215,17,18,19,19,19,18,18,17,11723,-4838,-7541,7122,800,-1656,800,-3,4,0
2025-11-10T20:16:59.065042,18,20,21,18,19,18,17,17,11723,-4839,-7541,7122,816,-1666,795,-5,4,0
2025-11-10T20:16:59.077758,19,19,17,18,20,17,18,17,11723,-4839,-7542,7122,814,-1664,804,-5,3,-2
2025-11-10T20:16:59.100367,17,19,18,20,20,14,16,18,11723,-4839,-7542,7122,812,-1656,804,-3,5,-1
2025-11-10T20:16:59.122527,18,19,18,19,19,16,16,16,11723,-4838,-7542,7122,815,-1657,817,-1,6,2
2025-11-10T20:16:59.138040,18,19,19,20,18,18,17,16,11723,-4839,-7542,7122,801,-1666,810,-3,5,6
2025-11-10T20:16:59.160321,19,19,18,20,17,17,19,16,11722,-4839,-7541,7122,801,-1672,807,-6,5,6
2025-11-10T20:16:59.183022,18,19,19,19,17,19,17,15,11722,-4839,-7542,7122,804,-1662,798,-4,7,5
2025-11-10T20:16:59.197520,20,19,20,17,17,20,19,14,11722,-4839,-7541,7122,804,-1662,816,1,6,5
2025-11-10T20:16:59.220512,20,18,20,18,19,19,20,17,11722,-4839,-7541,7122,812,-1667,812,-6,3,6
2025-11-10T20:16:59.242706,20,19,18,16,20,17,19,17,11722,-4839,-7541,7122,812,-1674,815,-9,2,4
2025-11-10T20:16:59.258487,18,18,19,18,21,18,18,17,11722,-4839,-7541,7122,816,-1677,819,-2,2,1
2025-11-10T20:16:59.280663,18,18,19,17,20,18,19,17,11722,-4840,-7541,7122,806,-1684,814,5,1,1
2025-11-10T20:16:59.303331,18,21,18,17,20,20,17,19,11722,-4840,-7541,7122,794,-1666,798,3,-1,2
2025-11-10T20:16:59.317902,17,22,19,18,18,19,15,19,11722,-4840,-7541,7122,800,-1665,798,3,-1,2
2025-11-10T20:16:59.340516,17,22,20,19,18,19,15,20,11722,-4841,-7542,7122,804,-1656,794,7,4,1
2025-11-10T20:16:59.364897,19,22,20,17,18,19,15,19,11721,-4841,-7542,7122,801,-1658,793,-1,5,2
2025-11-10T20:16:59.377121,19,21,20,17,18,17,14,18,11721,-4841,-7542,7122,798,-1671,800,-10,0,2
2025-11-10T20:16:59.398866,17,21,21,17,21,17,15,18,11721,-4842,-7542,7123,798,-1676,800,-7,3,2
2025-11-10T20:16:59.421456,17,21,21,16,21,17,15,17,11721,-4842,-7542,7123,815,-1679,817,0,6,-1
2025-11-10T20:16:59.437304,17,20,21,15,20,19,16,18,11721,-4842,-7542,7123,810,-1667,810,-3,3,-3
2025-11-10T20:16:59.460231,17,22,22,15,21,19,16,18,11721,-4842,-7542,7123,801,-1664,812,-2,1,-2
2025-11-10T20:16:59.483100,17,21,21,14,21,19,16,18,11721,-4842,-7541,7123,803,-1662,819,-3,0,0
2025-11-10T20:16:59.497574,16,20,19,15,19,20,16,18,11721,-4842,-7541,7123,807,-1665,807,-4,-1,0
2025-11-10T20:16:59.520623,16,20,18,15,21,20,17,17,11720,-4842,-7542,7123,806,-1685,803,-4,0,-2
2025-11-10T20:16:59.543304,16,21,18,15,21,18,27,16,11720,-4843,-7541,7123,804,-1671,815,6,1,-1
2025-11-10T20:16:59.557651,17,19,16,16,21,18,32,17,11720,-4843,-7541,7123,798,-1679,807,3,-1,0
2025-11-10T20:16:59.580501,19,20,16,19,21,19,32,17,11720,-4843,-7541,7123,804,-1668,811,2,-2,-1
2025-11-10T20:16:59.603463,19,18,16,18,21,17,33,18,11720,-4843,-7541,7123,809,-1665,813,2,-2,-2
2025-11-10T20:16:59.617559,18,18,18,17,19,19,34,18,11720,-4843,-7541,7123,817,-1667,822,5,-3,-4
2025-11-10T20:16:59.640584,18,17,19,16,18,20,28,20,11720,-4843,-7541,7123,811,-1660,809,9,-5,-5
2025-11-10T20:16:59.663137,17,17,18,18,20,19,23,21,11720,-4843,-7541,7123,805,-1663,808,9,-6,-5
2025-11-10T20:16:59.677844,17,17,18,17,20,20,35,21,11720,-4843,-7541,7123,816,-1667,807,11,-5,-4
2025-11-10T20:16:59.700537,19,18,21,20,19,22,37,21,11720,-4843,-7541,7123,807,-1674,814,8,-5,-2
2025-11-10T20:16:59.723082,19,18,19,22,20,21,36,22,11720,-4844,-7541,7123,800,-1677,791,5,-2,-4
2025-11-10T20:16:59.738098,20,18,19,22,19,21,35,20,11720,-4844,-7542,7123,802,-1670,794,5,0,-3
2025-11-10T20:16:59.760143,21,19,19,21,18,22,34,19,11719,-4844,-7542,7123,802,-1677,797,1,1,-5
2025-11-10T20:16:59.783027,19,18,18,21,18,21,22,20,11719,-4845,-7542,7123,809,-1668,795,-1,2,-5
2025-11-10T20:16:59.805673,18,18,15,18,20,20,18,19,11719,-4845,-7542,7123,809,-1661,813,-1,3,-5
2025-11-10T20:16:59.820533,19,17,16,16,18,19,16,18,11719,-4845,-7542,7123,815,-1659,800,-1,2,-2
2025-11-10T20:16:59.842872,17,18,15,18,20,20,17,21,11719,-4845,-7542,7123,817,-1673,800,-6,0,-3
2025-11-10T20:16:59.865094,16,16,16,19,19,19,17,20,11719,-4845,-7542,7123,809,-1668,802,-1,3,-2
2025-11-10T20:16:59.888885,19,17,17,18,20,19,17,20,11719,-4845,-7542,7123,814,-1669,812,1,5,-2
2025-11-10T20:16:59.903282,20,17,16,20,18,18,18,21,11719,-4845,-7542,7123,807,-1660,830,-7,4,-2
2025-11-10T20:16:59.925558,19,19,15,21,20,21,20,21,11719,-4845,-7542,7123,805,-1667,805,-11,2,-4
2025-11-10T20:16:59.940594,19,20,16,19,20,18,20,19,11719,-4845,-7542,7123,809,-1666,807,-7,3,-7
2025-11-10T20:16:59.963449,20,20,16,21,21,19,21,20,11719,-4845,-7542,7123,809,-1668,805,1,3,-7
2025-11-10T20:16:59.993850,18,20,15,20,23,19,21,20,11719,-4845,-7542,7123,807,-1661,815,3,0,-4
2025-11-10T20:17:00.000862,18,19,17,20,23,20,20,19,11719,-4845,-7542,7123,800,-1666,806,2,-2,-2
2025-11-10T20:17:00.023082,18,19,16,21,22,19,18,18,11719,-4845,-7542,7124,800,-1658,820,5,-3,1
2025-11-10T20:17:00.045554,20,18,16,21,23,22,18,18,11719,-4846,-7542,7124,797,-1670,794,3,-3,0
2025-11-10T20:17:00.060559,17,19,16,18,21,21,18,17,11718,-4846,-7542,7124,802,-1675,802,5,-3,0
2025-11-10T20:17:00.082963,18,19,16,17,18,20,17,15,11718,-4846,-7542,7124,797,-1665,813,10,-2,-1
2025-11-10T20:17:00.106054,16,19,18,19,19,19,18,15,11718,-4846,-7542,7124,800,-1664,802,1,-3,1
2025-11-10T20:17:00.120616,17,18,19,18,19,19,17,16,11718,-4846,-7542,7124,809,-1672,813,-8,-3,-2
2025-11-10T20:17:00.143118,15,18,19,18,17,17,16,17,11718,-4846,-7542,7124,822,-1681,811,-3,0,-3
2025-11-10T20:17:00.166012,18,18,20,18,18,17,15,17,11718,-4847,-7542,7124,817,-1675,799,3,0,0
2025-11-10T20:17:00.180557,17,19,21,18,17,18,15,18,11718,-4847,-7542,7124,810,-1669,811,3,3,0
2025-11-10T20:17:00.202730,19,20,18,18,18,18,14,19,11718,-4847,-7542,7124,797,-1650,794,-1,5,2
2025-11-10T20:17:00.225635,18,21,17,18,17,17,15,18,11718,-4847,-7542,7124,797,-1642,811,-1,6,1
2025-11-10T20:17:00.240235,18,22,20,18,19,18,15,15,11718,-4847,-7542,7124,801,-1650,796,-5,5,3
2025-11-10T20:17:00.263428,16,21,19,17,20,17,17,17,11718,-4847,-7542,7124,797,-1664,812,-9,2,5
2025-11-10T20:17:00.285340,17,21,19,19,19,16,17,15,11718,-4847,-7542,7124,803,-1679,820,-5,2,6
2025-11-10T20:17:00.300544,16,22,22,17,17,17,16,16,11718,-4847,-7541,7124,799,-1676,815,-3,2,3
2025-11-10T20:17:00.323133,18,20,23,17,18,19,18,15,11717,-4847,-7542,7124,813,-1677,806,-6,0,-1
2025-11-10T20:17:00.345699,19,18,21,18,18,20,17,17,11718,-4847,-7542,7124,812,-1668,818,-1,-3,-3
2025-11-10T20:17:00.360700,20,18,22,17,17,20,17,17,11718,-4847,-7541,7124,808,-1653,815,5,-3,0
2025-11-10T20:17:00.383067,20,18,21,17,19,20,17,18,11718,-4847,-7541,7124,803,-1664,817,4,-6,1
2025-11-10T20:17:00.405773,20,16,20,17,19,19,16,17,11718,-4847,-7541,7124,809,-1668,808,4,-5,1
2025-11-10T20:17:00.420538,20,17,20,17,18,18,14,17,11717,-4848,-7542,7124,804,-1676,790,7,0,-2
2025-11-10T20:17:00.443103,18,19,19,16,19,16,17,18,11717,-4848,-7542,7124,810,-1685,803,5,4,0
2025-11-10T20:17:00.465578,17,18,18,18,19,16,16,18,11717,-4848,-7542,7124,817,-1667,797,7,8,6
2025-11-10T20:17:00.480005,17,16,19,17,17,17,16,17,11717,-4848,-7542,7124,790,-1655,806,-3,11,-2
2025-11-10T20:17:00.500257,17,18,18,16,18,18,17,18,11717,-4849,-7542,7124,809,-1675,791,-14,5,0
2025-11-10T20:17:00.523677,16,17,18,17,18,18,18,18,11716,-4849,-7542,7124,798,-1667,795,-3,0,3
2025-11-10T20:17:00.538756,18,16,20,17,16,18,17,18,11716,-4849,-7542,7125,797,-1668,806,4,8,1
2025-11-10T20:17:00.562981,20,16,21,15,14,17,17,18,11716,-4850,-7542,7125,795,-1674,808,-10,8,1
2025-11-10T20:17:00.585603,20,19,21,15,16,17,18,19,11716,-4850,-7542,7125,792,-1672,819,-11,6,-1
2025-11-10T20:17:00.600698,21,19,20,16,14,16,19,19,11716,-4850,-7542,7125,807,-1676,810,-12,2,-5
2025-11-10T20:17:00.623208,22,19,18,16,14,15,18,18,11716,-4850,-7542,7125,810,-1672,803,-4,1,-5
2025-11-10T20:17:00.645730,20,18,16,17,16,16,18,19,11716,-4850,-7542,7125,804,-1669,810,6,2,-5
2025-11-10T20:17:00.660594,18,21,16,17,16,16,19,18,11716,-4850,-7541,7125,799,-1660,817,-1,-1,-5
2025-11-10T20:17:00.682624,18,19,19,17,16,20,19,16,11716,-4851,-7541,7125,791,-1681,810,-6,-3,-2
2025-11-10T20:17:00.706091,19,21,19,18,19,19,18,16,11716,-4851,-7541,7126,800,-1675,807,0,-5,0
2025-11-10T20:17:00.724693,19,21,20,20,20,20,18,18,11715,-4851,-7541,7126,800,-1672,800,8,-3,0
2025-11-10T20:17:00.742740,20,20,23,19,18,21,18,16,11715,-4851,-7541,7126,796,-1669,823,1,0,0
2025-11-10T20:17:00.765655,21,19,22,19,19,21,16,17,11715,-4851,-7541,7126,800,-1661,806,-5,-3,0
2025-11-10T20:17:00.788121,22,19,20,19,19,16,19,19,11715,-4852,-7541,7126,802,-1669,799,-5,-2,1
2025-11-10T20:17:00.803184,21,18,21,18,16,17,18,19,11715,-4852,-7541,7126,801,-1667,822,-5,0,2
2025-11-10T20:17:00.825704,19,17,20,18,16,17,17,18,11715,-4852,-7541,7126,806,-1675,807,1,0,2
2025-11-10T20:17:00.848510,19,17,17,17,17,17,16,20,11715,-4852,-7541,7126,811,-1672,814,2,2,2
2025-11-10T20:17:00.863198,19,17,18,18,15,17,17,20,11715,-4852,-7541,7126,806,-1673,800,-3,3,1
2025-11-10T20:17:00.885682,17,18,18,18,16,18,14,20,11715,-4852,-7541,7126,796,-1670,796,-8,4,1
2025-11-10T20:17:00.908593,18,17,17,17,16,18,15,20,11715,-4853,-7541,7126,802,-1669,798,-10,5,0
2025-11-10T20:17:00.923114,18,17,18,15,17,17,18,22,11715,-4853,-7541,7126,805,-1672,809,-7,5,1
2025-11-10T20:17:00.945563,17,17,18,15,18,18,19,21,11714,-4853,-7541,7126,800,-1676,798,-6,5,1
2025-11-10T20:17:00.968158,18,17,19,15,18,17,18,21,11714,-4853,-7541,7126,796,-1663,801,-3,5,4
2025-11-10T20:17:00.983068,19,16,18,14,18,20,19,21,11714,-4854,-7541,7127,797,-1675,822,-2,5,4
2025-11-10T20:17:01.003363,18,18,18,14,19,22,19,21,11714,-4854,-7540,7127,795,-1678,826,-8,1,3
2025-11-10T20:17:01.025953,19,20,19,16,19,24,20,21,11714,-4854,-7540,7127,815,-1683,812,-6,2,0
2025-11-10T20:17:01.041482,21,21,19,19,36,76,24,23,11714,-4854,-7540,7127,815,-1675,801,-6,0,0
2025-11-10T20:17:01.065646,21,28,20,20,57,130,88,46,11709,-4857,-7548,7124,804,-1650,787,-43,-28,-4
2025-11-10T20:17:01.088017,20,52,19,34,69,248,119,60,11683,-4861,-7597,7113,825,-1603,907,-270,-256,-33
2025-11-10T20:17:01.102879,24,58,28,64,170,449,140,69,11591,-4925,-7767,7035,806,-1429,1038,-1208,-705,-157
2025-11-10T20:17:01.125568,27,85,48,141,335,556,186,75,11359,-5131,-8071,6923,1180,-1450,1327,-2324,-1160,198
2025-11-10T20:17:01.148084,30,127,71,173,382,682,219,80,11194,-5360,-8197,6871,1469,-2205,587,-1605,-289,653
2025-11-10T20:17:01.163079,30,154,211,218,467,754,223,71,11161,-5456,-8132,6926,1321,-2891,982,-141,279,683
2025-11-10T20:17:01.185728,33,156,230,234,496,902,220,68,11095,-5548,-7996,7115,965,-2595,652,476,226,1329
2025-11-10T20:17:01.208575,39,163,306,237,490,843,210,63,11038,-5597,-7778,7401,738,-2437,715,1038,247,1747
2025-11-10T20:17:01.223199,41,156,353,210,398,787,177,56,10960,-5705,-7515,7700,542,-2141,879,893,477,2094
2025-11-10T20:17:01.246068,44,135,382,226,357,685,138,49,10844,-5906,-7236,7974,207,-1933,985,428,720,2359
2025-11-10T20:17:01.268168,71,104,339,195,238,609,102,46,10731,-6145,-6941,8206,0,-1957,1063,230,969,2302
2025-11-10T20:17:01.283140,84,104,466,242,173,296,73,36,10662,-6357,-6621,8396,-89,-1877,1108,382,1180,2023
2025-11-10T20:17:01.305143,110,107,579,278,121,228,67,32,10638,-6535,-6286,8546,-132,-1799,1022,565,1332,1713
2025-11-10T20:17:01.328165,254,110,666,370,115,195,51,65,10659,-6679,-5928,8664,-187,-1690,968,711,1439,1341
2025-11-10T20:17:01.342724,417,137,729,392,105,165,53,81,10700,-6796,-5593,8745,-182,-1736,929,763,1419,1086
2025-11-10T20:17:01.365135,532,164,782,534,102,114,54,90,10761,-6875,-5260,8815,-125,-1834,854,1006,1390,963
2025-11-10T20:17:01.387634,616,172,778,640,103,110,60,96,10852,-6901,-4910,8884,-304,-1653,771,1344,1314,750
2025-11-10T20:17:01.400492,686,170,765,690,96,106,66,97,10978,-6866,-4605,8919,-361,-1449,828,1404,1094,299
2025-11-10T20:17:01.423087,674,179,702,696,95,109,72,92,11111,-6824,-4404,8889,-318,-1417,835,1035,857,-199
2025-11-10T20:17:01.446316,596,153,684,780,93,123,71,82,11220,-6786,-4298,8833,-162,-1651,807,726,575,-348
2025-11-10T20:17:01.463081,501,129,731,819,104,148,74,72,11312,-6720,-4219,8804,-108,-1696,735,817,311,-270
2025-11-10T20:17:01.485673,528,164,791,728,103,149,72,64,11408,-6634,-4148,8778,-73,-1602,741,871,222,-313
2025-11-10T20:17:01.507512,463,169,722,672,101,147,70,64,11499,-6542,-4123,8742,79,-1489,759,692,83,-394
2025-11-10T20:17:01.527075,446,157,712,618,100,141,83,45,11559,-6469,-4114,8720,61,-1575,764,557,-6,-265
2025-11-10T20:17:01.545197,444,158,688,479,92,124,78,38,11599,-6393,-4108,8725,-19,-1656,789,574,-137,-144
2025-11-10T20:17:01.568124,447,157,650,368,69,78,74,37,11640,-6296,-4106,8744,-23,-1629,861,642,-245,-141
2025-11-10T20:17:01.583081,315,111,558,391,54,52,72,37,11670,-6203,-4105,8770,26,-1615,876,606,-258,-57
2025-11-10T20:17:01.605395,272,114,611,417,68,86,68,38,11695,-6133,-4082,8797,-2,-1596,905,558,-121,21
2025-11-10T20:17:01.628052,242,118,603,429,72,91,40,57,11710,-6068,-4068,8828,-33,-1473,918,464,-168,41
2025-11-10T20:17:01.643110,288,128,606,428,73,90,37,77,11730,-5987,-4082,8851,128,-1279,962,362,-259,-30
2025-11-10T20:17:01.665358,286,131,640,450,73,91,52,99,11751,-5920,-4096,8861,202,-1484,1129,293,-165,-35
2025-11-10T20:17:01.687987,282,133,609,621,84,92,59,131,11749,-5907,-4085,8877,91,-1565,1204,111,24,142
2025-11-10T20:17:01.711042,308,135,678,738,83,60,64,139,11760,-5897,-4054,8883,2,-1525,1290,126,121,73
2025-11-10T20:17:01.725599,311,134,671,778,87,47,63,132,11759,-5927,-4032,8875,-4,-1366,1316,-171,222,84
2025-11-10T20:17:01.748161,276,124,646,824,99,103,71,125,11742,-5994,-4036,8850,-178,-1340,1292,-463,185,-8
2025-11-10T20:17:01.771375,265,127,526,809,103,127,82,115,11715,-6076,-4104,8799,-148,-1454,1221,-721,16,-183
2025-11-10T20:17:01.785680,224,131,544,730,107,130,79,77,11718,-6126,-4183,8723,71,-1486,1229,-602,44,-349
2025-11-10T20:17:01.808243,174,142,391,652,126,133,78,65,11723,-6164,-4251,8656,74,-1633,1158,-434,29,-320
2025-11-10T20:17:01.831720,166,248,453,798,145,137,83,66,11738,-6150,-4275,8634,83,-1671,1132,13,-31,-140
2025-11-10T20:17:01.845635,133,475,520,774,140,110,80,61,11757,-6114,-4264,8640,24,-1494,1132,203,-25,-35
2025-11-10T20:17:01.868069,126,594,587,731,159,176,63,48,11764,-6115,-4251,8635,28,-1569,1223,1,99,17
2025-11-10T20:17:01.892016,207,818,742,687,195,194,61,66,11757,-6140,-4264,8621,41,-1310,1008,-205,65,5
2025-11-10T20:17:01.906229,217,967,778,642,186,252,67,66,11740,-6197,-4323,8574,200,-1327,1014,-542,76,-78
2025-11-10T20:17:01.928148,210,993,777,416,187,311,85,78,11701,-6312,-4410,8499,241,-1456,906,-875,173,-78
2025-11-10T20:17:01.951330,214,952,735,433,253,415,136,85,11654,-6436,-4494,8425,253,-1655,936,-894,195,-31
2025-11-10T20:17:01.965499,211,907,695,400,265,483,150,84,11586,-6565,-4563,8382,198,-1760,944,-862,155,182
2025-11-10T20:17:01.988092,127,724,475,367,260,493,163,102,11495,-6709,-4615,8366,124,-1795,905,-876,146,385
2025-11-10T20:17:02.008183,117,535,420,343,267,504,183,264,11383,-6863,-4650,8374,23,-1862,938,-899,132,558
2025-11-10T20:17:02.023931,123,456,413,310,270,537,183,298,11252,-7012,-4664,8420,-174,-2054,891,-755,32,727
2025-11-10T20:17:02.048305,119,418,450,426,244,471,151,305,11132,-7094,-4648,8519,-291,-2090,916,-312,-170,826
2025-11-10T20:17:02.078736,121,361,562,491,250,392,143,327,11038,-7103,-4586,8667,-484,-1968,963,195,-326,858
2025-11-10T20:17:02.085651,128,410,676,564,249,373,131,325,10951,-7063,-4529,8837,-552,-1790,890,414,-551,802
2025-11-10T20:17:02.108196,122,422,731,591,244,323,100,221,10872,-7006,-4474,9007,-589,-1596,955,427,-596,731
2025-11-10T20:17:02.131627,154,539,756,600,233,193,89,173,10787,-6950,-4445,9166,-662,-1530,945,307,-695,622
2025-11-10T20:17:02.145838,158,586,826,612,199,171,90,162,10700,-6897,-4435,9312,-703,-1552,1020,187,-731,527
2025-11-10T20:17:02.168156,161,596,815,606,179,117,84,115,10629,-6836,-4438,9435,-614,-1597,1002,206,-703,398
2025-11-10T20:17:02.190999,162,597,777,558,151,119,88,105,10586,-6752,-4439,9543,-530,-1498,1083,282,-667,263
2025-11-10T20:17:02.206335,167,587,793,569,141,122,100,105,10554,-6668,-4450,9633,-430,-1483,1117,238,-611,179
2025-11-10T20:17:02.227685,140,508,745,573,138,143,95,108,10536,-6594,-4467,9695,-356,-1509,1157,164,-495,71
2025-11-10T20:17:02.251549,128,501,733,503,142,133,91,102,10526,-6533,-4486,9737,-366,-1567,1217,100,-406,-14
2025-11-10T20:17:02.265607,141,542,715,468,121,136,88,99,10524,-6475,-4508,9769,-318,-1623,1188,110,-366,-60
2025-11-10T20:17:02.288248,130,560,794,490,118,127,78,91,10527,-6413,-4531,9795,-234,-1585,1165,131,-341,-73
2025-11-10T20:17:02.312098,121,597,750,450,125,113,82,81,10535,-6358,-4557,9811,-127,-1598,1124,115,-270,-71
2025-11-10T20:17:02.325165,140,694,804,485,126,98,95,76,10546,-6302,-4584,9822,-87,-1595,1108,125,-256,-99
2025-11-10T20:17:02.348116,140,673,852,531,168,101,96,76,10559,-6241,-4613,9834,-38,-1640,1113,160,-269,-89
2025-11-10T20:17:02.370265,126,674,860,549,172,90,93,78,10571,-6185,-4642,9842,0,-1634,1135,119,-238,-82
2025-11-10T20:17:02.385590,147,724,789,559,167,86,93,78,10579,-6140,-4661,9853,-10,-1618,1142,111,-179,-29
2025-11-10T20:17:02.407626,155,706,771,576,161,85,71,70,10574,-6116,-4672,9869,-110,-1612,1133,43,-143,36
2025-11-10T20:17:02.431345,147,603,732,526,154,61,72,121,10564,-6097,-4689,9883,-174,-1621,1081,23,-180,7
2025-11-10T20:17:02.445103,190,628,644,416,94,66,84,147,10564,-6072,-4686,9899,-150,-1683,1175,113,-102,29
2025-11-10T20:17:02.468136,201,616,606,368,68,67,88,155,10579,-6042,-4656,9916,-185,-1664,1229,229,-6,12
2025-11-10T20:17:02.491226,192,521,686,308,65,68,87,156,10608,-6004,-4625,9923,-96,-1552,1263,234,37,-43
2025-11-10T20:17:02.502948,186,484,706,408,62,66,89,156,10613,-6001,-4609,9927,-90,-1628,1237,40,72,58
2025-11-10T20:17:02.525563,177,503,685,409,62,61,73,119,10632,-5992,-4592,9919,-86,-1470,1240,27,108,-48
2025-11-10T20:17:02.549919,222,469,622,392,56,44,56,95,10633,-5992,-4583,9923,-109,-1569,1315,-56,45,47
2025-11-10T20:17:02.565540,222,453,589,413,54,42,53,131,10642,-5988,-4572,9921,-125,-1672,1327,3,66,-2
2025-11-10T20:17:02.588092,240,435,449,419,50,38,53,137,10670,-5960,-4523,9930,-162,-1641,1374,253,116,-6
2025-11-10T20:17:02.610349,249,528,466,296,50,35,50,138,10709,-5935,-4436,9942,-253,-1674,1501,366,255,16
2025-11-10T20:17:02.635123,262,524,538,298,45,34,48,159,10755,-5905,-4326,9958,-309,-1645,1569,457,317,32
2025-11-10T20:17:02.648389,203,466,522,326,49,36,129,248,10809,-5890,-4203,9961,-320,-1575,1559,442,454,0
2025-11-10T20:17:02.670673,196,442,554,315,50,37,150,290,10862,-5904,-4076,9948,-385,-1555,1528,336,576,-28
2025-11-10T20:17:02.694311,172,425,626,297,62,45,158,319,10938,-5920,-3932,9914,-372,-1656,1582,428,738,-124
2025-11-10T20:17:02.708089,160,283,557,311,69,54,164,387,11023,-5931,-3762,9879,-572,-1748,1592,598,768,-177
2025-11-10T20:17:02.730244,151,311,513,339,93,62,244,460,11099,-5910,-3606,9865,-665,-1602,1524,677,523,-175
2025-11-10T20:17:02.754077,131,310,525,307,121,74,231,444,11191,-5886,-3449,9831,-570,-1462,1404,711,602,-274
2025-11-10T20:17:02.767559,126,315,510,514,149,80,228,448,11276,-5865,-3320,9790,-589,-1602,1310,688,500,-315
2025-11-10T20:17:02.789656,131,311,411,637,184,131,281,544,11378,-5828,-3183,9740,-564,-1660,1214,876,510,-386
2025-11-10T20:17:02.811178,127,367,423,754,194,136,303,548,11486,-5745,-3069,9700,-490,-1591,1221,993,286,-439
2025-11-10T20:17:02.825424,116,349,400,814,200,137,264,541,11578,-5658,-2964,9673,-371,-1598,1275,957,238,-307
2025-11-10T20:17:02.848431,134,396,422,851,203,133,287,535,11650,-5559,-2851,9678,-248,-1520,1230,1037,191,-68
2025-11-10T20:17:02.880261,137,390,490,875,195,132,345,540,11702,-5464,-2727,9706,-246,-1533,1216,1074,181,128
2025-11-10T20:17:02.887676,137,440,461,898,170,84,373,449,11742,-5356,-2587,9755,-387,-1427,1333,1111,112,208
2025-11-10T20:17:02.910755,152,446,451,865,207,78,373,495,11794,-5231,-2440,9798,-456,-1349,1406,1188,77,121
2025-11-10T20:17:02.933861,148,402,475,839,208,84,390,444,11874,-5090,-2269,9817,-539,-1262,1395,1358,157,-69
2025-11-10T20:17:02.948790,134,358,471,927,233,90,450,439,11980,-4939,-2137,9795,-462,-1075,1267,1269,70,-384
2025-11-10T20:17:02.970547,131,364,389,823,243,106,518,417,12101,-4776,-2058,9744,-312,-1076,1334,1146,-67,-603
2025-11-10T20:17:02.993330,122,291,372,774,253,107,490,392,12229,-4597,-1991,9684,-245,-1127,1412,1192,-124,-672
2025-11-10T20:17:03.007642,114,213,369,737,258,110,496,358,12354,-4418,-1947,9617,-261,-926,1337,1066,-238,-755
2025-11-10T20:17:03.030558,114,202,319,782,275,102,508,352,12472,-4271,-1956,9529,-189,-833,1202,737,-317,-870
2025-11-10T20:17:03.053859,112,178,255,642,248,95,434,335,12590,-4130,-1980,9431,-16,-1028,1351,712,-270,-876
2025-11-10T20:17:03.068083,109,180,243,703,237,80,361,318,12710,-3977,-1992,9332,41,-1099,1283,875,-246,-871
2025-11-10T20:17:03.090859,104,205,232,650,244,80,339,318,12833,-3784,-1985,9245,165,-825,1341,989,-251,-812
2025-11-10T20:17:03.113674,94,335,214,608,214,89,311,192,12946,-3601,-2015,9154,453,-441,1295,663,-266,-785
2025-11-10T20:17:03.127200,95,374,252,507,182,90,268,176,13033,-3464,-2109,9062,818,-143,1279,89,-260,-675
2025-11-10T20:17:03.149948,90,381,318,516,185,103,277,191,13094,-3401,-2237,8966,1026,-67,1231,-400,-106,-545
2025-11-10T20:17:03.173771,88,377,326,396,190,111,170,160,13108,-3422,-2361,8906,1013,-130,1268,-777,71,-173
2025-11-10T20:17:03.188148,125,380,351,343,177,146,159,151,13091,-3504,-2459,8873,885,-434,1384,-892,247,94
2025-11-10T20:17:03.210516,129,268,382,337,186,173,153,130,13059,-3601,-2546,8857,776,-295,1328,-987,253,216
2025-11-10T20:17:03.236709,125,199,386,274,199,208,117,114,12974,-3850,-2700,8830,682,-393,1047,-1740,103,211
2025-11-10T20:17:03.247984,122,181,381,240,195,232,111,96,12847,-4158,-2901,8814,656,-1033,959,-2117,9,381
2025-11-10T20:17:03.270622,121,220,481,265,272,247,125,90,12710,-4425,-3042,8834,423,-1502,1055,-1701,69,601
2025-11-10T20:17:03.293559,86,257,587,296,281,270,125,81,12576,-4676,-3142,8861,87,-1536,1101,-1312,193,670
2025-11-10T20:17:03.308098,67,259,655,305,294,275,124,81,12444,-4932,-3248,8871,-29,-1455,910,-1364,164,554
2025-11-10T20:17:03.330558,88,284,760,324,295,287,121,82,12294,-5185,-3377,8888,-141,-1471,914,-1477,-13,569
2025-11-10T20:17:03.353559,97,349,846,350,303,280,89,57,12099,-5435,-3513,8953,-293,-1785,898,-1415,-242,836
2025-11-10T20:17:03.367846,134,369,896,518,238,266,64,64,11894,-5636,-3612,9063,-640,-1846,961,-1098,-444,946
2025-11-10T20:17:03.390632,141,403,859,555,236,267,59,69,11717,-5785,-3680,9172,-680,-1823,1041,-802,-446,841
2025-11-10T20:17:03.413743,148,428,940,612,212,274,57,71,11573,-5885,-3686,9288,-744,-1559,1295,-549,-319,793
2025-11-10T20:17:03.427568,148,429,946,684,226,241,57,70,11416,-6020,-3704,9387,-913,-1547,1285,-791,-285,725
2025-11-10T20:17:03.450300,168,478,919,760,231,225,70,101,11254,-6153,-3771,9471,-976,-1588,1279,-974,-462,562
2025-11-10T20:17:03.473844,161,481,865,701,229,240,77,94,11105,-6263,-3848,9543,-899,-1717,1438,-953,-484,464
2025-11-10T20:17:03.496100,176,637,850,711,206,202,79,90,10978,-6343,-3900,9615,-816,-1779,1516,-737,-410,458
2025-11-10T20:17:03.510027,185,715,778,697,188,183,90,88,10884,-6379,-3924,9689,-710,-1735,1625,-482,-358,402
2025-11-10T20:17:03.533781,180,723,791,644,195,179,98,111,10801,-6399,-3946,9759,-727,-1610,1548,-400,-390,324
2025-11-10T20:17:03.548359,178,730,784,596,177,189,95,102,10729,-6397,-3995,9819,-546,-1552,1497,-408,-466,235
2025-11-10T20:17:03.570621,178,726,773,580,167,182,98,115,10673,-6403,-4046,9856,-403,-1570,1494,-431,-329,172
2025-11-10T20:17:03.593729,165,579,849,604,216,175,100,117,10608,-6425,-4100,9889,-452,-1646,1467,-500,-308,184
2025-11-10T20:17:03.616601,163,574,868,610,247,156,87,117,10556,-6430,-4159,9918,-376,-1719,1491,-426,-331,129
2025-11-10T20:17:03.630512,205,668,902,649,226,153,91,120,10530,-6409,-4193,9945,-266,-1605,1338,-161,-265,88
2025-11-10T20:17:03.653712,253,622,902,603,225,140,96,142,10503,-6392,-4233,9967,-267,-1604,1338,-207,-265,66
2025-11-10T20:17:03.676300,243,619,865,563,224,116,101,160,10473,-6375,-4278,9990,-270,-1664,1272,-185,-295,72
2025-11-10T20:17:03.690587,257,675,860,557,221,113,102,167,10455,-6342,-4314,10015,-246,-1738,1299,-52,-300,41
2025-11-10T20:17:03.713519,268,683,798,536,187,103,101,169,10460,-6293,-4318,10038,-200,-1578,1387,75,-187,9
2025-11-10T20:17:03.743821,256,615,647,475,172,98,90,154,10461,-6273,-4330,10045,-202,-1511,1282,-62,-93,-14
2025-11-10T20:17:03.751413,211,720,609,500,166,89,82,133,10458,-6270,-4365,10034,-156,-1602,1249,-195,-77,-63
2025-11-10T20:17:03.773841,251,760,644,519,163,88,68,115,10452,-6276,-4388,10026,-126,-1829,1246,-118,-5,23
2025-11-10T20:17:03.796235,253,736,549,522,91,69,60,105,10462,-6262,-4367,10035,-176,-1734,1228,148,53,64
2025-11-10T20:17:03.811425,278,736,563,489,84,63,60,105,10465,-6243,-4328,10060,-300,-1583,1263,177,23,116
2025-11-10T20:17:03.835104,273,757,528,483,77,63,57,109,10462,-6241,-4327,10065,-188,-1674,1216,-8,12,63
2025-11-10T20:17:03.855885,291,673,619,473,83,66,60,120,10448,-6234,-4320,10087,-219,-1578,1162,33,-53,143
2025-11-10T20:17:03.870640,261,650,620,472,82,64,55,108,10449,-6233,-4319,10087,-258,-1602,1193,-8,10,8
2025-11-10T20:17:03.893969,243,615,601,376,80,63,55,106,10448,-6232,-4310,10092,-229,-1741,1185,60,30,64
2025-11-10T20:17:03.916037,214,514,526,389,77,54,98,171,10474,-6202,-4261,10105,-232,-1603,1241,309,101,33
2025-11-10T20:17:03.930610,218,472,523,382,72,50,144,217,10495,-6173,-4203,10124,-255,-1592,1358,291,118,84
2025-11-10T20:17:03.953476,176,543,459,526,64,42,168,216,10533,-6133,-4125,10142,-237,-1609,1497,389,194,60
2025-11-10T20:17:03.976411,181,521,495,519,73,51,181,221,10587,-6103,-4020,10145,-294,-1646,1530,474,372,8
2025-11-10T20:17:03.990565,190,511,502,523,107,56,192,227,10649,-6057,-3893,10158,-410,-1606,1598,611,350,-9
2025-11-10T20:17:04.012940,162,572,544,559,155,56,201,243,10738,-6004,-3733,10156,-416,-1489,1655,747,514,-104
2025-11-10T20:17:04.036382,131,561,599,601,168,83,192,211,10843,-5985,-3567,10115,-494,-1461,1594,660,730,-270
2025-11-10T20:17:04.051037,142,474,554,577,224,185,189,211,10947,-6000,-3437,10039,-605,-1608,1578,435,753,-459
2025-11-10T20:17:04.073895,126,459,512,696,233,192,233,263,11047,-6023,-3324,9953,-587,-1792,1466,442,724,-479
2025-11-10T20:17:04.096102,113,434,540,797,229,193,258,260,11147,-6022,-3188,9886,-409,-1847,1302,731,740,-298
2025-11-10T20:17:04.110626,117,378,541,849,240,198,264,212,11238,-5971,-3013,9869,-370,-1715,1227,1098,621,-34
2025-11-10T20:17:04.133599,126,409,617,935,240,193,297,205,11310,-5909,-2820,9882,-620,-1659,1269,1177,481,71
2025-11-10T20:17:04.156143,128,394,621,948,261,110,340,196,11374,-5809,-2611,9924,-911,-1575,1320,1365,253,104
2025-11-10T20:17:04.170459,131,388,598,907,290,110,324,110,11456,-5670,-2421,9958,-866,-1360,1145,1494,69,-54
2025-11-10T20:17:04.194210,135,450,592,998,322,117,310,114,11572,-5509,-2259,9953,-804,-1205,1209,1464,10,-373
2025-11-10T20:17:04.216273,135,427,626,1049,410,113,309,110,11717,-5327,-2167,9903,-588,-1187,1321,1299,-146,-732
2025-11-10T20:17:04.230562,129,381,521,970,418,105,293,146,11854,-5136,-2155,9843,-472,-1336,1293,1140,-451,-845
2025-11-10T20:17:04.253867,113,374,489,1009,391,96,281,174,11977,-4912,-2182,9802,-158,-1351,1156,1204,-668,-723
2025-11-10T20:17:04.276380,112,367,501,1042,407,109,296,177,12108,-4639,-2109,9790,110,-1200,1238,1604,-465,-531
2025-11-10T20:17:04.290610,99,312,466,971,401,101,288,171,12234,-4395,-2011,9767,-55,-1049,1451,1561,-202,-479
2025-11-10T20:17:04.313862,94,291,379,901,296,99,269,182,12362,-4204,-1922,9707,-340,-1066,1447,1323,-142,-700
2025-11-10T20:17:04.336384,88,259,370,1013,305,103,260,189,12491,-4038,-1871,9622,-407,-1072,1423,1101,-230,-869
2025-11-10T20:17:04.350134,85,238,358,944,363,111,274,205,12623,-3865,-1855,9524,-153,-1073,1423,1030,-278,-920
2025-11-10T20:17:04.373351,81,224,329,992,339,85,249,208,12755,-3681,-1871,9417,81,-864,1456,874,-337,-972
2025-11-10T20:17:04.396344,81,190,341,930,344,88,279,213,12874,-3493,-1900,9320,272,-862,1494,849,-353,-863
2025-11-10T20:17:04.410496,79,175,330,987,354,91,291,227,12985,-3284,-1913,9240,453,-842,1500,1004,-303,-720
2025-11-10T20:17:04.434567,84,250,276,859,335,86,308,219,13083,-3058,-1905,9180,561,-494,1461,999,-253,-577
2025-11-10T20:17:04.456331,93,336,252,810,259,78,257,184,13168,-2855,-1897,9126,675,-180,1334,778,-149,-476
2025-11-10T20:17:04.470549,97,335,213,637,229,118,252,176,13225,-2771,-1940,9059,836,94,1310,-80,64,-394
2025-11-10T20:17:04.493929,114,355,314,634,182,157,213,169,13247,-2809,-2041,8994,820,-2,1333,-803,132,-248
2025-11-10T20:17:04.516336,130,376,312,426,139,220,194,150,13243,-2911,-2178,8935,867,-146,1254,-1152,164,-119
2025-11-10T20:17:04.538802,130,343,488,395,144,298,129,118,13213,-3071,-2339,8884,905,-263,1239,-1464,212,33
2025-11-10T20:17:04.554138,142,324,547,387,164,377,112,110,13140,-3332,-2477,8862,739,-617,1143,-1696,218,233
2025-11-10T20:17:04.575745,139,350,642,393,212,403,92,104,13036,-3610,-2613,8867,657,-808,1149,-1762,209,463
2025-11-10T20:17:04.598765,132,385,742,311,217,421,87,105,12907,-3906,-2739,8892,581,-959,1063,-1808,254,648
2025-11-10T20:17:04.613028,128,440,859,323,219,399,83,68,12756,-4196,-2862,8940,312,-1289,1058,-1753,173,804
2025-11-10T20:17:04.636216,132,479,879,324,237,393,77,57,12589,-4448,-2990,9012,2,-1622,1025,-1309,-44,904
2025-11-10T20:17:04.658622,124,475,899,374,223,326,66,57,12432,-4629,-3102,9100,-111,-1555,944,-949,-248,863
2025-11-10T20:17:04.673121,126,518,921,396,192,292,70,60,12281,-4786,-3208,9188,-115,-1443,889,-867,-287,827
2025-11-10T20:17:04.696377,129,519,838,563,245,296,86,59,12108,-4973,-3309,9281,-179,-1434,892,-1038,-230,946
2025-11-10T20:17:04.718955,136,464,925,687,266,340,93,64,11915,-5189,-3378,9387,-543,-1521,1101,-1142,-175,1020
2025-11-10T20:17:04.732555,149,448,969,717,244,324,96,68,11716,-5419,-3481,9471,-784,-1531,1143,-1387,-309,825
2025-11-10T20:17:04.756424,160,421,1002,699,248,395,100,81,11521,-5620,-3660,9524,-714,-1665,1062,-1504,-610,541
2025-11-10T20:17:04.778374,163,381,990,754,233,393,107,104,11349,-5783,-3821,9570,-484,-1814,1217,-1310,-519,521
2025-11-10T20:17:04.792651,209,341,1081,727,223,380,98,108,11205,-5894,-3877,9650,-722,-1668,1482,-842,-375,602
2025-11-10T20:17:04.816284,341,404,1040,738,218,357,91,115,11033,-6023,-3957,9735,-914,-1640,1379,-1028,-506,615
2025-11-10T20:17:04.838904,366,387,1003,770,230,332,92,119,10857,-6140,-4081,9808,-860,-1728,1344,-1137,-663,500
2025-11-10T20:17:04.853287,377,432,1081,857,250,247,90,111,10723,-6200,-4176,9877,-640,-1875,1422,-751,-593,432
2025-11-10T20:17:04.876092,392,407,1070,812,267,283,135,368,10634,-6222,-4194,9952,-493,-1706,1547,-367,-329,468
2025-11-10T20:17:04.898394,394,406,1027,894,246,271,146,394,10561,-6267,-4209,9995,-563,-1325,1495,-549,-164,286
2025-11-10T20:17:04.912702,294,359,964,800,225,239,151,399,10480,-6353,-4304,9985,-511,-1550,1555,-1040,-189,47
2025-11-10T20:17:04.936354,311,419,938,764,212,228,155,461,10411,-6401,-4377,9996,-477,-1852,1658,-745,-246,109
2025-11-10T20:17:04.958921,338,375,838,714,183,249,162,498,10367,-6391,-4401,10037,-417,-1811,1662,-284,-272,175
2025-11-10T20:17:04.973068,331,409,877,744,174,207,125,367,10325,-6376,-4415,10083,-493,-1701,1532,-197,-302,160
2025-11-10T20:17:04.996020,323,471,868,599,159,184,115,366,10302,-6348,-4438,10115,-314,-1657,1382,-104,-269,84
2025-11-10T20:17:05.018766,387,547,914,648,185,190,121,527,10280,-6318,-4488,10133,-170,-1690,1262,-144,-316,31
2025-11-10T20:17:05.033425,352,511,933,655,191,194,119,505,10266,-6290,-4548,10138,24,-1750,1175,-140,-249,29
2025-11-10T20:17:05.056347,331,534,911,643,186,149,111,514,10268,-6255,-4575,10145,122,-1687,1182,22,-110,72
2025-11-10T20:17:05.078850,476,564,950,660,181,163,110,531,10259,-6251,-4587,10152,-16,-1576,1174,-87,-12,125
2025-11-10T20:17:05.093137,642,591,1058,655,186,192,113,525,10219,-6284,-4621,10157,-115,-1616,1109,-333,-37,192
2025-11-10T20:17:05.116238,741,614,1065,633,191,196,106,425,10194,-6293,-4642,10167,-200,-1824,1145,-118,-86,127
2025-11-10T20:17:05.138886,759,606,1095,758,202,196,101,395,10201,-6252,-4634,10188,-110,-1734,1203,193,-102,64
2025-11-10T20:17:05.153079,795,750,1150,764,210,195,103,345,10200,-6212,-4622,10220,-123,-1555,1221,150,-122,124
2025-11-10T20:17:05.176445,815,846,1175,769,229,179,98,308,10158,-6231,-4631,10246,-239,-1779,1243,-171,-75,267
2025-11-10T20:17:05.198982,787,890,1107,805,224,144,94,297,10109,-6264,-4612,10282,-280,-1789,1125,-67,27,389
2025-11-10T20:17:05.213054,712,905,1079,824,199,125,85,340,10099,-6283,-4559,10304,-353,-1657,1118,128,166,219
2025-11-10T20:17:05.236605,777,924,1017,703,184,120,83,408,10105,-6296,-4502,10315,-231,-1682,1168,173,247,189
2025-11-10T20:17:05.258875,785,840,993,722,172,117,76,411,10113,-6304,-4444,10328,-291,-1552,1108,188,216,156
2025-11-10T20:17:05.273076,718,753,936,681,132,96,68,405,10119,-6305,-4409,10337,-226,-1576,1144,119,142,117
2025-11-10T20:17:05.296834,604,703,834,620,111,84,59,408,10146,-6278,-4358,10347,-87,-1617,1282,275,181,107
2025-11-10T20:17:05.318393,553,611,743,632,102,82,61,293,10168,-6248,-4293,10372,-150,-1468,1281,313,160,163
2025-11-10T20:17:05.333148,444,605,686,604,88,59,59,172,10191,-6209,-4226,10400,-209,-1512,1395,331,124,147
2025-11-10T20:17:05.356140,363,593,561,522,74,54,72,310,10233,-6162,-4153,10416,-193,-1501,1444,393,176,41
2025-11-10T20:17:05.378888,297,581,440,492,80,55,89,378,10287,-6131,-4099,10403,-190,-1531,1390,293,245,-116
2025-11-10T20:17:05.392928,352,580,432,464,78,53,120,449,10346,-6135,-4040,10364,-242,-1640,1370,209,430,-175
2025-11-10T20:17:05.416431,342,708,413,390,80,49,134,473,10411,-6137,-3969,10326,-211,-1555,1406,241,484,-167
2025-11-10T20:17:05.438755,319,690,404,423,88,53,159,507,10481,-6139,-3877,10288,-246,-1594,1431,333,559,-140
2025-11-10T20:17:05.453086,287,652,424,488,106,47,213,509,10561,-6149,-3758,10244,-373,-1608,1515,390,676,-182
2025-11-10T20:17:05.476305,273,664,492,537,98,44,210,468,10642,-6168,-3638,10193,-529,-1582,1463,374,677,-254
2025-11-10T20:17:05.499225,196,631,481,534,97,49,197,401,10715,-6174,-3503,10160,-639,-1586,1421,511,599,-188
2025-11-10T20:17:05.521323,172,575,520,569,121,55,191,420,10796,-6161,-3377,10125,-605,-1570,1375,594,524,-238
2025-11-10T20:17:05.536346,153,569,526,611,133,59,175,391,10887,-6140,-3235,10087,-666,-1575,1330,730,544,-283
2025-11-10T20:17:05.558763,149,553,520,690,157,77,138,302,10995,-6096,-3087,10041,-618,-1582,1372,860,547,-355
2025-11-10T20:17:05.581286,146,586,425,692,178,82,139,435,11126,-6024,-2923,9990,-621,-1571,1389,1081,542,-442
2025-11-10T20:17:05.595598,134,579,477,804,221,95,149,461,11241,-5938,-2757,9960,-738,-1592,1430,1142,406,-353
2025-11-10T20:17:05.618737,131,482,438,790,226,100,203,434,11356,-5839,-2598,9930,-703,-1516,1346,1194,330,-370
2025-11-10T20:17:05.640961,145,497,452,810,242,104,249,437,11475,-5745,-2462,9884,-629,-1396,1268,1100,309,-465
2025-11-10T20:17:05.655708,145,503,455,798,264,103,259,438,11602,-5641,-2342,9824,-600,-1407,1373,1067,265,-574
2025-11-10T20:17:05.678800,133,383,511,900,319,124,267,358,11734,-5532,-2242,9751,-618,-1467,1299,1093,172,-682
2025-11-10T20:17:05.701138,132,359,475,867,331,114,319,404,11858,-5399,-2179,9691,-631,-1421,1189,1103,-112,-704
2025-11-10T20:17:05.715335,127,324,465,874,336,111,339,431,11980,-5239,-2147,9635,-380,-1401,1145,1131,-249,-679
2025-11-10T20:17:05.738802,111,286,447,892,323,104,325,421,12107,-5085,-2076,9574,-303,-1375,1282,1204,-26,-622
2025-11-10T20:17:05.761459,109,272,447,887,373,118,327,418,12233,-4949,-1996,9503,-439,-1380,1309,1158,31,-679
2025-11-10T20:17:05.775605,101,248,323,813,331,95,357,369,12358,-4790,-1937,9434,-452,-1334,1267,1203,-158,-733
2025-11-10T20:17:05.798856,96,188,287,751,301,97,326,372,12488,-4600,-1896,9366,-251,-1204,1249,1259,-257,-745
2025-11-10T20:17:05.821383,92,325,299,763,289,100,288,327,12616,-4419,-1900,9280,-118,-1170,1267,1053,-343,-850
2025-11-10T20:17:05.835514,88,348,289,851,297,101,286,323,12731,-4252,-1953,9190,124,-1118,1202,830,-424,-839
2025-11-10T20:17:05.858660,80,342,218,870,193,77,287,315,12840,-4071,-1992,9112,416,-948,1275,838,-301,-695
2025-11-10T20:17:05.881302,80,341,210,841,178,74,340,311,12934,-3895,-2026,9047,498,-674,1243,728,-267,-577
2025-11-10T20:17:05.895564,71,343,208,835,162,74,329,239,13005,-3753,-2089,8991,584,-523,1189,404,-288,-475
2025-11-10T20:17:05.918910,102,235,304,789,156,84,316,245,13065,-3634,-2161,8936,764,-295,1163,170,-191,-394
2025-11-10T20:17:05.941354,127,207,395,588,141,147,298,245,13094,-3569,-2240,8901,860,-172,1212,-186,-69,-160
2025-11-10T20:17:05.963385,129,268,515,416,176,194,269,231,13086,-3580,-2322,8886,826,-261,1214,-532,79,90
2025-11-10T20:17:05.978851,139,302,636,347,185,222,120,228,13059,-3661,-2427,8865,821,-287,1245,-949,170,152
2025-11-10T20:17:06.001342,161,295,729,362,217,303,110,142,12995,-3842,-2581,8839,733,-421,1155,-1525,180,248
2025-11-10T20:17:06.015168,146,292,754,389,273,360,108,112,12882,-4132,-2769,8817,600,-714,1000,-2019,36,300
2025-11-10T20:17:06.038821,129,336,898,385,271,347,107,92,12743,-4428,-2973,8809,544,-1159,1006,-2082,-67,420
2025-11-10T20:17:06.061362,131,305,942,373,274,358,103,87,12601,-4682,-3126,8829,347,-1513,1142,-1707,-36,570
2025-11-10T20:17:06.075236,130,276,972,353,266,394,101,86,12451,-4930,-3246,8863,3,-1696,1147,-1366,33,698
2025-11-10T20:17:06.098381,105,288,975,319,251,349,78,86,12299,-5177,-3357,8894,-222,-1664,973,-1324,-10,626
2025-11-10T20:17:06.120926,108,304,970,307,191,306,65,74,12139,-5418,-3472,8925,-273,-1724,859,-1298,-72,627
2025-11-10T20:17:06.135592,133,256,867,401,200,347,67,74,11960,-5637,-3580,8989,-458,-1738,883,-1212,-250,742
2025-11-10T20:17:06.159094,139,277,866,496,165,345,70,72,11775,-5811,-3651,9093,-666,-1901,1165,-961,-372,873
2025-11-10T20:17:06.181292,167,325,916,639,189,319,74,67,11589,-5950,-3721,9213,-890,-1881,1193,-844,-578,807
2025-11-10T20:17:06.195588,194,334,982,684,190,312,84,76,11414,-6046,-3804,9334,-864,-1763,1233,-769,-724,710
2025-11-10T20:17:06.219401,244,360,1085,732,188,323,83,85,11250,-6126,-3884,9446,-657,-1792,1158,-657,-656,716
2025-11-10T20:17:06.241266,250,422,1134,821,188,280,87,182,11093,-6200,-3936,9561,-678,-1569,1272,-666,-553,744
2025-11-10T20:17:06.255636,304,492,1228,805,187,250,89,266,10934,-6302,-3965,9666,-860,-1618,1325,-730,-396,732
2025-11-10T20:17:06.278925,314,468,1158,817,161,223,92,357,10794,-6369,-4011,9761,-906,-1593,1516,-739,-521,531
2025-11-10T20:17:06.301458,330,464,1136,811,162,214,127,486,10663,-6406,-4092,9846,-697,-1783,1416,-646,-647,459
2025-11-10T20:17:06.315328,301,443,1154,819,207,202,131,533,10574,-6377,-4136,9941,-619,-1557,1373,-227,-676,352
2025-11-10T20:17:06.338914,312,399,1113,706,218,207,133,577,10511,-6344,-4168,10016,-440,-1522,1405,-169,-501,294
2025-11-10T20:17:06.361734,264,311,971,730,215,194,133,594,10457,-6338,-4209,10060,-414,-1549,1441,-328,-357,187
2025-11-10T20:17:06.375224,272,377,945,681,216,180,164,645,10401,-6345,-4256,10093,-319,-1554,1409,-411,-282,202
2025-11-10T20:17:06.398765,278,435,928,706,214,200,173,692,10352,-6357,-4308,10114,-293,-1683,1491,-443,-229,154
2025-11-10T20:17:06.421507,294,554,791,665,174,176,176,695,10314,-6381,-4387,10104,-187,-1614,1398,-602,-177,0
2025-11-10T20:17:06.443742,338,540,893,689,144,154,173,674,10288,-6410,-4465,10078,-57,-1673,1318,-560,-75,-25
2025-11-10T20:17:06.458778,408,542,914,665,143,169,174,647,10256,-6438,-4545,10057,-102,-1792,1176,-491,-128,-13
2025-11-10T20:17:06.481235,396,660,1022,608,144,168,146,584,10243,-6432,-4601,10048,-17,-1868,1153,-195,-141,8
2025-11-10T20:17:06.503426,400,668,987,543,125,148,97,516,10258,-6400,-4615,10047,29,-1657,1165,49,-43,-6
2025-11-10T20:17:06.517304,400,587,987,570,110,131,89,486,10259,-6404,-4626,10039,-26,-1572,1170,-135,65,43
2025-11-10T20:17:06.540983,401,686,880,585,132,133,88,451,10237,-6443,-4655,10023,-179,-1662,1077,-323,56,48
2025-11-10T20:17:06.563427,348,682,821,648,129,112,80,478,10231,-6464,-4686,10000,-180,-1697,1077,-237,25,-60
2025-11-10T20:17:06.577659,365,586,718,670,127,103,70,451,10234,-6472,-4701,9986,-167,-1830,1099,-79,37,-33
2025-11-10T20:17:06.601338,337,661,716,673,122,86,66,329,10252,-6455,-4677,9989,-230,-1680,1174,127,65,-17
2025-11-10T20:17:06.623913,342,680,718,621,127,83,57,293,10245,-6459,-4668,9998,-303,-1649,1157,-42,2,51
2025-11-10T20:17:06.638914,291,588,751,640,109,88,54,275,10244,-6459,-4654,10005,-253,-1749,1267,-19,46,67
2025-11-10T20:17:06.660223,298,620,735,511,96,83,52,205,10264,-6450,-4612,10010,-200,-1745,1303,131,168,58
2025-11-10T20:17:06.681472,284,582,666,472,82,80,54,168,10297,-6443,-4549,10009,-177,-1582,1333,171,294,43
2025-11-10T20:17:06.695668,303,481,598,469,84,83,64,222,10327,-6457,-4481,10001,-258,-1642,1394,84,379,46
2025-11-10T20:17:06.721132,333,486,534,522,84,89,74,280,10359,-6482,-4411,9982,-301,-1689,1404,54,445,14
2025-11-10T20:17:06.743951,326,505,452,427,76,65,127,283,10417,-6475,-4326,9963,-241,-1686,1511,240,455,-62
2025-11-10T20:17:06.758096,339,521,497,486,77,62,173,333,10477,-6459,-4212,9960,-387,-1713,1558,396,455,-22
2025-11-10T20:17:06.781218,327,600,532,475,86,62,186,395,10545,-6420,-4081,9968,-492,-1755,1521,617,395,-35
2025-11-10T20:17:06.803876,318,606,588,552,104,66,208,476,10626,-6374,-3940,9968,-508,-1741,1428,756,426,-100
2025-11-10T20:17:06.825186,259,559,642,538,102,55,214,457,10797,-6285,-3657,9948,-526,-1706,1319,838,471,-178
2025-11-10T20:17:06.844400,251,555,612,578,131,73,236,479,10900,-6227,-3501,9929,-477,-1667,1243,985,503,-200
2025-11-10T20:17:06.862570,212,498,591,612,167,77,250,449,11026,-6144,-3322,9903,-514,-1554,1291,1161,542,-299
2025-11-10T20:17:06.885382,197,388,541,754,223,79,297,424,11148,-6055,-3156,9875,-609,-1564,1264,1169,430,-364
2025-11-10T20:17:06.904847,167,327,572,758,233,80,393,306,11278,-5947,-3006,9840,-538,-1472,1252,1196,346,-445
2025-11-10T20:17:06.923119,176,389,595,893,300,86,406,304,11383,-5865,-2913,9796,-687,-1639,1243,919,147,-522
2025-11-10T20:17:06.945589,168,399,623,971,347,84,395,263,11479,-5750,-2843,9773,-573,-1640,1119,1050,-82,-444
2025-11-10T20:17:06.965291,127,407,608,971,362,117,380,349,11604,-5573,-2748,9755,-369,-1463,1065,1408,-108,-479
2025-11-10T20:17:06.982969,128,416,626,890,370,126,350,345,11745,-5375,-2640,9728,-225,-1279,1273,1440,-27,-529
2025-11-10T20:17:07.005340,125,407,633,969,443,141,261,356,11867,-5233,-2555,9680,-286,-1360,1274,1140,52,-558
2025-11-10T20:17:07.024447,101,358,677,921,441,146,279,364,11953,-5105,-2493,9658,-445,-1401,1322,979,-141,-418
2025-11-10T20:17:07.042442,95,312,661,858,399,142,342,425,12010,-4963,-2450,9672,-308,-1411,1207,1022,-305,-178
2025-11-10T20:17:07.065563,97,280,681,931,389,120,379,399,12081,-4785,-2360,9695,-273,-1416,1392,1315,-214,-124
2025-11-10T20:17:07.088091,90,220,672,929,366,110,402,370,12198,-4583,-2203,9683,-310,-1239,1602,1577,71,-353
2025-11-10T20:17:07.103098,88,184,575,820,266,100,385,355,12342,-4405,-2057,9615,-484,-1102,1581,1418,122,-738
2025-11-10T20:17:07.125597,81,151,405,928,234,96,360,333,12463,-4281,-2028,9521,-535,-1144,1473,816,-207,-922
2025-11-10T20:17:07.144844,82,183,333,966,264,96,320,255,12562,-4142,-2073,9443,-87,-1214,1486,659,-424,-777
2025-11-10T20:17:07.163103,73,280,271,924,261,91,273,133,12659,-3982,-2125,9369,192,-1190,1318,780,-424,-709
2025-11-10T20:17:07.184955,81,295,252,969,257,93,340,227,12762,-3787,-2128,9310,269,-1097,1336,1076,-314,-617
2025-11-10T20:17:07.203391,74,303,283,1046,291,82,363,238,12862,-3573,-2093,9265,387,-910,1401,1200,-176,-494
2025-11-10T20:17:07.220704,71,298,250,880,267,74,367,269,12932,-3379,-2062,9247,430,-733,1378,1026,-178,-277
2025-11-10T20:17:07.243525,72,286,341,875,255,83,392,274,12990,-3193,-2039,9237,472,-513,1346,875,-184,-209
2025-11-10T20:17:07.264762,65,187,318,800,252,83,391,284,13042,-3017,-2015,9228,598,-425,1418,780,-99,-153
2025-11-10T20:17:07.283147,58,219,318,738,254,78,293,216,13083,-2862,-2002,9223,624,-260,1351,591,-89,-104
2025-11-10T20:17:07.305149,90,233,312,595,206,73,249,193,13118,-2749,-2021,9203,719,20,1305,161,-47,-133
2025-11-10T20:17:07.325173,86,235,331,606,221,86,236,146,13132,-2741,-2092,9169,767,11,1238,-477,72,-98
2025-11-10T20:17:07.342598,90,238,285,475,199,90,121,138,13135,-2831,-2208,9111,730,-113,1235,-1037,163,-151
2025-11-10T20:17:07.365633,98,350,501,474,183,197,96,143,13123,-2997,-2375,9032,650,-254,1303,-1533,132,-199
2025-11-10T20:17:07.384844,100,335,515,424,182,266,99,137,13072,-3277,-2555,8959,625,-495,1269,-1949,161,-91
2025-11-10T20:17:07.403056,74,323,524,415,189,284,96,141,13000,-3596,-2733,8889,532,-830,1188,-2102,250,18
2025-11-10T20:17:07.425451,124,380,658,351,171,339,98,135,12906,-3929,-2893,8834,444,-1027,1051,-2097,328,184
2025-11-10T20:17:07.445239,126,399,744,431,178,371,99,115,12794,-4264,-3027,8797,352,-1292,1006,-2013,400,351
2025-11-10T20:17:07.463322,141,347,763,441,200,340,96,81,12661,-4582,-3159,8784,98,-1509,1007,-1926,268,489
2025-11-10T20:17:07.485586,143,342,954,444,203,329,96,69,12504,-4850,-3293,8815,-114,-1721,1044,-1692,-4,678
2025-11-10T20:17:07.504925,151,357,1045,436,214,395,96,66,12333,-5097,-3417,8870,-175,-1799,1006,-1328,-125,778
2025-11-10T20:17:07.523059,144,351,1004,432,212,374,83,72,12157,-5313,-3521,8944,-257,-1718,907,-1139,-200,848
2025-11-10T20:17:07.545560,153,330,1039,492,208,341,77,69,11975,-5523,-3599,9032,-381,-1680,1029,-1126,-170,929
2025-11-10T20:17:07.564783,144,319,1009,533,187,356,73,60,11779,-5726,-3655,9140,-649,-1724,1245,-1131,-238,987
2025-11-10T20:17:07.583082,164,374,967,542,178,411,76,68,11574,-5922,-3739,9243,-806,-1821,1175,-1182,-413,884
2025-11-10T20:17:07.605153,164,390,960,561,168,381,74,67,11381,-6083,-3840,9335,-686,-1843,1149,-1099,-492,779
2025-11-10T20:17:07.628253,149,364,992,656,182,379,83,68,11210,-6239,-3911,9409,-593,-1850,1053,-943,-290,743
2025-11-10T20:17:07.642563,152,398,929,666,176,381,109,274,11046,-6354,-3946,9511,-823,-1758,1229,-743,-381,760
2025-11-10T20:17:07.665935,181,403,999,666,176,366,120,292,10891,-6418,-3964,9639,-962,-1710,1437,-554,-546,735
2025-11-10T20:17:07.684793,167,355,947,717,163,281,114,301,10754,-6450,-3999,9757,-881,-1582,1438,-519,-631,593
2025-11-10T20:17:07.702713,192,377,1012,812,170,354,115,305,10638,-6480,-4060,9837,-657,-1712,1420,-560,-546,437
2025-11-10T20:17:07.725561,190,369,1045,747,153,335,112,305,10563,-6472,-4084,9913,-498,-1559,1463,-284,-415,374
2025-11-10T20:17:07.744728,191,347,1056,742,173,348,109,221,10498,-6486,-4109,9963,-438,-1523,1373,-352,-259,304
2025-11-10T20:17:07.762827,173,320,944,718,202,387,121,310,10425,-6507,-4152,10008,-559,-1597,1473,-494,-326,237
2025-11-10T20:17:07.784976,176,408,931,699,215,383,134,317,10387,-6493,-4189,10042,-403,-1561,1542,-329,-295,106
2025-11-10T20:17:07.804819,170,440,867,637,204,268,132,320,10359,-6488,-4247,10049,-293,-1561,1532,-450,-231,-14
2025-11-10T20:17:07.823089,202,468,800,668,201,257,132,330,10333,-6492,-4305,10049,-301,-1706,1401,-391,-204,-25
2025-11-10T20:17:07.845624,227,551,769,595,188,272,120,318,10316,-6481,-4342,10057,-338,-1824,1321,-167,-205,-9
2025-11-10T20:17:07.864793,233,569,829,567,163,214,97,345,10311,-6451,-4359,10074,-278,-1761,1223,38,-189,12
2025-11-10T20:17:07.882593,240,540,819,658,171,220,78,404,10317,-6412,-4381,10084,-141,-1705,1196,67,-174,-25
2025-11-10T20:17:07.905609,276,557,917,707,201,217,81,422,10322,-6388,-4415,10078,36,-1568,1123,-66,-83,-8
2025-11-10T20:17:07.924861,336,642,931,741,213,229,90,430,10303,-6403,-4473,10063,14,-1675,1028,-284,-68,40
2025-11-10T20:17:07.942531,321,583,1009,798,238,202,91,415,10277,-6420,-4524,10056,-162,-1788,948,-203,-120,36
2025-11-10T20:17:07.965509,369,627,1057,828,237,187,89,329,10264,-6407,-4555,10063,-226,-1761,928,20,-193,7
2025-11-10T20:17:07.984335,393,688,1135,759,234,204,105,291,10264,-6379,-4577,10072,-136,-1650,960,85,-169,-5
2025-11-10T20:17:08.003068,365,644,1031,746,214,212,109,258,10253,-6385,-4600,10069,-169,-1605,971,-100,-49,22
2025-11-10T20:17:08.025552,396,614,1047,726,216,198,102,240,10220,-6427,-4627,10063,-324,-1603,941,-280,-19,64
2025-11-10T20:17:08.044460,425,620,1098,715,200,179,100,232,10181,-6476,-4654,10059,-326,-1813,966,-282,-3,118
2025-11-10T20:17:08.062926,439,662,1066,724,194,172,102,229,10166,-6498,-4642,10065,-337,-1758,1013,-15,58,112
2025-11-10T20:17:08.085481,445,588,1022,753,174,160,84,154,10154,-6513,-4613,10081,-353,-1657,1055,34,76,146
2025-11-10T20:17:08.105024,457,608,1000,744,183,151,88,159,10146,-6527,-4598,10087,-293,-1647,1084,-28,77,98
2025-11-10T20:17:08.123051,387,535,1034,734,164,157,88,145,10136,-6539,-4599,10088,-239,-1666,1143,-113,41,80
2025-11-10T20:17:08.145567,364,597,911,700,155,163,83,141,10119,-6540,-4611,10099,-229,-1747,1170,-108,-62,104
2025-11-10T20:17:08.164955,340,511,856,678,162,170,82,101,10111,-6512,-4614,10125,-67,-1660,1215,27,-102,165
2025-11-10T20:17:08.182855,323,541,781,599,157,122,80,149,10104,-6493,-4602,10149,-124,-1616,1204,42,-29,174
2025-11-10T20:17:08.205355,330,638,824,563,165,118,76,167,10095,-6477,-4593,10172,-256,-1692,1210,42,-71,124
2025-11-10T20:17:08.224750,412,733,720,578,176,111,70,166,10106,-6448,-4570,10189,-142,-1666,1203,168,13,94
2025-11-10T20:17:08.242747,408,703,710,530,165,94,73,198,10124,-6432,-4533,10199,-215,-1643,1254,154,115,61
2025-11-10T20:17:08.265594,402,698,687,524,152,87,72,220,10138,-6416,-4500,10209,-235,-1687,1282,138,94,67
2025-11-10T20:17:08.284906,401,722,777,601,159,100,84,203,10161,-6387,-4464,10221,-182,-1682,1277,221,81,52
2025-11-10T20:17:08.303035,408,621,714,671,128,85,84,228,10182,-6366,-4416,10234,-243,-1688,1273,246,128,70
2025-11-10T20:17:08.325583,328,514,673,656,105,83,99,265,10207,-6333,-4353,10256,-261,-1636,1304,338,122,98
2025-11-10T20:17:08.347792,323,473,643,645,99,81,109,279,10237,-6294,-4280,10280,-299,-1613,1347,399,135,85
2025-11-10T20:17:08.362621,283,483,647,677,111,80,109,308,10281,-6257,-4198,10293,-307,-1591,1384,424,213,15
2025-11-10T20:17:08.385472,324,519,569,633,91,59,119,370,10350,-6226,-4096,10284,-307,-1592,1451,481,397,-96
2025-11-10T20:17:08.408032,340,624,624,574,87,59,116,367,10413,-6205,-3989,10275,-356,-1609,1414,487,426,-59
2025-11-10T20:17:08.435106,325,638,624,527,90,62,108,352,10481,-6183,-3887,10258,-328,-1490,1283,498,421,-113
2025-11-10T20:17:08.445590,321,638,595,574,97,62,96,339,10561,-6171,-3789,10221,-418,-1504,1259,471,472,-260
2025-11-10T20:17:08.468083,315,635,588,601,90,51,120,328,10644,-6167,-3699,10170,-562,-1612,1232,464,454,-371
2025-11-10T20:17:08.486774,250,561,568,688,94,46,118,264,10751,-6127,-3593,10119,-402,-1559,1287,669,473,-405
2025-11-10T20:17:08.505488,171,433,448,617,138,44,123,242,10843,-6099,-3494,10073,-522,-1533,1142,639,406,-387
2025-11-10T20:17:08.527976,155,388,447,613,138,42,149,229,10910,-6084,-3440,10028,-523,-1445,1185,341,255,-379
2025-11-10T20:17:08.547261,153,425,476,583,138,42,217,267,10968,-6103,-3411,9962,-598,-1532,1054,166,267,-460
2025-11-10T20:17:08.565447,151,399,440,624,175,45,234,269,11035,-6095,-3379,9903,-583,-1777,1099,381,191,-467
2025-11-10T20:17:08.588058,140,375,334,538,194,58,231,260,11165,-5982,-3264,9865,-297,-1721,1310,1132,294,-436
2025-11-10T20:17:08.607011,133,363,465,601,177,64,233,261,11299,-5855,-3080,9848,-431,-1442,1380,1347,427,-321
2025-11-10T20:17:08.625353,136,388,463,631,179,78,232,350,11397,-5760,-2935,9835,-557,-1274,1406,972,296,-283
2025-11-10T20:17:08.650036,134,340,442,689,220,143,204,457,11486,-5715,-2817,9793,-449,-1339,1350,699,435,-317
2025-11-10T20:17:08.667693,115,368,449,699,220,160,177,448,11568,-5700,-2710,9735,-554,-1433,1326,576,482,-379
2025-11-10T20:17:08.685043,107,389,468,734,212,161,214,471,11662,-5689,-2614,9656,-589,-1610,1439,554,497,-506
2025-11-10T20:17:08.708136,106,483,369,739,213,164,220,472,11746,-5654,-2536,9594,-574,-1724,1363,678,300,-445
2025-11-10T20:17:08.727271,99,464,404,912,262,164,221,425,11833,-5562,-2436,9568,-591,-1586,1360,976,122,-336
2025-11-10T20:17:08.745569,84,463,397,907,260,116,272,332,11906,-5459,-2349,9558,-538,-1512,1283,985,3,-242
2025-11-10T20:17:08.767991,99,508,422,1016,262,102,284,317,11983,-5336,-2248,9555,-484,-1438,1335,1092,9,-206
2025-11-10T20:17:08.787041,123,543,401,1029,317,142,287,296,12082,-5186,-2144,9537,-401,-1341,1438,1192,13,-328
2025-11-10T20:17:08.805597,143,529,342,994,328,152,299,331,12179,-5053,-2096,9495,-367,-1163,1233,932,-131,-520
2025-11-10T20:17:08.828112,143,541,381,955,317,150,408,328,12253,-4943,-2105,9456,-39,-1237,1263,646,-182,-399
2025-11-10T20:17:08.847264,149,538,407,1080,313,151,392,258,12288,-4823,-2076,9479,63,-1502,1266,918,-152,84
2025-11-10T20:17:08.865480,140,476,372,904,291,146,392,261,12336,-4641,-1965,9531,-260,-1262,1411,1360,-173,146
2025-11-10T20:17:08.888022,118,397,401,920,292,108,375,241,12411,-4433,-1859,9554,-476,-1122,1456,1432,-320,-175
2025-11-10T20:17:08.907467,85,273,412,971,303,95,383,236,12516,-4178,-1778,9547,-322,-1008,1503,1543,-454,-434
2025-11-10T20:17:08.929832,92,243,335,885,290,89,357,242,12635,-3912,-1762,9506,-115,-810,1370,1348,-640,-680
2025-11-10T20:17:08.948037,82,231,288,679,274,88,394,244,12753,-3666,-1815,9436,298,-559,1333,926,-655,-801
2025-11-10T20:17:08.967275,84,249,283,708,300,85,385,242,12852,-3453,-1886,9368,805,-442,1354,651,-419,-615
2025-11-10T20:17:08.985235,81,239,228,612,235,77,429,247,12916,-3289,-1932,9329,998,-89,1269,359,-128,-290
2025-11-10T20:17:09.017411,69,237,190,503,193,84,415,218,12948,-3239,-1961,9297,802,-166,1330,-103,183,-108
2025-11-10T20:17:09.026640,69,256,216,389,179,103,335,181,12969,-3245,-1984,9261,755,-194,1392,-347,367,-61
2025-11-10T20:17:09.045569,92,283,312,354,175,132,251,179,12969,-3344,-2042,9213,654,-174,1280,-895,453,-43
2025-11-10T20:17:09.068053,96,251,318,288,146,163,255,183,12930,-3566,-2170,9155,675,-454,1231,-1588,516,58
2025-11-10T20:17:09.087399,104,292,420,260,198,212,166,166,12850,-3866,-2289,9116,552,-801,1097,-1808,470,198
2025-11-10T20:17:09.105650,111,323,522,252,214,222,138,118,12755,-4158,-2414,9089,430,-895,1115,-1802,379,276
2025-11-10T20:17:09.128001,149,418,643,256,237,237,122,123,12641,-4457,-2549,9070,352,-1027,980,-1867,316,363
2025-11-10T20:17:09.147282,140,420,749,270,231,251,125,101,12505,-4746,-2693,9070,335,-1318,846,-1833,202,491
2025-11-10T20:17:09.165525,153,426,807,238,224,249,113,81,12346,-5015,-2845,9096,75,-1570,868,-1522,68,699
2025-11-10T20:17:09.187737,152,404,846,287,181,250,103,75,12190,-5212,-2924,9171,-345,-1690,1024,-966,-90,815
2025-11-10T20:17:09.207285,157,384,845,428,189,259,107,81,12052,-5360,-2990,9247,-508,-1554,989,-749,-227,675
2025-11-10T20:17:09.225580,132,270,808,474,175,244,104,64,11914,-5502,-3069,9316,-507,-1454,960,-830,-282,615
2025-11-10T20:17:09.247789,154,226,788,548,197,220,88,64,11763,-5666,-3143,9385,-603,-1478,1068,-971,-223,653
2025-11-10T20:17:09.270626,150,233,818,597,197,236,79,73,11596,-5848,-3246,9446,-765,-1613,1005,-1136,-338,589
2025-11-10T20:17:09.292567,202,236,807,652,234,210,83,72,11422,-6010,-3370,9513,-899,-1680,1165,-1196,-532,518
2025-11-10T20:17:09.308336,217,257,929,690,235,219,85,74,11263,-6123,-3475,9591,-897,-1712,1336,-978,-588,500
2025-11-10T20:17:09.330289,232,306,1016,708,253,240,88,76,11120,-6210,-3579,9664,-900,-1568,1374,-942,-632,382
2025-11-10T20:17:09.345258,223,290,1055,674,249,252,91,87,10982,-6279,-3701,9731,-839,-1642,1373,-920,-714,313
2025-11-10T20:17:09.367598,341,283,1134,649,249,264,98,130,10854,-6334,-3827,9791,-786,-1736,1299,-820,-728,253
2025-11-10T20:17:09.390185,330,289,1122,667,232,256,94,132,10764,-6353,-3911,9844,-670,-1643,1439,-573,-579,183
2025-11-10T20:17:09.405552,322,290,1049,598,228,247,89,131,10685,-6379,-3982,9885,-660,-1605,1511,-609,-456,140
2025-11-10T20:17:09.428041,313,249,989,571,196,227,86,133,10596,-6419,-4066,9921,-612,-1542,1516,-768,-432,162
2025-11-10T20:17:09.450546,322,278,1081,678,183,210,80,129,10519,-6455,-4157,9941,-520,-1683,1449,-707,-404,91
2025-11-10T20:17:09.465524,208,298,978,720,200,194,67,177,10441,-6485,-4257,9962,-558,-1814,1387,-663,-468,61
2025-11-10T20:17:09.488128,208,340,1014,720,195,196,74,207,10391,-6483,-4341,9979,-408,-1846,1314,-411,-432,2
2025-11-10T20:17:09.512102,221,349,1081,706,184,203,81,221,10358,-6462,-4408,9998,-203,-1756,1273,-254,-362,45
2025-11-10T20:17:09.525011,228,410,1182,783,212,205,86,221,10316,-6460,-4467,10016,-112,-1663,1291,-353,-255,146
2025-11-10T20:17:09.548074,253,398,1058,715,225,209,88,223,10288,-6479,-4511,10013,-157,-1714,1271,-361,-77,76
2025-11-10T20:17:09.574736,329,405,1117,670,214,193,86,159,10267,-6489,-4566,10003,-163,-1670,1249,-373,-121,-22
2025-11-10T20:17:09.585345,334,430,1123,676,197,198,80,133,10234,-6501,-4621,10003,-216,-1849,1215,-333,-182,46
2025-11-10T20:17:09.607888,395,422,1107,728,194,177,75,113,10221,-6485,-4652,10013,-111,-1709,1156,-102,-153,53
2025-11-10T20:17:09.630254,412,380,976,670,175,166,75,114,10200,-6472,-4677,10031,-152,-1740,1164,-95,-170,112
2025-11-10T20:17:09.645491,410,552,972,753,163,158,75,112,10174,-6471,-4701,10047,-173,-1693,1144,-156,-130,133
2025-11-10T20:17:09.668069,368,588,952,790,156,130,69,114,10143,-6487,-4719,10060,-195,-1669,1140,-221,-62,162
2025-11-10T20:17:09.690671,384,549,917,730,169,142,72,102,10111,-6504,-4746,10068,-235,-1740,1042,-194,-98,119
2025-11-10T20:17:09.705668,325,641,861,816,183,161,71,106,10106,-6506,-4748,10072,-220,-1758,1056,-14,-3,53
2025-11-10T20:17:09.727758,389,671,943,856,159,173,67,107,10106,-6515,-4740,10069,-197,-1746,1061,-9,86,58
2025-11-10T20:17:09.750363,370,549,962,787,151,182,62,128,10103,-6529,-4731,10067,-184,-1598,1061,-67,106,82
2025-11-10T20:17:09.765503,353,507,937,821,155,184,62,147,10101,-6550,-4726,10058,-129,-1592,1126,-148,153,78
2025-11-10T20:17:09.788036,341,541,912,807,141,183,54,140,10102,-6567,-4733,10042,-130,-1692,1163,-174,118,14
2025-11-10T20:17:09.810209,349,427,836,695,123,164,55,159,10128,-6552,-4707,10038,-72,-1792,1266,112,164,32
2025-11-10T20:17:09.825538,239,354,723,674,124,149,56,157,10177,-6523,-4644,10037,-49,-1668,1370,265,289,24
2025-11-10T20:17:09.847951,241,367,659,632,116,133,54,142,10222,-6526,-4579,10019,-107,-1630,1384,117,424,8
2025-11-10T20:17:09.870530,224,345,620,558,101,128,50,146,10257,-6557,-4522,9989,-208,-1698,1388,-26,471,-10
2025-11-10T20:17:09.886034,291,293,582,664,105,84,84,196,10299,-6594,-4447,9955,-303,-1808,1389,51,554,-33
2025-11-10T20:17:09.907800,287,282,581,624,87,56,91,206,10356,-6616,-4348,9925,-393,-1824,1367,249,579,-65
2025-11-10T20:17:09.930316,298,335,643,546,81,55,97,230,10438,-6613,-4212,9900,-449,-1755,1405,508,637,-111
2025-11-10T20:17:09.945272,301,298,599,605,84,57,101,238,10502,-6607,-4079,9892,-540,-1707,1253,555,515,-40
2025-11-10T20:17:09.968068,331,286,547,648,88,58,111,281,10578,-6608,-3969,9855,-390,-1668,1142,487,575,-156
2025-11-10T20:17:09.990554,290,258,528,607,90,54,104,261,10647,-6630,-3875,9803,-388,-1655,1013,383,605,-195
2025-11-10T20:17:10.005558,275,262,536,635,88,57,206,290,10707,-6658,-3786,9753,-479,-1570,997,308,563,-201
2025-11-10T20:17:10.027569,275,182,504,680,88,59,209,282,10778,-6653,-3726,9701,-475,-1653,1000,386,361,-340
2025-11-10T20:17:10.050533,273,270,517,665,109,51,212,275,10849,-6598,-3686,9674,-466,-1920,985,631,67,-331
2025-11-10T20:17:10.065478,260,406,647,664,155,65,215,229,10923,-6486,-3661,9676,-370,-1679,990,779,-213,-326
2025-11-10T20:17:10.087779,230,452,669,661,178,67,212,228,10996,-6371,-3604,9692,-322,-1454,1029,834,-126,-209
2025-11-10T20:17:10.110396,218,457,674,624,178,63,116,168,11049,-6288,-3525,9715,-448,-1559,1163,748,-13,-67
2025-11-10T20:17:10.125584,205,465,654,559,184,62,111,173,11105,-6215,-3439,9729,-484,-1674,1303,726,80,-89
2025-11-10T20:17:10.147971,193,437,660,560,184,61,121,275,11175,-6123,-3321,9749,-508,-1707,1384,940,127,-66
2025-11-10T20:17:10.170279,158,339,499,566,165,66,113,303,11275,-6005,-3153,9762,-488,-1467,1382,1204,288,-125
2025-11-10T20:17:10.185640,133,301,487,503,148,65,120,338,11389,-5911,-2993,9738,-493,-1331,1381,1050,429,-311
2025-11-10T20:17:10.207926,132,307,479,656,181,74,150,416,11492,-5864,-2882,9678,-554,-1617,1414,752,429,-463
2025-11-10T20:17:10.230361,138,404,434,698,208,80,169,509,11577,-5809,-2794,9635,-585,-1832,1420,782,250,-375
2025-11-10T20:17:10.253178,136,392,378,803,236,96,189,489,11664,-5708,-2679,9624,-561,-1711,1285,1113,131,-250
2025-11-10T20:17:10.268054,132,378,397,789,228,87,204,470,11754,-5562,-2548,9636,-555,-1515,1306,1320,9,-183
2025-11-10T20:17:10.290858,114,363,419,871,232,85,198,444,11851,-5387,-2429,9647,-592,-1495,1377,1404,-145,-276
2025-11-10T20:17:10.313453,115,364,589,1076,291,105,191,383,11959,-5201,-2320,9642,-569,-1447,1319,1448,-190,-390
2025-11-10T20:17:10.327781,92,253,570,1113,284,108,187,246,12072,-4989,-2222,9636,-532,-1370,1344,1523,-307,-456
2025-11-10T20:17:10.350424,83,235,548,1017,259,97,200,192,12199,-4716,-2116,9638,-381,-1298,1389,1721,-381,-436
2025-11-10T20:17:10.373686,83,224,541,1059,268,95,191,182,12326,-4420,-2014,9638,-403,-1249,1442,1809,-480,-480
2025-11-10T20:17:10.385669,81,217,546,1110,277,102,234,225,12468,-4099,-1939,9613,-325,-1097,1413,1820,-620,-686
2025-11-10T20:17:10.408490,71,173,361,912,210,92,297,236,12611,-3769,-1881,9573,-108,-976,1412,1787,-681,-772
2025-11-10T20:17:10.431328,68,131,355,943,238,88,306,233,12735,-3462,-1813,9537,-48,-1039,1516,1713,-577,-664
2025-11-10T20:17:10.447607,75,126,383,1075,263,85,330,239,12844,-3190,-1771,9494,-8,-934,1522,1523,-544,-634
2025-11-10T20:17:10.470555,75,123,426,1120,302,93,424,248,12934,-2919,-1758,9461,174,-800,1404,1397,-618,-532
2025-11-10T20:17:10.493161,84,117,429,1067,352,107,486,230,13004,-2658,-1745,9445,302,-767,1371,1361,-565,-364
2025-11-10T20:17:10.507890,84,112,434,1085,355,103,465,278,13059,-2399,-1709,9445,417,-671,1454,1376,-426,-217
2025-11-10T20:17:10.527983,105,113,453,1070,346,109,498,287,13092,-2141,-1653,9471,464,-467,1557,1335,-353,-12
2025-11-10T20:17:10.552612,103,115,437,965,334,110,511,323,13112,-1898,-1612,9502,583,-355,1547,1185,-336,64
2025-11-10T20:17:10.568081,102,118,389,821,295,108,439,323,13124,-1678,-1581,9533,796,-21,1462,898,-202,121
2025-11-10T20:17:10.590592,92,139,322,736,219,90,360,306,13119,-1527,-1567,9567,899,140,1359,469,-9,230
2025-11-10T20:17:10.613163,98,239,286,607,198,78,336,251,13105,-1451,-1543,9602,880,294,1280,96,261,302
2025-11-10T20:17:10.628061,116,310,243,469,163,75,266,228,13086,-1476,-1556,9621,828,283,1267,-478,405,276
2025-11-10T20:17:10.650581,141,350,350,414,142,107,170,179,13077,-1606,-1622,9602,732,231,1171,-1108,498,90
2025-11-10T20:17:10.681267,144,367,375,410,134,174,167,202,13061,-1908,-1751,9546,752,127,1050,-1871,527,-68
2025-11-10T20:17:10.687910,180,375,437,405,142,278,135,198,13023,-2313,-1941,9472,757,-176,981,-2521,590,-57
2025-11-10T20:17:10.709995,181,432,593,345,149,356,128,172,12946,-2799,-2165,9396,695,-443,1000,-3006,668,91
2025-11-10T20:17:10.732511,255,429,723,324,158,401,143,168,12826,-3323,-2391,9335,616,-931,867,-3151,726,324
2025-11-10T20:17:10.748041,255,438,784,329,176,410,142,145,12681,-3804,-2590,9297,461,-1177,857,-2865,646,500
2025-11-10T20:17:10.770602,263,447,845,327,177,420,125,91,12533,-4205,-2743,9282,267,-1355,843,-2348,531,584
2025-11-10T20:17:10.793110,282,485,948,387,202,405,119,193,12371,-4547,-2899,9290,-161,-1574,845,-2091,244,643
2025-11-10T20:17:10.808066,437,467,972,390,218,376,113,210,12203,-4836,-3048,9318,-481,-1789,904,-1820,36,675
2025-11-10T20:17:10.830199,395,440,1048,459,218,392,90,210,12020,-5138,-3166,9356,-551,-1898,979,-1504,33,734
2025-11-10T20:17:10.852622,411,428,1043,524,220,404,78,214,11833,-5428,-3248,9401,-710,-1751,984,-1438,88,773
2025-11-10T20:17:10.872339,418,489,1074,678,226,397,75,216,11641,-5716,-3333,9441,-797,-1626,1086,-1579,61,724
2025-11-10T20:17:10.890294,401,479,1019,774,220,363,67,125,11458,-5940,-3467,9479,-987,-1838,1275,-1608,-158,664
2025-11-10T20:17:10.913189,246,448,984,785,217,343,66,93,11283,-6135,-3551,9533,-1015,-1859,1518,-1327,-254,552
2025-11-10T20:17:10.927559,240,456,875,829,214,277,68,113,11144,-6273,-3602,9587,-939,-1825,1566,-979,-218,467
2025-11-10T20:17:10.958829,227,452,920,845,193,251,74,143,11020,-6398,-3655,9628,-904,-1696,1536,-976,-200,363
2025-11-10T20:17:10.973103,208,378,924,816,186,222,77,146,10907,-6502,-3726,9660,-903,-1771,1597,-965,-285,229
2025-11-10T20:17:10.987850,219,372,946,753,164,218,88,157,10790,-6593,-3814,9694,-947,-1751,1526,-975,-411,175
2025-11-10T20:17:11.010598,252,379,970,889,145,212,98,167,10679,-6661,-3926,9727,-880,-1699,1392,-933,-549,88
2025-11-10T20:17:11.033459,275,436,969,844,155,221,118,287,10584,-6694,-4059,9753,-698,-1840,1277,-770,-655,5
2025-11-10T20:17:11.047896,308,425,873,839,154,267,124,292,10526,-6696,-4153,9775,-442,-1929,1285,-437,-481,31
2025-11-10T20:17:11.070585,317,450,934,775,186,268,122,291,10505,-6655,-4170,9818,-404,-1760,1505,-60,-314,100
2025-11-10T20:17:11.093088,309,446,968,728,201,269,118,287,10465,-6640,-4183,9865,-457,-1544,1589,-277,-254,177
2025-11-10T20:17:11.108035,285,460,981,577,214,253,116,300,10392,-6670,-4252,9892,-470,-1664,1459,-644,-320,167
2025-11-10T20:17:11.130528,329,431,1019,560,214,260,96,197,10323,-6677,-4325,9929,-460,-1940,1319,-414,-436,166
2025-11-10T20:17:11.153143,295,435,1055,571,228,216,80,172,10296,-6621,-4373,9973,-355,-1874,1195,36,-504,53
2025-11-10T20:17:11.175452,291,406,935,586,210,197,85,276,10295,-6543,-4398,10014,-221,-1783,1118,266,-419,24
2025-11-10T20:17:11.190440,285,389,904,568,186,183,84,281,10296,-6486,-4407,10046,-160,-1597,1154,163,-252,59
2025-11-10T20:17:11.213136,347,354,900,556,163,180,82,285,10275,-6487,-4427,10058,-220,-1579,1027,-96,-109,99
2025-11-10T20:17:11.236008,365,371,952,601,158,139,84,284,10243,-6508,-4462,10062,-271,-1823,1040,-195,-104,102
2025-11-10T20:17:11.250548,470,390,958,508,138,103,91,294,10230,-6496,-4468,10080,-297,-1877,992,114,-126,88
2025-11-10T20:17:11.273073,480,388,1007,497,120,108,94,227,10230,-6457,-4445,10115,-321,-1753,983,346,-149,113
2025-11-10T20:17:11.295516,502,424,1093,602,119,100,95,220,10229,-6425,-4430,10143,-203,-1622,1025,231,-98,125
2025-11-10T20:17:11.311175,482,443,1050,685,125,104,90,197,10207,-6433,-4437,10157,-199,-1661,1011,-45,-37,167
2025-11-10T20:17:11.332801,503,593,945,687,126,103,85,197,10168,-6452,-4444,10181,-255,-1752,995,-71,-65,267
2025-11-10T20:17:11.355045,469,697,989,693,140,126,101,325,10145,-6454,-4429,10210,-309,-1763,1039,96,-45,226
2025-11-10T20:17:11.370550,595,780,1054,716,149,176,117,405,10143,-6426,-4410,10237,-161,-1663,1072,215,-47,170
2025-11-10T20:17:11.392844,646,788,942,686,176,201,125,421,10140,-6411,-4385,10261,-145,-1659,1171,140,34,204
2025-11-10T20:17:11.415591,656,837,1018,643,208,218,125,422,10132,-6417,-4351,10279,-130,-1635,1192,70,153,263
2025-11-10T20:17:11.430338,609,816,1026,586,206,216,125,419,10103,-6442,-4327,10302,-244,-1582,1156,-71,109,306
2025-11-10T20:17:11.453060,638,769,960,670,205,208,112,376,10075,-6462,-4310,10323,-323,-1717,1172,-49,58,256
2025-11-10T20:17:11.475576,539,746,939,718,214,161,83,274,10079,-6445,-4273,10346,-256,-1709,1198,216,60,175
2025-11-10T20:17:11.490582,514,716,888,663,187,121,70,267,10100,-6415,-4215,10368,-251,-1503,1217,311,120,118
2025-11-10T20:17:11.513011,473,677,728,622,141,86,90,308,10123,-6401,-4170,10372,-259,-1512,1276,169,175,49
2025-11-10T20:17:11.532858,491,616,661,666,143,91,93,309,10153,-6393,-4133,10363,-201,-1580,1315,120,230,0
2025-11-10T20:17:11.548332,378,554,605,576,128,77,93,296,10205,-6374,-4083,10343,-148,-1548,1394,209,313,-83
2025-11-10T20:17:11.571438,360,497,477,548,104,97,97,313,10266,-6357,-4027,10315,-142,-1577,1434,222,379,-122
2025-11-10T20:17:11.595547,260,522,478,613,112,101,103,300,10321,-6356,-3955,10289,-249,-1621,1471,217,450,-76
2025-11-10T20:17:11.610601,257,472,518,614,121,97,89,253,10378,-6359,-3873,10261,-347,-1497,1438,223,471,-111
2025-11-10T20:17:11.633580,214,392,523,577,105,85,94,312,10447,-6385,-3795,10203,-428,-1621,1345,199,587,-257
2025-11-10T20:17:11.655605,221,381,515,639,146,85,87,260,10530,-6415,-3711,10129,-440,-1671,1339,234,672,-344
2025-11-10T20:17:11.676211,182,330,435,647,165,54,88,262,10629,-6433,-3600,10054,-472,-1680,1340,416,741,-368
2025-11-10T20:17:11.693251,189,279,504,582,165,47,79,270,10732,-6440,-3464,9989,-670,-1587,1276,571,708,-390
2025-11-10T20:17:11.715542,181,264,464,614,194,58,73,267,10817,-6434,-3350,9940,-798,-1618,1206,568,478,-381
2025-11-10T20:17:11.730156,157,283,457,628,218,77,91,260,10912,-6384,-3239,9904,-803,-1651,1244,767,294,-416
2025-11-10T20:17:11.753144,144,280,469,598,213,112,107,339,11028,-6299,-3124,9867,-760,-1602,1338,928,242,-507
2025-11-10T20:17:11.775530,141,303,528,534,226,119,112,337,11159,-6192,-3008,9824,-609,-1669,1412,1051,247,-531
2025-11-10T20:17:11.790000,134,394,503,668,247,131,128,356,11277,-6074,-2879,9802,-598,-1685,1401,1169,204,-378
2025-11-10T20:17:11.821412,150,449,494,620,221,126,198,362,11371,-5936,-2754,9813,-635,-1563,1321,1227,-4,-220
2025-11-10T20:17:11.844261,131,424,498,691,270,122,199,324,11449,-5808,-2647,9828,-604,-1614,1258,1171,-62,-162
2025-11-10T20:17:11.851378,127,418,486,823,267,100,211,268,11534,-5690,-2529,9829,-603,-1643,1292,1189,41,-199
2025-11-10T20:17:11.873047,125,422,435,983,277,103,299,275,11642,-5550,-2387,9818,-716,-1502,1304,1357,64,-351
2025-11-10T20:17:11.895610,117,347,395,1043,275,99,327,263,11754,-5377,-2257,9810,-651,-1446,1320,1460,-85,-375
2025-11-10T20:17:11.910363,109,312,421,1103,293,106,305,275,11874,-5181,-2169,9792,-485,-1358,1319,1412,-249,-492
2025-11-10T20:17:11.933037,114,376,400,1089,313,105,309,263,11998,-4980,-2075,9765,-442,-1306,1305,1462,-211,-524
2025-11-10T20:17:11.955023,108,390,494,1127,328,101,375,237,12116,-4798,-2008,9725,-470,-1266,1275,1289,-274,-609
2025-11-10T20:17:11.977794,112,381,550,1120,357,116,329,201,12233,-4626,-1966,9670,-426,-1272,1258,1182,-314,-688
2025-11-10T20:17:11.993032,108,369,563,1056,347,113,302,200,12347,-4435,-1940,9620,-319,-1299,1265,1236,-415,-669
2025-11-10T20:17:12.015610,89,323,545,1113,346,120,310,206,12466,-4214,-1909,9571,-248,-1214,1357,1352,-463,-686
2025-11-10T20:17:12.030423,90,234,551,1150,318,122,311,214,12588,-3978,-1867,9522,-237,-1179,1396,1449,-472,-699
2025-11-10T20:17:12.052708,93,221,476,1052,303,124,360,206,12700,-3740,-1835,9475,-177,-1118,1466,1396,-519,-666
2025-11-10T20:17:12.075586,86,208,436,1049,293,117,463,210,12811,-3479,-1814,9429,-60,-951,1369,1432,-600,-672
2025-11-10T20:17:12.098186,87,207,435,1079,335,121,473,217,12914,-3192,-1801,9393,135,-907,1532,1478,-656,-592
2025-11-10T20:17:12.112968,85,204,477,1067,365,120,508,191,13001,-2901,-1793,9369,311,-775,1467,1453,-641,-473
2025-11-10T20:17:12.135527,78,190,490,1025,348,117,601,246,13078,-2618,-1778,9347,408,-432,1549,1264,-555,-412
2025-11-10T20:17:12.157525,77,171,493,1005,351,113,562,255,13133,-2365,-1782,9337,669,-400,1655,1039,-453,-249
2025-11-10T20:17:12.173054,73,151,423,872,337,97,473,267,13169,-2114,-1772,9348,781,-340,1498,1101,-360,-70
2025-11-10T20:17:12.195486,80,221,360,789,300,90,464,276,13191,-1867,-1730,9377,872,56,1521,994,-188,91
2025-11-10T20:17:12.217848,104,285,306,691,244,69,418,273,13200,-1705,-1708,9399,874,242,1393,472,-12,135
2025-11-10T20:17:12.233600,103,319,295,822,229,102,265,217,13193,-1650,-1714,9418,885,255,1373,-110,203,215
2025-11-10T20:17:12.255423,137,333,300,796,217,192,180,205,13181,-1701,-1747,9420,748,141,1364,-633,360,177
2025-11-10T20:17:12.278141,155,396,303,799,159,216,178,175,13174,-1835,-1838,9388,701,188,1421,-1254,357,28
2025-11-10T20:17:12.293185,161,369,353,782,151,245,218,112,13156,-2125,-1970,9324,750,-79,1218,-1829,453,-96
2025-11-10T20:17:12.315708,167,382,469,727,165,292,209,129,13116,-2478,-2123,9259,722,-369,1171,-2162,541,-8
2025-11-10T20:17:12.338357,169,424,520,487,204,294,193,123,13046,-2890,-2311,9194,630,-614,1123,-2537,539,103
2025-11-10T20:17:12.352920,157,476,650,445,225,263,189,116,12939,-3319,-2493,9152,547,-945,1037,-2583,560,342
2025-11-10T20:17:12.375642,249,515,690,427,228,284,191,120,12809,-3710,-2651,9141,302,-1256,932,-2301,457,531
2025-11-10T20:17:12.398064,249,550,730,392,250,283,123,110,12664,-4043,-2782,9163,133,-1463,827,-1936,321,698
2025-11-10T20:17:12.413089,248,546,815,415,269,277,124,78,12512,-4358,-2905,9190,3,-1541,827,-1534,292,743
2025-11-10T20:17:12.435626,257,524,915,390,231,342,125,153,12343,-4640,-2995,9250,-264,-1612,895,-1310,157,880
2025-11-10T20:17:12.458251,256,474,881,460,222,351,123,157,12156,-4914,-3068,9332,-597,-1712,933,-1228,23,949
2025-11-10T20:17:12.473097,173,398,936,454,252,390,97,155,11961,-5159,-3135,9430,-758,-1731,1052,-1151,-121,970
2025-11-10T20:17:12.495590,177,361,913,612,236,394,93,156,11770,-5379,-3226,9516,-681,-1653,981,-1172,-225,874
2025-11-10T20:17:12.519835,219,355,861,625,222,396,73,154,11598,-5561,-3288,9601,-637,-1592,1392,-1099,-160,835
2025-11-10T20:17:12.530150,217,387,833,674,232,333,62,89,11405,-5747,-3338,9704,-898,-1720,1424,-1085,-238,922
2025-11-10T20:17:12.554434,297,416,957,707,288,334,78,437,11215,-5906,-3415,9803,-1053,-1571,1401,-1144,-454,745
2025-11-10T20:17:12.577971,309,427,997,709,279,275,90,473,11049,-6035,-3496,9884,-985,-1596,1415,-1027,-465,582
2025-11-10T20:17:12.597313,352,472,1099,701,285,255,103,495,10909,-6134,-3581,9949,-798,-1598,1409,-916,-436,469
2025-11-10T20:17:12.615518,350,456,1121,790,304,222,113,516,10778,-6210,-3671,10011,-796,-1506,1405,-873,-505,383
2025-11-10T20:17:12.638056,373,400,1135,763,305,238,114,523,10659,-6257,-3754,10078,-904,-1611,1588,-775,-591,300
2025-11-10T20:17:12.653034,312,360,1044,724,248,229,103,315,10583,-6231,-3807,10153,-674,-1716,1789,-352,-596,257
2025-11-10T20:17:12.675436,312,473,1011,822,237,202,99,273,10548,-6189,-3828,10208,-517,-1360,1878,-272,-381,125
2025-11-10T20:17:12.698017,317,440,987,740,218,188,88,240,10507,-6208,-3904,10210,-415,-1435,1765,-704,-240,-34
2025-11-10T20:17:12.712828,370,441,936,723,188,199,115,275,10455,-6243,-3993,10208,-425,-1716,1591,-687,-256,0
2025-11-10T20:17:12.735577,362,456,847,733,167,195,124,285,10402,-6247,-4091,10220,-441,-1887,1461,-488,-450,-4
2025-11-10T20:17:12.757599,404,492,819,711,155,178,130,271,10389,-6190,-4157,10242,-193,-1832,1432,-60,-444,-29
2025-11-10T20:17:12.773096,399,489,879,683,147,191,143,416,10376,-6153,-4191,10263,-95,-1633,1367,-56,-234,85
2025-11-10T20:17:12.795551,422,533,867,736,170,201,155,440,10321,-6177,-4240,10284,-262,-1653,1163,-329,-201,220
2025-11-10T20:17:12.818642,370,562,908,746,164,179,132,405,10256,-6192,-4288,10321,-284,-1788,1067,-212,-294,296
2025-11-10T20:17:12.833540,442,598,992,755,190,184,139,469,10225,-6146,-4296,10375,-167,-1699,1075,220,-312,281
2025-11-10T20:17:12.855194,477,637,982,787,200,184,141,551,10220,-6080,-4265,10432,-82,-1475,1088,411,-191,267
2025-11-10T20:17:12.877765,510,695,999,856,231,190,136,453,10211,-6064,-4234,10462,-211,-1481,1145,174,-1,207
2025-11-10T20:17:12.892972,525,672,944,846,239,190,130,496,10199,-6087,-4223,10466,-250,-1438,1152,-93,112,128
2025-11-10T20:17:12.915730,581,650,974,770,238,188,130,519,10181,-6117,-4246,10456,-150,-1519,1201,-271,73,85
2025-11-10T20:17:12.938039,598,685,945,791,232,173,120,471,10161,-6145,-4265,10451,-275,-1778,1183,-163,30,88
2025-11-10T20:17:12.953227,567,652,1003,838,246,171,112,390,10158,-6146,-4240,10463,-196,-1600,1158,101,99,159
2025-11-10T20:17:12.975529,712,554,916,776,229,144,103,409,10140,-6185,-4217,10468,-326,-1535,1144,-92,182,181
2025-11-10T20:17:12.997553,716,673,951,735,206,132,95,347,10129,-6219,-4195,10467,-295,-1675,1216,-60,199,158
2025-11-10T20:17:13.013012,682,749,954,739,203,129,97,323,10124,-6238,-4139,10482,-367,-1621,1332,77,235,209
2025-11-10T20:17:13.034916,653,768,977,736,204,172,90,297,10123,-6251,-4086,10496,-349,-1590,1335,96,219,192
2025-11-10T20:17:13.058066,676,798,985,659,181,168,94,316,10131,-6251,-4044,10506,-207,-1617,1333,122,204,169
2025-11-10T20:17:13.081240,484,806,950,625,166,173,93,334,10139,-6238,-4016,10516,-136,-1558,1357,99,131,146
2025-11-10T20:17:13.095859,427,727,899,750,187,185,108,354,10162,-6203,-3995,10523,54,-1511,1378,148,122,117
2025-11-10T20:17:13.118047,440,644,768,758,184,183,103,355,10191,-6170,-3971,10524,27,-1399,1449,106,153,55
2025-11-10T20:17:13.141652,395,603,673,724,160,133,120,401,10214,-6147,-3954,10521,-54,-1419,1503,14,147,28
2025-11-10T20:17:13.155046,329,617,550,703,149,114,128,405,10240,-6138,-3943,10505,-203,-1490,1537,-60,161,-75
2025-11-10T20:17:13.177923,336,571,535,636,137,101,124,360,10284,-6116,-3915,10485,-412,-1590,1594,92,137,-219
2025-11-10T20:17:13.201338,300,541,545,497,125,100,110,327,10343,-6066,-3854,10478,-484,-1619,1614,377,122,-222
2025-11-10T20:17:13.215548,284,562,567,489,134,142,112,310,10440,-6002,-3747,10458,-384,-1443,1569,623,337,-304
2025-11-10T20:17:13.238065,280,502,508,550,147,147,112,241,10542,-5981,-3640,10405,-454,-1456,1545,463,539,-404
2025-11-10T20:17:13.261284,286,443,504,580,163,150,127,188,10643,-6001,-3540,10325,-509,-1629,1470,356,687,-465
2025-11-10T20:17:13.275687,274,424,475,568,173,154,130,215,10742,-6016,-3419,10254,-653,-1689,1380,526,669,-435
2025-11-10T20:17:13.298027,285,392,399,551,156,144,136,208,10862,-5984,-3246,10203,-808,-1566,1417,898,629,-450
2025-11-10T20:17:13.321496,230,406,379,587,236,110,135,214,10983,-5950,-3082,10144,-814,-1466,1353,880,590,-510
2025-11-10T20:17:13.332981,195,426,420,687,239,118,137,219,11112,-5910,-2940,10068,-775,-1485,1408,821,554,-625
2025-11-10T20:17:13.357664,152,375,419,799,239,129,117,231,11236,-5872,-2838,9982,-799,-1571,1301,745,396,-728
2025-11-10T20:17:13.381278,144,373,393,818,288,129,172,204,11355,-5785,-2778,9915,-680,-1654,1278,852,60,-708
2025-11-10T20:17:13.395582,105,368,404,907,302,123,170,204,11481,-5644,-2685,9877,-237,-1638,1316,1219,118,-448
2025-11-10T20:17:13.425750,93,310,448,994,259,114,178,269,11609,-5496,-2515,9855,-368,-1407,1358,1456,317,-316
2025-11-10T20:17:13.440930,90,240,425,966,284,102,178,303,11728,-5370,-2335,9828,-601,-1256,1437,1309,351,-362
2025-11-10T20:17:13.455539,92,278,360,876,303,127,179,282,11819,-5273,-2229,9795,-794,-1437,1388,1002,42,-448
2025-11-10T20:17:13.478097,92,300,357,914,300,130,168,290,11926,-5147,-2145,9752,-792,-1595,1334,1170,-125,-584
2025-11-10T20:17:13.501130,100,308,408,903,304,136,188,319,12059,-4990,-2077,9685,-643,-1512,1249,1293,-190,-782
2025-11-10T20:17:13.515560,95,291,351,858,303,140,248,253,12194,-4815,-2019,9616,-442,-1361,1331,1264,-204,-782
2025-11-10T20:17:13.537550,95,287,334,797,277,136,331,265,12324,-4612,-1956,9562,-328,-1331,1438,1377,-253,-676
2025-11-10T20:17:13.561292,87,255,352,845,257,98,415,418,12432,-4429,-1946,9511,-297,-1378,1283,1172,-447,-666
2025-11-10T20:17:13.575393,89,188,382,832,212,109,515,490,12543,-4222,-1933,9462,-218,-1371,1349,1299,-489,-659
2025-11-10T20:17:13.598008,92,171,316,800,210,102,617,501,12664,-3979,-1896,9413,-92,-1278,1405,1507,-442,-664
2025-11-10T20:17:13.621290,105,208,355,840,223,100,645,557,12785,-3724,-1860,9361,71,-1005,1434,1451,-421,-663
2025-11-10T20:17:13.635432,114,297,348,970,251,105,639,609,12884,-3480,-1861,9319,278,-777,1405,1181,-487,-558
2025-11-10T20:17:13.658103,111,313,350,937,249,104,619,535,12964,-3250,-1877,9289,484,-760,1399,1068,-446,-414
2025-11-10T20:17:13.681257,107,316,367,979,271,90,545,470,13032,-3000,-1858,9280,722,-432,1364,1136,-279,-218
2025-11-10T20:17:13.695567,96,310,360,929,258,85,429,459,13084,-2785,-1828,9280,864,20,1233,832,-77,-80
2025-11-10T20:17:13.718085,87,316,308,796,223,79,369,460,13110,-2665,-1825,9280,945,108,1214,261,126,47
2025-11-10T20:17:13.741486,79,277,325,585,205,72,305,362,13119,-2647,-1842,9269,927,15,1204,-233,353,87
2025-11-10T20:17:13.755362,120,318,428,540,210,133,238,348,13124,-2720,-1858,9237,754,-14,1215,-647,575,29
2025-11-10T20:17:13.778063,128,329,434,361,175,178,200,349,13114,-2910,-1944,9175,700,-93,1169,-1390,615,-48
2025-11-10T20:17:13.801251,141,395,583,336,189,248,179,316,13051,-3276,-2102,9107,808,-305,1077,-2273,568,29
2025-11-10T20:17:13.815085,148,403,701,294,205,266,135,191,12931,-3720,-2319,9055,720,-559,877,-2826,471,267
2025-11-10T20:17:13.838138,160,434,797,294,216,303,130,166,12771,-4163,-2546,9028,643,-982,778,-2835,353,485
2025-11-10T20:17:13.861273,185,493,854,305,219,362,132,201,12596,-4535,-2716,9045,505,-1465,690,-2284,291,746
2025-11-10T20:17:13.875579,193,525,899,274,224,402,122,198,12417,-4829,-2868,9094,135,-1683,852,-1560,102,904
2025-11-10T20:17:13.897677,190,515,903,275,223,390,115,189,12249,-5027,-2950,9188,-214,-1703,836,-887,-99,976
2025-11-10T20:17:13.921333,205,501,927,403,216,418,99,191,12089,-5179,-3006,9296,-409,-1489,913,-715,-226,931
2025-11-10T20:17:13.935581,203,486,905,548,188,411,95,194,11917,-5361,-3075,9392,-475,-1490,847,-910,-191,913
2025-11-10T20:17:13.957789,162,514,894,568,198,374,73,125,11738,-5558,-3117,9488,-701,-1484,1094,-1018,-96,922
2025-11-10T20:17:13.981274,161,526,890,578,197,318,66,105,11546,-5754,-3163,9592,-994,-1592,1268,-1098,-229,893
2025-11-10T20:17:14.011317,208,529,831,656,200,321,90,282,11353,-5907,-3259,9697,-1119,-1681,1395,-1133,-591,710
2025-11-10T20:17:14.018022,200,539,875,723,233,290,108,372,11196,-6016,-3387,9768,-917,-1681,1337,-1036,-668,427
2025-11-10T20:17:14.041260,205,700,980,728,252,275,105,388,11073,-6101,-3501,9815,-698,-1567,1392,-939,-512,295
2025-11-10T20:17:14.064166,244,641,943,743,232,237,104,465,10969,-6165,-3545,9876,-800,-1467,1585,-701,-338,362
2025-11-10T20:17:14.078035,261,650,1027,775,234,286,110,505,10827,-6272,-3623,9937,-1144,-1576,1534,-1008,-476,334
2025-11-10T20:17:14.100899,224,671,1048,824,232,260,108,455,10684,-6372,-3775,9972,-948,-1737,1393,-1188,-656,167
2025-11-10T20:17:14.123976,266,674,1006,784,192,240,114,567,10588,-6421,-3908,9991,-695,-1712,1382,-876,-575,30
2025-11-10T20:17:14.138074,276,497,910,790,165,233,127,589,10505,-6453,-4007,10019,-432,-1698,1357,-667,-433,171
2025-11-10T20:17:14.161264,264,553,955,810,177,229,127,577,10433,-6497,-4087,10033,-462,-1639,1368,-674,-284,125
2025-11-10T20:17:14.183826,281,529,891,814,172,160,124,598,10387,-6536,-4160,10026,-386,-1596,1418,-658,-160,-2
2025-11-10T20:17:14.198270,318,507,902,714,149,138,104,618,10332,-6586,-4253,10011,-357,-1715,1416,-769,-185,-8
2025-11-10T20:17:14.221405,291,589,861,732,147,138,83,503,10284,-6616,-4348,9999,-242,-1842,1368,-644,-227,2
2025-11-10T20:17:14.243713,291,689,962,764,193,141,69,480,10261,-6611,-4414,9998,-147,-1790,1332,-348,-210,4
2025-11-10T20:17:14.258107,278,666,992,758,198,140,69,439,10245,-6599,-4474,9996,-137,-1676,1271,-308,-203,-33
2025-11-10T20:17:14.281027,244,682,987,747,184,120,66,364,10235,-6593,-4529,9985,-78,-1644,1238,-305,-126,-42
2025-11-10T20:17:14.303702,263,712,996,768,187,136,67,339,10220,-6604,-4574,9972,-175,-1688,1223,-332,-70,-31
2025-11-10T20:17:14.318108,256,642,1041,750,196,140,64,273,10208,-6610,-4628,9955,-214,-1650,1120,-310,-126,-103
2025-11-10T20:17:14.339146,256,558,930,649,145,143,54,238,10208,-6616,-4647,9943,-295,-1926,1214,-127,-11,-71
2025-11-10T20:17:14.362465,317,574,818,610,139,141,67,222,10236,-6608,-4637,9924,-250,-1706,1275,-19,122,-137
2025-11-10T20:17:14.378065,377,552,803,627,146,140,67,213,10228,-6647,-4653,9899,-261,-1659,1266,-374,140,-34
2025-11-10T20:17:14.401693,386,481,759,594,141,116,68,154,10214,-6685,-4667,9881,-261,-1893,1314,-334,125,33
2025-11-10T20:17:14.423868,554,475,772,503,131,165,72,197,10229,-6684,-4632,9883,-252,-1782,1331,32,165,50
2025-11-10T20:17:14.438046,557,445,728,465,139,189,77,207,10250,-6678,-4598,9880,-225,-1748,1325,53,179,18
2025-11-10T20:17:14.460665,544,365,786,471,123,191,71,193,10282,-6668,-4569,9867,-91,-1767,1286,81,220,-9
2025-11-10T20:17:14.483878,519,338,788,477,107,192,94,328,10318,-6671,-4515,9852,-52,-1813,1272,156,375,72
2025-11-10T20:17:14.498080,520,402,839,489,99,200,128,448,10345,-6696,-4438,9842,-215,-1746,1240,140,461,134
2025-11-10T20:17:14.521323,337,436,732,475,90,153,129,440,10369,-6725,-4366,9830,-314,-1621,1179,99,424,76
2025-11-10T20:17:14.544103,318,427,731,595,110,114,131,470,10411,-6722,-4309,9813,-411,-1773,1193,233,276,-108
2025-11-10T20:17:14.557491,278,404,696,645,134,111,234,492,10464,-6672,-4249,9817,-446,-1869,1187,511,88,-142
2025-11-10T20:17:14.580506,315,441,615,604,134,106,237,417,10520,-6611,-4180,9828,-431,-1754,1237,559,76,-128
2025-11-10T20:17:14.603895,253,463,597,588,135,89,223,319,10567,-6560,-4081,9854,-515,-1905,1252,677,146,25
2025-11-10T20:17:14.618083,252,420,596,620,144,76,231,311,10604,-6492,-3961,9907,-587,-1837,1261,820,71,149
2025-11-10T20:17:14.640378,265,406,596,571,125,58,249,261,10674,-6394,-3797,9959,-458,-1653,1252,1125,211,142
2025-11-10T20:17:14.664027,267,414,542,619,102,43,181,291,10760,-6303,-3609,9995,-441,-1525,1368,1135,398,89
2025-11-10T20:17:14.678044,175,365,562,687,124,70,187,329,10849,-6230,-3414,10013,-446,-1492,1459,1049,534,61
2025-11-10T20:17:14.700042,158,224,495,719,188,94,189,291,10956,-6164,-3231,9997,-572,-1569,1397,1059,563,-176
2025-11-10T20:17:14.723684,151,236,561,785,288,145,180,284,11070,-6097,-3062,9967,-758,-1607,1450,1027,481,-348
2025-11-10T20:17:14.737732,120,276,561,784,317,161,175,313,11168,-6023,-2947,9936,-756,-1702,1287,956,213,-404
2025-11-10T20:17:14.760538,109,286,561,782,322,163,263,297,11279,-5910,-2838,9911,-501,-1598,1185,1140,137,-388
2025-11-10T20:17:14.783777,120,262,532,805,359,158,281,288,11408,-5761,-2696,9890,-425,-1475,1219,1397,175,-375
2025-11-10T20:17:14.806230,118,256,483,906,352,173,295,296,11549,-5607,-2534,9858,-460,-1529,1350,1504,269,-431
2025-11-10T20:17:14.820342,109,239,367,901,278,141,322,311,11685,-5464,-2389,9814,-627,-1511,1297,1416,173,-543
2025-11-10T20:17:14.843727,130,177,380,1042,266,126,351,312,11803,-5290,-2277,9795,-564,-1395,1238,1426,-111,-465
2025-11-10T20:17:14.857250,144,136,364,1066,289,133,298,448,11913,-5080,-2187,9793,-411,-1408,1247,1523,-303,-375
2025-11-10T20:17:14.879646,196,152,397,1107,246,132,313,441,12037,-4822,-2082,9795,-471,-1435,1225,1677,-372,-426
2025-11-10T20:17:14.903087,224,169,450,1099,274,112,319,481,12182,-4546,-1948,9775,-484,-1285,1436,1840,-259,-551
2025-11-10T20:17:14.917404,277,165,458,1093,296,152,353,651,12331,-4277,-1852,9728,-484,-1117,1347,1666,-357,-739
2025-11-10T20:17:14.940548,284,164,429,979,341,149,333,669,12459,-4036,-1813,9675,-228,-1101,1441,1415,-493,-730
2025-11-10T20:17:14.963701,280,152,460,984,324,145,373,623,12556,-3829,-1840,9629,83,-1146,1390,1066,-559,-591
2025-11-10T20:17:14.985728,246,142,450,943,334,145,359,641,12630,-3626,-1836,9612,167,-1170,1334,1186,-437,-341
2025-11-10T20:17:15.000295,229,149,423,882,345,141,349,651,12704,-3395,-1767,9612,233,-922,1411,1419,-249,-206
2025-11-10T20:17:15.024916,177,146,405,910,337,91,302,531,12755,-3188,-1722,9623,185,-792,1377,1184,-325,-115
2025-11-10T20:17:15.046394,156,175,383,838,277,90,285,509,12804,-2982,-1682,9631,234,-614,1380,1085,-328,-134
2025-11-10T20:17:15.060472,142,181,332,792,291,91,246,448,12858,-2801,-1659,9617,487,-411,1407,824,-171,-203
2025-11-10T20:17:15.091380,131,226,289,712,275,88,239,435,12906,-2655,-1639,9598,677,-181,1349,560,19,-164
2025-11-10T20:17:15.106042,143,221,207,645,204,77,248,382,12942,-2561,-1639,9575,844,57,1256,153,178,-103
2025-11-10T20:17:15.120588,136,224,164,583,189,133,239,311,12970,-2585,-1682,9523,790,231,1207,-609,365,-191
2025-11-10T20:17:15.144291,140,235,286,570,213,248,236,281,12986,-2749,-1793,9434,763,121,1260,-1452,524,-299
2025-11-10T20:17:15.166319,182,282,490,444,188,287,196,264,12959,-3072,-1930,9344,797,-234,1240,-2001,606,-196
2025-11-10T20:17:15.180528,210,454,613,391,193,334,168,213,12893,-3452,-2106,9264,762,-455,1089,-2382,573,-30
2025-11-10T20:17:15.203676,218,537,664,380,212,350,132,178,12792,-3853,-2291,9203,714,-636,951,-2510,539,175
2025-11-10T20:17:15.225824,224,602,789,230,209,395,108,139,12665,-4235,-2455,9168,618,-889,920,-2349,508,376
2025-11-10T20:17:15.240134,240,616,841,236,182,371,99,186,12523,-4572,-2597,9163,373,-1263,927,-2059,379,542
2025-11-10T20:17:15.264310,228,658,841,265,191,373,79,193,12364,-4854,-2719,9198,61,-1609,893,-1712,178,731
2025-11-10T20:17:15.286279,214,585,870,283,209,346,67,191,12208,-5094,-2832,9242,-138,-1682,828,-1196,50,746
2025-11-10T20:17:15.300617,192,524,938,289,192,365,78,193,12076,-5280,-2897,9291,-180,-1604,869,-847,86,712
2025-11-10T20:17:15.323892,171,458,910,492,201,354,81,191,11922,-5484,-2946,9356,-455,-1482,940,-988,62,797
2025-11-10T20:17:15.347030,138,443,877,634,205,363,89,141,11738,-5732,-3038,9411,-645,-1571,991,-1388,-43,755
2025-11-10T20:17:15.360356,161,545,897,707,197,346,95,260,11557,-5963,-3142,9457,-811,-1691,1148,-1418,-153,617
2025-11-10T20:17:15.383341,227,562,854,808,189,371,97,348,11377,-6160,-3265,9507,-964,-1873,1164,-1310,-385,506
2025-11-10T20:17:15.407005,296,824,949,947,249,353,94,378,11224,-6280,-3367,9574,-998,-1742,1213,-955,-553,418
2025-11-10T20:17:15.422013,312,958,1019,1018,311,321,90,381,11090,-6382,-3460,9629,-818,-1581,1139,-877,-462,370
2025-11-10T20:17:15.443901,321,968,1028,987,303,275,86,392,10948,-6498,-3552,9681,-918,-1487,1314,-1072,-422,352
2025-11-10T20:17:15.466283,314,902,1008,1028,313,277,83,369,10804,-6591,-3650,9744,-1082,-1716,1503,-1027,-568,308
2025-11-10T20:17:15.480588,291,886,1010,980,301,224,77,299,10670,-6636,-3724,9831,-1155,-1878,1633,-737,-682,340
2025-11-10T20:17:15.503834,268,698,939,871,254,224,72,269,10584,-6632,-3779,9907,-945,-1694,1642,-464,-617,197
2025-11-10T20:17:15.527095,269,545,867,703,151,214,75,321,10517,-6627,-3834,9959,-729,-1613,1540,-434,-485,129
2025-11-10T20:17:15.537838,284,587,993,785,169,231,75,321,10451,-6641,-3913,9989,-527,-1718,1445,-544,-404,116
2025-11-10T20:17:15.561875,277,580,992,696,145,226,69,264,10395,-6644,-3984,10018,-401,-1712,1386,-444,-363,133
2025-11-10T20:17:15.585216,304,632,1021,660,135,224,75,268,10359,-6630,-4043,10041,-255,-1586,1383,-342,-294,97
2025-11-10T20:17:15.600035,342,695,973,655,158,208,76,263,10335,-6622,-4101,10047,-275,-1632,1399,-355,-224,-3
2025-11-10T20:17:15.624388,337,745,1014,630,178,193,74,193,10320,-6621,-4153,10042,-336,-1757,1365,-307,-169,-64
2025-11-10T20:17:15.646787,334,747,937,435,184,175,73,165,10328,-6598,-4175,10040,-329,-1686,1345,-79,-113,-105
2025-11-10T20:17:15.660678,337,805,879,386,181,153,83,172,10337,-6572,-4202,10037,-256,-1643,1273,-64,-123,-105
2025-11-10T20:17:15.683815,309,748,840,474,185,169,83,162,10337,-6558,-4243,10028,-271,-1723,1154,-111,-151,-113
2025-11-10T20:17:15.706305,220,639,781,522,157,157,82,159,10352,-6538,-4280,10010,-192,-1821,1062,14,-100,-156
2025-11-10T20:17:15.720596,247,610,774,648,160,142,82,156,10371,-6499,-4310,10003,-150,-1716,1082,93,-156,-139
2025-11-10T20:17:15.743910,249,708,816,735,159,137,80,155,10372,-6478,-4351,9998,-120,-1682,1071,-48,-150,-64
2025-11-10T20:17:15.766313,254,683,877,790,158,133,65,136,10350,-6475,-4396,10002,-189,-1775,1033,-128,-190,39
2025-11-10T20:17:15.780441,372,780,847,735,159,146,53,132,10326,-6465,-4432,10018,-229,-1801,999,-39,-221,81
2025-11-10T20:17:15.803847,381,787,913,739,160,153,51,123,10310,-6443,-4448,10042,-233,-1650,959,81,-204,93
2025-11-10T20:17:15.826317,374,795,897,648,141,159,46,124,10291,-6440,-4464,10056,-291,-1649,1009,-32,-140,69
2025-11-10T20:17:15.840148,373,791,801,535,110,160,43,112,10267,-6456,-4483,10062,-273,-1657,1038,-146,-61,90
2025-11-10T20:17:15.864240,367,787,779,565,119,161,50,107,10235,-6479,-4507,10069,-275,-1717,1064,-207,-65,124
2025-11-10T20:17:15.886221,262,754,911,554,111,150,59,82,10214,-6500,-4521,10070,-208,-1728,1084,-158,12,120
2025-11-10T20:17:15.908818,277,760,910,458,124,159,78,89,10196,-6520,-4530,10071,-189,-1656,1089,-151,39,123
2025-11-10T20:17:15.923756,261,692,846,453,118,147,79,86,10183,-6540,-4537,10069,-152,-1709,1149,-163,80,120
2025-11-10T20:17:15.953914,256,584,900,469,122,132,77,90,10194,-6538,-4513,10069,-55,-1657,1280,12,175,121
2025-11-10T20:17:15.968800,275,551,908,363,107,133,74,88,10205,-6537,-4466,10081,-200,-1603,1345,58,205,150
2025-11-10T20:17:15.983770,247,545,775,381,104,106,73,110,10207,-6540,-4432,10092,-326,-1660,1366,-6,127,104
2025-11-10T20:17:16.006279,226,553,737,377,84,80,66,121,10211,-6530,-4402,10106,-359,-1748,1374,55,58,73
2025-11-10T20:17:16.028504,230,551,695,366,81,78,63,125,10221,-6506,-4367,10127,-354,-1799,1291,209,14,81
2025-11-10T20:17:16.042575,220,483,564,353,75,76,66,154,10249,-6467,-4309,10149,-311,-1759,1229,408,74,64
2025-11-10T20:17:16.066818,242,510,540,264,76,66,71,182,10290,-6423,-4224,10171,-289,-1608,1247,511,178,75
2025-11-10T20:17:16.088868,241,544,630,264,81,58,69,173,10328,-6396,-4139,10184,-271,-1589,1326,399,267,82
2025-11-10T20:17:16.103092,235,523,636,283,79,60,65,170,10347,-6397,-4079,10189,-354,-1583,1220,214,234,81
2025-11-10T20:17:16.126311,237,534,696,281,80,61,70,170,10363,-6415,-4048,10173,-349,-1691,1034,132,218,-13
2025-11-10T20:17:16.148980,233,577,709,467,89,142,68,139,10374,-6414,-4017,10175,-447,-1773,910,293,63,6
2025-11-10T20:17:16.163311,215,577,674,518,123,155,113,182,10404,-6383,-3995,10173,-295,-1708,889,401,5,-70
2025-11-10T20:17:16.186222,221,463,692,532,128,164,141,228,10400,-6366,-4039,10170,-323,-1604,853,27,-238,-106
2025-11-10T20:17:16.208766,243,458,812,700,149,163,142,240,10327,-6374,-4157,10192,-234,-1832,658,-286,-547,148
2025-11-10T20:17:16.223072,312,552,900,747,168,178,143,242,10238,-6351,-4264,10252,-166,-1922,466,-14,-726,354
2025-11-10T20:17:16.245932,328,582,1014,681,174,128,156,283,10175,-6268,-4301,10350,-44,-1589,539,422,-689,479
2025-11-10T20:17:16.268700,316,570,1080,792,169,114,127,246,10118,-6216,-4295,10439,-241,-1281,562,364,-467,452
2025-11-10T20:17:16.283082,336,618,1025,827,172,109,106,207,10057,-6228,-4307,10485,-444,-1215,713,-77,-260,283
2025-11-10T20:17:16.306295,362,655,1031,729,165,117,108,189,10022,-6276,-4339,10477,-370,-1392,848,-310,-10,67
2025-11-10T20:17:16.328901,315,673,1053,741,159,105,108,183,10033,-6322,-4331,10443,-234,-1374,1143,-239,315,-47
2025-11-10T20:17:16.343158,303,632,992,715,150,100,89,109,10048,-6380,-4319,10397,-393,-1444,1259,-312,370,-137
2025-11-10T20:17:16.365959,319,582,911,564,132,98,85,99,10063,-6401,-4324,10368,-282,-1533,1363,-243,179,-118
2025-11-10T20:17:16.388857,304,580,891,511,118,87,67,79,10082,-6391,-4332,10352,-163,-1644,1462,-127,85,-79
2025-11-10T20:17:16.402867,251,538,735,458,104,74,57,123,10114,-6357,-4325,10345,-67,-1743,1549,45,89,-42
2025-11-10T20:17:16.426301,272,423,616,364,81,47,52,127,10160,-6315,-4271,10348,-121,-1606,1636,210,209,-8
2025-11-10T20:17:16.448679,266,494,579,337,75,46,50,128,10201,-6290,-4206,10349,-279,-1574,1747,133,262,-18
2025-11-10T20:17:16.463601,239,495,568,346,65,37,48,126,10231,-6290,-4156,10341,-428,-1741,1707,28,258,-50
2025-11-10T20:17:16.486270,268,472,537,311,61,35,71,229,10265,-6288,-4095,10332,-498,-1711,1529,156,257,-84
2025-11-10T20:17:16.508821,269,470,508,279,55,49,81,262,10323,-6264,-4020,10318,-464,-1658,1438,364,275,-166
2025-11-10T20:17:16.523161,223,513,411,343,53,49,83,280,10405,-6228,-3928,10293,-365,-1609,1451,492,384,-235
2025-11-10T20:17:16.545952,217,429,374,412,75,53,91,291,10502,-6208,-3803,10253,-434,-1633,1508,563,592,-270
2025-11-10T20:17:16.568780,237,451,352,446,80,54,98,307,10566,-6204,-3674,10237,-654,-1622,1363,548,484,-127
2025-11-10T20:17:16.583098,294,404,376,588,110,56,92,273,10631,-6192,-3570,10214,-526,-1633,1302,525,418,-156
2025-11-10T20:17:16.606282,313,420,443,658,125,51,105,276,10705,-6185,-3439,10185,-468,-1537,1274,605,578,-129
2025-11-10T20:17:16.628738,317,424,461,695,144,55,109,309,10780,-6201,-3300,10142,-662,-1619,1245,581,652,-198
2025-11-10T20:17:16.643065,319,466,440,734,149,55,128,362,10857,-6212,-3163,10097,-697,-1632,1280,600,627,-221
2025-11-10T20:17:16.665796,300,429,444,764,175,66,137,351,10932,-6208,-3024,10061,-570,-1585,1116,728,593,-144
2025-11-10T20:17:16.688259,206,423,452,865,190,74,168,337,11008,-6183,-2888,10034,-597,-1458,1113,771,481,-156
2025-11-10T20:17:16.703040,170,388,404,850,194,71,167,303,11091,-6161,-2758,9992,-599,-1529,1176,751,514,-232
2025-11-10T20:17:16.726148,157,285,410,862,267,68,176,260,11181,-6112,-2626,9957,-801,-1615,1186,931,353,-314
2025-11-10T20:17:16.749177,151,168,370,835,308,70,173,220,11299,-6002,-2483,9927,-809,-1559,1287,1224,199,-424
2025-11-10T20:17:16.771150,139,157,359,832,317,70,178,246,11447,-5858,-2333,9880,-732,-1366,1323,1369,202,-593
2025-11-10T20:17:16.786252,86,133,326,795,310,70,218,246,11619,-5704,-2195,9801,-642,-1241,1511,1294,248,-812
2025-11-10T20:17:16.816226,80,123,311,805,305,70,295,244,11770,-5598,-2139,9695,-709,-1308,1342,871,60,-998
2025-11-10T20:17:16.831261,65,91,203,765,247,76,331,240,11912,-5481,-2123,9591,-579,-1525,1399,847,-102,-977
2025-11-10T20:17:16.846163,64,78,240,845,206,77,395,260,12068,-5314,-2082,9498,-474,-1572,1328,1240,-155,-935
2025-11-10T20:17:16.868743,70,79,234,831,197,86,557,247,12246,-5113,-2014,9395,-447,-1423,1329,1456,-124,-1035
2025-11-10T20:17:16.891178,187,92,234,688,183,87,674,266,12417,-4907,-1996,9282,-364,-1250,1243,1280,-323,-1144
2025-11-10T20:17:16.906013,279,90,311,731,201,93,677,276,12561,-4695,-2063,9183,-45,-1066,1280,926,-625,-1072
2025-11-10T20:17:16.928863,292,121,362,785,206,94,685,298,12666,-4509,-2189,9103,375,-976,1233,559,-692,-835
2025-11-10T20:17:16.950741,304,129,350,676,184,91,660,241,12749,-4318,-2262,9063,609,-1043,1238,782,-459,-451
2025-11-10T20:17:16.965728,311,128,368,687,180,89,541,237,12821,-4111,-2261,9057,538,-798,1214,1013,-288,-220
2025-11-10T20:17:16.988826,274,123,383,701,200,87,421,210,12885,-3913,-2228,9062,559,-434,1254,904,-135,-104
2025-11-10T20:17:17.011174,191,123,321,614,198,88,373,189,12930,-3776,-2186,9066,617,-372,1366,582,108,14
2025-11-10T20:17:17.025220,172,92,272,551,199,89,323,141,12944,-3743,-2190,9059,468,-344,1333,-59,150,28
2025-11-10T20:17:17.046220,148,86,265,653,208,94,305,142,12942,-3797,-2253,9025,611,-393,1229,-627,243,-2
2025-11-10T20:17:17.069127,143,86,304,645,190,109,281,126,12920,-3886,-2326,8999,696,-549,1289,-784,318,133
2025-11-10T20:17:17.084705,117,123,309,624,198,133,156,107,12887,-4025,-2402,8965,564,-358,1203,-1112,394,136
2025-11-10T20:17:17.108787,106,167,346,625,186,149,129,100,12820,-4309,-2511,8900,447,-490,1171,-1772,482,39
2025-11-10T20:17:17.131562,114,298,435,598,162,174,122,91,12717,-4651,-2658,8831,335,-995,1157,-2145,455,123
2025-11-10T20:17:17.145530,137,385,543,448,149,195,95,79,12595,-4981,-2787,8787,222,-1332,1086,-2013,425,301
2025-11-10T20:17:17.168881,142,465,568,352,184,295,84,72,12471,-5275,-2885,8760,165,-1369,964,-1753,417,398
2025-11-10T20:17:17.191260,144,519,573,298,163,313,77,146,12336,-5557,-2967,8750,103,-1458,786,-1635,399,514
2025-11-10T20:17:17.205339,166,619,687,255,177,313,65,157,12191,-5831,-3055,8745,-42,-1558,800,-1441,338,594
2025-11-10T20:17:17.228386,186,635,670,199,182,338,64,164,12033,-6067,-3115,8782,-310,-1750,819,-1144,163,739
2025-11-10T20:17:17.251263,180,617,721,267,200,359,62,167,11863,-6262,-3181,8852,-504,-1877,713,-928,-133,794
2025-11-10T20:17:17.266885,177,599,811,359,184,327,86,197,11718,-6397,-3223,8933,-461,-1810,672,-567,-197,774
2025-11-10T20:17:17.288824,194,593,920,559,188,347,93,160,11610,-6486,-3226,9009,-359,-1592,810,-328,-71,707
2025-11-10T20:17:17.311224,207,501,866,681,185,368,95,160,11464,-6625,-3251,9085,-640,-1632,896,-723,-127,724
2025-11-10T20:17:17.325615,194,442,900,708,183,396,93,162,11281,-6776,-3327,9174,-888,-1680,932,-1018,-423,697
2025-11-10T20:17:17.349058,190,410,918,703,171,392,99,169,11108,-6866,-3421,9284,-976,-1770,1087,-849,-720,603
2025-11-10T20:17:17.371406,206,370,867,713,170,405,80,128,10957,-6927,-3511,9383,-899,-1782,1212,-754,-701,509
2025-11-10T20:17:17.385338,231,380,802,640,168,377,73,112,10814,-6991,-3614,9462,-922,-1779,1226,-835,-676,373
2025-11-10T20:17:17.409158,353,365,851,616,159,354,78,98,10691,-7039,-3688,9539,-989,-1765,1253,-672,-605,314
2025-11-10T20:17:17.431229,364,396,843,609,162,292,91,138,10579,-7050,-3770,9623,-975,-1651,1218,-544,-753,236
2025-11-10T20:17:17.445470,398,429,831,651,160,276,94,148,10445,-7073,-3901,9700,-907,-1784,1254,-804,-868,221
2025-11-10T20:17:17.469407,408,446,849,720,144,201,98,163,10319,-7079,-4013,9785,-815,-1917,1287,-641,-836,298
2025-11-10T20:17:17.491169,406,391,930,771,165,225,98,169,10225,-7046,-4081,9878,-792,-1741,1327,-338,-773,262
2025-11-10T20:17:17.505482,296,389,878,760,185,229,100,182,10154,-6997,-4149,9957,-655,-1621,1397,-310,-720,166
2025-11-10T20:17:17.529704,328,408,871,741,183,220,112,410,10103,-6945,-4211,10019,-540,-1660,1496,-287,-599,99
2025-11-10T20:17:17.551591,291,392,858,734,189,198,105,431,10052,-6912,-4285,10062,-509,-1662,1503,-435,-521,46
2025-11-10T20:17:17.565247,285,433,890,626,193,261,103,430,10006,-6883,-4363,10094,-362,-1794,1383,-372,-464,64
2025-11-10T20:17:17.588445,374,571,935,557,196,239,109,441,9985,-6837,-4432,10116,-251,-1780,1283,-201,-416,-23
2025-11-10T20:17:17.610994,393,677,989,548,177,231,113,503,9987,-6775,-4497,10128,-48,-1720,1241,-86,-358,-67
2025-11-10T20:17:17.625597,390,732,1041,625,186,248,104,446,9994,-6713,-4533,10146,-91,-1825,1168,102,-285,-12
2025-11-10T20:17:17.648192,398,756,1056,704,183,251,108,427,10014,-6657,-4535,10162,-58,-1727,1184,200,-113,23
2025-11-10T20:17:17.671451,401,781,1016,789,175,173,106,441,10023,-6636,-4542,10163,-20,-1591,1168,-19,14,56
2025-11-10T20:17:17.685586,305,708,880,779,144,145,99,430,10014,-6642,-4575,10154,-155,-1758,1162,-209,-26,19
2025-11-10T20:17:17.708731,323,671,858,780,137,143,88,355,10016,-6625,-4596,10153,-91,-1732,1139,-48,-55,23
2025-11-10T20:17:17.731386,294,571,766,739,121,104,69,183,10036,-6591,-4603,10152,-180,-1656,1163,67,-60,-84
2025-11-10T20:17:17.745567,303,585,710,672,107,89,55,168,10036,-6576,-4630,10150,-272,-1684,1076,-66,-130,-74
2025-11-10T20:17:17.769119,292,511,634,574,99,74,53,109,10033,-6558,-4649,10156,-260,-1672,1080,-22,-128,-28
2025-11-10T20:17:17.791374,284,517,597,562,100,130,50,100,10029,-6552,-4662,10158,-304,-1672,1102,-65,-73,-24
2025-11-10T20:17:17.813732,233,436,577,534,111,179,43,75,10063,-6510,-4634,10163,-172,-1698,1256,232,42,-47
2025-11-10T20:17:17.828708,243,430,622,569,103,179,38,69,10121,-6471,-4583,10155,-140,-1639,1318,302,212,-111
2025-11-10T20:17:17.850986,270,407,613,507,105,180,44,63,10169,-6481,-4535,10122,-177,-1649,1341,58,404,-106
2025-11-10T20:17:17.873527,282,454,618,498,109,183,55,200,10208,-6524,-4481,10079,-167,-1673,1345,-71,553,-36
2025-11-10T20:17:17.892434,294,404,643,470,96,148,63,220,10311,-6647,-4287,9978,-414,-1820,1392,124,789,-70
2025-11-10T20:17:17.914786,293,395,589,494,82,75,80,261,10386,-6693,-4147,9928,-572,-1796,1405,304,835,-130
2025-11-10T20:17:17.933219,274,433,556,516,90,68,93,287,10463,-6728,-3995,9886,-721,-1821,1383,427,787,-155
2025-11-10T20:17:17.955332,226,428,564,524,86,62,91,302,10535,-6737,-3837,9865,-803,-1806,1352,585,645,-111
2025-11-10T20:17:17.974467,184,361,553,623,104,59,84,244,10621,-6710,-3676,9853,-774,-1867,1248,846,529,-131
2025-11-10T20:17:17.992656,156,383,570,858,146,73,83,238,10741,-6646,-3484,9836,-658,-1756,1199,1174,600,-192
2025-11-10T20:17:18.015510,144,372,551,843,159,78,76,201,10887,-6554,-3275,9809,-740,-1686,1273,1355,597,-343
2025-11-10T20:17:18.040041,130,312,578,858,188,77,67,183,11015,-6469,-3097,9781,-856,-1640,1273,1191,447,-394
2025-11-10T20:17:18.052658,108,221,487,872,199,86,143,232,11144,-6368,-2957,9743,-807,-1683,1230,1174,278,-500
2025-11-10T20:17:18.075557,103,212,514,905,195,98,168,272,11292,-6228,-2819,9704,-654,-1652,1241,1371,203,-554
2025-11-10T20:17:18.094721,88,144,472,876,245,92,178,268,11431,-6074,-2709,9671,-618,-1670,1170,1375,25,-558
2025-11-10T20:17:18.113067,80,140,465,894,292,91,190,271,11584,-5881,-2585,9642,-461,-1555,1236,1573,8,-544
2025-11-10T20:17:18.135227,74,132,453,906,330,96,197,260,11727,-5685,-2468,9617,-448,-1512,1224,1566,-58,-519
2025-11-10T20:17:18.155296,60,122,450,949,333,96,190,202,11858,-5478,-2380,9599,-472,-1511,1146,1555,-256,-520
2025-11-10T20:17:18.172834,74,115,425,928,340,92,196,147,12006,-5218,-2296,9579,-379,-1526,1126,1647,-372,-621
2025-11-10T20:17:18.195388,84,119,402,802,308,97,358,183,12163,-4924,-2185,9564,-338,-1442,1207,1893,-368,-607
2025-11-10T20:17:18.214358,82,118,401,833,275,96,404,186,12317,-4620,-2063,9545,-303,-1295,1404,1941,-346,-605
2025-11-10T20:17:18.233555,86,121,356,937,235,102,405,201,12462,-4318,-1974,9517,-284,-1246,1368,1806,-474,-661
2025-11-10T20:17:18.255131,92,126,393,1008,266,102,395,200,12593,-4009,-1915,9492,-119,-1149,1404,1722,-623,-649
2025-11-10T20:17:18.274993,83,123,380,1007,256,91,438,207,12706,-3732,-1890,9460,78,-1087,1361,1562,-575,-577
2025-11-10T20:17:18.292477,77,118,393,1046,266,100,324,188,12802,-3486,-1863,9429,230,-1061,1410,1413,-417,-465
2025-11-10T20:17:18.315156,78,114,390,1071,273,104,296,181,12884,-3234,-1816,9416,395,-845,1352,1430,-304,-304
2025-11-10T20:17:18.334736,72,111,344,920,255,92,362,180,12955,-2998,-1750,9409,465,-412,1346,1228,-160,-217
2025-11-10T20:17:18.353072,71,129,291,854,235,91,373,186,13008,-2860,-1731,9382,528,-338,1190,618,-16,-229
2025-11-10T20:17:18.375314,65,142,297,785,231,89,323,180,13039,-2784,-1743,9360,757,-299,1248,203,138,-85
2025-11-10T20:17:18.394777,57,138,240,667,190,65,321,163,13059,-2752,-1735,9343,811,-75,1223,-44,383,18
2025-11-10T20:17:18.412831,67,180,229,515,148,53,288,152,13070,-2822,-1747,9305,730,-48,1193,-598,594,-16
2025-11-10T20:17:18.435598,97,229,200,505,129,61,193,125,13063,-2979,-1805,9254,791,-199,1110,-1077,696,10
2025-11-10T20:17:18.454800,130,253,322,334,80,83,158,105,13036,-3210,-1898,9196,724,-287,1078,-1504,736,46
2025-11-10T20:17:18.472586,139,286,393,288,90,106,124,74,12970,-3539,-2012,9145,607,-344,1017,-1952,617,107
2025-11-10T20:17:18.495522,151,350,521,270,121,142,99,62,12882,-3884,-2164,9094,455,-586,1006,-2152,465,138
2025-11-10T20:17:18.514624,156,368,628,244,159,160,79,112,12778,-4218,-2337,9049,356,-931,908,-2141,308,176
2025-11-10T20:17:18.532411,177,384,667,234,185,230,65,124,12678,-4512,-2493,9006,302,-1017,849,-1906,250,161
2025-11-10T20:17:18.555317,165,434,703,257,202,225,64,136,12586,-4762,-2628,8968,239,-1237,801,-1605,200,156
2025-11-10T20:17:18.575194,208,572,737,298,257,290,57,213,12503,-4964,-2721,8947,-84,-1405,1064,-1097,184,223
2025-11-10T20:17:18.593062,213,586,769,326,262,326,55,230,12420,-5129,-2783,8950,-461,-1582,1196,-819,29,223
2025-11-10T20:17:18.615521,227,655,804,388,270,325,58,223,12354,-5268,-2845,8942,-542,-1528,1305,-771,-46,67
2025-11-10T20:17:18.635051,211,660,803,443,277,292,58,222,12301,-5410,-2911,8909,-526,-1336,1178,-847,16,-90
2025-11-10T20:17:18.652999,212,729,768,504,269,302,59,217,12249,-5571,-3004,8851,-526,-1445,1232,-1034,12,-226
2025-11-10T20:17:18.675407,181,683,772,698,278,257,57,181,12193,-5744,-3115,8778,-599,-1562,1422,-1227,-14,-328
2025-11-10T20:17:18.695236,169,668,724,712,279,198,62,173,12135,-5906,-3234,8708,-662,-1798,1398,-1134,-112,-360
2025-11-10T20:17:18.713353,171,615,724,739,263,208,65,160,12087,-6020,-3345,8654,-720,-1789,1432,-923,-252,-393
2025-11-10T20:17:18.735477,159,586,749,744,255,239,69,157,12046,-6088,-3454,8621,-680,-1839,1442,-689,-408,-363
2025-11-10T20:17:18.755297,146,448,713,717,256,228,67,153,12016,-6126,-3550,8597,-535,-1729,1440,-549,-393,-327
2025-11-10T20:17:18.773211,128,401,774,622,202,207,66,103,11985,-6170,-3624,8578,-474,-1769,1442,-506,-280,-220
2025-11-10T20:17:18.795553,130,387,840,721,192,200,63,76,11935,-6221,-3694,8581,-525,-1694,1474,-589,-329,-95
2025-11-10T20:17:18.814696,98,418,795,776,184,180,56,59,11881,-6271,-3759,8591,-585,-1837,1517,-555,-345,-56
2025-11-10T20:17:18.833553,97,437,858,825,190,127,49,45,11845,-6270,-3806,8621,-561,-1912,1549,-222,-437,-53
2025-11-10T20:17:18.855596,127,450,973,945,235,145,57,50,11834,-6221,-3837,8658,-461,-1771,1521,54,-461,-89
2025-11-10T20:17:18.875225,184,404,922,903,233,149,73,118,11845,-6143,-3857,8690,-317,-1621,1461,226,-421,-138
2025-11-10T20:17:18.892928,187,375,842,838,229,153,74,129,11858,-6087,-3879,8702,-160,-1590,1371,143,-279,-133
2025-11-10T20:17:18.915274,186,269,884,803,240,162,76,143,11871,-6047,-3910,8698,-51,-1574,1432,0,-204,-156
2025-11-10T20:17:18.934542,184,240,857,752,226,147,76,148,11873,-6044,-3940,8683,-52,-1586,1360,-150,-79,-118
2025-11-10T20:17:18.953380,196,182,761,689,206,125,74,147,11857,-6058,-3996,8670,-56,-1679,1265,-262,-174,-92
2025-11-10T20:17:18.975045,144,177,812,766,215,108,55,103,11857,-6047,-4039,8657,21,-1705,1294,-102,-149,-114
2025-11-10T20:17:18.994615,141,212,818,761,213,96,52,89,11862,-6009,-4062,8666,29,-1665,1256,119,-191,-42
2025-11-10T20:17:19.013133,138,224,772,693,190,77,48,67,11867,-5966,-4078,8682,75,-1528,1217,144,-173,12
2025-11-10T20:17:19.037966,138,214,754,651,180,85,47,53,11870,-5937,-4104,8685,94,-1538,1205,40,-149,-35
2025-11-10T20:17:19.054818,98,218,759,580,137,92,40,49,11865,-5940,-4134,8676,104,-1581,1109,-79,-54,-12
2025-11-10T20:17:19.072983,92,178,651,506,94,119,43,40,11856,-5955,-4167,8662,114,-1685,1158,-137,-26,-13
2025-11-10T20:17:19.095481,89,136,674,486,84,141,46,39,11849,-5966,-4181,8658,158,-1705,1170,-53,36,75
2025-11-10T20:17:19.115175,86,131,731,534,101,213,50,34,11840,-5980,-4168,8667,81,-1619,1175,-2,102,160
2025-11-10T20:17:19.132548,85,122,670,596,122,275,58,35,11821,-6002,-4168,8677,102,-1480,1135,-121,66,192
2025-11-10T20:17:19.155404,69,117,664,769,175,307,68,38,11794,-6053,-4195,8666,208,-1479,1156,-389,109,162
2025-11-10T20:17:19.175067,66,117,667,782,206,353,66,39,11763,-6126,-4218,8644,215,-1576,1069,-424,207,176
2025-11-10T20:17:19.193021,59,126,647,831,240,384,68,38,11727,-6194,-4238,8636,179,-1609,1097,-395,156,236
2025-11-10T20:17:19.215664,49,110,486,819,256,405,66,33,11691,-6253,-4255,8633,220,-1504,1099,-390,153,267
2025-11-10T20:17:19.234722,46,110,451,842,261,385,69,33,11644,-6324,-4286,8630,240,-1539,1062,-482,117,300
2025-11-10T20:17:19.253119,41,113,363,713,238,362,65,30,11585,-6401,-4325,8634,256,-1562,1031,-536,81,366
2025-11-10T20:17:19.283050,37,129,388,785,295,338,66,31,11522,-6479,-4372,8636,197,-1597,1065,-598,28,331
2025-11-10T20:17:19.294647,38,183,284,728,294,311,64,33,11439,-6557,-4433,8656,39,-1695,941,-579,-139,369
2025-11-10T20:17:19.313039,42,213,275,708,294,265,65,34,11358,-6607,-4513,8683,-19,-1690,829,-475,-336,273
2025-11-10T20:17:19.335823,44,216,269,620,309,267,59,36,11287,-6619,-4594,8724,7,-1695,860,-309,-456,252
2025-11-10T20:17:19.355421,55,242,268,557,317,269,56,42,11232,-6610,-4669,8763,-16,-1647,942,-235,-477,157
2025-11-10T20:17:19.372625,55,243,156,473,283,263,59,43,11174,-6623,-4746,8785,-92,-1707,933,-343,-399,98
2025-11-10T20:17:19.395469,58,208,152,478,276,254,58,46,11119,-6645,-4834,8791,-225,-1671,977,-476,-420,-52
2025-11-10T20:17:19.414919,56,184,147,461,267,224,61,48,11052,-6651,-4942,8810,-321,-1741,903,-428,-619,-84
2025-11-10T20:17:19.433661,54,183,201,461,240,196,59,47,10998,-6601,-5063,8846,-318,-1753,947,-230,-854,-197
2025-11-10T20:17:19.455495,45,148,208,426,227,190,56,42,10954,-6535,-5198,8872,-231,-1786,941,-193,-898,-293
2025-11-10T20:17:19.475054,47,135,219,453,186,151,48,41,10915,-6476,-5328,8887,-260,-1863,939,-202,-837,-346
2025-11-10T20:17:19.492979,36,113,220,454,189,134,46,35,10885,-6425,-5455,8883,-385,-1732,950,-280,-788,-503
2025-11-10T20:17:19.515549,33,97,232,466,178,133,36,32,10877,-6332,-5581,8881,-463,-1631,918,-81,-897,-687
2025-11-10T20:17:19.533800,32,85,191,484,174,133,30,29,10876,-6217,-5746,8859,-394,-1688,895,-117,-1044,-896
2025-11-10T20:17:19.551014,34,80,207,505,192,124,29,28,10896,-6091,-5924,8805,-180,-1844,914,-109,-975,-1056
2025-11-10T20:17:19.575106,31,68,192,444,242,123,28,27,10946,-5955,-6070,8736,-30,-1869,1038,0,-777,-1111
2025-11-10T20:17:19.594800,30,63,185,422,222,120,30,25,11002,-5842,-6190,8656,29,-1785,903,32,-566,-1059
2025-11-10T20:17:19.613403,30,60,268,492,287,126,32,24,11053,-5751,-6304,8570,38,-1686,977,-124,-490,-1018
2025-11-10T20:17:19.636240,29,57,267,506,294,107,35,23,11079,-5705,-6448,8460,138,-1816,909,-429,-459,-978
2025-11-10T20:17:19.654913,24,46,265,520,313,120,34,24,11105,-5652,-6594,8347,264,-1935,906,-390,-465,-983
2025-11-10T20:17:19.673148,21,45,247,426,268,140,34,23,11139,-5598,-6721,8237,470,-2024,866,-276,-336,-894
2025-11-10T20:17:19.695570,22,42,260,530,291,168,33,24,11182,-5537,-6805,8150,500,-1939,889,-97,-220,-756
2025-11-10T20:17:19.722830,19,29,164,509,224,212,34,23,11219,-5489,-6885,8064,535,-1813,842,-152,-182,-682
2025-11-10T20:17:19.732864,21,33,174,514,214,226,32,22,11250,-5443,-6971,7977,614,-1859,809,-169,-196,-660
2025-11-10T20:17:19.755413,20,32,149,488,162,224,33,22,11270,-5403,-7062,7896,715,-1844,766,-197,-216,-568
2025-11-10T20:17:19.777112,21,35,153,536,183,223,33,21,11290,-5356,-7130,7838,756,-1922,815,-64,-194,-459
2025-11-10T20:17:19.792649,19,36,130,483,133,203,33,19,11306,-5306,-7192,7792,793,-1805,790,-36,-203,-376
2025-11-10T20:17:19.815554,21,39,152,499,144,169,30,19,11317,-5262,-7256,7748,794,-1778,753,-50,-211,-345
2025-11-10T20:17:19.837771,18,35,135,464,142,157,32,21,11330,-5212,-7319,7703,831,-1674,754,-56,-212,-346
2025-11-10T20:17:19.852532,18,39,136,491,140,154,30,20,11338,-5155,-7386,7665,900,-1704,696,8,-252,-316
2025-11-10T20:17:19.875706,19,35,134,455,113,135,31,20,11340,-5103,-7451,7634,930,-1683,701,-10,-263,-249
2025-11-10T20:17:19.898029,21,37,155,593,133,131,27,20,11343,-5048,-7504,7614,934,-1705,691,71,-232,-204
2025-11-10T20:17:19.912689,19,33,133,641,121,105,26,20,11349,-4991,-7548,7599,909,-1636,704,101,-223,-193
2025-11-10T20:17:19.935401,20,33,130,678,115,99,22,22,11355,-4928,-7594,7586,897,-1577,747,88,-263,-207
2025-11-10T20:17:19.958161,20,29,133,710,113,88,24,22,11358,-4860,-7648,7571,901,-1545,751,74,-312,-234
2025-11-10T20:17:19.973001,19,29,136,744,119,89,24,22,11360,-4794,-7713,7543,937,-1560,762,-7,-336,-290
2025-11-10T20:17:19.995141,17,26,117,637,93,93,25,23,11364,-4732,-7783,7504,1011,-1659,802,-60,-318,-333
2025-11-10T20:17:20.018172,19,27,108,533,87,94,25,23,11379,-4674,-7830,7468,1108,-1755,873,3,-196,-291
2025-11-10T20:17:20.033516,19,28,105,500,90,74,25,21,11403,-4631,-7837,7452,1120,-1796,913,105,-15,-140
2025-11-10T20:17:20.055562,19,29,98,440,78,66,22,20,11428,-4615,-7811,7451,1035,-1732,933,110,137,10
2025-11-10T20:17:20.078178,20,25,89,453,57,59,25,21,11445,-4624,-7780,7452,927,-1674,874,33,191,79
2025-11-10T20:17:20.092989,20,23,80,424,54,44,30,19,11454,-4648,-7764,7440,843,-1616,801,-91,170,43
2025-11-10T20:17:20.115386,19,23,71,434,49,30,32,20,11460,-4671,-7764,7416,795,-1641,744,-131,113,-49
2025-11-10T20:17:20.146126,19,20,71,424,47,28,32,20,11472,-4669,-7764,7398,786,-1703,722,13,65,-133
2025-11-10T20:17:20.152951,18,19,68,397,45,27,33,19,11497,-4640,-7753,7391,789,-1765,696,227,58,-188
2025-11-10T20:17:20.175846,18,18,68,355,46,26,30,19,11533,-4587,-7726,7395,817,-1747,703,412,80,-199
2025-11-10T20:17:20.198030,18,22,70,371,41,27,26,20,11574,-4528,-7687,7408,845,-1712,745,479,115,-160
2025-11-10T20:17:20.212836,21,24,83,435,44,27,25,20,11610,-4475,-7643,7428,868,-1667,801,450,119,-74
2025-11-10T20:17:20.235548,22,24,80,422,39,24,25,20,11636,-4435,-7604,7452,880,-1618,821,371,102,6
2025-11-10T20:17:20.258051,21,24,81,433,39,23,24,19,11654,-4408,-7573,7472,889,-1577,849,260,86,52
2025-11-10T20:17:20.273034,22,24,78,447,35,22,22,18,11665,-4393,-7550,7487,890,-1581,857,175,78,60
2025-11-10T20:17:20.295219,22,24,66,428,35,20,20,18,11677,-4380,-7527,7499,864,-1581,872,150,81,41
2025-11-10T20:17:20.318003,20,24,85,489,48,22,19,17,11691,-4363,-7503,7511,842,-1599,880,174,74,12
2025-11-10T20:17:20.332987,19,24,85,490,48,21,33,18,11707,-4345,-7479,7521,828,-1591,897,178,74,-5
2025-11-10T20:17:20.355065,23,24,83,507,49,22,33,19,11721,-4329,-7457,7529,833,-1585,901,156,76,0
2025-11-10T20:17:20.378249,23,26,89,503,52,21,33,20,11733,-4322,-7439,7533,843,-1598,895,107,85,3
2025-11-10T20:17:20.397240,24,24,89,499,52,22,38,21,11742,-4323,-7424,7533,842,-1593,898,45,91,12
2025-11-10T20:17:20.415296,24,21,58,361,39,20,45,20,11746,-4331,-7417,7528,850,-1596,880,-12,80,16
2025-11-10T20:17:20.438028,24,21,62,364,43,20,37,20,11750,-4338,-7412,7525,843,-1593,892,-14,64,17
2025-11-10T20:17:20.452986,21,21,63,355,42,19,37,21,11752,-4341,-7406,7525,831,-1599,909,11,39,18
2025-11-10T20:17:20.475560,21,18,55,287,38,19,36,20,11755,-4338,-7399,7528,836,-1597,914,36,25,15
2025-11-10T20:17:20.497596,19,19,55,294,36,20,32,19,11760,-4334,-7393,7530,832,-1594,930,31,27,5
2025-11-10T20:17:20.512980,19,19,52,279,33,19,20,18,11765,-4328,-7385,7533,823,-1582,929,50,23,-1
2025-11-10T20:17:20.536167,18,19,49,272,30,20,19,17,11767,-4324,-7379,7537,806,-1590,925,38,11,11
2025-11-10T20:17:20.558073,21,20,48,260,31,20,18,14,11766,-4324,-7376,7541,798,-1605,912,19,-2,16
2025-11-10T20:17:20.572979,22,22,63,307,33,20,19,16,11766,-4325,-7376,7541,812,-1637,906,-13,-9,11
2025-11-10T20:17:20.595542,22,22,64,317,34,20,19,16,11765,-4322,-7376,7545,810,-1613,910,27,-9,5
2025-11-10T20:17:20.618111,21,23,68,375,43,23,18,17,11763,-4319,-7374,7551,792,-1606,897,38,-18,13
2025-11-10T20:17:20.640324,22,22,68,384,43,22,19,18,11760,-4314,-7375,7559,803,-1614,911,41,-37,17
2025-11-10T20:17:20.655563,19,24,80,433,46,22,20,19,11756,-4306,-7377,7566,818,-1615,903,50,-45,15
2025-11-10T20:17:20.677831,19,23,63,383,48,23,20,16,11754,-4299,-7381,7571,839,-1606,893,42,-37,12
2025-11-10T20:17:20.700471,18,22,57,342,48,21,20,16,11752,-4290,-7383,7577,835,-1596,891,54,-32,13
2025-11-10T20:17:20.715546,18,21,63,369,43,20,19,16,11750,-4284,-7385,7581,835,-1588,893,34,-27,13
2025-11-10T20:17:20.738023,18,23,68,394,43,20,19,17,11747,-4282,-7393,7580,854,-1607,873,5,-20,0
2025-11-10T20:17:20.760069,18,20,54,330,41,21,17,17,11747,-4281,-7394,7579,870,-1588,886,-5,-7,-13
2025-11-10T20:17:20.775464,20,22,56,354,35,19,18,17,11748,-4281,-7399,7573,865,-1593,876,-10,11,-18
2025-11-10T20:17:20.798032,21,22,59,380,37,21,17,18,11752,-4279,-7402,7565,860,-1574,895,-10,20,-25
2025-11-10T20:17:20.820721,20,23,51,309,32,19,18,20,11754,-4282,-7407,7555,858,-1580,877,-32,23,-29
2025-11-10T20:17:20.835559,19,21,41,262,29,19,18,19,11757,-4284,-7409,7547,845,-1568,892,-29,30,-24
2025-11-10T20:17:20.857533,20,22,42,245,27,20,19,19,11759,-4288,-7410,7540,830,-1583,880,-23,31,-16
2025-11-10T20:17:20.880898,17,18,39,239,26,20,25,21,11760,-4294,-7411,7534,829,-1589,878,-27,33,-11
2025-11-10T20:17:20.895531,20,19,37,217,25,19,34,23,11763,-4300,-7410,7528,831,-1599,884,-19,41,-9
2025-11-10T20:17:20.922364,22,20,43,285,26,19,38,20,11765,-4306,-7407,7523,814,-1603,891,-17,42,-11
2025-11-10T20:17:20.948769,23,20,42,284,25,18,38,20,11765,-4316,-7406,7519,789,-1621,892,-32,32,-8
2025-11-10T20:17:20.956240,38,21,41,287,26,17,38,20,11765,-4324,-7406,7515,796,-1627,918,-39,20,-13
2025-11-10T20:17:20.978197,39,21,47,299,29,19,35,17,11766,-4328,-7405,7512,804,-1622,923,-19,15,-12
2025-11-10T20:17:21.000656,39,22,47,323,28,19,26,15,11766,-4328,-7404,7512,809,-1604,913,-7,9,-5
2025-11-10T20:17:21.015119,38,20,41,275,32,19,20,15,11766,-4328,-7404,7513,808,-1607,927,1,-3,-5
2025-11-10T20:17:21.039998,38,20,42,276,32,19,21,16,11767,-4322,-7405,7514,840,-1613,921,27,-17,-8
2025-11-10T20:17:21.060373,22,18,42,272,32,19,21,15,11768,-4315,-7407,7514,852,-1607,908,27,-18,-11
2025-11-10T20:17:21.075541,25,23,45,261,34,20,22,18,11768,-4309,-7411,7513,851,-1585,893,16,-14,-12
2025-11-10T20:17:21.098078,24,22,44,211,33,21,30,19,11768,-4309,-7411,7512,851,-1574,890,4,-9,-14
2025-11-10T20:17:21.120545,40,22,41,166,26,21,32,20,11768,-4309,-7412,7512,843,-1575,880,2,-9,-7
2025-11-10T20:17:21.135558,39,22,40,158,28,21,31,20,11768,-4308,-7412,7512,830,-1564,891,-3,-6,0
2025-11-10T20:17:21.157918,40,21,38,154,30,21,31,19,11768,-4308,-7413,7511,825,-1570,871,0,-5,1
2025-11-10T20:17:21.180653,39,16,25,85,26,20,31,20,11768,-4308,-7413,7511,836,-1600,909,3,-3,-6
2025-11-10T20:17:21.195261,38,17,25,111,26,19,24,19,11768,-4308,-7414,7511,840,-1604,894,10,3,-13
2025-11-10T20:17:21.216705,22,17,22,117,25,19,20,19,11770,-4307,-7417,7505,846,-1592,890,-9,9,-24
2025-11-10T20:17:21.240513,22,17,25,140,26,20,21,18,11770,-4310,-7420,7500,837,-1591,889,-23,6,-15
2025-11-10T20:17:21.255601,22,18,25,145,23,20,22,19,11768,-4316,-7426,7495,836,-1591,871,-45,6,-3
2025-11-10T20:17:21.278058,40,21,27,182,22,19,32,20,11765,-4323,-7431,7490,830,-1628,880,-37,3,-3
2025-11-10T20:17:21.300573,40,19,29,169,22,19,34,22,11765,-4323,-7431,7490,829,-1626,897,-10,8,-8
2025-11-10T20:17:21.315550,42,20,32,168,29,20,34,22,11767,-4321,-7429,7490,821,-1609,908,17,9,-14
2025-11-10T20:17:21.338082,43,23,30,146,27,19,33,22,11768,-4322,-7431,7486,833,-1603,902,-16,-2,-20
2025-11-10T20:17:21.360509,42,22,32,139,28,19,33,21,11768,-4323,-7437,7479,853,-1609,907,-34,-3,-25
2025-11-10T20:17:21.374920,25,21,32,140,33,23,38,19,11768,-4325,-7443,7472,849,-1602,897,-39,-2,-25
2025-11-10T20:17:21.397786,26,22,30,133,33,23,40,16,11768,-4325,-7448,7467,845,-1608,898,-26,-8,-25
2025-11-10T20:17:21.420539,33,21,29,131,29,22,40,15,11768,-4325,-7453,7463,836,-1600,890,-17,-14,-22
2025-11-10T20:17:21.435557,34,20,31,130,29,22,42,17,11768,-4324,-7456,7461,820,-1607,904,-8,-14,-23
2025-11-10T20:17:21.458022,36,21,30,132,28,23,42,17,11770,-4320,-7457,7459,823,-1592,905,3,-12,-26
2025-11-10T20:17:21.480768,35,19,28,75,22,21,36,17,11772,-4315,-7458,7456,833,-1567,907,6,-10,-27
2025-11-10T20:17:21.495442,34,21,29,105,23,21,35,17,11773,-4311,-7462,7453,842,-1565,882,-3,-14,-18
2025-11-10T20:17:21.518053,26,21,26,103,24,22,35,17,11773,-4311,-7463,7453,837,-1563,874,-5,-14,-16
2025-11-10T20:17:21.543102,25,21,27,139,26,22,32,16,11770,-4313,-7469,7450,849,-1603,862,-17,-11,-4
2025-11-10T20:17:21.562830,36,21,28,143,27,21,33,17,11770,-4313,-7469,7450,846,-1608,878,-14,-3,-2
2025-11-10T20:17:21.577617,36,21,27,145,28,22,32,16,11770,-4313,-7469,7450,839,-1625,891,-12,-6,-3
2025-11-10T20:17:21.600402,40,21,25,123,26,21,33,22,11770,-4314,-7469,7450,842,-1622,887,-11,-8,-8
2025-11-10T20:17:21.623478,40,23,26,120,25,22,33,23,11770,-4314,-7469,7450,841,-1606,904,-13,-12,-10
2025-11-10T20:17:21.638055,39,23,24,75,23,20,34,22,11769,-4313,-7470,7450,851,-1593,877,1,-11,-14
2025-11-10T20:17:21.660453,29,23,22,65,23,21,34,22,11770,-4311,-7474,7446,853,-1582,886,-10,-11,-19
2025-11-10T20:17:21.683215,45,24,26,66,23,20,25,25,11770,-4311,-7482,7440,866,-1594,879,-29,-11,-26
2025-11-10T20:17:21.698125,43,22,26,63,24,18,23,21,11770,-4311,-7488,7433,861,-1607,889,-33,-8,-30
2025-11-10T20:17:21.720507,45,22,25,61,23,17,21,21,11769,-4312,-7494,7427,851,-1604,866,-19,-8,-31
2025-11-10T20:17:21.743098,46,22,25,64,27,17,20,21,11770,-4311,-7499,7421,851,-1589,880,-19,-7,-32
2025-11-10T20:17:21.757782,43,22,24,62,26,15,20,23,11772,-4307,-7503,7416,856,-1572,882,-10,-10,-26
2025-11-10T20:17:21.781380,28,22,19,49,27,16,20,21,11772,-4306,-7506,7413,842,-1577,873,-6,-9,-19
2025-11-10T20:17:21.803051,38,21,20,42,29,16,17,20,11772,-4306,-7507,7413,842,-1601,875,-9,-5,-15
2025-11-10T20:17:21.817963,39,21,21,42,28,15,18,21,11772,-4306,-7507,7413,850,-1596,873,-3,3,-16
2025-11-10T20:17:21.840187,39,20,31,66,24,17,20,20,11772,-4306,-7507,7413,844,-1603,871,-2,4,-14
2025-11-10T20:17:21.863458,39,19,32,70,28,20,21,18,11771,-4310,-7510,7410,841,-1596,861,-21,6,-8
2025-11-10T20:17:21.878050,38,18,31,76,29,20,30,18,11770,-4314,-7513,7406,851,-1600,868,-24,6,-4
2025-11-10T20:17:21.900519,38,17,32,79,27,21,33,19,11769,-4315,-7513,7406,853,-1621,877,-10,7,2
2025-11-10T20:17:21.923183,36,16,31,80,27,23,32,18,11769,-4315,-7513,7406,850,-1605,867,13,11,4
2025-11-10T20:17:21.945484,36,18,21,58,28,24,32,18,11769,-4315,-7513,7406,849,-1589,886,5,10,1
2025-11-10T20:17:21.960709,38,20,20,51,25,22,31,21,11769,-4315,-7514,7406,848,-1582,879,-9,8,1
2025-11-10T20:17:21.983549,38,20,22,49,26,22,22,20,11769,-4314,-7514,7406,851,-1585,876,-8,4,4
2025-11-10T20:17:21.997461,27,21,22,44,28,21,19,20,11769,-4314,-7514,7405,864,-1581,891,-14,1,7
2025-11-10T20:17:22.020422,38,20,22,43,28,19,19,20,11770,-4314,-7514,7405,861,-1586,892,-12,4,6
2025-11-10T20:17:22.045529,39,21,22,41,27,16,19,21,11769,-4314,-7514,7405,861,-1601,874,-1,5,8
2025-11-10T20:17:22.057366,37,19,22,40,26,16,19,18,11769,-4314,-7515,7405,852,-1593,871,4,8,8
2025-11-10T20:17:22.080205,37,19,20,27,19,16,18,19,11769,-4314,-7515,7405,851,-1597,878,-12,9,6
2025-11-10T20:17:22.103028,37,20,22,36,19,18,18,20,11768,-4318,-7518,7401,865,-1600,867,-26,11,0
2025-11-10T20:17:22.118041,37,20,21,34,19,18,17,19,11768,-4321,-7520,7397,866,-1599,861,-19,13,-5
2025-11-10T20:17:22.140553,39,18,19,34,19,19,26,19,11768,-4325,-7522,7392,868,-1614,858,-23,19,-6
2025-11-10T20:17:22.162681,42,21,22,42,21,18,34,21,11769,-4330,-7524,7386,864,-1593,851,-24,26,-9
2025-11-10T20:17:22.177995,43,22,21,50,27,19,36,20,11770,-4336,-7525,7380,857,-1593,856,-32,32,-4
2025-11-10T20:17:22.200547,43,21,18,57,27,18,37,19,11770,-4345,-7525,7376,848,-1590,855,-38,34,6
2025-11-10T20:17:22.222975,34,21,27,72,30,19,37,19,11769,-4355,-7524,7372,829,-1597,866,-41,33,6
2025-11-10T20:17:22.238033,29,21,33,120,38,21,32,19,11769,-4363,-7520,7372,817,-1616,874,-19,28,10
2025-11-10T20:17:22.260567,22,18,48,262,38,20,22,17,11769,-4368,-7515,7373,813,-1624,881,-3,28,7
2025-11-10T20:17:22.282651,37,18,52,283,39,20,20,17,11771,-4371,-7507,7375,805,-1602,900,8,24,5
2025-11-10T20:17:22.297603,36,19,53,289,40,20,19,16,11771,-4374,-7503,7378,828,-1611,903,-2,10,16
2025-11-10T20:17:22.320513,38,19,50,290,39,22,18,16,11768,-4378,-7503,7381,832,-1626,881,-8,-2,20
2025-11-10T20:17:22.342993,39,18,49,282,37,22,18,16,11766,-4379,-7503,7384,848,-1622,879,5,-3,21
2025-11-10T20:17:22.358048,39,19,32,163,36,23,19,16,11765,-4377,-7500,7389,841,-1620,877,29,-3,19
2025-11-10T20:17:22.380537,24,19,25,122,31,24,21,18,11765,-4376,-7498,7393,844,-1610,881,24,-3,18
2025-11-10T20:17:22.402772,25,16,26,104,28,23,20,18,11765,-4375,-7498,7392,859,-1601,877,9,-3,7
2025-11-10T20:17:22.417929,35,17,25,92,28,21,22,18,11765,-4375,-7499,7392,865,-1593,866,-1,3,0
2025-11-10T20:17:22.440105,35,17,19,62,19,19,21,18,11765,-4374,-7500,7391,879,-1590,863,-10,9,-4
2025-11-10T20:17:22.463340,36,18,18,42,18,17,20,18,11765,-4377,-7502,7386,866,-1593,852,-19,18,-5
2025-11-10T20:17:22.478007,37,16,19,35,18,15,18,19,11766,-4381,-7504,7381,857,-1606,858,-25,22,-5
2025-11-10T20:17:22.500530,35,18,17,29,18,16,31,19,11767,-4387,-7504,7376,839,-1613,873,-31,25,-9
2025-11-10T20:17:22.523120,24,18,17,25,18,18,32,20,11768,-4393,-7504,7371,828,-1609,878,-35,26,-14
2025-11-10T20:17:22.548159,22,20,19,29,19,19,33,20,11770,-4399,-7501,7367,812,-1606,885,-25,27,-12
2025-11-10T20:17:22.560862,22,20,20,31,21,19,33,19,11771,-4404,-7499,7365,807,-1602,883,-21,22,-10
2025-11-10T20:17:22.583046,29,21,21,33,23,21,33,19,11771,-4408,-7498,7363,819,-1613,882,-18,12,-4
2025-11-10T20:17:22.605066,34,21,21,33,23,21,30,19,11771,-4408,-7498,7363,828,-1627,869,-12,8,0
2025-11-10T20:17:22.619865,35,21,21,33,24,19,31,19,11771,-4409,-7498,7363,827,-1614,868,-4,10,0
2025-11-10T20:17:22.642983,36,19,20,28,23,19,31,19,11771,-4409,-7498,7363,834,-1614,868,-11,8,6
2025-11-10T20:17:22.665578,36,18,20,25,22,19,31,20,11769,-4414,-7499,7363,821,-1613,864,-19,4,8
2025-11-10T20:17:22.680517,31,18,20,21,21,18,41,20,11767,-4418,-7500,7362,838,-1620,873,-19,2,7
2025-11-10T20:17:22.702653,27,19,20,26,23,18,37,20,11767,-4418,-7500,7362,832,-1619,875,-3,5,5
2025-11-10T20:17:22.725394,26,17,19,27,22,19,35,21,11767,-4418,-7500,7362,838,-1600,864,2,4,7
2025-11-10T20:17:22.740551,38,20,21,25,21,18,35,22,11767,-4418,-7500,7362,842,-1599,875,-9,3,5
2025-11-10T20:17:22.763190,37,20,21,29,21,19,35,21,11767,-4418,-7500,7362,842,-1610,875,-7,3,7
2025-11-10T20:17:22.785771,37,18,20,29,21,19,23,20,11767,-4418,-7500,7362,831,-1622,873,-4,0,5
2025-11-10T20:17:22.805426,36,19,19,23,17,18,20,20,11767,-4418,-7500,7362,843,-1619,876,-10,-3,0
2025-11-10T20:17:22.823045,37,19,19,23,17,21,19,19,11767,-4418,-7501,7362,845,-1614,875,-3,1,-4
2025-11-10T20:17:22.845480,35,16,18,30,21,21,31,19,11767,-4418,-7501,7362,837,-1600,854,1,6,-7
2025-11-10T20:17:22.860282,39,17,19,29,20,20,32,18,11766,-4418,-7501,7361,843,-1594,845,-8,4,-3
2025-11-10T20:17:22.883111,40,19,19,29,19,21,34,19,11765,-4422,-7505,7358,847,-1605,850,-26,6,-1
2025-11-10T20:17:22.905345,40,19,22,29,22,20,34,20,11763,-4428,-7507,7354,837,-1623,841,-25,14,0
2025-11-10T20:17:22.920626,40,18,21,32,22,17,39,19,11762,-4435,-7507,7352,826,-1640,852,-19,19,0
2025-11-10T20:17:22.943073,41,18,21,33,26,16,32,19,11763,-4439,-7506,7350,827,-1622,865,-12,21,0
2025-11-10T20:17:22.965320,38,20,18,32,28,16,31,19,11763,-4444,-7503,7349,820,-1615,883,-19,17,3
2025-11-10T20:17:22.980584,37,18,19,37,29,16,30,17,11762,-4449,-7503,7348,820,-1632,879,-24,9,1
2025-11-10T20:17:23.003537,38,17,17,36,27,17,35,17,11762,-4452,-7503,7347,832,-1629,884,-18,8,-1
2025-11-10T20:17:23.025533,37,17,19,35,28,16,37,18,11762,-4453,-7502,7347,825,-1625,872,-7,9,3
2025-11-10T20:17:23.040005,37,17,18,36,23,16,38,17,11762,-4453,-7502,7347,828,-1606,870,2,6,1
2025-11-10T20:17:23.062739,37,16,21,39,21,17,37,18,11762,-4453,-7502,7347,832,-1599,865,-4,-1,4
2025-11-10T20:17:23.085718,38,16,20,33,24,17,47,19,11762,-4453,-7503,7347,840,-1609,863,-1,-2,7
2025-11-10T20:17:23.100359,37,18,20,34,23,18,45,18,11762,-4453,-7503,7347,833,-1629,870,2,-1,8
2025-11-10T20:17:23.123075,40,19,19,34,21,18,39,17,11762,-4453,-7503,7347,839,-1633,870,-2,1,2
2025-11-10T20:17:23.145267,42,19,21,28,19,19,38,18,11761,-4453,-7503,7346,842,-1632,869,-7,5,-3
2025-11-10T20:17:23.160277,42,20,18,31,21,19,48,18,11761,-4453,-7503,7346,839,-1617,859,-4,9,0
2025-11-10T20:17:23.183116,40,23,18,31,19,19,40,18,11761,-4453,-7504,7346,843,-1606,849,-9,6,4
2025-11-10T20:17:23.205778,40,23,18,31,20,19,39,19,11760,-4458,-7506,7343,827,-1611,841,-24,10,0
2025-11-10T20:17:23.220060,49,23,20,35,22,22,39,19,11760,-4463,-7506,7341,829,-1615,848,-15,19,0
2025-11-10T20:17:23.243202,39,24,19,40,24,21,38,18,11760,-4468,-7506,7337,825,-1612,850,-23,22,-4
2025-11-10T20:17:23.265592,39,24,19,35,21,22,23,17,11758,-4475,-7509,7332,831,-1613,834,-38,17,0
2025-11-10T20:17:23.280589,41,22,19,36,21,22,20,14,11758,-4482,-7509,7328,824,-1609,850,-36,20,1
2025-11-10T20:17:23.303138,41,21,18,36,22,22,19,13,11757,-4489,-7507,7327,815,-1624,871,-27,21,5
2025-11-10T20:17:23.325577,26,22,18,32,22,20,17,15,11757,-4489,-7507,7327,805,-1620,879,-10,10,8
2025-11-10T20:17:23.340568,34,20,17,22,18,20,33,16,11757,-4490,-7506,7328,778,-1636,897,11,3,15
2025-11-10T20:17:23.363423,34,21,19,21,21,18,34,16,11757,-4490,-7499,7336,780,-1640,909,23,-7,18
2025-11-10T20:17:23.385544,33,20,19,24,21,19,35,17,11755,-4488,-7496,7343,809,-1651,892,30,-19,14
2025-11-10T20:17:23.400544,33,21,19,29,23,19,35,17,11754,-4482,-7496,7348,835,-1643,884,34,-27,3
2025-11-10T20:17:23.422787,33,19,19,30,24,18,34,17,11753,-4474,-7499,7352,852,-1628,845,43,-28,6
2025-11-10T20:17:23.446042,22,20,21,31,24,18,20,18,11749,-4470,-7502,7357,839,-1615,829,31,-31,14
2025-11-10T20:17:23.468493,33,19,20,31,24,20,18,20,11744,-4469,-7508,7359,847,-1637,839,7,-33,14
2025-11-10T20:17:23.482948,31,21,20,29,24,18,19,20,11742,-4466,-7511,7362,845,-1642,848,20,-19,5
2025-11-10T20:17:23.505497,32,20,21,22,20,20,28,20,11744,-4461,-7509,7364,837,-1627,859,44,-3,-4
2025-11-10T20:17:23.528609,33,20,22,21,20,20,31,21,11746,-4455,-7508,7364,840,-1618,871,28,-2,-18
2025-11-10T20:17:23.543118,33,20,20,19,20,20,32,19,11749,-4451,-7511,7360,852,-1625,881,-2,-3,-31
2025-11-10T20:17:23.565266,23,19,20,18,19,18,33,18,11752,-4449,-7515,7352,860,-1618,870,-18,0,-40
2025-11-10T20:17:23.589016,36,18,19,19,20,21,33,19,11755,-4448,-7518,7345,843,-1613,879,-19,5,-43
2025-11-10T20:17:23.603031,36,19,21,20,20,19,24,18,11758,-4448,-7522,7336,835,-1607,861,-27,5,-47
2025-11-10T20:17:23.625012,37,20,18,20,19,18,21,17,11760,-4449,-7525,7328,833,-1591,834,-22,11,-41
2025-11-10T20:17:23.648454,37,20,21,20,18,19,18,18,11762,-4451,-7525,7324,809,-1602,841,-8,15,-27
2025-11-10T20:17:23.663006,36,21,21,21,19,19,17,18,11762,-4451,-7525,7324,805,-1618,862,4,9,-16
2025-11-10T20:17:23.685589,33,21,23,20,19,18,18,17,11763,-4452,-7522,7325,801,-1631,864,18,8,-14
2025-11-10T20:17:23.708724,37,20,21,19,18,18,18,18,11765,-4450,-7517,7328,801,-1628,877,27,4,-12
2025-11-10T20:17:23.722924,37,21,21,17,18,17,18,18,11766,-4448,-7515,7329,814,-1614,870,17,-1,-7
2025-11-10T20:17:23.745523,38,21,17,16,21,17,18,17,11766,-4449,-7515,7329,821,-1613,855,-6,-4,-1
2025-11-10T20:17:23.768731,39,22,17,19,19,18,18,17,11766,-4449,-7515,7329,829,-1631,838,-10,-5,9
2025-11-10T20:17:23.783053,30,21,15,18,21,16,17,17,11765,-4450,-7515,7329,832,-1631,857,8,-5,14
2025-11-10T20:17:23.805546,38,22,15,18,22,16,19,18,11765,-4448,-7513,7333,829,-1625,870,23,-3,11
2025-11-10T20:17:23.828321,39,21,17,20,22,17,19,19,11765,-4446,-7511,7337,835,-1615,880,22,-6,7
2025-11-10T20:17:23.843224,39,20,18,21,20,17,20,20,11765,-4445,-7511,7337,839,-1601,890,14,-8,-2
2025-11-10T20:17:23.865382,39,17,17,19,21,17,19,19,11766,-4445,-7511,7337,855,-1599,878,11,-8,-6
2025-11-10T20:17:23.888339,40,18,19,19,20,18,20,19,11766,-4444,-7511,7336,852,-1582,860,-1,-12,-7
2025-11-10T20:17:23.902780,26,18,19,19,18,20,17,18,11766,-4444,-7512,7336,852,-1601,858,-4,-16,0
2025-11-10T20:17:23.925927,37,17,19,18,16,21,18,19,11765,-4442,-7513,7338,842,-1625,864,17,-12,0
2025-11-10T20:17:23.948755,37,18,19,18,17,21,18,17,11765,-4439,-7512,7340,834,-1633,870,24,-9,-4
2025-11-10T20:17:23.962625,36,18,20,17,20,22,19,18,11766,-4435,-7512,7341,834,-1623,872,21,-10,-10
2025-11-10T20:17:23.985521,37,17,19,19,20,22,18,18,11766,-4435,-7512,7341,839,-1605,872,8,-16,-16
2025-11-10T20:17:24.008758,37,17,18,19,21,19,20,18,11765,-4432,-7516,7340,840,-1619,865,2,-21,-18
2025-11-10T20:17:24.022982,22,17,18,20,22,19,19,16,11764,-4429,-7519,7339,838,-1613,858,5,-20,-15
2025-11-10T20:17:24.046095,38,16,17,19,21,17,29,17,11763,-4427,-7523,7339,837,-1619,854,7,-23,-14
2025-11-10T20:17:24.066622,39,17,18,20,21,17,32,18,11761,-4425,-7526,7340,821,-1623,863,6,-24,-12
2025-11-10T20:17:24.081514,39,18,18,19,21,16,32,19,11760,-4423,-7528,7342,817,-1628,867,12,-24,-11
2025-11-10T20:17:24.105561,40,18,21,19,19,17,32,19,11759,-4419,-7530,7344,831,-1634,870,19,-29,-14
2025-11-10T20:17:24.128909,49,21,21,19,19,19,42,20,11759,-4413,-7531,7346,829,-1615,876,27,-28,-16
2025-11-10T20:17:24.142820,38,20,21,20,18,19,37,21,11759,-4406,-7533,7348,836,-1613,876,23,-31,-16
2025-11-10T20:17:24.165988,38,18,19,19,19,19,35,21,11758,-4400,-7537,7349,839,-1604,869,15,-33,-19
2025-11-10T20:17:24.188797,37,19,19,20,18,20,36,22,11758,-4394,-7542,7348,860,-1605,866,12,-32,-18
2025-11-10T20:17:24.202979,36,19,16,20,20,19,36,24,11758,-4388,-7547,7346,877,-1601,847,15,-23,-19
2025-11-10T20:17:24.225627,22,16,16,19,20,21,25,25,11759,-4383,-7552,7343,875,-1584,849,4,-13,-20
2025-11-10T20:17:24.248633,34,18,17,18,21,20,22,23,11758,-4382,-7558,7338,867,-1590,844,-19,-9,-17
2025-11-10T20:17:24.262716,34,18,16,18,18,20,20,22,11758,-4383,-7564,7332,878,-1589,835,-23,1,-17
2025-11-10T20:17:24.285562,36,20,17,19,20,19,20,22,11760,-4384,-7565,7327,864,-1587,863,-22,10,-14
2025-11-10T20:17:24.308821,38,20,17,18,18,20,19,19,11762,-4386,-7564,7323,847,-1579,870,-18,16,-9
2025-11-10T20:17:24.322926,37,21,17,27,22,18,21,16,11762,-4386,-7564,7324,828,-1606,886,-6,12,0
2025-11-10T20:17:24.345870,40,19,17,30,21,19,20,15,11762,-4386,-7563,7324,811,-1604,879,3,4,1
2025-11-10T20:17:24.368684,39,21,18,30,22,19,21,16,11762,-4387,-7562,7325,812,-1646,895,4,-11,0
2025-11-10T20:17:24.383092,40,19,16,29,21,19,20,16,11763,-4382,-7558,7331,823,-1653,925,33,-23,-6
2025-11-10T20:17:24.405597,39,20,17,32,23,18,20,16,11762,-4373,-7554,7341,815,-1650,930,54,-46,-5
2025-11-10T20:17:24.428761,39,19,17,25,21,18,18,15,11761,-4360,-7555,7351,826,-1627,904,65,-67,-7
2025-11-10T20:17:24.451388,27,21,16,23,20,18,18,15,11758,-4346,-7558,7361,848,-1624,884,70,-77,-4
2025-11-10T20:17:24.465411,26,20,16,22,19,20,18,15,11756,-4330,-7562,7369,861,-1608,869,78,-68,-10
2025-11-10T20:17:24.488675,24,20,19,23,20,20,15,14,11755,-4316,-7567,7372,871,-1597,822,71,-49,-20
2025-11-10T20:17:24.511155,36,21,19,19,19,20,15,14,11755,-4305,-7574,7371,893,-1578,814,43,-33,-24
2025-11-10T20:17:24.525559,37,20,22,22,18,19,15,14,11754,-4301,-7586,7363,916,-1592,803,-5,-18,-33
2025-11-10T20:17:24.548307,37,19,22,21,19,19,16,17,11754,-4301,-7599,7349,929,-1582,780,-37,2,-43
2025-11-10T20:17:24.571290,37,19,22,22,22,19,17,17,11756,-4306,-7610,7334,925,-1578,796,-56,25,-42
2025-11-10T20:17:24.585511,37,21,20,21,20,18,18,16,11757,-4314,-7617,7319,911,-1580,796,-63,41,-31
2025-11-10T20:17:24.607985,35,19,20,20,21,20,18,17,11760,-4323,-7619,7307,892,-1581,853,-66,48,-23
2025-11-10T20:17:24.631395,35,20,17,16,22,20,18,19,11763,-4332,-7618,7298,864,-1594,864,-60,44,-18
2025-11-10T20:17:24.645123,36,21,19,19,23,20,16,18,11766,-4341,-7615,7291,841,-1598,901,-57,37,-20
2025-11-10T20:17:24.668067,34,21,19,18,22,17,14,17,11769,-4347,-7610,7288,825,-1608,920,-43,24,-20
2025-11-10T20:17:24.691536,34,18,20,19,23,18,14,20,11773,-4349,-7605,7286,821,-1606,924,-20,13,-23
2025-11-10T20:17:24.705520,23,18,20,21,23,15,15,20,11775,-4349,-7600,7287,817,-1615,913,-2,-1,-24
2025-11-10T20:17:24.728005,22,18,20,22,21,17,15,19,11776,-4348,-7598,7288,813,-1619,899,3,-15,-23
2025-11-10T20:17:24.751480,34,18,19,20,19,16,17,20,11775,-4347,-7600,7290,825,-1616,872,4,-28,-19
2025-11-10T20:17:24.765771,35,17,18,21,21,18,18,21,11772,-4345,-7602,7292,828,-1620,867,7,-35,-13
2025-11-10T20:17:24.788042,36,17,19,20,20,17,17,18,11770,-4340,-7604,7297,841,-1609,859,25,-40,-7
2025-11-10T20:17:24.811288,36,18,18,19,19,17,17,17,11768,-4332,-7607,7301,870,-1596,843,43,-40,0
2025-11-10T20:17:24.834469,37,18,18,19,19,16,17,17,11766,-4322,-7611,7306,896,-1577,826,51,-35,6
2025-11-10T20:17:24.847901,23,18,19,19,20,16,16,16,11766,-4313,-7614,7310,911,-1568,844,42,-28,12
2025-11-10T20:17:24.871445,21,18,20,20,18,17,15,17,11764,-4308,-7616,7313,894,-1578,843,25,-22,16
2025-11-10T20:17:24.885239,23,18,17,21,17,17,16,18,11761,-4306,-7619,7316,897,-1590,838,12,-14,20
2025-11-10T20:17:24.907563,35,17,17,19,18,17,17,19,11761,-4306,-7620,7315,889,-1604,833,0,-4,12
2025-11-10T20:17:24.931234,36,17,17,19,19,20,17,20,11761,-4306,-7620,7315,881,-1608,859,-5,7,2
2025-11-10T20:17:24.945525,36,15,17,20,17,20,18,21,11761,-4310,-7620,7312,866,-1599,846,-17,15,-5
2025-11-10T20:17:24.968548,38,17,16,18,18,18,19,21,11761,-4316,-7621,7308,858,-1603,864,-39,12,-10
2025-11-10T20:17:24.991296,35,17,18,17,17,18,19,20,11761,-4321,-7623,7302,873,-1613,880,-43,11,-17
2025-11-10T20:17:25.005530,39,16,17,18,18,19,17,18,11762,-4324,-7624,7298,871,-1622,876,-22,8,-19
2025-11-10T20:17:25.027938,39,18,18,18,17,17,17,18,11764,-4323,-7623,7296,871,-1621,886,-4,1,-18
2025-11-10T20:17:25.048991,41,19,18,17,19,16,17,16,11765,-4321,-7624,7295,880,-1621,874,0,-6,-17
2025-11-10T20:17:25.063612,39,19,18,17,20,18,18,15,11765,-4321,-7624,7295,869,-1604,867,0,-12,-14
2025-11-10T20:17:25.087646,40,21,19,18,21,19,18,20,11765,-4322,-7624,7295,867,-1608,856,0,-15,-15
2025-11-10T20:17:25.111220,34,22,19,17,20,19,20,20,11764,-4320,-7626,7295,858,-1603,857,1,-17,-12
2025-11-10T20:17:25.125447,39,21,18,18,21,20,19,21,11762,-4319,-7628,7296,853,-1617,861,4,-19,-11
2025-11-10T20:17:25.147968,40,19,18,18,19,20,18,21,11762,-4316,-7629,7297,859,-1598,862,10,-19,-12
2025-11-10T20:17:25.171156,41,19,18,17,17,18,16,21,11761,-4314,-7631,7297,863,-1603,860,7,-19,-12
2025-11-10T20:17:25.185523,41,18,18,16,18,19,16,18,11761,-4311,-7634,7297,875,-1597,857,6,-19,-11
2025-11-10T20:17:25.207872,33,17,19,17,20,17,14,18,11760,-4307,-7637,7297,889,-1586,856,3,-18,-8
2025-11-10T20:17:25.231395,24,18,19,17,21,16,15,17,11761,-4307,-7637,7296,887,-1589,854,10,-15,-4
2025-11-10T20:17:25.246369,37,20,21,16,21,17,17,19,11761,-4303,-7639,7296,888,-1584,843,16,-7,-4
2025-11-10T20:17:25.267726,36,19,21,17,22,17,19,20,11761,-4303,-7639,7296,892,-1579,836,15,-1,-4
2025-11-10T20:17:25.291311,38,20,20,18,23,15,21,19,11761,-4303,-7640,7296,899,-1593,828,1,4,-3
2025-11-10T20:17:25.305529,39,20,20,17,20,16,20,18,11760,-4303,-7641,7296,884,-1604,847,-9,9,-5
2025-11-10T20:17:25.328095,44,19,21,17,19,17,21,19,11760,-4303,-7641,7296,881,-1615,858,-9,11,-8
2025-11-10T20:17:25.351306,37,18,20,18,20,17,21,17,11760,-4304,-7641,7295,883,-1613,853,-7,13,-10
2025-11-10T20:17:25.373332,37,18,19,18,20,20,19,18,11760,-4304,-7641,7296,877,-1606,874,-9,10,-11
2025-11-10T20:17:25.388168,35,16,20,18,19,24,19,17,11760,-4304,-7641,7296,876,-1607,855,-8,7,-11
2025-11-10T20:17:25.410750,34,17,19,17,21,23,18,18,11760,-4304,-7641,7296,869,-1590,856,-1,5,-8
2025-11-10T20:17:25.435287,43,19,20,16,22,23,17,19,11760,-4304,-7641,7296,862,-1593,857,3,4,-5
2025-11-10T20:17:25.447593,40,19,18,17,23,24,18,20,11760,-4304,-7640,7296,856,-1594,854,8,2,-2
2025-11-10T20:17:25.470765,40,19,19,19,22,22,18,19,11760,-4305,-7640,7296,860,-1591,856,8,5,1
2025-11-10T20:17:25.493732,39,20,18,18,23,18,17,20,11760,-4305,-7640,7296,863,-1587,860,0,5,4
2025-11-10T20:17:25.508022,40,19,19,20,22,20,17,19,11760,-4305,-7640,7296,876,-1599,841,-12,2,4
2025-11-10T20:17:25.531339,24,17,18,21,21,20,16,16,11760,-4305,-7641,7296,887,-1603,855,-9,5,5
2025-11-10T20:17:25.553404,35,18,18,21,20,18,15,15,11760,-4305,-7641,7296,886,-1600,860,-1,8,9
2025-11-10T20:17:25.567885,35,18,18,21,20,18,15,14,11760,-4304,-7641,7296,882,-1580,856,-1,13,12
2025-11-10T20:17:25.591299,37,18,18,21,18,18,16,14,11760,-4304,-7641,7296,876,-1582,851,-11,14,14
2025-11-10T20:17:25.613928,37,21,17,20,17,17,17,16,11760,-4308,-7639,7295,875,-1588,851,-13,18,13
2025-11-10T20:17:25.627545,43,21,18,18,16,17,18,16,11760,-4311,-7637,7295,885,-1592,858,-7,20,12
2025-11-10T20:17:25.651296,39,20,18,17,17,18,17,17,11760,-4316,-7635,7295,868,-1603,858,-13,17,11
2025-11-10T20:17:25.673549,38,20,18,17,17,19,17,19,11760,-4316,-7635,7295,874,-1619,868,-16,12,9
2025-11-10T20:17:25.688034,39,19,17,17,17,19,16,18,11760,-4316,-7635,7295,866,-1616,859,-11,11,4
2025-11-10T20:17:25.711146,46,18,19,18,16,20,16,16,11759,-4317,-7635,7295,870,-1616,854,-10,6,0
2025-11-10T20:17:25.733759,40,19,18,16,17,19,17,18,11759,-4317,-7635,7295,862,-1605,868,-6,5,1
2025-11-10T20:17:25.748007,35,19,20,18,17,20,18,17,11759,-4317,-7635,7295,860,-1588,856,-7,3,4
2025-11-10T20:17:25.770946,35,18,19,16,16,21,19,17,11759,-4317,-7635,7295,859,-1597,841,-4,3,7
2025-11-10T20:17:25.793726,32,19,21,18,16,20,20,19,11759,-4318,-7635,7295,864,-1600,839,-4,4,9
2025-11-10T20:17:25.808044,34,19,20,18,18,20,20,19,11759,-4318,-7635,7296,859,-1605,842,-2,6,9
2025-11-10T20:17:25.830960,36,17,19,19,17,21,21,18,11758,-4318,-7635,7296,861,-1615,857,-2,4,11
2025-11-10T20:17:25.853746,37,18,18,19,18,19,20,19,11758,-4319,-7635,7296,869,-1615,860,-3,4,12
2025-11-10T20:17:25.867885,37,18,19,20,20,18,20,18,11758,-4319,-7635,7296,875,-1605,855,-2,7,10
2025-11-10T20:17:25.891144,37,19,18,19,20,19,20,16,11758,-4319,-7635,7296,875,-1611,862,0,6,11
2025-11-10T20:17:25.913297,32,18,19,20,19,18,21,16,11758,-4319,-7635,7296,871,-1603,855,1,7,10
2025-11-10T20:17:25.928014,31,18,20,20,20,17,20,17,11758,-4319,-7635,7296,864,-1610,854,0,7,7
2025-11-10T20:17:25.951375,33,17,20,19,18,17,18,17,11758,-4320,-7635,7296,874,-1608,850,1,8,5
2025-11-10T20:17:25.973781,33,18,20,19,15,17,18,16,11758,-4320,-7635,7296,865,-1620,863,0,10,2
2025-11-10T20:17:25.987911,34,18,20,21,16,17,18,17,11757,-4320,-7635,7296,867,-1613,855,-4,7,0
2025-11-10T20:17:26.011215,38,18,19,19,15,18,16,16,11757,-4321,-7635,7296,864,-1620,860,0,5,-1
2025-11-10T20:17:26.035214,39,18,20,20,17,19,16,18,11757,-4321,-7635,7297,863,-1612,867,6,4,-3
2025-11-10T20:17:26.047534,37,17,19,20,19,21,17,19,11757,-4321,-7635,7297,864,-1605,865,6,5,-4
2025-11-10T20:17:26.070083,36,18,18,22,20,21,18,20,11757,-4321,-7635,7297,870,-1589,857,1,5,-5
2025-11-10T20:17:26.092605,35,17,19,22,20,21,17,20,11757,-4321,-7634,7297,867,-1602,861,-1,9,0
2025-11-10T20:17:26.106936,39,17,21,23,20,20,18,22,11757,-4321,-7634,7297,859,-1604,856,-2,7,-2
2025-11-10T20:17:26.131198,38,17,19,22,20,20,18,21,11757,-4322,-7634,7297,865,-1612,854,-11,6,-1
2025-11-10T20:17:26.153567,39,18,19,21,19,20,18,20,11757,-4322,-7634,7297,852,-1605,845,3,7,4
2025-11-10T20:17:26.167238,39,18,19,19,19,18,17,19,11756,-4322,-7634,7297,852,-1583,842,4,14,9
2025-11-10T20:17:26.191070,39,18,21,19,19,19,16,19,11756,-4323,-7634,7297,844,-1586,850,-13,13,15
2025-11-10T20:17:26.213571,23,19,18,19,19,20,16,19,11755,-4328,-7633,7298,859,-1587,840,-17,15,18
2025-11-10T20:17:26.228007,21,19,20,18,20,21,17,17,11754,-4333,-7630,7299,869,-1605,845,-5,21,22
2025-11-10T20:17:26.251352,36,18,18,19,21,19,16,17,11753,-4337,-7625,7303,863,-1625,879,1,17,27
2025-11-10T20:17:26.273822,36,19,18,18,21,19,16,18,11753,-4338,-7625,7303,864,-1656,896,1,6,15
2025-11-10T20:17:26.296390,38,18,17,17,21,20,17,18,11754,-4337,-7621,7306,869,-1682,913,21,-2,-6
2025-11-10T20:17:26.311186,37,18,18,18,22,20,17,19,11758,-4329,-7616,7309,869,-1671,917,46,-7,-30
2025-11-10T20:17:26.333444,38,21,17,17,20,19,15,20,11764,-4316,-7614,7310,880,-1625,897,59,-17,-42
2025-11-10T20:17:26.355875,23,22,19,19,19,20,16,20,11769,-4303,-7614,7310,873,-1592,865,61,-18,-46
2025-11-10T20:17:26.371247,23,22,20,18,19,21,17,21,11773,-4290,-7615,7309,886,-1571,820,67,-13,-40
2025-11-10T20:17:26.393638,18,22,19,19,20,20,19,20,11777,-4279,-7616,7308,878,-1557,802,65,-1,-35
2025-11-10T20:17:26.416268,33,24,19,20,19,20,21,21,11781,-4274,-7615,7307,872,-1570,799,54,17,-27
2025-11-10T20:17:26.431265,33,21,20,20,20,20,21,20,11784,-4274,-7614,7303,865,-1589,808,21,31,-21
2025-11-10T20:17:26.453839,33,20,21,19,20,20,21,21,11787,-4279,-7611,7298,867,-1586,828,-4,44,-22
2025-11-10T20:17:26.476173,35,19,18,19,20,19,20,19,11791,-4287,-7607,7290,859,-1572,845,-31,59,-14
2025-11-10T20:17:26.498267,36,19,20,19,20,20,20,18,11794,-4300,-7606,7279,865,-1549,855,-79,61,-14
2025-11-10T20:17:26.513464,23,17,19,19,20,18,18,15,11795,-4316,-7604,7270,853,-1557,877,-95,58,4
2025-11-10T20:17:26.536238,22,17,19,19,19,18,17,18,11796,-4332,-7600,7263,844,-1561,884,-90,54,11
2025-11-10T20:17:26.551693,32,17,19,18,17,18,15,18,11796,-4346,-7595,7260,842,-1600,908,-69,41,21
2025-11-10T20:17:26.571340,34,18,20,17,18,20,18,20,11796,-4355,-7587,7263,833,-1635,917,-21,30,22
2025-11-10T20:17:26.594188,34,20,20,15,19,20,18,19,11798,-4357,-7577,7270,829,-1635,931,15,19,21
2025-11-10T20:17:26.610097,36,19,20,14,19,20,20,20,11799,-4357,-7570,7275,836,-1626,907,23,5,10
2025-11-10T20:17:26.635098,37,19,20,15,18,20,20,17,11800,-4354,-7565,7280,851,-1612,908,26,-8,5
2025-11-10T20:17:26.656283,28,18,19,15,18,20,21,17,11799,-4350,-7565,7284,865,-1618,892,20,-20,1
2025-11-10T20:17:26.671022,24,17,19,17,18,17,19,16,11799,-4342,-7564,7291,862,-1622,917,37,-34,3
2025-11-10T20:17:26.693502,23,15,18,17,16,16,19,17,11798,-4329,-7561,7303,848,-1625,932,70,-63,6
2025-11-10T20:17:26.716286,31,16,18,18,19,17,17,19,11797,-4308,-7557,7320,829,-1596,944,109,-86,8
2025-11-10T20:17:26.730126,32,16,18,18,19,16,19,20,11794,-4286,-7554,7341,813,-1586,946,116,-111,15
2025-11-10T20:17:26.753828,33,18,17,19,20,19,19,19,11789,-4262,-7556,7360,833,-1608,908,129,-124,7
2025-11-10T20:17:26.776188,34,20,18,19,20,19,18,21,11787,-4233,-7557,7381,851,-1603,886,170,-114,0
2025-11-10T20:17:26.790519,35,19,17,18,21,18,18,19,11786,-4202,-7556,7400,857,-1608,872,190,-108,-9
2025-11-10T20:17:26.813741,26,21,17,18,21,18,21,18,11783,-4174,-7562,7414,884,-1598,829,161,-103,-17
2025-11-10T20:17:26.836244,24,20,16,18,22,19,19,19,11780,-4153,-7572,7422,897,-1591,815,112,-87,-21
2025-11-10T20:17:26.850436,39,19,17,18,24,18,19,19,11777,-4136,-7583,7424,919,-1550,793,76,-66,-19
2025-11-10T20:17:26.873879,38,16,16,16,23,20,19,19,11773,-4127,-7597,7422,939,-1546,762,40,-41,-13
2025-11-10T20:17:26.896444,39,18,17,17,22,21,19,21,11772,-4127,-7600,7420,940,-1537,767,3,-11,-5
2025-11-10T20:17:26.910430,39,17,17,15,21,21,15,23,11770,-4132,-7606,7415,913,-1550,800,-24,20,9
2025-11-10T20:17:26.933920,38,17,19,16,21,20,17,21,11766,-4145,-7608,7411,875,-1566,824,-50,36,22
2025-11-10T20:17:26.956175,23,17,19,15,20,19,15,22,11763,-4163,-7608,7406,864,-1585,847,-74,46,25
2025-11-10T20:17:26.970506,24,18,19,17,21,18,17,23,11762,-4182,-7606,7399,864,-1592,890,-90,60,19
2025-11-10T20:17:26.993791,34,16,22,16,21,18,17,22,11763,-4200,-7601,7392,862,-1579,909,-91,66,17
2025-11-10T20:17:27.024177,34,16,21,16,23,18,17,21,11764,-4218,-7597,7385,850,-1556,909,-98,64,21
2025-11-10T20:17:27.030946,35,18,23,17,22,17,17,21,11764,-4237,-7593,7378,846,-1576,922,-107,53,19
2025-11-10T20:17:27.055305,37,19,22,16,22,17,20,20,11764,-4251,-7590,7373,860,-1604,940,-86,41,13
2025-11-10T20:17:27.073079,37,20,21,19,21,15,19,18,11765,-4259,-7585,7371,860,-1609,931,-44,31,8
2025-11-10T20:17:27.088397,25,21,18,20,23,17,19,19,11767,-4263,-7579,7372,850,-1614,940,-16,17,6
2025-11-10T20:17:27.112086,24,21,21,20,20,18,19,17,11767,-4263,-7578,7373,850,-1626,917,2,1,7
2025-11-10T20:17:27.136193,38,18,17,19,20,18,19,17,11768,-4260,-7576,7375,869,-1602,893,23,-4,1
2025-11-10T20:17:27.150479,36,19,18,20,19,19,17,17,11769,-4254,-7574,7379,867,-1584,880,41,-5,4
2025-11-10T20:17:27.173259,36,18,18,17,18,19,16,17,11768,-4251,-7573,7383,861,-1586,861,33,-11,9
2025-11-10T20:17:27.196275,37,17,19,18,14,18,15,16,11766,-4249,-7574,7386,862,-1590,855,18,-14,8
2025-11-10T20:17:27.210333,37,17,20,17,17,19,17,17,11766,-4250,-7575,7386,862,-1592,860,14,-5,9
2025-11-10T20:17:27.234933,23,17,21,16,17,20,16,17,11766,-4250,-7575,7386,867,-1610,861,6,0,9
2025-11-10T20:17:27.256304,36,16,21,16,18,20,18,18,11765,-4250,-7575,7386,866,-1597,864,-11,2,5
2025-11-10T20:17:27.278819,35,15,21,15,18,20,19,17,11765,-4251,-7576,7386,865,-1598,871,-5,6,9
2025-11-10T20:17:27.293737,36,15,21,13,20,20,20,18,11765,-4251,-7575,7386,868,-1600,890,-2,6,12
2025-11-10T20:17:27.315779,38,17,20,15,19,18,18,18,11765,-4251,-7576,7386,872,-1610,886,4,4,10
2025-11-10T20:17:27.338523,37,17,19,15,20,20,17,16,11765,-4251,-7574,7388,864,-1610,876,16,5,2
2025-11-10T20:17:27.353762,23,17,19,14,18,21,16,16,11765,-4251,-7574,7388,853,-1597,887,15,5,-7
2025-11-10T20:17:27.376235,22,18,19,15,20,22,16,18,11765,-4251,-7574,7388,867,-1605,877,5,0,-9
2025-11-10T20:17:27.398866,30,20,19,16,18,22,16,18,11765,-4251,-7574,7388,863,-1594,880,8,-1,-12
2025-11-10T20:17:27.413521,30,19,19,16,17,22,17,18,11765,-4251,-7574,7388,870,-1597,871,15,2,-10
2025-11-10T20:17:27.435776,30,19,20,16,17,19,17,19,11767,-4250,-7571,7388,846,-1591,882,17,7,-8
2025-11-10T20:17:27.458020,32,19,20,15,18,18,16,21,11767,-4250,-7571,7389,842,-1584,877,9,9,-7
2025-11-10T20:17:27.471100,33,20,21,17,18,18,16,20,11767,-4250,-7571,7389,857,-1579,872,-5,9,-6
2025-11-10T20:17:27.494105,24,18,21,17,20,18,15,18,11766,-4250,-7571,7389,864,-1591,878,-8,10,-5
2025-11-10T20:17:27.516767,36,19,21,18,19,19,14,18,11766,-4250,-7571,7389,862,-1583,882,-8,11,0
2025-11-10T20:17:27.533629,37,19,20,19,19,19,14,17,11767,-4250,-7571,7389,864,-1575,886,-12,9,6
2025-11-10T20:17:27.557298,37,20,18,20,18,20,17,16,11767,-4250,-7571,7389,866,-1584,877,-14,10,12
2025-11-10T20:17:27.578760,37,19,18,18,16,20,18,14,11767,-4250,-7571,7389,853,-1584,888,-15,11,14
2025-11-10T20:17:27.593781,36,20,16,18,15,20,17,16,11767,-4250,-7571,7389,856,-1596,884,-13,10,15
2025-11-10T20:17:27.616223,21,19,17,17,17,20,18,16,11767,-4250,-7570,7389,857,-1595,902,-9,8,14
2025-11-10T20:17:27.638795,34,19,17,16,17,21,18,19,11767,-4251,-7570,7389,850,-1612,891,-6,4,12
2025-11-10T20:17:27.653345,32,17,17,17,18,21,18,18,11767,-4251,-7569,7390,851,-1609,901,-3,-1,7
2025-11-10T20:17:27.676189,35,18,16,18,19,21,17,19,11766,-4251,-7569,7390,845,-1612,895,5,-6,2
2025-11-10T20:17:27.698847,34,17,16,21,19,21,18,20,11767,-4249,-7567,7393,853,-1610,899,18,-8,-2
2025-11-10T20:17:27.713080,35,17,18,20,18,21,18,21,11766,-4247,-7568,7394,860,-1592,870,18,-11,-6
2025-11-10T20:17:27.736292,34,16,17,22,19,20,20,19,11766,-4247,-7568,7394,857,-1586,869,14,-8,-1
2025-11-10T20:17:27.758967,34,16,19,20,20,18,19,19,11766,-4247,-7569,7394,855,-1588,852,13,-5,2
2025-11-10T20:17:27.773491,33,15,20,21,23,18,20,18,11766,-4248,-7569,7394,858,-1590,845,6,-2,5
2025-11-10T20:17:27.796198,35,16,22,17,22,17,18,17,11765,-4248,-7570,7393,857,-1598,862,1,6,8
2025-11-10T20:17:27.818773,34,16,20,18,22,16,20,16,11765,-4248,-7570,7394,864,-1605,882,-3,12,6
2025-11-10T20:17:27.833465,23,17,20,16,21,15,20,16,11764,-4253,-7570,7392,858,-1594,859,-17,11,6
2025-11-10T20:17:27.855914,23,17,23,17,19,16,19,18,11763,-4259,-7570,7390,855,-1592,874,-27,15,7
2025-11-10T20:17:27.878688,35,18,25,17,15,16,19,18,11763,-4264,-7569,7388,864,-1585,881,-25,18,7
2025-11-10T20:17:27.893014,35,17,25,18,15,18,19,18,11763,-4270,-7568,7387,859,-1593,876,-21,22,8
2025-11-10T20:17:27.916473,35,18,25,17,16,18,18,18,11763,-4275,-7566,7386,855,-1597,883,-19,24,9
2025-11-10T20:17:27.938799,44,18,25,17,17,19,17,18,11763,-4281,-7562,7385,843,-1584,884,-21,24,12
2025-11-10T20:17:27.953122,43,19,22,17,18,19,18,17,11762,-4289,-7558,7386,833,-1590,889,-26,25,19
2025-11-10T20:17:27.976115,35,18,21,17,18,19,19,17,11760,-4298,-7558,7385,838,-1602,874,-34,16,18
2025-11-10T20:17:27.998845,35,19,20,16,19,16,21,16,11759,-4303,-7555,7386,842,-1623,908,-18,11,11
2025-11-10T20:17:28.013038,34,18,21,17,18,16,22,19,11759,-4303,-7554,7387,840,-1626,896,-2,5,11
2025-11-10T20:17:28.036221,29,19,23,17,18,14,22,17,11759,-4303,-7553,7387,837,-1612,914,1,-5,10
2025-11-10T20:17:28.058456,33,19,22,16,17,15,21,17,11760,-4303,-7553,7387,845,-1599,890,2,-8,10
2025-11-10T20:17:28.070218,32,19,21,16,16,16,20,18,11760,-4303,-7553,7388,850,-1589,892,9,-5,9
2025-11-10T20:17:28.094076,34,20,19,17,17,16,19,18,11760,-4303,-7553,7387,854,-1571,859,7,-3,15
2025-11-10T20:17:28.117547,35,20,20,17,16,16,20,16,11758,-4305,-7554,7389,853,-1592,867,-2,-4,16
2025-11-10T20:17:28.133057,40,20,18,17,18,16,20,18,11757,-4305,-7554,7390,839,-1625,879,-3,-6,14
2025-11-10T20:17:28.155478,37,19,17,17,18,16,21,19,11757,-4306,-7553,7390,828,-1639,906,1,-7,5
2025-11-10T20:17:28.178742,38,20,17,18,19,17,22,18,11757,-4306,-7553,7390,839,-1638,889,11,-4,-3
2025-11-10T20:17:28.201278,38,20,18,18,17,19,21,17,11758,-4303,-7552,7391,850,-1606,879,20,-2,-12
2025-11-10T20:17:28.216286,42,20,17,19,19,20,19,17,11758,-4303,-7552,7390,870,-1591,854,11,1,-12
2025-11-10T20:17:28.238443,41,19,17,19,17,20,17,18,11758,-4303,-7553,7390,872,-1576,853,0,4,-4
2025-11-10T20:17:28.260995,41,20,17,18,17,19,17,18,11758,-4303,-7554,7390,876,-1582,836,-14,13,4
2025-11-10T20:17:28.275865,41,19,17,18,17,18,16,20,11757,-4310,-7552,7389,834,-1594,857,-19,21,12
2025-11-10T20:17:28.298718,41,19,17,18,17,17,18,21,11755,-4319,-7550,7388,824,-1595,861,-30,29,14
2025-11-10T20:17:28.321309,46,21,18,17,15,16,19,20,11755,-4330,-7547,7386,825,-1606,879,-41,31,13
2025-11-10T20:17:28.336058,38,20,19,18,15,16,18,18,11754,-4340,-7544,7384,831,-1621,888,-39,31,13
2025-11-10T20:17:28.358899,39,21,20,19,15,18,17,18,11754,-4348,-7539,7384,823,-1615,914,-31,28,13
2025-11-10T20:17:28.381214,37,19,21,19,14,19,17,17,11754,-4354,-7535,7385,829,-1611,911,-25,20,14
2025-11-10T20:17:28.396221,35,19,22,18,17,19,15,18,11754,-4360,-7531,7386,824,-1611,902,-22,14,13
2025-11-10T20:17:28.418801,24,17,21,17,17,19,15,17,11753,-4364,-7530,7386,831,-1608,891,-18,5,11
2025-11-10T20:17:28.440840,38,20,21,17,19,19,17,19,11753,-4364,-7530,7386,847,-1626,881,-14,-3,8
2025-11-10T20:17:28.456023,37,19,20,17,18,17,17,19,11753,-4364,-7530,7387,834,-1621,878,-4,-6,3
2025-11-10T20:17:28.478626,37,19,22,17,20,18,18,20,11752,-4365,-7530,7387,832,-1620,871,14,-3,4
2025-11-10T20:17:28.500113,37,19,20,19,20,18,18,20,11752,-4363,-7528,7389,841,-1608,873,17,-2,6
2025-11-10T20:17:28.515110,47,20,19,20,20,17,19,20,11752,-4363,-7529,7389,842,-1601,865,5,-3,6
2025-11-10T20:17:28.538740,38,19,19,21,19,18,17,19,11752,-4364,-7529,7389,845,-1607,868,-3,-1,5
2025-11-10T20:17:28.560784,39,21,19,23,19,19,17,20,11752,-4364,-7529,7389,841,-1621,865,-6,2,6
2025-11-10T20:17:28.576048,38,21,20,21,18,18,18,19,11751,-4364,-7529,7389,824,-1620,857,-11,3,4
2025-11-10T20:17:28.598632,38,21,20,20,18,19,18,18,11751,-4365,-7529,7389,827,-1611,875,-13,7,5
2025-11-10T20:17:28.621241,31,22,20,20,19,19,20,17,11751,-4365,-7529,7389,831,-1607,857,-12,10,3
2025-11-10T20:17:28.635554,39,22,21,19,19,19,22,18,11751,-4365,-7529,7389,835,-1601,865,-13,13,4
2025-11-10T20:17:28.658670,38,20,20,19,21,18,21,17,11751,-4366,-7529,7389,838,-1611,871,-14,12,8
2025-11-10T20:17:28.681018,40,21,18,20,21,17,19,17,11750,-4370,-7529,7389,840,-1612,867,-18,12,10
2025-11-10T20:17:28.695508,41,22,18,21,20,17,21,19,11749,-4371,-7529,7389,827,-1620,875,-16,11,12
2025-11-10T20:17:28.719329,35,19,20,19,21,18,20,20,11749,-4371,-7529,7389,820,-1614,871,-12,13,10
2025-11-10T20:17:28.740878,39,19,19,19,20,17,19,19,11749,-4372,-7528,7389,819,-1617,885,-15,9,9
2025-11-10T20:17:28.754989,37,18,19,17,20,16,20,18,11747,-4377,-7527,7390,816,-1610,875,-19,5,8
2025-11-10T20:17:28.778525,37,18,19,17,20,16,20,18,11745,-4382,-7528,7390,826,-1621,867,-17,3,12
