timestamp,EMG_0,EMG_1,EMG_2,EMG_3,EMG_4,EMG_5,EMG_6,EMG_7,quat_0,quat_1,quat_2,quat_3,acc_0,acc_1,acc_2,gyro_0,gyro_1,gyro_2
2025-11-19T11:48:20.859579,24,22,27,73,254,275,74,37,8543,-6837,-6223,10488,-218,-1819,697,-186,-62,-35
2025-11-19T11:48:20.882287,23,22,26,70,237,305,84,40,8530,-6842,-6259,10472,-213,-1842,704,-203,-69,-46
2025-11-19T11:48:20.906036,22,22,25,61,195,265,69,33,8521,-6846,-6296,10455,-218,-1871,702,-196,-61,-71
2025-11-19T11:48:20.919419,20,23,25,60,234,245,61,35,8516,-6851,-6332,10435,-215,-1867,702,-191,-45,-85
2025-11-19T11:48:20.942598,21,23,24,58,230,261,65,35,8510,-6857,-6367,10414,-228,-1898,717,-206,-34,-92
2025-11-19T11:48:20.964821,21,24,26,67,229,259,61,39,8507,-6865,-6401,10390,-222,-1916,715,-208,-17,-103
2025-11-19T11:48:20.985370,22,23,27,61,213,239,60,34,8508,-6871,-6434,10365,-238,-1930,712,-192,-9,-132
2025-11-19T11:48:20.999695,20,25,28,63,211,237,64,34,8511,-6877,-6466,10339,-239,-1920,698,-187,-5,-145
2025-11-19T11:48:21.022897,20,25,29,62,157,259,72,34,8517,-6881,-6496,10313,-235,-1918,705,-170,4,-156
2025-11-19T11:48:21.045454,21,24,29,62,161,293,70,36,8523,-6887,-6520,10288,-246,-1914,694,-161,23,-144
2025-11-19T11:48:21.060245,22,26,28,50,161,292,72,31,8529,-6896,-6543,10262,-230,-1911,685,-155,38,-135
2025-11-19T11:48:21.083916,22,25,28,47,167,291,63,30,8537,-6904,-6559,10240,-237,-1896,704,-137,53,-119
2025-11-19T11:48:21.107623,22,24,27,44,177,280,61,32,8544,-6913,-6570,10221,-239,-1896,705,-123,57,-94
2025-11-19T11:48:21.121919,23,25,25,49,181,294,59,31,8550,-6923,-6579,10203,-232,-1913,711,-118,66,-82
2025-11-19T11:48:21.145860,24,26,25,53,189,259,60,32,8558,-6933,-6584,10187,-226,-1914,697,-87,80,-70
2025-11-19T11:48:21.167623,23,25,25,54,187,263,62,34,8565,-6944,-6586,10172,-233,-1907,667,-75,81,-60
2025-11-19T11:48:21.190032,21,25,25,54,179,250,62,35,8570,-6955,-6588,10159,-225,-1905,678,-76,70,-39
2025-11-19T11:48:21.205355,20,24,25,53,174,261,59,32,8573,-6966,-6589,10149,-230,-1929,665,-62,66,-24
2025-11-19T11:48:21.227689,20,23,27,58,174,216,54,35,8576,-6976,-6588,10140,-237,-1918,664,-53,63,-21
2025-11-19T11:48:21.241896,19,25,29,81,203,244,69,35,8577,-6988,-6587,10132,-247,-1905,650,-58,62,-15
2025-11-19T11:48:21.265212,18,23,26,86,218,251,70,34,8576,-6999,-6586,10125,-247,-1933,656,-53,51,-7
2025-11-19T11:48:21.287697,21,24,26,92,279,319,85,37,8576,-7006,-6584,10122,-256,-1941,651,-27,34,-6
2025-11-19T11:48:21.317598,22,25,27,104,313,347,94,41,8575,-7011,-6581,10121,-255,-1915,645,-22,20,0
2025-11-19T11:48:21.324392,22,25,26,102,321,340,94,37,8573,-7016,-6581,10119,-253,-1909,639,-28,8,-3
2025-11-19T11:48:21.347717,21,23,25,84,294,337,81,33,8570,-7019,-6582,10119,-250,-1938,653,-30,-3,0
2025-11-19T11:48:21.361672,22,23,26,81,280,323,77,32,8569,-7019,-6582,10119,-249,-1949,636,-13,-12,3
2025-11-19T11:48:21.385197,20,23,29,78,241,245,56,29,8566,-7019,-6582,10122,-252,-1932,629,3,-21,3
2025-11-19T11:48:21.407198,19,22,27,63,192,190,41,22,8565,-7016,-6582,10125,-232,-1927,630,11,-24,0
2025-11-19T11:48:21.421753,21,23,29,61,178,268,49,25,8562,-7013,-6583,10129,-241,-1927,620,18,-30,5
2025-11-19T11:48:21.445158,23,23,29,63,186,304,55,27,8560,-7009,-6583,10133,-233,-1922,619,19,-31,3
2025-11-19T11:48:21.467813,22,24,30,61,197,304,56,29,8557,-7007,-6586,10136,-211,-1913,597,11,-30,9
2025-11-19T11:48:21.481962,22,25,30,57,183,318,61,32,8556,-7004,-6587,10138,-208,-1915,620,14,-24,9
2025-11-19T11:48:21.505179,25,26,32,69,210,361,66,33,8554,-7002,-6586,10142,-222,-1921,617,23,-16,14
2025-11-19T11:48:21.527582,23,24,31,79,257,341,67,33,8554,-6998,-6585,10146,-204,-1929,637,21,-21,16
2025-11-19T11:48:21.542531,24,26,33,80,258,302,67,38,8552,-6993,-6581,10152,-230,-1930,650,34,-21,23
2025-11-19T11:48:21.565110,25,26,47,81,253,319,71,39,8554,-6985,-6572,10162,-235,-1955,686,61,-23,23
2025-11-19T11:48:21.585643,24,24,46,91,293,325,71,37,8558,-6970,-6554,10181,-275,-1966,767,106,-35,23
2025-11-19T11:48:21.600338,27,29,88,90,290,286,69,39,8567,-6944,-6529,10208,-291,-2007,827,173,-67,22
2025-11-19T11:48:21.633710,28,30,93,94,283,269,68,41,8578,-6905,-6500,10243,-316,-2047,857,249,-114,7
2025-11-19T11:48:21.647707,29,36,112,105,325,247,66,36,8591,-6858,-6472,10281,-318,-2056,834,306,-151,-9
2025-11-19T11:48:21.661810,30,39,121,109,323,232,60,35,8608,-6803,-6442,10322,-303,-2107,837,365,-172,-17
2025-11-19T11:48:21.685963,32,43,127,116,291,271,74,36,8628,-6740,-6408,10368,-312,-2106,843,434,-193,-27
2025-11-19T11:48:21.707763,34,63,137,116,279,286,83,38,8651,-6671,-6366,10420,-320,-2059,826,512,-209,-28
2025-11-19T11:48:21.722063,34,63,141,106,257,275,80,34,8675,-6595,-6320,10475,-317,-2051,873,548,-224,-23
2025-11-19T11:48:21.745224,31,61,141,95,206,281,80,34,8699,-6516,-6277,10531,-299,-2022,844,573,-241,-29
2025-11-19T11:48:21.767348,33,74,175,90,213,269,83,37,8724,-6433,-6226,10591,-333,-1955,898,595,-249,-32
2025-11-19T11:48:21.781943,32,73,235,81,206,222,72,36,8749,-6349,-6174,10652,-346,-1964,945,602,-258,-35
2025-11-19T11:48:21.805709,39,60,257,78,223,193,61,36,8775,-6261,-6117,10715,-340,-1969,937,659,-261,-28
2025-11-19T11:48:21.827707,39,66,263,77,208,269,60,54,8803,-6161,-6050,10788,-338,-1916,969,752,-296,-12
2025-11-19T11:48:21.841916,41,77,277,75,197,285,58,56,8826,-6061,-5987,10860,-314,-1926,962,751,-311,4
2025-11-19T11:48:21.873050,41,68,262,76,186,293,58,59,8857,-5952,-5921,10931,-254,-1930,945,829,-304,-7
2025-11-19T11:48:21.887850,43,69,218,63,162,288,53,58,8892,-5832,-5845,11008,-206,-1843,948,924,-313,8
2025-11-19T11:48:21.901751,40,72,233,61,119,285,45,57,8931,-5707,-5766,11083,-171,-1816,968,956,-303,-4
2025-11-19T11:48:21.925172,52,74,278,63,149,199,42,49,8980,-5577,-5684,11152,-164,-1791,1000,992,-284,-65
2025-11-19T11:48:21.947728,114,66,275,63,147,158,37,51,9035,-5434,-5592,11225,-177,-1685,1051,1059,-300,-100
2025-11-19T11:48:21.977315,120,77,275,61,147,133,33,48,9097,-5282,-5498,11293,-173,-1605,1077,1089,-314,-158
2025-11-19T11:48:21.984495,143,114,272,65,168,101,33,54,9162,-5129,-5417,11350,-172,-1598,1106,1032,-334,-234
2025-11-19T11:48:22.007371,152,119,267,57,168,90,35,53,9225,-4971,-5343,11405,-172,-1557,1100,1029,-387,-264
2025-11-19T11:48:22.037311,154,117,216,54,118,72,34,54,9290,-4807,-5277,11453,-156,-1517,1139,998,-420,-318
2025-11-19T11:48:22.044576,119,120,242,73,196,92,36,66,9350,-4644,-5227,11494,-120,-1545,1159,932,-456,-339
2025-11-19T11:48:22.067275,144,112,250,74,206,92,37,66,9411,-4475,-5177,11534,-91,-1509,1202,944,-474,-356
2025-11-19T11:48:22.090171,123,90,284,74,207,90,37,62,9471,-4305,-5127,11572,-59,-1480,1215,945,-478,-353
2025-11-19T11:48:22.104916,111,94,261,79,214,89,36,71,9524,-4134,-5080,11612,-18,-1445,1266,919,-500,-322
2025-11-19T11:48:22.127454,110,108,282,80,235,88,36,67,9566,-3968,-5043,11651,-22,-1411,1264,848,-538,-294
2025-11-19T11:48:22.149813,109,109,293,70,182,63,34,50,9604,-3798,-5007,11691,28,-1353,1308,834,-558,-274
2025-11-19T11:48:22.164390,70,111,329,80,172,58,33,67,9634,-3627,-4976,11734,43,-1339,1304,829,-596,-245
2025-11-19T11:48:22.187852,70,103,304,77,155,57,30,68,9663,-3464,-4942,11774,100,-1314,1279,819,-538,-216
2025-11-19T11:48:22.210214,77,116,309,78,203,63,32,60,9690,-3311,-4904,11812,131,-1272,1317,784,-482,-196
2025-11-19T11:48:22.224405,77,107,307,80,196,62,32,59,9717,-3163,-4865,11846,180,-1238,1318,770,-444,-185
2025-11-19T11:48:22.247955,75,120,262,77,193,62,34,59,9742,-3019,-4827,11879,204,-1209,1312,748,-428,-171
2025-11-19T11:48:22.270253,117,129,238,112,202,62,35,37,9760,-2874,-4793,11913,244,-1171,1363,714,-443,-137
2025-11-19T11:48:22.284471,121,154,263,133,250,74,36,37,9775,-2726,-4762,11948,289,-1123,1368,699,-468,-122
2025-11-19T11:48:22.314699,141,140,254,143,229,72,38,33,9786,-2584,-4732,11983,298,-1088,1374,673,-451,-101
2025-11-19T11:48:22.330233,175,142,243,142,223,72,38,34,9796,-2448,-4704,12014,355,-1113,1397,648,-415,-93
2025-11-19T11:48:22.344492,190,142,258,155,256,73,36,37,9811,-2314,-4662,12045,398,-1034,1438,671,-343,-81
2025-11-19T11:48:22.372566,227,151,243,134,261,73,37,40,9819,-2184,-4628,12076,365,-964,1415,613,-382,-74
2025-11-19T11:48:22.389805,234,128,210,134,210,62,37,39,9827,-2063,-4607,12098,405,-1000,1467,516,-377,-88
2025-11-19T11:48:22.405440,236,126,203,129,185,53,32,64,9840,-1935,-4577,12120,441,-936,1493,563,-355,-111
2025-11-19T11:48:22.427337,218,137,199,133,173,50,35,75,9859,-1817,-4555,12131,455,-919,1490,484,-326,-162
2025-11-19T11:48:22.450498,208,143,179,124,146,42,33,74,9881,-1709,-4536,12136,504,-952,1522,450,-277,-173
2025-11-19T11:48:22.472350,229,138,148,118,199,47,30,83,9905,-1603,-4505,12142,498,-904,1542,473,-231,-175
2025-11-19T11:48:22.487785,238,143,155,109,228,55,32,106,9927,-1501,-4481,12146,459,-855,1506,423,-264,-183
2025-11-19T11:48:22.510020,226,173,163,129,282,60,32,99,9946,-1405,-4469,12147,495,-880,1543,360,-277,-175
2025-11-19T11:48:22.524472,222,172,208,143,302,61,31,122,9963,-1306,-4457,12148,449,-863,1479,389,-312,-191
2025-11-19T11:48:22.547618,220,166,283,152,295,69,36,125,9975,-1213,-4456,12149,490,-907,1481,342,-314,-166
2025-11-19T11:48:22.570215,129,160,301,269,416,112,56,125,9985,-1126,-4447,12152,555,-948,1531,372,-257,-129
2025-11-19T11:48:22.584427,116,160,310,296,439,123,61,142,9986,-1035,-4422,12169,519,-802,1536,408,-256,-43
2025-11-19T11:48:22.607879,128,189,321,289,409,123,62,144,9981,-960,-4415,12182,545,-875,1564,306,-251,-21
2025-11-19T11:48:22.630255,127,192,295,289,425,127,62,135,9981,-890,-4398,12192,556,-829,1602,298,-197,-36
2025-11-19T11:48:22.652914,131,188,237,293,434,130,63,157,9984,-828,-4376,12202,559,-785,1651,272,-145,-33
2025-11-19T11:48:22.667742,132,200,250,235,319,96,49,163,9982,-783,-4366,12211,539,-804,1658,169,-138,-6
2025-11-19T11:48:22.697745,109,228,242,241,353,89,42,140,9980,-749,-4364,12215,562,-848,1717,97,-114,-3
2025-11-19T11:48:22.704480,96,184,217,249,378,94,45,144,9976,-717,-4355,12224,534,-848,1668,147,-100,14
2025-11-19T11:48:22.727622,100,233,281,240,346,89,54,135,9967,-683,-4353,12233,567,-879,1662,134,-123,29
2025-11-19T11:48:22.750152,101,266,283,230,331,78,52,114,9959,-643,-4343,12246,552,-851,1625,201,-124,31
2025-11-19T11:48:22.764477,88,266,307,199,335,81,53,111,9954,-597,-4329,12257,576,-842,1622,236,-119,12
2025-11-19T11:48:22.787430,89,239,318,184,297,78,58,113,9954,-542,-4306,12268,604,-775,1666,267,-114,-13
2025-11-19T11:48:22.810181,82,237,319,182,267,72,59,108,9953,-493,-4292,12275,578,-721,1640,190,-135,-13
2025-11-19T11:48:22.824497,68,177,261,188,271,72,49,108,9954,-457,-4297,12275,604,-741,1618,70,-129,-27
2025-11-19T11:48:22.855102,78,140,268,190,284,76,51,109,9956,-427,-4309,12270,619,-784,1615,35,-120,-48
2025-11-19T11:48:22.868083,91,130,232,185,277,67,50,123,9962,-391,-4315,12264,635,-753,1638,66,-115,-69
2025-11-19T11:48:22.882715,90,138,274,154,232,56,42,117,9968,-357,-4324,12257,662,-763,1649,46,-111,-71
2025-11-19T11:48:22.908491,85,138,282,143,243,63,43,109,9976,-328,-4331,12249,675,-753,1662,29,-86,-69
2025-11-19T11:48:22.930626,99,144,282,157,274,91,52,136,9979,-309,-4344,12243,651,-781,1677,-15,-79,-38
2025-11-19T11:48:22.952654,96,136,354,150,275,94,53,138,9977,-288,-4349,12242,636,-800,1654,45,-75,-12
2025-11-19T11:48:22.975150,86,131,348,142,237,92,50,118,9977,-266,-4352,12242,640,-816,1635,74,-71,-20
2025-11-19T11:48:22.990113,86,124,315,136,242,97,58,147,9975,-243,-4351,12245,653,-806,1649,88,-66,-1
2025-11-19T11:48:23.020219,98,133,320,154,242,100,61,167,9974,-215,-4340,12250,652,-751,1644,130,-45,4
2025-11-19T11:48:23.027016,92,170,338,150,270,83,60,144,9972,-195,-4328,12256,598,-720,1647,94,-38,10
2025-11-19T11:48:23.050230,79,163,247,178,364,90,60,139,9976,-176,-4320,12256,600,-718,1684,66,-46,-26
2025-11-19T11:48:23.072808,81,169,227,180,389,94,60,153,9980,-152,-4318,12253,593,-712,1619,58,-80,-52
2025-11-19T11:48:23.087733,88,197,216,186,427,99,64,139,9984,-130,-4324,12249,593,-746,1596,44,-97,-61
2025-11-19T11:48:23.110498,77,204,193,189,515,105,61,136,9986,-107,-4325,12247,568,-774,1620,75,-105,-56
2025-11-19T11:48:23.132593,74,196,201,180,502,105,58,162,9988,-71,-4319,12247,597,-699,1640,118,-133,-49
2025-11-19T11:48:23.147591,94,203,194,155,442,102,105,198,9987,-42,-4325,12246,584,-724,1629,63,-150,-45
2025-11-19T11:48:23.170285,100,219,213,169,473,110,109,246,9984,-24,-4339,12244,619,-750,1640,-10,-124,-15
2025-11-19T11:48:23.192765,111,228,234,162,443,106,112,250,9980,-1,-4340,12247,654,-735,1656,66,-88,6
2025-11-19T11:48:23.208703,123,243,238,140,335,99,116,249,9980,19,-4338,12247,668,-749,1663,68,-62,-21
2025-11-19T11:48:23.230261,130,243,231,212,406,114,118,249,9985,42,-4329,12246,699,-734,1673,103,-25,-38
2025-11-19T11:48:23.253420,130,270,296,254,446,121,88,243,9993,69,-4314,12245,699,-641,1676,96,-26,-45
2025-11-19T11:48:23.267673,139,294,291,304,558,163,114,222,9997,80,-4331,12236,679,-724,1653,-56,-74,-53
2025-11-19T11:48:23.289916,129,281,348,330,590,180,125,243,10000,98,-4345,12228,720,-739,1669,-16,-84,-46
2025-11-19T11:48:23.313078,122,263,354,341,594,177,122,249,10006,120,-4344,12224,687,-708,1654,53,-60,-54
2025-11-19T11:48:23.327803,118,259,344,357,624,189,122,255,10013,147,-4331,12222,683,-690,1664,114,-44,-62
2025-11-19T11:48:23.350243,104,231,339,340,615,186,125,281,10023,165,-4324,12216,632,-673,1647,57,-40,-84
2025-11-19T11:48:23.372612,91,216,427,304,476,148,107,277,10033,176,-4328,12206,639,-711,1619,0,-50,-86
2025-11-19T11:48:23.386677,117,259,391,282,465,137,97,292,10038,182,-4333,12200,646,-721,1625,-9,-33,-51
2025-11-19T11:48:23.409835,123,313,426,320,534,154,105,291,10044,184,-4331,12196,619,-713,1639,6,-7,-49
2025-11-19T11:48:23.432646,130,344,438,272,481,142,101,276,10050,183,-4330,12191,634,-718,1657,-17,5,-42
2025-11-19T11:48:23.446551,128,341,417,268,513,144,94,243,10054,184,-4331,12188,659,-701,1672,-23,-1,-24
2025-11-19T11:48:23.470204,132,336,421,271,509,151,97,238,10052,183,-4337,12187,621,-717,1670,-39,-41,3
2025-11-19T11:48:23.492767,117,330,420,298,501,147,97,224,10046,186,-4345,12189,618,-763,1673,-14,-72,10
2025-11-19T11:48:23.506954,112,278,403,284,512,141,95,223,10045,200,-4343,12191,634,-725,1699,49,-74,-13
2025-11-19T11:48:23.530853,108,244,423,276,473,129,111,271,10044,223,-4337,12193,651,-660,1695,66,-89,-12
2025-11-19T11:48:23.552778,110,251,470,294,538,140,120,290,10042,237,-4346,12191,633,-706,1682,-6,-113,-22
2025-11-19T11:48:23.566927,101,257,397,285,571,142,144,292,10045,256,-4353,12186,695,-716,1691,13,-100,-49
2025-11-19T11:48:23.590214,98,254,390,340,609,147,159,306,10046,281,-4358,12183,706,-676,1646,37,-104,-42
2025-11-19T11:48:23.612690,104,257,376,335,628,172,187,381,10047,297,-4369,12178,699,-708,1641,3,-96,-35
2025-11-19T11:48:23.626984,112,245,347,340,655,177,187,361,10049,321,-4369,12176,715,-672,1647,54,-79,-38
2025-11-19T11:48:23.650214,139,261,317,331,576,165,181,347,10052,337,-4375,12170,728,-655,1627,0,-63,-39
2025-11-19T11:48:23.672765,152,253,302,326,573,166,165,354,10056,347,-4383,12164,733,-678,1624,-21,-41,-37
2025-11-19T11:48:23.686973,154,227,312,298,557,166,146,330,10060,350,-4392,12157,739,-718,1630,-38,-14,-33
2025-11-19T11:48:23.707683,144,260,350,340,533,139,110,277,10062,352,-4397,12154,724,-738,1626,-2,-6,-20
2025-11-19T11:48:23.730913,145,288,379,366,709,186,155,294,10062,352,-4397,12154,699,-728,1640,15,-16,9
2025-11-19T11:48:23.745480,140,287,459,362,736,203,161,293,10058,358,-4390,12160,665,-697,1639,53,-20,21
2025-11-19T11:48:23.770236,133,310,481,376,741,203,153,300,10060,364,-4387,12159,678,-672,1628,15,-19,-16
2025-11-19T11:48:23.792800,154,314,476,359,785,201,157,305,10065,373,-4388,12154,709,-670,1658,-3,-29,-43
2025-11-19T11:48:23.807582,176,356,456,356,829,211,157,287,10068,376,-4395,12149,703,-677,1651,-43,-31,-23
2025-11-19T11:48:23.830286,170,333,427,337,697,172,108,275,10068,383,-4400,12147,698,-723,1642,6,-48,-24
2025-11-19T11:48:23.852139,167,336,312,401,779,179,119,298,10070,400,-4402,12144,715,-702,1637,41,-69,-35
2025-11-19T11:48:23.877933,190,304,314,440,789,176,123,300,10070,415,-4401,12144,710,-676,1663,41,-64,-17
2025-11-19T11:48:23.889223,186,292,386,470,741,180,142,338,10070,432,-4404,12142,722,-660,1628,22,-71,-22
2025-11-19T11:48:23.909851,201,300,380,501,770,222,151,383,10074,435,-4415,12135,731,-683,1647,-58,-40,-37
2025-11-19T11:48:23.932653,249,357,396,495,779,231,195,412,10080,437,-4413,12130,736,-661,1687,-28,9,-33
2025-11-19T11:48:23.948083,273,360,390,479,664,216,200,448,10085,434,-4416,12125,723,-694,1642,-33,13,-28
2025-11-19T11:48:23.970453,254,385,403,457,719,227,202,454,10088,423,-4424,12120,739,-740,1646,-69,32,-16
2025-11-19T11:48:23.995273,254,381,357,409,739,238,220,468,10095,413,-4419,12117,719,-679,1669,-38,68,-14
2025-11-19T11:48:24.010809,240,316,368,378,642,193,226,451,10100,405,-4423,12111,700,-698,1636,-58,15,-30
2025-11-19T11:48:24.032696,190,254,359,410,652,210,209,465,10103,399,-4431,12106,723,-738,1648,-51,8,-24
2025-11-19T11:48:24.054844,145,222,442,377,685,218,208,445,10110,409,-4422,12103,707,-710,1661,23,-13,-36
2025-11-19T11:48:24.073776,154,177,406,363,656,216,208,425,10115,417,-4417,12100,715,-647,1630,14,-2,-31
2025-11-19T11:48:24.091707,167,209,394,385,674,215,201,486,10121,417,-4419,12095,698,-657,1616,-32,-1,-35
2025-11-19T11:48:24.114586,192,229,419,330,679,215,203,540,10124,413,-4431,12088,719,-712,1602,-70,-12,-31
2025-11-19T11:48:24.133789,205,254,431,339,718,205,196,508,10126,407,-4436,12084,712,-732,1607,-26,15,-17
2025-11-19T11:48:24.152028,212,282,339,338,688,194,185,507,10129,402,-4434,12083,686,-697,1611,-12,23,-13
2025-11-19T11:48:24.174513,208,279,352,331,664,184,194,554,10130,395,-4442,12079,695,-725,1606,-51,2,-11
2025-11-19T11:48:24.193774,184,269,331,353,671,174,173,473,10131,389,-4444,12078,700,-708,1643,-35,10,1
2025-11-19T11:48:24.211443,151,263,306,416,731,184,180,419,10133,377,-4446,12076,690,-729,1663,-54,28,-4
2025-11-19T11:48:24.234505,144,246,337,406,706,171,176,456,10136,374,-4443,12074,705,-699,1659,-15,25,-13
2025-11-19T11:48:24.253767,130,263,388,424,733,184,205,529,10139,370,-4446,12072,699,-722,1672,-35,-1,-17
2025-11-19T11:48:24.272011,184,314,437,419,707,188,213,574,10140,364,-4452,12068,708,-740,1649,-42,0,-15
2025-11-19T11:48:24.294562,209,327,446,389,652,186,243,626,10144,359,-4452,12065,709,-721,1643,-24,24,-18
2025-11-19T11:48:24.312608,203,334,464,323,648,184,235,608,10149,353,-4453,12061,696,-719,1666,-39,17,-26
2025-11-19T11:48:24.330179,202,342,504,297,682,190,241,630,10152,349,-4458,12056,700,-749,1633,-25,1,-34
2025-11-19T11:48:24.353360,215,339,495,329,818,202,234,742,10157,347,-4455,12053,705,-767,1659,17,14,-38
2025-11-19T11:48:24.373835,206,304,455,381,911,221,233,782,10163,356,-4444,12052,718,-717,1645,70,15,-41
2025-11-19T11:48:24.396305,224,329,452,374,911,230,243,870,10170,360,-4440,12048,691,-708,1629,21,2,-54
2025-11-19T11:48:24.414555,226,328,425,460,988,264,243,869,10178,363,-4438,12041,716,-682,1641,-6,11,-54
2025-11-19T11:48:24.433916,238,315,343,542,1017,291,240,883,10185,358,-4443,12034,707,-719,1627,-45,9,-46
2025-11-19T11:48:24.456425,232,310,359,542,1005,307,231,846,10190,360,-4445,12029,719,-736,1650,-4,-4,-46
2025-11-19T11:48:24.474552,216,339,375,512,952,297,229,819,10196,361,-4441,12025,728,-725,1633,21,22,-39
2025-11-19T11:48:24.494212,214,334,374,579,1027,294,183,695,10201,355,-4439,12022,697,-704,1659,-26,31,-22
2025-11-19T11:48:24.516310,225,319,355,564,988,265,174,744,10204,351,-4441,12018,689,-771,1638,-5,6,-37
2025-11-19T11:48:24.534549,254,355,354,540,932,241,230,813,10204,357,-4441,12019,694,-725,1635,32,-32,-12
2025-11-19T11:48:24.554229,329,352,377,547,915,244,250,762,10206,361,-4439,12018,687,-687,1649,6,-22,-20
2025-11-19T11:48:24.576290,343,330,365,572,941,243,240,719,10215,361,-4436,12011,737,-710,1712,-17,21,-56
2025-11-19T11:48:24.598807,362,349,397,530,975,246,240,726,10219,362,-4442,12006,713,-752,1630,-9,-16,-43
2025-11-19T11:48:24.614136,373,381,453,489,925,246,270,748,10219,361,-4449,12003,704,-782,1638,-2,-30,-24
2025-11-19T11:48:24.636247,396,348,491,521,1002,260,346,842,10224,374,-4429,12005,710,-632,1650,92,23,-22
2025-11-19T11:48:24.654232,345,345,488,512,986,233,346,804,10233,375,-4421,12001,697,-702,1667,19,26,-54
2025-11-19T11:48:24.673776,329,374,500,578,1087,302,385,898,10238,379,-4421,11997,738,-713,1636,14,-1,-39
2025-11-19T11:48:24.696593,353,357,475,573,1127,309,429,1012,10241,384,-4419,11995,692,-684,1627,9,-17,-28
2025-11-19T11:48:24.714560,390,378,440,582,1178,334,461,996,10243,385,-4428,11989,687,-724,1602,-24,-38,-39
2025-11-19T11:48:24.733789,362,476,407,540,1135,334,402,881,10244,391,-4429,11988,719,-725,1658,18,-31,-23
2025-11-19T11:48:24.756206,372,530,384,555,1088,326,410,942,10246,398,-4426,11987,717,-720,1651,45,-14,-25
2025-11-19T11:48:24.774305,377,510,364,545,1048,282,393,900,10249,396,-4421,11986,684,-684,1638,5,11,-17
2025-11-19T11:48:24.796783,327,516,365,581,1052,321,379,886,10252,398,-4414,11986,654,-664,1636,17,-10,-21
2025-11-19T11:48:24.814152,267,481,357,617,1070,339,354,1017,10251,409,-4413,11987,708,-707,1632,48,-42,-15
2025-11-19T11:48:24.832575,311,419,379,626,1074,348,380,1067,10250,407,-4420,11985,695,-716,1643,-33,-30,-7
2025-11-19T11:48:24.855498,298,343,335,669,1147,378,379,1048,10255,412,-4408,11986,724,-637,1675,33,27,-13
2025-11-19T11:48:24.874540,304,336,335,749,1197,417,380,1044,10261,407,-4407,11980,664,-697,1634,-24,7,-48
2025-11-19T11:48:24.894340,306,303,365,756,1141,393,377,1060,10261,406,-4408,11980,733,-725,1646,-2,-10,-13
2025-11-19T11:48:24.918858,303,304,381,803,1180,405,351,972,10264,409,-4403,11980,716,-715,1669,32,6,-22
2025-11-19T11:48:24.937069,230,253,349,770,1159,391,290,880,10269,417,-4398,11977,715,-696,1645,44,-9,-43
2025-11-19T11:48:24.953542,258,286,380,747,1116,386,267,923,10272,420,-4402,11973,696,-689,1660,-17,-38,-36
2025-11-19T11:48:24.976495,250,287,380,623,1026,331,270,945,10273,424,-4410,11969,731,-701,1638,-24,-42,-23
2025-11-19T11:48:24.995002,248,297,397,578,1022,364,235,842,10281,428,-4405,11964,735,-675,1663,15,18,-52
2025-11-19T11:48:25.013835,267,315,371,477,916,307,256,817,10293,429,-4396,11957,740,-667,1641,16,52,-71
2025-11-19T11:48:25.036714,267,328,356,547,920,298,272,869,10301,427,-4401,11948,735,-716,1605,-25,15,-63
2025-11-19T11:48:25.056275,237,320,411,500,865,273,281,848,10308,421,-4397,11944,742,-695,1655,-13,53,-28
2025-11-19T11:48:25.074894,254,318,415,510,829,312,287,826,10326,422,-4378,11935,738,-638,1654,42,95,-96
2025-11-19T11:48:25.097694,242,293,373,591,823,268,291,816,10342,409,-4382,11920,717,-735,1626,-64,63,-106
2025-11-19T11:48:25.116348,264,260,403,584,838,275,270,786,10351,403,-4378,11914,715,-717,1646,-1,51,-57
2025-11-19T11:48:25.134553,294,283,449,596,920,285,254,756,10368,400,-4365,11904,696,-636,1666,-3,70,-98
2025-11-19T11:48:25.157047,309,265,359,629,993,279,233,652,10388,393,-4357,11889,693,-656,1664,-33,66,-125
2025-11-19T11:48:25.176265,291,270,349,609,1005,239,225,721,10404,386,-4357,11876,699,-710,1645,-36,45,-109
2025-11-19T11:48:25.198520,297,284,402,522,980,244,236,698,10418,388,-4349,11866,693,-712,1666,34,24,-108
2025-11-19T11:48:25.216429,263,286,377,528,964,246,239,739,10434,396,-4338,11857,699,-618,1636,33,27,-101
2025-11-19T11:48:25.246284,245,279,333,471,917,255,233,716,10452,387,-4339,11841,698,-704,1650,-50,51,-124
2025-11-19T11:48:25.254168,236,332,332,410,895,257,244,788,10469,384,-4334,11827,715,-631,1622,-29,57,-107
2025-11-19T11:48:25.277099,236,379,414,426,919,275,235,747,10481,378,-4336,11816,701,-710,1613,-29,36,-88
2025-11-19T11:48:25.297065,246,383,369,436,971,274,256,885,10489,371,-4340,11808,685,-741,1613,-21,17,-71
2025-11-19T11:48:25.314196,240,390,442,443,1015,291,275,903,10495,366,-4334,11805,682,-722,1641,24,37,-44
2025-11-19T11:48:25.337075,216,379,457,507,1115,402,323,1020,10510,362,-4314,11799,693,-632,1674,34,95,-70
2025-11-19T11:48:25.356320,201,329,496,558,1189,424,331,996,10525,349,-4313,11787,646,-622,1644,-85,49,-88
2025-11-19T11:48:25.374582,254,282,532,584,1200,447,360,983,10529,338,-4331,11777,706,-774,1627,-77,-11,-56
2025-11-19T11:48:25.397052,235,258,536,629,1153,445,331,841,10533,331,-4332,11772,696,-746,1664,-12,19,-40
2025-11-19T11:48:25.416980,236,265,495,622,1089,434,339,825,10541,330,-4323,11769,667,-643,1669,7,28,-39
2025-11-19T11:48:25.433857,278,330,553,586,990,359,376,698,10548,325,-4322,11763,636,-678,1640,-21,0,-58
2025-11-19T11:48:25.456646,284,332,530,564,935,354,376,684,10559,324,-4315,11756,728,-687,1676,8,49,-70
2025-11-19T11:48:25.476323,250,362,456,584,923,343,353,660,10570,315,-4318,11745,668,-690,1630,-49,26,-80
2025-11-19T11:48:25.494159,264,397,481,544,949,346,370,726,10575,312,-4327,11737,704,-727,1642,-36,-12,-54
2025-11-19T11:48:25.520170,267,391,482,561,932,342,354,765,10580,317,-4331,11732,699,-700,1650,5,-33,-52
2025-11-19T11:48:25.531791,241,324,396,544,912,301,293,773,10588,323,-4327,11725,703,-680,1658,21,-4,-64
2025-11-19T11:48:25.552774,267,323,388,518,815,285,297,754,10597,322,-4321,11719,690,-665,1662,5,31,-60
2025-11-19T11:48:25.576691,265,289,362,520,909,286,287,759,10611,325,-4311,11710,705,-600,1666,1,37,-83
2025-11-19T11:48:25.596426,252,253,354,570,886,279,266,804,10622,315,-4322,11696,692,-713,1619,-83,13,-88
2025-11-19T11:48:25.614955,311,300,380,593,1002,301,274,807,10630,310,-4327,11688,716,-688,1638,-42,17,-54
2025-11-19T11:48:25.637094,309,300,380,615,1033,310,260,791,10644,307,-4312,11681,712,-665,1684,29,80,-79
2025-11-19T11:48:25.656297,283,304,407,619,1066,303,250,781,10658,290,-4317,11666,676,-708,1637,-92,58,-93
2025-11-19T11:48:25.674614,279,285,404,580,966,256,268,783,10667,280,-4317,11658,721,-697,1657,-38,55,-53
2025-11-19T11:48:25.697154,299,295,406,558,946,264,280,740,10682,276,-4306,11648,679,-672,1674,9,64,-97
2025-11-19T11:48:25.716326,254,278,414,525,946,269,274,694,10697,278,-4301,11637,702,-662,1667,-1,28,-97
2025-11-19T11:48:25.734576,248,300,410,631,1096,337,270,686,10709,270,-4303,11625,698,-728,1677,-39,32,-95
2025-11-19T11:48:25.756849,239,283,394,645,1104,332,262,714,10722,271,-4302,11614,677,-707,1650,8,8,-107
2025-11-19T11:48:25.779663,234,292,417,656,1129,345,253,786,10733,275,-4301,11603,694,-694,1626,17,0,-96
2025-11-19T11:48:25.794770,200,278,436,641,1182,356,260,823,10746,276,-4298,11593,716,-669,1674,-8,27,-89
2025-11-19T11:48:25.816945,171,227,387,614,1096,330,245,777,10764,270,-4291,11578,709,-638,1645,-30,74,-111
2025-11-19T11:48:25.839616,172,201,441,472,929,264,287,876,10775,253,-4306,11563,696,-737,1617,-109,29,-85
2025-11-19T11:48:25.854191,204,261,490,444,925,279,304,902,10781,246,-4308,11557,707,-703,1643,-29,36,-41
2025-11-19T11:48:25.877155,209,265,474,407,899,279,283,776,10789,236,-4304,11552,675,-712,1645,-10,54,-51
2025-11-19T11:48:25.899796,225,284,448,413,919,281,263,698,10794,229,-4299,11549,662,-692,1662,-4,27,-33
2025-11-19T11:48:25.914626,237,294,469,512,934,282,258,684,10800,224,-4297,11544,687,-662,1678,-30,26,-33
2025-11-19T11:48:25.937165,225,285,451,522,908,308,200,500,10805,216,-4298,11539,683,-694,1665,-38,25,-36
2025-11-19T11:48:25.959184,189,233,383,621,956,312,167,426,10806,208,-4303,11536,664,-739,1626,-17,1,-24
2025-11-19T11:48:25.982118,176,238,374,746,1031,335,157,477,10807,211,-4299,11537,684,-683,1660,30,1,-3
2025-11-19T11:48:25.997009,169,221,342,798,1027,320,146,523,10811,211,-4291,11536,672,-638,1653,10,19,-24
2025-11-19T11:48:26.017419,184,228,323,784,1115,337,166,553,10817,202,-4294,11530,691,-678,1657,-53,30,-32
2025-11-19T11:48:26.031611,186,252,288,764,1080,301,167,597,10820,191,-4297,11526,691,-707,1660,-46,35,-14
2025-11-19T11:48:26.055196,190,252,294,698,1025,298,200,667,10820,178,-4301,11524,686,-735,1665,-46,27,-4
2025-11-19T11:48:26.079519,201,268,354,548,915,258,228,695,10821,174,-4299,11524,713,-688,1674,-10,30,2
2025-11-19T11:48:26.094673,189,265,350,516,920,252,231,681,10825,169,-4295,11522,698,-704,1683,-1,36,-16
2025-11-19T11:48:26.117237,153,270,418,515,870,248,222,667,10826,164,-4299,11520,724,-753,1667,-5,20,-14
2025-11-19T11:48:26.142836,147,257,403,534,918,264,226,662,10825,168,-4297,11522,699,-704,1638,36,-5,2
2025-11-19T11:48:26.153957,175,284,415,550,987,262,192,622,10821,167,-4304,11522,681,-731,1656,-4,-34,5
2025-11-19T11:48:26.177135,173,298,450,603,1063,270,176,551,10818,176,-4304,11525,693,-670,1658,28,-39,11
2025-11-19T11:48:26.199643,181,353,461,556,1040,255,163,502,10817,188,-4304,11526,689,-687,1642,50,-53,-11
2025-11-19T11:48:26.214760,193,354,396,519,977,234,162,516,10816,200,-4305,11526,710,-662,1610,41,-34,-9
2025-11-19T11:48:26.237133,206,419,415,579,1006,227,143,459,10817,200,-4304,11526,700,-653,1677,-8,12,12
2025-11-19T11:48:26.263958,187,402,416,570,946,215,144,391,10818,190,-4308,11524,675,-710,1652,-42,15,-7
2025-11-19T11:48:26.274634,187,384,345,583,888,247,123,428,10816,189,-4302,11527,702,-689,1670,23,23,18
2025-11-19T11:48:26.297194,172,325,371,613,940,269,124,425,10816,188,-4302,11528,646,-688,1654,7,10,-7
2025-11-19T11:48:26.319259,159,371,365,621,977,288,117,442,10816,182,-4305,11527,672,-707,1667,-25,-4,-4
2025-11-19T11:48:26.334650,138,301,338,602,1029,301,119,441,10813,173,-4307,11529,655,-708,1667,-30,3,17
2025-11-19T11:48:26.357136,133,302,343,758,1135,317,121,465,10818,170,-4295,11529,623,-648,1692,8,23,-18
2025-11-19T11:48:26.379679,116,299,321,718,1126,294,125,481,10819,166,-4297,11527,643,-714,1646,-10,-12,-25
2025-11-19T11:48:26.394479,149,307,294,667,1025,277,128,507,10816,166,-4300,11529,670,-729,1660,16,-28,4
2025-11-19T11:48:26.417621,175,272,327,627,1008,265,151,501,10817,173,-4288,11532,651,-630,1682,44,-6,4
2025-11-19T11:48:26.439614,205,265,393,620,917,239,152,560,10817,172,-4289,11532,669,-722,1635,-16,-4,-8
2025-11-19T11:48:26.454637,223,277,377,480,982,268,174,552,10815,168,-4286,11535,686,-731,1658,20,19,12
2025-11-19T11:48:26.477165,225,326,459,514,969,270,193,516,10813,154,-4282,11539,636,-689,1669,-28,39,29
2025-11-19T11:48:26.499708,221,325,467,578,1044,275,202,572,10811,139,-4280,11541,644,-704,1687,-40,43,25
2025-11-19T11:48:26.522189,204,317,455,627,1082,266,182,537,10811,129,-4278,11542,637,-708,1665,-22,20,7
2025-11-19T11:48:26.541378,194,380,452,599,1070,282,239,648,10803,124,-4282,11548,648,-740,1667,0,-24,39
2025-11-19T11:48:26.559237,178,374,465,674,959,263,242,650,10798,126,-4274,11556,639,-671,1685,38,-11,42
2025-11-19T11:48:26.582161,171,336,412,661,953,246,224,636,10797,131,-4269,11559,657,-656,1648,28,-11,8
2025-11-19T11:48:26.597142,158,334,430,640,909,268,232,603,10790,125,-4282,11561,658,-739,1640,-42,-45,31
2025-11-19T11:48:26.627874,169,322,473,670,939,303,258,630,10781,126,-4277,11570,664,-671,1680,23,-9,66
2025-11-19T11:48:26.634657,168,297,434,692,985,308,240,484,10779,126,-4272,11574,637,-681,1643,25,-5,17
2025-11-19T11:48:26.657099,156,280,414,622,976,320,238,537,10772,126,-4278,11579,680,-717,1640,-2,-25,42
2025-11-19T11:48:26.679417,164,328,442,641,1018,330,239,588,10760,126,-4282,11588,638,-732,1642,18,-51,61
2025-11-19T11:48:26.702054,159,330,448,684,1074,341,233,565,10749,130,-4282,11599,668,-699,1657,36,-41,74
2025-11-19T11:48:26.717275,179,334,390,664,1093,348,224,596,10740,129,-4277,11608,665,-642,1674,3,2,77
2025-11-19T11:48:26.739613,171,298,411,636,1124,344,193,629,10730,118,-4288,11614,666,-757,1656,-43,-17,60
2025-11-19T11:48:26.762131,174,318,424,569,1142,317,176,608,10718,116,-4291,11624,699,-758,1664,24,-8,84
2025-11-19T11:48:26.777252,225,303,435,591,1181,352,238,665,10702,115,-4290,11639,662,-694,1650,20,-26,115
2025-11-19T11:48:26.799637,231,305,396,573,1123,332,242,697,10688,109,-4293,11651,671,-709,1669,-14,-5,104
2025-11-19T11:48:26.822040,205,289,465,600,1124,317,242,722,10675,105,-4296,11661,648,-696,1641,-11,-30,92
2025-11-19T11:48:26.837162,193,288,472,601,1047,304,235,684,10658,106,-4301,11676,656,-738,1631,27,-47,111
2025-11-19T11:48:26.859648,220,290,542,613,947,298,237,670,10641,106,-4304,11690,648,-730,1668,19,-51,108
2025-11-19T11:48:26.882170,173,302,499,593,1019,277,209,662,10627,116,-4299,11704,650,-690,1677,66,-59,89
2025-11-19T11:48:26.897099,172,309,491,594,1108,319,198,651,10614,124,-4299,11716,656,-676,1668,32,-59,89
2025-11-19T11:48:26.919665,183,314,421,557,1088,311,216,650,10602,129,-4304,11725,654,-684,1643,5,-65,70
2025-11-19T11:48:26.942193,196,331,407,583,1198,319,228,679,10589,137,-4311,11734,700,-728,1641,29,-63,74
2025-11-19T11:48:26.957137,162,314,313,600,1242,344,236,677,10577,139,-4312,11744,671,-696,1679,6,-33,79
2025-11-19T11:48:26.979702,161,280,339,604,1210,354,245,749,10568,136,-4315,11752,653,-706,1651,-11,-24,66
2025-11-19T11:48:27.002140,184,305,410,552,1150,311,253,725,10558,133,-4322,11758,672,-724,1648,-22,-29,63
2025-11-19T11:48:27.017031,177,323,456,637,1168,343,242,653,10548,134,-4319,11768,677,-690,1692,18,-12,79
2025-11-19T11:48:27.039521,192,335,475,644,1083,344,274,691,10536,129,-4326,11776,667,-727,1646,-26,-30,77
2025-11-19T11:48:27.062096,228,363,472,660,1081,347,299,725,10523,127,-4334,11785,691,-745,1665,-14,-29,85
2025-11-19T11:48:27.077168,225,355,459,666,1029,344,273,554,10513,126,-4329,11796,656,-709,1686,25,-13,79
2025-11-19T11:48:27.099245,206,327,418,666,1024,345,268,565,10503,130,-4329,11805,671,-723,1643,37,-29,66
2025-11-19T11:48:27.122143,225,307,397,547,904,298,255,557,10489,134,-4337,11815,667,-743,1642,11,-64,79
2025-11-19T11:48:27.137178,208,322,356,592,959,322,213,501,10476,138,-4336,11826,684,-681,1705,10,-40,93
2025-11-19T11:48:27.159707,171,298,362,572,934,301,185,557,10468,147,-4331,11834,667,-680,1652,44,-30,52
2025-11-19T11:48:27.182122,181,332,357,542,950,275,195,582,10455,146,-4338,11843,687,-742,1663,-7,-37,83
2025-11-19T11:48:27.197029,187,346,353,710,1114,309,189,587,10443,147,-4339,11853,667,-676,1664,-7,-30,88
2025-11-19T11:48:27.220195,233,385,359,737,1144,308,186,633,10434,142,-4345,11860,673,-741,1631,-13,-13,64
2025-11-19T11:48:27.242113,246,338,369,744,1145,265,187,602,10424,145,-4339,11871,690,-707,1653,46,6,79
2025-11-19T11:48:27.257209,253,341,421,718,1153,264,178,547,10413,145,-4338,11880,645,-692,1630,11,-22,78
2025-11-19T11:48:27.279712,255,315,412,739,1177,298,195,661,10401,139,-4340,11890,673,-712,1662,-18,-2,92
2025-11-19T11:48:27.302627,258,299,414,625,1044,270,195,722,10391,139,-4341,11898,635,-724,1631,13,-31,63
2025-11-19T11:48:27.317124,216,298,437,610,1031,277,200,671,10377,143,-4349,11908,692,-750,1632,16,-50,87
2025-11-19T11:48:27.339077,200,353,478,537,1026,310,255,803,10364,142,-4349,11919,639,-713,1658,3,-30,89
2025-11-19T11:48:27.362160,203,363,456,617,1114,314,247,787,10351,142,-4352,11929,627,-755,1671,16,-55,69
2025-11-19T11:48:27.384714,187,349,477,584,1055,275,215,687,10338,150,-4358,11939,653,-734,1637,25,-80,73
2025-11-19T11:48:27.399626,180,353,481,622,1135,314,221,634,10324,159,-4360,11950,654,-705,1674,25,-77,81
2025-11-19T11:48:27.421593,169,325,438,627,1175,344,233,688,10314,171,-4354,11960,667,-654,1652,51,-42,69
2025-11-19T11:48:27.436890,175,290,409,658,1152,335,190,634,10306,162,-4366,11963,653,-745,1654,-67,-26,52
2025-11-19T11:48:27.459749,204,282,410,603,1172,355,201,665,10296,152,-4372,11969,688,-742,1661,-47,6,74
2025-11-19T11:48:27.482217,252,312,406,615,1164,358,231,726,10287,149,-4370,11978,640,-707,1623,4,-1,72
2025-11-19T11:48:27.497081,250,303,488,556,1085,333,251,749,10276,143,-4373,11987,658,-758,1648,-4,-6,77
2025-11-19T11:48:27.519679,258,300,518,602,1074,317,244,775,10265,139,-4370,11997,641,-716,1664,0,-4,83
2025-11-19T11:48:27.542176,272,293,524,605,1193,368,233,692,10258,139,-4369,12003,661,-713,1654,6,-9,53
2025-11-19T11:48:27.556947,244,289,488,629,1207,370,234,648,10246,141,-4378,12011,651,-777,1642,4,-64,65
2025-11-19T11:48:27.579710,201,299,497,641,1166,381,224,606,10229,152,-4383,12023,664,-747,1654,43,-91,93
2025-11-19T11:48:27.602094,205,356,391,656,1146,363,197,588,10218,157,-4386,12031,670,-705,1676,-3,-54,70
2025-11-19T11:48:27.617587,182,341,346,621,1174,347,182,493,10210,164,-4388,12037,696,-725,1633,23,-33,45
2025-11-19T11:48:27.647194,164,335,377,594,1074,289,204,522,10196,166,-4398,12045,681,-784,1629,4,-57,79
2025-11-19T11:48:27.662053,185,356,420,597,1010,287,196,587,10184,169,-4394,12057,675,-702,1672,27,-18,93
2025-11-19T11:48:27.684696,190,342,404,650,1125,291,190,624,10177,168,-4390,12065,658,-721,1632,22,3,56
2025-11-19T11:48:27.699232,185,286,411,654,1106,289,192,584,10164,164,-4398,12072,693,-784,1659,-20,-18,81
2025-11-19T11:48:27.722142,196,308,417,641,1021,280,207,629,10153,163,-4392,12084,681,-716,1687,21,4,91
2025-11-19T11:48:27.744189,200,312,393,656,985,264,202,612,10146,162,-4387,12092,664,-708,1685,10,6,65
2025-11-19T11:48:27.759679,171,303,381,617,922,231,199,568,10138,164,-4384,12099,645,-722,1649,21,-22,55
2025-11-19T11:48:27.782185,169,270,362,557,969,208,209,517,10130,169,-4390,12104,667,-756,1621,14,-45,39
2025-11-19T11:48:27.804451,164,297,368,597,1023,279,261,591,10122,180,-4385,12112,670,-715,1648,57,-39,45
2025-11-19T11:48:27.817272,176,298,379,667,1073,301,276,634,10115,183,-4388,12117,637,-689,1631,-10,-47,45
2025-11-19T11:48:27.841797,178,294,363,639,1069,313,282,655,10109,179,-4398,12118,669,-737,1627,-48,-22,35
2025-11-19T11:48:27.864662,198,303,337,735,1140,313,294,687,10105,176,-4397,12122,683,-753,1640,5,16,33
2025-11-19T11:48:27.879698,187,315,321,739,1169,351,293,664,10102,180,-4388,12128,636,-699,1660,40,-5,30
2025-11-19T11:48:27.902760,200,300,361,683,1167,330,264,594,10095,183,-4393,12132,646,-740,1633,0,-48,30
2025-11-19T11:48:27.924992,194,330,349,693,1242,333,266,558,10090,182,-4397,12135,650,-685,1659,-44,-26,42
2025-11-19T11:48:27.939703,181,326,335,683,1219,319,247,522,10088,183,-4400,12135,649,-721,1614,-11,-21,7
2025-11-19T11:48:27.962023,162,323,358,587,1172,313,242,520,10081,179,-4411,12137,666,-785,1634,-33,-31,30
2025-11-19T11:48:27.984786,181,339,373,568,1025,273,222,574,10075,179,-4408,12143,634,-703,1649,1,-20,46
2025-11-19T11:48:27.999505,161,332,362,579,1022,234,207,649,10075,175,-4405,12144,652,-747,1670,-2,18,8
2025-11-19T11:48:28.022360,145,285,358,475,925,210,163,609,10070,174,-4410,12146,680,-792,1645,1,-15,22
2025-11-19T11:48:28.044720,137,300,336,493,914,207,153,603,10064,178,-4409,12152,664,-742,1635,28,-21,36
2025-11-19T11:48:28.059412,144,272,360,560,998,275,159,533,10059,177,-4409,12156,650,-730,1655,-4,-16,36
2025-11-19T11:48:28.082147,171,257,370,575,1048,278,190,549,10057,179,-4405,12159,662,-718,1661,12,-3,19
2025-11-19T11:48:28.105174,175,246,334,609,1057,310,203,487,10054,180,-4405,12162,635,-725,1647,0,-22,16
2025-11-19T11:48:28.119674,188,278,326,597,1022,315,220,521,10052,189,-4400,12164,657,-736,1615,57,-23,0
2025-11-19T11:48:28.142159,195,265,371,664,1097,341,229,538,10050,193,-4402,12166,660,-715,1632,-3,-27,14
2025-11-19T11:48:28.164331,206,314,426,585,1059,316,234,580,10050,193,-4405,12165,645,-714,1619,-20,-17,-4
2025-11-19T11:48:28.179679,178,342,415,617,1027,314,240,608,10049,192,-4406,12165,663,-827,1649,-14,-12,0
2025-11-19T11:48:28.206383,176,362,524,594,962,282,218,611,10045,194,-4402,12169,651,-742,1627,36,-10,25
2025-11-19T11:48:28.224429,173,347,534,699,1137,333,210,560,10045,190,-4397,12172,638,-687,1679,-21,16,20
2025-11-19T11:48:28.239696,168,341,514,633,1099,308,199,543,10047,179,-4396,12170,620,-749,1658,-36,32,-8
2025-11-19T11:48:28.262156,168,318,528,641,1015,285,166,538,10047,168,-4399,12169,642,-801,1652,-28,20,-4
2025-11-19T11:48:28.292837,166,310,528,637,1088,318,145,470,10050,171,-4389,12171,665,-695,1672,28,24,-1
2025-11-19T11:48:28.299866,162,304,413,605,1078,326,156,455,10056,161,-4390,12166,641,-735,1653,-50,34,-32
2025-11-19T11:48:28.322177,155,337,472,559,929,284,171,554,10059,151,-4400,12160,657,-785,1642,-70,11,-25
2025-11-19T11:48:28.344689,149,342,458,554,887,283,177,597,10057,153,-4404,12160,672,-805,1639,23,-17,-6
2025-11-19T11:48:28.359257,135,383,374,678,896,281,188,571,10053,160,-4406,12162,659,-752,1626,23,-40,13
2025-11-19T11:48:28.382145,146,383,364,645,756,219,172,579,10050,164,-4405,12165,667,-731,1625,22,-12,19
2025-11-19T11:48:28.404702,156,379,395,669,898,251,172,572,10047,158,-4410,12166,637,-754,1633,-36,-6,20
2025-11-19T11:48:28.419236,148,339,393,637,895,236,153,502,10042,155,-4417,12167,675,-772,1620,-23,-10,25
2025-11-19T11:48:28.442206,151,332,390,637,890,231,151,520,10036,148,-4418,12172,651,-772,1632,-6,16,47
2025-11-19T11:48:28.464708,150,288,397,516,916,250,154,531,10031,138,-4415,12177,626,-751,1642,-16,25,41
2025-11-19T11:48:28.479714,146,289,428,496,957,262,157,531,10025,130,-4416,12181,639,-749,1647,-27,10,49
2025-11-19T11:48:28.501944,171,292,407,577,873,259,198,650,10021,125,-4417,12185,634,-738,1650,-26,6,35
2025-11-19T11:48:28.524736,182,315,344,637,987,287,196,660,10015,119,-4422,12188,649,-786,1650,-23,-7,37
2025-11-19T11:48:28.539657,186,338,347,704,1039,316,189,594,10009,123,-4424,12192,665,-747,1648,6,-27,37
2025-11-19T11:48:28.561958,208,338,322,705,1017,294,182,590,10004,123,-4428,12195,656,-762,1642,-11,-24,34
2025-11-19T11:48:28.584716,207,321,298,820,1115,350,208,597,10000,132,-4426,12199,682,-748,1647,41,-26,22
2025-11-19T11:48:28.606962,181,326,285,764,1090,325,161,477,9999,143,-4425,12200,676,-729,1622,35,-33,-1
2025-11-19T11:48:28.622504,189,310,370,698,987,312,177,503,9995,150,-4437,12199,683,-750,1611,-25,-61,7
2025-11-19T11:48:28.644672,198,297,377,743,1059,321,199,586,9994,152,-4440,12199,701,-736,1666,-17,-9,10
2025-11-19T11:48:28.666984,165,281,364,766,1120,347,235,627,10000,155,-4439,12194,672,-760,1634,9,3,-45
2025-11-19T11:48:28.682155,153,265,378,644,978,301,219,654,10003,154,-4447,12189,701,-790,1641,-33,0,-27
2025-11-19T11:48:28.705123,175,244,387,631,982,303,232,675,10012,154,-4440,12184,674,-691,1668,-11,37,-41
2025-11-19T11:48:28.726829,225,323,302,618,926,290,236,681,10025,153,-4443,12172,661,-735,1646,-48,10,-93
2025-11-19T11:48:28.742177,222,323,359,540,814,268,224,651,10031,150,-4455,12163,716,-813,1643,-44,3,-50
2025-11-19T11:48:28.764444,228,315,407,545,762,267,189,599,10040,150,-4449,12157,660,-755,1643,12,28,-59
2025-11-19T11:48:28.787197,226,333,412,631,794,265,177,516,10053,155,-4444,12149,662,-743,1654,18,13,-88
2025-11-19T11:48:28.806357,230,366,441,668,834,264,167,505,10057,157,-4451,12142,669,-805,1628,-6,-23,-55
2025-11-19T11:48:28.824890,245,347,494,709,924,283,157,459,10064,165,-4447,12138,687,-751,1634,38,-1,-52
2025-11-19T11:48:28.847646,246,370,475,718,996,296,188,429,10074,163,-4442,12131,668,-734,1664,-8,32,-62
2025-11-19T11:48:28.862195,258,388,447,750,980,264,186,489,10082,160,-4442,12125,679,-752,1636,-19,30,-48
2025-11-19T11:48:28.884701,274,408,475,715,973,266,215,561,10087,148,-4441,12121,648,-810,1655,-23,49,-30
2025-11-19T11:48:28.907982,252,380,464,721,1142,338,244,621,10096,144,-4429,12119,637,-703,1648,13,54,-37
2025-11-19T11:48:28.922138,225,350,475,698,1146,347,278,678,10102,139,-4427,12114,642,-738,1626,-24,29,-40
2025-11-19T11:48:28.944704,256,356,491,782,1121,366,276,741,10109,125,-4426,12109,633,-770,1669,-45,53,-36
2025-11-19T11:48:28.967162,253,365,474,774,1151,394,291,714,10121,128,-4415,12103,644,-721,1601,41,45,-74
2025-11-19T11:48:28.982260,247,349,465,736,1140,379,274,683,10125,121,-4421,12097,642,-811,1647,-32,3,-43
2025-11-19T11:48:29.004311,257,393,463,719,972,358,277,630,10129,123,-4411,12097,617,-711,1663,28,7,-20
2025-11-19T11:48:29.027145,234,375,426,745,997,361,244,625,10138,131,-4402,12093,590,-684,1612,36,-15,-70
2025-11-19T11:48:29.042185,219,358,394,607,953,325,231,562,10139,133,-4417,12087,660,-839,1621,-18,-60,-45
2025-11-19T11:48:29.064545,217,330,421,586,1081,362,245,612,10139,142,-4414,12088,665,-745,1650,46,-27,-9
2025-11-19T11:48:29.086831,214,323,387,579,1181,427,289,656,10144,139,-4408,12086,622,-713,1669,-10,13,-28
2025-11-19T11:48:29.102554,250,297,366,639,1264,440,290,806,10149,129,-4414,12080,661,-777,1639,-50,27,-36
2025-11-19T11:48:29.124698,243,308,348,620,1230,439,305,789,10149,122,-4416,12079,663,-795,1647,-14,18,-4
2025-11-19T11:48:29.147294,242,290,376,625,1278,467,334,783,10152,118,-4412,12078,633,-733,1634,-4,24,-11
2025-11-19T11:48:29.162258,241,284,433,586,1166,427,325,782,10156,113,-4412,12074,683,-777,1661,-11,33,-25
2025-11-19T11:48:29.184797,253,282,446,589,1129,379,293,775,10158,105,-4417,12071,658,-791,1642,-36,15,-16
2025-11-19T11:48:29.206980,231,299,483,509,1057,390,289,666,10158,105,-4418,12071,655,-787,1648,-15,-3,-2
2025-11-19T11:48:29.222489,270,320,578,609,1157,390,300,697,10159,107,-4415,12071,653,-788,1679,29,-6,-20
2025-11-19T11:48:29.244731,263,347,553,656,1230,372,264,729,10159,107,-4415,12071,677,-754,1646,12,-1,-12
2025-11-19T11:48:29.267247,292,361,517,665,1188,357,268,827,10163,103,-4417,12067,650,-756,1641,-22,10,-27
2025-11-19T11:48:29.282221,309,364,505,680,1172,354,271,789,10168,96,-4419,12062,648,-752,1648,-45,20,-33
2025-11-19T11:48:29.304407,301,341,468,694,1153,304,246,720,10176,94,-4417,12056,632,-743,1653,-12,16,-53
2025-11-19T11:48:29.327252,324,318,412,634,1083,320,295,747,10177,98,-4432,12050,635,-841,1595,-4,-75,-50
2025-11-19T11:48:29.342146,321,297,415,675,1077,455,324,775,10173,111,-4436,12051,676,-768,1635,37,-68,-4
2025-11-19T11:48:29.364682,305,296,432,677,1118,464,321,634,10181,121,-4419,12051,634,-682,1662,73,9,-41
2025-11-19T11:48:29.387267,303,318,430,720,1107,471,326,679,10185,117,-4431,12043,657,-782,1621,-60,-17,-51
2025-11-19T11:48:29.402551,300,336,451,738,1089,468,327,703,10181,110,-4446,12041,689,-839,1642,-44,-19,10
2025-11-19T11:48:29.425142,238,347,383,713,996,444,275,639,10177,110,-4451,12043,647,-773,1631,-7,-36,16
2025-11-19T11:48:29.447182,329,343,443,628,913,303,249,646,10174,98,-4459,12043,693,-783,1672,-71,25,32
2025-11-19T11:48:29.462195,331,330,399,712,1044,363,255,674,10177,76,-4449,12044,654,-723,1683,-58,118,27
2025-11-19T11:48:29.484815,345,312,430,726,1138,394,308,711,10180,53,-4448,12041,636,-826,1656,-58,89,-4
2025-11-19T11:48:29.506793,357,289,487,751,1239,418,334,762,10173,36,-4451,12046,608,-794,1645,-49,26,54
2025-11-19T11:48:29.530438,374,301,482,753,1346,489,345,758,10168,35,-4439,12055,598,-790,1659,67,6,39
2025-11-19T11:48:29.544715,319,350,481,752,1314,485,361,748,10154,47,-4452,12062,602,-812,1587,35,-131,43
2025-11-19T11:48:29.567109,310,363,484,787,1293,521,379,825,10132,65,-4460,12078,649,-787,1624,65,-135,110
2025-11-19T11:48:29.590428,276,390,468,720,1210,493,335,748,10119,76,-4457,12090,576,-703,1655,37,-97,72
2025-11-19T11:48:29.604443,289,424,412,655,1105,472,333,788,10105,70,-4479,12093,639,-804,1636,-87,-85,61
2025-11-19T11:48:29.635359,274,402,399,724,1094,458,339,815,10093,69,-4483,12102,656,-743,1660,-23,-36,89
2025-11-19T11:48:29.650359,255,369,400,823,1204,493,361,833,10081,71,-4483,12112,625,-799,1626,39,-36,69
2025-11-19T11:48:29.664829,330,406,440,729,1136,430,336,790,10063,72,-4496,12121,660,-817,1600,-7,-73,93
2025-11-19T11:48:29.687382,328,381,480,805,1132,461,333,791,10048,69,-4504,12132,639,-759,1662,-41,-53,102
2025-11-19T11:48:29.710269,310,360,467,868,1179,466,308,688,10034,75,-4508,12141,660,-773,1637,16,-60,79
2025-11-19T11:48:29.724347,329,369,506,813,1135,433,339,686,10012,73,-4538,12148,670,-873,1607,-76,-122,104
2025-11-19T11:48:29.747183,342,353,463,749,1031,400,302,637,9994,74,-4542,12162,715,-785,1691,0,-37,130
2025-11-19T11:48:29.770504,281,347,467,790,1141,460,333,607,9990,84,-4523,12172,657,-655,1657,63,11,54
2025-11-19T11:48:29.784839,278,350,512,724,1139,431,332,726,9977,82,-4540,12176,678,-844,1605,-37,-57,64
2025-11-19T11:48:29.807253,269,331,568,633,1094,418,335,773,9961,86,-4542,12188,711,-820,1643,39,-31,104
2025-11-19T11:48:29.830443,243,321,548,663,1139,445,277,764,9958,92,-4527,12197,665,-726,1655,68,21,44
2025-11-19T11:48:29.844704,216,351,564,690,1295,497,298,845,9950,100,-4527,12203,647,-722,1595,16,-49,50
2025-11-19T11:48:29.867225,221,307,531,608,1151,433,308,861,9936,99,-4546,12207,683,-868,1612,-33,-69,62
2025-11-19T11:48:29.890414,216,285,431,607,1151,433,306,787,9933,107,-4531,12215,710,-762,1658,87,29,38
2025-11-19T11:48:29.912814,221,304,430,683,1270,461,305,809,9939,106,-4519,12215,655,-727,1674,15,40,-15
2025-11-19T11:48:29.927260,239,341,456,647,1265,421,283,825,9935,115,-4526,12216,675,-745,1573,1,-51,11
2025-11-19T11:48:29.950190,249,324,429,558,1082,339,277,802,9928,125,-4535,12218,710,-835,1607,31,-61,19
2025-11-19T11:48:29.964745,230,352,479,614,1131,390,252,808,9929,139,-4525,12220,708,-724,1634,67,-2,-1
2025-11-19T11:48:29.987257,241,356,477,593,1233,407,258,816,9936,143,-4516,12218,697,-697,1651,7,35,-21
2025-11-19T11:48:30.010227,239,322,422,527,1108,388,277,832,9939,140,-4528,12211,653,-798,1581,-46,-23,-39
2025-11-19T11:48:30.025046,210,290,415,590,1036,374,278,786,9932,145,-4542,12212,695,-874,1603,12,-67,10
2025-11-19T11:48:30.047109,252,332,449,760,1160,473,285,832,9934,170,-4516,12219,672,-640,1653,135,-18,-3
2025-11-19T11:48:30.070378,248,303,381,736,1210,463,289,831,9940,174,-4514,12215,636,-700,1644,-18,-18,-38
2025-11-19T11:48:30.084691,243,356,448,757,1140,462,276,807,9935,163,-4544,12208,675,-875,1599,-119,-63,-10
2025-11-19T11:48:30.107700,274,440,460,813,1217,550,332,817,9934,168,-4533,12213,687,-782,1666,66,11,13
2025-11-19T11:48:30.130484,280,449,428,769,1196,575,360,887,9941,167,-4515,12214,610,-700,1674,34,42,-22
2025-11-19T11:48:30.145254,258,463,444,679,1103,538,356,785,9945,151,-4524,12208,676,-769,1627,-105,43,-13
2025-11-19T11:48:30.167254,263,461,451,710,1090,524,328,786,9949,143,-4516,12207,640,-786,1632,12,52,-18
2025-11-19T11:48:30.190540,283,420,395,718,1100,518,340,859,9950,144,-4513,12208,630,-767,1606,21,-2,-10
2025-11-19T11:48:30.204742,277,373,394,748,1116,460,334,798,9948,140,-4519,12207,644,-782,1618,-30,-19,6
2025-11-19T11:48:30.235341,290,387,411,786,1191,454,362,766,9949,136,-4512,12209,658,-785,1688,9,25,3
2025-11-19T11:48:30.250557,283,338,397,821,1276,471,381,807,9956,138,-4492,12210,614,-694,1654,51,44,-32
2025-11-19T11:48:30.264768,314,343,452,793,1228,457,415,846,9960,136,-4501,12204,636,-791,1614,-39,-25,-44
2025-11-19T11:48:30.287291,299,340,472,802,1251,474,429,781,9957,137,-4519,12200,648,-824,1621,-52,-76,-17
2025-11-19T11:48:30.307951,311,342,449,740,1185,434,392,764,9957,150,-4520,12199,675,-774,1627,45,-57,-21
2025-11-19T11:48:30.322742,291,332,446,724,1172,459,379,817,9962,153,-4514,12197,662,-713,1640,4,7,-25
2025-11-19T11:48:30.346940,276,332,432,628,1079,407,375,798,9967,149,-4523,12190,635,-781,1645,-64,-25,-46
2025-11-19T11:48:30.370498,258,364,403,664,1153,453,334,706,9963,151,-4542,12186,706,-858,1602,-31,-62,-11
2025-11-19T11:48:30.384593,265,392,426,706,1125,494,347,792,9966,151,-4535,12186,693,-743,1662,6,32,-6
2025-11-19T11:48:30.406930,229,348,417,743,1195,508,345,837,9978,144,-4518,12183,684,-734,1694,14,95,-39
2025-11-19T11:48:30.430297,252,334,459,727,1201,472,308,791,9986,121,-4532,12172,647,-841,1597,-120,58,-53
2025-11-19T11:48:30.444752,272,372,481,756,1250,487,279,798,9991,112,-4532,12167,690,-841,1644,-8,52,-31
2025-11-19T11:48:30.467247,269,369,604,730,1245,454,275,793,10001,109,-4519,12165,649,-727,1674,8,56,-41
2025-11-19T11:48:30.490572,259,369,591,669,1219,375,256,796,10013,100,-4522,12153,685,-795,1640,-58,50,-80
2025-11-19T11:48:30.513044,265,378,695,658,1137,396,266,821,10022,88,-4530,12143,666,-842,1644,-61,31,-62
2025-11-19T11:48:30.527269,246,375,692,662,1133,399,296,832,10034,96,-4516,12138,656,-754,1639,65,31,-81
2025-11-19T11:48:30.550801,253,336,717,629,1084,394,333,813,10044,95,-4525,12126,633,-815,1595,-31,-22,-96
2025-11-19T11:48:30.572992,232,294,597,616,932,375,445,805,10051,97,-4526,12120,696,-823,1636,13,9,-59
2025-11-19T11:48:30.587237,226,260,572,612,861,370,507,701,10066,94,-4516,12111,630,-734,1608,4,57,-88
2025-11-19T11:48:30.610586,213,307,468,572,830,347,506,589,10082,62,-4539,12090,703,-848,1573,-197,103,-96
2025-11-19T11:48:30.633047,203,291,412,570,758,348,496,454,10106,39,-4533,12072,691,-675,1633,-128,168,-99
2025-11-19T11:48:30.647196,191,259,295,580,640,305,508,345,10122,11,-4572,12044,653,-728,1515,-304,16,-109
2025-11-19T11:48:30.669723,281,247,326,549,632,287,537,376,10110,-7,-4623,12035,726,-869,1492,-226,-72,43
2025-11-19T11:48:30.700575,314,233,337,507,597,295,577,359,10104,-30,-4653,12028,612,-792,1603,-222,-44,25
2025-11-19T11:48:30.707703,314,174,335,414,496,237,583,351,10110,-79,-4682,12012,805,-754,1675,-359,166,44
2025-11-19T11:48:30.729567,320,166,335,352,427,194,585,358,10144,-151,-4658,11991,784,-830,1795,-222,458,-67
2025-11-19T11:48:30.752744,296,188,429,257,446,194,547,399,10168,-206,-4633,11980,711,-774,1661,-138,378,-19
2025-11-19T11:48:30.767289,240,239,401,244,431,179,504,330,10159,-268,-4655,11979,633,-990,1561,-226,172,102
2025-11-19T11:48:30.789762,196,271,433,264,422,152,377,312,10140,-303,-4653,11994,639,-931,1599,-52,127,173
2025-11-19T11:48:30.813036,185,257,424,261,393,143,355,274,10123,-344,-4640,12013,568,-909,1641,-40,156,180
2025-11-19T11:48:30.827431,167,266,431,225,347,122,331,252,10117,-374,-4597,12033,541,-906,1708,109,218,121
2025-11-19T11:48:30.849739,165,264,377,241,348,128,323,173,10115,-395,-4553,12050,471,-798,1689,101,164,82
2025-11-19T11:48:30.873004,99,220,397,229,381,133,186,179,10098,-412,-4548,12066,377,-862,1555,3,-25,97
2025-11-19T11:48:30.887253,79,191,361,198,374,123,208,257,10077,-424,-4564,12077,402,-931,1550,-34,-116,86
2025-11-19T11:48:30.910016,88,185,339,203,491,148,192,267,10054,-417,-4565,12097,419,-974,1627,101,-146,91
2025-11-19T11:48:30.932545,90,173,331,250,568,167,208,263,10038,-376,-4530,12124,439,-783,1624,298,-144,71
2025-11-19T11:48:30.947306,93,163,318,248,563,165,213,317,10032,-329,-4496,12143,419,-667,1672,244,-181,13
2025-11-19T11:48:30.979774,102,171,315,272,558,166,204,345,10014,-305,-4524,12148,445,-801,1579,-31,-285,19
2025-11-19T11:48:30.994498,98,148,291,291,586,173,207,311,9989,-287,-4572,12152,549,-929,1596,-86,-295,55
2025-11-19T11:48:31.005120,100,164,315,283,508,166,273,397,9968,-255,-4586,12164,598,-888,1618,93,-221,65
2025-11-19T11:48:31.027490,107,182,399,282,417,142,278,431,9952,-222,-4572,12183,616,-809,1649,183,-119,81
2025-11-19T11:48:31.051608,112,183,389,274,462,156,280,428,9943,-207,-4555,12197,625,-802,1684,114,-29,73
2025-11-19T11:48:31.067848,108,196,414,283,544,164,286,441,9937,-206,-4537,12208,606,-822,1765,63,19,58
2025-11-19T11:48:31.089781,115,221,463,358,706,210,282,455,9927,-202,-4535,12217,590,-834,1665,30,-37,63
2025-11-19T11:48:31.112615,115,234,467,394,799,231,231,399,9918,-188,-4537,12224,590,-764,1611,29,-91,43
2025-11-19T11:48:31.127321,118,230,408,380,842,234,229,367,9907,-175,-4558,12226,660,-840,1648,-41,-126,37
2025-11-19T11:48:31.149700,122,273,438,446,904,243,248,396,9891,-159,-4580,12231,661,-923,1619,14,-144,50
2025-11-19T11:48:31.173009,129,272,405,432,918,248,237,356,9879,-136,-4581,12240,658,-832,1602,95,-104,49
2025-11-19T11:48:31.187243,136,315,410,472,916,261,219,382,9869,-111,-4582,12248,678,-802,1607,86,-95,45
2025-11-19T11:48:31.210125,139,314,424,482,869,264,268,618,9857,-79,-4576,12260,659,-776,1578,145,-117,56
2025-11-19T11:48:31.232766,138,333,426,476,866,277,296,690,9846,-60,-4578,12268,654,-820,1605,73,-91,44
2025-11-19T11:48:31.247331,134,304,400,489,830,311,286,680,9838,-54,-4584,12273,683,-840,1619,16,-34,44
2025-11-19T11:48:31.269731,166,344,424,504,821,344,428,853,9841,-45,-4567,12276,644,-736,1627,70,29,1
2025-11-19T11:48:31.293069,167,314,406,466,749,322,429,866,9847,-46,-4563,12273,634,-755,1621,-17,22,-28
2025-11-19T11:48:31.307315,157,316,380,472,807,315,405,725,9853,-46,-4571,12265,698,-864,1620,-21,16,-46
2025-11-19T11:48:31.329529,158,302,452,526,866,353,418,752,9858,-35,-4562,12265,655,-775,1598,64,-1,-29
2025-11-19T11:48:31.353057,204,297,447,496,911,332,413,758,9860,-24,-4563,12263,632,-784,1594,26,-44,-28
2025-11-19T11:48:31.367391,185,291,475,618,1013,329,274,605,9861,-5,-4563,12262,649,-788,1596,60,-68,-37
2025-11-19T11:48:31.389592,182,301,458,618,1022,320,271,579,9856,10,-4573,12262,619,-818,1545,40,-104,-10
2025-11-19T11:48:31.412757,206,322,451,614,1043,328,269,653,9852,22,-4582,12263,616,-794,1608,1,-102,-5
2025-11-19T11:48:31.435550,238,357,397,625,1066,303,260,705,9847,35,-4582,12266,641,-791,1590,52,-63,11
2025-11-19T11:48:31.449832,210,376,419,719,1110,352,318,782,9842,41,-4581,12270,611,-782,1604,24,-44,16
2025-11-19T11:48:31.473278,199,349,437,609,1012,323,324,760,9840,41,-4584,12271,656,-850,1661,1,-20,3
2025-11-19T11:48:31.496401,223,332,517,628,989,328,322,806,9841,46,-4572,12274,660,-771,1692,44,11,3
2025-11-19T11:48:31.509843,240,323,555,730,1079,457,372,859,9844,42,-4572,12272,635,-798,1657,-27,7,-19
2025-11-19T11:48:31.533034,232,291,551,720,1167,482,350,770,9846,42,-4583,12266,679,-800,1635,-58,-27,-21
2025-11-19T11:48:31.553739,229,302,542,616,1109,459,317,743,9847,57,-4587,12264,696,-798,1642,28,-57,-25
2025-11-19T11:48:31.576904,263,320,551,730,1260,487,321,811,9849,76,-4590,12262,697,-783,1612,41,-70,-35
2025-11-19T11:48:31.593077,256,314,465,764,1332,522,341,824,9849,93,-4601,12258,692,-808,1591,19,-92,-37
2025-11-19T11:48:31.615303,240,338,502,752,1303,525,320,783,9848,109,-4612,12253,712,-824,1618,14,-87,-34
2025-11-19T11:48:31.630293,245,393,514,811,1289,622,356,837,9852,127,-4612,12250,720,-770,1598,48,-44,-41
2025-11-19T11:48:31.653121,249,413,494,863,1334,653,379,925,9851,133,-4628,12245,743,-820,1565,-31,-38,-12
2025-11-19T11:48:31.675597,219,412,511,857,1281,694,392,874,9850,123,-4644,12240,745,-848,1599,-83,17,8
2025-11-19T11:48:31.689811,211,418,521,817,1298,724,384,830,9858,109,-4631,12238,703,-782,1643,-12,125,-5
2025-11-19T11:48:31.713150,219,416,529,842,1305,680,377,887,9867,95,-4621,12235,612,-795,1599,-5,85,-39
2025-11-19T11:48:31.735558,227,423,529,883,1242,646,376,926,9866,87,-4633,12231,655,-876,1587,-42,-12,-15
2025-11-19T11:48:31.749712,275,402,597,870,1224,660,426,893,9865,91,-4627,12235,642,-778,1659,26,-21,8
2025-11-19T11:48:31.772576,303,402,570,887,1321,642,442,929,9867,104,-4623,12235,618,-748,1640,29,-67,-33
2025-11-19T11:48:31.795601,343,414,595,875,1235,584,454,1031,9858,111,-4645,12233,667,-885,1576,-24,-116,4
2025-11-19T11:48:31.809315,344,391,540,823,1213,559,438,941,9850,118,-4651,12237,688,-838,1626,19,-58,26
2025-11-19T11:48:31.832855,335,354,551,757,1221,496,412,946,9856,122,-4626,12242,611,-738,1649,91,41,-20
2025-11-19T11:48:31.855565,320,389,528,763,1256,426,361,942,9862,115,-4636,12233,646,-836,1599,-55,-8,-58
2025-11-19T11:48:31.869821,325,402,500,682,1098,382,337,974,9863,113,-4640,12231,672,-805,1600,-22,1,-5
2025-11-19T11:48:31.892728,291,397,505,717,1170,408,344,1015,9868,113,-4628,12232,598,-753,1606,32,10,-31
2025-11-19T11:48:31.915944,296,399,521,677,1128,380,347,1106,9875,112,-4631,12225,671,-789,1629,-35,2,-52
2025-11-19T11:48:31.929799,292,399,488,615,1182,357,337,1060,9879,121,-4627,12222,671,-802,1612,47,-18,-43
2025-11-19T11:48:31.953098,280,353,457,615,1113,388,330,1014,9884,121,-4621,12221,694,-876,1619,63,37,-36
2025-11-19T11:48:31.975132,321,328,465,808,1227,532,309,997,9899,115,-4594,12219,672,-688,1674,32,129,-42
2025-11-19T11:48:31.989782,340,348,430,878,1303,527,268,871,9911,118,-4577,12216,606,-706,1544,55,49,-67
2025-11-19T11:48:32.013415,382,384,447,864,1306,538,281,818,9905,113,-4605,12210,628,-916,1539,-70,-92,-24
2025-11-19T11:48:32.035476,411,376,513,903,1253,555,299,781,9894,125,-4611,12216,675,-796,1577,38,-80,47
2025-11-19T11:48:32.049378,438,370,567,902,1278,564,275,763,9906,119,-4595,12213,678,-690,1691,-20,91,-27
2025-11-19T11:48:32.073083,407,370,572,807,1251,448,331,800,9916,105,-4592,12207,637,-809,1629,-38,63,-54
2025-11-19T11:48:32.095329,396,364,610,689,1126,431,341,778,9911,102,-4602,12206,618,-913,1558,14,-41,-15
2025-11-19T11:48:32.109784,442,379,601,747,1193,491,374,807,9910,110,-4600,12208,682,-783,1615,38,-20,1
2025-11-19T11:48:32.133106,430,392,622,712,1145,474,427,849,9918,108,-4593,12204,644,-683,1642,-36,24,-27
2025-11-19T11:48:32.155562,408,414,563,712,1162,450,438,894,9925,104,-4599,12196,622,-807,1582,-37,-12,-64
2025-11-19T11:48:32.178095,400,411,564,750,1156,504,405,865,9932,103,-4598,12191,711,-787,1640,-14,35,-40
2025-11-19T11:48:32.193104,455,439,577,812,1146,507,444,895,9934,97,-4599,12189,598,-879,1604,18,-8,-42
2025-11-19T11:48:32.215959,365,403,649,828,1049,439,422,880,9936,98,-4613,12182,687,-861,1587,-26,-36,-39
2025-11-19T11:48:32.230318,350,362,619,886,1106,501,375,885,9944,88,-4607,12178,722,-739,1728,-65,76,-11
2025-11-19T11:48:32.253023,343,331,636,841,1151,519,384,930,9959,71,-4604,12167,630,-795,1655,-71,80,-88
2025-11-19T11:48:32.275601,347,341,613,703,1024,428,374,887,9959,62,-4626,12158,654,-918,1554,-70,-32,-39
2025-11-19T11:48:32.289793,287,290,612,745,1144,479,333,909,9959,71,-4618,12162,672,-797,1636,68,-14,-3
2025-11-19T11:48:32.313137,303,320,529,789,1222,516,321,898,9972,79,-4596,12159,631,-691,1659,59,34,-68
2025-11-19T11:48:32.335606,306,331,472,786,1235,435,302,911,9981,73,-4610,12147,700,-851,1622,-72,6,-71
2025-11-19T11:48:32.358156,293,358,480,797,1163,407,288,814,9986,63,-4619,12139,676,-909,1615,-36,17,-57
2025-11-19T11:48:32.373143,288,394,485,870,1237,429,383,984,9996,66,-4603,12137,644,-767,1615,63,45,-52
2025-11-19T11:48:32.395643,265,404,449,866,1213,427,412,966,10007,56,-4599,12129,637,-756,1661,-52,53,-60
2025-11-19T11:48:32.417835,227,384,450,815,1215,458,407,955,10018,41,-4607,12118,679,-881,1675,-77,43,-73
2025-11-19T11:48:32.433538,232,382,475,736,1114,460,412,918,10028,35,-4610,12108,647,-899,1611,0,24,-91
2025-11-19T11:48:32.455209,234,402,446,809,1125,521,426,957,10035,32,-4605,12104,694,-792,1618,3,50,-32
2025-11-19T11:48:32.478114,291,371,462,775,1144,541,429,927,10050,22,-4587,12099,604,-707,1681,-25,88,-62
2025-11-19T11:48:32.493093,296,352,473,726,1081,494,384,931,10059,7,-4608,12083,636,-891,1604,-114,-10,-90
2025-11-19T11:48:32.515711,298,348,446,707,1120,454,372,856,10062,15,-4608,12080,747,-832,1648,33,7,-27
2025-11-19T11:48:32.538127,288,351,450,719,1129,455,395,914,10074,15,-4596,12075,627,-810,1624,49,42,-78
2025-11-19T11:48:32.553099,313,364,468,715,1195,471,385,933,10081,11,-4596,12069,641,-763,1616,-36,16,-44
2025-11-19T11:48:32.573731,279,362,450,745,1198,493,317,793,10087,9,-4607,12060,658,-883,1613,-25,-25,-72
2025-11-19T11:48:32.596565,263,392,401,815,1260,523,337,851,10090,14,-4610,12056,699,-853,1616,23,-13,-42
2025-11-19T11:48:32.613137,339,399,387,840,1262,546,422,1027,10100,16,-4593,12054,643,-727,1663,34,49,-42
2025-11-19T11:48:32.643110,371,413,387,900,1384,625,407,992,10109,11,-4602,12044,631,-784,1621,-78,-15,-73
2025-11-19T11:48:32.658337,355,381,412,966,1370,579,401,977,10109,18,-4620,12037,733,-892,1600,-10,-62,-38
2025-11-19T11:48:32.673221,399,418,403,920,1272,525,458,1110,10108,28,-4623,12036,674,-802,1596,26,-48,-18
2025-11-19T11:48:32.695732,397,387,426,858,1161,496,447,1090,10114,26,-4618,12033,675,-759,1614,-5,38,-27
2025-11-19T11:48:32.718600,353,359,452,886,1089,535,380,956,10129,14,-4603,12027,686,-765,1629,-5,125,-54
2025-11-19T11:48:32.732591,323,335,450,891,1045,472,363,966,10139,15,-4595,12021,633,-742,1541,22,42,-61
2025-11-19T11:48:32.756094,319,316,424,833,997,441,347,916,10132,8,-4613,12020,637,-873,1558,-47,-49,12
2025-11-19T11:48:32.778118,245,311,443,936,1165,476,230,743,10132,10,-4601,12025,671,-751,1671,33,22,22
2025-11-19T11:48:32.792435,291,329,457,980,1315,560,329,696,10148,1,-4581,12019,616,-691,1681,-20,95,-66
2025-11-19T11:48:32.815082,302,333,432,944,1278,496,348,679,10154,-11,-4595,12008,668,-843,1572,-79,19,-53
2025-11-19T11:48:32.837744,344,388,415,884,1226,477,371,717,10152,-25,-4608,12005,662,-914,1631,-57,4,-3
2025-11-19T11:48:32.851971,359,420,376,876,1150,468,376,750,10161,-21,-4585,12006,645,-730,1671,72,63,-35
2025-11-19T11:48:32.875349,363,369,385,854,1178,466,392,833,10172,-29,-4579,11999,627,-727,1613,-44,54,-50
2025-11-19T11:48:32.898104,353,415,382,774,1070,412,380,869,10181,-35,-4579,11992,641,-777,1651,-48,24,-55
2025-11-19T11:48:32.912057,332,442,441,736,1074,382,350,899,10188,-42,-4586,11983,617,-861,1596,-27,-3,-73
2025-11-19T11:48:32.935655,268,412,482,772,1066,361,315,914,10197,-40,-4580,11977,708,-806,1640,21,45,-53
2025-11-19T11:48:32.965736,283,449,518,761,1132,377,298,922,10212,-45,-4568,11969,630,-755,1619,3,74,-82
2025-11-19T11:48:32.972520,304,473,599,775,1076,374,290,863,10219,-52,-4574,11961,678,-886,1621,-13,26,-59
2025-11-19T11:48:32.995676,297,424,581,794,1067,304,176,787,10221,-48,-4564,11963,637,-775,1618,51,11,-10
2025-11-19T11:48:33.018375,288,408,578,794,1036,307,173,808,10223,-55,-4574,11957,623,-837,1587,-49,-13,-36
2025-11-19T11:48:33.032798,287,420,563,843,1088,326,195,718,10225,-61,-4574,11956,681,-828,1637,-8,37,-6
2025-11-19T11:48:33.055654,286,355,589,799,1057,327,226,674,10231,-60,-4561,11956,587,-692,1575,20,26,-24
2025-11-19T11:48:33.078166,240,343,481,703,898,276,219,683,10230,-72,-4574,11951,633,-846,1596,-76,-4,-9
2025-11-19T11:48:33.091968,244,357,556,667,899,302,222,707,10230,-73,-4574,11951,642,-827,1646,6,15,8
2025-11-19T11:48:33.116053,279,403,587,691,960,336,236,721,10235,-76,-4566,11950,635,-781,1632,12,34,-19
2025-11-19T11:48:33.138125,287,383,559,613,951,398,235,686,10235,-76,-4566,11950,644,-766,1595,-7,13,-15
2025-11-19T11:48:33.152480,256,431,521,598,914,377,207,705,10231,-91,-4581,11948,628,-877,1604,-77,-3,6
2025-11-19T11:48:33.175647,265,405,517,596,920,364,210,704,10228,-92,-4579,11951,627,-827,1630,20,-8,12
2025-11-19T11:48:33.198076,236,396,477,658,926,402,225,702,10235,-93,-4567,11950,636,-740,1634,16,47,-21
2025-11-19T11:48:33.212372,224,354,416,760,945,426,298,728,10245,-98,-4561,11943,599,-709,1627,-45,30,-54
2025-11-19T11:48:33.243215,223,355,434,786,887,351,309,738,10243,-100,-4576,11939,622,-917,1593,-12,-57,-33
2025-11-19T11:48:33.258135,215,280,436,792,933,361,310,754,10244,-89,-4573,11939,674,-810,1624,58,-27,-22
2025-11-19T11:48:33.272315,206,333,454,812,1059,422,344,820,10251,-90,-4568,11935,618,-760,1662,-20,9,-41
2025-11-19T11:48:33.294755,230,319,396,791,1067,374,366,791,10258,-90,-4570,11929,653,-760,1632,-36,-2,-45
2025-11-19T11:48:33.317800,195,308,374,688,987,307,319,784,10258,-98,-4583,11924,637,-866,1603,-50,-14,-25
2025-11-19T11:48:33.338635,188,322,356,631,968,308,306,766,10261,-95,-4580,11923,682,-806,1615,26,13,-15
2025-11-19T11:48:33.353770,183,351,321,622,959,299,412,718,10265,-105,-4583,11918,651,-797,1596,-52,41,-19
2025-11-19T11:48:33.376817,201,319,305,596,917,231,468,655,10268,-126,-4596,11910,672,-779,1616,-149,51,-4
2025-11-19T11:48:33.400638,172,314,306,644,927,245,465,650,10271,-155,-4614,11900,660,-849,1628,-176,62,-5
2025-11-19T11:48:33.415716,198,285,282,590,896,266,677,544,10276,-173,-4620,11893,621,-814,1594,-90,51,-22
2025-11-19T11:48:33.437704,263,255,337,554,840,262,760,589,10275,-189,-4639,11887,612,-863,1573,-114,-13,-11
2025-11-19T11:48:33.460609,273,203,451,556,740,252,721,556,10271,-200,-4654,11883,666,-831,1584,-99,-4,20
2025-11-19T11:48:33.475753,266,195,443,499,555,241,676,581,10276,-220,-4651,11880,629,-796,1618,-76,92,4
2025-11-19T11:48:33.497819,270,183,448,380,291,197,713,598,10287,-253,-4650,11871,664,-728,1601,-170,171,-4
2025-11-19T11:48:33.521055,250,182,491,386,259,154,518,564,10301,-317,-4659,11854,694,-903,1667,-271,263,-11
2025-11-19T11:48:33.534816,183,168,452,392,379,136,382,503,10319,-356,-4639,11844,658,-701,1713,-161,259,-13
2025-11-19T11:48:33.558130,165,144,352,339,407,129,384,537,10321,-390,-4668,11830,610,-883,1509,-219,51,-13
2025-11-19T11:48:33.580749,147,131,374,326,395,103,371,442,10316,-399,-4703,11821,639,-863,1483,-157,-69,-3
2025-11-19T11:48:33.595677,174,136,372,320,434,107,289,423,10309,-410,-4731,11815,638,-825,1515,-160,-45,29
2025-11-19T11:48:33.618069,170,131,321,329,455,109,262,417,10304,-442,-4753,11809,656,-911,1620,-199,52,47
2025-11-19T11:48:33.640572,160,130,374,325,370,103,255,392,10308,-462,-4763,11801,691,-871,1568,-114,88,4
2025-11-19T11:48:33.655681,158,155,415,323,383,101,204,352,10302,-500,-4784,11797,614,-863,1526,-221,78,68
2025-11-19T11:48:33.678157,143,149,419,335,412,111,206,296,10295,-533,-4801,11794,577,-896,1537,-176,52,56
2025-11-19T11:48:33.700758,80,145,426,351,387,107,162,237,10281,-570,-4816,11798,556,-952,1562,-156,55,107
2025-11-19T11:48:33.715831,78,144,412,305,412,107,153,223,10276,-608,-4823,11798,568,-905,1648,-183,87,73
2025-11-19T11:48:33.738122,74,145,372,315,456,116,150,202,10280,-638,-4825,11792,604,-889,1633,-144,114,10
2025-11-19T11:48:33.760352,68,116,299,301,442,121,163,188,10286,-677,-4833,11782,558,-899,1616,-202,116,-3
2025-11-19T11:48:33.774876,66,103,234,279,417,106,127,138,10278,-733,-4870,11770,586,-1023,1585,-325,82,53
2025-11-19T11:48:33.798049,59,105,243,172,410,101,125,139,10268,-771,-4889,11768,633,-1027,1598,-189,85,89
2025-11-19T11:48:33.820728,56,112,260,195,342,94,123,142,10257,-813,-4891,11774,549,-997,1600,-131,124,117
2025-11-19T11:48:33.834892,55,106,250,173,264,81,137,145,10255,-849,-4881,11777,575,-916,1609,-104,169,88
2025-11-19T11:48:33.858129,54,106,252,193,242,75,147,139,10253,-904,-4885,11774,558,-957,1562,-214,198,87
2025-11-19T11:48:33.880718,50,93,255,210,259,73,145,125,10244,-967,-4900,11770,589,-1010,1536,-262,210,121
2025-11-19T11:48:33.894641,44,90,235,218,246,80,135,96,10231,-1031,-4910,11771,559,-1027,1527,-240,212,158
2025-11-19T11:48:33.918541,48,111,279,194,262,87,128,93,10218,-1092,-4914,11776,520,-1012,1501,-200,206,162
2025-11-19T11:48:33.940601,51,115,274,178,260,84,107,95,10206,-1154,-4917,11779,483,-1029,1534,-207,202,147
2025-11-19T11:48:33.954916,44,114,275,150,270,76,105,90,10186,-1231,-4924,11786,488,-1052,1527,-269,244,215
2025-11-19T11:48:33.978149,46,117,270,133,261,79,108,98,10170,-1301,-4924,11792,528,-1041,1501,-213,275,213
2025-11-19T11:48:34.000643,46,109,254,124,284,80,107,91,10154,-1380,-4925,11797,467,-1038,1517,-271,282,206
2025-11-19T11:48:34.014872,45,83,213,127,281,87,110,83,10138,-1451,-4927,11801,457,-1070,1495,-227,252,190
2025-11-19T11:48:34.037955,48,85,236,159,293,90,110,76,10130,-1503,-4914,11806,407,-984,1525,-148,216,134
2025-11-19T11:48:34.060544,57,99,244,149,302,92,95,90,10111,-1573,-4929,11808,385,-1070,1500,-295,178,175
2025-11-19T11:48:34.075359,53,96,242,155,316,90,99,85,10088,-1644,-4944,11811,412,-1094,1514,-297,182,204
2025-11-19T11:48:34.098123,53,95,231,174,299,87,98,86,10062,-1707,-4941,11826,386,-1069,1525,-202,198,257
2025-11-19T11:48:34.120974,49,97,196,168,302,79,94,88,10038,-1774,-4944,11836,332,-1095,1563,-247,175,215
2025-11-19T11:48:34.134850,44,92,208,151,330,86,101,92,10020,-1825,-4945,11842,359,-1143,1595,-184,142,159
2025-11-19T11:48:34.158065,32,72,194,160,312,84,98,89,10001,-1880,-4947,11848,283,-1140,1504,-183,136,154
2025-11-19T11:48:34.180639,34,76,193,191,286,83,95,99,9981,-1943,-4964,11848,345,-1193,1533,-272,145,158
2025-11-19T11:48:34.203200,60,86,201,182,269,82,100,111,9957,-2009,-4980,11851,327,-1256,1524,-253,149,180
2025-11-19T11:48:34.218065,63,81,207,184,290,85,102,116,9939,-2066,-4982,11855,322,-1260,1553,-170,167,158
2025-11-19T11:48:34.248024,61,75,174,198,298,84,93,115,9930,-2107,-4966,11862,308,-1155,1531,-72,181,129
2025-11-19T11:48:34.263079,63,77,191,199,277,84,73,108,9924,-2158,-4963,11859,288,-1176,1592,-188,179,83
2025-11-19T11:48:34.278058,63,75,197,168,289,82,79,95,9918,-2218,-4975,11848,307,-1276,1564,-250,183,62
2025-11-19T11:48:34.300625,40,71,219,187,309,91,73,83,9915,-2264,-4977,11842,314,-1309,1567,-143,168,50
2025-11-19T11:48:34.323035,37,66,208,202,333,96,72,80,9912,-2293,-4960,11845,285,-1279,1590,-9,145,63
2025-11-19T11:48:34.336028,40,67,183,179,287,90,76,81,9906,-2312,-4945,11853,244,-1209,1528,12,83,68
2025-11-19T11:48:34.358648,39,65,168,174,298,90,76,78,9901,-2331,-4941,11855,259,-1209,1531,-44,56,45
2025-11-19T11:48:34.381785,43,70,164,181,295,93,65,74,9896,-2347,-4943,11855,274,-1195,1517,-66,36,34
2025-11-19T11:48:34.396954,44,74,132,170,296,88,62,68,9894,-2370,-4946,11851,275,-1216,1501,-83,68,23
2025-11-19T11:48:34.420663,55,87,143,157,226,79,62,62,9896,-2386,-4934,11851,257,-1168,1530,-19,93,14
2025-11-19T11:48:34.443200,54,82,183,158,220,74,57,58,9896,-2407,-4922,11852,222,-1172,1519,-36,93,23
2025-11-19T11:48:34.458214,55,94,204,157,220,74,51,50,9893,-2426,-4921,11851,211,-1190,1484,-56,45,18
2025-11-19T11:48:34.480659,53,90,210,162,209,70,39,59,9888,-2443,-4923,11851,219,-1213,1473,-56,29,22
2025-11-19T11:48:34.502988,51,83,203,151,205,67,42,61,9881,-2459,-4922,11854,208,-1202,1476,-39,23,42
2025-11-19T11:48:34.525601,40,69,194,147,217,60,47,60,9878,-2474,-4916,11856,209,-1172,1511,-36,42,29
2025-11-19T11:48:34.540690,41,85,213,146,223,60,55,56,9875,-2490,-4915,11855,237,-1150,1506,-77,50,28
2025-11-19T11:48:34.570639,47,80,216,156,226,59,57,63,9872,-2516,-4919,11850,219,-1222,1504,-110,65,14
2025-11-19T11:48:34.577433,47,81,214,158,219,60,58,62,9871,-2544,-4921,11844,211,-1299,1493,-73,87,2
2025-11-19T11:48:34.600693,48,87,248,153,175,45,52,59,9877,-2560,-4908,11842,214,-1250,1520,12,99,-15
2025-11-19T11:48:34.623531,47,88,254,148,161,44,44,58,9882,-2577,-4892,11840,193,-1216,1530,3,104,-5
2025-11-19T11:48:34.638550,49,81,234,169,147,44,35,60,9891,-2594,-4877,11835,170,-1207,1576,-24,96,-41
2025-11-19T11:48:34.660701,51,114,337,160,116,41,32,60,9905,-2615,-4868,11823,150,-1242,1568,-55,103,-92
2025-11-19T11:48:34.683071,51,134,404,133,129,42,34,60,9925,-2635,-4855,11807,135,-1287,1559,-11,117,-134
2025-11-19T11:48:34.696866,51,134,387,130,177,51,39,68,9949,-2645,-4836,11792,113,-1305,1580,53,98,-165
2025-11-19T11:48:34.720666,52,136,399,156,171,50,38,96,9969,-2640,-4834,11777,76,-1250,1530,31,-40,-200
2025-11-19T11:48:34.743234,50,144,469,131,162,50,44,102,9982,-2625,-4847,11765,154,-1314,1563,17,-122,-172
2025-11-19T11:48:34.757446,45,126,394,123,171,48,50,105,9997,-2591,-4850,11757,95,-1337,1572,133,-190,-213
2025-11-19T11:48:34.780503,57,114,357,123,180,51,50,111,10023,-2537,-4840,11752,150,-1294,1590,257,-193,-251
2025-11-19T11:48:34.803165,59,121,416,113,169,48,49,120,10056,-2458,-4818,11750,119,-1187,1668,340,-270,-307
2025-11-19T11:48:34.817054,62,129,429,111,174,47,52,103,10073,-2370,-4828,11749,151,-1173,1539,271,-423,-275
2025-11-19T11:48:34.840931,63,126,379,128,189,58,51,103,10075,-2294,-4868,11745,224,-1254,1491,144,-478,-221
2025-11-19T11:48:34.863159,59,120,389,180,213,64,53,99,10071,-2206,-4890,11756,291,-1303,1458,315,-456,-136
2025-11-19T11:48:34.877432,53,110,382,192,215,63,55,123,10076,-2106,-4871,11779,285,-1193,1553,483,-376,-123
2025-11-19T11:48:34.899898,58,103,365,199,189,60,58,120,10074,-1993,-4852,11807,305,-1018,1471,489,-430,-79
2025-11-19T11:48:34.923336,63,95,340,186,192,62,60,137,10074,-1901,-4852,11823,326,-1040,1501,322,-403,-109
2025-11-19T11:48:34.937470,65,85,291,204,209,53,56,144,10063,-1830,-4867,11837,331,-1079,1483,214,-388,-54
2025-11-19T11:48:34.964190,72,101,339,161,191,48,55,152,10026,-1703,-4889,11878,362,-1122,1460,200,-335,64
2025-11-19T11:48:34.982285,69,108,325,171,171,42,49,125,9996,-1657,-4901,11905,403,-1140,1488,180,-299,119
2025-11-19T11:48:35.004962,66,111,277,185,242,62,46,116,9971,-1595,-4889,11940,411,-1060,1509,315,-272,117
2025-11-19T11:48:35.027653,64,126,379,193,277,74,47,115,9938,-1525,-4885,11978,418,-1014,1454,310,-343,152
2025-11-19T11:48:35.041856,62,131,398,168,254,74,51,108,9905,-1473,-4906,12003,444,-1066,1465,143,-339,122
2025-11-19T11:48:35.064474,53,117,341,201,284,84,46,102,9880,-1410,-4915,12027,537,-1070,1522,220,-303,92
2025-11-19T11:48:35.084186,69,168,397,229,400,92,48,103,9860,-1345,-4916,12051,554,-1000,1516,237,-272,90
2025-11-19T11:48:35.101907,89,189,402,220,380,86,69,139,9834,-1292,-4932,12071,582,-1084,1472,181,-265,100
2025-11-19T11:48:35.125825,97,189,389,284,462,116,71,134,9813,-1232,-4936,12093,633,-1044,1499,230,-233,102
2025-11-19T11:48:35.144715,105,203,444,299,500,123,73,134,9795,-1167,-4934,12115,664,-1000,1518,260,-217,90
2025-11-19T11:48:35.162347,114,221,493,301,496,127,80,142,9787,-1103,-4927,12130,702,-1016,1523,273,-170,39
2025-11-19T11:48:35.189228,108,196,447,312,478,135,87,168,9782,-1051,-4909,12146,683,-901,1534,237,-87,57
2025-11-19T11:48:35.204526,99,175,453,323,487,138,86,179,9782,-1017,-4904,12151,667,-908,1524,115,-50,17
2025-11-19T11:48:35.230118,95,178,455,277,429,109,110,216,9783,-1014,-4906,12150,661,-983,1534,-5,-15,-4
2025-11-19T11:48:35.244943,94,202,452,305,461,111,116,282,9788,-1009,-4913,12143,663,-1028,1583,-11,31,-18
2025-11-19T11:48:35.264347,88,189,412,347,630,118,120,300,9806,-985,-4893,12139,671,-946,1607,126,63,-71
2025-11-19T11:48:35.282478,87,193,449,333,615,114,117,298,9817,-972,-4894,12130,639,-952,1521,29,22,-60
2025-11-19T11:48:35.304999,104,209,464,352,626,134,171,341,9826,-974,-4914,12115,592,-1019,1560,-100,-6,-73
2025-11-19T11:48:35.324654,102,205,420,409,709,164,168,353,9835,-963,-4919,12107,614,-1046,1558,32,-7,-72
2025-11-19T11:48:35.342472,100,173,374,412,740,183,169,343,9853,-928,-4895,12104,584,-991,1544,225,-2,-122
2025-11-19T11:48:35.364962,106,199,422,374,646,204,182,346,9867,-898,-4880,12102,545,-904,1539,142,-40,-93
2025-11-19T11:48:35.384293,118,217,393,372,669,200,187,352,9876,-878,-4873,12098,524,-932,1542,87,-48,-81
2025-11-19T11:48:35.402452,111,243,446,382,745,188,141,312,9886,-864,-4875,12090,529,-951,1541,25,-43,-93
2025-11-19T11:48:35.424582,143,268,447,323,770,204,132,309,9896,-850,-4867,12086,511,-927,1546,65,-24,-83
2025-11-19T11:48:35.444570,143,266,438,293,718,187,134,289,9906,-844,-4864,12080,519,-945,1560,26,-6,-76
2025-11-19T11:48:35.462481,151,260,414,304,680,162,134,299,9915,-849,-4865,12072,516,-971,1591,-35,16,-62
2025-11-19T11:48:35.484486,161,264,398,303,726,218,172,352,9925,-864,-4862,12064,524,-945,1626,-70,76,-44
2025-11-19T11:48:35.503741,157,250,351,281,670,230,173,364,9937,-874,-4850,12058,494,-933,1615,-22,78,-61
2025-11-19T11:48:35.522784,125,228,359,308,572,195,172,408,9944,-888,-4858,12047,509,-1014,1605,-82,25,-58
2025-11-19T11:48:35.544959,139,250,373,398,720,209,199,451,9948,-885,-4850,12048,498,-955,1594,38,1,-26
2025-11-19T11:48:35.564150,132,253,446,406,772,210,189,469,9948,-885,-4852,12047,482,-980,1597,-8,-36,-21
2025-11-19T11:48:35.582482,116,258,466,413,801,202,168,485,9949,-882,-4857,12044,547,-1031,1613,3,-29,-32
2025-11-19T11:48:35.605213,138,271,446,468,810,213,162,488,9953,-865,-4844,12047,524,-927,1578,101,-31,-32
2025-11-19T11:48:35.624181,144,279,440,466,832,219,171,456,9950,-856,-4854,12047,522,-940,1572,-21,-83,-9
2025-11-19T11:48:35.642911,138,287,416,397,777,210,141,419,9946,-851,-4869,12045,568,-986,1559,-34,-69,-1
2025-11-19T11:48:35.664939,146,313,316,529,910,249,137,384,9944,-854,-4879,12042,541,-953,1550,-56,-21,2
2025-11-19T11:48:35.684269,159,291,323,557,855,235,160,345,9942,-857,-4890,12038,563,-986,1557,-52,-22,-6
2025-11-19T11:48:35.702079,140,272,352,563,927,244,170,350,9936,-848,-4893,12043,556,-1016,1564,48,-55,18
2025-11-19T11:48:35.725068,153,295,392,625,1025,283,181,329,9932,-831,-4889,12049,540,-900,1520,66,-62,18
2025-11-19T11:48:35.744396,174,289,420,629,996,292,187,426,9930,-825,-4897,12048,575,-949,1539,-12,-45,2
2025-11-19T11:48:35.762522,174,259,499,531,921,267,199,459,9932,-830,-4901,12044,574,-931,1595,-62,18,-7
2025-11-19T11:48:35.789253,194,303,535,591,1001,315,174,457,9942,-833,-4902,12036,584,-947,1591,-39,39,-50
2025-11-19T11:48:35.804386,202,328,506,588,1117,363,229,629,9947,-838,-4910,12027,579,-965,1579,-67,10,-41
2025-11-19T11:48:35.821974,214,297,484,559,1019,335,234,667,9950,-833,-4919,12022,589,-1017,1590,-11,-30,-38
2025-11-19T11:48:35.844608,203,282,477,567,1049,334,239,627,9955,-818,-4914,12020,590,-948,1571,58,-25,-42
2025-11-19T11:48:35.864141,224,311,422,562,987,339,250,658,9958,-806,-4916,12018,572,-970,1550,41,-47,-41
2025-11-19T11:48:35.882483,221,272,359,525,990,304,252,710,9961,-801,-4923,12013,577,-957,1565,-20,-30,-35
2025-11-19T11:48:35.905018,217,238,348,545,806,238,202,594,9964,-793,-4926,12010,560,-965,1559,13,-39,-43
2025-11-19T11:48:35.924190,212,278,362,559,907,276,193,601,9966,-787,-4933,12006,565,-1009,1572,5,-45,-40
2025-11-19T11:48:35.942533,209,275,355,589,973,309,200,680,9964,-782,-4937,12007,601,-1001,1570,12,-26,4
2025-11-19T11:48:35.972933,220,239,321,581,1086,333,201,725,9964,-782,-4932,12009,573,-953,1578,20,16,7
2025-11-19T11:48:35.983644,212,256,398,549,1084,338,249,766,9966,-799,-4936,12004,545,-999,1572,-71,48,-6
2025-11-19T11:48:36.002501,219,284,438,508,1076,338,267,845,9966,-816,-4943,12000,571,-1020,1597,-79,44,4
2025-11-19T11:48:36.025047,206,285,448,511,1044,330,256,821,9966,-824,-4935,12003,568,-950,1616,-12,54,28
2025-11-19T11:48:36.044327,204,318,511,630,1026,309,246,777,9966,-826,-4935,12003,534,-1030,1590,5,15,13
2025-11-19T11:48:36.062213,169,330,518,701,1016,299,230,729,9963,-823,-4930,12007,544,-987,1570,42,-8,18
2025-11-19T11:48:36.085013,148,312,490,682,903,270,170,649,9959,-823,-4932,12010,534,-981,1558,3,-26,14
2025-11-19T11:48:36.103995,142,292,507,679,947,275,158,507,9958,-828,-4937,12008,561,-945,1598,-55,-5,5
2025-11-19T11:48:36.122511,171,275,480,655,940,281,174,523,9959,-825,-4933,12009,538,-980,1548,36,-8,-13
2025-11-19T11:48:36.144989,170,261,409,551,951,278,173,476,9958,-820,-4936,12009,567,-1024,1555,32,-30,-11
2025-11-19T11:48:36.175739,159,229,408,483,859,279,173,433,9955,-814,-4938,12012,584,-949,1554,11,-25,18
2025-11-19T11:48:36.182503,180,280,522,585,997,345,200,447,9955,-813,-4936,12012,556,-895,1579,6,-12,-15
2025-11-19T11:48:36.205004,203,343,506,606,1054,363,229,568,9953,-816,-4949,12009,593,-1019,1548,-42,-21,-2
2025-11-19T11:48:36.227807,205,344,492,679,1029,350,224,555,9948,-815,-4953,12011,610,-1009,1540,14,1,31
2025-11-19T11:48:36.250050,211,340,509,664,972,347,216,550,9947,-824,-4949,12013,554,-951,1553,-20,43,25
2025-11-19T11:48:36.269280,238,349,510,674,1016,339,221,595,9949,-837,-4952,12009,566,-921,1575,-87,47,7
2025-11-19T11:48:36.287598,251,348,392,767,987,319,211,618,9951,-850,-4957,12005,556,-1014,1627,-73,28,-6
2025-11-19T11:48:36.302032,240,286,389,797,934,286,157,539,9947,-852,-4959,12007,561,-1033,1584,4,-6,16
2025-11-19T11:48:36.325036,221,285,448,769,1041,285,147,572,9943,-858,-4963,12008,553,-1021,1595,-22,-8,20
2025-11-19T11:48:36.346994,281,373,471,765,1066,359,204,650,9943,-858,-4962,12008,560,-987,1608,-6,10,2
2025-11-19T11:48:36.362044,312,400,496,887,1235,436,256,688,9943,-857,-4961,12009,526,-934,1591,9,1,-3
2025-11-19T11:48:36.385017,317,403,489,774,1266,435,285,681,9942,-863,-4970,12005,542,-1025,1573,-46,-21,-11
2025-11-19T11:48:36.406916,339,424,487,715,1243,440,298,770,9941,-862,-4975,12004,581,-1026,1583,-8,-18,-8
2025-11-19T11:48:36.422191,342,426,457,652,1150,432,311,777,9944,-862,-4966,12005,557,-931,1612,7,24,3
2025-11-19T11:48:36.444676,293,337,443,734,1142,388,291,718,9947,-862,-4964,12004,517,-959,1558,-3,-5,-26
2025-11-19T11:48:36.467442,236,330,429,635,958,302,264,761,9945,-858,-4976,12001,550,-1055,1547,-4,-65,-29
2025-11-19T11:48:36.482555,213,292,430,624,889,274,276,811,9942,-846,-4977,12004,576,-966,1592,27,-56,11
2025-11-19T11:48:36.504616,183,260,450,719,975,281,299,783,9944,-843,-4974,12003,581,-1005,1590,22,4,-16
2025-11-19T11:48:36.527227,211,250,448,776,1039,311,356,844,9949,-842,-4968,12002,547,-945,1581,8,10,-28
2025-11-19T11:48:36.542510,209,279,446,767,1109,353,362,857,9949,-842,-4969,12002,564,-999,1572,2,-13,-13
2025-11-19T11:48:36.564528,213,304,456,728,1069,348,356,826,9947,-839,-4975,12001,571,-1027,1565,3,-37,-8
2025-11-19T11:48:36.587556,208,340,430,742,1030,336,347,806,9944,-834,-4978,12002,564,-987,1558,9,-37,2
2025-11-19T11:48:36.602216,200,342,446,758,1050,384,320,774,9945,-833,-4977,12002,562,-901,1612,-1,1,-3
2025-11-19T11:48:36.625002,177,347,429,797,1069,372,246,689,9951,-833,-4978,11997,560,-1013,1570,-1,5,-48
2025-11-19T11:48:36.647291,195,349,421,744,994,329,229,679,9944,-827,-4990,11998,567,-1019,1535,-3,-73,7
2025-11-19T11:48:36.662298,194,332,438,717,965,319,216,617,9938,-817,-4989,12004,568,-978,1567,44,-56,24
2025-11-19T11:48:36.684992,202,296,453,694,1031,327,184,581,9941,-816,-4980,12005,568,-915,1606,2,23,6
2025-11-19T11:48:36.707488,194,321,417,585,971,274,199,547,9950,-818,-4973,12001,559,-931,1569,-4,41,-44
2025-11-19T11:48:36.722426,191,350,493,510,886,265,191,503,9947,-825,-4990,11995,555,-1049,1528,-64,-31,-17
2025-11-19T11:48:36.745018,189,346,486,524,932,273,183,501,9946,-816,-4985,11999,601,-977,1606,46,-16,15
2025-11-19T11:48:36.767086,195,330,483,582,978,284,173,549,9951,-810,-4979,11998,550,-935,1572,24,-12,-37
2025-11-19T11:48:36.782229,214,343,566,670,1006,313,194,652,9956,-805,-4977,11995,604,-973,1566,18,12,-26
2025-11-19T11:48:36.804980,222,346,563,685,967,313,185,646,9962,-807,-4968,11993,578,-946,1608,5,43,-22
2025-11-19T11:48:36.827651,209,320,507,678,961,311,193,663,9965,-809,-4973,11989,552,-1008,1545,-15,-9,-36
2025-11-19T11:48:36.850029,212,345,532,656,892,304,275,792,9959,-806,-4980,11991,564,-1011,1553,6,-46,13
2025-11-19T11:48:36.864863,227,340,519,640,920,306,295,769,9961,-808,-4972,11992,581,-929,1607,-4,30,10
2025-11-19T11:48:36.895390,205,338,433,560,891,326,273,658,9971,-816,-4964,11987,544,-951,1580,-13,67,-46
2025-11-19T11:48:36.905348,208,331,421,544,1018,338,275,632,9972,-824,-4970,11983,542,-1044,1546,-25,5,-24
2025-11-19T11:48:36.923057,233,316,436,546,1072,376,339,720,9970,-822,-4971,11985,566,-980,1576,3,-23,5
2025-11-19T11:48:36.947162,242,318,406,531,1104,380,340,750,9974,-826,-4968,11982,552,-931,1596,-36,23,-15
2025-11-19T11:48:36.966823,244,339,470,513,1160,398,334,725,9984,-826,-4963,11976,573,-994,1571,22,34,-61
2025-11-19T11:48:36.985004,241,334,482,507,1100,354,337,723,9986,-827,-4965,11974,563,-982,1545,-5,-1,-21
2025-11-19T11:48:37.011387,238,324,488,509,954,336,335,761,9986,-825,-4969,11972,567,-1015,1558,9,-21,-17
2025-11-19T11:48:37.026717,232,345,494,506,968,342,280,752,9986,-824,-4968,11972,576,-949,1593,13,-3,-5
2025-11-19T11:48:37.045077,210,310,507,491,932,318,200,570,9990,-830,-4970,11968,567,-953,1575,-46,25,-19
2025-11-19T11:48:37.066893,183,305,419,567,864,292,176,553,9996,-847,-4974,11960,564,-1021,1589,-76,56,-30
2025-11-19T11:48:37.089975,175,294,399,649,1088,341,175,550,10000,-850,-4967,11959,537,-968,1559,14,33,-20
2025-11-19T11:48:37.104638,159,296,504,656,1115,333,181,622,9999,-849,-4969,11959,544,-975,1556,-1,-23,-8
2025-11-19T11:48:37.127503,148,285,469,734,1098,288,163,530,10004,-850,-4963,11958,577,-960,1605,-2,30,-16
2025-11-19T11:48:37.149886,138,283,475,882,1196,318,164,541,10012,-850,-4954,11955,536,-938,1550,23,37,-43
2025-11-19T11:48:37.165025,160,260,557,859,1153,316,187,629,10011,-852,-4963,11951,543,-1008,1521,-22,-28,-20
2025-11-19T11:48:37.187514,153,268,562,800,933,250,186,628,10010,-856,-4967,11950,578,-994,1582,-32,3,7
2025-11-19T11:48:37.210025,163,289,493,830,969,271,166,558,10019,-863,-4955,11947,547,-942,1608,-4,71,-32
2025-11-19T11:48:37.224950,191,277,516,807,1094,332,192,547,10028,-865,-4953,11941,539,-978,1542,1,22,-65
2025-11-19T11:48:37.247205,203,304,490,679,1019,326,198,601,10030,-867,-4961,11936,576,-994,1550,-38,-9,-21
2025-11-19T11:48:37.269968,227,327,462,647,1013,329,227,615,10032,-874,-4965,11932,543,-1007,1571,-33,10,-23
2025-11-19T11:48:37.284767,231,358,490,613,1025,329,217,596,10040,-877,-4957,11928,593,-991,1598,13,55,-36
2025-11-19T11:48:37.307451,233,361,469,615,1076,345,220,564,10048,-876,-4948,11925,537,-935,1588,12,27,-43
2025-11-19T11:48:37.329958,217,396,451,522,928,291,197,602,10046,-879,-4959,11922,553,-1023,1573,-40,-34,-14
2025-11-19T11:48:37.344965,223,384,535,572,936,271,209,613,10046,-878,-4959,11922,574,-984,1588,-2,-13,-13
2025-11-19T11:48:37.367592,187,370,512,584,953,285,161,580,10052,-874,-4952,11920,546,-954,1590,23,3,-40
2025-11-19T11:48:37.389925,181,350,569,606,977,305,162,605,10060,-869,-4951,11914,547,-970,1551,16,-9,-63
2025-11-19T11:48:37.404781,181,325,592,634,1004,298,164,608,10063,-862,-4952,11912,579,-981,1545,26,-17,-32
2025-11-19T11:48:37.427205,177,358,608,620,1006,302,158,588,10068,-859,-4948,11909,569,-959,1555,19,11,-30
2025-11-19T11:48:37.454220,183,370,560,646,1087,344,153,578,10075,-864,-4946,11903,563,-955,1580,-29,35,-41
2025-11-19T11:48:37.464728,192,426,613,667,1083,322,154,507,10083,-872,-4948,11896,567,-978,1593,-48,35,-46
2025-11-19T11:48:37.487509,200,435,552,678,1090,309,168,498,10090,-873,-4946,11891,564,-973,1594,-10,20,-43
2025-11-19T11:48:37.517590,205,449,539,605,996,304,178,551,10093,-876,-4946,11887,556,-999,1555,-4,13,-30
2025-11-19T11:48:37.524279,261,416,597,623,1064,304,180,606,10099,-877,-4940,11885,546,-969,1574,16,21,-32
2025-11-19T11:48:37.547547,249,391,567,510,936,276,173,537,10108,-877,-4934,11881,559,-971,1574,21,36,-53
2025-11-19T11:48:37.569858,241,326,511,446,938,285,171,592,10112,-877,-4934,11877,557,-974,1562,-4,2,-35
2025-11-19T11:48:37.584453,253,313,507,520,1020,350,183,686,10116,-880,-4935,11873,565,-963,1583,-29,18,-23
2025-11-19T11:48:37.607196,246,290,537,573,1006,353,191,643,10123,-884,-4931,11868,560,-995,1589,0,31,-46
2025-11-19T11:48:37.638283,211,296,531,625,995,370,207,633,10130,-883,-4925,11864,551,-992,1593,28,17,-49
2025-11-19T11:48:37.645503,213,328,565,669,1037,358,204,691,10134,-881,-4922,11862,525,-957,1562,14,-6,-34
2025-11-19T11:48:37.667499,237,327,521,707,1070,376,209,642,10139,-878,-4925,11857,559,-953,1565,-14,-15,-44
2025-11-19T11:48:37.689846,249,398,577,637,992,324,197,600,10141,-877,-4932,11853,571,-1015,1574,-17,-24,-34
2025-11-19T11:48:37.704901,253,398,541,707,1060,350,190,625,10147,-871,-4920,11853,583,-937,1622,44,24,-23
2025-11-19T11:48:37.727215,237,373,472,699,1020,340,169,590,10153,-874,-4920,11847,529,-954,1546,-18,11,-48
2025-11-19T11:48:37.749994,231,387,495,666,998,339,169,553,10153,-880,-4932,11842,570,-1022,1550,-48,-16,-21
2025-11-19T11:48:37.764742,227,390,512,687,1007,328,179,684,10157,-881,-4927,11840,552,-951,1573,7,24,-22
2025-11-19T11:48:37.787300,210,326,406,743,1130,444,225,717,10168,-881,-4913,11837,557,-933,1588,32,57,-50
2025-11-19T11:48:37.810088,238,340,400,726,1115,446,216,689,10174,-880,-4912,11832,547,-973,1555,10,3,-49
2025-11-19T11:48:37.825052,252,394,405,691,1068,423,248,717,10176,-880,-4919,11828,575,-987,1565,-22,-16,-24
2025-11-19T11:48:37.847865,252,373,468,757,1181,441,253,820,10182,-883,-4916,11824,552,-961,1602,-16,23,-41
2025-11-19T11:48:37.870045,226,359,489,810,1236,469,254,725,10195,-885,-4906,11816,570,-967,1610,14,58,-73
2025-11-19T11:48:37.885075,211,344,497,821,1185,359,220,686,10203,-883,-4906,11809,547,-951,1563,-7,0,-66
2025-11-19T11:48:37.915065,183,337,520,826,1229,347,237,731,10206,-880,-4916,11803,558,-997,1538,-11,-41,-47
2025-11-19T11:48:37.930071,153,271,513,835,1316,365,225,764,10212,-875,-4914,11799,565,-983,1571,25,-5,-56
2025-11-19T11:48:37.945063,146,251,408,810,1319,373,233,645,10221,-876,-4909,11793,567,-971,1589,11,33,-54
2025-11-19T11:48:37.967561,166,274,378,733,1232,317,217,645,10228,-880,-4907,11788,550,-936,1574,-25,27,-44
2025-11-19T11:48:37.990083,166,292,427,717,1212,336,203,601,10230,-889,-4916,11782,553,-1000,1560,-57,0,-28
2025-11-19T11:48:38.009436,166,314,404,630,1172,315,199,585,10234,-887,-4913,11779,583,-983,1572,19,15,-26
2025-11-19T11:48:38.027824,151,324,390,671,1144,320,185,506,10240,-891,-4908,11776,542,-940,1561,0,33,-33
2025-11-19T11:48:38.047250,178,363,413,708,1031,287,172,536,10244,-896,-4908,11773,570,-981,1574,-19,25,-22
2025-11-19T11:48:38.070880,164,376,416,734,1032,301,175,533,10244,-902,-4911,11771,532,-1013,1565,-14,0,-17
2025-11-19T11:48:38.086757,172,368,393,793,1040,325,191,523,10243,-906,-4913,11770,558,-978,1576,-17,-2,0
2025-11-19T11:48:38.109062,149,358,399,804,1004,294,184,512,10243,-907,-4913,11770,539,-992,1591,-7,-2,-5
2025-11-19T11:48:38.132701,156,378,435,806,1028,322,204,529,10243,-907,-4913,11770,551,-1006,1578,-4,3,-1
2025-11-19T11:48:38.147490,132,352,439,758,1066,336,236,550,10241,-907,-4910,11773,538,-957,1561,17,-8,8
2025-11-19T11:48:38.170017,148,324,433,746,1121,359,239,541,10239,-904,-4906,11777,547,-954,1557,28,-11,11
2025-11-19T11:48:38.193068,194,317,455,731,1143,348,244,561,10233,-902,-4909,11781,550,-993,1565,15,-34,25
2025-11-19T11:48:38.207496,209,301,510,774,1240,379,236,574,10227,-905,-4909,11786,579,-974,1584,-3,0,45
2025-11-19T11:48:38.229709,221,278,481,776,1245,367,214,553,10226,-907,-4903,11789,526,-929,1582,5,9,18
2025-11-19T11:48:38.252542,225,262,472,809,1211,350,176,500,10218,-912,-4907,11794,531,-1032,1546,6,-25,37
2025-11-19T11:48:38.267473,217,265,475,793,1244,351,167,529,10211,-912,-4905,11801,533,-969,1577,19,-20,42
2025-11-19T11:48:38.289785,171,299,481,718,1197,324,157,574,10208,-914,-4904,11804,542,-953,1593,-10,-10,23
2025-11-19T11:48:38.312573,178,305,410,668,1173,371,173,519,10206,-916,-4907,11804,564,-965,1586,-31,-9,9
2025-11-19T11:48:38.335010,157,306,428,660,1127,372,185,539,10203,-915,-4906,11807,543,-1002,1570,27,-14,13
2025-11-19T11:48:38.349666,160,333,504,627,1103,365,186,516,10199,-912,-4907,11810,571,-987,1569,25,-21,16
2025-11-19T11:48:38.372596,195,376,504,644,1000,333,186,494,10199,-912,-4906,11811,545,-949,1570,13,-1,12
2025-11-19T11:48:38.387219,217,384,466,640,1042,339,175,413,10196,-917,-4911,11811,553,-997,1572,-27,-5,14
2025-11-19T11:48:38.410029,210,377,512,606,980,295,164,458,10195,-923,-4910,11812,553,-992,1596,-13,16,8
2025-11-19T11:48:38.432604,226,372,521,605,929,272,155,435,10194,-922,-4910,11813,547,-1007,1554,24,-11,-2
2025-11-19T11:48:38.447564,236,351,477,648,956,287,162,464,10190,-922,-4915,11814,584,-998,1596,-14,-24,22
2025-11-19T11:48:38.474369,211,326,540,676,1019,286,167,494,10184,-922,-4918,11818,541,-988,1573,2,-30,24
2025-11-19T11:48:38.500756,195,311,545,665,967,277,166,528,10180,-919,-4915,11823,565,-1001,1600,31,-10,24
2025-11-19T11:48:38.507696,202,309,523,713,1012,257,169,542,10180,-921,-4908,11826,539,-974,1598,22,11,12
2025-11-19T11:48:38.530100,190,308,639,684,1070,285,175,566,10178,-925,-4908,11828,566,-996,1576,-2,15,17
2025-11-19T11:48:38.552569,179,297,602,661,1051,286,160,555,10172,-921,-4902,11835,535,-974,1555,53,-19,36
2025-11-19T11:48:38.566946,175,283,573,638,1094,317,182,586,10165,-918,-4903,11841,545,-996,1574,27,-31,36
2025-11-19T11:48:38.590119,197,300,569,654,1145,351,191,579,10162,-914,-4897,11847,575,-945,1602,28,-5,34
2025-11-19T11:48:38.612267,181,314,555,620,1092,334,182,550,10163,-916,-4889,11849,581,-948,1611,10,45,19
2025-11-19T11:48:38.627622,174,305,376,647,1081,310,177,508,10163,-921,-4885,11850,539,-949,1555,-8,27,10
2025-11-19T11:48:38.650158,164,361,474,569,1066,294,178,519,10157,-927,-4892,11852,559,-1014,1565,-21,-10,35
2025-11-19T11:48:38.672625,185,361,427,609,1050,303,189,459,10154,-916,-4881,11860,575,-943,1577,81,-6,34
2025-11-19T11:48:38.687696,151,318,451,599,1094,295,195,450,10153,-914,-4876,11863,542,-946,1566,29,4,14
2025-11-19T11:48:38.709878,154,297,541,608,1114,308,201,441,10153,-914,-4876,11863,577,-969,1558,12,-5,13
2025-11-19T11:48:38.732718,154,304,562,625,1133,337,226,548,10150,-913,-4876,11866,558,-968,1572,11,-7,17
2025-11-19T11:48:38.751763,176,288,524,700,1244,382,287,643,10146,-910,-4882,11867,554,-983,1542,0,-38,10
2025-11-19T11:48:38.770100,157,341,587,617,1215,366,280,671,10144,-905,-4881,11869,584,-981,1562,35,-8,12
2025-11-19T11:48:38.792644,159,346,575,681,1147,360,271,656,10144,-904,-4880,11869,556,-912,1604,-9,14,3
2025-11-19T11:48:38.807404,220,374,525,670,1124,358,284,676,10140,-910,-4892,11867,541,-999,1536,-48,-23,5
2025-11-19T11:48:38.845828,227,357,519,656,1156,367,277,589,10136,-909,-4895,11870,569,-981,1579,-3,-19,26
2025-11-19T11:48:38.853067,212,344,519,661,1237,362,229,470,10135,-905,-4893,11872,561,-949,1573,16,-9,8
2025-11-19T11:48:38.867516,223,287,463,735,1279,385,212,402,10131,-906,-4901,11872,579,-1006,1556,-21,-22,16
2025-11-19T11:48:38.890119,269,364,443,663,1252,373,221,419,10124,-908,-4900,11878,525,-952,1571,2,-14,42
2025-11-19T11:48:38.912483,222,352,472,673,1230,374,209,441,10125,-908,-4899,11878,547,-970,1595,0,-7,5
2025-11-19T11:48:38.927602,217,361,468,629,1138,353,232,507,10121,-911,-4905,11879,568,-980,1563,-26,-8,23
2025-11-19T11:48:38.950059,221,394,416,585,1017,310,219,556,10114,-917,-4905,11884,545,-995,1592,-12,2,46
2025-11-19T11:48:38.972798,210,412,438,559,931,307,219,567,10113,-920,-4898,11888,539,-975,1582,25,25,21
2025-11-19T11:48:38.995180,169,340,433,580,956,316,248,595,10108,-923,-4901,11890,545,-980,1578,-22,-14,30
2025-11-19T11:48:39.009869,166,346,389,584,992,326,250,595,10098,-926,-4907,11896,534,-1003,1584,-19,-36,51
2025-11-19T11:48:39.032210,176,376,456,625,1022,315,237,567,10092,-923,-4907,11902,551,-977,1577,19,-28,37
2025-11-19T11:48:39.054719,169,364,502,590,1018,349,248,535,10085,-921,-4908,11907,534,-983,1580,11,-38,36
2025-11-19T11:48:39.074304,178,341,493,630,1109,372,263,548,10078,-921,-4910,11912,547,-979,1565,0,-23,38
2025-11-19T11:48:39.092602,168,348,503,705,1255,402,235,481,10074,-919,-4912,11915,521,-954,1578,-8,-35,19
2025-11-19T11:48:39.114604,174,349,467,686,1205,386,237,450,10064,-917,-4925,11918,543,-1010,1550,-25,-74,38
2025-11-19T11:48:39.129972,172,321,489,658,1167,376,232,464,10056,-911,-4927,11925,579,-993,1588,22,-41,47
2025-11-19T11:48:39.152486,184,313,458,742,1154,351,216,449,10053,-909,-4918,11931,519,-965,1585,40,-3,24
2025-11-19T11:48:39.175074,198,346,492,682,1093,289,193,553,10046,-913,-4924,11934,538,-974,1553,-33,-23,40
2025-11-19T11:48:39.190100,210,370,499,623,885,243,197,617,10039,-916,-4927,11938,556,-1005,1589,-12,-12,38
2025-11-19T11:48:39.212637,209,418,508,624,895,255,186,602,10035,-918,-4924,11943,537,-996,1593,17,-2,30
2025-11-19T11:48:39.234997,212,437,415,631,882,247,155,572,10025,-917,-4930,11949,550,-1013,1552,3,-45,55
2025-11-19T11:48:39.250419,205,425,425,578,821,236,152,558,10016,-916,-4931,11956,578,-998,1601,7,-18,64
2025-11-19T11:48:39.272515,208,419,447,624,812,240,155,434,10011,-917,-4926,11962,527,-977,1599,14,-3,33
2025-11-19T11:48:39.303372,195,408,475,586,772,212,148,377,10001,-914,-4931,11968,561,-1018,1577,12,-46,52
2025-11-19T11:48:39.310435,193,392,498,577,831,196,173,494,9988,-908,-4932,11980,555,-997,1587,35,-55,85
2025-11-19T11:48:39.332574,202,362,519,668,859,216,180,515,9979,-900,-4923,11991,536,-968,1610,60,-32,58
2025-11-19T11:48:39.355106,214,370,521,702,989,247,192,510,9971,-896,-4922,11999,550,-968,1549,33,-30,55
2025-11-19T11:48:39.370112,201,355,475,661,1097,284,208,597,9960,-899,-4924,12007,539,-989,1577,-9,-23,72
2025-11-19T11:48:39.393098,198,359,437,711,1126,291,251,629,9951,-902,-4922,12014,528,-1000,1579,13,-8,57
2025-11-19T11:48:39.415302,209,360,447,741,1221,343,249,551,9946,-899,-4920,12021,567,-964,1576,19,-7,48
2025-11-19T11:48:39.429691,233,383,435,683,1245,358,259,600,9937,-903,-4927,12024,531,-995,1567,-33,-28,45
2025-11-19T11:48:39.452552,241,368,444,660,1163,357,268,655,9930,-895,-4919,12034,552,-964,1573,65,-26,56
2025-11-19T11:48:39.475085,238,380,493,650,1081,356,271,623,9925,-892,-4916,12039,527,-975,1564,32,-18,26
2025-11-19T11:48:39.490113,242,386,518,691,1246,411,249,616,9921,-888,-4917,12043,582,-968,1567,8,-14,34
2025-11-19T11:48:39.512610,251,357,507,724,1230,394,242,631,9914,-889,-4923,12046,542,-1006,1561,-13,-30,33
2025-11-19T11:48:39.535098,214,372,490,740,1221,388,228,556,9910,-884,-4920,12051,542,-976,1554,43,-19,26
2025-11-19T11:48:39.550095,192,395,498,729,1249,408,237,548,9907,-875,-4914,12056,533,-953,1573,48,-30,16
2025-11-19T11:48:39.580809,217,441,451,759,1237,407,246,535,9900,-873,-4926,12057,559,-989,1583,-42,-59,27
2025-11-19T11:48:39.595114,215,420,413,676,1021,343,226,538,9895,-871,-4932,12059,570,-1029,1576,4,-30,18
2025-11-19T11:48:39.610185,195,407,429,584,838,306,210,563,9890,-873,-4933,12063,530,-1002,1577,6,-18,29
2025-11-19T11:48:39.632205,216,384,445,696,876,313,221,594,9887,-877,-4928,12067,537,-942,1606,-17,17,32
2025-11-19T11:48:39.655090,215,354,463,692,824,284,204,592,9887,-878,-4928,12067,524,-1021,1575,-16,0,14
2025-11-19T11:48:39.674427,186,278,493,636,756,241,189,615,9881,-873,-4931,12071,545,-1010,1572,22,-41,24
2025-11-19T11:48:39.692700,186,288,541,616,967,313,203,639,9874,-873,-4931,12077,550,-956,1590,-8,-17,50
2025-11-19T11:48:39.714943,193,364,518,651,1019,327,217,619,9872,-877,-4932,12078,539,-1014,1589,-8,2,16
2025-11-19T11:48:39.729685,163,365,554,511,1074,320,219,631,9864,-873,-4932,12084,544,-1009,1569,28,-34,37
2025-11-19T11:48:39.752671,183,428,518,563,1146,350,234,648,9855,-865,-4931,12092,542,-973,1569,42,-51,50
2025-11-19T11:48:39.775180,217,448,506,562,1180,362,218,616,9847,-861,-4933,12099,529,-1018,1566,31,-51,39
2025-11-19T11:48:39.790121,221,461,447,575,1087,337,244,595,9837,-854,-4931,12108,553,-966,1574,37,-34,65
2025-11-19T11:48:39.812672,243,446,433,656,1147,425,281,658,9833,-855,-4922,12115,524,-933,1593,15,8,44
2025-11-19T11:48:39.835321,261,436,407,609,1100,442,278,638,9824,-853,-4923,12122,515,-979,1523,24,-32,43
2025-11-19T11:48:39.849919,263,393,484,554,979,400,286,655,9812,-851,-4929,12130,537,-1023,1532,22,-50,64
2025-11-19T11:48:39.873106,266,428,443,610,1047,413,287,644,9805,-855,-4924,12137,518,-959,1587,2,3,57
2025-11-19T11:48:39.896210,269,418,486,718,1214,531,273,643,9804,-853,-4916,12142,514,-887,1612,-2,-3,25
2025-11-19T11:48:39.910133,259,380,471,719,1194,495,260,603,9796,-856,-4930,12142,524,-1062,1532,-23,-52,12
2025-11-19T11:48:39.932600,251,411,457,716,1124,466,268,654,9785,-846,-4933,12150,572,-1007,1571,41,-61,63
2025-11-19T11:48:39.955158,257,417,407,748,1197,516,253,610,9780,-845,-4929,12156,506,-955,1585,9,-24,30
2025-11-19T11:48:39.978032,231,393,421,739,1169,562,285,676,9780,-844,-4928,12156,551,-921,1593,10,-3,-2
2025-11-19T11:48:39.992485,240,396,380,629,973,450,279,659,9772,-845,-4940,12157,521,-1033,1544,-23,-56,22
2025-11-19T11:48:40.015133,218,388,451,534,907,407,256,616,9764,-836,-4942,12164,565,-977,1559,28,-53,49
2025-11-19T11:48:40.037644,236,412,506,551,949,446,268,590,9760,-835,-4939,12169,523,-954,1600,1,-18,29
2025-11-19T11:48:40.053101,225,376,515,555,965,403,253,578,9756,-830,-4941,12171,571,-979,1571,11,-25,21
2025-11-19T11:48:40.074753,233,357,513,562,932,333,277,614,9747,-825,-4947,12176,543,-1021,1555,19,-57,36
2025-11-19T11:48:40.097553,261,339,536,613,980,337,311,634,9740,-820,-4946,12182,556,-983,1578,25,-33,41
2025-11-19T11:48:40.112685,261,332,478,734,1112,407,319,656,9738,-818,-4942,12186,562,-951,1597,5,7,26
2025-11-19T11:48:40.135291,276,350,523,732,1084,369,320,664,9732,-822,-4948,12188,512,-982,1534,-23,-28,28
2025-11-19T11:48:40.157555,297,420,530,756,1100,411,325,658,9724,-822,-4951,12193,567,-1023,1575,6,-18,48
2025-11-19T11:48:40.172662,282,414,556,733,1095,395,273,545,9721,-820,-4944,12199,518,-954,1582,29,-7,27
2025-11-19T11:48:40.195182,255,428,558,695,1061,377,221,540,9712,-818,-4952,12203,525,-1025,1560,-1,-58,31
2025-11-19T11:48:40.225904,265,441,585,599,896,302,209,586,9704,-815,-4952,12209,555,-973,1566,16,-28,54
2025-11-19T11:48:40.232659,242,365,521,616,1026,369,185,574,9700,-819,-4950,12213,532,-977,1593,-14,8,31
2025-11-19T11:48:40.254970,261,307,509,576,1074,360,184,582,9699,-817,-4944,12216,531,-974,1573,32,0,13
2025-11-19T11:48:40.277658,276,285,473,570,1082,368,197,617,9691,-814,-4946,12222,542,-981,1549,13,-31,47
2025-11-19T11:48:40.292188,278,346,466,638,1140,408,229,658,9685,-817,-4947,12226,547,-973,1586,-20,-6,43
2025-11-19T11:48:40.314703,282,367,522,623,1217,410,224,647,9680,-824,-4953,12227,546,-1027,1580,-31,-1,25
2025-11-19T11:48:40.337841,266,369,516,643,1148,356,206,625,9675,-823,-4950,12233,547,-972,1578,13,-4,43
2025-11-19T11:48:40.352675,241,398,540,605,1042,329,253,699,9669,-822,-4948,12238,518,-1011,1557,30,-21,30
2025-11-19T11:48:40.375172,260,416,538,603,1064,337,258,677,9663,-819,-4951,12242,539,-1010,1567,16,-35,25
2025-11-19T11:48:40.397662,262,386,598,574,1066,308,264,633,9659,-809,-4946,12248,558,-950,1574,45,-27,31
2025-11-19T11:48:40.416800,262,375,540,568,1010,309,264,556,9653,-807,-4949,12251,530,-994,1548,6,-37,26
2025-11-19T11:48:40.435187,266,378,518,501,1027,317,277,592,9647,-804,-4953,12255,549,-952,1547,-9,-30,38
2025-11-19T11:48:40.458096,248,352,520,486,990,297,257,607,9639,-806,-4960,12258,515,-1003,1544,-24,-41,34
2025-11-19T11:48:40.472662,207,398,533,543,1042,348,259,659,9631,-804,-4965,12262,551,-1007,1566,0,-37,42
2025-11-19T11:48:40.503078,205,413,468,532,1037,329,223,648,9626,-794,-4959,12269,535,-983,1552,73,-37,25
2025-11-19T11:48:40.517388,211,445,485,525,1017,328,227,795,9614,-792,-4969,12275,537,-1022,1538,-4,-60,55
2025-11-19T11:48:40.532743,228,442,531,574,977,339,242,829,9606,-792,-4964,12283,538,-927,1599,-6,-7,71
2025-11-19T11:48:40.555142,224,458,459,589,1026,346,216,745,9600,-796,-4965,12287,515,-1016,1560,3,-11,29
2025-11-19T11:48:40.577694,221,404,470,684,1021,310,197,678,9590,-796,-4969,12293,580,-1015,1581,-2,-23,66
2025-11-19T11:48:40.592676,237,370,442,692,911,310,220,734,9579,-800,-4965,12303,512,-971,1597,-3,-5,78
2025-11-19T11:48:40.615266,233,343,422,690,965,337,233,617,9572,-805,-4965,12308,520,-983,1595,-18,-7,53
2025-11-19T11:48:40.637612,214,357,371,748,1021,333,203,523,9565,-806,-4966,12313,547,-987,1569,-3,-12,47
2025-11-19T11:48:40.652129,201,330,386,722,1018,314,194,557,9557,-801,-4971,12318,522,-1008,1556,11,-58,34
2025-11-19T11:48:40.675169,211,370,427,582,973,278,207,645,9544,-791,-4975,12327,530,-1011,1564,35,-83,58
2025-11-19T11:48:40.697705,163,363,443,593,1063,274,182,582,9537,-784,-4972,12334,551,-973,1606,28,-38,48
2025-11-19T11:48:40.712717,168,333,434,722,1191,290,175,608,9531,-781,-4972,12339,507,-972,1564,9,-43,28
2025-11-19T11:48:40.735188,182,324,431,690,1146,270,175,611,9521,-771,-4977,12345,543,-998,1512,34,-66,40
2025-11-19T11:48:40.757688,189,310,498,730,1142,289,181,571,9513,-764,-4978,12352,560,-999,1557,36,-45,45
2025-11-19T11:48:40.780956,189,264,449,719,1102,296,199,586,9508,-760,-4975,12357,557,-947,1578,9,-13,39
2025-11-19T11:48:40.795192,205,254,469,685,993,294,202,575,9500,-763,-4981,12360,527,-989,1552,-28,-29,43
2025-11-19T11:48:40.817632,188,253,515,523,780,252,193,629,9490,-768,-4993,12362,571,-1033,1558,-49,-22,55
2025-11-19T11:48:40.832652,196,266,497,508,771,257,192,628,9483,-773,-4994,12367,548,-1020,1608,-16,2,49
2025-11-19T11:48:40.855620,191,282,454,454,750,262,199,625,9476,-774,-4994,12373,548,-1030,1560,19,-7,47
2025-11-19T11:48:40.877626,192,344,442,512,873,284,177,527,9467,-775,-4996,12379,537,-1016,1567,4,-23,55
2025-11-19T11:48:40.900826,176,347,449,480,883,274,169,546,9458,-771,-4994,12387,527,-991,1568,32,-32,52
2025-11-19T11:48:40.915018,181,366,461,473,827,296,192,436,9451,-774,-4990,12393,537,-997,1584,9,3,55
2025-11-19T11:48:40.937122,168,363,497,478,823,308,194,423,9447,-771,-4983,12399,534,-966,1567,34,0,35
2025-11-19T11:48:40.968341,169,363,492,515,782,298,205,448,9438,-769,-4994,12402,527,-1018,1531,-18,-62,33
2025-11-19T11:48:40.983339,168,308,522,564,672,289,195,446,9426,-765,-5002,12408,555,-1012,1545,-2,-56,67
2025-11-19T11:48:40.997672,179,314,524,681,850,341,213,416,9419,-760,-4998,12415,526,-977,1569,33,-29,41
2025-11-19T11:48:41.020433,183,347,460,728,937,322,187,384,9412,-759,-5002,12419,548,-1013,1553,1,-28,38
2025-11-19T11:48:41.034681,167,348,467,760,1111,384,191,368,9407,-757,-4994,12426,533,-971,1584,33,-4,45
2025-11-19T11:48:41.057799,183,355,500,746,1129,380,179,340,9398,-756,-5002,12430,515,-1023,1523,-7,-49,31
2025-11-19T11:48:41.080951,188,387,516,768,1155,382,190,347,9389,-756,-5008,12434,570,-1008,1577,-18,-26,59
2025-11-19T11:48:41.094814,219,442,483,685,1049,340,163,303,9386,-761,-5003,12439,525,-979,1576,-1,23,37
2025-11-19T11:48:41.117426,221,403,524,729,1040,331,158,292,9383,-768,-5001,12441,520,-989,1568,-17,19,24
2025-11-19T11:48:41.140894,246,429,542,642,819,230,153,312,9378,-774,-5007,12442,516,-1014,1556,-39,-8,28
2025-11-19T11:48:41.155190,251,413,492,698,838,226,183,471,9371,-777,-5012,12445,518,-1025,1579,-23,-32,37
2025-11-19T11:48:41.185875,267,390,462,638,795,217,183,510,9363,-771,-5011,12452,508,-974,1577,19,-52,41
2025-11-19T11:48:41.200870,243,317,512,722,910,247,200,575,9356,-762,-5016,12456,544,-1013,1555,17,-61,24
2025-11-19T11:48:41.215211,229,349,534,784,1017,340,227,613,9348,-756,-5022,12460,536,-1016,1577,-2,-66,32
2025-11-19T11:48:41.237679,223,384,486,822,1085,359,233,696,9341,-748,-5020,12467,538,-969,1579,24,-48,42
2025-11-19T11:48:41.261031,205,425,479,819,1085,401,226,618,9333,-750,-5029,12468,531,-1013,1558,-39,-39,36
2025-11-19T11:48:41.275187,182,410,462,895,1162,415,235,638,9328,-747,-5028,12473,565,-1007,1599,9,-12,37
2025-11-19T11:48:41.297239,183,437,448,940,1189,419,226,634,9320,-743,-5033,12477,531,-1036,1567,7,-51,29
2025-11-19T11:48:41.320626,181,422,376,894,1175,443,272,654,9309,-736,-5037,12484,573,-1039,1564,28,-58,61
2025-11-19T11:48:41.335599,167,366,391,947,1203,448,280,576,9304,-733,-5029,12491,552,-996,1619,37,-1,45
2025-11-19T11:48:41.357703,168,332,398,925,1174,418,261,566,9305,-732,-5024,12492,546,-978,1546,17,17,2
2025-11-19T11:48:41.380938,155,346,438,880,1080,389,244,526,9302,-736,-5031,12491,558,-1028,1572,-37,-1,15
2025-11-19T11:48:41.403408,140,375,391,809,1046,385,243,483,9303,-735,-5031,12491,577,-979,1584,6,14,13
2025-11-19T11:48:41.417719,149,372,406,767,1100,322,174,498,9307,-733,-5026,12490,553,-1014,1566,27,15,-21
2025-11-19T11:48:41.440616,153,381,472,663,1076,327,162,487,9310,-724,-5024,12490,575,-1003,1554,43,-12,-22
2025-11-19T11:48:41.455583,150,389,461,663,1089,339,179,480,9317,-713,-5023,12485,577,-987,1550,29,-13,-53
2025-11-19T11:48:41.477390,174,382,426,581,1176,365,216,505,9323,-709,-5028,12479,577,-995,1575,-22,-9,-48
2025-11-19T11:48:41.500419,211,350,492,556,1214,413,256,518,9331,-705,-5026,12474,559,-1003,1590,3,3,-51
2025-11-19T11:48:41.513112,222,327,474,556,1118,376,246,485,9340,-698,-5027,12467,558,-991,1541,15,-9,-66
2025-11-19T11:48:41.536186,259,312,399,629,1121,375,245,509,9345,-694,-5030,12462,566,-1004,1525,6,-7,-44
2025-11-19T11:48:41.568239,274,340,514,643,1175,374,264,620,9348,-696,-5038,12457,544,-1019,1533,-33,-8,-38
2025-11-19T11:48:41.574957,278,359,519,737,1183,384,274,670,9355,-696,-5034,12453,543,-1027,1572,22,19,-49
2025-11-19T11:48:41.597543,257,345,474,758,1105,345,248,669,9359,-698,-5029,12452,517,-1001,1562,14,11,-24
2025-11-19T11:48:41.620881,255,380,490,717,1124,372,257,631,9362,-704,-5031,12449,518,-1002,1581,-36,11,-23
2025-11-19T11:48:41.635217,228,401,506,663,1080,374,292,644,9362,-711,-5034,12447,513,-1049,1578,-18,-1,-14
2025-11-19T11:48:41.658183,220,422,493,621,1100,390,267,545,9362,-711,-5034,12447,527,-1019,1563,15,-14,-8
2025-11-19T11:48:41.680957,215,421,490,529,952,354,253,455,9362,-712,-5033,12448,529,-982,1562,-4,4,-5
2025-11-19T11:48:41.694764,226,429,498,493,946,338,242,442,9362,-720,-5034,12446,527,-1024,1576,-25,21,-4
2025-11-19T11:48:41.717293,222,416,515,581,978,313,243,466,9364,-722,-5027,12448,543,-979,1583,11,28,5
2025-11-19T11:48:41.740936,205,391,543,655,1075,311,188,424,9365,-720,-5022,12449,524,-1011,1561,35,-3,-11
2025-11-19T11:48:41.754621,189,322,454,656,961,266,181,413,9360,-717,-5027,12451,559,-1034,1555,7,-30,15
2025-11-19T11:48:41.777698,178,300,450,661,1012,289,169,475,9359,-717,-5022,12454,536,-962,1566,7,7,19
2025-11-19T11:48:41.801418,159,278,485,631,940,263,186,505,9363,-721,-5018,12452,521,-966,1556,-12,24,-19
2025-11-19T11:48:41.823415,138,252,463,577,772,251,177,476,9362,-731,-5029,12448,538,-1030,1517,-58,10,-2
2025-11-19T11:48:41.846383,121,231,403,504,561,204,202,450,9361,-742,-5037,12445,537,-1029,1521,-58,21,5
2025-11-19T11:48:41.860740,112,201,385,492,584,220,220,434,9361,-761,-5047,12439,522,-1003,1502,-94,52,6
2025-11-19T11:48:41.883444,131,187,391,531,493,182,204,329,9368,-783,-5054,12430,519,-959,1521,-128,80,-18
2025-11-19T11:48:41.897266,116,155,347,528,578,206,197,227,9372,-808,-5076,12416,507,-989,1491,-195,39,-35
2025-11-19T11:48:41.920411,127,179,344,485,565,199,325,322,9371,-819,-5104,12405,460,-1009,1474,-157,-68,-43
2025-11-19T11:48:41.943427,258,186,418,441,551,198,384,382,9358,-836,-5142,12398,418,-930,1473,-255,-112,30
2025-11-19T11:48:41.957231,271,194,451,447,493,174,383,383,9367,-870,-5180,12373,570,-1057,1595,-320,46,-64
2025-11-19T11:48:41.980906,271,184,465,363,465,172,418,388,9407,-883,-5157,12351,635,-1012,1629,-13,229,-176
2025-11-19T11:48:42.003440,288,182,465,334,314,129,421,408,9435,-912,-5150,12330,563,-985,1554,-121,214,-116
2025-11-19T11:48:42.017210,297,140,448,335,365,131,357,367,9454,-950,-5163,12308,534,-1072,1551,-201,152,-95
2025-11-19T11:48:42.040857,204,120,425,330,411,133,344,344,9469,-958,-5169,12293,587,-986,1582,-114,59,-71
2025-11-19T11:48:42.063342,192,114,392,343,424,122,338,348,9484,-973,-5192,12271,556,-1066,1571,-189,26,-116
2025-11-19T11:48:42.078064,166,113,347,319,405,110,302,325,9496,-985,-5216,12251,602,-1127,1537,-142,25,-93
2025-11-19T11:48:42.100946,135,97,320,304,399,106,286,297,9509,-994,-5225,12236,575,-1051,1496,-83,57,-81
2025-11-19T11:48:42.123315,104,98,326,283,321,91,257,247,9520,-1011,-5241,12219,545,-1074,1498,-138,50,-77
2025-11-19T11:48:42.137757,111,111,305,304,233,67,164,193,9531,-1030,-5260,12200,561,-1072,1479,-156,58,-76
2025-11-19T11:48:42.168500,103,109,319,265,201,68,153,175,9542,-1060,-5279,12181,539,-1073,1492,-202,92,-63
2025-11-19T11:48:42.183488,100,110,322,263,289,82,118,151,9540,-1104,-5309,12166,518,-1129,1530,-282,79,21
2025-11-19T11:48:42.195232,99,107,295,265,299,90,167,153,9527,-1138,-5347,12156,554,-1197,1394,-212,21,57
2025-11-19T11:48:42.219120,95,106,293,274,295,90,164,127,9517,-1164,-5360,12156,518,-1094,1462,-133,46,78
2025-11-19T11:48:42.243491,56,87,230,217,370,112,153,92,9518,-1176,-5356,12156,531,-1039,1582,-77,55,32
2025-11-19T11:48:42.258113,55,77,208,200,364,118,157,88,9511,-1214,-5363,12154,512,-1118,1536,-166,112,82
2025-11-19T11:48:42.280884,50,71,216,274,332,113,158,88,9513,-1248,-5362,12149,579,-1102,1526,-126,174,60
2025-11-19T11:48:42.303215,53,68,209,286,322,115,257,96,9505,-1300,-5373,12145,530,-1068,1443,-233,180,123
2025-11-19T11:48:42.317643,49,67,202,278,325,119,273,96,9499,-1358,-5387,12138,536,-1169,1476,-240,206,111
2025-11-19T11:48:42.340204,49,70,200,309,313,106,277,94,9501,-1408,-5380,12134,505,-1116,1470,-139,241,80
2025-11-19T11:48:42.363471,45,65,191,319,339,99,277,86,9499,-1464,-5380,12129,453,-1118,1433,-189,229,86
2025-11-19T11:48:42.377674,44,69,208,272,307,92,277,86,9491,-1527,-5391,12123,456,-1175,1417,-235,214,117
2025-11-19T11:48:42.400020,40,78,196,253,309,84,145,49,9482,-1588,-5397,12119,442,-1198,1449,-207,215,123
2025-11-19T11:48:42.423180,36,70,182,269,329,78,104,42,9467,-1651,-5399,12121,433,-1245,1451,-177,222,165
2025-11-19T11:48:42.437721,34,63,167,257,280,74,84,34,9454,-1703,-5386,12130,385,-1145,1458,-111,210,170
2025-11-19T11:48:42.460663,33,62,203,336,232,71,78,34,9441,-1761,-5383,12133,370,-1126,1431,-189,204,162
2025-11-19T11:48:42.483384,28,53,178,347,255,68,70,31,9426,-1831,-5394,12129,359,-1224,1460,-272,208,152
2025-11-19T11:48:42.497717,23,39,199,348,260,68,66,30,9404,-1902,-5414,12127,368,-1242,1407,-298,186,186
2025-11-19T11:48:42.524400,25,33,200,336,247,76,61,27,9386,-1969,-5421,12127,388,-1258,1425,-228,222,189
2025-11-19T11:48:42.543428,26,35,201,351,292,75,59,26,9366,-2038,-5415,12134,359,-1223,1434,-190,258,230
2025-11-19T11:48:42.558044,26,32,160,274,294,72,48,25,9344,-2113,-5410,12140,325,-1209,1402,-217,270,244
2025-11-19T11:48:42.580206,25,34,140,231,274,69,48,25,9320,-2194,-5414,12142,352,-1239,1397,-275,288,257
2025-11-19T11:48:42.603418,26,39,113,250,286,73,45,26,9300,-2279,-5412,12143,355,-1263,1406,-259,336,252
2025-11-19T11:48:42.617760,23,38,107,258,282,64,42,27,9280,-2371,-5407,12143,316,-1239,1368,-280,368,262
2025-11-19T11:48:42.640258,23,36,107,239,219,61,47,26,9256,-2477,-5412,12137,299,-1241,1318,-363,396,280
2025-11-19T11:48:42.663302,21,36,97,244,214,55,38,26,9231,-2591,-5418,12130,282,-1290,1288,-374,430,289
2025-11-19T11:48:42.677728,21,37,103,266,259,61,35,27,9206,-2706,-5426,12121,268,-1298,1248,-378,429,289
2025-11-19T11:48:42.700180,20,32,92,288,259,62,38,24,9183,-2829,-5429,12109,236,-1329,1236,-384,485,287
2025-11-19T11:48:42.723483,25,34,99,359,267,77,56,34,9166,-2956,-5419,12095,193,-1273,1216,-357,547,271
2025-11-19T11:48:42.737749,22,31,88,346,246,74,78,35,9145,-3101,-5417,12076,142,-1229,1168,-476,581,288
2025-11-19T11:48:42.759859,22,30,84,349,270,77,80,36,9118,-3270,-5431,12045,88,-1298,1226,-648,617,294
2025-11-19T11:48:42.783351,25,26,72,364,231,82,81,37,9094,-3439,-5451,12007,64,-1387,1262,-684,614,249
2025-11-19T11:48:42.805981,25,27,73,334,199,81,96,40,9071,-3604,-5464,11971,5,-1406,1213,-620,604,239
2025-11-19T11:48:42.820253,24,24,62,315,233,69,95,33,9060,-3757,-5462,11933,-2,-1430,1300,-548,636,185
2025-11-19T11:48:42.843491,26,28,75,378,258,70,91,38,9053,-3908,-5462,11890,-23,-1453,1313,-569,633,154
2025-11-19T11:48:42.873472,27,30,80,373,228,69,91,39,9039,-4064,-5475,11842,-90,-1486,1256,-629,589,133
2025-11-19T11:48:42.880163,24,31,82,339,224,61,107,37,9029,-4219,-5498,11784,-96,-1507,1278,-702,584,80
2025-11-19T11:48:42.910601,26,32,84,382,257,68,101,39,9023,-4371,-5526,11720,-90,-1578,1279,-711,579,41
2025-11-19T11:48:42.925654,23,32,84,331,210,69,96,38,9020,-4513,-5546,11659,-126,-1639,1298,-643,566,29
2025-11-19T11:48:42.940136,21,33,69,300,187,71,95,32,9013,-4644,-5560,11606,-179,-1604,1294,-599,504,33
2025-11-19T11:48:42.962895,21,33,63,290,180,77,119,34,9004,-4762,-5573,11559,-179,-1610,1299,-556,452,50
2025-11-19T11:48:42.985949,21,32,67,323,202,78,110,37,8994,-4874,-5587,11514,-234,-1644,1298,-548,407,26
2025-11-19T11:48:43.008221,20,27,66,289,197,79,105,35,8990,-4975,-5609,11462,-225,-1671,1292,-545,371,-41
2025-11-19T11:48:43.023420,20,29,63,285,181,79,107,33,8980,-5068,-5641,11414,-249,-1676,1206,-538,289,-50
2025-11-19T11:48:43.053809,21,25,67,239,174,78,95,34,8976,-5149,-5675,11364,-184,-1742,1206,-493,266,-65
2025-11-19T11:48:43.061223,19,27,74,260,180,69,61,31,8977,-5215,-5694,11323,-166,-1729,1150,-352,259,-54
2025-11-19T11:48:43.083439,20,28,69,272,161,70,49,28,8976,-5276,-5707,11289,-166,-1711,1125,-303,244,-25
2025-11-19T11:48:43.105554,20,28,65,287,188,71,41,26,8971,-5337,-5717,11259,-176,-1712,1124,-297,237,7
2025-11-19T11:48:43.119723,19,27,64,294,194,70,47,28,8963,-5389,-5726,11237,-214,-1644,1074,-261,173,13
2025-11-19T11:48:43.143546,20,28,71,309,195,68,46,26,8951,-5440,-5746,11211,-204,-1651,1038,-302,137,0
2025-11-19T11:48:43.165525,20,25,65,290,198,71,45,26,8934,-5496,-5776,11182,-213,-1725,1039,-362,123,-1
2025-11-19T11:48:43.180258,23,29,75,258,199,77,49,27,8876,-5605,-5786,11169,-310,-1912,1109,-479,258,321
2025-11-19T11:48:43.203582,24,33,84,271,152,71,51,27,8860,-5658,-5775,11161,-298,-1661,969,-153,184,106
2025-11-19T11:48:43.233511,27,37,95,306,168,75,45,27,8828,-5718,-5765,11161,-334,-1676,978,-199,153,187
2025-11-19T11:48:43.240355,26,39,87,288,169,75,43,26,8775,-5805,-5810,11134,-333,-1766,916,-541,106,146
2025-11-19T11:48:43.263241,26,40,89,310,162,76,47,26,8748,-5857,-5822,11122,-300,-1919,975,-228,105,116
2025-11-19T11:48:43.286027,23,37,78,328,146,71,46,24,8731,-5894,-5814,11120,-322,-1734,900,-79,100,100
2025-11-19T11:48:43.300221,24,35,67,348,121,63,49,24,8706,-5938,-5821,11113,-343,-1654,831,-177,72,87
2025-11-19T11:48:43.330635,21,28,56,396,106,71,48,22,8670,-5994,-5853,11094,-314,-1779,858,-343,58,94
2025-11-19T11:48:43.353971,21,26,56,405,115,72,49,21,8637,-6045,-5882,11076,-308,-1826,848,-297,56,84
2025-11-19T11:48:43.376633,21,24,50,401,117,78,67,24,8612,-6091,-5900,11061,-289,-1808,876,-251,84,87
2025-11-19T11:48:43.385274,23,26,55,397,120,87,74,25,8583,-6136,-5921,11047,-299,-1808,869,-263,66,99
2025-11-19T11:48:43.405630,24,25,59,364,119,90,81,29,8559,-6178,-5939,11033,-287,-1867,894,-240,77,90
2025-11-19T11:48:43.419625,24,28,54,299,117,87,81,32,8539,-6219,-5950,11020,-275,-1880,877,-198,105,97
2025-11-19T11:48:43.442967,23,29,53,292,113,95,82,34,8524,-6259,-5949,11010,-287,-1848,906,-151,140,108
2025-11-19T11:48:43.465756,22,28,57,275,106,88,69,32,8508,-6300,-5946,11000,-295,-1822,886,-156,148,114
2025-11-19T11:48:43.480141,21,25,53,235,96,74,58,31,8495,-6342,-5942,10988,-311,-1824,878,-152,160,103
2025-11-19T11:48:43.502985,19,23,48,231,131,81,48,27,8484,-6380,-5937,10977,-314,-1860,897,-131,158,94
2025-11-19T11:48:43.525756,19,24,48,180,126,72,46,24,8474,-6415,-5925,10971,-337,-1841,887,-88,154,102
2025-11-19T11:48:43.540696,21,24,51,202,114,60,42,23,8464,-6444,-5913,10968,-352,-1818,880,-64,118,98
2025-11-19T11:48:43.563128,22,24,49,205,113,60,36,24,8453,-6474,-5906,10963,-325,-1817,849,-87,119,97
2025-11-19T11:48:43.585944,21,26,46,247,119,66,40,22,8441,-6501,-5898,10960,-342,-1837,854,-71,100,106
2025-11-19T11:48:43.600257,22,27,57,227,99,67,37,23,8430,-6524,-5891,10959,-344,-1814,855,-59,83,94
2025-11-19T11:48:43.623441,20,35,90,240,88,66,35,25,8419,-6542,-5888,10958,-344,-1795,839,-63,52,70
2025-11-19T11:48:43.653721,19,36,92,210,92,78,42,28,8407,-6560,-5890,10955,-346,-1818,812,-72,36,68
2025-11-19T11:48:43.660683,20,38,90,208,101,80,45,28,8396,-6573,-5894,10954,-349,-1824,820,-63,15,51
2025-11-19T11:48:43.683475,22,38,91,287,115,76,45,28,8386,-6582,-5894,10956,-364,-1814,818,-30,-1,52
2025-11-19T11:48:43.705987,21,37,86,282,96,68,47,27,8377,-6589,-5895,10958,-387,-1796,819,-27,-13,30
2025-11-19T11:48:43.728022,24,31,54,277,97,67,46,26,8368,-6592,-5896,10963,-401,-1794,825,-17,-35,23
2025-11-19T11:48:43.743990,25,30,51,293,125,64,43,20,8361,-6591,-5899,10967,-394,-1817,834,-6,-47,5
2025-11-19T11:48:43.766311,25,29,54,299,123,77,44,24,8357,-6589,-5900,10971,-380,-1816,838,5,-36,1
2025-11-19T11:48:43.788949,24,28,58,221,107,79,40,24,8358,-6585,-5897,10974,-397,-1829,847,33,-22,-13
2025-11-19T11:48:43.803695,25,30,65,260,107,84,38,24,8357,-6580,-5893,10980,-415,-1808,855,36,-37,-13
2025-11-19T11:48:43.825809,22,29,67,260,122,93,41,24,8356,-6567,-5892,10989,-397,-1829,865,51,-80,-19
2025-11-19T11:48:43.848938,21,26,69,247,100,86,42,26,8354,-6551,-5893,10999,-387,-1821,853,65,-102,-21
2025-11-19T11:48:43.863889,20,31,68,242,107,76,41,26,8353,-6534,-5893,11011,-375,-1815,825,89,-101,-11
2025-11-19T11:48:43.885659,20,30,65,240,116,73,40,24,8352,-6521,-5892,11020,-364,-1804,819,77,-78,-2
2025-11-19T11:48:43.908280,20,28,56,193,115,66,41,25,8350,-6511,-5889,11028,-375,-1793,791,84,-63,-3
2025-11-19T11:48:43.931026,19,28,53,206,111,53,38,27,8347,-6504,-5886,11036,-373,-1807,774,85,-60,10
2025-11-19T11:48:43.945640,20,30,46,211,113,54,36,25,8345,-6497,-5882,11045,-382,-1803,787,89,-58,10
2025-11-19T11:48:43.975652,20,27,51,223,105,53,31,22,8342,-6488,-5876,11055,-374,-1778,785,97,-62,16
2025-11-19T11:48:43.982725,19,28,81,213,105,52,31,23,8338,-6479,-5874,11065,-376,-1778,809,70,-72,13
2025-11-19T11:48:44.005938,20,29,82,257,115,52,29,23,8332,-6472,-5873,11074,-365,-1788,809,54,-66,24
2025-11-19T11:48:44.028431,19,27,86,287,112,55,29,21,8324,-6468,-5872,11082,-369,-1780,798,49,-62,34
2025-11-19T11:48:44.051437,19,26,92,275,101,54,25,21,8317,-6463,-5869,11092,-368,-1775,821,52,-55,42
2025-11-19T11:48:44.065585,18,25,97,270,103,51,26,21,8311,-6458,-5865,11102,-358,-1789,848,45,-47,38
2025-11-19T11:48:44.088213,18,26,72,247,101,53,26,20,8305,-6453,-5863,11111,-359,-1782,831,50,-52,37
2025-11-19T11:48:44.110988,17,27,88,199,108,57,25,17,8298,-6443,-5860,11123,-366,-1767,856,53,-75,37
2025-11-19T11:48:44.126087,19,31,109,195,106,58,29,17,8291,-6432,-5861,11134,-356,-1762,878,27,-89,27
2025-11-19T11:48:44.148506,18,35,130,216,104,64,34,18,8283,-6419,-5864,11145,-350,-1774,851,45,-101,25
2025-11-19T11:48:44.162744,19,37,133,231,99,76,39,19,8279,-6404,-5868,11155,-316,-1795,845,59,-94,19
2025-11-19T11:48:44.186027,21,38,136,251,110,81,39,20,8277,-6387,-5869,11166,-320,-1772,877,63,-93,13
2025-11-19T11:48:44.208208,22,37,129,269,109,80,40,23,8275,-6370,-5868,11177,-315,-1757,883,68,-85,19
2025-11-19T11:48:44.222756,20,33,112,226,108,83,40,25,8271,-6357,-5871,11187,-313,-1746,874,36,-83,17
2025-11-19T11:48:44.253126,23,31,88,214,109,78,36,24,8264,-6346,-5876,11196,-326,-1771,871,24,-91,25
2025-11-19T11:48:44.268520,21,27,109,299,140,67,32,24,8262,-6330,-5879,11204,-306,-1791,892,49,-84,9
2025-11-19T11:48:44.282757,19,27,117,302,127,64,32,24,8259,-6316,-5882,11213,-303,-1784,870,57,-83,16
2025-11-19T11:48:44.306011,20,27,127,304,114,58,30,22,8258,-6301,-5881,11222,-295,-1766,889,67,-67,19
2025-11-19T11:48:44.328516,22,27,132,341,119,48,28,20,8257,-6289,-5877,11232,-302,-1752,894,62,-53,28
2025-11-19T11:48:44.343293,19,28,130,355,158,57,33,20,8257,-6281,-5875,11238,-318,-1752,888,45,-37,12
2025-11-19T11:48:44.373538,20,31,111,272,138,57,33,20,8256,-6274,-5874,11243,-315,-1772,872,49,-34,9
2025-11-19T11:48:44.388493,20,28,99,287,135,58,31,20,8257,-6265,-5873,11247,-311,-1776,884,54,-37,4
2025-11-19T11:48:44.402767,19,31,83,293,141,63,29,20,8258,-6258,-5871,11252,-320,-1766,870,53,-34,5
2025-11-19T11:48:44.425999,18,35,84,249,135,63,28,22,8261,-6248,-5867,11257,-316,-1759,890,70,-27,-4
2025-11-19T11:48:44.448252,18,32,92,232,90,62,27,22,8265,-6240,-5864,11260,-309,-1754,894,56,-21,-9
2025-11-19T11:48:44.463616,18,32,96,316,91,71,27,22,8271,-6232,-5860,11262,-312,-1780,908,57,-7,-18
2025-11-19T11:48:44.485990,19,34,112,287,94,68,29,24,8281,-6220,-5854,11265,-306,-1762,910,92,-11,-35
2025-11-19T11:48:44.516019,19,45,122,275,84,66,31,23,8293,-6204,-5844,11270,-323,-1763,905,124,-24,-42
2025-11-19T11:48:44.530583,21,42,111,301,77,65,32,22,8304,-6191,-5837,11273,-327,-1766,905,108,-21,-46
2025-11-19T11:48:44.546023,21,43,114,293,72,58,30,24,8314,-6178,-5834,11274,-328,-1787,909,89,-27,-60
2025-11-19T11:48:44.575519,21,45,141,193,68,43,27,23,8328,-6157,-5824,11280,-341,-1789,972,129,-41,-67
2025-11-19T11:48:44.580676,21,48,152,219,77,53,27,23,8344,-6132,-5818,11285,-336,-1808,991,132,-61,-93
2025-11-19T11:48:44.603944,22,40,153,241,77,49,27,23,8365,-6099,-5808,11293,-350,-1800,1000,179,-82,-121
2025-11-19T11:48:44.626691,20,42,175,201,77,53,28,24,8388,-6062,-5797,11301,-352,-1803,1002,205,-98,-135
2025-11-19T11:48:44.641312,21,42,181,212,81,55,29,23,8411,-6020,-5786,11312,-356,-1799,1000,232,-117,-147
2025-11-19T11:48:44.673966,21,40,201,227,89,58,35,23,8433,-5975,-5774,11326,-374,-1842,1014,256,-146,-140
2025-11-19T11:48:44.688490,21,37,204,207,79,47,33,22,8460,-5918,-5759,11343,-365,-1826,1018,327,-181,-173
2025-11-19T11:48:44.711003,24,50,334,164,91,51,34,22,8491,-5850,-5743,11363,-328,-1813,1041,365,-210,-186
2025-11-19T11:48:44.726022,24,53,353,213,133,55,34,22,8520,-5776,-5728,11387,-315,-1837,1060,391,-247,-181
2025-11-19T11:48:44.748970,26,64,459,245,139,56,33,23,8551,-5690,-5713,11414,-289,-1785,1072,429,-303,-198
2025-11-19T11:48:44.771698,26,73,455,227,126,52,27,22,8581,-5597,-5703,11443,-289,-1708,1056,425,-344,-220
2025-11-19T11:48:44.786027,27,74,454,291,129,73,34,24,8605,-5508,-5704,11468,-288,-1724,1062,364,-377,-234
2025-11-19T11:48:44.808166,26,66,387,361,126,74,35,24,8637,-5412,-5703,11490,-246,-1728,1047,421,-367,-265
2025-11-19T11:48:44.831049,29,71,402,343,109,77,35,23,8678,-5307,-5688,11515,-273,-1673,1060,513,-366,-309
2025-11-19T11:48:44.854010,29,67,285,357,112,77,35,21,8717,-5192,-5676,11544,-228,-1659,1108,522,-419,-301
2025-11-19T11:48:44.868025,32,62,275,372,124,80,36,22,8747,-5074,-5677,11573,-199,-1660,1114,471,-484,-293
2025-11-19T11:48:44.890723,34,86,373,326,121,64,34,22,8776,-4948,-5676,11606,-146,-1620,1140,502,-504,-271
2025-11-19T11:48:44.905331,34,96,363,257,117,58,30,21,8809,-4812,-5668,11642,-130,-1608,1200,548,-525,-290
2025-11-19T11:48:44.928503,33,99,329,251,113,47,28,22,8834,-4677,-5669,11678,-89,-1588,1201,503,-556,-267
2025-11-19T11:48:44.950663,32,98,369,206,118,41,28,23,8861,-4535,-5660,11717,-40,-1567,1236,568,-549,-249
2025-11-19T11:48:44.973234,30,99,418,208,117,36,29,22,8894,-4396,-5642,11754,-33,-1506,1231,594,-502,-262
2025-11-19T11:48:44.988572,27,92,363,196,117,38,28,24,8919,-4263,-5628,11791,-49,-1487,1240,554,-510,-249
2025-11-19T11:48:45.010983,28,86,366,197,170,51,33,24,8938,-4140,-5632,11818,-15,-1539,1215,462,-524,-249
2025-11-19T11:48:45.025309,29,83,404,194,166,59,36,25,8957,-4013,-5623,11852,-4,-1533,1231,539,-517,-224
2025-11-19T11:48:45.048267,28,89,361,175,158,60,34,25,8978,-3879,-5613,11885,3,-1527,1206,589,-533,-254
2025-11-19T11:48:45.071040,28,91,293,146,154,61,34,26,8995,-3748,-5606,11918,66,-1453,1235,538,-528,-219
2025-11-19T11:48:45.085351,29,82,318,163,155,58,31,25,9010,-3622,-5598,11949,98,-1476,1248,530,-504,-199
2025-11-19T11:48:45.108603,27,84,349,209,110,49,27,26,9022,-3497,-5583,11984,101,-1447,1330,526,-489,-173
2025-11-19T11:48:45.131074,26,87,315,227,129,49,27,24,9028,-3378,-5575,12018,124,-1443,1310,492,-499,-147
2025-11-19T11:48:45.145855,26,83,318,241,135,49,28,25,9038,-3255,-5561,12051,183,-1437,1331,527,-471,-145
2025-11-19T11:48:45.176021,28,102,398,237,174,54,27,23,9051,-3129,-5533,12088,199,-1358,1320,596,-438,-138
2025-11-19T11:48:45.191055,26,104,357,262,235,69,27,24,9059,-3005,-5514,12121,220,-1356,1364,533,-466,-136
2025-11-19T11:48:45.205332,29,106,357,242,245,71,26,24,9060,-2881,-5512,12152,237,-1328,1324,468,-525,-132
2025-11-19T11:48:45.228525,26,101,374,229,244,72,25,23,9057,-2755,-5510,12183,321,-1361,1349,480,-518,-96
2025-11-19T11:48:45.251001,39,115,414,218,243,76,29,35,9056,-2625,-5498,12219,317,-1312,1356,531,-513,-95
2025-11-19T11:48:45.265233,39,96,361,228,227,73,29,35,9049,-2498,-5487,12256,333,-1250,1366,503,-515,-58
2025-11-19T11:48:45.288545,41,101,399,205,213,72,32,35,9042,-2387,-5477,12287,368,-1296,1380,455,-443,-48
2025-11-19T11:48:45.312056,40,105,436,248,218,75,36,38,9039,-2281,-5458,12318,367,-1258,1429,460,-391,-53
2025-11-19T11:48:45.333047,41,108,411,244,204,70,38,40,9031,-2182,-5446,12347,374,-1230,1389,410,-387,-28
2025-11-19T11:48:45.348501,30,102,461,242,205,69,39,33,9018,-2092,-5436,12376,393,-1222,1411,369,-372,6
2025-11-19T11:48:45.370816,33,114,480,281,281,93,45,39,9005,-2003,-5421,12407,403,-1236,1419,401,-346,17
2025-11-19T11:48:45.385353,30,113,468,280,269,90,45,39,8996,-1914,-5392,12440,409,-1191,1454,440,-305,14
2025-11-19T11:48:45.408884,33,112,442,215,252,88,45,38,8989,-1828,-5362,12471,433,-1148,1445,434,-276,12
2025-11-19T11:48:45.431069,37,110,448,215,253,87,43,40,8985,-1751,-5331,12498,432,-1140,1451,403,-233,1
2025-11-19T11:48:45.445368,36,99,373,219,250,88,44,40,8988,-1681,-5300,12519,449,-1105,1452,370,-177,-25
2025-11-19T11:48:45.468549,34,86,342,163,168,67,41,34,8999,-1615,-5269,12532,483,-1102,1432,359,-128,-72
2025-11-19T11:48:45.498587,36,76,348,158,169,61,41,33,9013,-1547,-5245,12541,526,-1052,1405,330,-136,-91
2025-11-19T11:48:45.505358,41,138,339,166,175,61,38,38,9028,-1475,-5231,12545,564,-1049,1422,284,-163,-112
2025-11-19T11:48:45.528624,43,156,343,166,182,71,41,36,9039,-1409,-5231,12545,595,-1090,1386,233,-178,-106
2025-11-19T11:48:45.551097,44,158,354,168,222,70,34,34,9047,-1352,-5228,12547,615,-1070,1392,210,-133,-68
2025-11-19T11:48:45.565209,46,171,349,192,218,65,33,35,9054,-1303,-5223,12549,608,-1017,1378,179,-92,-46
2025-11-19T11:48:45.588561,53,176,326,191,190,60,30,48,9056,-1273,-5225,12549,569,-1002,1398,77,-69,-12
2025-11-19T11:48:45.611146,49,132,300,192,187,59,29,46,9054,-1261,-5233,12549,542,-1020,1389,1,-27,23
2025-11-19T11:48:45.633589,48,109,304,190,183,48,28,46,9051,-1258,-5240,12548,531,-1065,1428,-16,5,34
2025-11-19T11:48:45.648591,50,119,271,228,152,43,30,46,9048,-1258,-5237,12552,494,-1051,1455,9,30,42
2025-11-19T11:48:45.670895,46,99,295,239,169,46,28,46,9044,-1263,-5232,12556,464,-1045,1493,-10,32,53
2025-11-19T11:48:45.701133,40,105,314,225,176,49,31,37,9037,-1265,-5234,12560,441,-1036,1483,-33,-12,53
2025-11-19T11:48:45.708007,46,113,293,215,183,48,31,42,9030,-1269,-5240,12563,454,-1096,1535,-52,-18,45
2025-11-19T11:48:45.731067,44,115,284,213,235,58,30,47,9023,-1273,-5243,12566,430,-1108,1526,-31,-15,37
2025-11-19T11:48:45.753601,41,100,299,199,242,66,31,50,9023,-1273,-5243,12566,466,-1120,1555,10,-3,15
2025-11-19T11:48:45.776078,42,104,336,155,226,66,31,50,9024,-1266,-5233,12570,482,-1055,1573,30,6,16
2025-11-19T11:48:45.791060,40,90,294,158,301,73,28,48,9025,-1264,-5232,12570,499,-1071,1536,-1,-16,-3
2025-11-19T11:48:45.812369,33,69,306,165,305,76,30,45,9032,-1243,-5246,12561,539,-1094,1472,-17,-25,-31
2025-11-19T11:48:45.831880,37,74,314,187,277,72,26,46,9035,-1241,-5260,12553,581,-1079,1483,-73,11,-3
2025-11-19T11:48:45.850444,36,72,292,159,340,82,27,45,9035,-1244,-5272,12548,568,-1065,1463,-77,32,27
2025-11-19T11:48:45.872836,36,65,208,158,346,92,36,45,9031,-1252,-5293,12541,582,-1108,1394,-100,29,37
