timestamp,EMG_0,EMG_1,EMG_2,EMG_3,EMG_4,EMG_5,EMG_6,EMG_7,quat_0,quat_1,quat_2,quat_3,acc_0,acc_1,acc_2,gyro_0,gyro_1,gyro_2
2025-11-27T17:26:15.238480,48,59,112,359,230,55,65,100,2631,-2468,-10080,12402,139,-2006,593,42,25,-74
2025-11-27T17:26:15.261904,47,72,133,303,205,55,67,99,2666,-2461,-10074,12401,165,-1935,578,-44,128,-49
2025-11-27T17:26:15.283669,49,72,137,286,212,54,68,99,2706,-2473,-10086,12380,157,-1926,523,-175,217,-48
2025-11-27T17:26:15.299059,41,70,134,289,224,54,64,87,2745,-2492,-10117,12342,138,-1990,478,-292,239,-64
2025-11-27T17:26:15.321217,40,63,134,304,219,52,60,82,2802,-2510,-10135,12311,248,-2070,441,-176,312,-62
2025-11-27T17:26:15.343879,36,61,132,332,240,58,57,74,2873,-2546,-10121,12299,326,-2034,525,-29,459,20
2025-11-27T17:26:15.359284,37,43,98,381,257,63,74,95,2949,-2607,-10091,12292,256,-1869,481,43,588,64
2025-11-27T17:26:15.384398,35,40,106,409,239,64,76,98,3044,-2687,-10073,12267,253,-1834,493,-81,731,21
2025-11-27T17:26:15.407167,32,38,99,429,231,68,80,90,3149,-2784,-10082,12212,164,-2008,449,-268,832,-65
2025-11-27T17:26:15.429844,31,39,97,451,250,70,79,93,3253,-2883,-10070,12171,-16,-2080,465,-138,823,-115
2025-11-27T17:26:15.443910,32,38,95,413,211,60,90,121,3361,-2979,-10042,12142,37,-2071,477,-35,836,-81
2025-11-27T17:26:15.466818,33,36,88,388,249,81,79,111,3484,-3091,-10005,12109,7,-2086,498,-25,969,-103
2025-11-27T17:26:15.489883,33,38,91,396,283,88,77,110,3621,-3223,-9964,12069,-7,-2107,459,-19,1111,-96
2025-11-27T17:26:15.504122,35,48,92,378,317,83,71,108,3748,-3367,-9936,12014,-237,-2102,280,-56,1099,-172
2025-11-27T17:26:15.526374,40,49,95,360,313,88,84,133,3868,-3486,-9909,11964,-364,-2199,257,5,954,-288
2025-11-27T17:26:15.549771,66,119,101,429,328,96,93,148,4004,-3579,-9854,11937,-138,-2168,325,211,938,-256
2025-11-27T17:26:15.563994,77,123,128,435,291,81,91,146,4141,-3695,-9797,11902,-159,-2028,208,213,1040,-206
2025-11-27T17:26:15.586952,90,161,119,422,327,88,96,147,4269,-3821,-9757,11849,-335,-2077,144,97,1029,-280
2025-11-27T17:26:15.609815,204,334,175,519,357,127,105,166,4378,-3930,-9721,11804,-420,-2027,124,110,878,-289
2025-11-27T17:26:15.624094,218,362,183,549,382,135,105,170,4485,-4021,-9693,11756,-252,-2144,167,83,806,-268
2025-11-27T17:26:15.646595,215,352,200,575,392,134,90,136,4585,-4118,-9651,11718,-181,-2094,107,182,818,-147
2025-11-27T17:26:15.669862,218,359,208,661,413,138,97,135,4662,-4232,-9616,11676,-293,-1993,44,95,797,-74
2025-11-27T17:26:15.683924,215,348,209,677,379,137,106,137,4724,-4334,-9601,11626,-248,-2036,77,-24,687,-65
2025-11-27T17:26:15.706682,124,200,167,615,326,110,102,118,4792,-4428,-9578,11581,-123,-1973,170,-17,690,-26
2025-11-27T17:26:15.729818,138,284,194,653,351,100,97,82,4846,-4527,-9568,11529,-88,-1973,119,-95,657,41
2025-11-27T17:26:15.743941,146,290,185,686,338,99,115,112,4872,-4614,-9550,11498,-236,-2107,45,28,486,85
2025-11-27T17:26:15.766590,138,291,166,620,322,93,109,109,4884,-4680,-9528,11484,-143,-1933,99,67,346,160
2025-11-27T17:26:15.789721,135,290,162,565,366,94,102,105,4904,-4738,-9517,11461,-81,-1942,118,5,342,107
2025-11-27T17:26:15.804013,129,288,274,708,375,96,103,119,4913,-4800,-9506,11440,-157,-1896,151,-35,316,128
2025-11-27T17:26:15.826711,115,168,345,759,367,108,103,118,4910,-4872,-9526,11395,-123,-2010,54,-215,305,139
2025-11-27T17:26:15.849719,98,144,352,707,405,145,100,125,4902,-4936,-9546,11354,-258,-2034,69,-215,237,76
2025-11-27T17:26:15.864117,97,121,353,703,442,163,100,127,4883,-4999,-9560,11323,-223,-2178,247,-268,209,171
2025-11-27T17:26:15.886546,110,136,470,890,420,193,121,135,4889,-5067,-9534,11312,-157,-2008,265,-36,342,229
2025-11-27T17:26:15.910740,105,124,430,787,465,193,118,121,4865,-5138,-9521,11301,-567,-1954,206,-124,207,106
2025-11-27T17:26:15.924050,91,114,445,731,449,190,119,122,4836,-5163,-9530,11295,-398,-2155,243,-134,-19,63
2025-11-27T17:26:15.944226,94,115,452,721,417,175,125,108,4798,-5175,-9521,11313,-464,-1967,193,38,-117,78
2025-11-27T17:26:15.967945,94,127,459,712,384,162,128,110,4772,-5167,-9519,11329,-436,-1812,379,-55,-148,-32
2025-11-27T17:26:15.983020,79,98,340,466,369,118,104,107,4785,-5176,-9552,11292,-112,-2122,365,-294,101,-89
2025-11-27T17:26:16.007305,82,95,368,553,334,112,105,106,4816,-5211,-9526,11284,-580,-2091,384,0,272,-178
2025-11-27T17:26:16.029673,57,77,282,510,341,110,102,103,4828,-5255,-9535,11251,-451,-1857,311,-242,239,-119
2025-11-27T17:26:16.043966,46,71,260,498,356,83,72,79,4850,-5293,-9587,11180,-533,-2101,275,-483,238,-352
2025-11-27T17:26:16.066509,60,47,262,488,333,71,60,76,4869,-5311,-9634,11122,-371,-2617,198,-332,148,-267
2025-11-27T17:26:16.089831,57,55,274,486,353,73,58,60,4895,-5317,-9599,11138,-354,-2146,224,224,131,-75
2025-11-27T17:26:16.104079,53,53,216,385,323,72,60,88,4901,-5336,-9599,11127,-515,-1772,171,-54,88,-169
2025-11-27T17:26:16.126378,80,116,186,354,288,65,61,103,4887,-5348,-9672,11063,-519,-1949,202,-547,-20,-335
2025-11-27T17:26:16.149736,88,125,176,310,250,64,63,104,4894,-5342,-9754,10991,-247,-2287,262,-571,-7,-353
2025-11-27T17:26:16.164002,81,127,151,290,249,65,61,100,4947,-5316,-9759,10976,-296,-2434,216,57,95,-379
2025-11-27T17:26:16.186595,80,124,123,296,197,63,62,100,4994,-5303,-9734,10982,-230,-2301,160,241,136,-199
2025-11-27T17:26:16.211172,80,124,109,255,233,89,52,74,5018,-5318,-9716,10980,-267,-1920,205,58,162,-84
2025-11-27T17:26:16.221878,54,69,112,349,285,101,45,40,4995,-5362,-9767,10924,-392,-1964,160,-499,94,-87
2025-11-27T17:26:16.243711,39,53,114,358,297,104,45,34,4978,-5380,-9850,10848,-239,-2178,78,-600,3,-208
2025-11-27T17:26:16.267334,32,44,106,370,326,104,45,31,4998,-5349,-9886,10821,-125,-2296,126,-128,-59,-280
2025-11-27T17:26:16.282048,33,49,112,357,349,114,45,27,5042,-5293,-9885,10830,56,-2180,61,250,-71,-236
2025-11-27T17:26:16.306587,30,44,108,363,379,123,53,32,5079,-5247,-9868,10850,107,-1960,67,316,-49,-114
2025-11-27T17:26:16.329834,30,45,94,373,416,132,57,37,5109,-5216,-9876,10844,227,-1825,1,131,-10,-69
2025-11-27T17:26:16.352335,33,44,105,452,436,161,69,37,5132,-5209,-9895,10819,381,-1788,29,-55,81,63
2025-11-27T17:26:16.366507,33,44,119,476,419,162,70,38,5146,-5225,-9942,10762,342,-1763,-140,-237,132,40
2025-11-27T17:26:16.389455,32,35,107,500,405,156,69,37,5146,-5264,-9997,10691,473,-1810,-104,-403,189,204
2025-11-27T17:26:16.412581,33,39,156,545,350,134,62,34,5129,-5348,-10034,10624,440,-1883,-64,-468,312,445
2025-11-27T17:26:16.426601,138,86,183,479,257,116,55,32,5085,-5473,-10065,10551,266,-1886,-47,-614,387,600
2025-11-27T17:26:16.449668,143,153,209,431,203,82,41,37,5034,-5621,-10106,10458,106,-1927,-42,-791,456,578
2025-11-27T17:26:16.472333,220,267,239,525,214,81,50,41,4997,-5774,-10141,10357,141,-2105,-43,-802,552,572
2025-11-27T17:26:16.486532,228,277,243,539,220,79,50,43,4937,-5942,-10196,10236,72,-2139,-259,-920,523,611
2025-11-27T17:26:16.509754,229,283,253,524,266,78,53,47,4869,-6092,-10225,10152,-130,-2083,-257,-708,401,589
2025-11-27T17:26:16.532188,204,305,246,565,278,82,61,48,4794,-6221,-10244,10090,-285,-2075,-237,-608,276,531
2025-11-27T17:26:16.546489,242,339,236,592,291,69,62,57,4727,-6304,-10257,10057,-513,-2113,-188,-426,111,285
2025-11-27T17:26:16.569051,198,282,206,486,287,71,55,60,4668,-6322,-10263,10068,-773,-2141,-98,-182,-150,-11
2025-11-27T17:26:16.592032,206,286,205,458,278,74,56,70,4621,-6265,-10270,10118,-623,-2318,-25,53,-453,-163
2025-11-27T17:26:16.614488,239,294,168,450,259,73,55,73,4602,-6185,-10263,10182,-524,-2145,6,252,-449,-248
2025-11-27T17:26:16.629796,230,263,149,400,275,63,44,71,4571,-6094,-10265,10249,-856,-2042,-126,306,-550,-447
2025-11-27T17:26:16.652251,259,251,121,316,260,62,38,67,4522,-5980,-10294,10308,-904,-2065,-218,236,-724,-559
2025-11-27T17:26:16.666492,253,248,109,304,286,60,40,65,4458,-5858,-10322,10378,-869,-2424,-102,198,-820,-486
2025-11-27T17:26:16.689004,262,269,105,279,296,60,37,54,4402,-5767,-10287,10487,-680,-2695,84,437,-669,-91
2025-11-27T17:26:16.711681,235,274,128,434,400,77,38,47,4378,-5699,-10186,10632,-563,-2292,166,816,-443,107
2025-11-27T17:26:16.726771,234,275,145,451,395,78,38,47,4339,-5657,-10113,10739,-685,-2089,62,590,-384,66
2025-11-27T17:26:16.749177,213,236,164,476,411,84,42,57,4248,-5624,-10103,10802,-830,-2021,-25,144,-543,22
2025-11-27T17:26:16.772197,208,216,200,584,423,81,41,56,4147,-5562,-10120,10858,-760,-2143,6,37,-714,-43
2025-11-27T17:26:16.786738,188,173,205,594,417,76,41,55,4069,-5469,-10157,10900,-542,-2063,-9,8,-752,-185
2025-11-27T17:26:16.809748,188,147,222,635,308,65,38,54,4050,-5348,-10167,10957,-405,-2168,39,287,-634,-356
2025-11-27T17:26:16.832194,191,162,454,745,293,88,61,66,4092,-5198,-10145,11034,-321,-2285,43,651,-531,-561
2025-11-27T17:26:16.846226,127,135,489,750,293,85,66,56,4135,-5030,-10106,11131,-341,-2159,-85,901,-618,-601
2025-11-27T17:26:16.869016,139,136,480,707,269,91,66,55,4206,-4827,-10017,11274,-182,-2029,70,1291,-655,-609
2025-11-27T17:26:16.892238,208,194,481,729,341,100,69,56,4298,-4626,-9919,11410,55,-1924,172,1301,-529,-571
2025-11-27T17:26:16.906505,215,198,479,733,404,126,77,58,4377,-4458,-9844,11511,37,-1956,181,1046,-430,-528
2025-11-27T17:26:16.928553,215,183,270,626,412,119,65,44,4430,-4316,-9785,11594,-63,-2028,280,816,-418,-448
2025-11-27T17:26:16.952185,210,178,200,664,418,123,58,38,4474,-4176,-9754,11655,36,-1948,248,641,-440,-445
2025-11-27T17:26:16.966480,196,177,203,653,410,120,56,35,4538,-4018,-9722,11712,108,-1955,333,659,-437,-564
2025-11-27T17:26:16.988787,109,107,197,618,354,115,51,34,4631,-3831,-9662,11788,152,-1926,395,899,-436,-712
2025-11-27T17:26:17.012669,88,100,165,416,267,100,39,28,4769,-3617,-9582,11866,289,-1855,445,1085,-352,-900
2025-11-27T17:26:17.026509,64,94,154,370,252,116,45,27,4938,-3408,-9502,11923,435,-2016,528,1044,-192,-996
2025-11-27T17:26:17.048933,54,86,136,240,209,114,44,26,5105,-3237,-9427,11959,482,-1929,568,880,-23,-903
2025-11-27T17:26:17.072247,46,73,109,166,184,110,44,25,5258,-3121,-9373,11966,461,-1865,594,586,143,-778
2025-11-27T17:26:17.086311,31,60,98,158,161,107,45,23,5389,-3037,-9355,11943,351,-1940,576,282,153,-755
2025-11-27T17:26:17.109053,24,39,83,167,163,89,41,22,5533,-2947,-9325,11923,367,-1927,601,362,185,-817
2025-11-27T17:26:17.131910,41,33,75,163,144,46,28,20,5696,-2830,-9283,11908,283,-2059,576,549,140,-1037
2025-11-27T17:26:17.143822,47,31,60,167,153,37,26,23,5853,-2693,-9209,11921,256,-1994,600,793,59,-1024
2025-11-27T17:26:17.166479,50,31,52,133,172,42,24,18,6008,-2557,-9125,11938,343,-2047,595,884,93,-978
2025-11-27T17:26:17.190781,49,38,66,137,183,42,23,19,6158,-2447,-9027,11960,361,-1862,626,861,197,-842
2025-11-27T17:26:17.206541,49,37,68,135,183,39,21,18,6298,-2376,-8948,11961,325,-1725,701,585,294,-758
2025-11-27T17:26:17.228587,40,37,68,145,191,36,20,21,6438,-2346,-8893,11933,216,-1727,724,309,403,-781
2025-11-27T17:26:17.260593,82,49,71,136,182,35,19,20,6586,-2340,-8863,11876,232,-1790,731,85,489,-832
2025-11-27T17:26:17.273865,84,50,81,135,153,24,20,22,6750,-2353,-8843,11795,217,-1873,699,-23,614,-928
2025-11-27T17:26:17.288414,87,48,73,117,134,23,20,23,6906,-2368,-8820,11719,310,-1937,650,39,619,-856
2025-11-27T17:26:17.311670,89,64,111,111,127,29,21,24,7056,-2369,-8794,11649,461,-1872,620,102,583,-778
2025-11-27T17:26:17.334734,89,66,114,96,110,34,23,22,7199,-2380,-8767,11580,506,-1732,649,39,604,-688
2025-11-27T17:26:17.348988,48,56,112,92,96,34,24,24,7328,-2411,-8749,11506,454,-1648,685,-105,609,-609
2025-11-27T17:26:17.371818,48,55,107,88,91,35,24,37,7452,-2447,-8741,11424,526,-1595,640,-170,610,-569
2025-11-27T17:26:17.394785,60,62,102,90,98,39,54,78,7563,-2477,-8765,11326,590,-1655,601,-314,498,-586
2025-11-27T17:26:17.409038,57,48,57,68,80,36,73,114,7642,-2502,-8797,11242,689,-1723,635,-325,362,-422
2025-11-27T17:26:17.432184,58,50,62,58,63,28,76,122,7711,-2502,-8803,11190,780,-1735,710,-106,280,-314
2025-11-27T17:26:17.454443,61,51,66,53,55,29,77,122,7772,-2487,-8806,11149,886,-1721,706,-27,223,-245
2025-11-27T17:26:17.469023,71,54,85,54,54,29,77,121,7814,-2464,-8799,11130,798,-1762,754,70,108,-194
2025-11-27T17:26:17.492560,59,42,88,46,39,24,62,101,7841,-2428,-8783,11131,756,-1713,776,172,10,-122
2025-11-27T17:26:17.515241,60,46,127,74,32,25,37,60,7856,-2389,-8777,11134,836,-1584,751,124,-42,-36
2025-11-27T17:26:17.537231,59,52,157,170,51,31,31,41,7856,-2371,-8790,11128,835,-1506,764,-69,-56,50
2025-11-27T17:26:17.552236,58,60,203,234,62,36,31,40,7836,-2392,-8844,11095,778,-1588,721,-395,-68,104
2025-11-27T17:26:17.574801,40,65,206,243,64,39,30,34,7820,-2418,-8916,11042,915,-1772,802,-548,-58,65
2025-11-27T17:26:17.588764,38,66,208,251,70,39,28,29,7792,-2454,-8956,11022,600,-1942,775,-323,-54,78
2025-11-27T17:26:17.613028,33,61,189,253,80,39,30,25,7772,-2451,-8944,11046,630,-1929,857,77,-88,110
2025-11-27T17:26:17.634743,32,53,167,262,121,46,31,27,7734,-2460,-8934,11079,678,-1694,866,-3,-96,303
2025-11-27T17:26:17.648679,27,44,116,303,190,68,42,30,7655,-2532,-8993,11070,631,-1639,806,-587,-134,478
2025-11-27T17:26:17.672226,30,45,122,415,224,78,69,39,7534,-2679,-9108,11024,615,-1844,685,-1070,-74,700
2025-11-27T17:26:17.694287,35,59,163,528,267,82,83,41,7399,-2824,-9195,11007,621,-1953,624,-852,-71,848
2025-11-27T17:26:17.708607,39,63,174,559,274,89,98,53,7255,-2952,-9258,11017,591,-1914,455,-589,-106,937
2025-11-27T17:26:17.731391,42,64,171,550,266,87,110,76,7104,-3051,-9296,11056,524,-1883,434,-343,-215,955
2025-11-27T17:26:17.754731,41,63,165,520,230,79,112,84,6951,-3131,-9322,11109,475,-1961,466,-225,-286,939
2025-11-27T17:26:17.768624,38,55,151,435,204,77,101,85,6785,-3205,-9326,11187,518,-2045,433,-36,-309,1084
2025-11-27T17:26:17.792203,37,40,98,290,151,74,93,90,6586,-3278,-9318,11291,383,-2126,348,117,-425,1231
2025-11-27T17:26:17.814772,36,33,70,216,158,80,80,92,6360,-3338,-9304,11414,236,-2059,324,194,-587,1299
2025-11-27T17:26:17.828954,35,31,68,170,152,84,73,86,6111,-3387,-9302,11536,202,-2012,327,134,-730,1354
2025-11-27T17:26:17.851748,37,27,64,122,163,81,67,94,5856,-3421,-9295,11664,131,-2030,412,149,-810,1337
2025-11-27T17:26:17.874705,37,28,64,136,181,79,61,91,5619,-3446,-9285,11780,94,-2077,517,118,-781,1215
2025-11-27T17:26:17.896729,34,30,63,137,208,81,57,86,5390,-3474,-9272,11889,-58,-2053,504,113,-744,1135
2025-11-27T17:26:17.911858,33,31,63,138,214,73,52,79,5158,-3492,-9268,11989,-238,-2074,344,152,-810,1011
2025-11-27T17:26:17.934222,31,33,61,155,220,79,40,66,4939,-3448,-9250,12108,-264,-1967,398,353,-1029,821
2025-11-27T17:26:17.948911,26,33,55,150,218,104,45,38,4763,-3340,-9214,12235,-163,-1852,391,606,-1124,532
2025-11-27T17:26:17.972177,25,33,42,133,217,127,55,36,4634,-3214,-9175,12347,-27,-1713,540,568,-1007,336
2025-11-27T17:26:17.994587,25,31,47,159,199,138,58,43,4542,-3123,-9134,12434,55,-1608,786,350,-705,297
2025-11-27T17:26:18.017082,23,43,54,194,212,143,59,41,4467,-3081,-9133,12473,-27,-1585,801,-38,-462,217
2025-11-27T17:26:18.032104,23,49,66,187,217,145,60,41,4408,-3067,-9181,12462,-50,-1646,818,-436,-321,98
2025-11-27T17:26:18.054694,23,50,66,186,234,186,72,40,4363,-3060,-9281,12405,27,-1890,776,-752,-268,-23
2025-11-27T17:26:18.068887,23,51,67,188,226,181,71,39,4329,-3049,-9389,12339,123,-1975,737,-778,-234,-63
2025-11-27T17:26:18.092633,27,52,62,156,213,175,73,71,4323,-3025,-9458,12294,202,-1961,730,-508,-162,-116
2025-11-27T17:26:18.114302,33,80,66,210,208,178,72,86,4343,-3009,-9505,12255,215,-1997,746,-390,-14,-163
2025-11-27T17:26:18.129305,36,85,58,230,228,190,73,88,4371,-3014,-9545,12212,227,-2093,697,-364,114,-125
2025-11-27T17:26:18.152023,36,87,59,233,212,148,57,88,4404,-3028,-9565,12181,184,-1976,700,-271,182,-104
2025-11-27T17:26:18.174642,35,87,59,242,231,148,54,88,4425,-3049,-9617,12127,168,-1861,556,-453,144,-106
2025-11-27T17:26:18.188377,34,94,103,323,254,156,53,62,4431,-3085,-9700,12049,232,-2016,516,-675,141,-40
2025-11-27T17:26:18.212464,28,64,99,295,314,199,59,38,4436,-3119,-9775,11978,271,-2070,448,-585,139,3
2025-11-27T17:26:18.234506,26,51,100,290,325,195,63,34,4447,-3138,-9810,11941,253,-2022,428,-280,119,13
2025-11-27T17:26:18.256982,25,48,115,321,323,188,58,32,4460,-3157,-9836,11909,318,-1930,341,-194,141,52
2025-11-27T17:26:18.271997,25,45,117,321,306,180,58,30,4465,-3194,-9868,11871,309,-1881,324,-280,186,129
2025-11-27T17:26:18.294409,22,30,84,252,293,171,57,25,4452,-3255,-9903,11830,292,-1868,309,-357,222,273
2025-11-27T17:26:18.318349,25,31,81,220,200,109,49,46,4416,-3347,-9952,11776,289,-1869,272,-525,256,438
2025-11-27T17:26:18.331579,26,31,82,201,126,76,38,48,4358,-3457,-10014,11714,297,-1843,260,-671,245,581
2025-11-27T17:26:18.354557,28,34,66,140,102,66,38,49,4271,-3574,-10087,11648,273,-1919,257,-779,163,705
2025-11-27T17:26:18.377783,29,42,65,116,91,57,35,50,4165,-3683,-10156,11592,266,-2006,205,-726,57,775
2025-11-27T17:26:18.391415,30,40,63,86,70,71,38,50,4059,-3775,-10211,11552,231,-2076,101,-544,-17,759
2025-11-27T17:26:18.415398,27,41,67,99,60,72,37,34,3961,-3846,-10235,11542,145,-2072,100,-281,-68,699
2025-11-27T17:26:18.437204,25,41,87,115,64,75,37,29,3859,-3901,-10233,11559,-75,-2012,120,-88,-162,623
2025-11-27T17:26:18.449059,25,45,90,154,116,104,41,27,3756,-3937,-10233,11580,-248,-1968,64,-36,-260,488
2025-11-27T17:26:18.472464,24,38,102,179,174,155,47,23,3659,-3949,-10246,11596,-343,-1954,96,-84,-344,306
2025-11-27T17:26:18.495206,24,38,122,226,178,155,46,23,3574,-3945,-10282,11592,-416,-1913,83,-208,-373,112
2025-11-27T17:26:18.511357,23,38,125,272,202,180,59,23,3509,-3909,-10320,11590,-472,-2013,88,-148,-438,-105
2025-11-27T17:26:18.534269,23,38,112,278,231,207,71,28,3459,-3849,-10352,11597,-467,-2108,107,-52,-477,-230
2025-11-27T17:26:18.557055,22,34,109,262,225,201,71,33,3429,-3777,-10358,11624,-425,-2135,158,146,-451,-272
2025-11-27T17:26:18.571391,24,40,123,300,291,168,67,34,3417,-3703,-10345,11663,-347,-2050,235,242,-384,-275
2025-11-27T17:26:18.594557,23,39,104,280,292,162,64,34,3413,-3629,-10324,11706,-252,-1821,379,222,-343,-254
2025-11-27T17:26:18.617079,22,37,102,241,280,134,51,32,3404,-3614,-10349,11691,-306,-2217,222,-141,-114,-167
2025-11-27T17:26:18.630705,31,60,99,260,275,89,46,59,3344,-3659,-10408,11642,-401,-2224,341,-613,-53,122
2025-11-27T17:26:18.654205,68,63,95,261,268,70,66,88,3283,-3708,-10432,11623,-472,-2259,317,-359,-39,187
2025-11-27T17:26:18.677069,69,60,55,203,145,62,72,97,3262,-3722,-10424,11631,-328,-2068,330,-61,-22,50
2025-11-27T17:26:18.691026,71,63,52,182,139,54,72,99,3265,-3729,-10433,11620,-290,-2067,358,-183,40,-90
2025-11-27T17:26:18.714134,72,64,43,173,139,44,73,100,3281,-3734,-10443,11605,-252,-2158,374,-182,89,-133
2025-11-27T17:26:18.737014,70,42,35,142,112,49,66,86,3311,-3731,-10437,11603,-226,-2147,337,-28,104,-172
2025-11-27T17:26:18.750806,37,36,57,138,120,87,44,52,3339,-3720,-10440,11595,-187,-2059,237,-26,63,-196
2025-11-27T17:26:18.774959,34,43,120,130,166,141,39,31,3359,-3702,-10466,11572,-152,-2162,197,-153,-1,-217
2025-11-27T17:26:18.797051,29,40,122,133,177,153,43,26,3364,-3684,-10507,11539,-68,-2194,214,-280,-58,-147
2025-11-27T17:26:18.811349,27,40,128,144,193,163,44,22,3355,-3678,-10544,11510,-33,-2202,163,-255,-57,-20
2025-11-27T17:26:18.834558,23,40,131,164,205,166,44,22,3328,-3687,-10568,11493,-24,-2211,120,-187,-68,139
2025-11-27T17:26:18.857055,23,38,131,230,322,255,79,31,3294,-3704,-10580,11486,-112,-2185,147,-141,-60,178
2025-11-27T17:26:18.871386,25,33,119,333,348,262,85,32,3260,-3723,-10584,11486,-156,-2185,213,-118,-49,185
2025-11-27T17:26:18.902072,24,32,130,374,351,259,84,32,3226,-3748,-10604,11469,-165,-2080,153,-236,-28,164
2025-11-27T17:26:18.924391,26,37,137,389,346,261,84,31,3197,-3780,-10616,11456,-252,-2102,208,-215,24,140
2025-11-27T17:26:18.931264,27,39,150,375,343,261,85,32,3162,-3830,-10624,11441,-384,-2256,148,-204,74,176
2025-11-27T17:26:18.954467,26,72,157,343,237,166,57,27,3122,-3902,-10600,11450,-526,-2340,194,-47,144,280
2025-11-27T17:26:18.977102,28,91,142,250,168,111,44,29,3088,-3990,-10552,11473,-545,-2360,211,81,236,373
2025-11-27T17:26:18.991134,28,94,130,185,153,108,45,42,3068,-4080,-10478,11514,-607,-2318,202,278,297,352
2025-11-27T17:26:19.015436,28,97,121,140,141,86,47,54,3064,-4150,-10394,11567,-571,-2216,206,407,265,274
2025-11-27T17:26:19.036517,29,98,109,136,124,76,61,94,3077,-4191,-10313,11621,-452,-2177,206,471,213,172
2025-11-27T17:26:19.059563,31,94,106,123,103,59,63,97,3092,-4208,-10241,11674,-390,-2178,157,493,113,99
2025-11-27T17:26:19.074602,31,137,123,124,111,47,63,102,3127,-4210,-10149,11745,-401,-2050,124,707,113,6
2025-11-27T17:26:19.097134,36,144,150,128,116,41,61,104,3183,-4195,-10050,11819,-368,-1944,70,836,113,-114
2025-11-27T17:26:19.110530,37,142,154,135,126,44,61,103,3266,-4155,-9945,11899,-292,-1783,103,938,109,-269
2025-11-27T17:26:19.134348,37,143,153,140,162,99,59,77,3370,-4083,-9877,11952,-116,-1740,115,762,59,-460
2025-11-27T17:26:19.157302,36,137,156,151,176,103,53,86,3467,-3988,-9858,11972,25,-1788,230,418,-57,-559
2025-11-27T17:26:19.179421,34,83,146,158,171,106,58,89,3554,-3890,-9874,11966,144,-1675,164,210,-96,-559
2025-11-27T17:26:19.202002,30,68,143,149,164,107,57,82,3625,-3798,-9898,11954,181,-1885,112,171,-130,-476
2025-11-27T17:26:19.217498,29,66,144,147,178,110,58,81,3703,-3703,-9900,11958,249,-1912,205,294,-103,-442
2025-11-27T17:26:19.239681,26,62,140,172,150,68,51,72,3770,-3624,-9894,11967,193,-1937,189,319,-79,-369
2025-11-27T17:26:19.254853,25,51,122,155,145,92,54,57,3823,-3570,-9875,11981,200,-1907,252,312,-12,-213
2025-11-27T17:26:19.276762,25,35,105,138,140,93,49,41,3866,-3544,-9865,11984,177,-1838,264,177,71,-117
2025-11-27T17:26:19.299541,25,28,63,156,161,91,51,39,3892,-3545,-9884,11959,129,-1816,301,-115,111,-61
2025-11-27T17:26:19.322036,22,26,42,149,142,90,54,36,3903,-3573,-9929,11910,87,-2098,340,-367,167,10
2025-11-27T17:26:19.336568,21,22,40,122,137,92,49,35,3910,-3607,-9956,11875,-21,-2085,373,-276,173,28
2025-11-27T17:26:19.356753,21,18,38,121,123,60,46,36,3907,-3646,-9987,11838,-61,-2046,336,-311,151,61
2025-11-27T17:26:19.371806,18,21,27,123,150,120,58,36,3903,-3684,-10028,11793,-61,-2095,343,-392,141,39
2025-11-27T17:26:19.396114,18,21,25,96,145,150,69,37,3907,-3712,-10061,11754,-57,-2160,334,-310,128,-9
2025-11-27T17:26:19.419117,20,21,25,93,146,152,66,31,3924,-3729,-10081,11726,-28,-2065,333,-200,143,-53
2025-11-27T17:26:19.433809,19,23,24,84,167,154,65,31,3942,-3747,-10102,11696,-28,-1999,294,-203,144,-60
2025-11-27T17:26:19.457485,18,22,25,89,177,157,65,28,3952,-3776,-10131,11658,-61,-2046,269,-276,160,-29
2025-11-27T17:26:19.479541,19,22,34,83,155,115,54,26,3957,-3807,-10155,11625,-99,-2041,261,-248,150,-5
2025-11-27T17:26:19.493190,20,22,44,95,139,73,35,21,3963,-3833,-10173,11599,-138,-2075,237,-182,128,-33
2025-11-27T17:26:19.517956,18,21,49,149,139,67,32,21,3965,-3856,-10185,11580,-156,-2087,246,-145,98,-22
2025-11-27T17:26:19.539337,18,20,49,171,114,60,31,20,3968,-3876,-10185,11573,-188,-2075,255,-58,94,-14
2025-11-27T17:26:19.553664,20,22,52,173,95,54,30,22,3973,-3890,-10183,11569,-188,-2033,216,-6,73,-40
2025-11-27T17:26:19.576965,21,28,55,178,94,49,32,23,3983,-3898,-10186,11560,-174,-2040,207,-25,65,-86
2025-11-27T17:26:19.599403,20,29,48,185,98,48,32,25,3984,-3908,-10201,11542,-167,-2096,172,-102,39,-69
2025-11-27T17:26:19.614506,20,30,46,149,85,47,32,24,3976,-3917,-10217,11528,-127,-2107,176,-105,-1,-3
2025-11-27T17:26:19.637022,22,31,52,134,95,68,36,23,3959,-3927,-10229,11520,-110,-2138,156,-75,-28,51
2025-11-27T17:26:19.659483,23,32,103,224,225,114,55,25,3937,-3937,-10239,11515,-88,-2171,214,-96,-43,98
2025-11-27T17:26:19.673818,23,29,140,250,265,138,62,27,3912,-3955,-10262,11497,-69,-2124,212,-210,-26,118
2025-11-27T17:26:19.696935,26,33,150,302,272,147,65,27,3885,-3987,-10301,11460,-28,-1942,189,-366,33,145
2025-11-27T17:26:19.719507,26,34,164,332,275,148,65,28,3871,-4036,-10327,11424,0,-1910,206,-340,162,189
2025-11-27T17:26:19.733793,27,44,171,398,282,138,64,29,3870,-4120,-10335,11387,-35,-1934,265,-339,367,276
2025-11-27T17:26:19.757505,27,46,175,390,205,105,49,26,3865,-4253,-10357,11320,-167,-2047,222,-549,564,347
2025-11-27T17:26:19.779327,31,49,163,419,213,75,42,28,3868,-4425,-10372,11239,-256,-2149,282,-660,780,415
2025-11-27T17:26:19.793789,30,48,172,445,206,57,37,27,3874,-4615,-10382,11151,-310,-2246,249,-687,877,449
2025-11-27T17:26:19.817763,31,49,191,539,209,52,36,26,3899,-4790,-10358,11091,-334,-2267,240,-406,884,420
2025-11-27T17:26:19.839524,29,44,216,548,212,51,34,26,3947,-4944,-10305,11055,-351,-2269,194,-127,886,339
2025-11-27T17:26:19.853518,28,42,197,561,225,43,31,32,4019,-5073,-10250,11022,-328,-2159,100,12,875,185
2025-11-27T17:26:19.876996,22,35,184,545,170,33,22,37,4121,-5178,-10182,10999,-315,-2081,48,214,883,22
2025-11-27T17:26:19.899428,24,40,220,518,184,46,28,43,4243,-5253,-10100,10992,-264,-2081,28,415,825,-78
2025-11-27T17:26:19.913709,22,39,203,400,181,50,31,63,4340,-5319,-10044,10974,-298,-2035,-21,281,693,-103
2025-11-27T17:26:19.937148,23,35,174,329,167,50,35,64,4444,-5373,-9977,10966,-328,-2005,53,349,667,-156
2025-11-27T17:26:19.959757,28,60,213,291,151,59,38,64,4555,-5420,-9933,10938,-235,-1999,34,234,669,-230
2025-11-27T17:26:19.973182,28,64,218,262,166,79,44,60,4645,-5470,-9929,10879,-308,-2103,-85,-6,591,-305
2025-11-27T17:26:19.996931,26,64,173,238,191,124,68,56,4719,-5491,-9937,10830,-406,-1903,-127,22,391,-421
2025-11-27T17:26:20.020550,26,65,183,240,196,135,72,34,4790,-5466,-9956,10793,-264,-1924,-145,96,174,-497
2025-11-27T17:26:20.033275,25,65,180,244,193,137,73,32,4868,-5411,-9981,10763,-92,-1829,-191,184,68,-548
2025-11-27T17:26:20.057010,23,43,152,240,192,140,74,36,4942,-5355,-10015,10726,-64,-1966,-200,132,50,-563
2025-11-27T17:26:20.079801,24,42,167,262,200,137,75,38,5010,-5299,-10035,10703,-58,-2044,-154,195,28,-493
2025-11-27T17:26:20.102022,25,38,169,252,175,101,52,37,5056,-5254,-10046,10693,-92,-1976,-190,240,-15,-368
2025-11-27T17:26:20.117599,25,34,152,258,197,111,46,47,5091,-5216,-10043,10698,-90,-1970,-107,258,-26,-254
2025-11-27T17:26:20.138927,29,35,165,390,243,117,48,60,5111,-5198,-10046,10695,-82,-2014,-15,110,-3,-153
2025-11-27T17:26:20.159766,31,38,164,481,328,123,60,70,5112,-5202,-10054,10685,-78,-2142,75,-57,23,-32
2025-11-27T17:26:20.175303,34,48,175,495,327,117,60,77,5097,-5221,-10069,10668,-75,-2168,74,-165,17,63
2025-11-27T17:26:20.199197,43,50,168,494,334,111,60,86,5084,-5231,-10067,10671,-73,-2235,127,-41,-4,95
2025-11-27T17:26:20.221738,47,52,171,493,317,89,58,83,5074,-5239,-10049,10689,-53,-2222,126,75,-7,142
2025-11-27T17:26:20.236638,46,51,155,402,283,76,58,78,5070,-5245,-10014,10721,-140,-2140,136,204,6,124
2025-11-27T17:26:20.259796,45,49,136,280,176,52,51,95,5064,-5248,-9985,10749,-195,-2068,127,173,-10,74
2025-11-27T17:26:20.281801,42,34,96,238,172,52,55,119,5051,-5254,-9978,10759,-153,-2078,109,28,-30,67
2025-11-27T17:26:20.296932,38,31,115,231,142,51,60,125,5040,-5252,-9978,10765,-104,-2152,116,3,-52,42
2025-11-27T17:26:20.318754,34,29,105,242,146,45,61,140,5030,-5238,-9939,10813,-148,-2109,113,256,-68,75
2025-11-27T17:26:20.340838,34,30,110,235,161,54,59,139,5031,-5219,-9908,10850,-111,-1991,94,295,-81,46
2025-11-27T17:26:20.359978,33,31,110,262,166,55,55,124,5022,-5214,-9894,10869,-135,-1901,63,147,-61,56
2025-11-27T17:26:20.383175,36,33,101,249,143,50,48,103,4995,-5225,-9907,10864,-158,-1997,80,-108,-68,75
2025-11-27T17:26:20.400986,34,33,75,248,158,94,47,93,4972,-5234,-9916,10862,-118,-2093,95,-76,-59,97
2025-11-27T17:26:20.421489,32,33,91,244,237,181,64,66,4959,-5240,-9906,10874,-137,-2049,137,42,-26,100
2025-11-27T17:26:20.446185,34,31,93,220,241,194,69,66,4957,-5255,-9897,10876,-159,-1882,125,10,55,53
2025-11-27T17:26:20.461460,34,39,92,199,247,209,75,60,4939,-5290,-9922,10845,-225,-1954,113,-288,83,32
2025-11-27T17:26:20.483670,30,44,103,248,274,255,86,48,4912,-5332,-9977,10785,-157,-1951,111,-541,79,23
2025-11-27T17:26:20.503085,27,44,121,267,277,245,84,38,4876,-5388,-10070,10687,-130,-1877,-33,-786,101,-19
2025-11-27T17:26:20.521244,28,43,110,252,247,204,75,38,4810,-5452,-10187,10574,-141,-2168,-228,-914,15,58
2025-11-27T17:26:20.543226,33,44,106,257,251,196,71,71,4735,-5505,-10266,10503,-15,-2320,-226,-647,-76,271
2025-11-27T17:26:20.566135,48,37,105,221,244,182,65,175,4654,-5554,-10289,10491,-82,-2322,-279,-232,-136,456
2025-11-27T17:26:20.581173,53,32,99,163,219,113,52,203,4540,-5615,-10289,10508,-185,-2200,-234,-152,-224,659
2025-11-27T17:26:20.603692,53,32,73,112,202,107,52,205,4386,-5704,-10281,10534,-343,-2109,-120,-285,-263,859
2025-11-27T17:26:20.623827,54,31,60,109,156,81,46,206,4188,-5803,-10280,10561,-578,-2099,-91,-427,-386,942
2025-11-27T17:26:20.640916,51,29,55,132,126,80,47,199,3970,-5876,-10300,10586,-667,-2148,-128,-506,-575,869
2025-11-27T17:26:20.663572,36,27,45,136,140,86,42,119,3760,-5886,-10333,10624,-685,-2191,-139,-411,-815,619
2025-11-27T17:26:20.682940,30,23,33,137,168,130,48,61,3590,-5833,-10353,10693,-623,-2175,-131,-95,-952,368
2025-11-27T17:26:20.700897,28,22,45,153,178,144,51,52,3460,-5749,-10361,10773,-494,-2076,-135,121,-937,214
2025-11-27T17:26:20.728414,25,25,57,165,180,146,54,46,3357,-5659,-10354,10860,-471,-1952,-115,258,-865,135
2025-11-27T17:26:20.743772,22,25,58,155,177,141,50,35,3257,-5569,-10348,10942,-521,-1890,-101,249,-843,92
2025-11-27T17:26:20.761172,25,26,72,164,154,144,54,30,3169,-5471,-10341,11024,-506,-1874,-43,261,-820,26
2025-11-27T17:26:20.783138,22,25,92,170,121,109,46,27,3090,-5376,-10346,11088,-447,-1814,28,133,-760,-17
2025-11-27T17:26:20.802779,22,26,93,187,117,93,42,25,3022,-5283,-10369,11130,-418,-1841,57,-6,-685,-82
2025-11-27T17:26:20.828982,22,25,88,199,119,97,42,25,2975,-5190,-10404,11154,-385,-1968,83,-91,-591,-182
2025-11-27T17:26:20.847495,23,26,107,235,121,92,41,23,2951,-5091,-10441,11171,-326,-2057,69,-67,-518,-266
2025-11-27T17:26:20.862960,19,25,101,227,125,74,36,25,2949,-4991,-10463,11196,-273,-2047,84,54,-449,-300
2025-11-27T17:26:20.881107,20,24,85,237,115,63,30,23,2966,-4890,-10459,11240,-229,-2018,95,264,-389,-304
2025-11-27T17:26:20.903736,21,25,82,223,108,58,29,24,2998,-4789,-10446,11287,-198,-1921,126,317,-325,-341
2025-11-27T17:26:20.923439,21,26,101,247,107,51,33,23,3038,-4697,-10449,11312,-181,-1936,128,192,-253,-392
2025-11-27T17:26:20.941201,23,28,98,224,103,56,40,26,3072,-4615,-10485,11303,-135,-2008,108,-69,-209,-400
2025-11-27T17:26:20.963646,24,30,96,248,145,71,45,25,3112,-4547,-10522,11285,-52,-2092,137,-122,-122,-346
2025-11-27T17:26:20.983175,24,30,95,253,176,80,46,29,3153,-4503,-10537,11278,-14,-2215,146,-27,-19,-194
2025-11-27T17:26:21.005570,24,28,92,250,173,82,45,27,3195,-4491,-10520,11287,-17,-2094,203,94,128,-28
2025-11-27T17:26:21.023514,22,27,74,203,183,83,40,27,3233,-4513,-10505,11281,-122,-2081,165,7,255,25
2025-11-27T17:26:21.043106,21,24,53,189,196,83,33,24,3272,-4564,-10499,11255,-103,-2118,216,-154,398,103
2025-11-27T17:26:21.061154,20,24,72,180,171,71,28,24,3297,-4642,-10511,11204,-165,-2150,136,-335,464,172
2025-11-27T17:26:21.083535,21,25,78,149,141,59,28,22,3302,-4737,-10525,11150,-248,-2224,92,-384,455,269
2025-11-27T17:26:21.103116,23,30,82,147,143,68,41,26,3304,-4835,-10531,11102,-243,-2237,30,-320,451,322
2025-11-27T17:26:21.121286,27,40,94,141,145,95,55,28,3302,-4931,-10528,11062,-211,-2202,18,-262,429,375
2025-11-27T17:26:21.143171,27,42,109,120,134,106,61,36,3308,-5026,-10513,11032,-167,-2116,-52,-134,441,397
2025-11-27T17:26:21.163176,29,43,113,81,140,144,73,40,3319,-5114,-10497,11004,-171,-2074,-122,-75,431,356
2025-11-27T17:26:21.180878,37,50,124,82,144,150,77,75,3333,-5199,-10480,10976,-205,-1999,-119,-65,432,325
2025-11-27T17:26:21.208062,39,53,129,68,142,150,80,94,3333,-5281,-10457,10958,-296,-2052,-158,-13,352,345
2025-11-27T17:26:21.226581,41,53,135,73,119,131,73,110,3321,-5359,-10425,10955,-408,-2013,-159,62,277,357
2025-11-27T17:26:21.238359,46,57,127,79,111,121,86,144,3300,-5423,-10392,10961,-483,-1982,-141,81,187,316
2025-11-27T17:26:21.260647,50,74,112,121,101,76,103,177,3279,-5462,-10371,10968,-545,-1997,-177,92,69,181
2025-11-27T17:26:21.277977,46,71,106,163,119,63,102,173,3262,-5472,-10355,10983,-562,-2036,-213,161,-49,63
2025-11-27T17:26:21.299034,46,72,119,220,140,80,104,169,3258,-5434,-10334,11023,-597,-1935,-279,386,-233,-151
2025-11-27T17:26:21.322635,45,72,123,257,205,106,103,161,3259,-5361,-10306,11084,-591,-1828,-247,532,-378,-271
2025-11-27T17:26:21.343544,47,78,166,265,219,127,93,146,3262,-5280,-10291,11136,-553,-1803,-204,448,-397,-324
2025-11-27T17:26:21.360608,45,68,171,256,226,146,67,106,3274,-5211,-10276,11179,-541,-1800,-57,351,-292,-321
2025-11-27T17:26:21.383657,42,68,169,268,218,148,63,108,3301,-5165,-10270,11198,-569,-1794,-57,234,-119,-362
2025-11-27T17:26:21.402999,50,75,165,233,212,151,63,136,3333,-5135,-10286,11188,-588,-1896,-3,9,-6,-409
2025-11-27T17:26:21.421313,65,73,153,191,154,140,83,183,3319,-5152,-10348,11126,-672,-2271,-39,-472,44,-216
2025-11-27T17:26:21.443543,66,68,101,186,213,190,99,185,3294,-5177,-10364,11107,-620,-2445,163,-288,37,30
2025-11-27T17:26:21.462937,66,69,97,174,229,176,98,186,3276,-5197,-10342,11124,-606,-2274,92,42,16,92
2025-11-27T17:26:21.481100,67,70,91,132,234,182,102,181,3237,-5215,-10328,11139,-642,-2186,70,-21,-72,127
2025-11-27T17:26:21.503626,61,58,72,129,233,172,95,159,3212,-5208,-10302,11175,-585,-2239,136,122,-141,73
2025-11-27T17:26:21.522926,45,81,68,139,251,202,90,100,3182,-5177,-10272,11225,-531,-2158,66,252,-280,49
2025-11-27T17:26:21.541187,42,89,74,183,285,204,101,80,3152,-5129,-10250,11276,-500,-2021,87,241,-352,-17
2025-11-27T17:26:21.563413,40,88,78,191,304,205,112,74,3144,-5068,-10235,11319,-384,-2012,58,259,-320,-112
2025-11-27T17:26:21.582843,42,99,110,182,305,200,108,67,3162,-4993,-10218,11362,-298,-2138,70,332,-283,-206
2025-11-27T17:26:21.600790,42,104,133,240,317,205,111,57,3199,-4917,-10164,11433,-304,-2042,95,606,-228,-200
2025-11-27T17:26:21.624239,39,95,131,252,335,201,109,55,3230,-4852,-10116,11495,-297,-1902,92,541,-202,-181
2025-11-27T17:26:21.642556,34,84,128,231,291,150,83,47,3245,-4803,-10110,11516,-289,-1781,72,204,-169,-188
2025-11-27T17:26:21.660714,32,79,123,229,259,153,69,38,3250,-4766,-10139,11504,-271,-1958,75,-79,-146,-180
2025-11-27T17:26:21.683130,26,61,96,231,264,155,68,38,3255,-4736,-10168,11490,-225,-2014,75,-94,-113,-134
2025-11-27T17:26:21.703273,25,52,57,181,252,153,65,37,3265,-4710,-10188,11480,-247,-2033,46,-28,-74,-133
2025-11-27T17:26:21.721191,23,31,51,172,267,148,58,34,3283,-4691,-10197,11475,-257,-1977,59,32,-18,-132
2025-11-27T17:26:21.743171,24,37,48,155,284,147,52,30,3303,-4678,-10211,11462,-263,-1949,53,-16,15,-142
2025-11-27T17:26:21.763134,21,37,44,155,284,139,47,30,3316,-4673,-10234,11440,-282,-1946,66,-115,33,-129
2025-11-27T17:26:21.780729,22,37,37,156,301,137,46,30,3327,-4674,-10262,11411,-278,-1984,92,-192,57,-112
2025-11-27T17:26:21.803634,22,37,37,132,299,130,48,34,3334,-4687,-10296,11373,-287,-2095,86,-262,96,-75
2025-11-27T17:26:21.834840,26,35,35,120,250,81,50,47,3345,-4701,-10314,11348,-278,-2176,74,-145,107,-33
2025-11-27T17:26:21.841628,28,29,38,123,188,53,50,55,3364,-4715,-10310,11340,-276,-2141,82,6,140,-12
2025-11-27T17:26:21.863609,31,29,50,129,175,51,54,60,3371,-4739,-10302,11335,-361,-2123,99,-8,135,33
2025-11-27T17:26:21.882879,31,31,71,140,128,46,54,66,3370,-4766,-10292,11333,-382,-2138,82,3,111,74
2025-11-27T17:26:21.901160,30,33,80,159,156,40,49,66,3365,-4791,-10271,11343,-385,-2170,146,55,92,121
2025-11-27T17:26:21.923656,29,40,100,161,166,43,40,60,3363,-4820,-10231,11368,-358,-2189,231,134,118,188
2025-11-27T17:26:21.943240,27,39,104,163,165,55,40,54,3367,-4862,-10173,11401,-399,-2165,297,198,202,237
2025-11-27T17:26:21.960987,25,36,104,174,189,97,44,48,3373,-4929,-10108,11427,-456,-2086,386,133,333,293
2025-11-27T17:26:21.983265,24,36,106,239,182,113,58,40,3383,-5022,-10064,11423,-530,-1997,355,-60,471,257
2025-11-27T17:26:22.006165,24,38,136,252,154,129,61,37,3395,-5137,-10046,11385,-563,-1992,367,-317,599,229
2025-11-27T17:26:22.021218,22,32,127,256,136,130,60,33,3416,-5276,-10048,11313,-613,-2033,350,-525,756,188
2025-11-27T17:26:22.043506,23,38,186,350,134,127,60,29,3438,-5439,-10065,11213,-718,-2160,229,-656,876,174
2025-11-27T17:26:22.066074,22,42,202,363,122,102,54,29,3439,-5614,-10099,11095,-858,-2196,74,-775,856,181
2025-11-27T17:26:22.081077,24,42,208,323,128,85,38,25,3450,-5768,-10102,11010,-922,-2329,-42,-456,782,165
2025-11-27T17:26:22.103643,23,40,190,352,161,58,33,24,3504,-5873,-10039,10995,-829,-2284,4,155,689,93
2025-11-27T17:26:22.126106,23,37,188,361,166,51,30,23,3604,-5941,-9946,11011,-781,-2072,-20,533,676,-106
2025-11-27T17:26:22.141045,22,31,130,284,171,49,30,22,3749,-5973,-9862,11020,-716,-1947,-65,644,686,-415
2025-11-27T17:26:22.164042,22,26,104,275,162,41,30,22,3934,-5967,-9812,11003,-575,-1926,-127,603,680,-730
2025-11-27T17:26:22.194332,22,25,90,273,165,38,27,23,4115,-5924,-9812,10961,-443,-2018,-210,420,503,-918
2025-11-27T17:26:22.201149,24,38,110,224,132,32,25,23,4271,-5859,-9844,10907,-197,-2037,-245,267,317,-868
2025-11-27T17:26:22.231045,23,43,153,210,138,38,30,22,4400,-5784,-9882,10861,-36,-2054,-296,256,166,-734
2025-11-27T17:26:22.253947,24,51,204,200,197,125,46,25,4525,-5677,-9902,10848,36,-1972,-215,440,0,-730
2025-11-27T17:26:22.268834,23,55,251,308,222,136,48,26,4655,-5547,-9916,10848,74,-1778,-291,595,-80,-809
2025-11-27T17:26:22.282846,24,66,271,347,229,139,51,25,4759,-5406,-9956,10837,102,-1750,-357,467,-231,-819
2025-11-27T17:26:22.305572,26,71,273,350,229,141,52,25,4867,-5243,-9968,10858,178,-1769,-214,662,-299,-781
2025-11-27T17:26:22.320686,27,71,267,358,226,142,49,34,4970,-5086,-9950,10903,215,-1748,-153,813,-280,-648
2025-11-27T17:26:22.342638,26,69,244,381,206,134,61,39,5076,-4946,-9920,10945,297,-1749,1,761,-171,-561
2025-11-27T17:26:22.365210,29,74,210,311,249,225,91,44,5170,-4850,-9904,10958,242,-1769,153,435,-21,-480
2025-11-27T17:26:22.381140,30,65,193,272,247,230,95,48,5227,-4804,-9908,10948,181,-1933,236,98,38,-290
2025-11-27T17:26:22.403597,30,54,179,262,258,236,97,53,5248,-4783,-9911,10945,254,-2184,353,-26,8,-15
2025-11-27T17:26:22.428835,58,55,157,251,269,239,98,64,5271,-4770,-9884,10964,308,-2298,388,143,58,119
2025-11-27T17:26:22.444672,127,68,132,205,249,215,84,62,5279,-4767,-9829,11010,118,-2100,438,266,50,200
2025-11-27T17:26:22.463109,133,70,111,175,204,148,61,64,5270,-4784,-9787,11045,-66,-2157,394,153,51,196
2025-11-27T17:26:22.485611,135,72,113,188,284,239,86,66,5237,-4819,-9796,11037,-122,-2044,374,-259,9,163
2025-11-27T17:26:22.504605,137,73,115,183,328,283,107,64,5185,-4870,-9859,10983,-78,-1990,255,-626,-5,145
2025-11-27T17:26:22.530466,128,70,121,182,332,295,116,58,5133,-4925,-9950,10900,65,-1997,129,-786,14,137
2025-11-27T17:26:22.545674,62,53,122,178,340,302,119,56,5054,-4994,-10061,10804,178,-1995,-12,-923,-37,294
2025-11-27T17:26:22.565044,50,42,115,157,334,287,113,71,4941,-5083,-10162,10719,268,-2076,-108,-907,-85,591
2025-11-27T17:26:22.588050,48,38,85,120,273,218,96,91,4811,-5174,-10214,10687,226,-2003,-178,-556,-152,822
2025-11-27T17:26:22.605703,41,30,72,117,202,149,70,94,4639,-5278,-10274,10654,32,-1826,-202,-696,-265,913
2025-11-27T17:26:22.626193,38,31,61,94,175,114,54,92,4439,-5387,-10353,10608,-263,-1973,-173,-903,-354,842
2025-11-27T17:26:22.643473,36,36,56,101,155,89,50,92,4241,-5488,-10405,10586,-509,-2173,-154,-736,-373,786
2025-11-27T17:26:22.666051,32,36,63,122,125,75,44,78,4053,-5562,-10436,10591,-663,-2112,-221,-480,-453,677
2025-11-27T17:26:22.685308,24,35,69,118,90,47,34,51,3889,-5601,-10451,10617,-718,-2099,-185,-284,-511,513
2025-11-27T17:26:22.703549,24,41,116,114,91,49,31,43,3755,-5609,-10464,10648,-645,-2053,-83,-210,-517,350
2025-11-27T17:26:22.726085,23,42,127,121,117,65,35,36,3656,-5602,-10483,10668,-566,-2025,-58,-208,-433,193
2025-11-27T17:26:22.746122,22,52,134,137,164,115,50,36,3585,-5582,-10504,10681,-520,-2055,-32,-184,-366,64
2025-11-27T17:26:22.763539,21,51,132,131,176,122,53,34,3537,-5548,-10525,10694,-514,-1972,6,-142,-333,-69
2025-11-27T17:26:22.790309,20,55,139,135,178,130,57,32,3516,-5493,-10543,10711,-491,-2086,18,-49,-311,-215
2025-11-27T17:26:22.812643,21,50,103,147,190,134,60,31,3522,-5428,-10552,10735,-429,-2177,25,70,-260,-289
2025-11-27T17:26:22.823488,21,49,88,179,215,135,59,29,3550,-5366,-10544,10764,-348,-2217,42,183,-158,-281
2025-11-27T17:26:22.845664,22,34,76,167,190,96,45,37,3586,-5311,-10513,10810,-290,-2195,99,315,-106,-195
2025-11-27T17:26:22.865192,23,33,71,243,215,106,46,37,3616,-5280,-10475,10852,-239,-2137,96,301,-26,-64
2025-11-27T17:26:22.883506,25,30,70,290,231,98,45,41,3634,-5283,-10459,10860,-215,-2032,33,72,84,25
2025-11-27T17:26:22.905934,24,28,75,316,227,92,42,41,3635,-5317,-10480,10822,-163,-2049,17,-296,178,107
2025-11-27T17:26:22.925290,26,34,111,317,197,84,40,41,3631,-5388,-10506,10763,-134,-2142,38,-468,329,249
2025-11-27T17:26:22.943136,25,36,125,321,181,83,40,33,3622,-5503,-10517,10697,-180,-2172,62,-530,507,434
2025-11-27T17:26:22.966571,23,37,125,273,135,60,35,30,3623,-5662,-10506,10624,-283,-2166,70,-529,751,540
2025-11-27T17:26:22.988363,20,35,150,341,124,84,35,25,3644,-5848,-10488,10534,-328,-2146,70,-572,964,546
2025-11-27T17:26:23.003548,22,40,161,327,166,104,44,25,3678,-6052,-10470,10424,-437,-2211,5,-628,1119,494
2025-11-27T17:26:23.026807,18,33,141,327,162,101,42,26,3727,-6259,-10435,10318,-544,-2093,-92,-482,1196,433
2025-11-27T17:26:23.048048,18,32,133,328,171,101,42,24,3785,-6454,-10400,10213,-686,-2164,-171,-425,1185,299
2025-11-27T17:26:23.067757,21,31,140,371,203,100,43,26,3873,-6618,-10346,10129,-678,-2180,-229,-155,1160,166
2025-11-27T17:26:23.090403,23,33,121,307,211,77,41,27,3988,-6747,-10287,10060,-723,-2097,-313,66,1103,-55
2025-11-27T17:26:23.108611,20,30,123,301,209,66,38,25,4123,-6822,-10225,10017,-803,-2076,-334,304,933,-327
2025-11-27T17:26:23.123551,22,31,130,284,207,66,41,35,4278,-6833,-10174,9997,-692,-2040,-367,512,707,-568
2025-11-27T17:26:23.146185,22,35,138,343,209,66,41,41,4447,-6806,-10145,9971,-471,-1949,-319,489,599,-712
2025-11-27T17:26:23.171026,25,57,146,296,194,65,49,46,4596,-6743,-10156,9935,-432,-2065,-455,407,353,-870
2025-11-27T17:26:23.183054,25,61,160,285,191,72,49,50,4769,-6610,-10152,9947,-343,-2239,-446,788,113,-1043
2025-11-27T17:26:23.203980,26,62,151,283,157,97,61,50,4948,-6432,-10117,10012,-215,-2186,-463,1206,-96,-1031
2025-11-27T17:26:23.228724,25,66,156,316,193,112,66,44,5104,-6239,-10073,10100,-193,-1870,-527,1365,-265,-973
2025-11-27T17:26:23.242942,26,65,154,252,196,123,69,41,5226,-6049,-10060,10165,-234,-1607,-515,1118,-368,-1002
2025-11-27T17:26:23.265829,23,63,154,260,196,125,65,34,5319,-5883,-10095,10180,-132,-1814,-462,654,-359,-965
2025-11-27T17:26:23.288485,24,59,132,244,196,137,68,30,5406,-5743,-10119,10190,42,-2100,-339,552,-262,-757
2025-11-27T17:26:23.303606,26,59,131,244,205,132,59,31,5483,-5636,-10106,10221,51,-2138,-174,599,-147,-508
2025-11-27T17:26:23.330297,27,78,144,245,389,278,93,35,5545,-5563,-10084,10249,115,-2049,-82,490,-56,-302
2025-11-27T17:26:23.348467,28,79,153,299,458,361,133,42,5579,-5536,-10092,10238,161,-1919,-28,76,32,-157
2025-11-27T17:26:23.363278,29,68,146,306,472,366,136,49,5561,-5561,-10148,10179,148,-1862,13,-483,28,14
2025-11-27T17:26:23.386115,29,67,139,302,472,361,137,51,5477,-5604,-10253,10095,225,-2140,-147,-835,-184,209
2025-11-27T17:26:23.412877,32,67,133,316,490,361,137,58,5352,-5654,-10304,10083,127,-2380,-235,-463,-342,574
2025-11-27T17:26:23.423503,33,37,104,287,375,277,116,64,5230,-5660,-10291,10156,6,-2480,-353,214,-529,642
2025-11-27T17:26:23.450555,34,31,75,221,291,153,68,68,5059,-5667,-10247,10282,-274,-1976,-452,476,-748,826
2025-11-27T17:26:23.468542,48,31,59,196,276,144,66,118,4769,-5713,-10255,10387,-338,-1867,-406,-106,-1083,1246
2025-11-27T17:26:23.487582,56,32,60,201,267,145,67,127,4439,-5748,-10305,10464,-504,-2207,-388,-443,-1271,1180
2025-11-27T17:26:23.506073,55,31,57,193,230,126,63,128,4100,-5743,-10345,10566,-542,-2382,-284,-341,-1480,1153
2025-11-27T17:26:23.528438,55,35,56,200,184,84,57,125,3786,-5690,-10345,10710,-523,-2278,-174,13,-1587,1065
2025-11-27T17:26:23.550587,55,33,59,201,166,69,52,122,3524,-5578,-10305,10895,-577,-2140,-63,440,-1647,856
2025-11-27T17:26:23.572369,42,30,57,204,139,63,41,72,3301,-5415,-10243,11104,-661,-1992,-2,738,-1714,590
2025-11-27T17:26:23.587900,29,30,52,208,133,55,30,52,3116,-5214,-10178,11312,-607,-1822,91,855,-1721,323
2025-11-27T17:26:23.606892,26,33,72,211,121,55,28,42,2959,-5005,-10131,11489,-493,-1708,221,717,-1614,137
2025-11-27T17:26:23.625494,24,30,81,215,159,62,29,42,2827,-4805,-10103,11631,-407,-1649,295,486,-1438,-21
2025-11-27T17:26:23.647957,22,34,115,243,169,79,41,38,2732,-4613,-10097,11736,-304,-1678,390,278,-1229,-154
2025-11-27T17:26:23.663062,23,34,117,247,172,82,46,37,2672,-4435,-10117,11801,-181,-1683,454,55,-1006,-269
2025-11-27T17:26:23.693511,24,32,127,263,207,99,49,37,2643,-4274,-10163,11827,-99,-1768,425,-132,-791,-370
2025-11-27T17:26:23.711666,24,29,119,256,206,102,53,39,2650,-4130,-10215,11833,-50,-1881,418,-178,-579,-457
2025-11-27T17:26:23.723352,22,30,114,242,170,101,55,50,2689,-3998,-10247,11842,-41,-2012,459,-63,-404,-520
2025-11-27T17:26:23.745561,22,29,109,225,169,86,48,53,2754,-3883,-10256,11857,39,-2125,460,83,-231,-486
2025-11-27T17:26:23.768339,25,35,156,235,161,79,46,54,2821,-3789,-10257,11870,45,-2150,418,121,-130,-423
2025-11-27T17:26:23.783283,23,34,151,208,117,71,48,55,2876,-3709,-10258,11882,-29,-2089,396,98,-130,-388
2025-11-27T17:26:23.813381,23,35,151,207,120,88,49,54,2922,-3633,-10257,11895,30,-2191,439,85,-136,-298
2025-11-27T17:26:23.829252,23,33,148,207,124,93,50,41,2962,-3577,-10264,11896,77,-2012,394,1,-72,-225
2025-11-27T17:26:23.847636,24,32,127,201,127,103,52,34,3000,-3542,-10281,11882,9,-2055,355,-97,8,-215
2025-11-27T17:26:23.865737,19,30,55,207,136,104,51,29,3038,-3518,-10293,11869,20,-2136,395,-100,59,-163
2025-11-27T17:26:23.888367,67,49,50,200,152,93,44,39,3079,-3509,-10287,11866,32,-2171,374,11,131,-86
2025-11-27T17:26:23.910851,70,49,52,187,165,93,46,41,3108,-3527,-10267,11871,2,-2166,383,50,205,62
2025-11-27T17:26:23.925927,71,51,65,214,203,139,61,41,3130,-3579,-10251,11864,-5,-2154,395,-56,332,194
2025-11-27T17:26:23.948570,71,52,112,220,210,147,63,41,3143,-3677,-10254,11827,-89,-1988,398,-322,497,294
2025-11-27T17:26:23.975304,73,51,126,228,219,154,67,43,3143,-3818,-10277,11762,-183,-2047,409,-579,637,397
2025-11-27T17:26:23.985947,38,37,150,253,222,160,69,32,3140,-3986,-10304,11683,-234,-2132,424,-696,748,484
2025-11-27T17:26:24.008425,33,37,162,269,210,152,65,28,3148,-4171,-10314,11608,-303,-2178,383,-607,871,501
2025-11-27T17:26:24.039170,31,36,171,322,195,104,47,26,3173,-4364,-10304,11539,-388,-2153,366,-497,973,466
2025-11-27T17:26:24.046339,31,37,179,349,182,83,40,24,3218,-4564,-10283,11468,-452,-2118,281,-406,1081,403
2025-11-27T17:26:24.068725,27,39,189,353,178,71,35,22,3287,-4766,-10260,11387,-496,-2135,174,-346,1186,294
2025-11-27T17:26:24.090915,24,35,178,340,166,58,28,21,3387,-4963,-10228,11301,-532,-2101,45,-221,1282,152
2025-11-27T17:26:24.105921,23,33,170,339,168,49,27,22,3524,-5154,-10180,11217,-597,-2068,-41,-42,1400,-15
2025-11-27T17:26:24.128382,24,35,183,385,153,51,28,21,3703,-5327,-10112,11140,-683,-2002,-81,172,1486,-252
2025-11-27T17:26:24.150418,23,33,157,369,149,48,28,21,3905,-5469,-10066,11043,-727,-1856,-181,141,1445,-553
2025-11-27T17:26:24.165899,21,28,136,343,141,43,28,44,4167,-5543,-10019,10953,-585,-1821,-211,394,1390,-945
2025-11-27T17:26:24.196560,20,30,139,334,130,40,28,48,4460,-5561,-10009,10838,-291,-1885,-245,329,1278,-1221
2025-11-27T17:26:24.210896,22,30,136,331,174,134,60,54,4713,-5574,-10052,10682,-24,-1825,-168,-123,1134,-1132
2025-11-27T17:26:24.225912,22,27,100,207,240,158,70,57,4902,-5587,-10126,10519,76,-1813,-178,-391,882,-943
2025-11-27T17:26:24.248427,22,26,89,193,247,159,75,59,5051,-5592,-10230,10344,122,-1723,-409,-488,675,-900
2025-11-27T17:26:24.278847,27,29,84,202,253,192,95,49,5153,-5586,-10339,10187,151,-1963,-428,-527,441,-750
2025-11-27T17:26:24.285547,27,30,61,208,261,205,101,50,5236,-5533,-10408,10104,211,-2164,-415,-97,134,-625
2025-11-27T17:26:24.308352,26,29,57,216,239,165,89,45,5305,-5432,-10406,10125,202,-2192,-464,616,-143,-447
2025-11-27T17:26:24.330432,25,29,50,196,188,152,83,42,5326,-5333,-10370,10203,138,-2115,-512,887,-349,-147
2025-11-27T17:26:24.345487,29,33,46,181,257,215,100,43,5285,-5269,-10335,10293,-58,-2022,-343,670,-467,109
2025-11-27T17:26:24.368412,26,29,44,164,261,196,85,37,5193,-5241,-10333,10355,-229,-1957,-345,303,-531,222
2025-11-27T17:26:24.399091,26,27,56,150,254,186,79,31,5060,-5234,-10364,10393,-297,-2260,-188,-107,-620,310
2025-11-27T17:26:24.406523,26,40,63,106,253,189,79,35,4920,-5214,-10386,10448,-255,-2531,-93,-55,-702,379
2025-11-27T17:26:24.436435,31,47,104,89,236,182,79,74,4787,-5172,-10361,10555,-294,-2529,12,297,-771,441
2025-11-27T17:26:24.450886,29,54,112,84,155,101,52,76,4643,-5120,-10314,10691,-343,-2401,70,461,-858,514
2025-11-27T17:26:24.465537,32,66,132,142,127,81,43,98,4507,-5074,-10270,10812,-378,-2367,132,378,-791,481
2025-11-27T17:26:24.488501,39,75,156,172,142,78,43,115,4371,-5021,-10212,10947,-577,-2313,159,491,-821,401
2025-11-27T17:26:24.510861,42,69,164,174,126,56,38,153,4258,-4938,-10149,11086,-626,-2252,177,620,-857,213
2025-11-27T17:26:24.525671,42,66,145,178,115,49,34,153,4181,-4835,-10080,11224,-517,-2116,247,705,-798,73
2025-11-27T17:26:24.556641,44,60,140,181,99,40,32,159,4138,-4737,-10007,11346,-326,-2137,291,712,-618,53
2025-11-27T17:26:24.570859,43,52,124,162,146,61,34,153,4105,-4657,-9936,11453,-273,-2064,334,635,-495,80
2025-11-27T17:26:24.586076,38,39,92,129,135,92,44,145,4084,-4583,-9879,11540,-304,-2012,427,488,-416,-25
2025-11-27T17:26:24.608366,33,42,85,134,148,103,46,109,4089,-4496,-9863,11586,-230,-1647,314,288,-375,-268
2025-11-27T17:26:24.632121,51,42,89,134,156,109,60,163,4117,-4391,-9878,11603,-87,-1809,277,165,-364,-437
2025-11-27T17:26:24.646219,98,46,89,129,169,115,92,286,4177,-4269,-9882,11623,81,-2106,335,289,-302,-511
2025-11-27T17:26:24.668403,103,45,89,111,181,145,97,297,4278,-4152,-9839,11665,192,-2168,354,612,-101,-510
2025-11-27T17:26:24.690908,105,46,84,121,215,155,105,303,4380,-4052,-9754,11734,191,-2051,395,840,-5,-377
2025-11-27T17:26:24.705904,106,45,71,130,235,178,108,304,4439,-3962,-9671,11811,94,-1749,289,826,-134,-228
2025-11-27T17:26:24.728287,99,44,65,125,252,190,104,275,4477,-3874,-9624,11864,193,-1780,375,537,-206,-176
2025-11-27T17:26:24.751554,53,41,61,132,254,199,88,139,4499,-3791,-9618,11888,249,-1956,389,272,-255,-171
2025-11-27T17:26:24.765843,49,38,56,123,223,173,82,122,4523,-3710,-9574,11940,195,-2031,447,503,-228,-111
2025-11-27T17:26:24.788357,47,53,55,119,188,149,65,103,4567,-3605,-9486,12025,235,-1913,457,855,-227,-157
2025-11-27T17:26:24.810917,48,91,59,135,197,118,60,95,4626,-3499,-9391,12108,265,-1788,491,879,-166,-206
2025-11-27T17:26:24.825860,47,92,51,142,224,145,71,83,4674,-3414,-9320,12168,269,-1729,542,644,-124,-159
2025-11-27T17:26:24.848339,43,95,50,129,245,152,64,78,4712,-3366,-9278,12199,241,-1768,600,345,-20,-105
2025-11-27T17:26:24.870819,35,96,54,144,276,210,77,56,4741,-3338,-9257,12212,199,-1897,625,165,19,-88
2025-11-27T17:26:24.893332,34,104,79,241,287,219,79,54,4766,-3311,-9248,12216,182,-1811,637,64,-7,-104
2025-11-27T17:26:24.908321,35,83,112,248,285,239,90,55,4786,-3307,-9268,12194,209,-1852,567,-135,64,-73
2025-11-27T17:26:24.930766,32,84,154,325,395,278,97,53,4820,-3320,-9281,12167,201,-1752,670,-213,189,-82
2025-11-27T17:26:24.953340,38,85,162,337,381,280,102,60,4858,-3368,-9333,12098,289,-1675,555,-521,347,-59
2025-11-27T17:26:24.968340,39,86,164,345,370,243,97,53,4881,-3468,-9415,11997,288,-1801,581,-861,497,82
2025-11-27T17:26:24.990361,45,67,160,299,371,246,106,71,4869,-3604,-9496,11898,246,-2003,529,-918,523,330
2025-11-27T17:26:25.013256,47,56,143,304,383,232,97,76,4835,-3760,-9559,11813,284,-2081,457,-834,557,562
2025-11-27T17:26:25.033708,51,65,114,254,256,149,80,79,4772,-3933,-9597,11751,58,-2237,411,-702,518,701
2025-11-27T17:26:25.050598,54,58,104,239,257,126,75,150,4694,-4088,-9602,11725,3,-2284,299,-386,393,802
2025-11-27T17:26:25.073324,55,53,100,226,321,198,88,162,4607,-4212,-9576,11737,-26,-2124,246,-96,239,840
2025-11-27T17:26:25.088338,56,92,97,211,354,207,82,158,4499,-4323,-9554,11757,-54,-2013,249,-112,101,894
2025-11-27T17:26:25.110812,55,92,90,179,324,200,81,162,4371,-4430,-9538,11778,-140,-2015,181,-124,1,934
2025-11-27T17:26:25.133304,53,85,71,131,327,215,81,168,4234,-4529,-9525,11801,-227,-2009,106,-97,-77,908
2025-11-27T17:26:25.148437,46,86,67,170,325,218,79,106,4103,-4623,-9518,11817,-340,-1886,96,-135,-85,808
2025-11-27T17:26:25.170845,47,86,66,197,283,181,66,96,3962,-4716,-9517,11829,-492,-1922,157,-228,-132,765
2025-11-27T17:26:25.193811,42,44,51,193,247,170,64,90,3819,-4801,-9524,11836,-595,-1968,125,-251,-186,700
2025-11-27T17:26:25.208327,38,37,44,198,265,179,64,77,3695,-4867,-9526,11846,-674,-2045,140,-175,-195,549
2025-11-27T17:26:25.230736,35,35,39,194,250,169,62,60,3600,-4908,-9507,11874,-694,-1989,220,3,-199,410
2025-11-27T17:26:25.253216,35,34,51,195,300,190,73,59,3524,-4936,-9474,11912,-748,-1900,260,111,-191,302
2025-11-27T17:26:25.272841,28,34,100,200,278,167,67,36,3450,-4954,-9459,11937,-825,-1821,225,26,-234,172
2025-11-27T17:26:25.290916,25,30,102,207,273,159,61,33,3379,-4957,-9479,11941,-844,-1898,248,-170,-293,30
2025-11-27T17:26:25.321543,27,36,106,214,258,153,61,42,3329,-4936,-9502,11946,-764,-1935,291,-136,-311,-85
2025-11-27T17:26:25.328271,28,37,108,212,242,142,59,48,3308,-4902,-9509,11960,-676,-1962,330,1,-254,-166
2025-11-27T17:26:25.350464,30,38,123,187,168,101,37,51,3309,-4864,-9512,11973,-589,-1920,353,47,-191,-219
2025-11-27T17:26:25.372951,29,39,107,206,147,91,36,51,3322,-4824,-9523,11977,-553,-1906,332,14,-148,-289
2025-11-27T17:26:25.392087,29,38,105,214,126,76,43,59,3342,-4782,-9546,11970,-472,-1970,317,-41,-127,-312
2025-11-27T17:26:25.410596,27,35,103,234,118,70,44,61,3374,-4740,-9558,11968,-350,-2029,373,11,-72,-276
2025-11-27T17:26:25.433381,25,33,100,239,119,70,44,60,3412,-4705,-9555,11973,-305,-1986,420,76,-10,-225
2025-11-27T17:26:25.448556,21,30,76,236,128,76,45,57,3447,-4686,-9557,11969,-300,-1900,374,20,53,-196
2025-11-27T17:26:25.479004,22,28,45,216,131,72,43,56,3463,-4702,-9595,11928,-264,-2045,357,-308,148,-73
2025-11-27T17:26:25.493013,24,28,60,222,143,72,35,49,3459,-4744,-9642,11875,-250,-2134,330,-432,202,82
2025-11-27T17:26:25.508317,25,30,81,241,207,126,60,42,3454,-4799,-9671,11830,-191,-2107,271,-333,256,206
2025-11-27T17:26:25.530697,23,31,89,263,230,137,64,34,3445,-4871,-9692,11786,-174,-2014,283,-347,323,288
2025-11-27T17:26:25.553397,24,31,106,276,236,132,63,32,3430,-4964,-9722,11726,-245,-1983,248,-463,399,318
2025-11-27T17:26:25.568311,24,34,130,263,239,141,65,33,3413,-5080,-9755,11654,-301,-2075,275,-574,504,373
2025-11-27T17:26:25.590837,24,37,147,263,226,144,67,32,3393,-5219,-9780,11577,-385,-2099,284,-604,605,436
2025-11-27T17:26:25.613221,26,36,145,255,166,96,43,26,3376,-5378,-9787,11504,-500,-2067,287,-563,708,476
2025-11-27T17:26:25.632676,25,37,158,276,127,81,39,26,3359,-5547,-9783,11431,-694,-2062,274,-535,756,445
2025-11-27T17:26:25.651136,25,41,176,321,112,78,37,24,3355,-5703,-9774,11364,-853,-2088,311,-490,750,296
2025-11-27T17:26:25.673274,28,49,192,371,115,60,35,25,3373,-5828,-9773,11295,-942,-2142,196,-404,692,55
2025-11-27T17:26:25.688308,25,46,182,368,123,52,32,24,3425,-5921,-9774,11231,-923,-2103,141,-264,660,-173
2025-11-27T17:26:25.710760,24,47,182,390,141,42,29,22,3516,-5986,-9764,11176,-823,-2094,68,-49,673,-334
2025-11-27T17:26:25.733259,24,46,171,382,172,37,29,21,3644,-6030,-9739,11133,-780,-2059,-43,206,698,-495
2025-11-27T17:26:25.759681,25,43,142,339,197,45,31,22,3816,-6045,-9704,11098,-765,-1907,-105,433,721,-757
2025-11-27T17:26:25.770766,20,31,95,274,193,44,30,20,4006,-6013,-9684,11067,-689,-1805,-56,469,578,-986
2025-11-27T17:26:25.792945,23,35,81,400,211,49,32,23,4199,-5943,-9695,11023,-576,-1955,-19,352,439,-1155
2025-11-27T17:26:25.815766,21,32,97,373,231,93,42,25,4391,-5867,-9735,10953,-330,-2073,-80,204,414,-1153
2025-11-27T17:26:25.830684,23,40,187,423,229,108,44,25,4570,-5803,-9775,10877,-232,-1984,7,87,445,-1055
2025-11-27T17:26:25.861428,22,40,196,433,217,107,43,27,4725,-5741,-9828,10796,-269,-1897,-133,49,352,-1040
2025-11-27T17:26:25.875805,23,40,209,475,213,110,43,28,4853,-5654,-9895,10724,-227,-2064,-184,37,123,-1028
2025-11-27T17:26:25.890777,21,39,227,385,187,109,41,24,4978,-5541,-9945,10680,-109,-2198,-225,259,-1,-983
2025-11-27T17:26:25.912893,21,39,226,384,156,82,31,22,5114,-5412,-9943,10683,-40,-2150,-94,603,-18,-886
2025-11-27T17:26:25.935824,21,38,197,404,170,94,38,22,5249,-5290,-9921,10699,-30,-2065,-74,703,16,-818
2025-11-27T17:26:25.950514,21,39,190,436,201,125,53,22,5365,-5185,-9928,10687,3,-1900,-25,414,21,-798
2025-11-27T17:26:25.981511,23,39,178,408,272,186,75,30,5488,-5078,-9941,10664,118,-2046,99,311,49,-814
2025-11-27T17:26:25.995672,27,39,186,405,303,198,80,31,5605,-4977,-9949,10643,251,-2146,212,268,54,-711
2025-11-27T17:26:26.010746,31,43,177,393,312,198,79,33,5700,-4906,-9954,10621,278,-2069,199,188,101,-523
2025-11-27T17:26:26.032870,30,38,131,299,293,189,76,35,5772,-4848,-9953,10609,257,-2068,216,177,66,-393
2025-11-27T17:26:26.055560,32,41,141,281,265,169,66,34,5846,-4781,-9935,10616,238,-2070,298,291,33,-384
2025-11-27T17:26:26.070327,30,40,162,308,212,99,44,30,5911,-4730,-9909,10626,222,-2063,238,319,76,-295
2025-11-27T17:26:26.093259,27,39,127,298,182,77,34,29,5960,-4701,-9889,10631,143,-2021,272,194,87,-230
2025-11-27T17:26:26.116556,25,36,147,386,193,162,62,31,5993,-4682,-9886,10624,84,-2072,247,69,59,-232
2025-11-27T17:26:26.130740,27,42,169,421,205,161,62,29,6017,-4671,-9917,10586,135,-2025,161,-155,39,-261
2025-11-27T17:26:26.153123,35,92,170,397,206,168,66,32,6037,-4662,-9967,10532,156,-1929,162,-295,17,-294
2025-11-27T17:26:26.175750,35,94,149,356,187,174,67,30,6044,-4676,-10017,10474,272,-2243,98,-337,75,-138
2025-11-27T17:26:26.190724,37,100,154,355,178,183,72,32,6044,-4694,-10025,10458,286,-2082,125,-91,78,74
2025-11-27T17:26:26.213208,36,106,176,310,198,128,55,31,6040,-4717,-10011,10463,149,-1930,163,13,90,121
2025-11-27T17:26:26.236534,34,107,167,273,258,155,70,37,6024,-4752,-10031,10438,154,-1812,19,-180,74,100
2025-11-27T17:26:26.250857,27,67,153,265,279,154,75,35,5990,-4801,-10068,10399,243,-1726,104,-411,49,204
2025-11-27T17:26:26.273209,29,64,152,274,288,148,77,39,5918,-4884,-10130,10341,326,-1914,30,-664,24,427
2025-11-27T17:26:26.295723,27,55,145,271,292,135,73,39,5795,-5006,-10188,10296,387,-2239,-93,-709,-21,812
2025-11-27T17:26:26.310714,28,43,82,195,266,122,71,37,5629,-5123,-10192,10327,327,-2390,-66,-347,-220,1182
2025-11-27T17:26:26.332738,26,30,49,148,196,82,54,30,5430,-5230,-10164,10406,153,-2367,-186,-44,-397,1348
2025-11-27T17:26:26.355937,25,29,45,130,160,73,44,30,5163,-5341,-10151,10498,-19,-1887,-206,-180,-671,1549
2025-11-27T17:26:26.370364,23,29,40,95,142,68,34,24,4885,-5442,-10186,10545,25,-1982,-126,-578,-755,1441
2025-11-27T17:26:26.393230,24,33,39,109,140,72,33,25,4590,-5558,-10207,10597,-189,-2165,-68,-609,-739,1518
2025-11-27T17:26:26.415927,24,32,41,118,135,82,39,26,4274,-5680,-10219,10653,-390,-2216,-75,-618,-789,1577
2025-11-27T17:26:26.435008,27,34,52,176,176,95,49,31,3972,-5775,-10229,10708,-417,-2161,38,-624,-819,1450
2025-11-27T17:26:26.461412,28,34,50,183,191,112,53,30,3711,-5823,-10237,10768,-460,-2028,-48,-410,-868,1143
2025-11-27T17:26:26.475740,27,35,61,210,203,114,55,32,3509,-5808,-10210,10870,-473,-1891,50,19,-914,827
2025-11-27T17:26:26.498974,26,32,81,221,200,110,56,31,3360,-5763,-10185,10964,-376,-1986,-55,184,-847,598
2025-11-27T17:26:26.513144,24,29,87,243,195,122,55,41,3245,-5705,-10140,11070,-445,-1887,98,316,-760,428
2025-11-27T17:26:26.535381,22,29,85,223,162,124,50,41,3163,-5657,-10074,11178,-588,-1833,185,425,-581,314
2025-11-27T17:26:26.550705,19,29,85,231,160,129,50,41,3105,-5625,-10014,11264,-657,-1756,189,362,-405,207
2025-11-27T17:26:26.581372,20,29,102,217,162,131,50,42,3059,-5609,-9992,11304,-701,-1747,180,74,-253,63
2025-11-27T17:26:26.595686,21,32,128,243,194,144,51,47,3017,-5602,-10021,11293,-699,-1884,151,-287,-171,-47
2025-11-27T17:26:26.610732,24,33,130,220,187,129,49,42,2985,-5600,-10063,11265,-730,-1996,208,-413,-85,-111
2025-11-27T17:26:26.633296,22,31,134,218,187,118,46,41,2979,-5589,-10087,11251,-715,-2125,147,-210,-43,-173
2025-11-27T17:26:26.656437,24,34,151,205,178,97,39,52,2995,-5574,-10082,11258,-721,-2151,148,24,3,-191
2025-11-27T17:26:26.675274,24,32,140,225,167,94,38,53,3025,-5559,-10068,11270,-702,-2071,135,111,49,-234
2025-11-27T17:26:26.693715,23,27,114,184,122,83,39,50,3070,-5541,-10060,11275,-652,-2025,90,123,90,-301
2025-11-27T17:26:26.716607,19,27,109,187,122,82,37,48,3115,-5518,-10064,11269,-598,-2037,60,60,71,-327
2025-11-27T17:26:26.739067,21,29,126,186,125,82,37,48,3159,-5497,-10067,11265,-570,-2053,62,67,78,-306
2025-11-27T17:26:26.753236,21,26,111,197,148,101,44,36,3196,-5479,-10076,11255,-554,-2048,40,24,66,-280
2025-11-27T17:26:26.775682,22,27,108,177,156,102,45,31,3221,-5463,-10094,11240,-531,-2075,8,-41,28,-241
2025-11-27T17:26:26.798911,23,24,98,169,162,95,42,27,3238,-5447,-10108,11230,-504,-2092,2,-23,-5,-187
2025-11-27T17:26:26.813098,24,25,94,165,169,90,43,24,3250,-5434,-10107,11234,-517,-2108,36,57,-18,-121
2025-11-27T17:26:26.835719,24,23,56,154,168,92,44,23,3273,-5421,-10094,11245,-465,-2061,52,145,23,-109
2025-11-27T17:26:26.859036,22,23,62,157,155,75,38,21,3303,-5411,-10086,11248,-440,-2002,52,105,71,-141
2025-11-27T17:26:26.873198,21,23,74,160,155,76,36,21,3332,-5405,-10092,11238,-395,-2014,85,-20,89,-146
2025-11-27T17:26:26.895491,20,26,90,177,160,78,36,21,3352,-5399,-10111,11217,-397,-2024,27,-92,62,-147
2025-11-27T17:26:26.918944,20,26,89,171,161,78,31,19,3378,-5388,-10119,11207,-369,-2094,69,-19,57,-140
2025-11-27T17:26:26.933207,20,26,92,208,158,72,29,17,3415,-5377,-10115,11205,-333,-2103,50,86,97,-136
2025-11-27T17:26:26.955833,22,28,92,205,145,63,26,19,3453,-5370,-10112,11199,-324,-2030,14,86,116,-133
2025-11-27T17:26:26.978868,23,27,86,194,135,55,25,19,3483,-5368,-10118,11185,-330,-1994,18,1,111,-127
2025-11-27T17:26:26.992643,24,28,84,200,137,51,28,20,3502,-5365,-10129,11171,-340,-2071,21,-35,65,-93
2025-11-27T17:26:27.015505,26,37,105,265,128,51,32,22,3518,-5368,-10134,11160,-316,-2091,31,-28,78,-38
2025-11-27T17:26:27.039350,25,36,110,272,129,47,33,24,3526,-5382,-10144,11142,-347,-2069,-18,-73,96,-5
2025-11-27T17:26:27.053157,23,37,108,305,144,47,35,25,3527,-5404,-10149,11127,-384,-2061,18,-90,108,41
2025-11-27T17:26:27.075359,23,39,121,309,163,65,40,27,3528,-5439,-10143,11114,-420,-2121,61,-81,170,99
2025-11-27T17:26:27.098657,23,39,120,323,170,86,43,25,3525,-5492,-10131,11100,-477,-2086,76,-105,236,160
2025-11-27T17:26:27.112873,22,31,107,283,186,91,43,23,3517,-5569,-10115,11079,-548,-2070,108,-169,332,226
2025-11-27T17:26:27.135783,22,33,103,263,187,95,43,21,3510,-5662,-10099,11049,-624,-2112,79,-206,410,241
2025-11-27T17:26:27.156620,24,31,103,240,180,97,43,20,3509,-5767,-10080,11012,-679,-2120,93,-245,500,235
2025-11-27T17:26:27.170586,22,26,84,233,169,89,39,18,3503,-5885,-10073,10958,-702,-2138,14,-335,545,260
2025-11-27T17:26:27.193739,23,24,76,211,151,71,33,17,3495,-6005,-10067,10900,-698,-2118,-21,-356,551,273
2025-11-27T17:26:27.218896,23,27,101,243,151,68,31,18,3486,-6118,-10061,10846,-707,-2107,-33,-336,514,264
2025-11-27T17:26:27.233294,24,25,99,265,157,66,32,20,3479,-6221,-10050,10799,-760,-2121,-54,-280,476,219
2025-11-27T17:26:27.263893,23,24,95,248,158,64,31,19,3483,-6309,-10030,10765,-813,-2091,-98,-143,445,137
2025-11-27T17:26:27.278871,24,25,98,249,162,54,28,21,3519,-6372,-9997,10748,-859,-2033,-81,56,440,-48
2025-11-27T17:26:27.301466,24,27,95,235,169,49,29,22,3592,-6396,-9964,10740,-860,-1967,-116,234,401,-314
2025-11-27T17:26:27.315990,26,25,63,199,160,41,31,30,3713,-6374,-9938,10736,-803,-1975,-147,408,369,-646
2025-11-27T17:26:27.339062,28,27,62,186,187,38,34,47,3871,-6302,-9925,10735,-681,-2039,-97,499,293,-915
2025-11-27T17:26:27.352903,28,28,58,213,232,78,41,49,4067,-6196,-9913,10736,-450,-2202,32,571,294,-1059
2025-11-27T17:26:27.375721,30,28,55,261,301,127,52,51,4280,-6069,-9900,10737,-169,-2182,62,639,274,-1068
2025-11-27T17:26:27.398990,28,26,56,278,333,136,54,57,4476,-5918,-9887,10753,-183,-2125,-173,835,76,-1111
2025-11-27T17:26:27.413148,27,27,56,279,337,138,57,55,4684,-5714,-9842,10816,-107,-2064,-158,1235,-114,-1193
2025-11-27T17:26:27.435785,25,27,61,317,376,142,58,48,4880,-5486,-9790,10894,33,-1918,-183,1364,-268,-1150
2025-11-27T17:26:27.458970,25,28,60,307,352,133,56,50,5038,-5267,-9737,10977,47,-1926,-195,1337,-363,-988
2025-11-27T17:26:27.473212,23,31,81,274,303,97,50,49,5194,-5054,-9669,11064,92,-1894,-17,1316,-316,-929
2025-11-27T17:26:27.495679,24,31,88,263,270,91,48,42,5497,-4716,-9699,11041,416,-1858,21,960,-285,-2300
2025-11-27T17:26:27.526451,23,33,87,261,265,98,45,38,5658,-4517,-9689,11051,281,-1871,96,806,-198,-1115
2025-11-27T17:26:27.541358,25,33,88,200,171,93,43,30,5795,-4351,-9657,11075,184,-1982,289,756,-141,-937
2025-11-27T17:26:27.555752,25,34,87,200,175,81,39,22,5912,-4198,-9606,11117,229,-2038,341,829,-147,-745
2025-11-27T17:26:27.578844,26,33,68,198,187,105,46,22,6010,-4061,-9538,11173,288,-1905,385,859,-129,-556
2025-11-27T17:26:27.592478,26,36,81,196,260,154,52,24,6091,-3949,-9482,11217,351,-1770,471,656,-94,-412
2025-11-27T17:26:27.615320,27,35,84,196,275,153,54,28,6150,-3881,-9466,11222,415,-1695,473,247,-21,-298
2025-11-27T17:26:27.639123,25,33,77,197,283,158,52,28,6188,-3865,-9471,11203,354,-1798,524,-56,85,-166
2025-11-27T17:26:27.652341,27,31,76,201,304,177,60,30,6199,-3890,-9479,11181,247,-1962,525,-188,139,-10
2025-11-27T17:26:27.675203,30,32,77,199,301,171,70,37,6165,-3958,-9495,11163,141,-1889,418,-310,132,256
2025-11-27T17:26:27.698855,31,30,90,206,283,161,74,40,6111,-4041,-9535,11128,268,-2028,466,-543,108,379
2025-11-27T17:26:27.721363,31,27,110,214,265,158,79,47,6017,-4158,-9591,11088,210,-2037,348,-696,79,596
2025-11-27T17:26:27.735766,31,27,111,192,256,156,87,50,5870,-4295,-9664,11052,184,-2039,237,-825,-52,850
2025-11-27T17:26:27.758452,29,26,112,168,251,172,92,55,5645,-4471,-9736,11035,52,-2060,90,-896,-193,1271
2025-11-27T17:26:27.781310,25,23,112,159,227,161,84,53,5317,-4689,-9800,11052,36,-2260,46,-1076,-418,1902
2025-11-27T17:26:27.795599,33,20,80,127,158,126,82,70,5058,-4808,-9904,11029,285,-2374,-120,-911,-554,1349
2025-11-27T17:26:27.818790,34,22,43,84,150,124,77,69,4754,-4935,-9954,11063,-197,-2515,-119,-613,-700,1520
2025-11-27T17:26:27.841804,33,21,40,66,150,121,68,69,4426,-5041,-9934,11169,-326,-2428,-92,-250,-866,1792
2025-11-27T17:26:27.853318,34,21,37,59,81,54,56,68,4102,-5099,-9868,11324,-384,-2229,-33,157,-1050,1764
2025-11-27T17:26:27.876805,34,22,38,51,80,49,50,66,3784,-5106,-9789,11499,-531,-2041,7,359,-1244,1617
2025-11-27T17:26:27.899516,27,24,40,101,73,47,40,45,3451,-5089,-9722,11667,-608,-1938,87,328,-1413,1462
2025-11-27T17:26:27.916786,23,24,42,104,71,41,35,45,3138,-5047,-9668,11817,-616,-1878,145,264,-1424,1278
2025-11-27T17:26:27.939113,24,27,43,133,63,36,36,44,2856,-4977,-9609,11966,-659,-1831,261,308,-1420,1060
2025-11-27T17:26:27.961222,23,27,44,137,105,79,39,41,2627,-4877,-9527,12124,-659,-1806,396,499,-1343,804
2025-11-27T17:26:27.975604,23,27,41,158,139,97,40,40,2448,-4754,-9451,12269,-635,-1640,536,467,-1252,500
2025-11-27T17:26:27.998807,21,28,41,142,144,101,42,38,2307,-4622,-9410,12377,-623,-1395,473,297,-1140,201
2025-11-27T17:26:28.020948,22,26,61,159,150,113,46,28,2217,-4483,-9411,12444,-519,-1482,513,72,-968,-72
2025-11-27T17:26:28.035471,21,25,63,146,157,119,45,28,2176,-4339,-9439,12481,-427,-1689,586,-76,-787,-298
2025-11-27T17:26:28.058789,21,27,69,148,140,102,43,28,2176,-4210,-9463,12507,-370,-1895,651,-56,-559,-377
2025-11-27T17:26:28.081706,20,26,68,143,155,115,41,26,2203,-4105,-9470,12532,-357,-1984,614,64,-366,-383
2025-11-27T17:26:28.095146,17,23,67,152,151,126,43,26,2237,-4019,-9466,12557,-381,-1919,601,125,-263,-372
2025-11-27T17:26:28.126291,18,24,48,132,161,123,42,29,2275,-3941,-9474,12569,-341,-1845,559,41,-212,-384
2025-11-27T17:26:28.141276,18,24,53,129,160,119,41,27,2311,-3866,-9504,12562,-323,-1882,530,-101,-198,-408
2025-11-27T17:26:28.155582,20,26,90,166,157,116,40,24,2348,-3798,-9544,12546,-251,-2073,544,-166,-154,-363
2025-11-27T17:26:28.177892,20,26,94,165,112,89,39,24,2382,-3738,-9584,12528,-221,-2151,483,-143,-136,-310
2025-11-27T17:26:28.201274,21,26,95,175,118,70,33,23,2412,-3688,-9591,12531,-214,-2161,502,44,-104,-209
2025-11-27T17:26:28.215573,22,25,94,197,106,56,29,22,2443,-3646,-9572,12552,-201,-2085,482,222,-65,-144
2025-11-27T17:26:28.237912,23,23,91,206,117,72,37,21,2480,-3616,-9539,12579,-218,-1961,501,275,0,-133
2025-11-27T17:26:28.261194,22,18,62,184,141,87,41,25,2513,-3601,-9522,12589,-228,-1966,572,104,64,-110
2025-11-27T17:26:28.275636,21,18,64,179,159,90,42,26,2542,-3608,-9516,12586,-190,-2007,596,-18,165,-22
2025-11-27T17:26:28.298021,22,19,75,199,179,117,46,26,2571,-3640,-9508,12577,-192,-2009,619,-65,280,56
2025-11-27T17:26:28.321252,21,28,92,220,194,122,47,25,2603,-3713,-9503,12552,-202,-1952,638,-180,482,150
2025-11-27T17:26:28.335566,19,31,112,253,197,116,42,26,2639,-3826,-9505,12509,-241,-1893,615,-300,684,223
2025-11-27T17:26:28.358031,20,31,119,265,194,107,37,23,2686,-3975,-9512,12448,-301,-1856,602,-407,888,239
2025-11-27T17:26:28.381170,20,37,148,281,183,104,36,23,2738,-4155,-9536,12359,-414,-1923,592,-598,1046,229
2025-11-27T17:26:28.395535,20,40,162,265,163,72,31,24,2799,-4348,-9565,12256,-533,-1965,564,-656,1141,168
2025-11-27T17:26:28.426313,20,34,156,250,146,67,30,23,2888,-4540,-9585,12149,-579,-2050,471,-556,1236,45
2025-11-27T17:26:28.441859,21,34,142,255,128,53,27,21,3011,-4723,-9590,12046,-615,-2044,352,-367,1305,-115
2025-11-27T17:26:28.455090,20,34,131,281,136,45,28,23,3176,-4886,-9564,11959,-653,-2011,338,-111,1363,-307
2025-11-27T17:26:28.477590,22,29,96,287,153,44,34,22,3392,-5017,-9512,11886,-671,-1954,260,203,1398,-586
2025-11-27T17:26:28.500877,22,27,67,293,189,45,34,22,3659,-5104,-9460,11812,-648,-1902,153,387,1376,-946
2025-11-27T17:26:28.516482,23,29,78,305,196,48,37,23,3967,-5144,-9428,11720,-566,-1923,132,389,1320,-1297
2025-11-27T17:26:28.537317,24,27,77,273,203,50,38,23,4269,-5151,-9431,11607,-485,-2025,103,246,1167,-1444
2025-11-27T17:26:28.560931,22,26,76,237,194,51,36,24,4550,-5122,-9443,11504,-383,-2106,89,272,930,-1452
2025-11-27T17:26:28.574945,21,27,73,211,184,49,33,25,4812,-5062,-9460,11409,-211,-2113,103,286,731,-1407
2025-11-27T17:26:28.597256,21,26,69,215,167,55,34,22,5066,-4995,-9465,11324,-91,-2152,25,413,690,-1332
2025-11-27T17:26:28.621024,21,25,49,178,171,53,31,24,5305,-4918,-9453,11259,-48,-2124,36,538,602,-1244
2025-11-27T17:26:28.643625,20,25,47,173,171,53,30,25,5512,-4818,-9436,11216,-72,-2089,-10,652,378,-1194
2025-11-27T17:26:28.658005,20,28,43,159,161,52,31,23,5692,-4692,-9406,11205,7,-2091,16,805,170,-1068
2025-11-27T17:26:28.680877,20,26,43,153,149,49,27,22,5848,-4553,-9367,11215,159,-2030,66,878,39,-910
2025-11-27T17:26:28.703737,19,23,36,133,127,40,24,23,5977,-4432,-9322,11232,203,-1960,168,801,29,-715
2025-11-27T17:26:28.717952,20,45,63,138,236,162,63,22,6074,-4353,-9284,11243,145,-1911,242,586,80,-525
2025-11-27T17:26:28.741248,21,48,84,156,243,175,68,24,6143,-4308,-9275,11230,151,-1818,321,237,90,-406
2025-11-27T17:26:28.764040,31,108,120,191,252,181,73,26,6201,-4297,-9310,11173,207,-1746,262,-140,163,-388
2025-11-27T17:26:28.778032,34,122,141,208,267,189,79,27,6226,-4327,-9392,11079,223,-1892,306,-591,168,-280
2025-11-27T17:26:28.801234,34,124,149,200,269,194,81,28,6225,-4373,-9471,10993,246,-2148,338,-630,141,-112
2025-11-27T17:26:28.823727,38,146,182,212,190,144,64,30,6233,-4398,-9502,10953,263,-2215,395,-279,124,-40
2025-11-27T17:26:28.837625,39,151,211,223,178,139,63,28,6241,-4407,-9503,10943,225,-2150,397,-39,78,3
2025-11-27T17:26:28.860749,32,117,213,248,173,147,61,29,6254,-4412,-9482,10952,148,-2130,409,109,90,1
2025-11-27T17:26:28.883725,32,105,224,283,169,156,65,32,6255,-4428,-9476,10950,188,-1984,361,-10,76,63
2025-11-27T17:26:28.897986,32,109,236,300,162,155,64,32,6239,-4458,-9494,10931,190,-1908,414,-251,53,115
2025-11-27T17:26:28.921220,27,68,218,308,199,187,80,33,6202,-4515,-9528,10900,89,-2037,361,-409,61,165
2025-11-27T17:26:28.943568,33,75,190,309,212,193,88,36,6158,-4576,-9566,10865,180,-2113,332,-444,62,248
2025-11-27T17:26:28.958026,35,77,195,352,252,185,91,37,6125,-4629,-9596,10835,212,-2045,372,-400,80,231
2025-11-27T17:26:28.981211,34,72,174,327,262,179,89,33,6072,-4704,-9632,10801,132,-2011,341,-513,77,319
2025-11-27T17:26:29.003731,34,66,153,320,280,181,91,33,5997,-4778,-9680,10768,147,-2036,250,-551,-18,401
2025-11-27T17:26:29.017994,36,66,137,318,270,127,76,31,5885,-4855,-9718,10761,93,-2148,155,-442,-148,597
2025-11-27T17:26:29.041346,30,45,129,297,257,104,66,30,5741,-4929,-9750,10776,165,-2219,40,-347,-286,814
2025-11-27T17:26:29.063633,29,43,99,190,226,105,57,28,5564,-5011,-9764,10818,116,-2170,22,-259,-379,1049
2025-11-27T17:26:29.077969,30,51,92,184,237,90,50,35,5345,-5103,-9768,10882,-64,-2235,-13,-226,-508,1225
2025-11-27T17:26:29.101089,37,65,113,165,218,79,46,44,5093,-5195,-9760,10966,-201,-2229,-49,-158,-643,1370
2025-11-27T17:26:29.123858,38,62,112,128,177,65,37,61,4824,-5267,-9735,11075,-295,-2237,17,-50,-782,1424
2025-11-27T17:26:29.137961,40,62,109,150,174,63,31,63,4550,-5320,-9694,11201,-326,-2234,17,95,-887,1464
2025-11-27T17:26:29.161232,39,60,93,154,153,51,27,64,4276,-5356,-9631,11345,-363,-2082,79,230,-947,1470
2025-11-27T17:26:29.183516,37,55,90,143,100,49,26,63,4001,-5382,-9558,11494,-467,-1980,105,288,-983,1449
2025-11-27T17:26:29.198041,32,34,55,169,102,39,25,63,3727,-5395,-9482,11642,-536,-1906,181,281,-1026,1382
2025-11-27T17:26:29.221130,27,34,55,197,106,43,25,47,3475,-5392,-9411,11778,-532,-1876,228,273,-996,1254
2025-11-27T17:26:29.244537,25,30,49,181,131,53,27,43,3234,-5374,-9358,11897,-577,-1873,239,182,-1013,1104
2025-11-27T17:26:29.256978,25,26,47,179,150,59,27,41,3009,-5341,-9304,12012,-599,-1806,348,166,-1001,988
2025-11-27T17:26:29.278163,25,20,45,186,143,73,35,39,2805,-5299,-9248,12123,-636,-1766,394,201,-959,864
2025-11-27T17:26:29.301439,22,20,50,189,137,87,36,26,2625,-5253,-9199,12220,-671,-1701,410,171,-883,715
2025-11-27T17:26:29.316101,22,19,46,168,159,89,37,25,2473,-5196,-9181,12290,-679,-1694,437,6,-813,487
2025-11-27T17:26:29.340263,21,21,45,168,140,85,39,36,2338,-5136,-9188,12336,-669,-1694,452,-141,-752,349
2025-11-27T17:26:29.363743,19,38,64,177,136,81,38,36,2226,-5074,-9203,12371,-646,-1783,429,-152,-673,252
2025-11-27T17:26:29.377901,19,41,66,170,153,105,40,38,2146,-5012,-9208,12406,-619,-1833,479,-65,-559,166
2025-11-27T17:26:29.401101,19,44,69,168,169,106,42,41,2097,-4949,-9213,12437,-586,-1780,506,-40,-449,29
2025-11-27T17:26:29.423661,18,44,69,158,152,105,41,46,2073,-4896,-9229,12450,-580,-1812,508,-103,-308,-70
2025-11-27T17:26:29.437935,18,44,70,171,159,107,41,44,2062,-4849,-9243,12459,-594,-1906,519,-86,-230,-98
2025-11-27T17:26:29.468902,19,31,51,161,149,107,42,44,2074,-4809,-9231,12482,-571,-1943,551,94,-134,-109
2025-11-27T17:26:29.483502,20,29,51,157,154,74,33,41,2098,-4774,-9214,12504,-595,-1836,530,132,-76,-173
2025-11-27T17:26:29.498002,21,24,47,151,163,63,31,40,2120,-4747,-9226,12501,-596,-1833,487,-53,-32,-206
2025-11-27T17:26:29.521189,22,24,50,188,168,59,31,34,2137,-4730,-9262,12479,-580,-1924,442,-209,-3,-194
2025-11-27T17:26:29.543757,22,21,58,222,166,61,30,23,2154,-4713,-9295,12457,-591,-2013,433,-183,1,-181
2025-11-27T17:26:29.557779,21,19,59,231,169,73,32,36,2177,-4695,-9316,12445,-568,-2010,416,-82,6,-178
2025-11-27T17:26:29.588465,21,20,56,243,155,70,32,36,2210,-4681,-9322,12440,-545,-1961,398,19,52,-176
2025-11-27T17:26:29.602916,17,21,49,229,127,65,27,38,2245,-4672,-9327,12433,-542,-1934,372,28,82,-180
2025-11-27T17:26:29.626196,20,20,43,230,110,64,29,39,2273,-4669,-9337,12421,-585,-1938,377,-28,84,-163
2025-11-27T17:26:29.641159,20,20,31,194,118,61,28,40,2293,-4665,-9352,12408,-606,-1991,369,-64,47,-151
2025-11-27T17:26:29.663703,19,20,40,183,105,40,25,32,2306,-4656,-9365,12399,-573,-2004,370,-41,5,-115
2025-11-27T17:26:29.686220,18,20,45,194,99,44,30,34,2316,-4643,-9374,12395,-585,-1992,352,-8,-36,-112
2025-11-27T17:26:29.700716,19,20,45,196,134,73,36,32,2324,-4624,-9375,12400,-586,-1973,368,47,-65,-111
2025-11-27T17:26:29.723835,16,21,49,175,144,79,40,29,2332,-4607,-9377,12403,-582,-1913,379,31,-58,-114
2025-11-27T17:26:29.746098,16,22,48,165,131,80,40,38,2339,-4593,-9387,12399,-561,-1890,342,-21,-48,-115
2025-11-27T17:26:29.761058,16,23,41,163,132,82,40,35,2347,-4581,-9401,12392,-558,-1960,351,-42,-31,-112
2025-11-27T17:26:29.783967,18,23,34,125,133,78,36,34,2358,-4574,-9408,12387,-571,-2020,373,-10,-2,-98
2025-11-27T17:26:29.806153,19,23,46,190,109,54,32,36,2374,-4573,-9401,12390,-561,-1981,410,48,49,-68
2025-11-27T17:26:29.828551,17,23,43,183,99,50,27,36,2388,-4579,-9399,12387,-568,-1950,376,20,70,-66
2025-11-27T17:26:29.844277,20,23,43,183,97,47,27,27,2394,-4580,-9409,12377,-571,-1974,366,-60,23,-66
2025-11-27T17:26:29.866155,20,24,46,187,97,46,29,42,2398,-4575,-9417,12372,-548,-2023,379,-31,-10,-53
2025-11-27T17:26:29.880643,19,25,47,197,104,49,29,42,2401,-4568,-9412,12378,-541,-1999,381,54,-25,-29
2025-11-27T17:26:29.903245,20,25,36,134,99,42,26,42,2408,-4562,-9397,12390,-533,-1955,384,119,-14,-25
2025-11-27T17:26:29.926073,20,25,43,132,99,43,28,43,2419,-4554,-9382,12402,-517,-1901,384,121,-4,-45
2025-11-27T17:26:29.948398,18,26,71,140,103,44,30,42,2427,-4547,-9377,12407,-515,-1920,367,62,-12,-50
2025-11-27T17:26:29.962820,17,24,78,143,101,42,27,34,2431,-4538,-9381,12407,-505,-1916,355,16,-36,-52
2025-11-27T17:26:29.986128,18,22,78,131,98,42,26,34,2433,-4528,-9382,12409,-516,-1937,355,29,-47,-46
2025-11-27T17:26:30.000884,19,22,80,139,85,43,29,33,2436,-4517,-9380,12415,-524,-1939,345,67,-53,-50
2025-11-27T17:26:30.024104,20,24,95,156,80,38,27,33,2448,-4508,-9370,12423,-523,-1907,371,104,-10,-69
2025-11-27T17:26:30.046679,20,23,89,186,88,45,27,32,2458,-4503,-9374,12420,-546,-1880,341,12,2,-101
2025-11-27T17:26:30.060373,20,23,84,181,86,50,28,38,2463,-4498,-9393,12406,-528,-1911,344,-89,-13,-101
2025-11-27T17:26:30.083582,18,23,85,179,78,47,29,36,2467,-4490,-9409,12396,-495,-1961,374,-77,-18,-73
2025-11-27T17:26:30.106141,16,22,85,166,76,49,30,39,2480,-4483,-9406,12398,-483,-1988,385,46,8,-60
2025-11-27T17:26:30.120305,17,20,70,145,71,47,27,39,2499,-4474,-9394,12407,-483,-1940,423,104,25,-85
2025-11-27T17:26:30.143379,19,19,59,165,57,41,25,39,2525,-4467,-9387,12409,-484,-1892,419,63,59,-126
2025-11-27T17:26:30.166935,26,33,87,247,108,37,30,33,2547,-4461,-9401,12396,-467,-1928,384,-56,49,-145
2025-11-27T17:26:30.180421,27,34,89,254,113,37,32,33,2564,-4451,-9430,12374,-411,-1996,317,-120,22,-129
2025-11-27T17:26:30.211074,31,34,89,259,130,69,47,33,2591,-4434,-9438,12369,-344,-1998,349,31,22,-113
2025-11-27T17:26:30.226072,29,34,84,283,147,108,50,32,2620,-4421,-9430,12373,-283,-2040,382,116,56,-52
2025-11-27T17:26:30.240407,30,36,80,284,177,147,63,35,2645,-4428,-9420,12373,-270,-1916,417,60,141,26
2025-11-27T17:26:30.263427,25,24,66,246,171,163,64,30,2654,-4455,-9433,12352,-266,-1859,332,-120,177,100
2025-11-27T17:26:30.286049,26,27,65,254,192,174,68,33,2633,-4497,-9477,12307,-264,-1862,274,-359,147,206
2025-11-27T17:26:30.300428,24,29,76,253,237,202,73,33,2583,-4549,-9537,12252,-283,-2020,163,-450,81,345
2025-11-27T17:26:30.324508,24,39,89,228,262,213,83,36,2510,-4612,-9593,12200,-268,-2058,99,-450,46,509
2025-11-27T17:26:30.346498,28,44,185,188,275,228,104,42,2433,-4684,-9624,12163,-239,-1946,5,-280,64,616
2025-11-27T17:26:30.359878,33,48,206,145,283,235,110,50,2349,-4770,-9644,12130,-242,-1847,35,-277,107,710
2025-11-27T17:26:30.383879,37,67,279,118,283,239,114,71,2248,-4856,-9651,12110,-447,-1824,110,-258,34,715
2025-11-27T17:26:30.405584,49,68,297,106,241,208,108,161,2141,-4926,-9663,12091,-609,-1850,112,-277,-66,620
2025-11-27T17:26:30.420458,53,66,301,92,202,180,101,176,2041,-4961,-9679,12082,-666,-1811,95,-218,-209,447
2025-11-27T17:26:30.443930,56,64,257,69,155,129,72,190,1951,-4954,-9704,12080,-657,-1803,165,-233,-356,263
2025-11-27T17:26:30.465715,56,63,242,74,117,91,60,193,1864,-4903,-9738,12087,-731,-1761,213,-227,-541,56
2025-11-27T17:26:30.479896,53,47,161,121,75,69,50,187,1786,-4814,-9784,12097,-745,-1830,334,-291,-666,-130
2025-11-27T17:26:30.503609,44,48,142,170,89,71,45,131,1711,-4709,-9867,12082,-833,-1980,304,-489,-713,-294
2025-11-27T17:26:30.525918,48,49,146,223,126,69,41,118,1686,-4597,-9908,12095,-924,-2000,381,-181,-587,-500
2025-11-27T17:26:30.556152,71,81,153,240,132,66,41,95,1714,-4462,-9892,12155,-891,-1844,404,303,-544,-696
2025-11-27T17:26:30.563040,73,87,198,315,237,196,74,87,1767,-4329,-9866,12216,-782,-1755,447,372,-442,-751
2025-11-27T17:26:30.586205,128,89,255,306,265,211,82,107,1813,-4219,-9885,12232,-780,-1950,471,9,-338,-726
2025-11-27T17:26:30.608662,197,111,265,295,261,214,91,115,1854,-4135,-9926,12222,-767,-2004,429,-170,-219,-662
2025-11-27T17:26:30.622642,215,134,284,265,249,217,95,128,1895,-4060,-9965,12209,-649,-2128,385,-139,-185,-568
2025-11-27T17:26:30.646935,214,123,305,286,249,222,100,136,1932,-3993,-9985,12209,-501,-2230,386,-27,-157,-404
2025-11-27T17:26:30.668974,214,119,288,216,162,127,80,142,1951,-3949,-9997,12210,-396,-2252,356,-11,-120,-190
2025-11-27T17:26:30.682584,189,117,240,214,113,101,73,137,1949,-3929,-9991,12222,-486,-2120,351,53,-98,-55
2025-11-27T17:26:30.706118,119,107,229,210,114,97,64,126,1925,-3918,-9987,12233,-557,-2068,395,-21,-137,19
2025-11-27T17:26:30.728244,87,87,195,205,111,93,72,154,1910,-3903,-10010,12221,-427,-1842,423,-227,-96,-39
2025-11-27T17:26:30.742248,80,90,164,160,111,83,74,190,1918,-3891,-10037,12201,-358,-1910,426,-247,6,-91
2025-11-27T17:26:30.766331,127,101,136,140,109,76,88,223,1931,-3884,-10086,12161,-335,-2232,338,-343,52,-97
2025-11-27T17:26:30.788597,127,110,153,181,105,67,90,225,1945,-3891,-10087,12156,-437,-2464,411,-50,97,9
2025-11-27T17:26:30.803122,130,107,145,197,141,153,95,224,1947,-3909,-10031,12196,-465,-2264,333,349,71,166
2025-11-27T17:26:30.833632,126,117,155,199,143,161,88,196,1921,-3935,-9985,12230,-522,-1936,338,229,4,238
2025-11-27T17:26:30.848507,129,120,157,213,204,214,104,159,1896,-3948,-9968,12243,-469,-2090,362,45,-33,177
2025-11-27T17:26:30.862817,84,122,174,306,323,302,125,103,1900,-3947,-9910,12290,-418,-2254,475,344,5,142
2025-11-27T17:26:30.886094,80,115,166,372,388,338,141,88,1918,-3943,-9825,12356,-481,-1983,348,601,14,58
2025-11-27T17:26:30.908532,77,117,171,402,467,348,176,94,1934,-3902,-9745,12430,-565,-1825,328,643,-185,-125
2025-11-27T17:26:30.922865,72,103,157,444,521,359,183,91,1976,-3811,-9672,12508,-356,-1793,368,685,-300,-311
2025-11-27T17:26:30.946096,54,94,160,447,533,336,176,79,2042,-3704,-9592,12591,-313,-1889,389,786,-286,-431
2025-11-27T17:26:30.968779,53,80,141,416,484,265,162,81,2110,-3599,-9515,12669,-386,-1865,382,781,-283,-495
2025-11-27T17:26:30.983007,51,80,140,389,445,230,154,86,2177,-3493,-9440,12743,-380,-1965,407,771,-289,-490
2025-11-27T17:26:31.005796,45,73,148,351,386,201,121,77,2247,-3403,-9348,12823,-298,-1917,499,825,-191,-403
2025-11-27T17:26:31.026174,45,63,152,324,328,183,117,78,2315,-3338,-9279,12877,-326,-1817,480,632,-83,-395
2025-11-27T17:26:31.040135,45,64,141,321,290,182,113,80,2375,-3301,-9253,12895,-265,-1764,512,269,25,-328
2025-11-27T17:26:31.064599,42,62,147,290,288,192,104,72,2418,-3296,-9268,12878,-207,-2004,545,-41,138,-178
2025-11-27T17:26:31.088679,43,62,141,249,285,184,98,61,2439,-3346,-9277,12855,-297,-2258,578,-89,303,69
2025-11-27T17:26:31.102877,37,56,118,236,254,145,78,52,2446,-3444,-9242,12852,-377,-2180,605,87,483,311
2025-11-27T17:26:31.125969,40,62,123,197,228,148,76,52,2443,-3583,-9192,12851,-477,-2024,608,83,631,463
2025-11-27T17:26:31.148610,38,55,117,182,224,137,74,47,2428,-3754,-9150,12834,-502,-2049,619,-48,748,594
2025-11-27T17:26:31.162851,37,54,110,210,282,122,69,45,2412,-3946,-9104,12812,-546,-2000,639,-85,854,664
2025-11-27T17:26:31.186180,33,57,152,210,292,126,67,41,2386,-4158,-9060,12782,-651,-1994,578,-122,905,729
2025-11-27T17:26:31.208257,32,58,193,225,287,126,66,40,2351,-4378,-9016,12745,-706,-1936,526,-155,915,776
2025-11-27T17:26:31.222855,25,50,187,219,292,107,48,29,2312,-4593,-8981,12701,-789,-1868,451,-198,874,731
2025-11-27T17:26:31.246144,23,48,187,238,290,102,41,42,2282,-4797,-8948,12655,-861,-1896,419,-179,851,646
2025-11-27T17:26:31.268590,25,51,189,215,224,92,37,63,2264,-4980,-8903,12619,-948,-1885,425,-73,786,535
2025-11-27T17:26:31.282878,28,39,154,173,186,67,30,65,2259,-5125,-8852,12598,-970,-1876,374,73,638,384
2025-11-27T17:26:31.306541,27,42,107,155,163,70,35,66,2267,-5222,-8806,12589,-867,-1823,293,182,440,234
2025-11-27T17:26:31.336119,27,46,128,170,169,80,42,68,2273,-5274,-8770,12591,-814,-1760,246,220,213,124
2025-11-27T17:26:31.342517,25,48,130,210,225,105,45,59,2269,-5287,-8745,12604,-808,-1635,239,204,-10,21
2025-11-27T17:26:31.373390,23,43,143,231,216,106,46,38,2263,-5263,-8749,12612,-768,-1601,192,120,-197,-124
2025-11-27T17:26:31.387957,22,45,145,233,225,108,53,36,2270,-5197,-8778,12618,-673,-1670,214,50,-338,-303
2025-11-27T17:26:31.402433,22,41,168,259,231,106,49,34,2293,-5105,-8810,12629,-571,-1760,265,97,-400,-394
2025-11-27T17:26:31.425646,23,40,173,306,226,111,45,30,2330,-5001,-8832,12649,-514,-1783,289,188,-402,-440
2025-11-27T17:26:31.449188,29,56,205,313,162,92,40,28,2371,-4894,-8847,12673,-450,-1736,332,225,-399,-444
2025-11-27T17:26:31.470811,28,56,198,297,149,86,40,37,2416,-4790,-8869,12688,-396,-1708,363,151,-351,-460
2025-11-27T17:26:31.485662,29,57,229,306,135,83,37,43,2464,-4693,-8901,12693,-352,-1806,449,49,-291,-451
2025-11-27T17:26:31.508558,34,58,214,318,136,75,42,78,2517,-4613,-8929,12693,-324,-1909,509,30,-177,-403
2025-11-27T17:26:31.530994,35,56,201,285,159,58,42,89,2571,-4550,-8945,12693,-340,-1926,511,69,-95,-348
2025-11-27T17:26:31.545988,32,40,165,233,150,65,44,91,2630,-4500,-8948,12697,-285,-1940,515,139,-17,-293
2025-11-27T17:26:31.568669,35,46,185,245,182,92,53,91,2691,-4460,-8941,12703,-245,-1898,591,144,52,-241
2025-11-27T17:26:31.590386,33,41,145,299,220,106,54,90,2775,-4427,-8994,12659,-282,-1918,587,-214,105,-159
2025-11-27T17:26:31.609582,32,40,168,341,234,111,52,79,2798,-4435,-9028,12627,-336,-2213,524,-192,142,-52
2025-11-27T17:26:31.627502,33,47,230,383,237,116,52,72,2820,-4447,-9014,12628,-434,-2177,530,104,140,14
2025-11-27T17:26:31.654769,35,50,246,393,263,116,53,72,2844,-4462,-8967,12650,-412,-1876,529,278,162,58
2025-11-27T17:26:31.672844,34,56,241,413,248,100,47,68,2856,-4492,-8953,12647,-491,-1874,521,34,181,46
2025-11-27T17:26:31.692538,34,59,243,384,264,98,43,73,2860,-4530,-8948,12636,-569,-1930,566,-71,192,49
2025-11-27T17:26:31.710245,42,59,222,350,251,93,43,89,2863,-4569,-8949,12620,-559,-2014,522,-82,191,64
2025-11-27T17:26:31.732855,43,54,176,311,226,86,46,101,2862,-4607,-8937,12615,-605,-2016,527,-2,170,96
2025-11-27T17:26:31.747892,42,52,171,309,212,79,45,107,2861,-4642,-8909,12623,-590,-1976,530,105,153,125
2025-11-27T17:26:31.775177,42,44,162,281,247,78,45,106,2866,-4674,-8874,12634,-607,-1883,508,160,156,89
2025-11-27T17:26:31.789758,43,46,170,288,199,61,42,108,2872,-4705,-8839,12646,-665,-1798,492,162,145,44
2025-11-27T17:26:31.807081,45,45,168,311,216,59,49,111,2874,-4737,-8827,12642,-655,-1803,466,20,135,25
2025-11-27T17:26:31.829403,42,45,160,306,216,61,50,99,2877,-4770,-8832,12625,-583,-1878,459,-75,157,28
2025-11-27T17:26:31.850520,41,42,145,321,203,73,51,92,2891,-4795,-8832,12612,-573,-1807,481,-44,165,-34
2025-11-27T17:26:31.867448,42,37,134,315,157,79,54,105,2902,-4826,-8845,12589,-557,-1762,436,-126,179,-29
2025-11-27T17:26:31.889865,44,29,114,302,159,87,56,109,2915,-4861,-8871,12555,-567,-1815,447,-220,206,-58
2025-11-27T17:26:31.912647,32,26,122,246,134,95,50,83,2931,-4897,-8902,12515,-560,-1852,454,-265,235,-73
2025-11-27T17:26:31.931989,30,25,103,226,143,100,53,83,2945,-4935,-8937,12471,-567,-1861,397,-276,230,-69
2025-11-27T17:26:31.950268,29,23,103,264,165,134,63,83,2947,-4975,-8986,12419,-566,-1898,339,-357,198,-42
2025-11-27T17:26:31.972990,28,26,105,282,173,142,64,82,2951,-5005,-9032,12373,-548,-1914,351,-323,156,-55
2025-11-27T17:26:31.992444,30,25,104,286,166,139,62,79,2961,-5025,-9063,12340,-558,-1960,335,-195,126,-75
2025-11-27T17:26:32.014990,31,27,99,285,191,173,74,83,2980,-5033,-9076,12323,-555,-1905,372,-73,105,-112
2025-11-27T17:26:32.033038,34,26,97,294,192,181,76,86,2999,-5035,-9101,12299,-558,-1818,340,-127,68,-173
2025-11-27T17:26:32.052825,38,39,147,278,170,158,68,86,3008,-5035,-9146,12263,-565,-1830,300,-256,28,-191
2025-11-27T17:26:32.070262,35,40,145,256,156,148,68,72,2995,-5033,-9221,12211,-589,-1941,272,-452,-59,-172
2025-11-27T17:26:32.092768,31,42,142,235,153,147,68,59,3005,-5028,-9262,12180,-534,-2226,398,-243,26,-138
2025-11-27T17:26:32.112192,33,41,136,272,115,101,54,55,3032,-5025,-9255,12179,-490,-2088,372,80,86,-86
2025-11-27T17:26:32.130074,31,43,137,267,144,104,47,49,3051,-5034,-9239,12183,-575,-1887,405,69,104,-61
2025-11-27T17:26:32.152771,30,37,73,244,189,189,89,52,3054,-5047,-9255,12165,-603,-1903,365,-143,74,-76
2025-11-27T17:26:32.172182,30,33,65,267,199,205,93,52,3046,-5060,-9301,12126,-547,-1900,290,-323,36,-76
2025-11-27T17:26:32.190295,28,29,66,283,206,210,93,51,3033,-5072,-9353,12085,-537,-1964,287,-360,17,-60
2025-11-27T17:26:32.213172,24,30,71,242,222,212,93,49,3037,-5080,-9385,12055,-537,-2032,331,-237,63,-85
2025-11-27T17:26:32.231979,27,32,121,295,198,202,92,53,3056,-5096,-9395,12036,-455,-2052,325,-85,155,-33
2025-11-27T17:26:32.251055,25,27,136,290,179,165,59,46,3075,-5119,-9393,12023,-518,-1941,288,-24,179,-28
2025-11-27T17:26:32.272649,26,29,140,280,194,162,56,45,3081,-5143,-9405,12001,-548,-1888,263,-126,136,-28
2025-11-27T17:26:32.291978,27,29,145,300,188,164,59,47,3082,-5162,-9431,11973,-526,-1873,212,-183,91,-44
2025-11-27T17:26:32.310270,31,28,143,302,185,166,60,51,3078,-5180,-9470,11935,-503,-1920,228,-289,77,-40
2025-11-27T17:26:32.332765,35,30,145,293,182,164,67,97,3069,-5198,-9518,11892,-503,-2014,193,-333,59,-35
2025-11-27T17:26:32.352076,35,30,133,286,153,117,61,109,3069,-5218,-9545,11861,-473,-2101,201,-202,104,14
2025-11-27T17:26:32.370305,38,29,134,273,119,94,55,113,3089,-5229,-9536,11858,-506,-2061,191,83,122,-26
2025-11-27T17:26:32.392716,42,27,128,238,140,85,52,119,3110,-5235,-9511,11870,-540,-1944,178,207,82,-38
2025-11-27T17:26:32.412487,44,29,137,236,160,116,59,122,3125,-5230,-9505,11874,-552,-1820,213,80,16,-109
2025-11-27T17:26:32.430190,39,23,97,194,171,120,52,91,3127,-5222,-9533,11854,-575,-1831,134,-118,-35,-170
2025-11-27T17:26:32.452958,38,25,96,205,178,128,51,77,3119,-5212,-9581,11821,-566,-1894,121,-253,-83,-177
2025-11-27T17:26:32.473416,35,25,91,211,209,153,57,71,3115,-5195,-9625,11794,-543,-1954,150,-215,-92,-183
2025-11-27T17:26:32.490539,29,28,102,215,211,152,56,58,3116,-5182,-9658,11773,-543,-1963,175,-167,-60,-171
2025-11-27T17:26:32.520227,18,27,96,216,183,126,48,41,3122,-5168,-9688,11753,-552,-1926,151,-137,-45,-195
2025-11-27T17:26:32.532275,18,26,88,197,179,123,46,32,3131,-5153,-9715,11734,-560,-1969,206,-141,-31,-213
2025-11-27T17:26:32.550212,18,26,82,188,213,149,56,34,3136,-5142,-9747,11711,-554,-1986,196,-184,-25,-189
2025-11-27T17:26:32.572260,17,25,86,204,203,136,54,31,3141,-5135,-9778,11687,-552,-1987,216,-204,-7,-180
2025-11-27T17:26:32.591866,20,24,82,241,189,133,56,31,3151,-5127,-9817,11655,-535,-1958,177,-238,13,-225
2025-11-27T17:26:32.610125,22,26,83,239,191,139,57,27,3166,-5117,-9861,11619,-536,-2014,169,-261,20,-267
2025-11-27T17:26:32.632840,22,25,80,237,196,140,56,26,3190,-5104,-9899,11586,-520,-2049,175,-215,44,-290
2025-11-27T17:26:32.659099,22,27,118,263,197,157,62,26,3223,-5089,-9929,11557,-474,-2014,192,-171,70,-295
2025-11-27T17:26:32.670126,23,32,119,250,202,157,60,27,3258,-5078,-9972,11515,-456,-2026,166,-251,104,-326
2025-11-27T17:26:32.692757,22,31,120,221,207,157,59,27,3300,-5067,-10022,11464,-421,-1966,167,-311,133,-376
2025-11-27T17:26:32.712105,21,36,134,329,212,154,59,29,3340,-5061,-10086,11399,-372,-2071,139,-413,158,-359
2025-11-27T17:26:32.729882,21,36,144,349,203,152,58,29,3379,-5070,-10149,11328,-318,-2077,176,-482,231,-284
2025-11-27T17:26:32.752778,23,38,135,412,163,96,38,28,3414,-5101,-10207,11251,-296,-2205,172,-526,315,-173
2025-11-27T17:26:32.772286,21,35,135,444,137,69,29,28,3446,-5146,-10251,11181,-268,-2265,174,-480,369,-67
2025-11-27T17:26:32.797725,19,37,140,474,130,63,26,27,3498,-5189,-10262,11134,-275,-2209,176,-246,428,-73
2025-11-27T17:26:32.812678,19,34,148,474,115,51,24,25,3564,-5228,-10260,11097,-260,-2159,179,-130,462,-107
2025-11-27T17:26:32.831994,19,34,139,462,113,41,22,24,3644,-5267,-10254,11057,-266,-2094,130,-83,516,-170
2025-11-27T17:26:32.850678,18,30,140,447,98,33,21,19,3746,-5304,-10235,11023,-282,-2113,84,57,589,-241
2025-11-27T17:26:32.880170,18,30,157,424,89,30,21,18,3866,-5336,-10210,10989,-243,-2145,51,136,634,-304
2025-11-27T17:26:32.891996,21,30,154,385,79,39,21,19,4006,-5352,-10162,10976,-213,-2150,32,370,633,-354
2025-11-27T17:26:32.910142,21,28,140,376,99,56,32,21,4130,-5352,-10134,10957,-252,-2149,11,285,504,-430
2025-11-27T17:26:32.932755,21,28,156,395,103,67,37,21,4248,-5333,-10124,10930,-240,-1702,-57,237,393,-550
2025-11-27T17:26:32.952023,23,30,155,374,106,69,40,24,4365,-5292,-10151,10878,-164,-1741,-179,116,294,-703
2025-11-27T17:26:32.970307,23,28,135,380,107,69,40,25,4477,-5230,-10195,10821,-60,-1993,-210,68,186,-738
2025-11-27T17:26:32.993161,20,27,129,380,138,64,39,25,4605,-5152,-10197,10803,-26,-2189,-153,398,178,-710
2025-11-27T17:26:33.011955,19,27,116,326,146,52,35,26,4725,-5084,-10140,10837,-103,-2102,-116,757,190,-521
2025-11-27T17:26:33.030218,19,29,90,303,159,71,37,26,4811,-5043,-10071,10883,-205,-1900,-114,749,167,-333
2025-11-27T17:26:33.053500,17,28,55,226,171,76,43,27,4864,-5012,-10037,10905,-158,-1619,46,374,80,-254
2025-11-27T17:26:33.079991,19,27,44,189,168,76,44,28,4874,-5038,-10081,10848,-317,-2354,-131,-245,140,-239
2025-11-27T17:26:33.089938,20,31,50,216,154,81,47,31,4845,-5088,-10105,10815,-282,-2469,91,-322,97,87
2025-11-27T17:26:33.112420,21,50,79,246,146,86,49,33,4816,-5125,-10097,10818,-196,-2357,-23,-2,40,211
2025-11-27T17:26:33.132080,22,54,99,310,239,149,67,36,4775,-5149,-10089,10832,-163,-2192,-49,48,-68,252
2025-11-27T17:26:33.165855,23,53,103,356,278,192,77,38,4716,-5184,-10108,10824,-101,-1972,100,-271,-94,306
2025-11-27T17:26:33.172766,26,53,105,366,327,217,105,43,4635,-5242,-10180,10763,128,-1613,-163,-607,-72,403
2025-11-27T17:26:33.191884,26,52,106,351,344,222,110,51,4502,-5338,-10274,10682,200,-1861,-245,-881,-124,718
2025-11-27T17:26:33.214809,31,32,87,306,353,232,115,59,4345,-5450,-10342,10625,325,-2257,-319,-757,-158,1052
2025-11-27T17:26:33.232710,33,27,71,235,317,218,109,66,4167,-5577,-10346,10626,279,-2146,-185,-465,-192,1385
2025-11-27T17:26:33.252496,35,34,84,169,305,245,109,72,3941,-5749,-10293,10673,-16,-1924,-97,-316,-191,1633
2025-11-27T17:26:33.270002,35,48,85,155,282,231,87,81,3712,-5914,-10272,10685,-234,-1629,-139,-513,-206,1513
2025-11-27T17:26:33.292237,122,192,87,184,362,248,180,191,3487,-6040,-10305,10658,-411,-1768,-118,-833,-317,1151
2025-11-27T17:26:33.311981,176,220,98,204,359,239,187,201,3309,-6065,-10342,10665,-378,-2208,-35,-573,-583,741
2025-11-27T17:26:33.330221,200,271,145,357,402,216,192,204,3207,-5976,-10367,10723,-336,-2356,-315,81,-862,187
2025-11-27T17:26:33.352712,211,329,192,376,415,145,192,205,3152,-5791,-10311,10893,-700,-1988,-266,999,-1175,-277
2025-11-27T17:26:33.375386,213,333,234,587,461,146,192,204,3132,-5521,-10223,11119,-910,-1842,-103,1428,-1432,-726
2025-11-27T17:26:33.390208,180,281,239,657,499,123,110,108,3221,-5186,-10126,11342,-957,-1521,223,1650,-1274,-1172
2025-11-27T17:26:33.412667,129,261,237,675,515,126,103,103,3303,-4909,-10050,11508,-1202,-1448,359,1185,-1005,-1473
2025-11-27T17:26:33.435073,88,209,210,618,517,177,111,102,3377,-4689,-10067,11563,-1073,-1415,520,277,-719,-1476
2025-11-27T17:26:33.450092,62,102,162,620,522,186,122,115,3470,-4542,-10201,11476,-548,-1962,454,-678,-269,-1349
2025-11-27T17:26:33.472704,71,90,92,437,473,176,121,120,3588,-4469,-10334,11349,-161,-2426,401,-840,186,-1027
2025-11-27T17:26:33.492134,67,77,69,312,355,163,117,119,3623,-4532,-10462,11195,-448,-4137,39,-1014,436,-328
2025-11-27T17:26:33.507580,67,97,62,260,329,159,108,115,3576,-4657,-10324,11286,-666,-2216,475,417,355,730
2025-11-27T17:26:33.530293,67,104,58,234,243,97,98,127,3477,-4804,-10259,11315,-856,-1779,110,1,235,711
2025-11-27T17:26:33.553541,63,100,53,201,171,65,74,114,3431,-4867,-10338,11230,-415,-2147,356,-920,150,109
2025-11-27T17:26:33.570083,41,95,49,164,167,64,74,103,3429,-4900,-10327,11226,-572,-2205,165,-69,144,6
2025-11-27T17:26:33.592663,38,94,45,181,162,89,80,103,3461,-4871,-10295,11258,-340,-1796,-26,371,-22,-179
2025-11-27T17:26:33.615245,34,69,46,192,159,96,80,87,3518,-4812,-10329,11235,-220,-1559,-131,47,-45,-520
2025-11-27T17:26:33.634431,30,49,42,188,151,93,63,50,3584,-4731,-10417,11167,-30,-2190,-93,-291,-77,-640
2025-11-27T17:26:33.653343,28,45,36,169,145,91,61,41,3618,-4690,-10464,11129,323,-2760,-83,-130,-34,-57
2025-11-27T17:26:33.675066,29,36,36,186,129,89,52,36,3624,-4710,-10363,11213,-237,-1770,-59,730,82,296
2025-11-27T17:26:33.690200,26,31,36,140,117,62,44,44,3609,-4716,-10373,11206,-236,-1619,-167,30,-48,24
2025-11-27T17:26:33.712602,24,27,30,114,104,45,39,43,3606,-4707,-10458,11131,-124,-2026,60,-598,-29,-193
2025-11-27T17:26:33.735165,24,29,34,146,109,45,40,43,3608,-4694,-10498,11099,17,-2398,163,-320,-27,-9
2025-11-27T17:26:33.750139,24,33,43,168,127,53,43,43,3631,-4683,-10458,11133,-101,-2241,137,279,41,53
2025-11-27T17:26:33.772605,22,35,45,198,152,62,47,45,3657,-4677,-10407,11175,-240,-2012,124,357,67,4
2025-11-27T17:26:33.795653,22,36,46,209,188,145,60,34,3664,-4677,-10390,11189,-349,-2063,132,88,23,-57
2025-11-27T17:26:33.810165,22,37,92,245,236,169,62,33,3666,-4664,-10393,11191,-367,-2133,85,8,-48,-134
2025-11-27T17:26:33.832666,24,36,131,247,261,201,75,33,3656,-4642,-10409,11189,-330,-2189,106,-75,-139,-124
2025-11-27T17:26:33.855337,24,34,151,276,270,206,77,34,3644,-4618,-10419,11192,-437,-2093,66,-17,-157,-175
2025-11-27T17:26:33.870087,27,35,175,312,274,235,80,36,3628,-4588,-10432,11198,-444,-2175,63,-10,-203,-178
2025-11-27T17:26:33.892642,26,35,180,332,285,226,76,29,3611,-4549,-10449,11204,-416,-2067,40,-8,-244,-209
2025-11-27T17:26:33.915987,26,35,163,328,292,253,88,33,3603,-4506,-10457,11216,-357,-1991,28,74,-230,-212
2025-11-27T17:26:33.930120,25,33,139,348,284,249,85,34,3587,-4470,-10478,11216,-226,-2050,-33,-4,-225,-120
2025-11-27T17:26:33.952608,24,34,132,334,277,253,87,32,3582,-4440,-10494,11215,-154,-1943,-42,20,-156,-99
2025-11-27T17:26:33.975291,22,32,103,341,269,231,85,29,3589,-4418,-10514,11203,-54,-1939,-72,-10,-68,-91
2025-11-27T17:26:33.994303,23,38,104,325,268,210,79,28,3591,-4410,-10544,11177,44,-1977,-29,-154,-23,8
2025-11-27T17:26:34.012325,23,41,110,327,260,169,65,26,3586,-4424,-10565,11153,-27,-1942,-17,-158,47,80
2025-11-27T17:26:34.034720,23,43,105,396,301,180,73,25,3581,-4441,-10605,11110,37,-2007,59,-350,65,83
2025-11-27T17:26:34.055240,98,68,87,404,325,180,75,29,3587,-4470,-10660,11043,127,-1935,21,-487,165,76
2025-11-27T17:26:34.080069,108,75,93,424,330,175,72,30,3598,-4516,-10694,10988,124,-2166,88,-416,259,173
2025-11-27T17:26:34.095061,130,81,88,437,305,166,73,36,3595,-4577,-10722,10936,-90,-2165,0,-392,267,180
2025-11-27T17:26:34.113730,133,85,103,440,268,149,69,36,3589,-4633,-10719,10918,-275,-2124,12,-157,220,165
2025-11-27T17:26:34.132608,137,85,106,352,199,94,49,40,3585,-4677,-10728,10891,-215,-2069,13,-229,185,116
2025-11-27T17:26:34.155031,101,67,104,325,136,58,35,44,3586,-4723,-10757,10843,-238,-2119,-45,-345,221,40
2025-11-27T17:26:34.174355,90,59,99,222,84,44,32,44,3587,-4769,-10770,10809,-307,-2243,-4,-266,214,52
2025-11-27T17:26:34.192570,53,47,95,213,63,31,26,41,3596,-4810,-10772,10786,-269,-2150,-23,-159,223,55
2025-11-27T17:26:34.215133,46,37,69,179,58,27,28,42,3607,-4855,-10772,10762,-325,-2115,-75,-137,249,36
2025-11-27T17:26:34.234337,34,37,64,192,97,48,29,36,3619,-4894,-10770,10742,-395,-2165,-105,-85,223,-21
2025-11-27T17:26:34.253321,30,41,109,268,146,124,52,30,3633,-4916,-10764,10733,-439,-2245,-120,-4,160,-85
2025-11-27T17:26:34.275034,30,39,111,269,155,133,53,27,3651,-4921,-10759,10730,-436,-2050,-129,53,102,-169
2025-11-27T17:26:34.289844,30,37,116,260,169,136,53,27,3646,-4918,-10772,10720,-376,-2052,-268,8,-39,-119
2025-11-27T17:26:34.312518,29,41,120,257,174,136,52,26,3644,-4899,-10789,10713,-226,-2061,-208,-8,-92,-114
2025-11-27T17:26:34.335128,28,40,122,281,171,134,51,27,3653,-4866,-10799,10714,-159,-2148,-221,91,-110,-143
2025-11-27T17:26:34.357573,32,39,85,226,147,73,28,24,3668,-4826,-10782,10744,-150,-2104,-137,280,-120,-112
2025-11-27T17:26:34.372521,42,54,78,256,148,54,24,25,3693,-4792,-10745,10788,-173,-2091,-99,400,-65,-94
2025-11-27T17:26:34.395021,43,55,72,243,138,51,25,26,3724,-4765,-10699,10835,-159,-2023,-48,426,-4,-66
2025-11-27T17:26:34.417333,44,52,65,279,139,55,27,25,3751,-4752,-10662,10868,-209,-1977,-31,313,41,-69
2025-11-27T17:26:34.432572,45,51,65,276,153,64,28,24,3759,-4750,-10657,10871,-249,-2001,-67,69,23,-68
2025-11-27T17:26:34.463061,41,47,64,300,283,163,68,29,3760,-4749,-10671,10858,-246,-2065,-8,-112,6,-81
2025-11-27T17:26:34.477471,32,32,78,286,303,183,75,31,3756,-4750,-10704,10825,-206,-2084,-58,-242,0,-97
2025-11-27T17:26:34.492428,29,31,122,304,304,187,76,30,3747,-4752,-10748,10784,-189,-1994,-98,-308,-19,-101
2025-11-27T17:26:34.515552,28,32,129,281,311,187,76,30,3739,-4757,-10789,10744,-161,-2103,-154,-276,0,-64
2025-11-27T17:26:34.537571,24,32,136,278,301,184,77,29,3743,-4753,-10802,10731,-120,-2177,-120,-67,1,-40
2025-11-27T17:26:34.552595,24,31,138,288,181,107,48,25,3753,-4746,-10791,10742,-145,-2079,-86,114,7,-17
2025-11-27T17:26:34.574928,22,28,136,283,135,67,34,27,3760,-4746,-10779,10751,-178,-2026,-81,96,22,-6
2025-11-27T17:26:34.597561,23,25,97,281,139,54,34,29,3757,-4752,-10786,10742,-199,-2025,-68,-76,21,-14
2025-11-27T17:26:34.612602,25,27,86,319,137,53,37,31,3736,-4765,-10820,10710,-309,-2061,-71,-303,-19,-48
2025-11-27T17:26:34.635003,26,26,61,298,123,49,37,40,3688,-4775,-10870,10671,-448,-2170,-19,-462,-130,-69
2025-11-27T17:26:34.657453,28,29,57,259,142,73,43,45,3627,-4775,-10927,10634,-450,-2254,-77,-480,-231,-62
2025-11-27T17:26:34.672354,32,45,41,249,141,75,49,47,3584,-4763,-10955,10626,-285,-2426,-163,-182,-222,10
2025-11-27T17:26:34.695156,50,83,38,226,134,76,53,57,3577,-4738,-10916,10679,-256,-2360,-119,353,-154,36
2025-11-27T17:26:34.717649,98,104,88,202,119,72,51,58,3571,-4712,-10836,10774,-367,-2344,-102,671,-170,83
2025-11-27T17:26:34.740103,100,112,121,249,125,70,47,54,3538,-4688,-10744,10886,-500,-2235,-140,778,-279,165
2025-11-27T17:26:34.759283,106,120,138,245,107,41,39,49,3472,-4666,-10684,10975,-562,-2067,-187,555,-396,175
2025-11-27T17:26:34.777450,107,120,149,243,105,36,32,46,3392,-4633,-10653,11044,-500,-2076,-173,370,-503,167
2025-11-27T17:26:34.792430,100,100,153,254,103,36,24,30,3314,-4594,-10618,11117,-363,-2105,-60,355,-509,233
2025-11-27T17:26:34.814960,53,85,157,242,166,90,37,27,3261,-4559,-10574,11190,-200,-2065,-18,411,-391,253
2025-11-27T17:26:34.837553,50,75,139,203,165,92,41,25,3235,-4532,-10535,11245,-175,-1840,2,359,-244,158
2025-11-27T17:26:34.852465,33,62,122,233,166,93,42,23,3225,-4496,-10513,11283,-160,-1764,6,265,-208,18
2025-11-27T17:26:34.874944,28,52,110,255,171,94,46,19,3239,-4449,-10505,11304,-57,-1815,4,205,-161,-97
2025-11-27T17:26:34.897521,23,45,104,252,171,96,47,20,3278,-4395,-10503,11316,51,-1785,7,199,-84,-193
2025-11-27T17:26:34.912433,23,30,55,239,119,64,46,21,3338,-4344,-10508,11314,113,-1729,43,132,24,-260
2025-11-27T17:26:34.934931,22,27,39,225,119,72,48,21,3406,-4305,-10536,11282,228,-1684,55,-77,115,-273
2025-11-27T17:26:34.957562,22,26,45,209,114,83,51,25,3487,-4286,-10589,11215,263,-1765,38,-297,259,-316
2025-11-27T17:26:34.972606,21,25,43,210,137,88,48,26,3548,-4287,-10656,11131,181,-2014,-4,-450,273,-243
2025-11-27T17:26:34.994526,22,26,50,213,146,96,49,25,3581,-4309,-10704,11067,175,-2374,12,-389,236,-5
2025-11-27T17:26:35.017515,21,28,73,295,184,99,46,26,3591,-4333,-10696,11062,32,-2331,65,-29,146,163
2025-11-27T17:26:35.036667,28,33,83,306,247,247,126,47,3594,-4342,-10670,11082,-72,-2009,111,115,54,127
2025-11-27T17:26:35.055315,30,34,102,387,285,264,135,48,3597,-4333,-10666,11088,-152,-1819,189,-40,-19,-44
2025-11-27T17:26:35.074572,30,34,110,395,281,265,135,47,3626,-4319,-10703,11049,-89,-2162,-17,-199,61,-232
2025-11-27T17:26:35.089928,30,34,129,405,284,266,136,48,3652,-4303,-10712,11037,-63,-2579,26,-27,41,-134
2025-11-27T17:26:35.112247,30,33,128,351,257,269,137,47,3681,-4298,-10645,11095,-145,-2289,32,519,85,46
2025-11-27T17:26:35.135707,27,29,127,346,317,236,98,34,3699,-4319,-10572,11150,-310,-1900,-50,531,150,86
2025-11-27T17:26:35.152517,26,30,116,258,420,332,117,34,3699,-4364,-10552,11152,-385,-1797,102,-5,191,53
2025-11-27T17:26:35.174721,26,34,115,255,429,335,119,34,3719,-4416,-10574,11103,-363,-1948,84,-316,314,-106
2025-11-27T17:26:35.197565,33,34,92,239,443,340,122,60,3741,-4466,-10607,11045,-467,-2271,5,-351,308,-194
2025-11-27T17:26:35.212236,38,36,114,264,449,338,119,73,3759,-4498,-10628,11006,-442,-2329,-19,-217,220,-185
2025-11-27T17:26:35.234974,36,37,141,381,385,285,99,74,3783,-4504,-10630,10992,-318,-2201,-107,38,117,-182
2025-11-27T17:26:35.262238,36,35,143,381,230,131,56,73,3805,-4486,-10624,10999,-323,-2170,-101,170,5,-224
2025-11-27T17:26:35.279955,36,31,141,386,220,120,50,73,3830,-4451,-10610,11017,-283,-2193,-62,252,-56,-263
2025-11-27T17:26:35.294951,33,36,150,416,239,92,38,59,3875,-4411,-10572,11054,-172,-2097,24,406,6,-232
2025-11-27T17:26:35.317498,26,37,133,447,263,81,37,42,3922,-4378,-10543,11079,-106,-2010,-12,356,39,-221
2025-11-27T17:26:35.339982,26,37,98,351,254,60,29,35,3954,-4343,-10514,11109,-145,-2081,33,334,-21,-186
2025-11-27T17:26:35.354865,27,39,91,358,283,81,37,35,3995,-4300,-10484,11138,57,-2077,97,336,-16,-146
2025-11-27T17:26:35.377415,29,40,87,346,288,78,39,40,4049,-4262,-10454,11162,131,-1903,119,318,62,-151
2025-11-27T17:26:35.399987,26,35,66,312,245,76,39,32,4099,-4249,-10444,11158,164,-1904,100,110,149,-104
2025-11-27T17:26:35.414948,29,34,68,292,215,70,38,34,4122,-4255,-10450,11141,48,-1963,83,-47,126,-35
2025-11-27T17:26:35.437466,27,29,69,298,202,69,37,33,4126,-4266,-10467,11120,68,-2000,35,-117,67,39
2025-11-27T17:26:35.468161,27,27,67,292,168,34,28,33,4126,-4273,-10467,11118,-16,-2021,79,-5,25,52
2025-11-27T17:26:35.474882,25,27,66,279,167,35,27,26,4128,-4282,-10446,11133,-22,-2054,114,113,52,102
2025-11-27T17:26:35.496820,23,26,65,263,194,99,43,29,4124,-4306,-10414,11155,-125,-1992,96,168,86,151
2025-11-27T17:26:35.519937,19,25,53,218,235,138,53,26,4104,-4353,-10392,11165,-219,-2002,145,6,126,217
2025-11-27T17:26:35.534663,23,28,51,234,368,234,88,35,4070,-4420,-10392,11151,-254,-1901,125,-210,151,263
2025-11-27T17:26:35.565696,22,27,52,215,388,259,94,35,4022,-4507,-10429,11098,-253,-2004,115,-546,184,290
2025-11-27T17:26:35.579959,23,24,53,224,379,261,94,37,3978,-4593,-10468,11042,-233,-2175,70,-542,200,288
2025-11-27T17:26:35.594459,24,24,63,235,367,246,88,36,3949,-4662,-10481,11011,-171,-2161,71,-315,187,291
2025-11-27T17:26:35.617440,25,24,58,218,344,232,89,67,3929,-4723,-10473,11001,-151,-2038,71,-140,189,298
2025-11-27T17:26:35.639541,25,27,83,241,209,137,61,91,3901,-4765,-10478,10987,-126,-1914,53,-184,72,249
2025-11-27T17:26:35.654957,29,30,139,252,160,83,56,100,3862,-4816,-10519,10939,-107,-2040,-19,-448,75,242
2025-11-27T17:26:35.677385,39,36,151,253,158,79,81,133,3808,-4862,-10557,10902,-200,-2176,-93,-378,-18,260
2025-11-27T17:26:35.699921,44,36,157,262,171,78,88,143,3770,-4879,-10535,10929,-216,-2216,-53,116,-88,277
2025-11-27T17:26:35.715826,43,40,194,279,195,61,80,133,3755,-4887,-10465,10997,-191,-1961,-11,484,-53,305
2025-11-27T17:26:35.737844,43,39,189,312,191,54,79,126,3732,-4900,-10410,11051,-365,-1797,-77,396,-60,202
2025-11-27T17:26:35.759880,43,38,155,307,192,53,76,122,3667,-4941,-10373,11089,-674,-2293,-18,145,-101,290
2025-11-27T17:26:35.774968,35,33,143,302,195,51,50,89,3602,-4980,-10345,11119,-470,-2103,38,56,-100,369
2025-11-27T17:26:35.797463,29,33,137,319,181,56,40,74,3532,-5039,-10314,11144,-656,-2006,-42,53,-36,361
2025-11-27T17:26:35.819969,28,29,87,303,142,59,39,71,3455,-5096,-10312,11144,-590,-1991,26,-191,-54,352
2025-11-27T17:26:35.834737,26,27,116,232,132,62,35,50,3391,-5137,-10350,11110,-451,-2133,-26,-401,-61,226
2025-11-27T17:26:35.865691,23,28,116,247,172,102,48,44,3339,-5158,-10371,11095,-434,-2221,-58,-220,-107,189
2025-11-27T17:26:35.879923,21,30,128,316,179,105,48,36,3297,-5156,-10379,11102,-417,-2164,-42,-59,-186,125
2025-11-27T17:26:35.894918,23,30,129,336,202,103,49,32,3262,-5139,-10385,11114,-360,-2123,-43,3,-218,80
2025-11-27T17:26:35.917125,23,29,122,354,200,101,51,29,3227,-5114,-10385,11136,-388,-2161,17,37,-261,65
2025-11-27T17:26:35.939953,23,29,91,361,196,105,52,28,3200,-5077,-10383,11163,-330,-2209,47,78,-277,41
2025-11-27T17:26:35.954934,24,30,88,365,175,65,41,28,3206,-5038,-10357,11203,-209,-2138,129,232,-158,17
2025-11-27T17:26:35.977408,24,36,133,389,159,54,36,23,3215,-5005,-10339,11232,-303,-2087,60,214,-121,-53
2025-11-27T17:26:35.999782,24,38,139,364,156,67,36,23,3211,-4968,-10339,11250,-348,-2118,31,100,-188,-92
2025-11-27T17:26:36.014912,25,39,141,365,197,115,39,23,3214,-4909,-10339,11274,-289,-2131,37,167,-255,-156
2025-11-27T17:26:36.037415,27,39,141,354,217,121,43,23,3225,-4847,-10337,11300,-258,-2051,44,188,-244,-193
2025-11-27T17:26:36.060307,25,38,138,342,217,123,47,45,3253,-4784,-10328,11327,-235,-2036,95,237,-176,-236
2025-11-27T17:26:36.082395,25,32,78,258,217,126,53,55,3298,-4745,-10306,11351,-133,-2015,67,293,-8,-160
2025-11-27T17:26:36.097405,23,30,59,278,203,122,53,59,3327,-4731,-10302,11352,-290,-1931,-32,145,43,-157
2025-11-27T17:26:36.119911,23,30,55,260,162,83,49,64,3348,-4716,-10314,11341,-299,-2076,-17,23,8,-167
2025-11-27T17:26:36.134927,24,28,62,256,149,68,44,69,3386,-4708,-10307,11339,-191,-2025,15,129,111,-118
2025-11-27T17:26:36.156852,25,27,76,302,186,70,38,59,3414,-4713,-10299,11335,-330,-2038,-31,121,122,-111
2025-11-27T17:26:36.179888,24,26,76,344,242,66,31,50,3430,-4717,-10296,11332,-394,-2039,9,69,71,-109
2025-11-27T17:26:36.202397,24,24,76,333,256,63,34,49,3444,-4716,-10287,11336,-390,-2070,68,87,45,-100
2025-11-27T17:26:36.217446,25,24,128,376,280,56,36,51,3450,-4715,-10272,11349,-440,-2072,84,124,7,-73
2025-11-27T17:26:36.239920,23,28,139,402,282,56,38,45,3451,-4709,-10258,11363,-446,-2050,107,110,-27,-75
2025-11-27T17:26:36.262537,25,30,140,509,368,55,44,48,3455,-4700,-10243,11379,-411,-2000,136,117,-31,-79
2025-11-27T17:26:36.277233,35,40,140,490,353,56,63,86,3457,-4693,-10235,11389,-320,-1952,111,75,-29,-37
2025-11-27T17:26:36.299909,45,83,151,476,340,52,70,92,3455,-4691,-10235,11390,-280,-1996,139,-17,-15,-5
2025-11-27T17:26:36.322778,49,93,144,464,362,53,78,114,3446,-4699,-10241,11384,-205,-1973,133,-78,2,84
2025-11-27T17:26:36.337753,82,106,154,459,371,55,85,121,3430,-4711,-10252,11375,-236,-2003,95,-112,-4,98
2025-11-27T17:26:36.359852,95,157,155,316,267,55,161,150,3408,-4723,-10261,11368,-288,-2042,76,-98,-37,101
2025-11-27T17:26:36.382577,98,160,158,296,256,80,212,182,3392,-4729,-10255,11375,-252,-2143,137,0,-33,133
2025-11-27T17:26:36.405576,96,144,147,311,264,82,225,204,3392,-4759,-10236,11380,-156,-1976,176,19,142,214
2025-11-27T17:26:36.419877,95,140,126,321,229,81,226,194,3391,-4809,-10242,11354,-415,-1940,-1,-126,212,70
2025-11-27T17:26:36.442322,123,200,154,325,212,80,240,203,3358,-4853,-10270,11319,-389,-2113,7,-297,75,160
2025-11-27T17:26:36.457456,120,179,169,338,199,78,205,193,3315,-4878,-10294,11299,-429,-2223,-43,-199,-60,150
2025-11-27T17:26:36.479922,117,181,168,331,177,51,147,164,3284,-4882,-10290,11310,-412,-2153,93,-12,-108,116
2025-11-27T17:26:36.502415,117,183,169,322,185,51,134,142,3266,-4872,-10255,11352,-472,-2157,259,169,-119,81
2025-11-27T17:26:36.517160,117,183,162,272,161,51,134,141,3246,-4856,-10217,11399,-476,-2162,320,179,-150,73
2025-11-27T17:26:36.539866,62,111,117,259,154,55,107,125,3229,-4825,-10183,11447,-448,-2184,343,183,-206,24
2025-11-27T17:26:36.562214,48,83,103,219,167,82,97,108,3207,-4781,-10154,11498,-490,-2200,332,198,-287,-29
2025-11-27T17:26:36.577311,43,69,107,255,188,115,99,83,3174,-4730,-10155,11527,-466,-2108,293,13,-354,-77
2025-11-27T17:26:36.599847,38,60,123,308,181,131,84,63,3135,-4673,-10192,11528,-421,-2122,365,-263,-383,-140
2025-11-27T17:26:36.622514,37,55,142,371,187,138,80,53,3082,-4625,-10263,11499,-407,-2292,203,-457,-395,-124
2025-11-27T17:26:36.637386,27,38,147,413,212,146,80,45,3049,-4566,-10281,11515,-340,-2453,50,44,-398,-59
2025-11-27T17:26:36.660173,33,39,150,422,258,229,108,55,3058,-4479,-10217,11603,-329,-2211,7,752,-395,-141
2025-11-27T17:26:36.682748,35,43,179,494,257,231,111,52,3107,-4384,-10135,11698,-265,-1908,61,894,-273,-287
2025-11-27T17:26:36.696867,37,50,249,530,256,227,112,51,3177,-4300,-10068,11768,-164,-2055,49,793,-136,-327
2025-11-27T17:26:36.728022,35,48,290,571,264,233,111,54,3227,-4270,-10002,11821,-198,-1976,64,651,34,-110
2025-11-27T17:26:36.742369,37,47,293,549,252,229,107,53,3262,-4282,-9945,11856,-255,-1871,54,488,168,21
2025-11-27T17:26:36.757351,31,77,294,558,253,145,74,38,3281,-4347,-9917,11851,-410,-1944,88,138,342,110
2025-11-27T17:26:36.779853,32,82,278,477,261,128,63,32,3288,-4461,-9892,11827,-539,-1965,117,-33,523,239
2025-11-27T17:26:36.802297,30,81,232,425,266,118,59,31,3272,-4598,-9861,11805,-662,-2027,125,-62,537,374
2025-11-27T17:26:36.814208,30,82,175,351,263,99,50,26,3227,-4729,-9833,11789,-766,-2038,90,-81,391,438
2025-11-27T17:26:36.836796,29,83,166,333,255,94,46,27,3163,-4834,-9811,11782,-831,-2093,15,-37,198,412
2025-11-27T17:26:36.861076,29,54,153,293,196,73,35,23,3094,-4909,-9787,11789,-836,-2031,-30,60,30,358
2025-11-27T17:26:36.877014,25,42,147,301,193,56,31,22,3039,-4957,-9762,11804,-755,-1908,-38,142,-33,263
2025-11-27T17:26:36.899416,24,35,117,262,207,74,34,23,2994,-4981,-9756,11810,-750,-1781,-15,54,-106,95
2025-11-27T17:26:36.923681,25,35,142,244,196,79,40,26,2969,-4971,-9773,11807,-699,-1835,18,-18,-173,-114
2025-11-27T17:26:36.937152,23,29,137,249,221,90,49,27,2973,-4913,-9807,11802,-616,-1939,28,8,-282,-371
2025-11-27T17:26:36.960215,23,30,140,289,246,115,57,27,3012,-4804,-9833,11815,-503,-1892,155,145,-369,-611
2025-11-27T17:26:36.982400,25,36,149,291,257,133,68,31,3068,-4663,-9886,11813,-358,-1764,168,31,-435,-807
2025-11-27T17:26:37.005596,26,42,178,360,244,131,67,31,3127,-4499,-9990,11774,-175,-1780,92,-235,-515,-931
2025-11-27T17:26:37.018901,26,41,155,326,239,132,63,27,3187,-4323,-10103,11727,25,-1955,91,-276,-544,-908
2025-11-27T17:26:37.042575,26,46,156,316,220,126,56,28,3283,-4125,-10162,11721,283,-2161,226,96,-488,-874
2025-11-27T17:26:37.058206,26,46,154,322,207,102,50,27,3420,-3923,-10124,11783,439,-2122,333,748,-336,-784
2025-11-27T17:26:37.078989,26,44,149,331,169,75,33,22,3586,-3720,-10028,11882,412,-1917,348,1151,-220,-835
2025-11-27T17:26:37.101933,26,45,135,278,161,61,33,22,3766,-3518,-9914,11983,388,-1898,445,1228,-146,-908
2025-11-27T17:26:37.116538,26,46,140,295,174,55,35,23,3913,-3349,-9785,12090,311,-1927,534,1212,-125,-697
2025-11-27T17:26:37.139868,26,45,142,290,165,52,38,35,4035,-3221,-9626,12211,139,-1953,594,1305,-29,-510
2025-11-27T17:26:37.162341,26,42,142,234,142,55,39,35,4098,-3132,-9484,12324,72,-1911,694,1056,-80,-207
2025-11-27T17:26:37.185126,24,40,138,219,163,54,38,37,4129,-3086,-9389,12398,72,-1823,649,668,-30,-41
2025-11-27T17:26:37.199883,23,34,105,183,156,51,42,38,4130,-3082,-9358,12422,35,-1863,683,134,6,69
2025-11-27T17:26:37.222352,24,30,91,159,137,47,47,40,4120,-3089,-9375,12411,70,-1972,681,-190,-3,62
2025-11-27T17:26:37.244795,21,26,96,155,135,45,46,28,4117,-3091,-9415,12381,105,-2000,603,-300,-13,-12
2025-11-27T17:26:37.259895,20,23,87,164,131,60,47,29,4117,-3090,-9464,12343,45,-1979,523,-319,-27,-92
2025-11-27T17:26:37.282387,23,25,89,194,119,63,47,28,4107,-3096,-9520,12303,62,-1968,477,-364,-38,-30
2025-11-27T17:26:37.304865,25,26,100,235,124,79,43,27,4098,-3118,-9582,12252,97,-1895,426,-440,37,17
2025-11-27T17:26:37.319808,23,30,148,316,130,80,44,24,4078,-3162,-9657,12188,76,-1967,427,-584,93,90
2025-11-27T17:26:37.342270,34,47,182,360,168,96,54,29,4050,-3234,-9746,12107,113,-1979,371,-738,184,203
2025-11-27T17:26:37.373042,37,49,200,367,167,94,64,29,4002,-3333,-9837,12023,175,-2029,393,-840,234,413
2025-11-27T17:26:37.379940,36,49,214,350,152,94,71,30,3946,-3468,-9910,11943,199,-2007,447,-860,386,615
2025-11-27T17:26:37.402321,38,57,216,387,140,83,72,31,3872,-3660,-9990,11843,232,-1983,428,-1073,571,885
2025-11-27T17:26:37.424973,41,68,215,360,133,83,67,32,3762,-3915,-10098,11704,124,-1971,341,-1433,709,1131
2025-11-27T17:26:37.439338,36,76,210,343,79,64,59,31,3633,-4210,-10202,11552,-103,-1996,346,-1583,810,1236
2025-11-27T17:26:37.463114,71,106,232,348,64,48,50,58,3529,-4501,-10299,11387,-81,-2140,286,-1553,920,1165
2025-11-27T17:26:37.484769,89,246,231,359,56,41,62,142,3440,-4796,-10364,11234,-389,-2321,232,-1374,1002,1061
2025-11-27T17:26:37.499807,92,255,237,324,51,39,66,153,3377,-5070,-10336,11157,-624,-2538,265,-721,1002,1053
2025-11-27T17:26:37.523376,92,253,211,282,47,39,66,156,3376,-5280,-10257,11134,-641,-2526,198,-123,943,761
2025-11-27T17:26:37.544670,92,252,191,349,53,44,66,157,3458,-5416,-10103,11183,-737,-2298,165,683,902,345
2025-11-27T17:26:37.559880,68,247,147,341,123,72,73,155,3581,-5509,-9944,11242,-754,-1991,164,882,859,24
2025-11-27T17:26:37.582547,44,113,128,338,146,88,62,88,3725,-5539,-9831,11280,-780,-1713,156,757,671,-435
2025-11-27T17:26:37.604880,33,87,127,325,159,89,57,72,3881,-5542,-9801,11252,-554,-1513,-90,407,599,-718
2025-11-27T17:26:37.619874,34,86,132,339,166,95,57,78,4030,-5498,-9831,11195,-456,-1715,-183,182,364,-945
2025-11-27T17:26:37.642399,45,76,126,239,192,120,62,84,4171,-5406,-9888,11137,-266,-2035,-292,196,119,-1019
2025-11-27T17:26:37.665098,45,52,122,230,191,151,70,76,4330,-5288,-9886,11135,-288,-2155,-283,693,63,-1023
2025-11-27T17:26:37.679903,47,49,122,214,187,149,66,77,4494,-5166,-9825,11181,-255,-2023,-303,1121,68,-879
2025-11-27T17:26:37.702415,51,49,98,181,184,152,67,84,4620,-5074,-9752,11236,-387,-2073,-180,1032,55,-691
2025-11-27T17:26:37.724856,48,47,95,160,193,151,66,73,4698,-5028,-9679,11287,-506,-2054,43,763,81,-426
2025-11-27T17:26:37.739671,38,53,96,183,203,151,76,63,4726,-5010,-9638,11319,-534,-2020,103,423,4,-245
2025-11-27T17:26:37.762379,37,55,101,201,224,155,71,61,4740,-4992,-9629,11328,-403,-2084,172,163,-48,-211
2025-11-27T17:26:37.800917,40,93,145,250,249,210,84,58,4761,-4971,-9635,11323,-400,-2152,204,67,-32,-295
2025-11-27T17:26:37.803961,42,97,176,283,344,270,111,49,4807,-4941,-9636,11316,-328,-2237,206,138,35,-380
2025-11-27T17:26:37.819962,45,98,182,307,371,278,116,50,4857,-4906,-9628,11317,-291,-2072,91,275,21,-377
2025-11-27T17:26:37.842770,44,94,179,319,405,294,119,51,4886,-4887,-9640,11303,-190,-1998,71,92,15,-254
2025-11-27T17:26:37.858807,45,100,228,454,395,281,117,52,4888,-4900,-9669,11272,-94,-1964,63,-131,56,-53
2025-11-27T17:26:37.882292,39,62,217,440,380,244,110,50,4865,-4936,-9704,11235,-85,-2008,22,-238,56,110
2025-11-27T17:26:37.904786,100,217,236,465,306,180,305,328,4820,-4964,-9716,11232,-282,-1892,5,-67,-68,153
2025-11-27T17:26:37.919804,374,373,280,455,289,189,640,720,4759,-4985,-9763,11208,-149,-2363,-35,-242,-175,195
2025-11-27T17:26:37.942306,438,425,390,520,223,153,760,932,4676,-5017,-9757,11234,142,-3196,145,20,-169,699
2025-11-27T17:26:37.964870,444,439,386,442,317,227,807,1009,4537,-5078,-9583,11412,-490,-2226,311,909,-269,1181
2025-11-27T17:26:37.979779,448,443,389,445,494,380,826,1017,4367,-5062,-9475,11574,-780,-1121,256,635,-776,711
2025-11-27T17:26:38.001842,443,399,371,398,504,388,782,969,4369,-4901,-9517,11608,-550,-1102,481,15,-761,-779
2025-11-27T17:26:38.024869,265,266,338,386,499,385,551,734,4525,-4680,-9576,11591,-98,-1328,346,225,-423,-1455
2025-11-27T17:26:38.048705,137,171,211,262,496,385,368,438,4649,-4530,-9671,11522,699,-2246,521,-269,-150,-794
2025-11-27T17:26:38.070512,120,131,173,196,431,344,249,209,4674,-4500,-9684,11514,390,-2150,401,-31,0,41
2025-11-27T17:26:38.084798,105,125,156,256,215,171,178,168,4630,-4538,-9732,11476,160,-1857,370,-500,9,305
2025-11-27T17:26:38.107713,79,95,149,252,191,157,138,131,4586,-4575,-9800,11420,-106,-2063,299,-598,-21,106
2025-11-27T17:26:38.122740,100,82,161,296,181,153,139,152,4544,-4581,-9856,11387,29,-2028,169,-361,-145,118
2025-11-27T17:26:38.145405,233,269,159,316,169,146,230,346,4494,-4571,-9912,11362,135,-2108,76,-279,-244,175
2025-11-27T17:26:38.175490,301,317,219,344,167,138,260,409,4399,-4590,-9950,11359,27,-2678,104,-237,-297,478
2025-11-27T17:26:38.182460,316,332,289,394,149,120,266,452,4279,-4630,-9909,11424,-126,-2326,109,216,-299,793
2025-11-27T17:26:38.204824,319,339,319,474,116,96,265,466,4075,-4691,-9893,11487,-542,-2039,-18,-7,-560,938
2025-11-27T17:26:38.228162,341,364,423,524,97,71,267,466,3861,-4697,-9923,11533,-571,-2074,-6,-192,-846,700
2025-11-27T17:26:38.242320,279,269,447,531,110,65,192,351,3691,-4637,-9928,11608,-444,-2472,1,181,-963,494
2025-11-27T17:26:38.265531,217,227,475,557,127,69,147,278,3565,-4534,-9823,11776,-406,-2252,162,990,-987,474
2025-11-27T17:26:38.288071,198,207,473,526,156,77,138,210,3462,-4409,-9650,11995,-537,-1837,258,1448,-1001,393
2025-11-27T17:26:38.302082,197,201,463,511,177,87,133,178,3385,-4262,-9494,12193,-578,-1482,509,1238,-990,108
2025-11-27T17:26:38.324753,131,149,375,435,191,95,88,128,3355,-4114,-9434,12298,-316,-1318,426,643,-798,-212
2025-11-27T17:26:38.348318,109,130,355,471,186,96,72,115,3353,-3979,-9452,12330,-135,-1549,653,19,-610,-380
2025-11-27T17:26:38.362320,125,154,275,424,182,92,127,260,3385,-3890,-9472,12334,98,-2053,828,-123,-231,-255
2025-11-27T17:26:38.384970,165,156,217,371,154,76,133,271,3420,-3879,-9472,12328,-163,-2137,722,-91,100,-143
2025-11-27T17:26:38.407523,170,156,295,417,141,65,132,273,3433,-3923,-9470,12312,-170,-2145,743,-215,280,119
2025-11-27T17:26:38.422261,172,156,292,447,137,61,130,273,3424,-3987,-9487,12280,-235,-2072,551,-318,269,199
2025-11-27T17:26:38.444757,173,155,274,420,144,60,132,271,3384,-4053,-9529,12238,-315,-2105,431,-441,153,254
2025-11-27T17:26:38.468014,144,97,278,436,141,73,78,132,3354,-4097,-9554,12211,-300,-2176,450,-292,95,206
2025-11-27T17:26:38.482244,88,78,265,448,159,115,67,86,3350,-4121,-9548,12209,-235,-2117,426,-18,103,129
2025-11-27T17:26:38.504455,67,61,178,344,157,119,65,73,3359,-4149,-9537,12206,-226,-1889,403,1,167,91
2025-11-27T17:26:38.527900,58,60,165,337,169,150,74,67,3366,-4178,-9550,12183,-290,-1798,361,-154,162,7
2025-11-27T17:26:38.550469,43,56,173,310,165,154,68,48,3362,-4199,-9602,12137,-279,-1829,317,-382,76,-53
2025-11-27T17:26:38.564728,37,56,170,315,160,148,64,35,3349,-4212,-9679,12075,-260,-1952,224,-498,4,-74
2025-11-27T17:26:38.587479,38,68,194,341,148,122,60,37,3334,-4210,-9737,12033,-269,-2046,167,-305,-76,-72
2025-11-27T17:26:38.602413,53,71,208,415,149,119,59,63,3338,-4182,-9755,12026,-224,-2049,190,19,-121,-113
2025-11-27T17:26:38.624769,136,98,221,429,122,74,87,193,3350,-4142,-9741,12048,-297,-1985,201,264,-154,-159
2025-11-27T17:26:38.647971,150,116,360,503,121,67,101,241,3365,-4088,-9710,12088,-334,-2057,259,400,-204,-190
2025-11-27T17:26:38.662303,155,116,371,482,131,87,105,244,3390,-4021,-9661,12142,-265,-2179,302,554,-223,-195
2025-11-27T17:26:38.684161,159,122,375,477,158,140,108,249,3429,-3938,-9568,12232,-274,-1939,443,811,-233,-223
2025-11-27T17:26:38.707931,156,116,357,416,200,176,115,247,3447,-3869,-9496,12305,-342,-1750,364,657,-259,-196
2025-11-27T17:26:38.722604,103,91,351,394,205,181,95,198,3446,-3794,-9475,12345,-270,-1728,456,273,-355,-207
2025-11-27T17:26:38.744458,87,72,258,452,207,183,90,183,3467,-3712,-9482,12358,-129,-1950,609,57,-287,-311
2025-11-27T17:26:38.767936,85,73,240,448,198,173,97,202,3499,-3645,-9474,12375,-11,-2080,614,144,-165,-233
2025-11-27T17:26:38.782351,96,71,221,432,168,132,93,210,3535,-3616,-9438,12401,-177,-2182,592,287,8,-159
2025-11-27T17:26:38.804237,96,78,212,433,136,102,86,209,3550,-3603,-9403,12427,-219,-2041,523,262,3,-53
2025-11-27T17:26:38.827933,88,77,201,431,312,282,128,186,3555,-3608,-9384,12439,-164,-1953,592,72,46,40
2025-11-27T17:26:38.842198,89,91,129,331,369,325,134,143,3565,-3620,-9376,12438,-92,-2012,678,-63,116,51
2025-11-27T17:26:38.865117,85,93,146,372,401,335,131,112,3598,-3629,-9374,12428,-146,-1942,586,-40,162,-108
2025-11-27T17:26:38.887971,62,81,168,517,475,355,132,82,3642,-3620,-9366,12424,-249,-1997,568,60,110,-257
2025-11-27T17:26:38.902104,58,75,175,546,524,363,140,77,3712,-3587,-9353,12422,-233,-1985,505,185,89,-432
2025-11-27T17:26:38.924270,54,76,180,584,530,318,134,64,3813,-3535,-9330,12424,-97,-1786,432,310,129,-554
2025-11-27T17:26:38.947920,45,57,195,596,517,293,134,66,3925,-3488,-9319,12411,-11,-1745,509,188,201,-590
2025-11-27T17:26:38.962214,40,47,183,614,554,319,145,61,4023,-3472,-9344,12365,-10,-1885,487,-105,273,-519
2025-11-27T17:26:38.984905,38,47,155,506,513,306,146,60,4101,-3488,-9395,12296,21,-1971,438,-326,341,-391
2025-11-27T17:26:39.007661,41,55,197,524,469,294,141,57,4155,-3534,-9430,12237,17,-2110,373,-252,394,-154
2025-11-27T17:26:39.022147,37,50,193,482,382,220,111,50,4192,-3602,-9448,12191,-48,-2155,332,-167,433,-11
2025-11-27T17:26:39.044654,31,42,170,417,353,193,95,40,4200,-3680,-9453,12161,-154,-2172,355,-131,371,130
2025-11-27T17:26:39.067805,32,48,190,429,276,172,80,41,4176,-3767,-9441,12152,-184,-2177,379,-65,296,337
2025-11-27T17:26:39.090391,30,47,202,450,273,170,79,43,4111,-3861,-9445,12142,-290,-2136,249,-138,160,471
2025-11-27T17:26:39.104823,25,36,158,385,269,176,80,42,4022,-3928,-9445,12150,-424,-2198,281,-66,-59,459
2025-11-27T17:26:39.127788,25,36,152,365,266,178,78,46,3944,-3960,-9421,12184,-299,-2002,296,145,-157,433
2025-11-27T17:26:39.150016,23,34,149,358,269,181,77,45,3872,-3973,-9390,12227,-335,-1919,329,215,-217,356
2025-11-27T17:26:39.165126,27,31,136,381,283,159,69,43,3799,-3976,-9365,12267,-427,-1946,361,180,-278,282
2025-11-27T17:26:39.188822,32,39,109,338,306,199,90,50,3680,-3938,-9399,12290,-576,-1997,162,-15,-678,165
2025-11-27T17:26:39.207945,32,40,97,335,305,198,86,57,3588,-3834,-9380,12364,-411,-2083,399,381,-839,70
2025-11-27T17:26:39.222025,34,43,98,338,285,192,87,63,3543,-3716,-9294,12478,-96,-1860,524,797,-670,118
2025-11-27T17:26:39.246357,36,48,108,359,293,193,87,63,3520,-3625,-9208,12574,-244,-1747,562,714,-485,2
2025-11-27T17:26:39.269522,36,53,112,266,255,183,83,62,3476,-3556,-9192,12618,-393,-1898,433,296,-504,-64
2025-11-27T17:26:39.284171,34,47,108,252,192,144,58,54,3411,-3451,-9225,12640,-381,-1828,455,12,-762,-170
2025-11-27T17:26:39.307721,33,49,115,244,172,130,59,46,3357,-3329,-9239,12678,-89,-1950,588,131,-745,-82
2025-11-27T17:26:39.330258,30,47,115,234,170,127,52,43,3333,-3223,-9211,12731,12,-1867,692,318,-531,-53
2025-11-27T17:26:39.344703,28,42,106,214,173,124,49,41,3348,-3137,-9174,12776,-26,-1871,770,320,-308,-187
2025-11-27T17:26:39.367880,28,47,126,174,189,114,51,42,3387,-3072,-9143,12804,-46,-1800,801,224,-138,-271
2025-11-27T17:26:39.390722,29,59,137,187,189,92,46,45,3417,-3026,-9164,12791,-29,-1909,667,-75,-104,-267
2025-11-27T17:26:39.405131,29,57,134,190,179,87,37,44,3433,-2980,-9204,12769,-41,-1858,627,-193,-165,-259
2025-11-27T17:26:39.428016,29,57,132,195,204,104,48,33,3452,-2926,-9245,12747,82,-1991,708,-213,-175,-236
2025-11-27T17:26:39.457935,31,57,133,173,249,131,55,34,3493,-2869,-9263,12736,203,-2060,718,-39,-80,-245
2025-11-27T17:26:39.465102,28,46,79,178,292,155,58,31,3552,-2815,-9240,12748,204,-1880,712,198,8,-260
2025-11-27T17:26:39.487905,25,29,66,162,295,152,58,26,3612,-2772,-9223,12753,170,-1876,709,147,54,-270
2025-11-27T17:26:39.510271,25,28,70,172,299,153,59,27,3649,-2747,-9230,12742,127,-1890,658,-22,34,-183
2025-11-27T17:26:39.524628,25,28,108,217,288,145,50,25,3666,-2736,-9245,12729,107,-1981,649,-78,20,-77
2025-11-27T17:26:39.547900,23,30,118,232,234,119,44,22,3673,-2732,-9266,12713,105,-1984,582,-110,11,-20
2025-11-27T17:26:39.570375,21,29,121,233,198,86,36,22,3685,-2726,-9275,12705,90,-1926,589,-29,23,-40
2025-11-27T17:26:39.584474,23,31,119,287,199,82,35,25,3709,-2719,-9270,12703,154,-1891,616,42,81,-42
2025-11-27T17:26:39.607659,23,31,113,282,219,90,42,24,3742,-2725,-9264,12696,185,-1818,631,-3,175,-32
2025-11-27T17:26:39.630495,24,30,80,249,212,100,50,26,3774,-2759,-9276,12670,205,-1830,664,-186,293,32
2025-11-27T17:26:39.644084,26,32,187,263,264,129,52,26,3791,-2833,-9317,12618,216,-1840,642,-466,403,171
2025-11-27T17:26:39.667910,28,35,211,330,248,138,59,27,3790,-2948,-9385,12542,188,-1861,611,-719,511,315
2025-11-27T17:26:39.690401,30,35,222,346,237,140,59,26,3771,-3092,-9467,12451,196,-1885,569,-884,579,471
2025-11-27T17:26:39.704892,30,42,229,340,221,136,54,26,3735,-3259,-9552,12354,150,-1897,521,-950,615,591
2025-11-27T17:26:39.735358,28,43,232,355,221,125,48,24,3692,-3435,-9625,12263,160,-1974,479,-897,643,699
2025-11-27T17:26:39.750316,26,47,162,344,141,90,43,56,3646,-3620,-9681,12178,163,-2034,434,-804,687,789
2025-11-27T17:26:39.764226,26,57,148,293,105,66,37,61,3601,-3816,-9712,12107,136,-2014,473,-711,753,873
2025-11-27T17:26:39.787183,24,59,155,229,95,58,37,70,3552,-4035,-9728,12038,24,-2043,452,-673,842,954
2025-11-27T17:26:39.810108,24,68,172,282,77,46,38,79,3502,-4268,-9730,11970,-78,-2086,367,-599,902,997
2025-11-27T17:26:39.824531,31,71,182,272,65,42,60,102,3460,-4501,-9734,11893,-142,-2098,239,-579,928,943
2025-11-27T17:26:39.847128,32,71,179,271,84,44,66,93,3431,-4727,-9714,11830,-221,-2095,207,-400,946,896
2025-11-27T17:26:39.870495,31,64,167,246,87,47,67,90,3415,-4938,-9644,11806,-363,-2229,223,-32,923,889
2025-11-27T17:26:39.884717,29,63,145,228,110,61,66,87,3401,-5149,-9530,11812,-527,-2075,256,213,921,911
2025-11-27T17:26:39.907257,30,56,131,170,193,152,80,80,3404,-5344,-9416,11816,-668,-1733,59,340,882,695
2025-11-27T17:26:39.930327,25,55,117,297,278,171,74,58,3436,-5530,-9352,11772,-704,-1690,47,46,966,386
2025-11-27T17:26:39.944498,24,54,149,375,314,177,69,52,3487,-5718,-9327,11687,-794,-1757,-41,-174,1058,172
2025-11-27T17:26:39.975240,23,50,152,385,340,181,67,63,3523,-5890,-9320,11595,-982,-1913,-80,-261,926,64
2025-11-27T17:26:39.990812,28,49,150,390,352,182,70,69,3553,-6017,-9289,11547,-1203,-1993,-161,56,652,-47
2025-11-27T17:26:40.012853,30,40,134,389,320,119,56,71,3581,-6082,-9239,11544,-1205,-1972,-111,317,334,-140
2025-11-27T17:26:40.026998,30,36,127,295,270,110,63,71,3619,-6093,-9171,11580,-1120,-1911,30,536,118,-229
2025-11-27T17:26:40.050663,31,36,92,167,250,122,74,74,3687,-6081,-9090,11629,-1012,-1874,212,624,136,-323
2025-11-27T17:26:40.072695,32,38,108,175,222,118,76,64,3776,-6063,-9025,11660,-991,-1686,193,574,188,-503
2025-11-27T17:26:40.095324,29,63,119,161,219,138,78,52,3860,-6055,-9004,11654,-876,-1615,176,264,233,-547
2025-11-27T17:26:40.109868,30,78,166,188,225,144,78,56,3902,-6070,-9069,11581,-864,-1731,17,-317,197,-560
2025-11-27T17:26:40.132530,30,78,182,225,217,146,69,47,3930,-6079,-9179,11479,-826,-2099,-90,-550,130,-597
2025-11-27T17:26:40.147080,31,79,182,227,192,151,60,44,3957,-6062,-9269,11407,-763,-2141,-71,-362,1,-566
2025-11-27T17:26:40.170273,34,92,179,199,341,296,128,53,4001,-6034,-9304,11378,-726,-2174,1,5,6,-477
2025-11-27T17:26:40.192982,37,83,176,200,356,312,139,59,4049,-6024,-9300,11370,-678,-1976,128,126,122,-335
2025-11-27T17:26:40.206518,35,69,136,202,350,311,138,51,4094,-6039,-9318,11330,-599,-1747,9,-53,233,-320
2025-11-27T17:26:40.230199,34,70,130,196,361,313,138,50,4096,-6089,-9391,11243,-856,-2090,-33,-531,233,-321
2025-11-27T17:26:40.252896,32,66,117,192,378,322,144,49,4056,-6158,-9481,11143,-856,-2477,-49,-754,193,-107
2025-11-27T17:26:40.267294,29,43,95,225,277,206,90,39,3984,-6227,-9517,11100,-859,-2320,-64,-442,42,197
2025-11-27T17:26:40.290292,23,30,85,235,244,170,68,30,3889,-6283,-9552,11072,-857,-2359,-163,-382,-120,284
2025-11-27T17:26:40.312292,22,30,74,207,244,166,66,27,3781,-6304,-9574,11078,-830,-2355,-113,-237,-340,320
2025-11-27T17:26:40.327070,20,22,36,176,215,149,60,25,3674,-6282,-9573,11128,-877,-2269,-118,58,-565,259
2025-11-27T17:26:40.349999,19,22,37,172,175,102,39,21,3564,-6213,-9561,11213,-803,-2099,-123,276,-822,203
2025-11-27T17:26:40.372828,19,26,36,115,114,71,30,31,3451,-6111,-9561,11304,-670,-1918,-96,272,-983,143
2025-11-27T17:26:40.386810,18,30,46,97,99,54,30,32,3329,-5995,-9587,11380,-598,-1851,-35,100,-1060,86
2025-11-27T17:26:40.410203,19,29,45,121,128,78,36,33,3206,-5868,-9635,11441,-559,-1908,6,-43,-1089,22
2025-11-27T17:26:40.432989,20,29,44,113,147,97,43,33,3103,-5718,-9682,11505,-473,-1979,97,-5,-1106,-77
2025-11-27T17:26:40.447098,20,28,57,149,154,101,45,35,3051,-5540,-9693,11597,-353,-1965,196,319,-1052,-215
2025-11-27T17:26:40.470799,22,30,76,171,187,135,65,28,3045,-5345,-9676,11703,-273,-1927,261,563,-954,-362
2025-11-27T17:26:40.492829,24,25,73,176,193,138,66,28,3077,-5159,-9655,11795,-226,-1794,265,605,-765,-503
2025-11-27T17:26:40.507037,24,26,75,160,168,125,62,26,3131,-4983,-9642,11867,-161,-1688,362,488,-611,-582
2025-11-27T17:26:40.530425,24,28,84,162,148,112,57,40,3190,-4824,-9650,11911,-74,-1808,413,293,-491,-575
2025-11-27T17:26:40.552745,23,30,84,136,145,109,57,42,3246,-4687,-9674,11931,-14,-1980,441,125,-391,-503
2025-11-27T17:26:40.567036,21,29,75,110,99,66,40,42,3300,-4572,-9695,11943,12,-2063,435,95,-294,-424
2025-11-27T17:26:40.590254,20,32,94,119,137,110,39,43,3370,-4475,-9694,11962,76,-2024,450,215,-145,-371
2025-11-27T17:26:40.612656,22,31,100,121,167,113,42,44,3443,-4403,-9694,11967,73,-1991,427,150,-24,-334
2025-11-27T17:26:40.627019,23,30,93,122,174,116,42,31,3497,-4354,-9710,11957,-14,-1923,353,15,3,-281
2025-11-27T17:26:40.650267,25,29,88,124,180,114,39,25,3543,-4313,-9728,11944,-25,-1981,368,-27,5,-244
2025-11-27T17:26:40.672576,27,28,87,158,334,253,84,30,3589,-4276,-9734,11938,-30,-2057,374,46,23,-208
2025-11-27T17:26:40.687065,27,28,70,181,376,274,104,34,3639,-4245,-9720,11946,-59,-2038,435,138,67,-180
2025-11-27T17:26:40.710322,26,28,64,180,371,279,108,36,3703,-4221,-9702,11949,-22,-1917,396,168,158,-210
2025-11-27T17:26:40.732843,26,27,72,178,375,288,114,37,3774,-4199,-9706,11931,34,-1841,362,29,188,-269
2025-11-27T17:26:40.747042,24,25,71,180,383,291,115,38,3834,-4198,-9738,11886,96,-1959,306,-182,243,-201
2025-11-27T17:26:40.769970,22,23,70,170,270,188,88,35,3876,-4223,-9771,11837,106,-2053,340,-281,295,-40
2025-11-27T17:26:40.792797,22,19,82,159,190,129,68,32,3897,-4282,-9785,11797,108,-2154,364,-259,374,208
2025-11-27T17:26:40.807062,23,27,108,184,191,116,63,31,3888,-4371,-9787,11765,45,-2077,303,-242,392,429
2025-11-27T17:26:40.830313,22,28,107,193,176,88,52,30,3853,-4481,-9801,11724,4,-2095,236,-365,379,558
2025-11-27T17:26:40.852890,26,42,116,187,148,75,48,39,3807,-4583,-9805,11696,40,-2032,225,-296,314,638
2025-11-27T17:26:40.867092,28,48,143,206,131,61,52,68,3759,-4686,-9786,11686,35,-2066,203,-134,308,725
2025-11-27T17:26:40.890309,36,57,150,189,104,52,60,109,3707,-4806,-9736,11697,-115,-2067,227,13,364,813
2025-11-27T17:26:40.912688,49,71,148,183,74,42,69,142,3644,-4939,-9681,11706,-288,-2101,251,-16,380,833
2025-11-27T17:26:40.935286,52,81,156,191,79,52,73,155,3577,-5067,-9629,11715,-353,-2131,253,-37,340,818
2025-11-27T17:26:40.950260,55,88,249,279,145,141,99,162,3514,-5182,-9562,11739,-407,-2227,282,91,299,807
2025-11-27T17:26:40.980315,55,89,280,274,162,156,99,158,3443,-5305,-9486,11767,-563,-2141,264,126,297,816
2025-11-27T17:26:40.995235,59,109,288,329,211,198,98,154,3351,-5427,-9439,11776,-796,-1870,7,22,181,682
2025-11-27T17:26:41.009865,54,102,291,393,233,223,122,182,3248,-5517,-9408,11787,-881,-1996,24,-17,-4,592
2025-11-27T17:26:41.033176,55,96,299,421,233,224,127,187,3178,-5572,-9340,11835,-777,-1992,121,298,-51,529
2025-11-27T17:26:41.062878,56,88,259,397,244,217,123,191,3128,-5604,-9243,11909,-859,-1760,38,605,-122,389
2025-11-27T17:26:41.070129,57,88,214,387,310,260,135,188,3088,-5620,-9143,11988,-1021,-1678,128,625,-163,228
2025-11-27T17:26:41.100143,47,58,197,341,305,254,135,172,3062,-5616,-9069,12053,-1092,-1589,208,487,-201,-2
2025-11-27T17:26:41.115549,42,55,190,267,313,254,110,111,3058,-5596,-9030,12093,-1033,-1485,224,310,-184,-219
2025-11-27T17:26:41.129131,37,53,170,214,341,275,111,84,3059,-5575,-9038,12096,-959,-1543,251,2,-140,-325
2025-11-27T17:26:41.152587,31,46,117,164,338,287,109,56,3063,-5561,-9078,12071,-1030,-1754,306,-226,-82,-412
2025-11-27T17:26:41.175251,28,42,105,160,289,264,102,48,3083,-5554,-9113,12043,-1073,-1913,287,-177,7,-460
2025-11-27T17:26:41.189322,30,39,94,174,270,252,100,45,3095,-5572,-9148,12005,-1054,-1999,272,-241,103,-329
2025-11-27T17:26:41.220156,30,33,74,164,301,272,114,43,3062,-5616,-9200,11953,-1086,-2153,164,-409,66,-106
2025-11-27T17:26:41.235249,30,34,65,153,294,258,110,41,3003,-5680,-9217,11925,-1070,-2212,254,-319,79,183
2025-11-27T17:26:41.249557,29,34,47,180,313,232,101,37,2933,-5746,-9221,11908,-1058,-2107,167,-220,35,279
2025-11-27T17:26:41.272819,28,25,51,180,300,207,89,34,2854,-5798,-9217,11904,-1076,-2029,147,-151,-70,281
2025-11-27T17:26:41.294947,26,23,52,172,303,195,83,39,2768,-5820,-9212,11918,-1093,-1984,145,-78,-250,237
2025-11-27T17:26:41.309420,23,22,51,195,254,134,59,39,2677,-5808,-9204,11951,-1125,-1923,130,29,-443,151
2025-11-27T17:26:41.332594,22,22,49,213,231,116,49,38,2587,-5761,-9202,11995,-1113,-1910,164,57,-603,50
2025-11-27T17:26:41.355179,21,23,47,188,243,147,61,38,2519,-5683,-9213,12038,-959,-1925,170,67,-663,-85
2025-11-27T17:26:41.369519,22,22,38,207,268,166,65,41,2479,-5581,-9243,12071,-819,-1920,179,38,-664,-259
2025-11-27T17:26:41.399945,22,20,38,206,262,171,68,34,2458,-5457,-9284,12101,-707,-1872,160,51,-692,-389
2025-11-27T17:26:41.415509,21,25,37,178,251,173,67,39,2444,-5311,-9334,12130,-584,-1983,191,34,-758,-444
2025-11-27T17:26:41.429179,22,28,39,161,264,182,70,40,2445,-5137,-9371,12176,-441,-2043,239,183,-828,-482
2025-11-27T17:26:41.452722,20,27,42,191,233,151,53,38,2467,-4952,-9377,12243,-288,-1973,297,402,-805,-486
2025-11-27T17:26:41.475750,19,27,52,182,208,129,47,38,2499,-4770,-9372,12313,-197,-1905,372,442,-739,-476
2025-11-27T17:26:41.489415,19,28,51,196,204,120,41,36,2539,-4598,-9361,12378,-155,-1817,429,431,-651,-482
2025-11-27T17:26:41.512429,23,26,50,203,207,115,40,37,2596,-4429,-9354,12433,-86,-1812,447,406,-567,-536
2025-11-27T17:26:41.534695,22,23,50,197,180,94,33,36,2668,-4272,-9353,12473,-23,-1817,449,353,-448,-571
2025-11-27T17:26:41.549477,21,23,47,172,118,78,42,40,2746,-4131,-9356,12502,-14,-1848,517,274,-342,-574
2025-11-27T17:26:41.572749,21,24,61,179,164,95,50,40,2822,-4012,-9366,12516,-36,-1919,546,173,-245,-537
2025-11-27T17:26:41.595210,21,24,63,158,171,109,54,41,2893,-3903,-9381,12523,-30,-1926,572,102,-218,-508
2025-11-27T17:26:41.609458,17,24,65,179,171,112,55,32,2971,-3799,-9393,12528,-12,-1956,525,147,-173,-528
2025-11-27T17:26:41.633055,18,23,65,180,191,115,57,32,3061,-3698,-9396,12534,63,-1936,544,190,-108,-539
2025-11-27T17:26:41.655273,18,22,64,171,198,103,49,33,3155,-3606,-9396,12537,104,-1915,551,193,-47,-513
2025-11-27T17:26:41.669602,18,21,42,159,188,110,51,35,3251,-3531,-9393,12536,162,-1932,579,168,47,-455
2025-11-27T17:26:41.692466,21,21,66,183,307,185,78,38,3331,-3486,-9404,12520,182,-1939,521,41,119,-326
2025-11-27T17:26:41.716910,25,24,71,157,323,199,84,41,3385,-3466,-9433,12489,177,-1976,488,-131,138,-181
2025-11-27T17:26:41.729501,24,24,72,159,315,198,83,41,3430,-3453,-9460,12460,241,-1931,467,-130,147,-82
2025-11-27T17:26:41.752738,28,24,72,177,330,217,96,41,3458,-3467,-9489,12426,260,-1954,421,-184,210,67
2025-11-27T17:26:41.775253,29,26,74,168,320,212,97,41,3457,-3520,-9517,12390,185,-2055,460,-278,274,294
2025-11-27T17:26:41.789581,27,35,57,146,240,160,82,47,3423,-3604,-9530,12366,65,-2084,464,-263,288,507
2025-11-27T17:26:41.812808,28,42,88,145,233,154,83,50,3370,-3701,-9527,12354,21,-2070,457,-196,285,657
2025-11-27T17:26:41.835479,30,64,170,189,291,193,96,56,3310,-3799,-9518,12347,-11,-2027,437,-167,263,692
2025-11-27T17:26:41.849433,29,73,216,183,270,174,86,81,3228,-3896,-9504,12349,-158,-2092,460,-151,170,753
2025-11-27T17:26:41.873137,48,88,267,176,258,166,98,120,3140,-3983,-9475,12367,-222,-2110,405,3,100,760
2025-11-27T17:26:41.895177,54,103,278,172,222,149,119,148,3077,-4061,-9411,12406,-254,-1972,455,220,147,686
2025-11-27T17:26:41.918319,55,103,275,165,211,146,123,183,3020,-4146,-9348,12439,-319,-1974,507,175,203,658
2025-11-27T17:26:41.931564,65,93,239,112,132,93,138,221,2947,-4242,-9296,12463,-523,-1985,509,70,188,645
2025-11-27T17:26:41.955195,73,88,202,93,142,93,164,264,2865,-4333,-9250,12485,-736,-1894,388,83,97,554
2025-11-27T17:26:41.977661,64,76,132,101,176,119,163,267,2781,-4401,-9240,12488,-714,-1845,224,-33,-33,435
2025-11-27T17:26:41.992039,70,52,113,105,233,160,159,265,2717,-4451,-9241,12484,-755,-1933,296,-86,-35,273
2025-11-27T17:26:42.015191,73,44,100,120,259,175,180,313,2661,-4482,-9211,12506,-867,-1760,237,172,-122,180
2025-11-27T17:26:42.037838,68,53,114,173,325,227,194,307,2632,-4483,-9161,12549,-820,-1803,358,341,-165,56
2025-11-27T17:26:42.051886,61,54,136,195,439,320,201,268,2643,-4466,-9109,12591,-848,-1793,397,413,-112,-187
2025-11-27T17:26:42.075084,61,58,146,208,444,336,200,252,2683,-4438,-9051,12634,-927,-1646,384,487,-80,-396
2025-11-27T17:26:42.097637,49,63,143,210,446,343,196,238,2722,-4401,-9031,12653,-880,-1553,365,263,-124,-495
2025-11-27T17:26:42.111578,43,65,150,230,443,343,172,134,2753,-4357,-9059,12641,-810,-1685,470,-88,-155,-533
2025-11-27T17:26:42.135128,37,56,131,197,397,317,138,80,2786,-4308,-9122,12606,-767,-1791,461,-287,-162,-607
2025-11-27T17:26:42.157561,33,54,101,190,278,240,96,67,2831,-4247,-9192,12566,-653,-1907,523,-327,-157,-656
2025-11-27T17:26:42.171893,30,46,82,210,274,221,90,60,2888,-4187,-9265,12519,-516,-2049,489,-321,-98,-637
2025-11-27T17:26:42.195130,27,36,75,228,246,196,81,51,2918,-4161,-9340,12465,-449,-2220,489,-406,-19,-388
2025-11-27T17:26:42.217652,25,33,58,199,226,178,77,36,2918,-4187,-9387,12420,-510,-2187,454,-358,111,-75
2025-11-27T17:26:42.231920,24,33,55,199,216,171,72,32,2900,-4263,-9410,12382,-632,-2061,416,-307,271,126
2025-11-27T17:26:42.254861,24,29,54,192,201,164,67,33,2863,-4372,-9445,12326,-754,-1971,363,-474,348,221
2025-11-27T17:26:42.277694,26,32,52,174,211,179,76,33,2811,-4501,-9498,12250,-772,-2067,360,-662,400,311
2025-11-27T17:26:42.291856,27,28,50,174,207,163,66,31,2754,-4639,-9560,12163,-766,-2076,293,-735,434,361
2025-11-27T17:26:42.315858,25,29,36,188,215,163,66,31,2690,-4775,-9612,12084,-857,-2059,206,-656,392,367
2025-11-27T17:26:42.337889,27,28,41,301,228,168,69,33,2623,-4883,-9656,12019,-870,-2011,186,-560,255,313
2025-11-27T17:26:42.351937,27,28,41,354,237,155,65,28,2554,-4956,-9710,11961,-905,-2003,120,-535,79,190
2025-11-27T17:26:42.375032,26,27,41,362,220,126,48,27,2478,-4983,-9777,11911,-930,-1948,89,-523,-158,31
2025-11-27T17:26:42.397895,24,30,43,383,216,135,54,28,2422,-4944,-9852,11877,-820,-2081,10,-377,-393,-195
2025-11-27T17:26:42.411920,24,30,42,387,208,136,54,28,2398,-4845,-9905,11879,-603,-2145,110,-119,-546,-349
2025-11-27T17:26:42.435230,21,29,48,342,206,121,50,25,2413,-4702,-9916,11924,-395,-2063,201,257,-610,-462
2025-11-27T17:26:42.457648,23,29,53,327,193,113,49,24,2464,-4533,-9890,12001,-299,-1984,248,589,-607,-592
2025-11-27T17:26:42.471985,23,30,83,344,203,101,46,24,2535,-4347,-9858,12080,-190,-1866,292,647,-600,-690
2025-11-27T17:26:42.495029,23,32,96,341,194,127,51,24,2612,-4164,-9846,12138,-40,-1881,359,478,-540,-701
2025-11-27T17:26:42.517680,24,33,107,333,199,134,57,25,2685,-3999,-9848,12176,79,-1878,371,332,-455,-615
2025-11-27T17:26:42.532132,22,32,102,295,181,133,56,35,2754,-3849,-9857,12201,107,-1815,370,246,-394,-571
2025-11-27T17:26:42.555149,21,30,102,254,182,132,57,38,2816,-3712,-9875,12215,143,-1864,400,138,-358,-521
2025-11-27T17:26:42.577660,21,31,87,224,140,123,55,37,2875,-3596,-9893,12221,166,-2000,448,82,-263,-441
2025-11-27T17:26:42.591491,24,29,84,188,132,82,42,37,2934,-3505,-9899,12229,119,-2029,433,127,-159,-374
2025-11-27T17:26:42.615137,24,31,87,208,168,111,38,36,2984,-3433,-9901,12236,64,-2061,409,135,-117,-306
2025-11-27T17:26:42.637849,23,32,91,217,179,119,38,26,3023,-3370,-9899,12245,44,-2093,375,163,-119,-245
2025-11-27T17:26:42.651902,23,33,89,228,178,122,37,23,3096,-3295,-9851,12286,20,-2075,437,489,-46,-368
2025-11-27T17:26:42.675818,24,32,82,211,184,124,37,24,3167,-3220,-9802,12327,2,-1938,433,490,-57,-376
2025-11-27T17:26:42.697381,21,31,71,209,182,121,40,22,3229,-3162,-9788,12337,12,-1949,496,184,-15,-368
2025-11-27T17:26:42.711778,20,32,48,258,213,122,52,29,3274,-3119,-9792,12333,-11,-2093,492,43,-21,-292
2025-11-27T17:26:42.735171,21,30,48,291,262,184,86,34,3296,-3096,-9804,12323,82,-2173,430,-12,-9,-97
2025-11-27T17:26:42.757593,27,37,73,330,259,186,91,36,3298,-3097,-9819,12310,208,-1961,494,-145,44,120
2025-11-27T17:26:42.771801,24,36,77,328,260,185,91,34,3260,-3136,-9883,12260,216,-1963,388,-514,51,335
2025-11-27T17:26:42.795169,26,34,75,318,256,186,91,36,3231,-3182,-9923,12223,373,-2126,360,-348,144,451
2025-11-27T17:26:42.817720,26,30,74,266,199,162,83,41,3233,-3236,-9910,12219,198,-2160,336,26,277,359
2025-11-27T17:26:42.840551,26,33,84,240,141,107,57,44,3220,-3327,-9850,12247,-5,-1988,401,230,391,529
2025-11-27T17:26:42.858212,22,31,73,153,141,116,53,43,3069,-3590,-9808,12245,-112,-1916,379,-299,275,830
2025-11-27T17:26:42.880536,27,53,171,154,151,131,62,68,2965,-3707,-9826,12221,-188,-2010,385,-419,158,813
2025-11-27T17:26:42.898987,41,68,195,142,146,130,73,125,2865,-3803,-9829,12213,-278,-2073,364,-258,72,730
2025-11-27T17:26:42.921130,46,83,250,135,140,129,78,129,2796,-3873,-9798,12232,-383,-2053,336,44,58,548
2025-11-27T17:26:42.941586,68,91,271,94,109,104,105,202,2745,-3915,-9750,12268,-446,-2026,348,228,-7,388
2025-11-27T17:26:42.959349,75,94,285,161,96,82,110,222,2701,-3941,-9698,12311,-554,-2023,323,311,-78,270
2025-11-27T17:26:42.978631,76,93,284,287,71,54,107,221,2634,-3947,-9686,12333,-720,-1950,125,157,-273,139
2025-11-27T17:26:43.001406,70,90,291,377,110,52,99,195,2586,-3902,-9643,12391,-795,-1804,181,445,-457,-83
2025-11-27T17:26:43.026862,67,82,267,414,161,111,101,191,2545,-3820,-9607,12453,-653,-1752,287,419,-576,-178
2025-11-27T17:26:43.036605,44,73,244,431,220,182,85,115,2510,-3742,-9588,12498,-667,-1706,352,263,-531,-236
2025-11-27T17:26:43.062065,34,69,245,448,251,229,96,75,2502,-3662,-9571,12536,-657,-1783,423,248,-444,-361
2025-11-27T17:26:43.076978,29,59,197,385,263,242,98,80,2538,-3579,-9553,12567,-491,-1783,501,245,-278,-486
2025-11-27T17:26:43.095654,33,50,188,301,256,246,100,99,2593,-3511,-9545,12581,-466,-1800,554,141,-138,-534
2025-11-27T17:26:43.121471,36,43,166,265,231,227,95,108,2638,-3472,-9565,12567,-432,-1952,555,-89,-36,-444
2025-11-27T17:26:43.139510,38,41,167,240,179,178,78,111,2669,-3459,-9604,12534,-362,-2044,542,-269,47,-295
2025-11-27T17:26:43.166279,36,38,141,179,146,125,52,107,2688,-3457,-9645,12499,-347,-2114,529,-297,52,-202
2025-11-27T17:26:43.180779,36,38,139,169,136,124,56,94,2705,-3459,-9682,12467,-300,-2045,481,-261,65,-157
2025-11-27T17:26:43.199392,30,48,132,167,141,137,58,70,2724,-3459,-9715,12437,-268,-1999,466,-238,65,-156
2025-11-27T17:26:43.221670,28,52,125,152,143,147,61,56,2744,-3458,-9747,12407,-233,-2057,449,-220,72,-141
2025-11-27T17:26:43.242147,24,56,127,211,187,179,76,42,2762,-3462,-9764,12388,-203,-2145,517,-159,97,-72
2025-11-27T17:26:43.266869,30,56,136,248,259,219,101,48,2781,-3477,-9781,12366,-205,-2124,426,-136,143,-42
2025-11-27T17:26:43.286006,31,54,143,292,306,258,113,49,2782,-3507,-9815,12331,-136,-2030,475,-328,152,79
2025-11-27T17:26:43.301218,31,42,122,318,320,263,116,51,2797,-3552,-9837,12297,-90,-2044,418,-249,276,119
2025-11-27T17:26:43.319373,28,34,121,316,317,255,113,46,2806,-3641,-9850,12259,-119,-2117,454,-294,460,292
2025-11-27T17:26:43.346074,27,28,113,296,301,233,102,43,2797,-3792,-9851,12214,-329,-2154,476,-362,662,489
2025-11-27T17:26:43.361091,21,26,92,261,248,194,77,33,2777,-3987,-9835,12170,-491,-2133,465,-358,812,643
2025-11-27T17:26:43.379342,19,25,85,322,194,130,52,28,2751,-4198,-9817,12119,-595,-2027,435,-396,870,672
2025-11-27T17:26:43.402045,21,26,90,336,161,103,46,24,2734,-4409,-9815,12049,-661,-2040,311,-467,899,582
2025-11-27T17:26:43.421309,20,25,88,338,167,103,45,29,2730,-4595,-9808,11986,-758,-2121,281,-364,836,434
2025-11-27T17:26:43.439550,21,23,89,332,154,100,45,40,2755,-4741,-9768,11956,-731,-2247,240,-15,743,303
2025-11-27T17:26:43.461832,21,23,88,327,127,85,44,43,2816,-4847,-9685,11967,-624,-2168,234,404,683,188
2025-11-27T17:26:43.481354,22,24,75,217,96,58,37,49,2894,-4932,-9585,11995,-570,-2010,188,592,638,115
2025-11-27T17:26:43.499312,21,21,54,173,85,47,31,50,2974,-5005,-9490,12021,-516,-1838,232,558,599,63
2025-11-27T17:26:43.521755,20,23,44,164,85,66,33,48,3057,-5067,-9424,12025,-543,-1714,132,434,558,-87
2025-11-27T17:26:43.548559,20,22,38,147,124,90,35,41,3132,-5104,-9408,12003,-548,-1684,87,172,418,-249
2025-11-27T17:26:43.559250,20,23,39,156,140,99,36,39,3201,-5110,-9427,11967,-457,-1705,106,0,264,-366
2025-11-27T17:26:43.581354,21,22,40,160,147,127,51,34,3273,-5087,-9468,11925,-362,-1869,83,-59,145,-450
2025-11-27T17:26:43.601229,21,22,37,140,153,133,51,31,3346,-5040,-9500,11900,-326,-1952,100,66,40,-481
2025-11-27T17:26:43.619362,21,23,50,151,146,125,51,29,3421,-4977,-9515,11892,-294,-2061,80,229,-28,-476
2025-11-27T17:26:43.642290,21,25,90,172,113,114,50,29,3487,-4912,-9512,11902,-302,-2022,95,345,-79,-414
2025-11-27T17:26:43.661021,19,25,96,175,108,119,48,29,3542,-4852,-9495,11925,-276,-1938,166,382,-92,-321
2025-11-27T17:26:43.679588,20,25,98,168,105,92,32,25,3595,-4802,-9469,11950,-261,-1851,221,381,-46,-267
2025-11-27T17:26:43.701863,21,25,99,161,97,81,29,37,3642,-4763,-9451,11965,-309,-1849,294,253,-12,-263
2025-11-27T17:26:43.721042,20,24,94,164,111,83,29,37,3688,-4737,-9449,11963,-322,-1946,348,106,51,-270
2025-11-27T17:26:43.739351,19,20,57,142,127,76,28,36,3732,-4718,-9458,11950,-301,-2041,365,6,77,-259
2025-11-27T17:26:43.761820,22,21,44,191,175,70,38,38,3774,-4701,-9468,11935,-257,-2067,368,-4,82,-227
2025-11-27T17:26:43.781049,21,22,45,207,186,76,43,39,3809,-4686,-9467,11931,-211,-2076,395,46,75,-136
2025-11-27T17:26:43.799218,20,24,43,253,274,118,49,28,3831,-4679,-9460,11932,-246,-1961,340,78,55,-76
2025-11-27T17:26:43.821725,21,24,41,250,282,120,51,29,3853,-4679,-9466,11920,-238,-1968,317,-14,82,-87
2025-11-27T17:26:43.841395,20,25,40,261,281,121,52,29,3865,-4692,-9487,11894,-198,-2014,301,-151,114,-24
2025-11-27T17:26:43.859188,18,27,50,246,261,121,49,31,3866,-4722,-9506,11867,-168,-2072,290,-173,148,102
2025-11-27T17:26:43.881892,17,26,49,237,292,138,49,31,3843,-4766,-9525,11842,-192,-2027,267,-225,125,231
2025-11-27T17:26:43.901546,19,26,48,205,267,172,67,36,3801,-4816,-9541,11822,-194,-2077,235,-224,82,351
2025-11-27T17:26:43.919295,24,26,56,218,346,224,90,43,3741,-4859,-9555,11812,-186,-2058,184,-178,-23,430
2025-11-27T17:26:43.941770,25,32,76,211,369,241,96,44,3665,-4897,-9564,11813,-205,-1992,114,-120,-113,494
2025-11-27T17:26:43.961023,26,43,98,179,365,245,97,45,3564,-4923,-9554,11841,-297,-2149,139,22,-273,597
2025-11-27T17:26:43.979365,31,54,158,168,338,235,95,56,3449,-4925,-9512,11908,-402,-2086,157,274,-439,631
2025-11-27T17:26:44.002039,34,73,206,147,306,193,86,61,3323,-4903,-9463,11992,-516,-1935,168,360,-604,563
2025-11-27T17:26:44.021019,34,82,218,110,199,127,63,69,3190,-4847,-9428,12078,-556,-1881,253,299,-784,446
2025-11-27T17:26:44.039148,37,86,233,80,136,90,53,71,3046,-4770,-9419,12153,-539,-1883,297,140,-914,382
2025-11-27T17:26:44.061826,37,81,228,67,127,66,56,73,2896,-4676,-9424,12221,-589,-1937,320,70,-1004,310
2025-11-27T17:26:44.081811,39,83,203,200,125,69,60,69,2758,-4564,-9430,12291,-582,-1924,318,115,-1051,206
2025-11-27T17:26:44.103675,38,69,174,231,162,79,59,68,2628,-4445,-9457,12343,-641,-1821,237,31,-1060,55
2025-11-27T17:26:44.121993,39,70,194,267,174,89,59,58,2515,-4311,-9464,12408,-712,-1972,386,134,-1063,-42
2025-11-27T17:26:44.141765,39,67,172,292,200,102,65,61,2416,-4145,-9460,12487,-687,-1697,399,254,-1165,-204
2025-11-27T17:26:44.159142,39,74,205,320,224,171,91,57,2357,-3949,-9439,12577,-593,-1667,400,454,-1167,-401
2025-11-27T17:26:44.181899,42,67,235,327,231,186,101,70,2320,-3744,-9437,12648,-467,-1705,555,277,-1095,-511
2025-11-27T17:26:44.200975,40,66,226,352,210,182,100,73,2305,-3569,-9456,12687,-415,-1873,600,96,-864,-531
2025-11-27T17:26:44.219222,44,66,200,336,273,283,139,82,2303,-3439,-9453,12726,-369,-2058,718,139,-601,-388
2025-11-27T17:26:44.241799,48,68,202,318,281,296,144,86,2306,-3359,-9435,12760,-400,-1891,757,119,-354,-268
2025-11-27T17:26:44.260791,47,60,167,299,296,296,138,87,2303,-3316,-9436,12771,-397,-1840,823,-114,-196,-171
2025-11-27T17:26:44.279877,44,63,104,232,305,301,136,79,2303,-3302,-9486,12738,-340,-1973,788,-460,-45,-142
2025-11-27T17:26:44.301215,43,63,100,177,324,326,142,72,2302,-3314,-9557,12681,-381,-2237,796,-631,72,-100
2025-11-27T17:26:44.320998,37,53,99,180,280,261,107,60,2292,-3340,-9614,12633,-403,-2334,681,-503,93,3
2025-11-27T17:26:44.339274,28,44,99,204,298,259,105,47,2276,-3389,-9627,12613,-436,-2293,674,-255,178,162
2025-11-27T17:26:44.361785,28,42,93,204,276,227,93,44,2256,-3463,-9629,12595,-458,-2165,559,-181,266,266
2025-11-27T17:26:44.380979,26,40,96,266,325,215,89,36,2234,-3563,-9621,12577,-519,-2144,500,-142,368,350
2025-11-27T17:26:44.404405,26,36,86,280,319,177,77,32,2217,-3679,-9587,12573,-577,-2099,536,-14,462,403
2025-11-27T17:26:44.421748,24,33,74,293,320,144,70,37,2198,-3814,-9546,12567,-668,-2027,505,0,533,438
2025-11-27T17:26:44.441218,25,32,59,324,300,116,59,39,2171,-3955,-9514,12552,-759,-2020,459,-63,524,450
2025-11-27T17:26:44.459151,23,32,55,318,289,98,51,42,2160,-4072,-9469,12551,-722,-2131,499,75,479,376
2025-11-27T17:26:44.482245,20,26,41,268,213,74,43,48,2185,-4162,-9399,12570,-610,-2074,488,315,486,245
2025-11-27T17:26:44.500778,20,26,41,251,184,66,42,53,2247,-4232,-9306,12604,-554,-1918,438,550,513,87
2025-11-27T17:26:44.526752,21,25,45,247,155,57,41,48,2334,-4283,-9219,12635,-514,-1829,364,599,499,-90
2025-11-27T17:26:44.541688,21,25,54,193,143,87,44,47,2434,-4304,-9147,12662,-468,-1735,338,579,409,-247
2025-11-27T17:26:44.560890,23,25,54,195,162,124,54,46,2524,-4292,-9118,12669,-366,-1537,359,306,239,-374
2025-11-27T17:26:44.579280,24,25,53,215,182,128,55,38,2614,-4263,-9148,12639,-283,-1555,345,-36,173,-506
2025-11-27T17:26:44.601766,24,25,54,198,183,130,54,39,2708,-4220,-9220,12581,-167,-1797,315,-250,145,-578
2025-11-27T17:26:44.620981,24,28,65,185,182,129,54,41,2807,-4166,-9286,12529,-116,-2047,293,-152,109,-582
2025-11-27T17:26:44.639284,25,29,59,178,163,109,48,42,2903,-4101,-9294,12522,-103,-2067,332,227,48,-479
2025-11-27T17:26:44.661245,24,30,62,174,197,146,53,41,2998,-4033,-9255,12551,-77,-1923,338,538,29,-400
2025-11-27T17:26:44.682034,24,28,62,188,192,164,56,38,3079,-3969,-9216,12580,-148,-1762,404,465,-6,-387
2025-11-27T17:26:44.698850,23,28,63,190,194,168,55,30,3147,-3912,-9213,12584,-186,-1737,375,221,-24,-420
2025-11-27T17:26:44.720945,24,24,75,175,194,171,55,26,3208,-3855,-9233,12571,-128,-1877,476,31,-42,-406
2025-11-27T17:26:44.744034,23,25,106,199,195,170,58,27,3259,-3810,-9264,12549,-107,-2038,449,-44,-20,-331
2025-11-27T17:26:44.758936,24,26,107,224,167,114,47,29,3295,-3784,-9277,12538,-112,-2138,552,-9,24,-177
2025-11-27T17:26:44.781888,23,27,107,214,158,114,52,32,3305,-3790,-9267,12541,-175,-2199,596,47,80,52
2025-11-27T17:26:44.812513,25,29,109,216,213,184,72,34,3302,-3827,-9231,12557,-273,-2043,638,111,175,195
2025-11-27T17:26:44.819305,25,30,103,231,232,199,79,36,3289,-3900,-9209,12554,-440,-1886,536,-34,283,225
2025-11-27T17:26:44.841908,27,30,112,208,228,201,77,34,3257,-4005,-9233,12512,-587,-1993,547,-413,342,245
2025-11-27T17:26:44.864276,25,28,117,181,211,197,74,31,3208,-4129,-9279,12450,-670,-2185,585,-630,373,305
2025-11-27T17:26:44.879531,24,26,115,145,198,181,68,28,3140,-4261,-9319,12392,-770,-2287,543,-606,342,397
2025-11-27T17:26:44.901749,22,24,113,141,124,103,46,24,3083,-4364,-9326,12366,-802,-2332,489,-299,239,350
2025-11-27T17:26:44.924202,21,24,103,103,70,62,32,22,3057,-4418,-9283,12385,-816,-2259,538,127,125,180
2025-11-27T17:26:44.939269,19,21,60,86,66,47,31,22,3055,-4428,-9218,12431,-844,-2191,510,406,-10,-16
2025-11-27T17:26:44.961083,22,20,43,76,52,42,30,22,3079,-4399,-9148,12487,-745,-2068,516,533,-96,-194
2025-11-27T17:26:44.984428,23,20,42,65,49,38,25,20,3132,-4348,-9078,12543,-612,-1966,488,617,-93,-330
2025-11-27T17:26:45.006649,23,18,39,65,50,30,20,20,3206,-4285,-9002,12600,-532,-1963,440,731,-77,-415
2025-11-27T17:26:45.021720,22,16,37,65,73,47,23,19,3293,-4207,-8926,12658,-484,-1862,451,763,-99,-515
2025-11-27T17:26:45.044502,23,15,25,66,85,60,31,21,3398,-4112,-8868,12702,-396,-1766,468,679,-112,-653
2025-11-27T17:26:45.059186,19,16,30,73,109,97,40,21,3515,-4002,-8827,12734,-263,-1776,500,598,-123,-738
2025-11-27T17:26:45.081319,19,17,31,77,136,137,56,24,3635,-3879,-8801,12756,-171,-1788,524,530,-164,-791
2025-11-27T17:26:45.104200,21,20,38,83,161,150,62,37,3770,-3745,-8773,12776,-101,-1727,447,599,-162,-878
2025-11-27T17:26:45.118963,28,22,44,85,151,147,63,70,3913,-3602,-8739,12797,19,-1810,488,655,-152,-882
2025-11-27T17:26:45.141643,31,23,46,84,146,143,68,93,4049,-3456,-8691,12828,100,-1849,493,764,-169,-812
2025-11-27T17:26:45.164007,35,25,44,79,141,126,68,106,4169,-3325,-8629,12866,131,-1800,510,806,-140,-670
2025-11-27T17:26:45.179216,35,26,53,70,120,87,60,109,4266,-3223,-8565,12903,193,-1727,592,699,-61,-468
2025-11-27T17:26:45.201719,41,27,51,68,87,70,89,153,4330,-3163,-8513,12931,137,-1657,626,506,4,-260
2025-11-27T17:26:45.224024,51,31,58,98,110,69,143,181,4361,-3139,-8490,12941,55,-1684,662,220,29,-118
2025-11-27T17:26:45.239150,52,33,63,143,275,184,156,182,4380,-3133,-8499,12930,71,-1848,722,-12,52,-67
2025-11-27T17:26:45.261597,50,41,66,149,307,196,158,177,4412,-3107,-8500,12925,67,-1691,799,10,6,-174
