timestamp,EMG_0,EMG_1,EMG_2,EMG_3,EMG_4,EMG_5,EMG_6,EMG_7,quat_0,quat_1,quat_2,quat_3,acc_0,acc_1,acc_2,gyro_0,gyro_1,gyro_2
2025-11-27T16:49:14.668397,115,126,60,31,17,19,23,33,-10865,10405,6137,-2111,683,-1987,-182,-5,-3,-22
2025-11-27T16:49:14.678868,121,121,60,31,18,20,23,32,-10867,10402,6138,-2110,691,-2002,-150,0,-4,-25
2025-11-27T16:49:14.701885,138,116,62,34,18,20,21,32,-10869,10399,6140,-2110,684,-1990,-173,13,-7,-29
2025-11-27T16:49:14.725313,115,101,62,33,19,19,21,31,-10871,10395,6142,-2111,688,-1982,-174,14,-9,-25
2025-11-27T16:49:14.740749,113,107,63,32,18,18,22,31,-10874,10391,6145,-2110,703,-1974,-168,12,-11,-26
2025-11-27T16:49:14.766082,112,91,40,25,19,19,22,37,-10874,10389,6149,-2109,695,-1972,-177,3,-10,-26
2025-11-27T16:49:14.789320,103,89,42,25,19,19,23,37,-10875,10387,6152,-2107,703,-1977,-171,-1,-8,-25
2025-11-27T16:49:14.801334,119,95,38,25,19,18,22,37,-10875,10385,6155,-2104,713,-1970,-175,-7,-7,-24
2025-11-27T16:49:14.822219,116,89,37,26,19,20,22,37,-10874,10385,6158,-2102,703,-1969,-183,-11,-5,-19
2025-11-27T16:49:14.845163,116,71,33,26,20,21,21,37,-10872,10386,6162,-2098,711,-1969,-196,-13,-3,-20
2025-11-27T16:49:14.867667,116,70,30,63,75,31,23,28,-10870,10387,6164,-2095,708,-1973,-179,-19,-2,-19
2025-11-27T16:49:14.882895,114,63,26,122,113,52,45,52,-10867,10389,6168,-2091,706,-1968,-169,-37,-10,-23
2025-11-27T16:49:14.906080,52,34,25,163,139,77,69,64,-10850,10398,6184,-2085,714,-1948,-202,-114,-63,-42
2025-11-27T16:49:14.929945,44,30,27,184,147,89,86,85,-10800,10435,6219,-2057,807,-1911,-236,-381,-112,-59
2025-11-27T16:49:14.945029,39,31,29,201,151,95,110,97,-10698,10524,6258,-2020,875,-2010,-214,-818,-181,58
2025-11-27T16:49:14.968662,42,28,28,199,134,98,135,178,-10570,10629,6299,-2017,1124,-2503,-325,-901,-365,269
2025-11-27T16:49:14.993123,49,26,27,173,105,95,165,220,-10502,10672,6302,-2130,1477,-2819,-411,-179,-582,797
2025-11-27T16:49:15.003541,48,29,27,136,71,82,167,224,-10467,10671,6272,-2376,1314,-2586,-509,487,-885,1270
2025-11-27T16:49:15.024750,48,28,24,110,55,81,167,224,-10392,10716,6177,-2731,1031,-2623,-448,413,-1087,1816
2025-11-27T16:49:15.047572,50,28,26,88,173,170,157,225,-10254,10817,6027,-3156,591,-2840,-330,162,-1222,2398
2025-11-27T16:49:15.062034,49,35,31,75,377,330,194,184,-10050,10975,5807,-3639,102,-2823,-132,-118,-1264,3008
2025-11-27T16:49:15.085998,44,44,68,144,543,418,191,135,-9780,11189,5528,-4129,-247,-2417,165,-501,-1149,3439
2025-11-27T16:49:15.109155,45,50,123,213,606,465,199,123,-9449,11449,5225,-4557,-496,-2082,-67,-940,-874,3488
2025-11-27T16:49:15.124269,44,61,168,224,610,469,195,111,-9089,11685,4985,-4944,-717,-2211,-108,-1155,-1000,3103
2025-11-27T16:49:15.147509,43,64,172,222,590,447,192,99,-8818,11816,4751,-5338,-625,-2288,-154,-465,-1073,2803
2025-11-27T16:49:15.169732,35,64,184,236,493,350,135,69,-8696,11839,4458,-5726,-543,-2204,-64,551,-834,2605
2025-11-27T16:49:15.184449,31,61,190,251,305,245,97,45,-8704,11791,4086,-6079,-577,-1950,105,1383,-390,2460
2025-11-27T16:49:15.207596,31,69,205,228,149,139,59,46,-8784,11722,3660,-6363,-581,-1690,236,1750,111,2298
2025-11-27T16:49:15.230078,33,61,186,292,143,120,55,46,-8899,11661,3217,-6551,-527,-1524,309,1780,608,2019
2025-11-27T16:49:15.244048,115,94,197,354,156,109,55,46,-9058,11600,2818,-6625,-573,-1370,272,1750,970,1392
2025-11-27T16:49:15.267625,128,185,207,500,169,97,57,54,-9270,11527,2502,-6586,-718,-1377,90,1726,1181,565
2025-11-27T16:49:15.289739,131,192,200,510,186,72,59,67,-9594,11379,2262,-6465,-816,-1427,0,2182,1184,-323
2025-11-27T16:49:15.304326,134,194,166,534,214,76,69,74,-10034,11141,2090,-6266,-708,-1457,-57,2731,1143,-1158
2025-11-27T16:49:15.327517,135,199,175,535,216,81,69,72,-10479,10884,2029,-6005,-607,-1582,-78,2546,958,-1804
2025-11-27T16:49:15.349577,79,187,170,553,290,153,79,70,-10820,10663,2073,-5778,-543,-1541,157,1817,472,-1840
2025-11-27T16:49:15.372907,58,100,153,446,359,239,100,64,-11026,10523,2207,-5592,-262,-1509,121,887,49,-1662
2025-11-27T16:49:15.387765,113,141,147,478,381,261,112,59,-11165,10452,2386,-5370,53,-1597,-111,436,76,-1578
2025-11-27T16:49:15.409979,128,252,146,486,368,264,116,57,-11264,10409,2587,-5150,51,-1796,-238,236,-4,-1565
2025-11-27T16:49:15.424315,130,263,119,454,366,264,119,70,-11348,10357,2786,-4963,-150,-2134,-226,274,-153,-1531
2025-11-27T16:49:15.447350,131,267,148,394,300,231,113,72,-11488,10219,2950,-4829,-191,-2414,-111,894,-291,-1418
2025-11-27T16:49:15.467684,130,271,146,392,262,190,105,73,-11663,10025,3032,-4768,-167,-2103,-21,1396,-274,-995
2025-11-27T16:49:15.489528,85,248,149,339,215,171,100,67,-11865,9787,3141,-4692,-112,-1555,241,423,-152,-589
2025-11-27T16:49:15.506888,53,132,159,321,225,172,91,61,-11828,9835,3211,-4638,-79,-2111,246,-383,-67,-321
2025-11-27T16:49:15.528402,46,101,166,316,221,168,85,79,-11797,9869,3225,-4636,-264,-2348,366,-211,-50,-34
2025-11-27T16:49:15.549690,93,95,144,327,218,163,85,81,-11790,9871,3219,-4650,-143,-1993,330,29,-30,77
2025-11-27T16:49:15.567028,98,97,166,295,136,108,71,81,-11793,9869,3211,-4652,-187,-1955,476,-12,20,-7
2025-11-27T16:49:15.586516,104,100,172,300,153,104,60,84,-11821,9844,3195,-4648,-250,-2008,553,142,59,-106
2025-11-27T16:49:15.609408,281,168,161,259,128,89,76,120,-11865,9803,3190,-4624,-141,-2188,519,268,82,-203
2025-11-27T16:49:15.626045,300,180,150,255,127,90,83,110,-11902,9762,3193,-4613,-147,-2394,480,295,-3,-170
2025-11-27T16:49:15.647343,298,183,136,227,129,92,85,112,-11964,9687,3146,-4645,-291,-2057,649,530,16,16
2025-11-27T16:49:15.670885,301,182,106,252,119,77,86,137,-11986,9659,3110,-4671,-264,-2151,611,218,24,88
2025-11-27T16:49:15.691332,302,180,111,200,81,47,85,152,-11996,9643,3069,-4704,-361,-2266,715,114,24,121
2025-11-27T16:49:15.709138,157,114,111,196,86,45,66,127,-12013,9608,3030,-4758,-281,-2252,695,249,-69,223
2025-11-27T16:49:15.731406,118,101,132,231,112,65,59,123,-12050,9543,2991,-4818,-257,-2079,724,423,-111,196
2025-11-27T16:49:15.751008,97,92,162,232,127,71,57,124,-12087,9482,2952,-4872,-239,-1915,730,382,-81,183
2025-11-27T16:49:15.770073,85,78,160,203,194,144,73,97,-12113,9437,2921,-4912,-249,-1905,723,266,-54,128
2025-11-27T16:49:15.791813,75,77,154,299,224,170,76,68,-12144,9394,2906,-4928,-177,-1623,712,193,-29,0
2025-11-27T16:49:15.811268,60,76,164,307,229,173,75,63,-12150,9387,2918,-4917,-142,-1651,581,-36,-16,-102
2025-11-27T16:49:15.829295,56,70,156,321,243,183,74,56,-12148,9397,2944,-4890,-99,-1723,586,-166,2,-167
2025-11-27T16:49:15.852017,52,81,160,328,255,190,84,51,-12146,9414,2968,-4845,-117,-1876,572,-178,76,-227
2025-11-27T16:49:15.871008,40,79,160,335,222,166,73,50,-12157,9423,2977,-4797,-93,-1873,543,-74,150,-220
2025-11-27T16:49:15.889301,52,81,155,260,224,180,71,45,-12178,9422,2977,-4744,-47,-1847,502,28,198,-218
2025-11-27T16:49:15.911843,56,76,136,287,263,190,79,44,-12197,9424,2976,-4690,-71,-1771,468,18,203,-230
2025-11-27T16:49:15.930907,54,78,128,241,259,184,83,47,-12210,9434,2986,-4631,-91,-1791,444,-44,181,-282
2025-11-27T16:49:15.957708,58,60,83,230,244,180,76,43,-12225,9440,2997,-4571,-122,-1795,442,-26,162,-321
2025-11-27T16:49:15.972245,60,63,89,254,320,254,93,50,-12253,9429,3006,-4511,-107,-1868,553,46,165,-348
2025-11-27T16:49:15.989922,45,97,103,268,363,291,104,57,-12265,9445,3022,-4436,118,-2053,439,-64,236,-267
2025-11-27T16:49:16.008676,172,137,137,230,371,304,106,72,-12257,9481,3008,-4388,-35,-1747,552,-242,265,-89
2025-11-27T16:49:16.030790,221,193,203,289,410,307,103,74,-12252,9516,2977,-4348,-156,-1723,455,-153,296,-72
2025-11-27T16:49:16.054888,224,195,207,298,430,327,109,70,-12204,9597,2966,-4314,-174,-1623,321,-469,211,-13
2025-11-27T16:49:16.067347,225,196,203,315,385,275,99,67,-12148,9683,2981,-4269,-242,-1533,375,-612,127,-162
2025-11-27T16:49:16.090480,227,182,202,319,416,268,99,65,-12045,9843,2993,-4187,-148,-2287,406,-1058,342,-100
2025-11-27T16:49:16.109589,158,200,203,313,434,292,109,52,-11939,9994,2947,-4164,-387,-2140,412,-931,341,216
2025-11-27T16:49:16.128552,75,185,176,275,478,304,112,49,-11861,10108,2888,-4151,-390,-2271,308,-609,344,233
2025-11-27T16:49:16.155069,76,236,188,299,463,290,106,54,-11789,10203,2862,-4146,-168,-2183,198,-513,175,252
2025-11-27T16:49:16.171507,71,245,189,273,464,279,100,62,-11717,10277,2844,-4177,-434,-2321,223,-422,-28,218
2025-11-27T16:49:16.188641,68,255,183,242,385,222,89,78,-11669,10308,2820,-4248,-429,-2463,229,-111,-182,338
2025-11-27T16:49:16.211655,61,232,173,229,330,153,72,85,-11643,10307,2773,-4355,-454,-2313,243,145,-239,505
2025-11-27T16:49:16.230098,69,235,165,255,210,114,82,107,-11622,10292,2704,-4487,-581,-2207,273,259,-266,602
2025-11-27T16:49:16.248940,60,195,151,241,205,80,84,109,-11564,10304,2661,-4632,-729,-2163,140,55,-429,587
2025-11-27T16:49:16.271545,60,193,152,214,161,66,81,107,-11506,10294,2661,-4798,-735,-2107,84,127,-708,504
2025-11-27T16:49:16.290857,60,195,158,228,164,61,76,96,-11493,10217,2688,-4974,-656,-1998,306,394,-901,357
2025-11-27T16:49:16.313540,77,204,153,231,161,63,74,95,-11521,10102,2746,-5109,-243,-2082,408,568,-860,218
2025-11-27T16:49:16.331735,71,174,117,194,123,47,59,75,-11564,9980,2782,-5233,-371,-2022,426,676,-749,143
2025-11-27T16:49:16.351213,68,166,138,221,149,46,53,74,-11611,9850,2809,-5359,-468,-2082,494,733,-740,119
2025-11-27T16:49:16.376272,78,162,142,231,204,97,61,81,-11687,9686,2835,-5476,-207,-2017,539,952,-707,136
2025-11-27T16:49:16.391334,79,166,140,242,258,193,87,87,-11778,9512,2838,-5584,-119,-1899,709,998,-566,169
2025-11-27T16:49:16.411262,62,146,138,265,277,210,92,84,-11855,9373,2840,-5655,-162,-1542,689,758,-401,35
2025-11-27T16:49:16.433225,69,143,188,290,285,215,91,77,-11916,9274,2877,-5671,-132,-1623,756,415,-299,-213
2025-11-27T16:49:16.451667,70,136,180,249,271,217,89,79,-11992,9179,2928,-5639,20,-1662,792,363,-160,-407
2025-11-27T16:49:16.470867,104,165,178,254,290,254,99,81,-12068,9100,2982,-5578,72,-1561,796,259,-44,-512
2025-11-27T16:49:16.493479,109,148,174,233,265,203,94,79,-12108,9073,3054,-5496,17,-1530,786,-127,-10,-579
2025-11-27T16:49:16.511753,112,147,164,219,247,189,91,89,-12120,9086,3147,-5391,114,-1754,751,-392,32,-595
2025-11-27T16:49:16.530681,109,145,176,223,233,186,91,92,-12135,9098,3224,-5293,199,-2044,789,-315,87,-479
2025-11-27T16:49:16.553322,116,151,182,247,243,184,96,98,-12176,9071,3261,-5223,155,-2100,727,66,112,-363
2025-11-27T16:49:16.571652,105,134,188,266,188,132,85,104,-12240,9005,3268,-5182,94,-1969,673,408,84,-278
2025-11-27T16:49:16.590041,99,148,193,300,220,148,72,99,-12313,8922,3262,-5158,34,-1746,645,533,56,-243
2025-11-27T16:49:16.612696,96,151,224,294,217,143,66,91,-12362,8863,3273,-5132,25,-1736,600,358,-2,-246
2025-11-27T16:49:16.631359,97,158,190,263,231,145,77,116,-12398,8821,3295,-5105,28,-1739,647,208,-31,-249
2025-11-27T16:49:16.658389,86,151,180,282,229,146,77,119,-12426,8785,3326,-5077,33,-1781,678,135,-60,-256
2025-11-27T16:49:16.672706,56,143,192,288,259,131,75,126,-12433,8771,3375,-5054,89,-1909,618,7,-133,-210
2025-11-27T16:49:16.691592,75,132,191,254,221,91,76,185,-12447,8746,3412,-5039,77,-1956,687,83,-121,-177
2025-11-27T16:49:16.714303,95,156,189,257,219,90,80,188,-12473,8704,3430,-5034,119,-2002,713,232,-81,-98
2025-11-27T16:49:16.728960,95,150,175,258,212,84,73,173,-12498,8664,3435,-5037,113,-1855,673,251,-45,-28
2025-11-27T16:49:16.751694,96,156,173,214,207,82,73,170,-12510,8643,3446,-5038,61,-1813,650,127,-58,-39
2025-11-27T16:49:16.774130,94,147,164,170,177,66,72,157,-12508,8633,3469,-5043,59,-1854,653,30,-124,-23
2025-11-27T16:49:16.788921,86,147,165,184,180,63,67,175,-12501,8621,3504,-5056,69,-1890,669,5,-202,-20
2025-11-27T16:49:16.811654,98,125,146,222,175,61,62,182,-12498,8599,3545,-5072,106,-1939,678,67,-245,-24
2025-11-27T16:49:16.834101,102,126,142,219,171,58,59,183,-12501,8569,3576,-5094,84,-1889,663,141,-234,-5
2025-11-27T16:49:16.849208,105,118,140,217,162,57,57,195,-12510,8536,3593,-5116,131,-1821,740,148,-159,50
2025-11-27T16:49:16.871692,108,112,117,214,131,49,63,237,-12497,8539,3614,-5127,144,-1800,693,-78,-109,78
2025-11-27T16:49:16.894561,106,94,112,202,104,54,68,217,-12468,8564,3637,-5139,163,-1900,756,-234,-99,135
2025-11-27T16:49:16.909166,81,78,143,177,101,55,69,214,-12443,8583,3654,-5156,203,-2006,789,-182,-86,184
2025-11-27T16:49:16.931714,74,65,162,179,91,58,78,254,-12444,8571,3656,-5175,234,-1971,811,38,-40,170
2025-11-27T16:49:16.954205,69,61,169,204,84,58,77,250,-12447,8554,3638,-5208,103,-1943,795,127,-30,216
2025-11-27T16:49:16.968892,116,65,182,208,79,53,70,214,-12452,8532,3619,-5243,47,-1895,775,159,-47,186
2025-11-27T16:49:16.992068,165,115,202,212,62,57,68,198,-12456,8513,3610,-5273,50,-1860,775,120,-70,148
2025-11-27T16:49:17.014244,163,113,191,194,90,85,70,211,-12451,8500,3610,-5302,60,-1852,770,51,-100,146
2025-11-27T16:49:17.028931,196,118,190,220,90,90,65,176,-12425,8513,3630,-5330,73,-1808,706,-132,-158,166
2025-11-27T16:49:17.051747,216,164,204,201,94,89,68,178,-12382,8540,3672,-5357,144,-1852,706,-287,-236,179
2025-11-27T16:49:17.074231,197,164,195,197,103,91,64,171,-12333,8578,3708,-5386,89,-2020,668,-291,-212,206
2025-11-27T16:49:17.093534,157,137,194,206,110,83,56,143,-12305,8580,3687,-5462,-126,-2085,754,59,-183,381
2025-11-27T16:49:17.111732,156,138,181,214,109,70,50,108,-12309,8549,3629,-5540,-252,-1983,769,343,-80,344
2025-11-27T16:49:17.134046,111,133,168,204,143,78,45,76,-12321,8517,3565,-5604,-373,-1828,862,294,-22,230
2025-11-27T16:49:17.153415,62,68,142,200,201,131,51,39,-12311,8526,3516,-5641,-428,-1799,818,13,29,144
2025-11-27T16:49:17.172552,49,72,140,215,258,163,68,41,-12281,8571,3500,-5649,-374,-1765,835,-310,40,40
2025-11-27T16:49:17.194222,40,74,153,266,276,168,71,39,-12235,8645,3503,-5633,-326,-1867,774,-508,77,-23
2025-11-27T16:49:17.213607,38,68,137,265,336,169,72,44,-12200,8706,3508,-5614,-313,-2041,787,-413,69,-65
2025-11-27T16:49:17.232044,35,67,142,250,329,170,72,73,-12195,8723,3504,-5600,-298,-2106,776,-101,48,-115
2025-11-27T16:49:17.253950,44,67,143,247,301,137,67,175,-12227,8691,3486,-5591,-236,-2046,782,239,53,-155
2025-11-27T16:49:17.273546,46,56,156,233,253,97,59,184,-12278,8634,3462,-5582,-216,-2008,751,432,54,-196
2025-11-27T16:49:17.291315,47,45,117,150,237,97,60,193,-12329,8573,3439,-5578,-223,-1956,761,446,23,-194
2025-11-27T16:49:17.314187,49,64,119,128,149,109,63,192,-12391,8497,3415,-5571,-140,-1875,749,541,36,-198
2025-11-27T16:49:17.333590,69,88,119,117,211,139,77,189,-12445,8436,3401,-5552,-81,-1670,733,398,58,-224
2025-11-27T16:49:17.351938,78,94,165,231,212,142,83,174,-12460,8429,3414,-5522,-41,-1734,682,31,37,-197
2025-11-27T16:49:17.374859,81,97,170,230,210,141,83,190,-12450,8446,3450,-5497,62,-1935,705,-151,-37,-113
2025-11-27T16:49:17.392900,83,100,179,247,210,136,81,188,-12460,8427,3468,-5490,103,-1973,724,111,-50,-43
2025-11-27T16:49:17.411718,82,88,177,259,193,118,80,192,-12490,8377,3461,-5504,37,-1859,694,375,-53,1
2025-11-27T16:49:17.434076,68,66,189,266,112,66,64,192,-12527,8317,3448,-5519,30,-1719,721,412,-44,-1
2025-11-27T16:49:17.453021,51,62,155,202,98,52,49,134,-12549,8281,3447,-5523,42,-1716,745,227,-31,-30
2025-11-27T16:49:17.471660,41,59,141,204,106,55,41,96,-12561,8261,3450,-5525,91,-1772,790,112,-16,19
2025-11-27T16:49:17.494271,34,60,162,232,93,53,38,86,-12572,8242,3435,-5536,48,-1807,850,125,30,86
2025-11-27T16:49:17.513320,32,66,178,257,98,55,36,73,-12578,8237,3416,-5542,-4,-1822,828,73,67,81
2025-11-27T16:49:17.531234,29,66,161,276,137,69,46,60,-12581,8239,3404,-5540,9,-1873,878,-2,78,49
2025-11-27T16:49:17.554222,31,67,164,265,166,80,48,59,-12585,8240,3393,-5537,-6,-1831,827,20,68,29
2025-11-27T16:49:17.574119,32,64,168,277,165,82,47,53,-12593,8233,3385,-5533,-9,-1813,851,45,50,-1
2025-11-27T16:49:17.589321,31,70,164,270,187,98,49,49,-12605,8226,3381,-5520,14,-1768,818,42,69,-47
2025-11-27T16:49:17.612025,39,72,160,244,261,203,76,49,-12610,8228,3381,-5504,-83,-1843,850,-22,42,-96
2025-11-27T16:49:17.629879,45,81,165,218,282,212,77,47,-12620,8219,3383,-5493,-92,-1779,895,7,3,-113
2025-11-27T16:49:17.648537,63,78,160,239,284,214,116,234,-12634,8207,3391,-5474,-110,-1678,848,3,-6,-185
2025-11-27T16:49:17.671123,82,86,241,300,284,216,157,373,-12629,8225,3420,-5441,-49,-1797,814,-188,-11,-205
2025-11-27T16:49:17.693702,91,77,226,282,270,212,166,464,-12605,8263,3458,-5416,37,-2102,834,-282,-35,-100
2025-11-27T16:49:17.709123,92,72,222,287,199,114,160,475,-12609,8246,3465,-5428,65,-2227,804,174,-79,48
2025-11-27T16:49:17.731852,92,62,219,286,144,89,158,483,-12653,8154,3430,-5487,50,-2031,936,652,-113,197
2025-11-27T16:49:17.763787,89,63,224,285,137,81,134,432,-12693,8071,3392,-5539,103,-1569,739,607,-60,221
2025-11-27T16:49:17.770931,86,57,131,209,138,70,81,323,-12693,8050,3399,-5564,17,-1532,704,116,-132,84
2025-11-27T16:49:17.793413,88,64,131,200,143,65,61,222,-12677,8051,3437,-5577,190,-1817,776,-62,-170,90
2025-11-27T16:49:17.816255,90,63,121,203,142,60,48,206,-12679,8023,3450,-5606,335,-1672,774,147,-104,226
2025-11-27T16:49:17.832221,98,64,141,212,129,52,44,201,-12680,8006,3444,-5631,288,-1501,770,91,1,251
2025-11-27T16:49:17.856667,110,83,137,180,92,57,52,201,-12666,8022,3444,-5641,230,-1529,810,-132,43,213
2025-11-27T16:49:17.876522,121,87,135,195,87,62,60,201,-12637,8059,3456,-5644,187,-1595,784,-274,27,180
2025-11-27T16:49:17.888910,124,109,185,221,81,62,57,149,-12594,8112,3495,-5641,226,-1630,744,-425,-50,157
2025-11-27T16:49:17.911806,133,134,221,257,76,62,56,145,-12531,8179,3553,-5647,274,-1686,745,-565,-149,212
2025-11-27T16:49:17.934406,148,145,221,274,91,65,56,134,-12449,8263,3624,-5662,295,-1771,639,-651,-211,284
2025-11-27T16:49:17.949108,153,160,239,287,114,59,48,112,-12356,8351,3694,-5690,194,-1841,566,-641,-278,324
2025-11-27T16:49:17.974277,139,163,241,297,128,59,44,103,-12252,8438,3767,-5739,110,-1862,519,-638,-380,387
2025-11-27T16:49:17.996659,132,147,221,321,158,63,45,95,-12136,8526,3850,-5800,102,-1954,468,-655,-474,427
2025-11-27T16:49:18.011587,133,139,230,359,176,69,45,95,-12010,8600,3928,-5901,25,-2103,584,-612,-625,581
2025-11-27T16:49:18.041638,120,151,305,389,171,74,56,92,-11846,8695,4013,-6035,-143,-2134,386,-694,-786,729
2025-11-27T16:49:18.056659,101,139,325,424,160,71,57,89,-11681,8766,4103,-6191,-253,-2063,292,-559,-943,724
2025-11-27T16:49:18.071724,98,136,349,451,149,64,52,87,-11501,8840,4197,-6356,-238,-1977,316,-652,-994,801
2025-11-27T16:49:18.094065,98,147,458,534,124,60,53,83,-11300,8939,4279,-6523,-266,-1835,447,-900,-918,923
2025-11-27T16:49:18.115976,76,134,453,538,103,51,53,69,-11063,9055,4363,-6710,-648,-1865,496,-1097,-1051,915
2025-11-27T16:49:18.131753,56,111,464,601,125,40,47,49,-10812,9171,4451,-6901,-785,-1970,503,-1150,-1101,899
2025-11-27T16:49:18.154403,48,102,444,669,140,65,43,42,-10568,9292,4564,-7041,-666,-1721,423,-1294,-990,692
2025-11-27T16:49:18.176629,45,98,463,718,152,76,48,40,-10319,9431,4746,-7106,-573,-1584,226,-1623,-926,426
2025-11-27T16:49:18.192272,42,89,369,722,145,93,56,34,-10066,9603,4950,-7099,-438,-1735,448,-1956,-691,185
2025-11-27T16:49:18.221677,42,91,364,692,160,134,74,37,-9799,9781,5148,-7087,-556,-2041,367,-2015,-662,219
2025-11-27T16:49:18.236656,43,87,286,672,221,169,80,37,-9553,9932,5324,-7084,-567,-2175,311,-1784,-644,228
2025-11-27T16:49:18.251473,36,72,294,591,316,261,104,37,-9362,10042,5466,-7075,-394,-2150,279,-1488,-497,114
2025-11-27T16:49:18.273898,37,68,225,507,345,287,114,45,-9190,10150,5606,-7038,-352,-1834,180,-1444,-370,-22
2025-11-27T16:49:18.297177,30,50,194,380,364,310,121,46,-9006,10273,5740,-6989,-355,-1888,182,-1573,-287,16
2025-11-27T16:49:18.311676,28,43,178,368,363,306,113,45,-8773,10433,5902,-6914,-343,-1886,94,-1873,-306,65
2025-11-27T16:49:18.333698,27,41,165,238,328,290,110,44,-8552,10573,6053,-6846,-270,-2222,120,-1753,-318,71
2025-11-27T16:49:18.356692,27,42,133,184,235,207,86,41,-8389,10668,6182,-6786,-46,-2461,99,-1524,-259,118
2025-11-27T16:49:18.371544,29,43,130,139,201,171,78,42,-8288,10727,6268,-6737,1,-2631,86,-1106,-140,128
2025-11-27T16:49:18.394835,56,48,109,131,189,118,61,51,-8250,10760,6291,-6709,-25,-2720,90,-632,48,208
2025-11-27T16:49:18.420826,129,126,124,117,181,87,77,211,-8262,10788,6252,-6685,35,-2643,171,-322,295,347
2025-11-27T16:49:18.439144,164,151,123,127,188,83,76,222,-8304,10815,6158,-6677,-100,-2704,262,-96,478,471
2025-11-27T16:49:18.454168,174,213,160,229,228,90,81,251,-8400,10823,6011,-6678,-198,-2662,391,249,679,476
2025-11-27T16:49:18.476663,239,274,167,250,220,75,83,321,-8511,10835,5837,-6673,-447,-2714,300,404,831,415
2025-11-27T16:49:18.491858,290,474,188,296,199,69,139,459,-8662,10818,5618,-6695,-620,-2814,397,767,888,443
2025-11-27T16:49:18.514185,291,472,186,318,201,72,151,554,-8902,10745,5336,-6728,-651,-2845,380,1488,1071,388
2025-11-27T16:49:18.536663,289,471,212,377,193,73,164,605,-9205,10643,5022,-6723,-722,-2705,367,2076,1306,234
2025-11-27T16:49:18.551633,288,467,242,343,138,57,166,604,-9534,10530,4673,-6695,-789,-2412,439,2245,1516,192
2025-11-27T16:49:18.574462,241,499,332,332,207,149,167,576,-9868,10423,4311,-6621,-850,-2015,238,2241,1732,63
2025-11-27T16:49:18.596684,175,336,332,306,251,194,133,475,-10074,10402,4022,-6525,-1111,-1658,28,1359,1539,-199
2025-11-27T16:49:18.611779,129,327,325,301,279,210,123,334,-10163,10439,3883,-6410,-1121,-1443,-167,486,1025,-492
2025-11-27T16:49:18.634285,88,327,318,225,320,232,107,222,-10300,10396,3863,-6274,-516,-2064,-57,626,613,-823
2025-11-27T16:49:18.656561,76,302,285,202,416,289,129,203,-10519,10276,3823,-6130,-164,-2657,27,1235,673,-829
2025-11-27T16:49:18.679086,77,178,215,227,425,307,138,194,-10789,10096,3693,-6039,-532,-2872,-205,1827,748,-683
2025-11-27T16:49:18.694136,82,136,215,237,416,297,130,201,-11093,9851,3563,-5970,-867,-2234,-326,2233,564,-816
2025-11-27T16:49:18.716485,90,119,213,219,477,375,153,161,-11452,9482,3479,-5940,-582,-1617,-173,2813,84,-1062
2025-11-27T16:49:18.738730,152,113,212,211,460,370,160,211,-11727,9149,3468,-5931,39,-1435,84,2250,-273,-927
2025-11-27T16:49:18.754129,233,126,233,264,401,335,148,230,-11864,8951,3517,-5932,174,-1696,44,1385,-411,-494
2025-11-27T16:49:18.777298,252,159,313,272,367,294,136,233,-11901,8841,3586,-5982,-128,-1846,199,702,-627,-199
2025-11-27T16:49:18.799082,254,160,329,320,369,281,140,365,-11973,8681,3654,-6032,21,-1984,332,988,-654,-266
2025-11-27T16:49:18.814112,254,161,331,329,253,147,109,392,-12095,8458,3691,-6083,276,-1920,440,1418,-545,-236
2025-11-27T16:49:18.836595,286,150,325,329,229,123,96,411,-12227,8231,3662,-6147,145,-1830,584,1565,-328,-91
2025-11-27T16:49:18.858745,293,136,317,301,195,107,99,437,-12372,8002,3579,-6208,33,-1626,661,1624,-119,-90
2025-11-27T16:49:18.878352,289,95,226,309,218,131,108,470,-12490,7815,3508,-6249,-10,-1397,761,1287,-51,-94
2025-11-27T16:49:18.896720,290,95,205,242,223,136,116,430,-12549,7720,3490,-6260,41,-1291,738,585,-60,-97
2025-11-27T16:49:18.919134,302,99,236,237,266,162,129,444,-12574,7683,3518,-6240,156,-1544,807,145,-67,-161
2025-11-27T16:49:18.933886,274,102,246,264,352,240,151,434,-12606,7648,3559,-6196,245,-1813,792,180,-25,-269
2025-11-27T16:49:18.956642,205,112,326,273,400,266,145,415,-12660,7570,3575,-6170,266,-1683,736,499,-28,-224
2025-11-27T16:49:18.979274,195,127,345,301,381,253,137,399,-12701,7501,3595,-6158,318,-1653,749,426,-66,-117
2025-11-27T16:49:18.993956,199,140,403,393,413,273,135,384,-12712,7460,3607,-6178,186,-1713,817,271,-127,75
2025-11-27T16:49:19.016659,206,148,435,416,390,258,122,383,-12723,7413,3598,-6219,90,-1655,829,357,-122,162
2025-11-27T16:49:19.039170,314,151,431,410,323,200,103,372,-12718,7397,3603,-6244,44,-1621,829,118,-113,113
2025-11-27T16:49:19.054086,344,152,381,414,346,195,117,365,-12717,7376,3594,-6277,-128,-1742,983,161,-124,85
2025-11-27T16:49:19.076584,346,144,356,384,381,206,128,367,-12726,7336,3582,-6312,-151,-1841,1028,280,-146,46
2025-11-27T16:49:19.099153,344,126,291,290,331,175,129,319,-12776,7248,3559,-6326,115,-1351,1062,460,-32,-42
2025-11-27T16:49:19.113854,330,115,246,286,340,179,128,304,-12799,7237,3571,-6285,199,-1579,1062,-28,105,-179
2025-11-27T16:49:19.136248,196,104,246,286,338,165,142,348,-12796,7266,3576,-6254,93,-1730,1028,-183,140,-67
2025-11-27T16:49:19.159105,154,87,238,307,237,119,131,358,-12790,7288,3585,-6236,165,-1672,872,-100,89,20
2025-11-27T16:49:19.171297,171,75,233,316,158,84,118,331,-12787,7304,3602,-6214,206,-1673,917,-106,66,-23
2025-11-27T16:49:19.194656,167,111,269,367,142,74,110,330,-12805,7292,3612,-6185,251,-1581,952,26,92,-94
2025-11-27T16:49:19.219022,179,113,307,422,103,69,114,296,-12807,7305,3631,-6154,344,-1438,955,-185,111,-15
2025-11-27T16:49:19.234054,178,122,314,425,82,64,93,214,-12764,7390,3677,-6115,384,-1455,896,-661,121,79
2025-11-27T16:49:19.256415,158,121,301,410,76,62,92,175,-12672,7539,3754,-6076,362,-1632,830,-1067,47,180
2025-11-27T16:49:19.279180,118,124,347,397,78,63,90,209,-12553,7693,3839,-6078,317,-1951,759,-1040,-135,376
2025-11-27T16:49:19.294036,105,108,379,450,86,52,80,204,-12439,7804,3913,-6123,402,-2023,632,-705,-252,573
2025-11-27T16:49:19.316664,72,114,340,388,82,39,64,180,-12346,7875,3955,-6195,326,-1860,523,-372,-271,645
2025-11-27T16:49:19.338794,68,113,350,464,78,37,47,167,-12237,7956,3992,-6280,181,-1571,430,-465,-319,696
2025-11-27T16:49:19.354192,55,112,374,463,106,41,36,156,-12085,8085,4061,-6366,82,-1430,404,-884,-431,730
2025-11-27T16:49:19.376757,46,110,347,532,107,38,33,72,-11863,8273,4193,-6458,-112,-1590,336,-1406,-716,725
2025-11-27T16:49:19.399207,45,100,339,526,103,40,37,62,-11603,8450,4406,-6557,-285,-1884,227,-1726,-1137,600
2025-11-27T16:49:19.414182,48,99,397,574,111,45,42,57,-11329,8605,4673,-6648,-270,-1969,227,-1821,-1395,410
2025-11-27T16:49:19.436560,42,86,424,569,115,44,41,45,-11085,8700,4940,-6743,-219,-2001,239,-1384,-1514,205
2025-11-27T16:49:19.459114,43,93,471,686,108,38,38,40,-10867,8755,5167,-6856,-416,-1926,357,-1136,-1489,160
2025-11-27T16:49:19.482845,45,111,491,707,126,63,38,38,-10639,8813,5377,-6976,-728,-1817,396,-1181,-1482,95
2025-11-27T16:49:19.496334,45,112,480,696,185,117,51,38,-10398,8906,5592,-7053,-710,-1796,365,-1452,-1301,27
2025-11-27T16:49:19.519104,40,111,473,682,217,144,59,39,-10173,9000,5835,-7065,-609,-1986,660,-1633,-1112,-47
2025-11-27T16:49:19.534288,38,110,440,642,297,160,68,38,-9939,9130,6066,-7035,-413,-2049,622,-1841,-874,-40
2025-11-27T16:49:19.556437,37,126,391,533,361,204,80,40,-9701,9281,6286,-6977,-186,-2234,490,-1951,-693,-12
2025-11-27T16:49:19.579367,33,109,350,457,430,275,96,42,-9457,9452,6486,-6900,-168,-2229,414,-2032,-534,43
2025-11-27T16:49:19.601547,29,103,294,407,429,270,96,38,-9220,9605,6671,-6831,-211,-2216,337,-1898,-542,53
2025-11-27T16:49:19.616680,29,92,214,397,433,271,94,37,-9009,9726,6829,-6786,-31,-2563,311,-1604,-546,118
2025-11-27T16:49:19.638879,35,111,270,405,409,268,92,39,-8884,9781,6920,-6780,123,-2818,363,-1120,-417,217
2025-11-27T16:49:19.661651,38,91,286,406,372,245,91,47,-8817,9819,6951,-6780,197,-2595,379,-735,-168,304
2025-11-27T16:49:19.676549,56,115,362,463,305,157,79,83,-8782,9845,6948,-6791,102,-2421,279,-430,-48,304
2025-11-27T16:49:19.707357,148,139,387,456,324,136,75,105,-8779,9853,6910,-6822,-19,-2494,354,-175,25,304
2025-11-27T16:49:19.721605,235,175,416,417,302,105,77,130,-8819,9829,6854,-6862,99,-2568,439,90,81,283
2025-11-27T16:49:19.736762,272,282,478,402,269,94,86,150,-8914,9785,6762,-6893,118,-2597,523,371,302,218
2025-11-27T16:49:19.758670,337,287,464,380,246,66,89,152,-9036,9752,6627,-6911,-11,-2584,598,489,572,222
2025-11-27T16:49:19.781815,369,286,422,267,239,70,89,161,-9215,9707,6440,-6916,-80,-2630,602,835,879,155
2025-11-27T16:49:19.796640,350,279,414,244,168,68,93,150,-9450,9641,6197,-6912,-236,-2515,479,1318,1155,51
2025-11-27T16:49:19.818808,305,266,438,240,166,75,92,133,-9747,9541,5913,-6887,-399,-2598,462,1876,1390,-92
2025-11-27T16:49:19.841654,274,137,329,208,161,70,84,131,-10143,9361,5564,-6853,-440,-2685,396,2630,1647,-310
2025-11-27T16:49:19.856449,190,125,314,152,174,96,75,136,-10620,9092,5152,-6815,-383,-2578,552,3342,1823,-471
2025-11-27T16:49:19.887295,123,112,295,122,193,158,86,120,-11065,8839,4735,-6743,-358,-2215,683,3132,1922,-480
2025-11-27T16:49:19.901134,105,104,285,163,209,167,80,122,-11357,8736,4408,-6612,-517,-1378,655,1777,1853,-407
2025-11-27T16:49:19.916647,88,87,180,184,255,185,84,126,-11375,8932,4245,-6423,-892,-1190,-55,-425,1527,-416
2025-11-27T16:49:19.938883,116,164,208,188,275,197,88,120,-11284,9170,4210,-6268,-777,-1922,-236,-973,882,-288
2025-11-27T16:49:19.958583,124,163,195,189,273,198,91,113,-11232,9280,4222,-6191,-271,-2907,3,-364,324,-90
2025-11-27T16:49:19.973946,109,163,218,220,253,157,78,101,-11343,9175,4148,-6196,62,-2796,221,1178,217,13
2025-11-27T16:49:19.996279,112,162,223,206,304,188,84,95,-11566,8928,4000,-6242,-333,-2249,-74,2132,212,-204
2025-11-27T16:49:20.019417,111,160,231,195,326,225,108,109,-11822,8604,3888,-6288,-504,-1526,179,2409,-58,-517
2025-11-27T16:49:20.034476,76,85,231,197,325,223,107,113,-12040,8301,3843,-6309,-244,-1440,286,2024,-255,-672
2025-11-27T16:49:20.057623,86,92,258,202,318,218,104,123,-12209,8050,3811,-6329,67,-1352,469,1627,-239,-508
2025-11-27T16:49:20.081577,101,97,244,222,325,216,109,196,-12322,7884,3818,-6315,147,-1372,584,1002,-160,-452
2025-11-27T16:49:20.096596,109,104,270,210,274,188,154,299,-12372,7814,3869,-6273,132,-1605,684,303,-156,-437
2025-11-27T16:49:20.119084,120,112,288,192,210,118,140,326,-12408,7765,3920,-6231,232,-1921,752,227,-108,-342
2025-11-27T16:49:20.141452,197,114,270,233,187,104,147,406,-12464,7684,3928,-6215,306,-2081,787,574,-17,-177
2025-11-27T16:49:20.156598,211,116,246,276,217,122,151,419,-12558,7550,3865,-6230,199,-1946,849,1054,111,-68
2025-11-27T16:49:20.178860,214,127,269,268,218,150,159,406,-12663,7394,3789,-6250,137,-1697,852,1170,112,-92
2025-11-27T16:49:20.201821,214,166,239,280,274,202,115,367,-12778,7229,3714,-6255,177,-1249,895,1095,148,-178
2025-11-27T16:49:20.216122,209,161,228,385,274,207,135,410,-12846,7152,3690,-6218,172,-1305,788,509,158,-280
2025-11-27T16:49:20.239136,141,155,218,379,283,214,142,392,-12882,7122,3684,-6182,204,-1662,971,210,143,-186
2025-11-27T16:49:20.261638,116,158,221,367,274,202,143,388,-12932,7055,3670,-6161,394,-1585,905,455,130,-88
2025-11-27T16:49:20.276589,105,143,198,350,279,195,139,397,-12968,7020,3652,-6136,142,-1677,861,339,136,-153
2025-11-27T16:49:20.299095,108,89,181,349,226,141,142,414,-12994,6996,3650,-6110,113,-1646,840,237,70,-174
2025-11-27T16:49:20.321566,108,89,202,273,222,129,117,355,-13026,6954,3645,-6093,157,-1611,869,328,46,-146
2025-11-27T16:49:20.336563,114,90,221,259,216,120,116,339,-13036,6938,3650,-6087,111,-1552,832,154,-17,-59
2025-11-27T16:49:20.358666,113,76,219,242,195,112,128,375,-13021,6953,3674,-6088,77,-1538,829,-82,-93,-2
2025-11-27T16:49:20.382086,107,77,218,248,242,135,125,364,-13008,6960,3712,-6085,287,-1597,937,-108,-105,26
2025-11-27T16:49:20.396416,99,122,227,254,345,188,134,326,-13001,6957,3737,-6087,364,-1551,1018,-66,-47,88
2025-11-27T16:49:20.419016,97,132,191,283,386,244,147,316,-12997,6947,3734,-6109,296,-1422,1095,-23,-3,203
2025-11-27T16:49:20.441601,94,139,174,354,444,248,134,283,-12990,6958,3720,-6121,275,-1455,1142,-119,99,210
2025-11-27T16:49:20.456607,83,140,167,393,480,253,121,256,-12989,6970,3688,-6129,226,-1498,1256,-121,187,201
2025-11-27T16:49:20.479091,84,140,154,421,454,231,113,266,-12989,6990,3657,-6122,131,-1561,1169,-117,210,98
2025-11-27T16:49:20.501596,79,104,146,424,408,192,92,267,-12997,7007,3638,-6098,150,-1524,1135,-122,213,-20
2025-11-27T16:49:20.516523,82,89,144,382,363,119,73,270,-12995,7048,3642,-6052,178,-1515,1104,-328,207,-103
2025-11-27T16:49:20.539191,71,99,139,315,299,110,66,242,-12972,7124,3664,-5999,182,-1652,1103,-545,188,-95
2025-11-27T16:49:20.561608,63,94,150,282,248,102,54,210,-12940,7208,3677,-5959,66,-1696,1050,-548,167,-36
2025-11-27T16:49:20.583742,76,106,163,279,269,144,67,185,-12912,7289,3677,-5921,-97,-1743,862,-402,182,-87
2025-11-27T16:49:20.599044,367,196,227,283,260,221,111,198,-12887,7365,3688,-5877,-226,-1883,841,-365,105,-215
2025-11-27T16:49:20.621438,391,209,264,371,264,227,111,237,-12848,7443,3718,-5845,-262,-1915,814,-426,-26,-200
2025-11-27T16:49:20.644090,396,211,276,378,253,228,115,260,-12805,7508,3761,-5828,-146,-1912,878,-426,-127,-123
2025-11-27T16:49:20.659092,400,216,281,374,247,230,115,253,-12744,7578,3823,-5829,-49,-1974,832,-491,-241,-3
2025-11-27T16:49:20.683877,409,208,284,378,202,205,109,240,-12683,7639,3864,-5858,68,-2065,1033,-458,-214,218
2025-11-27T16:49:20.701260,215,139,257,385,143,105,63,218,-12639,7678,3867,-5899,27,-2036,940,-195,-106,292
2025-11-27T16:49:20.716311,178,123,273,325,128,83,61,224,-12603,7709,3850,-5947,-136,-1869,837,-84,-81,278
2025-11-27T16:49:20.739380,213,132,328,416,110,78,56,215,-12568,7724,3845,-6004,-198,-1770,914,-90,-199,239
2025-11-27T16:49:20.762231,216,126,335,403,96,62,53,212,-12529,7734,3849,-6070,-117,-1793,961,-101,-260,298
2025-11-27T16:49:20.779462,196,126,333,406,97,55,51,211,-12488,7747,3849,-6137,-215,-1800,902,-85,-257,282
2025-11-27T16:49:20.801515,178,117,332,453,302,248,91,200,-12469,7737,3824,-6204,-237,-1900,1052,81,-172,262
2025-11-27T16:49:20.824086,169,115,298,456,329,254,89,127,-12467,7726,3787,-6244,-297,-1668,1069,58,-47,117
2025-11-27T16:49:20.838639,106,78,227,389,347,259,90,76,-12454,7745,3780,-6251,-336,-1532,966,-193,-38,-56
2025-11-27T16:49:20.861547,116,120,216,429,351,264,91,65,-12419,7810,3807,-6222,-296,-1796,933,-494,-14,-173
2025-11-27T16:49:20.883850,120,127,206,394,357,267,93,62,-12389,7870,3833,-6191,-258,-1908,974,-466,5,-177
2025-11-27T16:49:20.898984,116,123,187,356,212,119,52,59,-12372,7911,3846,-6165,-245,-1951,901,-275,24,-166
2025-11-27T16:49:20.921113,111,121,167,340,169,106,47,55,-12374,7925,3857,-6135,-124,-1880,905,-131,39,-202
2025-11-27T16:49:20.943945,116,121,166,368,126,93,55,203,-12388,7926,3871,-6097,-96,-1853,859,-48,44,-269
2025-11-27T16:49:20.958630,84,87,157,353,127,82,60,231,-12411,7913,3874,-6066,-130,-1865,885,60,45,-269
2025-11-27T16:49:20.981647,89,86,210,358,103,99,98,332,-12451,7876,3873,-6031,20,-1849,883,213,76,-273
2025-11-27T16:49:21.003547,99,84,205,305,97,102,118,389,-12489,7847,3881,-5985,145,-1812,801,178,109,-274
2025-11-27T16:49:21.018114,113,94,211,306,99,102,125,435,-12516,7826,3890,-5951,210,-1877,873,108,88,-166
2025-11-27T16:49:21.041239,111,126,255,301,99,98,120,400,-12536,7799,3904,-5934,293,-1892,867,139,14,-60
2025-11-27T16:49:21.063367,131,122,259,310,87,94,117,390,-12556,7757,3904,-5949,266,-1855,851,278,-46,74
2025-11-27T16:49:21.078760,153,121,245,347,76,67,87,355,-12586,7692,3904,-5969,220,-1739,828,401,-102,27
2025-11-27T16:49:21.101387,148,127,268,378,89,100,67,303,-12613,7634,3919,-5977,198,-1655,834,304,-129,-69
2025-11-27T16:49:21.124317,144,137,272,381,103,113,59,243,-12615,7611,3953,-5979,244,-1663,893,10,-154,-28
2025-11-27T16:49:21.139082,147,128,296,353,120,117,62,225,-12595,7619,3981,-5992,134,-1692,834,-112,-148,71
2025-11-27T16:49:21.161702,131,136,299,364,150,126,63,215,-12568,7638,4002,-6013,37,-1849,825,-123,-147,101
2025-11-27T16:49:21.184522,98,142,308,328,156,128,66,177,-12541,7662,4020,-6026,-16,-1868,816,-143,-117,58
2025-11-27T16:49:21.198552,93,145,441,385,151,96,57,165,-12499,7705,4039,-6044,-64,-1990,813,-231,-129,109
2025-11-27T16:49:21.221589,83,128,442,390,141,79,51,183,-12427,7766,4072,-6093,-48,-1962,809,-394,-262,304
2025-11-27T16:49:21.243789,69,109,412,414,127,75,49,212,-12336,7837,4100,-6168,-98,-1912,790,-453,-330,468
2025-11-27T16:49:21.259089,71,103,446,504,88,59,48,219,-12237,7902,4123,-6266,-20,-1940,786,-409,-369,628
2025-11-27T16:49:21.281631,152,117,448,514,76,48,41,192,-12145,7952,4142,-6367,41,-1964,770,-310,-363,663
2025-11-27T16:49:21.304073,159,107,301,469,64,43,63,249,-12078,7979,4136,-6464,9,-1811,754,-127,-267,620
2025-11-27T16:49:21.319009,165,114,296,458,51,54,72,230,-12034,7994,4109,-6546,37,-1546,755,-51,-126,565
2025-11-27T16:49:21.341118,167,114,340,474,46,60,73,203,-11983,8016,4099,-6617,-68,-1490,784,-182,-179,456
2025-11-27T16:49:21.364065,171,113,311,355,46,62,76,281,-11898,8068,4149,-6676,-208,-1665,609,-428,-401,290
2025-11-27T16:49:21.379265,188,93,309,399,48,67,79,292,-11834,8068,4244,-6729,-103,-1813,641,-268,-633,78
2025-11-27T16:49:21.401373,209,108,313,446,51,68,62,259,-11783,8043,4359,-6776,16,-1814,595,-164,-717,-13
2025-11-27T16:49:21.424053,224,114,370,449,50,61,53,302,-11732,8010,4481,-6823,138,-1776,594,-159,-736,11
2025-11-27T16:49:21.439128,233,118,360,479,55,60,56,306,-11666,7993,4593,-6881,87,-1911,651,-234,-727,108
2025-11-27T16:49:21.461564,233,110,353,480,55,57,54,232,-11551,8030,4677,-6976,-86,-1927,595,-440,-703,449
2025-11-27T16:49:21.483985,195,114,381,494,69,53,51,206,-11418,8091,4753,-7073,-61,-1888,516,-538,-639,584
2025-11-27T16:49:21.507482,169,106,452,507,92,60,54,185,-11259,8192,4823,-7162,-189,-1843,445,-760,-556,637
2025-11-27T16:49:21.522204,153,112,621,715,111,66,57,95,-11067,8340,4895,-7243,-180,-1727,422,-1084,-480,768
2025-11-27T16:49:21.544099,139,136,718,772,124,63,54,79,-10834,8559,4989,-7275,-55,-1590,313,-1598,-291,824
2025-11-27T16:49:21.568193,128,148,834,807,253,155,72,68,-10582,8796,5097,-7288,-329,-1411,335,-1866,-283,734
2025-11-27T16:49:21.581809,84,138,827,823,504,373,143,72,-10318,9046,5249,-7252,-180,-1369,209,-2130,-283,493
2025-11-27T16:49:21.603526,79,153,826,840,631,499,203,70,-10066,9271,5452,-7172,-356,-1769,10,-2189,-369,95
2025-11-27T16:49:21.627325,55,139,703,692,688,542,218,65,-9822,9457,5688,-7083,-300,-1986,265,-2166,-530,-131
2025-11-27T16:49:21.641597,47,111,580,590,687,543,219,65,-9641,9573,5881,-7019,-256,-2277,514,-1616,-511,-185
2025-11-27T16:49:21.664018,46,98,387,568,660,530,215,64,-9555,9622,5978,-6987,35,-2348,574,-999,-242,-2
2025-11-27T16:49:21.687304,44,98,365,494,506,421,177,56,-9483,9705,6036,-6921,-56,-2157,316,-921,88,-6
2025-11-27T16:49:21.701443,40,64,285,454,401,305,122,49,-9357,9836,6121,-6832,-119,-2224,260,-1374,83,22
2025-11-27T16:49:21.723550,37,59,225,432,318,243,108,47,-9137,10008,6282,-6733,-156,-2495,-2,-1887,-239,20
2025-11-27T16:49:21.746899,36,61,235,395,343,248,108,48,-8915,10150,6412,-6695,164,-2684,-62,-1601,-432,301
2025-11-27T16:49:21.761444,35,62,229,340,337,249,110,51,-8762,10217,6489,-6721,73,-2715,-7,-989,-510,481
2025-11-27T16:49:21.783824,31,65,211,344,328,229,112,49,-8645,10248,6542,-6773,19,-2439,109,-703,-525,445
2025-11-27T16:49:21.807286,28,66,214,290,308,202,93,43,-8569,10246,6593,-6824,-28,-2332,167,-494,-494,257
2025-11-27T16:49:21.821642,30,64,199,267,285,175,72,39,-8490,10252,6643,-6863,-52,-2310,282,-619,-424,239
2025-11-27T16:49:21.843739,30,62,180,263,259,166,68,40,-8411,10269,6663,-6917,-259,-2354,288,-563,-352,313
2025-11-27T16:49:21.867394,54,58,177,263,242,147,63,182,-8366,10279,6642,-6976,-301,-2434,351,-348,-184,370
2025-11-27T16:49:21.881595,227,129,221,272,235,143,61,283,-8375,10292,6566,-7018,-370,-2596,383,-96,167,374
2025-11-27T16:49:21.904506,264,194,250,236,147,70,70,370,-8482,10270,6414,-7063,-390,-2661,514,485,520,348
2025-11-27T16:49:21.927228,275,205,261,256,137,63,76,392,-8716,10193,6174,-7103,-399,-2720,479,1360,931,216
2025-11-27T16:49:21.941682,297,230,261,259,123,50,98,418,-9021,10096,5891,-7100,-482,-2623,363,1976,1268,19
2025-11-27T16:49:21.964030,312,236,256,240,122,44,114,447,-9363,9977,5564,-7091,-606,-2378,376,2280,1444,-3
2025-11-27T16:49:21.987388,227,216,213,204,113,40,124,406,-9716,9854,5211,-7056,-533,-2161,505,2333,1626,-30
2025-11-27T16:49:22.001402,187,247,344,190,102,37,117,343,-10040,9763,4874,-6969,-565,-2080,492,2020,1771,-131
2025-11-27T16:49:22.024077,191,331,393,167,113,115,126,334,-10345,9691,4536,-6850,-718,-2169,291,1872,1887,-176
2025-11-27T16:49:22.046740,157,319,403,168,184,137,120,317,-10620,9622,4254,-6707,-839,-2091,209,1613,1719,-394
2025-11-27T16:49:22.061231,120,325,414,165,297,217,125,230,-10837,9580,4056,-6540,-664,-1590,65,1207,1422,-755
2025-11-27T16:49:22.083928,112,319,418,163,312,241,129,258,-11029,9540,3954,-6337,-354,-1771,-13,925,1178,-966
2025-11-27T16:49:22.107253,108,259,296,205,531,358,146,245,-11131,9557,3904,-6162,-327,-2369,-130,479,883,-727
2025-11-27T16:49:22.121598,69,124,221,204,561,370,146,244,-11213,9542,3849,-6070,-402,-2430,-154,684,525,-433
2025-11-27T16:49:22.143985,66,125,248,199,573,375,141,252,-11372,9404,3801,-6020,-316,-2108,-172,1439,222,-599
2025-11-27T16:49:22.166413,75,106,292,216,531,339,127,258,-11585,9161,3764,-6011,-88,-1901,-20,1763,-54,-661
2025-11-27T16:49:22.181875,103,120,288,249,554,336,112,207,-11780,8911,3731,-6030,59,-1835,156,1749,-188,-516
2025-11-27T16:49:22.203919,109,121,286,318,367,228,92,205,-11923,8712,3723,-6044,-51,-1728,247,1458,-242,-435
2025-11-27T16:49:22.226529,113,126,285,346,329,199,97,264,-12042,8535,3736,-6052,71,-1278,413,1090,-270,-406
2025-11-27T16:49:22.241355,134,163,258,350,282,180,106,283,-12083,8463,3806,-6029,28,-1839,277,461,-306,-420
2025-11-27T16:49:22.264016,141,166,191,339,280,178,127,352,-12118,8371,3833,-6070,112,-2058,639,567,-340,-8
2025-11-27T16:49:22.286524,151,164,202,345,214,153,144,422,-12206,8216,3794,-6130,139,-2016,820,1069,-173,78
2025-11-27T16:49:22.301973,162,165,180,274,182,128,179,551,-12280,8101,3756,-6158,112,-1766,700,843,-34,2
2025-11-27T16:49:22.324791,180,167,211,238,152,94,192,591,-12330,8017,3733,-6181,-3,-1693,691,614,-70,-32
2025-11-27T16:49:22.346379,174,118,196,237,136,101,195,606,-12358,7947,3720,-6224,42,-1881,677,553,-153,121
2025-11-27T16:49:22.361263,170,110,194,250,115,97,186,586,-12393,7847,3701,-6291,199,-1736,722,708,-216,254
2025-11-27T16:49:22.384845,159,129,299,317,110,97,187,600,-12441,7739,3667,-6351,159,-1626,761,763,-135,208
2025-11-27T16:49:22.407544,172,130,313,347,100,88,161,509,-12503,7633,3609,-6390,77,-1561,890,762,20,115
2025-11-27T16:49:22.429763,156,124,302,419,93,82,132,432,-12562,7554,3553,-6401,51,-1562,862,622,138,12
2025-11-27T16:49:22.444330,155,129,314,449,72,61,117,404,-12612,7497,3504,-6395,55,-1376,848,437,190,-30
2025-11-27T16:49:22.466044,149,127,332,472,270,223,130,364,-12645,7480,3491,-6356,89,-1315,819,102,192,-171
2025-11-27T16:49:22.489728,150,108,306,421,309,251,117,259,-12655,7506,3520,-6290,118,-1300,890,-309,153,-276
2025-11-27T16:49:22.504229,129,102,310,429,321,260,105,226,-12646,7567,3587,-6197,120,-1377,826,-576,103,-416
2025-11-27T16:49:22.526032,124,98,308,401,325,264,104,208,-12618,7652,3695,-6084,241,-1765,877,-785,33,-488
2025-11-27T16:49:22.549655,116,98,337,398,327,274,110,169,-12592,7721,3777,-6001,241,-2093,986,-613,32,-322
2025-11-27T16:49:22.563916,126,98,338,382,223,177,85,222,-12578,7755,3803,-5969,138,-2115,958,-231,48,-79
2025-11-27T16:49:22.586465,106,88,305,417,170,137,78,221,-12573,7760,3789,-5982,9,-2018,922,52,29,102
2025-11-27T16:49:22.609595,98,89,300,380,207,181,91,205,-12567,7762,3758,-6011,-105,-1895,869,107,23,166
2025-11-27T16:49:22.624025,107,94,366,418,233,179,93,199,-12553,7776,3732,-6038,-179,-1733,905,-27,5,144
2025-11-27T16:49:22.646543,120,106,378,409,245,167,87,193,-12525,7811,3731,-6051,-178,-1727,882,-224,-32,75
2025-11-27T16:49:22.669323,191,122,389,414,231,165,81,158,-12473,7874,3781,-6047,-11,-1765,825,-507,-140,37
2025-11-27T16:49:22.684464,252,167,422,492,229,165,78,163,-12389,7972,3863,-6040,46,-1799,764,-791,-226,73
2025-11-27T16:49:22.706582,264,173,415,497,189,96,55,190,-12261,8108,3964,-6054,70,-1964,665,-1032,-338,267
2025-11-27T16:49:22.729775,265,167,352,472,162,96,54,196,-12123,8224,4048,-6120,120,-2082,635,-848,-452,557
2025-11-27T16:49:22.743661,300,162,333,490,141,90,47,198,-12013,8298,4080,-6215,187,-2205,643,-440,-352,757
2025-11-27T16:49:22.766340,258,149,329,494,126,80,45,167,-11931,8318,4068,-6353,30,-1964,635,-32,-396,850
2025-11-27T16:49:22.789442,227,101,291,422,115,70,42,143,-11867,8307,4034,-6506,-220,-1949,699,185,-435,783
2025-11-27T16:49:22.804257,228,94,291,411,95,65,43,126,-11818,8268,4023,-6651,-92,-1498,719,180,-519,669
2025-11-27T16:49:22.826438,232,118,300,359,79,50,47,220,-11743,8275,4067,-6747,-197,-1486,659,-245,-556,392
2025-11-27T16:49:22.849789,193,123,272,330,73,51,64,254,-11644,8328,4131,-6814,-245,-1649,615,-542,-488,321
2025-11-27T16:49:22.864144,232,123,234,304,68,46,65,265,-11574,8350,4190,-6870,-103,-2032,719,-323,-432,273
2025-11-27T16:49:22.886411,204,112,189,287,69,44,65,267,-11563,8306,4216,-6927,-13,-2044,698,200,-366,180
2025-11-27T16:49:22.909193,194,117,220,281,62,45,68,256,-11580,8239,4205,-6985,-86,-1770,620,457,-252,142
2025-11-27T16:49:22.923153,198,106,328,354,57,44,64,178,-11578,8205,4217,-7020,-132,-1562,492,214,-234,51
2025-11-27T16:49:22.946534,218,103,364,386,67,43,53,122,-11514,8241,4305,-7029,-116,-1454,279,-382,-394,-16
2025-11-27T16:49:22.969605,175,97,374,396,71,46,50,94,-11385,8322,4483,-7034,-55,-1502,336,-1001,-710,-37
2025-11-27T16:49:22.984333,183,117,504,426,89,60,52,82,-11175,8441,4726,-7071,-145,-1778,320,-1459,-1101,119
2025-11-27T16:49:23.006801,172,105,499,589,130,77,50,66,-10926,8558,5005,-7126,-223,-1860,278,-1722,-1349,179
2025-11-27T16:49:23.029558,154,95,456,623,214,122,59,50,-10670,8680,5296,-7156,-251,-1907,210,-1825,-1323,68
2025-11-27T16:49:23.044577,90,84,436,628,289,187,73,45,-10418,8810,5563,-7166,-317,-1913,313,-1852,-1146,67
2025-11-27T16:49:23.066481,82,85,463,646,349,228,87,46,-10164,8944,5810,-7169,-256,-1966,313,-1840,-1050,116
2025-11-27T16:49:23.089644,54,59,383,692,411,266,101,43,-9928,9075,6032,-7150,-75,-2061,303,-1766,-862,96
2025-11-27T16:49:23.104085,50,66,389,582,476,315,115,47,-9692,9210,6236,-7126,-336,-1942,269,-1753,-771,102
2025-11-27T16:49:23.126565,40,62,374,510,451,307,110,44,-9435,9355,6435,-7105,-449,-2063,393,-1858,-790,193
2025-11-27T16:49:23.149364,34,60,364,476,421,277,98,41,-9201,9489,6621,-7065,-219,-2335,436,-1779,-661,122
2025-11-27T16:49:23.163993,31,60,332,534,399,254,88,35,-9056,9558,6737,-7049,-71,-2508,429,-1264,-465,104
2025-11-27T16:49:23.186969,29,56,248,430,337,213,75,33,-8964,9620,6811,-7011,124,-2413,293,-968,-157,135
2025-11-27T16:49:23.209487,30,56,253,431,256,125,57,29,-8884,9691,6868,-6959,-9,-2336,155,-894,-17,68
2025-11-27T16:49:23.223969,30,53,230,429,306,150,62,28,-8792,9759,6927,-6923,-64,-2379,171,-916,-109,104
2025-11-27T16:49:23.246117,30,53,216,425,313,153,65,31,-8688,9816,6987,-6913,-68,-2431,119,-856,-253,183
2025-11-27T16:49:23.269760,29,49,194,307,285,143,65,32,-8578,9870,7045,-6913,-71,-2467,75,-840,-300,233
2025-11-27T16:49:23.281588,31,46,183,279,293,147,61,32,-8488,9910,7076,-6935,-155,-2267,138,-648,-277,262
2025-11-27T16:49:23.304375,24,34,104,229,279,172,56,28,-8435,9929,7099,-6950,-76,-2319,109,-457,-192,183
2025-11-27T16:49:23.328293,22,31,91,203,213,139,48,29,-8398,9944,7130,-6941,-129,-2053,22,-405,-99,1
2025-11-27T16:49:23.344029,24,27,76,178,169,128,56,30,-8389,9944,7154,-6927,-136,-2219,-33,-251,-40,-94
2025-11-27T16:49:23.367128,23,26,58,146,164,121,59,35,-8400,9947,7172,-6891,-23,-2286,-64,-218,106,-118
2025-11-27T16:49:23.390002,24,26,47,123,137,113,60,37,-8462,9922,7169,-6854,-30,-2096,-139,139,224,-255
2025-11-27T16:49:23.412517,24,27,50,107,120,76,59,39,-8551,9886,7162,-6802,18,-2120,-175,260,324,-365
2025-11-27T16:49:23.426524,105,57,54,106,116,72,63,55,-8647,9855,7151,-6739,40,-2044,-179,267,398,-380
2025-11-27T16:49:23.457267,110,62,92,143,116,70,55,57,-8756,9822,7123,-6675,83,-2206,-177,353,481,-354
2025-11-27T16:49:23.472243,203,160,302,171,114,65,65,109,-8845,9819,7071,-6617,111,-2336,-126,235,553,-123
2025-11-27T16:49:23.486483,326,297,342,184,115,66,107,255,-8931,9828,6981,-6584,76,-2347,25,262,607,91
2025-11-27T16:49:23.509528,369,351,371,301,131,52,124,327,-9039,9830,6840,-6582,29,-2374,228,457,698,278
2025-11-27T16:49:23.532234,359,374,393,363,144,54,123,337,-9183,9828,6668,-6560,182,-2442,254,614,933,314
2025-11-27T16:49:23.546541,374,437,409,403,152,51,142,462,-9386,9818,6445,-6511,158,-2482,315,888,1306,240
2025-11-27T16:49:23.569734,338,452,353,435,173,60,144,480,-9627,9811,6166,-6439,21,-2737,440,1235,1648,171
2025-11-27T16:49:23.592311,229,380,342,435,171,59,127,439,-9925,9761,5811,-6395,-166,-2647,434,1807,1834,273
2025-11-27T16:49:23.606179,159,335,319,369,149,60,127,475,-10237,9687,5439,-6343,-321,-2332,387,1972,1894,209
2025-11-27T16:49:23.629670,158,310,292,310,208,120,137,481,-10513,9621,5122,-6254,-550,-2114,420,1643,1768,-42
2025-11-27T16:49:23.652791,123,227,264,258,383,223,126,365,-10710,9607,4874,-6138,-536,-2029,307,1005,1557,-284
2025-11-27T16:49:23.666713,110,143,183,174,393,246,124,330,-10868,9608,4689,-6002,-392,-2227,75,813,1356,-374
2025-11-27T16:49:23.689784,98,137,156,191,410,256,121,340,-11041,9562,4501,-5903,-355,-2316,121,1113,1179,-313
2025-11-27T16:49:23.712823,89,146,185,227,421,269,107,211,-11197,9512,4343,-5809,-248,-2530,-75,1167,1015,-299
2025-11-27T16:49:23.726369,73,145,200,236,462,277,107,182,-11329,9447,4181,-5776,-426,-2288,-113,1267,743,-122
2025-11-27T16:49:23.749587,76,119,201,223,370,242,114,185,-11549,9240,4016,-5794,-591,-2192,-3,1937,467,-189
2025-11-27T16:49:23.772227,101,119,192,221,357,228,107,193,-11781,8976,3877,-5836,-303,-1964,183,2155,200,-245
2025-11-27T16:49:23.786991,140,120,197,203,363,232,102,146,-11973,8746,3767,-5865,-54,-1581,242,1812,149,-230
2025-11-27T16:49:23.809995,150,108,182,198,350,220,99,242,-12083,8614,3689,-5886,-255,-1436,289,1174,94,-169
2025-11-27T16:49:23.832188,156,102,183,199,265,188,89,255,-12085,8608,3717,-5873,-285,-1610,149,183,-136,-255
2025-11-27T16:49:23.846019,155,114,183,204,242,158,78,251,-12092,8578,3780,-5861,-24,-1823,255,214,-282,-264
2025-11-27T16:49:23.869690,157,108,217,218,301,176,86,302,-12121,8511,3828,-5868,135,-2083,342,506,-285,-157
2025-11-27T16:49:23.892190,139,109,195,239,275,155,105,321,-12186,8393,3817,-5910,93,-1926,462,902,-202,-5
2025-11-27T16:49:23.906490,146,103,171,230,274,148,111,264,-12284,8241,3770,-5953,6,-1683,577,1133,-99,-62
2025-11-27T16:49:23.930019,205,103,155,223,261,143,117,267,-12360,8123,3747,-5970,28,-1481,537,836,-85,-143
2025-11-27T16:49:23.952065,210,92,153,221,226,117,111,270,-12413,8043,3750,-5966,85,-1465,621,491,-74,-183
2025-11-27T16:49:23.967190,200,77,101,239,161,91,112,213,-12442,8000,3766,-5955,171,-1602,669,245,-48,-118
2025-11-27T16:49:23.989902,188,67,119,256,174,132,97,177,-12449,7988,3786,-5943,175,-1652,708,45,-28,-45
2025-11-27T16:49:24.012120,170,62,122,248,184,139,88,154,-12448,7988,3816,-5926,187,-1675,684,-50,-40,-59
2025-11-27T16:49:24.026454,119,74,136,283,197,146,78,142,-12452,7976,3850,-5910,145,-1732,803,-33,-88,-115
2025-11-27T16:49:24.049687,130,104,175,307,200,149,78,212,-12468,7948,3877,-5899,104,-1777,771,115,-104,-155
2025-11-27T16:49:24.072196,156,114,180,297,169,133,73,279,-12480,7923,3885,-5901,-52,-1961,905,125,-93,-109
2025-11-27T16:49:24.087434,158,117,180,281,165,106,67,284,-12498,7891,3865,-5919,-129,-2000,979,226,-39,-23
2025-11-27T16:49:24.109569,159,120,182,267,255,221,96,290,-12522,7851,3825,-5947,-157,-2007,1037,314,1,39
2025-11-27T16:49:24.132165,142,112,176,232,256,235,108,304,-12549,7812,3782,-5969,-148,-1875,1058,284,41,22
2025-11-27T16:49:24.146419,134,84,141,201,263,236,117,321,-12564,7799,3763,-5968,-161,-1953,945,140,36,-90
2025-11-27T16:49:24.169689,169,88,174,206,273,236,145,411,-12583,7773,3728,-5983,-149,-2129,1097,235,44,8
2025-11-27T16:49:24.192379,177,91,161,220,264,230,151,436,-12623,7717,3670,-6008,-92,-2009,1021,501,94,64
2025-11-27T16:49:24.206063,187,90,173,235,166,119,144,456,-12676,7648,3587,-6033,-163,-1889,1008,636,180,57
2025-11-27T16:49:24.229706,186,103,192,229,153,80,142,481,-12722,7592,3522,-6045,-155,-1757,950,513,158,-9
2025-11-27T16:49:24.252145,175,107,231,239,138,71,135,461,-12763,7540,3475,-6051,-111,-1809,932,471,102,-42
2025-11-27T16:49:24.266402,118,94,207,226,109,66,103,364,-12801,7479,3446,-6065,-14,-1747,859,506,12,-16
2025-11-27T16:49:24.289738,111,86,207,190,102,62,91,334,-12839,7408,3426,-6082,81,-1562,782,526,-34,11
2025-11-27T16:49:24.312177,102,83,193,184,95,54,76,329,-12870,7343,3436,-6090,254,-1429,776,389,-93,-12
2025-11-27T16:49:24.334695,98,73,197,207,75,49,61,275,-12889,7294,3475,-6087,405,-1345,767,191,-128,-17
2025-11-27T16:49:24.349010,140,76,151,223,82,80,58,239,-12893,7270,3517,-6082,414,-1346,788,31,-110,22
2025-11-27T16:49:24.372872,149,117,248,225,81,85,53,199,-12886,7272,3552,-6074,390,-1230,827,-152,-30,69
2025-11-27T16:49:24.394566,146,126,254,251,81,88,51,189,-12857,7322,3601,-6047,429,-1208,829,-488,30,73
2025-11-27T16:49:24.409796,143,125,272,295,79,88,53,149,-12800,7418,3672,-6008,516,-1235,804,-811,47,120
2025-11-27T16:49:24.432171,143,121,270,280,75,86,55,175,-12723,7549,3742,-5965,543,-1495,854,-989,105,203
2025-11-27T16:49:24.454734,99,114,288,260,56,61,50,176,-12624,7707,3813,-5927,465,-1733,784,-1094,95,263
2025-11-27T16:49:24.468496,76,72,208,260,42,51,44,168,-12522,7862,3862,-5909,435,-1790,744,-1014,113,404
2025-11-27T16:49:24.492587,69,63,201,252,40,46,43,161,-12408,8010,3897,-5928,318,-1862,712,-920,22,563
2025-11-27T16:49:24.514840,61,64,180,216,38,45,39,144,-12263,8174,3935,-5980,190,-1889,540,-976,-120,728
2025-11-27T16:49:24.528971,49,60,158,308,43,47,31,86,-12103,8334,3988,-6049,92,-1878,458,-989,-278,747
2025-11-27T16:49:24.552116,44,67,213,387,45,44,30,71,-11918,8498,4072,-6133,-64,-1957,382,-1100,-510,710
2025-11-27T16:49:24.575290,41,68,254,455,48,39,31,47,-11713,8650,4196,-6229,-145,-1919,262,-1147,-766,638
2025-11-27T16:49:24.588766,37,62,271,497,60,45,39,40,-11496,8804,4356,-6308,-179,-1828,145,-1280,-882,474
2025-11-27T16:49:24.612652,38,65,299,506,136,50,47,39,-11280,8930,4537,-6393,-310,-1794,181,-1257,-1057,318
2025-11-27T16:49:24.634721,34,65,299,473,264,173,71,39,-11043,9050,4737,-6492,-453,-1869,152,-1318,-1231,284
2025-11-27T16:49:24.648975,35,61,265,426,296,202,79,38,-10817,9136,4964,-6582,-461,-1835,115,-1245,-1359,87
2025-11-27T16:49:24.672163,36,56,241,366,328,239,92,45,-10582,9216,5225,-6650,-442,-1737,231,-1470,-1435,-99
2025-11-27T16:49:24.694389,36,55,226,353,408,313,111,49,-10338,9297,5510,-6691,-457,-1886,378,-1648,-1417,-100
2025-11-27T16:49:24.709034,38,64,186,336,466,400,138,50,-10070,9393,5795,-6725,-448,-2099,541,-1822,-1404,-43
2025-11-27T16:49:24.732116,41,65,184,318,452,393,140,52,-9829,9491,6044,-6725,-329,-2292,575,-1742,-1109,-87
2025-11-27T16:49:24.754665,44,66,181,396,598,454,164,59,-9617,9598,6255,-6688,-221,-2190,474,-1669,-780,-124
2025-11-27T16:49:24.768939,42,66,157,411,611,449,162,64,-9451,9676,6406,-6668,-208,-2406,467,-1450,-602,-90
2025-11-27T16:49:24.792556,49,76,152,366,560,406,152,101,-9315,9727,6530,-6664,-230,-2686,428,-1180,-558,-88
2025-11-27T16:49:24.814396,55,65,149,352,503,321,128,142,-9248,9730,6577,-6706,-213,-2523,511,-564,-420,65
2025-11-27T16:49:24.828549,58,65,142,358,474,289,119,162,-9234,9722,6566,-6747,-33,-2604,607,-277,-142,212
2025-11-27T16:49:24.852006,56,55,88,265,239,146,76,166,-9257,9724,6510,-6767,88,-2722,709,-179,181,314
2025-11-27T16:49:24.872284,55,54,85,224,156,96,64,168,-9307,9734,6412,-6778,-50,-2498,645,8,423,304
2025-11-27T16:49:24.886656,63,121,106,221,157,73,58,204,-9318,9785,6321,-6777,-212,-2411,457,-184,449,343
2025-11-27T16:49:24.909989,63,132,121,220,148,64,54,189,-9314,9837,6236,-6785,-321,-2492,445,-227,372,344
2025-11-27T16:49:24.933130,78,161,123,222,142,49,51,266,-9360,9846,6129,-6805,-221,-2648,452,167,408,321
2025-11-27T16:49:24.948276,87,162,122,180,139,40,55,307,-9465,9819,5981,-6830,-178,-2581,406,631,561,290
2025-11-27T16:49:24.972130,91,165,141,189,136,39,56,314,-9611,9774,5784,-6861,-278,-2447,397,988,737,290
2025-11-27T16:49:24.994097,83,125,120,178,138,42,51,285,-9792,9713,5551,-6885,-331,-2337,391,1271,908,258
2025-11-27T16:49:25.008897,78,150,115,181,141,45,51,280,-9978,9651,5292,-6909,-440,-2212,368,1394,991,268
2025-11-27T16:49:25.032144,59,139,150,160,126,46,42,208,-10144,9595,5047,-6927,-554,-1956,352,1288,928,198
2025-11-27T16:49:25.054590,45,139,150,154,129,54,40,143,-10286,9555,4852,-6913,-538,-1803,289,1031,851,14
2025-11-27T16:49:25.068593,39,140,136,123,156,68,41,126,-10422,9523,4685,-6869,-412,-1903,412,824,872,-76
2025-11-27T16:49:25.092111,38,144,161,132,279,174,71,120,-10566,9493,4522,-6799,-371,-2130,373,847,961,-159
2025-11-27T16:49:25.114273,38,124,157,116,319,209,80,114,-10706,9467,4360,-6722,-457,-2158,385,826,968,-212
2025-11-27T16:49:25.128633,45,115,129,103,335,243,91,93,-10840,9441,4219,-6633,-508,-1987,272,787,906,-354
2025-11-27T16:49:25.152096,50,120,131,119,339,249,95,96,-10977,9400,4102,-6539,-438,-1994,200,857,799,-442
2025-11-27T16:49:25.174273,61,130,135,122,356,261,97,100,-11079,9377,4029,-6445,-322,-2269,34,705,629,-402
2025-11-27T16:49:25.188955,115,132,120,120,297,212,82,102,-11204,9294,3947,-6400,-267,-2052,211,990,422,-314
2025-11-27T16:49:25.212300,148,134,136,126,264,196,82,102,-11353,9168,3871,-6365,-193,-1949,217,1243,311,-373
2025-11-27T16:49:25.234559,168,126,136,126,278,177,77,112,-11476,9055,3820,-6337,-125,-1857,246,1053,195,-330
2025-11-27T16:49:25.248928,194,121,140,115,275,173,81,195,-11582,8947,3790,-6316,16,-1835,340,908,107,-260
2025-11-27T16:49:25.272255,199,130,157,163,247,152,78,215,-11687,8834,3769,-6294,-25,-1785,347,907,48,-321
2025-11-27T16:49:25.294682,191,119,149,164,214,144,75,237,-11736,8780,3766,-6280,-168,-1996,414,491,-7,-220
2025-11-27T16:49:25.317592,175,98,133,163,192,118,65,252,-11789,8716,3761,-6274,-81,-1953,471,521,-26,-166
2025-11-27T16:49:25.332171,178,94,133,158,134,78,59,269,-11871,8611,3737,-6277,-98,-1886,480,832,-32,-203
2025-11-27T16:49:25.355066,151,98,156,170,111,60,53,273,-11955,8497,3695,-6297,-129,-1787,547,897,-31,-119
2025-11-27T16:49:25.377197,153,83,137,114,78,52,50,263,-12041,8380,3658,-6314,-61,-1732,719,823,-26,-121
2025-11-27T16:49:25.391900,133,85,138,108,78,61,54,249,-12111,8290,3649,-6302,1,-1671,702,577,-13,-231
2025-11-27T16:49:25.414417,128,87,162,231,87,73,61,249,-12161,8231,3652,-6283,-36,-1790,717,382,-14,-234
2025-11-27T16:49:25.436631,97,94,161,251,94,85,59,253,-12214,8168,3655,-6260,18,-1795,751,398,6,-241
2025-11-27T16:49:25.451356,92,88,160,263,320,286,110,200,-12274,8096,3656,-6235,53,-1754,709,473,17,-256
2025-11-27T16:49:25.474700,70,97,160,288,351,312,118,194,-12333,8027,3652,-6211,107,-1700,813,418,47,-214
2025-11-27T16:49:25.497183,71,100,163,308,353,311,117,216,-12371,7990,3674,-6169,145,-1609,648,214,38,-266
2025-11-27T16:49:25.511083,63,97,162,243,370,325,119,206,-12402,7961,3702,-6129,188,-1747,701,157,21,-236
2025-11-27T16:49:25.534811,62,108,195,278,373,331,127,191,-12441,7916,3717,-6097,306,-1704,745,258,54,-152
2025-11-27T16:49:25.557916,62,112,182,290,229,197,89,194,-12467,7894,3725,-6068,248,-1625,676,160,95,-90
2025-11-27T16:49:25.570970,92,97,219,339,209,161,79,216,-12461,7913,3737,-6050,290,-1621,721,-122,101,75
2025-11-27T16:49:25.594865,94,95,230,347,207,157,78,196,-12431,7954,3746,-6052,234,-1771,775,-245,62,226
2025-11-27T16:49:25.617055,94,98,230,420,172,118,66,192,-12398,7989,3744,-6073,183,-1774,767,-180,34,315
2025-11-27T16:49:25.631083,103,113,230,398,155,86,48,173,-12364,8025,3737,-6101,111,-1674,760,-193,15,326
2025-11-27T16:49:25.654652,113,115,248,401,131,61,40,159,-12319,8077,3746,-6117,103,-1682,708,-321,5,280
2025-11-27T16:49:25.677102,92,119,236,348,66,32,40,121,-12267,8144,3770,-6117,146,-1598,727,-488,10,221
2025-11-27T16:49:25.691414,89,128,249,340,60,35,41,98,-12187,8244,3821,-6112,149,-1624,668,-753,-49,232
2025-11-27T16:49:25.714571,87,132,312,270,56,32,42,90,-12055,8388,3896,-6129,53,-1777,575,-1047,-209,386
2025-11-27T16:49:25.736755,75,107,299,267,58,47,50,80,-11897,8533,3985,-6182,-42,-2035,542,-1065,-422,508
2025-11-27T16:49:25.751283,55,105,300,241,61,48,47,47,-11755,8636,4060,-6260,-83,-2156,481,-756,-512,551
2025-11-27T16:49:25.774472,51,95,303,312,67,52,46,43,-11638,8696,4119,-6357,-55,-2061,463,-467,-551,582
2025-11-27T16:49:25.796978,40,80,300,325,66,52,44,36,-11536,8738,4153,-6462,-116,-1947,513,-342,-501,601
2025-11-27T16:49:25.812271,40,74,246,335,85,63,49,33,-11428,8785,4189,-6567,-224,-1830,534,-427,-518,573
2025-11-27T16:49:25.834690,33,82,284,358,130,85,51,32,-11300,8839,4250,-6675,-370,-1810,440,-526,-663,487
2025-11-27T16:49:25.857335,29,76,298,410,134,95,54,30,-11154,8900,4353,-6772,-372,-1805,393,-707,-801,376
2025-11-27T16:49:25.871809,28,95,315,388,146,109,57,28,-10995,8966,4494,-6852,-257,-1790,360,-888,-881,295
2025-11-27T16:49:25.894503,31,104,353,406,163,112,60,28,-10844,9021,4635,-6927,-240,-1831,391,-853,-878,254
2025-11-27T16:49:25.918451,31,100,379,488,214,142,64,30,-10695,9074,4777,-6993,-276,-1950,417,-879,-851,195
2025-11-27T16:49:25.931051,35,98,406,497,217,147,63,33,-10555,9114,4917,-7057,-282,-1968,509,-869,-850,145
2025-11-27T16:49:25.954932,36,104,404,479,245,170,67,37,-10413,9168,5055,-7099,-318,-1898,443,-948,-747,81
2025-11-27T16:49:25.977274,37,92,397,512,259,174,71,39,-10264,9242,5185,-7127,-332,-1827,493,-1098,-632,95
2025-11-27T16:49:25.992146,39,91,456,553,294,193,78,42,-10111,9329,5302,-7146,-411,-1927,498,-1155,-537,101
2025-11-27T16:49:26.014964,43,100,512,569,261,170,71,41,-9957,9423,5431,-7141,-449,-2054,418,-1235,-489,-14
2025-11-27T16:49:26.036762,44,104,521,643,252,153,63,41,-9814,9516,5572,-7109,-251,-2179,319,-1239,-413,-59
2025-11-27T16:49:26.050759,43,97,519,649,233,123,54,38,-9717,9579,5690,-7063,-88,-2143,187,-915,-272,-123
2025-11-27T16:49:26.074656,44,102,536,667,244,140,60,41,-9653,9629,5762,-7024,-120,-2160,209,-665,-109,-75
2025-11-27T16:49:26.097227,41,99,459,684,232,141,64,40,-9583,9693,5798,-7003,-350,-2084,243,-646,-31,23
2025-11-27T16:49:26.111126,35,87,357,609,397,306,115,45,-9479,9785,5830,-6988,-586,-2071,212,-832,-41,64
2025-11-27T16:49:26.134630,29,71,279,557,413,326,122,46,-9355,9878,5846,-7011,-466,-2578,475,-944,-133,400
2025-11-27T16:49:26.157174,31,77,273,598,409,327,124,47,-9281,9957,5829,-7014,-259,-2051,402,-669,108,388
2025-11-27T16:49:26.171425,27,63,235,536,394,319,120,42,-9209,10049,5838,-6969,-302,-2036,304,-819,225,156
2025-11-27T16:49:26.195066,25,51,223,466,379,317,116,40,-9105,10150,5875,-6928,-374,-2291,315,-1052,79,144
2025-11-27T16:49:26.217081,25,53,221,451,213,205,76,33,-9039,10209,5907,-6900,-223,-2562,347,-783,32,134
2025-11-27T16:49:26.239981,24,50,207,380,182,191,79,32,-9057,10210,5897,-6884,-84,-2573,342,-187,152,82
2025-11-27T16:49:26.254884,28,79,211,253,187,191,80,32,-9106,10192,5857,-6880,-126,-2228,307,101,219,59
2025-11-27T16:49:26.276986,30,79,216,233,179,184,77,32,-9141,10190,5824,-6865,-157,-2085,258,7,236,36
2025-11-27T16:49:26.299226,30,81,212,166,162,164,71,33,-9148,10215,5793,-6844,-200,-2285,275,-209,265,133
2025-11-27T16:49:26.314259,36,98,207,144,131,108,60,40,-9155,10247,5736,-6836,-298,-2491,297,-160,320,236
2025-11-27T16:49:26.336742,38,103,213,143,105,65,37,43,-9199,10260,5639,-6837,-353,-2535,289,151,440,261
2025-11-27T16:49:26.359029,36,78,174,119,86,51,29,44,-9282,10250,5500,-6853,-434,-2471,298,503,543,288
2025-11-27T16:49:26.371979,39,78,112,114,88,47,37,67,-9405,10216,5327,-6874,-467,-2401,345,807,652,260
2025-11-27T16:49:26.394676,44,79,102,94,81,47,39,73,-9575,10148,5123,-6893,-507,-2384,423,1145,768,182
2025-11-27T16:49:26.418176,42,58,89,91,122,60,42,76,-9797,10053,4877,-6900,-536,-2365,434,1523,965,106
2025-11-27T16:49:26.433843,44,57,70,86,276,150,69,81,-10062,9939,4608,-6868,-596,-2256,360,1859,1177,-30
2025-11-27T16:49:26.457147,59,75,101,122,320,182,76,85,-10340,9820,4351,-6795,-566,-1973,431,1819,1289,-251
2025-11-27T16:49:26.479609,61,76,127,146,321,186,75,75,-10575,9751,4132,-6668,-524,-1781,412,1289,1380,-486
2025-11-27T16:49:26.502040,69,75,129,155,328,188,75,72,-10657,9825,4022,-6493,-631,-1987,45,156,1212,-517
2025-11-27T16:49:26.517050,84,87,137,165,350,208,84,75,-10719,9870,3948,-6367,-552,-2087,103,159,836,-406
2025-11-27T16:49:26.540101,92,88,137,171,293,195,76,71,-10824,9847,3890,-6259,-283,-2300,-30,646,638,-431
2025-11-27T16:49:26.553671,85,76,137,179,254,177,74,76,-10961,9770,3823,-6182,-181,-2182,-91,1049,497,-388
2025-11-27T16:49:26.577095,89,75,116,164,262,178,78,84,-11103,9665,3767,-6128,-227,-2153,-157,1234,314,-422
2025-11-27T16:49:26.599446,87,76,107,168,276,195,82,116,-11213,9560,3746,-6106,-272,-1982,-21,1019,41,-389
2025-11-27T16:49:26.613715,77,63,99,169,297,213,81,114,-11346,9403,3729,-6114,-149,-1956,8,1331,-140,-351
2025-11-27T16:49:26.636701,69,58,125,176,289,209,82,113,-11476,9228,3705,-6152,-70,-1753,173,1358,-231,-208
2025-11-27T16:49:26.657988,85,61,162,165,292,208,89,113,-11680,8941,3670,-6214,-126,-1625,355,924,-193,-198
2025-11-27T16:49:26.681314,91,79,189,191,285,206,87,122,-11723,8872,3698,-6214,-91,-1700,395,434,-204,-234
2025-11-27T16:49:26.700061,92,84,222,215,264,190,89,200,-11752,8821,3741,-6208,-54,-1825,411,294,-216,-224
2025-11-27T16:49:26.718379,115,93,228,246,191,145,102,351,-11780,8761,3776,-6218,-20,-1976,471,370,-244,-135
2025-11-27T16:49:26.740587,123,97,236,263,128,100,93,366,-11824,8679,3774,-6250,-42,-1971,557,574,-195,-5
2025-11-27T16:49:26.760779,113,93,218,272,112,82,84,373,-11883,8581,3746,-6291,-65,-1863,604,728,-131,34
2025-11-27T16:49:26.778875,101,79,209,274,97,75,82,374,-11947,8481,3703,-6330,-107,-1796,770,698,-61,33
2025-11-27T16:49:26.801368,103,71,177,250,153,151,88,339,-12026,8382,3652,-6342,7,-1538,830,654,87,-38
2025-11-27T16:49:26.820227,84,61,174,229,176,163,70,276,-12061,8370,3629,-6305,-153,-1461,581,166,210,-199
2025-11-27T16:49:26.838813,137,86,174,232,176,161,87,325,-12076,8394,3634,-6242,-105,-1799,826,-192,235,-265
2025-11-27T16:49:26.860895,151,104,215,291,171,160,91,329,-12107,8397,3644,-6171,134,-1837,794,-58,259,-257
2025-11-27T16:49:26.880146,155,102,200,280,183,168,91,325,-12140,8392,3641,-6114,3,-1871,697,84,230,-250
2025-11-27T16:49:26.898799,152,106,205,282,150,119,81,317,-12161,8392,3651,-6066,4,-1827,654,21,137,-224
2025-11-27T16:49:26.921997,154,107,215,308,125,103,79,263,-12184,8381,3684,-6014,61,-1841,612,47,44,-295
2025-11-27T16:49:26.940560,101,84,203,327,120,103,59,184,-12215,8349,3728,-5971,199,-1795,636,125,-33,-279
2025-11-27T16:49:26.958756,91,63,171,288,117,101,54,180,-12235,8323,3768,-5940,258,-1688,639,71,-47,-160
2025-11-27T16:49:26.981403,86,65,185,327,96,88,52,184,-12225,8329,3814,-5922,224,-1730,673,-156,-86,-46
2025-11-27T16:49:27.001199,92,63,179,333,69,63,52,216,-12193,8362,3862,-5911,309,-1796,658,-316,-75,99
2025-11-27T16:49:27.018529,80,59,175,322,43,42,44,191,-12141,8421,3896,-5912,288,-1761,583,-413,-32,256
2025-11-27T16:49:27.041308,78,63,213,311,40,45,45,185,-12067,8504,3925,-5927,240,-1734,496,-524,-39,382
2025-11-27T16:49:27.060692,65,62,230,345,40,45,41,168,-11962,8610,3960,-5961,216,-1769,450,-678,-122,533
2025-11-27T16:49:27.078865,63,58,227,335,39,42,39,166,-11833,8728,4001,-6018,179,-1809,433,-787,-229,666
2025-11-27T16:49:27.101304,47,58,243,338,38,39,33,115,-11685,8850,4040,-6103,39,-1923,474,-836,-339,772
2025-11-27T16:49:27.120531,47,74,328,357,39,38,28,102,-11526,8972,4080,-6200,-53,-2006,403,-825,-413,811
2025-11-27T16:49:27.138937,42,70,328,363,39,27,26,82,-11371,9079,4133,-6295,-141,-1880,271,-753,-499,687
2025-11-27T16:49:27.161214,38,87,367,369,58,21,32,74,-11237,9159,4198,-6378,-210,-1845,321,-675,-540,499
2025-11-27T16:49:27.188075,36,98,380,385,66,38,38,47,-11100,9230,4272,-6463,-188,-1853,361,-699,-600,487
2025-11-27T16:49:27.199133,36,98,437,528,75,53,39,37,-10946,9321,4364,-6534,-230,-1780,271,-870,-607,427
2025-11-27T16:49:27.221397,30,92,431,534,87,61,41,35,-10770,9438,4499,-6568,-283,-1744,161,-1156,-635,211
2025-11-27T16:49:27.240577,33,98,447,552,147,87,47,36,-10593,9548,4641,-6597,-363,-1874,303,-1251,-656,127
2025-11-27T16:49:27.258872,33,84,409,522,172,123,51,34,-10413,9649,4768,-6646,-498,-2050,337,-1186,-700,174
2025-11-27T16:49:27.281296,35,74,409,514,295,259,97,42,-10230,9750,4905,-6683,-524,-1992,253,-1226,-694,99
2025-11-27T16:49:27.300510,39,77,347,409,360,301,111,42,-10048,9852,5078,-6680,-486,-1817,254,-1419,-676,-156
2025-11-27T16:49:27.325800,39,77,291,382,378,307,112,41,-9886,9924,5264,-6673,-461,-2082,311,-1329,-730,-287
2025-11-27T16:49:27.341455,38,69,248,338,417,347,125,48,-9738,9978,5421,-6683,-442,-2368,399,-1192,-698,-174
2025-11-27T16:49:27.360746,36,68,229,343,443,349,126,50,-9616,10017,5553,-6692,-411,-2170,329,-980,-593,-173
2025-11-27T16:49:27.382659,34,68,230,326,385,273,98,44,-9529,10036,5676,-6686,-358,-2270,276,-795,-492,-284
2025-11-27T16:49:27.401200,28,59,213,259,331,227,82,42,-9445,10047,5770,-6706,-437,-2498,354,-696,-495,-153
2025-11-27T16:49:27.420466,28,49,188,245,363,245,92,42,-9382,10048,5835,-6739,-272,-2453,389,-526,-423,10
2025-11-27T16:49:27.438858,24,45,172,226,305,186,73,34,-9375,10012,5868,-6772,-198,-2295,389,-135,-295,-51
2025-11-27T16:49:27.461413,26,48,172,236,250,165,67,31,-9371,9988,5885,-6800,-240,-2281,417,-153,-195,-20
2025-11-27T16:49:27.480602,24,46,132,211,240,154,62,29,-9350,9992,5894,-6814,-263,-2326,435,-320,-86,50
2025-11-27T16:49:27.498836,26,47,129,213,235,149,61,74,-9361,9986,5870,-6828,-248,-2510,498,-137,62,90
2025-11-27T16:49:27.521520,26,46,126,192,142,99,42,82,-9409,9967,5798,-6852,-245,-2504,489,182,229,178
2025-11-27T16:49:27.540550,28,46,108,192,125,76,36,87,-9487,9940,5694,-6871,-281,-2391,460,410,383,167
2025-11-27T16:49:27.558742,27,41,83,133,126,70,35,94,-9584,9914,5568,-6876,-293,-2328,438,528,540,146
2025-11-27T16:49:27.581181,28,40,98,121,108,59,35,95,-9701,9890,5418,-6868,-306,-2350,442,639,704,142
2025-11-27T16:49:27.601467,26,34,99,117,98,52,33,71,-9811,9884,5252,-6848,-386,-2417,406,605,817,177
2025-11-27T16:49:27.618403,28,35,97,120,113,52,37,82,-9939,9865,5050,-6843,-418,-2382,404,851,886,274
2025-11-27T16:49:27.641350,32,37,92,109,154,108,49,83,-10099,9822,4809,-6844,-423,-2274,467,1130,1002,312
2025-11-27T16:49:27.660504,32,37,87,108,191,127,54,75,-10270,9773,4561,-6831,-510,-2050,468,1199,1068,200
2025-11-27T16:49:27.678634,32,37,60,96,199,140,54,75,-10440,9730,4345,-6775,-517,-1820,395,1073,1100,-64
2025-11-27T16:49:27.701323,46,46,70,80,251,183,61,84,-10587,9711,4180,-6677,-493,-1882,388,753,1073,-273
2025-11-27T16:49:27.720470,47,48,73,67,257,189,61,78,-10691,9726,4066,-6558,-500,-2123,254,447,966,-359
2025-11-27T16:49:27.738830,82,53,85,54,242,171,53,78,-10813,9703,3959,-6457,-462,-2195,236,678,816,-388
2025-11-27T16:49:27.761270,97,57,86,53,223,169,57,95,-10947,9653,3868,-6360,-367,-2084,111,863,697,-455
2025-11-27T16:49:27.780589,100,63,84,58,228,166,57,122,-11075,9590,3806,-6271,-303,-2008,83,860,528,-508
2025-11-27T16:49:27.799302,128,71,120,90,202,131,51,130,-11191,9519,3765,-6199,-281,-2167,122,835,363,-478
2025-11-27T16:49:27.821295,141,75,123,93,204,138,57,124,-11314,9423,3710,-6154,-254,-2163,114,1049,282,-372
2025-11-27T16:49:27.840438,127,72,124,119,231,160,64,163,-11470,9270,3651,-6133,-220,-1854,152,1370,147,-412
2025-11-27T16:49:27.858652,117,75,135,139,236,160,60,156,-11606,9126,3624,-6108,-117,-1754,228,1174,45,-443
2025-11-27T16:49:27.885514,119,72,151,141,264,176,63,138,-11699,9021,3637,-6080,-41,-1767,243,800,-63,-409
2025-11-27T16:49:27.900576,93,63,142,140,251,172,69,134,-11769,8929,3663,-6066,-3,-1784,331,638,-148,-314
2025-11-27T16:49:27.918661,83,62,167,160,234,162,67,254,-11832,8841,3686,-6058,1,-1852,362,622,-161,-270
2025-11-27T16:49:27.941094,84,80,179,169,199,135,68,238,-11890,8754,3716,-6051,21,-1796,367,586,-187,-274
2025-11-27T16:49:27.960777,99,76,176,167,185,119,68,243,-11952,8660,3738,-6051,35,-1779,479,605,-185,-238
2025-11-27T16:49:27.978802,105,79,177,188,300,202,85,250,-12010,8569,3750,-6059,38,-1835,521,612,-168,-169
2025-11-27T16:49:28.001085,109,84,172,203,330,223,87,251,-12059,8490,3754,-6070,46,-1747,532,539,-128,-99
2025-11-27T16:49:28.020444,104,86,225,306,331,222,83,145,-12093,8431,3757,-6084,8,-1687,613,376,-114,-53
2025-11-27T16:49:28.038998,136,75,247,310,341,223,79,170,-12113,8393,3772,-6088,69,-1711,634,214,-100,-44
2025-11-27T16:49:28.061310,133,75,251,314,338,223,77,173,-12138,8359,3788,-6074,54,-1755,623,202,-40,-137
2025-11-27T16:49:28.080058,131,72,260,314,199,127,58,185,-12165,8328,3793,-6060,51,-1792,764,158,13,-111
2025-11-27T16:49:28.102985,131,65,269,303,123,71,59,237,-12210,8282,3787,-6035,57,-1715,735,285,81,-183
2025-11-27T16:49:28.121290,136,62,212,215,113,65,62,238,-12244,8259,3790,-5994,59,-1720,733,122,120,-230
2025-11-27T16:49:28.143811,101,59,192,221,114,82,61,263,-12260,8262,3804,-5950,67,-1807,763,-58,114,-202
2025-11-27T16:49:28.161646,99,64,227,234,137,111,68,291,-12264,8273,3828,-5910,114,-1861,743,-125,73,-155
2025-11-27T16:49:28.179137,92,61,209,220,178,150,76,283,-12259,8285,3857,-5887,129,-1889,768,-154,-9,-75
2025-11-27T16:49:28.202887,77,63,244,243,181,158,68,237,-12249,8292,3876,-5885,112,-1988,792,-91,-48,39
2025-11-27T16:49:28.218664,68,85,268,254,190,165,71,278,-12254,8274,3869,-5905,44,-2026,885,99,-44,99
2025-11-27T16:49:28.241324,63,90,294,262,226,196,86,239,-12274,8239,3832,-5935,-100,-1997,960,251,12,111
2025-11-27T16:49:28.263810,49,87,269,241,314,260,107,194,-12296,8209,3795,-5954,-65,-1728,944,182,63,80
2025-11-27T16:49:28.278765,49,119,287,283,330,260,108,189,-12293,8224,3780,-5949,-150,-1751,888,-124,82,-10
2025-11-27T16:49:28.308790,48,127,247,265,356,272,113,200,-12270,8268,3776,-5940,-250,-2004,868,-272,58,-29
2025-11-27T16:49:28.324895,53,118,239,252,361,272,111,180,-12257,8293,3773,-5932,-210,-2080,828,-126,33,-48
2025-11-27T16:49:28.338788,58,113,193,262,360,266,109,174,-12271,8280,3756,-5932,-174,-2075,827,142,38,-64
2025-11-27T16:49:28.361343,90,111,184,263,292,207,91,174,-12294,8248,3731,-5945,-235,-2007,827,281,-10,-54
2025-11-27T16:49:28.383682,102,85,169,283,251,182,85,230,-12335,8187,3705,-5962,-114,-1799,793,436,-25,-54
2025-11-27T16:49:28.403386,111,79,180,301,208,156,76,230,-12371,8138,3691,-5963,-182,-1774,758,349,-27,-158
2025-11-27T16:49:28.421259,138,77,181,322,195,151,75,233,-12394,8104,3688,-5962,-115,-1847,783,238,-46,-127
2025-11-27T16:49:28.443788,146,85,184,391,129,107,61,245,-12424,8063,3685,-5959,-25,-1810,756,291,-21,-109
2025-11-27T16:49:28.462913,134,85,192,424,97,65,50,254,-12457,8016,3687,-5952,87,-1680,680,324,-17,-108
2025-11-27T16:49:28.481300,128,86,185,403,95,69,46,202,-12478,7984,3706,-5938,199,-1563,656,173,-38,-89
2025-11-27T16:49:28.503756,135,99,254,415,96,71,47,191,-12490,7961,3738,-5924,286,-1603,710,66,-61,-54
2025-11-27T16:49:28.523588,108,95,256,411,86,66,47,141,-12492,7951,3763,-5917,305,-1604,691,21,-35,37
2025-11-27T16:49:28.541310,96,89,290,318,77,61,44,111,-12485,7955,3780,-5916,364,-1536,704,-72,14,146
2025-11-27T16:49:28.563984,90,92,306,302,84,80,44,87,-12446,8003,3811,-5913,357,-1506,668,-369,4,221
2025-11-27T16:49:28.586741,86,83,307,289,86,83,44,82,-12365,8099,3865,-5918,343,-1496,644,-727,-77,334
2025-11-27T16:49:28.601156,59,59,244,252,84,80,46,82,-12250,8225,3944,-5930,369,-1682,581,-938,-184,421
2025-11-27T16:49:28.623799,44,60,244,230,101,82,48,68,-12116,8356,4027,-5968,305,-1852,527,-950,-307,535
2025-11-27T16:49:28.642928,35,53,204,263,104,83,46,69,-11983,8461,4095,-6040,182,-1967,468,-728,-418,634
2025-11-27T16:49:28.661004,28,49,190,247,94,62,42,66,-11866,8526,4151,-6142,83,-2028,487,-460,-528,655
2025-11-27T16:49:28.683752,30,56,212,286,95,56,44,67,-11755,8563,4200,-6270,-44,-1966,478,-297,-651,673
2025-11-27T16:49:28.703149,31,55,215,338,97,62,44,60,-11633,8601,4266,-6398,-120,-1924,403,-346,-742,622
2025-11-27T16:49:28.721440,30,57,253,458,86,59,40,50,-11500,8642,4356,-6521,-177,-1863,457,-503,-845,527
2025-11-27T16:49:28.743512,31,60,280,500,163,103,45,42,-11349,8679,4475,-6655,-310,-1948,524,-619,-1039,460
2025-11-27T16:49:28.762809,35,75,332,501,210,129,46,41,-11185,8700,4606,-6813,-434,-2001,557,-613,-1229,461
2025-11-27T16:49:28.788781,31,70,322,535,268,204,59,38,-11034,8696,4755,-6961,-391,-1873,506,-536,-1297,329
2025-11-27T16:49:28.803822,31,71,336,518,289,223,66,36,-10892,8688,4934,-7070,-326,-1775,585,-702,-1281,83
2025-11-27T16:49:28.822971,33,69,328,473,295,225,67,32,-10735,8698,5139,-7150,-362,-1929,636,-947,-1270,-54
2025-11-27T16:49:28.841277,32,68,312,432,278,215,64,31,-10571,8708,5355,-7224,-356,-2069,624,-1000,-1307,-90
2025-11-27T16:49:28.863374,29,51,252,468,274,232,70,31,-10433,8693,5548,-7297,-263,-2145,643,-802,-1217,-90
2025-11-27T16:49:28.882987,31,52,241,416,282,206,74,34,-10317,8670,5719,-7357,-151,-2034,638,-699,-1070,-94
2025-11-27T16:49:28.901230,30,46,221,442,289,195,69,33,-10198,8676,5896,-7376,-53,-1883,636,-939,-895,-148
2025-11-27T16:49:28.924144,29,52,241,440,292,194,72,34,-10051,8724,6094,-7360,-81,-1995,538,-1253,-814,-195
2025-11-27T16:49:28.942956,29,48,226,436,373,249,95,37,-9877,8798,6291,-7341,-169,-2192,530,-1444,-807,-134
2025-11-27T16:49:28.961254,29,47,219,407,420,298,118,41,-9687,8875,6487,-7331,-131,-2197,421,-1454,-851,-32
2025-11-27T16:49:28.983648,28,43,222,383,385,279,110,37,-9508,8931,6681,-7323,-73,-2117,249,-1287,-875,-67
2025-11-27T16:49:29.003716,28,43,210,337,375,277,116,43,-9340,8966,6869,-7323,36,-2301,343,-1217,-903,-43
2025-11-27T16:49:29.021043,28,31,103,262,490,346,129,44,-9197,8978,7032,-7334,82,-2313,293,-985,-855,-23
2025-11-27T16:49:29.043738,29,29,101,233,440,319,116,44,-9071,8978,7178,-7350,25,-2291,188,-801,-813,-59
2025-11-27T16:49:29.066162,25,29,95,239,385,249,88,38,-8938,8978,7314,-7378,17,-2317,148,-760,-828,19
2025-11-27T16:49:29.081234,24,29,85,247,384,247,84,36,-8795,8991,7460,-7389,94,-2098,86,-888,-806,40
2025-11-27T16:49:29.103769,25,28,104,249,384,246,75,29,-8673,8998,7587,-7395,178,-2130,74,-781,-693,52
2025-11-27T16:49:29.126448,22,44,146,297,247,154,50,25,-8564,9025,7687,-7387,210,-2350,82,-795,-496,140
2025-11-27T16:49:29.141246,22,56,183,291,238,144,60,29,-8501,9049,7733,-7382,210,-2353,147,-547,-226,187
2025-11-27T16:49:29.164000,25,61,216,292,245,157,66,32,-8525,9040,7715,-7384,330,-2327,126,13,73,172
2025-11-27T16:49:29.186513,30,69,235,435,256,150,70,46,-8571,9038,7662,-7388,168,-2053,38,215,257,154
2025-11-27T16:49:29.202029,35,82,339,472,239,142,70,51,-8616,9052,7604,-7378,145,-2032,60,142,349,168
2025-11-27T16:49:29.223402,40,86,361,438,203,115,69,55,-8664,9078,7545,-7350,172,-2132,139,25,449,149
2025-11-27T16:49:29.246283,46,84,380,449,175,91,58,54,-8754,9086,7460,-7321,213,-2269,163,269,590,101
2025-11-27T16:49:29.261286,49,83,373,428,136,55,51,55,-8875,9095,7342,-7282,169,-2276,193,415,800,76
2025-11-27T16:49:29.284265,47,81,379,290,107,51,44,44,-9014,9111,7206,-7227,144,-2198,134,500,968,39
2025-11-27T16:49:29.306311,44,72,304,209,100,46,41,41,-9145,9152,7056,-7160,27,-2189,115,428,1094,60
2025-11-27T16:49:29.321213,39,62,289,201,104,45,39,36,-9272,9199,6885,-7102,-97,-2224,163,461,1140,119
2025-11-27T16:49:29.343481,30,62,283,174,101,36,35,38,-9429,9229,6680,-7053,-130,-2166,305,649,1244,125
2025-11-27T16:49:29.366404,26,63,277,181,98,36,40,44,-9607,9256,6460,-6981,-216,-2227,387,686,1405,4
2025-11-27T16:49:29.381574,33,61,258,156,157,57,40,47,-9843,9236,6207,-6909,-344,-2327,426,1119,1521,-203
2025-11-27T16:49:29.403387,35,60,236,149,162,71,45,56,-10165,9136,5927,-6820,-369,-2454,317,1816,1663,-433
2025-11-27T16:49:29.426275,78,56,197,133,171,79,49,91,-10526,8985,5623,-6730,-352,-2278,370,2179,1712,-555
2025-11-27T16:49:29.441308,89,51,134,117,171,84,53,113,-10859,8847,5327,-6623,-206,-2086,478,1989,1710,-534
2025-11-27T16:49:29.463776,91,50,147,101,200,94,56,120,-11114,8778,5059,-6502,-169,-1983,392,1421,1661,-365
2025-11-27T16:49:29.486311,91,49,136,107,218,154,70,121,-11242,8833,4854,-6361,-297,-1948,295,487,1508,-252
2025-11-27T16:49:29.501236,94,51,135,109,238,164,72,122,-11303,8929,4713,-6224,-302,-1838,164,45,1225,-223
2025-11-27T16:49:29.523396,64,49,130,100,231,160,72,109,-11357,9002,4609,-6098,-117,-2175,229,65,1014,-210
2025-11-27T16:49:29.546114,49,48,118,102,264,166,69,88,-11438,9019,4499,-6002,50,-2338,247,442,894,-123
2025-11-27T16:49:29.561312,49,47,78,87,376,261,86,75,-11565,8971,4356,-5936,-3,-2293,293,943,858,-128
2025-11-27T16:49:29.583530,75,55,106,108,375,242,76,85,-11687,8911,4229,-5880,-157,-2062,166,1008,713,-227
2025-11-27T16:49:29.606302,87,62,130,122,365,234,77,93,-11785,8847,4143,-5840,-158,-1809,179,858,458,-255
2025-11-27T16:49:29.621267,159,68,147,126,370,238,79,101,-11868,8766,4100,-5826,57,-1975,260,835,179,-153
2025-11-27T16:49:29.643789,178,74,151,127,391,263,80,103,-11945,8668,4038,-5858,23,-1917,385,929,76,52
2025-11-27T16:49:29.666237,190,99,183,139,277,170,81,131,-12029,8554,3982,-5893,60,-1723,481,944,28,34
2025-11-27T16:49:29.681286,189,107,172,183,242,157,83,127,-12067,8504,3974,-5892,67,-1757,404,453,3,-79
2025-11-27T16:49:29.703788,185,105,165,191,253,166,82,120,-12086,8470,3988,-5893,73,-1856,534,245,-87,-65
2025-11-27T16:49:29.726175,141,105,167,211,262,202,83,112,-12106,8428,3998,-5906,120,-1960,528,338,-110,2
2025-11-27T16:49:29.741393,119,106,187,245,194,173,85,116,-12140,8362,3979,-5943,71,-1871,582,532,-101,93
2025-11-27T16:49:29.763815,106,97,168,248,198,171,62,88,-12174,8293,3954,-5987,9,-1791,604,547,-106,104
2025-11-27T16:49:29.786078,102,107,200,250,224,200,70,94,-12201,8231,3937,-6027,-3,-1753,689,443,-132,87
2025-11-27T16:49:29.802140,137,117,201,240,217,196,65,94,-12234,8166,3921,-6059,-2,-1741,780,411,-105,34
2025-11-27T16:49:29.823803,134,114,186,222,204,162,69,94,-12279,8099,3903,-6069,41,-1600,840,382,-21,-66
2025-11-27T16:49:29.846287,143,114,207,249,203,154,77,192,-12300,8084,3902,-6047,21,-1765,789,82,70,-138
2025-11-27T16:49:29.860963,141,104,212,303,186,150,76,219,-12304,8092,3906,-6027,-8,-1942,839,-55,60,-85
2025-11-27T16:49:29.883757,138,78,185,278,146,101,73,273,-12331,8059,3890,-6025,1,-2042,852,269,42,-65
2025-11-27T16:49:29.906308,98,54,175,288,144,94,74,280,-12379,7995,3856,-6035,-10,-1928,849,497,48,-44
2025-11-27T16:49:29.921231,89,56,198,333,132,89,66,282,-12425,7934,3811,-6050,-66,-1829,858,492,70,-19
2025-11-27T16:49:29.943716,75,46,167,299,132,90,57,230,-12474,7873,3771,-6052,-57,-1848,883,477,90,-91
2025-11-27T16:49:29.974472,90,56,150,275,162,106,69,289,-12531,7804,3736,-6046,4,-1798,871,520,99,-130
2025-11-27T16:49:29.981553,146,77,171,275,167,119,65,246,-12581,7746,3709,-6034,15,-1716,813,448,96,-150
2025-11-27T16:49:30.004340,156,80,175,262,164,127,70,251,-12622,7697,3704,-6014,82,-1596,777,321,42,-183
2025-11-27T16:49:30.023411,155,80,162,218,187,138,69,249,-12650,7657,3729,-5990,118,-1650,847,168,-66,-229
2025-11-27T16:49:30.046430,154,92,253,228,225,161,69,247,-12663,7629,3772,-5972,164,-1732,810,86,-147,-190
2025-11-27T16:49:30.061751,142,97,269,216,216,168,62,156,-12671,7598,3809,-5971,120,-1749,721,165,-188,-118
2025-11-27T16:49:30.085271,78,82,265,261,219,160,61,143,-12711,7518,3807,-5988,88,-1826,1016,459,-140,-89
2025-11-27T16:49:30.108770,73,102,323,282,276,195,73,186,-12759,7434,3792,-6001,125,-1570,922,505,-60,-74
2025-11-27T16:49:30.123817,85,102,338,300,268,186,76,249,-12783,7404,3791,-5988,114,-1465,930,119,21,-115
2025-11-27T16:49:30.146209,92,106,288,304,242,170,79,265,-12782,7423,3812,-5952,215,-1649,930,-188,81,-114
2025-11-27T16:49:30.168741,118,105,288,307,253,181,78,255,-12775,7457,3822,-5918,253,-1708,925,-228,150,-27
2025-11-27T16:49:30.183681,130,119,287,281,245,180,79,255,-12760,7500,3822,-5896,250,-1600,876,-269,171,82
2025-11-27T16:49:30.205970,129,110,232,268,172,131,64,213,-12723,7574,3835,-5872,257,-1546,850,-492,153,132
2025-11-27T16:49:30.228463,128,109,279,284,159,124,56,148,-12662,7679,3875,-5843,296,-1631,862,-752,94,148
2025-11-27T16:49:30.251223,127,97,281,274,144,115,48,128,-12577,7808,3928,-5820,299,-1713,835,-927,31,221
2025-11-27T16:49:30.266161,104,91,270,282,99,59,41,127,-12474,7941,3982,-5824,328,-1862,793,-927,-52,392
2025-11-27T16:49:30.288731,96,70,281,268,79,44,36,124,-12368,8062,4031,-5851,393,-1840,649,-794,-107,536
2025-11-27T16:49:30.303739,90,57,296,293,72,40,32,116,-12267,8156,4056,-5914,300,-1910,703,-593,-168,670
2025-11-27T16:49:30.326250,81,63,252,283,61,37,30,93,-12166,8230,4069,-6012,112,-1897,595,-401,-293,736
2025-11-27T16:49:30.348740,71,61,260,359,58,29,26,52,-12068,8280,4093,-6123,5,-1865,551,-285,-441,677
2025-11-27T16:49:30.363684,65,63,266,355,54,32,30,46,-11968,8319,4148,-6229,6,-1829,525,-325,-578,564
2025-11-27T16:49:30.386207,49,67,267,401,60,32,35,34,-11860,8348,4231,-6341,-27,-1829,570,-388,-749,500
2025-11-27T16:49:30.408710,44,78,309,408,60,35,35,29,-11724,8386,4338,-6468,-124,-1911,536,-515,-922,522
2025-11-27T16:49:30.423690,36,75,306,425,63,37,34,23,-11582,8423,4470,-6586,-162,-1790,424,-573,-1022,404
2025-11-27T16:49:30.446196,37,76,301,449,63,40,33,23,-11444,8442,4631,-6691,-217,-1773,456,-610,-1138,208
2025-11-27T16:49:30.468679,37,75,312,454,77,41,30,23,-11307,8452,4789,-6798,-279,-1909,568,-615,-1160,172
2025-11-27T16:49:30.483684,37,94,306,434,122,88,32,23,-11169,8456,4947,-6907,-358,-1877,571,-606,-1189,127
2025-11-27T16:49:30.506203,29,86,253,465,143,108,42,27,-11032,8469,5111,-6992,-387,-1813,489,-676,-1125,11
2025-11-27T16:49:30.529063,33,85,240,480,142,110,44,28,-10887,8499,5279,-7057,-453,-1903,494,-813,-1064,-62
2025-11-27T16:49:30.543932,33,83,241,438,144,111,45,28,-10734,8530,5439,-7132,-431,-2153,667,-885,-1068,28
2025-11-27T16:49:30.566766,31,81,236,522,145,113,45,29,-10595,8540,5580,-7219,-306,-2235,656,-700,-1033,122
2025-11-27T16:49:30.588719,28,67,312,559,111,83,39,27,-10484,8532,5699,-7297,-219,-2132,687,-555,-908,100
2025-11-27T16:49:30.604106,27,63,318,571,109,63,37,27,-10360,8562,5827,-7338,-211,-1949,525,-777,-765,44
2025-11-27T16:49:30.626240,26,71,381,576,132,91,45,29,-10208,8635,5981,-7342,-184,-1851,460,-1149,-693,10
2025-11-27T16:49:30.648210,24,69,377,558,139,95,49,32,-10030,8709,6168,-7345,-183,-2059,453,-1321,-851,-29
2025-11-27T16:49:30.663690,26,70,387,472,160,113,56,31,-9855,8763,6352,-7360,-90,-2172,430,-1214,-913,25
2025-11-27T16:49:30.686202,27,56,316,425,245,172,70,32,-9691,8811,6528,-7367,17,-2167,381,-1170,-844,35
2025-11-27T16:49:30.708482,25,56,318,379,254,171,69,30,-9529,8866,6704,-7354,-50,-1886,304,-1220,-768,-60
2025-11-27T16:49:30.723361,24,38,231,347,269,182,70,27,-9335,8954,6916,-7300,39,-2037,145,-1562,-746,-102
2025-11-27T16:49:30.746242,24,38,213,360,279,194,69,23,-9130,9028,7123,-7268,118,-2216,122,-1509,-861,18
2025-11-27T16:49:30.769005,24,33,164,351,279,190,66,24,-8965,9052,7295,-7273,183,-2343,86,-1057,-896,60
2025-11-27T16:49:30.783706,23,31,160,328,223,141,53,28,-8832,9049,7432,-7302,278,-2217,89,-745,-851,142
2025-11-27T16:49:30.805994,23,32,136,304,248,165,64,32,-8717,9036,7551,-7333,307,-2172,119,-641,-784,152
2025-11-27T16:49:30.828678,23,38,143,266,351,221,72,36,-8584,9063,7678,-7325,310,-2305,50,-924,-637,160
2025-11-27T16:49:30.843719,24,38,142,239,354,221,75,38,-8453,9087,7783,-7337,284,-2294,57,-827,-635,266
2025-11-27T16:49:30.866104,22,41,144,224,351,220,75,37,-8372,9098,7843,-7352,296,-2314,114,-555,-424,265
2025-11-27T16:49:30.888699,23,45,145,217,350,220,73,35,-8327,9105,7876,-7359,297,-2235,88,-368,-229,226
2025-11-27T16:49:30.903715,23,48,111,187,325,201,63,31,-8320,9097,7875,-7377,194,-2286,61,-83,-103,168
2025-11-27T16:49:30.926225,28,44,120,168,182,105,49,58,-8357,9071,7843,-7402,221,-2323,101,189,40,145
2025-11-27T16:49:30.948678,28,62,137,128,153,75,42,81,-8424,9051,7786,-7412,229,-2293,150,273,249,121
2025-11-27T16:49:30.971101,71,119,203,115,128,56,44,150,-8525,9027,7692,-7424,220,-2290,248,455,438,143
2025-11-27T16:49:30.986073,78,130,212,149,120,51,48,181,-8669,9005,7555,-7425,214,-2352,299,654,715,135
2025-11-27T16:49:31.008595,112,221,253,192,96,47,92,285,-8849,8987,7378,-7413,155,-2367,359,819,979,105
2025-11-27T16:49:31.031357,131,347,299,197,84,45,107,332,-9047,8987,7163,-7383,45,-2309,410,869,1243,109
2025-11-27T16:49:31.046164,139,444,381,206,92,48,122,446,-9297,8973,6893,-7347,33,-2385,444,1216,1521,93
2025-11-27T16:49:31.068469,140,455,398,211,99,52,128,467,-9605,8934,6557,-7305,-55,-2414,459,1782,1825,34
2025-11-27T16:49:31.091150,145,455,400,198,101,57,133,488,-9968,8876,6166,-7231,-123,-2323,648,2059,2176,-99
2025-11-27T16:49:31.106370,125,427,378,152,104,56,108,444,-10312,8870,5781,-7072,-128,-2373,310,1695,2503,-243
2025-11-27T16:49:31.128707,112,335,337,163,170,82,104,421,-10648,8833,5358,-6951,-624,-2201,471,1924,2416,-104
2025-11-27T16:49:31.151086,177,189,235,151,190,100,89,316,-10888,8850,5042,-6793,-633,-1713,422,1120,2089,-238
2025-11-27T16:49:31.166801,197,140,141,143,196,105,82,268,-11084,8877,4825,-6596,-415,-1234,86,681,1789,-533
2025-11-27T16:49:31.188142,228,130,118,125,211,116,80,220,-11228,8941,4674,-6371,-371,-2088,-56,241,1622,-652
2025-11-27T16:49:31.211340,240,110,107,121,256,172,87,212,-11292,9054,4556,-6180,-320,-2511,70,-5,1343,-459
2025-11-27T16:49:31.226220,245,105,93,81,243,193,78,206,-11414,9069,4429,-6025,-253,-2210,140,569,1160,-543
2025-11-27T16:49:31.248651,308,120,83,68,246,193,79,197,-11582,8997,4293,-5909,-229,-1947,16,1168,961,-579
2025-11-27T16:49:31.271268,421,118,70,68,301,245,88,194,-11713,8931,4201,-5817,-196,-2057,47,998,677,-525
2025-11-27T16:49:31.286187,413,120,80,65,296,245,82,189,-11799,8878,4133,-5773,-184,-2083,208,764,395,-298
2025-11-27T16:49:31.308746,417,121,119,72,268,214,75,182,-11891,8790,4079,-5757,-83,-2012,247,916,210,-231
2025-11-27T16:49:31.331290,417,132,126,70,269,228,76,157,-11967,8704,4046,-5753,-64,-1972,277,831,74,-207
2025-11-27T16:49:31.346230,357,113,139,73,293,247,83,156,-12039,8603,4023,-5771,-38,-1826,379,833,-63,-148
2025-11-27T16:49:31.368697,240,112,141,71,248,198,70,141,-12113,8487,4011,-5796,-4,-1864,432,875,-152,-169
2025-11-27T16:49:31.391227,243,109,139,73,238,198,69,134,-12187,8364,4001,-5827,44,-1802,567,853,-183,-131
2025-11-27T16:49:31.406998,249,110,134,90,227,195,94,250,-12247,8259,3999,-5852,81,-1761,563,718,-175,-118
2025-11-27T16:49:31.428686,248,102,132,106,210,149,91,257,-12291,8177,4002,-5872,69,-1780,660,528,-161,-96
2025-11-27T16:49:31.451210,242,101,115,109,220,140,92,331,-12331,8104,3995,-5895,56,-1804,769,459,-121,-52
2025-11-27T16:49:31.466144,204,111,117,114,299,235,120,341,-12368,8043,3985,-5908,69,-1822,719,436,-60,-52
2025-11-27T16:49:31.488722,220,126,120,116,308,245,126,343,-12409,7982,3970,-5915,91,-1727,747,421,-3,-64
2025-11-27T16:49:31.511165,207,117,121,135,311,246,111,297,-12454,7924,3942,-5917,78,-1847,834,437,64,-64
2025-11-27T16:49:31.525978,206,118,158,139,304,244,109,300,-12489,7877,3923,-5920,90,-1739,807,335,36,-42
2025-11-27T16:49:31.548646,196,116,171,141,313,253,108,195,-12524,7829,3904,-5922,25,-1778,841,340,21,-81
2025-11-27T16:49:31.571102,188,128,169,144,261,180,82,207,-12564,7773,3884,-5922,50,-1825,862,400,28,-96
2025-11-27T16:49:31.586214,144,132,172,153,250,161,80,224,-12622,7698,3852,-5918,72,-1792,898,533,80,-140
2025-11-27T16:49:31.608381,116,135,175,158,250,163,83,196,-12687,7613,3816,-5912,98,-1732,915,596,97,-149
2025-11-27T16:49:31.630796,113,131,149,177,248,165,84,243,-12747,7536,3782,-5903,110,-1681,900,542,107,-142
2025-11-27T16:49:31.646169,105,133,168,210,181,118,73,275,-12812,7458,3743,-5887,116,-1597,999,503,149,-174
2025-11-27T16:49:31.668808,94,102,176,262,152,151,72,265,-12855,7426,3728,-5844,147,-1591,853,241,186,-235
2025-11-27T16:49:31.691131,87,79,199,309,202,195,83,251,-12868,7441,3723,-5798,126,-1756,942,-65,204,-171
2025-11-27T16:49:31.706179,85,65,199,327,223,210,81,276,-12872,7459,3724,-5768,160,-1774,855,-51,136,-80
2025-11-27T16:49:31.728320,81,65,222,379,289,249,88,234,-12866,7477,3734,-5751,151,-1781,803,-55,50,-32
2025-11-27T16:49:31.751161,71,65,217,374,291,254,87,198,-12852,7489,3732,-5767,107,-1855,871,2,-16,139
2025-11-27T16:49:31.766521,68,66,226,360,282,226,80,248,-12852,7463,3721,-5808,65,-1746,912,210,-106,172
2025-11-27T16:49:31.788654,63,72,204,327,267,207,68,249,-12863,7420,3710,-5845,13,-1603,957,255,-130,93
2025-11-27T16:49:31.811314,74,78,207,316,256,198,70,240,-12859,7411,3715,-5862,16,-1639,956,24,-103,36
2025-11-27T16:49:31.825963,73,98,204,257,194,145,63,241,-12845,7421,3727,-5872,69,-1699,982,-109,-78,55
2025-11-27T16:49:31.848692,89,109,228,300,184,135,66,268,-12838,7417,3734,-5888,170,-1803,1050,-17,-59,108
2025-11-27T16:49:31.871193,158,125,245,335,170,129,83,230,-12835,7400,3721,-5925,102,-1835,1066,123,-64,201
2025-11-27T16:49:31.886208,172,120,262,343,133,99,77,224,-12836,7376,3691,-5972,0,-1750,1035,205,-53,226
2025-11-27T16:49:31.908714,169,128,370,398,139,113,70,197,-12839,7353,3677,-6001,43,-1596,953,155,-52,125
2025-11-27T16:49:31.931214,171,145,376,412,149,126,78,186,-12843,7340,3677,-6009,30,-1655,1066,18,-50,8
2025-11-27T16:49:31.954415,165,135,362,454,188,146,87,197,-12839,7339,3688,-6011,7,-1644,985,-45,-66,-32
2025-11-27T16:49:31.968771,105,126,388,456,264,179,81,240,-12837,7339,3698,-6010,-16,-1699,1024,-55,-66,-59
2025-11-27T16:49:31.991082,78,126,380,518,333,235,94,241,-12831,7344,3717,-6004,-25,-1810,900,-20,-84,-92
2025-11-27T16:49:32.013812,75,118,296,518,411,255,106,249,-12848,7306,3710,-6018,-61,-1879,1149,209,-97,-64
2025-11-27T16:49:32.028691,87,79,279,511,498,293,119,288,-12869,7271,3707,-6019,77,-1723,966,236,-28,-66
2025-11-27T16:49:32.051141,137,85,272,477,582,316,149,420,-12867,7273,3708,-6020,-41,-1666,990,-25,-37,-38
2025-11-27T16:49:32.074332,145,81,284,485,616,350,169,429,-12855,7288,3719,-6020,15,-1843,990,-83,-42,-7
2025-11-27T16:49:32.088675,146,86,298,423,604,334,165,428,-12840,7300,3725,-6035,125,-1824,971,-45,-42,131
2025-11-27T16:49:32.110962,156,87,262,361,549,313,158,429,-12823,7308,3717,-6065,150,-1713,972,-20,-14,245
2025-11-27T16:49:32.133552,169,86,262,340,467,272,143,428,-12801,7321,3706,-6103,146,-1656,1006,-64,-19,305
2025-11-27T16:49:32.149340,172,85,263,283,342,235,107,306,-12772,7340,3695,-6147,94,-1649,1011,-110,-43,337
2025-11-27T16:49:32.170996,165,90,191,195,251,191,66,273,-12749,7352,3684,-6187,98,-1625,1018,-83,-36,301
2025-11-27T16:49:32.194136,171,86,181,174,202,159,59,273,-12736,7358,3670,-6215,144,-1520,1068,-86,22,253
2025-11-27T16:49:32.210407,165,85,190,181,211,162,63,293,-12709,7392,3679,-6224,231,-1463,1009,-311,32,221
2025-11-27T16:49:32.231075,145,82,175,211,215,163,63,261,-12669,7449,3704,-6223,308,-1523,1038,-499,46,235
2025-11-27T16:49:32.253657,96,80,181,251,218,163,57,214,-12623,7516,3726,-6224,279,-1641,924,-472,58,263
2025-11-27T16:49:32.268637,114,89,178,251,176,123,50,172,-12580,7576,3739,-6229,165,-1705,796,-338,50,235
2025-11-27T16:49:32.291110,141,105,207,238,168,123,49,178,-12559,7606,3745,-6232,130,-1619,776,-161,38,146
2025-11-27T16:49:32.313626,151,111,265,239,163,113,42,125,-12540,7633,3759,-6229,120,-1498,803,-209,9,86
2025-11-27T16:49:32.328656,158,118,277,227,151,109,40,113,-12489,7703,3802,-6219,111,-1556,789,-543,-43,99
2025-11-27T16:49:32.350940,165,116,283,214,136,105,45,104,-12409,7807,3871,-6207,107,-1681,708,-767,-124,131
2025-11-27T16:49:32.373896,150,103,294,269,127,103,44,106,-12331,7901,3937,-6202,118,-1838,740,-696,-135,152
2025-11-27T16:49:32.388230,124,93,283,281,128,95,40,97,-12256,7981,3995,-6211,93,-1943,689,-563,-182,200
2025-11-27T16:49:32.411736,119,100,287,383,120,86,42,96,-12197,8027,4026,-6247,66,-2004,874,-374,-189,296
2025-11-27T16:49:32.433603,113,99,306,402,132,90,45,101,-12148,8065,4039,-6285,133,-1902,758,-238,-113,357
2025-11-27T16:49:32.448381,102,130,382,405,127,83,41,99,-12084,8122,4052,-6326,-68,-1830,620,-313,-140,337
2025-11-27T16:49:32.471186,128,151,395,397,121,69,40,105,-12014,8174,4074,-6379,-195,-1950,706,-337,-254,308
2025-11-27T16:49:32.493380,123,149,407,420,110,63,42,114,-11937,8211,4102,-6458,-247,-1911,736,-305,-402,366
2025-11-27T16:49:32.508730,115,141,375,332,100,62,43,113,-11867,8245,4137,-6522,-327,-1875,614,-256,-398,238
2025-11-27T16:49:32.531179,108,143,391,325,67,47,39,104,-11802,8285,4190,-6554,-353,-1812,599,-368,-366,34
2025-11-27T16:49:32.553409,107,118,346,341,68,47,37,106,-11724,8346,4264,-6569,-319,-1872,614,-572,-367,-12
2025-11-27T16:49:32.568680,89,132,428,324,68,42,38,91,-11635,8400,4344,-6605,-341,-1945,664,-586,-478,55
2025-11-27T16:49:32.591161,96,137,417,312,67,39,36,67,-11546,8439,4415,-6665,-372,-2061,632,-442,-557,140
2025-11-27T16:49:32.613524,95,138,427,345,68,41,35,61,-11466,8463,4487,-6725,-338,-1989,644,-387,-569,118
2025-11-27T16:49:32.628665,95,147,405,389,62,39,35,75,-11385,8495,4560,-6772,-246,-2054,644,-446,-500,129
2025-11-27T16:49:32.651367,93,146,393,377,59,35,33,101,-11284,8530,4620,-6856,-432,-1946,700,-483,-605,260
2025-11-27T16:49:32.673644,98,125,301,389,60,33,32,109,-11182,8555,4681,-6950,-392,-2079,646,-392,-659,321
2025-11-27T16:49:32.688670,123,124,328,387,57,33,32,104,-11091,8564,4746,-7040,-283,-1929,668,-360,-655,297
2025-11-27T16:49:32.710844,138,125,329,444,65,33,29,102,-11012,8570,4797,-7121,-306,-1993,742,-332,-571,262
2025-11-27T16:49:32.734202,143,130,367,420,61,33,33,93,-10931,8590,4845,-7189,-254,-2021,716,-386,-474,285
2025-11-27T16:49:32.752500,147,136,376,628,67,37,33,66,-10855,8613,4875,-7257,-248,-1993,679,-338,-394,332
2025-11-27T16:49:32.771759,133,118,361,634,59,34,32,57,-10773,8657,4898,-7311,-291,-1957,632,-420,-286,341
2025-11-27T16:49:32.793672,107,119,428,636,61,35,34,64,-10696,8701,4909,-7363,-308,-1932,719,-437,-226,353
2025-11-27T16:49:32.808509,84,115,477,630,55,33,31,65,-10619,8747,4930,-7406,-300,-2009,693,-470,-224,309
2025-11-27T16:49:32.831090,108,118,472,642,57,33,27,62,-10568,8768,4956,-7437,-216,-2136,681,-321,-214,197
2025-11-27T16:49:32.853582,106,131,502,489,48,30,27,61,-10542,8770,4974,-7461,-111,-2097,708,-188,-152,151
2025-11-27T16:49:32.876967,104,138,513,492,47,30,28,56,-10531,8762,4970,-7489,-174,-2057,709,-47,-95,147
2025-11-27T16:49:32.891127,98,129,437,514,54,32,28,44,-10517,8758,4971,-7512,-174,-2027,643,-62,-96,128
2025-11-27T16:49:32.913661,96,136,420,454,57,34,27,42,-10501,8761,4977,-7526,-201,-1968,625,-115,-76,81
2025-11-27T16:49:32.936763,58,112,398,420,57,41,32,38,-10480,8774,4994,-7529,-191,-2004,578,-191,-64,48
2025-11-27T16:49:32.951148,48,86,334,366,89,95,46,34,-10465,8784,5010,-7527,-179,-2047,575,-163,-41,20
2025-11-27T16:49:32.973835,42,76,300,361,190,185,66,31,-10460,8783,5021,-7529,-172,-2049,608,-96,-47,10
2025-11-27T16:49:32.996950,41,75,348,348,216,200,71,35,-10451,8782,5040,-7529,-161,-1929,612,-148,-72,-16
2025-11-27T16:49:33.011872,34,54,296,341,222,206,74,34,-10427,8807,5083,-7504,-151,-1874,521,-355,-45,-94
2025-11-27T16:49:33.033552,27,54,280,376,232,211,77,35,-10407,8832,5140,-7465,-105,-1867,485,-394,-47,-177
2025-11-27T16:49:33.056940,26,48,277,372,257,210,74,34,-10395,8849,5203,-7416,-46,-1978,456,-352,-35,-234
2025-11-27T16:49:33.071196,27,44,281,363,243,165,65,31,-10389,8867,5258,-7364,-34,-1993,408,-310,10,-239
2025-11-27T16:49:33.093418,23,49,203,320,235,157,63,28,-10382,8890,5303,-7313,-35,-1997,375,-287,49,-194
2025-11-27T16:49:33.116586,24,50,188,390,263,177,68,29,-10377,8912,5326,-7277,-147,-1937,334,-185,71,-147
2025-11-27T16:49:33.131150,22,51,213,345,261,173,65,29,-10369,8936,5353,-7240,-142,-1934,312,-208,58,-153
2025-11-27T16:49:33.161960,23,53,219,379,237,157,58,28,-10360,8957,5389,-7199,-90,-1940,285,-224,34,-179
2025-11-27T16:49:33.177131,25,53,224,360,195,132,54,37,-10366,8969,5423,-7151,37,-2065,332,-165,82,-178
2025-11-27T16:49:33.190721,26,48,220,359,190,129,56,52,-10381,8974,5428,-7119,-28,-2134,366,-31,130,-108
2025-11-27T16:49:33.213791,28,46,205,273,141,89,46,64,-10416,8965,5396,-7103,-61,-2083,474,135,211,-28
2025-11-27T16:49:33.236961,43,47,161,256,130,86,53,135,-10464,8961,5341,-7080,-8,-2062,536,182,359,21
2025-11-27T16:49:33.251083,45,57,153,161,111,77,55,153,-10526,8953,5261,-7058,-112,-2047,682,226,458,9
2025-11-27T16:49:33.273464,44,68,144,156,97,70,52,154,-10582,8961,5167,-7032,-210,-2168,694,188,539,35
2025-11-27T16:49:33.304353,44,70,178,150,73,55,46,153,-10608,9012,5074,-6996,-364,-2365,616,-17,596,75
2025-11-27T16:49:33.311269,44,69,183,147,69,51,47,157,-10655,9037,4942,-6986,-407,-2389,674,268,630,187
2025-11-27T16:49:33.333568,39,75,188,146,150,94,46,106,-10746,9024,4762,-6990,-336,-2349,725,663,762,265
2025-11-27T16:49:33.357114,50,69,201,164,249,186,67,82,-10877,8984,4523,-6997,-359,-2261,758,1033,965,321
2025-11-27T16:49:33.370843,109,71,221,154,290,237,85,83,-11011,8954,4261,-6991,-489,-1948,699,1059,1100,285
2025-11-27T16:49:33.393726,166,79,205,176,320,253,91,83,-11082,8988,4062,-6952,-742,-1960,535,521,982,93
2025-11-27T16:49:33.416806,225,101,213,175,338,278,105,74,-11162,8984,3890,-6929,-734,-2074,604,646,754,19
2025-11-27T16:49:33.431112,230,100,211,182,396,318,114,79,-11252,8949,3740,-6911,-488,-1959,641,731,634,39
2025-11-27T16:49:33.453678,230,97,202,181,370,295,106,75,-11344,8910,3596,-6887,-431,-1772,645,708,635,4
2025-11-27T16:49:33.476842,212,100,183,205,359,261,96,75,-11393,8925,3512,-6831,-486,-1758,344,343,539,-155
2025-11-27T16:49:33.491151,172,95,164,181,334,246,93,83,-11380,8986,3501,-6778,-662,-1902,364,-180,245,-251
2025-11-27T16:49:33.513851,81,75,149,178,325,222,78,88,-11419,8965,3497,-6742,-487,-2159,381,338,70,-310
2025-11-27T16:49:33.536907,62,67,142,168,232,152,61,83,-11518,8859,3465,-6730,-265,-2027,512,877,33,-275
2025-11-27T16:49:33.550677,55,67,116,146,194,113,55,106,-11637,8728,3409,-6726,-265,-1823,474,1103,57,-270
2025-11-27T16:49:33.582179,39,52,120,88,164,108,51,119,-11752,8602,3363,-6711,-293,-1692,526,1002,52,-355
2025-11-27T16:49:33.596096,42,53,146,175,164,105,44,119,-11826,8524,3371,-6676,-238,-1828,528,578,-35,-419
2025-11-27T16:49:33.612162,49,67,154,181,168,102,40,125,-11880,8457,3410,-6645,-129,-1800,516,421,-151,-386
2025-11-27T16:49:33.633556,50,78,155,197,274,209,76,126,-11955,8358,3435,-6623,-30,-1784,573,629,-149,-360
2025-11-27T16:49:33.656846,50,83,158,210,295,219,77,114,-12027,8259,3454,-6606,24,-1700,611,617,-135,-300
2025-11-27T16:49:33.671041,76,86,142,245,298,222,88,141,-12080,8180,3477,-6596,-9,-1712,651,469,-151,-239
2025-11-27T16:49:33.693584,80,99,137,218,300,227,96,209,-12118,8116,3516,-6586,-36,-1773,664,346,-210,-250
2025-11-27T16:49:33.716918,81,94,141,247,354,253,97,214,-12177,8018,3544,-6582,42,-1784,769,536,-218,-256
2025-11-27T16:49:33.730750,86,92,152,255,286,189,83,220,-12246,7909,3562,-6576,102,-1724,846,599,-163,-252
2025-11-27T16:49:33.753456,89,88,159,253,264,179,81,236,-12293,7835,3586,-6564,55,-1594,742,391,-145,-233
2025-11-27T16:49:33.777083,78,86,166,236,255,173,78,254,-12333,7771,3612,-6550,81,-1638,919,256,-125,-216
2025-11-27T16:49:33.799308,75,64,148,226,265,169,75,207,-12355,7738,3656,-6524,78,-1777,827,105,-124,-240
2025-11-27T16:49:33.814429,82,58,139,200,174,122,78,246,-12368,7714,3678,-6515,54,-1866,881,113,-77,-93
2025-11-27T16:49:33.836860,77,49,130,189,135,75,70,256,-12394,7673,3679,-6515,69,-1867,913,269,-27,-44
2025-11-27T16:49:33.859239,74,59,141,188,213,132,76,241,-12436,7611,3652,-6521,58,-1752,987,410,45,-13
2025-11-27T16:49:33.873329,65,57,131,158,227,147,73,201,-12459,7583,3631,-6522,11,-1607,946,189,70,1
2025-11-27T16:49:33.896075,72,76,146,149,217,153,79,273,-12456,7595,3644,-6506,-34,-1515,899,-153,16,-71
2025-11-27T16:49:33.919467,66,88,179,133,225,155,77,252,-12440,7625,3695,-6473,80,-1693,908,-335,-50,-139
2025-11-27T16:49:33.933410,87,115,187,126,226,155,76,263,-12424,7649,3751,-6443,201,-1763,930,-314,-67,-92
2025-11-27T16:49:33.955814,124,112,206,162,147,102,70,276,-12419,7654,3786,-6426,220,-1738,967,-169,-34,-24
2025-11-27T16:49:33.979405,131,112,207,176,126,80,65,307,-12419,7654,3816,-6408,168,-1677,933,-132,-37,-57
2025-11-27T16:49:33.993118,132,103,240,210,116,63,50,260,-12419,7652,3851,-6390,206,-1646,938,-140,-46,-64
2025-11-27T16:49:34.015635,136,112,258,215,108,71,44,251,-12420,7654,3886,-6364,255,-1609,928,-171,-12,-76
2025-11-27T16:49:34.039291,129,119,299,225,119,87,45,248,-12408,7679,3927,-6332,243,-1698,932,-316,8,-65
2025-11-27T16:49:34.053596,110,127,295,226,195,165,63,253,-12383,7720,3971,-6304,237,-1722,876,-389,-2,-11
2025-11-27T16:49:34.076148,120,161,345,256,219,188,74,227,-12358,7760,4019,-6273,212,-1785,791,-350,-21,-52
2025-11-27T16:49:34.099337,136,186,384,242,236,192,76,226,-12338,7789,4054,-6254,89,-1840,808,-251,-50,-53
2025-11-27T16:49:34.113329,152,176,359,251,240,191,77,219,-12319,7815,4076,-6245,34,-1873,760,-167,-35,-18
2025-11-27T16:49:34.136147,181,161,347,263,264,202,80,201,-12296,7847,4084,-6245,-77,-1902,795,-175,-19,26
2025-11-27T16:49:34.158948,181,166,371,398,232,150,69,182,-12270,7881,4078,-6258,-191,-1864,804,-161,-20,71
2025-11-27T16:49:34.173156,179,137,330,403,236,132,59,165,-12242,7917,4087,-6260,-181,-1902,755,-194,-48,1
2025-11-27T16:49:34.196772,181,114,294,407,251,140,60,177,-12218,7950,4095,-6260,-165,-1955,820,-199,-35,-13
2025-11-27T16:49:34.219308,174,117,324,449,239,133,60,177,-12186,7992,4096,-6268,-176,-1960,835,-241,-23,69
2025-11-27T16:49:34.233408,146,122,309,448,211,111,53,205,-12141,8045,4106,-6281,-171,-1952,824,-348,-62,119
2025-11-27T16:49:34.255556,147,116,284,350,201,111,49,220,-12085,8102,4124,-6305,-183,-2028,714,-327,-135,169
2025-11-27T16:49:34.279290,136,114,285,329,171,96,45,227,-12051,8119,4118,-6351,-183,-2056,853,-87,-143,221
2025-11-27T16:49:34.293291,134,121,292,338,139,86,44,205,-12041,8104,4101,-6401,-132,-1894,860,103,-134,211
2025-11-27T16:49:34.315951,123,123,290,308,177,106,47,197,-12032,8093,4087,-6440,-161,-1803,813,77,-110,143
2025-11-27T16:49:34.339283,123,122,305,299,214,141,57,173,-12019,8093,4087,-6465,-145,-1754,809,-35,-111,81
2025-11-27T16:49:34.354169,118,115,292,275,215,148,61,220,-11988,8112,4110,-6483,-122,-1764,754,-204,-162,67
2025-11-27T16:49:34.376102,116,119,293,270,236,161,62,216,-11949,8132,4145,-6508,-89,-1856,785,-244,-230,100
2025-11-27T16:49:34.399223,130,99,281,283,235,159,58,230,-11928,8135,4162,-6534,-121,-1963,796,-69,-176,74
2025-11-27T16:49:34.415806,138,100,265,241,214,149,59,294,-11925,8122,4161,-6554,-69,-1896,779,74,-90,61
2025-11-27T16:49:34.436100,136,102,268,262,189,146,55,288,-11928,8109,4150,-6572,-160,-1801,785,89,-54,30
2025-11-27T16:49:34.459261,147,126,330,270,230,146,50,241,-11919,8111,4143,-6591,-168,-1807,762,1,-56,62
2025-11-27T16:49:34.473556,150,133,339,352,210,135,50,246,-11893,8135,4151,-6603,-116,-1831,744,-169,-59,92
2025-11-27T16:49:34.496749,122,143,396,346,212,136,54,229,-11855,8176,4169,-6609,-113,-1940,724,-275,-59,101
2025-11-27T16:49:34.519306,116,154,406,414,207,135,51,157,-11816,8211,4189,-6622,-55,-1965,717,-247,-92,145
2025-11-27T16:49:34.533482,112,145,439,429,200,113,46,148,-11776,8231,4208,-6658,-75,-1960,702,-157,-189,213
2025-11-27T16:49:34.556190,92,130,399,423,144,98,46,169,-11737,8236,4226,-6708,-91,-1913,682,-65,-260,242
2025-11-27T16:49:34.579603,91,118,403,387,130,95,44,225,-11706,8226,4247,-6761,-93,-1834,726,-31,-305,209
2025-11-27T16:49:34.593554,120,107,341,419,113,84,39,225,-11696,8197,4254,-6808,-73,-1884,810,103,-234,158
2025-11-27T16:49:34.616213,116,92,345,397,137,95,40,211,-11696,8168,4257,-6842,-3,-1782,830,95,-157,129
2025-11-27T16:49:34.639344,113,107,323,411,138,82,39,211,-11687,8161,4258,-6865,-120,-1772,773,-6,-100,84
2025-11-27T16:49:34.653704,113,97,315,406,144,85,38,193,-11668,8169,4271,-6880,-153,-1809,711,-88,-116,50
2025-11-27T16:49:34.676116,162,104,337,393,156,98,40,142,-11642,8181,4300,-6891,-87,-1809,691,-168,-153,41
2025-11-27T16:49:34.699291,146,105,325,394,153,100,45,141,-11605,8200,4343,-6905,-102,-1898,703,-246,-228,48
2025-11-27T16:49:34.713699,145,97,304,384,139,89,42,142,-11581,8200,4373,-6926,-65,-1972,725,-93,-209,71
2025-11-27T16:49:34.736117,162,85,260,351,121,82,46,160,-11569,8186,4389,-6951,-47,-1930,744,19,-172,86
2025-11-27T16:49:34.758849,165,101,277,366,106,73,44,163,-11566,8168,4387,-6978,-120,-1852,752,87,-121,79
2025-11-27T16:49:34.782467,119,102,292,478,114,51,39,128,-11557,8156,4385,-7008,-140,-1818,776,34,-124,102
2025-11-27T16:49:34.796814,117,98,332,467,127,47,36,118,-11530,8169,4401,-7029,-134,-1845,731,-146,-137,105
2025-11-27T16:49:34.821663,115,114,365,462,126,46,35,120,-11493,8193,4425,-7045,-166,-1914,725,-229,-148,91
2025-11-27T16:49:34.841391,97,109,363,446,126,44,29,105,-11463,8208,4447,-7063,-136,-1950,736,-176,-153,87
2025-11-27T16:49:34.856428,88,95,365,432,140,50,29,97,-11441,8210,4461,-7088,-108,-1923,763,-84,-152,114
2025-11-27T16:49:34.879283,84,89,344,403,120,46,30,105,-11425,8206,4463,-7118,-118,-1922,772,-18,-126,141
2025-11-27T16:49:34.901520,73,89,337,365,105,46,27,102,-11416,8197,4455,-7147,-158,-1905,796,30,-88,125
2025-11-27T16:49:34.916361,74,64,289,360,96,46,26,98,-11417,8185,4443,-7166,-182,-1881,794,66,-44,53
2025-11-27T16:49:34.939415,64,63,285,377,96,70,31,88,-11419,8177,4435,-7178,-179,-1831,807,21,-30,21
2025-11-27T16:49:34.961663,73,65,283,450,91,69,32,88,-11417,8179,4433,-7180,-159,-1869,791,-50,-3,5
2025-11-27T16:49:34.976749,67,57,239,343,87,71,34,78,-11397,8205,4440,-7177,-188,-1906,719,-181,6,25
2025-11-27T16:49:34.999245,62,51,164,339,96,73,34,80,-11378,8228,4448,-7177,-178,-1989,752,-166,-16,37
2025-11-27T16:49:35.022467,67,51,153,313,103,100,43,77,-11369,8230,4442,-7191,-119,-1976,774,-19,-20,100
2025-11-27T16:49:35.036782,84,60,269,436,133,111,48,63,-11376,8217,4421,-7208,-118,-1892,778,112,20,99
2025-11-27T16:49:35.058711,79,56,257,367,140,123,51,54,-11369,8230,4416,-7208,-159,-1844,680,-53,34,36
2025-11-27T16:49:35.081702,77,55,261,379,172,142,52,39,-11362,8240,4423,-7203,-153,-1860,732,-102,-2,-18
2025-11-27T16:49:35.096002,78,54,266,386,213,160,57,32,-11355,8248,4436,-7198,-82,-1906,719,-97,-16,4
2025-11-27T16:49:35.119297,71,52,267,386,230,154,54,32,-11345,8257,4443,-7199,-87,-1866,719,-98,-15,46
2025-11-27T16:49:35.141841,46,37,143,216,296,179,63,30,-11334,8268,4450,-7198,-79,-1897,730,-108,-2,51
2025-11-27T16:49:35.156317,42,37,136,279,355,197,73,38,-11322,8287,4454,-7193,-109,-1867,721,-152,33,45
2025-11-27T16:49:35.181388,41,45,126,277,416,238,81,39,-11306,8320,4462,-7175,-134,-1807,668,-231,77,-6
2025-11-27T16:49:35.199363,41,52,116,286,455,261,85,37,-11287,8364,4474,-7146,-112,-1766,717,-350,120,-25
2025-11-27T16:49:35.214308,66,79,114,299,494,269,84,41,-11261,8434,4493,-7094,-77,-1683,650,-512,220,-62
2025-11-27T16:49:35.237604,71,87,108,302,480,266,79,39,-11231,8528,4510,-7017,-37,-1938,680,-635,358,-73
2025-11-27T16:49:35.261686,70,103,106,230,443,248,68,35,-11211,8622,4503,-6938,-4,-1938,624,-540,471,-20
2025-11-27T16:49:35.276124,76,104,121,229,387,212,58,36,-11199,8711,4479,-6863,-128,-2022,491,-373,505,-39
2025-11-27T16:49:35.299238,83,104,151,232,322,173,55,42,-11173,8799,4467,-6799,-171,-2057,439,-407,394,-22
2025-11-27T16:49:35.321735,95,112,170,223,267,171,60,45,-11147,8870,4462,-6754,-122,-2063,419,-325,282,34
2025-11-27T16:49:35.335704,105,115,182,212,292,173,73,66,-11123,8924,4446,-6731,-81,-1996,435,-225,223,141
2025-11-27T16:49:35.358482,108,102,165,214,407,263,94,73,-11099,8971,4426,-6722,-138,-2023,457,-178,178,177
2025-11-27T16:49:35.381923,106,100,157,199,421,266,99,75,-11074,9009,4401,-6728,-134,-2023,517,-147,130,235
2025-11-27T16:49:35.395972,99,100,135,172,497,312,107,74,-11068,9024,4365,-6742,-142,-2042,550,18,129,232
2025-11-27T16:49:35.418912,71,88,133,164,525,330,115,73,-11078,9026,4318,-6754,-152,-2020,573,129,172,196
2025-11-27T16:49:35.441693,47,77,119,169,520,341,116,55,-11106,9014,4262,-6758,-169,-1987,593,236,218,127
2025-11-27T16:49:35.456416,37,75,129,186,471,299,104,46,-11129,9012,4216,-6752,-73,-1881,700,75,251,133
2025-11-27T16:49:35.479240,31,74,141,196,450,288,98,44,-11156,9030,4149,-6726,-145,-2036,654,79,436,117
2025-11-27T16:49:35.501283,151,110,142,251,377,236,87,44,-11145,9102,4064,-6699,-281,-2221,654,-177,553,282
2025-11-27T16:49:35.524214,300,176,154,327,316,195,70,48,-11121,9185,3956,-6690,-416,-2326,511,-97,578,416
2025-11-27T16:49:35.539219,323,203,208,438,259,142,49,52,-11085,9263,3845,-6706,-429,-2235,514,-99,484,547
2025-11-27T16:49:35.561629,345,209,208,445,169,87,37,53,-11070,9309,3729,-6733,-293,-2011,437,122,435,590
2025-11-27T16:49:35.576047,351,210,204,446,184,75,40,50,-11061,9341,3601,-6773,-364,-1841,378,259,402,602
2025-11-27T16:49:35.598811,322,195,200,435,208,69,41,49,-11048,9366,3498,-6814,-329,-1875,387,207,295,566
2025-11-27T16:49:35.622476,194,140,215,439,243,69,51,48,-11056,9365,3402,-6851,-283,-1929,396,371,254,486
2025-11-27T16:49:35.636156,155,99,178,375,324,140,69,44,-11088,9338,3299,-6885,-325,-1938,340,594,245,404
2025-11-27T16:49:35.659611,102,89,205,409,367,161,74,44,-11158,9257,3201,-6928,-354,-1720,457,843,121,240
2025-11-27T16:49:35.681751,79,90,226,528,366,165,76,45,-11220,9187,3158,-6941,-265,-1356,365,609,20,-17
2025-11-27T16:49:35.704296,67,85,229,560,425,177,83,47,-11231,9173,3195,-6924,-323,-1313,239,75,-133,-239
2025-11-27T16:49:35.719299,57,70,200,550,467,247,96,45,-11220,9164,3291,-6909,-371,-1551,290,-144,-384,-365
2025-11-27T16:49:35.741717,47,66,191,551,474,261,105,44,-11234,9111,3416,-6895,-292,-1764,326,54,-560,-510
2025-11-27T16:49:35.764371,44,71,280,612,458,256,108,45,-11292,9002,3548,-6878,-195,-1538,556,233,-627,-707
2025-11-27T16:49:35.778120,42,75,274,551,468,260,109,46,-11355,8909,3691,-6819,-227,-1490,541,119,-509,-927
2025-11-27T16:49:35.801737,39,74,297,589,441,264,105,43,-11386,8868,3853,-6731,-296,-1557,590,-285,-429,-1013
2025-11-27T16:49:35.824717,35,72,340,704,489,227,98,40,-11392,8867,4017,-6626,-289,-1920,577,-482,-328,-971
2025-11-27T16:49:35.838554,36,72,347,712,432,170,74,37,-11376,8898,4154,-6526,-273,-2075,530,-577,-206,-776
2025-11-27T16:49:35.861387,33,66,272,714,422,157,65,34,-11352,8933,4263,-6451,-331,-2095,502,-512,-181,-615
2025-11-27T16:49:35.882005,28,65,294,748,411,150,59,29,-11323,8969,4357,-6388,-232,-2125,528,-503,-150,-470
2025-11-27T16:49:35.896416,26,68,284,733,365,141,58,30,-11297,9003,4435,-6332,-189,-2116,601,-499,-107,-386
2025-11-27T16:49:35.920327,27,79,255,609,216,95,49,28,-11266,9047,4496,-6280,-139,-2193,619,-517,-29,-277
2025-11-27T16:49:35.944502,27,91,285,594,239,103,50,29,-11250,9078,4522,-6247,-194,-2153,686,-363,33,-177
2025-11-27T16:49:35.959153,26,87,275,513,233,113,55,32,-11224,9120,4537,-6221,-305,-2104,590,-369,50,-142
2025-11-27T16:49:35.982086,28,81,249,481,215,109,63,35,-11194,9166,4559,-6192,-224,-2096,580,-420,42,-112
2025-11-27T16:49:36.004151,35,76,234,425,209,98,69,37,-11162,9214,4586,-6157,-108,-2012,557,-465,59,-90
2025-11-27T16:49:36.018148,48,64,256,527,186,93,66,35,-11117,9277,4600,-6133,-237,-2199,492,-472,68,-18
2025-11-27T16:49:36.041765,49,46,228,552,162,80,63,36,-11076,9323,4601,-6137,-250,-2366,519,-327,1,94
2025-11-27T16:49:36.063879,49,47,231,588,155,65,60,31,-11069,9326,4574,-6166,-207,-2209,510,32,-2,164
2025-11-27T16:49:36.078554,51,45,226,552,176,61,53,30,-11072,9315,4543,-6199,-208,-1972,468,132,-15,150
2025-11-27T16:49:36.101847,48,46,252,557,164,46,42,29,-11056,9323,4535,-6223,-197,-1872,426,-53,-65,118
2025-11-27T16:49:36.124311,37,41,201,500,190,49,41,30,-11024,9342,4557,-6234,-146,-1955,386,-200,-129,52
2025-11-27T16:49:36.138333,34,42,236,458,189,51,42,29,-11009,9340,4578,-6249,-163,-2080,458,-88,-159,-2
2025-11-27T16:49:36.162082,32,41,234,393,203,61,40,31,-11010,9322,4586,-6268,-157,-2033,435,70,-129,-4
2025-11-27T16:49:36.184558,33,59,243,448,242,69,40,29,-11021,9297,4586,-6285,-125,-1983,473,115,-92,-1
2025-11-27T16:49:36.198477,31,59,219,449,267,75,40,31,-11019,9296,4584,-6292,-141,-1956,433,-8,-18,23
2025-11-27T16:49:36.221819,30,59,223,393,248,71,40,31,-11007,9316,4574,-6290,-177,-1956,451,-128,61,53
2025-11-27T16:49:36.244000,30,57,185,400,242,70,38,30,-10981,9359,4561,-6281,-161,-1950,472,-278,132,113
2025-11-27T16:49:36.259210,32,59,204,429,230,58,36,28,-10938,9427,4548,-6265,-172,-1985,465,-441,174,164
2025-11-27T16:49:36.281559,26,41,192,346,177,47,32,28,-10888,9502,4544,-6241,-119,-2065,441,-511,182,166
2025-11-27T16:49:36.304268,26,39,204,430,137,34,28,24,-10849,9566,4545,-6212,-77,-2134,427,-450,179,115
2025-11-27T16:49:36.318199,25,41,206,493,135,31,26,23,-10832,9602,4537,-6191,-111,-2149,416,-240,158,72
2025-11-27T16:49:36.341593,27,44,197,511,122,34,32,25,-10843,9605,4515,-6183,-98,-2100,463,-12,140,59
2025-11-27T16:49:36.364073,23,40,167,506,127,35,29,23,-10863,9597,4488,-6179,-149,-1997,458,79,135,25
2025-11-27T16:49:36.378558,27,42,179,523,130,39,32,23,-10872,9603,4472,-6166,-149,-1986,434,-37,131,2
2025-11-27T16:49:36.401676,27,42,173,454,130,41,36,21,-10861,9631,4467,-6144,-142,-2054,386,-191,136,12
2025-11-27T16:49:36.425166,28,39,158,387,173,64,43,23,-10840,9670,4458,-6129,-187,-2097,338,-218,134,69
2025-11-27T16:49:36.438335,27,36,145,369,247,131,86,39,-10812,9710,4444,-6125,-210,-2089,299,-210,103,135
2025-11-27T16:49:36.462056,30,39,143,372,315,172,108,47,-10770,9755,4446,-6125,-188,-1990,253,-289,20,144
2025-11-27T16:49:36.484255,30,36,112,338,344,198,116,50,-10710,9816,4481,-6108,-58,-1843,182,-488,-31,99
2025-11-27T16:49:36.498464,31,33,75,297,354,209,123,55,-10635,9885,4539,-6085,102,-1867,150,-624,-91,129
2025-11-27T16:49:36.521768,33,34,69,283,346,215,128,64,-10578,9933,4584,-6071,60,-2045,-6,-357,-101,118
2025-11-27T16:49:36.543913,32,34,62,234,329,216,116,57,-10550,9945,4597,-6092,0,-2320,41,-20,-138,223
2025-11-27T16:49:36.558442,33,31,47,151,305,228,122,59,-10549,9921,4565,-6157,-160,-2221,180,287,-157,340
2025-11-27T16:49:36.581894,32,31,51,154,452,364,173,67,-10538,9904,4513,-6240,-280,-1956,118,327,-159,436
2025-11-27T16:49:36.604667,30,30,50,137,471,376,176,66,-10457,9937,4493,-6337,-334,-1869,168,-176,-320,584
2025-11-27T16:49:36.626984,28,28,48,118,467,372,171,56,-10322,10008,4514,-6431,-298,-1906,47,-530,-459,641
2025-11-27T16:49:36.641390,28,25,46,103,449,357,165,55,-10167,10067,4558,-6554,-353,-2126,60,-574,-699,692
2025-11-27T16:49:36.663805,24,23,48,89,421,335,149,49,-10032,10074,4618,-6707,-359,-2070,38,-308,-941,622
2025-11-27T16:49:36.686734,23,21,35,63,236,169,78,35,-9898,10048,4719,-6871,-363,-1794,36,-285,-1196,452
2025-11-27T16:49:36.700630,22,21,32,75,194,143,65,33,-9752,10018,4875,-7013,-250,-1673,93,-520,-1323,260
2025-11-27T16:49:36.724286,23,21,33,86,181,136,65,34,-9587,10005,5087,-7110,-213,-1606,111,-874,-1339,0
2025-11-27T16:49:36.746548,22,18,32,91,171,126,59,32,-9429,10009,5335,-7133,-146,-1605,87,-1131,-1150,-322
2025-11-27T16:49:36.761246,23,18,31,110,167,117,55,29,-9297,10013,5588,-7108,-79,-1727,196,-1214,-942,-523
2025-11-27T16:49:36.784529,24,20,43,167,138,88,45,25,-9211,10010,5814,-7041,-106,-1846,206,-1072,-647,-715
2025-11-27T16:49:36.806805,22,22,92,232,130,55,34,22,-9183,9994,6008,-6937,-171,-1839,117,-798,-344,-941
2025-11-27T16:49:36.821045,21,23,104,250,147,60,33,23,-9208,9970,6187,-6779,-127,-1829,140,-688,-17,-1209
2025-11-27T16:49:36.844244,23,27,112,296,157,65,36,25,-9267,9952,6352,-6571,-78,-1683,200,-710,283,-1385
2025-11-27T16:49:36.866721,22,31,135,355,161,65,47,31,-9347,9949,6499,-6312,-71,-1785,112,-721,583,-1531
2025-11-27T16:49:36.881001,22,35,162,445,180,69,49,34,-9431,9966,6645,-6002,-49,-1968,68,-803,810,-1641
2025-11-27T16:49:36.911780,23,37,169,451,178,71,51,38,-9497,10010,6788,-5653,69,-2292,-54,-1022,971,-1656
2025-11-27T16:49:36.926679,25,39,169,467,195,78,58,38,-9587,10041,6875,-5334,177,-2622,-31,-836,1068,-1470
2025-11-27T16:49:36.941063,25,39,166,455,227,78,60,42,-9746,10018,6873,-5085,175,-2573,92,-156,1180,-1226
2025-11-27T16:49:36.964239,26,39,169,484,244,77,54,39,-9935,9974,6833,-4854,146,-2206,-127,279,1295,-1158
2025-11-27T16:49:36.987140,25,36,154,424,235,69,52,37,-10114,9932,6808,-4596,213,-2055,-120,164,1311,-1266
2025-11-27T16:49:37.001010,26,32,125,409,237,65,56,36,-10245,9927,6807,-4312,264,-2226,-85,-249,1264,-1296
2025-11-27T16:49:37.024748,26,32,120,459,268,52,61,37,-10365,9921,6790,-4061,333,-2455,-128,-172,1182,-1141
2025-11-27T16:49:37.046679,25,33,119,477,254,47,61,34,-10494,9888,6766,-3841,447,-2437,-292,137,1105,-1046
2025-11-27T16:49:37.061456,23,31,92,466,248,43,60,34,-10616,9846,6752,-3635,644,-2336,-201,132,981,-950
2025-11-27T16:49:37.084289,78,64,111,524,264,44,58,37,-10694,9843,6734,-3443,670,-2316,-214,-111,894,-749
2025-11-27T16:49:37.113772,87,94,128,619,298,52,55,38,-10728,9866,6713,-3307,555,-2288,-366,-143,682,-493
2025-11-27T16:49:37.120404,160,162,127,586,300,52,42,47,-10755,9869,6717,-3201,594,-2132,-345,-60,442,-466
2025-11-27T16:49:37.144193,163,181,134,578,307,52,48,63,-10777,9861,6732,-3118,606,-2182,-311,-15,297,-458
2025-11-27T16:49:37.166861,165,188,133,549,309,54,50,66,-10802,9842,6741,-3072,783,-2278,-312,125,189,-258
2025-11-27T16:49:37.181221,173,193,114,494,305,55,49,73,-10808,9850,6730,-3048,754,-2042,-267,18,163,-6
2025-11-27T16:49:37.204022,183,232,101,360,279,45,48,73,-10779,9899,6717,-3024,632,-1949,-213,-283,130,86
2025-11-27T16:49:37.227579,251,242,99,348,233,40,45,69,-10749,9944,6712,-2996,605,-1855,-157,-318,91,41
2025-11-27T16:49:37.241323,277,318,100,336,210,38,34,57,-10722,9982,6715,-2958,698,-1842,-163,-319,94,10
2025-11-27T16:49:37.264101,290,350,98,302,196,34,34,59,-10709,10007,6719,-2907,683,-1924,-125,-275,143,-115
2025-11-27T16:49:37.286760,283,344,82,264,163,34,35,50,-10712,10017,6725,-2851,687,-1964,-107,-201,177,-199
2025-11-27T16:49:37.300961,277,315,72,241,133,34,33,47,-10720,10021,6727,-2801,727,-2211,-135,-135,174,-209
2025-11-27T16:49:37.324202,174,278,68,208,122,31,31,43,-10754,10004,6705,-2782,795,-2280,-84,93,187,-72
2025-11-27T16:49:37.346243,136,177,49,173,111,25,28,37,-10798,9985,6662,-2784,813,-2124,-48,206,208,106
2025-11-27T16:49:37.360753,126,135,48,180,108,28,24,28,-10825,9989,6615,-2775,744,-1931,0,27,240,148
2025-11-27T16:49:37.391589,111,164,52,166,105,25,20,23,-10820,10026,6581,-2745,691,-1891,-11,-260,226,112
2025-11-27T16:49:37.406449,108,216,81,174,96,23,23,23,-10804,10066,6563,-2702,716,-1959,-36,-345,190,29
2025-11-27T16:49:37.420644,130,237,83,168,87,23,23,24,-10799,10087,6556,-2661,755,-2043,-96,-220,160,-51
2025-11-27T16:49:37.444282,121,241,84,169,84,24,24,23,-10821,10074,6550,-2635,738,-2082,-106,37,140,-122
2025-11-27T16:49:37.466107,100,221,85,152,72,21,21,20,-10863,10037,6544,-2621,727,-2020,-143,254,125,-144
2025-11-27T16:49:37.480932,98,201,82,137,67,21,22,21,-10904,9999,6537,-2615,704,-1973,-185,300,114,-123
2025-11-27T16:49:37.504232,95,172,49,106,57,20,21,21,-10928,9979,6530,-2607,695,-1964,-197,182,100,-78
2025-11-27T16:49:37.526785,105,164,43,100,63,20,20,18,-10934,9980,6521,-2599,671,-1963,-202,46,92,-21
2025-11-27T16:49:37.540979,104,150,40,94,55,19,18,19,-10933,9991,6509,-2591,653,-1978,-188,-21,94,11
2025-11-27T16:49:37.564301,109,225,45,84,52,19,19,18,-10930,10007,6494,-2581,659,-2004,-173,-53,110,17
2025-11-27T16:49:37.594290,121,230,53,73,47,19,20,25,-10933,10020,6474,-2569,664,-2031,-156,-37,137,16
2025-11-27T16:49:37.608961,124,252,55,62,48,19,19,29,-10941,10030,6449,-2556,661,-2036,-134,-16,169,24
2025-11-27T16:49:37.624236,85,259,62,73,47,21,24,31,-10956,10037,6417,-2544,647,-2052,-113,19,197,25
2025-11-27T16:49:37.646393,83,266,64,71,49,22,24,32,-10973,10043,6384,-2535,646,-2030,-108,41,198,40
2025-11-27T16:49:37.669177,75,209,55,73,48,21,24,33,-10988,10049,6351,-2526,641,-2001,-97,31,192,44
2025-11-27T16:49:37.684226,102,227,49,73,50,22,24,31,-11002,10056,6321,-2512,647,-1971,-70,-3,185,33
2025-11-27T16:49:37.706353,103,241,46,74,48,21,25,26,-11013,10063,6296,-2498,652,-1982,-80,-11,173,21
2025-11-27T16:49:37.729220,106,231,40,49,35,20,20,26,-11028,10065,6271,-2488,683,-2048,-72,25,154,19
2025-11-27T16:49:37.744034,130,251,41,46,30,20,21,28,-11049,10057,6248,-2485,715,-2087,-95,118,136,31
2025-11-27T16:49:37.767309,131,258,42,43,29,21,20,27,-11076,10043,6218,-2497,676,-2063,-76,184,117,74
2025-11-27T16:49:37.796599,101,265,39,39,34,21,21,24,-11095,10035,6192,-2510,635,-1987,-98,159,88,80
2025-11-27T16:49:37.803603,99,220,38,39,37,21,20,34,-11113,10024,6174,-2518,603,-1941,-90,145,75,24
2025-11-27T16:49:37.826884,182,272,39,39,36,20,22,36,-11131,10012,6162,-2518,592,-1923,-95,135,82,-33
2025-11-27T16:49:37.848426,173,255,37,42,41,21,21,36,-11174,9980,6139,-2508,637,-1928,-105,161,102,-44
2025-11-27T16:49:37.868168,175,267,40,43,41,21,22,36,-11191,9969,6128,-2503,634,-1926,-118,133,96,-34
2025-11-27T16:49:37.885934,191,246,40,42,34,20,21,37,-11201,9963,6123,-2493,665,-1914,-144,95,91,-38
2025-11-27T16:49:37.908457,197,252,44,44,38,21,19,32,-11209,9958,6123,-2478,710,-1900,-145,76,82,-50
2025-11-27T16:49:37.927631,124,187,44,46,39,21,20,29,-11220,9948,6128,-2458,746,-1908,-143,83,80,-81
2025-11-27T16:49:37.945921,136,203,52,45,39,20,22,39,-11237,9928,6138,-2435,775,-1877,-122,125,75,-122
2025-11-27T16:49:37.968578,139,219,53,45,39,21,21,39,-11256,9903,6153,-2409,791,-1854,-89,123,61,-152
2025-11-27T16:49:37.987712,124,214,54,41,38,20,21,38,-11271,9882,6172,-2378,789,-1812,-39,61,46,-176
2025-11-27T16:49:38.010231,116,196,49,39,32,21,22,37,-11280,9865,6194,-2345,771,-1789,0,-4,26,-189
2025-11-27T16:49:38.029454,116,192,48,37,29,21,25,48,-11283,9854,6221,-2309,782,-1800,30,-72,2,-204
2025-11-27T16:49:38.047512,96,169,38,30,23,20,23,41,-11284,9843,6248,-2274,812,-1866,60,-94,-10,-202
2025-11-27T16:49:38.070559,100,117,34,27,23,20,26,42,-11292,9827,6270,-2245,843,-1967,77,-43,-2,-188
2025-11-27T16:49:38.088446,89,115,34,34,31,20,28,44,-11307,9806,6283,-2223,860,-2050,48,35,24,-157
2025-11-27T16:49:38.107706,85,141,39,33,30,20,28,53,-11325,9788,6283,-2211,817,-2065,29,79,54,-102
2025-11-27T16:49:38.130232,110,181,41,36,30,21,27,49,-11327,9793,6276,-2202,726,-2062,-6,-35,64,-48
2025-11-27T16:49:38.148151,111,190,79,82,35,22,29,52,-11305,9828,6264,-2188,618,-2083,-26,-233,71,-30
2025-11-27T16:49:38.170698,109,208,82,89,37,22,29,56,-11264,9885,6254,-2175,510,-2137,-67,-367,43,-32
2025-11-27T16:49:38.190305,106,216,84,91,32,22,28,56,-11216,9945,6248,-2168,453,-2155,-103,-384,-1,-38
2025-11-27T16:49:38.208478,134,214,96,94,32,22,27,47,-11173,9992,6249,-2172,469,-2126,-117,-299,-59,-36
2025-11-27T16:49:38.230909,111,181,101,96,32,20,26,44,-11144,10015,6255,-2191,482,-2048,-130,-127,-118,-28
2025-11-27T16:49:38.250091,104,214,93,78,27,19,23,38,-11125,10019,6270,-2230,536,-2017,-181,36,-205,-1
2025-11-27T16:49:38.268804,96,192,90,102,25,21,21,28,-11111,10010,6288,-2289,589,-1994,-211,163,-283,76
2025-11-27T16:49:38.290961,133,260,90,102,23,20,20,25,-11102,9992,6306,-2363,633,-1925,-212,249,-328,148
2025-11-27T16:49:38.310203,109,270,80,102,23,18,22,23,-11091,9976,6322,-2435,686,-1883,-196,222,-318,194
2025-11-27T16:49:38.328111,120,312,92,103,22,22,21,23,-11074,9973,6334,-2494,748,-1918,-155,108,-277,219
2025-11-27T16:49:38.351023,136,289,81,94,20,22,22,21,-11053,9981,6343,-2536,809,-1973,-131,4,-208,219
2025-11-27T16:49:38.370821,139,291,84,64,17,21,23,23,-11036,9991,6346,-2559,838,-1954,-101,-43,-119,194
2025-11-27T16:49:38.388228,104,222,83,64,18,22,23,22,-11021,10007,6345,-2564,851,-1938,-75,-112,-43,158
2025-11-27T16:49:38.411089,98,194,79,59,16,22,24,22,-11005,10027,6343,-2557,864,-1951,-9,-191,-6,133
2025-11-27T16:49:38.430920,83,154,54,53,15,20,23,22,-10999,10041,6336,-2548,857,-1968,52,-168,22,114
2025-11-27T16:49:38.448347,124,164,80,90,19,20,22,26,-11004,10043,6329,-2534,880,-1980,85,-116,46,72
2025-11-27T16:49:38.470881,124,163,89,91,22,21,19,26,-11023,10034,6317,-2520,845,-1978,138,-46,80,31
2025-11-27T16:49:38.490162,127,164,93,124,21,21,18,27,-11050,10016,6304,-2506,842,-1975,149,18,91,8
2025-11-27T16:49:38.508403,166,205,137,138,22,22,17,28,-11075,10000,6290,-2493,793,-1964,100,37,101,-8
2025-11-27T16:49:38.530918,167,193,151,142,26,20,19,27,-11093,9989,6283,-2475,772,-2001,67,-8,88,-50
2025-11-27T16:49:38.550072,123,170,141,128,24,20,19,23,-11105,9983,6279,-2455,741,-2019,26,-32,82,-79
2025-11-27T16:49:38.575899,134,204,135,143,24,19,22,23,-11116,9977,6279,-2431,747,-2047,-18,-22,92,-112
2025-11-27T16:49:38.590708,134,267,135,116,25,19,21,22,-11132,9966,6277,-2407,720,-2062,-66,40,112,-133
2025-11-27T16:49:38.610315,82,250,109,103,27,20,22,22,-11148,9955,6274,-2385,681,-2016,-106,74,121,-142
2025-11-27T16:49:38.628848,79,255,97,103,24,21,20,20,-11163,9945,6271,-2365,650,-1974,-132,78,114,-142
2025-11-27T16:49:38.650918,113,264,100,95,24,21,21,24,-11172,9939,6272,-2345,622,-1945,-161,63,98,-151
2025-11-27T16:49:38.670532,104,252,98,66,25,21,18,22,-11177,9934,6276,-2329,615,-1960,-180,58,73,-152
2025-11-27T16:49:38.688434,102,189,99,58,24,21,18,21,-11183,9928,6279,-2320,611,-1967,-157,76,46,-126
2025-11-27T16:49:38.710939,103,181,83,112,22,20,18,21,-11185,9924,6280,-2323,588,-1974,-170,81,15,-82
2025-11-27T16:49:38.730182,107,168,106,109,22,19,18,22,-11186,9922,6280,-2330,609,-1954,-149,75,-9,-41
2025-11-27T16:49:38.748385,113,163,104,109,22,21,18,19,-11181,9925,6280,-2341,612,-1945,-159,43,-24,-10
2025-11-27T16:49:38.771296,108,166,116,114,20,23,18,20,-11170,9934,6282,-2350,628,-1936,-160,-2,-35,11
2025-11-27T16:49:38.790080,106,163,112,114,20,23,19,20,-11154,9948,6284,-2359,652,-1972,-157,-44,-44,28
2025-11-27T16:49:38.808395,106,163,111,111,21,22,20,20,-11136,9965,6285,-2370,656,-1973,-162,-59,-46,51
2025-11-27T16:49:38.831405,121,153,83,108,21,24,21,21,-11117,9984,6284,-2381,664,-1976,-143,-79,-45,74
2025-11-27T16:49:38.853216,88,147,139,116,22,24,20,19,-11098,10005,6282,-2392,668,-1977,-119,-101,-45,82
2025-11-27T16:49:38.868282,86,118,133,111,19,21,20,19,-11080,10024,6280,-2400,691,-1975,-99,-109,-45,81
2025-11-27T16:49:38.890866,85,142,135,112,19,22,20,19,-11066,10037,6280,-2408,715,-1991,-87,-87,-44,70
2025-11-27T16:49:38.917578,104,147,137,79,18,22,18,19,-11059,10044,6279,-2416,734,-1996,-68,-47,-42,63
2025-11-27T16:49:38.928717,85,146,136,99,18,22,17,20,-11057,10045,6277,-2425,747,-1994,-53,-11,-38,61
2025-11-27T16:49:38.950948,82,142,90,95,17,20,17,22,-11057,10043,6276,-2432,758,-1981,-35,-10,-32,52
2025-11-27T16:49:38.968304,88,175,98,96,20,21,17,22,-11057,10043,6276,-2434,764,-1961,-8,-39,-25,42
2025-11-27T16:49:38.986257,116,155,96,97,21,19,17,24,-11057,10043,6277,-2434,757,-1979,6,-56,-23,28
2025-11-27T16:49:39.009168,102,146,93,83,22,18,19,23,-11058,10042,6278,-2433,758,-1986,-15,-37,-17,13
2025-11-27T16:49:39.029305,110,173,93,54,22,17,19,22,-11059,10040,6278,-2432,750,-1990,-23,-1,-10,-5
2025-11-27T16:49:39.048405,115,204,71,41,24,17,19,21,-11068,10030,6278,-2431,743,-1973,-24,29,-2,-15
2025-11-27T16:49:39.071187,128,182,51,39,23,16,20,21,-11074,10023,6279,-2430,722,-1971,-48,26,2,-18
2025-11-27T16:49:39.090784,108,180,46,34,23,16,19,18,-11079,10018,6280,-2428,716,-1960,-57,14,5,-21
2025-11-27T16:49:39.108247,105,176,79,39,21,18,18,18,-11082,10015,6281,-2424,716,-1958,-71,2,8,-20
2025-11-27T16:49:39.130832,115,203,86,38,23,19,16,20,-11082,10015,6282,-2419,710,-1963,-85,-11,15,-21
2025-11-27T16:49:39.150249,111,178,89,37,21,18,15,19,-11083,10016,6281,-2414,708,-1968,-84,-8,21,-15
2025-11-27T16:49:39.168081,95,189,107,66,22,19,14,21,-11083,10018,6279,-2410,700,-1958,-96,-14,25,-7
2025-11-27T16:49:39.190905,89,195,110,78,22,20,14,22,-11079,10026,6276,-2406,684,-1962,-113,-39,25,5
2025-11-27T16:49:39.210403,126,295,118,80,22,18,15,22,-11074,10034,6272,-2403,683,-1964,-105,-44,24,10
2025-11-27T16:49:39.228413,112,279,113,80,21,21,17,21,-11068,10044,6268,-2402,679,-1975,-114,-46,18,19
2025-11-27T16:49:39.250805,111,283,112,82,21,21,19,23,-11062,10053,6264,-2401,684,-1964,-121,-44,19,27
2025-11-27T16:49:39.270167,107,269,116,69,23,22,19,21,-11056,10064,6259,-2400,685,-1957,-109,-52,18,34
2025-11-27T16:49:39.288341,133,291,117,94,22,20,19,22,-11048,10075,6254,-2401,680,-1964,-105,-62,11,43
2025-11-27T16:49:39.310464,109,207,115,95,21,20,19,23,-11038,10088,6249,-2402,683,-1973,-119,-68,7,47
2025-11-27T16:49:39.330100,104,180,113,98,20,18,19,22,-11029,10101,6245,-2404,679,-1995,-116,-70,1,46
2025-11-27T16:49:39.348108,102,167,112,99,21,18,19,21,-11021,10111,6241,-2408,672,-2008,-110,-50,-8,40
2025-11-27T16:49:39.370501,108,167,105,117,17,16,19,21,-11015,10119,6237,-2413,667,-2002,-97,-48,-11,37
2025-11-27T16:49:39.397790,110,218,129,128,22,17,19,23,-11009,10126,6235,-2417,685,-2001,-98,-46,-16,34
2025-11-27T16:49:39.412832,105,205,117,132,21,18,19,22,-11003,10132,6232,-2422,669,-1997,-114,-35,-17,33
2025-11-27T16:49:39.430373,112,228,125,132,21,17,17,22,-10997,10138,6231,-2426,679,-1989,-115,-29,-18,28
2025-11-27T16:49:39.450026,141,285,127,132,20,19,17,25,-10993,10141,6231,-2429,690,-1993,-109,-26,-18,24
2025-11-27T16:49:39.468383,138,288,115,112,21,18,16,25,-10990,10144,6231,-2433,687,-1990,-108,-20,-23,21
2025-11-27T16:49:39.490844,114,226,96,70,18,18,17,22,-10986,10147,6232,-2437,682,-1980,-118,-19,-21,20
2025-11-27T16:49:39.513248,112,240,82,93,19,18,18,23,-10981,10151,6233,-2439,691,-1980,-122,-29,-21,20
2025-11-27T16:49:39.528382,134,261,79,95,20,18,18,25,-10977,10155,6233,-2442,675,-1993,-106,-33,-20,19
2025-11-27T16:49:39.551051,109,207,109,94,20,18,20,24,-10973,10158,6233,-2444,677,-1991,-107,-27,-17,12
2025-11-27T16:49:39.573530,108,203,111,94,19,19,20,24,-10969,10162,6234,-2446,679,-1991,-117,-27,-15,13
2025-11-27T16:49:39.588313,109,204,105,91,18,19,21,24,-10966,10165,6234,-2447,679,-1991,-121,-26,-10,11
2025-11-27T16:49:39.611067,142,218,113,77,18,20,20,23,-10963,10169,6234,-2446,689,-1982,-119,-31,-4,10
2025-11-27T16:49:39.633555,117,170,110,73,18,19,21,20,-10960,10172,6234,-2445,688,-1993,-121,-31,-2,6
2025-11-27T16:49:39.648293,111,168,92,76,18,18,20,20,-10958,10175,6234,-2444,687,-2007,-114,-27,-2,5
2025-11-27T16:49:39.675109,111,172,90,76,19,18,19,20,-10957,10176,6234,-2443,680,-2000,-110,-19,2,-4
2025-11-27T16:49:39.693353,112,188,92,79,20,19,18,20,-10957,10176,6234,-2443,685,-1988,-119,-6,7,-8
2025-11-27T16:49:39.708421,90,150,82,55,20,19,17,22,-10957,10176,6234,-2443,681,-1990,-128,-7,7,-13
2025-11-27T16:49:39.746632,98,159,91,54,22,20,18,23,-10957,10176,6234,-2443,682,-1990,-123,-1,9,-12
2025-11-27T16:49:39.753656,98,153,79,47,21,21,18,22,-10957,10176,6234,-2443,672,-1989,-126,-8,7,-14
2025-11-27T16:49:39.768133,95,147,95,119,22,21,20,21,-10957,10176,6234,-2443,669,-1983,-129,-10,6,-15
2025-11-27T16:49:39.790861,114,170,90,120,20,20,21,20,-10955,10178,6235,-2441,671,-2002,-132,-21,-2,-16
2025-11-27T16:49:39.813250,97,167,103,123,21,19,20,18,-10955,10177,6237,-2440,673,-1998,-132,-3,-2,-20
2025-11-27T16:49:39.828073,88,154,96,124,18,18,18,16,-10956,10175,6239,-2440,663,-1988,-137,13,-8,-22
2025-11-27T16:49:39.851074,89,159,95,125,19,18,18,16,-10958,10171,6241,-2440,674,-1983,-123,16,-6,-22
2025-11-27T16:49:39.877818,98,168,79,64,17,18,15,18,-10960,10168,6243,-2440,673,-1981,-115,9,-8,-21
2025-11-27T16:49:39.888412,85,159,81,58,17,19,16,16,-10960,10167,6246,-2439,684,-1985,-133,2,-11,-18
2025-11-27T16:49:39.910893,85,160,71,54,15,19,15,19,-10960,10166,6246,-2439,682,-1975,-119,-3,-15,-16
2025-11-27T16:49:39.933435,84,176,87,54,18,21,18,22,-10961,10163,6249,-2438,693,-1996,-114,4,-14,-17
2025-11-27T16:49:39.948398,82,180,95,54,18,20,18,22,-10961,10163,6249,-2438,688,-1984,-122,4,-11,-13
2025-11-27T16:49:39.970907,108,214,94,100,18,22,18,24,-10961,10163,6249,-2438,694,-1975,-119,0,-8,-11
2025-11-27T16:49:39.993138,100,187,96,102,20,21,18,25,-10961,10163,6249,-2438,681,-1974,-116,-7,-6,-8
2025-11-27T16:49:40.008385,99,193,96,107,20,23,19,23,-10961,10163,6249,-2438,686,-1977,-117,-6,-1,-8
2025-11-27T16:49:40.031231,101,178,96,112,19,22,18,21,-10962,10163,6249,-2438,694,-1977,-128,-7,4,-5
2025-11-27T16:49:40.053535,129,189,98,125,21,22,19,23,-10960,10164,6250,-2435,692,-1976,-123,-19,5,-2
2025-11-27T16:49:40.068279,104,183,104,105,22,22,18,21,-10958,10168,6249,-2433,681,-1980,-122,-31,7,-1
2025-11-27T16:49:40.090423,105,187,99,104,21,23,19,23,-10956,10171,6249,-2430,693,-1987,-123,-28,6,0
2025-11-27T16:49:40.113317,127,184,92,100,22,21,20,25,-10955,10172,6249,-2428,690,-1984,-114,-19,6,3
2025-11-27T16:49:40.128137,127,188,94,92,20,21,19,25,-10956,10172,6248,-2428,691,-1980,-104,-11,7,1
2025-11-27T16:49:40.150917,100,177,103,74,21,20,18,25,-10955,10173,6248,-2427,683,-1987,-121,-17,3,2
2025-11-27T16:49:40.174114,97,156,99,49,18,19,19,25,-10954,10175,6247,-2426,682,-2005,-120,-17,2,-4
2025-11-27T16:49:40.188446,96,145,104,43,19,19,18,23,-10954,10175,6247,-2426,678,-2003,-123,-7,-3,-12
2025-11-27T16:49:40.211142,105,163,108,39,20,20,16,22,-10954,10175,6247,-2427,681,-1990,-118,1,-6,-10
2025-11-27T16:49:40.234262,104,163,101,40,21,20,17,20,-10954,10175,6247,-2427,686,-1987,-132,1,-8,-5
2025-11-27T16:49:40.248152,101,189,85,87,21,21,19,21,-10954,10175,6247,-2427,678,-1974,-136,-7,-10,-4
2025-11-27T16:49:40.271099,102,178,86,87,23,21,18,19,-10954,10175,6247,-2427,686,-1977,-119,-16,-10,-2
2025-11-27T16:49:40.293407,127,190,87,93,24,20,18,21,-10954,10174,6247,-2426,693,-1979,-128,-12,-11,-3
2025-11-27T16:49:40.308345,104,177,86,125,23,21,18,19,-10954,10174,6247,-2426,692,-1980,-134,-8,-12,3
2025-11-27T16:49:40.330798,105,196,91,127,24,20,17,20,-10954,10174,6247,-2426,685,-1977,-135,-9,-10,4
2025-11-27T16:49:40.353816,107,201,88,103,23,20,17,19,-10954,10174,6247,-2426,682,-1980,-125,-6,-7,2
2025-11-27T16:49:40.372805,121,197,88,105,23,20,19,20,-10954,10175,6247,-2426,695,-1994,-152,-9,-3,3
2025-11-27T16:49:40.390608,110,189,92,103,23,20,19,20,-10953,10176,6247,-2426,690,-1987,-114,-17,-4,5
2025-11-27T16:49:40.413313,103,180,103,114,22,18,19,20,-10950,10179,6247,-2426,673,-1987,-131,-25,-7,5
2025-11-27T16:49:40.436135,102,164,88,113,21,21,20,20,-10948,10181,6248,-2426,685,-1991,-128,-21,-5,2
2025-11-27T16:49:40.450886,100,160,86,115,22,21,19,19,-10948,10181,6248,-2426,693,-1987,-130,-9,-4,-4
2025-11-27T16:49:40.473372,122,160,88,112,23,22,17,20,-10948,10181,6248,-2426,692,-1980,-123,-1,-3,-3
2025-11-27T16:49:40.495720,108,167,85,111,21,21,18,19,-10948,10181,6248,-2426,693,-1987,-131,-4,-1,-1
2025-11-27T16:49:40.510739,108,174,86,91,21,22,18,20,-10948,10181,6248,-2426,685,-1986,-126,-15,-1,-3
2025-11-27T16:49:40.533367,107,179,88,98,21,20,18,20,-10946,10183,6248,-2424,684,-1983,-130,-20,0,-1
2025-11-27T16:49:40.555918,109,141,94,99,20,20,18,21,-10946,10183,6249,-2424,680,-1979,-145,-12,-1,1
2025-11-27T16:49:40.570862,89,142,89,106,20,19,21,20,-10946,10183,6249,-2424,684,-1979,-139,-7,-1,-1
2025-11-27T16:49:40.593370,86,128,83,129,21,19,19,21,-10946,10183,6249,-2424,682,-1982,-133,-10,2,0
2025-11-27T16:49:40.615714,88,174,77,113,22,19,18,21,-10943,10187,6249,-2422,687,-1988,-147,-23,4,1
2025-11-27T16:49:40.630828,86,161,79,106,21,19,16,23,-10941,10189,6248,-2421,679,-1993,-129,-22,4,0
2025-11-27T16:49:40.653415,104,179,86,107,23,20,17,26,-10941,10189,6248,-2421,683,-1982,-137,-14,4,0
2025-11-27T16:49:40.676240,82,174,94,100,23,19,15,24,-10941,10189,6248,-2421,681,-1987,-126,-13,2,0
2025-11-27T16:49:40.690936,86,200,139,121,25,19,16,24,-10941,10189,6248,-2421,693,-1981,-141,-7,0,-1
2025-11-27T16:49:40.714575,84,162,134,118,26,20,18,25,-10941,10189,6248,-2421,674,-1982,-143,-6,0,0
2025-11-27T16:49:40.734976,105,163,147,126,26,21,19,23,-10941,10189,6248,-2421,672,-1992,-130,-6,-3,2
2025-11-27T16:49:40.750393,89,137,139,123,23,19,18,18,-10941,10189,6248,-2421,676,-1985,-136,-8,-6,-1
2025-11-27T16:49:40.772880,94,195,143,124,23,19,20,18,-10941,10189,6248,-2421,682,-1975,-140,-6,-3,1
2025-11-27T16:49:40.795423,89,173,104,72,21,19,21,17,-10941,10189,6248,-2421,685,-1986,-130,-5,-2,4
2025-11-27T16:49:40.810856,110,173,102,100,20,19,20,17,-10941,10189,6248,-2421,680,-1980,-140,-6,-1,7
2025-11-27T16:49:40.833943,96,176,101,97,20,18,20,17,-10941,10190,6248,-2421,679,-1982,-141,-13,1,9
2025-11-27T16:49:40.856112,97,190,108,98,20,19,20,18,-10938,10194,6247,-2421,680,-1979,-149,-20,3,11
2025-11-27T16:49:40.870567,91,148,106,97,18,19,17,18,-10936,10197,6246,-2420,687,-1981,-139,-18,5,10
2025-11-27T16:49:40.893134,90,147,102,96,18,20,18,18,-10936,10196,6246,-2420,679,-1988,-132,-16,3,12
2025-11-27T16:49:40.915818,122,139,107,89,19,19,18,23,-10936,10196,6246,-2420,673,-1976,-127,-9,4,7
2025-11-27T16:49:40.930863,122,132,88,80,20,21,20,23,-10936,10196,6246,-2420,682,-1989,-137,-9,5,9
2025-11-27T16:49:40.953384,122,115,119,77,21,20,20,23,-10936,10196,6246,-2421,674,-1982,-138,-9,4,9
2025-11-27T16:49:40.975885,121,125,112,82,22,21,19,22,-10936,10197,6245,-2421,671,-1996,-136,-8,-1,9
2025-11-27T16:49:40.998349,133,127,114,99,23,21,19,22,-10936,10197,6245,-2421,669,-1997,-141,1,0,0
2025-11-27T16:49:41.012527,83,147,118,116,22,20,21,17,-10936,10197,6245,-2421,672,-1993,-145,4,-6,1
2025-11-27T16:49:41.033872,77,150,120,117,21,18,20,20,-10936,10197,6245,-2422,673,-1988,-121,-1,-5,5
2025-11-27T16:49:41.048764,74,163,92,121,20,19,20,20,-10936,10197,6245,-2422,678,-1981,-142,-5,-4,4
2025-11-27T16:49:41.071929,76,177,129,124,20,18,21,22,-10936,10197,6245,-2422,674,-1972,-140,-8,-2,6
2025-11-27T16:49:41.095790,54,173,129,111,18,19,20,22,-10936,10197,6245,-2422,681,-1977,-148,-10,-1,8
2025-11-27T16:49:41.110862,94,171,122,70,19,19,21,21,-10935,10197,6245,-2422,680,-1982,-158,-7,0,9
2025-11-27T16:49:41.133016,96,175,120,65,20,20,21,20,-10935,10198,6245,-2422,676,-1993,-145,-6,2,9
2025-11-27T16:49:41.155905,100,176,121,57,20,21,22,20,-10935,10198,6245,-2422,680,-1992,-144,-8,4,11
2025-11-27T16:49:41.170901,102,178,77,92,19,21,21,20,-10935,10198,6245,-2422,669,-1992,-139,-15,3,11
2025-11-27T16:49:41.193264,124,185,87,95,19,21,22,22,-10933,10202,6243,-2422,669,-1991,-141,-20,5,9
2025-11-27T16:49:41.215628,100,174,94,97,18,20,18,22,-10930,10206,6241,-2423,665,-1994,-144,-20,2,11
2025-11-27T16:49:41.230817,99,168,104,98,18,20,20,20,-10930,10206,6240,-2424,669,-1997,-125,-15,-1,9
2025-11-27T16:49:41.253085,143,168,101,117,19,20,20,20,-10930,10206,6240,-2424,672,-1988,-155,-3,-1,6
2025-11-27T16:49:41.280089,147,124,101,91,22,20,19,19,-10929,10206,6240,-2424,673,-1988,-143,1,-1,1
2025-11-27T16:49:41.290877,131,109,106,88,24,21,20,18,-10930,10206,6240,-2424,670,-1989,-128,1,-3,4
2025-11-27T16:49:41.313307,129,121,115,87,23,22,19,17,-10930,10206,6240,-2424,676,-1999,-138,-4,-3,2
2025-11-27T16:49:41.335895,134,166,124,90,25,22,18,17,-10930,10206,6240,-2424,671,-1989,-134,-3,-3,1
2025-11-27T16:49:41.358001,121,156,123,96,23,21,18,19,-10930,10206,6240,-2425,666,-1983,-142,-1,-3,0
2025-11-27T16:49:41.373325,115,155,122,96,22,22,18,20,-10930,10206,6239,-2425,670,-1992,-138,-3,-2,-3
2025-11-27T16:49:41.395781,112,157,115,97,20,20,18,19,-10930,10206,6239,-2425,671,-1995,-140,2,-3,-3
2025-11-27T16:49:41.418340,111,140,146,104,20,19,19,20,-10930,10206,6239,-2425,676,-1991,-137,3,-1,-2
2025-11-27T16:49:41.433343,140,146,142,126,19,20,17,22,-10929,10207,6239,-2425,670,-1986,-146,-1,1,-6
2025-11-27T16:49:41.455841,113,165,141,109,21,19,18,21,-10929,10207,6239,-2425,669,-1987,-133,-3,1,-5
2025-11-27T16:49:41.478760,112,174,149,105,19,17,18,21,-10929,10207,6239,-2426,675,-1988,-139,-3,-2,-4
2025-11-27T16:49:41.492809,111,176,155,105,19,17,20,22,-10930,10207,6238,-2426,666,-1992,-132,1,-1,-4
2025-11-27T16:49:41.515818,109,179,110,99,22,20,19,24,-10929,10207,6238,-2426,674,-1992,-154,5,-4,-5
2025-11-27T16:49:41.538329,86,153,102,63,21,19,18,22,-10929,10207,6238,-2426,661,-1983,-133,8,-4,-6
2025-11-27T16:49:41.553336,84,166,102,89,19,18,18,21,-10929,10207,6238,-2426,682,-1986,-141,6,-4,-5
2025-11-27T16:49:41.575835,88,166,96,86,20,18,19,22,-10929,10207,6238,-2426,668,-1988,-136,2,-4,0
2025-11-27T16:49:41.598274,88,165,100,89,20,19,18,22,-10929,10207,6238,-2427,674,-1990,-137,2,-2,-2
2025-11-27T16:49:41.613319,113,170,141,92,17,18,17,20,-10929,10207,6238,-2427,665,-1984,-146,-3,-1,-4
2025-11-27T16:49:41.638481,99,170,141,114,19,18,20,20,-10929,10207,6238,-2427,677,-1993,-135,-7,-3,-3
2025-11-27T16:49:41.658309,97,148,140,91,19,21,19,20,-10929,10207,6237,-2427,669,-1996,-131,-6,0,-3
2025-11-27T16:49:41.673116,96,149,153,100,20,21,18,19,-10930,10207,6237,-2427,675,-1987,-130,-2,-1,0
2025-11-27T16:49:41.695814,106,151,145,100,21,20,16,19,-10930,10207,6237,-2427,673,-1988,-135,-6,0,0
2025-11-27T16:49:41.718031,103,142,109,94,22,21,16,20,-10930,10207,6237,-2428,665,-1985,-135,-7,-1,2
2025-11-27T16:49:41.733148,99,175,116,108,21,21,17,21,-10929,10207,6237,-2428,677,-1991,-146,-3,-2,3
2025-11-27T16:49:41.755911,98,164,134,117,21,19,18,21,-10929,10207,6237,-2428,668,-2003,-137,4,-2,3
2025-11-27T16:49:41.778423,99,152,115,112,20,20,17,21,-10929,10208,6237,-2428,671,-1994,-147,12,-2,-3
2025-11-27T16:49:41.793284,127,153,108,109,20,21,18,23,-10929,10207,6236,-2428,671,-1992,-131,5,-4,-3
2025-11-27T16:49:41.815358,116,223,103,108,20,21,18,21,-10930,10207,6236,-2428,680,-1993,-133,-11,-6,-4
2025-11-27T16:49:41.839146,116,195,93,92,21,21,15,22,-10930,10207,6236,-2429,668,-1996,-134,-14,-3,-1
2025-11-27T16:49:41.853296,115,197,71,84,21,21,15,22,-10929,10208,6236,-2429,670,-1987,-142,-10,-2,-4
2025-11-27T16:49:41.875754,113,206,75,84,21,21,16,21,-10929,10208,6236,-2429,677,-1989,-143,-1,-3,-5
2025-11-27T16:49:41.906533,96,225,90,84,22,20,18,20,-10929,10208,6236,-2429,672,-1977,-139,5,-2,-3
2025-11-27T16:49:41.913361,88,174,92,85,22,21,18,21,-10929,10208,6236,-2429,670,-1980,-150,-3,-1,0
2025-11-27T16:49:41.935907,87,182,97,62,21,20,19,19,-10929,10208,6236,-2429,676,-1986,-151,-12,0,1
2025-11-27T16:49:41.958019,86,192,102,75,22,22,20,19,-10929,10208,6236,-2429,663,-1990,-136,-11,1,0
2025-11-27T16:49:41.973101,114,199,104,76,21,21,20,22,-10929,10208,6236,-2429,676,-1993,-136,-8,0,-3
2025-11-27T16:49:41.995855,97,183,110,82,20,21,18,20,-10929,10208,6235,-2430,669,-1990,-129,0,0,-1
2025-11-27T16:49:42.018283,96,183,124,84,19,20,18,20,-10929,10208,6235,-2430,662,-1981,-137,2,-3,0
2025-11-27T16:49:42.033302,119,170,115,83,19,20,17,22,-10929,10208,6235,-2430,670,-1984,-134,-5,-3,-3
2025-11-27T16:49:42.055844,122,156,105,59,19,18,16,23,-10929,10208,6235,-2430,672,-1988,-146,-1,-6,-6
2025-11-27T16:49:42.078300,102,143,98,92,19,18,17,21,-10929,10208,6235,-2430,672,-1996,-134,1,-5,-6
2025-11-27T16:49:42.109130,102,206,90,88,20,19,18,23,-10929,10209,6235,-2430,670,-1998,-146,-3,-4,-6
2025-11-27T16:49:42.116058,103,195,87,94,21,17,17,23,-10929,10209,6234,-2430,674,-1994,-138,-3,-2,-8
2025-11-27T16:49:42.138331,103,196,103,101,24,16,17,21,-10929,10209,6234,-2431,666,-1991,-140,2,-5,-7
2025-11-27T16:49:42.153382,102,194,107,103,23,17,18,20,-10929,10209,6234,-2431,664,-1980,-144,6,-3,-6
2025-11-27T16:49:42.175366,100,207,110,95,23,19,18,19,-10929,10209,6234,-2431,671,-1986,-132,1,0,-7
2025-11-27T16:49:42.198257,97,177,99,94,22,20,18,17,-10929,10209,6234,-2431,676,-1981,-141,-3,-2,-5
2025-11-27T16:49:42.213198,103,179,102,95,21,21,19,17,-10929,10209,6234,-2431,673,-1990,-147,-3,-2,-8
2025-11-27T16:49:42.235869,105,171,87,90,19,21,19,19,-10929,10209,6234,-2431,669,-2005,-137,1,0,-7
2025-11-27T16:49:42.256009,105,169,92,92,19,21,16,22,-10929,10209,6233,-2432,670,-2007,-133,12,1,-12
2025-11-27T16:49:42.271241,104,151,100,71,18,20,17,22,-10931,10206,6233,-2433,661,-2001,-131,16,-1,-16
2025-11-27T16:49:42.294310,104,140,99,71,20,19,18,22,-10934,10203,6235,-2432,682,-1997,-139,20,-3,-19
2025-11-27T16:49:42.318398,128,154,93,59,20,18,17,23,-10936,10198,6238,-2431,689,-2000,-140,22,-5,-23
2025-11-27T16:49:42.340881,103,161,91,93,22,21,17,21,-10939,10194,6241,-2430,679,-1984,-139,23,-5,-26
2025-11-27T16:49:42.356183,102,160,79,93,21,21,17,20,-10941,10190,6243,-2430,673,-1978,-137,18,-3,-24
2025-11-27T16:49:42.378342,102,161,82,93,23,19,17,22,-10943,10187,6245,-2428,684,-1983,-131,10,-1,-23
2025-11-27T16:49:42.400812,150,227,96,95,22,21,16,22,-10945,10184,6247,-2426,676,-1977,-132,13,1,-21
2025-11-27T16:49:42.415675,127,215,88,94,22,24,17,20,-10949,10180,6248,-2425,675,-1988,-130,22,3,-25
2025-11-27T16:49:42.438315,129,217,90,56,20,21,18,22,-10953,10176,6249,-2425,684,-1989,-132,28,3,-21
2025-11-27T16:49:42.460826,129,232,90,48,21,22,18,22,-10956,10172,6249,-2424,678,-1970,-122,22,3,-18
2025-11-27T16:49:42.475730,153,234,78,40,19,23,17,22,-10956,10172,6249,-2424,680,-1983,-125,10,5,-13
2025-11-27T16:49:42.498338,110,153,70,85,20,22,18,23,-10957,10171,6249,-2424,685,-1972,-118,-1,1,-10
2025-11-27T16:49:42.520888,111,186,79,90,21,20,18,23,-10957,10171,6249,-2424,682,-1986,-123,1,-1,-7
2025-11-27T16:49:42.535447,106,180,77,91,20,21,18,22,-10957,10171,6249,-2425,679,-1989,-124,9,-2,-8
2025-11-27T16:49:42.559351,105,168,79,91,19,20,18,22,-10957,10171,6249,-2425,677,-1975,-137,12,-3,0
2025-11-27T16:49:42.581190,106,175,80,92,19,22,18,24,-10957,10171,6249,-2425,689,-1973,-116,-2,-7,4
2025-11-27T16:49:42.595723,102,158,90,56,17,21,18,22,-10957,10171,6249,-2424,690,-1975,-131,-10,-9,5
2025-11-27T16:49:42.618289,101,113,82,95,17,20,18,21,-10957,10171,6249,-2424,685,-1977,-139,-7,-8,8
2025-11-27T16:49:42.641269,107,155,85,99,17,20,17,22,-10957,10171,6249,-2424,683,-1991,-130,-7,-10,9
2025-11-27T16:49:42.655815,141,170,85,100,18,21,18,23,-10957,10171,6249,-2425,686,-1991,-115,-5,-11,6
2025-11-27T16:49:42.678019,113,166,87,101,18,18,18,21,-10957,10171,6249,-2425,687,-1991,-128,-7,-14,7
2025-11-27T16:49:42.700531,114,165,88,99,20,18,20,22,-10955,10172,6250,-2427,686,-1991,-118,-14,-17,5
2025-11-27T16:49:42.715667,112,170,88,57,20,19,18,23,-10955,10172,6250,-2427,680,-1982,-119,-8,-16,4
2025-11-27T16:49:42.738785,127,149,92,101,20,19,17,23,-10955,10172,6249,-2427,672,-1987,-126,-5,-16,5
2025-11-27T16:49:42.760867,92,162,108,109,20,17,19,20,-10955,10172,6249,-2427,679,-1992,-142,-8,-14,3
2025-11-27T16:49:42.775654,91,156,115,112,20,19,18,20,-10955,10172,6249,-2427,680,-1983,-141,-10,-15,2
2025-11-27T16:49:42.798249,92,159,100,110,18,19,17,18,-10955,10172,6249,-2427,685,-1981,-136,-7,-13,2
2025-11-27T16:49:42.820801,98,162,99,142,20,20,18,19,-10955,10172,6249,-2427,687,-1984,-135,-3,-14,2
2025-11-27T16:49:42.837450,101,155,93,117,19,20,20,19,-10955,10173,6250,-2427,687,-1992,-145,-7,-11,3
2025-11-27T16:49:42.857795,103,170,73,113,19,21,19,19,-10954,10173,6250,-2427,689,-1996,-145,-8,-10,1
2025-11-27T16:49:42.880464,102,175,71,114,20,22,19,21,-10954,10173,6250,-2427,679,-1993,-136,-3,-7,-2
2025-11-27T16:49:42.895310,101,173,83,116,20,22,19,23,-10954,10173,6249,-2427,678,-1994,-134,-4,-8,-3
2025-11-27T16:49:42.917866,129,165,90,81,19,20,18,24,-10954,10173,6249,-2427,684,-1986,-136,-2,-8,-4
2025-11-27T16:49:42.940861,105,154,104,75,19,19,17,23,-10954,10173,6250,-2427,689,-1988,-142,5,-4,-7
2025-11-27T16:49:42.955795,99,128,113,73,18,19,16,23,-10954,10174,6250,-2427,684,-1976,-146,3,-6,-6
2025-11-27T16:49:42.978015,101,162,104,64,16,17,17,24,-10954,10174,6250,-2427,689,-1988,-136,-2,-6,-6
2025-11-27T16:49:43.000695,130,174,93,66,15,18,17,22,-10953,10174,6250,-2427,682,-1992,-136,4,-3,-7
2025-11-27T16:49:43.015682,97,175,87,80,19,18,18,21,-10953,10174,6250,-2427,672,-1979,-143,-2,-1,-5
2025-11-27T16:49:43.038293,99,184,79,79,19,19,17,21,-10953,10174,6250,-2427,674,-1983,-126,-9,-3,-4
2025-11-27T16:49:43.060285,101,161,82,77,21,20,17,21,-10953,10174,6249,-2428,679,-1990,-138,-8,-2,-3
2025-11-27T16:49:43.075535,101,115,79,80,22,20,16,18,-10953,10174,6250,-2428,683,-1984,-136,-5,-2,-2
2025-11-27T16:49:43.098218,57,101,96,81,21,20,15,18,-10953,10174,6250,-2428,683,-1988,-143,-6,-1,-3
2025-11-27T16:49:43.120140,101,156,94,58,18,21,15,19,-10953,10174,6250,-2427,687,-1973,-137,-13,-4,0
2025-11-27T16:49:43.135312,102,148,95,54,18,20,16,19,-10950,10177,6251,-2427,681,-1990,-146,-17,-5,2
2025-11-27T16:49:43.157649,101,149,92,50,18,21,17,20,-10950,10177,6251,-2427,688,-1997,-133,-13,-3,-1
2025-11-27T16:49:43.180754,101,155,94,44,19,20,16,19,-10949,10177,6251,-2427,686,-1975,-139,-6,-3,-3
2025-11-27T16:49:43.195611,111,157,85,30,20,21,17,18,-10949,10177,6251,-2427,691,-1984,-131,-5,-4,-3
2025-11-27T16:49:43.218356,107,111,98,78,20,21,18,17,-10949,10178,6251,-2427,683,-1984,-145,-5,-8,-2
2025-11-27T16:49:43.241464,109,156,103,79,20,22,19,16,-10949,10178,6251,-2427,683,-1981,-140,-6,-8,-1
2025-11-27T16:49:43.264641,111,172,94,82,19,20,20,16,-10949,10178,6251,-2427,680,-1984,-129,-3,-9,-2
2025-11-27T16:49:43.278207,110,172,90,86,19,21,19,17,-10949,10178,6251,-2427,684,-1987,-138,-3,-8,1
2025-11-27T16:49:43.300711,103,169,83,85,21,19,18,16,-10949,10178,6251,-2427,685,-1987,-133,-2,-10,1
2025-11-27T16:49:43.324089,99,169,71,49,21,19,18,18,-10949,10178,6251,-2427,684,-1988,-138,-5,-9,0
2025-11-27T16:49:43.338258,99,134,64,48,22,19,19,18,-10949,10178,6251,-2427,686,-1985,-144,-9,-10,-2
2025-11-27T16:49:43.360559,99,142,65,44,23,19,16,18,-10949,10178,6251,-2427,698,-1986,-146,-5,-9,-4
2025-11-27T16:49:43.383894,121,140,70,41,22,19,19,18,-10948,10178,6251,-2427,687,-1993,-144,-1,-7,-5
2025-11-27T16:49:43.397786,121,144,82,42,20,18,19,19,-10948,10178,6251,-2427,690,-1986,-144,-3,-6,-4
2025-11-27T16:49:43.420355,97,142,87,42,19,18,20,18,-10948,10178,6252,-2427,694,-1985,-133,-12,-4,-5
2025-11-27T16:49:43.444610,95,135,82,43,19,16,18,19,-10948,10178,6252,-2426,694,-1984,-142,-10,-2,-7
2025-11-27T16:49:43.457858,90,96,88,43,18,17,18,18,-10948,10178,6252,-2426,685,-1985,-144,-4,-3,-11
2025-11-27T16:49:43.480734,57,108,86,39,19,17,19,18,-10948,10179,6252,-2426,683,-1992,-137,-1,-3,-13
2025-11-27T16:49:43.503935,96,150,75,40,18,20,19,20,-10948,10179,6252,-2426,688,-1985,-144,5,-2,-16
2025-11-27T16:49:43.518368,100,148,68,41,20,22,19,21,-10948,10179,6252,-2426,690,-1985,-142,7,-2,-16
2025-11-27T16:49:43.540731,97,148,66,79,19,23,20,21,-10947,10178,6255,-2425,677,-1994,-158,7,-3,-20
2025-11-27T16:49:43.563418,99,152,56,81,19,23,21,20,-10948,10176,6258,-2424,687,-1999,-143,9,-6,-24
2025-11-27T16:49:43.578267,99,146,83,93,18,24,19,21,-10949,10173,6261,-2422,687,-1992,-143,12,-6,-27
2025-11-27T16:49:43.600760,104,93,83,92,19,25,19,19,-10949,10171,6266,-2420,695,-1981,-143,6,-10,-27
2025-11-27T16:49:43.623993,101,87,89,91,18,22,19,19,-10950,10167,6269,-2418,697,-1978,-127,8,-8,-26
2025-11-27T16:49:43.638222,105,159,108,70,19,23,19,17,-10952,10164,6273,-2416,693,-1967,-132,8,-6,-25
2025-11-27T16:49:43.660784,105,162,117,109,19,22,18,16,-10953,10161,6276,-2413,701,-1973,-146,13,-1,-25
2025-11-27T16:49:43.683606,105,159,100,102,20,22,17,17,-10955,10158,6279,-2411,702,-1969,-137,15,0,-23
2025-11-27T16:49:43.698215,59,158,101,106,20,20,17,15,-10956,10155,6282,-2408,700,-1969,-149,15,1,-21
2025-11-27T16:49:43.720791,95,165,92,106,19,20,18,17,-10956,10155,6284,-2406,691,-1972,-150,3,5,-17
2025-11-27T16:49:43.743491,91,110,69,102,19,20,19,18,-10956,10155,6284,-2405,702,-1967,-135,-12,6,-14
2025-11-27T16:49:43.758449,92,106,73,61,18,21,20,21,-10956,10155,6284,-2405,704,-1974,-139,-15,5,-14
2025-11-27T16:49:43.780819,90,159,75,58,19,20,20,21,-10956,10155,6284,-2405,700,-1978,-135,-11,4,-11
2025-11-27T16:49:43.804039,95,181,75,51,19,20,20,22,-10956,10155,6284,-2405,703,-1983,-126,-15,1,-9
2025-11-27T16:49:43.818181,105,177,74,48,20,21,19,22,-10956,10155,6284,-2405,702,-1986,-136,-1,-2,-11
2025-11-27T16:49:43.840790,104,177,70,39,20,20,19,22,-10956,10155,6285,-2405,706,-1992,-147,13,-4,-13
2025-11-27T16:49:43.863180,104,177,46,29,21,19,19,19,-10956,10155,6285,-2405,711,-1985,-138,13,-5,-13
2025-11-27T16:49:43.878290,107,149,42,24,19,18,19,20,-10956,10155,6285,-2405,705,-1995,-127,6,-4,-14
2025-11-27T16:49:43.900820,129,177,46,20,18,20,20,22,-10957,10153,6287,-2403,704,-1980,-138,6,-3,-17
2025-11-27T16:49:43.923280,97,177,66,29,18,19,19,21,-10957,10153,6288,-2403,707,-1975,-135,9,-3,-15
2025-11-27T16:49:43.938127,106,202,67,30,18,21,19,21,-10957,10152,6288,-2402,712,-1969,-134,7,-3,-9
2025-11-27T16:49:43.960610,104,206,78,31,19,21,18,21,-10957,10152,6288,-2402,701,-1968,-116,3,-3,-7
2025-11-27T16:49:43.983289,130,195,74,32,20,21,17,22,-10957,10152,6288,-2402,713,-1967,-139,-2,-3,-1
2025-11-27T16:49:43.998084,110,182,83,41,22,17,16,21,-10957,10152,6289,-2402,704,-1968,-147,3,1,3
2025-11-27T16:49:44.020126,111,196,67,36,22,18,16,21,-10957,10152,6289,-2401,708,-1974,-146,3,2,6
2025-11-27T16:49:44.044065,104,175,67,37,21,18,15,21,-10956,10152,6289,-2401,697,-1972,-144,-1,6,9
2025-11-27T16:49:44.058261,104,169,54,37,19,17,15,21,-10956,10153,6289,-2401,704,-1973,-146,-6,7,12
2025-11-27T16:49:44.080683,92,183,58,40,19,18,16,21,-10956,10153,6290,-2401,708,-1975,-146,-11,7,14
2025-11-27T16:49:44.103243,102,192,50,36,17,18,18,21,-10956,10152,6290,-2401,706,-1980,-124,-13,7,11
2025-11-27T16:49:44.126517,97,178,72,42,19,18,20,20,-10956,10153,6290,-2401,703,-1986,-138,-7,9,13
2025-11-27T16:49:44.140524,98,173,76,44,20,17,21,19,-10956,10153,6290,-2401,702,-1991,-132,-2,8,10
2025-11-27T16:49:44.163395,111,185,76,44,20,18,23,19,-10956,10153,6290,-2401,699,-1982,-135,1,7,11
2025-11-27T16:49:44.177973,111,193,77,46,20,18,22,17,-10956,10153,6290,-2401,692,-1976,-137,-6,5,10
2025-11-27T16:49:44.200760,101,157,88,42,20,18,23,17,-10956,10153,6290,-2401,693,-1982,-154,-10,3,9
2025-11-27T16:49:44.223244,102,168,80,39,19,19,21,18,-10955,10153,6290,-2401,697,-1984,-143,-11,2,7
2025-11-27T16:49:44.246576,136,165,88,43,18,19,22,20,-10955,10153,6290,-2400,702,-1973,-149,-4,3,5
2025-11-27T16:49:44.260717,129,186,91,43,21,18,20,21,-10955,10153,6290,-2400,702,-1980,-138,10,2,7
2025-11-27T16:49:44.283287,113,168,103,45,22,18,22,20,-10955,10153,6290,-2400,708,-1968,-133,11,2,10
2025-11-27T16:49:44.306517,112,163,90,47,21,17,21,21,-10955,10153,6291,-2400,703,-1964,-132,-1,4,9
2025-11-27T16:49:44.320814,121,158,81,47,22,16,20,21,-10955,10153,6291,-2400,704,-1981,-131,-8,7,11
2025-11-27T16:49:44.343282,97,163,71,43,23,16,21,20,-10955,10153,6291,-2400,695,-1990,-139,-6,5,10
2025-11-27T16:49:44.365940,98,161,92,46,20,16,21,19,-10955,10153,6291,-2400,696,-2000,-140,2,6,8
2025-11-27T16:49:44.380934,95,158,92,41,19,18,19,21,-10955,10153,6291,-2400,703,-1984,-144,8,5,5
2025-11-27T16:49:44.403720,129,160,93,38,19,18,19,22,-10955,10153,6291,-2400,706,-1985,-124,0,5,4
2025-11-27T16:49:44.426477,121,158,93,35,19,18,19,22,-10955,10153,6291,-2400,694,-1978,-140,-5,5,5
2025-11-27T16:49:44.440756,109,168,93,38,18,19,17,22,-10955,10153,6291,-2400,699,-1973,-132,-5,5,6
2025-11-27T16:49:44.463171,106,175,85,39,21,20,17,22,-10955,10153,6291,-2400,702,-1975,-136,-6,7,9
2025-11-27T16:49:44.486535,132,182,71,35,21,21,17,21,-10955,10153,6291,-2400,703,-1980,-132,-5,7,9
2025-11-27T16:49:44.500751,99,212,79,38,22,22,15,21,-10955,10153,6291,-2400,703,-1980,-138,-2,8,9
2025-11-27T16:49:44.523256,99,211,81,41,23,21,14,23,-10955,10154,6291,-2399,700,-1986,-149,1,6,10
2025-11-27T16:49:44.546430,98,208,84,36,21,21,15,22,-10955,10154,6291,-2400,685,-1990,-131,-5,7,9
2025-11-27T16:49:44.560761,109,188,89,39,21,20,16,24,-10953,10156,6290,-2399,698,-1987,-133,-17,5,8
2025-11-27T16:49:44.583226,101,194,94,43,20,18,15,23,-10953,10156,6289,-2399,691,-1993,-133,-10,3,5
2025-11-27T16:49:44.606512,112,163,87,47,20,17,18,22,-10953,10156,6289,-2400,692,-1991,-129,0,0,6
2025-11-27T16:49:44.620728,110,164,89,45,19,17,18,21,-10953,10156,6289,-2400,692,-1984,-129,9,-2,5
2025-11-27T16:49:44.643594,113,170,100,49,20,18,19,23,-10956,10153,6289,-2401,706,-1988,-125,19,-3,1
2025-11-27T16:49:44.666508,126,185,85,45,18,17,18,21,-10956,10153,6289,-2401,694,-1981,-133,12,-2,3
2025-11-27T16:49:44.681114,111,195,89,46,20,19,19,23,-10955,10154,6289,-2401,692,-1977,-137,2,0,4
