timestamp,EMG_0,EMG_1,EMG_2,EMG_3,EMG_4,EMG_5,EMG_6,EMG_7,quat_0,quat_1,quat_2,quat_3,acc_0,acc_1,acc_2,gyro_0,gyro_1,gyro_2
2025-11-27T16:53:02.925483,93,201,44,19,21,19,17,21,-10740,9696,7038,-3089,733,-1953,-143,-5,-11,-15
2025-11-27T16:53:02.945527,93,186,39,18,21,19,20,19,-10740,9696,7039,-3089,729,-1959,-148,-16,-11,-8
2025-11-27T16:53:02.960632,86,184,38,17,21,18,20,19,-10737,9697,7043,-3086,733,-1955,-154,-22,-10,-6
2025-11-27T16:53:02.982477,84,203,44,19,20,18,17,17,-10735,9697,7046,-3083,735,-1962,-149,-17,-9,-6
2025-11-27T16:53:03.005005,85,206,41,20,20,18,18,17,-10733,9698,7049,-3081,728,-1973,-154,-20,-8,-8
2025-11-27T16:53:03.020507,84,222,40,19,20,18,18,17,-10730,9700,7052,-3078,731,-1967,-156,-24,-8,-6
2025-11-27T16:53:03.041204,43,173,37,19,20,18,21,21,-10728,9701,7055,-3075,736,-1969,-136,-27,-5,-7
2025-11-27T16:53:03.062850,43,178,38,18,21,19,23,28,-10726,9703,7057,-3072,726,-1971,-140,-35,-4,-9
2025-11-27T16:53:03.085537,42,156,30,16,20,19,23,36,-10723,9706,7061,-3067,744,-1975,-146,-40,-4,-10
2025-11-27T16:53:03.101342,42,144,28,15,20,18,23,36,-10720,9707,7064,-3062,740,-1979,-149,-34,-5,-13
2025-11-27T16:53:03.125667,39,113,25,15,19,18,24,38,-10718,9709,7067,-3058,732,-1980,-151,-31,-3,-18
2025-11-27T16:53:03.140138,38,97,25,17,19,17,21,36,-10716,9710,7072,-3053,731,-1969,-152,-30,-5,-24
2025-11-27T16:53:03.163048,34,82,23,20,18,16,19,34,-10714,9710,7077,-3047,744,-1976,-150,-34,-3,-29
2025-11-27T16:53:03.185345,33,79,26,22,18,16,24,37,-10709,9713,7084,-3035,763,-1976,-183,-52,4,-38
2025-11-27T16:53:03.200359,27,69,26,21,17,17,42,51,-10697,9723,7096,-3019,819,-1974,-203,-108,-6,-17
2025-11-27T16:53:03.222586,30,65,26,21,20,17,46,56,-10660,9754,7115,-3005,862,-1927,-182,-291,-91,73
2025-11-27T16:53:03.245260,29,64,25,26,25,27,50,58,-10566,9832,7150,-2998,971,-2021,-178,-673,-270,263
2025-11-27T16:53:03.260544,26,52,24,91,34,38,59,57,-10437,9928,7189,-3044,1209,-2312,-262,-724,-542,598
2025-11-27T16:53:03.291055,25,38,21,103,38,42,61,53,-10323,9986,7216,-3174,1367,-2486,-392,-281,-786,905
2025-11-27T16:53:03.305729,23,32,22,105,39,45,57,46,-10238,10002,7218,-3386,1286,-2389,-396,201,-957,1153
2025-11-27T16:53:03.319546,21,27,21,106,38,46,55,41,-10134,10035,7173,-3684,1049,-2431,-431,358,-1093,1593
2025-11-27T16:53:03.342393,20,26,21,105,37,42,55,43,-9977,10111,7084,-4059,783,-2521,-376,236,-1267,2014
2025-11-27T16:53:03.365422,20,25,27,74,210,224,106,52,-9775,10225,6960,-4460,545,-2480,-253,41,-1302,2367
2025-11-27T16:53:03.380026,19,24,27,62,236,247,117,51,-9532,10371,6809,-4864,238,-2316,-106,-181,-1266,2592
2025-11-27T16:53:03.401952,20,24,26,69,268,258,116,45,-9266,10542,6634,-5238,42,-2177,-160,-362,-1089,2667
2025-11-27T16:53:03.425337,19,25,29,72,327,292,122,44,-8954,10750,6454,-5571,-195,-2188,-146,-737,-963,2714
2025-11-27T16:53:03.440379,25,26,47,130,397,336,143,52,-8627,10967,6256,-5881,-375,-2205,-183,-835,-834,2748
2025-11-27T16:53:03.462894,29,33,137,153,358,293,128,50,-8306,11167,6046,-6179,-503,-2232,-335,-752,-773,2715
2025-11-27T16:53:03.485387,39,40,150,171,354,285,123,52,-8038,11313,5821,-6477,-591,-2019,-214,-378,-741,2550
2025-11-27T16:53:03.499944,39,46,158,180,342,288,125,52,-7820,11429,5565,-6760,-671,-1918,-162,-61,-557,2458
2025-11-27T16:53:03.522891,41,54,166,188,292,259,120,51,-7655,11521,5269,-7024,-780,-1690,-119,260,-326,2386
2025-11-27T16:53:03.545807,38,59,175,201,188,200,94,38,-7548,11586,4954,-7259,-906,-1524,-104,565,-120,2189
2025-11-27T16:53:03.560451,36,69,161,244,161,143,65,30,-7502,11625,4647,-7444,-921,-1429,-107,773,93,1828
2025-11-27T16:53:03.582676,27,69,173,285,143,130,59,28,-7539,11631,4345,-7580,-919,-1411,-75,1033,364,1333
2025-11-27T16:53:03.605646,28,72,206,347,137,96,51,39,-7663,11609,4067,-7642,-888,-1470,-118,1312,632,821
2025-11-27T16:53:03.620364,26,75,214,369,132,84,49,45,-7893,11541,3823,-7637,-921,-1372,-90,1713,806,229
2025-11-27T16:53:03.642743,26,82,221,379,137,78,47,51,-8195,11421,3630,-7594,-1015,-1214,-122,1969,779,-357
2025-11-27T16:53:03.673711,91,104,200,358,125,68,53,60,-8532,11273,3521,-7494,-1068,-1152,-201,1901,722,-978
2025-11-27T16:53:03.680888,94,119,211,367,134,46,58,86,-8743,11206,3549,-7336,-838,-1738,-342,889,547,-1253
2025-11-27T16:53:03.702767,98,137,203,421,128,51,67,95,-8877,11178,3612,-7187,-384,-2121,-178,318,449,-833
2025-11-27T16:53:03.725309,99,137,200,409,155,91,75,97,-9028,11116,3591,-7105,-563,-2226,-244,823,363,-480
2025-11-27T16:53:03.747898,102,133,191,439,210,153,101,103,-9169,11025,3564,-7079,-774,-1793,-301,1003,77,-503
2025-11-27T16:53:03.770312,65,112,234,490,224,159,105,114,-9248,10963,3612,-7047,-662,-1174,-366,527,-152,-680
2025-11-27T16:53:03.785312,67,101,216,473,216,161,124,143,-9212,10961,3801,-6999,-488,-1695,-417,-425,-534,-739
2025-11-27T16:53:03.807480,111,158,215,440,212,161,124,188,-9177,10923,4027,-6977,-410,-2284,-326,-427,-821,-727
2025-11-27T16:53:03.822733,114,160,224,529,201,143,125,204,-9232,10802,4181,-7003,-442,-2532,-188,351,-820,-640
2025-11-27T16:53:03.849415,118,169,223,499,259,176,132,202,-9364,10620,4221,-7082,-473,-2185,-93,1161,-688,-404
2025-11-27T16:53:03.860305,114,169,174,440,350,254,157,203,-9472,10472,4218,-7161,-356,-1660,60,997,-483,-165
2025-11-27T16:53:03.882372,121,170,164,424,365,266,161,228,-9515,10414,4237,-7176,-354,-1767,210,265,-177,-143
2025-11-27T16:53:03.905582,85,98,167,378,363,266,163,269,-9497,10437,4239,-7166,-382,-2051,448,-338,114,123
2025-11-27T16:53:03.927727,80,89,151,361,363,267,161,262,-9500,10474,4195,-7134,-399,-2211,454,-227,403,207
2025-11-27T16:53:03.942762,72,68,149,353,299,219,142,270,-9500,10511,4154,-7104,-611,-2361,272,-143,354,117
2025-11-27T16:53:03.973063,69,60,149,379,170,112,111,280,-9503,10514,4078,-7138,-771,-2080,334,113,161,283
2025-11-27T16:53:03.987325,54,48,154,381,139,85,75,242,-9479,10524,4065,-7164,-496,-2126,238,-117,-39,261
2025-11-27T16:53:04.002334,49,42,114,362,146,95,77,155,-9454,10523,4071,-7195,-578,-2245,321,-163,-132,176
2025-11-27T16:53:04.024475,49,51,111,258,158,131,100,160,-9457,10486,4067,-7246,-437,-2194,324,105,-226,228
2025-11-27T16:53:04.047936,51,57,107,247,156,137,126,164,-9479,10434,4056,-7298,-454,-2013,272,277,-218,152
2025-11-27T16:53:04.062691,50,57,96,203,163,148,126,134,-9510,10377,4055,-7341,-507,-1881,207,326,-242,11
2025-11-27T16:53:04.085320,43,62,122,202,171,145,126,128,-9542,10312,4077,-7378,-421,-1964,203,304,-309,-52
2025-11-27T16:53:04.108645,38,61,124,320,180,145,121,125,-9589,10236,4094,-7413,-468,-1913,182,418,-304,-132
2025-11-27T16:53:04.122844,44,52,113,316,162,119,115,119,-9611,10184,4116,-7444,-504,-1827,108,282,-292,-99
2025-11-27T16:53:04.145141,42,44,110,327,148,105,100,100,-9619,10144,4152,-7468,-489,-1951,118,148,-303,-91
2025-11-27T16:53:04.175875,45,68,152,373,234,143,102,101,-9639,10098,4171,-7495,-468,-2003,151,255,-253,-48
2025-11-27T16:53:04.182478,51,83,173,441,262,166,114,108,-9678,10044,4161,-7521,-445,-1816,169,402,-144,-30
2025-11-27T16:53:04.205129,63,89,182,382,283,191,118,99,-9706,10015,4152,-7529,-509,-1668,145,262,-45,-87
2025-11-27T16:53:04.227730,62,96,191,391,285,200,129,103,-9717,10015,4159,-7511,-513,-1697,164,23,41,-135
2025-11-27T16:53:04.242504,62,98,193,381,301,204,120,95,-9719,10039,4164,-7474,-555,-1794,136,-92,158,-151
2025-11-27T16:53:04.265171,60,87,176,360,263,213,119,91,-9713,10072,4167,-7436,-614,-1823,200,-180,185,-145
2025-11-27T16:53:04.287809,63,101,150,319,329,268,134,87,-9707,10117,4178,-7376,-504,-1732,217,-299,276,-179
2025-11-27T16:53:04.302330,74,151,167,321,439,333,161,98,-9694,10192,4195,-7280,-529,-1765,195,-485,441,-280
2025-11-27T16:53:04.329455,134,212,245,321,497,389,165,90,-9671,10292,4204,-7164,-464,-1758,210,-635,598,-222
2025-11-27T16:53:04.348408,151,255,294,320,498,391,166,90,-9614,10446,4216,-7008,-464,-1828,14,-914,791,-201
2025-11-27T16:53:04.362994,153,261,291,311,524,391,170,111,-9484,10657,4235,-6854,-643,-1802,-323,-1239,754,-59
2025-11-27T16:53:04.389428,153,255,285,259,496,377,163,139,-9289,10870,4295,-6749,-769,-2426,-572,-1408,331,132
2025-11-27T16:53:04.407556,144,227,267,237,400,315,136,158,-9126,10995,4325,-6748,-651,-2618,-300,-969,-71,469
2025-11-27T16:53:04.422528,90,171,191,191,354,274,115,154,-9085,11016,4324,-6772,-405,-2276,-222,-122,-122,317
2025-11-27T16:53:04.445300,60,99,99,184,361,274,110,156,-9068,10998,4300,-6838,-845,-1971,-182,201,-250,152
2025-11-27T16:53:04.476067,55,80,83,139,299,242,98,143,-9005,10989,4305,-6932,-949,-1765,-117,-55,-483,178
2025-11-27T16:53:04.482743,44,78,69,132,264,194,76,117,-8879,11002,4370,-7031,-938,-1820,-105,-511,-719,172
2025-11-27T16:53:04.505368,40,118,88,120,269,209,73,79,-8731,11011,4490,-7127,-867,-1983,-32,-767,-904,75
2025-11-27T16:53:04.527811,37,116,134,209,264,155,61,71,-8605,10987,4637,-7223,-779,-2194,-22,-675,-1026,-55
2025-11-27T16:53:04.542770,34,130,217,242,293,156,63,62,-8531,10919,4779,-7320,-601,-2159,42,-370,-1043,-145
2025-11-27T16:53:04.565308,33,132,220,248,326,173,62,66,-8487,10837,4906,-7409,-573,-1994,19,-166,-958,-223
2025-11-27T16:53:04.587875,33,127,225,262,351,205,73,59,-8465,10745,5016,-7494,-539,-1875,31,-18,-890,-252
2025-11-27T16:53:04.602870,29,91,246,295,344,186,71,54,-8438,10668,5135,-7554,-470,-1783,7,-126,-795,-302
2025-11-27T16:53:04.625238,51,103,243,297,316,182,78,99,-8395,10614,5281,-7578,-461,-1886,-44,-360,-714,-410
2025-11-27T16:53:04.647912,58,91,179,273,278,174,76,116,-8353,10573,5426,-7579,-388,-2129,-48,-449,-595,-395
2025-11-27T16:53:04.662985,63,100,180,289,240,159,79,122,-8354,10505,5534,-7593,-414,-2205,-11,-110,-526,-396
2025-11-27T16:53:04.685280,88,99,178,289,175,100,65,123,-8382,10431,5610,-7609,-340,-2186,-30,105,-405,-328
2025-11-27T16:53:04.707976,113,142,183,312,133,74,60,124,-8414,10361,5658,-7634,-324,-2024,-50,219,-347,-228
2025-11-27T16:53:04.722373,117,148,164,301,130,67,48,113,-8413,10329,5711,-7638,-323,-2134,-38,-65,-252,-141
2025-11-27T16:53:04.753693,137,152,179,361,98,59,56,135,-8360,10334,5751,-7660,-399,-2284,-22,-308,-277,151
2025-11-27T16:53:04.767598,143,144,237,417,139,105,70,132,-8305,10350,5747,-7701,-411,-2357,9,-210,-188,395
2025-11-27T16:53:04.786982,130,147,246,457,257,194,98,129,-8241,10373,5720,-7759,-509,-2255,-66,-128,-192,510
2025-11-27T16:53:04.804907,154,112,276,489,315,230,109,130,-8198,10380,5700,-7810,-447,-1857,-59,-33,-186,365
2025-11-27T16:53:04.827967,153,97,282,497,378,271,120,114,-8136,10398,5725,-7832,-505,-1939,-114,-291,-225,179
2025-11-27T16:53:04.858546,145,94,299,498,395,280,118,87,-8068,10408,5764,-7860,-478,-2089,-75,-341,-309,193
2025-11-27T16:53:04.865202,142,91,269,513,387,268,110,83,-8033,10393,5773,-7909,-557,-2175,-63,-43,-302,187
2025-11-27T16:53:04.887807,147,87,272,491,329,216,89,86,-8021,10360,5763,-7972,-591,-1972,-95,194,-308,158
2025-11-27T16:53:04.910977,123,101,312,538,284,178,74,87,-8013,10318,5757,-8039,-641,-1856,-52,223,-343,84
2025-11-27T16:53:04.925574,143,92,345,531,220,105,55,86,-8015,10287,5771,-8065,-445,-1909,-15,74,-207,9
2025-11-27T16:53:04.956099,136,95,329,499,188,80,51,79,-8020,10266,5778,-8084,-426,-1790,29,42,-123,13
2025-11-27T16:53:04.970662,139,107,444,546,176,72,49,83,-7999,10262,5789,-8101,-651,-2004,-89,-49,-144,18
2025-11-27T16:53:04.985303,160,112,454,533,161,59,46,93,-7983,10256,5793,-8121,-500,-2056,-50,-24,-125,120
2025-11-27T16:53:05.007848,223,117,423,430,142,52,45,115,-7993,10238,5772,-8149,-475,-2099,-36,183,-68,157
2025-11-27T16:53:05.030427,246,122,463,454,106,46,46,118,-8009,10222,5732,-8181,-611,-2048,34,229,-4,146
2025-11-27T16:53:05.045343,269,125,467,453,114,38,41,110,-8013,10208,5689,-8225,-583,-2026,80,194,-50,241
2025-11-27T16:53:05.067827,284,142,362,313,127,31,37,112,-8020,10195,5648,-8263,-559,-2056,64,205,-31,236
2025-11-27T16:53:05.090242,285,157,345,308,150,43,37,120,-8039,10176,5608,-8294,-577,-2011,132,210,5,154
2025-11-27T16:53:05.105307,232,144,310,301,152,47,46,121,-8102,10129,5555,-8328,-495,-2154,295,415,63,97
2025-11-27T16:53:05.128382,194,163,197,262,142,47,52,151,-8218,10061,5463,-8358,-441,-2113,367,741,228,49
2025-11-27T16:53:05.158471,157,169,200,256,130,48,56,154,-8332,10013,5359,-8368,-589,-2013,309,721,369,-12
2025-11-27T16:53:05.167579,121,153,181,240,116,50,61,156,-8452,9970,5250,-8368,-572,-1985,444,671,462,-32
2025-11-27T16:53:05.185143,84,142,189,254,96,46,70,188,-8569,9947,5137,-8348,-597,-1945,329,650,569,-55
2025-11-27T16:53:05.207582,74,153,210,251,114,43,86,195,-8691,9923,5026,-8318,-697,-1993,363,639,599,-147
2025-11-27T16:53:05.222728,77,177,372,255,112,46,84,202,-8860,9876,4906,-8267,-495,-2021,464,826,735,-244
2025-11-27T16:53:05.247880,94,180,378,257,123,67,99,229,-9027,9841,4779,-8201,-661,-2149,321,877,796,-318
2025-11-27T16:53:05.270506,107,211,384,253,135,73,116,264,-9252,9758,4594,-8156,-805,-2208,458,1376,871,-367
2025-11-27T16:53:05.289304,113,218,378,231,139,74,117,250,-9497,9672,4382,-8092,-572,-1907,461,1505,1044,-326
2025-11-27T16:53:05.308232,111,210,366,225,131,77,105,248,-9696,9641,4186,-7997,-703,-1984,452,1116,1160,-325
2025-11-27T16:53:05.330341,101,174,193,236,253,157,121,225,-9832,9650,4016,-7906,-930,-2050,380,759,1047,-277
2025-11-27T16:53:05.345357,84,159,149,254,287,197,120,195,-9889,9700,3916,-7825,-1104,-2046,309,225,750,-290
2025-11-27T16:53:05.367808,69,169,141,253,367,284,136,140,-9960,9720,3812,-7761,-886,-2104,398,372,681,-172
2025-11-27T16:53:05.390532,55,155,129,299,401,320,144,110,-10054,9734,3671,-7690,-669,-1969,402,547,868,-45
2025-11-27T16:53:05.405391,50,154,122,312,408,333,150,69,-10147,9760,3520,-7606,-887,-1919,82,672,900,-152
2025-11-27T16:53:05.436075,51,164,131,357,390,317,143,65,-10260,9754,3392,-7518,-922,-1986,109,789,769,-347
2025-11-27T16:53:05.450513,53,164,150,394,394,309,143,61,-10360,9733,3310,-7444,-831,-2022,-2,769,495,-377
2025-11-27T16:53:05.465323,53,113,144,429,408,297,139,65,-10478,9674,3203,-7403,-562,-1946,221,955,468,-142
2025-11-27T16:53:05.495909,61,145,156,409,398,281,135,71,-10558,9647,3098,-7370,-664,-1635,143,730,436,-83
2025-11-27T16:53:05.510711,60,156,153,389,409,297,142,73,-10620,9641,3033,-7314,-585,-1572,180,442,422,-206
2025-11-27T16:53:05.525238,59,143,135,327,405,300,144,72,-10660,9660,3044,-7226,-409,-1698,75,123,297,-385
2025-11-27T16:53:05.548447,63,153,112,286,416,285,138,73,-10707,9666,3094,-7127,-124,-1696,56,92,198,-455
2025-11-27T16:53:05.570358,73,167,126,237,347,218,113,67,-10765,9659,3154,-7022,159,-1751,58,153,196,-404
2025-11-27T16:53:05.585491,69,147,129,288,351,197,104,59,-10796,9670,3202,-6937,105,-1711,149,-9,197,-253
2025-11-27T16:53:05.607849,69,139,166,310,350,168,92,57,-10800,9707,3232,-6865,85,-1771,219,-174,260,-60
2025-11-27T16:53:05.638529,70,139,171,344,336,164,89,56,-10789,9766,3243,-6792,245,-1590,202,-281,382,110
2025-11-27T16:53:05.645574,63,130,176,370,311,165,85,50,-10742,9872,3253,-6708,322,-1438,84,-553,483,232
2025-11-27T16:53:05.667796,54,111,160,376,306,165,86,47,-10620,10055,3294,-6612,265,-1455,4,-1150,486,319
2025-11-27T16:53:05.690116,48,113,155,331,279,151,81,51,-10411,10289,3340,-6560,150,-1729,-117,-1687,305,467
2025-11-27T16:53:05.705371,90,131,126,345,253,128,67,50,-10160,10527,3391,-6549,-16,-2072,-305,-1790,94,680
2025-11-27T16:53:05.727803,110,134,154,345,239,84,54,55,-9925,10707,3441,-6591,-244,-2258,-120,-1401,-215,912
2025-11-27T16:53:05.749976,114,143,195,370,232,62,50,55,-9729,10821,3459,-6688,-406,-2195,-161,-898,-424,973
2025-11-27T16:53:05.773516,139,221,245,389,232,66,38,57,-9552,10887,3484,-6821,-692,-2026,-185,-646,-673,808
2025-11-27T16:53:05.787991,154,244,288,450,235,111,57,57,-9394,10904,3551,-6978,-915,-2015,-38,-571,-964,528
2025-11-27T16:53:05.810285,242,261,295,467,293,183,88,66,-9246,10888,3652,-7145,-970,-2102,55,-544,-1165,366
2025-11-27T16:53:05.840937,267,272,285,459,298,206,97,67,-9113,10857,3760,-7306,-917,-1981,126,-510,-1169,283
2025-11-27T16:53:05.847673,278,279,266,454,324,236,105,72,-8982,10827,3873,-7452,-1037,-1763,149,-545,-1118,116
2025-11-27T16:53:05.870355,271,218,244,461,347,254,111,70,-8845,10799,4019,-7578,-1145,-2009,170,-702,-1144,-51
2025-11-27T16:53:05.893557,265,207,234,415,352,242,106,71,-8720,10762,4166,-7695,-1029,-2006,248,-683,-1103,-68
2025-11-27T16:53:05.904678,175,183,228,427,321,197,84,63,-8636,10703,4290,-7804,-1037,-2064,307,-453,-989,-142
2025-11-27T16:53:05.927359,135,171,238,432,297,173,72,58,-8574,10642,4385,-7902,-980,-2075,323,-309,-840,-91
2025-11-27T16:53:05.950591,111,162,237,448,248,130,62,53,-8514,10586,4451,-8004,-1052,-1841,363,-247,-746,-57
2025-11-27T16:53:05.965571,101,176,224,446,196,90,53,56,-8446,10543,4536,-8086,-1047,-1885,267,-345,-725,-124
2025-11-27T16:53:05.988227,110,158,198,485,162,82,61,111,-8376,10497,4632,-8163,-971,-1905,303,-400,-742,-140
2025-11-27T16:53:06.012705,130,142,219,533,131,72,67,124,-8312,10462,4733,-8215,-816,-1979,319,-479,-619,-134
2025-11-27T16:53:06.027740,115,135,251,561,140,75,68,124,-8255,10434,4836,-8248,-853,-2166,152,-419,-562,-193
2025-11-27T16:53:06.050275,138,167,261,519,136,76,67,125,-8239,10373,4911,-8298,-781,-2157,141,-67,-568,-183
2025-11-27T16:53:06.073357,142,158,306,589,132,65,66,124,-8236,10306,4966,-8351,-628,-1925,123,75,-523,-120
2025-11-27T16:53:06.087850,135,159,356,609,127,60,52,98,-8199,10272,5028,-8391,-692,-1797,70,-160,-474,-86
2025-11-27T16:53:06.118119,160,167,408,608,118,65,45,88,-8124,10258,5126,-8423,-691,-2069,16,-432,-559,-41
2025-11-27T16:53:06.140909,178,169,441,621,118,61,46,93,-8052,10248,5219,-8446,-588,-2261,-3,-434,-500,37
2025-11-27T16:53:06.147552,167,134,453,662,110,55,46,91,-7991,10227,5260,-8505,-626,-2373,18,-161,-493,271
2025-11-27T16:53:06.170328,222,155,443,605,110,53,44,99,-7949,10196,5238,-8594,-738,-2165,115,129,-403,412
2025-11-27T16:53:06.193491,223,149,396,567,109,48,41,77,-7893,10178,5204,-8687,-800,-1912,156,63,-365,464
2025-11-27T16:53:06.207844,234,180,327,492,101,35,37,64,-7810,10175,5203,-8765,-760,-1979,223,-225,-393,456
2025-11-27T16:53:06.230280,272,225,263,405,74,33,32,57,-7722,10175,5222,-8832,-726,-1994,328,-383,-389,408
2025-11-27T16:53:06.253213,283,222,227,322,72,35,33,60,-7650,10164,5249,-8891,-718,-2026,326,-335,-376,310
2025-11-27T16:53:06.267788,246,209,205,355,63,30,30,42,-7602,10136,5279,-8946,-753,-2005,333,-233,-384,167
2025-11-27T16:53:06.290390,250,220,324,496,58,30,32,42,-7577,10087,5311,-9004,-710,-1930,377,-110,-411,62
2025-11-27T16:53:06.314278,234,204,354,488,67,31,31,62,-7554,10036,5362,-9049,-739,-1903,270,-125,-445,-67
2025-11-27T16:53:06.327786,240,296,355,491,73,31,33,121,-7547,9977,5439,-9075,-697,-1973,213,-128,-457,-239
2025-11-27T16:53:06.350050,286,327,362,489,68,27,33,134,-7563,9907,5524,-9087,-673,-2056,162,-45,-427,-377
2025-11-27T16:53:06.372776,290,340,352,434,71,39,41,168,-7587,9837,5606,-9093,-652,-2132,133,3,-395,-393
2025-11-27T16:53:06.387804,287,423,317,296,78,44,44,175,-7615,9773,5673,-9097,-598,-2122,134,43,-326,-339
2025-11-27T16:53:06.410278,276,430,301,339,105,48,49,177,-7627,9730,5713,-9108,-577,-2088,144,35,-242,-138
2025-11-27T16:53:06.432797,247,359,280,342,115,49,71,182,-7644,9697,5707,-9133,-508,-1998,192,170,-122,73
2025-11-27T16:53:06.447804,190,377,281,330,120,61,95,219,-7667,9681,5650,-9166,-445,-1783,294,272,78,276
2025-11-27T16:53:06.470296,174,389,277,328,147,63,115,226,-7683,9704,5571,-9177,-484,-1834,266,191,302,383
2025-11-27T16:53:06.492363,173,293,189,263,179,70,133,256,-7709,9746,5460,-9176,-507,-1881,265,261,508,469
2025-11-27T16:53:06.507752,164,273,179,203,175,72,134,261,-7762,9798,5309,-9166,-576,-1862,236,445,713,479
2025-11-27T16:53:06.530239,116,258,182,190,176,74,126,251,-7820,9866,5146,-9137,-745,-1932,228,439,863,429
2025-11-27T16:53:06.553433,74,191,198,195,182,71,121,222,-7908,9927,4958,-9098,-812,-2054,340,570,1011,384
2025-11-27T16:53:06.567378,71,134,228,271,185,72,101,192,-8027,9990,4736,-9043,-845,-1994,283,789,1201,342
2025-11-27T16:53:06.590325,64,276,265,280,234,195,111,146,-8146,10073,4501,-8964,-1069,-1921,222,761,1361,237
2025-11-27T16:53:06.612349,57,288,265,276,248,220,121,129,-8247,10189,4284,-8846,-1257,-1819,232,474,1506,67
2025-11-27T16:53:06.627606,55,290,262,280,249,225,120,95,-8352,10324,4113,-8672,-1314,-1735,191,242,1649,-79
2025-11-27T16:53:06.650291,47,286,234,321,288,230,113,70,-8436,10480,3980,-8461,-1378,-1815,131,-55,1698,-232
2025-11-27T16:53:06.672606,53,291,201,264,316,253,119,65,-8460,10656,3869,-8267,-1438,-1950,-18,-313,1514,-275
2025-11-27T16:53:06.687892,48,206,144,242,271,182,93,56,-8510,10794,3769,-8082,-1331,-2064,-16,-147,1397,-328
2025-11-27T16:53:06.711021,46,185,109,265,284,162,82,53,-8600,10902,3665,-7886,-1194,-1978,-103,114,1405,-458
2025-11-27T16:53:06.732785,46,180,99,263,300,165,82,50,-8665,11037,3591,-7659,-1294,-1964,-452,-15,1408,-626
2025-11-27T16:53:06.756173,44,174,89,207,279,165,79,49,-8777,11105,3546,-7450,-1220,-1989,-499,320,1136,-863
2025-11-27T16:53:06.770305,39,167,72,196,254,139,70,42,-8980,11096,3537,-7222,-781,-2036,-629,851,992,-1178
2025-11-27T16:53:06.801045,37,105,68,227,287,166,68,37,-9211,11031,3556,-7019,-520,-1941,-435,1006,744,-1258
2025-11-27T16:53:06.816062,40,101,68,232,318,201,79,40,-9459,10937,3587,-6818,-288,-1844,-209,1040,699,-1304
2025-11-27T16:53:06.829770,39,97,72,250,326,205,80,40,-9627,10888,3665,-6617,45,-1622,-372,566,528,-1125
2025-11-27T16:53:06.852350,42,96,73,279,354,235,97,42,-9730,10873,3769,-6429,373,-1550,-267,113,417,-853
2025-11-27T16:53:06.875953,41,116,87,306,376,237,101,42,-9775,10900,3875,-6250,739,-1784,-231,-253,403,-438
2025-11-27T16:53:06.890175,42,105,108,293,351,215,100,45,-9800,10927,3922,-6133,658,-1702,-147,-181,352,-37
2025-11-27T16:53:06.912780,39,105,116,281,302,180,88,40,-9796,10950,3944,-6084,474,-1886,-93,-166,140,263
2025-11-27T16:53:06.936849,39,112,150,301,278,169,85,39,-9791,10946,3929,-6108,524,-1819,2,52,-57,635
2025-11-27T16:53:06.947457,35,126,161,300,242,135,69,36,-9777,10939,3887,-6171,488,-1670,93,92,-120,846
2025-11-27T16:53:06.970382,35,102,174,296,246,154,71,37,-9707,10973,3841,-6249,210,-1484,57,-217,-154,929
2025-11-27T16:53:06.993870,32,98,165,291,261,155,65,34,-9554,11072,3819,-6324,23,-1589,-110,-717,-211,1012
2025-11-27T16:53:07.008558,35,119,168,330,289,147,61,33,-9361,11200,3826,-6382,-34,-1841,-264,-992,-255,997
2025-11-27T16:53:07.032335,51,114,151,325,300,146,62,38,-9161,11325,3840,-6442,-183,-2061,-481,-936,-324,965
2025-11-27T16:53:07.055549,71,105,144,311,297,126,53,39,-8984,11423,3832,-6523,-511,-2070,-601,-650,-376,873
2025-11-27T16:53:07.070190,98,129,137,325,302,95,44,38,-8835,11481,3809,-6638,-846,-1973,-575,-358,-501,758
2025-11-27T16:53:07.093241,116,141,168,454,343,160,62,37,-8695,11517,3801,-6764,-1069,-1894,-435,-344,-598,574
2025-11-27T16:53:07.116019,129,132,169,434,330,163,62,44,-8556,11532,3812,-6907,-1330,-1840,-285,-384,-726,390
2025-11-27T16:53:07.130286,158,158,189,442,356,178,63,48,-8432,11515,3858,-7061,-1569,-1838,-122,-378,-881,107
2025-11-27T16:53:07.152865,159,153,213,443,352,191,69,46,-8341,11456,3938,-7220,-1694,-1897,16,-277,-1031,-194
2025-11-27T16:53:07.176839,153,149,225,435,311,186,69,53,-8277,11365,4050,-7373,-1615,-1818,151,-218,-1120,-414
2025-11-27T16:53:07.189884,175,147,207,307,251,133,65,65,-8239,11258,4180,-7506,-1537,-1839,180,-151,-1107,-590
2025-11-27T16:53:07.212161,180,156,226,293,231,131,66,61,-8194,11166,4316,-7615,-1475,-1865,129,-240,-1021,-609
2025-11-27T16:53:07.236114,159,130,230,332,217,120,68,57,-8134,11089,4445,-7718,-1398,-1906,119,-320,-970,-490
2025-11-27T16:53:07.250584,156,141,208,355,312,183,76,59,-8066,11019,4562,-7819,-1256,-1836,103,-326,-933,-360
2025-11-27T16:53:07.272750,175,123,211,336,321,188,76,58,-8002,10953,4671,-7913,-1149,-1909,29,-278,-888,-290
2025-11-27T16:53:07.295506,181,142,230,390,319,187,68,52,-7940,10892,4775,-7998,-1019,-1862,38,-287,-830,-233
2025-11-27T16:53:07.310223,181,132,255,651,326,189,74,55,-7870,10850,4900,-8048,-873,-2022,34,-486,-718,-249
2025-11-27T16:53:07.332502,187,148,257,629,294,183,74,67,-7810,10806,5022,-8091,-926,-2206,-79,-398,-700,-283
2025-11-27T16:53:07.356012,187,148,341,638,180,99,62,67,-7802,10719,5110,-8158,-860,-2211,-66,43,-724,-285
2025-11-27T16:53:07.369784,167,143,404,678,145,79,58,81,-7805,10627,5185,-8228,-601,-2072,-46,146,-701,-172
2025-11-27T16:53:07.392729,125,123,416,739,142,75,55,78,-7795,10543,5261,-8297,-601,-2100,-81,100,-713,-116
2025-11-27T16:53:07.415954,126,140,418,586,130,65,48,79,-7773,10475,5348,-8348,-357,-2231,-50,-71,-647,-5
2025-11-27T16:53:07.429786,117,174,499,632,123,58,46,73,-7732,10415,5425,-8412,-608,-2341,-93,-79,-690,28
2025-11-27T16:53:07.452762,156,182,562,758,129,60,46,73,-7725,10328,5453,-8507,-392,-2029,30,264,-668,183
2025-11-27T16:53:07.475917,156,184,532,779,129,60,47,55,-7694,10263,5511,-8576,-517,-2074,-131,77,-665,69
2025-11-27T16:53:07.490189,200,268,547,771,118,58,49,58,-7676,10190,5549,-8654,-596,-2244,77,121,-606,97
2025-11-27T16:53:07.513339,241,297,551,780,103,53,46,55,-7686,10115,5541,-8738,-636,-2049,157,340,-451,133
2025-11-27T16:53:07.535560,245,277,495,828,101,50,44,54,-7703,10049,5507,-8819,-759,-1975,172,421,-330,136
2025-11-27T16:53:07.550274,231,276,374,735,70,40,38,52,-7699,10006,5478,-8889,-810,-1909,159,267,-285,162
2025-11-27T16:53:07.572447,229,286,359,719,63,39,37,50,-7685,9965,5471,-8952,-745,-1939,228,120,-322,147
2025-11-27T16:53:07.595598,203,214,322,665,61,36,30,46,-7693,9915,5463,-9006,-674,-2041,255,200,-265,97
2025-11-27T16:53:07.609501,169,188,307,625,60,36,29,46,-7737,9853,5429,-9057,-605,-1933,309,415,-153,64
2025-11-27T16:53:07.632488,199,187,269,502,58,34,28,52,-7796,9800,5391,-9085,-589,-1849,268,441,-17,-27
2025-11-27T16:53:07.656010,195,194,252,483,54,33,28,58,-7859,9761,5350,-9098,-580,-1802,259,411,83,-49
2025-11-27T16:53:07.678517,205,205,236,411,52,29,29,77,-7908,9750,5318,-9086,-547,-1789,205,245,198,-37
2025-11-27T16:53:07.692761,200,218,246,355,48,26,28,79,-7949,9763,5285,-9055,-574,-1825,231,106,325,-28
2025-11-27T16:53:07.716063,180,207,218,308,48,25,30,93,-7995,9793,5244,-9007,-552,-1872,240,74,465,-7
2025-11-27T16:53:07.738107,138,250,224,307,52,27,40,121,-8048,9834,5185,-8949,-565,-1946,279,81,608,28
2025-11-27T16:53:07.752798,123,241,224,231,69,30,39,130,-8103,9883,5104,-8891,-619,-2087,329,115,698,110
2025-11-27T16:53:07.776542,109,247,344,261,87,36,43,126,-8173,9929,4985,-8844,-738,-2066,386,283,790,161
2025-11-27T16:53:07.798425,92,235,350,282,115,35,54,156,-8254,9972,4834,-8803,-843,-2043,496,379,886,197
2025-11-27T16:53:07.812359,74,224,347,269,136,37,60,171,-8322,10027,4673,-8764,-1033,-1996,513,332,919,197
2025-11-27T16:53:07.836110,59,169,336,299,195,41,58,156,-8391,10071,4520,-8729,-1197,-1997,532,339,844,92
2025-11-27T16:53:07.858464,54,161,334,316,198,41,57,151,-8466,10112,4378,-8680,-1217,-2154,417,389,834,18
2025-11-27T16:53:07.872777,33,113,199,294,196,44,56,151,-8555,10139,4224,-8638,-1253,-2045,417,521,825,-19
2025-11-27T16:53:07.896353,34,99,177,275,223,46,47,119,-8649,10173,4060,-8582,-1226,-1982,424,531,928,-14
2025-11-27T16:53:07.918435,40,133,162,305,298,170,72,98,-8720,10242,3916,-8494,-1269,-1990,265,316,1016,-80
2025-11-27T16:53:07.932395,41,129,156,261,350,231,98,102,-8784,10311,3790,-8402,-1389,-1973,222,257,956,-191
2025-11-27T16:53:07.955582,43,129,149,231,359,247,106,98,-8835,10397,3687,-8289,-1202,-1814,69,127,973,-222
2025-11-27T16:53:07.978568,45,125,138,228,379,258,112,93,-8878,10487,3610,-8162,-1144,-1850,24,8,944,-289
2025-11-27T16:53:07.992667,45,128,92,233,388,295,124,96,-8917,10572,3556,-8032,-1140,-2036,-57,-18,851,-334
2025-11-27T16:53:08.015607,40,84,87,221,389,301,124,86,-8953,10648,3520,-7906,-1117,-2061,-211,19,734,-380
2025-11-27T16:53:08.038650,38,74,70,203,408,359,137,74,-9009,10700,3497,-7781,-1101,-1968,-268,154,644,-530
2025-11-27T16:53:08.060926,42,80,72,207,428,370,138,71,-9095,10734,3495,-7634,-878,-1779,-289,234,648,-719
2025-11-27T16:53:08.083444,43,77,67,202,412,366,134,66,-9199,10758,3532,-7457,-639,-1930,-329,214,638,-877
2025-11-27T16:53:08.098917,42,64,57,178,390,346,126,60,-9331,10730,3594,-7301,-541,-2043,-333,447,390,-999
2025-11-27T16:53:08.112813,42,60,55,194,345,303,115,55,-9511,10647,3661,-7157,-391,-2097,-263,785,266,-1103
2025-11-27T16:53:08.136224,50,64,56,261,292,190,75,46,-9717,10518,3717,-7042,-120,-1898,-207,1071,137,-1009
2025-11-27T16:53:08.159059,49,60,50,291,277,150,63,49,-9895,10383,3787,-6955,97,-1615,-141,961,-39,-862
2025-11-27T16:53:08.172296,51,69,50,302,295,143,62,51,-10022,10282,3866,-6881,184,-1583,-59,623,-83,-660
2025-11-27T16:53:08.195933,51,68,47,335,394,231,96,51,-10097,10216,3931,-6831,283,-1694,49,343,-83,-307
2025-11-27T16:53:08.218530,50,71,45,312,407,242,100,48,-10142,10175,3949,-6817,234,-1795,223,229,-8,68
2025-11-27T16:53:08.232859,45,66,45,267,389,243,102,50,-10154,10158,3937,-6830,209,-1748,247,128,17,359
2025-11-27T16:53:08.255929,43,62,62,276,413,291,118,49,-10136,10166,3910,-6860,214,-1758,282,-32,29,580
2025-11-27T16:53:08.278481,40,56,101,284,421,304,124,53,-10093,10202,3867,-6894,182,-1735,292,-174,106,733
2025-11-27T16:53:08.292697,42,59,130,303,353,243,100,54,-10016,10265,3827,-6935,135,-1727,217,-354,80,847
2025-11-27T16:53:08.316004,42,61,152,330,331,230,93,54,-9932,10335,3780,-6978,73,-1690,186,-374,101,879
2025-11-27T16:53:08.338515,38,61,158,345,314,217,88,49,-9837,10421,3730,-7010,-72,-1620,144,-463,154,822
2025-11-27T16:53:08.360706,35,58,166,342,264,151,65,44,-9705,10545,3693,-7029,-218,-1721,171,-795,205,827
2025-11-27T16:53:08.376470,40,76,161,357,259,123,51,38,-9540,10691,3673,-7045,-242,-1741,79,-1011,160,862
2025-11-27T16:53:08.398456,58,86,159,346,233,116,54,36,-9351,10840,3678,-7070,-181,-1794,-72,-1093,3,923
2025-11-27T16:53:08.412328,107,130,156,371,271,135,54,36,-9157,10973,3690,-7110,-166,-1902,-151,-1042,-137,975
2025-11-27T16:53:08.435924,120,148,164,396,293,140,55,42,-8972,11078,3694,-7181,-384,-1990,-161,-876,-278,970
2025-11-27T16:53:08.465731,126,158,159,416,305,158,61,41,-8813,11140,3672,-7294,-771,-2062,-166,-544,-431,916
2025-11-27T16:53:08.472396,124,157,156,489,336,205,75,38,-8697,11150,3641,-7431,-882,-2034,-168,-166,-574,812
2025-11-27T16:53:08.495916,122,170,163,501,336,198,69,37,-8628,11125,3622,-7558,-867,-1847,-213,108,-614,555
2025-11-27T16:53:08.518493,89,145,164,504,315,188,75,39,-8571,11088,3625,-7674,-981,-1723,-208,119,-651,314
2025-11-27T16:53:08.532753,89,146,154,507,297,191,80,39,-8494,11055,3645,-7798,-1261,-1801,-97,-52,-726,226
2025-11-27T16:53:08.555945,91,145,150,484,301,170,73,42,-8412,11022,3681,-7915,-1342,-1797,-79,-132,-753,123
2025-11-27T16:53:08.578357,103,154,145,406,266,117,67,45,-8355,10974,3733,-8017,-1283,-1760,-17,-79,-739,-37
2025-11-27T16:53:08.592369,111,156,153,391,268,121,71,51,-8307,10928,3808,-8094,-1214,-1707,-17,-143,-697,-200
2025-11-27T16:53:08.615857,118,150,156,369,260,116,65,51,-8266,10876,3889,-8166,-1443,-1799,3,-131,-699,-353
2025-11-27T16:53:08.638427,132,135,161,344,282,127,74,55,-8227,10815,3973,-8246,-1481,-1808,78,-127,-749,-381
2025-11-27T16:53:08.660881,128,146,211,398,283,143,89,54,-8190,10756,4082,-8307,-1308,-1752,154,-257,-720,-464
2025-11-27T16:53:08.675172,120,137,227,434,282,144,85,58,-8161,10707,4204,-8338,-1106,-1759,142,-328,-612,-506
2025-11-27T16:53:08.698480,110,134,221,435,272,142,86,56,-8109,10678,4328,-8362,-1108,-1822,168,-502,-562,-429
2025-11-27T16:53:08.721079,103,143,301,515,267,143,88,55,-8053,10652,4450,-8386,-1150,-2007,124,-501,-558,-402
2025-11-27T16:53:08.735265,72,144,307,544,232,118,77,48,-7992,10631,4563,-8410,-1061,-1996,143,-519,-526,-308
2025-11-27T16:53:08.758516,102,146,336,562,192,92,58,49,-7952,10594,4666,-8437,-1004,-2042,114,-355,-524,-314
2025-11-27T16:53:08.780883,112,141,359,638,155,77,57,45,-7918,10556,4764,-8463,-867,-2044,80,-301,-503,-256
2025-11-27T16:53:08.795198,111,127,402,646,142,70,53,41,-7873,10517,4857,-8501,-906,-1950,94,-316,-556,-216
2025-11-27T16:53:08.818476,112,118,451,720,124,56,48,45,-7800,10480,4973,-8546,-993,-2124,11,-427,-702,-209
2025-11-27T16:53:08.841013,143,152,510,750,109,54,47,49,-7728,10434,5079,-8606,-880,-2120,76,-390,-737,-97
2025-11-27T16:53:08.855182,128,187,569,776,105,60,50,49,-7676,10373,5173,-8670,-835,-2165,42,-213,-736,-105
2025-11-27T16:53:08.878421,126,227,689,829,117,74,64,52,-7644,10289,5249,-8752,-824,-2109,128,-33,-772,-95
2025-11-27T16:53:08.901344,134,227,673,869,157,87,67,53,-7623,10195,5305,-8845,-829,-2082,113,131,-773,-60
2025-11-27T16:53:08.915223,133,227,627,801,180,125,75,50,-7612,10094,5348,-8944,-750,-1963,113,245,-775,-29
2025-11-27T16:53:08.939050,96,206,621,846,197,133,78,45,-7610,9989,5385,-9041,-617,-1825,336,197,-704,-6
2025-11-27T16:53:08.961078,99,171,596,886,206,138,82,51,-7630,9895,5426,-9103,-304,-1564,346,168,-509,-59
2025-11-27T16:53:08.975344,185,149,459,796,198,133,71,54,-7609,9857,5521,-9104,-770,-1807,200,-324,-391,-365
2025-11-27T16:53:08.998428,242,185,539,856,181,125,69,58,-7602,9808,5594,-9119,-772,-2128,349,-215,-360,-267
2025-11-27T16:53:09.020900,259,213,532,809,151,85,57,63,-7652,9747,5631,-9120,-590,-1983,289,125,-156,-323
2025-11-27T16:53:09.035217,261,216,489,717,120,69,49,70,-7709,9696,5643,-9119,-707,-1960,244,222,-56,-327
2025-11-27T16:53:09.058385,262,212,419,583,102,49,41,76,-7737,9673,5660,-9108,-684,-2026,231,32,-10,-203
2025-11-27T16:53:09.080766,208,196,384,532,95,44,45,100,-7735,9672,5684,-9097,-628,-2196,226,-144,-14,-31
2025-11-27T16:53:09.095181,260,241,263,380,56,47,40,105,-7723,9680,5674,-9104,-711,-2156,266,-81,30,128
2025-11-27T16:53:09.118271,254,271,232,373,74,49,42,123,-7713,9692,5646,-9118,-689,-2193,261,-9,70,226
2025-11-27T16:53:09.140895,259,290,208,346,78,50,42,130,-7739,9685,5579,-9144,-715,-2205,344,269,151,237
2025-11-27T16:53:09.155240,260,302,201,339,83,50,42,130,-7788,9677,5466,-9179,-685,-2024,431,466,308,329
2025-11-27T16:53:09.178466,261,299,224,343,87,48,37,111,-7845,9686,5325,-9204,-699,-2065,570,460,500,416
2025-11-27T16:53:09.200940,136,248,211,289,97,43,34,112,-7906,9719,5152,-9216,-788,-2014,593,490,713,476
2025-11-27T16:53:09.215191,114,228,203,287,104,34,56,134,-7963,9766,4970,-9216,-985,-1933,571,453,798,408
2025-11-27T16:53:09.238448,94,201,235,280,108,37,60,133,-8026,9812,4813,-9197,-1021,-2139,527,409,793,293
2025-11-27T16:53:09.260500,73,187,231,285,122,49,63,136,-8131,9826,4607,-9195,-1010,-2145,624,783,855,337
2025-11-27T16:53:09.274853,63,190,219,249,137,49,63,146,-8273,9820,4353,-9199,-1148,-2063,610,1153,941,299
2025-11-27T16:53:09.298417,55,185,263,205,169,79,68,147,-8429,9812,4082,-9191,-1206,-1865,575,1261,1029,217
2025-11-27T16:53:09.321607,51,132,263,206,210,114,61,111,-8565,9838,3845,-9138,-1253,-1850,362,1043,1103,66
2025-11-27T16:53:09.335084,51,135,242,199,229,132,67,102,-8676,9877,3645,-9073,-1395,-1692,277,825,1003,-89
2025-11-27T16:53:09.358405,51,116,234,190,231,144,65,91,-8768,9933,3487,-8985,-1391,-1687,262,554,985,-211
2025-11-27T16:53:09.382095,48,100,218,188,246,186,77,73,-8832,10020,3374,-8868,-1268,-1728,221,209,1017,-259
2025-11-27T16:53:09.399327,36,105,115,193,243,183,78,58,-8871,10137,3310,-8719,-1196,-1761,101,-98,1024,-373
2025-11-27T16:53:09.419035,36,101,101,178,216,176,74,56,-8910,10255,3294,-8546,-1151,-1834,-98,-187,931,-579
2025-11-27T16:53:09.440906,38,94,77,172,293,248,100,56,-8995,10334,3286,-8363,-1025,-1891,-145,69,886,-753
2025-11-27T16:53:09.455208,40,102,79,176,306,250,102,58,-9119,10381,3282,-8170,-868,-1819,-155,281,875,-905
2025-11-27T16:53:09.477997,43,109,73,199,298,233,99,53,-9266,10417,3294,-7950,-780,-1829,-155,318,924,-1106
2025-11-27T16:53:09.500991,46,90,60,167,284,232,97,52,-9400,10441,3371,-7727,-685,-1847,-341,218,653,-1295
2025-11-27T16:53:09.523326,46,93,58,163,325,248,98,49,-9531,10420,3505,-7533,-563,-2152,-318,238,261,-1363
2025-11-27T16:53:09.538577,44,86,58,183,293,205,80,43,-9711,10312,3632,-7389,-240,-2285,-209,737,-14,-1259
2025-11-27T16:53:09.560578,43,78,60,184,283,200,84,39,-9925,10132,3717,-7313,-90,-2127,-101,1248,-234,-1036
2025-11-27T16:53:09.583481,41,63,59,164,279,191,81,37,-10117,9936,3771,-7290,-68,-1921,-36,1351,-364,-758
2025-11-27T16:53:09.598279,39,59,60,201,278,185,80,40,-10256,9759,3830,-7304,-59,-1841,10,1131,-520,-517
2025-11-27T16:53:09.620840,38,51,62,223,220,161,76,40,-10363,9589,3885,-7349,-61,-1973,215,976,-614,-298
2025-11-27T16:53:09.643450,35,46,59,226,210,136,64,40,-10455,9418,3917,-7423,-75,-2008,342,992,-632,-104
2025-11-27T16:53:09.657709,35,41,56,249,252,181,66,38,-10541,9240,3926,-7519,-118,-1948,467,1039,-645,22
2025-11-27T16:53:09.681055,37,42,58,248,261,192,66,40,-10621,9055,3935,-7626,-8,-1790,552,1024,-679,96
2025-11-27T16:53:09.703886,37,38,55,261,267,195,66,35,-10692,8874,3948,-7733,121,-1696,619,944,-667,165
2025-11-27T16:53:09.726430,36,42,57,258,276,194,68,34,-10732,8712,3962,-7853,137,-1855,692,800,-696,337
2025-11-27T16:53:09.748406,40,48,58,420,379,197,78,38,-10756,8550,3946,-8004,148,-1883,777,870,-684,595
2025-11-27T16:53:09.763870,43,48,58,457,382,166,90,48,-10770,8392,3893,-8177,155,-1641,754,945,-613,795
2025-11-27T16:53:09.777302,43,45,55,465,384,160,90,47,-10738,8287,3846,-8347,166,-1506,729,597,-538,968
2025-11-27T16:53:09.800443,44,50,94,463,395,162,91,47,-10662,8240,3801,-8510,155,-1487,713,262,-412,1132
2025-11-27T16:53:09.822948,45,54,129,467,398,165,92,46,-10558,8236,3741,-8668,57,-1562,795,45,-261,1272
2025-11-27T16:53:09.837026,40,50,134,324,268,142,79,41,-10423,8280,3668,-8821,-124,-1528,703,-143,-134,1370
2025-11-27T16:53:09.860841,36,52,133,283,232,123,53,27,-10290,8334,3573,-8963,-255,-1507,743,-143,-8,1351
2025-11-27T16:53:09.883419,34,54,143,333,226,113,47,26,-10166,8397,3481,-9081,-228,-1323,687,-200,94,1243
2025-11-27T16:53:09.897714,33,60,177,407,202,110,46,25,-10047,8478,3412,-9164,-301,-1153,625,-369,163,1015
2025-11-27T16:53:09.920909,38,64,175,417,193,96,39,28,-9900,8613,3402,-9203,-328,-1270,539,-821,206,859
2025-11-27T16:53:09.943473,45,69,208,450,212,88,41,30,-9740,8773,3415,-9217,-311,-1404,432,-983,260,821
2025-11-27T16:53:09.957669,76,105,220,500,220,93,41,34,-9585,8942,3419,-9215,-370,-1504,360,-953,350,796
2025-11-27T16:53:09.980908,109,132,258,492,248,107,58,47,-9430,9117,3409,-9207,-573,-1467,246,-900,389,729
2025-11-27T16:53:10.003391,113,143,228,462,264,120,59,49,-9283,9281,3402,-9195,-767,-1479,236,-875,345,593
2025-11-27T16:53:10.017698,115,143,215,476,287,136,74,49,-9143,9440,3422,-9166,-768,-1452,162,-929,294,427
2025-11-27T16:53:10.040805,116,160,199,464,324,211,104,50,-9013,9601,3478,-9107,-728,-1506,118,-1037,303,222
2025-11-27T16:53:10.063401,99,145,189,435,362,226,106,48,-8898,9743,3535,-9047,-992,-1572,236,-1004,272,37
2025-11-27T16:53:10.077689,69,124,134,466,357,225,99,35,-8782,9876,3596,-8992,-1331,-1705,250,-1001,195,-97
2025-11-27T16:53:10.100784,72,109,147,442,376,224,101,35,-8682,9989,3681,-8929,-1466,-1815,277,-1001,119,-326
2025-11-27T16:53:10.122868,70,116,154,436,353,217,93,35,-8634,10065,3771,-8852,-1363,-1887,316,-769,134,-526
2025-11-27T16:53:10.136086,66,93,167,508,325,149,62,33,-8596,10130,3860,-8777,-1362,-1901,369,-745,128,-573
2025-11-27T16:53:10.158862,69,88,219,478,294,129,62,32,-8536,10203,3945,-8712,-1485,-1971,301,-795,94,-505
2025-11-27T16:53:10.183259,63,84,220,554,274,116,63,33,-8476,10271,4049,-8643,-1430,-2025,292,-853,49,-557
2025-11-27T16:53:10.197216,73,85,221,602,236,110,63,34,-8433,10324,4160,-8569,-1264,-2090,219,-758,27,-584
2025-11-27T16:53:10.220538,75,69,289,661,251,109,62,34,-8398,10357,4261,-8513,-1148,-2062,257,-648,-35,-505
2025-11-27T16:53:10.243137,77,70,279,632,260,117,58,35,-8352,10381,4349,-8485,-1205,-2085,233,-585,-138,-394
2025-11-27T16:53:10.257677,75,67,241,644,227,111,56,47,-8290,10394,4438,-8484,-1218,-2082,222,-578,-291,-300
2025-11-27T16:53:10.280953,79,76,287,571,213,107,53,52,-8237,10394,4531,-8487,-1050,-2112,167,-487,-347,-260
2025-11-27T16:53:10.303981,88,88,284,542,200,98,48,54,-8190,10388,4628,-8487,-804,-2011,147,-464,-346,-212
2025-11-27T16:53:10.317729,100,109,260,495,172,95,50,61,-8127,10388,4724,-8495,-991,-2018,113,-512,-391,-233
2025-11-27T16:53:10.340913,98,107,329,468,104,72,48,61,-8059,10380,4820,-8515,-962,-2185,113,-500,-460,-152
2025-11-27T16:53:10.363970,97,106,331,469,73,56,44,52,-7990,10367,4914,-8543,-834,-2099,95,-463,-502,-77
2025-11-27T16:53:10.377772,96,97,316,505,76,55,46,48,-7933,10335,4983,-8594,-822,-2102,177,-298,-527,7
2025-11-27T16:53:10.400316,85,117,328,501,80,50,43,45,-7865,10320,5046,-8638,-729,-2178,128,-359,-469,143
2025-11-27T16:53:10.431431,74,109,331,514,98,44,46,39,-7814,10291,5076,-8702,-766,-2019,246,-183,-438,186
2025-11-27T16:53:10.438117,75,116,290,561,94,47,52,42,-7749,10268,5118,-8761,-868,-1999,91,-215,-488,133
2025-11-27T16:53:10.460530,77,119,325,641,114,46,52,41,-7696,10222,5153,-8841,-909,-2022,158,-83,-582,123
2025-11-27T16:53:10.484019,76,123,336,663,119,48,49,40,-7648,10167,5193,-8923,-805,-1998,106,-25,-637,134
2025-11-27T16:53:10.506186,62,96,327,665,115,49,50,40,-7632,10092,5206,-9013,-727,-1722,265,165,-562,99
2025-11-27T16:53:10.520913,114,103,303,615,103,45,45,65,-7620,10030,5252,-9066,-705,-1796,254,-12,-479,-81
2025-11-27T16:53:10.543494,138,148,281,555,99,38,36,70,-7613,9976,5296,-9106,-843,-1933,280,-42,-401,-152
2025-11-27T16:53:10.566509,139,151,238,427,75,36,43,92,-7643,9911,5308,-9144,-801,-1941,326,199,-265,-162
2025-11-27T16:53:10.580549,138,152,185,280,60,35,44,104,-7690,9853,5305,-9170,-772,-1929,381,243,-126,-176
2025-11-27T16:53:10.603490,140,154,172,184,62,33,49,128,-7726,9819,5292,-9183,-793,-1954,400,149,0,-108
2025-11-27T16:53:10.625581,98,150,222,282,53,29,46,120,-7757,9800,5268,-9191,-756,-2012,440,106,86,-14
2025-11-27T16:53:10.639769,57,99,217,280,64,33,51,121,-7782,9810,5237,-9176,-747,-2079,330,46,243,46
2025-11-27T16:53:10.663421,52,98,223,297,77,42,54,108,-7827,9809,5184,-9170,-821,-1980,376,207,276,4
2025-11-27T16:53:10.685963,48,90,218,292,80,49,58,99,-7853,9833,5154,-9139,-709,-1966,222,36,322,15
2025-11-27T16:53:10.700236,39,82,224,395,78,52,56,64,-7877,9860,5128,-9104,-566,-2128,184,29,322,109
2025-11-27T16:53:10.723386,34,63,167,356,84,62,61,58,-7901,9889,5073,-9082,-699,-1992,103,167,347,148
2025-11-27T16:53:10.745888,36,54,166,397,86,75,68,54,-7905,9922,5024,-9069,-758,-1812,16,124,253,163
2025-11-27T16:53:10.759607,37,43,169,395,276,237,124,59,-7894,9956,5015,-9047,-738,-1823,-68,-34,143,64
2025-11-27T16:53:10.783465,37,41,190,397,317,268,143,59,-7857,9993,5040,-9025,-717,-1832,-155,-193,-2,47
2025-11-27T16:53:10.806046,38,40,181,309,341,279,146,59,-7807,10026,5092,-9003,-705,-1788,-299,-246,-130,-12
2025-11-27T16:53:10.820017,33,37,192,319,347,286,149,57,-7766,10017,5157,-9011,-715,-1832,-257,-122,-376,-79
2025-11-27T16:53:10.843495,33,35,190,326,352,291,147,51,-7747,9982,5218,-9031,-669,-1839,-228,49,-436,-122
2025-11-27T16:53:10.865974,91,42,194,333,254,208,106,40,-7728,9942,5280,-9056,-688,-1670,-159,24,-463,-171
2025-11-27T16:53:10.880244,102,46,199,365,227,183,86,36,-7694,9903,5367,-9076,-753,-1662,-73,-163,-518,-263
2025-11-27T16:53:10.903246,114,48,201,388,200,174,84,43,-7639,9869,5483,-9090,-770,-1653,17,-389,-575,-316
2025-11-27T16:53:10.923565,119,74,186,406,193,163,77,47,-7590,9831,5616,-9091,-811,-1724,27,-451,-574,-452
2025-11-27T16:53:10.938104,121,84,190,374,177,149,72,45,-7542,9784,5770,-9085,-803,-1874,93,-536,-622,-541
2025-11-27T16:53:10.961662,93,91,312,408,165,140,70,48,-7511,9711,5931,-9085,-758,-2098,86,-418,-701,-607
2025-11-27T16:53:10.986032,124,116,337,428,135,123,62,50,-7543,9604,6054,-9091,-415,-2182,223,-65,-574,-551
2025-11-27T16:53:11.000198,131,124,381,531,130,115,56,47,-7575,9508,6136,-9111,-516,-2231,267,56,-477,-421
2025-11-27T16:53:11.026985,215,112,399,553,124,109,53,61,-7578,9428,6171,-9168,-590,-2124,431,-137,-126,66
2025-11-27T16:53:11.045163,224,109,406,563,125,108,52,65,-7560,9441,6166,-9173,-569,-2170,471,-253,61,169
2025-11-27T16:53:11.067725,225,102,313,537,93,68,45,82,-7564,9455,6139,-9172,-577,-2310,417,-95,173,184
2025-11-27T16:53:11.086909,208,83,270,501,78,54,46,112,-7602,9461,6072,-9179,-579,-2198,376,207,292,190
2025-11-27T16:53:11.105217,200,76,214,370,65,54,46,121,-7659,9464,5978,-9191,-577,-2124,362,385,374,221
2025-11-27T16:53:11.127819,103,80,177,266,64,57,45,116,-7731,9464,5858,-9208,-564,-2132,430,508,457,277
2025-11-27T16:53:11.146963,82,81,147,227,71,57,55,156,-7809,9469,5711,-9229,-607,-2144,511,583,552,358
2025-11-27T16:53:11.165480,70,82,146,195,71,58,58,152,-7892,9487,5536,-9248,-680,-2159,559,638,683,431
2025-11-27T16:53:11.187714,59,76,157,193,67,54,52,131,-7998,9506,5319,-9264,-721,-2251,654,811,871,498
2025-11-27T16:53:11.207109,48,72,142,169,66,45,48,123,-8117,9535,5042,-9286,-850,-2073,745,994,1072,611
2025-11-27T16:53:11.225178,35,63,126,173,87,39,47,128,-8243,9573,4734,-9297,-1001,-2039,746,1092,1226,619
2025-11-27T16:53:11.247979,29,56,132,151,130,48,37,76,-8368,9639,4417,-9274,-1104,-1925,616,1053,1413,542
2025-11-27T16:53:11.266911,26,59,132,154,158,94,50,67,-8498,9705,4104,-9230,-1313,-1724,581,1037,1453,335
2025-11-27T16:53:11.285186,25,54,124,131,192,127,65,67,-8615,9802,3833,-9135,-1336,-1448,376,779,1533,72
2025-11-27T16:53:11.307845,27,58,124,139,216,185,90,65,-8706,9933,3646,-8983,-1255,-1367,166,339,1510,-228
2025-11-27T16:53:11.327747,28,58,111,181,225,192,93,47,-8763,10086,3547,-8794,-1168,-1657,-3,-58,1382,-393
2025-11-27T16:53:11.345253,25,58,93,201,286,233,105,38,-8802,10228,3491,-8612,-1122,-1898,-105,-160,1162,-408
2025-11-27T16:53:11.367846,28,64,89,200,281,233,109,40,-8851,10338,3446,-8447,-965,-1879,-159,-27,995,-391
2025-11-27T16:53:11.394644,30,65,73,198,278,233,110,39,-8908,10437,3410,-8278,-788,-1872,-248,33,954,-394
2025-11-27T16:53:11.405661,30,68,65,199,268,202,94,37,-8969,10521,3382,-8116,-751,-1929,-298,93,866,-412
2025-11-27T16:53:11.427666,31,75,62,233,275,202,91,37,-9079,10541,3343,-7983,-788,-1947,-287,530,679,-518
2025-11-27T16:53:11.447288,36,81,59,213,214,191,94,41,-9226,10519,3300,-7861,-617,-1781,-168,750,608,-580
2025-11-27T16:53:11.469496,35,79,57,210,212,180,86,37,-9360,10503,3279,-7730,-557,-1622,-129,592,587,-663
2025-11-27T16:53:11.487700,34,75,59,218,212,166,80,38,-9447,10521,3301,-7589,-513,-1769,-45,153,546,-653
2025-11-27T16:53:11.506923,33,67,58,209,214,155,76,39,-9503,10550,3351,-7456,-376,-1855,-43,-60,426,-559
2025-11-27T16:53:11.525155,31,61,57,154,201,161,79,38,-9566,10561,3409,-7333,-185,-1951,-29,1,339,-492
2025-11-27T16:53:11.547669,29,69,64,157,179,131,62,31,-9620,10565,3460,-7232,-91,-1909,-19,35,259,-356
2025-11-27T16:53:11.567362,32,62,60,170,200,144,63,32,-9657,10565,3504,-7161,-102,-1893,-33,37,150,-215
2025-11-27T16:53:11.584944,32,64,74,219,248,189,76,37,-9691,10548,3546,-7120,-80,-1900,-5,113,1,-114
2025-11-27T16:53:11.607716,33,67,123,247,267,206,88,39,-9706,10534,3584,-7100,-13,-1895,-3,64,-74,46
2025-11-27T16:53:11.626844,37,72,184,311,311,220,99,44,-9702,10533,3602,-7098,37,-1745,18,4,-51,239
2025-11-27T16:53:11.645252,37,56,206,328,332,225,105,50,-9661,10568,3611,-7098,-40,-1664,49,-247,10,362
2025-11-27T16:53:11.671931,36,54,208,336,328,217,100,48,-9576,10643,3620,-7097,-195,-1709,46,-549,49,446
2025-11-27T16:53:11.689923,34,51,214,312,293,179,89,43,-9450,10742,3638,-7107,-320,-1832,-3,-772,-14,541
2025-11-27T16:53:11.705205,35,52,216,418,291,177,85,41,-9317,10836,3662,-7129,-389,-1960,-31,-780,-106,566
2025-11-27T16:53:11.727724,31,46,182,371,245,151,74,36,-9198,10905,3682,-7167,-455,-2023,-69,-606,-199,554
2025-11-27T16:53:11.746964,37,69,164,364,228,130,62,27,-9103,10945,3689,-7223,-529,-2060,-28,-408,-262,544
2025-11-27T16:53:11.765205,37,71,173,404,233,132,63,27,-9024,10964,3682,-7296,-625,-1988,2,-246,-304,532
2025-11-27T16:53:11.787353,37,84,169,406,236,135,64,27,-8949,10973,3671,-7381,-719,-1978,12,-175,-352,519
2025-11-27T16:53:11.807040,49,81,135,279,204,112,56,35,-8872,10978,3676,-7463,-716,-1942,-50,-189,-417,461
2025-11-27T16:53:11.825093,61,82,136,323,195,113,56,36,-8804,10972,3689,-7545,-765,-1901,-38,-147,-458,364
2025-11-27T16:53:11.848075,62,77,132,322,213,123,58,40,-8736,10954,3708,-7641,-875,-1910,-8,-123,-552,329
2025-11-27T16:53:11.866995,66,81,138,323,234,137,64,41,-8661,10935,3732,-7740,-962,-1878,-33,-137,-599,291
2025-11-27T16:53:11.885217,81,69,142,392,220,138,67,42,-8598,10905,3767,-7836,-988,-1785,-68,-73,-640,173
2025-11-27T16:53:11.907646,82,95,194,406,246,145,65,35,-8550,10862,3823,-7921,-922,-1690,12,-90,-664,14
2025-11-27T16:53:11.926823,76,97,193,446,245,142,60,38,-8492,10826,3888,-7999,-1109,-1764,46,-194,-651,-75
2025-11-27T16:53:11.952353,71,87,193,510,236,141,62,45,-8424,10792,3946,-8089,-1281,-1843,70,-210,-677,-47
2025-11-27T16:53:11.978877,67,88,195,544,214,133,61,46,-8371,10748,4018,-8167,-1161,-1805,79,-179,-684,-140
2025-11-27T16:53:11.986715,59,94,188,500,257,142,60,48,-8340,10693,4102,-8230,-1082,-1757,124,-148,-657,-279
2025-11-27T16:53:12.005401,62,69,146,556,238,134,61,50,-8296,10646,4191,-8289,-1149,-1812,192,-264,-635,-282
2025-11-27T16:53:12.027674,61,61,138,557,237,133,59,46,-8245,10601,4273,-8355,-1270,-1914,252,-296,-639,-254
2025-11-27T16:53:12.046949,63,67,137,501,277,152,64,41,-8205,10547,4361,-8417,-1192,-1933,213,-230,-658,-292
2025-11-27T16:53:12.065196,70,73,125,437,295,160,62,44,-8183,10479,4452,-8476,-1013,-1917,253,-151,-661,-304
2025-11-27T16:53:12.087692,67,73,153,444,262,149,58,41,-8150,10421,4561,-8521,-900,-1943,242,-292,-648,-302
2025-11-27T16:53:12.107071,70,71,148,362,273,154,59,42,-8134,10361,4648,-8564,-856,-2020,269,-168,-557,-250
2025-11-27T16:53:12.129866,70,72,151,360,275,153,60,44,-8111,10317,4715,-8601,-872,-2024,187,-151,-463,-166
2025-11-27T16:53:12.147234,70,66,151,355,210,122,48,41,-8085,10278,4762,-8646,-942,-1972,180,-88,-429,-101
2025-11-27T16:53:12.166865,68,51,150,345,154,87,39,46,-8058,10244,4812,-8684,-830,-1974,173,-127,-404,-65
2025-11-27T16:53:12.189055,63,41,142,418,131,73,46,51,-8013,10227,4877,-8710,-792,-2021,90,-259,-399,-37
2025-11-27T16:53:12.207676,71,47,150,473,88,55,47,51,-7971,10196,4936,-8751,-838,-2072,111,-178,-461,-28
2025-11-27T16:53:12.234017,78,53,185,500,73,52,48,51,-7930,10160,4997,-8795,-707,-1998,95,-151,-496,19
2025-11-27T16:53:12.249419,77,54,191,518,62,44,48,51,-7890,10127,5045,-8842,-690,-1895,114,-126,-455,55
2025-11-27T16:53:12.267713,82,58,225,587,57,44,50,43,-7843,10109,5084,-8882,-744,-1892,92,-159,-379,90
2025-11-27T16:53:12.286903,93,57,219,560,55,53,44,44,-7786,10095,5130,-8921,-818,-1852,58,-213,-407,60
2025-11-27T16:53:12.309322,93,71,299,546,63,64,49,50,-7738,10069,5190,-8957,-785,-1913,100,-226,-443,-21
2025-11-27T16:53:12.327691,88,67,282,497,68,64,47,48,-7699,10034,5252,-8994,-773,-1903,124,-182,-465,-62
2025-11-27T16:53:12.347108,90,66,298,492,80,74,48,51,-7663,9988,5319,-9037,-836,-1961,132,-153,-525,-120
2025-11-27T16:53:12.370372,83,66,298,441,85,74,48,49,-7639,9931,5383,-9082,-767,-1957,163,-77,-528,-125
2025-11-27T16:53:12.386934,73,64,299,516,82,76,52,45,-7625,9866,5438,-9132,-826,-1947,104,45,-547,-171
2025-11-27T16:53:12.409823,54,44,216,484,78,68,43,37,-7618,9783,5501,-9189,-783,-1934,100,120,-630,-219
2025-11-27T16:53:12.429217,68,42,231,471,82,71,45,38,-7616,9690,5566,-9249,-692,-1918,165,130,-664,-214
2025-11-27T16:53:12.451515,76,45,217,457,70,61,47,38,-7611,9603,5632,-9304,-652,-1909,184,87,-626,-197
2025-11-27T16:53:12.469911,76,42,186,459,62,57,45,37,-7599,9532,5691,-9351,-657,-1892,211,26,-548,-146
2025-11-27T16:53:12.489334,74,41,187,336,59,45,39,34,-7575,9476,5757,-9387,-632,-1975,189,-80,-507,-115
2025-11-27T16:53:12.507604,71,41,182,337,56,40,37,36,-7567,9419,5802,-9423,-600,-1971,261,5,-417,-89
2025-11-27T16:53:12.530213,54,41,157,306,36,33,37,49,-7573,9371,5831,-9448,-518,-1963,313,39,-267,-53
2025-11-27T16:53:12.549344,39,60,135,328,30,28,29,50,-7588,9347,5836,-9457,-511,-1950,394,8,-42,-2
2025-11-27T16:53:12.567664,36,70,126,287,71,29,30,78,-7610,9350,5812,-9451,-536,-1947,498,-26,197,68
2025-11-27T16:53:12.590280,30,71,115,281,73,30,36,91,-7637,9382,5770,-9423,-577,-1939,520,-83,421,96
2025-11-27T16:53:12.609479,28,71,121,270,90,36,38,95,-7676,9430,5729,-9369,-523,-2310,508,-121,573,106
2025-11-27T16:53:12.627656,30,77,124,260,93,40,37,91,-7763,9464,5608,-9336,-600,-2356,606,327,778,220
2025-11-27T16:53:12.650316,25,63,128,216,107,48,37,95,-7873,9493,5422,-9324,-757,-2259,609,672,905,315
2025-11-27T16:53:12.669337,27,48,121,175,96,50,36,80,-7991,9529,5195,-9316,-836,-2089,683,787,1044,382
2025-11-27T16:53:12.695193,30,45,125,134,98,49,30,69,-8096,9584,4956,-9299,-962,-1994,681,716,1138,410
2025-11-27T16:53:12.709936,30,48,121,145,125,54,27,65,-8174,9665,4720,-9270,-1177,-1948,611,569,1176,398
2025-11-27T16:53:12.730104,30,43,123,137,202,116,43,63,-8256,9739,4486,-9236,-1311,-1912,540,624,1146,299
2025-11-27T16:53:12.747697,31,42,116,155,332,235,87,58,-8354,9801,4265,-9188,-1255,-1867,487,683,1133,179
2025-11-27T16:53:12.770663,32,56,117,156,366,260,95,52,-8478,9857,4054,-9108,-1117,-1715,377,757,1220,11
2025-11-27T16:53:12.789398,30,65,96,183,381,276,99,48,-8603,9915,3875,-9006,-1086,-1750,336,651,1199,-138
2025-11-27T16:53:12.807636,31,63,89,179,394,308,116,45,-8683,10009,3736,-8883,-1152,-1781,229,291,1181,-168
2025-11-27T16:53:12.830223,30,62,71,181,389,309,119,40,-8757,10098,3613,-8759,-1210,-1800,121,283,1083,-235
2025-11-27T16:53:12.849478,28,61,69,162,300,243,94,35,-8826,10178,3530,-8631,-1089,-1806,42,200,941,-322
2025-11-27T16:53:12.867698,25,66,77,163,315,238,94,30,-8899,10248,3466,-8498,-992,-1813,32,185,886,-383
2025-11-27T16:53:12.890102,26,77,98,131,314,238,95,31,-8950,10348,3428,-8337,-904,-1990,-102,-32,949,-390
2025-11-27T16:53:12.909358,27,81,110,179,306,229,85,33,-9027,10417,3381,-8186,-941,-1924,-169,214,869,-472
2025-11-27T16:53:12.927654,27,83,104,181,275,208,79,36,-9145,10435,3357,-8040,-923,-2054,-215,490,678,-690
2025-11-27T16:53:12.950177,26,85,104,182,263,199,80,37,-9311,10398,3319,-7912,-635,-1865,-38,792,614,-690
2025-11-27T16:53:12.969319,27,76,96,213,198,187,81,39,-9463,10366,3289,-7785,-536,-1876,-9,707,594,-641
2025-11-27T16:53:12.987663,28,59,83,227,195,176,77,38,-9577,10357,3280,-7661,-427,-1793,21,427,546,-548
2025-11-27T16:53:13.010156,29,52,65,179,160,125,65,34,-9659,10362,3309,-7538,-339,-1786,-78,213,405,-549
2025-11-27T16:53:13.029317,28,46,64,186,173,125,66,33,-9740,10344,3375,-7429,-168,-1814,-138,242,181,-583
2025-11-27T16:53:13.047641,30,43,65,192,205,181,72,40,-9842,10297,3438,-7331,39,-1856,-7,372,133,-527
2025-11-27T16:53:13.077678,30,45,80,189,212,173,63,47,-9948,10241,3467,-7251,138,-1751,101,468,192,-347
2025-11-27T16:53:13.089293,30,47,103,209,195,170,76,49,-10015,10224,3477,-7177,96,-1636,145,222,287,-167
2025-11-27T16:53:13.107583,30,48,121,243,221,214,88,51,-10023,10258,3486,-7115,68,-1624,132,-143,307,66
2025-11-27T16:53:13.130192,31,49,132,248,214,215,87,50,-9966,10341,3513,-7060,89,-1653,49,-542,247,257
2025-11-27T16:53:13.149696,32,53,155,277,177,169,80,43,-9867,10445,3552,-7026,91,-1728,27,-767,130,426
2025-11-27T16:53:13.167631,57,51,153,291,184,178,82,36,-9741,10558,3590,-7014,-37,-1857,-41,-838,26,542
2025-11-27T16:53:13.190396,77,52,137,300,206,190,78,33,-9611,10653,3617,-7036,-211,-1938,-74,-720,-116,609
2025-11-27T16:53:13.209538,82,67,147,301,199,162,78,32,-9507,10709,3629,-7085,-296,-1955,-66,-447,-230,617
2025-11-27T16:53:13.227237,101,76,153,362,188,159,77,34,-9418,10745,3636,-7147,-311,-1910,-55,-311,-289,606
2025-11-27T16:53:13.250180,108,79,136,345,203,163,75,37,-9327,10772,3636,-7224,-425,-1877,38,-312,-328,618
2025-11-27T16:53:13.269423,100,91,145,332,218,179,82,34,-9221,10802,3633,-7317,-566,-1941,25,-338,-398,674
2025-11-27T16:53:13.287667,86,104,174,351,230,171,77,34,-9110,10829,3646,-7410,-611,-1860,-7,-383,-465,600
2025-11-27T16:53:13.310204,94,99,182,353,258,172,74,33,-9009,10842,3672,-7499,-675,-1949,31,-360,-508,491
2025-11-27T16:53:13.329326,75,93,175,287,275,186,79,32,-8924,10836,3695,-7598,-744,-1964,49,-230,-560,446
2025-11-27T16:53:13.347651,66,96,247,442,281,189,81,31,-8851,10819,3721,-7694,-833,-1937,-32,-127,-585,340
2025-11-27T16:53:13.369749,65,85,264,510,310,159,70,34,-8793,10790,3752,-7785,-921,-1793,0,-63,-597,181
2025-11-27T16:53:13.392565,65,65,263,530,342,184,82,36,-8727,10763,3797,-7875,-1027,-1800,8,-139,-637,105
2025-11-27T16:53:13.412360,45,68,279,570,328,162,73,36,-8650,10738,3858,-7964,-1110,-1812,-8,-225,-694,42
2025-11-27T16:53:13.430129,42,69,297,582,339,150,67,36,-8573,10709,3933,-8050,-1208,-1821,52,-280,-728,-71
2025-11-27T16:53:13.452830,37,64,255,495,352,142,64,39,-8499,10683,4013,-8122,-1167,-1820,107,-341,-667,-111
2025-11-27T16:53:13.467735,31,66,286,462,303,140,63,41,-8431,10665,4087,-8180,-1168,-1833,127,-359,-560,-135
2025-11-27T16:53:13.494302,30,69,279,432,239,91,40,40,-8361,10653,4166,-8227,-1176,-1887,108,-404,-525,-156
2025-11-27T16:53:13.512587,28,59,253,390,230,111,46,42,-8305,10622,4238,-8287,-1257,-1884,186,-297,-569,-212
2025-11-27T16:53:13.527632,28,59,264,375,208,108,45,44,-8251,10572,4326,-8360,-1274,-1882,205,-273,-712,-270
2025-11-27T16:53:13.550095,32,51,253,385,163,102,46,45,-8190,10516,4441,-8430,-1197,-1945,187,-352,-802,-317
2025-11-27T16:53:13.573229,60,47,189,359,197,130,71,42,-8164,10428,4544,-8509,-1055,-1942,289,-133,-826,-335
2025-11-27T16:53:13.587596,69,57,221,448,210,134,77,47,-8154,10341,4648,-8568,-887,-1880,230,-72,-745,-375
2025-11-27T16:53:13.610208,70,63,262,435,219,147,86,51,-8139,10261,4756,-8619,-932,-1846,265,-155,-709,-423
2025-11-27T16:53:13.636888,72,58,250,455,218,145,88,50,-8114,10189,4873,-8662,-878,-1927,279,-250,-697,-400
2025-11-27T16:53:13.647267,79,59,247,441,217,147,90,50,-8096,10122,4984,-8695,-770,-2015,252,-228,-621,-357
2025-11-27T16:53:13.670164,71,58,256,488,190,126,76,55,-8086,10061,5075,-8722,-713,-1990,229,-149,-525,-297
2025-11-27T16:53:13.692666,66,47,246,460,176,118,70,53,-8051,10030,5176,-8731,-706,-2146,101,-316,-459,-234
2025-11-27T16:53:13.707568,73,48,222,477,134,79,56,52,-8014,9998,5257,-8754,-733,-2131,132,-247,-459,-145
2025-11-27T16:53:13.730165,81,51,240,466,105,73,59,56,-7989,9958,5312,-8788,-661,-2165,91,-69,-434,-31
2025-11-27T16:53:13.760434,86,51,256,485,100,68,59,56,-7950,9926,5344,-8840,-662,-1963,145,-63,-420,109
2025-11-27T16:53:13.767090,80,52,253,519,131,74,57,50,-7889,9911,5385,-8886,-697,-1994,188,-246,-411,157
2025-11-27T16:53:13.790219,80,50,248,459,116,89,57,46,-7818,9893,5441,-8936,-728,-1967,199,-319,-491,124
2025-11-27T16:53:13.812330,87,47,235,469,122,93,55,41,-7762,9859,5504,-8982,-597,-1950,168,-242,-514,71
2025-11-27T16:53:13.827671,86,50,195,472,120,91,47,35,-7713,9812,5568,-9037,-744,-1934,179,-170,-580,-29
2025-11-27T16:53:13.849466,99,63,179,460,122,90,42,35,-7679,9745,5634,-9098,-743,-2027,221,-80,-629,-88
2025-11-27T16:53:13.872609,100,65,197,380,78,78,37,34,-7668,9671,5671,-9163,-722,-1988,303,80,-538,-70
2025-11-27T16:53:13.887705,106,64,181,415,71,57,35,37,-7664,9608,5686,-9222,-789,-1850,320,129,-413,-74
2025-11-27T16:53:13.910182,101,60,183,367,64,47,37,43,-7660,9567,5711,-9253,-712,-1820,348,-33,-268,-99
2025-11-27T16:53:13.933064,105,63,203,478,66,50,38,42,-7656,9548,5743,-9256,-692,-1973,295,-130,-135,-121
2025-11-27T16:53:13.948166,86,52,212,471,63,50,40,39,-7669,9532,5759,-9253,-680,-2002,268,-28,-36,-124
2025-11-27T16:53:13.970199,101,53,194,448,56,50,41,37,-7682,9520,5765,-9250,-704,-2035,223,18,-8,-95
2025-11-27T16:53:13.992692,96,56,197,487,90,64,51,36,-7694,9509,5768,-9249,-688,-2051,166,63,-17,-60
2025-11-27T16:53:14.007582,90,55,195,491,96,66,51,31,-7690,9506,5779,-9248,-643,-2032,43,19,-62,-4
2025-11-27T16:53:14.030135,78,44,176,448,98,65,52,32,-7688,9478,5788,-9274,-602,-1946,111,116,-207,26
2025-11-27T16:53:14.052646,81,45,157,454,105,68,56,37,-7661,9451,5817,-9305,-751,-2060,41,26,-344,-9
2025-11-27T16:53:14.067676,63,47,149,445,105,73,61,67,-7648,9407,5844,-9344,-576,-2107,106,109,-373,44
2025-11-27T16:53:14.090042,63,47,151,360,81,64,58,75,-7650,9361,5836,-9393,-604,-1983,138,281,-285,98
2025-11-27T16:53:14.112089,78,52,138,371,69,59,59,83,-7641,9327,5819,-9445,-594,-1875,160,234,-253,178
2025-11-27T16:53:14.127363,79,53,133,348,69,62,57,107,-7631,9303,5811,-9481,-527,-1891,237,113,-183,172
2025-11-27T16:53:14.149658,72,51,168,327,52,60,55,108,-7627,9288,5804,-9503,-523,-1993,245,82,-92,153
2025-11-27T16:53:14.172575,69,44,169,333,53,54,55,110,-7645,9262,5788,-9525,-487,-1982,282,197,-56,103
2025-11-27T16:53:14.191943,62,39,147,322,47,47,49,113,-7670,9231,5760,-9550,-552,-1902,332,250,-36,69
2025-11-27T16:53:14.210073,40,32,139,298,44,45,46,116,-7706,9204,5740,-9560,-471,-1903,363,208,36,15
2025-11-27T16:53:14.232587,39,32,136,193,34,36,46,103,-7751,9180,5719,-9560,-510,-1956,421,197,107,-42
2025-11-27T16:53:14.247959,35,26,83,166,38,34,44,104,-7806,9157,5682,-9558,-541,-2066,526,233,188,-27
2025-11-27T16:53:14.270119,30,33,82,166,42,28,32,93,-7884,9133,5612,-9560,-572,-2128,617,388,316,6
2025-11-27T16:53:14.292514,31,35,83,157,59,33,33,88,-7974,9114,5502,-9566,-643,-2149,708,523,458,78
2025-11-27T16:53:14.315243,30,42,85,152,77,38,30,83,-8077,9113,5348,-9568,-734,-2154,784,624,673,165
2025-11-27T16:53:14.330173,29,62,93,138,89,50,30,72,-8186,9133,5154,-9563,-812,-2110,830,693,889,249
2025-11-27T16:53:14.352422,30,73,100,135,101,64,32,67,-8309,9169,4922,-9545,-916,-2046,809,820,1098,266
2025-11-27T16:53:14.375842,30,78,149,116,151,92,41,57,-8441,9219,4659,-9513,-1025,-1936,839,870,1280,258
2025-11-27T16:53:14.390524,30,83,158,136,185,114,48,49,-8552,9304,4403,-9452,-1129,-1766,695,693,1399,209
2025-11-27T16:53:14.412585,29,83,159,142,198,154,61,37,-8661,9402,4167,-9363,-1253,-1599,511,621,1415,11
2025-11-27T16:53:14.435163,30,82,151,159,205,156,63,34,-8758,9499,3984,-9253,-1267,-1670,440,422,1295,-174
2025-11-27T16:53:14.450201,29,74,149,169,224,164,71,33,-8854,9593,3837,-9127,-1159,-1771,378,333,1231,-256
2025-11-27T16:53:14.472323,27,67,92,164,253,161,74,32,-8918,9709,3731,-8984,-1145,-1854,175,110,1151,-290
2025-11-27T16:53:14.494859,27,63,68,146,239,155,73,32,-8987,9801,3636,-8854,-1196,-1788,142,186,1000,-368
2025-11-27T16:53:14.521760,28,61,59,143,245,129,65,29,-9068,9878,3573,-8710,-1034,-1909,73,197,920,-474
2025-11-27T16:53:14.532676,28,50,51,129,249,148,72,37,-9154,9954,3515,-8555,-863,-1998,50,197,961,-444
2025-11-27T16:53:14.555064,28,50,42,113,233,143,66,36,-9253,10011,3426,-8418,-962,-1842,49,396,949,-431
2025-11-27T16:53:14.574706,27,47,41,120,190,149,62,36,-9389,10032,3348,-8273,-1016,-1947,-64,661,856,-660
2025-11-27T16:53:14.592607,30,47,46,122,224,189,79,40,-9525,10033,3309,-8130,-780,-1720,39,547,708,-743
2025-11-27T16:53:14.615108,30,58,46,114,244,211,87,41,-9639,10048,3313,-7974,-681,-1744,-13,323,624,-825
2025-11-27T16:53:14.630095,30,54,50,127,247,203,82,34,-9723,10071,3374,-7816,-562,-1943,-16,44,447,-853
2025-11-27T16:53:14.652373,31,57,51,161,283,227,86,35,-9813,10067,3464,-7668,-335,-2016,-59,108,263,-865
2025-11-27T16:53:14.675080,32,57,57,165,297,234,88,35,-9907,10031,3561,-7550,-117,-2001,-116,283,65,-744
2025-11-27T16:53:14.689984,30,53,51,178,271,198,70,31,-10009,9963,3638,-7469,75,-1856,-74,485,-44,-560
2025-11-27T16:53:14.712319,28,40,50,191,289,215,80,33,-10103,9883,3696,-7419,111,-1858,1,558,-105,-376
2025-11-27T16:53:14.743017,26,38,75,195,285,213,80,31,-10178,9810,3715,-7403,73,-1757,137,537,-78,-112
2025-11-27T16:53:14.750154,28,39,137,210,247,183,73,29,-10211,9775,3720,-7401,68,-1682,134,316,-34,117
2025-11-27T16:53:14.780875,25,38,147,232,214,161,68,28,-10194,9791,3729,-7401,81,-1513,265,-121,34,288
2025-11-27T16:53:14.795085,34,45,158,235,244,177,67,31,-10122,9867,3756,-7385,108,-1678,210,-551,101,428
2025-11-27T16:53:14.810189,38,43,161,242,193,124,44,29,-10010,9970,3779,-7386,35,-1727,251,-773,72,610
2025-11-27T16:53:14.832594,38,45,166,313,197,129,45,31,-9880,10077,3800,-7406,-85,-1845,245,-829,-3,698
2025-11-27T16:53:14.855061,66,47,147,322,208,136,47,31,-9745,10173,3818,-7444,-186,-1905,232,-781,-98,732
2025-11-27T16:53:14.870047,71,47,140,322,221,139,47,34,-9627,10240,3832,-7497,-265,-1974,223,-599,-196,701
2025-11-27T16:53:14.892468,68,61,137,326,180,120,47,30,-9530,10280,3837,-7564,-318,-1941,219,-403,-257,666
2025-11-27T16:53:14.914750,78,67,150,338,200,134,58,33,-9450,10302,3840,-7633,-337,-1912,167,-252,-285,606
2025-11-27T16:53:14.930052,79,66,139,301,188,134,63,32,-9373,10318,3844,-7705,-403,-1923,204,-243,-311,572
2025-11-27T16:53:14.952173,63,66,140,315,203,136,63,32,-9275,10345,3838,-7789,-561,-1898,155,-292,-335,643
2025-11-27T16:53:14.975589,63,71,152,328,201,142,63,32,-9171,10378,3831,-7871,-610,-1868,126,-318,-322,646
2025-11-27T16:53:14.990262,75,85,165,375,225,156,64,31,-9069,10410,3835,-7945,-663,-1852,119,-355,-328,558
2025-11-27T16:53:15.012070,66,93,165,392,214,141,56,27,-8964,10436,3851,-8023,-837,-1925,156,-391,-400,468
2025-11-27T16:53:15.032731,65,95,176,382,229,150,65,31,-8865,10443,3863,-8116,-976,-1958,139,-274,-494,431
2025-11-27T16:53:15.049235,60,97,162,405,212,149,68,32,-8789,10432,3868,-8210,-989,-1855,138,-120,-490,354
2025-11-27T16:53:15.072518,58,104,175,407,209,145,70,35,-8724,10423,3890,-8280,-995,-1762,59,-129,-459,178
2025-11-27T16:53:15.095115,44,87,202,401,203,132,69,37,-8666,10407,3919,-8347,-1119,-1751,166,-161,-462,55
2025-11-27T16:53:15.109665,52,74,208,386,225,145,69,37,-8589,10402,3959,-8414,-1279,-1770,157,-281,-496,12
2025-11-27T16:53:15.137082,61,72,203,395,224,123,49,34,-8511,10398,4009,-8474,-1296,-1780,168,-336,-495,-40
2025-11-27T16:53:15.159358,65,82,217,385,232,118,52,34,-8444,10393,4071,-8518,-1188,-1762,173,-365,-452,-112
2025-11-27T16:53:15.169606,64,69,220,437,225,121,52,30,-8378,10391,4146,-8549,-1162,-1788,173,-421,-431,-174
2025-11-27T16:53:15.192556,60,70,201,416,208,125,52,30,-8321,10373,4207,-8596,-1237,-1876,289,-342,-458,-148
2025-11-27T16:53:15.215118,57,79,227,483,180,114,53,37,-8280,10343,4259,-8647,-1223,-1859,246,-189,-466,-162
2025-11-27T16:53:15.237643,71,81,266,514,172,139,72,41,-8243,10303,4325,-8696,-1167,-1856,229,-188,-527,-223
2025-11-27T16:53:15.252710,72,65,255,509,168,144,72,43,-8224,10250,4395,-8742,-1063,-1855,224,-97,-535,-267
2025-11-27T16:53:15.275050,75,66,251,552,178,135,70,44,-8219,10192,4472,-8775,-889,-1784,258,-84,-497,-314
2025-11-27T16:53:15.298054,77,70,262,563,174,126,71,48,-8206,10149,4562,-8792,-821,-1881,289,-240,-436,-310
2025-11-27T16:53:15.312885,94,61,236,517,155,112,68,146,-8150,10133,4646,-8817,-934,-2027,292,-427,-431,-126
2025-11-27T16:53:15.335101,84,63,203,498,139,70,49,165,-8102,10109,4703,-8859,-962,-2126,324,-280,-425,-11
2025-11-27T16:53:15.358057,96,63,234,488,113,51,46,169,-8081,10073,4746,-8896,-813,-2062,261,-90,-370,-21
2025-11-27T16:53:15.372272,107,64,221,414,101,58,47,175,-8079,10030,4778,-8930,-737,-2039,342,-16,-300,-28
2025-11-27T16:53:15.395111,111,58,198,446,95,56,52,177,-8074,9999,4797,-8959,-765,-2135,328,-12,-218,40
2025-11-27T16:53:15.417377,94,60,200,448,86,54,52,113,-8051,9989,4792,-8993,-750,-2004,307,-43,-144,200
2025-11-27T16:53:15.432638,91,63,248,556,83,54,50,81,-8001,10004,4789,-9023,-800,-1955,187,-159,-129,286
2025-11-27T16:53:15.454839,75,63,220,565,78,51,45,71,-7919,10028,4802,-9061,-931,-1946,99,-290,-243,300
2025-11-27T16:53:15.477704,62,61,243,535,53,37,45,55,-7861,10022,4810,-9114,-816,-2003,219,-143,-302,319
2025-11-27T16:53:15.492351,52,53,233,482,56,36,36,46,-7826,10001,4802,-9172,-874,-1767,225,23,-293,212
2025-11-27T16:53:15.515105,73,51,249,583,59,43,38,36,-7782,9983,4826,-9215,-890,-1773,176,-114,-340,88
2025-11-27T16:53:15.538029,78,41,188,480,77,47,39,36,-7739,9958,4872,-9255,-836,-1826,175,-165,-408,35
2025-11-27T16:53:15.558852,80,42,185,447,80,52,42,35,-7714,9922,4916,-9291,-790,-1848,199,-78,-385,-22
2025-11-27T16:53:15.575670,78,39,151,436,109,81,58,39,-7688,9893,4963,-9317,-760,-1826,180,-122,-348,-34
2025-11-27T16:53:15.597611,79,42,172,497,194,138,81,37,-7661,9867,5017,-9339,-744,-1832,183,-164,-340,-53
2025-11-27T16:53:15.612628,58,40,171,377,210,156,87,37,-7646,9837,5078,-9350,-715,-1875,164,-141,-314,-131
2025-11-27T16:53:15.635069,45,39,165,366,218,164,96,40,-7628,9807,5158,-9353,-677,-1854,113,-202,-358,-197
2025-11-27T16:53:15.657311,39,37,183,375,230,170,99,41,-7616,9768,5237,-9359,-636,-1930,148,-168,-366,-198
2025-11-27T16:53:15.672810,33,37,199,392,230,163,95,51,-7611,9727,5305,-9368,-672,-1906,113,-83,-357,-202
2025-11-27T16:53:15.695054,33,35,184,319,183,152,89,58,-7603,9682,5369,-9384,-701,-1857,120,-56,-390,-208
2025-11-27T16:53:15.717569,31,32,170,279,187,148,87,59,-7585,9640,5444,-9399,-755,-1813,91,-125,-426,-243
2025-11-27T16:53:15.732480,30,35,204,256,173,141,79,57,-7576,9579,5523,-9422,-713,-1895,222,-106,-488,-273
2025-11-27T16:53:15.755339,33,41,214,282,161,134,76,57,-7576,9519,5593,-9442,-705,-1882,246,-60,-422,-286
2025-11-27T16:53:15.778015,34,41,219,253,145,130,69,45,-7587,9462,5647,-9459,-762,-1864,319,-26,-340,-313
2025-11-27T16:53:15.792607,62,42,216,269,125,96,69,42,-7610,9411,5697,-9461,-721,-1924,337,-24,-229,-337
2025-11-27T16:53:15.815083,67,43,232,341,87,76,69,44,-7641,9370,5738,-9452,-668,-2018,364,-21,-122,-311
2025-11-27T16:53:15.837131,71,43,202,334,115,96,88,51,-7675,9340,5768,-9436,-671,-2066,346,-1,-33,-285
2025-11-27T16:53:15.856994,78,41,174,308,169,168,114,55,-7712,9313,5779,-9425,-647,-2153,348,70,16,-190
2025-11-27T16:53:15.875089,86,42,155,341,188,182,120,60,-7749,9292,5769,-9421,-649,-2076,324,156,63,-110
2025-11-27T16:53:15.897591,69,41,155,322,197,183,113,60,-7773,9276,5757,-9425,-672,-2084,311,135,24,-43
2025-11-27T16:53:15.912590,64,41,101,243,208,192,121,67,-7804,9254,5735,-9434,-610,-2000,315,207,37,-19
2025-11-27T16:53:15.935097,59,36,106,241,227,215,121,61,-7829,9236,5721,-9440,-624,-1988,265,179,12,-30
2025-11-27T16:53:15.957840,48,29,98,222,210,188,106,58,-7859,9214,5704,-9447,-616,-1906,263,216,19,-60
2025-11-27T16:53:15.972565,30,27,97,189,215,184,99,52,-7895,9192,5691,-9446,-625,-1868,232,224,28,-123
2025-11-27T16:53:15.994981,29,23,107,186,220,197,111,54,-7929,9178,5688,-9433,-574,-1826,210,148,66,-147
2025-11-27T16:53:16.017579,32,23,102,166,212,193,103,45,-7953,9178,5695,-9408,-599,-1818,213,25,97,-178
2025-11-27T16:53:16.032320,52,24,91,158,248,208,104,49,-7969,9193,5719,-9366,-517,-1809,199,-126,145,-177
2025-11-27T16:53:16.055367,53,26,110,233,240,192,99,47,-7967,9228,5751,-9313,-516,-1911,183,-276,179,-123
2025-11-27T16:53:16.077539,84,30,100,228,224,189,101,49,-7958,9272,5785,-9256,-531,-1972,105,-307,197,-108
2025-11-27T16:53:16.092483,86,29,87,219,222,181,89,42,-7943,9312,5816,-9209,-654,-2029,125,-302,141,-110
2025-11-27T16:53:16.115082,94,27,91,224,237,180,85,48,-7939,9330,5844,-9177,-557,-2013,106,-160,64,-99
2025-11-27T16:53:16.137736,110,42,147,303,168,120,57,56,-7943,9340,5863,-9151,-561,-1917,114,-87,62,-109
2025-11-27T16:53:16.152828,126,75,254,381,152,110,53,65,-7925,9365,5894,-9121,-607,-1919,129,-258,37,-89
2025-11-27T16:53:16.175208,120,82,303,461,146,99,45,65,-7890,9402,5929,-9090,-595,-1977,182,-393,58,-15
2025-11-27T16:53:16.197579,124,89,327,514,131,80,42,66,-7854,9456,5946,-9055,-587,-2040,194,-408,167,95
2025-11-27T16:53:16.220074,120,91,333,520,97,63,35,59,-7802,9539,5949,-9010,-612,-1929,205,-537,301,187
2025-11-27T16:53:16.235160,108,87,316,491,84,53,39,48,-7761,9619,5938,-8967,-740,-2039,206,-458,344,156
2025-11-27T16:53:16.257874,109,62,246,502,78,50,39,52,-7754,9677,5917,-8925,-687,-2196,170,-235,368,102
2025-11-27T16:53:16.280005,97,52,202,439,76,48,43,54,-7805,9695,5856,-8901,-656,-2124,183,213,414,26
2025-11-27T16:53:16.295028,102,42,169,386,63,44,40,60,-7861,9703,5791,-8885,-689,-2033,111,324,363,-3
2025-11-27T16:53:16.317557,109,42,163,376,52,42,44,66,-7876,9723,5742,-8883,-759,-2008,42,171,215,91
2025-11-27T16:53:16.340042,105,40,175,373,50,38,41,79,-7868,9737,5713,-8893,-660,-2030,24,89,56,181
2025-11-27T16:53:16.354696,84,39,163,296,52,37,38,75,-7862,9729,5681,-8927,-868,-2130,42,204,-79,113
2025-11-27T16:53:16.385700,83,37,134,272,55,38,40,104,-7881,9692,5642,-8976,-640,-2068,188,351,-126,161
2025-11-27T16:53:16.407787,71,38,122,270,61,37,42,112,-7925,9639,5573,-9036,-732,-1973,279,554,-73,117
2025-11-27T16:53:16.414484,52,32,121,269,61,36,37,114,-7983,9583,5493,-9094,-712,-1960,404,587,0,113
2025-11-27T16:53:16.437691,36,32,92,249,54,39,36,111,-8053,9525,5401,-9149,-708,-2053,601,582,89,128
2025-11-27T16:53:16.459948,38,37,74,145,55,40,36,108,-8129,9481,5277,-9199,-699,-2178,683,641,255,256
2025-11-27T16:53:16.475011,36,39,77,130,51,40,29,82,-8219,9454,5107,-9244,-804,-2145,759,756,482,337
2025-11-27T16:53:16.497107,30,38,77,124,72,41,26,68,-8315,9449,4892,-9278,-905,-2062,788,841,718,417
2025-11-27T16:53:16.520041,32,42,65,139,135,66,30,60,-8402,9468,4667,-9296,-1050,-2024,741,778,837,414
2025-11-27T16:53:16.535062,35,66,79,139,171,120,55,50,-8489,9496,4442,-9299,-1171,-1973,697,768,892,328
2025-11-27T16:53:16.557830,34,90,99,168,205,162,71,49,-8596,9523,4213,-9280,-1165,-1878,663,832,995,214
2025-11-27T16:53:16.580605,35,89,99,169,238,182,84,46,-8703,9576,4002,-9218,-1148,-1652,444,733,1114,35
2025-11-27T16:53:16.594782,36,91,102,188,272,227,102,40,-8776,9659,3844,-9129,-1221,-1664,381,351,1079,-96
2025-11-27T16:53:16.617646,34,90,124,196,279,239,109,39,-8828,9766,3727,-9013,-1204,-1802,146,172,1043,-167
2025-11-27T16:53:16.640005,30,81,116,206,288,240,105,35,-8866,9861,3637,-8908,-1188,-1746,97,106,869,-200
2025-11-27T16:53:16.655005,31,66,108,184,276,231,103,33,-8913,9950,3572,-8788,-1009,-1860,-35,120,829,-250
2025-11-27T16:53:16.685820,30,67,128,294,374,304,117,38,-8971,10026,3520,-8663,-802,-1910,-31,154,807,-253
2025-11-27T16:53:16.700024,29,68,140,352,361,286,109,35,-9026,10121,3480,-8510,-650,-2130,-192,99,895,-222
2025-11-27T16:53:16.715076,29,67,131,351,345,275,102,35,-9113,10148,3409,-8414,-770,-1796,-115,512,644,-262
2025-11-27T16:53:16.737944,29,57,130,346,360,316,110,37,-9225,10150,3355,-8310,-591,-1846,-114,619,589,-345
2025-11-27T16:53:16.760144,29,39,129,403,389,319,112,76,-9314,10153,3313,-8224,-451,-1537,-139,521,472,-272
2025-11-27T16:53:16.774710,34,37,110,362,288,258,96,124,-9396,10145,3307,-8141,-398,-1709,-48,395,332,-322
2025-11-27T16:53:16.797610,41,40,155,342,300,250,95,133,-9505,10112,3318,-8052,-174,-1624,177,406,324,-422
2025-11-27T16:53:16.819907,43,47,173,418,347,254,98,138,-9595,10113,3343,-7933,-35,-1567,152,157,463,-430
2025-11-27T16:53:16.835111,44,48,179,425,326,179,82,139,-9622,10175,3382,-7804,-110,-1779,113,-277,530,-276
2025-11-27T16:53:16.857573,42,47,177,380,304,162,71,123,-9624,10239,3411,-7704,-108,-1930,214,-363,456,-50
2025-11-27T16:53:16.880098,40,75,186,362,356,163,66,78,-9605,10315,3422,-7621,57,-1776,3,-325,439,184
2025-11-27T16:53:16.895093,34,82,140,316,379,185,68,68,-9521,10421,3435,-7577,-185,-1727,-70,-599,268,383
2025-11-27T16:53:16.917589,32,81,104,230,380,195,70,57,-9426,10509,3460,-7562,-241,-1910,-41,-595,71,453
2025-11-27T16:53:16.948376,31,94,105,282,384,196,71,55,-9365,10555,3469,-7569,-272,-1955,28,-307,-13,443
2025-11-27T16:53:16.962979,30,94,133,310,417,202,73,53,-9325,10574,3449,-7602,-460,-1910,88,-80,-57,446
2025-11-27T16:53:16.977574,28,76,129,321,386,184,77,48,-9289,10584,3425,-7641,-539,-1812,123,-41,-79,403
2025-11-27T16:53:17.000116,29,64,140,342,363,158,68,39,-9246,10600,3419,-7674,-532,-1783,138,-148,-103,353
2025-11-27T16:53:17.015038,28,68,162,360,324,155,64,38,-9176,10637,3428,-7703,-548,-1765,94,-340,-119,369
2025-11-27T16:53:17.037581,27,60,162,355,328,159,66,37,-9076,10692,3454,-7735,-668,-1868,129,-572,-168,390
2025-11-27T16:53:17.060462,30,70,199,373,280,145,63,36,-8956,10748,3485,-7783,-797,-1986,56,-615,-272,438
2025-11-27T16:53:17.075096,33,78,215,416,260,145,59,29,-8847,10783,3520,-7843,-845,-2045,-3,-482,-388,409
2025-11-27T16:53:17.097628,33,87,219,460,262,145,64,29,-8779,10775,3555,-7914,-781,-1988,-41,-169,-497,305
2025-11-27T16:53:17.120114,33,83,231,462,280,140,63,29,-8736,10729,3587,-8009,-865,-1871,37,41,-631,211
2025-11-27T16:53:17.142222,35,76,246,474,290,139,64,30,-8681,10681,3618,-8118,-1025,-1792,35,22,-716,198
2025-11-27T16:53:17.165882,33,69,213,453,304,151,63,32,-8620,10632,3677,-8221,-1003,-1720,13,-66,-790,89
2025-11-27T16:53:17.180079,29,59,194,417,327,171,60,34,-8561,10581,3765,-8308,-943,-1679,31,-160,-818,-50
2025-11-27T16:53:17.203347,28,44,184,445,341,179,58,33,-8511,10532,3877,-8370,-801,-1632,-17,-211,-785,-174
2025-11-27T16:53:17.225696,28,49,168,486,326,174,60,34,-8458,10486,4006,-8421,-914,-1673,92,-351,-769,-310
2025-11-27T16:53:17.240029,27,50,155,458,300,172,63,36,-8402,10434,4129,-8482,-1086,-1715,237,-381,-787,-345
2025-11-27T16:53:17.263240,27,49,144,507,303,176,66,33,-8347,10388,4266,-8525,-1112,-1776,223,-451,-748,-445
2025-11-27T16:53:17.277405,27,47,147,553,292,152,64,34,-8297,10342,4417,-8551,-1130,-1829,215,-497,-723,-572
2025-11-27T16:53:17.300061,26,47,146,507,279,145,64,33,-8272,10288,4563,-8565,-1066,-1899,266,-419,-636,-638
2025-11-27T16:53:17.323134,24,41,130,472,277,144,63,34,-8267,10221,4692,-8579,-1027,-1865,331,-294,-582,-653
2025-11-27T16:53:17.337560,25,39,120,493,269,143,63,33,-8254,10165,4817,-8589,-1030,-1906,362,-363,-535,-618
2025-11-27T16:53:17.375296,25,44,144,480,238,127,62,34,-8228,10124,4953,-8584,-988,-1967,330,-495,-498,-616
2025-11-27T16:53:17.380450,25,42,142,470,204,120,66,35,-8198,10089,5099,-8570,-893,-2048,319,-569,-476,-604
2025-11-27T16:53:17.395523,32,43,144,463,164,113,66,37,-8187,10047,5230,-8551,-730,-2159,272,-423,-417,-544
2025-11-27T16:53:17.418669,32,43,140,428,227,182,86,39,-8187,10003,5328,-8542,-706,-2086,207,-242,-349,-452
2025-11-27T16:53:17.443299,32,49,155,426,235,183,87,40,-8189,9963,5406,-8537,-695,-2091,187,-169,-303,-374
2025-11-27T16:53:17.457589,34,48,155,441,226,183,87,37,-8175,9934,5484,-8535,-715,-2030,124,-216,-314,-325
2025-11-27T16:53:17.480109,45,54,195,421,228,178,82,36,-8147,9898,5568,-8550,-785,-2057,217,-280,-426,-314
2025-11-27T16:53:17.503356,41,53,196,405,231,177,83,42,-8121,9855,5653,-8567,-661,-2116,214,-256,-452,-261
2025-11-27T16:53:17.517954,46,53,203,455,145,94,59,39,-8108,9805,5719,-8594,-645,-2076,233,-123,-423,-222
2025-11-27T16:53:17.540454,66,45,189,432,141,101,56,37,-8104,9756,5771,-8618,-631,-2067,211,-45,-358,-210
2025-11-27T16:53:17.563796,77,44,193,426,142,104,53,38,-8093,9719,5818,-8639,-629,-1971,197,-88,-317,-179
2025-11-27T16:53:17.577180,76,43,192,420,142,106,54,42,-8065,9693,5880,-8652,-638,-2051,131,-203,-341,-163
2025-11-27T16:53:17.600071,90,44,216,500,115,103,51,38,-8029,9666,5943,-8673,-590,-2156,141,-215,-389,-94
2025-11-27T16:53:17.623145,109,46,212,505,119,105,50,38,-7993,9641,5988,-8703,-574,-2098,150,-156,-358,-6
2025-11-27T16:53:17.637571,104,56,211,508,116,89,47,36,-7954,9621,6018,-8739,-638,-2046,116,-106,-339,38
2025-11-27T16:53:17.660036,96,59,213,501,107,76,44,38,-7918,9603,6044,-8775,-619,-2009,114,-91,-315,56
2025-11-27T16:53:17.683342,93,69,201,490,185,78,43,34,-7875,9590,6066,-8812,-661,-1999,123,-119,-304,82
2025-11-27T16:53:17.697578,98,84,236,430,196,75,39,31,-7828,9581,6089,-8848,-645,-2049,105,-130,-304,117
2025-11-27T16:53:17.720533,93,87,271,379,203,107,55,31,-7793,9567,6094,-8891,-639,-2077,116,-15,-262,154
2025-11-27T16:53:17.743341,91,86,281,381,212,101,54,34,-7772,9546,6083,-8939,-547,-2036,178,76,-224,213
2025-11-27T16:53:17.757649,91,84,272,378,236,120,62,33,-7757,9539,6066,-8970,-529,-1817,110,74,-103,179
2025-11-27T16:53:17.780146,91,77,265,378,207,128,66,31,-7736,9544,6070,-8980,-527,-1932,119,-88,-67,115
2025-11-27T16:53:17.803283,72,64,244,395,199,131,68,33,-7708,9556,6085,-8981,-551,-2105,81,-161,-67,112
2025-11-27T16:53:17.817607,54,60,226,434,185,102,54,31,-7694,9557,6081,-8995,-534,-2114,103,-7,-57,154
2025-11-27T16:53:17.848359,60,64,366,488,168,100,53,28,-7690,9549,6064,-9019,-597,-1953,29,140,-80,116
2025-11-27T16:53:17.863487,64,64,363,544,130,77,48,28,-7678,9537,6073,-9036,-536,-1980,10,48,-155,64
2025-11-27T16:53:17.877578,63,70,412,580,87,60,45,30,-7666,9519,6085,-9057,-508,-2078,47,45,-183,88
2025-11-27T16:53:17.900484,64,73,418,589,165,90,49,36,-7651,9502,6078,-9093,-602,-2014,51,124,-191,138
2025-11-27T16:53:17.923242,57,70,411,554,175,98,55,39,-7630,9486,6073,-9130,-599,-1948,79,82,-205,154
2025-11-27T16:53:17.937566,43,69,316,497,175,98,56,42,-7604,9480,6078,-9155,-547,-1956,107,-28,-166,156
2025-11-27T16:53:17.959774,42,70,345,407,178,96,53,44,-7584,9472,6077,-9180,-570,-2030,111,9,-148,157
2025-11-27T16:53:17.983860,45,67,317,461,178,95,52,44,-7575,9460,6059,-9212,-588,-1970,136,118,-108,170
2025-11-27T16:53:17.997560,43,62,292,415,111,68,51,44,-7562,9450,6047,-9241,-604,-1926,139,80,-120,146
2025-11-27T16:53:18.020113,43,63,289,428,94,56,46,41,-7544,9447,6046,-9259,-555,-1959,149,-23,-96,149
2025-11-27T16:53:18.043342,39,57,286,429,83,50,42,40,-7522,9448,6044,-9277,-605,-2017,106,-19,-99,157
2025-11-27T16:53:18.057582,34,52,259,411,80,49,42,38,-7509,9437,6034,-9305,-604,-1994,132,81,-122,154
2025-11-27T16:53:18.079665,29,42,210,274,69,45,38,36,-7504,9420,6023,-9334,-602,-1947,136,122,-131,119
2025-11-27T16:53:18.103279,87,39,208,294,62,31,27,33,-7503,9402,6011,-9361,-634,-1876,170,124,-113,74
2025-11-27T16:53:18.126260,94,38,197,281,54,26,24,39,-7507,9385,6008,-9376,-592,-1823,187,74,-76,11
2025-11-27T16:53:18.139795,100,34,142,263,52,26,25,49,-7518,9374,6020,-9371,-569,-1867,188,-4,-19,-79
2025-11-27T16:53:18.163651,124,43,153,262,46,25,27,78,-7541,9362,6028,-9359,-578,-1980,198,31,34,-116
2025-11-27T16:53:18.186291,130,47,147,236,38,22,35,102,-7579,9346,6018,-9351,-600,-2014,233,142,93,-109
2025-11-27T16:53:18.200013,108,68,135,264,35,21,36,103,-7621,9328,5998,-9348,-661,-2001,272,190,108,-117
2025-11-27T16:53:18.222451,102,71,162,277,38,22,36,102,-7668,9307,5971,-9347,-642,-2086,334,215,125,-94
2025-11-27T16:53:18.245803,97,70,163,281,40,20,37,105,-7735,9278,5923,-9351,-624,-2158,395,359,194,-73
2025-11-27T16:53:18.260076,63,64,122,263,54,28,38,140,-7826,9249,5829,-9362,-612,-2134,541,534,354,19
2025-11-27T16:53:18.282662,53,66,121,255,58,31,33,127,-7936,9233,5697,-9368,-591,-2141,628,643,571,105
2025-11-27T16:53:18.305709,37,47,133,187,127,35,32,130,-8069,9224,5516,-9371,-620,-2178,761,802,791,192
2025-11-27T16:53:18.328945,38,42,112,176,159,39,34,147,-8206,9232,5303,-9367,-749,-2155,762,874,951,233
2025-11-27T16:53:18.342557,37,45,133,175,165,43,33,144,-8339,9259,5076,-9349,-887,-2075,722,859,1070,219
2025-11-27T16:53:18.366079,35,45,137,173,173,74,36,95,-8481,9293,4828,-9319,-979,-2048,715,934,1195,189
2025-11-27T16:53:18.380007,33,38,137,208,224,136,59,91,-8620,9339,4571,-9275,-1053,-1938,700,904,1279,168
2025-11-27T16:53:18.402531,31,36,143,232,219,167,70,85,-8742,9413,4323,-9205,-1176,-1745,581,741,1369,76
2025-11-27T16:53:18.433259,29,53,135,226,243,193,86,50,-8801,9552,4136,-9090,-1200,-1594,391,163,1406,10
2025-11-27T16:53:18.440014,30,55,123,260,294,214,96,45,-8850,9692,3992,-8958,-1263,-1570,176,68,1279,-179
2025-11-27T16:53:18.462467,32,57,136,319,403,263,114,42,-8903,9818,3900,-8808,-1035,-1744,124,-33,1162,-288
2025-11-27T16:53:18.493062,30,60,164,319,405,259,112,46,-8953,9951,3845,-8629,-850,-1846,-84,-115,1146,-372
2025-11-27T16:53:18.496966,29,72,151,320,397,244,106,45,-8985,10096,3806,-8443,-817,-1736,-290,-196,1095,-393
2025-11-27T16:53:18.520209,32,62,152,324,427,277,116,50,-9031,10221,3791,-8249,-700,-1925,-355,-132,1019,-474
2025-11-27T16:53:18.543496,30,62,146,311,422,275,113,50,-9120,10307,3751,-8060,-210,-2039,-307,190,1064,-289
2025-11-27T16:53:18.559202,28,61,132,263,334,242,99,50,-9232,10358,3655,-7910,-149,-1545,-344,568,1034,-145
2025-11-27T16:53:18.582689,30,60,102,267,323,239,105,50,-9331,10389,3578,-7787,-482,-1754,-156,482,826,-253
2025-11-27T16:53:18.605718,37,45,124,262,364,274,122,57,-9438,10390,3526,-7679,-169,-1679,131,411,696,-211
2025-11-27T16:53:18.620102,34,45,141,270,357,234,108,50,-9520,10437,3512,-7521,118,-1591,63,41,848,-266
2025-11-27T16:53:18.642609,39,72,145,269,347,230,107,49,-9557,10524,3499,-7355,-71,-1667,233,-356,942,-222
2025-11-27T16:53:18.665921,45,96,152,262,396,210,102,79,-9517,10670,3532,-7178,-26,-1627,-189,-767,814,-154
2025-11-27T16:53:18.680081,60,139,159,235,400,193,87,151,-9385,10848,3613,-7043,-233,-2080,-456,-1152,424,45
2025-11-27T16:53:18.702584,60,207,144,219,403,159,65,157,-9315,10913,3674,-7005,-269,-2332,-89,-599,1,163
2025-11-27T16:53:18.725750,87,239,138,300,384,167,69,164,-9353,10896,3682,-6976,-97,-2203,-74,198,77,94
2025-11-27T16:53:18.739752,90,235,135,312,467,238,85,167,-9392,10885,3651,-6958,-478,-2066,-37,269,171,51
2025-11-27T16:53:18.762562,88,230,128,339,469,255,88,160,-9441,10856,3606,-6962,-714,-1768,58,378,124,-47
2025-11-27T16:53:18.786241,84,210,110,347,499,260,90,153,-9465,10846,3610,-6942,-658,-1699,-8,116,56,-205
2025-11-27T16:53:18.807358,83,145,96,359,517,256,89,174,-9443,10869,3644,-6918,-718,-1811,27,-261,3,-199
2025-11-27T16:53:18.819901,54,118,91,275,497,241,79,169,-9406,10908,3690,-6881,-697,-2005,12,-412,31,-185
2025-11-27T16:53:18.843673,49,113,84,243,407,158,54,171,-9385,10937,3731,-6843,-602,-2111,47,-336,59,-163
2025-11-27T16:53:18.858263,48,112,75,192,341,127,50,167,-9376,10951,3750,-6821,-615,-2162,67,-183,49,-74
2025-11-27T16:53:18.882540,43,131,80,170,272,116,43,116,-9368,10953,3756,-6827,-712,-2133,63,-76,-34,-12
2025-11-27T16:53:18.906192,41,135,81,126,153,101,42,70,-9345,10952,3765,-6854,-772,-2014,10,-75,-164,32
2025-11-27T16:53:18.920079,42,117,63,160,193,205,73,75,-9302,10957,3790,-6892,-811,-2043,-16,-178,-268,47
2025-11-27T16:53:18.943004,40,156,98,227,241,233,94,64,-9239,10972,3829,-6930,-750,-2060,-106,-277,-328,91
2025-11-27T16:53:18.966089,38,154,100,239,276,246,103,64,-9174,10984,3872,-6974,-793,-2114,-150,-261,-377,88
2025-11-27T16:53:18.980090,35,148,111,249,287,254,109,63,-9108,10986,3891,-7046,-842,-2017,-139,-145,-431,217
2025-11-27T16:53:19.002350,31,153,113,257,289,257,113,57,-9035,10987,3921,-7121,-862,-1984,-217,-155,-502,200
2025-11-27T16:53:19.025808,29,154,147,236,291,195,95,46,-8974,10968,3957,-7207,-852,-1973,-190,-54,-585,160
2025-11-27T16:53:19.048329,30,116,141,174,280,204,84,48,-8918,10935,4007,-7299,-830,-1995,-186,-20,-689,119
2025-11-27T16:53:19.062490,32,119,182,224,290,203,79,45,-8898,10862,4041,-7412,-848,-1872,-61,243,-746,69
2025-11-27T16:53:19.085820,30,123,205,238,313,211,84,40,-8861,10797,4094,-7522,-914,-1820,-35,106,-791,3
2025-11-27T16:53:19.108473,29,117,205,280,381,239,90,39,-8813,10737,4149,-7633,-940,-1750,87,-16,-793,11
2025-11-27T16:53:19.122470,46,120,212,315,389,239,92,43,-8741,10701,4215,-7731,-949,-1724,123,-235,-737,19
2025-11-27T16:53:19.146302,46,127,215,341,362,206,86,41,-8648,10688,4305,-7804,-923,-1852,69,-459,-699,-11
2025-11-27T16:53:19.168413,46,119,186,365,326,187,79,40,-8568,10668,4404,-7864,-863,-1922,69,-433,-671,-82
2025-11-27T16:53:19.182149,48,105,162,374,286,162,66,52,-8500,10641,4498,-7920,-835,-2097,68,-369,-641,-72
2025-11-27T16:53:19.205669,64,106,165,339,177,105,50,57,-8445,10611,4564,-7980,-763,-2071,68,-227,-568,35
2025-11-27T16:53:19.228300,62,104,173,431,124,90,45,56,-8410,10570,4600,-8051,-784,-2019,96,-34,-514,83
2025-11-27T16:53:19.242728,62,95,162,424,152,92,46,58,-8351,10548,4647,-8114,-761,-1933,26,-184,-512,118
2025-11-27T16:53:19.265794,61,95,163,413,210,134,58,57,-8276,10533,4708,-8176,-778,-1934,43,-314,-560,113
2025-11-27T16:53:19.287894,60,93,188,437,215,143,68,48,-8178,10519,4782,-8249,-781,-1962,63,-428,-657,172
2025-11-27T16:53:19.310643,53,85,185,444,220,143,67,50,-8083,10502,4854,-8321,-803,-1983,39,-400,-656,160
2025-11-27T16:53:19.325852,44,63,150,358,202,137,70,47,-8010,10467,4910,-8403,-827,-2116,73,-219,-660,173
2025-11-27T16:53:19.348371,44,73,190,436,180,129,67,48,-7960,10420,4941,-8490,-808,-2046,97,-32,-600,189
2025-11-27T16:53:19.362546,50,88,191,412,112,86,59,47,-7923,10358,4957,-8591,-796,-2058,124,117,-626,233
2025-11-27T16:53:19.385855,60,79,159,398,101,73,55,49,-7877,10295,4962,-8706,-893,-1776,182,120,-660,232
2025-11-27T16:53:19.408000,55,80,165,426,85,67,58,45,-7788,10250,5015,-8808,-918,-1851,132,-214,-772,197
2025-11-27T16:53:19.422278,56,87,175,422,80,58,51,45,-7682,10211,5120,-8885,-794,-1900,42,-444,-854,90
2025-11-27T16:53:19.445803,71,74,154,359,77,60,51,41,-7582,10152,5235,-8971,-803,-2102,-18,-350,-972,57
2025-11-27T16:53:19.468313,88,65,151,423,63,55,49,41,-7508,10057,5330,-9083,-731,-2070,-7,-60,-1073,83
2025-11-27T16:53:19.482558,83,68,160,401,63,48,41,44,-7460,9944,5389,-9212,-689,-1912,86,180,-1033,128
2025-11-27T16:53:19.505402,83,67,163,369,63,44,33,44,-7413,9845,5420,-9338,-753,-1733,189,189,-888,164
2025-11-27T16:53:19.535862,82,58,165,419,62,38,30,42,-7355,9778,5455,-9433,-726,-1687,270,-40,-698,176
2025-11-27T16:53:19.542531,70,81,163,439,63,26,27,43,-7313,9733,5490,-9492,-628,-1791,326,-130,-463,147
2025-11-27T16:53:19.565826,43,79,192,375,72,28,30,55,-7308,9696,5496,-9529,-623,-1835,424,-11,-201,98
2025-11-27T16:53:19.588571,40,75,187,379,83,29,30,73,-7342,9673,5479,-9537,-542,-1959,512,69,89,63
2025-11-27T16:53:19.602535,41,82,182,369,92,32,34,87,-7415,9668,5413,-9523,-587,-2028,618,222,433,72
2025-11-27T16:53:19.625885,41,83,177,347,116,35,34,90,-7530,9670,5300,-9495,-642,-2088,681,454,708,56
2025-11-27T16:53:19.648309,41,62,156,324,155,37,36,93,-7676,9683,5157,-9443,-615,-2123,679,596,955,33
2025-11-27T16:53:19.662489,40,70,139,323,179,64,49,97,-7827,9717,4982,-9378,-756,-2028,704,631,1153,38
2025-11-27T16:53:19.685845,36,74,141,335,203,112,63,83,-7979,9763,4792,-9300,-927,-2045,645,666,1254,-11
2025-11-27T16:53:19.708294,30,79,133,335,222,134,68,66,-8114,9829,4599,-9211,-1013,-1942,599,565,1312,0
2025-11-27T16:53:19.722464,28,84,118,279,232,142,72,60,-8238,9899,4405,-9120,-1140,-1887,596,520,1314,-26
2025-11-27T16:53:19.745666,25,98,122,237,317,204,95,58,-8356,9965,4226,-9026,-1230,-1987,431,550,1219,-97
2025-11-27T16:53:19.768344,29,102,95,228,333,225,103,43,-8488,10011,4034,-8939,-1268,-1843,440,694,1184,-147
2025-11-27T16:53:19.782509,31,105,84,188,328,210,97,44,-8637,10048,3847,-8836,-1337,-1820,242,847,1167,-309
2025-11-27T16:53:19.806084,32,95,85,198,329,200,93,43,-8761,10101,3701,-8715,-1306,-1717,153,601,1104,-423
2025-11-27T16:53:19.828294,35,103,81,174,329,212,103,51,-8832,10189,3613,-8577,-1399,-1810,31,182,1000,-493
2025-11-27T16:53:19.842553,36,92,65,162,246,169,86,47,-8887,10270,3559,-8444,-1335,-1995,-82,107,822,-490
2025-11-27T16:53:19.865772,35,82,61,153,221,143,71,46,-8973,10313,3511,-8321,-1111,-2000,-52,312,723,-508
2025-11-27T16:53:19.888246,33,74,58,168,264,160,76,41,-9071,10344,3473,-8191,-1013,-1944,-99,374,694,-597
2025-11-27T16:53:19.902524,34,79,52,168,257,161,79,43,-9168,10363,3455,-8066,-1100,-1951,-158,378,561,-711
2025-11-27T16:53:19.925814,32,70,47,160,251,141,62,33,-9255,10363,3470,-7959,-1102,-2030,-215,374,328,-771
2025-11-27T16:53:19.948417,32,68,47,165,242,145,64,32,-9356,10336,3502,-7862,-879,-2018,-185,461,193,-772
2025-11-27T16:53:19.971088,30,62,41,169,244,158,67,29,-9462,10286,3558,-7775,-703,-1956,-126,469,50,-812
2025-11-27T16:53:19.985812,31,65,41,166,197,145,60,29,-9561,10229,3635,-7693,-646,-2064,-128,427,-62,-824
2025-11-27T16:53:20.007765,30,60,42,192,238,175,61,24,-9658,10153,3725,-7629,-503,-2115,-156,500,-218,-779
2025-11-27T16:53:20.030740,33,48,44,196,235,188,67,28,-9772,10041,3811,-7589,-290,-2136,-96,705,-327,-679
2025-11-27T16:53:20.045359,31,46,47,195,239,188,66,28,-9890,9902,3888,-7580,-211,-2073,-38,851,-463,-580
2025-11-27T16:53:20.068312,31,45,46,215,238,185,64,30,-9997,9748,3951,-7606,-111,-2051,55,922,-563,-373
2025-11-27T16:53:20.090757,33,42,52,249,267,190,68,40,-10088,9593,4000,-7658,-29,-2049,150,917,-606,-164
2025-11-27T16:53:20.105014,35,41,64,238,240,162,63,44,-10156,9437,4036,-7742,1,-2098,245,898,-687,54
2025-11-27T16:53:20.127949,35,46,66,301,249,149,62,47,-10222,9257,4041,-7868,37,-2065,405,1055,-755,286
2025-11-27T16:53:20.150708,44,54,99,335,265,161,71,53,-10285,9060,4017,-8027,37,-1991,499,1207,-793,466
2025-11-27T16:53:20.164459,48,60,105,345,270,149,72,54,-10330,8873,3972,-8199,40,-1912,602,1155,-744,633
2025-11-27T16:53:20.188139,47,67,104,328,230,146,72,49,-10373,8685,3904,-8378,25,-1789,738,1172,-674,715
2025-11-27T16:53:20.210707,51,74,110,345,222,147,73,49,-10395,8519,3820,-8558,-1,-1667,785,1061,-582,827
2025-11-27T16:53:20.224986,52,73,117,304,371,307,126,59,-10391,8383,3736,-8730,-111,-1652,830,871,-510,869
2025-11-27T16:53:20.248247,50,70,96,308,366,312,128,61,-10384,8261,3646,-8893,-193,-1625,924,791,-430,842
2025-11-27T16:53:20.270728,52,73,89,287,377,347,134,60,-10370,8147,3576,-9041,-190,-1442,856,673,-448,750
2025-11-27T16:53:20.293265,56,72,89,270,417,358,136,60,-10361,8049,3517,-9162,-200,-1434,946,540,-347,622
2025-11-27T16:53:20.308222,52,66,75,228,414,361,137,60,-10347,7981,3473,-9253,-191,-1406,900,359,-231,538
2025-11-27T16:53:20.330819,49,61,59,220,312,269,90,46,-10324,7940,3432,-9329,-264,-1379,879,229,-146,498
2025-11-27T16:53:20.344927,43,57,55,197,313,262,84,34,-10293,7925,3397,-9389,-230,-1332,855,79,-43,495
2025-11-27T16:53:20.368401,36,49,105,347,310,231,74,33,-10238,7959,3381,-9426,-225,-1290,822,-244,82,495
2025-11-27T16:53:20.390346,25,48,114,355,281,219,70,33,-10153,8042,3388,-9446,-299,-1405,804,-564,154,518
2025-11-27T16:53:20.402578,22,55,136,380,298,218,73,30,-10054,8139,3404,-9462,-307,-1482,746,-650,159,561
2025-11-27T16:53:20.426138,22,60,144,384,276,191,74,30,-9950,8244,3416,-9477,-286,-1472,607,-626,181,604
2025-11-27T16:53:20.449708,28,60,165,385,299,182,72,31,-9842,8354,3429,-9488,-271,-1397,544,-661,201,611
2025-11-27T16:53:20.464933,31,66,148,290,275,156,68,29,-9718,8479,3453,-9496,-344,-1538,510,-768,186,642
2025-11-27T16:53:20.495491,31,71,174,378,315,156,67,28,-9574,8610,3474,-9517,-493,-1605,422,-781,113,714
2025-11-27T16:53:20.510711,37,71,174,387,314,162,68,31,-9443,8728,3488,-9535,-518,-1565,313,-648,98,661
2025-11-27T16:53:20.524947,53,76,183,428,302,154,67,36,-9330,8836,3507,-9540,-470,-1504,250,-592,107,550
2025-11-27T16:53:20.548829,58,116,184,463,319,147,65,39,-9218,8945,3533,-9538,-532,-1528,329,-668,128,485
2025-11-27T16:53:20.570646,64,119,201,505,370,171,72,41,-9092,9057,3550,-9548,-822,-1599,338,-684,69,489
2025-11-27T16:53:20.585015,67,139,241,555,342,179,75,43,-8973,9163,3577,-9549,-923,-1605,256,-660,32,365
2025-11-27T16:53:20.607699,74,149,264,601,368,175,75,41,-8877,9259,3629,-9526,-900,-1577,296,-708,46,129
2025-11-27T16:53:20.630657,67,154,258,594,401,190,81,40,-8785,9355,3692,-9492,-1011,-1593,368,-793,61,-6
2025-11-27T16:53:20.644981,63,135,271,604,399,216,91,41,-8697,9443,3754,-9463,-1264,-1771,442,-772,25,-84
2025-11-27T16:53:20.668219,58,135,285,585,364,206,88,41,-8606,9520,3833,-9437,-1441,-1863,470,-817,-88,-205
2025-11-27T16:53:20.690771,58,110,238,519,348,191,82,38,-8529,9574,3937,-9409,-1448,-1883,466,-796,-196,-370
2025-11-27T16:53:20.704880,47,91,213,462,329,186,79,37,-8474,9614,4052,-9370,-1272,-1953,530,-778,-166,-437
2025-11-27T16:53:20.728187,46,82,252,445,291,168,69,37,-8429,9655,4135,-9332,-1248,-1874,543,-668,-45,-373
2025-11-27T16:53:20.750486,56,68,238,448,236,130,62,34,-8364,9717,4220,-9287,-1365,-1869,444,-780,-18,-367
2025-11-27T16:53:20.764960,68,79,232,486,230,149,71,34,-8285,9770,4327,-9254,-1377,-1910,407,-843,-164,-382
2025-11-27T16:53:20.788179,71,92,275,473,230,152,73,36,-8212,9786,4451,-9242,-1248,-1950,416,-760,-376,-383
2025-11-27T16:53:20.810742,75,92,270,466,191,149,69,46,-8147,9782,4585,-9239,-1075,-1962,409,-700,-464,-372
2025-11-27T16:53:20.824910,72,89,262,463,179,144,73,45,-8098,9758,4700,-9249,-1049,-1975,429,-520,-488,-342
2025-11-27T16:53:20.848663,63,89,251,400,164,131,65,45,-8053,9738,4800,-9259,-990,-2013,376,-447,-432,-273
2025-11-27T16:53:20.870592,49,79,275,379,153,90,47,46,-8014,9714,4881,-9276,-972,-1971,414,-376,-399,-218
2025-11-27T16:53:20.885447,65,63,249,385,129,63,45,47,-7964,9694,4969,-9293,-910,-2020,373,-421,-427,-162
2025-11-27T16:53:20.908171,65,64,271,391,132,63,54,44,-7903,9668,5061,-9322,-939,-2031,352,-423,-515,-135
2025-11-27T16:53:20.930760,67,61,269,460,177,113,70,47,-7839,9629,5155,-9365,-893,-2062,405,-414,-602,-93
2025-11-27T16:53:20.953331,68,61,281,524,183,115,70,46,-7783,9581,5246,-9410,-689,-1942,409,-355,-604,-42
2025-11-27T16:53:20.975404,68,47,243,538,185,114,71,43,-7710,9552,5352,-9439,-846,-1969,260,-470,-601,-122
2025-11-27T16:53:20.990196,46,51,329,552,191,113,72,51,-7633,9502,5455,-9494,-915,-2156,299,-378,-746,-70
2025-11-27T16:53:21.010936,43,50,315,553,178,111,68,49,-7578,9426,5540,-9563,-697,-2117,375,-196,-763,1
2025-11-27T16:53:21.025284,42,47,299,501,134,70,57,55,-7536,9348,5594,-9643,-722,-2061,391,-28,-702,55
2025-11-27T16:53:21.048690,44,44,291,440,221,137,75,61,-7486,9280,5627,-9727,-737,-2043,401,3,-639,176
2025-11-27T16:53:21.073257,41,45,296,400,237,186,107,65,-7428,9229,5651,-9806,-744,-2054,395,-43,-571,249
2025-11-27T16:53:21.087356,40,39,186,392,239,190,106,59,-7356,9205,5666,-9874,-730,-1768,328,-124,-458,303
2025-11-27T16:53:21.110594,33,40,208,436,243,193,107,55,-7273,9173,5719,-9934,-842,-1845,295,-262,-587,150
2025-11-27T16:53:21.133175,34,46,205,477,244,193,104,48,-7224,9115,5782,-9987,-554,-1821,396,-190,-577,76
2025-11-27T16:53:21.147639,28,46,218,490,171,156,93,39,-7198,9058,5832,-10029,-768,-1972,379,-76,-484,-72
2025-11-27T16:53:21.170651,30,47,210,461,132,92,55,35,-7208,8991,5828,-10083,-760,-1848,415,255,-342,-40
2025-11-27T16:53:21.193706,30,46,198,423,113,82,54,37,-7218,8946,5821,-10120,-765,-1708,406,175,-217,-59
2025-11-27T16:53:21.207592,33,43,175,420,108,76,53,38,-7224,8925,5830,-10129,-693,-1745,394,3,-87,-73
2025-11-27T16:53:21.230650,31,37,188,443,102,59,45,35,-7236,8920,5848,-10115,-701,-1896,358,-62,16,-123
2025-11-27T16:53:21.253288,32,42,182,438,101,50,39,34,-7261,8918,5857,-10093,-580,-1918,352,-14,104,-97
2025-11-27T16:53:21.268158,32,41,186,452,99,47,42,45,-7280,8930,5870,-10062,-604,-1999,209,-25,135,-74
2025-11-27T16:53:21.290593,33,43,187,466,97,48,38,56,-7293,8941,5860,-10048,-481,-2039,305,33,151,121
2025-11-27T16:53:21.313279,30,45,184,445,92,45,38,64,-7292,8974,5831,-10036,-584,-2043,306,-4,230,228
2025-11-27T16:53:21.327271,26,41,162,358,87,45,38,66,-7281,9022,5794,-10023,-569,-2007,351,-71,301,326
2025-11-27T16:53:21.350789,27,37,153,341,57,39,39,72,-7269,9075,5746,-10012,-617,-1980,389,-68,341,348
2025-11-27T16:53:21.370937,25,35,131,345,118,41,34,68,-7274,9122,5690,-9997,-559,-1972,403,0,393,333
2025-11-27T16:53:21.385265,26,33,137,322,140,44,39,88,-7304,9164,5617,-9978,-605,-1925,462,117,491,252
2025-11-27T16:53:21.410550,27,32,134,272,147,46,37,87,-7373,9198,5529,-9945,-592,-1966,468,288,621,132
2025-11-27T16:53:21.433219,27,33,127,260,154,47,39,91,-7473,9228,5415,-9905,-588,-2048,560,435,771,114
2025-11-27T16:53:21.447508,27,36,116,252,163,48,40,89,-7584,9264,5264,-9868,-757,-2052,599,574,890,126
2025-11-27T16:53:21.470433,27,44,115,188,136,48,40,87,-7706,9305,5078,-9834,-860,-1989,678,683,1016,162
2025-11-27T16:53:21.493571,25,44,102,165,131,63,44,56,-7826,9355,4870,-9796,-1024,-1915,682,722,1098,158
2025-11-27T16:53:21.507516,26,49,102,157,140,105,57,51,-7947,9409,4649,-9754,-1133,-1853,709,747,1155,139
2025-11-27T16:53:21.530789,29,54,111,175,180,129,67,42,-8068,9471,4431,-9696,-1189,-1803,667,707,1210,76
2025-11-27T16:53:21.553387,30,66,118,168,192,143,70,34,-8187,9539,4219,-9625,-1263,-1686,599,673,1229,-20
2025-11-27T16:53:21.567528,30,64,109,177,189,144,70,34,-8310,9612,4027,-9529,-1313,-1653,516,608,1253,-185
2025-11-27T16:53:21.590573,31,67,104,210,251,173,80,38,-8430,9690,3859,-9412,-1342,-1735,418,532,1245,-296
2025-11-27T16:53:21.613257,30,62,82,220,301,181,84,34,-8530,9776,3717,-9289,-1400,-1849,354,389,1164,-323
2025-11-27T16:53:21.627536,38,81,66,203,311,183,83,35,-8627,9855,3587,-9167,-1352,-1821,302,387,1102,-340
2025-11-27T16:53:21.650754,40,75,54,225,351,212,98,39,-8726,9922,3469,-9045,-1272,-1721,224,409,1018,-387
2025-11-27T16:53:21.673256,41,74,54,235,373,221,103,40,-8798,10006,3397,-8909,-1243,-1795,88,174,928,-453
2025-11-27T16:53:21.687418,40,72,50,211,351,203,94,34,-8870,10087,3341,-8767,-1201,-1896,67,144,893,-491
2025-11-27T16:53:21.710795,41,72,51,188,303,177,82,33,-8953,10155,3296,-8619,-1144,-1976,-83,243,826,-554
2025-11-27T16:53:21.733278,32,44,46,188,274,170,76,31,-9066,10166,3256,-8504,-1212,-1942,-71,543,564,-680
2025-11-27T16:53:21.747348,28,48,40,176,246,162,57,28,-9193,10150,3250,-8387,-1005,-1987,-103,594,408,-774
2025-11-27T16:53:21.770727,29,48,39,217,228,158,52,30,-9303,10115,3271,-8300,-912,-1900,25,489,184,-739
2025-11-27T16:53:21.793598,31,51,43,216,200,152,51,35,-9401,10074,3333,-8214,-738,-2050,-102,424,6,-751
2025-11-27T16:53:21.807500,31,50,44,229,210,154,49,35,-9500,10001,3406,-8160,-586,-2006,2,494,-200,-675
2025-11-27T16:53:21.828480,31,53,53,226,218,156,54,35,-9590,9911,3488,-8129,-535,-2099,-67,571,-376,-601
2025-11-27T16:53:21.858727,35,41,54,215,197,130,54,38,-9684,9783,3564,-8139,-427,-2117,54,732,-563,-462
2025-11-27T16:53:21.882993,33,39,53,161,172,125,53,38,-9789,9621,3625,-8180,-320,-2082,163,925,-672,-350
2025-11-27T16:53:21.890040,33,44,54,218,270,237,99,41,-9877,9446,3678,-8254,-321,-2012,185,987,-812,-210
2025-11-27T16:53:21.913178,35,80,66,211,302,263,108,43,-9949,9263,3731,-8351,-253,-1919,269,952,-913,-87
2025-11-27T16:53:21.935777,38,103,61,232,301,265,107,43,-9997,9091,3791,-8455,-93,-1890,358,799,-921,64
2025-11-27T16:53:21.958494,39,110,63,259,292,263,109,42,-10019,8932,3844,-8573,-8,-1875,462,686,-911,258
2025-11-27T16:53:21.972937,40,111,64,265,305,277,113,41,-10009,8791,3887,-8710,-56,-1909,521,566,-918,450
2025-11-27T16:53:21.995929,39,112,60,218,227,196,78,35,-9987,8655,3906,-8862,-22,-1842,577,587,-876,621
2025-11-27T16:53:22.009994,38,92,46,231,201,187,74,33,-9964,8515,3897,-9026,58,-1736,622,676,-805,767
2025-11-27T16:53:22.033098,37,64,45,279,218,192,81,36,-9938,8383,3863,-9192,86,-1637,659,705,-685,868
2025-11-27T16:53:22.056087,33,52,39,251,211,187,77,33,-9896,8273,3801,-9361,7,-1533,722,640,-560,988
2025-11-27T16:53:22.069742,34,57,90,277,376,336,117,41,-9832,8193,3726,-9527,-121,-1454,750,503,-456,1063
2025-11-27T16:53:22.092959,34,50,100,339,374,340,116,41,-9754,8150,3658,-9670,-189,-1429,730,304,-325,1034
2025-11-27T16:53:22.114850,33,50,125,361,375,333,114,40,-9659,8138,3594,-9798,-287,-1385,792,86,-221,1022
2025-11-27T16:53:22.129555,30,51,134,333,381,345,113,38,-9559,8151,3534,-9906,-370,-1434,736,-6,-123,978
2025-11-27T16:53:22.152314,30,52,150,343,386,343,112,38,-9473,8166,3465,-10001,-400,-1308,778,-2,-31,891
2025-11-27T16:53:22.175511,27,61,145,322,214,187,64,30,-9382,8209,3406,-10072,-499,-1280,730,-150,67,793
2025-11-27T16:53:22.189593,30,67,164,286,233,190,70,34,-9290,8274,3363,-10117,-543,-1337,757,-312,169,696
2025-11-27T16:53:22.213228,31,69,184,312,226,183,73,36,-9197,8355,3329,-10148,-631,-1408,767,-410,230,636
2025-11-27T16:53:22.236196,32,89,182,323,208,177,70,37,-9098,8453,3303,-10164,-693,-1392,667,-486,263,584
2025-11-27T16:53:22.257451,35,105,243,328,224,191,80,38,-8906,8686,3326,-10130,-680,-1500,587,-717,312,369
2025-11-27T16:53:22.276840,38,106,236,336,240,189,81,37,-8805,8799,3350,-10112,-822,-1609,504,-681,223,368
2025-11-27T16:53:22.295020,37,117,220,363,259,238,93,38,-8710,8894,3370,-10106,-964,-1636,448,-555,116,324
2025-11-27T16:53:22.319167,38,118,204,355,294,241,90,38,-8628,8976,3399,-10093,-1045,-1630,346,-490,47,183
2025-11-27T16:53:22.337214,43,103,207,369,307,248,91,43,-8562,9033,3443,-10084,-1059,-1585,441,-468,-47,49
2025-11-27T16:53:22.354782,41,91,166,401,352,258,85,41,-8494,9083,3489,-10080,-1120,-1645,430,-450,-105,36
2025-11-27T16:53:22.377547,43,103,225,406,355,261,85,42,-8421,9137,3545,-10074,-1131,-1627,379,-506,-124,20
2025-11-27T16:53:22.397471,42,96,246,394,356,229,74,40,-8354,9198,3620,-10047,-1127,-1586,345,-600,-86,-127
2025-11-27T16:53:22.419018,67,114,277,393,355,233,80,40,-8286,9250,3715,-10021,-1161,-1597,440,-697,-153,-211
2025-11-27T16:53:22.437407,74,121,283,382,332,199,74,35,-8199,9302,3815,-10007,-1284,-1721,474,-768,-222,-161
2025-11-27T16:53:22.456524,76,123,260,369,276,172,71,34,-8114,9340,3916,-10002,-1346,-1812,464,-710,-307,-171
2025-11-27T16:53:22.474880,76,111,246,397,272,180,80,40,-8028,9369,4038,-9996,-1287,-1820,472,-781,-377,-226
2025-11-27T16:53:22.497382,79,137,271,475,301,154,76,41,-7952,9381,4151,-9998,-1260,-1861,539,-694,-398,-216
2025-11-27T16:53:22.516980,65,127,265,474,270,136,68,39,-7877,9368,4240,-10032,-1334,-1841,639,-554,-501,-136
2025-11-27T16:53:22.534881,59,125,274,482,271,131,67,38,-7799,9345,4316,-10083,-1307,-1748,673,-491,-543,-61
2025-11-27T16:53:22.556755,61,122,279,481,328,208,97,40,-7709,9329,4418,-10122,-1218,-1742,632,-645,-567,-89
2025-11-27T16:53:22.576572,58,121,256,478,351,221,101,40,-7619,9311,4547,-10150,-1159,-1767,613,-741,-604,-179
2025-11-27T16:53:22.595353,54,82,235,392,302,220,100,37,-7549,9276,4682,-10173,-959,-1879,668,-686,-594,-193
2025-11-27T16:53:22.617458,49,73,202,448,294,221,103,39,-7492,9240,4797,-10194,-967,-1860,562,-531,-549,-196
2025-11-27T16:53:22.636714,49,70,231,447,292,223,104,51,-7444,9203,4901,-10214,-1005,-1959,537,-441,-518,-194
2025-11-27T16:53:22.654893,47,66,263,527,273,153,74,57,-7404,9155,4984,-10245,-929,-1828,569,-328,-505,-153
2025-11-27T16:53:22.677469,46,58,279,561,229,106,62,54,-7367,9096,5067,-10283,-933,-1839,586,-287,-563,-167
2025-11-27T16:53:22.696828,47,59,275,583,215,87,57,54,-7311,9046,5173,-10316,-898,-1884,541,-431,-612,-148
2025-11-27T16:53:22.714899,48,63,309,575,207,78,56,57,-7268,8984,5265,-10353,-901,-2004,595,-319,-601,-145
2025-11-27T16:53:22.737398,47,67,354,607,200,70,56,52,-7237,8923,5338,-10389,-781,-1902,536,-198,-528,-100
2025-11-27T16:53:22.758769,43,67,338,552,98,57,58,46,-7207,8875,5405,-10417,-817,-1885,502,-207,-453,-105
2025-11-27T16:53:22.774366,46,73,348,543,114,65,59,48,-7165,8833,5478,-10443,-784,-1836,485,-277,-463,-75
2025-11-27T16:53:22.797766,47,72,345,515,131,90,71,49,-7138,8785,5541,-10469,-696,-1848,521,-201,-420,-66
2025-11-27T16:53:22.816732,42,69,335,498,186,135,86,46,-7120,8747,5607,-10478,-548,-1843,539,-247,-301,-68
2025-11-27T16:53:22.834851,35,59,264,459,199,142,87,41,-7117,8721,5660,-10474,-554,-1798,504,-207,-170,-107
2025-11-27T16:53:22.856978,41,60,270,470,202,144,89,44,-7102,8708,5717,-10463,-892,-1923,426,-247,-186,-216
2025-11-27T16:53:22.876565,40,53,245,419,188,142,86,46,-7101,8678,5767,-10462,-702,-1941,482,-145,-205,-159
2025-11-27T16:53:22.894870,41,56,299,473,174,127,76,48,-7107,8649,5808,-10459,-744,-1827,429,-91,-174,-208
2025-11-27T16:53:22.917421,40,54,280,527,111,74,52,45,-7102,8625,5866,-10449,-748,-1870,441,-211,-197,-232
2025-11-27T16:53:22.936640,43,51,276,535,86,60,48,45,-7092,8607,5937,-10432,-691,-1978,438,-290,-192,-215
2025-11-27T16:53:22.954818,38,53,318,607,80,58,43,40,-7078,8594,5984,-10424,-774,-2001,468,-233,-152,-137
2025-11-27T16:53:22.977552,36,53,336,625,66,48,38,35,-7049,8588,6031,-10422,-702,-1875,328,-223,-192,-48
2025-11-27T16:53:22.997251,34,47,293,620,65,46,40,34,-7009,8584,6088,-10420,-855,-2019,229,-238,-269,-80
2025-11-27T16:53:23.015018,34,45,294,551,58,46,44,39,-6995,8541,6118,-10446,-662,-1938,345,25,-332,-37
2025-11-27T16:53:23.037469,33,46,282,520,64,42,44,41,-7000,8492,6130,-10476,-703,-1931,373,151,-282,-72
2025-11-27T16:53:23.056897,30,37,211,383,62,36,42,41,-7006,8448,6129,-10508,-626,-1908,449,168,-215,9
2025-11-27T16:53:23.074881,30,37,201,437,64,36,43,55,-7010,8421,6122,-10532,-596,-1841,496,92,-109,49
2025-11-27T16:53:23.097413,31,36,175,383,64,34,41,61,-7007,8413,6117,-10543,-659,-1952,494,8,-34,65
2025-11-27T16:53:23.116354,30,34,156,360,61,33,37,67,-7021,8405,6101,-10549,-568,-2049,542,75,63,94
2025-11-27T16:53:23.134990,29,34,156,360,52,33,34,76,-7056,8396,6051,-10561,-493,-2064,643,231,190,167
2025-11-27T16:53:23.157242,28,32,150,373,50,32,31,83,-7102,8397,5972,-10575,-537,-2065,701,328,320,218
2025-11-27T16:53:23.176403,27,29,85,244,55,38,30,86,-7167,8407,5862,-10584,-532,-2122,775,445,492,265
2025-11-27T16:53:23.194556,31,34,102,219,56,40,29,84,-7252,8430,5708,-10593,-555,-2121,836,609,702,349
2025-11-27T16:53:23.217473,32,36,101,196,59,40,25,84,-7344,8471,5513,-10599,-661,-2093,886,718,880,419
2025-11-27T16:53:23.236629,32,37,107,185,81,39,26,76,-7452,8522,5278,-10602,-730,-1995,941,852,1064,457
2025-11-27T16:53:23.255904,33,39,104,133,86,41,27,78,-7575,8586,5015,-10592,-849,-1938,920,964,1226,424
2025-11-27T16:53:23.277274,33,39,103,121,90,36,25,67,-7699,8658,4730,-10575,-981,-1882,909,1026,1317,424
2025-11-27T16:53:23.296656,30,32,80,103,113,66,34,64,-7836,8727,4421,-10551,-1167,-1758,885,1158,1382,333
2025-11-27T16:53:23.314836,33,33,80,118,202,164,76,62,-7979,8795,4120,-10509,-1239,-1603,841,1135,1397,190
2025-11-27T16:53:23.337486,37,41,69,117,231,201,89,64,-8143,8868,3844,-10426,-1265,-1465,675,1098,1451,-101
2025-11-27T16:53:23.358565,37,43,60,133,264,245,107,53,-8311,8964,3613,-10294,-1244,-1415,598,847,1549,-346
2025-11-27T16:53:23.374595,37,42,84,159,298,278,122,55,-8484,9072,3439,-10116,-1274,-1387,500,613,1617,-507
2025-11-27T16:53:23.397967,39,48,100,163,300,287,126,55,-8605,9214,3301,-9930,-1474,-1471,335,295,1462,-658
2025-11-27T16:53:23.416556,40,59,104,160,284,253,110,50,-8710,9346,3219,-9740,-1446,-1588,245,124,1251,-767
2025-11-27T16:53:23.434932,33,59,103,153,272,242,107,44,-8821,9455,3183,-9545,-1210,-1713,218,74,1099,-845
2025-11-27T16:53:23.457103,33,57,102,148,258,206,93,42,-8950,9543,3160,-9343,-1079,-1818,108,205,1025,-919
2025-11-27T16:53:23.484475,36,59,82,123,220,164,74,38,-9107,9583,3147,-9152,-1170,-1864,-20,474,794,-1107
2025-11-27T16:53:23.494956,35,59,59,133,255,176,81,40,-9275,9579,3168,-8979,-1046,-1915,-5,568,528,-1197
2025-11-27T16:53:23.524960,33,50,44,133,238,180,82,38,-9446,9528,3219,-8836,-763,-1877,11,657,227,-1156
2025-11-27T16:53:23.536467,35,46,38,143,224,156,74,40,-9585,9463,3308,-8723,-608,-1897,-79,567,-68,-1053
2025-11-27T16:53:23.555390,35,44,38,137,203,148,71,38,-9683,9383,3439,-8649,-490,-2056,-32,406,-397,-883
2025-11-27T16:53:23.577468,33,44,45,147,216,149,72,38,-9760,9267,3569,-8635,-335,-2213,112,497,-664,-582
2025-11-27T16:53:23.596758,32,40,46,140,202,128,56,31,-9829,9113,3649,-8687,-275,-2161,259,767,-804,-223
2025-11-27T16:53:23.622428,32,44,51,143,195,126,58,32,-9889,8937,3692,-8783,-300,-2036,317,944,-888,-7
2025-11-27T16:53:23.637322,31,42,55,141,190,125,58,29,-9942,8745,3720,-8905,-309,-2002,545,972,-941,110
2025-11-27T16:53:23.656698,32,44,53,191,205,125,56,30,-9992,8539,3731,-9043,-351,-2001,584,1093,-985,179
2025-11-27T16:53:23.675119,32,41,49,197,201,121,52,29,-10048,8309,3723,-9196,-359,-1895,696,1229,-1031,209
2025-11-27T16:53:23.697469,28,41,47,196,188,141,62,30,-10099,8073,3719,-9351,-312,-1748,701,1223,-1065,208
2025-11-27T16:53:23.716402,31,39,41,199,178,146,66,36,-10136,7844,3731,-9500,-252,-1696,754,1092,-1086,208
2025-11-27T16:53:23.734983,35,41,38,202,208,162,72,39,-10157,7621,3751,-9650,-172,-1730,829,1004,-1091,288
2025-11-27T16:53:23.757089,35,40,37,177,290,204,85,38,-10171,7399,3752,-9807,-152,-1699,905,1038,-1040,382
2025-11-27T16:53:23.779879,36,39,38,186,313,213,91,38,-10173,7186,3734,-9969,-142,-1551,904,1040,-976,480
2025-11-27T16:53:23.799697,47,40,40,198,306,192,83,38,-10164,6982,3703,-10133,-97,-1477,949,1014,-900,572
2025-11-27T16:53:23.817456,47,34,41,198,314,196,79,33,-10141,6798,3653,-10297,-87,-1419,1008,954,-780,688
2025-11-27T16:53:23.839871,46,32,41,208,341,213,85,30,-10097,6656,3587,-10456,-157,-1374,990,827,-608,804
2025-11-27T16:53:23.859180,46,34,46,199,295,179,79,34,-10045,6541,3506,-10605,-213,-1271,1037,721,-458,828
2025-11-27T16:53:23.877522,46,36,58,194,304,208,89,36,-9993,6457,3419,-10733,-177,-1109,1079,559,-260,807
2025-11-27T16:53:23.899948,36,36,79,249,308,208,89,35,-9925,6427,3352,-10835,-213,-1070,1051,243,-101,780
2025-11-27T16:53:23.919296,32,38,117,277,298,192,86,34,-9855,6439,3295,-10909,-283,-1074,1099,15,67,702
2025-11-27T16:53:23.937330,34,53,195,311,251,161,78,37,-9780,6495,3261,-10954,-333,-1146,1089,-239,204,618
2025-11-27T16:53:23.959490,36,70,228,335,217,153,73,35,-9716,6571,3219,-10977,-353,-1088,1074,-291,365,531
2025-11-27T16:53:23.978817,58,73,243,353,150,90,55,34,-9656,6673,3177,-10981,-381,-1116,1114,-398,515,486
2025-11-27T16:53:23.997419,70,77,245,346,133,95,55,34,-9586,6816,3153,-10962,-408,-1160,1026,-612,639,452
2025-11-27T16:53:24.019627,76,110,265,360,136,94,54,37,-9514,6991,3148,-10915,-454,-1210,981,-805,751,356
2025-11-27T16:53:24.039046,80,105,231,369,135,100,53,33,-9432,7189,3163,-10853,-548,-1312,948,-971,769,308
2025-11-27T16:53:24.057215,92,98,214,378,155,143,70,43,-9327,7409,3205,-10783,-661,-1435,778,-1124,713,315
2025-11-27T16:53:24.087600,89,96,197,388,185,154,72,43,-9220,7628,3256,-10708,-646,-1505,632,-1108,677,303
2025-11-27T16:53:24.099207,81,93,215,391,250,160,72,42,-9131,7820,3294,-10634,-636,-1562,686,-962,664,266
2025-11-27T16:53:24.117104,77,57,204,409,310,178,76,41,-9044,8003,3320,-10563,-817,-1534,607,-869,612,217
2025-11-27T16:53:24.139928,70,75,197,387,321,177,74,41,-8954,8180,3351,-10494,-1000,-1586,490,-839,510,145
2025-11-27T16:53:24.159723,61,90,187,438,364,185,73,31,-8862,8350,3408,-10419,-1006,-1650,507,-938,443,70
2025-11-27T16:53:24.181677,63,98,229,452,359,184,75,32,-8779,8494,3456,-10358,-973,-1658,658,-871,399,92
2025-11-27T16:53:24.200250,83,111,226,445,350,188,78,36,-8685,8625,3497,-10315,-1146,-1667,620,-824,278,116
2025-11-27T16:53:24.219052,88,112,201,447,383,194,81,37,-8591,8737,3552,-10280,-1246,-1637,545,-790,124,26
2025-11-27T16:53:24.237111,88,100,199,463,425,212,94,42,-8512,8832,3652,-10229,-1130,-1656,551,-889,31,-171
2025-11-27T16:53:24.259938,83,115,206,393,398,184,85,44,-8439,8902,3759,-10191,-1174,-1738,675,-872,-80,-216
2025-11-27T16:53:24.279053,76,119,163,353,401,187,84,43,-8363,8961,3846,-10169,-1312,-1748,680,-766,-125,-181
2025-11-27T16:53:24.297432,57,112,161,383,403,184,83,40,-8289,9021,3938,-10142,-1280,-1788,642,-787,-112,-195
2025-11-27T16:53:24.319565,47,110,165,367,366,172,80,39,-8215,9082,4036,-10109,-1209,-1767,580,-801,-105,-203
2025-11-27T16:53:24.339160,50,111,181,366,304,147,70,36,-8152,9124,4115,-10090,-1248,-1779,617,-656,-130,-192
2025-11-27T16:53:24.361639,53,94,175,385,297,141,66,33,-8084,9148,4189,-10093,-1322,-1750,678,-620,-244,-164
2025-11-27T16:53:24.379933,54,83,172,384,316,152,67,96,-8026,9154,4272,-10099,-1268,-1799,704,-575,-315,-214
2025-11-27T16:53:24.399520,52,80,181,471,287,141,69,103,-7971,9155,4368,-10099,-1105,-1886,706,-602,-315,-196
2025-11-27T16:53:24.417422,54,77,205,511,280,142,78,107,-7907,9159,4463,-10105,-1019,-1813,629,-607,-336,-119
2025-11-27T16:53:24.443954,54,80,213,506,289,145,78,111,-7846,9151,4543,-10124,-1121,-1878,548,-453,-409,-105
2025-11-27T16:53:24.459237,48,73,218,493,283,150,81,122,-7802,9124,4610,-10152,-994,-1842,593,-314,-411,-77
2025-11-27T16:53:24.477381,47,72,222,484,296,171,103,120,-7767,9089,4663,-10186,-961,-1770,696,-267,-380,-62
2025-11-27T16:53:24.499975,46,74,216,474,326,223,131,127,-7732,9065,4719,-10208,-952,-1863,705,-323,-309,-72
2025-11-27T16:53:24.519087,45,75,193,420,309,219,126,126,-7699,9047,4786,-10219,-809,-1788,650,-371,-278,-77
2025-11-27T16:53:24.537109,40,68,178,428,300,220,126,124,-7672,9028,4856,-10222,-828,-1866,560,-324,-274,-129
2025-11-27T16:53:24.559642,42,55,171,425,294,216,126,118,-7646,9015,4924,-10221,-826,-1864,437,-281,-267,-127
2025-11-27T16:53:24.578639,60,55,163,431,281,201,113,163,-7618,8990,4984,-10234,-915,-1868,420,-195,-344,-130
2025-11-27T16:53:24.597469,62,47,139,314,305,196,91,165,-7583,8960,5052,-10253,-841,-1856,418,-224,-409,-97
2025-11-27T16:53:24.619879,62,44,154,398,341,219,99,165,-7537,8930,5130,-10275,-752,-1891,424,-290,-443,-31
2025-11-27T16:53:24.642487,63,44,141,386,347,218,97,167,-7501,8892,5193,-10302,-691,-1780,421,-192,-432,-19
2025-11-27T16:53:24.657401,63,45,144,430,345,218,94,164,-7459,8868,5261,-10319,-835,-1804,355,-243,-409,-82
2025-11-27T16:53:24.679970,39,39,158,469,318,201,85,81,-7423,8838,5321,-10339,-713,-1872,462,-224,-365,-16
2025-11-27T16:53:24.702387,34,39,165,498,239,142,65,57,-7390,8821,5368,-10354,-808,-1774,461,-226,-276,-39
2025-11-27T16:53:24.717415,36,45,181,537,122,80,40,52,-7356,8805,5423,-10363,-821,-1734,462,-275,-282,-98
2025-11-27T16:53:24.739930,41,51,212,606,93,66,35,47,-7321,8790,5508,-10356,-769,-1830,392,-378,-312,-179
2025-11-27T16:53:24.762277,42,50,252,647,77,56,33,43,-7311,8758,5579,-10351,-728,-1841,474,-246,-276,-239
2025-11-27T16:53:24.777430,61,51,253,633,84,46,31,41,-7325,8729,5630,-10339,-660,-1740,476,-140,-144,-272
2025-11-27T16:53:24.800344,63,50,245,603,81,38,29,45,-7344,8721,5693,-10297,-577,-1848,426,-246,-4,-300
2025-11-27T16:53:24.822116,63,48,220,511,80,35,31,47,-7358,8731,5758,-10243,-565,-2215,451,-321,88,-214
2025-11-27T16:53:24.837505,61,44,193,440,81,35,32,49,-7376,8746,5758,-10217,-550,-2326,572,-91,221,71
2025-11-27T16:53:24.859911,59,42,142,389,77,33,32,54,-7383,8777,5704,-10215,-592,-2143,561,60,314,308
2025-11-27T16:53:24.882419,40,41,126,368,63,35,31,60,-7390,8817,5630,-10217,-623,-1978,620,70,393,366
2025-11-27T16:53:24.896999,39,39,129,364,59,31,32,59,-7398,8866,5557,-10209,-616,-1979,692,-8,471,354
2025-11-27T16:53:24.919907,39,35,130,359,67,36,33,64,-7421,8915,5472,-10196,-692,-2093,702,80,542,323
2025-11-27T16:53:24.942310,38,33,115,318,99,36,33,92,-7470,8952,5365,-10185,-733,-2110,699,279,597,274
2025-11-27T16:53:24.957770,38,30,107,235,105,38,33,90,-7558,8970,5216,-10180,-757,-2098,738,590,694,241
2025-11-27T16:53:24.979855,39,32,110,232,127,34,33,88,-7673,8983,5021,-10182,-816,-1986,805,835,826,258
2025-11-27T16:53:25.010628,35,32,101,211,135,40,31,85,-7796,9004,4795,-10178,-962,-1873,834,922,955,241
2025-11-27T16:53:25.017203,30,30,109,167,140,41,29,81,-7920,9036,4561,-10162,-1064,-1761,869,890,1043,191
2025-11-27T16:53:25.040093,28,31,107,149,133,76,35,48,-8045,9078,4334,-10126,-1161,-1777,832,843,1105,94
2025-11-27T16:53:25.062404,30,57,111,145,246,165,72,46,-8179,9117,4114,-10075,-1252,-1763,840,836,1125,-40
2025-11-27T16:53:25.077384,33,72,109,127,264,197,87,45,-8329,9171,3903,-9986,-1255,-1678,668,839,1249,-212
2025-11-27T16:53:25.099554,34,78,111,204,290,212,95,45,-8497,9224,3696,-9875,-1309,-1564,634,857,1305,-409
2025-11-27T16:53:25.122325,36,81,93,241,294,216,98,48,-8662,9292,3522,-9730,-1295,-1631,441,752,1321,-552
2025-11-27T16:53:25.137356,39,87,95,249,325,227,104,41,-8792,9381,3394,-9571,-1376,-1623,283,478,1213,-639
2025-11-27T16:53:25.159959,36,85,70,247,258,187,86,41,-8907,9468,3297,-9413,-1470,-1668,251,350,1072,-730
2025-11-27T16:53:25.182383,35,75,63,244,244,168,82,44,-9011,9546,3245,-9252,-1344,-1704,191,211,912,-798
2025-11-27T16:53:25.197071,36,71,58,191,239,171,83,44,-9106,9615,3238,-9088,-1240,-1880,113,124,747,-856
2025-11-27T16:53:25.219874,33,69,54,152,278,204,90,40,-9229,9635,3241,-8940,-1251,-1963,81,374,532,-980
2025-11-27T16:53:25.242470,32,75,50,138,257,226,103,48,-9361,9628,3263,-8802,-1114,-2007,-36,506,356,-1023
2025-11-27T16:53:25.257368,34,68,46,128,282,236,104,48,-9484,9592,3304,-8693,-969,-2004,-52,558,119,-945
2025-11-27T16:53:25.287378,37,70,44,126,273,226,96,47,-9609,9517,3358,-8618,-841,-2158,-86,735,-142,-851
2025-11-27T16:53:25.302462,36,68,40,111,257,213,86,46,-9721,9406,3423,-8588,-730,-2058,-90,830,-440,-723
2025-11-27T16:53:25.317448,37,69,46,100,232,191,80,45,-9797,9279,3500,-8608,-630,-2082,-37,788,-704,-476
2025-11-27T16:53:25.340016,37,62,50,115,275,191,69,38,-9849,9130,3578,-8677,-535,-2125,121,789,-918,-227
2025-11-27T16:53:25.362502,38,57,50,129,255,179,71,38,-9894,8950,3650,-8782,-430,-2089,217,901,-1084,-73
2025-11-27T16:53:25.377396,35,64,53,130,254,179,71,34,-9941,8734,3717,-8918,-400,-2148,276,1089,-1262,9
2025-11-27T16:53:25.399962,35,83,58,128,243,177,71,33,-10004,8464,3759,-9089,-305,-2086,428,1396,-1386,113
2025-11-27T16:53:25.422318,34,80,53,123,221,163,65,33,-10070,8143,3749,-9309,-255,-2001,525,1646,-1510,212
2025-11-27T16:53:25.437404,32,77,49,133,152,103,49,28,-10143,7787,3719,-9544,-149,-1858,647,1859,-1576,255
2025-11-27T16:53:25.457636,34,78,52,123,194,153,55,28,-10206,7420,3676,-9783,-30,-1619,794,1899,-1580,325
2025-11-27T16:53:25.480274,37,72,48,129,210,167,60,30,-10255,7066,3632,-10007,104,-1481,887,1796,-1499,345
2025-11-27T16:53:25.495019,37,51,44,153,208,166,62,32,-10306,6723,3618,-10196,278,-1292,945,1593,-1315,385
2025-11-27T16:53:25.519847,41,80,54,160,227,190,79,35,-10326,6431,3599,-10369,379,-1194,1107,1267,-1069,531
2025-11-27T16:53:25.543723,44,112,55,149,213,189,79,36,-10316,6205,3573,-10524,438,-1142,1155,960,-784,674
2025-11-27T16:53:25.564392,44,116,57,140,167,145,70,38,-10285,6046,3526,-10662,375,-1082,1280,685,-465,784
2025-11-27T16:53:25.579993,38,115,69,172,143,130,66,34,-10241,5957,3469,-10772,269,-928,1253,381,-167,769
2025-11-27T16:53:25.602734,39,122,110,224,165,140,69,34,-10184,5941,3442,-10843,124,-1081,1255,3,17,674
2025-11-27T16:53:25.624917,37,123,138,241,242,183,80,36,-10095,5999,3458,-10890,85,-1206,1180,-434,136,711
2025-11-27T16:53:25.639578,34,100,173,290,259,193,83,36,-10011,6071,3444,-10932,69,-1203,1141,-358,302,752
2025-11-27T16:53:25.662458,31,95,181,356,253,189,82,33,-9943,6146,3403,-10964,89,-953,1129,-335,458,705
2025-11-27T16:53:25.685000,32,104,239,464,261,198,83,33,-9874,6258,3374,-10973,25,-924,1119,-541,589,620
2025-11-27T16:53:25.699895,31,100,232,460,262,200,81,32,-9803,6425,3374,-10940,-56,-1075,1123,-855,763,490
2025-11-27T16:53:25.722326,29,79,236,496,190,142,55,26,-9740,6615,3373,-10884,-168,-1268,1167,-905,899,402
2025-11-27T16:53:25.744493,27,69,242,496,188,140,53,27,-9688,6814,3358,-10812,-248,-1337,1073,-837,997,337
2025-11-27T16:53:25.760164,25,64,240,459,190,139,51,27,-9657,7024,3339,-10710,-259,-1297,847,-783,1114,178
2025-11-27T16:53:25.782393,27,51,197,397,190,128,50,30,-9644,7250,3331,-10573,-325,-1258,704,-845,1199,-41
2025-11-27T16:53:25.805460,27,44,200,446,188,123,48,30,-9627,7493,3354,-10410,-438,-1359,677,-1034,1193,-195
2025-11-27T16:53:25.819832,25,43,190,435,196,134,52,32,-9601,7753,3392,-10229,-504,-1451,522,-1128,1205,-251
2025-11-27T16:53:25.846673,30,48,166,456,190,129,61,37,-9572,8028,3437,-10028,-585,-1506,305,-1151,1235,-333
2025-11-27T16:53:25.865005,32,66,184,485,246,133,68,37,-9555,8300,3489,-9802,-582,-1495,211,-1154,1273,-481
2025-11-27T16:53:25.879923,31,71,252,453,249,150,74,37,-9540,8563,3551,-9566,-649,-1556,192,-1173,1237,-587
2025-11-27T16:53:25.902294,31,70,269,459,253,144,73,36,-9518,8799,3621,-9345,-864,-1694,224,-1138,1048,-656
2025-11-27T16:53:25.924727,32,71,300,464,263,138,71,37,-9506,9004,3717,-9121,-936,-1810,159,-1073,877,-831
2025-11-27T16:53:25.939928,28,68,305,442,278,152,63,29,-9511,9181,3831,-8889,-827,-1874,207,-1044,817,-963
2025-11-27T16:53:25.962344,33,90,370,493,271,154,59,33,-9519,9353,3935,-8654,-922,-2056,317,-1056,869,-988
2025-11-27T16:53:25.984918,31,85,323,508,320,145,53,32,-9501,9520,4006,-8456,-1220,-2107,260,-976,776,-850
2025-11-27T16:53:25.999766,37,99,315,498,330,151,59,37,-9496,9647,4070,-8285,-1305,-2069,277,-783,620,-899
2025-11-27T16:53:26.026653,36,101,319,490,327,146,62,35,-9479,9771,4177,-8104,-1172,-2070,215,-947,503,-990
2025-11-27T16:53:26.044902,38,100,331,506,319,128,68,38,-9464,9867,4285,-7948,-1176,-2216,316,-883,370,-960
2025-11-27T16:53:26.059637,33,84,271,539,314,140,72,34,-9467,9918,4362,-7837,-1252,-2346,433,-592,247,-858
2025-11-27T16:53:26.082440,36,92,272,563,302,142,80,35,-9471,9937,4431,-7768,-1334,-2263,476,-440,49,-818
2025-11-27T16:53:26.104412,33,81,266,531,299,135,76,34,-9475,9944,4520,-7704,-1164,-2304,437,-436,-57,-810
2025-11-27T16:53:26.119517,33,81,244,546,287,128,72,35,-9484,9930,4606,-7659,-1056,-2353,480,-335,-148,-735
2025-11-27T16:53:26.142380,36,86,266,540,303,135,69,35,-9513,9892,4668,-7635,-985,-2289,485,-101,-170,-656
2025-11-27T16:53:26.165341,36,75,245,440,329,185,83,37,-9543,9851,4725,-7616,-857,-2199,457,-55,-176,-588
2025-11-27T16:53:26.179824,34,69,267,410,316,186,78,37,-9557,9822,4791,-7595,-734,-2184,361,-126,-197,-504
2025-11-27T16:53:26.202140,33,63,271,421,308,184,80,36,-9561,9799,4848,-7583,-663,-2201,296,-104,-208,-383
2025-11-27T16:53:26.224912,33,61,248,376,312,190,82,35,-9567,9767,4895,-7588,-586,-2119,267,-1,-249,-287
2025-11-27T16:53:26.240679,29,56,192,389,301,190,82,37,-9572,9733,4939,-7596,-522,-2042,258,14,-255,-245
2025-11-27T16:53:26.262389,28,47,186,369,258,121,63,35,-9573,9705,4985,-7600,-484,-2020,243,-25,-244,-235
2025-11-27T16:53:26.285029,29,41,159,345,228,108,60,33,-9574,9669,5034,-7613,-437,-1971,263,0,-290,-214
2025-11-27T16:53:26.299933,29,44,167,367,235,105,57,33,-9567,9648,5086,-7613,-435,-2163,201,-65,-247,-204
2025-11-27T16:53:26.322374,29,40,170,410,298,99,64,33,-9573,9611,5113,-7634,-452,-2174,248,114,-247,-122
2025-11-27T16:53:26.344929,30,44,196,362,290,72,58,30,-9582,9578,5116,-7662,-416,-2024,218,197,-177,-22
2025-11-27T16:53:26.360059,30,49,213,538,319,69,56,32,-9568,9568,5130,-7683,-398,-1991,200,9,-173,27
2025-11-27T16:53:26.382215,30,49,207,563,338,76,61,33,-9546,9566,5151,-7699,-418,-2087,212,-65,-174,22
2025-11-27T16:53:26.405439,29,52,190,649,382,127,69,32,-9538,9552,5164,-7718,-331,-2125,295,0,-148,50
2025-11-27T16:53:26.419862,28,58,226,639,330,127,64,32,-9542,9538,5168,-7726,-309,-1996,270,52,-59,11
2025-11-27T16:53:26.442498,27,55,203,652,334,131,66,32,-9550,9530,5181,-7718,-267,-1992,265,-2,-14,-50
2025-11-27T16:53:26.473386,26,53,209,592,292,131,65,28,-9561,9530,5200,-7692,-216,-1977,249,-65,47,-99
2025-11-27T16:53:26.480115,27,58,244,586,273,131,66,31,-9572,9529,5215,-7669,-336,-2060,240,-33,42,-140
2025-11-27T16:53:26.502196,27,50,241,451,186,85,57,33,-9584,9528,5230,-7646,-262,-2117,219,-15,46,-103
2025-11-27T16:53:26.524915,28,44,204,430,170,76,52,32,-9605,9519,5229,-7631,-295,-2081,247,78,72,-84
2025-11-27T16:53:26.539941,27,42,204,429,137,67,49,32,-9618,9520,5226,-7616,-309,-2030,249,20,84,-56
2025-11-27T16:53:26.562299,28,40,210,332,128,62,48,31,-9614,9538,5232,-7594,-305,-2039,230,-121,91,-29
2025-11-27T16:53:26.584911,28,35,180,291,106,45,39,29,-9608,9554,5236,-7577,-329,-2073,272,-128,77,-13
2025-11-27T16:53:26.607405,29,34,181,328,112,44,46,28,-9610,9564,5238,-7563,-328,-2089,234,-52,70,-30
2025-11-27T16:53:26.622348,28,35,191,338,114,45,45,27,-9623,9558,5233,-7555,-329,-2086,220,77,50,-42
2025-11-27T16:53:26.644916,27,34,210,316,124,44,44,26,-9638,9550,5222,-7555,-334,-2023,215,116,37,-21
2025-11-27T16:53:26.667435,27,36,186,358,128,96,61,28,-9637,9551,5222,-7555,-346,-1979,194,7,-13,0
2025-11-27T16:53:26.682083,28,35,161,367,176,148,79,31,-9619,9557,5245,-7554,-305,-1946,188,-118,-91,-8
2025-11-27T16:53:26.704390,29,37,155,376,210,164,92,36,-9595,9574,5284,-7536,-199,-1959,128,-222,-68,-32
2025-11-27T16:53:26.727417,31,37,137,378,242,220,120,45,-9566,9590,5330,-7520,-230,-2001,99,-235,-115,-45
2025-11-27T16:53:26.742337,33,34,95,388,275,239,131,49,-9545,9600,5375,-7502,-171,-1879,56,-181,-110,-70
2025-11-27T16:53:26.764911,34,34,77,335,293,242,132,50,-9516,9612,5422,-7489,-210,-2087,53,-204,-138,-37
2025-11-27T16:53:26.787358,33,36,89,310,303,233,128,50,-9504,9605,5446,-7496,-221,-2116,132,-27,-141,17
2025-11-27T16:53:26.810654,34,47,110,229,283,231,120,43,-9498,9595,5443,-7519,-262,-2084,173,74,-102,111
2025-11-27T16:53:26.824983,34,49,111,188,292,198,96,34,-9470,9600,5437,-7552,-402,-2065,224,-44,-128,169
2025-11-27T16:53:26.847419,33,51,114,135,265,177,88,42,-9392,9631,5458,-7594,-478,-2062,233,-364,-274,253
2025-11-27T16:53:26.862428,33,52,111,123,265,162,75,40,-9268,9669,5502,-7666,-485,-2151,190,-518,-514,421
2025-11-27T16:53:26.885077,32,50,103,116,237,144,71,40,-9121,9681,5577,-7773,-550,-2108,127,-509,-843,409
2025-11-27T16:53:26.907371,29,38,76,122,276,159,77,42,-8965,9679,5695,-7871,-473,-1880,13,-579,-1010,262
2025-11-27T16:53:26.922666,27,35,71,108,269,192,101,50,-8787,9672,5864,-7956,-358,-1956,-55,-774,-1177,179
2025-11-27T16:53:26.944920,25,33,63,94,280,201,104,43,-8624,9639,6045,-8038,-291,-2084,35,-750,-1235,89
2025-11-27T16:53:26.965357,26,28,54,96,263,196,104,43,-8508,9580,6203,-8111,-250,-1938,-28,-446,-1109,-50
2025-11-27T16:53:26.980815,25,24,42,92,252,190,100,41,-8427,9506,6337,-8180,-313,-1909,-12,-242,-1001,-148
2025-11-27T16:53:27.004875,23,22,28,70,193,167,94,40,-8364,9416,6471,-8243,-345,-1696,-22,-144,-984,-295
2025-11-27T16:53:27.027417,22,20,23,84,145,98,60,29,-8304,9319,6631,-8287,-320,-1616,-12,-242,-1014,-463
2025-11-27T16:53:27.042446,21,19,23,82,101,71,43,23,-8254,9239,6816,-8276,-188,-1541,-13,-458,-828,-633
2025-11-27T16:53:27.064929,20,19,22,76,75,59,37,20,-8218,9170,7012,-8225,-116,-1632,19,-597,-672,-767
2025-11-27T16:53:27.087345,20,20,22,136,85,54,37,22,-8203,9114,7202,-8138,-81,-1812,16,-648,-454,-862
2025-11-27T16:53:27.102573,20,19,22,156,94,41,26,20,-8227,9061,7364,-8026,-40,-1884,100,-576,-187,-941
2025-11-27T16:53:27.124869,18,22,54,187,101,48,28,19,-8297,9013,7491,-7890,-80,-1909,135,-434,116,-1065
2025-11-27T16:53:27.155546,18,25,78,258,166,57,28,22,-8386,8981,7621,-7705,-112,-1882,14,-506,345,-1269
2025-11-27T16:53:27.162578,17,25,81,294,178,59,31,22,-8512,8926,7740,-7511,-83,-1796,141,-390,444,-1431
2025-11-27T16:53:27.184936,18,29,102,327,191,58,30,21,-8651,8873,7862,-7284,-42,-2041,34,-408,567,-1576
2025-11-27T16:53:27.207714,20,31,107,354,194,62,35,26,-8782,8840,7972,-7044,-58,-2250,-5,-493,671,-1565
2025-11-27T16:53:27.229914,20,29,102,356,194,58,39,27,-8932,8798,8046,-6820,23,-2326,168,-378,758,-1471
2025-11-27T16:53:27.244344,22,29,88,376,194,56,42,29,-9121,8743,8081,-6595,168,-2181,75,-72,954,-1431
2025-11-27T16:53:27.267378,29,42,116,466,215,53,42,33,-9310,8700,8111,-6347,191,-2258,-68,-90,1069,-1491
2025-11-27T16:53:27.282426,30,41,106,519,213,54,45,36,-9479,8665,8147,-6094,226,-2282,-66,-197,1031,-1481
2025-11-27T16:53:27.304569,28,40,104,536,234,48,42,34,-9646,8617,8169,-5865,349,-2391,-76,-59,972,-1379
2025-11-27T16:53:27.326704,30,41,99,536,276,48,38,33,-9791,8585,8170,-5668,472,-2395,-129,-13,920,-1087
2025-11-27T16:53:27.341955,28,41,120,552,274,43,33,31,-9923,8567,8150,-5492,491,-2270,-136,12,923,-891
2025-11-27T16:53:27.364364,23,34,131,500,257,43,30,28,-10043,8559,8135,-5304,556,-2262,-125,-98,925,-880
2025-11-27T16:53:27.387326,23,33,130,437,331,49,34,26,-10138,8566,8129,-5119,608,-2217,-110,-244,841,-801
2025-11-27T16:53:27.402489,23,35,131,426,346,51,32,26,-10212,8585,8115,-4959,621,-2293,-184,-218,769,-645
2025-11-27T16:53:27.424905,22,34,133,416,352,53,32,30,-10291,8585,8092,-4832,696,-2174,-208,-23,693,-518
2025-11-27T16:53:27.447401,23,32,113,393,373,52,34,29,-10372,8576,8070,-4712,711,-2065,-187,34,660,-513
2025-11-27T16:53:27.462456,30,30,75,377,381,52,37,29,-10424,8586,8059,-4596,744,-2031,-208,-114,562,-421
2025-11-27T16:53:27.484457,85,72,98,381,315,44,30,28,-10436,8633,8050,-4492,729,-2006,-203,-342,464,-232
2025-11-27T16:53:27.506946,88,83,102,373,292,42,31,27,-10421,8700,8043,-4410,742,-2035,-288,-400,364,-57
2025-11-27T16:53:27.522325,90,99,100,386,251,38,31,22,-10409,8761,8035,-4332,831,-1986,-260,-382,339,-12
2025-11-27T16:53:27.544855,92,105,103,388,223,37,29,36,-10406,8822,8020,-4240,875,-1989,-221,-404,424,-34
2025-11-27T16:53:27.567414,114,132,98,395,227,37,27,40,-10397,8895,8000,-4149,829,-1965,-197,-474,436,4
2025-11-27T16:53:27.589398,95,172,75,371,233,43,27,43,-10376,8970,7982,-4074,816,-1960,-265,-456,357,70
2025-11-27T16:53:27.605052,92,172,65,358,223,43,27,43,-10360,9025,7975,-4007,840,-1887,-241,-379,273,30
2025-11-27T16:53:27.635692,97,166,66,341,216,39,26,49,-10341,9072,7978,-3943,832,-1848,-258,-360,205,-5
2025-11-27T16:53:27.649933,124,196,68,281,173,36,27,40,-10321,9110,7993,-3876,866,-1815,-220,-381,150,-62
2025-11-27T16:53:27.664751,112,200,68,232,171,34,25,36,-10307,9136,8018,-3801,894,-1796,-204,-369,131,-149
2025-11-27T16:53:27.687026,105,173,60,216,153,28,27,35,-10298,9153,8048,-3719,903,-1823,-175,-367,130,-231
2025-11-27T16:53:27.709841,105,195,57,182,141,28,25,35,-10288,9176,8076,-3628,947,-1920,-168,-435,163,-246
2025-11-27T16:53:27.724867,100,195,54,170,132,26,23,27,-10283,9205,8081,-3557,991,-2250,-134,-398,188,-141
2025-11-27T16:53:27.747391,62,197,57,181,150,26,24,29,-10291,9221,8055,-3551,898,-2304,-162,-83,128,77
2025-11-27T16:53:27.769926,41,179,55,166,116,25,23,38,-10315,9219,8019,-3567,852,-2033,-92,87,105,151
2025-11-27T16:53:27.784918,85,178,92,180,124,22,22,39,-10316,9235,7999,-3569,736,-1898,-169,-53,77,102
2025-11-27T16:53:27.808278,89,182,101,181,120,21,23,41,-10291,9268,8002,-3550,664,-1938,-198,-273,14,-12
2025-11-27T16:53:27.838115,91,183,103,199,128,23,24,41,-10281,9270,8017,-3538,717,-2013,-194,-129,-46,-119
2025-11-27T16:53:27.844776,100,164,96,178,102,23,22,41,-10294,9242,8033,-3540,738,-2065,-249,122,-61,-185
2025-11-27T16:53:27.867571,100,162,94,181,99,22,23,38,-10322,9196,8041,-3559,730,-2071,-270,299,-55,-179
2025-11-27T16:53:27.887541,64,145,59,161,84,23,22,35,-10353,9148,8042,-3591,721,-2024,-262,368,-67,-112
2025-11-27T16:53:27.902111,58,103,39,179,94,24,23,33,-10377,9108,8043,-3621,715,-1917,-261,321,-63,-71
2025-11-27T16:53:27.925939,56,97,35,171,99,21,21,33,-10382,9092,8048,-3636,684,-1899,-265,141,-57,-57
2025-11-27T16:53:27.949945,80,154,43,216,98,26,28,32,-10373,9090,8058,-3641,706,-1952,-248,-2,-62,-55
2025-11-27T16:53:27.964325,88,164,44,222,108,27,25,25,-10362,9090,8072,-3645,732,-2014,-277,-16,-75,-61
2025-11-27T16:53:27.987367,89,165,42,222,109,27,28,25,-10362,9078,8081,-3655,743,-2022,-269,86,-67,-66
2025-11-27T16:53:28.010228,89,165,43,205,100,27,27,36,-10372,9056,8085,-3670,757,-1967,-266,174,-45,-63
2025-11-27T16:53:28.024404,89,166,44,192,82,28,28,36,-10382,9038,8088,-3679,747,-1881,-253,145,-23,-53
2025-11-27T16:53:28.047340,53,90,34,128,82,21,22,37,-10381,9035,8094,-3676,777,-1876,-264,26,-4,-31
2025-11-27T16:53:28.069826,78,95,32,136,80,22,25,40,-10374,9044,8099,-3666,806,-1900,-252,-66,15,-5
2025-11-27T16:53:28.084843,79,93,34,134,77,21,21,39,-10364,9057,8102,-3654,817,-1937,-256,-89,22,8
2025-11-27T16:53:28.107366,80,104,32,132,81,21,21,27,-10358,9067,8101,-3648,819,-1950,-242,-58,21,25
2025-11-27T16:53:28.129887,80,114,38,144,91,23,19,27,-10356,9073,8097,-3645,812,-1944,-233,-25,30,25
2025-11-27T16:53:28.144852,82,116,39,137,85,23,20,25,-10358,9078,8091,-3642,795,-1943,-215,-14,40,16
2025-11-27T16:53:28.167314,51,97,38,128,87,21,19,19,-10360,9084,8085,-3636,785,-1932,-201,-31,51,9
2025-11-27T16:53:28.189504,47,99,42,119,87,23,19,20,-10357,9096,8079,-3627,769,-1963,-198,-79,52,7
2025-11-27T16:53:28.204494,45,103,42,121,86,23,17,21,-10354,9109,8073,-3618,757,-1977,-183,-95,51,0
2025-11-27T16:53:28.227405,43,91,34,112,77,22,19,20,-10349,9121,8067,-3613,740,-2011,-207,-75,39,-3
2025-11-27T16:53:28.249866,38,86,35,111,75,22,19,22,-10346,9128,8064,-3612,745,-2001,-204,-44,13,-9
2025-11-27T16:53:28.264916,28,79,38,123,61,21,20,24,-10346,9128,8064,-3612,759,-1976,-217,-6,-3,-26
2025-11-27T16:53:28.287303,25,74,34,125,60,21,20,25,-10346,9124,8068,-3614,772,-1954,-213,5,-24,-26
2025-11-27T16:53:28.309301,19,49,35,125,61,20,20,24,-10343,9121,8073,-3616,772,-1942,-224,2,-35,-26
2025-11-27T16:53:28.324864,22,56,36,126,66,22,20,24,-10342,9117,8079,-3617,798,-1947,-225,7,-37,-27
2025-11-27T16:53:28.347586,22,53,36,123,65,22,21,23,-10341,9111,8086,-3618,790,-1936,-241,20,-30,-34
2025-11-27T16:53:28.369836,34,71,42,89,70,24,20,21,-10342,9107,8090,-3619,784,-1923,-246,28,-17,-29
2025-11-27T16:53:28.384829,36,70,40,102,73,24,20,19,-10339,9106,8095,-3618,778,-1925,-265,6,-11,-22
2025-11-27T16:53:28.407791,37,65,44,105,77,26,22,18,-10339,9107,8095,-3618,772,-1926,-245,0,-11,-16
2025-11-27T16:53:28.429903,38,60,45,97,69,24,21,20,-10338,9107,8095,-3618,776,-1941,-258,-10,-10,-12
2025-11-27T16:53:28.444847,39,67,45,97,70,23,20,19,-10337,9108,8095,-3619,766,-1955,-242,-8,-7,-12
2025-11-27T16:53:28.467337,29,49,35,86,58,20,19,19,-10338,9106,8095,-3619,779,-1960,-232,8,-2,-20
2025-11-27T16:53:28.489894,28,52,36,75,57,20,19,20,-10340,9104,8095,-3619,778,-1940,-226,20,3,-17
2025-11-27T16:53:28.513075,26,51,31,75,46,16,18,22,-10340,9104,8095,-3620,784,-1924,-233,4,0,-8
2025-11-27T16:53:28.527319,24,52,39,108,60,16,18,21,-10340,9104,8095,-3620,788,-1933,-214,2,-5,-9
2025-11-27T16:53:28.549738,22,42,38,110,62,19,19,20,-10340,9104,8095,-3620,776,-1939,-238,3,-9,-11
2025-11-27T16:53:28.572971,32,97,41,138,75,20,19,21,-10340,9105,8095,-3620,780,-1948,-230,2,-6,-11
2025-11-27T16:53:28.595517,35,105,41,135,74,20,19,20,-10339,9105,8095,-3621,769,-1949,-240,-1,-8,-11
2025-11-27T16:53:28.618063,36,107,46,132,74,24,18,20,-10339,9106,8094,-3621,770,-1953,-243,14,-7,-7
2025-11-27T16:53:28.633003,38,108,40,112,62,23,17,19,-10338,9106,8094,-3621,779,-1954,-252,9,-11,0
2025-11-27T16:53:28.647229,38,111,40,117,59,21,17,21,-10338,9106,8094,-3621,783,-1957,-226,7,-13,-5
2025-11-27T16:53:28.669723,32,70,36,86,38,21,21,22,-10338,9107,8094,-3622,786,-1964,-241,2,-14,-6
2025-11-27T16:53:28.690059,27,58,38,95,55,20,21,22,-10338,9107,8094,-3622,796,-1958,-215,8,-11,-11
2025-11-27T16:53:28.704468,28,63,32,87,55,18,22,22,-10338,9107,8094,-3622,793,-1943,-225,13,-6,-11
2025-11-27T16:53:28.727460,24,59,37,112,60,21,22,22,-10338,9107,8094,-3622,799,-1936,-226,13,-3,-6
2025-11-27T16:53:28.750816,23,56,51,107,60,22,23,21,-10338,9107,8094,-3622,799,-1937,-218,-1,0,-7
2025-11-27T16:53:28.764892,23,53,56,105,60,23,20,20,-10338,9107,8094,-3622,799,-1936,-231,-5,2,-9
2025-11-27T16:53:28.787418,23,50,62,98,41,22,20,22,-10338,9107,8094,-3622,799,-1932,-232,-7,2,-9
2025-11-27T16:53:28.811205,21,37,61,103,41,23,19,21,-10338,9107,8094,-3622,787,-1941,-227,-6,-1,-10
2025-11-27T16:53:28.825000,20,33,61,89,33,21,18,23,-10337,9107,8094,-3622,786,-1945,-242,3,4,-12
2025-11-27T16:53:28.846772,19,32,51,86,33,20,16,22,-10337,9107,8094,-3622,790,-1937,-235,3,9,-12
2025-11-27T16:53:28.870417,17,30,48,86,35,19,16,23,-10337,9107,8094,-3622,776,-1929,-213,-3,8,-7
2025-11-27T16:53:28.885109,17,28,35,83,35,21,18,18,-10335,9110,8094,-3621,780,-1930,-227,-19,-1,0
2025-11-27T16:53:28.910284,18,27,41,91,36,19,18,18,-10332,9113,8095,-3620,786,-1938,-224,-26,-1,3
2025-11-27T16:53:28.932899,20,28,59,102,37,20,18,18,-10328,9118,8096,-3618,783,-1955,-233,-35,-3,1
2025-11-27T16:53:28.947626,37,21,71,109,36,21,20,19,-10322,9124,8098,-3617,779,-1943,-244,-39,-9,0
2025-11-27T16:53:28.970309,39,20,71,127,34,20,20,22,-10315,9129,8101,-3614,789,-1957,-248,-43,-10,2
2025-11-27T16:53:28.995755,40,20,73,153,36,20,19,24,-10307,9137,8102,-3614,775,-1948,-253,-45,-11,18
2025-11-27T16:53:29.010464,40,19,73,150,42,21,18,25,-10296,9149,8103,-3614,771,-1947,-238,-80,-16,29
2025-11-27T16:53:29.030110,40,19,60,185,47,21,20,25,-10280,9165,8106,-3611,781,-1948,-257,-114,-28,40
2025-11-27T16:53:29.053657,27,21,52,190,52,21,20,25,-10258,9189,8110,-3605,805,-1939,-246,-177,-29,67
2025-11-27T16:53:29.066974,24,20,51,180,53,21,20,23,-10229,9222,8111,-3601,766,-1970,-267,-214,-27,96
2025-11-27T16:53:29.092130,23,22,50,169,61,21,20,23,-10209,9247,8108,-3603,785,-1992,-276,-145,-20,103
2025-11-27T16:53:29.114383,22,22,46,177,64,23,23,24,-10196,9264,8100,-3611,752,-1951,-262,-74,-14,106
2025-11-27T16:53:29.128588,21,22,45,144,60,24,24,28,-10179,9287,8091,-3618,751,-1936,-290,-94,-6,132
2025-11-27T16:53:29.149702,19,20,32,152,68,26,23,28,-10154,9322,8081,-3624,752,-1949,-301,-164,-8,177
2025-11-27T16:53:29.176644,18,22,75,183,74,26,23,28,-10124,9360,8070,-3633,755,-1976,-306,-182,-24,203
2025-11-27T16:53:29.188176,19,25,126,270,76,27,23,26,-10101,9391,8056,-3650,750,-1996,-309,-117,-26,215
2025-11-27T16:53:29.211351,22,24,133,270,74,24,22,26,-10081,9416,8044,-3667,709,-1944,-333,-75,-32,183
2025-11-27T16:53:29.232608,22,25,140,276,74,25,21,24,-10063,9436,8035,-3683,719,-1936,-307,-66,-43,162
2025-11-27T16:53:29.247382,22,25,143,274,63,22,22,24,-10040,9460,8030,-3694,726,-1930,-337,-107,-51,156
2025-11-27T16:53:29.269550,22,24,131,260,62,21,21,24,-10017,9479,8030,-3709,709,-1960,-351,-83,-78,134
2025-11-27T16:53:29.300022,21,23,104,181,56,21,23,25,-9998,9491,8033,-3725,715,-1960,-358,-42,-95,106
2025-11-27T16:53:29.310253,19,22,98,178,51,21,21,25,-9981,9498,8038,-3742,700,-1942,-354,-25,-106,84
2025-11-27T16:53:29.329407,19,21,101,173,54,20,20,23,-9970,9498,8045,-3754,693,-1909,-310,-10,-96,39
2025-11-27T16:53:29.353493,20,23,104,166,57,21,18,23,-9961,9498,8054,-3759,687,-1926,-308,-43,-75,-2
2025-11-27T16:53:29.366806,18,23,102,170,48,22,19,23,-9957,9497,8063,-3754,692,-1941,-287,-51,-34,-43
2025-11-27T16:53:29.392424,17,19,86,171,45,21,16,23,-9961,9493,8068,-3742,697,-1965,-284,-39,19,-79
2025-11-27T16:53:29.414261,18,20,89,169,49,21,18,21,-9961,9494,8074,-3726,691,-1980,-307,-72,30,-83
2025-11-27T16:53:29.435196,17,22,75,160,55,22,17,23,-9958,9496,8084,-3707,723,-2003,-313,-93,19,-89
2025-11-27T16:53:29.449226,18,21,74,191,57,20,17,23,-9959,9493,8093,-3690,736,-2020,-316,-64,16,-100
2025-11-27T16:53:29.475768,18,20,68,182,57,18,17,23,-9959,9490,8103,-3681,703,-2019,-328,-38,-13,-92
2025-11-27T16:53:29.496497,24,26,63,162,60,19,18,23,-9967,9471,8112,-3685,707,-2003,-322,76,-47,-95
2025-11-27T16:53:29.511407,137,96,58,161,63,19,17,28,-9988,9438,8122,-3693,715,-1950,-310,185,-45,-127
2025-11-27T16:53:29.535911,152,110,53,142,53,20,21,30,-10012,9402,8130,-3702,717,-1956,-306,207,-32,-137
2025-11-27T16:53:29.555986,158,136,42,82,48,21,21,31,-10037,9369,8133,-3708,748,-1985,-304,198,-8,-111
2025-11-27T16:53:29.577878,160,137,46,76,48,20,22,32,-10053,9352,8131,-3714,741,-1983,-320,130,13,-47
2025-11-27T16:53:29.593117,164,137,45,58,40,21,22,33,-10057,9351,8130,-3709,764,-1966,-320,12,30,-15
2025-11-27T16:53:29.616161,97,103,48,127,53,21,21,29,-10063,9349,8129,-3700,765,-1976,-284,-9,42,-31
2025-11-27T16:53:29.629872,83,102,50,138,56,20,19,26,-10072,9341,8130,-3691,773,-1952,-300,31,36,-53
2025-11-27T16:53:29.652663,158,83,57,144,56,20,19,27,-10087,9326,8131,-3686,762,-1936,-300,83,32,-73
2025-11-27T16:53:29.675554,160,85,56,159,58,21,20,25,-10104,9308,8131,-3685,754,-1949,-289,114,28,-74
2025-11-27T16:53:29.689854,161,85,59,191,67,19,19,24,-10121,9291,8128,-3690,743,-1938,-302,140,27,-48
2025-11-27T16:53:29.713229,161,87,67,158,53,17,21,24,-10131,9282,8123,-3693,725,-1935,-290,78,25,-24
2025-11-27T16:53:29.735671,158,74,72,151,49,15,20,24,-10137,9279,8121,-3693,714,-1962,-282,31,23,-31
2025-11-27T16:53:29.750008,76,53,68,147,54,16,20,20,-10141,9276,8120,-3692,711,-1970,-292,30,16,-39
2025-11-27T16:53:29.780972,66,47,69,142,54,17,19,21,-10145,9270,8121,-3693,719,-1973,-301,43,6,-49
2025-11-27T16:53:29.795528,54,72,71,100,41,17,19,21,-10151,9260,8123,-3698,725,-1980,-298,72,-14,-48
2025-11-27T16:53:29.809313,44,73,57,85,39,17,19,20,-10157,9247,8127,-3705,747,-1963,-301,91,-28,-36
2025-11-27T16:53:29.833026,36,71,51,82,39,19,17,19,-10162,9235,8130,-3714,760,-1934,-297,93,-35,-17
2025-11-27T16:53:29.855561,29,71,46,78,29,20,18,19,-10167,9225,8132,-3719,776,-1924,-261,61,-26,-9
2025-11-27T16:53:29.869441,28,72,84,70,31,19,17,17,-10170,9220,8135,-3720,766,-1932,-260,24,-14,-18
2025-11-27T16:53:29.892975,24,49,86,63,30,20,17,18,-10170,9219,8135,-3720,762,-1938,-256,10,-7,-14
2025-11-27T16:53:29.915786,28,64,89,64,30,21,16,18,-10172,9216,8135,-3721,769,-1955,-265,17,-5,-8
2025-11-27T16:53:29.929799,40,99,89,62,26,21,17,20,-10175,9212,8135,-3724,771,-1946,-255,28,-8,0
2025-11-27T16:53:29.953510,42,103,90,66,28,21,16,22,-10177,9208,8135,-3728,776,-1959,-269,35,-10,6
2025-11-27T16:53:29.982799,45,109,57,52,23,21,18,20,-10178,9207,8135,-3730,777,-1943,-277,20,-8,15
2025-11-27T16:53:29.989731,44,110,57,51,23,20,17,20,-10176,9209,8134,-3731,774,-1940,-253,-18,-2,21
2025-11-27T16:53:30.013053,89,109,59,114,22,21,18,22,-10174,9212,8133,-3729,775,-1960,-251,-28,1,13
2025-11-27T16:53:30.035538,99,94,58,124,25,20,16,36,-10174,9212,8133,-3729,765,-1971,-257,-15,8,10
2025-11-27T16:53:30.058310,101,94,86,130,23,19,16,39,-10175,9212,8132,-3730,748,-1978,-235,11,11,6
2025-11-27T16:53:30.072660,105,86,82,132,21,20,16,41,-10176,9211,8129,-3735,740,-1973,-271,28,0,7
2025-11-27T16:53:30.095558,107,84,79,145,21,20,19,42,-10177,9210,8127,-3739,740,-1974,-262,18,-2,3
2025-11-27T16:53:30.109654,75,70,72,109,22,20,17,42,-10177,9210,8127,-3739,748,-1956,-259,12,-2,-3
2025-11-27T16:53:30.133081,53,42,72,97,21,22,17,30,-10177,9210,8127,-3739,741,-1957,-274,13,-3,-3
2025-11-27T16:53:30.155582,48,69,44,98,19,22,19,23,-10177,9211,8127,-3739,748,-1950,-270,12,-7,-6
2025-11-27T16:53:30.169692,42,76,57,97,20,22,18,21,-10176,9211,8127,-3739,743,-1963,-282,14,-9,-7
2025-11-27T16:53:30.193093,38,79,61,117,21,21,16,21,-10176,9209,8129,-3742,755,-1954,-286,22,-12,-4
2025-11-27T16:53:30.216242,32,81,61,113,21,22,18,21,-10175,9208,8129,-3745,746,-1941,-292,24,-9,1
2025-11-27T16:53:30.229799,33,88,60,115,20,20,20,19,-10175,9208,8130,-3745,741,-1940,-285,11,-4,4
2025-11-27T16:53:30.252821,30,69,56,106,22,18,20,20,-10175,9208,8129,-3745,744,-1940,-254,-7,2,7
2025-11-27T16:53:30.275331,29,87,47,106,23,16,21,19,-10173,9212,8128,-3743,758,-1951,-264,-23,8,11
2025-11-27T16:53:30.289677,31,140,48,53,21,19,20,18,-10171,9216,8127,-3743,756,-1955,-257,-21,5,13
2025-11-27T16:53:30.313166,32,151,58,53,21,18,19,17,-10171,9216,8127,-3743,756,-1962,-258,-1,4,10
2025-11-27T16:53:30.335197,31,156,60,47,21,18,19,17,-10171,9216,8126,-3743,748,-1959,-265,9,3,7
2025-11-27T16:53:30.348966,35,161,57,47,19,19,20,19,-10171,9216,8126,-3743,754,-1951,-258,10,4,5
2025-11-27T16:53:30.372949,33,152,56,97,17,20,19,20,-10172,9216,8126,-3743,756,-1961,-249,7,2,7
2025-11-27T16:53:30.395052,35,142,56,99,17,21,19,20,-10171,9216,8126,-3743,750,-1960,-268,2,4,3
2025-11-27T16:53:30.417744,36,137,48,100,16,22,21,23,-10171,9216,8126,-3744,750,-1975,-257,5,0,-1
2025-11-27T16:53:30.432560,41,143,58,100,16,22,20,23,-10171,9216,8126,-3744,752,-1970,-261,15,0,-4
2025-11-27T16:53:30.455027,37,136,60,126,17,21,19,23,-10173,9214,8125,-3747,740,-1960,-258,18,-4,-7
2025-11-27T16:53:30.478697,36,135,59,94,19,21,19,24,-10176,9210,8124,-3749,747,-1970,-251,22,-3,-9
2025-11-27T16:53:30.492535,33,98,55,95,18,19,19,23,-10178,9207,8123,-3752,747,-1953,-253,23,-3,-5
2025-11-27T16:53:30.515556,31,132,64,101,23,19,18,22,-10178,9207,8123,-3752,754,-1949,-260,11,-3,-3
2025-11-27T16:53:30.538044,28,132,64,103,23,18,18,22,-10179,9207,8123,-3752,754,-1951,-252,6,-4,-3
2025-11-27T16:53:30.560154,28,134,62,85,24,20,17,20,-10179,9207,8123,-3752,754,-1959,-258,10,-6,0
2025-11-27T16:53:30.575246,28,140,72,83,23,20,18,20,-10180,9205,8123,-3754,753,-1949,-265,21,-6,-2
2025-11-27T16:53:30.598049,26,139,73,84,23,19,17,19,-10180,9205,8123,-3754,750,-1948,-252,13,-3,1
2025-11-27T16:53:30.613109,26,101,63,73,20,20,16,18,-10180,9205,8123,-3754,746,-1952,-272,1,0,-1
2025-11-27T16:53:30.635575,30,99,57,70,21,20,18,16,-10180,9205,8123,-3754,750,-1945,-264,-8,1,5
2025-11-27T16:53:30.657678,31,96,56,47,19,20,17,17,-10178,9208,8122,-3754,749,-1960,-260,-18,0,7
2025-11-27T16:53:30.673290,33,86,44,43,19,19,17,16,-10178,9208,8122,-3754,754,-1962,-251,-8,-1,6
2025-11-27T16:53:30.695686,34,83,41,32,21,20,18,17,-10178,9208,8122,-3754,757,-1958,-246,2,-3,3
2025-11-27T16:53:30.718379,35,146,71,79,20,20,19,17,-10178,9208,8122,-3755,750,-1962,-257,1,-2,0
2025-11-27T16:53:30.732334,28,135,73,90,18,20,18,18,-10178,9208,8122,-3755,755,-1963,-260,-6,-1,-1
2025-11-27T16:53:30.755548,32,156,85,98,19,20,20,17,-10178,9208,8122,-3755,755,-1958,-254,-8,0,1
2025-11-27T16:53:30.777588,28,159,87,99,21,21,20,16,-10178,9208,8121,-3755,744,-1965,-261,-5,-4,3
2025-11-27T16:53:30.792279,28,163,91,101,20,20,19,18,-10178,9208,8121,-3755,747,-1954,-252,-1,-5,1
2025-11-27T16:53:30.815596,28,113,69,111,22,20,18,17,-10178,9208,8121,-3755,750,-1952,-268,4,-2,2
2025-11-27T16:53:30.838139,28,109,64,105,23,20,18,17,-10178,9208,8121,-3755,760,-1948,-262,-4,-2,3
2025-11-27T16:53:30.852092,29,105,110,103,24,20,17,18,-10178,9208,8122,-3755,756,-1956,-273,-6,-2,3
2025-11-27T16:53:30.875518,29,99,113,103,24,18,19,19,-10177,9208,8122,-3755,749,-1965,-273,-10,-2,9
2025-11-27T16:53:30.898058,30,93,113,127,23,18,19,17,-10177,9208,8121,-3755,746,-1975,-256,-5,-4,7
2025-11-27T16:53:30.912375,32,89,114,98,21,18,19,16,-10177,9208,8121,-3756,751,-1953,-258,-1,-2,5
2025-11-27T16:53:30.935567,45,164,121,98,21,19,21,17,-10177,9209,8121,-3756,747,-1954,-266,-3,-6,8
2025-11-27T16:53:30.958492,42,160,70,95,20,17,20,16,-10177,9209,8121,-3756,745,-1962,-265,-6,-8,3
2025-11-27T16:53:30.972124,43,163,80,122,18,19,19,15,-10177,9209,8121,-3756,743,-1969,-256,2,-8,3
2025-11-27T16:53:30.995472,45,167,81,108,18,20,19,18,-10177,9209,8121,-3756,747,-1966,-260,-1,-9,5
2025-11-27T16:53:31.018793,42,173,85,115,21,19,20,20,-10177,9209,8120,-3757,740,-1968,-259,1,-12,4
2025-11-27T16:53:31.032384,29,150,77,117,21,17,18,19,-10177,9209,8120,-3757,741,-1962,-268,2,-15,1
2025-11-27T16:53:31.055507,27,137,81,121,22,18,20,19,-10177,9210,8120,-3757,745,-1968,-266,15,-13,0
2025-11-27T16:53:31.078071,28,136,64,95,24,17,20,20,-10176,9210,8120,-3757,746,-1960,-267,8,-9,0
2025-11-27T16:53:31.092303,25,137,58,93,24,16,20,20,-10176,9210,8120,-3757,752,-1957,-268,3,-8,-3
2025-11-27T16:53:31.115789,30,133,53,107,21,17,20,21,-10176,9210,8120,-3757,743,-1959,-267,1,-9,-2
2025-11-27T16:53:31.138046,32,151,59,103,21,19,20,20,-10176,9210,8120,-3758,745,-1961,-258,-1,-6,0
2025-11-27T16:53:31.152363,34,163,56,102,23,19,18,20,-10176,9210,8120,-3758,750,-1958,-256,10,-6,-3
2025-11-27T16:53:31.175283,35,165,58,102,20,17,19,20,-10178,9208,8119,-3760,745,-1953,-259,18,-3,-1
2025-11-27T16:53:31.197814,35,161,60,123,20,21,17,19,-10177,9208,8119,-3760,745,-1949,-261,10,-2,-3
2025-11-27T16:53:31.211917,30,157,62,108,20,21,18,18,-10177,9209,8119,-3761,742,-1953,-266,1,-4,0
2025-11-27T16:53:31.235576,30,91,76,117,20,20,17,20,-10177,9209,8119,-3761,745,-1964,-262,0,-7,1
2025-11-27T16:53:31.257898,26,65,77,146,22,20,17,21,-10177,9209,8119,-3761,746,-1970,-271,5,-8,1
2025-11-27T16:53:31.272233,28,96,82,146,23,23,17,21,-10177,9209,8118,-3761,741,-1962,-253,13,-8,-5
2025-11-27T16:53:31.295521,28,97,82,123,23,20,18,22,-10177,9209,8118,-3762,738,-1968,-254,14,-12,-7
2025-11-27T16:53:31.318112,28,158,87,119,22,20,18,23,-10177,9209,8118,-3762,751,-1969,-260,9,-13,-7
2025-11-27T16:53:31.340698,27,161,75,109,21,20,17,23,-10177,9209,8118,-3762,741,-1955,-251,6,-9,-4
2025-11-27T16:53:31.355515,29,168,73,114,18,20,18,23,-10177,9209,8118,-3762,744,-1970,-255,11,-8,-3
2025-11-27T16:53:31.378034,29,164,73,123,17,19,18,23,-10179,9207,8117,-3764,747,-1957,-250,16,-5,-5
2025-11-27T16:53:31.400517,28,167,70,124,18,20,18,22,-10179,9207,8117,-3765,741,-1962,-253,12,-6,-8
2025-11-27T16:53:31.415731,30,125,60,122,18,21,18,22,-10181,9204,8116,-3767,743,-1957,-250,17,-5,-7
2025-11-27T16:53:31.438001,29,134,51,123,17,21,19,21,-10181,9204,8116,-3767,743,-1950,-259,10,-6,-6
2025-11-27T16:53:31.460546,35,155,61,79,17,20,19,20,-10181,9204,8116,-3767,744,-1961,-256,12,-3,-9
2025-11-27T16:53:31.475543,30,141,53,108,18,20,18,19,-10181,9205,8116,-3767,746,-1965,-262,11,-2,-10
2025-11-27T16:53:31.498065,30,137,59,106,20,19,19,20,-10180,9205,8116,-3768,743,-1956,-257,8,-1,-9
2025-11-27T16:53:31.520923,30,124,59,110,20,18,18,18,-10180,9205,8116,-3768,740,-1959,-255,1,-5,-5
2025-11-27T16:53:31.535487,32,146,61,109,21,18,19,18,-10181,9205,8116,-3768,748,-1955,-251,12,-3,-6
2025-11-27T16:53:31.557866,25,120,55,107,23,20,19,20,-10183,9202,8115,-3770,751,-1967,-246,16,-3,-7
2025-11-27T16:53:31.580355,30,130,75,88,23,22,20,21,-10183,9202,8115,-3770,744,-1961,-248,5,-3,-5
2025-11-27T16:53:31.592982,31,133,71,88,21,23,19,20,-10183,9202,8115,-3770,749,-1960,-260,-2,-1,-8
2025-11-27T16:53:31.615995,32,139,73,86,21,23,20,21,-10183,9202,8115,-3770,745,-1973,-270,-2,0,-7
2025-11-27T16:53:31.639066,34,106,71,86,22,23,21,22,-10183,9202,8115,-3771,739,-1973,-252,2,-3,-3
2025-11-27T16:53:31.655537,33,98,69,85,21,21,20,20,-10183,9202,8114,-3771,749,-1969,-259,9,-6,-3
2025-11-27T16:53:31.678140,33,99,46,60,19,19,19,20,-10183,9202,8114,-3771,744,-1953,-253,7,-5,-3
2025-11-27T16:53:31.700136,33,95,71,58,19,18,20,21,-10182,9203,8114,-3771,751,-1963,-262,0,-4,-3
2025-11-27T16:53:31.715554,33,132,77,54,19,17,21,21,-10182,9203,8114,-3771,741,-1958,-256,-1,-2,-3
2025-11-27T16:53:31.738075,29,130,77,93,20,16,22,21,-10182,9203,8114,-3771,747,-1965,-249,1,-3,-3
2025-11-27T16:53:31.760370,30,132,78,94,20,16,23,20,-10183,9203,8114,-3772,748,-1953,-251,2,-3,-5
2025-11-27T16:53:31.774311,29,150,77,97,20,16,24,19,-10183,9203,8114,-3772,746,-1963,-243,0,-5,-3
2025-11-27T16:53:31.798247,31,149,57,99,21,17,24,18,-10183,9203,8113,-3772,748,-1966,-257,2,-6,-4
2025-11-27T16:53:31.821331,29,113,52,127,22,18,23,17,-10183,9203,8113,-3772,751,-1952,-244,6,-6,-3
2025-11-27T16:53:31.834871,29,109,60,112,21,16,20,18,-10183,9203,8113,-3772,745,-1958,-256,4,-4,-4
2025-11-27T16:53:31.858079,30,110,62,112,21,18,20,21,-10183,9203,8113,-3772,747,-1963,-246,-3,-4,-4
2025-11-27T16:53:31.880561,24,69,65,111,23,19,18,20,-10183,9203,8113,-3772,744,-1946,-258,-5,-3,-2
2025-11-27T16:53:31.894786,27,94,69,108,22,20,17,20,-10183,9203,8113,-3772,747,-1962,-268,-7,-4,0
2025-11-27T16:53:31.917881,29,90,70,72,22,18,18,21,-10183,9203,8113,-3773,736,-1965,-254,1,-4,-1
2025-11-27T16:53:31.947642,29,93,65,56,20,19,18,21,-10183,9203,8113,-3773,751,-1966,-251,4,-3,-2
2025-11-27T16:53:31.953603,31,148,67,97,20,19,19,20,-10183,9203,8112,-3773,745,-1957,-246,-1,-6,1
2025-11-27T16:53:31.978119,32,155,62,95,20,18,19,21,-10183,9203,8112,-3773,750,-1959,-245,-4,-5,1
2025-11-27T16:53:32.000497,34,154,55,94,19,16,20,22,-10183,9203,8112,-3773,746,-1954,-263,-4,-3,0
2025-11-27T16:53:32.014837,32,163,48,94,19,19,20,21,-10183,9203,8112,-3774,739,-1952,-249,-4,-3,3
2025-11-27T16:53:32.037719,33,163,49,100,21,20,21,21,-10183,9203,8112,-3774,745,-1958,-257,-5,-5,1
2025-11-27T16:53:32.060143,31,115,54,60,19,18,19,20,-10183,9203,8112,-3774,753,-1956,-241,-1,-6,2
2025-11-27T16:53:32.074281,33,106,86,63,19,18,19,21,-10183,9203,8112,-3774,756,-1965,-246,-1,-7,3
2025-11-27T16:53:32.097966,36,89,93,102,20,21,20,20,-10183,9203,8112,-3774,745,-1957,-258,-4,-7,3
2025-11-27T16:53:32.117895,39,145,96,104,20,20,20,21,-10183,9203,8111,-3774,747,-1963,-256,1,-6,3
2025-11-27T16:53:32.132944,38,145,94,99,19,20,18,20,-10183,9203,8111,-3774,737,-1965,-268,3,-10,3
2025-11-27T16:53:32.157541,38,148,91,100,20,22,18,21,-10183,9203,8111,-3775,736,-1974,-251,8,-9,-4
2025-11-27T16:53:32.180580,37,160,64,98,20,22,18,20,-10183,9203,8111,-3775,738,-1975,-248,8,-12,-8
2025-11-27T16:53:32.194700,30,160,80,107,20,20,17,19,-10183,9204,8110,-3775,742,-1967,-247,4,-13,-9
2025-11-27T16:53:32.225488,28,133,81,106,18,19,18,18,-10183,9204,8110,-3776,742,-1975,-247,7,-11,-8
2025-11-27T16:53:32.240792,29,136,82,105,18,19,20,18,-10183,9204,8110,-3776,749,-1968,-254,12,-8,-7
2025-11-27T16:53:32.254856,31,144,80,105,17,18,22,20,-10183,9204,8110,-3776,750,-1952,-267,14,-8,-4
2025-11-27T16:53:32.278021,34,134,77,103,17,18,22,20,-10183,9204,8110,-3776,750,-1954,-258,11,-7,-3
2025-11-27T16:53:32.300827,34,153,48,50,19,18,22,21,-10183,9204,8110,-3776,755,-1946,-256,3,-6,-1
2025-11-27T16:53:32.322560,35,150,48,84,20,18,20,21,-10183,9204,8110,-3776,739,-1950,-256,1,-3,0
2025-11-27T16:53:32.337924,42,164,47,90,21,17,19,22,-10183,9204,8110,-3776,741,-1962,-260,0,-4,-1
2025-11-27T16:53:32.360511,39,154,45,91,21,17,16,21,-10183,9204,8110,-3776,733,-1966,-261,-1,-2,-2
2025-11-27T16:53:32.382995,34,183,53,92,19,17,17,21,-10183,9204,8109,-3777,734,-1980,-248,6,-2,-5
2025-11-27T16:53:32.397956,33,169,54,90,18,17,17,21,-10183,9204,8109,-3777,731,-1970,-242,12,-7,-7
2025-11-27T16:53:32.420772,37,170,57,57,18,19,17,20,-10183,9204,8109,-3778,746,-1969,-247,15,-7,-8
2025-11-27T16:53:32.442920,30,157,60,45,17,20,18,22,-10184,9201,8109,-3780,743,-1957,-254,19,-8,-11
2025-11-27T16:53:32.457975,33,181,83,88,19,18,19,20,-10184,9201,8109,-3780,753,-1964,-251,14,-9,-14
2025-11-27T16:53:32.480474,33,150,80,88,19,20,20,19,-10187,9197,8110,-3781,752,-1968,-240,16,-10,-16
2025-11-27T16:53:32.502662,33,153,84,89,19,21,20,20,-10188,9194,8112,-3782,748,-1962,-259,19,-9,-16
2025-11-27T16:53:32.517931,32,148,79,89,20,18,21,21,-10190,9190,8113,-3783,749,-1955,-253,17,-7,-15
2025-11-27T16:53:32.540481,35,196,82,91,21,17,20,21,-10190,9190,8113,-3783,748,-1960,-259,12,-7,-13
2025-11-27T16:53:32.562852,32,174,58,49,18,19,19,22,-10190,9190,8113,-3783,752,-1955,-243,10,-7,-9
2025-11-27T16:53:32.577943,31,171,56,46,20,18,18,22,-10190,9190,8113,-3783,755,-1960,-244,7,-4,-9
2025-11-27T16:53:32.600477,31,183,74,81,22,19,19,21,-10190,9190,8113,-3783,748,-1959,-246,8,-5,-12
2025-11-27T16:53:32.623074,24,171,80,79,22,20,18,21,-10190,9190,8113,-3784,752,-1963,-241,7,-2,-11
2025-11-27T16:53:32.637961,23,161,74,77,20,20,18,20,-10190,9190,8113,-3784,747,-1972,-246,8,-4,-11
2025-11-27T16:53:32.660499,24,161,77,75,21,20,17,21,-10192,9188,8113,-3786,742,-1966,-253,16,-6,-11
2025-11-27T16:53:32.682728,24,166,76,78,20,19,17,21,-10192,9188,8113,-3786,752,-1957,-255,15,-7,-13
2025-11-27T16:53:32.697552,29,154,53,38,17,18,14,22,-10191,9188,8113,-3786,744,-1968,-255,15,-7,-13
2025-11-27T16:53:32.719897,32,187,44,89,19,19,15,22,-10192,9188,8113,-3786,749,-1958,-241,15,-10,-13
2025-11-27T16:53:32.743077,30,151,53,93,20,20,16,20,-10192,9188,8112,-3786,745,-1951,-245,14,-8,-13
2025-11-27T16:53:32.756868,32,154,51,98,20,20,18,20,-10192,9188,8112,-3786,746,-1960,-242,14,-7,-13
2025-11-27T16:53:32.780946,39,159,54,100,20,20,18,22,-10192,9188,8112,-3786,745,-1950,-243,12,-8,-9
2025-11-27T16:53:32.802927,35,150,50,101,20,22,20,21,-10192,9188,8112,-3786,751,-1950,-251,5,-10,-8
2025-11-27T16:53:32.817292,33,102,74,64,18,21,19,20,-10192,9187,8112,-3786,763,-1958,-239,6,-8,-6
2025-11-27T16:53:32.840476,35,94,71,57,18,21,17,20,-10192,9187,8112,-3786,752,-1954,-237,6,-7,-7
2025-11-27T16:53:32.863033,34,146,73,53,18,21,16,20,-10193,9187,8112,-3786,756,-1952,-236,5,-6,-9
2025-11-27T16:53:32.877269,25,144,71,46,21,21,18,18,-10193,9187,8112,-3787,751,-1965,-237,5,-7,-11
2025-11-27T16:53:32.900504,28,154,78,46,21,20,16,19,-10193,9187,8112,-3787,765,-1962,-243,9,-7,-11
2025-11-27T16:53:32.922497,27,156,63,86,20,19,17,21,-10193,9186,8111,-3787,756,-1967,-238,7,-6,-12
