timestamp,EMG_0,EMG_1,EMG_2,EMG_3,EMG_4,EMG_5,EMG_6,EMG_7,quat_0,quat_1,quat_2,quat_3,acc_0,acc_1,acc_2,gyro_0,gyro_1,gyro_2
2025-11-27T16:57:23.163577,37,54,126,217,529,432,187,57,-6802,8098,7592,-9947,-337,-1689,-54,231,-543,317
2025-11-27T16:57:23.181697,36,53,126,255,529,423,184,57,-6683,8066,7644,-10014,-503,-1964,-27,-163,-748,304
2025-11-27T16:57:23.204046,38,56,171,350,566,425,181,58,-6575,7998,7680,-10113,-717,-1970,137,16,-888,183
2025-11-27T16:57:23.227280,32,58,231,360,481,374,165,52,-6488,7911,7714,-10210,-668,-1852,183,88,-882,72
2025-11-27T16:57:23.242909,29,51,217,351,340,230,115,44,-6409,7834,7761,-10284,-653,-1897,318,-85,-769,1
2025-11-27T16:57:23.269411,29,49,224,324,311,212,106,41,-6349,7794,7792,-10328,-570,-1789,441,-205,-464,38
2025-11-27T16:57:23.290020,30,51,226,302,303,200,103,41,-6303,7804,7812,-10333,-566,-1860,432,-339,-116,85
2025-11-27T16:57:23.302026,30,48,197,209,208,179,97,37,-6279,7842,7818,-10315,-648,-1970,406,-337,130,44
2025-11-27T16:57:23.324217,31,42,117,198,206,156,88,37,-6270,7886,7811,-10292,-681,-2062,418,-285,226,29
2025-11-27T16:57:23.355404,31,49,117,197,187,102,61,34,-6280,7926,7782,-10277,-717,-2046,422,-130,299,9
2025-11-27T16:57:23.362304,30,49,130,191,164,89,56,34,-6304,7966,7743,-10261,-651,-2099,396,-46,352,34
2025-11-27T16:57:23.383896,32,49,129,207,191,90,63,36,-6336,8011,7693,-10244,-639,-2055,395,-2,422,43
2025-11-27T16:57:23.406367,28,49,126,369,245,89,63,37,-6363,8076,7659,-10201,-582,-1874,273,-124,502,26
2025-11-27T16:57:23.430143,31,45,120,410,269,86,64,47,-6381,8149,7656,-10134,-528,-2059,132,-268,492,-2
2025-11-27T16:57:23.444423,67,48,125,426,273,76,62,48,-6421,8198,7633,-10087,-524,-2115,141,-39,455,-35
2025-11-27T16:57:23.468306,78,77,93,432,284,72,65,65,-6468,8231,7589,-10063,-532,-2162,80,185,390,11
2025-11-27T16:57:23.484164,82,78,87,431,258,57,59,69,-6512,8253,7530,-10060,-587,-2118,89,300,318,48
2025-11-27T16:57:23.506776,83,80,89,291,222,52,57,70,-6544,8278,7464,-10069,-605,-2037,97,318,281,126
2025-11-27T16:57:23.529297,82,87,101,263,186,51,62,71,-6552,8313,7406,-10078,-650,-1921,119,181,231,179
2025-11-27T16:57:23.544211,92,229,106,284,189,52,64,82,-6558,8341,7362,-10083,-644,-1900,182,106,195,123
2025-11-27T16:57:23.571265,86,309,113,331,186,48,65,95,-6580,8363,7322,-10079,-650,-1952,203,121,234,32
2025-11-27T16:57:23.589267,86,316,116,362,209,53,72,94,-6630,8373,7273,-10074,-632,-2002,214,254,283,-55
2025-11-27T16:57:23.604351,87,324,122,367,191,51,73,102,-6678,8389,7229,-10060,-594,-2012,152,229,311,-50
2025-11-27T16:57:23.626298,86,329,129,369,202,43,64,96,-6710,8408,7204,-10041,-607,-1994,142,106,249,-59
2025-11-27T16:57:23.649327,47,254,117,341,231,65,62,91,-6718,8426,7190,-10030,-595,-1978,126,33,134,13
2025-11-27T16:57:23.664004,46,140,122,316,221,68,60,84,-6719,8439,7185,-10023,-536,-1944,173,-30,77,32
2025-11-27T16:57:23.686632,45,138,121,304,196,70,48,95,-6727,8453,7189,-10002,-492,-1869,163,-77,120,-36
2025-11-27T16:57:23.709246,43,117,123,301,191,76,54,90,-6745,8468,7204,-9967,-452,-1984,134,-104,162,-96
2025-11-27T16:57:23.724658,112,111,149,409,185,77,69,119,-6766,8475,7216,-9938,-495,-2094,101,-36,127,-115
2025-11-27T16:57:23.746735,118,107,160,409,152,79,87,142,-6780,8469,7219,-9932,-560,-2095,67,81,9,-78
2025-11-27T16:57:23.769142,118,104,157,402,199,119,96,135,-6794,8443,7210,-9950,-526,-2078,108,213,-96,-26
2025-11-27T16:57:23.784191,117,90,167,384,213,123,96,127,-6799,8427,7206,-9963,-489,-1821,124,114,-77,-11
2025-11-27T16:57:23.806680,121,88,173,397,218,122,92,133,-6787,8422,7232,-9957,-483,-1834,104,-98,-94,-55
2025-11-27T16:57:23.829289,75,78,137,315,213,122,82,154,-6774,8415,7273,-9942,-494,-1994,105,-168,-114,-108
2025-11-27T16:57:23.848014,67,71,155,355,195,116,66,136,-6781,8391,7302,-9936,-510,-2068,100,-1,-124,-165
2025-11-27T16:57:23.866745,65,68,160,345,187,125,55,139,-6812,8349,7305,-9948,-490,-2016,164,208,-110,-176
2025-11-27T16:57:23.889273,63,66,179,348,192,138,59,140,-6860,8307,7299,-9955,-389,-1791,151,279,-27,-202
2025-11-27T16:57:23.912491,58,68,174,323,195,145,63,170,-6872,8298,7324,-9936,-455,-2039,166,-66,-1,-151
2025-11-27T16:57:23.926627,49,58,177,250,194,153,65,158,-6875,8301,7330,-9927,-470,-2197,209,-49,30,-2
2025-11-27T16:57:23.949314,56,55,152,177,193,151,60,173,-6887,8303,7306,-9934,-414,-2093,219,110,79,103
2025-11-27T16:57:23.964784,57,49,179,174,165,128,60,180,-6889,8325,7282,-9932,-440,-2130,245,4,156,161
2025-11-27T16:57:23.986704,58,46,165,160,152,123,59,183,-6891,8354,7232,-9943,-528,-2074,291,84,207,236
2025-11-27T16:57:24.009243,67,49,164,169,221,214,112,178,-6895,8379,7190,-9949,-491,-2043,211,100,179,204
2025-11-27T16:57:24.024742,62,50,159,166,323,259,126,155,-6894,8401,7156,-9957,-542,-2013,283,34,137,172
2025-11-27T16:57:24.047062,56,52,174,198,387,293,141,133,-6888,8415,7136,-9963,-527,-1949,312,-38,81,122
2025-11-27T16:57:24.069184,81,64,189,246,399,305,147,127,-6863,8439,7158,-9944,-432,-1841,199,-260,30,69
2025-11-27T16:57:24.084222,93,73,196,258,395,301,147,122,-6839,8459,7198,-9915,-476,-1851,169,-335,3,-41
2025-11-27T16:57:24.106877,87,83,200,258,406,277,124,73,-6836,8462,7245,-9880,-493,-1948,79,-220,-16,-189
2025-11-27T16:57:24.129222,88,89,204,256,348,266,117,70,-6853,8453,7279,-9851,-408,-1955,108,-99,12,-195
2025-11-27T16:57:24.152105,88,89,217,283,312,252,107,69,-6863,8451,7311,-9821,-358,-2065,117,-132,31,-116
2025-11-27T16:57:24.166435,65,86,176,267,302,242,104,50,-6886,8455,7320,-9795,-332,-1945,126,-30,130,-72
2025-11-27T16:57:24.197513,45,89,157,266,330,259,110,45,-6879,8501,7327,-9755,-496,-1905,104,-247,233,17
2025-11-27T16:57:24.212462,39,81,144,270,273,226,97,68,-6835,8577,7348,-9703,-543,-1919,56,-481,237,122
2025-11-27T16:57:24.227231,45,86,138,276,264,200,96,70,-6792,8649,7372,-9652,-539,-2073,22,-473,217,129
2025-11-27T16:57:24.249284,51,102,94,228,253,180,92,68,-6791,8683,7360,-9632,-518,-1953,87,-102,195,73
2025-11-27T16:57:24.272333,53,112,101,201,287,187,91,66,-6819,8706,7355,-9594,-441,-2256,-27,6,259,-35
2025-11-27T16:57:24.286760,67,217,273,176,284,177,93,68,-6862,8707,7306,-9600,-531,-1822,200,230,229,-11
2025-11-27T16:57:24.309211,74,246,329,283,496,293,135,56,-6902,8735,7279,-9566,-439,-1926,16,86,346,-33
2025-11-27T16:57:24.331384,69,246,334,287,509,310,138,55,-6883,8788,7277,-9533,-610,-1605,-30,-219,213,18
2025-11-27T16:57:24.346550,63,242,335,285,499,307,137,54,-6822,8864,7352,-9449,-472,-1933,-108,-742,153,-17
2025-11-27T16:57:24.369188,59,239,336,276,475,292,130,54,-6733,8948,7429,-9373,-462,-2252,-195,-814,74,152
2025-11-27T16:57:24.392072,42,144,221,266,468,292,128,51,-6663,9006,7455,-9346,-500,-2390,-144,-444,14,302
2025-11-27T16:57:24.406442,30,92,154,182,247,195,84,35,-6613,9037,7426,-9375,-585,-2286,-104,-30,-59,414
2025-11-27T16:57:24.429110,28,90,204,171,203,154,70,35,-6545,9068,7378,-9429,-648,-2102,-82,34,-139,547
2025-11-27T16:57:24.451552,28,83,238,167,193,152,68,34,-6428,9117,7342,-9491,-750,-2080,-58,-195,-252,692
2025-11-27T16:57:24.474951,30,77,242,167,185,152,68,34,-6260,9184,7317,-9559,-799,-2117,-60,-416,-358,886
2025-11-27T16:57:24.489307,29,74,238,172,175,152,64,34,-6067,9250,7293,-9637,-850,-2100,-69,-480,-456,982
2025-11-27T16:57:24.511796,29,79,220,100,169,128,58,39,-5865,9302,7276,-9724,-850,-2145,-49,-493,-563,1012
2025-11-27T16:57:24.526835,28,74,170,111,179,136,58,39,-5672,9336,7252,-9825,-793,-2061,-21,-389,-627,1027
2025-11-27T16:57:24.549309,28,85,119,128,180,131,57,39,-5497,9356,7215,-9931,-792,-2020,-49,-232,-628,999
2025-11-27T16:57:24.571420,28,90,102,135,177,130,58,47,-5338,9366,7163,-10046,-851,-1910,-45,-82,-624,961
2025-11-27T16:57:24.586772,26,107,166,160,183,107,51,47,-5179,9366,7115,-10162,-877,-1790,-71,-56,-672,902
2025-11-27T16:57:24.609284,28,98,168,172,176,99,54,46,-5018,9359,7084,-10271,-900,-1750,-121,-96,-726,824
2025-11-27T16:57:24.631747,27,101,169,167,212,147,63,45,-4863,9338,7069,-10374,-891,-1714,-87,-134,-766,725
2025-11-27T16:57:24.646743,34,113,196,200,225,167,69,48,-4726,9306,7067,-10466,-870,-1646,-43,-153,-736,579
2025-11-27T16:57:24.669319,37,125,201,258,237,172,74,41,-4617,9271,7083,-10536,-876,-1689,-94,-150,-654,394
2025-11-27T16:57:24.691724,45,116,169,266,219,181,79,39,-4532,9229,7102,-10597,-867,-1671,-41,-114,-588,273
2025-11-27T16:57:24.706816,44,139,183,274,210,183,76,33,-4480,9181,7112,-10653,-864,-1645,13,-2,-484,158
2025-11-27T16:57:24.729184,44,140,187,279,153,139,68,31,-4440,9143,7125,-10694,-926,-1616,30,-30,-379,68
2025-11-27T16:57:24.751669,40,125,167,258,166,139,70,40,-4387,9114,7159,-10718,-938,-1646,47,-212,-348,52
2025-11-27T16:57:24.770782,38,109,194,217,185,148,71,39,-4335,9092,7206,-10726,-881,-1744,68,-314,-284,54
2025-11-27T16:57:24.789309,31,123,214,234,191,143,67,38,-4297,9076,7243,-10731,-901,-1773,77,-263,-200,43
2025-11-27T16:57:24.811765,39,125,239,276,186,133,68,44,-4265,9063,7271,-10735,-1023,-1798,96,-225,-153,4
2025-11-27T16:57:24.826924,69,138,278,297,224,160,81,52,-4245,9048,7304,-10733,-982,-1808,77,-211,-118,-49
2025-11-27T16:57:24.849294,74,141,289,300,217,150,75,47,-4230,9030,7331,-10736,-1012,-1803,112,-175,-118,-68
2025-11-27T16:57:24.872498,75,149,287,299,191,134,69,46,-4238,9005,7349,-10741,-954,-1875,111,-48,-80,-95
2025-11-27T16:57:24.895003,76,138,304,273,203,149,73,46,-4246,8991,7356,-10745,-955,-1792,120,-37,-17,-56
2025-11-27T16:57:24.909247,75,126,299,254,229,176,79,44,-4247,8988,7367,-10740,-988,-1842,60,-79,11,-40
2025-11-27T16:57:24.932502,49,114,297,228,190,149,63,33,-4248,8983,7384,-10732,-973,-1828,25,-91,-9,-61
2025-11-27T16:57:24.946853,40,127,327,242,168,139,58,27,-4252,8972,7403,-10727,-972,-1878,27,-79,-30,-79
2025-11-27T16:57:24.969409,46,139,332,269,171,142,57,29,-4255,8961,7416,-10725,-969,-1882,-3,-35,-44,-51
2025-11-27T16:57:24.992525,48,140,325,262,194,152,63,30,-4251,8956,7425,-10725,-969,-1854,29,-65,-27,-1
2025-11-27T16:57:25.006720,43,127,305,264,211,150,61,27,-4247,8956,7433,-10720,-945,-1879,-9,-56,-5,22
2025-11-27T16:57:25.030090,43,143,281,259,222,167,64,26,-4241,8960,7435,-10719,-982,-1819,-23,-36,-2,33
2025-11-27T16:57:25.050154,46,131,258,249,230,176,68,28,-4242,8954,7439,-10720,-967,-1814,-29,2,-31,-20
2025-11-27T16:57:25.072489,39,120,258,220,239,176,68,27,-4246,8946,7446,-10721,-977,-1823,-32,7,-36,-51
2025-11-27T16:57:25.087883,32,116,262,248,221,158,58,25,-4259,8937,7455,-10717,-916,-1887,-43,19,-10,-48
2025-11-27T16:57:25.112590,34,122,277,242,195,150,54,28,-4271,8931,7451,-10720,-932,-1853,-22,74,6,-8
2025-11-27T16:57:25.134891,35,110,354,261,184,136,52,28,-4279,8929,7443,-10724,-960,-1814,-18,68,11,7
2025-11-27T16:57:25.148928,30,106,337,258,177,126,50,28,-4279,8929,7443,-10724,-945,-1775,-30,3,6,7
2025-11-27T16:57:25.172578,28,93,326,248,159,125,49,26,-4281,8929,7447,-10720,-946,-1813,-19,-21,8,-8
2025-11-27T16:57:25.194945,31,98,299,218,125,113,48,29,-4290,8926,7449,-10718,-934,-1853,10,8,24,-18
2025-11-27T16:57:25.209297,31,108,321,243,91,81,38,30,-4300,8928,7446,-10714,-953,-1818,-18,32,48,-17
2025-11-27T16:57:25.232272,29,99,245,245,93,64,33,33,-4308,8932,7445,-10709,-987,-1837,-9,4,49,-24
2025-11-27T16:57:25.254778,29,97,238,241,177,128,44,35,-4315,8935,7444,-10703,-982,-1822,-21,6,49,-25
2025-11-27T16:57:25.269217,30,96,237,242,195,138,48,37,-4324,8939,7440,-10700,-959,-1750,12,19,59,-26
2025-11-27T16:57:25.292440,26,86,245,249,198,138,48,34,-4335,8943,7445,-10688,-972,-1781,-33,-20,66,-73
2025-11-27T16:57:25.322483,25,72,246,199,199,139,49,29,-4345,8946,7457,-10673,-966,-1839,-21,-54,65,-77
2025-11-27T16:57:25.329609,28,83,293,204,196,139,50,40,-4354,8951,7467,-10658,-974,-1873,-30,-53,68,-68
2025-11-27T16:57:25.352411,29,84,305,208,120,80,36,39,-4367,8954,7467,-10650,-987,-1878,-34,17,68,-50
2025-11-27T16:57:25.374931,26,85,301,221,101,70,34,40,-4378,8956,7464,-10647,-992,-1841,-29,33,52,-35
2025-11-27T16:57:25.389241,29,84,291,222,114,74,34,40,-4381,8958,7463,-10644,-991,-1840,-18,-1,24,-15
2025-11-27T16:57:25.411677,29,76,260,213,107,70,34,49,-4384,8958,7463,-10642,-988,-1840,-18,-2,18,-26
2025-11-27T16:57:25.434882,85,92,172,187,105,70,38,43,-4391,8956,7466,-10640,-974,-1847,-21,8,12,-45
2025-11-27T16:57:25.449293,119,115,136,184,103,68,43,49,-4400,8949,7465,-10643,-958,-1866,14,27,-1,-31
2025-11-27T16:57:25.471826,127,120,127,165,107,47,39,51,-4413,8943,7456,-10649,-946,-1911,35,66,19,0
2025-11-27T16:57:25.494789,135,126,111,150,111,36,40,52,-4431,8939,7434,-10659,-939,-1913,53,134,53,36
2025-11-27T16:57:25.509301,138,126,81,152,143,40,42,46,-4451,8942,7403,-10670,-970,-1888,71,154,95,60
2025-11-27T16:57:25.534363,149,103,74,158,186,57,41,82,-4474,8945,7369,-10682,-963,-1906,100,171,108,63
2025-11-27T16:57:25.551782,227,83,68,146,204,86,43,120,-4496,8954,7331,-10691,-996,-1791,151,142,157,51
2025-11-27T16:57:25.566254,468,123,78,188,250,141,77,183,-4508,8974,7307,-10686,-1080,-1753,126,23,186,-2
2025-11-27T16:57:25.589545,498,122,78,269,273,154,79,191,-4523,8992,7297,-10671,-1108,-1825,88,-25,187,-69
2025-11-27T16:57:25.613382,501,120,71,293,394,171,80,193,-4556,9005,7283,-10656,-1175,-1761,66,61,212,-187
2025-11-27T16:57:25.629672,494,118,71,296,410,184,90,180,-4639,8981,7280,-10642,-1060,-1813,12,266,173,-433
2025-11-27T16:57:25.652730,462,113,69,306,403,176,89,156,-4723,8951,7290,-10624,-931,-1786,93,185,153,-452
2025-11-27T16:57:25.674958,214,54,48,289,382,147,67,74,-4801,8934,7317,-10585,-907,-1791,40,54,216,-484
2025-11-27T16:57:25.689043,126,39,56,229,396,196,78,54,-4854,8939,7349,-10534,-1046,-1825,-35,-69,242,-438
2025-11-27T16:57:25.711716,115,39,85,215,276,191,81,50,-4881,8945,7393,-10486,-1154,-1835,-134,-144,134,-436
2025-11-27T16:57:25.734884,141,52,137,207,221,175,69,56,-4904,8930,7453,-10445,-1129,-1872,-215,-127,-16,-500
2025-11-27T16:57:25.748894,134,53,161,190,222,174,67,60,-4929,8891,7509,-10426,-1099,-1995,-198,-13,-153,-487
2025-11-27T16:57:25.772046,130,57,163,191,207,169,67,63,-4964,8838,7542,-10431,-1029,-1985,-172,168,-201,-426
2025-11-27T16:57:25.795012,136,58,163,191,162,124,57,61,-5005,8780,7558,-10448,-962,-1835,-170,295,-219,-393
2025-11-27T16:57:25.809243,151,61,201,192,215,147,59,61,-5031,8726,7584,-10463,-923,-1897,-153,197,-253,-339
2025-11-27T16:57:25.831856,137,57,217,247,232,157,61,54,-5038,8664,7622,-10484,-894,-1829,-157,129,-371,-322
2025-11-27T16:57:25.862449,134,65,224,274,240,165,64,54,-5031,8594,7679,-10503,-849,-1888,-168,44,-464,-321
2025-11-27T16:57:25.869353,136,70,257,295,274,170,60,59,-5021,8517,7729,-10533,-776,-1886,-88,58,-500,-268
2025-11-27T16:57:25.891825,130,70,264,353,384,202,71,67,-5030,8437,7769,-10564,-711,-1939,-71,161,-446,-271
2025-11-27T16:57:25.914978,106,69,231,378,395,199,82,82,-5069,8347,7786,-10604,-608,-1844,12,332,-375,-299
2025-11-27T16:57:25.929802,77,63,192,356,396,198,86,88,-5134,8254,7796,-10638,-511,-1832,103,392,-269,-358
2025-11-27T16:57:25.951759,60,52,169,334,396,193,84,84,-5199,8175,7815,-10654,-484,-1810,169,248,-172,-375
2025-11-27T16:57:25.974964,68,47,138,312,390,191,88,94,-5265,8114,7847,-10645,-442,-1965,140,135,-65,-378
2025-11-27T16:57:25.989493,76,57,183,313,298,181,91,90,-5335,8052,7874,-10636,-449,-2030,145,169,-49,-380
2025-11-27T16:57:26.011787,93,69,190,284,244,159,78,79,-5389,8003,7913,-10617,-441,-2053,152,29,-43,-344
2025-11-27T16:57:26.034844,99,78,197,360,233,151,74,87,-5439,7949,7947,-10607,-390,-1952,131,82,-83,-316
2025-11-27T16:57:26.057169,102,78,193,382,234,148,76,89,-5459,7918,7990,-10588,-404,-1996,93,-83,-83,-192
2025-11-27T16:57:26.080034,89,76,188,406,208,141,70,71,-5457,7901,8030,-10571,-424,-2014,125,-171,-91,-76
2025-11-27T16:57:26.094982,112,75,166,448,160,71,50,74,-5462,7886,8059,-10558,-405,-2073,177,-129,-42,-38
2025-11-27T16:57:26.117215,111,67,175,443,222,128,55,72,-5471,7879,8071,-10549,-439,-2109,176,-68,13,5
2025-11-27T16:57:26.131831,106,57,180,393,274,170,72,62,-5489,7871,8059,-10555,-464,-2039,217,72,51,41
2025-11-27T16:57:26.155513,104,59,196,413,295,185,73,55,-5515,7858,8035,-10570,-560,-1807,197,175,40,-45
2025-11-27T16:57:26.175228,111,60,188,388,295,188,72,55,-5524,7855,8066,-10543,-385,-1894,136,-170,40,-80
2025-11-27T16:57:26.188901,82,52,171,314,301,188,70,49,-5503,7866,8092,-10526,-721,-1933,125,-228,-24,-74
2025-11-27T16:57:26.212541,87,68,195,366,248,152,69,88,-5514,7855,8100,-10523,-648,-2170,249,-60,4,-100
2025-11-27T16:57:26.235068,162,111,218,368,198,101,67,186,-5536,7857,8108,-10503,-404,-2088,135,-42,116,-25
2025-11-27T16:57:26.249498,179,122,252,373,189,76,75,202,-5542,7893,8091,-10486,-647,-1952,62,-17,215,53
2025-11-27T16:57:26.273650,175,121,265,425,184,65,77,240,-5510,7936,8079,-10479,-758,-2079,17,-106,90,183
2025-11-27T16:57:26.297433,180,123,280,445,172,64,82,252,-5473,7978,8071,-10473,-616,-2074,18,-130,70,272
2025-11-27T16:57:26.311772,171,116,361,435,168,59,76,243,-5446,8011,8045,-10483,-747,-2147,21,18,50,235
2025-11-27T16:57:26.334827,105,92,418,490,144,51,60,177,-5434,8021,8000,-10516,-737,-2149,71,212,-10,228
2025-11-27T16:57:26.358159,159,112,497,583,86,40,48,162,-5437,8016,7943,-10561,-660,-2027,93,359,-30,215
2025-11-27T16:57:26.371783,192,135,558,697,83,44,48,122,-5438,8012,7883,-10607,-673,-1816,112,347,-27,197
2025-11-27T16:57:26.394449,188,138,556,674,86,38,41,100,-5420,8017,7855,-10634,-701,-1851,102,127,-60,163
2025-11-27T16:57:26.417004,191,141,524,731,83,41,40,103,-5399,8025,7857,-10638,-603,-1825,96,-63,-43,110
2025-11-27T16:57:26.431604,193,138,523,793,91,44,42,103,-5366,8029,7865,-10646,-722,-1836,162,-130,-106,74
2025-11-27T16:57:26.455007,138,119,462,751,111,60,52,114,-5367,8030,7891,-10624,-408,-2009,122,-156,26,28
2025-11-27T16:57:26.478057,114,93,398,623,108,57,58,204,-5361,8045,7922,-10593,-522,-1803,72,-225,64,-40
2025-11-27T16:57:26.492353,146,123,409,665,113,63,62,267,-5353,8055,7952,-10566,-633,-2027,91,-221,34,-52
2025-11-27T16:57:26.514307,160,217,403,636,117,62,67,287,-5370,8044,7961,-10560,-398,-2092,80,27,14,28
2025-11-27T16:57:26.537377,159,227,410,557,115,69,70,290,-5395,8040,7934,-10571,-464,-2118,75,221,68,116
2025-11-27T16:57:26.559883,203,250,407,547,91,56,61,291,-5395,8054,7894,-10590,-611,-2014,27,212,59,217
2025-11-27T16:57:26.574521,191,254,422,581,91,56,52,238,-5366,8073,7871,-10608,-622,-1897,32,57,-28,271
2025-11-27T16:57:26.597382,183,249,453,536,76,48,50,183,-5318,8097,7865,-10618,-676,-1966,10,-79,-75,276
2025-11-27T16:57:26.611599,189,178,456,520,64,47,44,167,-5269,8110,7852,-10642,-755,-1935,114,-54,-127,260
2025-11-27T16:57:26.634463,210,179,416,474,51,30,37,220,-5235,8108,7833,-10674,-779,-1935,120,58,-153,184
2025-11-27T16:57:26.657157,254,210,513,407,54,33,55,316,-5223,8090,7813,-10709,-765,-1835,154,145,-156,62
2025-11-27T16:57:26.671966,271,272,526,376,51,36,57,338,-5230,8068,7793,-10736,-776,-1817,215,152,-89,-41
2025-11-27T16:57:26.694909,273,319,510,366,61,38,59,347,-5253,8049,7786,-10744,-676,-1785,208,102,-6,-114
2025-11-27T16:57:26.717357,267,324,538,298,73,41,62,354,-5280,8041,7787,-10736,-713,-1855,190,35,74,-162
2025-11-27T16:57:26.731645,280,331,568,374,88,42,68,336,-5315,8037,7788,-10722,-644,-1843,185,31,126,-162
2025-11-27T16:57:26.754905,222,297,460,398,86,47,64,270,-5351,8039,7794,-10697,-669,-2022,126,13,158,-171
2025-11-27T16:57:26.777286,220,246,458,413,91,48,67,288,-5392,8036,7778,-10691,-709,-2182,186,146,154,-96
2025-11-27T16:57:26.791793,216,177,439,427,86,50,67,306,-5443,8028,7720,-10712,-720,-2118,228,393,162,-3
2025-11-27T16:57:26.814661,209,160,426,415,83,53,69,298,-5491,8017,7644,-10751,-795,-2006,240,502,127,32
2025-11-27T16:57:26.837443,188,126,413,337,70,54,70,365,-5531,8000,7572,-10794,-827,-1946,322,448,75,12
2025-11-27T16:57:26.851707,175,118,441,359,72,50,67,369,-5566,7981,7515,-10830,-795,-1938,341,376,46,-9
2025-11-27T16:57:26.874369,157,119,451,305,81,72,71,389,-5608,7958,7460,-10864,-812,-1894,341,391,46,-74
2025-11-27T16:57:26.897507,148,116,561,401,160,120,87,382,-5661,7928,7412,-10890,-803,-1910,354,389,55,-162
2025-11-27T16:57:26.911755,162,151,544,408,207,143,89,407,-5726,7894,7381,-10903,-729,-2006,348,354,73,-230
2025-11-27T16:57:26.934496,143,158,552,417,305,204,120,355,-5813,7856,7324,-10922,-710,-2040,417,513,154,-233
2025-11-27T16:57:26.957141,135,162,571,379,333,224,130,332,-5891,7831,7249,-10949,-766,-1857,450,526,196,-168
2025-11-27T16:57:26.980108,131,180,647,403,334,229,130,258,-5953,7815,7195,-10962,-806,-1815,420,376,170,-193
2025-11-27T16:57:26.994879,129,179,570,382,306,212,121,224,-6021,7797,7167,-10955,-730,-2063,486,238,195,-260
2025-11-27T16:57:27.017549,101,163,602,391,280,207,122,190,-6116,7782,7108,-10953,-672,-1963,519,421,326,-246
2025-11-27T16:57:27.039931,91,158,557,384,203,182,95,149,-6191,7799,7034,-10946,-988,-1892,379,413,386,-242
2025-11-27T16:57:27.054487,88,153,517,398,173,176,82,153,-6255,7813,6974,-10938,-1010,-1910,369,343,318,-256
2025-11-27T16:57:27.077236,74,133,403,453,174,163,77,211,-6335,7805,6935,-10922,-810,-2109,344,381,261,-305
2025-11-27T16:57:27.099907,71,131,383,385,186,162,75,208,-6401,7798,6882,-10922,-872,-2128,421,399,222,-215
2025-11-27T16:57:27.113742,67,113,312,379,293,212,89,203,-6456,7815,6804,-10927,-967,-1945,345,448,306,-107
2025-11-27T16:57:27.136845,68,113,306,364,296,205,90,228,-6466,7864,6768,-10908,-846,-1709,145,123,266,-8
2025-11-27T16:57:27.159153,63,125,303,364,297,205,98,226,-6449,7865,6803,-10895,-1049,-1955,167,-88,-161,-262
2025-11-27T16:57:27.173714,53,113,241,256,324,226,99,179,-6514,7777,6854,-10888,-284,-2185,528,130,-216,-385
2025-11-27T16:57:27.198571,57,108,211,237,337,240,104,217,-6611,7702,6814,-10908,-297,-1847,510,572,30,-241
2025-11-27T16:57:27.219211,59,117,179,209,285,221,103,203,-6706,7667,6725,-10930,-1009,-2061,424,748,174,-345
2025-11-27T16:57:27.233743,59,112,164,212,265,210,101,176,-6805,7598,6653,-10961,-985,-1818,364,810,-18,-489
2025-11-27T16:57:27.264823,57,112,121,183,307,254,104,169,-6913,7515,6631,-10964,-748,-1734,373,611,-66,-654
2025-11-27T16:57:27.280554,57,108,104,208,284,245,102,157,-7032,7439,6647,-10931,-578,-1875,427,398,11,-764
2025-11-27T16:57:27.294321,49,109,96,196,265,231,97,91,-7171,7363,6653,-10888,-485,-1827,366,496,100,-817
2025-11-27T16:57:27.317437,48,96,71,229,260,213,78,96,-7328,7282,6664,-10831,-437,-1928,355,526,150,-924
2025-11-27T16:57:27.340017,48,93,60,213,295,246,81,112,-7486,7197,6669,-10776,-308,-1882,389,558,167,-873
2025-11-27T16:57:27.354287,49,67,58,231,268,197,68,124,-7639,7114,6674,-10721,-185,-1824,425,511,177,-810
2025-11-27T16:57:27.377365,49,62,65,207,287,203,73,140,-7770,7051,6697,-10654,-4,-1782,416,321,209,-691
2025-11-27T16:57:27.399896,48,51,61,202,293,210,72,159,-7849,7022,6750,-10581,163,-1850,479,-39,174,-431
2025-11-27T16:57:27.414282,43,64,59,169,276,200,72,152,-7898,7021,6761,-10538,302,-1845,522,2,278,-10
2025-11-27T16:57:27.437278,48,65,63,179,269,191,74,140,-7914,7056,6743,-10514,232,-1816,478,-2,346,280
2025-11-27T16:57:27.459786,53,73,89,148,268,195,73,126,-7890,7121,6716,-10506,120,-1801,505,-133,332,502
2025-11-27T16:57:27.474465,54,68,81,167,260,175,70,117,-7862,7189,6676,-10506,171,-1624,531,-136,365,592
2025-11-27T16:57:27.497488,52,88,107,165,251,170,72,85,-7824,7279,6653,-10487,240,-1457,509,-336,431,614
2025-11-27T16:57:27.519925,51,79,111,191,254,190,83,76,-7756,7414,6670,-10432,245,-1449,483,-757,505,641
2025-11-27T16:57:27.542151,43,83,125,217,270,159,78,65,-7636,7596,6736,-10346,163,-1588,428,-1240,490,705
2025-11-27T16:57:27.558025,33,82,128,219,270,161,75,62,-7472,7801,6824,-10256,49,-1831,308,-1441,397,829
2025-11-27T16:57:27.579932,30,91,143,223,259,172,74,40,-7297,7992,6892,-10189,-16,-2029,213,-1270,296,958
2025-11-27T16:57:27.594689,47,141,188,283,292,169,74,43,-7128,8157,6938,-10147,-49,-2037,82,-1011,188,997
2025-11-27T16:57:27.617406,49,148,228,281,315,159,68,50,-6965,8291,6945,-10147,-267,-2054,142,-735,66,1020
2025-11-27T16:57:27.639871,117,162,333,323,340,223,87,56,-6797,8400,6926,-10183,-481,-2127,118,-513,-91,1068
2025-11-27T16:57:27.654226,129,169,405,355,349,227,94,59,-6642,8485,6910,-10227,-441,-1942,14,-371,-182,983
2025-11-27T16:57:27.677810,129,177,463,387,357,218,93,63,-6496,8548,6906,-10270,-503,-1861,36,-369,-259,832
2025-11-27T16:57:27.699897,136,133,469,368,349,229,96,62,-6332,8606,6911,-10321,-691,-1883,54,-438,-373,804
2025-11-27T16:57:27.722442,142,129,482,427,343,238,99,61,-6162,8651,6915,-10384,-881,-1906,68,-408,-462,749
2025-11-27T16:57:27.736952,97,109,421,469,296,194,85,57,-6013,8675,6930,-10440,-917,-1813,54,-358,-499,553
2025-11-27T16:57:27.759726,87,99,369,567,310,192,77,55,-5885,8680,6972,-10481,-961,-1759,41,-389,-522,301
2025-11-27T16:57:27.774174,87,99,306,592,358,221,85,49,-5746,8682,7032,-10517,-1153,-1823,21,-484,-593,190
2025-11-27T16:57:27.797436,81,100,273,589,356,222,85,46,-5612,8660,7094,-10565,-1216,-1856,88,-440,-690,114
2025-11-27T16:57:27.820502,86,120,233,667,360,204,80,39,-5497,8630,7159,-10606,-1262,-1831,30,-363,-674,-19
2025-11-27T16:57:27.831840,87,122,229,634,448,253,91,41,-5399,8579,7229,-10650,-1240,-1739,80,-325,-713,-145
2025-11-27T16:57:27.855450,83,118,203,563,431,243,90,39,-5306,8507,7291,-10713,-1340,-1713,194,-240,-797,-217
2025-11-27T16:57:27.878478,84,107,236,516,381,222,83,40,-5206,8419,7363,-10781,-1469,-1608,239,-285,-904,-333
2025-11-27T16:57:27.894207,73,112,261,542,387,221,84,39,-5104,8321,7488,-10820,-1295,-1711,294,-564,-938,-460
2025-11-27T16:57:27.916663,53,88,267,401,392,233,85,39,-5013,8235,7635,-10826,-1091,-1849,309,-734,-797,-463
2025-11-27T16:57:27.940029,49,95,290,389,276,159,67,35,-4948,8152,7749,-10838,-1096,-2051,408,-574,-654,-412
2025-11-27T16:57:27.962222,49,96,292,416,261,147,67,38,-4904,8079,7822,-10860,-1072,-2040,450,-378,-518,-334
2025-11-27T16:57:27.977792,49,105,338,463,375,201,87,39,-4872,8014,7886,-10876,-1045,-1913,401,-318,-431,-359
2025-11-27T16:57:27.999857,61,113,410,442,380,206,92,47,-4841,7942,7967,-10884,-983,-1965,419,-397,-454,-402
2025-11-27T16:57:28.022425,62,118,412,470,357,188,88,49,-4805,7873,8062,-10879,-846,-2018,392,-492,-451,-374
2025-11-27T16:57:28.037116,59,121,413,457,354,182,85,46,-4773,7813,8159,-10865,-758,-2147,268,-468,-398,-318
2025-11-27T16:57:28.060084,59,135,459,478,349,184,86,49,-4757,7744,8226,-10870,-712,-2129,243,-233,-398,-275
2025-11-27T16:57:28.082386,62,132,484,490,217,114,64,49,-4747,7677,8284,-10878,-627,-2164,236,-177,-371,-228
2025-11-27T16:57:28.096758,51,122,431,572,166,69,45,59,-4721,7615,8333,-10897,-608,-2073,198,-142,-412,-121
2025-11-27T16:57:28.119919,55,124,491,609,136,64,46,69,-4712,7556,8363,-10918,-583,-2128,204,-25,-327,-104
2025-11-27T16:57:28.142496,64,122,495,635,111,56,44,74,-4689,7513,8390,-10937,-553,-2105,106,-32,-320,2
2025-11-27T16:57:28.159083,77,110,467,615,95,48,41,76,-4674,7472,8403,-10961,-510,-2266,113,64,-274,74
2025-11-27T16:57:28.180448,78,103,408,616,96,49,42,79,-4644,7452,8399,-10991,-428,-2154,87,82,-228,268
2025-11-27T16:57:28.202748,77,101,421,643,90,60,47,68,-4580,7443,8375,-11042,-755,-2121,91,112,-321,348
2025-11-27T16:57:28.216751,74,98,382,603,89,60,48,55,-4497,7424,8360,-11100,-584,-2071,95,74,-436,465
2025-11-27T16:57:28.239718,69,94,394,592,90,59,45,49,-4419,7389,8344,-11167,-605,-2012,157,106,-501,405
2025-11-27T16:57:28.262296,50,90,383,583,92,55,46,40,-4350,7344,8315,-11245,-727,-2025,218,203,-513,335
2025-11-27T16:57:28.276719,41,85,364,562,113,78,48,35,-4326,7259,8248,-11358,-582,-1709,375,548,-539,213
2025-11-27T16:57:28.299950,40,84,358,436,109,73,42,34,-4309,7191,8214,-11432,-672,-1667,355,316,-420,46
2025-11-27T16:57:28.322474,37,82,359,455,120,73,38,32,-4294,7126,8202,-11487,-706,-1730,415,166,-376,-43
2025-11-27T16:57:28.337237,35,75,329,418,121,76,39,43,-4309,7059,8203,-11521,-612,-1772,378,153,-279,-180
2025-11-27T16:57:28.359627,38,81,351,386,119,76,38,69,-4349,6996,8201,-11547,-579,-1772,409,192,-165,-259
2025-11-27T16:57:28.382230,93,123,359,328,108,65,43,92,-4415,6949,8199,-11551,-500,-1814,425,167,28,-312
2025-11-27T16:57:28.396123,105,121,330,338,112,67,52,143,-4507,6932,8182,-11538,-491,-1877,499,166,299,-313
2025-11-27T16:57:28.420514,109,118,336,318,102,67,57,161,-4623,6941,8166,-11498,-390,-2266,437,165,525,-267
2025-11-27T16:57:28.440189,111,129,350,319,98,65,58,178,-4749,6974,8078,-11489,-394,-2250,529,482,697,-21
2025-11-27T16:57:28.455004,114,134,322,298,105,69,67,201,-4866,7025,7947,-11500,-624,-2084,526,656,746,50
2025-11-27T16:57:28.480371,80,99,300,325,98,57,66,210,-4970,7086,7828,-11500,-583,-2110,551,527,759,111
2025-11-27T16:57:28.502410,63,105,285,342,101,51,63,187,-5051,7168,7705,-11497,-624,-2140,599,431,802,260
2025-11-27T16:57:28.516693,58,104,199,285,100,52,66,190,-5121,7263,7560,-11502,-758,-2076,636,474,834,334
2025-11-27T16:57:28.539504,54,90,161,291,107,49,68,178,-5187,7368,7408,-11505,-905,-1965,626,463,867,309
2025-11-27T16:57:28.562485,49,95,151,284,100,51,61,143,-5272,7467,7245,-11506,-960,-1984,667,558,918,238
2025-11-27T16:57:28.576372,45,116,185,284,178,100,68,117,-5383,7558,7053,-11515,-961,-1910,758,730,1003,195
2025-11-27T16:57:28.599898,42,146,194,252,215,151,78,104,-5500,7663,6855,-11510,-1088,-1857,712,734,1092,142
2025-11-27T16:57:28.622486,39,150,197,250,297,209,89,67,-5602,7796,6699,-11463,-1244,-1740,520,464,1143,-11
2025-11-27T16:57:28.637074,35,150,182,243,328,233,97,55,-5693,7937,6590,-11385,-1303,-1724,508,166,1136,-163
2025-11-27T16:57:28.660233,33,145,175,259,384,264,107,51,-5775,8081,6520,-11281,-1221,-1813,383,-19,1113,-213
2025-11-27T16:57:28.682479,35,133,123,236,447,293,113,50,-5851,8216,6471,-11172,-1201,-1907,361,-94,1044,-245
2025-11-27T16:57:28.696724,35,96,104,248,465,283,111,49,-5949,8329,6430,-11061,-1121,-1950,280,5,996,-353
2025-11-27T16:57:28.719945,39,106,90,280,433,249,106,48,-6073,8412,6389,-10953,-999,-1867,193,176,923,-479
2025-11-27T16:57:28.742323,41,105,81,296,478,281,119,45,-6221,8484,6368,-10826,-863,-1818,103,187,947,-641
2025-11-27T16:57:28.757323,39,97,70,287,445,264,112,44,-6366,8540,6389,-10685,-878,-1775,-63,93,800,-850
2025-11-27T16:57:28.780338,38,100,69,282,361,221,101,40,-6540,8546,6455,-10534,-645,-1876,-198,174,605,-1105
2025-11-27T16:57:28.802471,42,115,72,265,373,259,113,42,-6734,8494,6530,-10407,-339,-1875,-198,381,375,-1151
2025-11-27T16:57:28.816703,41,102,70,275,434,339,138,51,-6930,8414,6594,-10302,-113,-1919,-205,552,261,-1040
2025-11-27T16:57:28.840478,39,99,70,280,366,316,128,51,-7098,8340,6638,-10220,35,-1710,-130,531,229,-798
2025-11-27T16:57:28.862017,40,98,64,287,368,318,130,51,-7234,8283,6661,-10155,175,-1631,22,427,256,-495
2025-11-27T16:57:28.884665,38,83,64,330,366,319,129,51,-7309,8261,6699,-10095,284,-1597,-55,164,183,-196
2025-11-27T16:57:28.907453,37,59,142,422,316,283,115,83,-7330,8274,6735,-10045,190,-1636,-78,-37,149,54
2025-11-27T16:57:28.922327,52,73,176,406,261,184,79,147,-7314,8304,6762,-10013,110,-1704,16,-160,102,262
2025-11-27T16:57:28.944819,54,77,230,458,353,187,77,154,-7264,8360,6784,-9988,145,-1667,122,-352,125,481
2025-11-27T16:57:28.959130,103,80,243,455,348,174,75,159,-7179,8457,6817,-9945,117,-1720,114,-645,198,624
2025-11-27T16:57:28.983348,120,94,256,447,367,180,80,163,-7064,8576,6847,-9904,29,-1702,122,-789,204,746
2025-11-27T16:57:29.004412,124,104,223,354,359,176,79,150,-6910,8705,6900,-9864,-111,-1813,49,-979,67,793
2025-11-27T16:57:29.019197,130,103,218,379,317,173,78,84,-6747,8804,6951,-9853,-198,-2055,23,-858,-139,838
2025-11-27T16:57:29.041945,147,180,299,351,288,230,90,73,-6623,8852,6978,-9876,-165,-2121,83,-503,-255,778
2025-11-27T16:57:29.064901,131,212,367,406,300,243,95,59,-6522,8865,6981,-9929,-261,-2065,103,-214,-351,705
2025-11-27T16:57:29.079053,116,210,381,415,290,235,92,54,-6423,8864,6969,-10002,-515,-1910,51,-56,-438,611
2025-11-27T16:57:29.102378,143,217,416,431,316,239,93,48,-6314,8852,6994,-10064,-588,-1835,-34,-175,-569,436
2025-11-27T16:57:29.124757,151,221,424,473,406,267,100,53,-6202,8823,7042,-10126,-670,-1927,32,-254,-671,316
2025-11-27T16:57:29.139537,137,267,372,542,401,219,87,50,-6086,8788,7089,-10194,-818,-1903,39,-243,-716,259
2025-11-27T16:57:29.162408,125,263,418,529,397,216,84,51,-5979,8739,7151,-10256,-974,-1990,29,-246,-768,82
2025-11-27T16:57:29.184873,169,272,416,515,394,220,82,48,-5883,8675,7225,-10314,-926,-2022,55,-247,-799,-14
2025-11-27T16:57:29.199144,148,268,405,534,433,256,96,48,-5807,8610,7277,-10374,-957,-1978,167,-156,-699,-37
2025-11-27T16:57:29.222335,131,274,438,508,369,254,93,41,-5720,8579,7296,-10434,-1218,-1843,135,-125,-548,32
2025-11-27T16:57:29.244934,135,187,447,438,332,250,96,43,-5614,8564,7333,-10479,-1379,-1739,160,-332,-531,-41
2025-11-27T16:57:29.259225,141,159,349,475,355,259,99,42,-5502,8542,7423,-10493,-1310,-1669,145,-601,-575,-229
2025-11-27T16:57:29.282863,88,148,354,467,339,257,99,43,-5406,8503,7544,-10488,-1197,-1775,194,-717,-589,-383
2025-11-27T16:57:29.304930,81,140,336,518,264,215,83,44,-5322,8452,7667,-10482,-1191,-1912,218,-685,-588,-437
2025-11-27T16:57:29.319079,76,114,301,522,259,185,76,42,-5242,8390,7779,-10491,-1289,-2015,191,-565,-640,-459
2025-11-27T16:57:29.341916,64,98,296,491,259,174,71,40,-5199,8296,7858,-10527,-1168,-2006,284,-257,-662,-479
2025-11-27T16:57:29.364752,71,95,343,439,211,145,58,39,-5181,8196,7922,-10567,-964,-1975,290,-111,-598,-447
2025-11-27T16:57:29.379193,71,97,329,481,236,138,55,40,-5152,8114,7989,-10594,-933,-1911,291,-218,-534,-388
2025-11-27T16:57:29.402353,73,87,345,440,237,141,54,36,-5103,8045,8067,-10611,-972,-2026,284,-364,-533,-341
2025-11-27T16:57:29.424885,75,87,338,413,238,138,55,41,-5057,7980,8141,-10626,-900,-2115,278,-346,-500,-276
2025-11-27T16:57:29.439198,76,83,306,461,209,117,53,41,-5018,7918,8201,-10644,-770,-2106,246,-263,-456,-192
2025-11-27T16:57:29.462916,57,81,286,497,214,117,63,47,-4987,7862,8245,-10667,-720,-2090,199,-149,-403,-136
2025-11-27T16:57:29.485823,54,81,327,542,181,114,67,45,-4960,7804,8287,-10689,-637,-1984,124,-92,-411,-126
2025-11-27T16:57:29.499090,61,87,348,506,166,101,65,47,-4916,7753,8348,-10699,-687,-2223,8,-190,-452,-110
2025-11-27T16:57:29.522412,62,92,399,570,116,83,67,52,-4870,7698,8371,-10742,-623,-2285,131,-16,-476,91
2025-11-27T16:57:29.544925,60,91,408,540,97,71,63,50,-4834,7643,8367,-10801,-401,-2060,134,160,-436,229
2025-11-27T16:57:29.559168,57,96,399,540,65,59,66,47,-4762,7612,8387,-10839,-612,-2062,31,-73,-467,227
2025-11-27T16:57:29.582088,52,83,416,509,68,58,65,50,-4649,7580,8415,-10888,-861,-2329,-12,-142,-637,304
2025-11-27T16:57:29.604265,41,79,389,544,63,54,64,49,-4478,7419,8404,-11077,-796,-2102,56,152,-861,203
2025-11-27T16:57:29.626730,56,79,359,494,71,53,62,44,-4408,7306,8388,-11192,-600,-2046,295,320,-867,221
2025-11-27T16:57:29.646398,59,79,359,500,69,52,62,47,-4362,7195,8355,-11306,-648,-1942,209,498,-787,138
2025-11-27T16:57:29.664738,58,87,373,449,64,44,46,42,-4318,7090,8326,-11410,-609,-1798,247,439,-730,115
2025-11-27T16:57:29.686478,61,100,403,397,58,40,42,44,-4291,6999,8307,-11491,-471,-1779,360,303,-568,93
2025-11-27T16:57:29.705960,65,102,404,329,58,41,44,64,-4282,6928,8288,-11551,-463,-1832,405,249,-378,64
2025-11-27T16:57:29.724305,47,111,391,263,42,32,37,81,-4306,6878,8256,-11594,-377,-1837,525,249,-121,39
2025-11-27T16:57:29.746712,53,146,378,277,55,38,42,136,-4358,6863,8214,-11613,-366,-1843,601,206,182,23
2025-11-27T16:57:29.765931,63,144,345,298,74,52,48,165,-4433,6891,8160,-11606,-463,-1878,647,148,494,-1
2025-11-27T16:57:29.783773,62,141,231,283,78,51,54,179,-4518,6950,8103,-11578,-544,-2029,653,89,696,8
2025-11-27T16:57:29.806564,59,141,211,279,96,63,59,195,-4618,7025,8022,-11550,-581,-2101,661,202,836,41
2025-11-27T16:57:29.825922,59,132,201,288,102,65,61,196,-4737,7105,7917,-11526,-464,-2410,646,387,939,169
2025-11-27T16:57:29.844224,52,87,208,259,117,69,58,168,-4866,7205,7726,-11539,-692,-2145,715,773,1092,299
2025-11-27T16:57:29.866962,41,85,199,248,117,59,55,156,-4984,7329,7521,-11546,-833,-1994,683,759,1170,341
2025-11-27T16:57:29.886311,35,75,187,264,121,61,49,145,-5071,7471,7350,-11528,-986,-1926,598,492,1143,313
2025-11-27T16:57:29.904180,35,76,190,267,118,50,42,116,-5163,7608,7181,-11504,-1094,-1967,613,495,1138,232
2025-11-27T16:57:29.926889,34,73,144,249,120,52,39,105,-5282,7732,7001,-11478,-1086,-1942,538,666,1167,133
2025-11-27T16:57:29.946370,33,87,143,229,173,127,47,96,-5417,7859,6818,-11439,-1020,-1782,537,672,1262,68
2025-11-27T16:57:29.963504,34,80,139,223,261,209,85,68,-5545,8012,6674,-11356,-1061,-1657,426,392,1373,-66
2025-11-27T16:57:29.986664,38,97,140,195,311,244,101,56,-5638,8196,6598,-11222,-1114,-1425,262,-105,1384,-217
2025-11-27T16:57:30.005807,43,115,136,205,346,269,109,50,-5704,8364,6595,-11066,-1136,-1726,192,-427,1182,-340
2025-11-27T16:57:30.024169,45,115,132,206,355,273,112,47,-5757,8508,6621,-10912,-1061,-1956,102,-486,993,-339
2025-11-27T16:57:30.046319,45,114,106,190,353,265,121,48,-5813,8632,6643,-10770,-1067,-2056,-57,-325,876,-346
2025-11-27T16:57:30.065685,45,112,88,189,318,233,104,47,-5898,8715,6639,-10660,-1019,-2089,-68,5,755,-386
2025-11-27T16:57:30.084131,44,116,86,195,329,256,106,49,-6020,8763,6616,-10565,-780,-2009,-93,295,719,-418
2025-11-27T16:57:30.106431,38,95,72,192,305,239,99,44,-6162,8778,6568,-10500,-849,-1917,-115,588,592,-492
2025-11-27T16:57:30.125999,35,95,80,195,299,239,100,44,-6310,8779,6540,-10429,-762,-1902,-166,578,527,-588
2025-11-27T16:57:30.148416,34,99,81,184,344,270,97,38,-6432,8776,6535,-10361,-666,-1689,-100,391,415,-576
2025-11-27T16:57:30.166684,30,101,79,181,331,258,94,39,-6553,8764,6564,-10277,-485,-1768,-73,235,371,-635
2025-11-27T16:57:30.186414,27,76,72,171,273,201,73,32,-6658,8736,6618,-10198,-382,-1894,-8,123,230,-619
2025-11-27T16:57:30.207942,25,73,77,205,256,193,71,34,-6755,8697,6669,-10134,-280,-1947,32,154,144,-521
2025-11-27T16:57:30.226632,25,68,61,204,273,201,76,37,-6858,8656,6695,-10082,-285,-1948,-8,311,167,-469
2025-11-27T16:57:30.246400,28,47,58,264,385,263,113,46,-6967,8601,6703,-10049,-305,-1911,112,407,136,-450
2025-11-27T16:57:30.269221,33,43,68,296,417,278,118,50,-7062,8547,6712,-10023,-309,-1904,104,389,85,-400
2025-11-27T16:57:30.287015,36,74,69,294,491,358,154,57,-7153,8488,6721,-10003,-268,-1857,158,374,46,-381
2025-11-27T16:57:30.305893,37,79,65,315,503,387,162,58,-7234,8436,6740,-9976,-218,-1758,128,296,41,-378
2025-11-27T16:57:30.328312,37,78,73,345,520,398,163,56,-7294,8388,6782,-9945,-156,-1734,68,169,-42,-356
2025-11-27T16:57:30.346665,34,78,71,311,389,324,132,51,-7351,8324,6827,-9926,-75,-1795,146,181,-131,-319
2025-11-27T16:57:30.365828,35,96,67,283,361,309,126,46,-7402,8269,6852,-9916,30,-1737,147,227,-82,-162
2025-11-27T16:57:30.388754,33,81,97,368,333,249,84,38,-7421,8257,6873,-9897,-24,-1756,245,-28,33,11
2025-11-27T16:57:30.406740,31,82,126,360,329,214,73,36,-7407,8282,6891,-9874,-26,-1702,292,-242,108,196
2025-11-27T16:57:30.425848,31,83,122,339,309,190,63,32,-7343,8355,6924,-9837,-44,-1620,225,-578,141,385
2025-11-27T16:57:30.448760,33,85,132,350,331,213,71,31,-7220,8469,6986,-9787,-117,-1714,149,-946,97,544
2025-11-27T16:57:30.466252,91,74,131,355,316,209,72,30,-7054,8601,7069,-9733,-210,-1926,44,-1156,-7,651
2025-11-27T16:57:30.488548,98,76,154,318,242,179,68,32,-6889,8719,7131,-9702,-276,-2168,13,-993,-69,746
2025-11-27T16:57:30.508502,99,77,168,284,224,171,64,34,-6748,8807,7143,-9712,-314,-2157,13,-597,-112,834
2025-11-27T16:57:30.526750,101,83,176,288,213,174,70,38,-6619,8881,7124,-9747,-396,-2019,-9,-371,-139,864
2025-11-27T16:57:30.549241,101,83,189,317,189,150,65,37,-6484,8951,7105,-9788,-503,-1966,2,-375,-183,840
2025-11-27T16:57:30.576551,54,72,196,318,186,144,60,36,-6348,9012,7083,-9837,-638,-2024,61,-371,-229,809
2025-11-27T16:57:30.594184,45,88,241,284,183,128,58,33,-6206,9064,7052,-9901,-807,-2064,60,-301,-296,808
2025-11-27T16:57:30.608713,50,97,244,304,193,124,58,33,-6073,9104,7022,-9969,-830,-2003,46,-240,-329,752
2025-11-27T16:57:30.628433,49,109,254,302,177,113,59,30,-5964,9129,6998,-10027,-817,-1942,14,-160,-307,606
2025-11-27T16:57:30.646399,49,119,249,306,209,127,63,30,-5874,9145,6960,-10092,-931,-1856,79,-56,-279,515
2025-11-27T16:57:30.668972,47,121,267,382,222,142,70,33,-5768,9172,6928,-10151,-1118,-1748,-15,-113,-291,462
2025-11-27T16:57:30.688377,46,110,211,395,211,140,70,32,-5656,9185,6939,-10194,-1187,-1790,-57,-271,-401,272
2025-11-27T16:57:30.706366,59,104,200,429,228,168,74,31,-5571,9171,6969,-10233,-1103,-1797,-26,-225,-442,94
2025-11-27T16:57:30.729254,61,95,192,439,246,177,70,31,-5512,9142,6987,-10279,-1103,-1714,74,-107,-411,6
2025-11-27T16:57:30.748356,60,85,201,444,220,170,64,34,-5443,9124,7010,-10316,-1272,-1686,50,-189,-389,-51
2025-11-27T16:57:30.766516,65,94,196,456,210,160,55,32,-5355,9108,7076,-10331,-1274,-1778,61,-461,-426,-135
2025-11-27T16:57:30.789469,63,92,210,445,227,179,64,37,-5292,9077,7145,-10343,-1178,-1886,89,-393,-411,-199
2025-11-27T16:57:30.808048,62,88,204,414,207,150,60,36,-5249,9043,7199,-10358,-1111,-1871,47,-245,-365,-202
2025-11-27T16:57:30.826702,68,97,202,414,175,136,62,35,-5201,9004,7249,-10381,-1181,-1793,43,-215,-410,-222
2025-11-27T16:57:30.849895,72,100,209,383,200,133,67,38,-5147,8942,7316,-10414,-1210,-1808,106,-259,-552,-306
2025-11-27T16:57:30.868492,68,96,226,347,273,176,78,41,-5087,8858,7415,-10446,-1120,-1849,105,-353,-700,-393
2025-11-27T16:57:30.886731,68,98,217,381,286,179,78,39,-5045,8752,7518,-10482,-989,-1989,149,-287,-742,-425
2025-11-27T16:57:30.908862,56,102,244,455,285,183,80,39,-5010,8652,7611,-10514,-878,-1998,123,-234,-682,-367
2025-11-27T16:57:30.928124,44,91,250,457,280,176,74,40,-4990,8546,7678,-10562,-899,-1935,152,-53,-666,-365
2025-11-27T16:57:30.946142,43,91,238,458,258,169,73,58,-4974,8448,7750,-10595,-788,-1916,86,-78,-605,-356
2025-11-27T16:57:30.969239,44,83,216,418,171,120,68,65,-4962,8358,7818,-10623,-759,-1898,127,-91,-540,-338
2025-11-27T16:57:30.987949,44,78,207,464,113,79,65,72,-4937,8293,7889,-10633,-718,-2085,94,-212,-441,-219
2025-11-27T16:57:31.006605,69,102,207,434,94,63,59,74,-4901,8250,7933,-10650,-755,-2158,156,-201,-358,-33
2025-11-27T16:57:31.029097,74,108,270,465,87,61,61,74,-4846,8230,7955,-10674,-817,-2068,146,-183,-306,123
2025-11-27T16:57:31.053050,73,100,277,478,58,56,54,57,-4775,8217,7979,-10699,-743,-2071,123,-236,-335,241
2025-11-27T16:57:31.068883,75,104,271,498,60,55,51,47,-4698,8217,7994,-10721,-861,-1908,121,-254,-281,231
2025-11-27T16:57:31.087609,77,105,278,436,59,47,43,43,-4609,8207,8028,-10742,-987,-2110,109,-333,-378,177
2025-11-27T16:57:31.103811,54,77,246,417,52,45,47,56,-4550,8168,8033,-10793,-894,-2145,139,-27,-436,176
2025-11-27T16:57:31.126047,48,76,167,399,49,44,48,60,-4514,8110,8007,-10871,-888,-2010,154,256,-475,142
2025-11-27T16:57:31.146406,45,82,183,380,47,38,45,62,-4497,8046,7967,-10955,-860,-1898,251,347,-423,103
2025-11-27T16:57:31.163540,43,93,329,353,43,34,41,71,-4494,7990,7925,-11027,-790,-1874,332,319,-306,85
2025-11-27T16:57:31.183995,39,91,328,325,37,34,44,85,-4501,7950,7882,-11084,-766,-1851,368,280,-170,87
2025-11-27T16:57:31.206403,39,90,334,264,41,34,59,112,-4528,7933,7838,-11116,-734,-1839,399,228,44,46
2025-11-27T16:57:31.223497,38,79,336,256,45,30,60,120,-4578,7940,7790,-11124,-729,-1894,426,193,274,14
2025-11-27T16:57:31.243472,41,84,329,254,51,31,61,136,-4653,7952,7738,-11121,-757,-2106,458,234,398,-47
2025-11-27T16:57:31.265992,39,70,180,230,65,43,61,139,-4760,7967,7630,-11140,-638,-2206,607,539,558,110
2025-11-27T16:57:31.282411,39,70,188,228,70,42,58,133,-4894,7994,7452,-11183,-859,-2108,592,933,698,143
2025-11-27T16:57:31.303480,35,72,188,229,70,43,41,106,-5053,8030,7241,-11224,-875,-1920,627,1109,860,117
2025-11-27T16:57:31.326000,36,75,185,191,109,94,47,96,-5206,8100,7051,-11225,-919,-1799,610,863,1038,55
2025-11-27T16:57:31.342455,35,64,163,177,168,151,69,74,-5310,8210,6929,-11172,-1137,-1769,446,345,1046,-55
2025-11-27T16:57:31.363448,32,66,160,174,228,203,79,70,-5409,8318,6834,-11104,-1242,-1796,413,209,1011,-186
2025-11-27T16:57:31.385967,31,70,138,184,241,211,82,65,-5511,8418,6762,-11022,-1132,-1795,277,178,967,-254
2025-11-27T16:57:31.402475,33,65,114,187,244,217,86,76,-5621,8507,6696,-10938,-1049,-1938,262,207,939,-257
2025-11-27T16:57:31.425012,31,80,102,172,272,235,92,78,-5689,8619,6668,-10831,-1141,-1889,21,-51,870,-266
2025-11-27T16:57:31.445941,35,94,101,190,353,289,107,79,-5744,8704,6656,-10741,-1232,-2002,-29,-36,648,-307
2025-11-27T16:57:31.462504,37,103,107,194,334,271,108,71,-5819,8747,6653,-10669,-929,-2107,-112,159,471,-307
2025-11-27T16:57:31.484243,37,125,122,234,332,271,106,68,-5887,8790,6641,-10603,-778,-2093,-156,198,454,-172
2025-11-27T16:57:31.506793,35,127,131,273,334,269,106,49,-5936,8836,6619,-10551,-856,-1865,-208,214,392,-126
2025-11-27T16:57:31.523387,38,117,131,265,437,353,130,50,-5968,8866,6623,-10505,-753,-1828,-253,130,218,-132
2025-11-27T16:57:31.544996,37,127,134,247,387,315,116,43,-5978,8882,6650,-10468,-410,-1895,-271,43,60,49
2025-11-27T16:57:31.569264,35,122,124,247,374,302,108,43,-5985,8877,6665,-10459,-249,-1911,-170,126,-58,189
2025-11-27T16:57:31.587917,42,110,251,288,370,302,107,47,-5975,8874,6660,-10470,-324,-1857,-145,175,-101,305
2025-11-27T16:57:31.606564,52,130,316,299,372,306,105,65,-5925,8880,6650,-10500,-592,-1804,-134,87,-220,388
2025-11-27T16:57:31.628854,53,136,333,333,238,185,67,64,-5885,8873,6621,-10547,-556,-1684,-14,191,-231,406
2025-11-27T16:57:31.648883,53,116,344,355,203,160,60,68,-5840,8860,6625,-10580,-504,-1777,-8,44,-281,337
2025-11-27T16:57:31.666703,53,112,345,363,232,194,71,69,-5818,8822,6602,-10638,-571,-1857,268,181,-283,313
2025-11-27T16:57:31.689230,49,98,265,334,267,211,80,70,-5818,8775,6545,-10712,-731,-1727,260,440,-267,251
2025-11-27T16:57:31.711734,42,94,186,289,272,217,85,58,-5828,8737,6495,-10768,-974,-1612,285,377,-182,23
2025-11-27T16:57:31.726757,42,121,173,256,264,213,84,59,-5856,8695,6481,-10795,-1103,-1868,445,183,-120,-219
2025-11-27T16:57:31.749140,41,121,146,230,315,236,86,57,-5904,8661,6456,-10812,-843,-1796,613,163,61,-152
2025-11-27T16:57:31.771739,44,154,142,229,308,228,81,56,-5952,8663,6426,-10802,-1006,-1817,445,142,233,-192
2025-11-27T16:57:31.786300,42,170,128,184,320,239,78,52,-6005,8675,6406,-10774,-1133,-1819,442,59,299,-319
2025-11-27T16:57:31.809155,43,165,119,220,322,228,73,48,-6098,8671,6381,-10740,-1083,-1878,429,225,357,-470
2025-11-27T16:57:31.831679,39,152,95,216,319,248,79,42,-6234,8651,6345,-10699,-1042,-1830,379,437,421,-645
2025-11-27T16:57:31.846719,37,157,88,214,270,222,77,38,-6381,8632,6320,-10643,-1179,-1773,338,416,443,-840
2025-11-27T16:57:31.869440,41,213,116,195,256,203,73,39,-6502,8621,6349,-10560,-1234,-1872,250,122,355,-970
2025-11-27T16:57:31.891320,41,216,121,203,221,182,71,40,-6616,8588,6420,-10474,-1009,-2037,235,9,190,-1002
2025-11-27T16:57:31.906726,37,216,123,185,235,213,75,39,-6729,8524,6514,-10396,-757,-2169,118,76,-5,-987
2025-11-27T16:57:31.929099,38,217,113,176,211,182,64,35,-6834,8439,6602,-10341,-575,-2184,36,218,-150,-858
2025-11-27T16:57:31.951656,38,223,114,182,268,201,66,32,-6930,8335,6655,-10327,-439,-2221,84,440,-261,-627
2025-11-27T16:57:31.966679,33,147,83,229,276,205,66,31,-7015,8223,6673,-10348,-307,-2085,156,600,-311,-387
2025-11-27T16:57:31.989227,34,135,78,242,261,189,63,31,-7072,8124,6659,-10396,-280,-2031,232,630,-311,-109
2025-11-27T16:57:32.011735,37,131,73,236,300,220,85,39,-7093,8048,6627,-10461,-284,-1994,239,589,-322,156
2025-11-27T16:57:32.034109,36,115,69,268,318,244,92,40,-7085,7981,6590,-10541,-293,-1944,339,494,-366,322
2025-11-27T16:57:32.049346,38,100,69,281,258,228,97,48,-7058,7911,6558,-10631,-138,-1849,290,477,-457,459
2025-11-27T16:57:32.072147,36,92,63,251,273,244,103,46,-7041,7818,6506,-10743,-95,-1695,414,615,-499,479
2025-11-27T16:57:32.086322,64,99,63,235,289,255,110,162,-7017,7744,6456,-10842,3,-1508,401,515,-409,534
2025-11-27T16:57:32.108927,67,92,107,259,226,213,94,169,-6965,7719,6426,-10911,-113,-1568,358,215,-281,578
2025-11-27T16:57:32.131751,68,91,115,294,237,198,91,173,-6882,7731,6412,-10964,-141,-1529,421,-83,-187,681
2025-11-27T16:57:32.147107,68,88,126,314,251,193,83,174,-6775,7783,6415,-10992,-27,-1416,445,-394,-48,802
2025-11-27T16:57:32.169167,69,86,133,338,259,189,76,177,-6628,7875,6456,-10991,-133,-1491,456,-805,-2,837
2025-11-27T16:57:32.191684,66,68,143,357,275,215,77,90,-6454,7980,6518,-10983,-211,-1586,416,-985,-57,891
2025-11-27T16:57:32.206694,100,117,134,353,272,203,76,73,-6279,8069,6582,-10981,-221,-1772,385,-923,-140,903
2025-11-27T16:57:32.229215,110,136,149,327,264,211,76,70,-6126,8141,6631,-10985,-223,-1760,339,-751,-140,851
2025-11-27T16:57:32.251368,113,139,157,331,250,209,73,61,-6001,8207,6645,-10996,-335,-1789,377,-537,-50,800
2025-11-27T16:57:32.266731,115,140,179,306,245,214,78,54,-5877,8289,6639,-11005,-526,-1753,314,-473,34,801
2025-11-27T16:57:32.289224,104,150,179,292,227,186,73,46,-5760,8377,6642,-10999,-556,-1628,281,-542,92,700
2025-11-27T16:57:32.315941,71,177,239,344,262,194,70,44,-5665,8470,6677,-10956,-552,-1589,191,-664,192,465
2025-11-27T16:57:32.326708,57,192,241,362,286,196,67,32,-5574,8567,6734,-10892,-634,-1704,221,-812,240,349
2025-11-27T16:57:32.348688,75,194,261,345,317,208,71,36,-5470,8683,6782,-10822,-925,-1882,90,-812,275,360
2025-11-27T16:57:32.371702,81,199,275,404,344,191,64,33,-5376,8796,6817,-10756,-1051,-1899,78,-734,308,315
2025-11-27T16:57:32.386163,82,191,280,415,344,204,69,34,-5323,8892,6856,-10678,-946,-1851,46,-620,372,130
2025-11-27T16:57:32.409191,80,143,259,405,327,206,68,35,-5299,8973,6893,-10598,-923,-1830,65,-529,404,3
2025-11-27T16:57:32.431663,78,113,317,407,321,191,69,37,-5250,9056,6922,-10533,-1254,-1853,43,-545,318,-6
2025-11-27T16:57:32.446122,54,113,296,401,319,203,74,37,-5193,9125,6963,-10474,-1421,-1885,-1,-574,205,-104
2025-11-27T16:57:32.469233,39,117,273,371,276,194,74,41,-5164,9164,7026,-10413,-1309,-1925,-57,-494,132,-291
2025-11-27T16:57:32.491735,64,115,273,378,265,173,66,40,-5157,9175,7085,-10367,-1287,-1855,-1,-363,62,-406
2025-11-27T16:57:32.506707,74,124,284,410,260,160,64,40,-5126,9178,7144,-10338,-1508,-1866,-14,-381,-78,-423
2025-11-27T16:57:32.529121,73,116,232,428,222,143,59,42,-5077,9165,7218,-10323,-1577,-1887,18,-454,-230,-451
2025-11-27T16:57:32.551636,75,114,243,484,172,92,44,39,-5039,9127,7313,-10309,-1442,-2051,1,-442,-337,-521
2025-11-27T16:57:32.566575,76,106,277,527,155,90,45,37,-5015,9066,7385,-10322,-1322,-2088,43,-237,-415,-447
2025-11-27T16:57:32.589140,56,104,285,546,165,93,48,39,-4992,8996,7427,-10364,-1304,-1991,69,-42,-482,-345
2025-11-27T16:57:32.611714,41,108,251,512,263,186,95,46,-4953,8923,7446,-10433,-1393,-1896,111,47,-572,-251
2025-11-27T16:57:32.626348,42,109,235,479,282,202,100,43,-4901,8844,7478,-10501,-1265,-1750,115,-19,-650,-230
2025-11-27T16:57:32.649584,73,109,229,445,287,206,102,49,-4855,8755,7549,-10547,-1062,-1673,94,-171,-674,-350
2025-11-27T16:57:32.671730,84,125,357,362,281,204,105,150,-4804,8670,7639,-10576,-1081,-1976,88,-298,-659,-353
2025-11-27T16:57:32.694293,99,124,352,374,264,200,107,167,-4757,8587,7702,-10618,-985,-2148,114,-170,-628,-182
2025-11-27T16:57:32.709178,110,105,367,374,154,115,70,168,-4724,8510,7742,-10666,-877,-2086,45,5,-571,-100
2025-11-27T16:57:32.731694,111,102,366,392,92,79,62,170,-4677,8422,7771,-10736,-901,-1973,122,47,-675,-50
2025-11-27T16:57:32.753870,99,98,369,418,74,59,57,172,-4608,8353,7822,-10782,-701,-1984,-14,-120,-666,84
2025-11-27T16:57:32.769182,94,73,264,432,76,58,49,101,-4523,8292,7862,-10835,-825,-1843,46,-150,-669,112
2025-11-27T16:57:32.791670,80,76,293,455,74,50,39,71,-4422,8232,7920,-10881,-885,-2013,-20,-242,-731,128
2025-11-27T16:57:32.814177,79,81,287,512,67,39,35,67,-4325,8156,7959,-10948,-842,-2033,49,-114,-793,180
2025-11-27T16:57:32.829138,82,81,302,548,69,38,34,62,-4259,8075,7965,-11029,-784,-1958,175,90,-698,179
2025-11-27T16:57:32.852312,86,82,308,519,55,36,35,55,-4209,8000,7962,-11105,-740,-1854,249,115,-584,152
2025-11-27T16:57:32.874404,99,86,277,631,54,31,35,51,-4176,7943,7955,-11163,-721,-1823,332,68,-406,126
2025-11-27T16:57:32.889162,98,90,249,594,54,31,37,64,-4156,7901,7945,-11207,-730,-1787,384,31,-257,93
2025-11-27T16:57:32.911666,90,113,269,527,51,31,41,91,-4163,7874,7940,-11228,-672,-1903,459,-21,-58,39
2025-11-27T16:57:32.942321,90,119,264,463,46,32,40,100,-4199,7861,7923,-11235,-706,-2045,500,25,138,-6
2025-11-27T16:57:32.949533,79,115,278,443,47,34,43,111,-4276,7853,7864,-11253,-680,-2216,583,299,315,21
2025-11-27T16:57:32.971677,52,107,258,233,43,37,45,112,-4395,7867,7736,-11286,-738,-2162,631,674,574,94
2025-11-27T16:57:32.994074,48,104,250,188,44,35,43,108,-4531,7896,7571,-11325,-845,-2053,659,854,712,100
2025-11-27T16:57:33.008940,40,75,217,195,50,31,40,93,-4657,7954,7406,-11341,-913,-1980,665,728,854,134
2025-11-27T16:57:33.031699,33,72,227,189,126,131,73,90,-4762,8030,7237,-11353,-1127,-1897,674,646,875,149
2025-11-27T16:57:33.053866,33,76,199,196,172,181,91,78,-4857,8121,7092,-11340,-1174,-1929,638,474,922,111
2025-11-27T16:57:33.068909,39,86,199,211,258,251,120,75,-4966,8216,6953,-11310,-1121,-1809,509,490,982,32
2025-11-27T16:57:33.096305,43,100,198,225,282,266,126,77,-5085,8328,6825,-11253,-1085,-1763,428,428,1118,-36
2025-11-27T16:57:33.114239,48,98,182,242,317,295,136,73,-5196,8462,6733,-11158,-1199,-1913,155,270,1157,-136
2025-11-27T16:57:33.128983,46,99,141,247,335,311,143,68,-5291,8586,6638,-11076,-1344,-1790,88,304,1025,-165
2025-11-27T16:57:33.155593,47,116,133,258,496,408,177,69,-5383,8686,6571,-10992,-1214,-1795,-24,277,874,-230
2025-11-27T16:57:33.173981,43,112,135,255,480,395,171,68,-5492,8767,6525,-10901,-945,-1752,-122,301,814,-293
2025-11-27T16:57:33.188917,40,98,175,280,478,391,167,58,-5595,8843,6500,-10801,-848,-2042,-214,259,758,-251
2025-11-27T16:57:33.211700,37,110,173,271,478,382,161,52,-5656,8907,6464,-10739,-1003,-1794,-178,240,527,-153
2025-11-27T16:57:33.234098,40,132,165,284,483,356,145,53,-5771,8919,6408,-10701,-973,-1867,-223,664,413,-330
2025-11-27T16:57:33.249154,41,123,163,288,325,257,97,50,-5868,8923,6350,-10680,-620,-1551,-26,549,364,-149
2025-11-27T16:57:33.271125,39,122,171,298,305,229,76,46,-5905,8970,6347,-10621,-643,-1555,-65,22,385,-93
2025-11-27T16:57:33.294182,38,126,124,254,374,303,102,50,-5928,9016,6379,-10550,-735,-1875,54,-225,347,-150
2025-11-27T16:57:33.309118,36,124,120,227,365,322,109,51,-5984,9036,6400,-10489,-571,-1921,61,-15,326,-182
2025-11-27T16:57:33.331728,30,92,123,217,342,323,109,44,-6069,9034,6393,-10446,-570,-1848,76,250,314,-243
2025-11-27T16:57:33.353811,35,98,165,279,394,316,109,40,-6167,9025,6381,-10404,-607,-1795,80,320,324,-320
2025-11-27T16:57:33.374116,34,95,158,288,428,323,111,37,-6242,9012,6410,-10353,-625,-1732,-7,130,180,-427
2025-11-27T16:57:33.391071,33,90,159,281,365,262,90,30,-6308,8975,6469,-10307,-575,-1775,-80,97,-15,-511
2025-11-27T16:57:33.422354,36,90,161,306,441,301,106,32,-6384,8902,6526,-10288,-436,-1853,27,229,-173,-488
2025-11-27T16:57:33.429044,38,92,195,314,455,305,115,37,-6474,8820,6563,-10279,-262,-1722,61,363,-144,-424
2025-11-27T16:57:33.452070,35,81,196,296,402,288,111,37,-6551,8772,6613,-10239,-274,-1706,-7,170,-7,-437
2025-11-27T16:57:33.474178,34,85,199,276,410,314,121,44,-6605,8749,6679,-10181,-202,-1702,107,-110,77,-358
2025-11-27T16:57:33.489146,36,103,199,273,426,306,120,44,-6610,8767,6758,-10110,-145,-1770,30,-396,111,-129
2025-11-27T16:57:33.511711,34,98,198,276,340,232,99,41,-6566,8817,6828,-10048,-255,-1854,-9,-554,85,117
2025-11-27T16:57:33.534186,32,98,179,302,303,216,82,37,-6483,8879,6892,-10003,-380,-1927,-14,-643,-7,287
2025-11-27T16:57:33.549549,27,110,137,290,295,212,78,39,-6385,8937,6950,-9974,-441,-1961,-36,-627,-86,361
2025-11-27T16:57:33.572095,30,110,128,301,228,145,54,33,-6289,8978,7002,-9963,-450,-2020,-47,-522,-185,387
2025-11-27T16:57:33.594195,61,103,160,359,247,205,69,35,-6206,9000,7036,-9971,-440,-2046,-10,-365,-227,408
2025-11-27T16:57:33.616701,68,115,166,354,257,214,71,37,-6125,9018,7047,-9996,-528,-1984,27,-255,-239,449
2025-11-27T16:57:33.631356,70,120,167,345,268,217,77,40,-6033,9034,7059,-10030,-613,-1961,28,-269,-296,454
2025-11-27T16:57:33.654543,82,130,183,378,285,212,73,38,-5928,9050,7089,-10057,-653,-1970,-18,-368,-351,424
2025-11-27T16:57:33.676491,85,161,203,405,337,265,87,41,-5830,9050,7121,-10091,-630,-1970,9,-325,-410,387
2025-11-27T16:57:33.691319,66,158,243,375,318,233,80,41,-5739,9037,7149,-10135,-725,-1961,17,-240,-462,317
2025-11-27T16:57:33.714217,62,146,245,411,332,236,77,38,-5631,9026,7171,-10190,-928,-1955,25,-254,-514,331
2025-11-27T16:57:33.736461,65,149,254,430,341,238,74,36,-5528,9010,7192,-10245,-947,-1937,21,-227,-516,300
2025-11-27T16:57:33.752066,51,132,253,397,328,238,77,36,-5437,8983,7222,-10297,-929,-1859,28,-212,-535,191
2025-11-27T16:57:33.781977,45,89,254,463,340,198,70,36,-5354,8948,7247,-10353,-1037,-1832,99,-180,-535,115
2025-11-27T16:57:33.796509,43,92,242,553,329,182,68,36,-5242,8918,7288,-10407,-1216,-1819,74,-322,-614,92
2025-11-27T16:57:33.811728,37,92,246,570,323,188,72,37,-5131,8872,7353,-10455,-1224,-1847,60,-386,-695,-34
2025-11-27T16:57:33.834047,31,81,236,581,316,185,77,38,-5042,8807,7428,-10501,-1134,-1868,90,-341,-715,-143
2025-11-27T16:57:33.856384,28,74,237,575,306,172,73,35,-4961,8735,7498,-10549,-1074,-1823,154,-314,-702,-147
2025-11-27T16:57:33.871542,28,77,231,521,218,141,65,32,-4889,8666,7553,-10601,-1145,-1865,184,-239,-651,-148
2025-11-27T16:57:33.894208,30,66,193,441,192,132,59,31,-4814,8601,7606,-10650,-1181,-1797,202,-262,-627,-160
2025-11-27T16:57:33.924928,34,56,198,412,133,88,50,31,-4746,8526,7674,-10692,-1130,-1841,174,-281,-658,-233
2025-11-27T16:57:33.931563,75,74,230,356,84,62,36,30,-4694,8433,7749,-10734,-1067,-1880,183,-234,-696,-328
2025-11-27T16:57:33.953853,86,74,216,362,71,53,33,32,-4652,8330,7825,-10779,-979,-2001,184,-180,-715,-320
2025-11-27T16:57:33.976716,87,79,251,493,65,51,37,33,-4620,8220,7882,-10835,-931,-2028,158,-18,-720,-282
2025-11-27T16:57:33.991709,89,88,338,602,68,48,39,34,-4568,8114,7931,-10901,-958,-1899,111,3,-797,-209
2025-11-27T16:57:34.014136,89,95,358,627,63,43,39,33,-4509,8007,7981,-10968,-894,-1915,119,-9,-821,-149
2025-11-27T16:57:34.036658,60,85,417,672,72,48,44,36,-4446,7912,8028,-11028,-781,-1972,197,-83,-739,-40
2025-11-27T16:57:34.056195,47,94,481,674,106,63,57,38,-4372,7840,8060,-11085,-791,-1943,209,-99,-665,90
2025-11-27T16:57:34.074829,45,85,472,601,154,94,61,37,-4307,7772,8082,-11142,-786,-1853,270,-72,-590,80
2025-11-27T16:57:34.096167,83,85,445,646,156,100,69,40,-4259,7708,8123,-11176,-682,-1773,220,-144,-501,-23
2025-11-27T16:57:34.111145,118,84,439,610,161,103,71,46,-4223,7637,8177,-11199,-660,-1921,204,-169,-496,-107
2025-11-27T16:57:34.134087,160,81,380,625,183,114,70,48,-4220,7555,8214,-11229,-624,-1928,285,-13,-422,-188
2025-11-27T16:57:34.156768,170,77,318,638,259,191,98,52,-4212,7488,8258,-11244,-699,-1977,264,-106,-354,-205
2025-11-27T16:57:34.171706,172,100,374,629,240,188,100,51,-4194,7434,8310,-11248,-592,-2012,302,-231,-308,-114
2025-11-27T16:57:34.193965,157,105,378,483,243,188,97,50,-4162,7408,8363,-11238,-640,-1986,274,-344,-209,-31
2025-11-27T16:57:34.216574,135,150,392,477,257,191,96,45,-4125,7390,8416,-11224,-684,-2103,237,-357,-194,6
2025-11-27T16:57:34.231597,81,163,399,426,253,193,101,41,-4122,7370,8440,-11220,-554,-2084,234,-126,-83,10
2025-11-27T16:57:34.254297,79,164,412,387,160,116,71,92,-4139,7349,8437,-11230,-637,-2037,243,57,-27,-34
2025-11-27T16:57:34.276702,84,154,439,347,151,100,62,146,-4161,7339,8426,-11236,-622,-1991,211,98,41,-8
2025-11-27T16:57:34.291553,93,208,479,346,142,95,67,185,-4187,7345,8408,-11236,-635,-1935,243,77,147,11
2025-11-27T16:57:34.314180,102,209,507,449,115,88,71,218,-4199,7369,8394,-11227,-755,-2019,206,-1,178,49
2025-11-27T16:57:34.336694,103,203,516,475,81,63,69,229,-4217,7389,8371,-11224,-728,-2068,223,56,184,70
2025-11-27T16:57:34.351576,90,203,509,484,72,51,64,216,-4231,7419,8337,-11224,-804,-2013,213,92,210,106
2025-11-27T16:57:34.374133,84,209,472,484,64,44,63,187,-4244,7448,8299,-11228,-808,-1967,147,152,193,107
2025-11-27T16:57:34.404304,77,153,408,444,57,39,54,165,-4263,7474,8260,-11233,-797,-1939,128,190,186,92
2025-11-27T16:57:34.410926,67,106,450,463,49,35,48,127,-4278,7499,8221,-11239,-783,-1892,114,189,173,102
2025-11-27T16:57:34.434126,63,101,457,401,43,30,37,118,-4289,7522,8190,-11243,-807,-1840,116,144,142,69
2025-11-27T16:57:34.457182,64,119,470,385,42,30,44,156,-4309,7541,8167,-11238,-679,-1874,164,97,178,64
2025-11-27T16:57:34.479193,67,201,500,430,51,34,61,179,-4334,7575,8129,-11233,-683,-1891,258,96,291,125
2025-11-27T16:57:34.493834,63,204,492,434,56,39,73,183,-4360,7626,8089,-11217,-742,-2004,269,49,393,156
2025-11-27T16:57:34.516569,58,212,434,275,61,42,77,199,-4404,7681,8023,-11210,-728,-2064,335,188,484,206
2025-11-27T16:57:34.539156,56,216,399,272,69,46,81,213,-4475,7732,7918,-11222,-744,-2094,401,443,568,226
2025-11-27T16:57:34.554516,52,207,376,298,85,47,86,194,-4572,7787,7771,-11248,-721,-1982,495,665,692,265
2025-11-27T16:57:34.576678,40,131,282,224,83,47,74,174,-4663,7852,7609,-11276,-861,-1810,524,677,731,261
2025-11-27T16:57:34.599276,35,120,287,284,84,42,66,173,-4743,7939,7472,-11273,-992,-1865,480,470,813,199
2025-11-27T16:57:34.614140,37,118,233,289,90,45,64,156,-4811,8033,7370,-11245,-1042,-1901,414,264,805,119
2025-11-27T16:57:34.636652,37,109,254,284,109,68,58,129,-4902,8111,7260,-11221,-990,-2097,405,420,807,94
2025-11-27T16:57:34.658876,37,117,315,249,138,130,70,112,-5028,8187,7106,-11209,-923,-1856,418,704,925,82
2025-11-27T16:57:34.674169,49,111,362,237,168,165,87,106,-5148,8282,6965,-11173,-1017,-1720,354,565,1007,0
2025-11-27T16:57:34.696812,54,118,376,182,179,182,95,75,-5258,8389,6870,-11100,-1018,-1710,360,251,1056,-126
2025-11-27T16:57:34.719173,51,105,372,161,187,186,96,55,-5332,8493,6833,-11008,-1133,-1832,109,11,853,-227
2025-11-27T16:57:34.734171,54,142,410,168,278,274,132,85,-5437,8552,6779,-10944,-1123,-1980,159,292,719,-313
2025-11-27T16:57:34.757050,52,133,368,172,274,263,125,86,-5571,8590,6719,-10884,-883,-1804,80,479,705,-373
2025-11-27T16:57:34.778981,41,123,316,179,275,254,119,87,-5674,8647,6685,-10807,-925,-1814,6,249,683,-350
2025-11-27T16:57:34.793984,35,127,288,137,279,252,113,84,-5752,8698,6668,-10734,-1033,-2027,11,134,553,-318
2025-11-27T16:57:34.824896,37,146,380,166,286,258,116,89,-5845,8716,6639,-10688,-884,-2123,19,357,421,-275
2025-11-27T16:57:34.839188,41,112,337,158,219,185,81,62,-5953,8715,6589,-10660,-814,-1971,-9,567,377,-277
2025-11-27T16:57:34.854132,49,120,381,158,217,176,76,59,-6070,8711,6526,-10635,-728,-1839,52,622,414,-265
2025-11-27T16:57:34.876723,75,147,398,158,314,254,93,60,-6138,8744,6499,-10586,-666,-1841,2,237,432,-137
2025-11-27T16:57:34.899206,78,140,433,169,322,264,98,71,-6156,8803,6502,-10524,-624,-1874,-14,-99,391,21
2025-11-27T16:57:34.913760,79,124,376,157,310,257,93,72,-6169,8833,6499,-10494,-665,-2010,30,22,201,62
2025-11-27T16:57:34.936692,80,126,361,180,333,258,91,90,-6201,8835,6468,-10492,-662,-2047,-2,317,111,87
2025-11-27T16:57:34.959188,79,120,317,223,375,277,95,94,-6243,8811,6424,-10515,-689,-1917,66,471,-4,45
2025-11-27T16:57:34.974197,55,93,303,226,291,203,74,91,-6286,8757,6371,-10566,-825,-1894,134,613,-169,-13
2025-11-27T16:57:34.996696,50,94,271,241,281,184,64,86,-6346,8674,6315,-10633,-798,-1776,146,769,-278,-107
2025-11-27T16:57:35.019205,46,89,234,288,285,182,67,89,-6403,8591,6275,-10689,-794,-1715,196,666,-286,-181
2025-11-27T16:57:35.038458,38,93,218,302,234,151,59,77,-6464,8512,6249,-10731,-808,-1788,307,546,-234,-252
2025-11-27T16:57:35.057220,30,89,179,285,146,105,54,75,-6532,8434,6230,-10763,-797,-1801,327,524,-204,-320
2025-11-27T16:57:35.087192,31,87,163,314,173,173,73,75,-6619,8359,6218,-10775,-719,-1818,305,524,-113,-414
2025-11-27T16:57:35.093928,30,84,106,323,185,189,81,72,-6717,8282,6202,-10782,-711,-1757,368,540,-66,-478
2025-11-27T16:57:35.116203,32,89,107,276,204,206,85,61,-6830,8198,6190,-10783,-652,-1734,382,567,-52,-558
2025-11-27T16:57:35.139173,32,72,123,254,263,239,98,48,-6941,8120,6188,-10772,-611,-1767,410,487,-16,-576
2025-11-27T16:57:35.154175,29,70,130,236,287,256,102,40,-7032,8062,6211,-10743,-539,-1758,408,258,11,-558
2025-11-27T16:57:35.173504,32,79,120,200,291,235,98,40,-7113,8012,6248,-10707,-391,-1832,419,149,16,-479
2025-11-27T16:57:35.196010,32,77,141,249,324,251,97,38,-7184,7969,6282,-10670,-258,-1796,324,159,33,-373
2025-11-27T16:57:35.211650,32,79,139,291,343,249,98,38,-7226,7948,6331,-10629,-245,-1751,100,69,-11,-281
2025-11-27T16:57:35.233502,30,85,131,334,317,235,90,38,-7270,7901,6358,-10617,-255,-1671,276,186,-102,-237
2025-11-27T16:57:35.256176,32,89,146,362,310,216,83,37,-7332,7855,6350,-10614,-169,-1560,341,330,25,-162
2025-11-27T16:57:35.271041,27,73,148,360,291,188,71,33,-7386,7854,6336,-10585,-190,-1404,452,94,270,-122
2025-11-27T16:57:35.293528,25,74,127,316,239,139,60,30,-7403,7919,6370,-10504,-255,-1498,497,-484,443,-127
2025-11-27T16:57:35.316054,24,80,157,304,193,123,52,27,-7359,8041,6467,-10383,-227,-1666,387,-1052,455,-19
2025-11-27T16:57:35.331021,26,83,165,256,203,123,47,28,-7263,8184,6592,-10259,-210,-1950,259,-1283,341,182
2025-11-27T16:57:35.354399,25,108,153,262,190,137,53,30,-7137,8327,6704,-10160,-271,-2081,114,-1211,215,376
2025-11-27T16:57:35.376816,40,120,156,292,184,138,55,37,-7017,8443,6782,-10096,-304,-2182,68,-929,109,479
2025-11-27T16:57:35.392021,76,163,180,309,176,139,55,36,-6907,8535,6821,-10067,-324,-2102,41,-632,43,578
2025-11-27T16:57:35.414191,82,177,222,289,169,138,54,38,-6797,8612,6823,-10075,-444,-2104,135,-444,-23,685
2025-11-27T16:57:35.436679,91,192,262,301,142,114,52,39,-6671,8688,6805,-10107,-646,-2012,154,-392,-89,751
2025-11-27T16:57:35.451715,94,192,314,312,182,136,50,39,-6528,8769,6807,-10128,-697,-1860,128,-547,-130,703
2025-11-27T16:57:35.474583,91,201,326,304,189,138,48,33,-6378,8852,6843,-10128,-681,-1817,118,-754,-140,595
2025-11-27T16:57:35.497019,67,190,350,319,220,168,58,34,-6217,8928,6902,-10121,-750,-1935,66,-850,-235,532
2025-11-27T16:57:35.519311,65,181,420,402,225,186,69,33,-6068,8971,6949,-10141,-854,-2084,128,-686,-357,495
2025-11-27T16:57:35.533449,56,165,398,475,237,182,72,34,-5948,8987,6977,-10179,-917,-2018,77,-405,-406,392
2025-11-27T16:57:35.556006,53,163,374,460,223,161,72,33,-5863,8986,6994,-10217,-925,-1888,75,-234,-358,240
2025-11-27T16:57:35.586735,51,147,389,487,281,194,76,33,-5790,8982,7008,-10253,-930,-1827,142,-219,-315,186
2025-11-27T16:57:35.593485,48,126,388,479,299,188,75,32,-5704,8991,7024,-10283,-1078,-1819,141,-302,-285,177
2025-11-27T16:57:35.616062,41,112,309,436,333,201,75,32,-5618,9003,7046,-10304,-1121,-1784,134,-359,-261,124
2025-11-27T16:57:35.639206,39,113,313,435,317,205,78,34,-5544,9013,7091,-10304,-1111,-1878,89,-431,-222,3
2025-11-27T16:57:35.653535,41,101,315,474,297,195,76,37,-5483,9018,7140,-10299,-1042,-1845,99,-415,-193,-55
2025-11-27T16:57:35.676062,39,104,311,454,234,160,72,37,-5432,9015,7182,-10300,-1104,-1869,104,-339,-203,-103
2025-11-27T16:57:35.699236,40,98,292,450,178,138,68,38,-5387,9001,7215,-10312,-1182,-1815,68,-223,-251,-149
2025-11-27T16:57:35.713495,40,96,291,491,92,89,56,39,-5344,8975,7269,-10320,-1146,-1863,23,-264,-316,-229
2025-11-27T16:57:35.737079,43,89,303,455,84,66,44,38,-5314,8934,7331,-10326,-1040,-1882,-4,-215,-357,-292
2025-11-27T16:57:35.759859,44,78,289,455,82,66,44,37,-5293,8881,7400,-10334,-959,-1917,-52,-157,-403,-329
2025-11-27T16:57:35.774529,66,72,281,505,81,59,45,38,-5261,8823,7473,-10348,-913,-1898,-56,-184,-475,-284
2025-11-27T16:57:35.796087,70,65,284,537,81,54,47,42,-5216,8757,7548,-10372,-811,-1896,10,-223,-552,-206
2025-11-27T16:57:35.819245,73,87,253,480,67,49,49,44,-5149,8705,7634,-10386,-843,-1945,-77,-336,-574,-152
2025-11-27T16:57:35.833541,70,98,273,466,64,50,50,41,-5060,8653,7712,-10416,-924,-2012,8,-376,-639,-51
2025-11-27T16:57:35.856001,72,103,312,427,66,53,51,44,-4971,8606,7792,-10438,-770,-2016,-53,-390,-615,27
2025-11-27T16:57:35.878499,52,109,307,356,69,59,48,42,-4887,8545,7855,-10480,-799,-1854,107,-311,-645,5
2025-11-27T16:57:35.893510,47,120,297,317,64,59,47,42,-4796,8476,7949,-10508,-907,-1962,46,-445,-721,-140
2025-11-27T16:57:35.916104,41,108,337,329,66,56,42,43,-4703,8384,8051,-10546,-859,-2186,135,-458,-826,-135
2025-11-27T16:57:35.941177,42,96,320,337,65,55,41,55,-4645,8273,8107,-10616,-775,-2206,230,-114,-804,-88
2025-11-27T16:57:35.954355,34,103,307,354,63,51,36,53,-4608,8166,8120,-10704,-782,-2009,305,116,-705,-45
2025-11-27T16:57:35.976466,35,97,298,339,52,40,33,55,-4568,8084,8136,-10771,-745,-1932,333,-4,-564,-8
2025-11-27T16:57:35.999354,33,102,312,311,51,36,26,61,-4539,8024,8146,-10821,-725,-1937,453,-90,-371,16
2025-11-27T16:57:36.014297,37,96,259,291,47,35,42,103,-4540,7989,8137,-10853,-735,-2008,467,-26,-115,5
2025-11-27T16:57:36.037408,34,94,246,243,53,38,46,128,-4569,7976,8108,-10871,-757,-2010,478,53,109,-14
2025-11-27T16:57:36.060995,36,78,200,186,59,37,52,150,-4640,7975,8059,-10879,-753,-2130,443,219,322,-73
2025-11-27T16:57:36.075789,35,74,186,171,66,44,52,158,-4741,7988,7980,-10885,-740,-2186,433,402,499,-49
2025-11-27T16:57:36.098693,34,47,168,187,84,46,59,163,-4854,8011,7865,-10901,-778,-2143,395,612,588,15
2025-11-27T16:57:36.121265,29,53,172,183,94,49,51,141,-4963,8050,7727,-10922,-844,-2043,370,693,651,100
2025-11-27T16:57:36.135999,29,53,157,183,102,52,51,131,-5043,8111,7602,-10928,-912,-2007,320,522,660,168
2025-11-27T16:57:36.158175,26,45,153,191,108,54,50,114,-5108,8173,7483,-10934,-963,-2033,294,481,604,191
2025-11-27T16:57:36.181290,26,51,154,194,179,179,87,107,-5188,8222,7354,-10947,-918,-2067,314,598,595,191
2025-11-27T16:57:36.196270,28,63,132,158,202,208,97,102,-5291,8264,7201,-10968,-899,-1892,393,750,663,141
2025-11-27T16:57:36.218792,29,63,110,210,217,210,97,101,-5398,8320,7058,-10966,-929,-1717,236,723,730,46
2025-11-27T16:57:36.241367,30,81,115,210,241,226,104,80,-5492,8380,6953,-10941,-1024,-1811,183,506,691,-69
2025-11-27T16:57:36.256156,29,84,112,213,273,241,108,75,-5587,8427,6867,-10911,-1018,-1962,157,483,615,-135
2025-11-27T16:57:36.278818,31,93,114,216,270,205,98,70,-5681,8465,6776,-10890,-931,-1983,193,528,578,-70
2025-11-27T16:57:36.301203,32,92,104,225,261,188,89,60,-5784,8510,6685,-10856,-837,-1753,147,518,652,-112
2025-11-27T16:57:36.316221,33,104,105,181,253,197,91,57,-5875,8566,6620,-10804,-876,-1873,108,348,656,-150
2025-11-27T16:57:36.338686,32,92,85,213,243,180,83,49,-5952,8605,6554,-10770,-1054,-1949,173,368,515,-171
2025-11-27T16:57:36.361309,33,104,89,229,359,220,94,39,-6042,8621,6485,-10750,-1027,-2010,111,533,408,-206
2025-11-27T16:57:36.376260,30,97,85,275,384,204,83,32,-6124,8631,6411,-10740,-954,-1788,107,550,351,-164
2025-11-27T16:57:36.398402,31,92,78,292,380,196,78,33,-6201,8634,6357,-10725,-947,-1751,102,472,281,-239
2025-11-27T16:57:36.421274,30,78,71,296,379,187,74,52,-6270,8630,6340,-10699,-908,-1818,141,294,207,-331
2025-11-27T16:57:36.444474,30,75,68,265,373,188,74,55,-6331,8617,6339,-10674,-892,-1931,171,226,125,-340
2025-11-27T16:57:36.459165,34,79,68,251,244,127,52,57,-6401,8593,6328,-10658,-841,-1982,237,308,114,-314
2025-11-27T16:57:36.481220,36,80,58,190,213,139,53,57,-6476,8576,6309,-10637,-785,-1911,179,355,172,-300
2025-11-27T16:57:36.504488,36,99,63,154,243,155,65,57,-6530,8579,6315,-10598,-772,-1858,146,128,191,-307
2025-11-27T16:57:36.518825,38,134,82,156,310,232,93,43,-6584,8577,6345,-10548,-589,-1977,81,67,157,-306
2025-11-27T16:57:36.541316,39,137,93,295,355,253,103,42,-6650,8559,6366,-10509,-366,-1955,97,189,133,-227
2025-11-27T16:57:36.564513,36,128,101,294,392,290,125,42,-6728,8536,6358,-10483,-223,-1839,70,376,171,-127
2025-11-27T16:57:36.578002,37,127,125,380,406,316,137,46,-6787,8509,6356,-10468,-311,-1647,-81,392,38,-150
2025-11-27T16:57:36.599387,35,113,133,408,398,314,136,47,-6870,8446,6347,-10469,-277,-1672,116,515,-35,-240
2025-11-27T16:57:36.622892,31,84,146,433,354,268,123,45,-6980,8377,6324,-10467,-88,-1547,220,598,82,-254
2025-11-27T16:57:36.638275,37,84,148,375,314,255,123,48,-7070,8360,6312,-10427,-96,-1485,319,240,320,-210
2025-11-27T16:57:36.661496,35,80,145,423,256,206,99,44,-7100,8409,6357,-10339,-135,-1515,275,-383,414,-152
2025-11-27T16:57:36.684516,32,80,133,375,179,133,76,39,-7057,8508,6456,-10226,-34,-1684,164,-902,369,78
2025-11-27T16:57:36.699258,36,92,128,389,187,130,70,36,-6946,8636,6571,-10121,-86,-1969,39,-1155,234,371
2025-11-27T16:57:36.721259,56,91,116,404,200,144,71,35,-6817,8742,6655,-10063,-248,-2172,59,-962,49,549
2025-11-27T16:57:36.744607,71,98,113,410,198,132,58,27,-6712,8797,6692,-10061,-337,-2240,94,-512,-127,600
2025-11-27T16:57:36.759029,79,99,188,393,205,144,63,28,-6655,8800,6675,-10107,-408,-2066,129,26,-220,521
2025-11-27T16:57:36.781047,99,104,228,398,249,192,82,36,-6616,8782,6648,-10166,-449,-1852,137,173,-264,418
2025-11-27T16:57:36.803665,98,114,234,367,228,186,83,37,-6559,8772,6643,-10214,-485,-1697,173,-22,-289,371
2025-11-27T16:57:36.826972,89,102,269,357,213,175,76,37,-6464,8786,6671,-10245,-599,-1738,165,-336,-322,375
2025-11-27T16:57:36.841023,86,137,279,386,214,197,80,39,-6339,8813,6729,-10262,-713,-1822,119,-578,-384,356
2025-11-27T16:57:36.864452,82,148,237,350,200,189,81,40,-6223,8832,6794,-10274,-733,-1949,139,-583,-378,290
2025-11-27T16:57:36.878720,77,157,223,335,150,151,65,37,-6128,8841,6838,-10294,-795,-2029,167,-418,-341,267
2025-11-27T16:57:36.901159,85,154,222,360,168,164,68,42,-6048,8840,6850,-10333,-913,-1985,192,-216,-326,267
2025-11-27T16:57:36.924479,86,162,201,364,175,162,70,40,-5970,8840,6855,-10375,-1012,-1865,171,-173,-323,220
2025-11-27T16:57:36.938793,76,134,203,334,167,132,66,39,-5888,8838,6883,-10406,-1058,-1804,176,-295,-352,110
2025-11-27T16:57:36.961033,74,131,226,401,173,137,66,37,-5800,8831,6924,-10434,-1120,-1886,224,-379,-390,61
2025-11-27T16:57:36.984584,54,118,249,434,189,139,65,36,-5705,8818,6973,-10465,-1187,-1922,170,-387,-465,34
2025-11-27T16:57:36.998708,72,108,246,450,201,149,75,33,-5617,8789,7027,-10501,-1213,-1955,166,-338,-529,-35
2025-11-27T16:57:37.021252,76,103,249,501,201,143,77,34,-5544,8744,7077,-10543,-1163,-1929,178,-241,-558,-83
2025-11-27T16:57:37.044428,76,94,244,504,201,146,81,40,-5484,8686,7120,-10594,-1135,-1918,201,-137,-579,-118
2025-11-27T16:57:37.058774,75,109,265,486,198,139,75,42,-5432,8622,7159,-10647,-1097,-1841,183,-73,-588,-139
2025-11-27T16:57:37.081220,75,107,226,470,220,131,73,42,-5379,8552,7206,-10697,-1087,-1816,158,-88,-628,-181
2025-11-27T16:57:37.104493,47,101,252,464,197,121,68,41,-5321,8477,7270,-10743,-1043,-1838,130,-145,-683,-202
2025-11-27T16:57:37.118783,38,94,270,383,185,113,65,41,-5259,8394,7345,-10788,-970,-1839,87,-164,-743,-217
2025-11-27T16:57:37.141240,38,97,330,488,179,109,62,40,-5193,8300,7432,-10832,-916,-1856,64,-187,-818,-238
2025-11-27T16:57:37.164205,38,73,325,463,182,110,61,38,-5137,8197,7522,-10875,-808,-1840,54,-149,-829,-260
2025-11-27T16:57:37.178515,34,75,352,511,118,101,62,37,-5087,8090,7598,-10926,-789,-1821,102,-75,-820,-243
2025-11-27T16:57:37.201403,42,86,353,549,103,72,51,35,-5027,7990,7672,-10976,-797,-1904,136,-116,-802,-176
2025-11-27T16:57:37.224443,49,97,348,561,129,94,54,36,-4958,7892,7743,-11028,-772,-1936,189,-155,-814,-112
2025-11-27T16:57:37.238752,61,97,356,471,152,103,58,37,-4887,7797,7812,-11079,-635,-1864,336,-234,-767,-42
2025-11-27T16:57:37.261731,67,102,351,514,176,118,69,43,-4827,7724,7886,-11103,-463,-1729,362,-353,-576,-25
2025-11-27T16:57:37.284399,68,98,339,503,178,116,68,42,-4752,7676,8005,-11084,-568,-1917,249,-663,-507,-110
2025-11-27T16:57:37.299030,75,100,412,566,186,117,78,45,-4674,7632,8124,-11061,-672,-2227,220,-669,-500,-99
2025-11-27T16:57:37.319139,80,108,484,649,173,106,81,54,-4617,7568,8195,-11076,-715,-2248,210,-288,-542,-65
2025-11-27T16:57:37.343470,75,113,494,722,149,100,82,56,-4558,7489,8231,-11128,-779,-1973,215,-50,-647,-41
2025-11-27T16:57:37.357334,71,111,541,771,111,76,74,51,-4477,7412,8297,-11163,-724,-2019,183,-244,-709,-21
2025-11-27T16:57:37.381159,89,138,650,880,120,88,88,64,-4403,7325,8351,-11210,-715,-2047,291,-187,-721,-20
2025-11-27T16:57:37.404006,81,136,683,873,203,171,106,69,-4336,7238,8393,-11261,-699,-2099,260,-92,-701,7
2025-11-27T16:57:37.426983,78,135,677,912,223,189,115,68,-4308,7150,8402,-11321,-538,-1890,433,72,-529,-10
2025-11-27T16:57:37.441278,85,132,659,867,233,189,113,67,-4293,7076,8425,-11356,-749,-1697,332,3,-432,-237
2025-11-27T16:57:37.464170,102,143,733,871,238,194,119,75,-4281,6992,8475,-11375,-656,-2000,363,-123,-451,-276
2025-11-27T16:57:37.486916,89,117,639,776,238,192,112,68,-4295,6905,8515,-11393,-514,-1968,331,-1,-370,-298
2025-11-27T16:57:37.500794,104,123,601,785,168,124,89,62,-4313,6834,8544,-11408,-534,-2011,323,27,-276,-263
2025-11-27T16:57:37.524197,103,108,560,693,129,95,74,59,-4320,6781,8573,-11414,-486,-2036,311,-42,-223,-158
2025-11-27T16:57:37.547008,95,106,572,714,111,88,72,59,-4317,6743,8589,-11426,-547,-2067,304,-6,-192,-67
2025-11-27T16:57:37.561381,83,101,443,742,102,83,64,54,-4310,6707,8596,-11445,-567,-2069,297,38,-204,-28
2025-11-27T16:57:37.584484,82,106,479,773,96,73,60,50,-4308,6667,8589,-11474,-542,-2043,314,133,-202,-4
2025-11-27T16:57:37.607000,62,97,447,775,99,66,58,49,-4308,6628,8574,-11508,-568,-2012,280,208,-204,1
2025-11-27T16:57:37.621331,67,109,491,798,92,58,57,56,-4312,6588,8555,-11544,-511,-1970,300,234,-183,15
2025-11-27T16:57:37.644472,71,133,600,842,113,62,58,59,-4316,6555,8538,-11573,-510,-1949,283,210,-156,14
2025-11-27T16:57:37.667159,78,143,627,862,148,75,66,66,-4321,6529,8527,-11595,-464,-1947,266,168,-115,27
2025-11-27T16:57:37.680771,80,159,676,830,156,80,71,70,-4328,6503,8515,-11615,-470,-1984,261,175,-104,25
2025-11-27T16:57:37.704454,83,175,693,835,160,85,75,71,-4313,6501,8535,-11607,-445,-2032,84,-13,-85,89
2025-11-27T16:57:37.726991,76,175,710,838,191,113,79,66,-4313,6488,8516,-11628,-458,-1736,269,152,-68,70
2025-11-27T16:57:37.741371,75,169,652,778,184,114,77,63,-4308,6478,8521,-11632,-487,-1859,293,-7,-59,25
2025-11-27T16:57:37.764278,61,149,620,680,156,104,69,58,-4312,6475,8534,-11623,-524,-1879,324,-84,6,-40
2025-11-27T16:57:37.787041,55,128,539,631,145,100,62,57,-4321,6474,8542,-11614,-519,-1961,320,-50,38,-35
2025-11-27T16:57:37.801519,45,100,488,509,135,95,56,56,-4340,6475,8542,-11607,-484,-2029,375,-16,95,-21
2025-11-27T16:57:37.824493,43,87,414,409,87,57,45,73,-4363,6487,8533,-11598,-458,-1966,399,-10,173,17
2025-11-27T16:57:37.847017,40,56,296,349,81,53,43,85,-4389,6513,8530,-11575,-403,-1954,476,-132,277,43
2025-11-27T16:57:37.861297,37,54,247,256,90,52,39,91,-4421,6559,8527,-11540,-376,-1960,528,-215,410,69
2025-11-27T16:57:37.884509,37,64,256,240,94,54,40,98,-4477,6606,8508,-11505,-421,-2032,560,-114,510,2
2025-11-27T16:57:37.906962,41,80,265,212,91,50,33,107,-4559,6662,8474,-11465,-445,-2167,516,5,650,-41
2025-11-27T16:57:37.921276,42,75,218,217,92,48,40,122,-4649,6721,8411,-11441,-541,-2213,544,174,686,-16
2025-11-27T16:57:37.944521,42,80,218,207,98,53,51,152,-4756,6778,8311,-11436,-510,-2197,575,403,752,46
2025-11-27T16:57:37.967399,44,90,218,197,86,49,56,161,-4882,6844,8164,-11450,-592,-2149,645,641,873,90
2025-11-27T16:57:37.981272,43,87,200,181,79,45,58,166,-5016,6922,7985,-11472,-637,-2074,722,762,980,155
2025-11-27T16:57:38.003961,39,79,184,216,80,45,61,168,-5146,7017,7793,-11488,-745,-1986,732,761,1065,179
2025-11-27T16:57:38.027017,36,80,178,206,87,49,59,152,-5287,7122,7602,-11488,-841,-1962,702,744,1155,89
2025-11-27T16:57:38.041284,34,88,177,201,77,39,53,127,-5442,7228,7422,-11467,-836,-1981,634,732,1216,-6
2025-11-27T16:57:38.065175,30,87,174,195,86,45,49,111,-5614,7341,7225,-11438,-912,-1943,620,815,1321,-74
2025-11-27T16:57:38.087064,33,87,149,239,136,102,64,99,-5784,7466,7032,-11393,-1000,-1856,578,760,1376,-125
2025-11-27T16:57:38.101630,35,83,138,217,178,148,83,88,-5937,7608,6874,-11316,-1078,-1771,539,472,1401,-219
2025-11-27T16:57:38.124163,34,94,129,223,198,159,85,85,-6054,7766,6779,-11204,-1094,-1660,369,87,1313,-302
2025-11-27T16:57:38.146961,30,83,120,240,222,164,84,60,-6124,7924,6766,-11061,-1107,-1811,208,-338,1098,-378
2025-11-27T16:57:38.170052,30,86,113,246,228,173,87,60,-6188,8049,6785,-10924,-1128,-2097,36,-296,845,-473
2025-11-27T16:57:38.183388,26,81,81,201,255,230,105,54,-6286,8106,6778,-10829,-996,-2262,53,136,636,-505
2025-11-27T16:57:38.206983,25,89,74,179,251,221,98,46,-6429,8123,6705,-10778,-827,-2182,151,640,635,-425
2025-11-27T16:57:38.221144,28,77,82,164,234,214,95,44,-6569,8154,6624,-10721,-808,-1977,-30,697,690,-403
2025-11-27T16:57:38.243982,30,79,82,151,247,224,99,45,-6702,8161,6553,-10676,-959,-2008,-27,724,504,-511
2025-11-27T16:57:38.266959,29,71,97,149,263,246,111,40,-6840,8125,6501,-10648,-799,-2067,21,804,296,-560
2025-11-27T16:57:38.281526,29,72,98,165,294,263,109,38,-6982,8073,6435,-10635,-603,-1878,67,903,255,-471
2025-11-27T16:57:38.304867,27,60,91,163,316,277,109,34,-7111,8024,6391,-10613,-546,-1757,68,757,216,-501
2025-11-27T16:57:38.326662,25,58,78,170,337,284,115,35,-7236,7966,6394,-10571,-449,-1713,18,581,121,-657
2025-11-27T16:57:38.349650,22,53,74,174,341,285,120,35,-7349,7875,6442,-10532,-451,-1792,-131,562,-176,-808
2025-11-27T16:57:38.364084,31,61,97,230,408,296,122,42,-7460,7726,6499,-10529,-332,-2021,-2,727,-474,-787
2025-11-27T16:57:38.386905,40,76,104,240,372,248,110,44,-7608,7519,6494,-10576,18,-1813,211,1195,-504,-621
2025-11-27T16:57:38.409842,45,90,131,283,366,244,112,51,-7796,7307,6431,-10626,171,-1350,358,1405,-252,-623
2025-11-27T16:57:38.423731,46,94,139,333,376,244,106,50,-7943,7188,6428,-10600,234,-1118,421,610,43,-617
2025-11-27T16:57:38.447085,49,94,143,335,362,234,95,51,-8003,7190,6511,-10503,204,-1217,340,-349,223,-461
2025-11-27T16:57:38.469888,43,83,118,298,262,186,73,43,-7980,7269,6646,-10380,204,-1607,294,-936,223,-161
2025-11-27T16:57:38.483456,38,69,118,298,245,146,57,39,-7901,7375,6783,-10277,147,-1895,274,-1085,127,150
2025-11-27T16:57:38.506963,58,67,129,258,232,124,37,32,-7795,7474,6883,-10220,65,-2113,309,-912,14,427
2025-11-27T16:57:38.527582,62,63,131,221,194,111,46,31,-7694,7549,6930,-10210,-25,-2169,372,-582,-40,581
2025-11-27T16:57:38.541926,62,65,143,222,191,120,53,30,-7599,7593,6942,-10239,-92,-2029,474,-350,-137,639
2025-11-27T16:57:38.565373,63,69,181,234,201,131,57,30,-7511,7623,6949,-10278,-133,-1985,455,-253,-192,605
2025-11-27T16:57:38.589118,61,69,183,224,235,187,70,31,-7412,7643,6964,-10325,-175,-1973,495,-292,-291,602
2025-11-27T16:57:38.603974,42,57,190,243,215,176,67,29,-7307,7658,6983,-10375,-214,-1970,540,-328,-334,598
2025-11-27T16:57:38.627358,40,62,235,312,254,177,64,39,-7204,7669,7001,-10427,-255,-1972,505,-292,-355,577
2025-11-27T16:57:38.649488,47,65,229,345,289,172,62,39,-7111,7665,7020,-10481,-260,-2066,434,-180,-399,529
2025-11-27T16:57:38.664894,48,63,204,353,300,181,75,53,-7030,7631,7017,-10562,-247,-2095,563,8,-477,550
2025-11-27T16:57:38.694368,56,67,203,389,360,164,69,52,-6948,7599,7004,-10647,-259,-2161,482,105,-466,612
2025-11-27T16:57:38.709071,60,71,188,408,391,174,76,53,-6876,7556,6942,-10764,-403,-1950,475,403,-471,652
2025-11-27T16:57:38.723571,59,67,134,386,374,177,78,48,-6803,7512,6894,-10871,-489,-1741,358,375,-506,535
2025-11-27T16:57:38.747036,73,68,181,364,352,176,75,47,-6703,7474,6907,-10952,-553,-1643,329,13,-638,390
2025-11-27T16:57:38.769741,155,93,254,362,343,160,58,36,-6603,7433,6957,-11008,-571,-1722,279,-150,-677,239
2025-11-27T16:57:38.783668,275,163,399,326,252,117,58,61,-6477,7410,7004,-11069,-682,-1864,426,-283,-669,365
2025-11-27T16:57:38.807089,314,303,454,435,267,92,53,63,-6374,7402,7012,-11129,-708,-1686,463,-163,-465,380
2025-11-27T16:57:38.829952,326,311,467,418,277,129,63,67,-6305,7412,7038,-11145,-714,-1566,433,-285,-243,133
2025-11-27T16:57:38.843745,389,321,466,510,268,141,66,74,-6234,7434,7132,-11110,-687,-1572,468,-731,-208,-96
2025-11-27T16:57:38.867370,474,345,460,547,302,177,76,74,-6132,7489,7267,-11042,-733,-1758,343,-1049,-176,-69
2025-11-27T16:57:38.889937,427,329,352,562,299,175,70,57,-5993,7555,7395,-10989,-1035,-1955,220,-1043,-295,19
2025-11-27T16:57:38.904138,403,212,281,540,263,183,73,56,-5868,7586,7502,-10963,-1043,-1982,193,-784,-410,-3
2025-11-27T16:57:38.927435,396,199,261,591,367,197,68,51,-5756,7589,7608,-10947,-918,-1856,114,-656,-496,-58
2025-11-27T16:57:38.949780,335,182,248,550,385,196,72,97,-5676,7560,7705,-10940,-824,-1851,368,-586,-496,-178
2025-11-27T16:57:38.963732,146,119,208,552,364,166,75,124,-5640,7534,7789,-10918,-620,-1837,434,-516,-271,-230
2025-11-27T16:57:38.986959,109,122,201,554,415,170,82,129,-5602,7539,7868,-10878,-813,-1792,354,-579,-129,-273
2025-11-27T16:57:39.009904,96,136,199,535,431,165,82,134,-5545,7546,7949,-10843,-991,-1933,302,-606,-203,-268
2025-11-27T16:57:39.024158,85,143,212,472,374,128,77,162,-5475,7537,8029,-10826,-937,-2054,321,-564,-335,-179
2025-11-27T16:57:39.047418,75,151,224,446,401,139,76,154,-5404,7518,8103,-10819,-751,-2103,435,-565,-355,-63
2025-11-27T16:57:39.069633,75,150,211,456,411,142,63,158,-5349,7518,8183,-10786,-545,-2132,369,-633,-182,-28
2025-11-27T16:57:39.084216,75,122,297,507,392,146,57,163,-5305,7519,8226,-10774,-798,-2059,347,-406,-145,-73
2025-11-27T16:57:39.107152,79,101,289,443,454,260,107,173,-5256,7519,8285,-10754,-771,-2185,242,-445,-186,-81
2025-11-27T16:57:39.129910,74,91,316,553,450,266,112,151,-5214,7505,8337,-10743,-606,-2080,256,-371,-217,-42
2025-11-27T16:57:39.143766,70,86,373,607,472,284,119,136,-5176,7499,8391,-10723,-493,-2039,249,-411,-153,-2
2025-11-27T16:57:39.166440,64,83,404,640,473,294,126,122,-5123,7504,8457,-10693,-540,-2155,267,-557,-150,27
2025-11-27T16:57:39.197395,76,79,374,637,454,291,126,157,-5081,7508,8494,-10681,-495,-2190,303,-393,-105,118
2025-11-27T16:57:39.203473,86,75,398,828,359,193,89,159,-5044,7516,8516,-10676,-584,-2140,299,-321,-71,113
2025-11-27T16:57:39.226883,87,76,377,789,311,169,81,159,-5005,7517,8527,-10685,-679,-2172,285,-218,-121,111
2025-11-27T16:57:39.249798,87,64,313,759,195,107,66,162,-4988,7503,8525,-10704,-555,-2170,304,-76,-111,100
2025-11-27T16:57:39.272387,104,69,301,711,155,68,51,153,-4989,7492,8508,-10725,-543,-2196,315,32,-25,98
2025-11-27T16:57:39.287017,101,72,299,692,131,54,50,111,-5007,7488,8483,-10740,-442,-2047,256,102,70,99
2025-11-27T16:57:39.310291,100,65,276,518,105,46,45,109,-5025,7498,8477,-10729,-460,-2259,84,33,129,65
2025-11-27T16:57:39.331919,167,211,293,517,103,42,40,111,-4993,7530,8437,-10752,-696,-2120,103,73,29,325
2025-11-27T16:57:39.346969,168,302,338,607,101,41,41,140,-4965,7558,8396,-10778,-549,-2178,65,134,22,397
2025-11-27T16:57:39.377413,160,339,445,694,104,40,47,150,-4938,7579,8337,-10821,-563,-1985,97,239,-13,423
2025-11-27T16:57:39.399827,159,350,584,785,108,46,46,149,-4898,7611,8290,-10853,-696,-2240,69,141,-12,436
2025-11-27T16:57:39.406358,208,430,801,882,119,54,54,138,-4857,7641,8206,-10914,-664,-2053,224,283,-5,577
2025-11-27T16:57:39.429435,164,387,819,867,117,53,55,137,-4819,7677,8115,-10974,-643,-1816,140,347,24,586
2025-11-27T16:57:39.451994,170,334,849,813,131,55,53,100,-4776,7718,8048,-11013,-773,-1845,133,182,38,470
2025-11-27T16:57:39.466477,183,308,885,757,116,54,51,80,-4747,7748,8000,-11039,-670,-1854,163,120,44,380
2025-11-27T16:57:39.489812,194,328,841,655,116,56,51,77,-4740,7770,7952,-11062,-602,-1847,235,147,100,308
2025-11-27T16:57:39.512056,141,302,735,531,148,63,51,65,-4749,7794,7911,-11071,-645,-1685,195,139,170,161
2025-11-27T16:57:39.526491,150,311,754,526,160,64,51,56,-4750,7814,7903,-11061,-763,-1708,100,-3,105,5
2025-11-27T16:57:39.549393,143,306,732,553,156,65,52,55,-4751,7811,7921,-11050,-800,-1883,115,-66,-24,-111
2025-11-27T16:57:39.572415,124,301,648,570,153,65,49,51,-4765,7786,7940,-11049,-765,-2028,112,32,-93,-164
2025-11-27T16:57:39.586610,99,268,620,621,145,61,48,45,-4776,7752,7949,-11061,-832,-1867,116,105,-163,-198
2025-11-27T16:57:39.609911,91,176,647,652,120,58,48,48,-4764,7718,7990,-11060,-881,-1838,55,-81,-251,-251
2025-11-27T16:57:39.632336,117,181,752,743,110,63,52,49,-4729,7679,8060,-11052,-797,-1934,29,-246,-367,-211
2025-11-27T16:57:39.646646,131,172,761,735,102,61,51,48,-4699,7635,8130,-11044,-622,-2103,-18,-204,-368,-128
2025-11-27T16:57:39.670038,137,168,782,845,118,68,57,52,-4681,7599,8161,-11053,-612,-2014,5,-2,-285,-33
2025-11-27T16:57:39.692014,145,170,811,877,140,86,62,54,-4677,7568,8157,-11079,-512,-1916,68,171,-196,72
2025-11-27T16:57:39.706377,142,161,747,846,186,138,72,50,-4680,7554,8147,-11095,-560,-1729,29,174,-92,39
2025-11-27T16:57:39.729032,115,156,669,852,283,229,111,60,-4689,7542,8169,-11083,-421,-1695,28,-20,-37,-46
2025-11-27T16:57:39.752403,96,154,654,861,359,278,139,81,-4684,7540,8228,-11043,-377,-1717,46,-296,-21,-86
2025-11-27T16:57:39.766672,88,142,614,738,391,322,158,80,-4661,7538,8314,-10989,-445,-1772,-10,-467,-89,-138
2025-11-27T16:57:39.789661,98,139,603,723,393,323,159,81,-4640,7540,8425,-10912,-290,-1721,-85,-602,-51,-170
2025-11-27T16:57:39.812372,101,147,600,780,378,308,157,82,-4613,7548,8555,-10817,-362,-1886,-123,-748,-35,-228
2025-11-27T16:57:39.826582,88,110,579,690,321,256,137,76,-4591,7571,8666,-10721,-411,-1997,-103,-715,73,-161
2025-11-27T16:57:39.849946,93,115,604,689,347,301,146,65,-4566,7613,8745,-10638,-480,-1881,-86,-621,155,-56
2025-11-27T16:57:39.872228,93,121,613,687,320,266,125,66,-4520,7657,8814,-10569,-682,-1876,16,-671,104,-32
2025-11-27T16:57:39.886793,71,113,554,652,312,260,129,86,-4482,7676,8897,-10501,-678,-1968,39,-683,18,-152
2025-11-27T16:57:39.909895,65,102,552,606,302,254,124,89,-4460,7669,8982,-10442,-757,-2142,73,-620,-36,-301
2025-11-27T16:57:39.932561,64,93,528,643,294,246,117,86,-4461,7640,9043,-10411,-703,-2347,125,-390,-79,-293
2025-11-27T16:57:39.946679,92,121,546,591,148,110,76,93,-4480,7602,9064,-10412,-811,-2277,55,-49,-82,-306
2025-11-27T16:57:39.969921,132,126,521,575,109,73,72,103,-4491,7565,9071,-10429,-705,-2228,130,-4,-112,-169
2025-11-27T16:57:39.992303,204,137,515,584,99,67,58,104,-4500,7539,9052,-10460,-779,-2280,204,72,-74,-71
2025-11-27T16:57:40.006629,219,139,460,569,89,64,57,101,-4507,7515,9019,-10503,-682,-2268,222,160,-77,47
2025-11-27T16:57:40.029753,230,156,454,550,76,55,56,108,-4521,7489,8973,-10554,-744,-2212,216,260,-68,26
2025-11-27T16:57:40.052396,236,142,436,614,65,37,43,104,-4555,7456,8910,-10616,-625,-2169,299,390,-28,46
2025-11-27T16:57:40.066216,224,231,644,666,62,39,39,106,-4605,7429,8831,-10679,-601,-2095,314,486,62,53
2025-11-27T16:57:40.089486,172,243,678,646,63,37,39,117,-4661,7414,8743,-10738,-681,-2123,307,524,144,43
2025-11-27T16:57:40.112863,198,278,717,627,75,41,42,167,-4722,7404,8643,-10799,-644,-2079,357,574,194,91
2025-11-27T16:57:40.126380,242,391,781,587,75,43,47,184,-4799,7396,8526,-10864,-674,-2069,324,717,255,75
2025-11-27T16:57:40.150075,256,436,764,573,80,44,50,212,-4896,7392,8395,-10925,-712,-2198,322,825,354,44
2025-11-27T16:57:40.172213,366,636,614,524,82,40,55,262,-5016,7382,8220,-11010,-698,-2106,476,1076,430,91
2025-11-27T16:57:40.186696,403,661,649,494,83,45,69,369,-5140,7376,8043,-11087,-863,-2137,330,1160,437,-2
2025-11-27T16:57:40.209903,395,685,603,501,79,44,91,499,-5269,7373,7867,-11154,-669,-2398,472,1112,513,121
2025-11-27T16:57:40.231997,375,624,512,510,82,43,100,569,-5379,7405,7621,-11251,-878,-2386,340,1448,600,419
2025-11-27T16:57:40.254864,363,603,491,507,75,48,109,590,-5469,7454,7347,-11357,-902,-1769,305,1492,622,535
2025-11-27T16:57:40.270408,261,386,524,505,75,53,108,572,-5546,7495,7158,-11413,-950,-1587,387,968,531,209
2025-11-27T16:57:40.292222,200,354,483,490,71,48,102,548,-5594,7531,7052,-11433,-1110,-1960,307,587,340,23
2025-11-27T16:57:40.315279,196,415,484,427,69,49,83,425,-5657,7542,6929,-11469,-997,-1995,275,807,272,54
2025-11-27T16:57:40.328912,182,429,437,416,82,49,69,332,-5744,7527,6788,-11520,-1026,-1904,260,1044,209,-53
2025-11-27T16:57:40.352401,171,415,400,322,91,43,53,320,-5855,7483,6640,-11579,-915,-1803,289,1194,153,-149
2025-11-27T16:57:40.374873,154,380,328,268,113,44,52,338,-5985,7428,6503,-11626,-824,-1723,360,1175,176,-269
2025-11-27T16:57:40.389147,140,361,239,276,112,43,45,265,-6135,7368,6380,-11654,-839,-1622,461,1087,233,-457
2025-11-27T16:57:40.412349,104,185,210,282,126,66,43,256,-6296,7308,6291,-11654,-770,-1554,450,926,248,-635
2025-11-27T16:57:40.434755,90,144,193,283,357,273,113,235,-6464,7253,6238,-11625,-738,-1605,451,745,280,-788
2025-11-27T16:57:40.449034,73,141,182,287,411,331,131,167,-6648,7191,6205,-11577,-603,-1671,580,638,331,-898
2025-11-27T16:57:40.472475,50,118,143,293,431,343,136,104,-6843,7132,6193,-11506,-555,-1612,565,527,370,-1037
2025-11-27T16:57:40.494842,44,105,94,261,435,348,140,88,-7045,7078,6213,-11407,-570,-1708,487,407,373,-1216
2025-11-27T16:57:40.508739,43,91,78,245,492,404,159,71,-7248,7011,6259,-11295,-528,-1840,484,336,298,-1319
2025-11-27T16:57:40.531517,44,92,66,216,396,344,138,69,-7450,6936,6309,-11181,-468,-1987,487,368,263,-1328
2025-11-27T16:57:40.554879,44,77,64,215,345,301,123,51,-7653,6853,6343,-11076,-398,-2032,448,498,252,-1275
2025-11-27T16:57:40.568725,43,63,74,195,352,311,124,48,-7848,6755,6356,-10992,-377,-2076,447,670,180,-1183
2025-11-27T16:57:40.592421,43,56,74,187,420,361,139,50,-8055,6621,6329,-10939,-310,-2101,419,1042,112,-1120
2025-11-27T16:57:40.614861,46,57,77,199,376,296,119,51,-8253,6469,6289,-10905,-195,-1859,540,1078,41,-1030
2025-11-27T16:57:40.628930,44,59,107,249,401,260,100,47,-8409,6325,6277,-10878,-23,-1726,478,884,-78,-836
2025-11-27T16:57:40.651972,47,67,123,271,405,256,104,76,-8516,6198,6285,-10863,201,-1787,625,633,-158,-528
2025-11-27T16:57:40.674773,47,59,122,347,455,266,114,76,-8584,6091,6264,-10882,323,-1753,755,619,-116,-133
2025-11-27T16:57:40.689209,70,85,136,358,420,207,104,128,-8622,6022,6223,-10914,330,-1516,704,521,-9,126
2025-11-27T16:57:40.712450,85,87,140,384,418,205,105,194,-8637,5999,6188,-10935,401,-1370,875,182,146,294
2025-11-27T16:57:40.734880,88,85,143,377,385,195,103,216,-8603,6040,6187,-10940,325,-1370,704,-187,191,459
2025-11-27T16:57:40.749110,84,79,144,371,386,190,97,211,-8569,6097,6157,-10951,174,-1386,966,-245,303,504
2025-11-27T16:57:40.772293,85,81,147,308,330,168,82,215,-8533,6204,6169,-10912,184,-1266,803,-608,463,390
2025-11-27T16:57:40.794909,75,63,184,370,337,159,69,194,-8451,6387,6244,-10828,150,-1253,810,-1289,559,446
2025-11-27T16:57:40.809141,62,65,221,344,327,156,60,131,-8296,6644,6369,-10719,177,-1565,752,-1789,517,583
2025-11-27T16:57:40.832846,67,68,210,357,315,157,58,92,-8110,6893,6508,-10621,64,-1804,626,-1847,353,678
2025-11-27T16:57:40.861644,76,69,214,427,319,151,57,91,-7766,7180,6736,-10545,-33,-2164,545,-995,-171,758
2025-11-27T16:57:40.876716,116,117,242,477,316,107,47,81,-7633,7212,6777,-10594,-41,-2178,482,-377,-377,779
2025-11-27T16:57:40.895904,188,122,230,449,274,74,35,69,-7523,7183,6769,-10697,-6,-2104,530,116,-537,842
2025-11-27T16:57:40.918768,189,151,239,524,269,72,38,66,-7419,7125,6724,-10836,-37,-2022,576,391,-617,919
2025-11-27T16:57:40.936719,188,157,249,533,281,77,51,66,-7302,7068,6663,-10989,-184,-1925,510,489,-670,977
2025-11-27T16:57:40.955732,201,165,288,483,350,78,54,60,-7163,7029,6633,-11123,-294,-1720,435,247,-705,904
2025-11-27T16:57:40.974066,195,195,284,456,358,81,56,59,-7027,6992,6619,-11241,-348,-1676,585,70,-680,804
2025-11-27T16:57:40.996583,134,227,296,439,423,140,72,56,-6895,6981,6608,-11336,-364,-1777,577,-18,-521,793
2025-11-27T16:57:41.015798,142,221,271,382,472,251,118,59,-6770,7013,6620,-11385,-421,-1776,521,-272,-304,685
2025-11-27T16:57:41.033667,147,225,280,384,486,266,120,60,-6654,7082,6659,-11387,-562,-1453,327,-515,-130,453
2025-11-27T16:57:41.056698,134,226,288,418,451,270,122,68,-6521,7180,6764,-11341,-690,-1541,339,-997,-101,270
2025-11-27T16:57:41.076323,119,184,300,403,432,278,126,75,-6357,7302,6892,-11279,-838,-1650,198,-1187,-129,300
2025-11-27T16:57:41.093312,114,149,286,390,369,258,120,74,-6197,7411,7016,-11220,-919,-1854,187,-1119,-161,268
2025-11-27T16:57:41.116649,110,143,302,377,303,174,78,72,-6071,7500,7128,-11159,-756,-1934,204,-976,-95,218
2025-11-27T16:57:41.136402,104,139,318,381,264,157,70,76,-5961,7561,7196,-11133,-1014,-1918,312,-694,-166,142
2025-11-27T16:57:41.154154,100,150,283,414,267,213,82,76,-5844,7597,7262,-11128,-1151,-1841,354,-636,-326,80
2025-11-27T16:57:41.175555,92,147,262,438,284,221,83,70,-5739,7613,7338,-11122,-1068,-1728,342,-627,-375,-20
2025-11-27T16:57:41.195074,133,152,260,461,293,224,86,73,-5650,7617,7432,-11103,-1003,-1762,331,-663,-370,-139
2025-11-27T16:57:41.213665,132,163,300,506,291,213,84,70,-5569,7617,7540,-11071,-1033,-1918,387,-750,-352,-240
2025-11-27T16:57:41.236162,128,153,283,486,275,204,83,62,-5480,7607,7635,-11056,-1106,-1975,513,-729,-400,-193
2025-11-27T16:57:41.255949,125,137,292,424,232,133,61,49,-5387,7582,7743,-11045,-1131,-1968,404,-703,-521,-266
2025-11-27T16:57:41.275666,142,143,297,393,165,94,61,70,-5283,7536,7859,-11044,-1192,-2196,450,-718,-662,-274
2025-11-27T16:57:41.293833,108,128,329,487,135,71,54,72,-5207,7467,7945,-11066,-929,-2188,470,-442,-652,-197
2025-11-27T16:57:41.319327,160,123,306,481,108,52,52,92,-5146,7393,8014,-11094,-854,-2093,479,-328,-614,-190
2025-11-27T16:57:41.332869,245,138,317,486,96,48,50,112,-5062,7340,8084,-11116,-821,-2045,450,-435,-587,-54
2025-11-27T16:57:41.357663,278,145,300,476,80,51,64,138,-4972,7304,8146,-11136,-718,-2134,399,-424,-515,101
2025-11-27T16:57:41.376079,272,151,402,526,94,55,61,133,-4877,7290,8202,-11146,-578,-2164,330,-450,-417,264
2025-11-27T16:57:41.398243,277,156,377,442,88,54,61,135,-4773,7279,8243,-11168,-695,-2173,360,-402,-435,314
2025-11-27T16:57:41.416545,252,152,436,470,90,61,68,129,-4657,7255,8281,-11204,-590,-2254,347,-360,-539,426
2025-11-27T16:57:41.436127,175,142,438,471,96,68,82,114,-4564,7204,8278,-11278,-663,-2170,464,-47,-591,382
2025-11-27T16:57:41.454133,160,188,458,596,97,68,78,81,-4475,7140,8260,-11367,-743,-2140,481,86,-647,349
2025-11-27T16:57:41.476406,195,190,387,598,84,66,75,76,-4408,7057,8206,-11483,-562,-1759,555,339,-650,367
2025-11-27T16:57:41.496060,199,192,423,669,83,66,77,70,-4342,6995,8215,-11540,-702,-1860,341,16,-568,128
2025-11-27T16:57:41.513721,195,187,332,676,76,56,71,56,-4286,6920,8232,-11594,-660,-1931,549,-75,-558,69
2025-11-27T16:57:41.536189,217,196,429,747,76,47,54,52,-4286,6850,8218,-11645,-498,-2043,508,205,-327,27
2025-11-27T16:57:41.559773,262,203,411,686,81,42,46,67,-4313,6810,8161,-11699,-568,-1833,498,406,-86,37
2025-11-27T16:57:41.574119,242,254,417,703,80,54,67,99,-4334,6805,8130,-11715,-620,-1852,405,180,66,17
2025-11-27T16:57:41.596650,297,304,388,647,75,52,67,108,-4340,6822,8116,-11713,-671,-1885,419,-7,130,53
2025-11-27T16:57:41.615855,330,356,403,581,75,52,69,126,-4350,6842,8107,-11703,-620,-2054,365,1,155,85
2025-11-27T16:57:41.634239,395,419,299,567,75,53,74,140,-4369,6865,8079,-11703,-612,-2069,350,123,193,122
2025-11-27T16:57:41.656625,360,423,302,533,66,52,77,136,-4384,6884,8034,-11717,-703,-2115,342,248,153,153
2025-11-27T16:57:41.675892,360,419,302,465,64,36,59,159,-4387,6899,7970,-11751,-679,-1963,375,327,91,261
2025-11-27T16:57:41.698840,332,408,299,434,60,34,86,178,-4377,6909,7913,-11787,-710,-1912,406,271,21,259
2025-11-27T16:57:41.716548,309,424,326,421,57,41,97,170,-4372,6910,7871,-11816,-695,-1939,453,199,4,193
2025-11-27T16:57:41.736195,233,363,321,341,44,43,109,160,-4380,6901,7841,-11838,-654,-1928,399,210,-13,89
2025-11-27T16:57:41.757895,254,364,337,392,46,49,124,162,-4383,6877,7827,-11861,-669,-1879,366,171,-121,18
2025-11-27T16:57:41.776065,255,337,310,414,47,68,133,118,-4372,6848,7842,-11872,-579,-1978,293,47,-202,39
2025-11-27T16:57:41.795508,235,307,309,442,50,77,122,80,-4356,6813,7838,-11900,-690,-1815,268,166,-269,24
2025-11-27T16:57:41.817670,219,216,349,483,50,74,112,70,-4327,6771,7867,-11916,-750,-1905,172,39,-377,-57
2025-11-27T16:57:41.836099,181,209,382,528,64,76,99,70,-4288,6716,7884,-11949,-702,-1871,203,115,-470,26
2025-11-27T16:57:41.855526,136,145,397,568,68,82,102,66,-4245,6655,7894,-11993,-719,-1685,197,159,-526,10
2025-11-27T16:57:41.878791,137,195,424,668,83,96,138,66,-4199,6596,7929,-12017,-687,-1624,221,-26,-506,-56
2025-11-27T16:57:41.896079,127,192,447,670,92,99,140,64,-4149,6548,7992,-12020,-641,-1642,222,-219,-460,-80
2025-11-27T16:57:41.915828,125,202,446,694,99,101,143,69,-4098,6513,8064,-12008,-659,-1758,201,-302,-395,-71
2025-11-27T16:57:41.938082,131,206,487,681,101,99,145,69,-4061,6480,8121,-12000,-634,-1754,208,-211,-326,-78
2025-11-27T16:57:41.958440,120,202,516,672,119,104,147,75,-4043,6446,8162,-11996,-623,-1924,269,-104,-258,-84
2025-11-27T16:57:41.978744,105,150,525,591,129,86,109,82,-4043,6423,8169,-12005,-629,-1780,328,52,-133,-64
2025-11-27T16:57:41.998294,101,152,551,739,154,89,110,83,-4017,6416,8204,-11993,-709,-1688,289,-192,-146,-64
2025-11-27T16:57:42.016609,98,133,550,826,177,97,111,84,-3962,6421,8280,-11956,-770,-1900,290,-503,-183,-26
2025-11-27T16:57:42.038629,90,121,544,841,208,118,113,83,-3910,6426,8339,-11930,-740,-1958,306,-407,-166,32
2025-11-27T16:57:42.058322,93,130,514,902,226,126,100,76,-3869,6423,8375,-11920,-708,-1831,405,-294,-146,37
2025-11-27T16:57:42.076787,81,116,482,948,231,138,94,67,-3852,6394,8420,-11909,-373,-1884,441,-270,-158,17
2025-11-27T16:57:42.098743,72,114,444,877,227,138,97,75,-3839,6381,8463,-11889,-530,-2045,496,-315,-65,-12
2025-11-27T16:57:42.118014,78,122,406,767,217,135,110,88,-3827,6387,8471,-11884,-483,-2095,633,-221,63,172
2025-11-27T16:57:42.136855,82,127,372,769,198,119,107,91,-3817,6420,8452,-11884,-583,-2158,647,-130,196,267
2025-11-27T16:57:42.159126,74,115,335,712,169,101,98,86,-3819,6460,8422,-11882,-435,-2031,626,-72,283,319
2025-11-27T16:57:42.176234,72,111,336,622,149,78,95,87,-3830,6507,8405,-11865,-461,-2033,599,-149,353,247
2025-11-27T16:57:42.194429,65,101,303,529,122,61,77,77,-3860,6555,8378,-11848,-484,-2055,627,-76,428,186
2025-11-27T16:57:42.217344,59,89,261,501,100,52,57,89,-3911,6598,8340,-11834,-511,-2057,601,42,471,108
2025-11-27T16:57:42.236289,50,78,156,379,71,55,50,115,-3987,6640,8292,-11819,-501,-2056,633,121,560,26
2025-11-27T16:57:42.256397,41,77,148,191,81,69,45,122,-4092,6673,8221,-11814,-373,-2232,719,300,636,51
2025-11-27T16:57:42.279043,41,80,125,143,87,72,49,132,-4212,6715,8097,-11834,-629,-2222,718,622,704,36
2025-11-27T16:57:42.298515,45,91,146,146,88,71,49,137,-4327,6765,7960,-11857,-645,-2198,734,661,737,110
2025-11-27T16:57:42.316593,48,110,156,235,91,70,37,124,-4453,6816,7789,-11895,-709,-2189,796,856,784,140
2025-11-27T16:57:42.339421,46,110,153,236,83,59,34,98,-4580,6874,7593,-11940,-785,-2120,735,1008,816,183
2025-11-27T16:57:42.358557,50,113,153,238,63,38,36,90,-4706,6945,7373,-11987,-915,-1968,734,1093,879,202
2025-11-27T16:57:42.376964,50,125,144,288,71,33,30,80,-4831,7033,7157,-12017,-1006,-1794,662,1029,946,142
2025-11-27T16:57:42.399085,45,114,130,381,98,37,37,84,-4933,7145,6999,-12003,-1109,-1728,497,674,954,31
2025-11-27T16:57:42.418821,38,102,112,348,123,41,38,77,-5018,7244,6879,-11978,-1214,-1800,481,489,805,-67
2025-11-27T16:57:42.436947,36,103,105,389,145,41,40,81,-5105,7331,6757,-11958,-1144,-1875,465,560,757,-32
2025-11-27T16:57:42.459078,32,98,107,391,161,44,38,79,-5205,7401,6610,-11953,-1156,-1838,406,786,704,-38
2025-11-27T16:57:42.478957,29,78,93,358,158,41,37,72,-5338,7447,6435,-11962,-1112,-1806,485,1033,722,-108
2025-11-27T16:57:42.504137,35,130,172,285,148,40,34,54,-5483,7480,6255,-11971,-1112,-1706,432,1130,679,-191
2025-11-27T16:57:42.526871,39,138,184,288,162,90,48,50,-5600,7517,6116,-11965,-1173,-1706,344,904,563,-224
2025-11-27T16:57:42.538722,40,136,191,228,156,94,46,39,-5705,7545,5994,-11960,-1159,-1536,344,798,462,-261
2025-11-27T16:57:42.557290,38,132,192,239,145,98,49,40,-5811,7560,5911,-11940,-1065,-1606,364,650,392,-358
2025-11-27T16:57:42.579054,44,132,193,250,156,103,51,39,-5922,7571,5846,-11911,-975,-1585,343,583,379,-424
2025-11-27T16:57:42.597855,39,81,109,227,170,112,51,42,-6047,7577,5795,-11869,-954,-1622,362,551,399,-529
2025-11-27T16:57:42.616488,33,56,87,215,151,82,39,36,-6171,7585,5771,-11812,-995,-1634,354,411,374,-653
2025-11-27T16:57:42.639165,30,49,70,223,148,81,39,34,-6289,7579,5783,-11747,-948,-1768,376,277,265,-724
2025-11-27T16:57:42.658259,33,47,55,198,168,115,48,32,-6406,7555,5806,-11688,-839,-1781,330,302,158,-732
2025-11-27T16:57:42.677090,26,41,52,180,169,120,52,31,-6535,7515,5823,-11634,-763,-1749,352,388,126,-765
2025-11-27T16:57:42.699099,24,37,50,164,161,116,53,27,-6671,7464,5849,-11577,-676,-1719,375,379,105,-830
2025-11-27T16:57:42.718270,26,35,48,140,156,115,52,26,-6808,7415,5890,-11507,-638,-1729,346,307,110,-894
2025-11-27T16:57:42.733899,27,38,46,145,149,113,53,27,-6945,7364,5949,-11427,-642,-1747,310,237,78,-983
2025-11-27T16:57:42.756960,25,35,41,137,133,110,55,25,-7084,7297,6024,-11346,-557,-1825,387,195,5,-1032
2025-11-27T16:57:42.773691,23,33,44,157,145,113,54,22,-7217,7214,6112,-11268,-378,-1888,450,155,-68,-997
2025-11-27T16:57:42.795714,23,34,43,189,176,126,57,21,-7343,7116,6192,-11205,-289,-1925,480,226,-144,-914
2025-11-27T16:57:42.819095,25,32,41,191,185,134,60,24,-7465,7002,6261,-11157,-211,-1971,479,347,-213,-846
2025-11-27T16:57:42.838699,28,32,39,181,202,159,71,27,-7593,6873,6297,-11131,-110,-1942,561,536,-207,-746
2025-11-27T16:57:42.856228,30,35,40,182,198,147,66,30,-7717,6743,6304,-11121,-33,-1879,662,625,-157,-606
2025-11-27T16:57:42.878897,31,37,47,187,190,143,64,29,-7813,6626,6299,-11127,19,-1807,702,588,-166,-400
2025-11-27T16:57:42.898134,32,37,51,187,196,156,72,30,-7875,6520,6289,-11151,120,-1775,764,510,-203,-150
2025-11-27T16:57:42.916563,39,54,57,199,229,167,77,33,-7908,6427,6264,-11197,186,-1637,849,456,-201,97
2025-11-27T16:57:42.939429,42,73,71,211,243,154,71,37,-7903,6375,6242,-11242,200,-1531,813,248,-131,312
2025-11-27T16:57:42.958252,65,79,77,214,239,145,68,124,-7872,6350,6221,-11290,143,-1567,836,124,-101,462
2025-11-27T16:57:42.976385,72,89,75,197,249,147,68,133,-7848,6336,6166,-11344,165,-1556,1192,85,76,555
2025-11-27T16:57:42.999079,83,129,101,218,334,227,85,139,-7789,6401,6142,-11361,78,-1464,874,-269,262,651
2025-11-27T16:57:43.018155,83,134,120,226,401,330,130,145,-7669,6531,6166,-11356,-107,-1521,861,-803,271,788
2025-11-27T16:57:43.036630,83,126,115,222,403,351,145,148,-7530,6658,6220,-11346,17,-1580,824,-951,182,851
2025-11-27T16:57:43.059134,67,125,127,224,409,357,148,90,-7391,6773,6262,-11346,79,-1537,732,-829,150,912
2025-11-27T16:57:43.085791,60,120,145,315,407,365,150,79,-7250,6894,6305,-11340,-96,-1699,713,-835,151,871
2025-11-27T16:57:43.096089,43,78,150,349,348,330,144,68,-7107,7012,6342,-11338,-328,-1788,717,-810,105,803
2025-11-27T16:57:43.119113,36,81,153,414,257,226,100,53,-6983,7112,6376,-11333,-372,-1830,574,-652,65,691
2025-11-27T16:57:43.141570,39,110,190,454,248,244,98,52,-6867,7202,6396,-11336,-432,-1806,495,-508,48,662
2025-11-27T16:57:43.156741,42,118,203,462,257,243,95,50,-6757,7291,6406,-11340,-395,-1765,515,-476,86,696
2025-11-27T16:57:43.179264,44,159,201,424,280,247,98,50,-6632,7392,6413,-11344,-503,-1740,500,-542,100,738
2025-11-27T16:57:43.201514,52,171,196,383,269,245,94,58,-6507,7495,6423,-11343,-647,-1744,426,-535,82,667
2025-11-27T16:57:43.216529,56,179,193,348,282,256,102,71,-6397,7583,6451,-11331,-647,-1705,348,-540,41,513
2025-11-27T16:57:43.238849,63,180,272,347,308,221,92,69,-6306,7649,6497,-11312,-615,-1732,335,-534,-20,351
2025-11-27T16:57:43.265782,63,191,284,369,305,220,93,69,-6213,7714,6545,-11291,-770,-1788,250,-505,-57,295
2025-11-27T16:57:43.284062,65,166,289,427,288,210,94,69,-6116,7775,6573,-11286,-968,-1679,169,-378,-117,264
2025-11-27T16:57:43.299423,65,167,293,439,295,222,96,68,-6030,7817,6621,-11275,-1018,-1754,186,-411,-189,120
2025-11-27T16:57:43.321558,62,155,325,445,297,213,91,58,-5946,7843,6677,-11269,-967,-1718,272,-444,-245,76
2025-11-27T16:57:43.340954,53,141,276,444,260,198,80,54,-5864,7865,6729,-11266,-1100,-1917,313,-414,-261,58
2025-11-27T16:57:43.358365,50,121,284,443,317,229,91,57,-5769,7885,6755,-11285,-1157,-1872,368,-333,-292,184
2025-11-27T16:57:43.381144,49,118,312,444,330,236,96,58,-5706,7899,6777,-11294,-1124,-1791,357,-249,-211,46
2025-11-27T16:57:43.396209,46,99,326,473,308,201,91,52,-5644,7905,6813,-11299,-1109,-1739,414,-332,-235,-28
2025-11-27T16:57:43.426539,42,102,327,509,311,205,94,52,-5569,7903,6858,-11311,-1169,-1812,492,-408,-317,-15
2025-11-27T16:57:43.441930,41,94,309,489,311,202,96,52,-5470,7894,6922,-11326,-1237,-1829,430,-495,-457,-15
2025-11-27T16:57:43.456582,42,110,294,537,311,170,88,48,-5383,7860,7003,-11342,-1182,-1815,428,-487,-559,-138
2025-11-27T16:57:43.486565,44,101,279,509,305,148,73,43,-5312,7818,7102,-11343,-996,-1844,400,-519,-525,-205
2025-11-27T16:57:43.501030,48,125,330,487,312,151,72,45,-5251,7773,7185,-11350,-898,-1876,420,-432,-487,-145
2025-11-27T16:57:43.516487,49,123,314,531,310,130,65,41,-5187,7730,7251,-11366,-924,-1888,423,-351,-481,-79
2025-11-27T16:57:43.539081,47,127,383,549,316,133,64,40,-5131,7686,7322,-11377,-873,-1876,380,-342,-464,-115
2025-11-27T16:57:43.561584,50,113,436,621,250,117,69,47,-5086,7644,7407,-11369,-802,-1962,348,-406,-403,-178
2025-11-27T16:57:43.576113,44,111,422,601,221,109,67,51,-5042,7605,7483,-11366,-761,-1905,380,-382,-371,-137
2025-11-27T16:57:43.599042,37,83,425,609,207,92,65,52,-5014,7569,7546,-11361,-733,-2010,338,-278,-302,-126
2025-11-27T16:57:43.621419,40,78,460,581,149,78,63,51,-4977,7541,7599,-11360,-724,-1951,371,-285,-279,-58
2025-11-27T16:57:43.636632,43,74,412,594,118,57,58,48,-4930,7518,7653,-11360,-768,-1942,397,-348,-287,-27
2025-11-27T16:57:43.659063,42,72,386,518,106,47,45,43,-4865,7494,7720,-11359,-857,-2163,367,-410,-364,4
2025-11-27T16:57:43.681740,42,75,392,587,104,52,47,39,-4802,7469,7765,-11371,-721,-2013,419,-327,-343,103
2025-11-27T16:57:43.696547,43,72,350,641,101,53,42,34,-4728,7450,7813,-11382,-827,-2087,312,-323,-373,123
2025-11-27T16:57:43.718634,42,72,298,596,92,48,38,35,-4649,7413,7835,-11423,-850,-2076,450,-195,-471,196
2025-11-27T16:57:43.741292,42,74,286,561,89,50,39,38,-4574,7370,7854,-11468,-823,-2146,422,-130,-493,211
2025-11-27T16:57:43.758035,41,74,277,512,86,53,39,34,-4495,7321,7854,-11531,-862,-1987,462,-37,-535,239
2025-11-27T16:57:43.778849,40,71,312,521,72,48,37,34,-4431,7251,7836,-11611,-751,-1952,575,107,-565,249
2025-11-27T16:57:43.801766,39,79,376,473,61,47,39,33,-4363,7192,7830,-11677,-853,-1723,481,27,-550,146
2025-11-27T16:57:43.820863,38,75,399,501,58,42,36,32,-4285,7117,7862,-11731,-934,-1830,482,-141,-670,16
2025-11-27T16:57:43.839084,40,74,435,553,59,44,39,33,-4234,7026,7898,-11780,-761,-1852,477,-76,-645,-63
2025-11-27T16:57:43.861559,39,75,453,575,55,40,38,41,-4220,6932,7911,-11832,-729,-1872,481,129,-538,-151
2025-11-27T16:57:43.876631,94,113,462,526,76,56,48,47,-4226,6844,7915,-11878,-704,-1814,436,217,-439,-203
2025-11-27T16:57:43.899250,100,114,397,519,75,57,48,53,-4237,6769,7920,-11914,-721,-1762,421,178,-359,-233
2025-11-27T16:57:43.921571,103,137,382,536,83,64,53,58,-4240,6707,7944,-11932,-653,-1846,339,75,-330,-186
2025-11-27T16:57:43.936912,159,148,342,541,82,61,52,61,-4230,6656,7978,-11941,-678,-1793,297,-22,-322,-168
2025-11-27T16:57:43.959362,236,183,312,551,85,60,51,59,-4209,6611,8040,-11932,-544,-2065,253,-170,-318,-83
2025-11-27T16:57:43.989795,241,206,258,565,81,53,47,64,-4196,6574,8040,-11957,-590,-2025,364,124,-240,59
2025-11-27T16:57:44.004193,248,248,284,579,86,53,59,74,-4178,6557,8020,-11986,-571,-1929,371,167,-148,178
2025-11-27T16:57:44.019565,256,285,305,570,101,64,70,86,-4155,6560,7994,-12009,-585,-1875,488,78,-42,250
2025-11-27T16:57:44.041602,249,333,329,626,111,69,73,87,-4127,6581,7975,-12021,-651,-1851,505,-27,30,252
2025-11-27T16:57:44.067018,210,333,316,640,115,69,73,89,-4114,6599,7963,-12023,-614,-1979,496,-33,75,201
2025-11-27T16:57:44.077904,189,317,377,716,120,66,72,86,-4119,6612,7931,-12035,-624,-1977,494,131,111,172
2025-11-27T16:57:44.099994,211,325,386,704,121,70,64,77,-4126,6625,7895,-12050,-640,-1867,459,171,106,148
2025-11-27T16:57:44.121367,200,289,385,720,109,54,53,63,-4131,6638,7878,-12052,-641,-1854,432,64,96,91
2025-11-27T16:57:44.135912,169,226,378,642,98,50,48,56,-4130,6649,7876,-12047,-681,-1905,416,-12,60,65
2025-11-27T16:57:44.158465,128,198,378,612,90,49,47,51,-4130,6651,7872,-12049,-681,-1886,411,31,10,40
2025-11-27T16:57:44.181039,124,184,326,475,68,46,45,49,-4135,6641,7868,-12055,-674,-1816,404,60,-33,-15
2025-11-27T16:57:44.195985,50,88,292,431,54,37,39,46,-4141,6621,7874,-12060,-673,-1801,415,33,-84,-71
2025-11-27T16:57:44.218465,49,75,255,318,42,34,34,41,-4154,6596,7889,-12060,-605,-1829,421,3,-82,-109
2025-11-27T16:57:44.240932,46,65,212,270,40,31,34,42,-4168,6569,7905,-12059,-601,-1812,453,-14,-80,-129
2025-11-27T16:57:44.256007,44,65,175,197,37,27,30,50,-4191,6545,7924,-12052,-510,-1887,520,-51,-11,-111
2025-11-27T16:57:44.280167,38,69,139,174,34,24,32,51,-4225,6538,7921,-12046,-488,-1844,611,-10,138,-68
2025-11-27T16:57:44.301361,36,92,170,240,36,26,40,73,-4277,6554,7907,-12028,-486,-1880,658,-9,330,-65
2025-11-27T16:57:44.316760,45,103,159,310,36,31,55,113,-4348,6600,7887,-11991,-562,-2032,688,-38,554,-82
2025-11-27T16:57:44.339345,54,112,163,307,51,37,58,133,-4438,6663,7824,-11964,-615,-2113,748,165,721,-16
2025-11-27T16:57:44.362529,54,114,162,317,58,41,61,135,-4557,6743,7714,-11946,-603,-2099,768,415,924,33
2025-11-27T16:57:44.379099,53,119,165,319,66,43,59,136,-4693,6840,7569,-11931,-641,-2029,780,571,1082,79
2025-11-27T16:57:44.402352,51,102,111,270,76,41,55,133,-4827,6961,7409,-11908,-734,-2019,737,599,1196,127
2025-11-27T16:57:44.424916,73,96,135,202,83,37,41,130,-4945,7095,7242,-11883,-921,-1921,721,560,1205,142
2025-11-27T16:57:44.439008,185,101,129,220,81,31,40,130,-5059,7236,7079,-11848,-1065,-1853,655,527,1208,76
2025-11-27T16:57:44.461600,206,118,132,210,94,30,38,132,-5181,7368,6920,-11808,-1053,-1790,680,522,1206,7
2025-11-27T16:57:44.484138,207,114,142,226,91,30,38,136,-5315,7508,6765,-11749,-1018,-1737,629,495,1309,-48
2025-11-27T16:57:44.498979,208,123,184,229,89,32,37,131,-5434,7672,6630,-11665,-1158,-1714,474,339,1348,-96
2025-11-27T16:57:44.521448,199,124,169,216,93,36,37,103,-5550,7818,6518,-11577,-1268,-1770,427,291,1217,-225
2025-11-27T16:57:44.544113,107,114,181,191,101,41,31,83,-5670,7943,6415,-11491,-1216,-1833,389,333,1128,-265
2025-11-27T16:57:44.559118,61,113,176,196,153,102,62,82,-5811,8045,6294,-11416,-1093,-1685,409,497,1106,-299
2025-11-27T16:57:44.585951,55,111,177,182,213,156,78,74,-5949,8152,6205,-11318,-1109,-1627,352,329,1106,-427
2025-11-27T16:57:44.604104,53,110,146,195,213,161,80,71,-6069,8259,6174,-11193,-1118,-1666,190,65,990,-576
2025-11-27T16:57:44.619080,53,110,136,196,225,177,86,72,-6165,8347,6189,-11066,-1133,-1689,231,-173,798,-675
2025-11-27T16:57:44.641318,43,115,149,192,271,212,100,74,-6238,8425,6248,-10932,-1065,-1890,141,-344,628,-675
2025-11-27T16:57:44.664003,41,94,155,202,289,218,93,67,-6319,8476,6299,-10817,-977,-2014,116,-185,520,-646
2025-11-27T16:57:44.679112,39,95,141,188,252,188,82,59,-6423,8487,6339,-10722,-850,-2135,123,52,402,-671
2025-11-27T16:57:44.701762,38,89,126,164,326,219,92,59,-6542,8474,6358,-10649,-770,-2179,115,286,329,-629
2025-11-27T16:57:44.724129,44,80,119,148,331,225,93,65,-6662,8451,6353,-10596,-843,-2184,136,431,290,-601
2025-11-27T16:57:44.738928,42,96,78,145,293,199,81,55,-6783,8409,6326,-10569,-879,-2160,66,659,176,-550
2025-11-27T16:57:44.761640,42,96,73,117,250,173,73,51,-6889,8356,6296,-10561,-822,-1992,90,676,63,-483
2025-11-27T16:57:44.783433,44,95,72,128,263,177,76,55,-6995,8288,6279,-10554,-751,-2016,108,666,-19,-520
2025-11-27T16:57:44.803347,47,90,71,130,182,151,73,67,-7085,8207,6290,-10552,-623,-2047,89,589,-176,-501
2025-11-27T16:57:44.825789,46,101,66,148,175,149,70,73,-7154,8105,6305,-10574,-557,-2135,155,606,-358,-386
2025-11-27T16:57:44.843700,52,91,66,159,177,148,79,98,-7242,7973,6289,-10624,-482,-2119,216,887,-416,-338
2025-11-27T16:57:44.866486,51,92,61,187,190,143,76,100,-7343,7815,6257,-10691,-486,-2125,234,1103,-493,-375
2025-11-27T16:57:44.881144,50,88,57,176,174,132,71,100,-7455,7628,6200,-10781,-414,-1963,386,1275,-546,-350
2025-11-27T16:57:44.900946,50,91,58,174,166,114,61,95,-7564,7435,6139,-10875,-345,-1893,408,1311,-573,-319
2025-11-27T16:57:44.915965,47,74,65,197,197,76,55,93,-7653,7242,6087,-10971,-308,-1804,480,1207,-639,-267
2025-11-27T16:57:44.938424,39,60,87,202,203,64,39,70,-7733,7052,6052,-11058,-280,-1891,478,1137,-662,-278
2025-11-27T16:57:44.961055,43,87,88,184,199,67,40,75,-7804,6844,6010,-11161,-158,-1784,627,1155,-734,-185
2025-11-27T16:57:44.983446,42,106,94,236,210,86,45,82,-7891,6620,5937,-11274,12,-1674,678,1357,-675,-121
2025-11-27T16:57:44.998463,43,106,104,232,252,123,58,78,-7970,6405,5854,-11385,115,-1514,742,1310,-589,-38
2025-11-27T16:57:45.020955,41,106,102,202,214,129,59,68,-8023,6209,5769,-11500,116,-1263,798,1147,-568,86
2025-11-27T16:57:45.044090,42,105,84,225,242,129,60,64,-8067,6043,5682,-11600,208,-1211,996,945,-385,176
2025-11-27T16:57:45.059161,36,83,84,225,248,127,60,59,-8067,5956,5638,-11666,177,-1167,883,447,-227,303
2025-11-27T16:57:45.081773,35,57,82,182,329,222,80,45,-8036,5922,5616,-11716,108,-1174,954,93,-112,406
2025-11-27T16:57:45.103570,35,56,100,220,370,240,85,49,-7980,5931,5630,-11743,213,-1087,901,-255,-19,496
2025-11-27T16:57:45.119308,36,77,113,250,451,283,95,50,-7889,6007,5691,-11736,148,-1089,881,-776,111,547
2025-11-27T16:57:45.142038,36,103,169,308,453,289,98,51,-7770,6132,5797,-11699,93,-1307,930,-1177,189,587
2025-11-27T16:57:45.165553,43,109,201,326,458,300,104,44,-7618,6293,5927,-11648,-8,-1492,838,-1408,199,683
2025-11-27T16:57:45.181459,46,114,218,324,449,305,117,54,-7463,6456,6059,-11591,-80,-1594,818,-1426,194,667
2025-11-27T16:57:45.204101,46,152,216,318,400,284,122,66,-7306,6605,6180,-11544,-89,-1649,745,-1315,140,709
2025-11-27T16:57:45.226595,50,149,241,330,338,279,121,71,-7159,6732,6289,-11503,-90,-1706,753,-1194,93,685
2025-11-27T16:57:45.241353,58,136,217,335,343,305,127,71,-7008,6850,6373,-11480,-222,-1791,643,-993,36,734
2025-11-27T16:57:45.264041,60,154,243,433,397,300,124,71,-6858,6954,6438,-11472,-447,-1937,589,-816,-54,699
2025-11-27T16:57:45.286061,58,154,239,472,355,248,104,69,-6751,7025,6474,-11472,-376,-1787,463,-478,-33,570
2025-11-27T16:57:45.301636,61,139,274,582,492,252,91,57,-6668,7091,6521,-11453,-346,-1627,351,-477,8,397
2025-11-27T16:57:45.324006,63,143,293,598,510,231,93,68,-6565,7171,6589,-11424,-485,-1718,468,-723,-8,377
2025-11-27T16:57:45.346414,67,148,315,569,517,206,89,88,-6426,7275,6671,-11390,-629,-1789,306,-855,-51,477
2025-11-27T16:57:45.361661,63,131,314,613,529,217,91,90,-6306,7373,6765,-11338,-639,-1769,185,-845,-29,314
2025-11-27T16:57:45.384116,64,130,314,609,575,219,88,86,-6212,7466,6872,-11264,-623,-1743,121,-863,45,129
2025-11-27T16:57:45.406646,60,114,298,534,457,203,86,84,-6129,7546,6956,-11204,-786,-1956,298,-766,40,106
2025-11-27T16:57:45.421602,57,107,297,545,436,200,90,72,-6001,7630,7028,-11172,-1017,-2006,211,-744,-125,271
2025-11-27T16:57:45.444085,43,97,320,563,439,202,92,46,-5876,7676,7105,-11158,-1154,-1913,170,-641,-331,111
2025-11-27T16:57:45.466576,43,95,311,462,387,191,92,46,-5783,7679,7205,-11141,-1079,-1853,202,-596,-441,-150
2025-11-27T16:57:45.481515,55,104,320,491,309,167,88,53,-5694,7654,7301,-11141,-1071,-1848,385,-580,-533,-195
2025-11-27T16:57:45.504214,59,128,311,489,354,199,100,60,-5571,7632,7395,-11156,-1283,-1959,368,-611,-661,-105
2025-11-27T16:57:45.526633,59,129,311,518,336,196,95,61,-5450,7598,7501,-11169,-1260,-1882,308,-623,-722,-188
2025-11-27T16:57:45.541581,60,128,279,550,299,188,90,60,-5355,7535,7621,-11176,-1171,-1896,317,-578,-768,-362
2025-11-27T16:57:45.563653,65,125,401,582,280,182,91,63,-5273,7454,7752,-11180,-900,-1897,451,-644,-762,-362
2025-11-27T16:57:45.586659,60,115,394,546,311,200,94,58,-5167,7391,7877,-11184,-922,-2007,554,-763,-726,-210
2025-11-27T16:57:45.601685,55,80,443,604,283,174,83,52,-5059,7335,7971,-11202,-1110,-2135,530,-613,-705,-152
2025-11-27T16:57:45.624067,54,70,446,549,301,171,76,50,-4973,7262,8064,-11222,-1003,-2111,496,-504,-711,-233
2025-11-27T16:57:45.646466,54,71,498,518,294,164,71,50,-4907,7169,8134,-11261,-909,-2171,515,-287,-728,-221
2025-11-27T16:57:45.661638,45,66,436,563,282,167,73,43,-4851,7079,8182,-11307,-699,-1974,488,-162,-663,-112
2025-11-27T16:57:45.684560,41,74,475,582,259,140,67,40,-4796,7002,8236,-11339,-591,-1924,514,-252,-575,-73
2025-11-27T16:57:45.706783,45,75,459,645,241,133,66,39,-4756,6933,8285,-11362,-541,-2019,606,-281,-455,-78
2025-11-27T16:57:45.721593,45,70,436,664,199,105,58,42,-4724,6874,8336,-11374,-417,-2321,520,-249,-380,7
2025-11-27T16:57:45.744340,47,68,374,650,187,93,61,49,-4711,6829,8334,-11409,-601,-2316,499,60,-256,37
2025-11-27T16:57:45.764202,50,65,318,569,177,78,55,59,-4694,6783,8311,-11460,-584,-2013,484,171,-278,88
2025-11-27T16:57:45.781348,48,59,338,612,121,81,57,61,-4653,6746,8317,-11494,-561,-2047,512,-64,-312,129
2025-11-27T16:57:45.803898,47,55,308,482,79,78,58,62,-4587,6708,8360,-11511,-571,-2175,472,-287,-415,130
2025-11-27T16:57:45.826588,49,62,318,491,80,70,57,59,-4531,6642,8382,-11556,-732,-2161,434,-35,-547,14
2025-11-27T16:57:45.841610,97,89,333,510,85,65,52,56,-4506,6555,8374,-11621,-282,-2139,496,222,-500,158
2025-11-27T16:57:45.863547,112,95,332,524,74,61,46,56,-4505,6484,8318,-11701,-530,-2082,489,496,-352,99
2025-11-27T16:57:45.887056,121,125,359,622,90,55,52,63,-4495,6433,8257,-11776,-614,-1848,463,464,-288,122
2025-11-27T16:57:45.908586,132,126,368,653,101,56,57,80,-4457,6395,8241,-11822,-623,-1826,349,176,-350,118
2025-11-27T16:57:45.924004,150,138,483,763,103,57,59,91,-4422,6343,8240,-11864,-619,-1773,365,126,-410,26
2025-11-27T16:57:45.946133,126,130,491,780,103,55,59,92,-4397,6268,8260,-11899,-585,-1907,308,125,-497,-105
2025-11-27T16:57:45.968776,111,127,539,890,112,63,71,91,-4393,6164,8262,-11953,-623,-1855,289,357,-576,-235
2025-11-27T16:57:45.983923,102,98,509,827,119,75,68,86,-4405,6042,8260,-12012,-499,-1770,334,421,-597,-296
2025-11-27T16:57:46.006497,90,113,614,826,121,84,77,74,-4414,5933,8281,-12049,-551,-1639,294,254,-558,-380
2025-11-27T16:57:46.029093,54,97,538,713,122,90,84,63,-4415,5840,8331,-12059,-480,-1577,312,1,-490,-387
2025-11-27T16:57:46.044145,53,85,519,781,127,101,90,60,-4446,5738,8390,-12056,-305,-1914,395,0,-404,-446
2025-11-27T16:57:46.066042,70,91,476,682,120,102,89,71,-4518,5648,8394,-12069,-266,-2151,538,302,-166,-416
2025-11-27T16:57:46.088573,70,86,448,679,107,96,109,85,-4599,5586,8343,-12103,-275,-2056,623,515,25,-256
2025-11-27T16:57:46.104047,72,75,322,696,109,100,125,93,-4626,5569,8321,-12116,-389,-1925,635,144,40,-70
2025-11-27T16:57:46.126445,74,75,345,740,105,95,121,92,-4588,5579,8361,-12097,-382,-2197,671,-359,-68,140
2025-11-27T16:57:46.148740,71,77,356,662,99,95,133,94,-4539,5587,8382,-12098,-381,-2411,676,-219,-110,280
2025-11-27T16:57:46.163866,59,75,380,612,99,98,135,90,-4501,5581,8333,-12149,-391,-2145,701,215,-122,381
2025-11-27T16:57:46.186571,62,85,398,635,104,100,123,80,-4454,5569,8278,-12209,-478,-1914,659,258,-199,350
2025-11-27T16:57:46.209067,55,79,378,633,93,85,99,71,-4402,5541,8252,-12258,-397,-2036,649,152,-292,323
2025-11-27T16:57:46.224122,53,74,338,590,89,88,102,71,-4363,5502,8208,-12319,-394,-2029,601,333,-300,293
2025-11-27T16:57:46.246421,54,78,336,610,87,79,89,67,-4337,5468,8145,-12385,-457,-1851,584,447,-244,245
2025-11-27T16:57:46.268496,51,72,324,630,87,72,86,55,-4304,5444,8098,-12437,-504,-1730,556,308,-225,210
2025-11-27T16:57:46.284135,50,69,343,601,88,61,87,56,-4280,5421,8078,-12469,-414,-1746,571,157,-184,151
2025-11-27T16:57:46.307105,48,66,332,564,87,67,96,57,-4266,5405,8064,-12490,-486,-1796,532,135,-133,67
2025-11-27T16:57:46.328823,47,72,391,576,97,63,93,57,-4274,5381,8041,-12512,-430,-1826,558,231,-83,5
2025-11-27T16:57:46.344127,49,74,405,578,96,57,82,57,-4281,5360,8018,-12534,-483,-1801,534,233,-86,-15
2025-11-27T16:57:46.366632,102,92,392,584,102,53,75,53,-4288,5339,8002,-12550,-433,-1801,567,174,-78,-12
2025-11-27T16:57:46.389119,107,97,417,604,97,51,68,46,-4296,5327,7991,-12559,-440,-1770,623,94,-21,-22
2025-11-27T16:57:46.404187,107,99,437,697,109,55,55,38,-4303,5324,7992,-12558,-471,-1797,676,-22,12,-39
2025-11-27T16:57:46.426539,109,96,393,659,102,56,53,33,-4312,5320,7998,-12553,-485,-1878,660,-33,14,-67
2025-11-27T16:57:46.449048,109,92,383,632,99,55,53,34,-4328,5285,7985,-12571,-516,-2163,736,194,-113,-95
2025-11-27T16:57:46.464248,62,74,389,656,93,54,52,34,-4350,5229,7924,-12625,-534,-1997,729,522,-189,-65
2025-11-27T16:57:46.486853,52,61,369,660,91,60,58,53,-4359,5176,7877,-12672,-460,-1824,720,403,-215,-27
2025-11-27T16:57:46.509248,50,60,340,573,73,71,83,71,-4361,5143,7866,-12693,-335,-1818,785,105,-121,15
2025-11-27T16:57:46.524102,56,85,375,672,73,74,91,83,-4347,5154,7891,-12677,-296,-1956,669,-163,32,127
2025-11-27T16:57:46.546869,113,103,364,677,81,79,97,88,-4335,5178,7914,-12657,-230,-2122,642,-149,111,202
2025-11-27T16:57:46.569082,156,159,350,666,83,103,108,91,-4316,5218,7889,-12663,-296,-2052,565,129,168,361
2025-11-27T16:57:46.583708,170,176,300,605,76,108,108,83,-4279,5264,7849,-12682,-367,-1849,506,174,124,452
2025-11-27T16:57:46.606084,170,175,310,609,75,105,94,70,-4221,5299,7837,-12694,-392,-1744,468,13,-14,430
2025-11-27T16:57:46.629035,170,170,275,580,78,115,102,62,-4149,5318,7848,-12702,-510,-1724,452,-96,-166,350
2025-11-27T16:57:46.643694,148,170,293,618,89,122,117,64,-4097,5296,7863,-12719,-331,-1812,476,7,-284,260
2025-11-27T16:57:46.666597,106,121,344,637,96,111,121,66,-4063,5255,7854,-12753,-461,-1715,499,195,-327,117
2025-11-27T16:57:46.689743,81,96,342,645,96,101,118,64,-4036,5204,7850,-12785,-428,-1597,573,137,-347,49
2025-11-27T16:57:46.704109,81,94,317,621,94,92,112,60,-4023,5165,7877,-12788,-443,-1672,582,-64,-249,-78
2025-11-27T16:57:46.726631,74,83,332,639,90,77,101,55,-4029,5143,7911,-12774,-418,-1751,578,-109,-97,-133
2025-11-27T16:57:46.748760,50,61,327,588,89,77,79,46,-4049,5135,7912,-12770,-569,-1546,718,-39,14,-187
2025-11-27T16:57:46.763994,41,52,273,521,189,160,93,41,-4097,5126,7935,-12744,-395,-1782,830,-165,148,-268
2025-11-27T16:57:46.786755,38,45,250,478,211,183,110,53,-4171,5135,7947,-12709,-431,-1720,820,-122,313,-358
2025-11-27T16:57:46.809162,38,43,268,442,211,183,111,55,-4247,5150,7970,-12664,-408,-1693,866,-242,356,-379
2025-11-27T16:57:46.828340,42,39,214,295,212,184,110,64,-4330,5177,8019,-12593,-405,-1985,807,-359,426,-432
2025-11-27T16:57:46.846601,42,33,165,222,207,180,108,73,-4436,5205,8029,-12538,-376,-1969,767,-91,519,-433
2025-11-27T16:57:46.869126,42,44,150,186,119,109,100,127,-4550,5248,8020,-12485,-408,-1791,735,-30,621,-426
2025-11-27T16:57:46.892177,90,109,155,174,70,60,104,216,-4682,5291,8036,-12408,-286,-1915,834,-210,706,-523
2025-11-27T16:57:46.907187,131,149,114,191,66,60,110,238,-4822,5353,8081,-12298,-282,-2255,669,-308,799,-573
2025-11-27T16:57:46.929085,134,153,101,185,63,57,111,242,-4919,5434,8074,-12228,-327,-2262,640,-82,767,-203
2025-11-27T16:57:46.951919,136,158,129,211,60,51,116,247,-4974,5548,8048,-12171,-322,-2256,568,-74,789,122
2025-11-27T16:57:46.966599,135,159,132,220,52,48,103,225,-4979,5704,8018,-12117,-560,-2132,524,-225,789,337
2025-11-27T16:57:46.988954,132,196,143,238,49,46,79,145,-4980,5863,7967,-12075,-530,-1983,536,-153,821,443
2025-11-27T16:57:47.012290,116,174,133,231,48,43,73,115,-4991,6024,7902,-12033,-545,-1841,509,-91,878,417
2025-11-27T16:57:47.026599,118,178,164,213,42,38,79,114,-5029,6163,7821,-12000,-640,-1706,556,43,865,242
2025-11-27T16:57:47.048570,124,179,149,188,53,45,75,138,-5059,6284,7781,-11951,-649,-1710,467,-112,725,123
2025-11-27T16:57:47.072310,129,179,148,181,56,49,82,169,-5107,6368,7751,-11906,-656,-1834,483,-35,600,-49
2025-11-27T16:57:47.087011,107,197,143,164,58,50,81,174,-5196,6422,7687,-11880,-524,-1945,602,254,640,-103
2025-11-27T16:57:47.109149,81,202,190,301,58,52,84,175,-5286,6495,7600,-11856,-619,-1931,617,314,745,-50
2025-11-27T16:57:47.132261,74,199,173,305,60,55,127,219,-5351,6585,7510,-11834,-801,-1904,633,232,728,18
2025-11-27T16:57:47.146473,62,198,173,315,48,48,132,207,-5380,6694,7438,-11805,-802,-1983,605,51,696,178
2025-11-27T16:57:47.168947,55,202,183,317,41,43,129,193,-5418,6792,7339,-11793,-805,-1992,674,214,702,225
2025-11-27T16:57:47.192222,60,134,195,311,38,42,130,187,-5492,6876,7204,-11794,-733,-1975,755,466,793,195
2025-11-27T16:57:47.204191,58,129,218,219,36,37,126,182,-5582,6968,7038,-11798,-777,-1847,755,608,914,196
2025-11-27T16:57:47.226925,54,141,219,211,32,32,74,118,-5648,7077,6911,-11777,-944,-1664,602,360,858,91
2025-11-27T16:57:47.250891,51,174,237,196,36,36,58,112,-5711,7176,6831,-11733,-976,-1761,583,144,770,-68
2025-11-27T16:57:47.265775,49,171,239,196,60,35,47,93,-5777,7266,6766,-11683,-806,-1804,579,107,756,-54
2025-11-27T16:57:47.289520,34,156,224,204,105,34,41,88,-5863,7350,6681,-11636,-754,-1831,620,237,826,-57
2025-11-27T16:57:47.312316,32,150,163,151,146,39,36,84,-5963,7434,6592,-11583,-857,-1839,613,276,865,-158
2025-11-27T16:57:47.326537,33,136,151,164,166,43,29,76,-6058,7525,6516,-11518,-925,-1882,580,194,874,-203
2025-11-27T16:57:47.349464,27,86,116,184,186,40,25,47,-6150,7624,6437,-11449,-953,-1880,579,169,911,-186
2025-11-27T16:57:47.372430,27,91,114,230,225,104,62,41,-6245,7726,6344,-11379,-987,-1824,584,209,963,-180
2025-11-27T16:57:47.386574,29,80,121,305,286,138,75,38,-6342,7824,6265,-11302,-1025,-1914,503,201,920,-245
2025-11-27T16:57:47.409034,32,110,191,304,279,145,80,38,-6419,7912,6223,-11221,-1116,-1899,408,59,740,-343
2025-11-27T16:57:47.432230,31,111,194,307,284,147,81,43,-6512,7957,6194,-11152,-1031,-2002,434,167,571,-452
2025-11-27T16:57:47.446487,34,119,191,305,281,149,82,45,-6629,7967,6141,-11105,-918,-1977,384,472,482,-453
2025-11-27T16:57:47.469086,31,110,181,290,263,118,60,42,-6742,7969,6097,-11059,-936,-1969,278,506,397,-494
2025-11-27T16:57:47.492209,30,116,176,211,183,83,46,41,-6844,7961,6064,-11020,-1002,-1946,271,474,270,-533
2025-11-27T16:57:47.506571,29,112,97,192,173,84,46,37,-6955,7919,6042,-10994,-910,-2010,268,583,113,-587
2025-11-27T16:57:47.529099,32,111,90,192,175,117,51,33,-7075,7852,6020,-10977,-770,-1911,262,683,25,-612
2025-11-27T16:57:47.552107,30,102,94,175,205,166,64,30,-7187,7776,6016,-10960,-723,-1964,312,614,-58,-633
2025-11-27T16:57:47.566536,30,102,89,150,194,176,69,29,-7287,7691,6027,-10948,-648,-1929,326,546,-154,-614
2025-11-27T16:57:47.589327,29,94,87,162,201,175,67,26,-7389,7587,6035,-10948,-513,-1920,362,630,-230,-572
2025-11-27T16:57:47.609369,29,64,72,196,207,174,63,28,-7496,7472,6036,-10954,-400,-1854,343,724,-246,-546
2025-11-27T16:57:47.624502,30,92,74,195,224,168,69,30,-7595,7356,6038,-10964,-339,-1837,395,691,-268,-495
2025-11-27T16:57:47.647799,36,89,68,207,202,132,61,32,-7685,7238,6038,-10978,-283,-1857,450,680,-286,-435
2025-11-27T16:57:47.671588,36,87,67,233,204,118,57,30,-7781,7112,6026,-11001,-175,-1765,480,762,-271,-389
2025-11-27T16:57:47.686580,40,90,72,222,244,180,74,34,-7872,6993,6003,-11025,-109,-1670,553,733,-211,-316
2025-11-27T16:57:47.709082,42,89,76,199,287,226,101,40,-7948,6893,5980,-11045,-27,-1613,620,609,-144,-206
2025-11-27T16:57:47.731475,39,56,71,235,338,288,126,43,-8002,6824,5970,-11054,53,-1486,619,380,-65,-108
2025-11-27T16:57:47.746538,34,51,67,229,335,289,128,43,-8035,6781,5976,-11054,115,-1403,671,140,-13,-13
2025-11-27T16:57:47.769110,34,49,68,209,345,293,127,43,-8033,6774,6002,-11046,110,-1450,686,-128,16,122
2025-11-27T16:57:47.791608,30,50,79,241,340,263,120,42,-7998,6794,6043,-11036,10,-1505,481,-237,-33,218
2025-11-27T16:57:47.814855,32,51,97,254,318,251,112,42,-7972,6801,6065,-11039,-11,-1554,610,-128,-30,234
2025-11-27T16:57:47.829082,32,54,157,309,254,173,76,36,-7954,6826,6072,-11033,45,-1417,695,-205,137,264
2025-11-27T16:57:47.851669,38,72,223,329,265,172,74,36,-7895,6926,6112,-10990,-103,-1343,677,-712,303,319
2025-11-27T16:57:47.874903,38,76,229,380,277,187,76,38,-7791,7077,6202,-10918,-183,-1458,646,-1200,321,380
2025-11-27T16:57:47.889078,38,80,233,365,264,215,93,40,-7657,7239,6327,-10834,-159,-1638,650,-1450,247,435
2025-11-27T16:57:47.911202,34,110,244,368,248,182,77,34,-7502,7395,6460,-10759,-190,-1858,546,-1438,118,525
2025-11-27T16:57:47.934859,35,112,245,366,236,181,81,36,-7344,7526,6575,-10707,-235,-2026,457,-1220,-3,594
2025-11-27T16:57:47.949046,28,118,234,372,250,202,92,37,-7202,7618,6652,-10690,-284,-2110,451,-873,-105,627
2025-11-27T16:57:47.971413,33,133,239,345,228,192,93,40,-7070,7686,6696,-10702,-343,-2081,398,-591,-173,673
2025-11-27T16:57:48.002441,34,138,270,377,231,180,86,42,-6939,7730,6711,-10747,-442,-2012,405,-371,-287,721
2025-11-27T16:57:48.009174,34,118,258,413,235,189,85,42,-6804,7767,6722,-10800,-489,-1892,303,-295,-347,721
2025-11-27T16:57:48.031520,34,124,242,400,246,195,81,41,-6670,7803,6733,-10850,-546,-1871,340,-327,-347,688
2025-11-27T16:57:48.054835,48,133,205,378,215,168,67,43,-6515,7848,6750,-10901,-704,-1923,304,-407,-385,715
2025-11-27T16:57:48.069126,50,124,218,373,228,187,70,46,-6356,7895,6774,-10947,-801,-1926,251,-435,-411,679
2025-11-27T16:57:48.091678,53,132,195,373,212,180,71,47,-6216,7925,6800,-10989,-773,-1888,241,-370,-420,567
2025-11-27T16:57:48.114448,54,156,207,346,212,172,81,57,-6085,7938,6830,-11034,-737,-1878,299,-352,-458,513
2025-11-27T16:57:48.129122,60,158,237,356,187,157,80,59,-5948,7947,6840,-11096,-868,-1893,384,-290,-487,568
2025-11-27T16:57:48.151680,50,141,357,439,188,158,78,56,-5797,7965,6854,-11154,-1081,-1902,236,-294,-527,536
2025-11-27T16:57:48.174360,48,154,358,473,209,149,79,51,-5666,7951,6882,-11214,-1098,-1854,257,-247,-632,339
2025-11-27T16:57:48.189080,45,143,389,488,211,130,68,51,-5571,7903,6903,-11282,-993,-1788,323,-67,-664,205
2025-11-27T16:57:48.211635,43,113,390,497,203,135,59,44,-5474,7844,6923,-11358,-1037,-1702,429,-88,-718,159
2025-11-27T16:57:48.234803,37,104,414,540,228,155,70,46,-5358,7781,6962,-11433,-1151,-1713,466,-225,-811,129
2025-11-27T16:57:48.249076,42,104,446,613,240,158,77,48,-5244,7714,7032,-11488,-1130,-1683,407,-348,-837,-5
2025-11-27T16:57:48.271606,41,77,453,611,236,156,79,49,-5147,7632,7131,-11526,-1046,-1729,358,-404,-870,-163
2025-11-27T16:57:48.295017,47,124,570,655,281,184,84,49,-5074,7518,7212,-11583,-988,-1741,503,-239,-914,-234
2025-11-27T16:57:48.309080,49,129,588,688,288,178,81,47,-4996,7399,7303,-11636,-969,-1700,442,-261,-975,-272
2025-11-27T16:57:48.332264,50,136,623,681,294,161,76,46,-4903,7269,7416,-11686,-1074,-1699,525,-419,-1078,-354
2025-11-27T16:57:48.355190,47,137,558,592,347,217,113,53,-4825,7128,7549,-11721,-834,-1820,620,-510,-1042,-387
2025-11-27T16:57:48.369097,51,139,551,579,400,224,124,58,-4778,7000,7671,-11737,-661,-2019,581,-429,-836,-369
2025-11-27T16:57:48.391569,49,106,473,603,379,206,123,62,-4738,6900,7746,-11764,-720,-1888,580,-250,-666,-264
2025-11-27T16:57:48.414810,48,99,462,624,471,237,131,64,-4690,6807,7824,-11785,-816,-2020,578,-295,-662,-256
2025-11-27T16:57:48.428813,45,84,369,594,486,245,132,66,-4648,6714,7912,-11797,-635,-1996,566,-346,-627,-244
2025-11-27T16:57:48.451592,47,98,348,573,448,195,111,68,-4633,6626,7964,-11817,-453,-2005,720,-199,-451,-157
2025-11-27T16:57:48.475163,45,94,340,566,401,199,102,64,-4620,6571,8001,-11828,-516,-1923,684,-198,-284,-109
2025-11-27T16:57:48.489081,47,100,278,551,402,202,103,62,-4605,6525,8043,-11831,-636,-2092,715,-260,-252,-133
2025-11-27T16:57:48.511585,52,108,291,516,301,173,97,63,-4593,6477,8090,-11830,-586,-2060,666,-263,-256,-162
2025-11-27T16:57:48.534653,57,118,362,577,263,173,112,73,-4580,6419,8133,-11837,-622,-2117,507,-117,-343,-173
2025-11-27T16:57:48.549047,56,103,393,674,255,169,105,68,-4577,6354,8175,-11844,-413,-2021,472,-79,-321,-150
2025-11-27T16:57:48.571543,55,104,434,729,219,127,100,70,-4568,6299,8216,-11848,-511,-1995,441,-95,-308,-162
2025-11-27T16:57:48.594749,55,106,501,798,189,112,97,66,-4557,6242,8255,-11856,-511,-1989,457,-85,-331,-152
2025-11-27T16:57:48.608964,54,106,536,836,148,97,98,70,-4554,6170,8285,-11874,-497,-1907,451,15,-374,-210
2025-11-27T16:57:48.631468,49,101,517,808,111,71,79,57,-4550,6084,8322,-11894,-639,-2073,396,64,-480,-313
2025-11-27T16:57:48.654785,54,105,506,736,107,72,74,56,-4557,5980,8338,-11932,-493,-2005,465,210,-501,-278
2025-11-27T16:57:48.669108,52,102,474,708,122,92,78,52,-4541,5896,8346,-11975,-582,-1991,466,192,-498,-160
2025-11-27T16:57:48.690947,57,97,462,624,132,101,81,59,-4511,5846,8363,-11999,-485,-1841,527,-35,-354,-28
2025-11-27T16:57:48.714088,55,97,474,589,133,99,75,52,-4459,5831,8409,-11994,-591,-1775,446,-303,-285,2
2025-11-27T16:57:48.737301,55,92,446,546,131,97,71,50,-4418,5809,8471,-11976,-490,-2009,493,-371,-255,-34
2025-11-27T16:57:48.751575,50,85,432,545,126,91,67,49,-4403,5779,8486,-11985,-540,-2108,489,-24,-210,-52
2025-11-27T16:57:48.774857,51,92,440,506,104,69,55,48,-4415,5737,8456,-12022,-338,-2074,573,266,-130,40
2025-11-27T16:57:48.797348,39,75,337,415,79,49,40,33,-4416,5731,8410,-12056,-446,-1901,579,236,-2,136
2025-11-27T16:57:48.811650,37,66,224,477,77,44,38,33,-4387,5756,8400,-12062,-469,-1874,542,-79,37,226
2025-11-27T16:57:48.834834,35,64,232,484,71,42,39,34,-4356,5789,8410,-12050,-371,-1922,592,-261,89,252
2025-11-27T16:57:48.857227,37,65,230,466,62,40,38,36,-4327,5839,8428,-12025,-442,-1912,513,-314,164,225
2025-11-27T16:57:48.871567,36,83,233,453,63,39,38,42,-4318,5878,8453,-11992,-378,-1956,421,-268,177,127
2025-11-27T16:57:48.895363,39,86,265,544,64,37,39,45,-4331,5897,8463,-11970,-317,-2125,425,-82,167,81
2025-11-27T16:57:48.917596,38,84,254,422,61,35,36,47,-4356,5914,8434,-11973,-372,-1986,419,158,194,95
2025-11-27T16:57:48.931173,40,84,244,399,65,32,32,46,-4371,5933,8420,-11967,-329,-2027,398,69,173,125
2025-11-27T16:57:48.954415,37,80,260,406,65,34,33,46,-4367,5970,8406,-11961,-368,-1977,465,-37,194,235
2025-11-27T16:57:48.977331,35,54,235,438,64,35,32,42,-4359,6020,8390,-11950,-382,-1957,459,-78,253,273
2025-11-27T16:57:48.991658,32,45,192,296,61,36,32,41,-4362,6078,8377,-11929,-409,-1962,481,-118,331,227
2025-11-27T16:57:49.014825,30,42,194,275,55,34,30,36,-4380,6137,8363,-11902,-418,-1943,441,-86,392,158
2025-11-27T16:57:49.036948,29,43,188,282,48,35,32,42,-4408,6198,8343,-11874,-479,-1886,440,-57,426,99
2025-11-27T16:57:49.059970,28,41,147,263,83,53,35,38,-4444,6266,8326,-11836,-481,-1833,401,-83,496,59
2025-11-27T16:57:49.074837,31,44,138,206,379,311,147,56,-4492,6330,8326,-11784,-460,-1694,375,-162,516,-76
2025-11-27T16:57:49.097185,32,44,125,206,415,344,170,67,-4543,6380,8375,-11703,-496,-1955,464,-454,469,-258
2025-11-27T16:57:49.111550,40,49,108,197,419,346,170,86,-4620,6436,8435,-11598,-443,-1905,237,-412,575,-396
2025-11-27T16:57:49.134795,50,58,90,164,422,350,171,105,-4700,6479,8445,-11535,-438,-2215,409,-136,544,-224
2025-11-27T16:57:49.158246,55,68,90,198,427,352,172,111,-4775,6524,8408,-11506,-578,-2103,281,186,510,-133
2025-11-27T16:57:49.169286,55,67,97,245,233,181,99,108,-4815,6576,8383,-11477,-665,-2029,279,47,405,-57
2025-11-27T16:57:49.192698,54,67,116,238,160,107,54,107,-4843,6619,8352,-11463,-713,-1987,357,52,323,-27
2025-11-27T16:57:49.215882,52,77,133,239,168,102,55,103,-4873,6656,8321,-11452,-702,-1942,395,54,303,-42
2025-11-27T16:57:49.231537,46,71,152,279,162,92,54,114,-4920,6682,8284,-11444,-599,-1989,456,116,333,-61
2025-11-27T16:57:49.254964,41,69,161,293,148,71,46,111,-4990,6713,8226,-11437,-620,-2143,438,271,442,-75
2025-11-27T16:57:49.277022,39,72,166,247,122,49,37,108,-5064,6745,8138,-11449,-723,-2138,484,434,457,-42
2025-11-27T16:57:49.291636,42,86,156,240,125,43,38,125,-5139,6785,8030,-11468,-692,-2113,455,549,511,56
2025-11-27T16:57:49.314753,40,82,142,241,116,39,35,124,-5212,6835,7902,-11494,-716,-1998,438,634,554,130
2025-11-27T16:57:49.337299,36,81,154,199,120,37,32,97,-5281,6896,7777,-11511,-671,-1912,484,541,613,172
2025-11-27T16:57:49.351581,34,74,150,214,182,34,30,100,-5354,6973,7656,-11512,-655,-1934,523,455,722,180
2025-11-27T16:57:49.374801,31,74,148,216,189,32,30,101,-5417,7057,7551,-11501,-705,-1966,461,360,711,166
2025-11-27T16:57:49.397275,28,54,149,213,190,31,25,72,-5483,7135,7438,-11495,-804,-2022,471,437,686,133
2025-11-27T16:57:49.411543,24,45,146,215,184,31,27,66,-5564,7198,7294,-11509,-852,-1916,528,637,677,118
2025-11-27T16:57:49.434832,24,46,108,224,185,30,26,73,-5656,7258,7146,-11520,-871,-1914,527,694,708,70
2025-11-27T16:57:49.456741,24,54,99,176,138,44,31,67,-5752,7336,6994,-11516,-823,-1838,605,606,851,100
2025-11-27T16:57:49.471506,28,46,75,192,210,183,75,66,-5826,7439,6856,-11496,-1025,-1858,558,437,871,94
2025-11-27T16:57:49.494956,29,65,71,197,265,236,93,66,-5880,7564,6750,-11449,-1054,-1756,528,157,914,70
2025-11-27T16:57:49.517385,31,91,71,204,284,249,101,67,-5922,7695,6698,-11371,-1062,-1690,429,-139,869,-85
2025-11-27T16:57:49.531481,31,91,62,189,287,252,102,52,-5955,7827,6683,-11271,-969,-1840,345,-313,833,-110
2025-11-27T16:57:49.554856,31,87,53,201,295,254,103,50,-5997,7952,6668,-11170,-885,-1967,332,-267,850,-90
2025-11-27T16:57:49.577315,30,88,53,197,250,189,81,46,-6061,8058,6631,-11081,-935,-2024,314,-57,831,-146
2025-11-27T16:57:49.591203,30,79,52,202,259,168,73,43,-6140,8151,6588,-10995,-875,-1935,265,57,819,-201
2025-11-27T16:57:49.614732,29,54,52,220,262,193,78,34,-6243,8234,6542,-10903,-822,-1901,193,160,855,-297
2025-11-27T16:57:49.637353,31,53,54,269,280,194,80,36,-6354,8293,6506,-10815,-893,-1854,79,261,722,-450
2025-11-27T16:57:49.651478,30,50,57,255,278,194,77,35,-6491,8305,6487,-10736,-840,-1981,57,414,546,-644
2025-11-27T16:57:49.674848,29,48,55,253,289,196,77,35,-6640,8272,6480,-10674,-709,-1885,108,510,351,-751
2025-11-27T16:57:49.697744,29,47,60,286,295,191,73,37,-6788,8222,6493,-10611,-633,-1985,73,506,239,-801
2025-11-27T16:57:49.727340,29,40,58,297,299,161,63,38,-6919,8157,6513,-10564,-466,-1893,109,478,110,-703
2025-11-27T16:57:49.733988,30,46,54,270,305,183,70,41,-7032,8078,6553,-10526,-302,-1886,135,404,-34,-643
2025-11-27T16:57:49.757998,31,56,52,291,354,213,86,42,-7124,7991,6600,-10501,-191,-1909,175,355,-146,-523
2025-11-27T16:57:49.779331,31,55,56,315,363,215,88,40,-7195,7906,6634,-10495,-139,-1951,295,337,-185,-343
2025-11-27T16:57:49.793973,33,53,55,302,340,216,94,41,-7255,7823,6655,-10504,-96,-1910,250,404,-217,-227
2025-11-27T16:57:49.817263,32,52,54,295,355,226,99,40,-7304,7742,6659,-10527,-51,-1963,338,431,-211,-72
2025-11-27T16:57:49.839742,29,46,53,288,340,212,92,36,-7335,7670,6641,-10569,18,-1834,383,461,-203,127
2025-11-27T16:57:49.854343,28,33,50,264,283,183,77,34,-7350,7619,6610,-10615,7,-1797,356,438,-149,266
2025-11-27T16:57:49.877236,30,40,57,237,281,191,80,38,-7337,7588,6580,-10664,-73,-1648,323,319,-163,360
2025-11-27T16:57:49.899285,35,53,89,286,258,171,71,37,-7315,7565,6556,-10710,-132,-1671,335,250,-162,366
2025-11-27T16:57:49.914018,42,78,138,312,220,162,69,42,-7283,7562,6536,-10746,-141,-1602,429,83,-89,398
2025-11-27T16:57:49.937349,46,92,180,390,229,164,73,43,-7232,7590,6535,-10762,-185,-1527,488,-203,-5,411
2025-11-27T16:57:49.959976,45,92,189,406,216,157,72,43,-7150,7652,6577,-10748,-262,-1673,438,-553,3,401
2025-11-27T16:57:49.972992,44,90,200,447,233,177,78,41,-7068,7708,6627,-10731,-246,-1742,477,-599,-16,384
2025-11-27T16:57:50.004292,41,84,215,471,262,177,77,41,-6978,7764,6673,-10721,-286,-1851,469,-585,-45,444
2025-11-27T16:57:50.019805,32,62,191,467,252,159,69,33,-6893,7815,6697,-10724,-358,-1872,403,-420,-52,472
2025-11-27T16:57:50.033133,29,59,220,445,269,161,67,34,-6832,7848,6706,-10733,-363,-1807,385,-248,-46,392
2025-11-27T16:57:50.054921,31,76,225,462,283,169,67,35,-6783,7880,6721,-10731,-334,-1775,331,-239,-11,321
2025-11-27T16:57:50.077463,33,80,229,468,283,150,56,35,-6735,7918,6737,-10724,-316,-1734,315,-267,31,320
2025-11-27T16:57:50.092108,29,80,212,422,250,135,49,32,-6681,7966,6747,-10716,-385,-1771,355,-315,66,356
2025-11-27T16:57:50.116291,30,82,272,599,255,137,47,31,-6618,8028,6765,-10697,-453,-1795,260,-379,92,354
2025-11-27T16:57:50.139811,30,118,255,588,228,122,45,29,-6564,8105,6795,-10654,-461,-1817,116,-423,184,267
2025-11-27T16:57:50.153778,32,126,263,580,214,113,48,30,-6526,8178,6834,-10596,-393,-1814,78,-432,233,177
2025-11-27T16:57:50.177134,30,132,284,560,174,93,54,32,-6505,8246,6857,-10541,-424,-1834,142,-354,292,146
2025-11-27T16:57:50.199776,33,136,321,557,183,99,57,32,-6468,8325,6862,-10499,-676,-1862,184,-357,286,192
2025-11-27T16:57:50.222158,34,148,283,361,187,100,59,33,-6420,8403,6877,-10456,-824,-1818,126,-407,222,117
2025-11-27T16:57:50.237335,39,137,321,346,204,106,62,34,-6412,8457,6912,-10393,-782,-1772,90,-357,245,-170
2025-11-27T16:57:50.259737,37,125,318,376,236,121,65,35,-6435,8492,6970,-10311,-732,-1831,98,-359,266,-407
2025-11-27T16:57:50.274038,38,122,341,359,244,142,66,33,-6465,8515,7028,-10235,-882,-1877,211,-364,235,-526
2025-11-27T16:57:50.298120,36,126,318,401,243,143,71,32,-6487,8532,7087,-10165,-1063,-1899,234,-384,178,-601
2025-11-27T16:57:50.319758,37,117,332,406,270,159,80,37,-6516,8545,7179,-10070,-1007,-1945,177,-512,174,-762
2025-11-27T16:57:50.333668,31,92,292,411,280,172,82,40,-6555,8551,7287,-9962,-935,-2141,112,-523,177,-841
2025-11-27T16:57:50.357680,33,87,290,417,279,177,87,40,-6610,8539,7361,-9882,-995,-2161,182,-298,162,-824
2025-11-27T16:57:50.379730,34,82,267,416,280,177,87,42,-6654,8519,7413,-9830,-1132,-2102,191,-176,68,-775
2025-11-27T16:57:50.393764,36,84,303,400,343,185,87,45,-6672,8503,7475,-9784,-1059,-2065,201,-297,-15,-664
2025-11-27T16:57:50.424727,34,78,286,443,411,181,82,41,-6668,8501,7560,-9725,-915,-2119,183,-497,-32,-583
2025-11-27T16:57:50.439689,32,75,287,532,404,166,80,38,-6658,8491,7640,-9676,-919,-2213,152,-448,-95,-547
2025-11-27T16:57:50.454076,33,86,297,508,391,151,74,41,-6676,8450,7690,-9660,-859,-2300,182,-122,-145,-523
2025-11-27T16:57:50.476928,32,91,277,514,394,124,69,41,-6709,8397,7704,-9673,-833,-2149,231,118,-141,-447
2025-11-27T16:57:50.500146,30,77,238,540,335,103,63,38,-6731,8352,7715,-9687,-848,-2105,176,111,-157,-396
2025-11-27T16:57:50.513979,33,76,264,555,259,97,69,41,-6734,8315,7740,-9697,-768,-2038,177,-11,-195,-332
2025-11-27T16:57:50.537280,33,75,262,524,244,95,66,39,-6717,8278,7794,-9698,-660,-2168,78,-138,-303,-298
2025-11-27T16:57:50.560708,30,65,283,526,247,92,62,36,-6712,8224,7832,-9717,-507,-2151,115,15,-329,-227
2025-11-27T16:57:50.574016,29,53,279,610,228,86,61,33,-6710,8174,7853,-9743,-469,-2057,100,106,-291,-150
2025-11-27T16:57:50.597182,28,51,269,595,244,81,59,34,-6700,8134,7866,-9773,-511,-2040,82,104,-277,-91
2025-11-27T16:57:50.619751,28,54,295,567,190,64,51,32,-6683,8104,7877,-9801,-526,-2036,142,37,-253,-53
2025-11-27T16:57:50.642296,28,52,292,626,217,63,53,33,-6655,8080,7898,-9823,-477,-2149,138,-50,-259,5
2025-11-27T16:57:50.657275,30,49,310,707,221,60,54,35,-6624,8056,7903,-9859,-525,-2201,152,28,-272,63
2025-11-27T16:57:50.679572,33,49,307,643,257,53,53,37,-6599,8030,7893,-9905,-438,-2057,166,122,-256,143
2025-11-27T16:57:50.701141,37,62,326,663,256,55,55,39,-6564,8012,7891,-9944,-435,-2070,145,43,-253,164
2025-11-27T16:57:50.716086,42,58,280,663,259,50,53,37,-6519,7994,7903,-9979,-454,-2091,92,-13,-312,148
2025-11-27T16:57:50.739794,44,63,290,628,234,63,51,37,-6487,7960,7915,-10018,-376,-2021,110,64,-334,105
2025-11-27T16:57:50.762326,43,63,250,526,225,70,49,34,-6462,7928,7939,-10040,-283,-2083,126,-19,-288,73
2025-11-27T16:57:50.776264,43,71,276,565,209,82,49,36,-6456,7897,7944,-10065,-319,-2034,232,51,-186,43
2025-11-27T16:57:50.800063,42,69,253,540,188,79,44,34,-6452,7871,7945,-10086,-322,-1973,163,85,-149,40
2025-11-27T16:57:50.822172,38,72,271,561,181,78,42,35,-6432,7864,7960,-10093,-355,-1970,160,-81,-128,61
2025-11-27T16:57:50.837180,38,74,260,535,208,70,41,34,-6416,7861,7970,-10097,-402,-2001,206,-102,-77,46
2025-11-27T16:57:50.859352,40,75,269,578,194,64,39,32,-6412,7855,7987,-10092,-323,-2110,182,-94,-48,9
2025-11-27T16:57:50.882648,37,68,259,594,181,46,36,27,-6413,7853,7988,-10091,-315,-1937,146,-16,-12,-7
2025-11-27T16:57:50.897244,34,60,278,582,179,42,36,27,-6417,7851,8008,-10074,-279,-2009,160,-117,13,-36
2025-11-27T16:57:50.919680,28,55,285,553,190,47,34,26,-6422,7852,8030,-10053,-326,-2067,151,-132,29,-60
2025-11-27T16:57:50.942292,27,50,287,503,157,42,32,28,-6429,7852,8045,-10036,-333,-2008,148,-101,39,-59
2025-11-27T16:57:50.958225,23,46,264,469,162,42,30,31,-6436,7849,8068,-10016,-313,-2018,121,-111,17,-84
2025-11-27T16:57:50.987290,27,51,258,396,131,44,32,32,-6451,7840,8088,-9996,-304,-2077,103,-55,20,-116
2025-11-27T16:57:51.002308,28,55,264,377,144,44,31,31,-6471,7825,8093,-9991,-328,-2109,103,61,9,-89
2025-11-27T16:57:51.016526,28,54,242,416,135,39,31,31,-6494,7810,8084,-9995,-360,-2016,133,132,21,-70
2025-11-27T16:57:51.039798,29,50,224,417,148,48,33,30,-6504,7807,8085,-9991,-399,-1974,115,15,26,-63
2025-11-27T16:57:51.062335,30,52,234,426,202,73,43,32,-6496,7815,8104,-9974,-379,-2040,99,-141,7,-31
2025-11-27T16:57:51.076544,33,47,227,439,244,129,71,41,-6477,7825,8135,-9954,-339,-2132,78,-214,-37,4
2025-11-27T16:57:51.107303,32,41,200,470,269,148,76,42,-6447,7834,8172,-9936,-269,-2028,11,-232,-92,51
2025-11-27T16:57:51.125827,32,39,182,421,282,155,83,42,-6413,7831,8204,-9934,-248,-2066,25,-167,-172,95
2025-11-27T16:57:51.135162,31,37,170,400,314,225,99,44,-6385,7818,8226,-9944,-236,-2099,-10,-41,-205,111
2025-11-27T16:57:51.156720,30,33,148,353,299,227,98,41,-6360,7795,8230,-9975,-296,-2157,26,93,-244,141
2025-11-27T16:57:51.180025,25,29,120,298,319,210,89,34,-6334,7766,8212,-10028,-311,-2113,64,224,-279,225
2025-11-27T16:57:51.194874,25,29,82,217,320,213,92,37,-6289,7745,8194,-10088,-337,-2024,116,153,-315,315
2025-11-27T16:57:51.218904,25,27,63,153,313,210,87,36,-6223,7743,8189,-10134,-335,-1959,129,-37,-297,377
2025-11-27T16:57:51.242232,27,25,63,143,277,155,83,35,-6151,7753,8195,-10166,-396,-1938,130,-162,-262,340
2025-11-27T16:57:51.255876,26,25,46,130,273,155,85,38,-6090,7755,8198,-10198,-435,-2049,181,-126,-246,283
2025-11-27T16:57:51.279702,26,27,50,110,230,167,87,38,-6051,7741,8199,-10231,-438,-1945,117,6,-245,170
2025-11-27T16:57:51.302718,25,26,47,109,255,178,85,37,-6018,7703,8214,-10267,-422,-1910,162,11,-347,49
2025-11-27T16:57:51.316967,26,28,48,79,291,240,117,47,-5970,7652,8270,-10289,-424,-1819,50,-130,-492,-84
2025-11-27T16:57:51.339733,22,29,45,74,310,245,112,45,-5889,7579,8374,-10305,-461,-1814,-4,-334,-754,-196
2025-11-27T16:57:51.362533,20,28,42,83,306,247,110,41,-5783,7487,8539,-10296,-416,-1678,-122,-593,-957,-369
2025-11-27T16:57:51.376593,19,24,35,80,289,233,103,38,-5672,7365,8742,-10276,-331,-1807,-103,-730,-1123,-507
2025-11-27T16:57:51.399501,20,24,35,72,235,211,97,36,-5592,7201,8949,-10258,-268,-1835,-65,-613,-1179,-731
2025-11-27T16:57:51.422295,18,21,28,68,182,141,57,23,-5552,7016,9140,-10239,-213,-1857,40,-488,-1089,-885
2025-11-27T16:57:51.436568,19,20,28,91,140,104,45,24,-5557,6839,9306,-10206,-219,-1816,95,-383,-832,-1016
2025-11-27T16:57:51.459833,19,19,29,116,123,87,42,26,-5601,6678,9455,-10152,-245,-1877,145,-359,-569,-1137
2025-11-27T16:57:51.482317,20,21,30,144,152,95,52,30,-5697,6531,9589,-10069,-189,-1840,100,-293,-258,-1290
2025-11-27T16:57:51.496498,19,21,41,172,170,98,52,30,-5818,6403,9722,-9953,-93,-1841,126,-396,-41,-1359
2025-11-27T16:57:51.519767,22,24,83,345,176,87,49,30,-5958,6303,9841,-9817,-38,-1683,261,-510,193,-1335
2025-11-27T16:57:51.542317,24,31,95,472,186,88,50,30,-6122,6239,9958,-9637,-30,-1790,76,-587,486,-1409
2025-11-27T16:57:51.557766,23,33,111,489,185,77,45,29,-6287,6212,10092,-9407,-25,-1933,17,-874,681,-1452
2025-11-27T16:57:51.579675,24,34,122,582,192,63,34,26,-6506,6192,10194,-9156,104,-2187,43,-782,1002,-1554
2025-11-27T16:57:51.602337,24,35,124,589,184,59,37,25,-6730,6196,10249,-8927,150,-2522,-37,-581,1152,-1371
2025-11-27T16:57:51.624871,26,35,135,547,214,59,37,28,-6975,6201,10216,-8773,135,-2529,44,-46,1265,-1113
2025-11-27T16:57:51.639806,24,35,196,527,224,53,35,28,-7222,6220,10153,-8632,99,-2156,-28,120,1369,-999
2025-11-27T16:57:51.662236,29,41,207,559,265,59,39,34,-7456,6261,10110,-8452,57,-2071,-48,-140,1425,-1058
2025-11-27T16:57:51.684825,29,41,207,537,290,55,37,34,-7680,6293,10089,-8250,154,-2239,-76,-270,1351,-1158
2025-11-27T16:57:51.698782,33,46,210,567,300,53,39,39,-7900,6300,10054,-8078,263,-2367,-52,-76,1238,-1102
2025-11-27T16:57:51.722228,54,54,197,563,282,50,39,41,-8093,6307,10012,-7933,325,-2464,-178,49,1121,-952
2025-11-27T16:57:51.744579,87,53,145,576,333,56,39,40,-8270,6312,9956,-7815,386,-2380,-127,134,1037,-789
2025-11-27T16:57:51.758556,89,60,121,563,310,48,37,34,-8422,6325,9909,-7701,395,-2349,-223,104,953,-706
2025-11-27T16:57:51.782285,95,138,119,531,281,48,34,36,-8545,6338,9876,-7598,522,-2162,-144,15,780,-549
2025-11-27T16:57:51.804197,129,195,118,545,287,46,29,39,-8636,6379,9860,-7480,598,-2134,-197,-213,737,-420
2025-11-27T16:57:51.818668,162,198,124,549,298,55,26,40,-8714,6437,9842,-7362,591,-2147,-185,-288,743,-340
2025-11-27T16:57:51.842287,152,204,117,470,241,50,27,42,-8777,6496,9829,-7252,559,-2173,-225,-295,660,-315
2025-11-27T16:57:51.864753,151,214,115,497,256,52,28,46,-8827,6541,9819,-7163,589,-2155,-203,-239,531,-261
2025-11-27T16:57:51.878976,151,176,119,476,244,51,31,46,-8873,6576,9810,-7088,655,-2063,-195,-175,449,-200
2025-11-27T16:57:51.902830,143,129,111,406,226,50,31,47,-8909,6613,9800,-7020,668,-2049,-168,-195,403,-140
2025-11-27T16:57:51.924776,103,125,94,389,219,43,32,45,-8948,6646,9789,-6955,718,-1995,-165,-162,402,-123
2025-11-27T16:57:51.939064,99,151,76,376,212,43,35,46,-8985,6681,9781,-6884,690,-1924,-165,-204,405,-136
2025-11-27T16:57:51.961957,99,148,72,306,191,38,39,51,-9013,6729,9785,-6795,663,-1867,-116,-386,395,-167
2025-11-27T16:57:51.992359,98,181,49,314,218,37,41,57,-9027,6783,9804,-6695,714,-2014,-126,-512,343,-188
2025-11-27T16:57:51.999422,64,180,45,317,252,38,42,52,-9056,6800,9816,-6619,861,-2071,-140,-264,272,-199
2025-11-27T16:57:52.022284,59,181,43,289,244,36,41,52,-9105,6773,9819,-6576,857,-1977,-145,57,192,-261
2025-11-27T16:57:52.044739,94,165,83,278,238,34,37,52,-9150,6737,9827,-6538,830,-1835,-150,89,133,-275
2025-11-27T16:57:52.059033,96,155,90,255,240,37,34,46,-9176,6718,9852,-6484,853,-1799,-164,-96,99,-255
2025-11-27T16:57:52.082229,102,166,90,195,213,36,33,44,-9181,6718,9889,-6420,880,-1976,-205,-252,50,-229
2025-11-27T16:57:52.104496,102,155,88,194,155,33,33,46,-9209,6669,9904,-6407,964,-2073,-146,213,-19,-15
2025-11-27T16:57:52.126639,119,160,90,180,158,31,33,46,-9233,6642,9883,-6434,848,-1856,-68,252,12,52
2025-11-27T16:57:52.151182,93,150,55,182,161,31,34,46,-9236,6650,9876,-6433,751,-1781,-51,-39,40,66
2025-11-27T16:57:52.165975,93,157,44,214,190,26,32,43,-9222,6683,9886,-6403,720,-1890,-46,-294,48,20
2025-11-27T16:57:52.184327,86,123,48,240,197,26,29,38,-9210,6713,9899,-6369,713,-2021,-79,-299,52,-49
2025-11-27T16:57:52.201870,87,164,51,235,200,25,27,34,-9211,6719,9906,-6349,734,-2075,-129,-112,34,-96
2025-11-27T16:57:52.223029,94,164,47,241,188,25,26,41,-9219,6706,9907,-6351,721,-2048,-159,70,0,-101
2025-11-27T16:57:52.246088,98,175,50,245,179,23,24,40,-9229,6682,9905,-6363,714,-2018,-157,152,-34,-96
2025-11-27T16:57:52.265784,99,229,47,200,117,20,23,39,-9240,6653,9904,-6380,727,-1992,-136,178,-58,-99
2025-11-27T16:57:52.283530,126,256,42,159,96,21,23,36,-9252,6623,9903,-6396,729,-1995,-119,175,-62,-103
2025-11-27T16:57:52.306174,127,236,45,151,87,20,22,37,-9261,6594,9902,-6413,743,-1998,-102,161,-68,-89
2025-11-27T16:57:52.325378,103,244,44,155,88,20,22,26,-9269,6567,9902,-6430,752,-1993,-93,153,-76,-78
2025-11-27T16:57:52.344084,99,237,40,138,77,19,22,33,-9276,6540,9902,-6448,755,-1969,-92,152,-78,-67
2025-11-27T16:57:52.366826,95,185,38,144,75,20,23,35,-9282,6513,9902,-6466,752,-1951,-112,167,-75,-61
2025-11-27T16:57:52.385779,89,171,39,140,71,20,23,38,-9289,6487,9901,-6484,759,-1929,-106,169,-68,-53
2025-11-27T16:57:52.404061,92,169,34,139,71,18,21,38,-9293,6467,9901,-6498,754,-1921,-106,126,-57,-38
2025-11-27T16:57:52.426264,106,160,34,103,53,19,22,39,-9293,6457,9902,-6507,759,-1936,-110,74,-40,-17
2025-11-27T16:57:52.445768,110,162,35,89,54,20,21,31,-9290,6452,9903,-6514,771,-1938,-123,50,-31,3
2025-11-27T16:57:52.463972,119,163,36,77,49,20,20,29,-9287,6452,9903,-6518,769,-1933,-129,30,-16,19
2025-11-27T16:57:52.486479,112,127,31,97,48,19,19,24,-9283,6455,9904,-6520,769,-1933,-111,-3,-9,21
2025-11-27T16:57:52.506177,110,150,32,103,47,22,22,23,-9280,6460,9903,-6522,757,-1948,-92,-13,2,19
2025-11-27T16:57:52.523713,100,144,35,105,46,21,23,20,-9277,6465,9901,-6522,763,-1953,-91,-18,7,21
2025-11-27T16:57:52.546454,95,144,37,111,45,21,22,21,-9272,6474,9900,-6523,751,-1977,-92,-33,7,25
2025-11-27T16:57:52.565649,91,158,35,106,43,24,22,21,-9269,6480,9896,-6526,737,-1962,-86,-8,7,22
2025-11-27T16:57:52.583917,93,157,35,84,40,22,21,20,-9265,6486,9894,-6530,732,-1955,-96,-7,1,29
2025-11-27T16:57:52.606487,93,126,33,72,38,22,20,20,-9261,6491,9892,-6534,748,-1955,-96,-7,-6,30
2025-11-27T16:57:52.625741,90,142,27,65,37,23,17,20,-9256,6497,9891,-6537,750,-1961,-95,-17,-6,34
2025-11-27T16:57:52.644034,93,147,24,49,30,23,18,20,-9248,6507,9891,-6537,734,-1973,-117,-36,-3,31
2025-11-27T16:57:52.666489,86,125,24,48,30,20,18,21,-9242,6514,9892,-6537,756,-1961,-127,-24,0,31
2025-11-27T16:57:52.685589,104,127,27,47,30,21,18,21,-9234,6525,9892,-6536,730,-1954,-118,-44,6,34
2025-11-27T16:57:52.704304,102,125,29,45,32,19,17,21,-9226,6540,9894,-6531,743,-1966,-142,-67,18,33
2025-11-27T16:57:52.726482,103,115,30,34,25,18,18,21,-9220,6554,9895,-6524,746,-1950,-142,-69,30,34
2025-11-27T16:57:52.745829,100,98,29,33,26,18,19,21,-9214,6571,9899,-6510,787,-1985,-150,-100,43,28
2025-11-27T16:57:52.763837,134,146,32,33,27,19,20,23,-9213,6585,9901,-6494,797,-2041,-127,-100,59,-3
2025-11-27T16:57:52.793633,112,150,29,29,27,20,20,23,-9218,6593,9899,-6481,766,-2016,-93,-65,69,-30
2025-11-27T16:57:52.805742,114,152,27,29,24,20,20,22,-9223,6601,9893,-6475,711,-1980,-70,-45,58,-17
2025-11-27T16:57:52.823928,113,142,28,28,24,19,19,23,-9223,6609,9887,-6475,708,-1926,-54,-40,23,17
2025-11-27T16:57:52.846519,113,150,29,29,23,19,18,23,-9223,6609,9884,-6480,736,-1920,-46,-11,-12,22
2025-11-27T16:57:52.865565,87,104,27,30,23,18,16,21,-9227,6600,9880,-6490,770,-1948,-39,43,-32,5
2025-11-27T16:57:52.884072,80,137,29,34,25,21,15,26,-9233,6583,9877,-6503,780,-1973,-72,101,-47,-11
2025-11-27T16:57:52.907111,76,139,30,38,26,20,16,32,-9239,6564,9873,-6521,758,-1997,-108,144,-48,-17
2025-11-27T16:57:52.925795,72,145,29,38,25,23,17,33,-9243,6548,9868,-6539,745,-1990,-111,138,-43,-12
2025-11-27T16:57:52.943949,76,151,35,38,24,24,17,33,-9246,6537,9866,-6549,744,-1984,-133,100,-25,-20
2025-11-27T16:57:52.966544,57,155,34,38,23,25,20,33,-9245,6531,9867,-6554,718,-1981,-137,55,-17,-29
2025-11-27T16:57:52.985835,47,115,33,35,20,24,22,30,-9243,6529,9869,-6555,713,-1972,-136,22,-13,-32
2025-11-27T16:57:53.004002,77,141,35,62,21,24,23,25,-9243,6525,9873,-6554,735,-1961,-121,13,-13,-31
2025-11-27T16:57:53.026563,80,140,35,63,21,24,23,24,-9245,6520,9873,-6557,747,-1955,-105,35,-11,-24
2025-11-27T16:57:53.045769,81,136,33,65,22,22,23,25,-9247,6513,9873,-6559,763,-1906,-113,46,-6,-11
2025-11-27T16:57:53.071575,84,130,35,66,24,23,22,24,-9249,6510,9873,-6559,763,-1916,-105,26,3,-2
2025-11-27T16:57:53.086550,107,134,40,69,25,22,20,22,-9249,6510,9873,-6559,768,-1927,-97,3,14,3
2025-11-27T16:57:53.106153,93,106,39,42,24,23,19,23,-9249,6515,9872,-6557,752,-1954,-95,-17,19,9
2025-11-27T16:57:53.128223,93,167,43,40,23,24,18,22,-9247,6522,9870,-6555,739,-1980,-86,-33,16,12
2025-11-27T16:57:53.146504,92,162,42,37,23,24,18,21,-9245,6528,9868,-6555,737,-1992,-88,-22,13,8
2025-11-27T16:57:53.165895,89,160,41,34,22,21,17,21,-9245,6528,9868,-6556,723,-1996,-85,-8,7,1
2025-11-27T16:57:53.184056,72,156,38,31,19,22,17,20,-9244,6529,9868,-6556,739,-1980,-97,8,0,-7
