timestamp,EMG_0,EMG_1,EMG_2,EMG_3,EMG_4,EMG_5,EMG_6,EMG_7,quat_0,quat_1,quat_2,quat_3,acc_0,acc_1,acc_2,gyro_0,gyro_1,gyro_2
2025-11-27T16:56:18.094269,95,111,33,30,21,18,20,21,-9207,7315,9599,-6165,682,-1978,-174,-4,0,5
2025-11-27T16:56:18.117022,97,113,32,32,21,20,19,24,-9207,7315,9599,-6165,684,-1989,-192,-2,1,6
2025-11-27T16:56:18.138064,101,125,34,32,22,20,19,24,-9207,7315,9599,-6165,681,-1982,-189,-1,0,5
2025-11-27T16:56:18.152597,98,99,30,32,21,20,17,24,-9207,7315,9599,-6165,685,-1988,-195,2,0,6
2025-11-27T16:56:18.175367,56,100,32,32,20,21,17,22,-9207,7315,9599,-6165,683,-1994,-185,0,-1,3
2025-11-27T16:56:18.198101,46,101,28,23,18,20,16,22,-9207,7315,9600,-6165,682,-1988,-183,0,-1,2
2025-11-27T16:56:18.212710,48,119,33,26,19,17,18,18,-9207,7315,9600,-6165,686,-1988,-183,-4,-2,3
2025-11-27T16:56:18.233860,85,105,33,27,18,17,19,19,-9207,7315,9600,-6165,681,-1978,-172,-3,-3,6
2025-11-27T16:56:18.255650,89,104,33,27,21,19,20,18,-9207,7315,9600,-6164,682,-1974,-175,-5,0,6
2025-11-27T16:56:18.270409,92,103,34,30,21,19,19,18,-9207,7315,9600,-6164,675,-1977,-197,-5,0,7
2025-11-27T16:56:18.293802,93,110,34,29,21,19,19,19,-9207,7315,9600,-6164,688,-1992,-191,-2,1,7
2025-11-27T16:56:18.317838,91,95,31,27,19,20,18,20,-9207,7315,9600,-6164,678,-1992,-203,-3,2,5
2025-11-27T16:56:18.332364,53,93,31,31,21,20,16,18,-9207,7315,9600,-6164,679,-1987,-183,-3,2,7
2025-11-27T16:56:18.355015,45,94,31,32,18,18,15,17,-9207,7315,9600,-6164,683,-2000,-177,-5,3,7
2025-11-27T16:56:18.378125,39,92,29,28,18,19,16,18,-9207,7315,9600,-6164,676,-1985,-181,-7,1,9
2025-11-27T16:56:18.392422,43,93,31,30,19,18,18,20,-9207,7315,9600,-6164,667,-1993,-175,-10,0,9
2025-11-27T16:56:18.415349,79,88,29,31,20,19,17,21,-9207,7315,9600,-6164,682,-1988,-171,-5,1,7
2025-11-27T16:56:18.438004,78,84,30,25,19,19,19,23,-9207,7315,9600,-6164,683,-1994,-185,3,0,4
2025-11-27T16:56:18.452911,83,103,29,27,21,18,18,23,-9207,7315,9600,-6164,682,-1988,-178,5,-1,2
2025-11-27T16:56:18.475632,88,112,30,29,22,20,18,22,-9207,7315,9600,-6164,683,-1994,-187,0,-1,2
2025-11-27T16:56:18.498229,87,111,29,28,22,19,18,21,-9207,7315,9600,-6164,676,-1979,-182,-7,2,3
2025-11-27T16:56:18.512270,55,108,28,27,22,17,19,20,-9207,7315,9600,-6164,676,-1986,-186,-10,0,5
2025-11-27T16:56:18.535144,56,116,30,26,23,17,18,20,-9207,7315,9600,-6164,681,-1976,-182,-8,1,4
2025-11-27T16:56:18.558988,89,102,31,23,23,18,18,20,-9206,7315,9600,-6164,677,-1975,-191,-1,0,4
2025-11-27T16:56:18.572914,88,104,30,27,22,18,19,22,-9206,7316,9600,-6164,672,-1986,-190,1,3,2
2025-11-27T16:56:18.595180,87,94,29,26,22,20,18,21,-9206,7316,9600,-6164,674,-1991,-190,-1,2,3
2025-11-27T16:56:18.618464,89,106,31,25,23,19,18,22,-9206,7316,9601,-6164,674,-1987,-190,-6,3,2
2025-11-27T16:56:18.632444,89,103,27,25,22,19,17,23,-9206,7316,9600,-6164,672,-1994,-177,-9,2,2
2025-11-27T16:56:18.655036,49,104,26,24,21,19,17,22,-9206,7316,9600,-6164,669,-1994,-177,-2,0,1
2025-11-27T16:56:18.678110,43,91,25,19,20,18,17,25,-9206,7316,9600,-6164,672,-1996,-184,2,-1,-1
2025-11-27T16:56:18.701754,37,92,27,23,22,20,20,25,-9206,7316,9600,-6164,681,-1986,-188,6,-3,0
2025-11-27T16:56:18.723109,32,76,26,22,21,21,27,30,-9205,7316,9601,-6164,701,-1991,-206,-9,-7,6
2025-11-27T16:56:18.738085,27,63,25,53,24,29,35,35,-9195,7321,9610,-6160,756,-1978,-194,-67,-45,43
2025-11-27T16:56:18.752430,23,45,25,63,36,35,45,38,-9151,7352,9637,-6146,800,-2024,-138,-347,-149,142
2025-11-27T16:56:18.774928,24,39,26,89,47,38,49,42,-9050,7420,9684,-6139,909,-2356,-162,-647,-344,360
2025-11-27T16:56:18.798010,22,26,28,143,104,70,66,44,-8934,7454,9715,-6219,1112,-2677,-392,-165,-620,662
2025-11-27T16:56:18.812401,23,22,29,173,119,83,74,43,-8843,7422,9698,-6411,1126,-2574,-465,622,-802,904
2025-11-27T16:56:18.834992,23,22,28,168,119,82,72,41,-8728,7403,9647,-6663,919,-2250,-464,829,-895,1245
2025-11-27T16:56:18.857698,23,22,26,167,118,84,69,44,-8543,7458,9574,-6941,688,-2055,-453,481,-966,1645
2025-11-27T16:56:18.880298,22,20,25,157,116,84,67,46,-8269,7586,9530,-7190,409,-2213,-419,-127,-1094,1903
2025-11-27T16:56:18.894809,22,19,21,112,73,66,51,45,-7930,7747,9502,-7432,191,-2486,-269,-481,-1256,2100
2025-11-27T16:56:18.918893,20,21,19,60,51,54,37,47,-7579,7895,9439,-7718,47,-2583,-150,-267,-1350,2292
2025-11-27T16:56:18.940572,22,21,23,58,119,112,60,46,-7238,8034,9320,-8041,-44,-2450,-49,38,-1295,2489
2025-11-27T16:56:18.954502,27,21,23,68,139,136,78,48,-6891,8203,9156,-8357,-122,-2233,86,38,-1103,2719
2025-11-27T16:56:18.978027,27,23,27,73,224,208,104,44,-6527,8412,8973,-8634,-337,-1980,57,-164,-881,2839
2025-11-27T16:56:19.000647,29,37,41,73,238,222,107,44,-6140,8656,8800,-8852,-494,-1981,89,-531,-700,2852
2025-11-27T16:56:19.014801,30,40,63,75,247,233,111,41,-5756,8908,8633,-9024,-485,-1863,-18,-674,-544,2765
2025-11-27T16:56:19.037637,27,41,96,112,244,223,105,40,-5397,9132,8477,-9168,-584,-1896,-102,-653,-492,2525
2025-11-27T16:56:19.060593,23,43,118,112,255,220,93,32,-5068,9319,8323,-9308,-736,-1883,-141,-512,-511,2302
2025-11-27T16:56:19.074933,24,48,140,140,288,225,82,34,-4781,9468,8166,-9447,-905,-1866,-181,-295,-504,2062
2025-11-27T16:56:19.098032,25,43,148,181,290,216,84,36,-4549,9589,7993,-9586,-974,-1846,-163,-21,-413,1855
2025-11-27T16:56:19.127782,24,44,155,203,357,241,88,36,-4372,9696,7799,-9720,-1053,-1774,-201,240,-260,1696
2025-11-27T16:56:19.134393,26,48,157,230,352,234,84,35,-4253,9789,7577,-9854,-1054,-1641,-240,545,-104,1512
2025-11-27T16:56:19.158270,27,49,151,253,339,222,80,35,-4188,9864,7361,-9970,-1067,-1605,-277,714,13,1239
2025-11-27T16:56:19.180559,27,47,135,297,272,153,60,30,-4178,9912,7151,-10080,-1049,-1543,-137,856,88,976
2025-11-27T16:56:19.194721,25,58,135,308,263,144,52,28,-4232,9927,6941,-10188,-1044,-1501,-124,1133,139,677
2025-11-27T16:56:19.215538,27,69,148,321,150,67,35,26,-4348,9912,6745,-10285,-1078,-1428,-199,1355,160,293
2025-11-27T16:56:19.238240,26,69,135,345,146,55,36,28,-4503,9870,6604,-10350,-1124,-1390,-184,1280,178,-178
2025-11-27T16:56:19.253496,25,69,156,386,142,54,38,32,-4688,9801,6516,-10390,-1044,-1410,-117,1161,155,-522
2025-11-27T16:56:19.277963,26,69,156,397,128,63,48,36,-4894,9713,6461,-10412,-950,-1512,-21,1075,163,-729
2025-11-27T16:56:19.300791,30,60,173,483,190,109,62,43,-5133,9599,6416,-10429,-883,-1582,-40,1203,125,-906
2025-11-27T16:56:19.314832,29,48,161,511,251,165,73,43,-5352,9489,6436,-10409,-855,-1812,-229,925,46,-1057
2025-11-27T16:56:19.337751,33,54,159,497,263,203,91,49,-5565,9350,6455,-10411,-738,-1842,-47,941,-98,-1021
2025-11-27T16:56:19.361107,35,64,201,557,269,209,111,67,-5776,9197,6451,-10435,-539,-1702,83,1045,-145,-884
2025-11-27T16:56:19.374885,60,85,211,596,268,207,119,85,-5940,9072,6467,-10442,-605,-1428,-26,790,-170,-870
2025-11-27T16:56:19.398106,78,91,220,539,228,187,120,113,-6049,8982,6564,-10397,-682,-1576,-66,176,-183,-978
2025-11-27T16:56:19.420600,84,91,241,556,171,139,118,132,-6117,8913,6738,-10304,-525,-2235,-17,-385,-192,-922
2025-11-27T16:56:19.434647,87,87,253,559,138,75,105,131,-6194,8823,6829,-10275,-632,-2474,91,89,-250,-647
2025-11-27T16:56:19.465707,87,81,207,480,139,52,90,122,-6258,8717,6813,-10338,-720,-2141,-66,760,-426,-245
2025-11-27T16:56:19.480999,74,69,203,415,141,48,77,119,-6287,8620,6800,-10410,-613,-1743,45,577,-492,-112
2025-11-27T16:56:19.494461,57,69,235,429,188,56,69,95,-6296,8550,6827,-10445,-619,-1747,118,202,-400,-186
2025-11-27T16:56:19.518141,50,68,243,405,278,162,77,68,-6284,8491,6882,-10464,-536,-1866,200,-50,-408,-142
2025-11-27T16:56:19.540636,45,66,232,410,313,195,86,71,-6276,8436,6931,-10480,-496,-1873,232,-44,-352,-119
2025-11-27T16:56:19.554898,47,65,235,439,312,200,82,76,-6285,8378,6978,-10491,-400,-1797,228,3,-305,-163
2025-11-27T16:56:19.578389,47,51,249,422,308,201,78,66,-6299,8330,7045,-10476,-350,-1821,146,-98,-236,-253
2025-11-27T16:56:19.600090,46,51,218,421,279,203,74,65,-6337,8260,7089,-10478,-475,-1969,333,58,-233,-334
2025-11-27T16:56:19.614148,46,60,205,410,181,133,57,79,-6403,8180,7100,-10494,-501,-2092,442,273,-160,-341
2025-11-27T16:56:19.638293,44,65,215,412,106,78,44,89,-6491,8104,7076,-10514,-518,-1959,467,455,-22,-342
2025-11-27T16:56:19.660534,43,72,222,374,96,66,46,111,-6569,8048,7052,-10526,-596,-1798,516,328,37,-352
2025-11-27T16:56:19.682965,38,76,202,364,146,125,70,166,-6639,8011,7073,-10496,-492,-1929,532,11,112,-429
2025-11-27T16:56:19.698113,34,66,184,351,149,130,79,179,-6690,7995,7117,-10445,-470,-2442,491,-171,139,-342
2025-11-27T16:56:19.720625,42,57,160,326,217,168,94,179,-6715,7980,7089,-10460,-685,-2107,539,135,54,-66
2025-11-27T16:56:19.734922,46,69,167,316,315,241,119,176,-6691,7982,7104,-10463,-602,-2087,413,-164,-83,47
2025-11-27T16:56:19.758658,47,64,161,303,323,250,128,173,-6682,7977,7133,-10454,-412,-1932,493,-241,-42,-12
2025-11-27T16:56:19.780555,48,62,162,307,304,226,133,143,-6678,7974,7159,-10440,-412,-1961,375,-172,-18,-25
2025-11-27T16:56:19.810380,56,63,150,263,304,221,134,140,-6689,7968,7184,-10421,-357,-1960,277,-84,11,-71
2025-11-27T16:56:19.817433,51,62,148,245,299,223,131,137,-6716,7949,7197,-10409,-545,-2187,292,56,-1,-188
2025-11-27T16:56:19.840880,47,43,129,250,248,181,117,134,-6777,7896,7169,-10429,-340,-1959,416,381,-3,-129
2025-11-27T16:56:19.868499,46,39,111,373,282,184,112,119,-6810,7873,7146,-10441,-485,-1920,286,270,23,-78
2025-11-27T16:56:19.884092,45,42,117,425,300,188,104,98,-6801,7876,7136,-10451,-539,-1857,290,38,-24,66
2025-11-27T16:56:19.898664,33,43,119,435,320,191,105,93,-6793,7882,7148,-10443,-383,-1862,228,-61,-8,49
2025-11-27T16:56:19.922195,32,71,162,434,282,155,99,92,-6786,7899,7149,-10435,-511,-1906,214,-32,49,41
2025-11-27T16:56:19.937370,41,109,170,460,306,211,107,96,-6807,7894,7133,-10435,-469,-1984,273,154,69,-16
2025-11-27T16:56:19.961476,54,129,201,421,315,239,110,98,-6856,7883,7078,-10450,-573,-1865,347,376,161,-63
2025-11-27T16:56:19.983173,57,134,199,393,320,247,106,88,-6898,7894,7035,-10444,-509,-1645,375,178,263,-59
2025-11-27T16:56:19.997335,58,154,203,380,343,263,102,70,-6920,7945,7041,-10385,-472,-1622,378,-285,392,-135
2025-11-27T16:56:20.024829,63,186,197,383,394,304,118,60,-6917,8046,7091,-10274,-472,-1783,341,-728,542,-149
2025-11-27T16:56:20.042969,67,216,201,315,385,282,113,49,-6884,8173,7149,-10155,-750,-2022,175,-838,529,-133
2025-11-27T16:56:20.057888,62,244,238,222,359,278,115,45,-6875,8268,7206,-10044,-467,-1735,96,-671,473,-167
2025-11-27T16:56:20.080563,59,245,239,171,366,280,114,54,-6876,8367,7299,-9893,-254,-1646,-102,-794,520,-293
2025-11-27T16:56:20.110236,60,237,236,153,327,264,112,58,-6832,8478,7431,-9729,-481,-2149,-296,-1021,371,-313
2025-11-27T16:56:20.116896,55,209,219,124,324,279,109,63,-6745,8570,7519,-9642,-709,-2729,-171,-841,96,43
2025-11-27T16:56:20.148093,45,159,218,141,313,268,109,65,-6671,8621,7502,-9661,-509,-2317,39,-212,-41,513
2025-11-27T16:56:20.163128,41,107,149,136,307,248,100,70,-6608,8667,7455,-9699,-728,-1915,-182,84,-51,432
2025-11-27T16:56:20.177109,46,101,144,119,289,242,95,62,-6445,8735,7462,-9743,-1091,-1876,-123,-464,-365,505
2025-11-27T16:56:20.200812,42,105,136,120,292,247,95,56,-6256,8783,7517,-9780,-986,-1997,-74,-712,-566,466
2025-11-27T16:56:20.223103,42,110,140,151,322,237,95,54,-6091,8781,7581,-9836,-877,-2161,-21,-553,-741,370
2025-11-27T16:56:20.237592,41,126,127,198,367,250,95,52,-5963,8731,7638,-9915,-835,-2124,-57,-240,-863,212
2025-11-27T16:56:20.261031,35,122,152,235,376,250,92,50,-5897,8611,7674,-10030,-741,-2015,76,193,-986,-11
2025-11-27T16:56:20.298898,50,147,190,284,413,265,101,52,-5875,8461,7707,-10145,-534,-1874,174,359,-955,-155
2025-11-27T16:56:20.305566,56,150,198,296,409,264,100,61,-5837,8342,7767,-10220,-435,-1664,109,89,-843,-158
2025-11-27T16:56:20.320624,55,146,191,292,341,209,82,60,-5783,8235,7848,-10276,-494,-1725,146,-121,-820,-199
2025-11-27T16:56:20.343140,55,145,197,261,254,154,65,62,-5715,8152,7959,-10294,-371,-1833,134,-405,-727,-166
2025-11-27T16:56:20.366051,57,140,210,297,249,147,66,59,-5668,8081,8062,-10296,-363,-1965,180,-415,-564,-200
2025-11-27T16:56:20.380606,39,126,206,284,195,115,53,57,-5645,8022,8144,-10291,-379,-2097,146,-300,-402,-207
2025-11-27T16:56:20.403351,28,114,212,304,200,116,58,49,-5629,7971,8201,-10294,-495,-2081,115,-167,-330,-191
2025-11-27T16:56:20.417295,29,119,283,368,193,118,59,47,-5619,7922,8247,-10300,-487,-2078,85,-96,-297,-176
2025-11-27T16:56:20.441480,34,100,291,382,211,129,66,47,-5603,7878,8277,-10318,-558,-2008,111,-43,-304,-125
2025-11-27T16:56:20.462847,44,107,266,334,200,142,76,45,-5570,7840,8325,-10327,-522,-2002,94,-182,-335,-92
2025-11-27T16:56:20.477306,48,90,245,306,189,154,83,44,-5536,7805,8380,-10327,-501,-2215,78,-232,-320,-83
2025-11-27T16:56:20.500598,48,92,271,328,179,146,80,42,-5498,7789,8411,-10334,-433,-2144,143,-216,-229,88
2025-11-27T16:56:20.523103,48,85,245,357,183,148,80,41,-5459,7781,8417,-10355,-536,-2219,150,-102,-191,168
2025-11-27T16:56:20.537365,50,88,236,393,154,136,75,38,-5384,7793,8435,-10372,-639,-2085,85,-265,-249,243
2025-11-27T16:56:20.560933,45,71,245,457,136,112,62,36,-5327,7776,8450,-10401,-592,-2153,119,-130,-318,170
2025-11-27T16:56:20.580683,72,75,259,569,113,88,50,38,-5301,7746,8434,-10449,-499,-2035,177,113,-257,174
2025-11-27T16:56:20.595027,82,81,269,631,121,83,47,37,-5269,7730,8420,-10489,-627,-1941,81,93,-227,143
2025-11-27T16:56:20.618076,92,100,417,677,118,76,47,40,-5223,7714,8423,-10521,-641,-2081,20,9,-285,142
2025-11-27T16:56:20.643189,115,107,450,666,117,75,48,42,-5182,7689,8415,-10566,-589,-2150,-7,133,-328,199
2025-11-27T16:56:20.665770,115,112,483,695,128,86,59,45,-5128,7662,8390,-10632,-589,-2094,17,221,-391,318
2025-11-27T16:56:20.679419,102,116,556,732,120,77,61,49,-5062,7643,8365,-10697,-557,-1890,27,169,-388,377
2025-11-27T16:56:20.703005,97,126,714,828,135,78,62,52,-4957,7637,8388,-10733,-666,-1867,-84,-159,-489,328
2025-11-27T16:56:20.725638,99,136,720,819,147,80,61,53,-4836,7605,8421,-10785,-677,-2068,10,-194,-669,351
2025-11-27T16:56:20.740116,74,136,736,868,159,83,64,52,-4769,7559,8419,-10848,-441,-2057,64,108,-523,346
2025-11-27T16:56:20.763635,77,146,768,895,151,68,55,49,-4732,7527,8374,-10921,-453,-1888,132,322,-332,371
2025-11-27T16:56:20.785298,95,143,729,846,146,60,49,47,-4705,7519,8321,-10979,-549,-1767,172,275,-157,343
2025-11-27T16:56:20.799978,93,134,605,717,126,57,46,45,-4691,7521,8288,-11008,-483,-1699,254,99,-26,241
2025-11-27T16:56:20.823079,88,127,506,657,105,51,46,58,-4684,7534,8275,-11012,-518,-1741,294,-71,72,150
2025-11-27T16:56:20.845331,117,149,457,595,94,45,42,67,-4676,7558,8291,-10986,-525,-1825,282,-272,142,75
2025-11-27T16:56:20.867736,167,193,357,479,91,46,45,88,-4676,7581,8322,-10947,-524,-1985,252,-336,163,8
2025-11-27T16:56:20.883108,158,204,343,394,91,49,45,95,-4708,7587,8330,-10924,-446,-2141,339,-135,210,-9
2025-11-27T16:56:20.905572,160,206,288,337,79,49,45,108,-4776,7598,8291,-10916,-387,-2106,408,139,377,38
2025-11-27T16:56:20.919907,159,196,256,339,76,48,41,104,-4870,7630,8220,-10906,-449,-2017,409,283,583,33
2025-11-27T16:56:20.943702,143,253,245,287,62,46,48,128,-4955,7684,8156,-10877,-628,-2108,333,189,658,5
2025-11-27T16:56:20.965991,78,214,246,274,102,46,48,145,-5058,7735,8064,-10862,-625,-2109,465,323,731,24
2025-11-27T16:56:20.979512,76,220,219,266,104,47,54,150,-5185,7798,7939,-10849,-585,-2082,526,468,903,77
2025-11-27T16:56:21.003185,71,220,170,256,109,42,53,149,-5343,7873,7783,-10833,-591,-2096,583,622,1097,79
2025-11-27T16:56:21.025713,67,224,161,251,128,43,58,157,-5492,7985,7620,-10791,-751,-1999,383,592,1252,86
2025-11-27T16:56:21.039904,56,168,151,261,145,54,64,166,-5595,8099,7479,-10752,-1193,-1859,189,475,1034,-44
2025-11-27T16:56:21.070777,55,218,155,245,120,49,63,162,-5679,8181,7392,-10706,-1102,-2043,161,299,779,-135
2025-11-27T16:56:21.085578,52,210,143,240,119,57,61,155,-5805,8213,7289,-10685,-766,-2144,284,588,705,-123
2025-11-27T16:56:21.099438,51,208,128,245,116,56,62,151,-5984,8230,7104,-10697,-681,-2167,434,1091,876,-19
2025-11-27T16:56:21.125527,48,203,135,264,117,81,73,145,-6180,8284,6871,-10696,-732,-1843,429,1210,1177,48
2025-11-27T16:56:21.142749,41,172,123,257,140,111,72,109,-6298,8392,6695,-10655,-1049,-1827,225,675,1124,55
2025-11-27T16:56:21.157596,35,106,113,273,187,172,87,88,-6369,8494,6562,-10614,-1287,-1802,289,367,895,-31
2025-11-27T16:56:21.181130,36,92,111,303,272,209,95,92,-6439,8582,6471,-10557,-1026,-1745,316,179,824,-86
2025-11-27T16:56:21.202771,39,81,113,293,310,245,118,91,-6507,8693,6408,-10463,-922,-1726,196,-1,936,-143
2025-11-27T16:56:21.218199,37,75,83,268,314,253,112,84,-6575,8818,6348,-10351,-934,-1888,265,-114,1052,-131
2025-11-27T16:56:21.242129,40,75,91,300,438,327,137,86,-6648,8941,6297,-10230,-900,-1888,74,-70,1034,-182
2025-11-27T16:56:21.264992,37,64,78,301,451,321,133,70,-6741,9023,6255,-10121,-853,-1615,146,28,897,-376
2025-11-27T16:56:21.279825,32,75,69,289,424,310,134,58,-6825,9126,6278,-9957,-662,-1668,-183,-238,919,-534
2025-11-27T16:56:21.303046,37,102,73,296,437,298,121,51,-6878,9218,6358,-9784,-642,-1913,-307,-463,694,-603
2025-11-27T16:56:21.325304,40,140,83,265,444,290,118,52,-6956,9248,6435,-9649,-468,-2270,-382,-115,429,-583
2025-11-27T16:56:21.339903,37,143,70,245,374,206,84,42,-7069,9219,6454,-9582,-91,-2099,-357,469,252,-339
2025-11-27T16:56:21.362995,35,144,129,271,350,177,76,40,-7167,9198,6417,-9555,-95,-1824,-287,634,267,-50
2025-11-27T16:56:21.385126,37,135,133,280,351,158,63,36,-7199,9218,6390,-9529,-226,-1642,-215,250,236,119
2025-11-27T16:56:21.399813,36,126,176,298,322,141,50,34,-7183,9265,6401,-9489,-236,-1542,-228,-123,173,164
2025-11-27T16:56:21.423036,36,84,188,317,308,140,53,30,-7158,9314,6443,-9430,-131,-1541,-214,-317,147,103
2025-11-27T16:56:21.445601,36,84,198,313,237,112,48,38,-7088,9397,6528,-9343,-129,-1636,-214,-759,148,135
2025-11-27T16:56:21.459941,47,87,169,281,220,104,48,41,-6987,9491,6631,-9250,-230,-1913,-224,-972,89,180
2025-11-27T16:56:21.482800,80,94,181,253,187,99,45,45,-6883,9560,6713,-9198,-307,-2114,-218,-782,-81,300
2025-11-27T16:56:21.505552,83,102,173,249,157,102,49,44,-6779,9609,6760,-9189,-359,-2154,-201,-553,-192,447
2025-11-27T16:56:21.519775,84,102,175,373,167,96,48,44,-6686,9635,6782,-9214,-419,-2181,-130,-351,-277,511
2025-11-27T16:56:21.542560,88,139,168,408,158,101,48,39,-6594,9652,6795,-9252,-525,-2056,-90,-291,-322,476
2025-11-27T16:56:21.565798,95,151,180,423,228,148,59,42,-6495,9657,6808,-9309,-729,-2013,-77,-252,-430,409
2025-11-27T16:56:21.579507,78,159,185,448,245,157,59,43,-6383,9645,6840,-9374,-796,-1979,-29,-326,-572,338
2025-11-27T16:56:21.603123,72,157,165,467,273,150,56,44,-6266,9620,6890,-9442,-834,-1978,-33,-362,-677,255
2025-11-27T16:56:21.633062,101,174,191,377,271,155,57,46,-6157,9578,6939,-9520,-952,-2012,6,-293,-729,169
2025-11-27T16:56:21.639837,114,150,213,356,297,174,67,46,-6074,9521,6977,-9602,-1016,-2027,56,-153,-698,68
2025-11-27T16:56:21.663439,111,137,206,355,274,161,66,45,-6009,9452,7014,-9684,-1067,-1970,85,-73,-687,-49
2025-11-27T16:56:21.685609,130,174,216,361,259,152,68,45,-5962,9371,7042,-9772,-1063,-1852,104,57,-689,-116
2025-11-27T16:56:21.708038,151,169,306,342,226,147,67,51,-5898,9294,7093,-9846,-1011,-1796,19,-68,-737,-138
2025-11-27T16:56:21.723059,134,152,295,359,225,142,70,53,-5815,9228,7157,-9912,-998,-1874,75,-243,-736,-79
2025-11-27T16:56:21.745350,153,158,292,368,182,113,60,60,-5732,9164,7220,-9973,-1006,-1921,53,-236,-719,-70
2025-11-27T16:56:21.767553,160,162,291,352,135,76,47,65,-5666,9094,7273,-10037,-966,-1883,13,-115,-698,-99
2025-11-27T16:56:21.782374,144,110,290,357,155,88,51,62,-5589,9021,7330,-10104,-1023,-1890,-19,-118,-762,-98
2025-11-27T16:56:21.805057,133,113,211,390,174,87,51,59,-5494,8945,7404,-10170,-973,-1981,22,-257,-837,-52
2025-11-27T16:56:21.828017,136,123,207,439,165,95,52,57,-5419,8858,7456,-10247,-881,-1819,122,-112,-800,-48
2025-11-27T16:56:21.842426,103,110,195,475,167,96,55,50,-5350,8777,7515,-10310,-894,-1878,35,-120,-754,-99
2025-11-27T16:56:21.865679,108,114,215,488,165,94,56,41,-5276,8699,7586,-10362,-786,-1769,74,-225,-738,-93
2025-11-27T16:56:21.888162,120,115,218,505,148,87,54,42,-5199,8626,7673,-10398,-720,-1809,61,-337,-716,-108
2025-11-27T16:56:21.902124,114,112,205,485,116,86,52,39,-5124,8554,7768,-10425,-729,-1948,73,-392,-687,-136
2025-11-27T16:56:21.925531,123,105,234,485,102,71,48,39,-5064,8474,7852,-10456,-618,-1796,151,-325,-651,-147
2025-11-27T16:56:21.948056,140,101,231,437,91,66,46,44,-5002,8406,7958,-10460,-788,-2161,6,-431,-606,-240
2025-11-27T16:56:21.962046,129,109,255,592,86,62,47,50,-4937,8340,8025,-10493,-739,-2087,145,-302,-592,-54
2025-11-27T16:56:21.985549,127,100,259,602,59,49,45,48,-4867,8282,8082,-10528,-831,-2114,63,-238,-587,-29
2025-11-27T16:56:22.008017,131,97,271,599,61,46,43,49,-4779,8217,8137,-10577,-841,-2082,115,-260,-686,46
2025-11-27T16:56:22.022298,123,92,259,582,60,43,39,48,-4688,8153,8182,-10632,-811,-2123,130,-219,-692,117
2025-11-27T16:56:22.053021,100,90,270,589,62,45,38,43,-4608,8088,8204,-10699,-864,-2000,145,-74,-654,112
2025-11-27T16:56:22.067793,91,65,255,435,70,58,41,37,-4543,8019,8224,-10764,-788,-1943,181,-36,-616,72
2025-11-27T16:56:22.082331,72,62,232,402,84,81,52,39,-4482,7957,8257,-10809,-709,-2010,127,-113,-556,70
2025-11-27T16:56:22.105255,54,55,209,423,102,93,57,38,-4424,7895,8291,-10853,-763,-1969,86,-83,-558,18
2025-11-27T16:56:22.127339,69,56,241,448,130,107,60,37,-4365,7741,8339,-10951,-619,-1840,146,55,-487,-38
2025-11-27T16:56:22.149771,77,65,244,450,134,109,60,39,-4332,7677,8369,-10985,-632,-1896,106,-23,-458,-39
2025-11-27T16:56:22.171111,106,111,247,529,133,102,56,39,-4311,7625,8392,-11012,-589,-1873,110,1,-353,-27
2025-11-27T16:56:22.186930,114,121,271,528,128,87,47,40,-4299,7581,8405,-11038,-633,-1905,160,20,-269,-28
2025-11-27T16:56:22.208550,121,146,277,500,114,76,49,91,-4311,7550,8402,-11057,-577,-1939,171,111,-114,-19
2025-11-27T16:56:22.226685,162,169,266,460,80,53,47,120,-4351,7530,8371,-11078,-506,-1929,304,210,74,11
2025-11-27T16:56:22.246910,164,172,258,433,71,49,51,133,-4414,7536,8322,-11086,-565,-2121,314,266,296,35
2025-11-27T16:56:22.269702,152,147,239,336,69,54,53,145,-4497,7565,8240,-11095,-563,-2149,331,418,486,116
2025-11-27T16:56:22.288781,148,144,232,441,69,53,55,151,-4588,7603,8122,-11118,-587,-2163,411,572,577,226
2025-11-27T16:56:22.307170,143,123,224,438,71,50,51,142,-4689,7658,7971,-11148,-627,-2152,510,677,718,309
2025-11-27T16:56:22.331276,80,95,176,406,98,56,53,128,-4806,7732,7787,-11177,-654,-2137,586,788,896,381
2025-11-27T16:56:22.348821,66,119,172,406,103,53,50,125,-4931,7830,7566,-11206,-799,-2099,619,908,1067,448
2025-11-27T16:56:22.366069,54,120,165,392,110,43,46,111,-5074,7941,7307,-11236,-926,-1965,696,1060,1233,442
2025-11-27T16:56:22.388600,47,116,128,257,182,54,44,103,-5220,8070,7031,-11253,-1092,-1774,678,1077,1351,394
2025-11-27T16:56:22.407883,44,114,124,307,259,106,55,84,-5350,8208,6773,-11251,-1336,-1628,597,942,1336,255
2025-11-27T16:56:22.434885,40,109,139,336,318,146,72,73,-5475,8358,6591,-11187,-1421,-1687,437,549,1361,-39
2025-11-27T16:56:22.449710,41,74,120,359,359,200,94,54,-5596,8507,6465,-11088,-1311,-1572,317,294,1327,-217
2025-11-27T16:56:22.469262,42,76,111,376,514,325,141,67,-5715,8647,6373,-10972,-1199,-1681,348,126,1294,-278
2025-11-27T16:56:22.487363,45,76,108,353,521,341,144,66,-5837,8794,6319,-10821,-1019,-1634,94,15,1321,-385
2025-11-27T16:56:22.509774,46,77,113,302,508,350,149,65,-5973,8933,6296,-10646,-932,-1719,2,-61,1319,-537
2025-11-27T16:56:22.529147,47,81,107,287,521,372,154,60,-6061,9077,6345,-10443,-917,-1929,-336,-384,1112,-589
2025-11-27T16:56:22.547272,48,82,111,265,518,367,152,62,-6152,9162,6386,-10289,-821,-2122,-332,-123,787,-521
2025-11-27T16:56:22.569280,44,78,108,221,380,280,123,47,-6269,9204,6385,-10182,-393,-2118,-204,226,676,-274
2025-11-27T16:56:22.589132,43,77,108,228,387,287,128,49,-6385,9258,6329,-10095,-237,-1893,-243,445,772,-7
2025-11-27T16:56:22.609830,42,83,208,268,374,266,120,49,-6433,9344,6301,-10002,-508,-1773,-347,86,662,31
2025-11-27T16:56:22.628246,40,76,203,238,313,235,114,50,-6464,9407,6307,-9919,-480,-1745,-385,-6,442,-40
2025-11-27T16:56:22.645807,33,72,206,234,279,212,101,44,-6494,9442,6316,-9860,-389,-1603,-260,31,285,-42
2025-11-27T16:56:22.667586,36,85,209,264,262,195,90,44,-6540,9450,6328,-9814,-377,-1689,-113,81,218,-118
2025-11-27T16:56:22.689969,33,81,215,250,201,163,78,38,-6588,9469,6361,-9743,-236,-1745,-72,-87,304,-144
2025-11-27T16:56:22.709111,32,72,138,220,275,192,84,36,-6614,9520,6418,-9637,-170,-1843,-97,-379,420,-111
2025-11-27T16:56:22.734813,31,72,133,259,286,174,74,33,-6605,9587,6480,-9534,-178,-1867,-174,-521,360,18
2025-11-27T16:56:22.749585,30,69,141,351,294,164,73,31,-6551,9655,6549,-9456,-273,-1964,-321,-575,145,174
2025-11-27T16:56:22.770143,24,52,137,344,288,157,67,34,-6466,9702,6606,-9427,-447,-1988,-341,-491,-131,295
2025-11-27T16:56:22.787088,27,61,143,370,282,145,64,35,-6382,9719,6649,-9436,-555,-2030,-262,-340,-304,311
2025-11-27T16:56:22.809756,31,58,168,446,201,108,59,39,-6308,9717,6675,-9469,-635,-2073,-178,-202,-366,323
2025-11-27T16:56:22.828991,32,62,166,437,171,88,50,38,-6242,9702,6688,-9519,-689,-2004,-126,-87,-404,307
2025-11-27T16:56:22.847365,58,81,170,417,167,93,53,42,-6172,9677,6711,-9574,-717,-1931,-130,-99,-484,255
2025-11-27T16:56:22.869394,86,83,179,448,171,108,63,42,-6082,9640,6766,-9630,-799,-1899,-184,-214,-653,143
2025-11-27T16:56:22.889080,119,88,184,463,175,107,62,45,-5984,9584,6839,-9695,-815,-1971,-111,-274,-787,93
2025-11-27T16:56:22.907122,129,96,144,388,169,94,59,43,-5894,9512,6900,-9778,-849,-2006,-15,-186,-834,99
2025-11-27T16:56:22.929742,136,101,181,439,206,129,70,46,-5816,9435,6948,-9864,-945,-2009,-31,-64,-814,53
2025-11-27T16:56:22.949047,130,91,185,409,218,128,66,44,-5744,9349,7000,-9952,-1020,-1826,4,-46,-838,-78
2025-11-27T16:56:22.967774,118,93,196,369,218,122,58,44,-5686,9241,7049,-10051,-1087,-1776,144,21,-881,-191
2025-11-27T16:56:22.989817,88,91,189,375,251,134,70,42,-5614,9143,7105,-10141,-1150,-1740,164,-95,-869,-194
2025-11-27T16:56:23.008606,72,90,201,401,251,140,74,41,-5536,9048,7172,-10222,-1227,-1771,227,-205,-857,-255
2025-11-27T16:56:23.027386,59,83,199,383,220,110,68,43,-5453,8958,7276,-10272,-1136,-1784,157,-396,-839,-355
2025-11-27T16:56:23.049763,54,83,226,445,205,109,71,47,-5406,8840,7392,-10316,-1053,-1881,91,-256,-869,-539
2025-11-27T16:56:23.068846,46,75,241,469,206,103,72,46,-5377,8717,7506,-10354,-880,-1884,159,-232,-809,-547
2025-11-27T16:56:23.086836,40,64,238,447,154,86,58,45,-5356,8610,7589,-10394,-861,-1902,172,-125,-674,-435
2025-11-27T16:56:23.109358,66,54,250,495,135,71,51,55,-5325,8534,7659,-10420,-871,-1920,88,-158,-552,-316
2025-11-27T16:56:23.129200,68,54,261,495,126,61,47,51,-5273,8477,7736,-10437,-874,-1943,78,-301,-519,-227
2025-11-27T16:56:23.147276,68,49,264,482,89,48,45,51,-5205,8420,7818,-10456,-809,-2026,77,-355,-579,-138
2025-11-27T16:56:23.169768,86,56,271,520,72,50,47,54,-5142,8360,7885,-10484,-699,-2040,92,-271,-573,-42
2025-11-27T16:56:23.188975,93,62,320,615,82,53,49,55,-5069,8312,7945,-10513,-750,-1964,65,-281,-547,2
2025-11-27T16:56:23.207334,80,59,309,576,95,60,51,45,-4993,8257,7989,-10559,-836,-2037,151,-211,-591,45
2025-11-27T16:56:23.229397,78,66,340,614,91,58,49,43,-4928,8204,8034,-10597,-771,-1911,141,-206,-532,2
2025-11-27T16:56:23.248908,80,66,351,603,106,60,50,41,-4866,8127,8083,-10647,-685,-1899,217,-174,-637,-28
2025-11-27T16:56:23.267669,94,61,325,566,106,63,44,38,-4818,8061,8148,-10671,-709,-1934,125,-236,-533,-143
2025-11-27T16:56:23.289856,111,60,287,497,93,58,42,47,-4772,7990,8205,-10700,-721,-2077,174,-202,-539,-117
2025-11-27T16:56:23.309562,119,67,324,509,82,53,37,48,-4741,7923,8238,-10739,-716,-2056,172,-49,-469,-82
2025-11-27T16:56:23.327212,120,57,268,429,80,54,34,48,-4705,7863,8264,-10779,-720,-2013,174,-38,-452,-36
2025-11-27T16:56:23.349758,118,56,231,422,60,47,26,45,-4657,7815,8298,-10809,-703,-1981,206,-164,-421,4
2025-11-27T16:56:23.369545,96,58,251,416,52,37,26,43,-4612,7772,8332,-10833,-662,-1993,221,-191,-374,25
2025-11-27T16:56:23.386978,69,60,248,362,50,33,23,34,-4581,7733,8360,-10852,-607,-1995,182,-129,-307,15
2025-11-27T16:56:23.409324,56,72,210,368,41,28,22,37,-4574,7700,8375,-10867,-558,-1945,195,-43,-180,-12
2025-11-27T16:56:23.429171,111,138,219,360,37,26,24,42,-4583,7679,8383,-10871,-558,-1958,190,-19,-52,-32
2025-11-27T16:56:23.447340,117,187,213,338,37,26,27,75,-4612,7671,8373,-10873,-577,-2017,234,53,94,-33
2025-11-27T16:56:23.470645,118,200,187,343,43,25,27,94,-4666,7673,8334,-10879,-593,-2131,309,190,250,1
2025-11-27T16:56:23.488608,118,205,185,346,50,26,27,100,-4745,7688,8248,-10899,-640,-2137,380,425,415,69
2025-11-27T16:56:23.511100,118,209,178,295,80,35,28,118,-4833,7723,8129,-10925,-668,-2097,486,510,568,162
2025-11-27T16:56:23.529984,73,182,153,290,88,37,28,117,-4934,7779,7985,-10946,-732,-2150,550,570,744,224
2025-11-27T16:56:23.548840,67,134,137,259,101,38,29,102,-5050,7854,7807,-10969,-800,-2166,593,711,912,289
2025-11-27T16:56:23.571779,66,112,138,220,107,45,28,89,-5178,7946,7592,-10993,-872,-2068,601,856,1061,347
2025-11-27T16:56:23.589111,61,100,145,260,125,56,35,86,-5309,8061,7364,-11002,-957,-2040,570,865,1208,373
2025-11-27T16:56:23.611845,57,86,121,294,158,106,50,60,-5417,8195,7143,-10995,-1232,-1775,499,730,1222,283
2025-11-27T16:56:23.631009,50,68,114,303,185,135,67,65,-5515,8325,6978,-10955,-1411,-1823,322,510,1119,23
2025-11-27T16:56:23.650006,43,61,109,298,198,153,78,59,-5630,8435,6845,-10897,-1050,-1810,386,403,1120,-27
2025-11-27T16:56:23.672131,36,59,103,298,231,163,82,52,-5748,8548,6708,-10832,-1041,-1840,348,428,1153,-18
2025-11-27T16:56:23.699305,35,57,99,296,316,215,97,47,-5844,8671,6598,-10751,-1197,-2004,190,290,1092,-59
2025-11-27T16:56:23.717298,31,54,98,293,352,227,100,43,-5947,8757,6501,-10683,-1245,-1950,104,405,893,-218
2025-11-27T16:56:23.732083,33,53,107,296,369,229,94,39,-6100,8798,6401,-10623,-1038,-2032,67,700,816,-357
2025-11-27T16:56:23.750924,33,53,108,302,392,233,90,41,-6278,8837,6281,-10558,-899,-1847,76,838,930,-380
2025-11-27T16:56:23.770210,33,53,110,335,406,258,96,41,-6431,8906,6184,-10465,-907,-1724,103,529,1029,-386
2025-11-27T16:56:23.791803,33,54,74,322,375,241,91,41,-6531,9040,6163,-10300,-806,-1724,-68,-130,1174,-407
2025-11-27T16:56:23.810959,34,54,88,367,506,307,113,40,-6583,9167,6230,-10111,-857,-1949,-332,-499,876,-566
2025-11-27T16:56:23.829800,31,48,80,382,524,315,123,41,-6651,9218,6356,-9942,-576,-2082,-453,-389,453,-774
2025-11-27T16:56:23.852503,33,54,82,393,540,376,138,43,-6788,9182,6437,-9829,-131,-2217,-292,219,283,-700
2025-11-27T16:56:23.871971,33,53,82,372,524,384,146,50,-6956,9124,6427,-9772,46,-1968,-140,717,346,-410
2025-11-27T16:56:23.897317,34,53,85,355,514,377,141,48,-7099,9084,6387,-9733,-90,-1780,-286,815,342,-273
2025-11-27T16:56:23.912262,32,55,134,299,358,318,120,47,-7212,9034,6359,-9714,-249,-1635,-242,728,150,-291
2025-11-27T16:56:23.931532,32,56,151,286,310,303,108,42,-7284,8987,6374,-9695,-41,-1621,-59,363,10,-189
2025-11-27T16:56:23.949185,34,49,158,290,251,214,85,41,-7325,8970,6400,-9663,91,-1576,10,92,69,-26
2025-11-27T16:56:23.972861,37,51,166,284,242,159,65,35,-7319,8992,6450,-9613,91,-1604,3,-277,96,92
2025-11-27T16:56:23.998713,34,48,165,273,212,140,63,35,-7271,9045,6525,-9549,87,-1721,-82,-553,68,202
2025-11-27T16:56:24.009802,33,38,122,368,204,124,60,36,-7176,9111,6601,-9505,-34,-1880,-93,-696,-60,397
2025-11-27T16:56:24.032337,32,35,138,388,202,112,61,36,-7061,9171,6656,-9496,-167,-2005,-102,-605,-192,554
2025-11-27T16:56:24.051705,35,39,149,407,196,103,56,32,-6953,9207,6680,-9523,-290,-2067,-78,-364,-292,623
2025-11-27T16:56:24.070163,57,64,154,427,197,119,59,35,-6846,9226,6687,-9578,-362,-1986,-62,-209,-387,658
2025-11-27T16:56:24.092322,63,69,189,442,202,122,55,36,-6748,9232,6680,-9646,-440,-1911,-50,-85,-416,630
2025-11-27T16:56:24.111590,64,82,193,366,194,118,55,39,-6646,9237,6684,-9709,-469,-1863,4,-173,-433,581
2025-11-27T16:56:24.129506,70,85,200,384,213,124,53,41,-6526,9253,6702,-9763,-591,-1891,-11,-317,-443,557
2025-11-27T16:56:24.152359,77,91,241,366,242,177,81,41,-6399,9272,6733,-9808,-645,-1928,-30,-407,-453,518
2025-11-27T16:56:24.171956,66,75,236,357,288,210,92,38,-6274,9288,6780,-9841,-621,-1907,-41,-478,-452,440
2025-11-27T16:56:24.189715,62,73,233,404,312,213,94,40,-6167,9284,6813,-9889,-714,-1911,18,-328,-487,373
2025-11-27T16:56:24.212317,61,61,236,396,302,212,93,42,-6061,9266,6840,-9952,-874,-1874,17,-241,-565,311
2025-11-27T16:56:24.231447,57,73,228,426,309,235,99,42,-5978,9227,6875,-10015,-958,-1878,-15,-134,-611,119
2025-11-27T16:56:24.249990,59,83,207,441,305,214,88,46,-5918,9170,6930,-10065,-924,-1780,28,-143,-605,-97
2025-11-27T16:56:24.272142,60,83,209,446,260,171,69,44,-5871,9111,6994,-10101,-973,-1698,125,-209,-541,-248
2025-11-27T16:56:24.291533,60,84,196,490,240,164,64,41,-5794,9057,7073,-10139,-1234,-1727,181,-389,-624,-301
2025-11-27T16:56:24.309753,60,84,212,505,256,161,68,36,-5688,9005,7195,-10160,-1349,-1861,162,-665,-717,-399
2025-11-27T16:56:24.331942,59,71,197,439,219,114,57,44,-5605,8928,7318,-10186,-1250,-1942,257,-594,-746,-473
2025-11-27T16:56:24.351471,43,47,154,424,198,88,41,43,-5571,8834,7417,-10215,-1076,-2048,268,-320,-640,-503
2025-11-27T16:56:24.369838,34,47,205,506,188,80,43,45,-5557,8755,7491,-10237,-1005,-1936,234,-206,-480,-473
2025-11-27T16:56:24.392224,30,41,199,412,168,74,48,44,-5522,8690,7576,-10248,-1135,-1885,240,-364,-469,-498
2025-11-27T16:56:24.411321,29,36,180,403,128,66,48,44,-5493,8615,7666,-10261,-1054,-2019,176,-303,-517,-495
2025-11-27T16:56:24.429736,29,38,187,407,120,66,48,37,-5459,8539,7761,-10271,-847,-1962,135,-330,-540,-415
2025-11-27T16:56:24.452295,40,39,219,428,92,55,49,37,-5401,8476,7868,-10272,-860,-2119,59,-448,-574,-335
2025-11-27T16:56:24.471492,66,37,186,333,83,55,47,36,-5325,8417,7966,-10285,-803,-2172,74,-462,-615,-176
2025-11-27T16:56:24.489389,76,38,193,439,74,51,43,39,-5247,8359,8039,-10316,-782,-2210,26,-307,-629,-46
2025-11-27T16:56:24.511890,77,44,214,545,70,45,40,42,-5143,8303,8095,-10369,-826,-2011,81,-292,-719,87
2025-11-27T16:56:24.534863,93,74,334,592,70,43,43,43,-5013,8254,8174,-10410,-867,-2058,-57,-425,-801,99
2025-11-27T16:56:24.549732,89,76,337,613,72,44,40,40,-4902,8178,8235,-10474,-824,-2027,66,-260,-849,73
2025-11-27T16:56:24.572936,76,82,352,657,102,77,47,41,-4820,8100,8273,-10542,-678,-1998,132,-110,-739,101
2025-11-27T16:56:24.594786,68,83,351,592,109,88,51,39,-4749,8025,8308,-10605,-691,-1846,132,-83,-683,39
2025-11-27T16:56:24.609494,72,83,359,535,111,92,50,35,-4701,7948,8355,-10647,-538,-1813,156,-131,-576,-51
2025-11-27T16:56:24.632206,98,62,278,520,193,156,70,38,-4665,7871,8417,-10672,-592,-1937,147,-193,-528,-170
2025-11-27T16:56:24.655062,109,62,295,516,212,172,80,47,-4661,7797,8464,-10690,-515,-2078,190,-99,-376,-191
2025-11-27T16:56:24.669646,107,56,297,496,200,161,76,45,-4672,7739,8496,-10702,-492,-2010,179,-39,-238,-175
2025-11-27T16:56:24.692353,109,65,344,578,205,160,76,46,-4658,7706,8533,-10702,-582,-2009,133,-172,-196,-95
2025-11-27T16:56:24.714490,108,74,373,658,228,170,82,49,-4640,7668,8586,-10695,-440,-2219,43,-209,-257,-42
2025-11-27T16:56:24.730382,70,70,349,660,172,120,68,46,-4634,7637,8601,-10708,-664,-2102,48,9,-184,-72
2025-11-27T16:56:24.752322,77,67,317,660,147,98,61,42,-4636,7601,8600,-10734,-546,-1991,79,117,-184,-11
2025-11-27T16:56:24.774303,84,67,291,648,147,100,67,50,-4639,7574,8596,-10755,-630,-2021,70,118,-136,-35
2025-11-27T16:56:24.789756,83,58,243,587,134,96,67,51,-4634,7553,8588,-10777,-636,-2021,51,114,-140,22
2025-11-27T16:56:24.812209,82,40,155,436,85,72,58,64,-4620,7537,8584,-10798,-645,-2019,49,71,-144,59
2025-11-27T16:56:24.834799,82,37,153,384,63,63,59,116,-4611,7517,8568,-10828,-607,-2058,113,131,-148,98
2025-11-27T16:56:24.849840,58,33,141,302,51,54,56,130,-4610,7497,8537,-10867,-621,-2024,199,196,-106,111
2025-11-27T16:56:24.872168,46,28,129,228,44,43,50,135,-4634,7473,8478,-10920,-572,-2068,336,347,-20,136
2025-11-27T16:56:24.892191,40,45,119,239,46,33,44,144,-4679,7454,8392,-10980,-553,-2111,459,474,108,173
2025-11-27T16:56:24.907326,37,48,120,277,45,30,43,139,-4735,7469,8288,-11024,-629,-2165,506,457,330,226
2025-11-27T16:56:24.930578,29,49,118,277,51,26,33,108,-4823,7493,8136,-11083,-638,-2179,646,692,521,280
2025-11-27T16:56:24.954790,25,52,145,293,75,28,28,99,-4920,7554,7956,-11130,-700,-2122,692,726,761,374
2025-11-27T16:56:24.969889,26,54,144,295,85,33,27,100,-5019,7651,7757,-11160,-810,-2137,688,709,973,446
2025-11-27T16:56:24.992531,32,40,121,255,89,35,27,87,-5140,7769,7526,-11182,-910,-2143,670,862,1178,454
2025-11-27T16:56:25.014706,34,39,123,232,118,52,32,88,-5276,7902,7267,-11195,-957,-2065,584,1012,1324,476
2025-11-27T16:56:25.037295,37,69,130,275,272,174,69,81,-5426,8063,6988,-11187,-1058,-1771,569,1022,1544,422
2025-11-27T16:56:25.052863,36,72,103,292,300,206,90,70,-5595,8254,6750,-11110,-1191,-1492,352,826,1782,258
2025-11-27T16:56:25.082697,36,72,103,279,303,221,102,53,-5713,8506,6583,-10959,-1258,-1463,224,134,1961,242
2025-11-27T16:56:25.093920,31,72,100,270,307,224,104,50,-5792,8779,6455,-10778,-1393,-1526,11,-213,1954,254
2025-11-27T16:56:25.112218,34,72,77,262,306,231,107,46,-5844,9024,6369,-10597,-1324,-1861,-56,-381,1711,196
2025-11-27T16:56:25.134792,32,50,71,218,206,174,90,39,-5910,9228,6276,-10439,-1179,-1979,-144,-65,1469,76
2025-11-27T16:56:25.156042,31,45,61,177,176,148,76,37,-6011,9388,6185,-10291,-1102,-1819,-224,169,1349,-132
2025-11-27T16:56:25.172755,32,45,61,184,183,136,63,34,-6137,9515,6120,-10138,-1076,-1842,-315,249,1234,-368
2025-11-27T16:56:25.194759,33,46,58,189,180,133,59,35,-6279,9602,6074,-9995,-951,-1827,-315,332,1063,-504
2025-11-27T16:56:25.209783,29,43,62,169,203,141,59,30,-6425,9631,6073,-9875,-892,-1908,-315,365,705,-699
2025-11-27T16:56:25.232343,26,36,46,139,209,148,62,30,-6549,9633,6111,-9768,-646,-1928,-260,214,463,-672
2025-11-27T16:56:25.254599,27,46,50,166,214,149,61,33,-6654,9620,6163,-9676,-495,-1971,-275,180,291,-590
2025-11-27T16:56:25.269664,27,45,56,168,238,154,62,33,-6757,9581,6218,-9608,-459,-2048,-195,232,139,-570
2025-11-27T16:56:25.291887,30,48,62,170,274,203,88,37,-6858,9520,6264,-9567,-330,-2060,-154,347,9,-469
2025-11-27T16:56:25.314850,31,51,68,222,305,227,94,39,-6952,9455,6290,-9547,-142,-1911,-106,422,-33,-290
2025-11-27T16:56:25.329853,33,52,74,244,298,239,96,42,-7020,9408,6316,-9527,-12,-1811,-133,316,-32,-125
2025-11-27T16:56:25.352316,31,42,72,219,343,264,98,39,-7054,9374,6347,-9514,28,-1725,-162,189,-100,13
2025-11-27T16:56:25.383051,32,44,71,227,328,264,101,39,-7066,9340,6375,-9520,-73,-1833,-142,159,-203,105
2025-11-27T16:56:25.389743,31,42,93,233,347,267,89,38,-7068,9307,6375,-9551,-83,-1791,6,199,-202,273
2025-11-27T16:56:25.412221,33,47,121,331,329,243,87,42,-7053,9308,6364,-9569,-125,-1726,34,57,-59,373
2025-11-27T16:56:25.434698,31,47,136,362,324,224,86,42,-7015,9336,6366,-9567,-95,-1634,31,-171,19,423
2025-11-27T16:56:25.457336,40,50,138,394,348,262,114,46,-6928,9393,6400,-9552,-166,-1800,23,-535,-38,511
2025-11-27T16:56:25.472543,41,48,138,396,353,263,115,47,-6817,9450,6426,-9558,-307,-1900,1,-533,-141,624
2025-11-27T16:56:25.494696,54,49,150,425,309,229,109,48,-6714,9490,6430,-9590,-377,-1931,19,-360,-207,671
2025-11-27T16:56:25.517360,63,44,131,376,308,247,110,44,-6616,9523,6428,-9625,-465,-1882,-46,-272,-231,621
2025-11-27T16:56:25.532140,67,41,115,367,357,266,109,42,-6528,9540,6428,-9669,-523,-1875,-3,-208,-285,544
2025-11-27T16:56:25.554849,73,40,126,447,284,192,79,41,-6449,9546,6427,-9717,-569,-1914,27,-165,-307,497
2025-11-27T16:56:25.577035,88,57,170,489,289,207,72,39,-6364,9551,6426,-9768,-639,-1892,13,-165,-338,489
2025-11-27T16:56:25.592368,107,72,163,486,290,210,75,36,-6276,9556,6431,-9818,-704,-1842,2,-198,-350,448
2025-11-27T16:56:25.614655,114,73,180,517,255,184,64,35,-6183,9564,6447,-9858,-746,-1833,-42,-257,-357,391
2025-11-27T16:56:25.637339,129,80,185,498,202,167,64,38,-6100,9556,6471,-9901,-846,-1812,-33,-219,-411,265
2025-11-27T16:56:25.652370,134,134,198,412,204,179,67,35,-6012,9547,6504,-9943,-1018,-1818,-50,-253,-446,163
2025-11-27T16:56:25.674561,127,131,181,390,203,157,67,39,-5932,9528,6539,-9985,-1117,-1808,-26,-233,-462,61
2025-11-27T16:56:25.697265,105,128,180,423,198,159,71,41,-5864,9500,6600,-10011,-1092,-1779,-69,-276,-475,-109
2025-11-27T16:56:25.712150,92,128,200,466,211,176,79,46,-5810,9455,6679,-10033,-1123,-1714,-51,-278,-516,-301
2025-11-27T16:56:25.734680,69,125,217,484,196,165,76,46,-5747,9412,6768,-10051,-1184,-1720,-8,-381,-528,-330
2025-11-27T16:56:25.758207,45,62,203,486,211,167,75,46,-5672,9374,6861,-10066,-1251,-1755,25,-463,-527,-333
2025-11-27T16:56:25.772877,35,60,221,510,191,159,82,45,-5610,9332,6961,-10071,-1223,-1819,-4,-457,-494,-399
2025-11-27T16:56:25.794056,38,55,249,504,204,150,78,49,-5554,9279,7073,-10073,-1228,-1873,4,-473,-530,-485
2025-11-27T16:56:25.817258,39,54,244,458,209,133,78,50,-5513,9202,7170,-10097,-1268,-1821,101,-326,-589,-553
2025-11-27T16:56:25.831912,34,51,230,446,201,136,80,49,-5472,9117,7271,-10125,-1203,-1840,153,-338,-631,-544
2025-11-27T16:56:25.854891,34,57,262,471,160,115,73,51,-5426,9032,7379,-10147,-1159,-1876,162,-398,-638,-540
2025-11-27T16:56:25.877681,35,53,247,425,151,107,64,51,-5388,8942,7486,-10170,-1066,-2012,190,-375,-631,-511
2025-11-27T16:56:25.891926,31,47,231,385,129,100,58,48,-5360,8847,7581,-10196,-965,-2068,169,-276,-614,-465
2025-11-27T16:56:25.919094,29,41,210,417,102,68,43,43,-5329,8761,7664,-10225,-957,-1954,137,-229,-587,-414
2025-11-27T16:56:25.937830,32,41,217,457,90,53,44,45,-5280,8683,7761,-10243,-921,-1943,95,-358,-608,-382
2025-11-27T16:56:25.952319,31,37,175,426,90,55,43,41,-5226,8604,7864,-10259,-883,-1995,89,-392,-630,-365
2025-11-27T16:56:25.975204,30,36,158,417,86,58,45,42,-5172,8526,7966,-10273,-776,-2081,69,-392,-623,-302
2025-11-27T16:56:25.996892,31,43,172,432,122,76,51,39,-5130,8445,8040,-10304,-763,-2076,83,-214,-599,-242
2025-11-27T16:56:26.012258,30,46,193,396,127,89,57,39,-5066,8376,8123,-10326,-798,-2037,-18,-301,-629,-198
2025-11-27T16:56:26.034781,40,54,252,363,125,84,54,38,-4985,8304,8210,-10355,-805,-1961,-53,-325,-710,-168
2025-11-27T16:56:26.057337,47,54,259,389,124,82,54,37,-4914,8220,8293,-10390,-709,-2028,-14,-268,-735,-154
2025-11-27T16:56:26.072320,50,55,263,464,124,81,52,37,-4850,8136,8354,-10437,-761,-1873,88,-177,-695,-160
2025-11-27T16:56:26.094398,51,51,255,535,87,68,49,37,-4787,8061,8428,-10465,-738,-1971,45,-276,-634,-175
2025-11-27T16:56:26.117262,52,61,321,615,99,53,44,38,-4747,7979,8488,-10497,-704,-2015,130,-180,-564,-215
2025-11-27T16:56:26.132393,48,54,284,689,124,71,45,34,-4732,7903,8537,-10522,-634,-2026,125,-96,-440,-237
2025-11-27T16:56:26.154819,42,54,298,735,158,106,58,35,-4730,7846,8570,-10539,-529,-2035,199,-93,-272,-143
2025-11-27T16:56:26.178154,42,68,324,705,176,116,63,34,-4724,7824,8599,-10534,-601,-1972,103,-162,-108,-107
2025-11-27T16:56:26.192092,48,68,319,720,190,121,62,34,-4712,7813,8629,-10523,-653,-2088,110,-224,-75,-79
2025-11-27T16:56:26.214761,63,63,277,676,180,124,63,35,-4717,7786,8668,-10508,-455,-2310,-28,-126,-107,-72
2025-11-27T16:56:26.237265,78,62,266,609,173,119,63,35,-4731,7757,8652,-10537,-722,-2068,43,195,-101,-79
2025-11-27T16:56:26.251955,100,64,270,604,148,92,52,38,-4735,7725,8652,-10558,-504,-2040,-48,146,-168,0
2025-11-27T16:56:26.274833,127,51,245,642,123,80,50,43,-4721,7700,8652,-10583,-700,-2012,-32,93,-203,-14
2025-11-27T16:56:26.297249,151,57,237,586,99,77,54,54,-4693,7675,8659,-10608,-613,-1977,-52,44,-260,59
2025-11-27T16:56:26.319731,179,51,186,516,92,70,50,57,-4653,7658,8679,-10622,-628,-1985,-36,-88,-260,68
2025-11-27T16:56:26.334648,179,55,180,504,70,59,45,76,-4622,7639,8681,-10647,-609,-2060,23,7,-229,118
2025-11-27T16:56:26.357537,170,54,136,422,55,52,46,110,-4602,7627,8671,-10672,-580,-2006,37,64,-148,141
2025-11-27T16:56:26.380075,154,53,106,325,55,45,41,114,-4587,7623,8645,-10702,-606,-2050,164,76,-71,191
2025-11-27T16:56:26.394753,130,45,104,309,48,31,33,110,-4600,7624,8591,-10740,-506,-2120,296,206,76,262
2025-11-27T16:56:26.417320,81,46,118,342,43,29,34,112,-4637,7651,8500,-10777,-520,-2113,415,307,316,340
2025-11-27T16:56:26.439852,65,41,118,333,47,28,32,108,-4683,7706,8390,-10805,-610,-2196,446,331,508,402
2025-11-27T16:56:26.454798,59,49,160,320,53,35,28,80,-4755,7775,8238,-10840,-621,-2210,545,507,694,481
2025-11-27T16:56:26.477668,46,50,173,323,58,34,26,74,-4849,7862,8047,-10879,-701,-2236,587,693,881,531
2025-11-27T16:56:26.499305,41,50,172,259,87,46,28,73,-4971,7962,7810,-10924,-803,-2196,610,938,1068,559
2025-11-27T16:56:26.514762,32,48,155,207,135,84,34,69,-5118,8083,7536,-10960,-909,-2062,605,1105,1285,544
2025-11-27T16:56:26.536863,31,51,154,223,192,172,83,56,-5272,8232,7250,-10968,-1033,-1739,559,1072,1495,467
2025-11-27T16:56:26.559751,28,39,109,236,215,199,93,44,-5410,8412,7011,-10920,-1140,-1594,299,780,1580,295
2025-11-27T16:56:26.574808,27,36,87,233,214,206,97,40,-5525,8592,6823,-10841,-1240,-1622,229,484,1506,148
2025-11-27T16:56:26.597272,28,39,79,279,221,210,99,37,-5633,8758,6670,-10748,-1182,-1805,141,375,1400,96
2025-11-27T16:56:26.619803,28,42,172,296,232,231,114,38,-5759,8906,6526,-10647,-1042,-1894,70,451,1370,39
2025-11-27T16:56:26.634393,29,39,191,324,230,203,98,38,-5859,9071,6429,-10511,-1020,-1865,-209,210,1332,-37
2025-11-27T16:56:26.657376,31,41,195,335,244,205,97,35,-5931,9195,6368,-10400,-1256,-1807,-309,173,950,-216
2025-11-27T16:56:26.679449,35,43,198,335,290,227,105,42,-6044,9242,6340,-10311,-949,-2102,-267,370,651,-377
2025-11-27T16:56:26.694788,34,40,201,303,359,291,128,42,-6197,9257,6265,-10252,-527,-1923,-163,742,666,-214
2025-11-27T16:56:26.717323,37,48,194,389,350,277,119,40,-6339,9300,6155,-10192,-536,-1683,-99,731,831,-70
2025-11-27T16:56:26.739876,37,50,195,361,393,299,123,39,-6377,9403,6131,-10088,-812,-1541,-285,-44,726,-119
2025-11-27T16:56:26.754853,39,48,193,413,379,293,126,43,-6411,9462,6170,-9987,-854,-1668,-334,-154,413,-387
2025-11-27T16:56:26.777895,44,49,190,418,351,283,133,54,-6479,9464,6241,-9896,-333,-1926,-246,-53,230,-409
2025-11-27T16:56:26.799845,44,50,214,424,306,236,121,60,-6559,9462,6287,-9817,-58,-1606,-210,81,270,-291
2025-11-27T16:56:26.822322,48,42,166,410,308,228,120,67,-6641,9462,6348,-9722,-76,-1729,-122,-50,321,-370
2025-11-27T16:56:26.837286,48,41,147,415,247,191,112,67,-6664,9498,6441,-9609,-77,-1849,-291,-393,261,-230
2025-11-27T16:56:26.859245,45,39,146,352,245,177,102,65,-6637,9547,6515,-9528,-163,-2012,-387,-413,124,80
2025-11-27T16:56:26.874799,38,35,147,349,270,196,87,52,-6594,9584,6554,-9495,-226,-1943,-445,-206,-39,287
2025-11-27T16:56:26.897308,39,38,98,332,238,178,75,45,-6524,9616,6581,-9492,-372,-1817,-402,-198,-184,371
2025-11-27T16:56:26.919488,30,47,115,225,224,176,70,34,-6432,9639,6608,-9512,-447,-1826,-286,-270,-308,442
2025-11-27T16:56:26.935220,25,53,134,231,242,182,75,36,-6342,9648,6641,-9541,-492,-1898,-197,-283,-375,407
2025-11-27T16:56:26.957883,29,54,138,221,272,199,83,36,-6255,9644,6674,-9579,-526,-1940,-94,-278,-418,382
2025-11-27T16:56:26.979698,29,53,146,294,254,175,80,36,-6176,9635,6701,-9621,-582,-1983,-55,-235,-413,359
2025-11-27T16:56:26.994452,27,53,173,293,254,184,80,36,-6090,9627,6736,-9658,-655,-1963,-108,-277,-432,316
2025-11-27T16:56:27.025610,31,44,159,285,260,195,83,40,-6004,9604,6775,-9709,-743,-1970,-80,-237,-528,254
2025-11-27T16:56:27.048024,49,39,155,317,216,182,73,43,-5915,9561,6810,-9781,-836,-1950,-43,-158,-653,231
2025-11-27T16:56:27.051693,52,46,169,383,196,159,62,42,-5805,9515,6860,-9856,-971,-1903,-83,-246,-759,184
2025-11-27T16:56:27.075251,52,48,174,398,199,154,62,42,-5706,9442,6928,-9936,-988,-1926,-28,-230,-870,31
2025-11-27T16:56:27.098801,52,44,156,451,246,149,59,41,-5636,9341,7002,-10018,-930,-1904,40,-121,-899,-131
2025-11-27T16:56:27.114236,51,49,174,468,254,152,59,38,-5576,9242,7065,-10100,-964,-1833,84,-73,-843,-156
2025-11-27T16:56:27.136683,36,57,172,434,255,146,62,32,-5514,9146,7126,-10178,-1086,-1751,159,-115,-807,-220
2025-11-27T16:56:27.159838,49,57,176,451,242,144,62,38,-5454,9057,7200,-10238,-1119,-1733,158,-207,-751,-312
2025-11-27T16:56:27.174666,58,56,191,477,234,137,58,39,-5383,8974,7307,-10273,-1102,-1831,158,-432,-741,-389
2025-11-27T16:56:27.197285,57,57,183,450,170,118,54,38,-5326,8881,7406,-10312,-1069,-1901,232,-364,-724,-399
2025-11-27T16:56:27.219448,57,53,180,470,145,82,46,36,-5290,8786,7482,-10357,-1003,-1928,252,-209,-647,-364
2025-11-27T16:56:27.235027,56,42,169,556,142,77,44,37,-5248,8712,7559,-10386,-1025,-1923,170,-268,-569,-343
2025-11-27T16:56:27.257212,41,38,151,540,132,88,50,26,-5208,8630,7633,-10420,-1016,-1902,181,-232,-594,-358
2025-11-27T16:56:27.279832,38,42,193,490,122,84,53,35,-5180,8544,7705,-10452,-879,-1949,189,-185,-570,-335
2025-11-27T16:56:27.294556,44,42,202,513,119,79,54,36,-5140,8469,7778,-10478,-919,-1889,131,-225,-564,-318
2025-11-27T16:56:27.325494,48,44,208,537,109,80,53,39,-5108,8386,7857,-10502,-847,-1944,121,-210,-571,-342
2025-11-27T16:56:27.339764,52,48,225,463,104,74,51,42,-5066,8306,7941,-10522,-891,-2017,69,-249,-600,-340
2025-11-27T16:56:27.362265,63,52,269,496,99,59,44,43,-5012,8229,8020,-10549,-817,-2035,67,-249,-631,-227
2025-11-27T16:56:27.377051,66,55,277,539,93,61,42,35,-4954,8156,8093,-10577,-774,-2036,17,-213,-633,-164
2025-11-27T16:56:27.399841,63,63,315,536,92,61,43,36,-4893,8086,8159,-10609,-669,-2014,87,-227,-607,-71
2025-11-27T16:56:27.422167,62,63,324,526,88,60,44,36,-4809,8034,8222,-10638,-783,-2009,-15,-268,-617,6
2025-11-27T16:56:27.437757,70,65,317,567,79,56,44,35,-4724,7977,8269,-10682,-764,-1952,25,-183,-647,69
2025-11-27T16:56:27.459834,92,68,280,524,112,94,52,44,-4634,7911,8324,-10728,-745,-1888,37,-215,-709,41
2025-11-27T16:56:27.482212,95,75,250,466,138,115,59,45,-4554,7836,8381,-10772,-619,-1953,140,-230,-693,46
2025-11-27T16:56:27.497303,153,86,253,492,140,115,58,54,-4498,7767,8436,-10803,-577,-1926,149,-211,-561,-25
2025-11-27T16:56:27.519957,173,92,325,521,151,114,56,53,-4446,7708,8488,-10826,-602,-2063,177,-245,-484,-7
2025-11-27T16:56:27.542338,171,94,369,549,153,115,55,53,-4405,7668,8528,-10840,-576,-2013,133,-205,-342,28
2025-11-27T16:56:27.557875,157,91,372,541,131,87,48,47,-4370,7635,8564,-10849,-577,-2008,174,-218,-276,26
2025-11-27T16:56:27.576939,164,94,361,604,103,53,36,50,-4328,7614,8606,-10848,-737,-1974,85,-261,-255,-30
2025-11-27T16:56:27.601106,137,88,353,609,99,53,38,47,-4316,7574,8645,-10849,-567,-2064,108,-156,-226,-90
2025-11-27T16:56:27.616414,116,84,278,587,81,54,39,47,-4337,7524,8655,-10868,-565,-2096,138,97,-171,-139
2025-11-27T16:56:27.639251,120,84,224,524,75,46,37,58,-4370,7480,8649,-10889,-536,-2096,144,192,-92,-108
2025-11-27T16:56:27.662365,120,95,221,528,73,43,34,60,-4395,7464,8624,-10911,-606,-2015,214,167,24,0
2025-11-27T16:56:27.677232,109,91,218,492,65,41,32,68,-4412,7472,8590,-10924,-619,-2082,256,100,133,118
2025-11-27T16:56:27.699815,108,91,224,529,62,35,27,73,-4431,7504,8538,-10936,-626,-2094,330,103,266,233
2025-11-27T16:56:27.722366,107,97,221,481,63,32,31,92,-4454,7558,8466,-10945,-646,-2090,323,147,401,316
2025-11-27T16:56:27.737697,106,106,217,469,95,40,40,136,-4499,7627,8371,-10952,-670,-2039,326,268,556,324
2025-11-27T16:56:27.759808,104,99,217,466,104,45,42,165,-4571,7701,8257,-10958,-664,-2040,335,401,690,300
2025-11-27T16:56:27.781851,103,132,220,496,111,46,44,167,-4682,7769,8115,-10968,-640,-2101,359,630,808,245
2025-11-27T16:56:27.797291,69,132,160,399,123,47,44,167,-4807,7837,7950,-10987,-694,-2098,387,775,862,247
2025-11-27T16:56:27.819764,58,131,147,401,132,53,50,168,-4927,7905,7775,-11010,-848,-2030,417,809,852,215
2025-11-27T16:56:27.841876,46,122,130,381,132,49,43,137,-5055,7968,7588,-11037,-888,-2045,472,881,866,199
2025-11-27T16:56:27.857059,42,120,146,351,124,56,47,103,-5189,8032,7382,-11067,-972,-1992,532,963,914,196
2025-11-27T16:56:27.880275,32,88,138,220,171,128,68,97,-5326,8109,7177,-11082,-1010,-1976,557,907,1008,177
2025-11-27T16:56:27.902299,32,106,148,240,222,197,101,101,-5468,8204,6965,-11078,-1067,-1855,508,897,1132,148
2025-11-27T16:56:27.917057,38,120,145,348,303,261,120,87,-5595,8315,6766,-11055,-1180,-1758,387,788,1152,99
2025-11-27T16:56:27.940146,38,118,140,350,338,282,126,75,-5704,8440,6599,-11005,-1320,-1806,311,574,1152,12
2025-11-27T16:56:27.961962,40,115,111,358,344,295,137,70,-5809,8557,6452,-10947,-1336,-1783,257,506,1084,-74
2025-11-27T16:56:27.977469,42,111,109,365,335,293,137,69,-5943,8657,6320,-10874,-1138,-1741,192,565,1099,-194
2025-11-27T16:56:27.999806,40,86,80,327,328,277,126,49,-6078,8763,6228,-10766,-1023,-1693,84,380,1133,-333
2025-11-27T16:56:28.022304,36,74,68,240,305,238,109,40,-6217,8866,6163,-10639,-1034,-1697,-48,316,1106,-485
2025-11-27T16:56:28.037516,37,86,78,242,369,248,114,40,-6341,8977,6151,-10479,-865,-1747,-141,29,1080,-560
2025-11-27T16:56:28.059741,39,88,82,239,418,273,115,44,-6450,9084,6178,-10304,-682,-1797,-271,-129,992,-574
2025-11-27T16:56:28.082746,35,88,110,253,415,260,107,41,-6553,9167,6240,-10125,-520,-1952,-277,-229,846,-623
2025-11-27T16:56:28.097240,35,89,114,264,487,279,109,42,-6668,9214,6287,-9977,-403,-2126,-287,9,688,-550
2025-11-27T16:56:28.119767,34,72,127,311,491,283,111,47,-6784,9225,6292,-9885,-298,-2083,-325,372,488,-336
2025-11-27T16:56:28.142009,33,59,121,324,433,263,105,47,-6900,9192,6249,-9863,-400,-1801,-250,748,237,-232
2025-11-27T16:56:28.160435,33,69,135,335,433,283,104,43,-7017,9129,6220,-9858,-240,-1646,-82,725,92,-265
2025-11-27T16:56:28.177504,34,69,112,345,440,289,104,45,-7103,9101,6229,-9816,-67,-1542,26,280,196,-226
2025-11-27T16:56:28.200867,32,68,134,339,349,250,91,45,-7143,9134,6270,-9731,-133,-1697,14,-203,356,-163
2025-11-27T16:56:28.217225,30,69,140,290,312,234,83,39,-7131,9202,6336,-9631,-91,-1807,-102,-510,332,11
2025-11-27T16:56:28.240225,33,68,152,302,312,240,81,36,-7067,9285,6424,-9540,-60,-1919,-230,-718,166,200
2025-11-27T16:56:28.262148,31,56,138,288,236,167,62,34,-6975,9356,6497,-9488,-167,-2047,-215,-669,-21,376
2025-11-27T16:56:28.277269,30,53,137,260,220,143,55,30,-6894,9394,6527,-9490,-272,-2112,-91,-366,-153,491
2025-11-27T16:56:28.299387,33,72,136,291,216,138,56,30,-6833,9407,6511,-9532,-409,-2036,-36,-36,-202,544
2025-11-27T16:56:28.322240,33,79,121,276,212,142,58,30,-6772,9412,6483,-9589,-524,-1939,4,36,-247,529
2025-11-27T16:56:28.345432,29,86,109,262,209,139,60,36,-6706,9411,6473,-9643,-559,-1893,46,-51,-296,454
2025-11-27T16:56:28.359334,28,88,146,275,217,142,59,35,-6634,9408,6483,-9689,-538,-1895,49,-158,-342,403
2025-11-27T16:56:28.382516,28,84,150,333,217,149,64,40,-6546,9409,6505,-9733,-591,-1980,20,-243,-390,413
2025-11-27T16:56:28.405076,27,74,136,337,254,183,70,44,-6446,9407,6531,-9784,-662,-1988,-6,-265,-459,431
2025-11-27T16:56:28.419764,28,81,154,354,263,184,71,43,-6364,9389,6547,-9845,-645,-1955,-21,-106,-486,394
2025-11-27T16:56:28.442885,32,82,180,429,237,170,69,41,-6293,9357,6548,-9920,-723,-1912,69,3,-508,366
2025-11-27T16:56:28.465512,33,79,155,438,238,163,67,47,-6210,9325,6539,-10007,-927,-1861,46,38,-559,354
2025-11-27T16:56:28.479734,32,77,156,413,249,188,78,43,-6129,9281,6542,-10096,-1036,-1754,44,39,-632,221
2025-11-27T16:56:28.502316,33,75,163,384,198,156,73,40,-6062,9221,6578,-10169,-991,-1709,89,-50,-670,14
2025-11-27T16:56:28.525518,34,62,171,385,187,145,70,42,-6005,9164,6637,-10215,-945,-1700,106,-169,-593,-121
2025-11-27T16:56:28.539483,32,59,174,304,235,180,87,45,-5940,9119,6700,-10252,-1037,-1657,136,-278,-548,-156
2025-11-27T16:56:28.570466,35,63,186,295,293,217,107,45,-5871,9074,6776,-10281,-1148,-1725,157,-357,-553,-236
2025-11-27T16:56:28.585387,40,66,203,297,284,192,99,49,-5808,9017,6870,-10305,-1158,-1713,175,-405,-600,-365
2025-11-27T16:56:28.599759,39,62,208,358,285,192,98,51,-5758,8948,6985,-10316,-1038,-1811,160,-436,-611,-464
2025-11-27T16:56:28.622727,38,55,190,339,276,188,98,50,-5716,8876,7105,-10320,-993,-1865,164,-445,-591,-494
2025-11-27T16:56:28.645305,35,49,194,340,238,148,81,47,-5681,8801,7210,-10330,-1052,-1878,154,-347,-571,-512
2025-11-27T16:56:28.659235,32,42,182,341,148,82,53,47,-5643,8724,7322,-10338,-1003,-1876,147,-381,-600,-513
2025-11-27T16:56:28.682230,29,35,165,342,130,70,48,41,-5606,8643,7438,-10343,-893,-2022,196,-420,-592,-478
2025-11-27T16:56:28.705488,31,35,183,404,115,56,47,37,-5562,8575,7542,-10348,-823,-2065,191,-416,-543,-343
2025-11-27T16:56:28.719751,47,38,201,485,102,45,49,45,-5514,8523,7632,-10351,-787,-2134,139,-398,-471,-223
2025-11-27T16:56:28.742710,64,36,185,513,83,42,47,45,-5456,8474,7704,-10368,-799,-2063,128,-330,-499,-128
2025-11-27T16:56:28.765479,111,44,204,542,79,44,50,45,-5388,8424,7772,-10394,-788,-2056,95,-303,-545,-65
2025-11-27T16:56:28.779759,121,48,218,546,98,72,59,50,-5302,8376,7847,-10421,-763,-2058,116,-392,-604,5
2025-11-27T16:56:28.802294,125,50,213,535,96,81,62,52,-5202,8324,7917,-10460,-800,-2115,133,-388,-672,70
2025-11-27T16:56:28.825353,120,50,212,533,96,87,63,46,-5101,8268,7974,-10510,-786,-1881,165,-324,-697,87
2025-11-27T16:56:28.839665,115,50,237,537,95,90,65,47,-4994,8211,8056,-10544,-792,-1945,48,-414,-731,13
2025-11-27T16:56:28.861877,79,47,230,520,88,91,62,44,-4887,8136,8141,-10587,-766,-2042,83,-387,-821,9
2025-11-27T16:56:28.885441,64,44,226,532,69,68,52,37,-4800,8050,8196,-10650,-805,-2008,117,-165,-805,-10
2025-11-27T16:56:28.899769,63,43,285,483,59,60,51,40,-4721,7959,8244,-10716,-761,-1949,123,-100,-799,-11
2025-11-27T16:56:28.922237,66,41,275,453,104,84,51,40,-4651,7869,8288,-10779,-691,-1982,189,-94,-740,3
2025-11-27T16:56:28.945381,61,40,246,410,110,90,50,41,-4597,7793,8315,-10837,-674,-1915,254,-63,-598,17
2025-11-27T16:56:28.967505,51,36,238,385,111,89,46,39,-4555,7729,8339,-10881,-644,-1945,253,-66,-476,15
2025-11-27T16:56:28.990486,50,36,225,335,110,90,45,43,-4524,7677,8353,-10921,-622,-1941,312,-59,-363,36
2025-11-27T16:56:29.004935,38,27,119,296,112,90,40,45,-4522,7634,8347,-10956,-568,-2005,360,46,-196,38
2025-11-27T16:56:29.019713,33,25,161,246,82,62,33,86,-4550,7611,8316,-10984,-556,-2100,427,147,33,58
2025-11-27T16:56:29.042249,33,36,159,341,83,48,31,104,-4608,7610,8255,-11006,-533,-2100,471,271,269,93
2025-11-27T16:56:29.065439,31,39,158,348,93,44,31,110,-4672,7645,8172,-11017,-593,-2099,502,272,484,185
2025-11-27T16:56:29.079726,29,40,159,357,97,40,29,112,-4741,7708,8067,-11021,-657,-2130,528,298,661,268
2025-11-27T16:56:29.102269,31,44,158,361,97,35,28,113,-4830,7793,7938,-11016,-701,-2207,499,405,850,303
2025-11-27T16:56:29.125483,29,45,143,364,90,35,29,86,-4951,7887,7758,-11024,-702,-2212,538,696,1029,376
2025-11-27T16:56:29.147425,26,42,141,255,90,46,31,63,-5083,7997,7535,-11039,-894,-2050,504,910,1154,387
2025-11-27T16:56:29.161816,28,42,137,237,135,97,49,52,-5217,8121,7295,-11048,-1010,-1794,526,918,1255,357
2025-11-27T16:56:29.185379,34,46,134,238,186,130,71,52,-5355,8253,7072,-11029,-1050,-1663,483,807,1332,233
2025-11-27T16:56:29.199801,35,47,135,227,198,143,80,45,-5491,8404,6891,-10963,-1010,-1584,427,517,1442,95
2025-11-27T16:56:29.222438,35,48,94,171,239,185,92,48,-5628,8569,6759,-10847,-1070,-1714,218,301,1502,-113
2025-11-27T16:56:29.253043,38,52,90,172,290,242,111,53,-5781,8710,6639,-10727,-1009,-1865,216,347,1446,-203
2025-11-27T16:56:29.268018,39,54,92,194,333,278,122,59,-5951,8834,6518,-10607,-940,-1799,132,459,1413,-283
2025-11-27T16:56:29.282236,34,51,89,191,327,272,113,53,-6058,9002,6470,-10433,-904,-1855,-193,-49,1384,-264
2025-11-27T16:56:29.304746,32,51,126,263,355,281,109,52,-6166,9138,6448,-10263,-868,-2089,-391,30,1167,-345
2025-11-27T16:56:29.327901,33,54,143,324,367,288,113,51,-6283,9228,6425,-10126,-684,-2230,-427,240,935,-288
2025-11-27T16:56:29.342221,31,55,148,334,354,269,107,45,-6420,9271,6335,-10057,-703,-2020,-265,698,779,-168
2025-11-27T16:56:29.364908,28,54,148,345,315,230,94,40,-6520,9331,6235,-9999,-603,-1740,-176,551,766,45
2025-11-27T16:56:29.395399,28,57,163,378,344,256,103,41,-6544,9421,6170,-9938,-781,-1585,-272,155,615,133
2025-11-27T16:56:29.402045,30,60,161,329,346,266,109,40,-6555,9470,6143,-9902,-817,-1850,-101,44,322,64
2025-11-27T16:56:29.424722,29,58,172,339,314,243,100,38,-6651,9467,6121,-9855,-343,-1774,33,327,387,-157
2025-11-27T16:56:29.447426,27,53,182,334,284,216,89,38,-6779,9474,6103,-9771,-370,-1687,26,318,597,-381
2025-11-27T16:56:29.462237,26,51,193,322,269,203,84,38,-6875,9509,6120,-9659,-485,-1768,-42,10,620,-450
2025-11-27T16:56:29.484773,25,48,180,281,212,167,73,33,-6918,9564,6187,-9530,-355,-1817,-271,-309,472,-372
2025-11-27T16:56:29.508024,22,39,155,282,164,131,64,34,-6899,9624,6281,-9421,-293,-1984,-363,-536,212,-144
2025-11-27T16:56:29.522274,23,35,133,233,152,107,56,31,-6841,9670,6363,-9362,-361,-2143,-361,-503,-42,106
2025-11-27T16:56:29.545576,22,33,139,305,149,100,51,30,-6783,9689,6407,-9354,-409,-2098,-302,-247,-203,258
2025-11-27T16:56:29.568142,25,44,123,311,151,102,50,26,-6741,9686,6423,-9377,-461,-1930,-214,-31,-248,266
2025-11-27T16:56:29.582011,28,46,135,330,158,96,47,31,-6698,9677,6434,-9409,-538,-1865,-129,-26,-283,246
2025-11-27T16:56:29.604750,28,45,132,343,156,100,47,30,-6638,9669,6458,-9444,-570,-1826,-66,-155,-337,248
2025-11-27T16:56:29.627903,29,53,140,324,153,102,51,33,-6558,9663,6501,-9476,-583,-1919,-100,-283,-414,259
2025-11-27T16:56:29.642251,31,59,122,273,153,107,56,38,-6465,9653,6554,-9514,-605,-2000,-106,-332,-502,284
2025-11-27T16:56:29.664781,30,51,129,267,160,106,55,36,-6364,9633,6606,-9565,-648,-2006,-135,-291,-593,308
2025-11-27T16:56:29.688069,28,49,136,287,145,100,56,36,-6269,9600,6652,-9630,-675,-1926,-120,-204,-657,280
2025-11-27T16:56:29.702266,27,52,144,311,135,83,55,37,-6169,9558,6707,-9697,-729,-1813,-60,-250,-711,210
2025-11-27T16:56:29.724768,25,48,139,314,194,120,58,39,-6062,9501,6773,-9775,-880,-1858,2,-289,-818,117
2025-11-27T16:56:29.748402,26,46,154,343,253,161,70,39,-5957,9433,6850,-9851,-919,-1916,31,-309,-868,45
2025-11-27T16:56:29.762137,24,54,163,355,264,169,71,39,-5855,9369,6931,-9917,-924,-1833,60,-361,-811,-10
2025-11-27T16:56:29.785203,26,63,151,332,269,177,74,38,-5770,9297,7009,-9979,-964,-1873,77,-293,-777,-92
2025-11-27T16:56:29.808010,28,63,151,318,273,181,76,38,-5700,9216,7079,-10044,-1004,-1833,101,-202,-763,-168
2025-11-27T16:56:29.822288,29,60,183,323,246,160,72,34,-5619,9139,7172,-10094,-1043,-1869,75,-347,-779,-237
2025-11-27T16:56:29.844644,28,55,171,353,199,119,58,30,-5550,9055,7263,-10143,-983,-1942,121,-318,-759,-247
2025-11-27T16:56:29.868025,27,48,161,343,172,105,56,32,-5495,8977,7331,-10194,-924,-1907,197,-227,-656,-186
2025-11-27T16:56:29.882234,26,36,171,349,155,88,51,36,-5440,8910,7396,-10234,-942,-1880,113,-229,-590,-190
2025-11-27T16:56:29.904789,26,32,197,349,138,77,47,38,-5399,8843,7459,-10269,-933,-1907,114,-182,-540,-235
2025-11-27T16:56:29.927932,29,29,162,372,107,68,42,48,-5348,8775,7525,-10306,-988,-1938,134,-237,-574,-229
2025-11-27T16:56:29.942289,40,34,199,328,75,53,44,52,-5291,8699,7595,-10348,-940,-1970,107,-214,-651,-209
2025-11-27T16:56:29.964309,74,34,200,326,57,45,42,53,-5236,8612,7667,-10395,-916,-1969,88,-175,-705,-232
2025-11-27T16:56:29.987876,83,38,189,345,47,39,43,54,-5186,8511,7744,-10446,-823,-1953,140,-163,-758,-256
2025-11-27T16:56:30.002296,92,40,188,339,48,41,42,53,-5116,8425,7833,-10485,-734,-1997,92,-298,-749,-147
2025-11-27T16:56:30.024802,98,44,191,311,48,42,45,45,-5018,8362,7914,-10521,-839,-2023,71,-387,-728,-21
2025-11-27T16:56:30.048281,108,49,176,415,53,39,39,43,-4916,8293,7985,-10570,-867,-2034,27,-298,-786,23
2025-11-27T16:56:30.062180,96,51,192,426,55,41,40,40,-4817,8213,8042,-10635,-840,-2029,40,-180,-839,58
2025-11-27T16:56:30.084659,96,53,207,414,51,39,44,40,-4730,8123,8076,-10717,-835,-1880,142,-41,-830,59
2025-11-27T16:56:30.108033,95,50,180,419,47,38,43,37,-4651,8039,8119,-10782,-745,-1869,155,-111,-757,34
2025-11-27T16:56:30.122272,89,51,182,454,49,40,41,37,-4577,7964,8162,-10837,-760,-1907,183,-156,-677,28
2025-11-27T16:56:30.144217,76,45,154,340,42,40,40,34,-4522,7887,8199,-10889,-673,-1956,130,-50,-628,12
2025-11-27T16:56:30.166679,78,41,127,326,40,36,42,51,-4481,7803,8226,-10946,-681,-1905,170,37,-603,-36
2025-11-27T16:56:30.187795,75,38,113,302,42,32,33,60,-4461,7718,8250,-10996,-555,-1935,221,61,-517,-55
2025-11-27T16:56:30.201754,66,58,141,371,41,27,34,93,-4464,7650,8258,-11036,-506,-1953,307,96,-321,-46
2025-11-27T16:56:30.225636,65,63,137,399,38,24,33,102,-4484,7614,8254,-11055,-510,-2011,334,70,-75,-6
2025-11-27T16:56:30.248414,61,64,151,424,43,26,36,111,-4510,7610,8231,-11065,-571,-2090,417,49,128,70
2025-11-27T16:56:30.262918,43,64,149,421,69,28,33,112,-4554,7633,8178,-11071,-569,-2130,497,115,350,168
2025-11-27T16:56:30.287557,33,61,148,412,93,33,32,115,-4619,7679,8091,-11076,-610,-2167,539,254,558,233
2025-11-27T16:56:30.310021,29,43,113,334,99,33,28,95,-4714,7742,7964,-11084,-636,-2181,570,455,764,267
2025-11-27T16:56:30.324427,28,32,107,232,103,37,29,88,-4834,7826,7795,-11093,-718,-2145,609,641,980,306
2025-11-27T16:56:30.347515,27,38,87,194,126,36,27,79,-4960,7933,7598,-11098,-864,-2057,595,731,1125,332
2025-11-27T16:56:30.377422,28,39,83,184,177,77,41,70,-5087,8059,7387,-11092,-964,-1909,525,762,1237,327
2025-11-27T16:56:30.383738,26,39,65,193,190,96,57,55,-5223,8192,7178,-11069,-1060,-1771,472,754,1310,216
2025-11-27T16:56:30.407568,28,46,86,242,241,145,78,51,-5367,8332,6990,-11016,-1017,-1667,441,619,1397,92
2025-11-27T16:56:30.430755,27,49,88,248,258,153,82,46,-5510,8489,6844,-10917,-968,-1741,320,382,1492,-20
2025-11-27T16:56:30.444750,32,49,83,249,282,178,88,44,-5651,8648,6709,-10803,-1050,-1769,230,335,1497,-97
2025-11-27T16:56:30.467631,32,50,89,252,258,183,92,40,-5802,8789,6572,-10693,-1055,-1949,172,447,1438,-119
2025-11-27T16:56:30.490830,33,51,100,265,276,228,108,39,-5953,8913,6422,-10597,-1052,-1930,115,588,1344,-92
2025-11-27T16:56:30.504362,33,48,93,275,278,244,100,36,-6072,9047,6291,-10495,-1095,-1787,-35,445,1259,-76
2025-11-27T16:56:30.527983,33,43,92,272,279,255,101,34,-6145,9179,6222,-10378,-1139,-1801,-213,134,1033,-154
2025-11-27T16:56:30.550896,29,34,88,257,246,240,98,30,-6211,9278,6185,-10273,-1055,-1804,-164,61,813,-232
2025-11-27T16:56:30.564792,30,36,86,270,364,260,103,37,-6311,9346,6148,-10171,-819,-1893,-44,182,813,-275
2025-11-27T16:56:30.588304,28,35,85,252,364,251,100,39,-6421,9431,6099,-10053,-695,-1830,-53,174,973,-232
2025-11-27T16:56:30.610488,28,36,94,204,356,220,98,40,-6511,9517,6067,-9933,-899,-1843,-112,67,888,-329
2025-11-27T16:56:30.632767,28,40,91,224,367,229,101,40,-6579,9590,6093,-9801,-784,-2020,-172,-172,703,-410
2025-11-27T16:56:30.647984,26,42,97,275,384,232,102,41,-6663,9623,6120,-9694,-599,-1938,-237,41,515,-423
2025-11-27T16:56:30.670171,26,39,97,335,299,214,94,34,-6730,9642,6152,-9609,-506,-1942,-324,86,332,-337
2025-11-27T16:56:30.684336,28,43,106,458,369,239,93,34,-6812,9622,6183,-9551,-521,-1921,-350,295,144,-421
2025-11-27T16:56:30.708089,27,42,125,484,354,241,98,33,-6880,9575,6227,-9521,-402,-1825,-235,274,-64,-378
2025-11-27T16:56:30.730527,26,38,140,505,331,217,90,31,-6958,9517,6266,-9497,-205,-1713,-226,357,-88,-341
2025-11-27T16:56:30.744530,28,38,144,498,360,225,92,33,-7014,9475,6312,-9467,-192,-1697,-194,198,-68,-274
2025-11-27T16:56:30.768027,24,38,143,463,338,211,89,33,-7024,9458,6373,-9435,-192,-1804,-94,-116,-97,-114
2025-11-27T16:56:30.790388,21,35,136,444,240,137,67,29,-7004,9460,6431,-9409,-153,-1889,-123,-220,-117,79
2025-11-27T16:56:30.804463,27,41,152,484,234,125,56,30,-6962,9473,6477,-9395,-196,-1942,-129,-263,-135,225
2025-11-27T16:56:30.835568,33,42,141,458,237,129,56,31,-6887,9499,6522,-9394,-328,-2003,-128,-372,-214,349
2025-11-27T16:56:30.850505,39,44,155,464,184,130,54,33,-6805,9512,6555,-9418,-399,-1972,-109,-287,-319,396
2025-11-27T16:56:30.864780,40,52,208,505,194,144,57,32,-6734,9501,6575,-9464,-410,-1967,-61,-130,-400,400
2025-11-27T16:56:30.887961,40,51,213,433,186,143,56,32,-6667,9486,6594,-9514,-454,-1903,-59,-96,-421,360
2025-11-27T16:56:30.910499,40,52,182,349,189,149,58,33,-6599,9467,6618,-9563,-507,-1917,18,-149,-423,323
2025-11-27T16:56:30.924815,36,69,183,345,204,171,71,35,-6520,9461,6636,-9612,-597,-1950,61,-220,-389,369
2025-11-27T16:56:30.948080,32,95,199,345,210,181,81,34,-6434,9469,6654,-9650,-656,-1927,11,-270,-329,373
2025-11-27T16:56:30.970507,45,93,155,287,212,175,84,41,-6348,9479,6682,-9677,-692,-1918,10,-340,-309,309
2025-11-27T16:56:30.983954,48,108,156,288,208,175,87,42,-6266,9488,6709,-9702,-726,-1965,69,-358,-280,290
2025-11-27T16:56:31.007562,45,105,162,335,216,183,93,42,-6180,9496,6736,-9731,-821,-1953,57,-365,-309,266
2025-11-27T16:56:31.030555,45,96,162,433,237,175,90,43,-6099,9500,6761,-9761,-936,-1890,13,-302,-313,186
2025-11-27T16:56:31.044709,43,72,120,424,236,161,83,40,-6026,9497,6798,-9784,-967,-1829,-12,-313,-324,61
2025-11-27T16:56:31.068083,31,80,126,443,250,166,84,37,-5953,9483,6851,-9805,-999,-1814,36,-375,-379,-39
2025-11-27T16:56:31.090508,27,60,126,450,245,161,81,36,-5884,9459,6912,-9826,-1013,-1806,25,-365,-412,-106
2025-11-27T16:56:31.104361,26,60,120,454,250,146,70,33,-5829,9432,6979,-9838,-1040,-1740,-13,-333,-383,-227
2025-11-27T16:56:31.127483,26,59,166,515,225,129,63,32,-5779,9404,7074,-9826,-1007,-1846,-12,-486,-350,-352
2025-11-27T16:56:31.150497,28,59,199,529,228,109,58,34,-5721,9389,7169,-9805,-1023,-1928,34,-583,-284,-305
2025-11-27T16:56:31.175226,48,55,220,498,205,95,48,32,-5661,9376,7233,-9806,-1120,-1872,86,-470,-270,-215
2025-11-27T16:56:31.185947,213,81,242,487,208,91,55,71,-5611,9357,7295,-9808,-1131,-1819,-25,-362,-292,-268
2025-11-27T16:56:31.208121,304,112,296,496,223,86,69,114,-5569,9321,7378,-9803,-1031,-1742,-35,-388,-347,-389
2025-11-27T16:56:31.231426,326,112,300,348,287,97,72,125,-5526,9277,7473,-9797,-1036,-1976,-42,-428,-396,-413
2025-11-27T16:56:31.246423,418,116,298,331,308,147,81,130,-5493,9217,7561,-9805,-905,-2045,61,-363,-434,-360
2025-11-27T16:56:31.270291,525,132,353,496,341,152,83,148,-5460,9176,7614,-9821,-942,-1942,53,-255,-331,-230
2025-11-27T16:56:31.289958,563,126,351,503,349,154,78,191,-5440,9139,7672,-9821,-952,-1992,-64,-224,-265,-307
2025-11-27T16:56:31.304937,623,115,324,463,346,162,71,284,-5429,9090,7727,-9831,-910,-2032,-50,-141,-306,-316
2025-11-27T16:56:31.328532,686,125,323,494,291,153,72,291,-5440,9027,7761,-9855,-821,-2070,-1,37,-293,-290
2025-11-27T16:56:31.351211,664,123,357,571,263,108,60,294,-5488,8973,7775,-9867,-638,-2086,-42,198,-110,-268
2025-11-27T16:56:31.366335,600,101,288,526,302,101,60,287,-5513,8946,7785,-9870,-717,-1971,-65,80,-45,-184
2025-11-27T16:56:31.390518,535,92,282,555,313,127,64,256,-5522,8922,7786,-9885,-801,-2101,-3,62,-89,-95
2025-11-27T16:56:31.413232,440,139,280,555,309,148,75,118,-5527,8917,7804,-9874,-474,-1793,-137,-43,-17,-20
2025-11-27T16:56:31.427200,344,150,286,596,316,163,81,98,-5482,8930,7844,-9854,-800,-1974,-180,-315,-100,-22
2025-11-27T16:56:31.450547,289,152,254,513,314,162,80,82,-5409,8949,7892,-9839,-829,-2317,-199,-438,-184,122
2025-11-27T16:56:31.472981,253,154,263,474,229,154,78,146,-5362,8935,7895,-9875,-754,-2141,-177,-7,-302,188
2025-11-27T16:56:31.487255,233,161,290,531,220,131,76,152,-5345,8902,7892,-9916,-590,-1958,-157,149,-286,118
2025-11-27T16:56:31.510387,170,110,285,590,268,93,63,168,-5306,8882,7912,-9939,-690,-1875,-174,-52,-291,62
2025-11-27T16:56:31.533380,98,92,287,577,282,63,51,191,-5272,8854,7942,-9959,-593,-1983,-58,-132,-299,54
2025-11-27T16:56:31.547202,92,91,273,613,265,61,58,203,-5241,8831,7974,-9969,-500,-2026,-95,-147,-253,94
2025-11-27T16:56:31.570563,85,86,278,636,261,60,58,205,-5200,8813,7986,-9998,-714,-2056,-138,-43,-286,127
2025-11-27T16:56:31.592526,131,85,260,601,241,58,53,205,-5167,8786,7989,-10036,-673,-1997,-81,26,-300,135
2025-11-27T16:56:31.607213,134,83,257,580,159,47,50,192,-5133,8752,7995,-10078,-785,-1891,-100,55,-346,45
2025-11-27T16:56:31.630357,133,68,214,549,116,42,46,164,-5098,8710,8013,-10118,-724,-1963,-60,1,-390,28
2025-11-27T16:56:31.652993,131,60,207,537,112,40,38,149,-5056,8669,8026,-10163,-812,-1985,-38,1,-398,41
2025-11-27T16:56:31.667835,139,67,246,487,134,60,41,82,-5049,8624,8033,-10201,-548,-1818,13,93,-289,17
2025-11-27T16:56:31.690093,99,49,229,463,168,120,59,59,-5002,8601,8056,-10224,-937,-1796,-106,-95,-320,-58
2025-11-27T16:56:31.712940,94,57,278,454,170,128,61,57,-4963,8568,8104,-10233,-657,-1933,17,-250,-314,-46
2025-11-27T16:56:31.727263,92,65,298,449,166,130,60,54,-4952,8528,8132,-10250,-708,-2013,-18,-47,-258,-100
2025-11-27T16:56:31.750041,86,69,293,410,171,130,59,49,-4967,8494,8130,-10272,-694,-2007,49,110,-118,-75
2025-11-27T16:56:31.773055,72,62,252,384,157,124,55,49,-4989,8471,8106,-10299,-734,-1978,69,202,-37,-26
2025-11-27T16:56:31.787157,62,68,244,351,122,68,34,52,-5023,8455,8069,-10325,-717,-1998,158,226,68,2
2025-11-27T16:56:31.810400,56,63,203,371,127,59,30,49,-5057,8450,8018,-10353,-765,-2020,226,236,128,55
2025-11-27T16:56:31.832567,49,54,188,362,119,57,30,48,-5105,8441,7951,-10388,-779,-2117,313,320,175,69
2025-11-27T16:56:31.847260,43,54,194,372,121,58,31,49,-5186,8432,7840,-10439,-787,-2222,440,569,315,127
2025-11-27T16:56:31.871041,33,52,180,374,128,66,32,41,-5276,8440,7686,-10502,-915,-2264,472,751,441,231
2025-11-27T16:56:31.892901,28,48,184,376,129,65,30,34,-5379,8458,7473,-10589,-1058,-2123,548,1037,548,337
2025-11-27T16:56:31.907187,28,47,162,343,121,67,33,29,-5486,8491,7241,-10668,-1136,-2050,499,1115,649,371
2025-11-27T16:56:31.930454,28,49,144,305,135,79,36,30,-5589,8548,7016,-10719,-1137,-1883,415,1019,772,343
2025-11-27T16:56:31.953084,30,47,135,285,194,162,59,38,-5706,8615,6794,-10747,-1140,-1807,379,999,887,262
2025-11-27T16:56:31.967036,35,50,127,263,363,286,109,49,-5835,8693,6599,-10736,-1083,-1652,285,881,997,92
2025-11-27T16:56:31.991261,36,52,114,240,393,318,123,54,-5939,8801,6486,-10660,-989,-1506,73,389,1037,-107
2025-11-27T16:56:32.012973,38,53,109,219,435,338,131,66,-6024,8904,6461,-10542,-916,-1773,-34,-15,909,-303
2025-11-27T16:56:32.027288,41,65,108,212,433,341,134,74,-6111,8983,6454,-10428,-794,-2014,-234,91,747,-308
2025-11-27T16:56:32.050468,43,77,136,252,452,334,140,123,-6215,9018,6425,-10354,-735,-2165,-162,368,568,-251
2025-11-27T16:56:32.072999,50,82,147,265,379,260,117,125,-6328,9048,6379,-10288,-559,-2017,-344,573,552,-184
2025-11-27T16:56:32.095802,58,95,167,324,439,274,122,129,-6407,9075,6339,-10239,-524,-1794,-214,413,433,-83
2025-11-27T16:56:32.109989,60,98,158,309,437,269,124,143,-6445,9113,6325,-10190,-351,-1717,-189,150,344,76
2025-11-27T16:56:32.132894,70,99,166,326,439,266,122,189,-6416,9184,6351,-10129,-439,-1687,-365,-216,222,176
2025-11-27T16:56:32.155511,73,89,138,297,393,237,107,184,-6389,9220,6375,-10097,-433,-1876,-181,-161,60,209
2025-11-27T16:56:32.167314,73,85,125,324,350,210,96,231,-6407,9230,6349,-10094,-446,-2041,38,173,130,251
2025-11-27T16:56:32.189935,71,69,109,283,261,146,73,242,-6466,9246,6244,-10107,-543,-1930,245,495,405,336
2025-11-27T16:56:32.213509,69,64,108,283,299,152,71,233,-6531,9301,6129,-10085,-602,-1754,264,372,682,289
2025-11-27T16:56:32.228786,60,51,92,288,390,206,82,196,-6581,9384,6046,-10026,-665,-1645,196,99,780,170
2025-11-27T16:56:32.253862,55,60,89,281,418,219,83,174,-6599,9485,6018,-9935,-576,-1496,111,-266,743,78
2025-11-27T16:56:32.275390,46,61,86,241,416,218,81,99,-6583,9591,6055,-9821,-598,-1736,63,-641,614,-22
2025-11-27T16:56:32.289274,37,61,66,217,398,214,80,58,-6573,9678,6110,-9707,-589,-1908,-16,-617,507,-101
2025-11-27T16:56:32.320426,35,60,67,240,355,188,65,50,-6598,9728,6158,-9610,-597,-2036,-72,-341,415,-218
2025-11-27T16:56:32.335525,73,74,94,275,279,122,51,50,-6650,9748,6181,-9539,-642,-2077,-68,-55,344,-245
2025-11-27T16:56:32.349800,109,77,106,278,260,144,64,46,-6697,9754,6189,-9494,-678,-2035,-50,55,234,-190
2025-11-27T16:56:32.373189,111,102,106,282,278,176,76,60,-6728,9752,6191,-9472,-656,-1928,-62,89,110,-96
2025-11-27T16:56:32.395398,115,103,136,318,281,174,75,58,-6723,9759,6210,-9457,-676,-1814,-141,-50,-11,-35
2025-11-27T16:56:32.409717,117,105,143,366,295,189,80,59,-6676,9774,6260,-9442,-763,-1844,-224,-277,-161,-27
2025-11-27T16:56:32.432964,98,106,131,322,321,241,93,56,-6615,9778,6344,-9424,-655,-1896,-267,-398,-298,-56
2025-11-27T16:56:32.455441,65,98,125,351,313,229,84,55,-6570,9751,6425,-9429,-624,-1930,-259,-225,-431,-99
2025-11-27T16:56:32.469519,64,90,137,346,314,210,75,36,-6522,9710,6512,-9445,-593,-1938,-346,-162,-554,-101
2025-11-27T16:56:32.493564,78,104,152,432,341,235,86,37,-6472,9647,6589,-9491,-633,-1895,-279,-42,-690,-74
2025-11-27T16:56:32.515522,76,113,182,437,317,229,88,42,-6407,9572,6671,-9553,-681,-1777,-266,-54,-824,-89
2025-11-27T16:56:32.529757,74,111,192,464,307,213,80,42,-6271,9522,6802,-9600,-721,-1725,-305,-520,-966,-15
2025-11-27T16:56:32.552557,69,117,242,504,333,222,86,47,-6089,9480,6943,-9659,-862,-1818,-275,-713,-1095,93
2025-11-27T16:56:32.575523,68,107,269,535,337,237,98,49,-5906,9417,7088,-9728,-864,-1937,-252,-687,-1204,81
2025-11-27T16:56:32.590039,46,94,266,498,308,209,93,51,-5730,9336,7226,-9810,-951,-1907,-139,-634,-1247,19
2025-11-27T16:56:32.612955,48,88,263,519,430,276,98,48,-5596,9217,7352,-9905,-986,-1936,-4,-415,-1264,-167
2025-11-27T16:56:32.635502,46,76,256,514,440,283,112,49,-5492,9096,7472,-9985,-845,-1945,160,-416,-1104,-213
2025-11-27T16:56:32.649982,79,68,213,491,507,330,137,48,-5421,8980,7561,-10062,-731,-1898,275,-279,-913,-179
2025-11-27T16:56:32.672596,107,65,197,533,507,348,159,61,-5346,8906,7644,-10104,-765,-1809,321,-460,-654,-139
2025-11-27T16:56:32.695402,133,110,175,494,517,358,165,68,-5264,8857,7744,-10115,-1004,-1899,217,-624,-540,-263
2025-11-27T16:56:32.707490,139,114,142,420,466,311,161,70,-5186,8800,7864,-10113,-802,-1995,332,-763,-532,-269
2025-11-27T16:56:32.730835,141,117,137,402,447,285,152,105,-5156,8730,7954,-10117,-807,-2270,387,-515,-397,-325
2025-11-27T16:56:32.754037,126,118,140,367,383,214,134,104,-5185,8654,7987,-10142,-742,-2184,404,-77,-226,-333
2025-11-27T16:56:32.769728,110,158,216,253,398,159,114,126,-5249,8583,7981,-10174,-829,-2099,388,192,-73,-374
2025-11-27T16:56:32.793146,156,157,405,324,402,135,115,135,-5322,8512,7964,-10209,-829,-2055,373,288,-42,-395
2025-11-27T16:56:32.815474,225,196,631,331,366,120,125,151,-5415,8447,7937,-10235,-792,-2154,338,375,61,-402
2025-11-27T16:56:32.829702,251,249,664,413,361,106,143,170,-5504,8396,7881,-10272,-840,-2264,210,554,90,-259
2025-11-27T16:56:32.852653,254,273,672,457,366,107,186,215,-5583,8343,7805,-10331,-984,-2276,-15,791,-15,-209
2025-11-27T16:56:32.875963,254,260,653,472,406,157,188,215,-5643,8286,7715,-10412,-765,-1905,155,781,-95,-13
2025-11-27T16:56:32.898797,214,253,568,450,451,222,191,220,-5670,8244,7652,-10477,-758,-1895,46,587,-157,35
2025-11-27T16:56:32.912584,133,225,368,439,441,235,189,222,-5688,8198,7623,-10524,-524,-1663,206,320,-178,7
2025-11-27T16:56:32.935058,85,164,366,374,445,238,175,197,-5733,8154,7636,-10525,-370,-1509,74,185,-68,-248
2025-11-27T16:56:32.949514,75,132,364,485,419,234,124,150,-5779,8103,7690,-10500,-552,-1749,55,6,-116,-491
2025-11-27T16:56:32.972499,193,133,369,559,465,302,146,136,-5815,8038,7758,-10479,-703,-2109,-57,40,-249,-560
2025-11-27T16:56:32.995325,225,132,362,550,429,331,176,127,-5828,7968,7812,-10486,-604,-2010,-54,106,-376,-369
2025-11-27T16:56:33.009270,225,125,299,550,419,322,173,123,-5800,7930,7868,-10489,-571,-1757,-45,-101,-361,-181
2025-11-27T16:56:33.032633,222,135,259,568,407,320,173,126,-5731,7913,7953,-10475,-611,-1882,-27,-417,-403,-91
2025-11-27T16:56:33.052829,233,148,253,492,398,323,174,127,-5687,7882,8038,-10458,-462,-2082,45,-369,-355,-120
2025-11-27T16:56:33.075825,164,139,242,523,340,250,157,130,-5656,7845,8091,-10461,-640,-2081,77,-171,-339,-159
2025-11-27T16:56:33.090215,119,162,236,586,324,139,113,119,-5635,7795,8134,-10477,-601,-2023,106,-66,-365,-165
2025-11-27T16:56:33.115085,122,179,249,641,314,134,142,129,-5579,7762,8187,-10489,-675,-2009,86,-233,-415,-73
2025-11-27T16:56:33.137973,123,182,276,671,303,134,147,130,-5516,7720,8246,-10508,-584,-2117,128,-254,-486,-11
2025-11-27T16:56:33.152855,103,169,283,637,310,158,154,127,-5471,7664,8285,-10541,-456,-2074,170,-94,-476,18
2025-11-27T16:56:33.175460,74,163,288,558,209,129,143,121,-5436,7608,8300,-10588,-551,-2189,191,56,-442,47
2025-11-27T16:56:33.197205,76,128,282,519,206,172,149,119,-5407,7567,8290,-10640,-462,-2028,256,119,-323,163
2025-11-27T16:56:33.211772,74,103,280,484,280,187,120,86,-5363,7552,8291,-10672,-490,-2020,246,-63,-246,211
2025-11-27T16:56:33.235274,64,81,237,459,307,190,113,70,-5317,7542,8289,-10704,-506,-2013,287,-83,-218,236
2025-11-27T16:56:33.257494,57,86,246,489,295,167,96,69,-5280,7536,8297,-10721,-518,-1821,213,-114,-175,134
2025-11-27T16:56:33.272967,142,114,233,463,303,187,103,148,-5261,7520,8332,-10714,-364,-1925,209,-214,-136,16
2025-11-27T16:56:33.295241,160,156,233,408,285,154,90,177,-5255,7511,8358,-10703,-563,-2116,183,-153,-60,-70
2025-11-27T16:56:33.317806,160,157,223,402,200,132,85,187,-5276,7492,8353,-10710,-468,-2114,195,91,-5,-37
2025-11-27T16:56:33.332879,164,176,331,374,152,123,79,188,-5277,7498,8334,-10720,-595,-2069,147,85,27,73
2025-11-27T16:56:33.358807,178,186,384,338,134,112,74,188,-5191,7557,8338,-10717,-603,-2057,149,-258,-27,277
2025-11-27T16:56:33.377115,126,177,388,357,98,63,54,173,-5133,7598,8328,-10724,-595,-2120,214,-213,3,392
2025-11-27T16:56:33.398974,98,144,384,359,76,49,54,201,-5091,7643,8285,-10745,-602,-2046,230,-36,86,452
2025-11-27T16:56:33.418599,93,145,393,327,69,41,54,202,-5071,7684,8219,-10776,-600,-2073,310,106,163,446
2025-11-27T16:56:33.437804,87,125,292,280,54,34,53,205,-5086,7722,8122,-10815,-560,-2130,464,277,305,452
2025-11-27T16:56:33.459450,54,98,183,261,82,44,54,208,-5129,7764,7973,-10876,-650,-2157,553,560,442,506
2025-11-27T16:56:33.479588,36,79,156,257,105,46,46,178,-5203,7809,7780,-10948,-681,-2064,645,805,598,518
2025-11-27T16:56:33.496704,35,70,145,264,107,48,34,112,-5290,7874,7566,-11009,-757,-1974,649,864,764,519
2025-11-27T16:56:33.518856,33,59,88,248,164,75,35,101,-5393,7963,7345,-11045,-821,-1974,665,837,983,476
2025-11-27T16:56:33.538290,32,46,77,249,220,144,65,100,-5505,8074,7115,-11060,-995,-1897,676,804,1144,396
2025-11-27T16:56:33.564226,30,44,72,229,251,189,87,93,-5638,8195,6886,-11049,-1062,-1788,597,818,1286,255
2025-11-27T16:56:33.579332,33,62,71,184,352,276,129,83,-5771,8341,6693,-10990,-1062,-1597,521,546,1424,88
2025-11-27T16:56:33.597896,37,69,84,172,366,299,139,77,-5911,8490,6532,-10897,-1161,-1648,330,461,1445,-122
2025-11-27T16:56:33.624288,38,82,91,245,369,303,140,62,-6035,8654,6407,-10774,-1150,-1765,197,251,1452,-165
2025-11-27T16:56:33.639320,39,93,91,237,355,284,130,47,-6129,8831,6335,-10619,-1067,-1748,58,-78,1404,-197
2025-11-27T16:56:33.658923,36,93,96,256,365,281,124,45,-6232,8980,6287,-10461,-1008,-1920,-92,-15,1260,-316
2025-11-27T16:56:33.677285,35,97,95,259,276,211,82,41,-6333,9098,6283,-10299,-808,-1963,-221,-65,1056,-411
2025-11-27T16:56:33.699308,32,110,102,250,318,210,76,41,-6465,9158,6254,-10182,-795,-1918,-233,336,834,-487
2025-11-27T16:56:33.719127,33,101,97,229,323,222,85,42,-6578,9221,6258,-10049,-588,-2004,-392,197,754,-440
2025-11-27T16:56:33.737255,36,102,105,232,334,236,89,43,-6728,9229,6236,-9956,-418,-1861,-347,584,601,-473
2025-11-27T16:56:33.759693,37,120,93,259,343,229,93,41,-6877,9200,6204,-9901,-443,-1906,-356,794,372,-444
2025-11-27T16:56:33.782077,39,118,123,273,420,252,100,40,-7007,9147,6169,-9880,-409,-1850,-138,774,193,-347
2025-11-27T16:56:33.796979,39,103,133,291,442,278,115,37,-7131,9094,6146,-9855,-180,-1607,-18,636,200,-312
2025-11-27T16:56:33.819890,41,105,147,311,439,283,119,43,-7230,9075,6168,-9786,-72,-1489,-4,222,300,-376
2025-11-27T16:56:33.838945,39,99,147,332,432,268,117,45,-7271,9104,6245,-9679,-46,-1619,-74,-307,313,-322
2025-11-27T16:56:33.857409,38,91,146,300,404,252,108,47,-7247,9164,6355,-9568,-62,-1900,-153,-670,190,-121
2025-11-27T16:56:33.887161,35,76,141,298,339,227,104,47,-7193,9220,6452,-9489,-69,-2143,-220,-616,36,123
2025-11-27T16:56:33.899446,34,75,142,375,265,162,81,46,-7137,9261,6504,-9456,-144,-2156,-214,-351,-52,319
2025-11-27T16:56:33.917153,32,84,135,347,250,132,65,39,-7081,9287,6511,-9469,-290,-2014,-123,-128,-129,439
2025-11-27T16:56:33.939734,33,101,168,385,267,172,86,40,-7014,9304,6516,-9498,-372,-1941,-77,-120,-218,454
2025-11-27T16:56:33.959251,32,106,183,413,288,199,94,42,-6933,9318,6536,-9530,-421,-1883,-81,-209,-309,423
2025-11-27T16:56:33.977439,33,110,173,431,273,193,93,42,-6834,9325,6576,-9567,-484,-1954,-14,-341,-417,402
2025-11-27T16:56:33.999671,33,109,159,365,261,190,88,41,-6726,9324,6622,-9612,-521,-1998,-4,-366,-508,410
2025-11-27T16:56:34.018682,31,121,167,356,259,185,84,40,-6608,9320,6672,-9664,-591,-2073,15,-396,-565,425
2025-11-27T16:56:34.037174,31,117,143,380,247,155,66,38,-6485,9316,6713,-9722,-706,-1999,18,-373,-572,416
2025-11-27T16:56:34.059690,30,104,142,414,229,119,49,33,-6371,9298,6749,-9789,-777,-1980,95,-325,-604,362
2025-11-27T16:56:34.079183,29,105,166,420,247,125,51,35,-6256,9277,6790,-9856,-825,-1967,80,-327,-628,321
2025-11-27T16:56:34.097267,30,109,170,420,245,128,53,45,-6157,9239,6826,-9928,-890,-1924,88,-213,-651,226
2025-11-27T16:56:34.119174,29,84,162,458,229,124,55,45,-6079,9184,6846,-10013,-1006,-1864,172,-64,-659,120
2025-11-27T16:56:34.139129,27,79,196,396,206,119,61,46,-6009,9123,6862,-10100,-1093,-1837,211,-26,-649,54
2025-11-27T16:56:34.157062,31,77,194,345,210,115,64,48,-5937,9074,6893,-10165,-1076,-1755,210,-152,-584,-8
2025-11-27T16:56:34.179404,30,80,176,327,184,112,67,46,-5878,9025,6934,-10216,-1072,-1772,226,-185,-519,-107
2025-11-27T16:56:34.198910,28,81,186,337,191,115,66,37,-5839,8976,6980,-10249,-971,-1771,199,-170,-439,-177
2025-11-27T16:56:34.217292,27,87,187,284,192,110,66,39,-5794,8936,7033,-10274,-995,-1741,220,-262,-402,-195
2025-11-27T16:56:34.239228,25,73,158,284,182,101,56,35,-5759,8890,7084,-10298,-1098,-1793,217,-210,-395,-281
2025-11-27T16:56:34.258598,22,80,152,263,179,122,60,31,-5724,8847,7147,-10311,-1038,-1930,245,-296,-370,-276
2025-11-27T16:56:34.277231,29,80,230,306,189,122,58,36,-5705,8805,7200,-10321,-901,-1995,207,-205,-304,-232
2025-11-27T16:56:34.300414,29,76,225,304,184,117,57,34,-5694,8763,7234,-10339,-883,-1871,187,-86,-277,-204
2025-11-27T16:56:34.318924,29,78,238,340,181,117,57,35,-5679,8724,7274,-10352,-905,-1839,111,-95,-291,-232
2025-11-27T16:56:34.337243,34,88,236,393,175,115,72,156,-5646,8686,7334,-10359,-849,-1854,121,-245,-344,-211
2025-11-27T16:56:34.359692,45,80,236,402,138,86,69,171,-5607,8655,7412,-10352,-762,-2061,65,-343,-339,-172
2025-11-27T16:56:34.378985,67,73,165,351,91,61,63,173,-5577,8616,7471,-10358,-739,-2068,89,-221,-340,-132
2025-11-27T16:56:34.396866,86,73,179,351,71,52,64,175,-5545,8575,7522,-10372,-737,-2190,0,-124,-379,-65
2025-11-27T16:56:34.419754,97,67,160,319,71,52,62,175,-5489,8541,7556,-10405,-714,-2024,43,-122,-429,98
2025-11-27T16:56:34.438962,108,66,171,256,73,53,53,94,-5406,8516,7593,-10441,-761,-1965,-9,-198,-493,183
2025-11-27T16:56:34.457257,106,66,205,276,78,56,45,65,-5289,8498,7652,-10473,-776,-1975,-7,-404,-585,253
2025-11-27T16:56:34.479867,96,66,257,353,77,58,49,58,-5157,8476,7729,-10501,-771,-1985,-19,-514,-655,247
2025-11-27T16:56:34.499244,82,67,250,360,73,59,51,54,-5022,8435,7801,-10546,-806,-1999,71,-477,-754,243
2025-11-27T16:56:34.521411,74,71,248,413,90,56,48,51,-4903,8381,7853,-10605,-790,-1964,87,-309,-759,238
2025-11-27T16:56:34.544141,61,63,282,454,110,64,46,41,-4795,8322,7888,-10675,-815,-1779,164,-215,-737,204
2025-11-27T16:56:34.559007,71,66,283,446,156,81,45,42,-4688,8263,7952,-10721,-828,-1810,103,-351,-729,86
2025-11-27T16:56:34.577156,91,73,245,437,168,89,44,38,-4598,8193,8030,-10756,-734,-1889,156,-388,-696,-1
2025-11-27T16:56:34.599402,96,71,257,448,170,90,43,42,-4528,8118,8100,-10789,-709,-1959,162,-309,-646,-48
2025-11-27T16:56:34.618938,93,67,275,421,160,90,46,40,-4466,8045,8157,-10827,-700,-2107,193,-239,-604,11
2025-11-27T16:56:34.637232,99,64,239,375,143,81,39,41,-4414,7980,8183,-10877,-722,-2063,245,-93,-522,77
2025-11-27T16:56:34.659651,101,60,205,382,87,60,43,42,-4367,7930,8188,-10929,-705,-1957,275,-37,-420,147
2025-11-27T16:56:34.678840,80,64,250,410,59,45,44,44,-4307,7900,8204,-10963,-767,-1987,183,-139,-373,174
2025-11-27T16:56:34.697362,71,76,250,427,58,43,44,40,-4254,7868,8218,-10996,-749,-2085,223,-125,-345,178
2025-11-27T16:56:34.719717,72,80,275,432,62,42,43,40,-4215,7840,8213,-11034,-709,-2087,188,7,-284,223
2025-11-27T16:56:34.739002,62,85,320,567,84,49,49,42,-4190,7820,8174,-11087,-786,-2024,293,160,-188,256
2025-11-27T16:56:34.756839,45,88,355,623,95,58,52,38,-4169,7818,8150,-11114,-663,-1881,130,96,-98,248
2025-11-27T16:56:34.776650,43,78,320,585,117,97,71,40,-4149,7820,8128,-11136,-909,-1687,110,81,-77,82
2025-11-27T16:56:34.793996,48,70,312,587,128,109,77,42,-4138,7798,8129,-11154,-746,-1841,60,73,-174,34
2025-11-27T16:56:34.818474,69,73,315,595,128,108,77,45,-4153,7773,8119,-11174,-747,-1896,89,186,-97,-38
2025-11-27T16:56:34.839868,72,67,269,475,115,105,72,42,-4184,7754,8087,-11198,-780,-1815,148,291,-1,-51
2025-11-27T16:56:34.860235,77,64,246,467,111,99,67,40,-4190,7751,8077,-11206,-812,-1754,122,79,-9,-21
2025-11-27T16:56:34.877169,78,62,240,452,84,59,44,49,-4177,7752,8092,-11199,-808,-1847,158,-131,-25,-4
2025-11-27T16:56:34.899441,74,59,229,407,65,32,32,80,-4171,7752,8113,-11186,-747,-2038,139,-128,-9,14
2025-11-27T16:56:34.922246,54,59,171,353,61,36,31,86,-4187,7752,8103,-11187,-727,-2091,179,61,69,54
2025-11-27T16:56:34.937264,45,58,150,335,71,46,30,94,-4230,7755,8043,-11212,-642,-2055,301,335,192,156
2025-11-27T16:56:34.959735,34,54,133,198,76,52,30,98,-4287,7774,7945,-11247,-683,-1994,434,462,341,239
2025-11-27T16:56:34.982152,31,55,132,208,83,53,30,98,-4335,7822,7840,-11269,-767,-1962,462,383,475,312
2025-11-27T16:56:34.997723,37,53,135,195,100,54,27,78,-4387,7879,7719,-11293,-893,-2055,569,407,558,328
2025-11-27T16:56:35.019752,35,41,126,191,101,56,28,71,-4470,7944,7561,-11322,-872,-2100,636,612,723,375
2025-11-27T16:56:35.042170,33,42,120,187,102,72,34,65,-4583,8020,7355,-11359,-945,-2123,665,892,892,410
2025-11-27T16:56:35.057254,33,39,91,253,193,140,63,60,-4736,8108,7090,-11401,-939,-1949,765,1183,1138,434
2025-11-27T16:56:35.079698,33,42,154,312,195,149,66,50,-4896,8230,6826,-11408,-1062,-1724,556,1159,1323,327
2025-11-27T16:56:35.101825,26,47,149,315,236,167,75,49,-5058,8358,6581,-11388,-1293,-1486,485,1042,1353,83
2025-11-27T16:56:35.121215,26,57,151,317,282,188,80,47,-5226,8482,6397,-11326,-1334,-1604,414,782,1351,-185
2025-11-27T16:56:35.139646,29,62,158,339,327,203,86,42,-5400,8598,6247,-11239,-1225,-1612,352,651,1331,-309
2025-11-27T16:56:35.162260,29,65,161,333,309,219,90,41,-5570,8718,6128,-11130,-1155,-1635,277,509,1338,-379
2025-11-27T16:56:35.181357,30,71,126,286,325,231,99,42,-5691,8874,6096,-10961,-1132,-1687,-80,-4,1303,-476
2025-11-27T16:56:35.199506,29,78,123,279,300,226,96,36,-5829,8980,6080,-10810,-1119,-1665,-46,86,1085,-662
2025-11-27T16:56:35.222176,29,71,122,298,364,262,109,36,-6007,9044,6076,-10660,-821,-1781,-85,280,999,-777
2025-11-27T16:56:35.241415,29,69,112,274,348,261,110,39,-6182,9115,6082,-10496,-646,-1695,-172,215,1036,-765
2025-11-27T16:56:35.259334,32,67,101,250,332,221,95,40,-6321,9199,6135,-10307,-788,-2136,-329,-62,948,-788
2025-11-27T16:56:35.282213,30,59,65,238,321,203,84,39,-6452,9224,6150,-10193,-722,-2023,-231,275,600,-618
2025-11-27T16:56:35.301337,32,41,68,267,417,282,106,42,-6591,9219,6140,-10115,-519,-2010,-198,517,473,-462
2025-11-27T16:56:35.319729,34,65,92,277,376,269,96,42,-6700,9223,6115,-10054,-520,-1712,-181,463,427,-324
2025-11-27T16:56:35.341811,34,64,121,308,367,261,94,40,-6749,9241,6158,-9979,-524,-1742,-209,-10,232,-347
2025-11-27T16:56:35.359235,32,64,120,285,365,260,94,38,-6780,9248,6220,-9912,-411,-1867,-94,-144,124,-271
2025-11-27T16:56:35.377548,33,70,123,284,514,394,134,43,-6800,9258,6252,-9869,-389,-1927,-30,-69,117,-64
2025-11-27T16:56:35.400475,32,73,121,265,457,352,119,42,-6818,9273,6261,-9836,-472,-1933,-21,3,151,12
2025-11-27T16:56:35.421450,30,50,101,263,425,326,113,38,-6850,9280,6258,-9810,-477,-1913,60,75,175,-11
2025-11-27T16:56:35.447258,29,54,65,235,433,325,109,36,-6881,9284,6254,-9787,-498,-1885,109,67,162,-22
2025-11-27T16:56:35.461751,30,53,58,260,431,327,110,36,-6910,9291,6245,-9765,-542,-1877,118,63,178,-19
2025-11-27T16:56:35.477235,29,46,51,267,277,166,65,32,-6932,9305,6239,-9741,-616,-1848,138,4,191,-40
2025-11-27T16:56:35.499582,28,39,51,295,250,145,56,28,-6950,9324,6242,-9708,-664,-1843,171,-95,211,-92
2025-11-27T16:56:35.522091,27,41,49,283,260,160,63,31,-6961,9351,6259,-9663,-666,-1852,139,-199,222,-127
2025-11-27T16:56:35.541488,29,32,46,282,302,210,83,33,-6970,9381,6286,-9609,-652,-1926,163,-275,239,-152
2025-11-27T16:56:35.559586,27,31,43,265,334,217,84,34,-6987,9405,6310,-9557,-644,-1926,135,-220,234,-179
2025-11-27T16:56:35.582137,27,35,44,299,358,216,89,33,-7009,9423,6327,-9512,-678,-1997,126,-146,216,-169
2025-11-27T16:56:35.601703,27,37,45,290,380,221,96,36,-7026,9442,6329,-9479,-728,-1994,101,-82,204,-112
2025-11-27T16:56:35.619161,29,37,45,295,372,217,96,38,-7045,9460,6326,-9449,-702,-1924,75,-38,203,-96
2025-11-27T16:56:35.649736,27,39,44,346,324,170,83,35,-7064,9482,6323,-9415,-656,-1933,72,-59,233,-73
2025-11-27T16:56:35.661376,29,40,44,377,317,189,93,37,-7069,9525,6306,-9380,-713,-1966,88,-127,307,40
2025-11-27T16:56:35.679328,28,34,41,347,253,177,87,36,-7062,9581,6279,-9346,-791,-1977,121,-181,352,105
2025-11-27T16:56:35.706033,27,34,39,332,216,163,79,34,-7063,9635,6248,-9310,-779,-1990,38,-107,361,92
2025-11-27T16:56:35.721423,25,34,90,351,226,158,74,37,-7065,9688,6225,-9269,-733,-1977,-81,-80,346,74
2025-11-27T16:56:35.739741,26,34,95,305,210,149,76,40,-7054,9741,6215,-9229,-701,-1961,-117,-150,277,94
2025-11-27T16:56:35.762275,33,33,97,266,156,98,58,44,-7011,9792,6223,-9201,-696,-2064,-178,-267,110,182
2025-11-27T16:56:35.781230,35,38,109,294,143,79,57,47,-6938,9834,6231,-9207,-672,-2082,-202,-264,-102,368
2025-11-27T16:56:35.800064,36,40,157,440,134,72,58,50,-6852,9854,6224,-9255,-681,-2093,-259,-94,-308,518
2025-11-27T16:56:35.829515,46,44,149,447,120,69,62,50,-6750,9846,6225,-9337,-721,-1952,-259,-31,-570,524
2025-11-27T16:56:35.841445,62,62,163,476,157,86,53,49,-6646,9805,6257,-9433,-682,-1916,-309,-6,-810,412
2025-11-27T16:56:35.859606,79,87,193,507,197,123,63,49,-6542,9735,6304,-9547,-607,-1891,-317,60,-999,379
2025-11-27T16:56:35.882173,119,110,199,510,245,166,73,48,-6439,9641,6344,-9683,-566,-1769,-257,166,-1128,400
2025-11-27T16:56:35.904263,189,118,176,397,249,175,87,63,-6325,9546,6381,-9828,-701,-1587,-244,164,-1178,362
2025-11-27T16:56:35.919755,223,135,221,455,255,191,92,78,-6199,9451,6442,-9959,-801,-1546,-149,-31,-1200,247
2025-11-27T16:56:35.942148,240,161,244,443,373,276,126,90,-6056,9366,6541,-10063,-844,-1641,-35,-346,-1169,142
2025-11-27T16:56:35.964258,243,170,262,400,381,276,124,88,-5928,9279,6628,-10162,-850,-1777,132,-345,-1070,143
2025-11-27T16:56:35.979474,234,166,288,401,380,266,117,90,-5819,9203,6701,-10245,-812,-1759,141,-295,-903,135
2025-11-27T16:56:36.001810,189,166,305,490,554,279,114,84,-5699,9148,6794,-10301,-986,-1645,62,-464,-830,-4
2025-11-27T16:56:36.024540,160,156,344,436,562,271,115,77,-5585,9075,6923,-10342,-1059,-1737,45,-567,-910,-232
2025-11-27T16:56:36.039781,144,128,332,425,487,173,77,61,-5471,8978,7062,-10393,-1016,-1835,173,-600,-1012,-264
2025-11-27T16:56:36.062149,138,106,305,441,488,156,71,63,-5365,8874,7178,-10458,-1032,-1890,205,-454,-1015,-206
2025-11-27T16:56:36.084606,129,95,309,535,487,133,68,60,-5261,8779,7301,-10506,-1025,-1906,232,-554,-930,-241
2025-11-27T16:56:36.099745,125,87,298,586,277,89,56,53,-5151,8682,7446,-10539,-972,-1933,299,-715,-931,-299
2025-11-27T16:56:36.122450,109,85,225,585,247,75,39,43,-5052,8588,7597,-10556,-845,-2100,287,-754,-857,-277
2025-11-27T16:56:36.144736,89,89,230,626,260,92,47,45,-4960,8494,7716,-10590,-918,-2148,275,-566,-830,-218
2025-11-27T16:56:36.159682,71,82,283,629,261,134,52,40,-4891,8372,7799,-10658,-1013,-2104,275,-226,-916,-274
2025-11-27T16:56:36.181858,66,80,341,587,323,178,73,41,-4838,8232,7880,-10732,-813,-1955,338,-153,-947,-299
2025-11-27T16:56:36.208422,56,77,353,502,336,184,79,49,-4781,8102,7968,-10791,-666,-1720,399,-275,-874,-286
2025-11-27T16:56:36.219755,52,78,380,553,337,190,84,49,-4703,7997,8089,-10814,-888,-1989,205,-498,-834,-355
2025-11-27T16:56:36.242812,47,72,385,554,320,183,84,54,-4649,7873,8187,-10854,-738,-2058,294,-304,-835,-332
2025-11-27T16:56:36.264511,77,88,358,539,289,148,79,58,-4617,7752,8262,-10898,-751,-2046,243,-130,-748,-353
2025-11-27T16:56:36.279528,85,85,279,493,187,114,63,61,-4593,7640,8309,-10951,-659,-2199,362,-39,-646,-196
2025-11-27T16:56:36.302127,85,86,262,467,340,273,125,68,-4580,7571,8331,-10988,-600,-2013,309,-1,-389,-88
2025-11-27T16:56:36.324691,87,81,226,489,383,306,143,70,-4536,7538,8350,-11014,-702,-1831,272,-143,-322,37
2025-11-27T16:56:36.339182,86,79,223,496,390,311,143,67,-4479,7513,8409,-11010,-623,-2020,160,-367,-319,37
2025-11-27T16:56:36.362043,59,64,258,580,397,314,145,63,-4430,7486,8466,-11004,-644,-2119,102,-310,-318,6
2025-11-27T16:56:36.384691,48,66,258,693,393,313,149,60,-4413,7432,8491,-11029,-569,-1963,174,-21,-337,-53
2025-11-27T16:56:36.400146,46,70,286,753,253,194,101,46,-4397,7385,8512,-11050,-582,-1953,118,7,-306,-50
2025-11-27T16:56:36.429401,42,67,292,690,177,131,73,54,-4390,7348,8522,-11070,-591,-1921,200,12,-207,-37
2025-11-27T16:56:36.444164,49,75,309,688,159,115,69,54,-4380,7325,8535,-11080,-658,-1913,103,-4,-163,-42
2025-11-27T16:56:36.459649,55,77,334,713,134,107,66,59,-4368,7300,8549,-11090,-676,-1990,123,-19,-178,-47
2025-11-27T16:56:36.486258,58,82,348,650,102,82,55,58,-4367,7276,8560,-11097,-579,-1998,113,24,-124,-25
2025-11-27T16:56:36.504263,56,78,332,585,94,56,46,57,-4368,7263,8562,-11104,-588,-2049,88,50,-75,19
2025-11-27T16:56:36.527196,56,83,348,600,93,48,36,44,-4366,7252,8543,-11126,-617,-2088,118,161,-74,109
2025-11-27T16:56:36.542035,75,71,332,578,94,49,39,42,-4363,7248,8516,-11151,-553,-2003,135,178,-40,172
2025-11-27T16:56:36.564721,78,68,275,474,84,44,35,36,-4351,7256,8491,-11169,-611,-1921,189,81,-2,190
2025-11-27T16:56:36.577219,96,77,304,504,87,48,38,43,-4339,7268,8479,-11176,-548,-2012,211,-11,27,205
2025-11-27T16:56:36.600623,102,108,291,499,71,40,35,44,-4333,7289,8459,-11180,-553,-2030,286,-27,113,223
2025-11-27T16:56:36.624747,108,115,252,491,69,41,39,53,-4324,7325,8429,-11182,-592,-2017,282,-24,180,284
2025-11-27T16:56:36.639725,95,140,231,468,56,38,36,92,-4328,7359,8385,-11191,-641,-2095,293,83,214,274
2025-11-27T16:56:36.662150,90,144,216,462,64,44,38,102,-4366,7391,8307,-11214,-591,-2058,382,308,331,268
2025-11-27T16:56:36.687663,67,136,114,340,70,37,32,101,-4424,7439,8203,-11236,-618,-1994,439,406,505,277
2025-11-27T16:56:36.700350,58,117,121,310,86,40,33,105,-4494,7507,8092,-11243,-614,-1954,470,375,667,290
2025-11-27T16:56:36.719572,44,107,113,281,113,41,29,118,-4568,7600,7981,-11230,-665,-2059,416,331,813,310
2025-11-27T16:56:36.742071,35,70,122,247,120,42,29,97,-4655,7698,7837,-11228,-789,-2079,510,480,903,329
2025-11-27T16:56:36.758198,31,56,139,243,177,37,29,87,-4763,7808,7667,-11225,-788,-2050,502,621,1046,354
2025-11-27T16:56:36.781929,31,54,167,222,183,39,31,85,-4885,7930,7470,-11220,-869,-1948,485,747,1169,354
2025-11-27T16:56:36.807230,31,70,177,213,184,41,35,89,-5009,8069,7266,-11200,-975,-1871,406,756,1270,329
2025-11-27T16:56:36.826669,30,75,179,196,184,61,41,73,-5132,8210,7055,-11177,-1176,-1773,425,757,1282,245
2025-11-27T16:56:36.841496,31,74,179,197,206,75,47,66,-5266,8337,6860,-11142,-1159,-1782,401,739,1262,122
2025-11-27T16:56:36.864296,31,74,166,190,190,87,53,65,-5404,8465,6689,-11083,-1094,-1707,339,631,1284,20
2025-11-27T16:56:36.895375,29,73,137,190,193,94,54,68,-5523,8600,6550,-11003,-1209,-1659,182,466,1230,-84
2025-11-27T16:56:36.906114,30,52,104,171,206,112,56,53,-5620,8726,6436,-10923,-1315,-1788,173,328,1092,-109
2025-11-27T16:56:36.924484,30,43,84,182,219,132,62,40,-5718,8842,6327,-10841,-1225,-1887,120,360,1052,-81
2025-11-27T16:56:36.947177,31,53,55,189,254,159,80,42,-5812,8956,6225,-10757,-1102,-1714,100,316,1033,-75
2025-11-27T16:56:36.962222,30,51,39,166,254,180,90,43,-5914,9068,6147,-10651,-1066,-1713,-50,269,1033,-205
2025-11-27T16:56:36.984659,32,58,42,212,284,198,94,40,-6025,9162,6095,-10537,-1021,-1693,-107,246,949,-363
2025-11-27T16:56:37.006920,35,59,42,217,296,221,100,39,-6149,9240,6064,-10415,-910,-1722,-66,200,925,-472
2025-11-27T16:56:37.022124,36,61,43,217,304,242,110,45,-6263,9329,6059,-10270,-872,-1735,-191,59,939,-529
2025-11-27T16:56:37.044669,36,51,42,208,285,243,104,42,-6358,9392,6098,-10130,-929,-1894,-312,-36,671,-652
2025-11-27T16:56:37.067212,36,54,44,199,278,228,95,41,-6483,9405,6153,-10005,-615,-2084,-259,117,505,-703
2025-11-27T16:56:37.082256,35,45,41,151,250,219,94,40,-6620,9377,6179,-9925,-367,-1914,-172,398,344,-566
2025-11-27T16:56:37.104965,33,43,40,142,229,198,90,39,-6739,9350,6195,-9861,-351,-1937,-189,416,275,-436
2025-11-27T16:56:37.127369,28,39,36,125,219,158,72,28,-6807,9338,6217,-9811,-379,-1834,-107,181,176,-266
2025-11-27T16:56:37.146361,31,40,35,139,205,164,77,35,-6846,9334,6249,-9767,-319,-1868,-89,41,104,-134
2025-11-27T16:56:37.169428,31,38,33,171,216,203,98,38,-6860,9335,6280,-9736,-307,-1878,-19,-59,50,-7
2025-11-27T16:56:37.187678,31,39,35,182,227,207,102,36,-6857,9350,6304,-9708,-369,-1835,17,-140,68,67
2025-11-27T16:56:37.202505,34,40,38,205,235,204,105,40,-6847,9372,6334,-9675,-376,-1885,27,-223,77,79
2025-11-27T16:56:37.224688,36,42,40,251,309,264,120,44,-6845,9390,6355,-9645,-380,-1952,94,-183,113,90
2025-11-27T16:56:37.247181,36,45,50,275,346,259,114,45,-6847,9412,6361,-9618,-396,-1896,12,-94,142,117
2025-11-27T16:56:37.261887,36,45,52,288,365,236,98,40,-6861,9432,6352,-9594,-429,-1937,90,-33,206,123
2025-11-27T16:56:37.293131,35,62,56,304,370,228,92,41,-6864,9467,6336,-9568,-494,-1861,93,-90,250,158
2025-11-27T16:56:37.315468,33,63,67,374,380,225,85,40,-6856,9516,6324,-9533,-554,-1917,66,-178,288,179
2025-11-27T16:56:37.322127,32,64,70,346,309,148,61,38,-6837,9567,6310,-9505,-580,-1956,120,-241,267,236
2025-11-27T16:56:37.344680,28,61,76,341,269,120,50,31,-6808,9622,6299,-9478,-627,-1970,35,-245,234,253
2025-11-27T16:56:37.367157,37,66,106,389,233,107,44,35,-6772,9674,6294,-9454,-609,-1942,-48,-244,165,264
2025-11-27T16:56:37.389785,68,55,115,391,208,107,46,39,-6715,9715,6310,-9442,-626,-1987,-89,-314,-7,276
2025-11-27T16:56:37.404226,80,76,117,343,195,130,58,39,-6651,9739,6324,-9453,-610,-1989,-172,-212,-162,332
2025-11-27T16:56:37.427139,102,76,127,369,210,136,59,43,-6584,9747,6324,-9491,-595,-1966,-212,-56,-287,425
2025-11-27T16:56:37.446310,124,81,197,442,247,173,69,49,-6500,9746,6326,-9549,-660,-1917,-239,-44,-433,469
2025-11-27T16:56:37.464180,127,75,188,394,267,176,77,54,-6402,9734,6331,-9624,-742,-1881,-193,-64,-548,479
2025-11-27T16:56:37.487229,115,74,185,403,302,196,79,52,-6313,9701,6321,-9722,-759,-1882,-72,60,-619,507
2025-11-27T16:56:37.502127,107,72,212,433,316,196,83,52,-6228,9665,6305,-9822,-793,-1808,-85,117,-627,486
2025-11-27T16:56:37.524663,90,78,233,443,318,203,92,51,-6155,9621,6304,-9912,-838,-1700,-30,77,-614,323
2025-11-27T16:56:37.547212,54,77,178,374,286,180,88,45,-6095,9574,6305,-9994,-946,-1671,91,46,-548,193
2025-11-27T16:56:37.562133,43,81,176,368,264,180,84,38,-6028,9548,6306,-10058,-1032,-1667,103,-59,-437,184
2025-11-27T16:56:37.592913,39,81,174,423,250,173,87,38,-5960,9537,6320,-10100,-1116,-1655,126,-196,-334,98
2025-11-27T16:56:37.607021,41,79,141,390,224,163,87,40,-5888,9544,6369,-10106,-1113,-1762,0,-387,-262,-10
2025-11-27T16:56:37.622131,33,77,112,376,217,154,79,39,-5829,9541,6424,-10107,-1116,-1736,65,-392,-248,-111
2025-11-27T16:56:37.644843,36,77,103,355,242,173,88,41,-5765,9542,6484,-10105,-1150,-1791,65,-445,-238,-111
2025-11-27T16:56:37.667209,35,73,103,367,252,165,85,41,-5697,9544,6546,-10101,-1149,-1779,49,-473,-245,-107
2025-11-27T16:56:37.682176,35,72,112,304,252,153,79,38,-5624,9545,6626,-10090,-1150,-1858,-2,-547,-276,-149
2025-11-27T16:56:37.704724,29,52,104,307,241,144,70,36,-5564,9524,6697,-10095,-1158,-1818,47,-420,-343,-197
2025-11-27T16:56:37.735476,29,42,88,285,244,135,68,35,-5517,9488,6760,-10113,-1167,-1786,97,-321,-380,-240
2025-11-27T16:56:37.742451,26,38,110,327,209,101,52,31,-5466,9448,6824,-10136,-1263,-1733,99,-319,-421,-290
2025-11-27T16:56:37.773158,29,64,133,395,201,136,61,31,-5420,9391,6903,-10159,-1259,-1777,125,-335,-489,-389
2025-11-27T16:56:37.787414,30,68,135,382,170,134,65,35,-5389,9322,6997,-10175,-1107,-1839,119,-332,-503,-450
2025-11-27T16:56:37.809627,30,68,137,379,174,136,65,37,-5377,9246,7086,-10189,-1009,-1859,95,-232,-475,-476
2025-11-27T16:56:37.824408,29,69,142,408,162,146,62,35,-5374,9167,7172,-10202,-956,-1883,75,-181,-458,-483
2025-11-27T16:56:37.847118,31,69,154,443,165,153,69,37,-5369,9085,7265,-10212,-926,-1908,86,-214,-476,-502
2025-11-27T16:56:37.869559,29,49,132,366,140,127,63,44,-5347,9014,7366,-10214,-872,-1970,100,-349,-469,-427
2025-11-27T16:56:37.884295,37,51,124,357,150,149,68,55,-5341,8941,7439,-10229,-860,-2063,128,-175,-421,-359
2025-11-27T16:56:37.907306,39,51,125,347,159,151,71,60,-5334,8881,7500,-10241,-783,-2076,110,-158,-346,-260
2025-11-27T16:56:37.929650,40,53,135,319,163,161,77,62,-5325,8834,7546,-10251,-765,-2067,105,-142,-280,-169
2025-11-27T16:56:37.944631,41,53,126,344,162,156,78,65,-5298,8804,7594,-10256,-814,-2104,-29,-176,-277,-107
2025-11-27T16:56:37.967063,41,48,137,350,163,151,80,73,-5262,8758,7636,-10283,-845,-1999,-8,-105,-412,-93
2025-11-27T16:56:37.987367,53,40,139,398,137,124,72,66,-5235,8699,7681,-10313,-696,-1989,-74,-21,-463,-94
2025-11-27T16:56:38.002759,75,40,145,390,117,118,69,64,-5207,8645,7726,-10339,-669,-2053,-44,-60,-430,-56
2025-11-27T16:56:38.025365,80,37,130,387,95,90,73,69,-5171,8603,7754,-10371,-669,-2155,-38,-28,-396,81
2025-11-27T16:56:38.049670,80,34,114,286,150,146,77,70,-5128,8569,7757,-10418,-723,-2053,28,42,-372,182
2025-11-27T16:56:38.064696,81,41,128,352,170,154,73,56,-5059,8551,7770,-10456,-721,-1958,-66,-79,-398,262
2025-11-27T16:56:38.087236,71,38,141,346,169,154,76,57,-4981,8520,7789,-10506,-759,-1976,28,-117,-492,250
2025-11-27T16:56:38.109701,49,38,166,451,174,153,77,53,-4902,8471,7823,-10557,-775,-2019,-68,-86,-615,172
2025-11-27T16:56:38.124610,41,39,176,493,174,152,70,47,-4822,8398,7859,-10625,-778,-1968,-67,-8,-754,122
2025-11-27T16:56:38.146880,39,40,182,504,120,95,64,41,-4748,8295,7888,-10718,-850,-1876,-19,129,-902,23
2025-11-27T16:56:38.170105,36,34,169,484,121,106,65,39,-4669,8174,7927,-10815,-800,-1808,37,110,-999,-16
2025-11-27T16:56:38.184139,35,33,159,467,141,119,69,37,-4601,8054,7968,-10904,-750,-1699,137,61,-931,-72
2025-11-27T16:56:38.206860,28,34,160,409,147,120,69,42,-4542,7938,8024,-10973,-741,-1752,178,-40,-855,-153
2025-11-27T16:56:38.229595,26,35,164,423,153,117,68,40,-4488,7835,8085,-11025,-802,-1805,190,-116,-755,-204
2025-11-27T16:56:38.244951,28,34,164,515,150,110,63,42,-4456,7734,8130,-11075,-722,-1902,271,-38,-643,-186
2025-11-27T16:56:38.267050,34,37,171,496,124,89,69,48,-4444,7653,8159,-11116,-677,-1902,270,25,-463,-160
2025-11-27T16:56:38.289639,42,41,185,489,99,71,65,48,-4445,7598,8183,-11135,-614,-1945,287,-19,-260,-120
2025-11-27T16:56:38.304708,93,47,165,470,84,71,71,49,-4443,7563,8203,-11144,-710,-2065,216,-35,-177,-88
2025-11-27T16:56:38.327202,97,50,236,431,67,69,71,48,-4422,7533,8213,-11166,-726,-2126,144,27,-251,48
2025-11-27T16:56:38.349545,104,53,241,362,64,75,77,49,-4389,7497,8207,-11208,-716,-2115,138,128,-333,152
2025-11-27T16:56:38.364658,117,51,256,419,70,68,71,48,-4349,7448,8191,-11267,-680,-2025,185,202,-423,200
2025-11-27T16:56:38.387284,120,58,276,448,86,70,76,49,-4301,7396,8181,-11327,-682,-1951,184,168,-467,191
2025-11-27T16:56:38.409685,92,57,289,496,86,69,75,50,-4250,7340,8173,-11388,-714,-1899,191,162,-504,168
2025-11-27T16:56:38.428907,94,52,227,482,85,69,74,52,-4205,7279,8176,-11442,-653,-1917,174,139,-508,127
2025-11-27T16:56:38.447221,92,53,235,445,81,61,69,50,-4172,7217,8170,-11497,-574,-1899,237,182,-451,139
2025-11-27T16:56:38.469716,82,60,245,427,84,68,82,55,-4136,7169,8166,-11544,-636,-1880,194,150,-402,141
2025-11-27T16:56:38.484822,71,52,210,394,87,62,79,56,-4096,7122,8167,-11585,-666,-1841,216,95,-403,110
2025-11-27T16:56:38.507210,67,51,235,363,105,64,79,53,-4061,7067,8175,-11626,-642,-1858,282,65,-416,73
2025-11-27T16:56:38.529716,72,57,258,386,107,62,79,55,-4037,7010,8186,-11662,-620,-1835,283,67,-387,11
2025-11-27T16:56:38.544148,91,56,239,419,109,63,79,73,-4025,6947,8202,-11692,-608,-1793,319,52,-359,-83
2025-11-27T16:56:38.567172,95,52,216,373,110,55,64,77,-4033,6881,8218,-11717,-561,-1817,391,61,-292,-153
2025-11-27T16:56:38.589655,102,55,230,392,103,51,59,101,-4060,6831,8236,-11724,-532,-1878,421,17,-128,-188
2025-11-27T16:56:38.604980,105,50,184,344,111,52,47,102,-4097,6811,8242,-11719,-556,-1894,474,-11,72,-155
2025-11-27T16:56:38.627106,98,45,156,312,117,60,53,111,-4142,6829,8238,-11696,-547,-2010,541,-84,314,-56
2025-11-27T16:56:38.649702,75,45,161,243,114,59,49,119,-4202,6889,8201,-11665,-553,-2151,609,-22,603,96
2025-11-27T16:56:38.665127,62,41,148,236,109,61,48,119,-4278,6993,8113,-11637,-573,-2130,656,131,896,273
2025-11-27T16:56:38.687008,50,38,142,164,104,62,46,107,-4376,7126,7990,-11604,-648,-2085,619,293,1129,306
2025-11-27T16:56:38.709629,43,40,137,137,95,60,44,110,-4498,7272,7829,-11577,-670,-1965,674,463,1295,323
2025-11-27T16:56:38.732171,38,41,123,120,88,52,33,105,-4642,7421,7664,-11537,-758,-2049,627,528,1392,221
2025-11-27T16:56:38.747094,38,40,111,105,113,75,39,82,-4805,7561,7474,-11503,-706,-2126,642,714,1439,242
2025-11-27T16:56:38.769670,36,44,109,119,164,133,57,80,-4968,7708,7253,-11478,-897,-2013,592,870,1465,255
2025-11-27T16:56:38.792074,32,41,78,124,176,144,63,69,-5135,7855,7014,-11453,-1042,-1705,531,962,1482,156
2025-11-27T16:56:38.807249,34,41,65,119,201,172,77,68,-5314,7999,6821,-11388,-1065,-1846,462,778,1509,-54
2025-11-27T16:56:38.829667,31,39,61,109,217,196,87,61,-5485,8145,6635,-11313,-980,-1779,524,664,1532,-30
2025-11-27T16:56:38.852153,30,41,60,145,240,190,87,60,-5626,8313,6457,-11224,-1198,-1718,438,511,1537,-19
2025-11-27T16:56:38.867122,29,41,54,169,218,156,78,52,-5746,8487,6310,-11117,-1283,-1700,251,362,1460,-84
2025-11-27T16:56:38.890074,30,42,53,178,254,170,80,49,-5869,8640,6189,-11002,-1230,-1714,204,312,1359,-201
2025-11-27T16:56:38.912226,26,63,108,191,257,179,80,38,-6019,8761,6086,-10882,-1173,-1678,105,421,1258,-415
2025-11-27T16:56:38.927044,28,63,115,200,258,177,75,33,-6145,8889,6055,-10724,-1095,-1713,-110,84,1166,-564
2025-11-27T16:56:38.949641,25,60,117,179,231,184,74,31,-6279,8985,6039,-10575,-1051,-1871,-86,128,1019,-641
2025-11-27T16:56:38.978129,23,58,126,168,242,193,77,29,-6433,9043,6017,-10444,-941,-1991,-160,367,877,-662
2025-11-27T16:56:38.985059,24,58,140,174,249,213,80,32,-6570,9070,6011,-10338,-900,-1785,-223,389,607,-703
2025-11-27T16:56:39.008153,26,36,112,175,230,187,74,33,-6685,9080,6058,-10228,-674,-1683,-159,128,431,-757
2025-11-27T16:56:39.032087,24,39,110,167,224,172,72,33,-6729,9124,6162,-10097,-578,-1793,-316,-343,313,-608
2025-11-27T16:56:39.047121,24,39,108,206,333,220,87,34,-6763,9138,6249,-10008,-439,-2132,-260,-179,125,-357
2025-11-27T16:56:39.069666,29,51,105,238,362,231,90,36,-6834,9104,6284,-9968,-199,-2164,-181,291,28,-195
2025-11-27T16:56:39.091870,32,54,84,268,387,231,89,37,-6900,9068,6269,-9966,-224,-1950,-148,514,22,1
2025-11-27T16:56:39.111711,31,52,73,268,392,229,86,35,-6933,9044,6242,-9981,-316,-1781,-57,408,-22,139
2025-11-27T16:56:39.129646,34,52,79,271,392,227,84,38,-6937,9036,6231,-9992,-283,-1734,-13,197,-49,217
2025-11-27T16:56:39.160372,36,55,78,258,306,173,67,44,-6909,9045,6228,-10005,-295,-1669,74,-17,-60,327
2025-11-27T16:56:39.170839,32,43,65,235,277,164,59,46,-6875,9079,6221,-10002,-371,-1811,163,-155,82,365
2025-11-27T16:56:39.189386,31,43,63,199,253,151,62,47,-6828,9144,6208,-9983,-407,-1847,195,-304,228,458
2025-11-27T16:56:39.212104,31,42,66,229,311,221,87,48,-6798,9211,6180,-9959,-547,-1922,242,-241,330,388
2025-11-27T16:56:39.235417,27,40,78,229,336,239,90,44,-6774,9269,6158,-9935,-583,-2009,238,-221,295,337
2025-11-27T16:56:39.257579,24,37,86,243,339,248,93,38,-6762,9317,6131,-9916,-582,-1873,221,-136,282,280
2025-11-27T16:56:39.272108,27,35,108,249,325,237,89,33,-6753,9355,6112,-9898,-661,-1836,182,-110,225,183
2025-11-27T16:56:39.287213,34,30,112,258,291,217,80,29,-6734,9388,6114,-9877,-716,-1827,132,-192,137,99
2025-11-27T16:56:39.309210,35,35,123,288,216,154,55,25,-6699,9420,6139,-9856,-761,-1915,56,-279,31,76
2025-11-27T16:56:39.332175,35,34,126,323,172,120,50,25,-6661,9435,6164,-9852,-776,-1964,51,-218,-82,94
2025-11-27T16:56:39.347199,35,39,140,371,175,112,49,25,-6626,9443,6187,-9854,-730,-1961,-44,-129,-137,114
2025-11-27T16:56:39.369685,36,56,138,399,201,140,54,24,-6586,9440,6208,-9869,-752,-1877,-50,-84,-225,114
2025-11-27T16:56:39.392073,30,75,168,431,209,151,58,28,-6536,9430,6227,-9901,-815,-1789,-35,-74,-315,134
2025-11-27T16:56:39.407077,38,80,170,401,214,148,58,33,-6469,9416,6261,-9936,-902,-1776,-77,-138,-417,95
2025-11-27T16:56:39.429691,43,108,190,443,258,162,59,36,-6400,9397,6303,-9972,-895,-1766,-67,-169,-457,76
2025-11-27T16:56:39.452177,45,115,194,458,316,191,72,40,-6329,9378,6355,-10002,-848,-1762,-72,-220,-464,59
2025-11-27T16:56:39.467144,47,112,224,540,311,191,84,45,-6257,9353,6408,-10038,-878,-1776,31,-255,-486,50
2025-11-27T16:56:39.489636,44,102,211,561,300,184,82,44,-6157,9332,6469,-10080,-1014,-1794,35,-369,-574,82
2025-11-27T16:56:39.512206,38,113,209,586,289,178,80,40,-6052,9305,6533,-10126,-1087,-1814,38,-378,-614,54
2025-11-27T16:56:39.535387,38,92,189,559,244,163,79,38,-5953,9271,6607,-10169,-1044,-1888,53,-397,-641,20
2025-11-27T16:56:39.549738,37,83,180,520,161,124,67,36,-5867,9224,6670,-10219,-1072,-1978,71,-280,-649,5
2025-11-27T16:56:39.572116,34,80,154,419,140,91,51,43,-5784,9168,6711,-10291,-1114,-1887,142,-161,-684,46
2025-11-27T16:56:39.587561,42,88,158,366,129,82,53,46,-5685,9114,6757,-10363,-1167,-1884,171,-246,-721,73
2025-11-27T16:56:39.609844,45,79,170,365,151,98,60,47,-5590,9049,6809,-10437,-1183,-1937,157,-210,-771,22
2025-11-27T16:56:39.632143,41,78,176,341,158,104,65,50,-5502,8970,6868,-10513,-958,-1947,301,-251,-791,67
2025-11-27T16:56:39.655395,42,86,186,393,142,101,64,51,-5415,8910,6920,-10575,-932,-1703,197,-247,-687,59
2025-11-27T16:56:39.669599,54,88,179,371,129,100,64,54,-5296,8861,6995,-10627,-1159,-1947,148,-438,-758,63
2025-11-27T16:56:39.692278,60,77,176,373,118,93,62,54,-5172,8794,7066,-10697,-1084,-2081,195,-382,-864,155
2025-11-27T16:56:39.715809,59,64,180,407,90,71,54,56,-5061,8707,7119,-10786,-963,-2086,216,-201,-923,209
2025-11-27T16:56:39.738011,59,60,168,404,103,97,63,57,-4939,8622,7155,-10886,-938,-1970,278,-171,-940,316
2025-11-27T16:56:39.752143,61,45,157,346,160,121,71,58,-4811,8537,7172,-10999,-1007,-1940,365,-125,-940,384
2025-11-27T16:56:39.775327,50,46,175,374,197,155,88,52,-4689,8469,7197,-11088,-853,-1876,292,-182,-822,409
2025-11-27T16:56:39.790041,36,45,173,379,208,163,87,47,-4572,8409,7205,-11176,-973,-1820,302,-119,-756,392
2025-11-27T16:56:39.812246,36,44,153,306,207,164,88,45,-4473,8339,7217,-11260,-958,-1790,254,-43,-754,289
2025-11-27T16:56:39.835411,41,47,159,300,191,147,85,52,-4385,8261,7230,-11344,-914,-1623,321,-42,-747,205
2025-11-27T16:56:39.849711,55,50,202,318,147,126,79,56,-4312,8173,7267,-11412,-930,-1712,291,-87,-750,45
2025-11-27T16:56:39.872136,61,47,181,380,92,78,55,52,-4257,8081,7320,-11465,-804,-1805,293,-121,-697,-19
2025-11-27T16:56:39.895397,62,50,187,429,66,63,54,53,-4216,7991,7355,-11520,-852,-1797,299,-12,-640,-42
2025-11-27T16:56:39.910864,65,54,204,466,67,63,54,55,-4168,7910,7393,-11569,-873,-1696,238,-37,-633,-48
2025-11-27T16:56:39.932130,117,98,240,488,145,69,49,49,-4126,7830,7452,-11600,-770,-1780,203,-126,-591,-90
2025-11-27T16:56:39.955453,122,101,208,471,154,71,47,46,-4094,7753,7507,-11628,-782,-1787,214,-103,-543,-125
2025-11-27T16:56:39.969753,128,103,207,393,155,73,50,49,-4076,7680,7562,-11647,-713,-1856,201,-77,-474,-136
2025-11-27T16:56:39.992468,133,107,247,481,155,71,48,51,-4058,7613,7601,-11672,-700,-1888,309,-54,-409,-66
2025-11-27T16:56:40.015476,135,105,238,449,156,70,48,49,-4037,7564,7639,-11686,-710,-1886,258,-87,-334,-24
2025-11-27T16:56:40.029655,94,67,211,440,91,53,44,54,-4025,7517,7662,-11705,-647,-1831,426,-76,-252,-1
2025-11-27T16:56:40.052174,78,60,201,436,67,41,40,79,-4015,7499,7689,-11703,-724,-1826,406,-174,-88,-10
2025-11-27T16:56:40.075288,63,53,208,489,73,49,53,98,-4026,7487,7701,-11699,-730,-1920,482,-104,27,-24
2025-11-27T16:56:40.090026,55,47,149,364,69,52,57,107,-4066,7486,7699,-11687,-693,-2034,448,15,184,-47
2025-11-27T16:56:40.112077,45,47,135,342,62,51,55,108,-4116,7498,7668,-11682,-743,-1993,492,135,291,-8
2025-11-27T16:56:40.135430,42,41,107,324,102,61,55,113,-4178,7525,7611,-11680,-699,-1900,560,218,425,59
2025-11-27T16:56:40.149663,39,39,106,319,126,88,58,97,-4244,7580,7555,-11657,-679,-1936,612,111,617,101
2025-11-27T16:56:40.172811,39,38,112,227,129,94,46,82,-4339,7661,7473,-11622,-679,-1995,648,211,870,123
2025-11-27T16:56:40.195489,34,35,101,155,139,91,41,73,-4456,7762,7357,-11584,-768,-1929,623,367,1056,117
2025-11-27T16:56:40.218109,36,40,106,144,151,100,44,72,-4583,7878,7227,-11538,-849,-1903,601,419,1170,103
2025-11-27T16:56:40.231919,31,41,112,124,154,105,43,57,-4722,8003,7080,-11488,-983,-1872,562,511,1253,46
2025-11-27T16:56:40.255417,34,41,110,112,192,126,54,57,-4883,8125,6908,-11439,-1044,-1797,546,684,1322,-13
2025-11-27T16:56:40.269293,36,40,74,123,219,142,63,53,-5062,8239,6721,-11391,-1109,-1696,592,782,1365,-108
2025-11-27T16:56:40.292301,33,62,90,108,241,189,82,50,-5252,8348,6543,-11329,-1195,-1703,561,776,1377,-256
2025-11-27T16:56:40.315448,32,62,89,115,252,213,95,54,-5435,8465,6397,-11239,-1268,-1694,459,598,1380,-385
2025-11-27T16:56:40.329781,33,62,85,132,304,234,101,59,-5595,8576,6292,-11135,-1413,-1864,314,438,1229,-484
2025-11-27T16:56:40.352231,33,65,87,132,299,235,103,59,-5746,8670,6178,-11049,-1428,-1795,334,500,1114,-450
2025-11-27T16:56:40.375324,29,67,88,131,303,236,98,53,-5884,8754,6078,-10965,-1369,-1748,315,436,1017,-442
2025-11-27T16:56:40.389686,32,47,65,131,302,215,88,51,-5987,8853,6023,-10860,-1283,-1773,222,129,963,-417
2025-11-27T16:56:40.412090,38,55,87,143,326,224,93,50,-6056,8964,6002,-10742,-1330,-1907,122,-108,878,-386
2025-11-27T16:56:40.435375,38,62,85,163,294,216,94,43,-6136,9051,5978,-10636,-1302,-2097,75,41,789,-387
2025-11-27T16:56:40.449594,37,60,89,183,282,204,93,42,-6233,9096,5935,-10565,-1275,-1968,17,338,589,-425
2025-11-27T16:56:40.472132,39,58,88,185,282,217,100,44,-6343,9095,5906,-10517,-1361,-1998,-68,518,318,-607
2025-11-27T16:56:40.495199,38,65,91,185,290,247,100,44,-6447,9074,5910,-10469,-1182,-1962,-42,410,185,-657
2025-11-27T16:56:40.509539,30,58,61,174,264,224,87,39,-6555,9033,5916,-10435,-996,-1904,22,464,95,-624
2025-11-27T16:56:40.532119,30,51,53,147,235,206,78,37,-6671,8983,5928,-10397,-990,-1966,-59,526,57,-697
2025-11-27T16:56:40.555450,28,50,43,127,225,203,70,34,-6782,8918,5960,-10363,-964,-1981,-65,492,-62,-762
2025-11-27T16:56:40.569669,25,51,44,127,246,219,73,34,-6874,8830,6023,-10341,-852,-2015,-52,405,-286,-769
2025-11-27T16:56:40.592420,24,43,42,204,240,185,73,37,-6958,8708,6106,-10340,-629,-2017,-39,439,-516,-728
2025-11-27T16:56:40.622835,24,38,42,211,230,176,67,43,-7041,8547,6198,-10363,-524,-2116,-35,565,-741,-721
2025-11-27T16:56:40.645404,24,35,52,216,228,180,70,46,-7138,8332,6271,-10428,-449,-2172,28,890,-962,-708
2025-11-27T16:56:40.652069,26,35,53,217,222,175,70,46,-7258,8065,6292,-10542,-404,-2186,175,1335,-1100,-633
2025-11-27T16:56:40.675352,24,32,51,214,183,133,59,54,-7375,7761,6253,-10710,-370,-2110,204,1626,-1216,-520
2025-11-27T16:56:40.697928,25,30,46,173,152,125,55,53,-7491,7426,6190,-10902,-373,-2015,304,1836,-1331,-466
2025-11-27T16:56:40.712172,24,30,50,189,154,137,61,49,-7584,7073,6119,-11111,-228,-1925,359,1891,-1467,-343
2025-11-27T16:56:40.735430,28,29,46,188,168,136,68,55,-7648,6702,6046,-11335,-162,-1819,455,1903,-1626,-230
2025-11-27T16:56:40.757573,31,31,46,202,182,134,75,64,-7696,6300,5958,-11577,-114,-1860,524,2048,-1774,-138
2025-11-27T16:56:40.771582,54,45,62,217,158,114,73,60,-7745,5872,5828,-11833,4,-1764,701,2302,-1787,-75
2025-11-27T16:56:40.795312,109,63,76,230,204,171,81,64,-7775,5465,5671,-12081,203,-1586,818,2285,-1637,103
2025-11-27T16:56:40.817905,196,114,121,245,235,190,86,69,-7760,5146,5524,-12297,359,-1478,1024,1848,-1309,361
2025-11-27T16:56:40.832331,223,126,127,261,328,258,104,69,-7718,4874,5397,-12490,344,-1183,1147,1443,-1029,640
2025-11-27T16:56:40.854870,227,128,131,255,340,274,103,62,-7646,4681,5283,-12656,404,-1135,1216,1056,-703,837
2025-11-27T16:56:40.877822,225,126,129,244,342,277,103,57,-7564,4560,5195,-12784,424,-910,1310,573,-396,856
2025-11-27T16:56:40.892120,217,120,122,239,319,245,93,56,-7484,4524,5158,-12859,265,-963,1377,41,-119,723
2025-11-27T16:56:40.914635,146,77,77,217,289,220,88,57,-7433,4539,5142,-12890,221,-1007,1369,-197,160,523
2025-11-27T16:56:40.937859,100,73,66,212,169,130,58,49,-7414,4601,5139,-12880,260,-1000,1280,-360,464,366
2025-11-27T16:56:40.952181,91,74,66,228,214,194,76,48,-7375,4751,5187,-12829,137,-1114,1075,-805,696,390
2025-11-27T16:56:40.974709,86,102,77,227,240,210,81,52,-7318,4942,5254,-12762,94,-1328,1099,-998,821,479
2025-11-27T16:56:40.997383,47,115,94,208,246,215,84,46,-7258,5154,5316,-12687,125,-1400,994,-1010,938,556
2025-11-27T16:56:41.012596,49,138,123,198,271,225,82,42,-7190,5382,5353,-12615,45,-1463,876,-900,1023,658
2025-11-27T16:56:41.034829,47,177,156,201,281,234,83,41,-7120,5613,5371,-12546,15,-1433,868,-847,1069,714
2025-11-27T16:56:41.057752,48,188,223,250,227,167,66,42,-7030,5861,5399,-12471,-190,-1571,712,-895,1025,743
2025-11-27T16:56:41.072120,63,184,268,259,198,143,62,42,-6928,6101,5421,-12403,-146,-1466,703,-909,982,832
2025-11-27T16:56:41.094884,65,186,278,347,208,139,62,45,-6822,6360,5457,-12316,-141,-1349,514,-1025,1052,805
2025-11-27T16:56:41.117929,59,178,336,385,212,143,64,41,-6692,6639,5524,-12209,-312,-1423,421,-1261,1010,786
2025-11-27T16:56:41.132147,59,143,334,411,205,161,70,42,-6542,6919,5614,-12094,-535,-1557,350,-1386,893,737
2025-11-27T16:56:41.154109,66,154,308,460,235,193,75,42,-6381,7185,5710,-11979,-675,-1599,155,-1337,742,697
2025-11-27T16:56:41.177861,74,198,317,492,258,218,83,40,-6232,7419,5815,-11863,-737,-1515,141,-1319,614,530
2025-11-27T16:56:41.192105,81,216,355,470,301,239,92,39,-6090,7621,5924,-11755,-932,-1676,209,-1262,470,394
2025-11-27T16:56:41.214650,85,221,331,526,331,243,91,41,-5939,7799,6040,-11656,-1104,-1747,140,-1233,284,323
2025-11-27T16:56:41.237829,96,224,418,584,334,225,83,43,-5807,7935,6178,-11558,-1182,-1691,25,-1165,96,59
2025-11-27T16:56:41.252134,113,245,518,581,345,206,93,41,-5687,8036,6349,-11455,-1176,-1687,-36,-1194,-66,-161
2025-11-27T16:56:41.274603,105,223,528,606,371,202,90,39,-5585,8099,6506,-11372,-1251,-1815,218,-1110,-140,-251
2025-11-27T16:56:41.297823,104,217,534,647,389,197,89,43,-5460,8164,6637,-11311,-1482,-1911,315,-1086,-182,-135
2025-11-27T16:56:41.312138,113,215,598,636,381,239,105,46,-5324,8226,6781,-11245,-1390,-1858,465,-1272,-165,-118
2025-11-27T16:56:41.334611,108,212,557,573,379,241,107,44,-5219,8288,6927,-11159,-1284,-1866,461,-1264,-21,-220
2025-11-27T16:56:41.357913,87,171,469,534,376,241,98,45,-5126,8318,7060,-11097,-1406,-1996,604,-1146,-115,-304
2025-11-27T16:56:41.380914,80,155,490,551,346,228,96,46,-5002,8310,7196,-11071,-1631,-2129,599,-1095,-449,-308
2025-11-27T16:56:41.394648,102,140,501,528,288,201,86,46,-4884,8244,7334,-11083,-1588,-2118,693,-955,-733,-402
2025-11-27T16:56:41.417799,118,130,440,496,263,127,63,41,-4795,8138,7479,-11104,-1270,-2183,646,-786,-849,-453
2025-11-27T16:56:41.431791,146,133,444,506,287,118,62,44,-4725,8032,7594,-11132,-1107,-2206,661,-610,-754,-353
2025-11-27T16:56:41.454635,150,131,457,565,256,90,54,46,-4667,7951,7663,-11167,-1093,-2130,575,-384,-596,-215
2025-11-27T16:56:41.478255,153,118,405,586,253,72,50,46,-4616,7874,7716,-11207,-1026,-1948,526,-276,-559,-187
2025-11-27T16:56:41.492387,141,101,357,555,275,105,52,45,-4572,7811,7782,-11223,-881,-1930,478,-371,-451,-183
2025-11-27T16:56:41.514606,118,105,352,566,261,116,58,43,-4537,7767,7835,-11231,-859,-1986,501,-361,-300,-123
2025-11-27T16:56:41.537836,83,90,338,591,229,118,56,39,-4527,7737,7870,-11231,-789,-2007,428,-228,-146,-112
2025-11-27T16:56:41.560426,160,91,324,584,229,118,54,48,-4528,7719,7901,-11222,-736,-1978,357,-197,-52,-108
2025-11-27T16:56:41.574565,167,101,422,536,220,120,56,51,-4523,7712,7945,-11198,-714,-1984,282,-284,-23,-107
2025-11-27T16:56:41.598241,169,102,432,613,168,94,52,49,-4506,7702,7991,-11178,-715,-2079,195,-265,-94,-50
2025-11-27T16:56:41.620410,171,89,423,591,158,73,50,53,-4486,7693,8029,-11166,-678,-2066,112,-187,-124,10
2025-11-27T16:56:41.635422,170,90,425,567,159,71,49,55,-4469,7674,8060,-11163,-562,-1921,82,-104,-167,27
2025-11-27T16:56:41.657921,101,89,415,498,145,78,52,47,-4443,7651,8102,-11159,-822,-2136,26,-126,-242,-66
2025-11-27T16:56:41.680356,101,81,329,470,147,86,60,51,-4423,7614,8124,-11176,-563,-1998,199,-55,-259,59
2025-11-27T16:56:41.694286,95,88,362,378,148,84,61,51,-4392,7603,8156,-11172,-616,-1955,37,-137,-184,76
2025-11-27T16:56:41.717894,88,88,344,424,146,85,58,47,-4339,7593,8199,-11168,-736,-1932,57,-250,-255,71
2025-11-27T16:56:41.741003,98,102,407,408,139,85,61,47,-4300,7545,8230,-11192,-748,-1916,100,-61,-410,-27
2025-11-27T16:56:41.754808,305,132,463,453,146,81,59,51,-4280,7486,8264,-11215,-479,-2067,180,-42,-377,25
2025-11-27T16:56:41.777917,319,166,490,485,121,59,47,46,-4260,7451,8267,-11244,-746,-1929,186,57,-262,17
2025-11-27T16:56:41.799899,337,230,478,497,108,57,45,53,-4240,7416,8265,-11277,-776,-1900,209,80,-266,11
2025-11-27T16:56:41.814915,350,248,492,493,102,55,44,57,-4220,7378,8266,-11308,-680,-1882,230,60,-270,39
2025-11-27T16:56:41.837693,360,256,456,581,104,51,42,62,-4211,7342,8272,-11330,-696,-2109,233,51,-214,13
2025-11-27T16:56:41.860072,270,268,411,573,97,46,43,64,-4214,7313,8244,-11368,-654,-1923,318,201,-135,77
2025-11-27T16:56:41.875368,263,253,408,631,111,48,43,62,-4222,7296,8205,-11404,-767,-1982,289,262,-62,73
2025-11-27T16:56:41.905496,247,208,408,656,125,49,42,57,-4236,7284,8159,-11440,-772,-1959,272,308,-22,80
2025-11-27T16:56:41.920131,230,195,588,760,139,51,47,55,-4241,7281,8119,-11469,-762,-1870,233,253,-12,99
2025-11-27T16:56:41.934652,238,215,615,758,158,47,43,48,-4239,7279,8099,-11485,-804,-1989,238,126,-27,69
2025-11-27T16:56:41.959355,198,204,648,815,158,50,43,48,-4246,7273,8056,-11516,-742,-1914,235,289,-20,121
2025-11-27T16:56:41.980339,187,201,658,842,150,55,50,51,-4260,7256,8015,-11550,-811,-1821,155,366,-81,9
2025-11-27T16:56:41.994504,190,199,668,846,144,63,58,56,-4257,7232,8002,-11575,-764,-1853,158,200,-171,5
2025-11-27T16:56:42.017575,284,260,571,901,160,75,66,64,-4233,7212,8002,-11596,-788,-1920,145,97,-228,62
2025-11-27T16:56:42.040353,291,241,574,962,148,81,74,69,-4205,7180,8000,-11628,-759,-1936,167,133,-300,91
2025-11-27T16:56:42.054602,287,229,551,945,151,83,75,67,-4177,7148,7984,-11668,-638,-1923,194,206,-294,189
2025-11-27T16:56:42.078186,319,226,568,926,170,90,76,79,-4136,7126,7963,-11711,-742,-1925,254,159,-283,242
2025-11-27T16:56:42.100750,322,217,532,900,163,82,71,86,-4082,7109,7950,-11749,-781,-1908,273,75,-298,265
2025-11-27T16:56:42.114194,252,156,532,889,148,78,66,93,-4019,7092,7944,-11785,-800,-2007,298,10,-322,294
2025-11-27T16:56:42.137823,226,156,571,873,140,83,64,95,-3962,7074,7923,-11829,-738,-1778,364,68,-292,306
2025-11-27T16:56:42.160337,263,178,643,855,147,85,65,97,-3912,7049,7903,-11874,-703,-1824,314,123,-313,288
2025-11-27T16:56:42.182824,233,179,635,854,128,75,61,87,-3863,7023,7896,-11910,-833,-1903,296,71,-325,193
2025-11-27T16:56:42.197828,239,182,655,943,137,75,61,77,-3831,6994,7879,-11949,-726,-1805,358,129,-271,180
2025-11-27T16:56:42.220364,241,166,615,834,168,136,98,78,-3804,6972,7866,-11979,-731,-1834,393,82,-200,160
2025-11-27T16:56:42.234606,233,149,566,814,167,137,99,82,-3778,6963,7856,-11998,-734,-1797,387,26,-124,166
2025-11-27T16:56:42.257694,167,111,543,862,155,135,97,76,-3753,6963,7853,-12008,-786,-1857,366,-21,-86,147
2025-11-27T16:56:42.279522,145,112,528,843,155,136,100,79,-3739,6963,7845,-12018,-851,-1820,322,45,-62,72
2025-11-27T16:56:42.294634,122,103,529,775,160,146,130,117,-3738,6961,7839,-12023,-759,-1930,371,51,-11,80
2025-11-27T16:56:42.317653,112,97,547,799,111,93,106,113,-3736,6973,7826,-12026,-834,-1769,354,42,48,57
2025-11-27T16:56:42.340430,119,106,585,827,121,91,121,162,-3730,6980,7832,-12019,-734,-1898,293,-22,19,85
2025-11-27T16:56:42.355092,124,108,574,787,134,93,127,183,-3735,6981,7833,-12016,-697,-1891,327,21,25,52
2025-11-27T16:56:42.377907,125,111,560,796,133,92,130,186,-3738,6985,7815,-12025,-650,-1817,481,43,69,145
2025-11-27T16:56:42.400772,109,117,583,849,128,78,111,169,-3716,7025,7832,-11997,-603,-1661,185,-179,135,197
2025-11-27T16:56:42.415068,94,118,542,785,181,151,130,169,-3706,7030,7841,-11992,-738,-2084,385,-70,14,134
2025-11-27T16:56:42.437849,84,112,460,724,200,166,123,124,-3736,7035,7810,-12000,-500,-1694,361,198,150,114
2025-11-27T16:56:42.460343,76,104,369,685,193,164,117,95,-3749,7042,7798,-11999,-752,-1898,372,73,87,52
2025-11-27T16:56:42.474082,68,95,322,623,190,165,109,95,-3774,7039,7793,-11996,-540,-1801,364,71,99,40
2025-11-27T16:56:42.497885,68,95,230,464,185,166,101,97,-3794,7044,7792,-11988,-676,-1761,385,9,118,-17
2025-11-27T16:56:42.520413,65,86,204,443,134,102,74,99,-3818,7045,7813,-11966,-614,-1851,387,-107,118,-64
2025-11-27T16:56:42.542865,58,76,192,366,86,66,58,101,-3858,7044,7823,-11947,-618,-1961,450,-26,175,-91
2025-11-27T16:56:42.557805,60,77,184,374,105,66,59,102,-3908,7040,7814,-11939,-602,-1972,464,101,194,-67
2025-11-27T16:56:42.587444,57,71,169,323,114,65,57,96,-3966,7023,7787,-11947,-572,-2040,576,211,168,-46
2025-11-27T16:56:42.603334,52,87,143,313,134,78,57,101,-4054,7006,7715,-11975,-632,-2116,732,463,285,-48
2025-11-27T16:56:42.617433,47,88,143,315,144,86,54,98,-4150,7025,7593,-12009,-783,-2085,856,600,516,65
2025-11-27T16:56:42.640338,44,90,144,240,145,84,50,88,-4251,7094,7434,-12033,-898,-2031,865,671,797,186
2025-11-27T16:56:42.662888,39,89,132,184,153,90,47,81,-4355,7207,7260,-12034,-911,-2029,877,624,1066,306
2025-11-27T16:56:42.677306,41,90,129,177,158,89,48,87,-4450,7351,7070,-12025,-1155,-1932,743,654,1163,312
2025-11-27T16:56:42.700192,36,60,117,172,159,97,51,74,-4557,7504,6865,-12010,-1219,-1881,677,755,1243,295
2025-11-27T16:56:42.724595,33,59,114,173,156,94,50,65,-4675,7661,6625,-12000,-1262,-1760,664,926,1324,323
2025-11-27T16:56:42.737749,35,50,67,188,182,107,59,62,-4798,7830,6387,-11972,-1270,-1657,578,909,1409,295
2025-11-27T16:56:42.760289,39,54,91,172,175,108,59,63,-4933,7997,6164,-11923,-1299,-1483,433,888,1418,122
2025-11-27T16:56:42.782339,40,67,124,175,163,106,60,54,-5078,8136,5988,-11857,-1307,-1455,376,754,1281,-140
2025-11-27T16:56:42.797110,37,64,127,181,142,84,51,43,-5237,8256,5839,-11780,-1299,-1508,345,714,1207,-302
2025-11-27T16:56:42.820344,39,61,131,192,204,111,66,44,-5391,8367,5701,-11700,-1298,-1458,359,654,1155,-346
2025-11-27T16:56:42.842634,37,60,131,223,207,127,65,45,-5540,8464,5596,-11610,-1334,-1536,259,565,1027,-463
2025-11-27T16:56:42.865322,37,66,115,233,224,140,68,43,-5679,8541,5538,-11514,-1299,-1630,128,445,831,-572
2025-11-27T16:56:42.880483,32,51,78,236,250,151,68,47,-5825,8584,5504,-11426,-1202,-1673,164,440,664,-668
2025-11-27T16:56:42.903909,32,49,68,283,256,153,69,55,-5990,8601,5469,-11343,-1168,-1739,142,578,581,-756
2025-11-27T16:56:42.917126,29,49,61,278,213,138,53,53,-6163,8607,5426,-11266,-1104,-1657,173,643,566,-779
2025-11-27T16:56:42.940420,29,50,59,259,212,124,45,52,-6317,8625,5421,-11169,-1134,-1652,144,391,546,-863
2025-11-27T16:56:42.962843,29,39,51,260,185,111,44,51,-6450,8636,5451,-11070,-1099,-1769,188,197,428,-878
2025-11-27T16:56:42.977090,28,38,49,252,156,109,54,44,-6582,8620,5508,-10977,-934,-1891,133,200,246,-897
2025-11-27T16:56:43.000319,28,41,53,232,160,117,62,34,-6723,8568,5556,-10907,-803,-1992,188,375,113,-859
2025-11-27T16:56:43.022855,29,40,53,258,186,130,66,33,-6861,8496,5590,-10860,-795,-2003,169,519,-10,-802
2025-11-27T16:56:43.037072,29,42,53,224,231,179,81,34,-6989,8399,5617,-10840,-744,-2007,221,616,-175,-725
2025-11-27T16:56:43.060282,25,41,49,226,245,200,92,36,-7115,8279,5641,-10838,-557,-1977,234,711,-290,-644
2025-11-27T16:56:43.082832,24,38,54,271,250,204,92,34,-7209,8155,5680,-10849,-466,-1943,167,645,-440,-521
2025-11-27T16:56:43.097230,24,33,49,256,246,203,89,33,-7299,8015,5693,-10886,-337,-1915,350,739,-465,-357
2025-11-27T16:56:43.120301,24,37,51,246,258,244,101,32,-7381,7881,5669,-10941,-270,-1871,427,848,-401,-153
2025-11-27T16:56:43.142803,25,37,48,252,210,218,97,34,-7434,7767,5634,-11005,-318,-1745,410,782,-391,-9
2025-11-27T16:56:43.157295,28,42,86,341,207,203,87,34,-7478,7656,5600,-11070,-239,-1614,506,694,-376,40
2025-11-27T16:56:43.180073,31,45,98,378,218,235,103,37,-7498,7578,5583,-11119,-141,-1553,516,450,-275,144
2025-11-27T16:56:43.202580,46,70,109,403,220,238,105,40,-7474,7557,5581,-11150,-247,-1578,602,63,-147,291
2025-11-27T16:56:43.217608,61,148,138,398,214,185,93,45,-7428,7576,5590,-11164,-201,-1626,653,-193,7,413
2025-11-27T16:56:43.241172,64,152,152,425,258,204,88,45,-7347,7638,5619,-11161,-231,-1562,612,-499,82,513
2025-11-27T16:56:43.269888,64,156,141,380,267,212,91,44,-7235,7724,5658,-11155,-317,-1632,597,-673,87,620
2025-11-27T16:56:43.276445,65,164,152,359,271,190,69,41,-7136,7792,5689,-11155,-305,-1633,599,-568,50,586
2025-11-27T16:56:43.300431,60,165,220,453,277,206,70,40,-7068,7829,5699,-11168,-359,-1670,698,-351,26,483
2025-11-27T16:56:43.322780,47,103,216,468,279,215,70,34,-7023,7854,5695,-11180,-471,-1723,712,-206,49,368
2025-11-27T16:56:43.337250,41,98,223,452,248,212,76,31,-7003,7874,5677,-11188,-515,-1671,719,-91,115,263
2025-11-27T16:56:43.360220,39,94,250,495,243,203,75,32,-6997,7899,5664,-11181,-489,-1615,632,-83,179,176
2025-11-27T16:56:43.382871,37,88,240,475,240,183,73,32,-6983,7939,5670,-11158,-518,-1598,562,-221,204,129
2025-11-27T16:56:43.405019,29,73,189,383,277,184,74,31,-6971,7993,5692,-11116,-482,-1576,502,-323,269,72
2025-11-27T16:56:43.420566,28,76,194,406,270,190,79,32,-6964,8052,5727,-11059,-495,-1575,449,-392,304,-21
2025-11-27T16:56:43.442757,30,83,195,456,294,171,71,31,-6964,8115,5764,-10994,-563,-1695,449,-391,335,-67
2025-11-27T16:56:43.465422,28,84,177,412,308,177,70,29,-6973,8178,5801,-10921,-574,-1703,307,-328,350,-126
2025-11-27T16:56:43.480498,31,75,194,417,360,183,72,31,-7005,8239,5843,-10833,-527,-1669,219,-272,408,-257
2025-11-27T16:56:43.502833,31,78,197,428,341,177,70,31,-7050,8302,5889,-10730,-457,-1652,245,-319,496,-330
2025-11-27T16:56:43.526021,30,79,188,423,371,187,70,33,-7075,8368,5933,-10638,-656,-1682,291,-381,427,-303
2025-11-27T16:56:43.539672,32,112,203,369,364,190,73,39,-7071,8457,5989,-10539,-808,-1777,128,-500,395,-274
2025-11-27T16:56:43.562392,33,111,203,376,362,191,74,40,-7080,8532,6059,-10431,-803,-1711,124,-520,375,-427
2025-11-27T16:56:43.585012,31,114,210,416,337,195,77,39,-7120,8590,6148,-10303,-710,-1830,153,-517,405,-616
2025-11-27T16:56:43.599226,29,112,212,382,334,181,81,40,-7155,8646,6225,-10185,-870,-1902,241,-515,400,-630
2025-11-27T16:56:43.622695,28,111,222,342,300,163,73,38,-7184,8707,6289,-10073,-1041,-1953,156,-455,389,-629
2025-11-27T16:56:43.645362,25,74,219,341,274,151,70,34,-7223,8759,6362,-9953,-967,-1941,186,-482,408,-707
2025-11-27T16:56:43.659132,29,69,213,371,266,142,70,35,-7268,8815,6444,-9817,-888,-1929,144,-539,458,-764
2025-11-27T16:56:43.682871,30,64,206,347,269,160,68,35,-7299,8873,6530,-9685,-972,-2055,182,-616,420,-749
2025-11-27T16:56:43.705153,32,59,206,378,254,158,63,37,-7308,8925,6615,-9572,-1115,-2126,161,-625,296,-719
2025-11-27T16:56:43.719229,32,55,195,463,252,151,66,36,-7321,8959,6699,-9471,-1052,-2172,143,-546,220,-712
2025-11-27T16:56:43.742537,32,48,177,491,260,145,72,38,-7340,8968,6769,-9398,-1017,-2163,218,-405,118,-675
2025-11-27T16:56:43.764966,32,52,195,584,332,141,68,40,-7356,8953,6828,-9356,-1041,-2111,310,-302,-20,-636
2025-11-27T16:56:43.779292,31,53,201,594,335,99,64,42,-7363,8928,6903,-9320,-984,-2284,217,-291,-142,-621
2025-11-27T16:56:43.803111,47,57,304,587,358,137,85,44,-7395,8877,6950,-9308,-915,-2177,284,-42,-160,-608
2025-11-27T16:56:43.825303,77,96,396,603,422,144,89,48,-7422,8840,6993,-9290,-768,-2208,196,-42,-102,-486
2025-11-27T16:56:43.847371,117,112,420,608,446,143,84,46,-7422,8826,7025,-9279,-761,-2082,194,-134,-94,-315
2025-11-27T16:56:43.862864,116,112,420,516,408,140,85,45,-7406,8815,7052,-9282,-860,-2141,146,-122,-154,-253
2025-11-27T16:56:43.885444,120,114,438,519,392,141,87,43,-7386,8791,7084,-9295,-727,-2251,106,-66,-254,-175
2025-11-27T16:56:43.899660,116,112,374,561,439,137,71,39,-7377,8759,7091,-9328,-569,-2204,251,43,-225,-26
2025-11-27T16:56:43.922921,99,84,281,559,422,166,72,40,-7381,8740,7073,-9357,-590,-1894,261,105,-84,-19
2025-11-27T16:56:43.952844,47,64,258,555,405,168,74,42,-7370,8741,7095,-9348,-496,-1906,206,-179,-40,-87
2025-11-27T16:56:43.959490,45,69,241,602,408,168,70,41,-7356,8741,7145,-9320,-445,-2006,190,-318,-68,-178
2025-11-27T16:56:43.982865,39,70,197,668,420,170,68,40,-7360,8729,7192,-9292,-411,-2112,96,-174,-60,-230
2025-11-27T16:56:44.005048,36,72,200,673,421,147,67,45,-7381,8706,7221,-9275,-423,-2192,77,2,-47,-234
2025-11-27T16:56:44.016841,36,70,257,636,376,90,54,40,-7401,8687,7233,-9267,-397,-2116,68,70,-21,-145
2025-11-27T16:56:44.040733,36,66,240,636,394,86,46,36,-7400,8681,7248,-9261,-430,-2035,28,-12,-49,-78
2025-11-27T16:56:44.063345,36,58,240,554,396,104,58,37,-7380,8681,7269,-9261,-400,-2072,74,-118,-106,11
2025-11-27T16:56:44.078196,35,51,228,434,389,114,60,37,-7370,8673,7281,-9268,-408,-2099,116,-42,-98,7
2025-11-27T16:56:44.103292,33,55,224,371,311,101,52,32,-7373,8657,7281,-9280,-387,-2157,131,68,-76,5
2025-11-27T16:56:44.125286,33,54,197,375,298,102,53,33,-7391,8638,7262,-9298,-358,-2091,192,161,-12,32
2025-11-27T16:56:44.139800,32,55,189,374,255,100,56,34,-7401,8633,7241,-9311,-423,-2083,168,109,30,57
2025-11-27T16:56:44.163029,30,54,198,375,204,79,43,32,-7397,8636,7231,-9320,-402,-2047,134,21,-3,78
2025-11-27T16:56:44.185321,30,54,243,393,142,48,39,32,-7391,8636,7226,-9328,-414,-2077,154,0,-17,62
2025-11-27T16:56:44.199603,26,42,235,432,155,48,41,29,-7393,8632,7220,-9335,-371,-2093,147,38,-9,50
2025-11-27T16:56:44.222938,24,38,193,392,149,44,40,29,-7399,8626,7210,-9343,-386,-2041,149,68,-2,39
2025-11-27T16:56:44.245662,23,38,195,366,157,39,37,28,-7408,8623,7201,-9346,-357,-2010,147,60,32,30
2025-11-27T16:56:44.259649,23,37,178,379,165,41,39,30,-7410,8631,7194,-9342,-377,-1983,110,0,59,40
2025-11-27T16:56:44.282950,21,34,114,364,159,43,39,28,-7413,8637,7190,-9338,-383,-1994,85,17,47,25
2025-11-27T16:56:44.305394,22,34,120,444,244,85,40,29,-7410,8642,7189,-9336,-381,-2003,56,6,7,41
2025-11-27T16:56:44.319061,26,34,116,478,398,228,104,36,-7400,8644,7197,-9336,-362,-1980,48,-25,-44,41
2025-11-27T16:56:44.342881,25,31,108,467,419,233,114,38,-7373,8652,7231,-9323,-312,-1933,-13,-177,-97,22
2025-11-27T16:56:44.365164,25,33,109,458,455,259,122,40,-7338,8665,7287,-9296,-179,-1835,7,-336,-109,16
2025-11-27T16:56:44.387297,24,32,99,448,474,280,128,42,-7296,8686,7355,-9256,-121,-1888,-119,-396,-106,26
2025-11-27T16:56:44.403078,27,34,84,297,506,341,169,52,-7247,8697,7409,-9240,-251,-2212,-75,-312,-188,91
2025-11-27T16:56:44.424815,24,33,64,203,400,279,148,48,-7220,8671,7420,-9277,-290,-2313,52,50,-286,179
2025-11-27T16:56:44.447695,25,34,62,178,400,291,147,48,-7199,8644,7395,-9339,-280,-1958,8,279,-268,294
2025-11-27T16:56:44.460490,27,31,64,150,359,276,141,45,-7145,8642,7383,-9391,-351,-1891,140,-22,-256,357
2025-11-27T16:56:44.483135,28,38,80,125,359,271,145,46,-7048,8669,7408,-9420,-488,-1949,107,-387,-302,349
2025-11-27T16:56:44.505769,28,53,169,126,312,234,120,41,-6923,8683,7457,-9461,-545,-2044,102,-487,-506,353
2025-11-27T16:56:44.529826,31,65,237,272,373,300,146,48,-6773,8657,7538,-9528,-554,-2064,195,-555,-834,310
2025-11-27T16:56:44.545633,31,66,286,281,360,299,145,48,-6595,8594,7685,-9593,-596,-2086,-146,-604,-1222,87
2025-11-27T16:56:44.567719,30,67,304,297,365,303,147,53,-6442,8477,7857,-9662,-534,-1878,-14,-556,-1379,-200
2025-11-27T16:56:44.581764,30,66,304,307,343,290,137,53,-6310,8304,8059,-9732,-460,-1962,-113,-418,-1588,-464
2025-11-27T16:56:44.607472,27,53,274,296,277,245,116,49,-6173,7876,8419,-9869,-195,-1836,107,-114,-1343,-742
2025-11-27T16:56:44.626195,22,37,221,194,172,138,63,41,-6133,7704,8592,-9881,-257,-1820,86,-333,-1087,-767
2025-11-27T16:56:44.649540,21,31,154,215,130,110,51,40,-6086,7580,8767,-9852,-355,-1815,84,-587,-838,-758
2025-11-27T16:56:44.668766,21,29,113,221,96,83,40,33,-6060,7488,8944,-9779,-343,-1732,80,-747,-558,-854
2025-11-27T16:56:44.687039,20,22,97,213,80,73,38,32,-6109,7382,9091,-9694,-354,-1619,119,-490,-279,-1120
2025-11-27T16:56:44.709725,22,20,63,215,84,75,40,32,-6197,7283,9250,-9561,-262,-1683,8,-545,-45,-1339
2025-11-27T16:56:44.729327,24,22,48,214,80,68,43,31,-6302,7213,9416,-9382,-171,-1909,-39,-732,200,-1388
2025-11-27T16:56:44.746887,24,24,45,323,147,60,43,31,-6429,7163,9538,-9210,-161,-2141,-27,-579,409,-1284
2025-11-27T16:56:44.769566,25,30,103,380,158,60,52,35,-6579,7115,9610,-9065,-227,-2277,-92,-262,546,-1235
2025-11-27T16:56:44.796267,25,33,134,562,198,67,56,34,-6718,7060,9676,-8935,-295,-1975,-90,-198,464,-1240
2025-11-27T16:56:44.806952,26,33,137,599,205,65,55,35,-6892,6978,9722,-8815,-205,-1883,-72,42,519,-1343
2025-11-27T16:56:44.829086,25,34,143,632,216,70,55,35,-7098,6908,9753,-8672,-80,-2045,-7,18,744,-1382
2025-11-27T16:56:44.848864,26,34,148,619,204,74,62,39,-7333,6853,9762,-8509,-19,-2195,57,10,983,-1429
2025-11-27T16:56:44.867121,25,30,116,615,242,70,56,36,-7587,6794,9752,-8343,128,-2285,160,65,1074,-1421
2025-11-27T16:56:44.889356,28,38,127,543,236,63,52,38,-7824,6766,9743,-8155,161,-2329,-67,-9,1170,-1343
2025-11-27T16:56:44.908891,27,38,126,536,262,62,50,38,-8059,6737,9712,-7986,198,-2432,-35,105,1176,-1273
2025-11-27T16:56:44.927037,87,74,122,525,299,56,48,45,-8282,6702,9672,-7835,354,-2486,-117,242,1108,-1139
2025-11-27T16:56:44.949598,92,84,115,509,307,44,36,41,-8472,6673,9635,-7701,508,-2413,-72,175,962,-925
2025-11-27T16:56:44.969280,93,86,135,482,273,39,34,41,-8576,6697,9627,-7573,505,-2333,-208,-153,739,-584
2025-11-27T16:56:44.986866,94,84,101,444,280,37,32,39,-8635,6743,9635,-7455,536,-2280,-217,-332,579,-385
2025-11-27T16:56:45.009681,132,107,111,432,272,36,29,39,-8692,6779,9635,-7355,583,-2216,-133,-274,517,-322
2025-11-27T16:56:45.028484,105,112,108,417,256,35,28,38,-8768,6793,9621,-7270,636,-2131,-130,-81,532,-329
2025-11-27T16:56:45.047083,105,171,109,370,241,42,36,44,-8853,6793,9600,-7194,678,-2102,-91,12,518,-348
2025-11-27T16:56:45.069296,106,176,84,403,276,44,40,46,-8911,6821,9590,-7107,689,-2088,-137,-175,500,-238
2025-11-27T16:56:45.088842,106,179,128,369,259,44,38,45,-8935,6862,9597,-7030,651,-2055,-169,-294,348,-149
2025-11-27T16:56:45.107013,94,172,124,355,243,44,40,43,-8950,6883,9611,-6970,638,-1997,-191,-203,213,-159
2025-11-27T16:56:45.130292,98,196,132,373,226,43,41,42,-8983,6873,9625,-6918,693,-1972,-140,-66,171,-251
2025-11-27T16:56:45.148294,97,183,145,404,229,35,35,40,-9018,6851,9644,-6867,704,-1981,-149,-32,128,-313
2025-11-27T16:56:45.166958,96,182,164,422,216,33,30,40,-9041,6826,9673,-6822,684,-1966,-175,-42,47,-313
2025-11-27T16:56:45.189577,96,181,141,410,217,36,31,39,-9059,6784,9703,-6798,720,-1915,-145,49,-67,-279
2025-11-27T16:56:45.208359,58,178,136,404,226,38,31,48,-9087,6727,9727,-6782,810,-1894,-100,138,-81,-270
2025-11-27T16:56:45.234628,54,134,141,389,221,37,27,42,-9117,6675,9753,-6755,911,-1870,-56,68,-52,-246
2025-11-27T16:56:45.249176,101,104,162,503,233,39,28,41,-9134,6649,9782,-6717,892,-1894,-88,-72,-11,-196
2025-11-27T16:56:45.268879,104,109,148,471,206,38,28,42,-9140,6632,9809,-6686,807,-2002,-84,-106,-36,-182
2025-11-27T16:56:45.287098,105,105,138,493,225,36,28,44,-9162,6596,9819,-6677,875,-2013,-82,101,-24,-149
2025-11-27T16:56:45.309557,105,103,140,486,227,35,30,46,-9190,6558,9820,-6675,885,-1879,-99,185,7,-102
2025-11-27T16:56:45.329006,133,137,128,466,217,39,31,49,-9209,6535,9830,-6656,839,-1807,-87,34,24,-118
2025-11-27T16:56:45.346823,103,120,83,349,190,35,31,49,-9225,6523,9845,-6623,859,-1885,-51,-89,41,-141
2025-11-27T16:56:45.369595,103,112,107,373,186,33,32,48,-9238,6517,9857,-6592,862,-1982,-70,-89,56,-123
2025-11-27T16:56:45.388865,130,120,102,329,183,32,33,46,-9255,6509,9860,-6572,827,-1968,-86,-12,76,-103
2025-11-27T16:56:45.411299,131,168,107,330,170,32,31,47,-9276,6497,9857,-6559,807,-1949,-84,46,76,-99
2025-11-27T16:56:45.429565,103,193,106,322,162,26,28,46,-9292,6494,9852,-6547,789,-1939,-74,13,87,-59
2025-11-27T16:56:45.448745,101,198,140,274,152,26,28,44,-9299,6504,9848,-6533,772,-1971,-82,-54,91,-18
2025-11-27T16:56:45.467114,96,201,121,185,145,26,25,43,-9298,6525,9844,-6520,745,-1956,-69,-109,79,27
2025-11-27T16:56:45.489611,62,207,143,262,92,25,23,42,-9296,6546,9841,-6505,752,-1971,-62,-126,79,24
2025-11-27T16:56:45.509328,89,237,162,291,60,23,21,27,-9292,6568,9843,-6486,775,-1987,-73,-156,68,16
2025-11-27T16:56:45.527125,94,219,182,341,58,24,20,25,-9294,6582,9842,-6471,784,-2024,-45,-119,63,-9
2025-11-27T16:56:45.549329,106,260,181,391,62,23,21,25,-9297,6589,9841,-6462,785,-2053,-57,-68,42,-17
2025-11-27T16:56:45.569286,129,259,186,390,62,25,22,25,-9301,6589,9838,-6459,760,-2012,-72,-9,24,-26
2025-11-27T16:56:45.586764,126,263,172,338,50,24,20,25,-9314,6575,9831,-6465,747,-1982,-46,89,12,-57
2025-11-27T16:56:45.609586,108,223,155,306,52,23,20,24,-9328,6555,9826,-6473,755,-1962,-71,128,0,-74
2025-11-27T16:56:45.629208,102,220,144,272,49,24,20,24,-9342,6534,9821,-6481,740,-1967,-66,129,-4,-83
2025-11-27T16:56:45.647158,108,220,146,214,36,23,17,22,-9353,6517,9818,-6487,733,-1983,-76,106,-4,-82
2025-11-27T16:56:45.669608,86,232,140,210,32,21,16,22,-9361,6503,9815,-6494,719,-1993,-87,98,-6,-73
2025-11-27T16:56:45.688818,85,240,140,198,30,21,18,20,-9370,6488,9810,-6505,720,-1978,-89,131,-6,-62
2025-11-27T16:56:45.706954,86,241,165,200,26,23,21,21,-9380,6474,9803,-6515,725,-1971,-97,133,10,-54
2025-11-27T16:56:45.729648,91,235,182,176,26,23,23,20,-9381,6469,9801,-6521,697,-1956,-99,57,-6,-38
2025-11-27T16:56:45.748787,91,238,169,164,26,22,23,20,-9376,6468,9806,-6521,729,-1969,-121,12,-21,-32
2025-11-27T16:56:45.767095,89,234,166,166,26,23,24,19,-9378,6459,9806,-6528,732,-1982,-96,77,-21,-40
2025-11-27T16:56:45.789597,94,277,169,187,27,24,23,20,-9382,6448,9801,-6541,718,-1948,-85,115,-16,-29
2025-11-27T16:56:45.806964,91,266,141,180,27,23,19,19,-9384,6441,9799,-6548,730,-1936,-95,79,-10,-20
2025-11-27T16:56:45.824483,83,262,112,179,23,24,20,18,-9384,6439,9799,-6550,770,-1928,-77,27,-5,0
2025-11-27T16:56:45.847854,85,215,109,211,27,23,20,18,-9376,6448,9804,-6545,769,-1939,-98,-54,-3,18
2025-11-27T16:56:45.867802,82,204,109,208,27,24,19,18,-9371,6455,9806,-6541,779,-1951,-67,-48,4,18
2025-11-27T16:56:45.887043,76,163,145,195,29,25,20,18,-9371,6459,9805,-6539,784,-1947,-64,-15,15,17
2025-11-27T16:56:45.909685,76,162,150,201,27,24,20,18,-9368,6468,9804,-6537,770,-1940,-66,-37,20,27
2025-11-27T16:56:45.928472,78,158,148,221,29,22,18,19,-9365,6478,9803,-6532,773,-1940,-64,-49,24,28
2025-11-27T16:56:45.947126,77,186,147,190,24,21,19,18,-9360,6492,9804,-6525,768,-1927,-47,-91,25,36
2025-11-27T16:56:45.969605,79,188,161,189,24,18,22,19,-9354,6507,9805,-6516,777,-1966,-55,-102,27,31
2025-11-27T16:56:45.989139,82,182,143,181,21,18,23,19,-9349,6521,9806,-6508,775,-1970,-61,-89,25,30
2025-11-27T16:56:46.006682,86,183,139,178,23,19,23,18,-9345,6531,9806,-6503,767,-1976,-75,-59,20,21
2025-11-27T16:56:46.029564,120,195,157,176,22,21,23,16,-9345,6536,9804,-6502,766,-1980,-60,-19,17,12
2025-11-27T16:56:46.048778,104,166,152,148,22,22,22,17,-9345,6536,9803,-6503,755,-1967,-59,4,12,11
2025-11-27T16:56:46.067152,106,187,141,147,23,25,19,15,-9345,6536,9803,-6503,743,-1961,-69,-16,13,7
2025-11-27T16:56:46.089575,128,161,160,158,26,26,18,16,-9344,6541,9802,-6501,745,-1969,-64,-29,13,1
2025-11-27T16:56:46.108978,127,160,161,151,25,25,18,16,-9341,6547,9801,-6500,745,-1985,-68,-33,8,7
2025-11-27T16:56:46.126873,97,148,149,121,25,24,18,18,-9338,6551,9802,-6499,744,-1989,-81,-21,1,-2
2025-11-27T16:56:46.149578,94,175,152,136,26,23,18,18,-9338,6552,9802,-6499,748,-1982,-83,0,-1,-9
2025-11-27T16:56:46.169053,91,160,147,137,26,21,19,20,-9337,6552,9802,-6500,755,-1975,-83,-9,-4,-15
2025-11-27T16:56:46.186763,86,146,138,130,23,21,16,21,-9339,6548,9802,-6500,758,-1973,-87,22,-3,-25
2025-11-27T16:56:46.209946,85,150,145,169,24,22,18,20,-9342,6543,9802,-6501,748,-1939,-91,37,-1,-27
2025-11-27T16:56:46.229079,86,155,137,156,22,21,19,19,-9345,6539,9803,-6501,762,-1937,-76,16,0,-23
2025-11-27T16:56:46.247022,91,170,133,146,25,19,21,20,-9345,6538,9804,-6499,753,-1942,-79,-1,-4,-19
2025-11-27T16:56:46.269318,117,177,142,149,25,19,22,20,-9345,6538,9804,-6499,760,-1947,-79,-5,-2,-14
2025-11-27T16:56:46.291618,100,181,122,181,26,18,22,21,-9345,6538,9805,-6499,756,-1953,-92,11,0,-11
2025-11-27T16:56:46.304714,101,186,109,166,26,18,22,24,-9344,6538,9805,-6499,751,-1951,-87,-1,-1,-3
2025-11-27T16:56:46.327573,98,198,111,169,26,17,22,25,-9344,6539,9805,-6499,754,-1950,-85,9,1,-2
2025-11-27T16:56:46.352033,108,164,103,163,24,18,19,25,-9344,6539,9805,-6499,755,-1945,-76,5,4,-4
2025-11-27T16:56:46.367003,85,154,103,174,24,19,16,26,-9344,6539,9805,-6499,765,-1954,-73,-1,5,2
2025-11-27T16:56:46.389764,82,153,159,182,25,20,19,24,-9340,6545,9806,-6497,752,-1972,-81,-33,3,7
2025-11-27T16:56:46.412066,81,138,161,174,24,20,17,22,-9338,6548,9805,-6498,750,-1971,-66,-18,-3,6
2025-11-27T16:56:46.427414,108,123,170,213,27,24,20,25,-9338,6548,9805,-6498,769,-1957,-74,7,1,-2
2025-11-27T16:56:46.449590,92,115,171,214,27,26,21,24,-9339,6546,9803,-6502,757,-1966,-64,18,-7,2
2025-11-27T16:56:46.476325,88,101,166,208,28,25,22,24,-9340,6543,9802,-6505,759,-1946,-63,20,-7,1
2025-11-27T16:56:46.487046,87,102,105,182,24,24,21,26,-9340,6543,9802,-6505,766,-1954,-79,-12,-13,2
2025-11-27T16:56:46.509477,86,116,105,180,24,25,21,26,-9340,6543,9802,-6505,780,-1955,-78,-9,-10,-5
2025-11-27T16:56:46.532821,50,104,82,125,22,21,17,21,-9340,6543,9802,-6505,766,-1964,-71,-1,-8,-7
2025-11-27T16:56:46.547077,85,138,93,139,23,20,18,23,-9340,6543,9802,-6505,764,-1947,-68,8,-4,-9
2025-11-27T16:56:46.569559,87,140,88,138,20,22,18,22,-9340,6543,9802,-6505,761,-1951,-81,-2,-5,-4
2025-11-27T16:56:46.592055,106,154,97,121,22,22,18,19,-9340,6543,9802,-6505,764,-1943,-83,2,-4,-5
2025-11-27T16:56:46.606870,108,147,94,110,22,21,19,19,-9339,6543,9802,-6505,759,-1939,-80,0,-1,0
2025-11-27T16:56:46.629431,113,142,103,114,22,23,20,20,-9339,6544,9803,-6504,767,-1937,-103,-11,-1,-1
2025-11-27T16:56:46.652112,93,105,104,114,23,21,20,19,-9337,6546,9803,-6504,753,-1956,-70,-19,0,3
2025-11-27T16:56:46.667048,93,197,116,116,25,22,20,19,-9335,6550,9805,-6501,772,-1957,-81,-28,0,6
2025-11-27T16:56:46.689569,101,191,133,137,26,21,20,20,-9335,6550,9805,-6501,749,-1971,-87,-5,0,5
2025-11-27T16:56:46.711847,101,198,131,140,25,22,20,20,-9334,6550,9805,-6501,751,-1965,-82,9,-3,7
2025-11-27T16:56:46.727106,97,211,130,136,24,21,20,21,-9334,6551,9804,-6502,737,-1957,-72,13,-1,3
2025-11-27T16:56:46.754868,97,237,145,128,26,22,22,20,-9334,6551,9804,-6502,746,-1939,-84,2,5,1
2025-11-27T16:56:46.772163,92,170,135,125,25,22,20,20,-9332,6554,9806,-6499,766,-1956,-80,-27,1,5
2025-11-27T16:56:46.786813,66,158,110,105,22,22,20,20,-9329,6558,9807,-6498,762,-1970,-77,-27,-3,8
2025-11-27T16:56:46.809345,96,157,116,110,24,23,21,20,-9329,6558,9807,-6498,756,-1964,-92,-3,2,-2
2025-11-27T16:56:46.832053,95,139,113,111,24,22,24,18,-9330,6557,9806,-6499,761,-1963,-80,17,2,-7
2025-11-27T16:56:46.847080,99,102,82,94,21,21,20,19,-9330,6557,9806,-6499,761,-1948,-82,13,5,-5
2025-11-27T16:56:46.877050,111,117,96,81,23,19,20,18,-9330,6556,9806,-6499,766,-1939,-74,-6,5,-2
2025-11-27T16:56:46.891986,105,122,106,94,23,22,21,18,-9330,6557,9806,-6499,754,-1966,-86,-11,5,0
2025-11-27T16:56:46.907047,79,108,134,87,23,20,19,19,-9330,6557,9806,-6499,753,-1967,-91,-11,3,3
2025-11-27T16:56:46.929375,88,143,136,89,23,21,16,19,-9330,6557,9806,-6499,767,-1954,-75,5,3,-5
2025-11-27T16:56:46.952077,105,141,149,96,22,22,17,20,-9330,6557,9806,-6499,766,-1959,-86,5,4,-5
2025-11-27T16:56:46.967082,99,127,145,100,22,23,19,19,-9329,6557,9806,-6499,755,-1954,-82,4,4,-6
2025-11-27T16:56:46.990044,100,133,154,78,22,20,18,20,-9329,6557,9806,-6499,756,-1957,-71,-1,2,-5
2025-11-27T16:56:47.012082,97,132,132,110,22,20,19,18,-9330,6557,9806,-6500,765,-1957,-72,-1,2,-4
2025-11-27T16:56:47.031545,115,115,132,112,20,21,18,20,-9330,6557,9806,-6500,769,-1963,-77,-1,-1,-2
2025-11-27T16:56:47.049624,93,135,137,115,23,20,19,18,-9330,6557,9806,-6500,760,-1952,-77,3,-1,-4
2025-11-27T16:56:47.080435,87,136,145,115,22,19,19,20,-9329,6557,9806,-6500,754,-1947,-83,-4,-1,-4
2025-11-27T16:56:47.087057,85,127,135,116,23,20,19,21,-9329,6558,9806,-6500,762,-1960,-93,-8,-3,-4
2025-11-27T16:56:47.109047,88,136,131,103,22,21,20,21,-9329,6558,9806,-6499,760,-1951,-86,-6,-1,-4
2025-11-27T16:56:47.132298,90,117,126,118,25,21,20,20,-9329,6558,9806,-6499,758,-1954,-87,-11,1,-4
2025-11-27T16:56:47.147073,89,86,120,116,23,21,19,20,-9329,6558,9806,-6499,765,-1954,-80,-8,4,-1
2025-11-27T16:56:47.169126,90,133,110,117,23,21,18,19,-9327,6560,9808,-6497,770,-1956,-92,-17,3,1
2025-11-27T16:56:47.192004,97,142,97,116,25,21,17,17,-9326,6562,9809,-6495,771,-1966,-73,-17,-1,2
2025-11-27T16:56:47.214583,128,141,98,106,25,21,18,20,-9326,6562,9808,-6496,748,-1969,-68,-4,-1,2
2025-11-27T16:56:47.229632,105,143,133,102,22,19,19,21,-9326,6562,9808,-6496,753,-1960,-87,3,3,0
2025-11-27T16:56:47.252095,110,153,121,100,23,20,19,21,-9326,6562,9808,-6496,749,-1958,-92,-4,-2,1
2025-11-27T16:56:47.274249,109,142,116,103,23,20,19,21,-9326,6562,9808,-6496,759,-1948,-78,-7,0,1
2025-11-27T16:56:47.289495,122,147,129,104,18,19,19,24,-9326,6562,9808,-6496,769,-1959,-90,-5,0,-1
2025-11-27T16:56:47.311911,92,156,155,141,18,20,19,22,-9326,6562,9808,-6496,759,-1968,-80,-7,-3,-1
2025-11-27T16:56:47.335459,92,154,138,133,20,19,18,23,-9326,6563,9808,-6496,752,-1966,-76,6,-4,-6
2025-11-27T16:56:47.349528,87,178,137,137,21,18,17,22,-9327,6560,9807,-6498,765,-1957,-74,16,-4,-5
2025-11-27T16:56:47.371671,105,160,141,129,19,19,19,22,-9327,6560,9807,-6498,759,-1953,-77,12,-3,-7
2025-11-27T16:56:47.394185,86,157,129,127,20,19,18,20,-9327,6560,9807,-6498,761,-1941,-88,3,-2,-3
2025-11-27T16:56:47.409549,81,162,100,74,21,19,19,19,-9327,6560,9807,-6498,756,-1952,-70,-6,-2,0
2025-11-27T16:56:47.431976,80,169,88,74,21,21,19,19,-9327,6560,9808,-6498,769,-1960,-99,-4,-3,0
2025-11-27T16:56:47.454577,120,180,104,99,19,21,19,22,-9327,6560,9808,-6498,765,-1954,-93,6,-1,-1
2025-11-27T16:56:47.469590,107,188,99,101,20,20,19,21,-9326,6561,9808,-6498,755,-1959,-90,7,2,-2
2025-11-27T16:56:47.491631,105,183,103,105,22,20,20,20,-9326,6561,9808,-6498,755,-1951,-77,4,3,-1
2025-11-27T16:56:47.514646,105,165,115,110,20,19,19,22,-9326,6561,9808,-6498,760,-1949,-73,-11,0,1
2025-11-27T16:56:47.529990,104,157,114,108,18,19,20,20,-9324,6563,9809,-6497,756,-1961,-86,-18,-1,2
2025-11-27T16:56:47.552075,53,98,111,81,19,21,19,18,-9324,6563,9809,-6497,763,-1960,-82,-9,-2,-1
2025-11-27T16:56:47.582870,47,103,119,107,21,21,16,20,-9324,6563,9809,-6497,766,-1958,-77,4,-3,-5
2025-11-27T16:56:47.589558,54,98,118,106,19,20,16,20,-9324,6563,9809,-6497,759,-1958,-72,7,-5,-6
2025-11-27T16:56:47.612100,79,160,107,107,22,23,16,22,-9324,6563,9809,-6497,765,-1959,-81,0,-2,-6
2025-11-27T16:56:47.634603,85,176,107,108,22,22,14,23,-9324,6563,9809,-6497,765,-1958,-88,-8,-2,-6
2025-11-27T16:56:47.649643,83,177,102,105,21,20,15,22,-9324,6563,9808,-6497,758,-1972,-67,2,-1,-6
2025-11-27T16:56:47.672119,104,170,87,76,18,20,16,22,-9324,6563,9808,-6497,768,-1948,-72,6,-2,-3
2025-11-27T16:56:47.694662,104,183,114,78,21,22,16,23,-9325,6563,9808,-6497,768,-1951,-75,1,-1,-7
2025-11-27T16:56:47.709104,87,159,111,110,21,19,17,20,-9325,6563,9808,-6497,765,-1948,-74,-1,0,-5
2025-11-27T16:56:47.731800,82,153,121,108,21,19,19,21,-9325,6563,9808,-6497,767,-1955,-83,-5,-2,-6
2025-11-27T16:56:47.754625,106,163,128,115,25,23,20,21,-9325,6563,9808,-6497,759,-1960,-78,8,1,-9
2025-11-27T16:56:47.769597,95,164,143,127,24,24,20,21,-9325,6563,9808,-6497,757,-1939,-72,5,-3,-2
2025-11-27T16:56:47.792052,91,155,125,127,22,22,20,20,-9324,6563,9808,-6497,758,-1958,-91,-5,-5,-4
2025-11-27T16:56:47.814678,92,140,141,99,20,22,19,21,-9324,6563,9808,-6497,761,-1963,-82,-3,-6,-4
2025-11-27T16:56:47.830106,105,163,135,101,20,21,19,23,-9324,6563,9808,-6497,761,-1959,-72,2,-6,-8
2025-11-27T16:56:47.859048,113,160,129,92,16,17,17,23,-9324,6563,9808,-6497,760,-1952,-86,10,-5,-9
2025-11-27T16:56:47.874407,107,160,117,71,18,17,18,23,-9324,6563,9808,-6497,765,-1949,-80,13,-5,-7
2025-11-27T16:56:47.889608,106,151,117,67,20,17,17,22,-9324,6563,9809,-6497,772,-1952,-87,2,-4,-5
2025-11-27T16:56:47.911774,105,140,93,55,21,16,18,22,-9324,6563,9809,-6497,773,-1958,-80,-2,-5,-6
2025-11-27T16:56:47.935484,94,163,96,46,23,17,17,19,-9325,6563,9809,-6497,762,-1948,-76,-1,-7,-4
2025-11-27T16:56:47.949548,77,154,127,101,24,16,17,21,-9324,6563,9809,-6497,764,-1957,-84,6,-5,-7
2025-11-27T16:56:47.971800,81,148,138,108,23,18,17,20,-9324,6563,9809,-6497,771,-1969,-87,9,-5,-6
2025-11-27T16:56:47.994530,83,155,137,107,21,18,17,21,-9324,6563,9809,-6496,765,-1948,-90,6,-4,-6
2025-11-27T16:56:48.009181,84,166,136,106,21,19,17,20,-9324,6563,9809,-6496,769,-1953,-85,2,-1,-6
2025-11-27T16:56:48.032042,109,128,142,121,20,20,19,22,-9324,6563,9809,-6496,772,-1955,-79,-4,-3,-7
2025-11-27T16:56:48.062829,95,168,114,84,19,20,19,21,-9324,6563,9809,-6496,770,-1961,-86,-4,-3,-8
2025-11-27T16:56:48.069463,91,175,94,78,20,18,22,21,-9324,6563,9809,-6496,759,-1948,-82,3,-3,-9
2025-11-27T16:56:48.091996,95,178,108,80,20,19,23,21,-9324,6563,9809,-6496,766,-1964,-83,5,-2,-11
2025-11-27T16:56:48.114609,108,172,118,85,21,19,23,23,-9324,6563,9809,-6496,761,-1949,-70,-3,-6,-10
