timestamp,EMG_0,EMG_1,EMG_2,EMG_3,EMG_4,EMG_5,EMG_6,EMG_7,quat_0,quat_1,quat_2,quat_3,acc_0,acc_1,acc_2,gyro_0,gyro_1,gyro_2
2025-12-01T17:59:18.730622,22,47,149,247,142,72,31,21,-4571,9036,9898,-8241,-688,-1961,-495,429,142,-32
2025-12-01T17:59:18.746296,22,45,159,195,146,75,32,21,-4583,8976,10072,-8088,-585,-1707,-665,-879,115,-1127
2025-12-01T17:59:18.768956,24,48,150,171,126,73,31,24,-4566,8951,10249,-7901,-358,-1825,-820,-1117,161,-874
2025-12-01T17:59:18.783727,38,72,148,151,140,77,31,27,-4545,8943,10379,-7751,-383,-2150,-1088,-857,146,-598
2025-12-01T17:59:18.808634,50,87,136,125,172,84,31,31,-4493,9138,10032,-8007,-1410,-2122,-932,1367,135,2174
2025-12-01T17:59:18.820817,62,98,131,168,191,133,48,53,-4682,9011,10134,-7914,1380,-165,-2180,1227,-72,-720
2025-12-01T17:59:18.844281,82,116,83,200,204,128,58,84,-4760,8945,10246,-7796,92,-1552,-754,-316,194,-794
2025-12-01T17:59:18.865859,84,116,76,202,204,180,62,94,-4968,8920,10046,-7953,-101,-1778,-1925,1917,470,248
2025-12-01T17:59:18.880851,79,104,69,214,189,200,91,98,-5059,8855,10057,-7954,-334,-1529,-925,550,97,-550
2025-12-01T17:59:18.905011,73,90,105,242,170,219,113,99,-5111,8800,10106,-7922,-157,-1788,-931,153,2,-483
2025-12-01T17:59:18.928141,63,74,116,242,147,205,113,88,-5157,8746,10146,-7899,-240,-1918,-836,114,-2,-462
2025-12-01T17:59:18.942892,32,37,112,243,151,244,123,59,-5226,8675,10192,-7874,-13,-1860,-895,245,-13,-508
2025-12-01T17:59:18.966197,26,37,116,262,150,253,140,43,-5288,8611,10211,-7878,-194,-1947,-755,292,-9,-425
2025-12-01T17:59:18.989002,26,36,118,261,150,252,132,32,-5348,8573,10165,-7937,-280,-2238,-804,601,21,-75
2025-12-01T17:59:19.002965,25,31,80,247,179,279,127,31,-5414,8541,10088,-8025,-137,-2132,-773,817,0,150
2025-12-01T17:59:19.026611,25,31,66,226,234,284,127,33,-5504,8492,10060,-8051,159,-1912,-704,580,91,-104
2025-12-01T17:59:19.048544,28,32,59,258,234,269,123,37,-5548,8504,10025,-8052,-16,-2058,-684,239,209,126
2025-12-01T17:59:19.062950,29,33,50,248,256,253,106,37,-5540,8556,9992,-8043,-40,-2049,-662,-47,174,368
2025-12-01T17:59:19.086377,27,33,50,246,260,266,99,36,-5499,8638,9928,-8064,-131,-2116,-716,12,121,682
2025-12-01T17:59:19.108626,28,35,49,244,260,221,89,32,-5468,8719,9844,-8100,-127,-2177,-855,213,133,759
2025-12-01T17:59:19.123004,29,34,44,234,242,209,93,36,-5388,8826,9751,-8150,-58,-2013,-782,77,-5,1081
2025-12-01T17:59:19.146124,28,34,42,162,233,204,83,33,-5332,8923,9662,-8187,-85,-1959,-622,31,96,942
2025-12-01T17:59:19.168662,26,30,39,139,213,178,79,31,-5290,9015,9563,-8229,-310,-2022,-665,147,152,836
2025-12-01T17:59:19.183428,26,27,33,130,225,145,74,32,-5303,9064,9466,-8279,-154,-1966,-669,432,156,628
2025-12-01T17:59:19.206151,25,22,32,92,189,149,74,32,-5342,9024,9587,-8158,814,-1114,-623,-400,-13,-310
2025-12-01T17:59:19.228441,25,30,27,134,147,145,81,29,-5306,9083,9666,-8022,-208,-1592,-669,-817,298,-164
2025-12-01T17:59:19.242722,32,37,30,136,145,130,96,35,-5196,9204,9716,-7894,-668,-2277,-852,-1104,320,175
2025-12-01T17:59:19.266147,33,38,26,138,145,135,101,38,-5098,9288,9742,-7827,-439,-2112,-735,-783,78,320
2025-12-01T17:59:19.287142,33,38,25,147,121,156,106,38,-5034,9342,9748,-7796,-495,-1876,-778,-395,38,209
2025-12-01T17:59:19.302884,33,38,28,149,146,157,103,39,-4972,9383,9763,-7769,-557,-1920,-784,-391,-3,119
2025-12-01T17:59:19.329129,31,31,31,122,168,148,90,37,-4912,9408,9777,-7759,-611,-1944,-753,-327,-82,76
2025-12-01T17:59:19.346440,24,23,31,170,169,151,86,32,-4854,9421,9790,-7763,-650,-1892,-750,-247,-136,31
2025-12-01T17:59:19.369522,24,22,33,188,194,145,84,30,-4795,9431,9808,-7765,-659,-1870,-727,-277,-148,5
2025-12-01T17:59:19.384227,24,23,32,188,194,119,82,29,-4736,9442,9831,-7758,-657,-1883,-699,-343,-121,-8
2025-12-01T17:59:19.414384,21,22,33,193,180,117,79,24,-4691,9451,9847,-7755,-667,-1939,-676,-296,-77,-22
2025-12-01T17:59:19.425937,21,22,33,191,184,142,76,26,-4656,9461,9857,-7750,-667,-1929,-699,-241,-29,-26
2025-12-01T17:59:19.444147,21,22,30,164,204,178,70,24,-4628,9472,9864,-7745,-663,-1932,-724,-203,2,-29
2025-12-01T17:59:19.476474,17,21,31,152,179,181,67,23,-4609,9482,9869,-7739,-649,-1904,-743,-158,27,-44
2025-12-01T17:59:19.481056,18,21,34,161,183,213,79,30,-4594,9488,9874,-7733,-633,-1920,-764,-140,32,-57
2025-12-01T17:59:19.505521,20,21,36,169,176,209,83,33,-4583,9495,9878,-7727,-607,-1937,-770,-124,36,-47
2025-12-01T17:59:19.534361,21,21,34,175,143,201,88,32,-4577,9499,9880,-7723,-572,-1933,-771,-91,36,-43
2025-12-01T17:59:19.549269,22,22,34,160,98,166,81,33,-4578,9502,9880,-7718,-563,-1924,-788,-59,61,-50
2025-12-01T17:59:19.573093,21,22,36,172,105,193,85,34,-4578,9507,9881,-7711,-548,-1926,-785,-72,62,-47
2025-12-01T17:59:19.587190,24,22,33,164,106,160,78,30,-4573,9513,9885,-7701,-536,-1942,-801,-106,50,-35
2025-12-01T17:59:19.610530,23,23,26,159,116,171,86,30,-4567,9518,9889,-7693,-526,-1950,-839,-88,34,-30
2025-12-01T17:59:19.625599,23,24,27,145,119,165,84,31,-4562,9519,9891,-7692,-536,-1959,-847,-49,9,-29
2025-12-01T17:59:19.647146,22,23,25,169,123,168,84,30,-4557,9518,9891,-7696,-520,-1937,-835,-22,-15,-15
2025-12-01T17:59:19.671213,22,23,26,156,127,147,79,29,-4550,9518,9892,-7699,-504,-1941,-851,-29,-23,-1
2025-12-01T17:59:19.686726,21,22,27,144,113,145,72,27,-4539,9520,9892,-7704,-499,-1908,-851,-31,-34,24
2025-12-01T17:59:19.708481,22,21,28,130,107,131,62,27,-4530,9523,9890,-7708,-475,-1888,-865,-17,-29,35
2025-12-01T17:59:19.729435,19,19,30,137,116,136,64,26,-4519,9530,9888,-7708,-490,-1885,-882,-27,-16,39
2025-12-01T17:59:19.750144,23,18,38,132,153,123,61,27,-4498,9542,9886,-7707,-495,-1882,-892,-35,-17,31
2025-12-01T17:59:19.765142,23,19,41,120,142,100,60,27,-4491,9543,9887,-7710,-494,-1887,-880,-6,-27,6
2025-12-01T17:59:19.788151,24,20,41,121,141,86,58,28,-4487,9541,9889,-7712,-491,-1883,-876,-8,-22,-11
2025-12-01T17:59:19.806464,25,19,41,126,145,105,64,25,-4484,9541,9893,-7709,-490,-1893,-877,-26,-3,-23
2025-12-01T17:59:19.826005,26,20,41,116,146,91,60,28,-4488,9539,9894,-7708,-470,-1907,-860,4,13,-25
2025-12-01T17:59:19.864713,22,20,34,132,103,100,64,28,-4498,9536,9893,-7707,-451,-1888,-857,31,29,-32
2025-12-01T17:59:19.868238,23,19,28,155,132,109,65,26,-4506,9534,9896,-7701,-443,-1869,-878,8,33,-40
2025-12-01T17:59:19.886796,22,19,29,159,141,113,73,26,-4515,9532,9899,-7694,-447,-1901,-885,7,36,-49
2025-12-01T17:59:19.915995,21,19,33,176,135,100,64,25,-4523,9528,9903,-7689,-439,-1907,-873,7,24,-45
2025-12-01T17:59:19.928035,20,21,48,196,143,102,62,22,-4530,9527,9905,-7683,-460,-1924,-890,2,35,-43
2025-12-01T17:59:19.945844,22,21,50,166,182,97,59,22,-4536,9527,9903,-7683,-464,-1926,-866,14,29,-13
2025-12-01T17:59:19.968429,22,21,49,150,165,85,57,24,-4543,9529,9898,-7682,-467,-1927,-877,31,41,-4
2025-12-01T17:59:19.986106,25,21,67,158,157,78,50,26,-4551,9532,9889,-7686,-476,-1936,-842,34,44,19
2025-12-01T17:59:20.006102,23,21,71,146,157,71,47,25,-4559,9535,9878,-7691,-471,-1944,-851,49,41,25
2025-12-01T17:59:20.028425,25,19,78,136,144,73,54,31,-4569,9538,9865,-7698,-491,-1935,-840,68,50,23
2025-12-01T17:59:20.046740,23,19,107,135,108,67,52,30,-4576,9541,9853,-7705,-482,-1922,-846,68,36,29
2025-12-01T17:59:20.068512,21,20,111,151,109,61,51,29,-4584,9546,9840,-7712,-496,-1962,-842,53,47,36
2025-12-01T17:59:20.088790,20,20,101,148,135,64,49,29,-4595,9551,9818,-7727,-505,-1981,-813,101,48,67
2025-12-01T17:59:20.109222,23,22,101,139,154,64,48,31,-4612,9560,9786,-7745,-509,-1981,-799,146,89,101
2025-12-01T17:59:20.147976,23,21,92,133,155,64,39,25,-4631,9573,9749,-7765,-510,-1939,-771,171,108,129
2025-12-01T17:59:20.154663,25,21,62,165,148,74,52,27,-4644,9587,9710,-7788,-527,-1950,-778,165,84,151
2025-12-01T17:59:20.169545,25,20,64,161,163,103,67,28,-4657,9604,9672,-7807,-544,-1927,-765,148,107,146
2025-12-01T17:59:20.199541,22,19,67,211,154,103,67,25,-4671,9619,9635,-7827,-582,-1938,-758,156,107,116
2025-12-01T17:59:20.210422,20,17,63,228,146,107,69,25,-4684,9630,9599,-7849,-622,-1972,-760,158,91,97
2025-12-01T17:59:20.229636,19,20,64,254,140,120,74,26,-4697,9638,9559,-7880,-667,-1997,-733,190,67,96
2025-12-01T17:59:20.259779,19,20,61,256,145,116,63,26,-4714,9640,9516,-7919,-687,-1995,-715,245,50,79
2025-12-01T17:59:20.270415,19,22,56,248,132,102,46,24,-4730,9640,9476,-7959,-721,-1992,-707,249,36,55
2025-12-01T17:59:20.289735,22,21,58,243,133,106,48,25,-4743,9635,9435,-8005,-761,-2026,-707,263,-7,50
2025-12-01T17:59:20.312225,22,23,67,263,136,105,46,23,-4764,9618,9390,-8066,-777,-1991,-658,363,-45,16
2025-12-01T17:59:20.330529,22,22,62,244,142,90,39,23,-4785,9594,9351,-8127,-791,-1943,-658,379,-76,-39
2025-12-01T17:59:20.352948,21,23,59,234,130,92,38,22,-4803,9566,9322,-8182,-819,-1959,-665,341,-98,-95
2025-12-01T17:59:20.372234,24,25,109,258,124,82,41,23,-4819,9530,9302,-8238,-820,-2014,-682,330,-148,-135
2025-12-01T17:59:20.390204,22,28,115,278,113,76,37,22,-4829,9484,9287,-8302,-833,-2043,-710,360,-236,-158
2025-12-01T17:59:20.412524,24,26,115,255,95,67,40,23,-4837,9422,9274,-8382,-802,-2038,-714,441,-354,-168
2025-12-01T17:59:20.435432,23,27,118,247,93,67,42,22,-4844,9343,9266,-8474,-773,-1972,-699,509,-462,-205
2025-12-01T17:59:20.450427,23,28,154,253,119,96,46,23,-4852,9249,9274,-8564,-691,-1878,-692,504,-538,-286
2025-12-01T17:59:20.472944,22,27,123,232,125,97,44,23,-4857,9142,9300,-8647,-665,-1886,-709,466,-607,-380
2025-12-01T17:59:20.492683,21,25,116,181,130,103,45,24,-4863,9019,9334,-8735,-617,-1921,-694,493,-682,-423
2025-12-01T17:59:20.514703,23,34,126,184,135,109,41,23,-4864,8889,9373,-8826,-576,-1934,-716,503,-749,-419
2025-12-01T17:59:20.532785,25,55,222,184,126,110,37,25,-4851,8759,9414,-8919,-543,-1912,-699,469,-808,-376
2025-12-01T17:59:20.552154,24,55,212,164,113,106,46,23,-4836,8628,9455,-9012,-454,-1868,-653,458,-830,-334
2025-12-01T17:59:20.570684,23,60,230,159,97,105,49,25,-4825,8497,9495,-9098,-385,-1812,-593,436,-787,-334
2025-12-01T17:59:20.592739,24,62,248,219,81,103,53,24,-4823,8374,9543,-9164,-310,-1770,-587,374,-703,-362
2025-12-01T17:59:20.611924,23,65,261,216,75,102,55,25,-4821,8257,9595,-9217,-292,-1872,-557,284,-645,-359
2025-12-01T17:59:20.630030,23,51,209,219,79,109,57,25,-4823,8143,9640,-9270,-260,-1920,-536,311,-613,-332
2025-12-01T17:59:20.653034,24,62,243,219,60,92,49,25,-4831,8033,9676,-9324,-221,-1919,-517,351,-572,-295
2025-12-01T17:59:20.672531,25,67,273,236,89,93,46,24,-4841,7932,9708,-9372,-185,-1911,-483,328,-511,-254
2025-12-01T17:59:20.690137,26,72,283,177,140,100,41,22,-4860,7841,9734,-9412,-131,-1945,-444,307,-417,-228
2025-12-01T17:59:20.712971,25,70,275,167,143,101,50,26,-4892,7758,9758,-9440,-70,-1896,-394,284,-311,-235
2025-12-01T17:59:20.736539,24,78,263,178,159,130,50,26,-4931,7689,9792,-9440,-36,-1864,-373,149,-187,-282
2025-12-01T17:59:20.757688,23,70,225,196,164,141,57,27,-4974,7631,9840,-9414,-6,-1939,-370,3,-88,-323
2025-12-01T17:59:20.770486,24,61,167,200,150,157,64,31,-5024,7582,9885,-9380,-2,-2033,-376,-23,-12,-324
2025-12-01T17:59:20.787461,24,55,120,197,107,171,77,35,-5081,7537,9922,-9347,39,-2062,-382,23,37,-298
2025-12-01T17:59:20.810751,24,51,93,219,106,210,85,34,-5144,7501,9948,-9314,86,-2092,-387,56,97,-240
2025-12-01T17:59:20.833112,24,36,83,263,81,222,98,35,-5197,7481,9973,-9273,93,-2054,-418,-1,143,-173
2025-12-01T17:59:20.852454,27,39,132,281,84,240,105,42,-5229,7487,10002,-9219,102,-2144,-443,-161,175,-50
2025-12-01T17:59:20.870523,25,39,145,366,153,254,112,41,-5235,7515,10024,-9168,31,-2195,-461,-233,162,92
2025-12-01T17:59:20.892641,23,37,144,383,176,245,109,40,-5222,7560,10030,-9132,25,-2191,-436,-235,147,279
2025-12-01T17:59:20.911286,26,35,146,386,192,219,121,41,-5200,7618,10030,-9097,3,-2143,-432,-261,165,362
2025-12-01T17:59:20.930337,26,36,165,382,195,186,115,43,-5163,7697,10024,-9058,-89,-2136,-467,-324,204,440
2025-12-01T17:59:20.952676,22,28,126,368,213,167,108,37,-5106,7790,10014,-9022,-170,-2226,-513,-378,186,543
2025-12-01T17:59:20.971737,24,27,107,326,182,141,102,37,-5029,7890,9992,-9003,-239,-2222,-516,-356,115,663
2025-12-01T17:59:20.990135,25,27,109,322,181,149,111,37,-4940,7986,9957,-9005,-289,-2188,-531,-273,29,754
2025-12-01T17:59:21.012532,24,28,108,315,169,138,86,34,-4828,8089,9925,-9010,-357,-2108,-521,-345,-35,815
2025-12-01T17:59:21.031873,26,28,75,294,166,135,81,34,-4701,8189,9896,-9019,-452,-2077,-523,-383,-102,821
2025-12-01T17:59:21.050503,55,27,62,310,143,111,80,36,-4563,8278,9867,-9040,-560,-2043,-515,-368,-196,799
2025-12-01T17:59:21.072996,56,27,57,253,134,104,74,36,-4425,8352,9838,-9072,-625,-1977,-486,-319,-262,742
2025-12-01T17:59:21.092529,59,27,54,230,110,105,87,37,-4286,8410,9816,-9109,-676,-1918,-492,-300,-336,667
2025-12-01T17:59:21.110451,60,25,49,213,111,125,100,42,-4154,8451,9804,-9145,-723,-1854,-435,-311,-372,543
2025-12-01T17:59:21.132882,59,23,37,219,110,126,103,40,-4034,8472,9803,-9181,-787,-1835,-411,-298,-395,388
2025-12-01T17:59:21.152235,35,22,50,255,112,134,100,36,-3926,8473,9812,-9217,-805,-1827,-403,-273,-428,252
2025-12-01T17:59:21.170543,32,22,50,263,104,148,107,37,-3834,8460,9827,-9252,-795,-1792,-384,-229,-426,147
2025-12-01T17:59:21.193044,26,23,47,268,98,144,83,36,-3760,8440,9848,-9277,-768,-1773,-395,-224,-369,50
2025-12-01T17:59:21.212191,57,26,47,292,87,141,77,29,-3701,8418,9877,-9291,-764,-1799,-385,-241,-307,-29
2025-12-01T17:59:21.242268,60,24,49,284,93,150,74,30,-3655,8397,9908,-9295,-748,-1815,-413,-241,-240,-77
2025-12-01T17:59:21.253009,62,25,34,216,87,145,81,31,-3621,8376,9942,-9291,-741,-1839,-440,-230,-181,-124
2025-12-01T17:59:21.271022,62,24,35,200,88,133,73,28,-3596,8355,9975,-9283,-717,-1867,-450,-225,-145,-137
2025-12-01T17:59:21.288113,63,23,34,195,89,131,81,27,-3579,8337,10008,-9271,-691,-1883,-463,-211,-99,-147
2025-12-01T17:59:21.312722,38,21,32,230,92,119,77,27,-3573,8322,10036,-9257,-668,-1931,-462,-188,-43,-137
2025-12-01T17:59:21.332967,32,22,36,221,83,124,79,27,-3570,8315,10057,-9241,-686,-1980,-507,-157,5,-105
2025-12-01T17:59:21.350166,30,22,36,240,75,121,72,25,-3567,8315,10073,-9226,-671,-1980,-523,-145,26,-62
2025-12-01T17:59:21.373153,65,23,39,247,70,111,73,30,-3562,8319,10087,-9208,-665,-1999,-539,-154,38,-32
2025-12-01T17:59:21.392624,85,24,40,244,69,105,60,29,-3558,8325,10098,-9192,-669,-2003,-554,-140,43,-19
2025-12-01T17:59:21.418117,89,24,41,176,59,97,53,30,-3555,8328,10107,-9181,-664,-2029,-557,-108,27,-16
2025-12-01T17:59:21.432929,93,24,43,171,53,75,47,30,-3555,8326,10109,-9180,-672,-2042,-549,-50,7,-12
2025-12-01T17:59:21.459841,93,24,48,153,86,86,53,31,-3553,8322,10109,-9185,-675,-2013,-553,-12,-21,-3
2025-12-01T17:59:21.474791,74,22,47,181,106,95,69,30,-3553,8317,10106,-9192,-646,-2013,-533,0,-25,6
2025-12-01T17:59:21.493167,50,22,50,200,126,87,74,28,-3555,8315,10099,-9201,-663,-2016,-529,24,-4,18
2025-12-01T17:59:21.515512,41,22,50,198,161,88,76,30,-3562,8314,10086,-9214,-648,-2033,-535,69,9,40
2025-12-01T17:59:21.531322,34,23,47,195,175,86,76,28,-3573,8316,10063,-9233,-649,-2028,-516,123,26,74
2025-12-01T17:59:21.552798,27,22,44,229,187,78,72,28,-3585,8324,10030,-9257,-657,-2034,-491,158,51,127
2025-12-01T17:59:21.575483,27,23,48,202,237,63,56,27,-3600,8341,9986,-9284,-659,-2007,-431,182,106,178
2025-12-01T17:59:21.590440,25,21,43,222,234,83,50,28,-3624,8371,9931,-9307,-677,-1994,-417,212,202,212
2025-12-01T17:59:21.620287,23,20,43,261,220,109,52,27,-3653,8413,9865,-9326,-736,-1988,-414,236,288,239
2025-12-01T17:59:21.635582,21,19,43,281,214,112,51,27,-3688,8462,9789,-9349,-783,-1995,-408,292,336,257
2025-12-01T17:59:21.650530,20,18,41,263,207,128,49,26,-3730,8515,9704,-9373,-814,-1940,-374,335,386,259
2025-12-01T17:59:21.673082,19,16,37,265,144,133,48,24,-3785,8565,9616,-9395,-846,-1860,-324,370,443,186
2025-12-01T17:59:21.700305,22,18,41,258,147,127,46,23,-3856,8611,9537,-9405,-881,-1801,-288,352,515,48
2025-12-01T17:59:21.714806,20,21,39,254,142,107,39,21,-3951,8647,9470,-9400,-913,-1786,-299,358,586,-139
2025-12-01T17:59:21.733477,21,22,38,234,152,105,41,23,-4073,8667,9414,-9387,-915,-1812,-322,415,628,-322
2025-12-01T17:59:21.754609,21,23,39,224,223,90,41,23,-4220,8672,9366,-9364,-917,-1831,-378,482,667,-501
2025-12-01T17:59:21.770119,25,25,35,216,267,94,40,22,-4387,8658,9323,-9343,-904,-1905,-417,583,646,-634
2025-12-01T17:59:21.792404,25,24,31,175,284,84,40,27,-4568,8621,9278,-9337,-874,-1938,-388,705,578,-717
2025-12-01T17:59:21.815043,27,23,32,136,356,103,58,28,-4758,8560,9240,-9334,-803,-1864,-393,784,498,-839
2025-12-01T17:59:21.834848,27,23,39,170,364,106,68,36,-4962,8474,9230,-9318,-688,-1802,-439,776,440,-1032
2025-12-01T17:59:21.853053,28,23,37,199,407,109,69,36,-5177,8362,9248,-9283,-553,-1909,-521,755,373,-1210
2025-12-01T17:59:21.875562,24,22,38,202,422,101,67,36,-5384,8232,9283,-9247,-471,-2083,-548,721,260,-1257
2025-12-01T17:59:21.894826,26,31,75,205,423,114,77,35,-5572,8091,9313,-9230,-356,-2176,-568,784,116,-1148
2025-12-01T17:59:21.912908,25,45,139,200,370,100,68,35,-5735,7941,9336,-9237,-203,-2111,-528,832,-49,-979
2025-12-01T17:59:21.934982,28,56,149,180,369,122,57,29,-5875,7807,9364,-9235,-47,-1997,-534,714,-66,-834
2025-12-01T17:59:21.955078,48,63,154,150,271,152,81,37,-5975,7694,9409,-9220,17,-2042,-477,450,-114,-698
2025-12-01T17:59:21.972668,57,84,199,154,206,163,83,39,-6057,7596,9453,-9203,133,-2054,-399,331,-122,-544
2025-12-01T17:59:21.995808,147,103,211,146,219,156,76,50,-6126,7508,9488,-9194,178,-2065,-331,299,-127,-420
2025-12-01T17:59:22.014820,170,104,186,164,256,154,74,74,-6171,7439,9520,-9186,179,-1899,-300,202,-142,-293
2025-12-01T17:59:22.032773,201,100,184,156,269,140,75,88,-6224,7399,9528,-9175,204,-2296,-317,225,38,-144
2025-12-01T17:59:22.055539,209,102,203,193,271,99,47,87,-6247,7409,9505,-9174,231,-2335,-212,117,139,222
2025-12-01T17:59:22.090769,229,100,175,265,285,76,44,96,-6255,7456,9471,-9166,118,-2110,-172,-4,253,340
2025-12-01T17:59:22.097844,199,82,186,293,316,90,52,92,-6240,7524,9450,-9142,174,-1967,-104,-232,257,441
2025-12-01T17:59:22.114688,184,74,180,351,300,129,80,77,-6220,7599,9454,-9090,100,-2169,-121,-440,281,333
2025-12-01T17:59:22.134276,153,77,182,423,309,159,114,68,-6216,7647,9459,-9047,114,-2140,-113,-327,226,217
2025-12-01T17:59:22.152667,139,72,177,473,347,173,118,68,-6229,7651,9457,-9037,69,-2268,-170,-36,77,87
2025-12-01T17:59:22.175161,101,53,171,456,331,197,153,60,-6247,7615,9462,-9050,84,-2141,-150,116,-109,-21
2025-12-01T17:59:22.194184,70,51,145,564,326,250,176,63,-6260,7581,9476,-9055,90,-2044,-162,59,-120,-50
2025-12-01T17:59:22.212636,62,53,145,551,333,234,177,62,-6267,7574,9498,-9032,100,-2006,-183,-123,1,-23
2025-12-01T17:59:22.234854,49,46,137,516,351,250,161,55,-6273,7593,9512,-8997,65,-2059,-216,-182,125,38
2025-12-01T17:59:22.255049,45,46,109,471,324,244,163,53,-6275,7637,9515,-8955,22,-2089,-225,-236,236,126
2025-12-01T17:59:22.273011,60,42,96,457,352,289,139,49,-6269,7707,9499,-8917,-82,-2179,-263,-239,324,242
2025-12-01T17:59:22.303075,68,40,70,334,338,255,113,47,-6250,7799,9462,-8889,-121,-2211,-289,-214,368,424
2025-12-01T17:59:22.314902,71,38,69,312,318,261,100,48,-6212,7913,9418,-8862,-163,-2130,-354,-253,381,553
2025-12-01T17:59:22.333989,71,39,60,300,271,230,97,48,-6142,8053,9371,-8835,-288,-2200,-395,-386,372,697
2025-12-01T17:59:22.359524,75,40,57,276,280,247,112,50,-6048,8209,9318,-8812,-321,-2144,-435,-436,341,849
2025-12-01T17:59:22.377376,57,39,54,266,279,195,107,47,-5946,8357,9258,-8806,-380,-2087,-446,-375,263,886
2025-12-01T17:59:22.392334,64,40,51,220,270,187,99,49,-5832,8494,9201,-8809,-469,-2065,-466,-365,161,874
2025-12-01T17:59:22.415144,73,39,46,191,276,187,107,46,-5706,8620,9150,-8824,-540,-2067,-509,-350,44,867
2025-12-01T17:59:22.437791,75,37,44,177,269,184,107,46,-5565,8734,9101,-8851,-605,-2017,-519,-339,-77,877
2025-12-01T17:59:22.457267,76,36,99,176,248,197,104,43,-5407,8832,9067,-8887,-682,-1970,-531,-373,-231,831
2025-12-01T17:59:22.475512,96,36,104,193,215,187,113,46,-5234,8908,9051,-8931,-744,-1944,-518,-419,-394,753
2025-12-01T17:59:22.498420,87,37,112,198,171,182,122,41,-5051,8956,9049,-8989,-811,-1923,-510,-413,-570,672
2025-12-01T17:59:22.513061,76,48,115,189,179,206,116,39,-4873,8975,9057,-9061,-825,-1877,-472,-352,-705,570
2025-12-01T17:59:22.535573,74,52,120,203,220,215,122,43,-4707,8970,9069,-9142,-800,-1803,-436,-276,-772,474
2025-12-01T17:59:22.558064,69,48,81,263,224,222,121,44,-4554,8947,9086,-9224,-797,-1772,-410,-229,-805,376
2025-12-01T17:59:22.572869,61,51,78,279,242,217,112,40,-4409,8914,9116,-9297,-795,-1686,-375,-261,-797,266
2025-12-01T17:59:22.595153,59,49,68,281,273,220,108,39,-4276,8876,9156,-9356,-818,-1701,-344,-318,-740,165
2025-12-01T17:59:22.618349,59,38,60,321,260,225,117,45,-4158,8840,9200,-9400,-796,-1729,-317,-351,-654,109
2025-12-01T17:59:22.632971,61,33,64,315,222,221,127,42,-4060,8805,9244,-9433,-782,-1775,-298,-346,-545,54
2025-12-01T17:59:22.655639,59,36,63,285,216,180,116,39,-3982,8774,9284,-9455,-760,-1800,-304,-311,-433,22
2025-12-01T17:59:22.677763,51,33,57,321,216,196,116,39,-3923,8749,9321,-9466,-774,-1844,-312,-290,-318,-22
2025-12-01T17:59:22.692649,54,30,55,321,188,204,119,40,-3879,8731,9353,-9469,-749,-1858,-308,-275,-215,-35
2025-12-01T17:59:22.715509,54,31,54,338,186,164,106,33,-3849,8721,9385,-9460,-746,-1896,-340,-269,-122,-52
2025-12-01T17:59:22.738019,53,30,39,348,192,156,85,31,-3826,8715,9414,-9446,-754,-1946,-364,-262,-66,-60
2025-12-01T17:59:22.752421,53,27,41,338,221,167,92,35,-3806,8712,9443,-9428,-755,-1970,-371,-266,-32,-62
2025-12-01T17:59:22.775519,39,25,43,283,194,136,116,34,-3793,8710,9469,-9408,-753,-1997,-413,-236,-5,-69
2025-12-01T17:59:22.805870,35,25,47,297,189,110,112,34,-3784,8710,9488,-9393,-760,-2021,-429,-188,10,-47
2025-12-01T17:59:22.812651,61,32,106,243,183,113,115,34,-3779,8711,9499,-9383,-758,-2011,-427,-136,20,-25
2025-12-01T17:59:22.835646,74,33,108,220,198,123,114,33,-3774,8715,9509,-9371,-737,-1988,-453,-127,30,-13
2025-12-01T17:59:22.858185,83,33,109,224,186,123,112,32,-3768,8720,9519,-9359,-751,-2002,-476,-122,30,-9
2025-12-01T17:59:22.872964,84,33,110,231,195,152,79,32,-3764,8724,9525,-9350,-738,-1999,-507,-80,19,0
2025-12-01T17:59:22.895197,84,34,112,202,182,149,73,27,-3760,8725,9527,-9348,-739,-1966,-488,-46,3,6
2025-12-01T17:59:22.918013,79,35,68,197,242,149,72,27,-3758,8726,9531,-9345,-720,-1941,-485,-50,7,0
2025-12-01T17:59:22.933167,68,33,65,222,244,155,75,29,-3760,8726,9535,-9341,-714,-1948,-498,-32,17,-18
2025-12-01T17:59:22.955325,60,35,113,204,231,152,75,28,-3766,8724,9539,-9336,-702,-1922,-489,-27,24,-36
2025-12-01T17:59:22.977998,57,35,114,207,223,146,80,27,-3776,8720,9545,-9329,-684,-1916,-483,-24,34,-59
2025-12-01T17:59:22.993144,56,33,113,215,228,174,79,31,-3788,8716,9556,-9317,-670,-1895,-505,-37,49,-88
2025-12-01T17:59:23.015556,36,25,110,200,160,182,75,32,-3803,8711,9569,-9301,-680,-1919,-506,-51,63,-112
2025-12-01T17:59:23.038221,30,25,110,151,139,168,87,33,-3819,8707,9583,-9284,-687,-1942,-529,-49,69,-115
2025-12-01T17:59:23.053007,25,26,61,163,128,161,81,35,-3833,8704,9595,-9270,-664,-1948,-535,-39,59,-94
2025-12-01T17:59:23.083071,25,32,58,147,119,138,77,36,-3847,8699,9602,-9261,-661,-1962,-525,-9,40,-71
2025-12-01T17:59:23.098186,52,33,53,166,129,97,74,34,-3859,8696,9608,-9252,-647,-1924,-542,-6,44,-65
2025-12-01T17:59:23.112829,57,36,102,184,142,80,72,36,-3870,8693,9617,-9241,-653,-1932,-551,-21,39,-69
2025-12-01T17:59:23.140393,60,38,108,192,150,75,48,32,-3879,8691,9625,-9231,-646,-1946,-530,-30,37,-53
2025-12-01T17:59:23.158097,61,36,108,203,184,72,49,28,-3886,8692,9631,-9221,-643,-1948,-547,-34,42,-31
2025-12-01T17:59:23.173097,60,31,107,210,260,99,95,34,-3892,8697,9635,-9210,-635,-1931,-531,-40,58,-13
2025-12-01T17:59:23.195573,38,30,110,221,264,112,102,34,-3902,8703,9637,-9197,-615,-1931,-547,-30,80,-8
2025-12-01T17:59:23.218080,30,27,64,222,297,127,105,31,-3909,8714,9639,-9182,-627,-1949,-547,-50,93,8
2025-12-01T17:59:23.233049,25,23,51,216,321,130,105,32,-3918,8728,9640,-9164,-612,-1942,-554,-58,115,20
2025-12-01T17:59:23.255597,20,25,46,221,309,125,103,34,-3928,8746,9637,-9145,-619,-1933,-544,-51,149,35
2025-12-01T17:59:23.278080,21,25,104,221,271,107,63,27,-3941,8768,9632,-9124,-611,-1918,-552,-47,173,39
2025-12-01T17:59:23.292830,19,24,104,184,306,104,55,27,-3954,8793,9629,-9097,-614,-1917,-578,-64,196,40
2025-12-01T17:59:23.315608,19,24,106,190,302,85,50,26,-3971,8821,9621,-9071,-603,-1901,-561,-51,223,48
2025-12-01T17:59:23.343792,18,26,108,198,279,78,49,26,-3989,8851,9615,-9040,-616,-1884,-570,-65,248,36
2025-12-01T17:59:23.360498,18,24,108,190,279,79,49,24,-4008,8882,9612,-9005,-620,-1873,-586,-84,265,8
2025-12-01T17:59:23.375819,20,22,54,170,268,75,45,26,-4030,8911,9612,-8966,-641,-1872,-576,-101,282,-30
2025-12-01T17:59:23.397713,21,24,98,166,263,62,42,25,-4057,8937,9615,-8924,-639,-1889,-584,-107,287,-68
2025-12-01T17:59:23.420537,21,25,103,148,237,65,39,26,-4086,8959,9621,-8883,-636,-1910,-588,-105,285,-95
2025-12-01T17:59:23.435038,22,24,102,140,248,107,43,26,-4116,8979,9629,-8841,-640,-1902,-608,-99,282,-116
2025-12-01T17:59:23.458123,22,24,103,111,257,114,43,27,-4147,8996,9636,-8800,-638,-1903,-602,-90,273,-136
2025-12-01T17:59:23.480602,20,24,102,112,254,129,49,24,-4186,9007,9647,-8759,-607,-1898,-589,-79,278,-173
2025-12-01T17:59:23.495414,22,21,60,129,206,142,55,25,-4225,9018,9662,-8712,-613,-1891,-585,-118,295,-210
2025-12-01T17:59:23.526300,23,20,43,118,287,161,68,28,-4268,9030,9680,-8658,-604,-1908,-579,-149,332,-237
2025-12-01T17:59:23.540570,25,20,39,110,287,138,74,29,-4321,9044,9697,-8598,-596,-1927,-591,-140,394,-267
2025-12-01T17:59:23.555626,24,20,36,106,299,135,77,29,-4383,9057,9709,-8539,-578,-1944,-601,-88,418,-278
2025-12-01T17:59:23.582358,26,21,36,112,309,136,75,30,-4453,9072,9718,-8476,-553,-1947,-615,-76,467,-283
2025-12-01T17:59:23.600682,24,22,31,95,319,127,73,30,-4528,9089,9722,-8413,-523,-1930,-602,-48,502,-278
2025-12-01T17:59:23.615590,24,23,31,97,278,101,60,26,-4616,9112,9721,-8343,-469,-1894,-616,-19,582,-276
2025-12-01T17:59:23.643320,25,22,32,99,279,120,67,27,-4724,9140,9708,-8265,-452,-1808,-556,29,712,-305
2025-12-01T17:59:23.660533,29,23,35,117,255,121,69,30,-4852,9174,9696,-8168,-407,-1732,-560,24,849,-378
2025-12-01T17:59:23.675581,34,27,37,117,255,119,78,39,-5004,9213,9688,-8041,-371,-1671,-576,5,1033,-496
2025-12-01T17:59:23.697703,35,26,35,122,286,133,84,41,-5195,9249,9681,-7885,-309,-1608,-606,51,1237,-658
2025-12-01T17:59:23.720658,38,30,36,122,258,141,84,44,-5406,9282,9691,-7690,-292,-1549,-697,4,1383,-863
2025-12-01T17:59:23.742738,43,44,37,128,246,135,72,44,-5527,9395,9658,-7507,-830,-1894,-863,-278,1437,-471
2025-12-01T17:59:23.757520,44,47,37,115,252,143,68,43,-5523,9560,9631,-7334,-387,-2477,-879,-890,1032,292
2025-12-01T17:59:23.780610,39,49,62,114,240,131,55,36,-5514,9708,9612,-7169,-325,-2372,-978,-824,921,259
2025-12-01T17:59:23.795786,40,53,72,118,227,118,43,34,-5502,9882,9635,-6904,-254,-3641,-1943,-1167,1155,129
2025-12-01T17:59:23.818143,37,51,85,117,225,100,40,32,-5603,9883,9497,-7012,-418,-1946,-525,855,289,355
2025-12-01T17:59:23.840143,28,41,92,116,212,84,33,28,-5596,9961,9477,-6934,-304,-1705,-1097,-216,462,146
2025-12-01T17:59:23.855580,23,39,98,119,199,58,26,25,-5560,10053,9524,-6763,-85,-1672,-840,-944,561,-44
2025-12-01T17:59:23.878042,24,35,114,109,212,56,26,23,-5478,10143,9534,-6682,-449,-1997,-945,-766,245,202
2025-12-01T17:59:23.900644,20,32,390,108,188,59,24,21,-5563,10136,9508,-6658,-344,-2019,-841,210,425,-219
2025-12-01T17:59:23.915612,22,30,560,102,182,67,33,19,-5658,10124,9506,-6601,-151,-1850,-948,195,467,-333
2025-12-01T17:59:23.939418,26,31,577,95,198,78,35,23,-5703,10140,9508,-6533,-288,-1747,-1120,25,428,-242
2025-12-01T17:59:23.968911,26,28,604,85,209,82,36,25,-5708,10172,9510,-6476,-188,-1808,-1087,-144,274,-36
2025-12-01T17:59:23.975709,27,25,649,82,202,86,35,26,-5709,10197,9536,-6398,-119,-1770,-1016,-301,263,-141
2025-12-01T17:59:23.998213,28,23,530,61,202,92,38,27,-5700,10237,9528,-6352,-194,-1912,-995,-238,239,76
2025-12-01T17:59:24.020705,28,23,350,57,200,129,39,25,-5710,10257,9495,-6361,-274,-2038,-1016,82,131,130
2025-12-01T17:59:24.035673,25,22,326,69,234,150,52,26,-5753,10240,9444,-6425,-270,-2029,-981,481,-3,123
2025-12-01T17:59:24.058157,24,20,279,89,235,173,65,28,-5812,10203,9389,-6512,-233,-1957,-959,691,-76,90
2025-12-01T17:59:24.080643,21,20,144,96,234,185,71,29,-5867,10161,9339,-6599,-228,-1887,-925,685,-119,72
2025-12-01T17:59:24.095548,19,20,188,96,220,183,71,28,-5914,10123,9294,-6678,-218,-1888,-860,601,-117,75
2025-12-01T17:59:24.118142,20,21,188,104,231,163,70,28,-5951,10095,9254,-6744,-238,-1956,-863,493,-88,86
2025-12-01T17:59:24.141006,22,21,184,97,194,162,65,26,-5986,10067,9209,-6814,-246,-2007,-872,513,-97,114
2025-12-01T17:59:24.155657,24,23,172,92,262,150,54,23,-6033,10033,9156,-6894,-230,-1996,-855,624,-103,127
2025-12-01T17:59:24.177982,24,24,164,86,251,153,50,24,-6091,9994,9098,-6977,-192,-2008,-834,705,-83,130
2025-12-01T17:59:24.200274,25,24,107,86,255,150,50,26,-6156,9958,9031,-7057,-179,-1995,-833,749,-36,157
2025-12-01T17:59:24.215310,25,26,82,82,259,148,46,25,-6221,9930,8955,-7136,-196,-2000,-803,754,8,206
2025-12-01T17:59:24.238233,23,25,62,78,264,124,40,25,-6287,9907,8872,-7215,-224,-2014,-793,776,41,228
2025-12-01T17:59:24.260356,22,25,57,62,187,107,36,25,-6364,9879,8781,-7295,-223,-2033,-737,833,77,226
2025-12-01T17:59:24.283126,23,28,35,64,183,71,30,23,-6444,9855,8684,-7374,-231,-2022,-705,848,113,243
2025-12-01T17:59:24.298190,23,30,29,64,176,63,28,22,-6521,9837,8581,-7450,-285,-2054,-654,821,149,264
2025-12-01T17:59:24.320612,24,31,32,59,160,49,29,21,-6603,9816,8476,-7526,-277,-2023,-607,852,158,250
2025-12-01T17:59:24.342856,23,31,49,69,139,42,26,21,-6685,9797,8375,-7591,-296,-2060,-605,818,192,225
2025-12-01T17:59:24.357915,22,30,57,70,132,43,24,22,-6776,9771,8287,-7640,-231,-1953,-565,793,215,116
2025-12-01T17:59:24.380688,24,37,66,84,135,45,23,23,-6851,9763,8208,-7669,-300,-2055,-486,574,278,109
2025-12-01T17:59:24.403212,24,49,124,87,126,48,25,23,-6925,9755,8134,-7691,-276,-2118,-443,521,283,98
2025-12-01T17:59:24.418125,27,59,128,96,130,43,22,24,-7013,9732,8082,-7696,-149,-2014,-411,502,270,-38
2025-12-01T17:59:24.440210,30,69,123,103,153,44,23,25,-7089,9719,8080,-7644,-268,-1902,-363,139,358,-364
2025-12-01T17:59:24.463092,30,74,120,114,171,47,24,22,-7137,9727,8100,-7568,-202,-2067,-332,-163,361,-328
2025-12-01T17:59:24.477976,29,73,119,140,246,50,26,23,-7192,9723,8127,-7491,-138,-2070,-335,-138,325,-384
2025-12-01T17:59:24.500470,30,67,56,155,288,51,29,32,-7232,9723,8161,-7416,-202,-2061,-362,-192,274,-396
2025-12-01T17:59:24.531279,27,85,45,155,285,53,32,37,-7268,9710,8200,-7354,-267,-2110,-311,-193,195,-448
2025-12-01T17:59:24.538007,57,128,55,189,310,63,37,48,-7315,9669,8244,-7313,-133,-2147,-326,-28,58,-466
2025-12-01T17:59:24.560522,62,129,55,191,321,63,39,49,-7359,9623,8267,-7303,-292,-2164,-280,85,5,-416
2025-12-01T17:59:24.583040,66,134,50,186,285,63,39,50,-7409,9559,8297,-7302,-295,-2124,-275,168,-70,-490
2025-12-01T17:59:24.598203,68,135,53,188,283,70,38,46,-7456,9485,8329,-7314,-280,-2119,-280,225,-153,-490
2025-12-01T17:59:24.620163,69,122,55,189,307,74,39,45,-7499,9403,8363,-7337,-282,-2115,-259,259,-216,-491
2025-12-01T17:59:24.651416,65,69,49,155,281,71,38,33,-7548,9314,8393,-7367,-268,-2114,-242,332,-238,-498
2025-12-01T17:59:24.658070,63,62,48,149,281,71,37,33,-7596,9223,8416,-7406,-294,-2090,-237,380,-252,-476
2025-12-01T17:59:24.680426,59,48,46,134,296,79,37,31,-7636,9140,8426,-7457,-334,-2125,-241,419,-258,-386
2025-12-01T17:59:24.702955,56,46,41,124,284,85,37,29,-7670,9058,8432,-7513,-330,-2118,-248,433,-281,-343
2025-12-01T17:59:24.715170,55,36,39,129,283,93,35,25,-7705,8972,8441,-7571,-254,-2082,-217,445,-305,-332
2025-12-01T17:59:24.737880,32,35,39,136,302,95,32,27,-7726,8900,8458,-7616,-276,-2069,-187,304,-292,-326
2025-12-01T17:59:24.761127,55,34,39,134,301,96,32,28,-7739,8836,8480,-7652,-282,-2147,-185,214,-280,-325
2025-12-01T17:59:24.776915,56,30,41,124,286,87,30,26,-7754,8770,8498,-7693,-268,-2192,-180,255,-285,-312
2025-12-01T17:59:24.800731,58,28,42,115,280,89,31,26,-7776,8691,8509,-7748,-268,-2192,-162,379,-322,-309
2025-12-01T17:59:24.823165,60,27,48,103,272,80,32,24,-7802,8600,8519,-7811,-215,-2140,-166,454,-369,-309
2025-12-01T17:59:24.838061,61,30,99,83,241,71,31,26,-7829,8504,8532,-7876,-101,-2095,-139,471,-398,-267
2025-12-01T17:59:24.865159,38,29,107,74,217,70,32,23,-7850,8410,8545,-7941,-42,-2069,-98,440,-414,-222
2025-12-01T17:59:24.882879,33,30,110,82,206,76,33,26,-7860,8319,8569,-8002,17,-2021,-104,373,-456,-196
2025-12-01T17:59:24.898080,30,28,113,76,201,56,49,29,-7858,8241,8604,-8046,69,-1977,-92,221,-444,-176
2025-12-01T17:59:24.928807,24,28,117,70,173,53,54,30,-7842,8179,8651,-8075,106,-1979,-129,93,-428,-148
2025-12-01T17:59:24.943447,22,22,79,70,164,51,58,29,-7814,8128,8707,-8094,134,-1981,-106,-48,-426,-126
2025-12-01T17:59:24.957655,23,21,75,72,184,51,58,31,-7781,8086,8759,-8111,102,-2013,-130,-68,-404,-94
2025-12-01T17:59:24.979999,21,21,71,64,200,56,61,31,-7741,8048,8805,-8137,91,-1974,-160,-37,-421,-37
2025-12-01T17:59:25.002856,21,22,66,58,184,61,47,28,-7697,8012,8852,-8163,82,-2008,-165,-61,-432,-23
2025-12-01T17:59:25.017975,21,19,54,70,236,76,47,26,-7648,7981,8896,-8192,75,-2044,-183,-57,-430,19
2025-12-01T17:59:25.040119,19,21,49,70,245,79,47,25,-7597,7958,8932,-8222,68,-1997,-206,-48,-397,68
2025-12-01T17:59:25.063279,16,24,33,71,240,89,45,24,-7544,7946,8963,-8249,33,-2066,-241,-64,-346,100
2025-12-01T17:59:25.077694,17,22,35,87,225,83,43,23,-7489,7937,8990,-8278,40,-2094,-226,-77,-343,140
2025-12-01T17:59:25.100684,19,23,36,105,241,82,47,25,-7428,7940,9018,-8300,30,-2068,-229,-148,-309,167
2025-12-01T17:59:25.123082,21,26,38,113,216,79,48,28,-7357,7956,9046,-8318,8,-2120,-241,-218,-298,220
2025-12-01T17:59:25.143289,22,25,39,121,240,92,53,29,-7281,7974,9072,-8338,-28,-2150,-239,-238,-298,240
2025-12-01T17:59:25.160174,25,24,47,228,255,121,68,32,-7196,7999,9101,-8357,-49,-2135,-270,-276,-316,277
2025-12-01T17:59:25.182865,26,26,50,229,257,136,87,36,-7101,8027,9126,-8385,-80,-2163,-338,-247,-353,333
2025-12-01T17:59:25.205618,26,25,52,231,267,137,87,35,-7011,8045,9138,-8430,-79,-2121,-305,-145,-381,383
2025-12-01T17:59:25.220585,25,24,53,230,287,133,84,35,-6918,8061,9148,-8480,-124,-2095,-330,-108,-408,384
2025-12-01T17:59:25.243092,25,24,53,238,260,135,80,35,-6823,8074,9155,-8537,-150,-2078,-334,-80,-428,403
2025-12-01T17:59:25.265450,24,23,52,142,235,119,71,33,-6731,8087,9168,-8584,-124,-2025,-332,-123,-415,381
2025-12-01T17:59:25.280674,22,23,49,151,226,160,46,26,-6642,8097,9185,-8625,-133,-2006,-300,-154,-408,337
2025-12-01T17:59:25.303057,22,22,48,201,201,176,48,27,-6557,8100,9212,-8658,-133,-2043,-333,-170,-412,269
2025-12-01T17:59:25.333897,22,21,49,200,133,186,52,26,-6479,8094,9239,-8693,-132,-2040,-298,-152,-423,233
2025-12-01T17:59:25.340736,22,21,57,230,151,185,52,24,-6409,8082,9264,-8730,-141,-2059,-280,-115,-422,198
2025-12-01T17:59:25.363189,22,21,58,251,201,206,48,25,-6350,8060,9285,-8771,-150,-2067,-255,-54,-411,161
2025-12-01T17:59:25.385348,23,19,58,250,207,170,55,27,-6299,8031,9307,-8811,-141,-2026,-261,-16,-412,106
2025-12-01T17:59:25.400455,24,21,59,215,205,155,67,30,-6252,7997,9337,-8843,-151,-2000,-262,-44,-408,43
2025-12-01T17:59:25.423148,24,24,55,216,210,149,70,30,-6204,7963,9377,-8866,-151,-2031,-280,-97,-412,-6
2025-12-01T17:59:25.445562,26,24,47,168,195,160,72,31,-6153,7931,9429,-8876,-128,-1996,-276,-190,-397,-39
2025-12-01T17:59:25.460534,26,23,39,174,152,190,91,35,-6106,7904,9483,-8875,-139,-2073,-291,-235,-351,-60
2025-12-01T17:59:25.483444,26,23,42,192,156,188,91,37,-6059,7877,9534,-8876,-170,-2102,-302,-224,-346,-71
2025-12-01T17:59:25.505444,24,23,34,186,170,187,82,34,-6010,7848,9583,-8882,-192,-2166,-315,-199,-364,-57
2025-12-01T17:59:25.520506,23,20,33,188,157,181,77,32,-5962,7813,9621,-8904,-192,-2179,-317,-101,-401,-25
2025-12-01T17:59:25.544288,23,21,34,186,234,166,77,31,-5919,7776,9646,-8938,-196,-2147,-302,-12,-399,16
2025-12-01T17:59:25.565357,23,22,33,162,262,98,60,29,-5877,7742,9666,-8973,-166,-2119,-305,9,-378,53
2025-12-01T17:59:25.580601,21,24,36,199,272,106,73,28,-5833,7710,9682,-9012,-185,-2132,-268,5,-377,79
2025-12-01T17:59:25.611362,22,22,42,284,270,150,81,29,-5785,7683,9695,-9053,-202,-2173,-311,26,-379,116
2025-12-01T17:59:25.625640,22,23,43,283,277,155,89,32,-5733,7653,9701,-9104,-210,-2151,-239,38,-410,158
2025-12-01T17:59:25.640202,21,22,44,304,221,157,91,33,-5676,7628,9709,-9153,-220,-2122,-286,35,-409,173
2025-12-01T17:59:25.663062,20,21,45,309,180,145,88,32,-5616,7608,9719,-9195,-221,-2076,-292,-10,-393,191
2025-12-01T17:59:25.693625,20,19,37,271,151,146,73,29,-5550,7596,9734,-9229,-257,-2107,-310,-68,-375,194
2025-12-01T17:59:25.700406,19,18,34,200,132,108,61,28,-5486,7584,9745,-9266,-264,-2086,-278,-66,-369,202
2025-12-01T17:59:25.723181,22,20,39,210,137,115,56,27,-5426,7575,9755,-9299,-267,-2075,-276,-68,-335,201
2025-12-01T17:59:25.747133,21,20,40,195,147,148,59,25,-5367,7570,9766,-9325,-266,-2052,-269,-99,-301,200
2025-12-01T17:59:25.760741,21,20,40,189,161,161,61,24,-5310,7568,9786,-9338,-252,-2017,-298,-162,-270,165
2025-12-01T17:59:25.780947,22,22,51,250,181,176,64,26,-5261,7567,9810,-9342,-249,-2045,-325,-178,-226,123
2025-12-01T17:59:25.803814,25,26,53,241,179,190,79,32,-5219,7558,9830,-9352,-224,-2101,-314,-123,-239,116
2025-12-01T17:59:25.820689,22,25,49,243,176,193,86,32,-5178,7546,9843,-9369,-251,-2063,-344,-49,-250,121
2025-12-01T17:59:25.842747,22,26,52,264,175,187,82,33,-5136,7532,9857,-9389,-188,-2018,-347,-36,-276,154
2025-12-01T17:59:25.865674,22,25,57,308,172,229,81,33,-5087,7527,9877,-9399,-197,-2005,-376,-113,-260,166
2025-12-01T17:59:25.880693,24,26,62,260,213,223,80,35,-5035,7528,9902,-9400,-196,-2014,-364,-187,-235,173
2025-12-01T17:59:25.903204,22,24,61,268,218,208,75,30,-4992,7525,9922,-9405,-199,-2052,-349,-142,-211,161
2025-12-01T17:59:25.925985,24,25,62,276,242,207,76,29,-4956,7524,9932,-9414,-238,-2085,-328,-97,-175,158
2025-12-01T17:59:25.940665,27,27,62,277,242,204,86,33,-4923,7532,9933,-9423,-249,-2042,-316,-79,-122,194
2025-12-01T17:59:25.971405,28,29,56,226,234,152,88,33,-4893,7547,9927,-9434,-284,-2030,-298,-67,-73,217
2025-12-01T17:59:25.985600,25,29,51,227,170,133,87,31,-4862,7576,9922,-9432,-331,-2013,-358,-104,-2,225
2025-12-01T17:59:25.999932,25,29,55,214,170,127,78,31,-4829,7613,9910,-9431,-370,-2074,-362,-108,23,264
2025-12-01T17:59:26.022566,24,29,53,204,117,113,66,30,-4800,7651,9895,-9431,-392,-2020,-363,-79,53,257
2025-12-01T17:59:26.045626,21,27,49,157,83,81,48,26,-4774,7691,9882,-9425,-356,-2051,-360,-112,72,267
2025-12-01T17:59:26.060270,21,26,55,187,95,81,49,27,-4754,7728,9868,-9420,-380,-1965,-182,-173,103,223
2025-12-01T17:59:26.083180,21,28,46,206,306,181,64,28,-4750,7757,9885,-9380,-470,-2126,-456,-210,153,-26
2025-12-01T17:59:26.105888,22,30,43,229,322,203,83,29,-4737,7773,9883,-9375,-432,-2075,-404,-63,28,86
2025-12-01T17:59:26.136494,22,31,43,248,326,215,89,29,-4704,7796,9880,-9376,-395,-2044,-295,-157,-32,210
2025-12-01T17:59:26.143212,21,33,42,272,333,215,87,28,-4695,7804,9882,-9372,-337,-2059,-367,-68,-6,89
2025-12-01T17:59:26.165193,23,31,40,270,332,212,84,29,-4681,7811,9888,-9366,-422,-2133,-392,-98,-17,52
2025-12-01T17:59:26.188831,23,27,44,273,165,143,83,27,-4670,7818,9886,-9369,-406,-1960,-279,-77,-12,70
2025-12-01T17:59:26.203661,22,26,43,267,135,118,67,28,-4653,7833,9911,-9339,-435,-1911,-401,-237,33,-24
2025-12-01T17:59:26.225582,22,24,48,310,169,166,59,27,-4625,7852,9962,-9281,-363,-1953,-403,-465,32,-53
2025-12-01T17:59:26.248943,22,25,55,348,166,196,73,28,-4605,7863,10016,-9223,-401,-2132,-396,-476,43,-119
2025-12-01T17:59:26.263178,21,24,50,333,171,206,89,28,-4620,7850,10095,-9141,-475,-2061,-384,-515,124,-472
2025-12-01T17:59:26.293815,22,27,48,341,174,206,83,26,-4638,7831,10181,-9052,-287,-2014,-476,-502,93,-448
2025-12-01T17:59:26.308633,22,28,51,346,195,239,88,25,-4643,7823,10268,-8957,-338,-2023,-482,-589,109,-416
2025-12-01T17:59:26.323215,19,27,50,293,171,205,89,25,-4646,7819,10359,-8854,-306,-2073,-523,-642,130,-412
2025-12-01T17:59:26.345632,21,27,44,226,163,184,79,24,-4656,7819,10438,-8756,-346,-2055,-509,-596,176,-410
2025-12-01T17:59:26.368493,20,29,43,243,155,178,59,23,-4672,7816,10501,-8674,-400,-2128,-473,-511,191,-404
2025-12-01T17:59:26.391463,22,35,49,214,150,173,54,27,-4668,7851,10451,-8705,-874,-2652,-500,55,182,75
2025-12-01T17:59:26.413917,23,34,52,197,191,119,43,25,-4694,7851,10357,-8802,-712,-2512,-418,555,47,164
2025-12-01T17:59:26.428921,24,45,101,182,200,117,45,25,-4813,7786,10282,-8884,-166,-1955,-404,896,114,-187
2025-12-01T17:59:26.442773,23,53,126,194,210,110,45,25,-4913,7756,10224,-8923,-509,-1844,-504,662,281,-314
2025-12-01T17:59:26.465710,24,69,164,202,223,99,46,25,-5000,7747,10186,-8924,-401,-1854,-435,371,351,-271
2025-12-01T17:59:26.488808,22,69,175,200,253,98,44,21,-5079,7748,10174,-8893,-322,-1857,-422,135,391,-299
2025-12-01T17:59:26.503312,22,92,208,196,243,96,41,25,-5159,7751,10196,-8820,-137,-1848,-548,-45,421,-372
2025-12-01T17:59:26.525647,23,102,213,192,238,76,33,24,-5250,7759,10189,-8767,-180,-1921,-480,80,486,-300
2025-12-01T17:59:26.549654,23,108,285,170,235,64,29,24,-5389,7740,10163,-8729,-73,-1966,-484,378,555,-419
2025-12-01T17:59:26.563425,27,146,421,142,244,61,28,27,-5557,7700,10116,-8713,-56,-1932,-460,629,579,-491
2025-12-01T17:59:26.585713,58,159,485,132,251,62,32,32,-5729,7647,10070,-8703,116,-1937,-553,749,512,-461
2025-12-01T17:59:26.608471,60,164,504,126,278,72,42,30,-5969,7536,10036,-8678,364,-2145,-489,921,580,-810
2025-12-01T17:59:26.623063,61,156,499,147,304,76,46,30,-6119,7450,10039,-8642,36,-2003,-332,427,337,-776
2025-12-01T17:59:26.645168,62,154,465,159,329,85,49,32,-6263,7349,10051,-8613,254,-2107,-377,466,221,-724
2025-12-01T17:59:26.668997,62,121,356,170,381,97,51,30,-6369,7260,10065,-8594,208,-2319,-524,449,102,-594
2025-12-01T17:59:26.684294,50,105,257,223,488,95,48,31,-6424,7185,10054,-8629,66,-2397,-452,515,-93,-303
2025-12-01T17:59:26.705238,67,101,210,249,603,98,40,30,-6445,7108,10014,-8722,143,-2053,-326,693,-300,31
2025-12-01T17:59:26.728817,74,102,221,370,611,98,38,31,-6467,7039,9961,-8823,119,-2014,-321,764,-262,93
2025-12-01T17:59:26.743088,74,101,206,396,654,93,35,27,-6495,6965,9895,-8936,87,-2020,-223,835,-260,106
2025-12-01T17:59:26.765668,74,89,163,391,624,111,33,27,-6550,6878,9806,-9059,125,-1995,-121,1002,-178,74
2025-12-01T17:59:26.788622,65,86,162,374,529,126,63,27,-6635,6791,9694,-9182,102,-1990,-59,1137,-29,22
2025-12-01T17:59:26.803165,47,57,133,367,363,141,72,33,-6727,6720,9572,-9296,70,-2014,-12,1116,95,43
2025-12-01T17:59:26.825336,33,51,103,249,369,162,77,33,-6811,6673,9444,-9399,36,-2092,-12,1055,182,115
2025-12-01T17:59:26.848852,33,65,115,204,267,172,80,34,-6859,6653,9326,-9494,54,-2183,51,841,152,295
2025-12-01T17:59:26.862807,32,69,107,192,274,164,82,34,-6867,6669,9216,-9585,31,-2141,109,603,125,510
2025-12-01T17:59:26.893803,29,70,101,180,298,154,64,30,-6847,6714,9109,-9670,44,-1971,218,399,146,692
2025-12-01T17:59:26.908854,30,103,325,147,287,199,65,30,-6798,6808,9014,-9727,-7,-2073,147,135,250,851
2025-12-01T17:59:26.922612,33,117,399,120,232,211,66,30,-6673,6965,8908,-9800,-272,-2303,-19,-8,205,1248
2025-12-01T17:59:26.946040,35,116,517,113,216,205,62,31,-6517,7129,8813,-9873,-108,-2052,160,-245,122,1458
2025-12-01T17:59:26.968861,40,117,578,111,190,197,58,30,-6339,7321,8729,-9923,-188,-2099,70,-429,180,1540
2025-12-01T17:59:26.983185,59,130,581,95,142,197,55,41,-6179,7515,8628,-9967,-360,-2156,60,-352,286,1461
2025-12-01T17:59:27.005665,69,108,506,105,133,128,41,48,-6028,7700,8519,-10012,-252,-2023,110,-312,307,1515
2025-12-01T17:59:27.028861,75,104,469,146,128,77,30,51,-5898,7895,8396,-10041,-415,-1977,102,-282,475,1414
2025-12-01T17:59:27.051340,76,105,365,161,136,68,31,55,-5783,8113,8275,-10035,-544,-1877,52,-385,686,1302
2025-12-01T17:59:27.065579,87,107,297,185,156,69,34,73,-5692,8343,8169,-9985,-731,-1981,-104,-446,868,1069
2025-12-01T17:59:27.088926,96,112,308,225,183,73,35,83,-5612,8538,8073,-9943,-778,-2071,-147,-356,738,936
2025-12-01T17:59:27.111399,114,136,298,236,187,73,38,143,-5539,8687,7978,-9932,-800,-2037,-228,-126,492,845
2025-12-01T17:59:27.125615,153,142,277,218,190,72,38,179,-5463,8801,7883,-9950,-736,-1979,-161,-30,295,863
2025-12-01T17:59:27.149657,161,144,241,213,207,122,54,188,-5388,8897,7788,-9980,-761,-1891,-81,-3,212,826
2025-12-01T17:59:27.171420,159,144,195,199,226,147,58,187,-5316,8978,7713,-10004,-801,-1887,-41,-74,164,702
2025-12-01T17:59:27.185282,159,141,180,168,268,162,61,219,-5233,9059,7661,-10015,-851,-1786,-64,-212,125,609
2025-12-01T17:59:27.209026,152,141,171,161,275,168,65,209,-5171,9103,7622,-10036,-934,-1854,-81,-91,0,410
2025-12-01T17:59:27.231541,109,129,164,156,295,191,72,182,-5113,9122,7609,-10059,-969,-1776,-64,-129,-123,224
2025-12-01T17:59:27.245710,100,122,149,145,277,201,65,175,-5065,9130,7630,-10060,-929,-1825,-97,-242,-128,50
2025-12-01T17:59:27.268963,92,123,151,136,250,231,75,171,-5037,9126,7665,-10051,-855,-1866,-61,-255,-106,-63
2025-12-01T17:59:27.291431,72,108,136,119,185,233,82,121,-5016,9124,7708,-10030,-817,-1874,-80,-285,-63,-113
2025-12-01T17:59:27.305395,46,72,120,88,159,255,79,66,-4996,9127,7753,-10003,-830,-1900,-123,-306,-27,-119
2025-12-01T17:59:27.329090,42,70,96,82,121,261,85,60,-5003,9133,7782,-9972,-980,-1914,-232,-129,73,-234
2025-12-01T17:59:27.351463,36,64,139,83,168,239,86,49,-4995,9134,7821,-9944,-833,-1931,-148,-239,8,-152
2025-12-01T17:59:27.365736,35,47,151,73,196,212,76,45,-4998,9137,7856,-9912,-802,-1904,-158,-208,59,-170
2025-12-01T17:59:27.388899,32,44,154,79,212,209,71,37,-4992,9151,7894,-9872,-799,-1931,-190,-276,88,-134
2025-12-01T17:59:27.410894,32,45,154,78,217,204,71,37,-4996,9157,7926,-9839,-739,-1924,-187,-197,82,-132
2025-12-01T17:59:27.423452,33,38,154,124,219,183,60,31,-5001,9170,7952,-9803,-779,-1944,-201,-197,123,-119
2025-12-01T17:59:27.448603,29,35,117,145,201,182,58,31,-5015,9183,7969,-9770,-787,-1928,-206,-129,155,-131
2025-12-01T17:59:27.471476,27,34,104,151,177,194,65,32,-5028,9195,7985,-9738,-789,-1932,-221,-121,151,-123
2025-12-01T17:59:27.485713,26,32,101,146,158,181,65,32,-5043,9205,8002,-9707,-784,-1926,-217,-115,147,-141
2025-12-01T17:59:27.508913,27,29,106,160,185,159,67,32,-5068,9204,8015,-9685,-757,-1909,-196,-39,118,-174
2025-12-01T17:59:27.531486,21,28,99,135,178,161,65,30,-5107,9200,8023,-9661,-745,-1894,-200,25,162,-212
2025-12-01T17:59:27.545705,22,35,98,137,166,155,63,29,-5151,9206,8029,-9628,-801,-1891,-237,20,235,-252
2025-12-01T17:59:27.568262,24,45,98,140,172,114,51,26,-5197,9208,8039,-9592,-803,-1934,-257,19,229,-284
2025-12-01T17:59:27.591484,24,47,102,145,182,129,51,23,-5244,9197,8054,-9565,-774,-1937,-245,47,153,-314
2025-12-01T17:59:27.605767,24,52,100,152,147,113,44,21,-5298,9169,8073,-9546,-733,-1963,-251,116,80,-362
2025-12-01T17:59:27.629375,25,61,108,154,133,105,39,20,-5351,9127,8096,-9537,-691,-1953,-221,138,0,-383
2025-12-01T17:59:27.650940,26,55,108,145,120,103,38,20,-5400,9081,8126,-9528,-707,-2011,-190,97,-34,-417
2025-12-01T17:59:27.665481,27,52,110,177,125,113,36,19,-5438,9037,8170,-9510,-687,-1994,-254,17,-66,-430
2025-12-01T17:59:27.688255,27,70,121,183,123,109,28,20,-5476,8998,8218,-9484,-605,-1970,-263,-15,-42,-421
2025-12-01T17:59:27.711423,26,70,125,173,122,127,36,23,-5507,8958,8266,-9463,-676,-2032,-240,-40,-62,-425
2025-12-01T17:59:27.726064,28,66,127,170,143,132,43,24,-5535,8910,8314,-9449,-587,-2030,-204,-28,-124,-391
2025-12-01T17:59:27.748711,26,67,134,183,146,130,43,23,-5558,8862,8361,-9439,-582,-2058,-230,-24,-148,-362
2025-12-01T17:59:27.771513,26,64,120,166,137,159,43,23,-5573,8818,8403,-9434,-581,-2040,-242,-12,-169,-313
2025-12-01T17:59:27.785776,24,43,101,164,136,164,43,23,-5584,8776,8436,-9438,-570,-1938,-220,24,-176,-268
2025-12-01T17:59:27.808281,26,35,103,173,166,151,36,22,-5585,8750,8465,-9435,-553,-2075,-285,-21,-137,-161
2025-12-01T17:59:27.831492,24,31,98,183,165,146,27,22,-5580,8735,8476,-9442,-530,-2095,-263,17,-114,-21
2025-12-01T17:59:27.845744,34,32,91,191,168,146,26,27,-5579,8728,8455,-9468,-468,-2010,-212,154,-70,136
2025-12-01T17:59:27.867853,35,45,104,201,170,107,27,28,-5580,8728,8408,-9510,-467,-2055,-207,279,-38,274
2025-12-01T17:59:27.891422,37,67,128,215,230,97,38,28,-5583,8733,8335,-9566,-527,-2060,-176,389,-7,366
2025-12-01T17:59:27.905405,36,84,134,246,248,111,46,28,-5572,8757,8261,-9616,-588,-2029,-153,298,42,430
2025-12-01T17:59:27.927730,36,92,136,244,258,108,51,31,-5544,8794,8200,-9650,-624,-1997,-111,113,63,438
2025-12-01T17:59:27.951962,30,111,164,275,384,155,61,29,-5510,8838,8155,-9668,-637,-1969,-142,6,84,398
2025-12-01T17:59:27.965262,30,114,181,264,389,190,84,32,-5460,8881,8118,-9687,-777,-2015,-233,-23,12,372
2025-12-01T17:59:27.988371,31,106,178,264,360,234,92,36,-5421,8908,8088,-9710,-659,-1999,-151,-17,-37,342
2025-12-01T17:59:28.011515,31,96,177,245,420,238,93,36,-5374,8932,8067,-9732,-739,-1949,-193,-45,-78,291
2025-12-01T17:59:28.025912,32,88,176,245,422,268,129,44,-5326,8943,8051,-9761,-781,-1951,-204,-10,-156,244
2025-12-01T17:59:28.047880,30,62,150,221,379,255,137,47,-5286,8911,8050,-9813,-458,-1863,-66,41,-370,246
2025-12-01T17:59:28.078953,29,51,120,232,429,238,126,45,-5237,8867,8043,-9885,-645,-1935,-148,151,-495,223
2025-12-01T17:59:28.094044,31,45,100,218,436,208,120,42,-5191,8813,8020,-9975,-796,-2042,-264,354,-566,213
2025-12-01T17:59:28.116475,48,47,83,215,424,198,118,42,-5141,8735,7991,-10092,-759,-1943,-173,447,-714,238
2025-12-01T17:59:28.131387,49,47,76,233,490,162,79,36,-5095,8638,7959,-10223,-717,-1952,-121,534,-809,237
2025-12-01T17:59:28.153964,49,46,77,217,473,154,54,30,-5068,8518,7908,-10376,-751,-1906,-51,742,-863,171
2025-12-01T17:59:28.168184,50,41,80,222,440,153,61,32,-5031,8395,7869,-10523,-796,-1925,-37,670,-908,146
2025-12-01T17:59:28.191481,48,48,118,256,440,159,65,34,-4954,8282,7836,-10673,-791,-1745,49,505,-991,272
2025-12-01T17:59:28.229820,35,48,132,248,390,173,75,36,-4880,8160,7838,-10798,-706,-1774,141,294,-990,156
2025-12-01T17:59:28.236830,34,46,129,226,288,230,94,35,-4843,8022,7846,-10913,-721,-1903,226,353,-922,-48
2025-12-01T17:59:28.251576,39,48,125,223,238,254,101,39,-4814,7892,7867,-11004,-706,-1846,275,235,-820,-140
2025-12-01T17:59:28.273940,39,48,121,201,205,253,98,40,-4794,7783,7917,-11054,-654,-1834,311,-2,-648,-241
2025-12-01T17:59:28.288233,40,50,88,169,225,252,99,40,-4792,7687,7981,-11077,-630,-1919,315,-101,-502,-342
2025-12-01T17:59:28.311463,37,50,70,181,202,266,98,39,-4805,7609,8048,-11076,-558,-1895,334,-178,-334,-370
2025-12-01T17:59:28.341606,36,51,74,191,213,238,87,38,-4828,7568,8117,-11043,-535,-1896,311,-301,-84,-368
2025-12-01T17:59:28.356301,32,49,81,203,214,216,83,36,-4848,7571,8186,-10982,-580,-1926,193,-409,119,-304
2025-12-01T17:59:28.371527,32,48,85,238,241,215,83,33,-4851,7600,8251,-10911,-559,-1987,162,-496,202,-159
2025-12-01T17:59:28.393929,26,41,81,239,231,198,74,30,-4846,7645,8301,-10844,-540,-2001,108,-465,250,-24
2025-12-01T17:59:28.408184,25,44,85,238,225,170,66,29,-4838,7702,8329,-10786,-573,-1983,96,-385,298,71
2025-12-01T17:59:28.431076,23,46,81,236,243,144,51,25,-4831,7775,8340,-10728,-626,-1957,86,-362,385,127
2025-12-01T17:59:28.454966,21,48,83,211,238,127,43,23,-4865,7849,8355,-10646,-642,-2013,29,-309,559,-68
2025-12-01T17:59:28.467782,18,52,101,192,213,116,36,23,-4896,7933,8358,-10568,-605,-1954,105,-333,611,17
2025-12-01T17:59:28.491538,21,51,113,183,203,117,39,27,-4938,8022,8355,-10484,-614,-1944,63,-298,686,-8
2025-12-01T17:59:28.514020,21,46,114,207,224,113,36,28,-4991,8114,8347,-10393,-640,-1964,1,-252,745,-50
2025-12-01T17:59:28.528577,23,47,134,234,196,128,42,29,-5059,8202,8334,-10301,-593,-1938,3,-200,793,-83
2025-12-01T17:59:28.551201,24,48,129,253,203,144,44,32,-5131,8299,8316,-10203,-619,-1886,-12,-205,857,-95
2025-12-01T17:59:28.573957,25,46,118,251,217,140,44,30,-5209,8390,8299,-10101,-624,-1916,-39,-189,866,-144
2025-12-01T17:59:28.588271,22,44,116,335,236,146,41,26,-5300,8477,8282,-9994,-671,-1978,-86,-147,896,-231
2025-12-01T17:59:28.610654,23,41,112,337,216,144,42,24,-5390,8562,8275,-9880,-745,-2032,-190,-155,877,-311
2025-12-01T17:59:28.633875,21,39,91,322,212,146,33,22,-5450,8650,8296,-9752,-683,-2023,-230,-377,790,-284
2025-12-01T17:59:28.648259,20,42,97,321,231,140,32,19,-5493,8732,8323,-9630,-661,-2027,-236,-435,701,-250
2025-12-01T17:59:28.670412,20,39,95,312,213,144,29,19,-5526,8813,8358,-9506,-606,-1970,-234,-505,662,-227
2025-12-01T17:59:28.693949,20,38,94,233,191,157,38,18,-5561,8885,8383,-9396,-670,-2057,-337,-375,604,-230
2025-12-01T17:59:28.707768,21,41,105,204,192,163,38,19,-5592,8936,8402,-9312,-576,-2061,-285,-295,469,-172
2025-12-01T17:59:28.731905,21,38,102,251,186,140,39,21,-5612,8991,8426,-9226,-585,-1985,-320,-342,441,-159
2025-12-01T17:59:28.751410,20,29,97,274,150,142,37,21,-5622,9040,8448,-9151,-630,-2091,-352,-320,369,-133
2025-12-01T17:59:28.766690,20,37,104,297,166,151,39,20,-5631,9077,8458,-9099,-608,-2056,-372,-200,281,-78
2025-12-01T17:59:28.791100,22,35,110,300,146,147,38,25,-5647,9099,8454,-9071,-562,-2030,-357,-40,203,-31
2025-12-01T17:59:28.814156,26,32,96,306,153,146,38,26,-5670,9106,8435,-9068,-560,-2035,-335,116,129,-4
2025-12-01T17:59:28.828166,26,34,98,271,155,145,38,23,-5685,9114,8416,-9067,-575,-2011,-340,104,103,16
2025-12-01T17:59:28.851525,27,33,94,233,172,140,38,23,-5704,9104,8399,-9081,-597,-2042,-346,192,14,-29
2025-12-01T17:59:28.873995,26,24,78,233,204,142,40,23,-5731,9082,8382,-9102,-583,-2029,-332,260,-25,-71
2025-12-01T17:59:28.888234,25,25,68,231,219,120,35,18,-5762,9056,8360,-9129,-571,-1933,-285,304,-36,-77
2025-12-01T17:59:28.911492,22,24,91,235,227,131,39,17,-5787,9037,8339,-9151,-581,-2095,-330,267,-16,-33
2025-12-01T17:59:28.933607,22,23,93,233,238,142,42,19,-5820,9006,8305,-9191,-524,-2078,-281,396,-72,6
2025-12-01T17:59:28.948090,23,23,93,247,223,135,47,19,-5856,8976,8253,-9244,-480,-1915,-180,467,-45,87
2025-12-01T17:59:28.970483,24,24,97,233,202,117,44,22,-5886,8964,8188,-9294,-520,-1964,-177,444,21,179
2025-12-01T17:59:28.993897,26,26,97,267,182,136,48,24,-5909,8956,8124,-9344,-539,-2042,-174,422,15,212
2025-12-01T17:59:29.016035,24,31,77,252,224,129,45,26,-5916,8955,8070,-9387,-589,-2047,-154,306,-1,222
2025-12-01T17:59:29.031551,23,29,107,298,233,143,44,25,-5916,8955,8026,-9425,-587,-1997,-193,259,-28,203
2025-12-01T17:59:29.054019,23,31,108,297,316,156,46,26,-5911,8958,7987,-9458,-618,-1953,-137,188,-26,189
2025-12-01T17:59:29.076465,24,36,111,314,357,187,50,24,-5902,8968,7957,-9480,-609,-1955,-139,102,0,172
2025-12-01T17:59:29.090934,22,34,107,302,374,189,57,26,-5891,8975,7933,-9499,-616,-1995,-135,77,-12,157
2025-12-01T17:59:29.113697,25,37,106,302,347,199,58,25,-5875,8986,7917,-9513,-635,-2007,-169,32,-22,147
2025-12-01T17:59:29.136159,27,41,79,257,357,202,60,27,-5857,8993,7903,-9528,-630,-2026,-154,19,-47,147
2025-12-01T17:59:29.151511,30,60,88,241,288,193,59,26,-5840,8998,7888,-9547,-637,-1968,-151,46,-54,141
2025-12-01T17:59:29.174074,29,62,94,198,237,172,67,32,-5825,8999,7869,-9571,-638,-1981,-135,75,-77,150
2025-12-01T17:59:29.196425,31,67,100,179,214,181,66,32,-5806,9005,7851,-9592,-669,-1985,-153,58,-66,159
2025-12-01T17:59:29.211552,29,69,105,177,215,183,68,32,-5791,9005,7829,-9619,-665,-1985,-142,105,-82,159
2025-12-01T17:59:29.234188,29,77,99,157,181,185,69,34,-5780,8997,7803,-9654,-667,-1997,-116,154,-110,153
2025-12-01T17:59:29.256580,26,72,97,160,198,193,75,36,-5770,8985,7776,-9693,-666,-1984,-106,183,-131,158
2025-12-01T17:59:29.271564,25,70,83,157,173,202,69,30,-5757,8972,7748,-9735,-693,-1967,-108,196,-154,162
2025-12-01T17:59:29.294038,23,69,69,102,157,184,63,28,-5750,8950,7728,-9775,-920,-2069,-75,186,-169,-9
2025-12-01T17:59:29.316581,22,65,60,131,158,171,63,27,-5734,8932,7712,-9814,-632,-1920,-44,128,-181,141
2025-12-01T17:59:29.331346,21,66,65,130,164,153,74,27,-5715,8917,7700,-9848,-732,-1948,-83,104,-181,98
2025-12-01T17:59:29.354972,18,66,62,128,146,153,69,24,-5694,8896,7695,-9882,-672,-1942,-49,76,-220,96
2025-12-01T17:59:29.376485,20,73,70,128,144,143,70,28,-5672,8870,7698,-9915,-703,-1926,-17,39,-242,48
2025-12-01T17:59:29.391451,23,80,77,122,144,151,70,28,-5649,8845,7710,-9942,-719,-1958,-49,4,-248,9
2025-12-01T17:59:29.414369,23,78,84,73,133,149,66,30,-5622,8820,7731,-9963,-692,-1927,-22,-67,-256,-6
2025-12-01T17:59:29.436331,24,72,77,64,122,163,54,29,-5594,8797,7757,-9979,-721,-1958,-67,-74,-254,-30
2025-12-01T17:59:29.450848,27,74,78,80,182,163,51,31,-5572,8768,7784,-9996,-675,-1942,-23,-75,-257,-47
2025-12-01T17:59:29.474044,26,70,87,80,199,156,47,27,-5550,8745,7814,-10005,-708,-1953,-74,-85,-223,-76
2025-12-01T17:59:29.496596,23,71,82,80,203,142,49,31,-5543,8701,7838,-10029,-677,-1986,-45,41,-287,-115
2025-12-01T17:59:29.510794,24,76,83,78,201,145,66,32,-5523,8659,7873,-10049,-724,-1984,-87,-26,-332,-133
2025-12-01T17:59:29.534506,23,75,92,77,196,120,64,30,-5498,8608,7913,-10074,-675,-1971,-43,-44,-395,-125
2025-12-01T17:59:29.556711,21,69,93,47,127,103,65,30,-5477,8553,7950,-10104,-648,-1958,-26,-9,-399,-126
2025-12-01T17:59:29.570845,22,76,115,40,86,99,66,31,-5454,8506,7984,-10129,-681,-1986,-47,-23,-367,-109
2025-12-01T17:59:29.594001,37,69,115,43,88,130,66,29,-5429,8459,8012,-10160,-674,-1990,-46,15,-375,-72
2025-12-01T17:59:29.616802,40,66,113,44,93,126,53,26,-5404,8411,8030,-10198,-653,-1979,-29,63,-385,-21
2025-12-01T17:59:29.631177,39,66,110,45,104,123,52,27,-5377,8361,8042,-10244,-646,-1979,0,94,-403,14
2025-12-01T17:59:29.654089,43,64,111,44,104,126,49,25,-5342,8319,8052,-10289,-681,-1985,-22,83,-393,52
2025-12-01T17:59:29.676533,43,58,87,45,105,135,47,26,-5309,8273,8056,-10340,-655,-1982,9,116,-402,75
2025-12-01T17:59:29.690570,34,56,107,41,113,121,45,26,-5273,8230,8064,-10386,-640,-1943,59,56,-391,79
2025-12-01T17:59:29.714107,31,58,119,41,123,127,40,28,-5233,8191,8075,-10428,-650,-1928,48,22,-381,82
2025-12-01T17:59:29.736512,34,56,121,43,111,126,37,26,-5202,8153,8085,-10466,-645,-1977,33,53,-348,57
2025-12-01T17:59:29.750815,30,53,117,51,115,123,38,26,-5174,8115,8092,-10504,-658,-1965,53,59,-330,51
2025-12-01T17:59:29.774096,29,46,111,48,116,130,36,26,-5147,8082,8099,-10537,-660,-1956,70,39,-295,49
2025-12-01T17:59:29.796562,29,46,96,55,100,129,35,24,-5123,8055,8107,-10564,-652,-1973,55,30,-250,48
2025-12-01T17:59:29.810787,30,41,82,58,108,125,33,22,-5105,8028,8108,-10592,-654,-1964,101,46,-221,50
2025-12-01T17:59:29.833753,24,38,76,56,115,125,35,25,-5084,8001,8112,-10619,-610,-1959,124,24,-228,70
2025-12-01T17:59:29.854518,28,41,82,53,113,130,36,24,-5074,7979,8113,-10640,-648,-1954,93,55,-162,23
2025-12-01T17:59:29.877354,29,36,79,54,113,112,37,27,-5055,7957,8121,-10659,-607,-1947,127,-23,-185,54
2025-12-01T17:59:29.893983,27,32,79,46,108,90,36,27,-5045,7942,8125,-10672,-668,-1949,96,14,-122,12
2025-12-01T17:59:29.916173,26,34,72,39,82,72,36,27,-5031,7934,8131,-10680,-667,-1950,81,-27,-102,26
2025-12-01T17:59:29.939000,28,35,91,43,65,77,35,23,-5026,7927,8135,-10685,-662,-1957,76,2,-60,2
2025-12-01T17:59:29.954458,24,33,85,45,67,75,35,25,-5020,7918,8137,-10692,-633,-1959,112,-8,-67,27
2025-12-01T17:59:29.976482,25,35,86,48,69,79,35,23,-5013,7914,8140,-10696,-668,-1968,93,-18,-48,23
2025-12-01T17:59:29.999086,28,34,84,51,80,81,34,23,-5008,7907,8140,-10704,-656,-1969,103,12,-55,20
2025-12-01T17:59:30.014454,28,32,95,57,87,83,33,26,-5005,7900,8141,-10709,-640,-1940,89,12,-49,15
2025-12-01T17:59:30.036931,29,32,81,59,92,78,33,35,-5006,7892,8138,-10717,-671,-1974,74,52,-45,5
2025-12-01T17:59:30.059018,31,34,81,53,90,75,31,34,-4999,7885,8140,-10725,-633,-1970,81,16,-72,38
2025-12-01T17:59:30.074058,37,35,76,58,91,67,31,37,-4994,7874,8138,-10736,-652,-1956,90,44,-80,29
2025-12-01T17:59:30.096195,36,37,80,59,86,70,32,38,-4995,7865,8131,-10747,-669,-1930,130,57,-43,3
2025-12-01T17:59:30.119100,36,39,80,59,78,95,46,38,-5000,7851,8123,-10761,-692,-1956,90,112,-61,-16
2025-12-01T17:59:30.134227,36,39,90,55,72,104,52,33,-5004,7841,8119,-10770,-700,-1933,124,53,-47,-35
2025-12-01T17:59:30.156460,36,38,95,55,68,103,51,40,-5008,7832,8121,-10773,-673,-1941,130,14,-28,-41
2025-12-01T17:59:30.186566,34,38,97,45,71,107,50,37,-5014,7820,8125,-10776,-666,-1955,112,29,-40,-59
2025-12-01T17:59:30.194074,34,48,96,48,77,113,52,36,-5024,7807,8129,-10778,-663,-1995,86,52,-38,-69
2025-12-01T17:59:30.216643,33,49,86,42,68,94,41,35,-5032,7800,8128,-10780,-648,-1995,85,59,-13,-26
2025-12-01T17:59:30.239175,32,51,76,45,73,78,34,33,-5043,7794,8115,-10789,-620,-1991,89,127,2,21
2025-12-01T17:59:30.254005,35,50,76,45,75,78,33,25,-5056,7788,8086,-10809,-621,-1960,128,205,16,72
2025-12-01T17:59:30.276465,32,54,101,52,68,77,35,29,-5069,7787,8046,-10834,-643,-1952,153,242,36,114
2025-12-01T17:59:30.300602,29,45,99,46,53,65,31,26,-5073,7792,8005,-10859,-673,-1910,188,199,42,147
2025-12-01T17:59:30.313473,33,44,104,48,57,65,27,27,-5070,7800,7974,-10877,-682,-1917,200,117,34,144
2025-12-01T17:59:30.337141,37,45,101,45,55,68,28,28,-5060,7812,7957,-10885,-703,-1926,168,26,27,117
2025-12-01T17:59:30.358673,35,49,115,52,53,77,29,34,-5053,7822,7947,-10888,-671,-1943,205,-20,40,97
2025-12-01T17:59:30.381350,33,44,92,46,61,82,27,32,-5046,7827,7938,-10895,-711,-1926,150,22,-5,65
2025-12-01T17:59:30.404056,34,43,88,44,71,88,29,35,-5040,7832,7935,-10896,-696,-1917,171,-19,2,41
2025-12-01T17:59:30.418772,32,47,95,46,81,129,35,37,-5032,7838,7938,-10893,-707,-1936,156,-52,9,29
2025-12-01T17:59:30.433127,26,47,108,58,94,145,37,37,-5023,7847,7944,-10887,-704,-1924,139,-78,13,30
2025-12-01T17:59:30.465458,23,46,86,67,108,144,44,32,-5012,7857,7953,-10878,-696,-1959,131,-96,14,34
2025-12-01T17:59:30.476190,24,48,88,79,105,145,48,32,-5000,7869,7957,-10872,-696,-1958,140,-89,20,62
2025-12-01T17:59:30.499479,27,56,105,91,112,153,54,32,-4985,7885,7960,-10865,-683,-1970,112,-83,29,100
2025-12-01T17:59:30.514337,29,55,101,95,123,133,53,31,-4968,7905,7957,-10860,-672,-1963,132,-83,47,141
2025-12-01T17:59:30.538123,32,61,101,94,115,118,51,29,-4946,7930,7950,-10858,-691,-1938,136,-89,58,183
2025-12-01T17:59:30.553068,33,65,99,93,104,121,45,28,-4923,7960,7938,-10855,-702,-1943,138,-87,78,207
2025-12-01T17:59:30.576524,40,66,103,86,103,115,44,34,-4898,7998,7926,-10847,-705,-1935,134,-120,119,237
2025-12-01T17:59:30.599007,39,65,98,85,86,100,36,33,-4868,8047,7911,-10835,-721,-1923,138,-154,167,280
2025-12-01T17:59:30.612852,41,65,101,94,63,94,38,30,-4834,8108,7895,-10816,-723,-1925,100,-191,210,319
2025-12-01T17:59:30.636656,39,58,126,126,56,90,38,34,-4793,8177,7877,-10796,-753,-1903,106,-230,236,367
2025-12-01T17:59:30.659073,39,51,136,132,54,79,36,34,-4777,8232,7863,-10772,-716,-1874,161,-197,269,235
2025-12-01T17:59:30.673332,58,87,141,136,53,83,36,40,-4756,8309,7835,-10742,-771,-1903,48,-154,357,326
2025-12-01T17:59:30.696543,64,87,137,140,57,99,37,44,-4734,8388,7807,-10711,-827,-1884,59,-183,367,315
2025-12-01T17:59:30.718746,68,89,139,140,46,96,37,46,-4698,8478,7786,-10670,-883,-1889,24,-278,382,335
2025-12-01T17:59:30.741153,70,94,110,128,47,98,38,46,-4660,8568,7776,-10622,-893,-1874,16,-350,386,303
2025-12-01T17:59:30.756597,71,93,109,124,44,95,38,46,-4634,8652,7767,-10573,-825,-1869,-13,-314,390,277
2025-12-01T17:59:30.778676,51,63,117,124,40,95,35,36,-4608,8726,7751,-10535,-930,-1854,-58,-220,331,242
2025-12-01T17:59:30.792933,44,72,130,112,54,78,36,38,-4591,8783,7735,-10507,-910,-1882,-74,-142,261,199
2025-12-01T17:59:30.816590,33,67,128,101,66,70,41,36,-4576,8827,7718,-10488,-967,-1845,-88,-85,195,146
2025-12-01T17:59:30.839348,30,62,128,76,80,76,45,36,-4570,8853,7706,-10478,-951,-1843,-72,-37,125,70
2025-12-01T17:59:30.853011,27,65,128,70,81,92,49,34,-4572,8863,7702,-10471,-914,-1836,-54,-14,66,-2
2025-12-01T17:59:30.876495,28,64,120,56,82,92,51,34,-4582,8859,7704,-10469,-916,-1863,-56,23,12,-71
2025-12-01T17:59:30.899819,27,44,115,62,71,97,51,27,-4597,8849,7712,-10465,-898,-1861,-43,17,8,-119
2025-12-01T17:59:30.920995,28,45,106,66,62,106,43,30,-4619,8833,7743,-10447,-889,-1891,-80,-32,-14,-121
2025-12-01T17:59:30.940728,31,45,111,72,43,103,38,28,-4627,8822,7756,-10442,-883,-1917,-97,-2,-31,-104
2025-12-01T17:59:30.962437,36,50,113,73,108,137,43,41,-4635,8810,7760,-10445,-862,-1901,-84,52,-46,-63
2025-12-01T17:59:30.980445,44,45,111,99,114,143,45,45,-4643,8795,7756,-10457,-860,-1908,-60,98,-62,-28
2025-12-01T17:59:30.999566,44,47,104,106,113,137,44,46,-4646,8781,7751,-10472,-869,-1888,-36,84,-76,-11
2025-12-01T17:59:31.017650,50,47,118,114,111,131,50,49,-4644,8770,7747,-10485,-868,-1879,-37,58,-78,7
2025-12-01T17:59:31.040684,51,45,124,109,113,130,50,63,-4641,8757,7743,-10500,-872,-1890,-48,64,-97,12
2025-12-01T17:59:31.059289,48,45,124,104,63,91,41,61,-4636,8742,7739,-10517,-862,-1891,-38,73,-112,18
2025-12-01T17:59:31.077919,41,45,132,94,54,85,41,61,-4628,8731,7735,-10534,-877,-1872,-38,55,-111,32
2025-12-01T17:59:31.100601,48,48,135,81,58,84,41,61,-4618,8718,7732,-10550,-873,-1880,-14,40,-111,33
2025-12-01T17:59:31.120675,54,46,122,66,60,96,48,72,-4609,8706,7728,-10568,-877,-1879,-19,52,-113,37
2025-12-01T17:59:31.138304,54,44,105,67,67,109,52,65,-4598,8698,7727,-10580,-874,-1874,-15,15,-94,39
2025-12-01T17:59:31.161179,53,34,106,67,63,112,53,64,-4585,8692,7727,-10590,-855,-1877,-16,-2,-84,55
2025-12-01T17:59:31.187807,56,36,120,66,66,110,52,70,-4570,8687,7724,-10603,-875,-1868,-17,6,-95,69
2025-12-01T17:59:31.198356,55,32,122,74,73,110,54,72,-4554,8677,7722,-10619,-875,-1870,-12,23,-121,65
2025-12-01T17:59:31.221119,53,43,129,78,74,91,43,70,-4540,8666,7718,-10638,-898,-1877,-18,42,-132,54
2025-12-01T17:59:31.240563,52,56,140,82,66,79,36,67,-4524,8652,7716,-10657,-890,-1878,-26,40,-151,56
2025-12-01T17:59:31.257835,59,59,134,82,62,71,35,65,-4509,8638,7712,-10678,-891,-1875,-17,58,-155,61
2025-12-01T17:59:31.280551,57,58,108,69,56,69,34,58,-4469,8629,7694,-10714,-836,-1847,-8,64,-216,254
2025-12-01T17:59:31.303239,56,62,115,56,41,81,35,53,-4455,8609,7681,-10746,-878,-1866,25,117,-184,98
2025-12-01T17:59:31.325397,82,58,112,52,41,88,39,40,-4440,8594,7667,-10774,-888,-1858,42,96,-150,105
2025-12-01T17:59:31.341009,86,53,105,66,41,87,41,40,-4432,8583,7654,-10795,-887,-1863,41,88,-101,82
2025-12-01T17:59:31.363077,83,56,128,73,43,85,42,40,-4424,8576,7641,-10813,-876,-1859,72,60,-69,87
2025-12-01T17:59:31.378282,89,64,146,78,58,90,43,43,-4418,8576,7629,-10824,-882,-1860,65,40,-26,92
2025-12-01T17:59:31.400980,87,70,155,95,68,85,43,49,-4409,8583,7620,-10828,-889,-1842,73,-8,13,91
2025-12-01T17:59:31.423112,65,71,157,126,86,103,40,49,-4397,8599,7615,-10825,-905,-1851,61,-63,51,99
2025-12-01T17:59:31.438009,74,68,164,118,105,106,40,47,-4384,8620,7611,-10816,-912,-1848,60,-92,84,110
2025-12-01T17:59:31.464977,74,68,153,153,110,101,39,49,-4369,8647,7606,-10804,-933,-1838,31,-106,105,116
2025-12-01T17:59:31.480034,84,60,147,152,109,95,33,44,-4351,8673,7606,-10790,-931,-1847,26,-130,89,114
2025-12-01T17:59:31.504060,86,55,137,160,135,96,36,39,-4338,8695,7604,-10779,-931,-1848,5,-90,84,98
2025-12-01T17:59:31.521239,80,52,134,152,133,91,37,36,-4324,8719,7600,-10768,-961,-1820,1,-90,85,91
2025-12-01T17:59:31.540224,70,54,133,170,121,88,37,37,-4312,8735,7601,-10759,-964,-1823,5,-87,56,58
2025-12-01T17:59:31.558451,68,49,127,158,119,89,38,35,-4308,8739,7603,-10757,-960,-1833,-5,-29,3,5
2025-12-01T17:59:31.580855,44,48,116,166,113,87,38,36,-4309,8734,7604,-10759,-965,-1829,8,10,-22,-34
2025-12-01T17:59:31.600040,41,42,106,152,76,80,31,34,-4322,8721,7606,-10763,-936,-1843,11,56,-30,-79
2025-12-01T17:59:31.618356,38,41,106,144,63,68,29,34,-4335,8705,7602,-10774,-954,-1881,26,98,-47,-56
2025-12-01T17:59:31.640538,31,43,88,142,55,66,31,29,-4339,8693,7606,-10780,-957,-1835,14,28,-57,-62
2025-12-01T17:59:31.659503,25,43,94,146,65,67,37,30,-4340,8687,7619,-10774,-936,-1873,-15,-40,-31,-64
2025-12-01T17:59:31.678380,25,43,103,150,79,90,48,29,-4342,8674,7627,-10778,-912,-1896,15,4,-60,-38
2025-12-01T17:59:31.700633,24,53,107,156,78,95,50,31,-4341,8667,7630,-10782,-935,-1844,17,6,-48,-20
2025-12-01T17:59:31.719952,37,65,115,176,74,103,49,30,-4337,8658,7633,-10788,-934,-1867,-4,15,-68,-9
2025-12-01T17:59:31.738390,52,73,122,180,95,137,47,30,-4331,8648,7635,-10798,-938,-1858,12,16,-88,6
2025-12-01T17:59:31.760961,61,85,138,179,91,152,50,29,-4321,8636,7637,-10810,-946,-1838,25,11,-105,4
2025-12-01T17:59:31.779966,68,116,175,223,116,155,50,30,-4311,8620,7640,-10824,-961,-1849,11,24,-136,-9
2025-12-01T17:59:31.802491,74,139,190,234,126,159,58,32,-4307,8594,7646,-10843,-943,-1860,5,67,-178,-46
2025-12-01T17:59:31.820872,147,168,231,234,132,159,67,43,-4305,8557,7650,-10870,-937,-1847,32,105,-224,-67
2025-12-01T17:59:31.843310,278,174,284,245,148,162,70,47,-4259,8522,7651,-10915,-812,-1801,58,24,-386,191
2025-12-01T17:59:31.862501,308,181,303,250,152,164,69,48,-4237,8478,7657,-10953,-918,-1863,46,80,-339,12
2025-12-01T17:59:31.880878,316,187,296,210,136,165,73,48,-4212,8431,7662,-10996,-921,-1835,78,87,-371,22
2025-12-01T17:59:31.903287,327,177,299,199,149,192,73,49,-4189,8385,7670,-11034,-938,-1813,74,66,-355,-13
2025-12-01T17:59:31.922583,328,146,264,178,147,188,66,42,-4170,8337,7683,-11069,-931,-1825,95,53,-350,-47
2025-12-01T17:59:31.940605,236,150,213,145,122,171,67,41,-4154,8287,7697,-11102,-936,-1830,62,75,-355,-74
2025-12-01T17:59:31.963296,201,137,172,132,119,167,64,39,-4144,8234,7716,-11132,-919,-1838,102,54,-337,-119
2025-12-01T17:59:31.982219,189,107,142,126,123,161,56,38,-4130,8171,7740,-11167,-918,-1816,101,56,-414,-137
2025-12-01T17:59:32.000092,174,97,111,120,98,126,53,37,-4126,8103,7760,-11204,-888,-1799,84,124,-413,-176
2025-12-01T17:59:32.022988,114,99,123,120,94,134,57,33,-4126,8026,7780,-11245,-837,-1823,198,113,-423,-182
2025-12-01T17:59:32.042513,92,73,110,116,99,138,57,32,-4126,7960,7805,-11276,-856,-1833,179,64,-366,-192
2025-12-01T17:59:32.060419,75,98,113,115,104,139,58,29,-4132,7896,7833,-11299,-826,-1843,199,38,-319,-216
2025-12-01T17:59:32.083397,74,100,144,118,93,132,55,29,-4138,7846,7856,-11316,-873,-1854,159,49,-258,-202
2025-12-01T17:59:32.110011,60,96,149,134,93,127,50,28,-4151,7797,7878,-11329,-849,-1866,164,56,-225,-221
2025-12-01T17:59:32.120927,61,93,142,201,103,129,53,29,-4165,7747,7897,-11345,-789,-1888,201,68,-214,-187
2025-12-01T17:59:32.143376,60,94,139,220,100,118,50,26,-4183,7709,7908,-11357,-798,-1912,173,104,-152,-157
2025-12-01T17:59:32.163579,55,85,177,236,107,109,45,26,-4185,7679,7921,-11367,-746,-1916,222,8,-148,-55
2025-12-01T17:59:32.180836,49,83,164,283,110,105,45,27,-4195,7665,7920,-11373,-747,-1908,221,55,-30,-18
2025-12-01T17:59:32.202527,87,93,157,282,107,119,54,30,-4201,7666,7911,-11376,-758,-1908,246,34,40,48
2025-12-01T17:59:32.222764,85,96,155,239,96,103,46,28,-4200,7691,7901,-11368,-767,-1882,234,-39,142,121
2025-12-01T17:59:32.240532,88,99,164,241,91,101,43,29,-4193,7731,7886,-11353,-774,-1890,219,-73,207,187
2025-12-01T17:59:32.263322,90,83,128,213,69,89,43,29,-4181,7785,7867,-11334,-795,-1882,220,-109,268,245
2025-12-01T17:59:32.282649,88,75,108,140,58,93,42,29,-4164,7854,7846,-11307,-805,-1878,184,-144,327,301
2025-12-01T17:59:32.300903,49,60,112,140,58,76,29,29,-4194,7940,7824,-11251,-993,-1971,40,-48,562,59
2025-12-01T17:59:32.323415,47,55,109,154,57,71,25,36,-4193,8023,7803,-11208,-878,-1873,140,-155,463,221
2025-12-01T17:59:32.354124,43,50,93,118,55,65,26,40,-4188,8110,7786,-11158,-887,-1840,127,-214,484,223
2025-12-01T17:59:32.361261,38,70,97,115,49,92,28,42,-4189,8196,7775,-11102,-893,-1863,108,-227,504,182
2025-12-01T17:59:32.383390,39,70,114,111,52,106,32,43,-4186,8286,7767,-11042,-898,-1836,110,-280,515,185
2025-12-01T17:59:32.403032,35,70,116,92,80,137,38,41,-4195,8372,7762,-10977,-922,-1812,62,-256,541,98
2025-12-01T17:59:32.420858,31,73,130,83,105,161,42,37,-4211,8453,7760,-10911,-983,-1875,29,-235,535,44
2025-12-01T17:59:32.443310,29,70,131,121,124,200,52,35,-4216,8520,7759,-10857,-988,-1828,6,-214,413,41
2025-12-01T17:59:32.462506,32,56,129,154,131,222,78,40,-4217,8577,7770,-10803,-1025,-1845,-35,-242,346,-10
2025-12-01T17:59:32.480796,31,62,124,186,141,237,79,37,-4220,8618,7783,-10761,-1007,-1808,-40,-197,257,-54
2025-12-01T17:59:32.503529,30,62,123,188,137,222,78,36,-4236,8639,7795,-10728,-967,-1842,-34,-107,196,-113
2025-12-01T17:59:32.522180,29,59,122,191,136,213,78,35,-4262,8647,7806,-10703,-928,-1855,-43,-35,151,-153
2025-12-01T17:59:32.540847,31,62,152,237,136,196,73,32,-4294,8649,7815,-10683,-925,-1856,-39,10,132,-177
2025-12-01T17:59:32.563368,26,50,146,239,169,183,45,23,-4333,8638,7822,-10671,-907,-1854,-20,73,90,-215
2025-12-01T17:59:32.582589,24,45,154,257,174,167,47,24,-4377,8621,7830,-10660,-896,-1860,0,83,81,-250
2025-12-01T17:59:32.600905,26,43,156,281,173,177,46,23,-4417,8604,7844,-10647,-882,-1867,-24,60,63,-259
2025-12-01T17:59:32.623478,29,42,148,299,201,173,46,23,-4467,8582,7859,-10634,-857,-1859,-7,86,73,-303
2025-12-01T17:59:32.642770,28,35,120,273,203,154,46,24,-4516,8562,7878,-10615,-861,-1860,0,45,89,-325
2025-12-01T17:59:32.660478,28,39,134,279,191,125,46,23,-4568,8545,7902,-10589,-845,-1876,-14,15,116,-353
2025-12-01T17:59:32.683324,27,40,119,262,213,110,40,26,-4618,8530,7931,-10557,-822,-1903,-12,-26,133,-354
2025-12-01T17:59:32.701879,25,38,120,237,212,86,39,24,-4667,8518,7956,-10526,-836,-1900,-27,-14,136,-344
2025-12-01T17:59:32.719323,24,36,124,217,183,89,36,25,-4714,8508,7983,-10493,-794,-1923,-20,-39,148,-326
2025-12-01T17:59:32.742255,25,36,124,206,169,94,32,28,-4757,8502,8008,-10459,-793,-1939,-52,-41,152,-297
2025-12-01T17:59:32.763115,26,36,149,256,147,91,28,30,-4794,8500,8031,-10426,-814,-1959,-68,-45,148,-267
2025-12-01T17:59:32.780858,26,34,164,278,103,101,28,26,-4822,8497,8055,-10398,-748,-1966,-71,-63,99,-210
2025-12-01T17:59:32.807578,30,34,158,291,118,106,43,30,-4845,8497,8066,-10378,-765,-1908,-42,-34,106,-157
2025-12-01T17:59:32.825985,29,36,154,288,108,101,47,29,-4861,8505,8079,-10354,-766,-1948,-57,-76,120,-110
2025-12-01T17:59:32.848019,30,35,159,292,123,114,48,25,-4870,8517,8095,-10327,-733,-1981,-89,-112,114,-76
2025-12-01T17:59:32.863137,29,33,114,222,169,116,52,25,-4878,8527,8101,-10310,-783,-1982,-98,-43,86,-57
2025-12-01T17:59:32.890145,30,29,88,168,173,118,50,25,-4888,8527,8094,-10311,-761,-1951,-65,56,35,-15
2025-12-01T17:59:32.904795,24,28,81,146,227,127,38,20,-4898,8524,8082,-10318,-764,-1927,-66,98,21,-8
2025-12-01T17:59:32.923474,24,27,74,134,265,124,36,20,-4910,8519,8072,-10325,-765,-1905,-30,87,14,-29
2025-12-01T17:59:32.946285,25,25,59,132,331,108,40,22,-4923,8510,8069,-10328,-775,-1893,-22,56,8,-82
2025-12-01T17:59:32.960988,24,21,65,163,383,117,47,25,-4938,8496,8078,-10325,-767,-1896,-15,11,-11,-147
2025-12-01T17:59:32.983448,25,26,71,163,406,153,56,25,-4947,8483,8110,-10307,-773,-1919,-32,-130,-16,-212
2025-12-01T17:59:33.005933,30,27,86,239,381,155,66,29,-4952,8470,8159,-10276,-765,-1907,-57,-227,-25,-280
2025-12-01T17:59:33.020921,29,42,121,242,369,166,71,34,-4967,8446,8220,-10240,-706,-1894,-71,-227,-42,-367
2025-12-01T17:59:33.050934,28,44,152,225,311,169,72,35,-4982,8418,8292,-10198,-727,-1941,-65,-289,-51,-431
2025-12-01T17:59:33.065787,28,50,166,234,226,165,71,35,-4992,8393,8375,-10145,-697,-1959,-88,-373,-47,-455
2025-12-01T17:59:33.080924,36,53,168,246,191,141,72,40,-5001,8366,8469,-10084,-638,-2018,-141,-418,-55,-466
2025-12-01T17:59:33.102862,35,54,178,183,195,134,71,40,-5011,8339,8562,-10024,-648,-2002,-158,-409,-58,-487
2025-12-01T17:59:33.134178,38,59,208,187,168,120,65,39,-5026,8302,8651,-9970,-623,-2008,-190,-334,-87,-509
2025-12-01T17:59:33.140900,38,60,191,186,169,125,64,37,-5051,8255,8729,-9929,-595,-2032,-198,-220,-110,-513
2025-12-01T17:59:33.168073,45,58,182,145,178,148,61,37,-5088,8200,8789,-9902,-580,-2073,-226,-52,-118,-499
2025-12-01T17:59:33.185948,43,57,191,116,170,154,53,31,-5140,8131,8829,-9897,-560,-2074,-200,139,-132,-503
2025-12-01T17:59:33.208482,42,69,197,86,154,155,45,28,-5180,8080,8844,-9904,-663,-2033,-230,213,-108,-385
2025-12-01T17:59:33.223335,43,58,142,101,183,160,50,27,-5236,8015,8848,-9924,-531,-2082,-166,335,-119,-358
2025-12-01T17:59:33.245738,44,60,148,103,187,163,51,27,-5298,7943,8839,-9957,-514,-2058,-156,452,-138,-347
2025-12-01T17:59:33.260932,38,61,142,106,213,147,54,23,-5362,7867,8821,-9999,-473,-2043,-110,509,-153,-314
2025-12-01T17:59:33.283253,32,58,133,122,221,141,58,26,-5432,7789,8792,-10047,-436,-2061,-73,582,-131,-285
2025-12-01T17:59:33.305649,33,72,99,139,245,170,64,28,-5500,7726,8756,-10091,-382,-2021,-28,553,-65,-201
2025-12-01T17:59:33.321399,34,84,134,143,273,188,70,27,-5563,7680,8710,-10131,-344,-2075,-4,525,15,-97
2025-12-01T17:59:33.343381,32,85,167,212,308,197,73,30,-5614,7655,8655,-10169,-357,-2066,47,463,71,25
2025-12-01T17:59:33.366100,31,121,178,266,344,198,70,31,-5642,7661,8590,-10204,-387,-2090,33,388,136,205
2025-12-01T17:59:33.381136,37,129,201,292,342,191,76,32,-5653,7694,8508,-10242,-377,-2069,21,372,208,405
2025-12-01T17:59:33.408485,34,119,314,302,385,161,71,31,-5642,7753,8402,-10291,-439,-1973,81,354,248,608
2025-12-01T17:59:33.425781,31,112,313,310,374,133,59,32,-5649,7810,8284,-10339,-434,-2001,129,429,335,591
2025-12-01T17:59:33.440357,30,111,312,394,361,100,51,29,-5661,7882,8158,-10378,-506,-1922,127,426,432,589
2025-12-01T17:59:33.463134,53,78,386,397,330,86,50,30,-5702,7955,8029,-10401,-585,-1969,106,490,559,436
2025-12-01T17:59:33.485550,53,66,374,391,336,67,33,29,-5748,8027,7907,-10413,-576,-1927,146,428,594,384
2025-12-01T17:59:33.500921,55,58,303,453,270,65,36,32,-5799,8105,7790,-10413,-613,-1893,131,395,646,337
2025-12-01T17:59:33.523420,55,54,292,462,246,60,35,30,-5852,8177,7672,-10415,-704,-1944,148,417,625,284
2025-12-01T17:59:33.545929,57,53,274,392,233,68,38,30,-5902,8242,7571,-10409,-719,-1874,141,347,578,201
2025-12-01T17:59:33.561230,35,39,144,368,203,108,58,33,-5945,8304,7491,-10394,-748,-1841,170,221,535,131
2025-12-01T17:59:33.583423,32,38,149,371,180,119,65,34,-5991,8355,7450,-10355,-657,-1812,253,5,512,-32
2025-12-01T17:59:33.605927,28,37,111,283,177,148,65,32,-6031,8424,7450,-10276,-688,-1801,223,-287,585,-180
2025-12-01T17:59:33.625148,28,38,121,264,166,161,70,32,-6073,8487,7486,-10172,-690,-1905,154,-432,563,-344
2025-12-01T17:59:33.643834,27,36,205,259,158,169,69,32,-6094,8548,7550,-10061,-785,-1994,38,-561,446,-418
2025-12-01T17:59:33.665674,26,45,210,312,162,158,55,26,-6102,8587,7650,-9947,-695,-2038,-46,-656,264,-501
2025-12-01T17:59:33.685898,27,43,209,297,174,152,46,22,-6093,8615,7750,-9850,-678,-2048,-132,-612,127,-433
2025-12-01T17:59:33.703343,30,45,249,309,166,122,44,23,-6083,8637,7827,-9776,-661,-2043,-174,-453,83,-331
2025-12-01T17:59:33.725889,28,44,313,300,170,109,38,22,-6080,8641,7879,-9733,-573,-2104,-161,-242,7,-210
2025-12-01T17:59:33.748743,28,45,263,301,151,95,37,22,-6078,8640,7892,-9724,-516,-1968,-104,-36,-17,-39
2025-12-01T17:59:33.763558,29,33,268,228,119,86,34,22,-6087,8637,7861,-9746,-508,-2021,-72,212,3,132
2025-12-01T17:59:33.785930,29,37,264,222,117,83,43,28,-6092,8642,7801,-9787,-537,-2040,-60,336,24,284
2025-12-01T17:59:33.808387,26,36,228,199,113,83,39,26,-6095,8642,7722,-9847,-568,-2044,-5,433,-4,365
2025-12-01T17:59:33.823386,26,37,177,209,103,86,39,25,-6085,8654,7645,-9903,-599,-1975,40,339,18,412
2025-12-01T17:59:33.845925,25,36,182,149,119,91,41,26,-6065,8681,7574,-9946,-644,-1924,42,225,59,415
2025-12-01T17:59:33.867932,26,35,168,147,117,118,49,27,-6044,8710,7512,-9981,-669,-1912,76,152,75,379
2025-12-01T17:59:33.883587,25,38,172,140,107,124,44,21,-6023,8744,7460,-10002,-745,-1928,44,93,111,304
2025-12-01T17:59:33.905833,24,37,174,159,100,143,51,22,-6004,8772,7426,-10014,-742,-1971,29,34,75,225
2025-12-01T17:59:33.928453,26,45,125,150,133,150,49,22,-5984,8792,7407,-10023,-740,-1936,7,0,29,158
2025-12-01T17:59:33.942989,23,47,127,166,121,145,51,23,-5971,8798,7392,-10037,-739,-1932,31,34,-30,99
2025-12-01T17:59:33.966275,24,48,131,166,122,127,50,22,-5957,8794,7388,-10051,-729,-1931,17,23,-82,48
2025-12-01T17:59:33.988422,22,46,124,189,119,126,49,23,-5944,8787,7393,-10062,-718,-1949,20,-8,-105,20
2025-12-01T17:59:34.003156,23,45,123,181,136,113,46,24,-5934,8771,7399,-10076,-710,-1956,18,28,-140,-8
2025-12-01T17:59:34.025834,23,37,109,166,119,98,48,25,-5926,8750,7408,-10094,-717,-1930,41,35,-164,-41
2025-12-01T17:59:34.048425,26,34,111,167,167,103,51,23,-5919,8724,7424,-10109,-714,-1949,37,19,-188,-74
2025-12-01T17:59:34.063575,27,36,102,171,187,89,45,23,-5914,8693,7443,-10124,-719,-1944,39,21,-204,-111
2025-12-01T17:59:34.086065,28,32,102,146,206,101,44,19,-5912,8659,7467,-10137,-705,-1951,51,17,-214,-144
2025-12-01T17:59:34.108361,27,31,95,129,230,109,50,20,-5914,8622,7493,-10147,-690,-1924,63,11,-205,-173
2025-12-01T17:59:34.123464,28,32,88,122,238,112,53,21,-5921,8581,7523,-10156,-641,-1926,96,2,-203,-202
2025-12-01T17:59:34.145939,26,36,71,89,213,134,48,20,-5907,8548,7556,-10167,-608,-1977,93,-78,-247,-83
2025-12-01T17:59:34.168698,23,30,71,62,208,140,49,22,-5898,8520,7588,-10172,-651,-1936,73,-71,-199,-134
2025-12-01T17:59:34.183567,22,31,68,88,219,146,52,25,-5892,8495,7623,-10171,-643,-1966,59,-91,-172,-146
2025-12-01T17:59:34.205968,20,31,65,95,189,134,49,26,-5887,8470,7654,-10171,-640,-1968,66,-75,-160,-146
2025-12-01T17:59:34.228513,17,29,71,96,177,149,47,26,-5878,8447,7687,-10170,-634,-1978,65,-105,-167,-128
2025-12-01T17:59:34.243120,17,26,85,195,198,136,49,29,-5862,8428,7723,-10167,-638,-1962,45,-135,-172,-114
2025-12-01T17:59:34.265307,20,32,89,200,198,131,49,28,-5846,8409,7761,-10165,-622,-1991,50,-147,-181,-106
2025-12-01T17:59:34.286301,20,37,114,252,174,131,47,27,-5828,8389,7797,-10164,-608,-2014,37,-134,-185,-88
2025-12-01T17:59:34.301599,23,43,124,271,211,139,46,26,-5806,8373,7833,-10162,-574,-2018,14,-146,-188,-48
2025-12-01T17:59:34.325567,23,45,136,285,229,132,47,26,-5788,8356,7858,-10167,-600,-2023,20,-83,-173,-31
2025-12-01T17:59:34.347911,25,52,130,253,219,131,46,25,-5777,8337,7872,-10178,-590,-1985,42,-12,-155,-20
2025-12-01T17:59:34.363882,23,54,133,259,205,134,45,26,-5767,8324,7881,-10187,-593,-2001,51,-15,-117,1
2025-12-01T17:59:34.390197,24,51,118,199,200,128,42,25,-5761,8312,7886,-10196,-605,-1988,70,1,-89,-7
2025-12-01T17:59:34.408120,22,48,114,177,162,127,37,24,-5760,8304,7890,-10201,-606,-1946,70,-3,-49,-27
2025-12-01T17:59:34.423426,23,45,95,160,170,122,38,24,-5763,8299,7897,-10198,-612,-1949,73,-26,-8,-60
2025-12-01T17:59:34.445995,22,36,85,122,206,126,39,28,-5769,8296,7909,-10187,-623,-1967,37,-47,8,-98
2025-12-01T17:59:34.468298,21,27,83,121,227,122,39,28,-5779,8286,7923,-10178,-615,-2011,30,-19,-9,-127
2025-12-01T17:59:34.483495,23,30,72,121,222,118,39,28,-5790,8274,7941,-10168,-630,-2004,32,-31,-19,-157
2025-12-01T17:59:34.505712,22,28,69,108,216,109,40,27,-5801,8256,7964,-10159,-593,-1977,41,-36,-55,-179
2025-12-01T17:59:34.528514,21,26,68,101,185,111,42,27,-5806,8234,7989,-10154,-564,-1950,52,-55,-97,-158
2025-12-01T17:59:34.543434,21,30,98,141,126,126,42,21,-5819,8207,8019,-10144,-611,-1997,15,-25,-92,-247
2025-12-01T17:59:34.566615,21,30,89,128,108,134,42,20,-5835,8174,8054,-10135,-610,-2036,11,-21,-121,-288
2025-12-01T17:59:34.588507,20,23,98,127,113,126,43,21,-5850,8133,8093,-10128,-579,-2026,13,-18,-165,-304
2025-12-01T17:59:34.603357,30,25,94,130,120,130,43,22,-5869,8084,8134,-10123,-548,-2017,44,-9,-185,-339
2025-12-01T17:59:34.625971,34,25,127,129,128,122,35,22,-5891,8030,8176,-10120,-558,-2019,37,20,-200,-370
2025-12-01T17:59:34.648504,32,20,161,75,123,88,31,22,-5913,7973,8215,-10120,-494,-1984,62,29,-214,-342
2025-12-01T17:59:34.679285,33,21,161,73,118,75,31,22,-5935,7919,8256,-10117,-474,-2015,70,10,-200,-342
2025-12-01T17:59:34.686173,34,21,157,83,130,76,31,23,-5951,7871,8290,-10117,-482,-2009,49,27,-186,-294
2025-12-01T17:59:34.708038,27,20,161,78,133,121,37,22,-5972,7818,8322,-10119,-433,-2038,62,56,-199,-294
2025-12-01T17:59:34.730984,22,22,144,103,132,129,40,21,-5994,7762,8352,-10124,-438,-2037,55,86,-206,-300
2025-12-01T17:59:34.745784,23,23,95,140,149,130,40,21,-6015,7703,8383,-10131,-440,-2045,44,102,-228,-314
2025-12-01T17:59:34.768495,24,23,110,147,147,138,40,23,-6029,7645,8413,-10142,-428,-2021,64,95,-252,-279
2025-12-01T17:59:34.790986,22,24,112,195,137,147,42,23,-6050,7583,8445,-10150,-382,-2025,88,89,-241,-309
2025-12-01T17:59:34.806096,20,23,109,226,127,114,39,26,-6065,7528,8473,-10158,-422,-2033,64,91,-234,-286
2025-12-01T17:59:34.828535,22,25,124,223,118,114,34,28,-6080,7469,8501,-10169,-397,-2051,89,98,-248,-285
2025-12-01T17:59:34.851018,23,26,118,212,141,148,36,32,-6095,7408,8532,-10179,-332,-2030,110,85,-257,-272
2025-12-01T17:59:34.870457,24,27,117,248,135,143,37,32,-6113,7344,8562,-10189,-301,-2023,127,86,-254,-280
2025-12-01T17:59:34.896773,24,28,118,219,154,141,34,31,-6131,7286,8593,-10194,-320,-2037,139,60,-223,-292
2025-12-01T17:59:34.910710,27,28,118,196,170,148,33,30,-6150,7232,8626,-10193,-252,-2049,133,37,-199,-275
2025-12-01T17:59:34.925939,27,26,182,209,167,142,36,28,-6177,7176,8653,-10193,-219,-2023,154,68,-165,-280
2025-12-01T17:59:34.948527,31,25,212,202,134,116,35,25,-6198,7135,8672,-10194,-224,-2022,149,55,-122,-204
2025-12-01T17:59:34.978699,30,24,206,153,133,114,37,28,-6211,7107,8687,-10192,-204,-2037,142,28,-81,-128
2025-12-01T17:59:34.985448,29,21,204,139,109,106,37,26,-6216,7090,8698,-10192,-217,-2051,133,7,-63,-56
2025-12-01T17:59:35.008459,28,20,203,127,94,97,36,27,-6228,7071,8706,-10191,-177,-2069,137,37,-45,-65
2025-12-01T17:59:35.030895,26,19,130,97,103,113,35,26,-6242,7054,8701,-10198,-240,-2070,144,100,-21,-52
2025-12-01T17:59:35.046287,18,19,65,89,114,107,35,24,-6251,7043,8696,-10204,-262,-2039,153,72,-16,-40
2025-12-01T17:59:35.069072,19,24,98,113,136,107,36,21,-6259,7032,8691,-10212,-272,-2051,157,76,-25,-29
2025-12-01T17:59:35.090958,18,26,123,164,138,102,34,23,-6262,7022,8686,-10221,-263,-2056,134,77,-32,-9
2025-12-01T17:59:35.105815,18,27,126,168,135,95,32,22,-6265,7013,8678,-10232,-256,-2056,151,88,-35,12
2025-12-01T17:59:35.128517,22,28,128,168,164,72,31,22,-6266,7009,8666,-10244,-260,-2045,156,87,-13,44
2025-12-01T17:59:35.151043,22,28,126,183,173,63,29,23,-6268,7008,8649,-10258,-263,-2039,162,106,4,67
2025-12-01T17:59:35.166505,21,23,133,200,159,65,26,24,-6269,7010,8629,-10273,-265,-2044,164,107,20,88
2025-12-01T17:59:35.188479,21,36,109,173,154,63,29,22,-6267,7018,8610,-10286,-274,-2049,154,92,27,109
2025-12-01T17:59:35.211028,21,38,106,170,156,64,29,22,-6263,7026,8585,-10303,-283,-2047,173,106,30,135
2025-12-01T17:59:35.225666,18,49,117,181,128,95,30,22,-6257,7036,8560,-10320,-296,-2049,162,111,33,146
2025-12-01T17:59:35.248480,18,49,119,192,107,100,30,20,-6250,7048,8533,-10339,-299,-2044,177,112,27,168
2025-12-01T17:59:35.270546,19,65,107,164,103,112,32,18,-6243,7059,8505,-10359,-299,-2036,199,104,34,171
2025-12-01T17:59:35.285798,20,60,114,154,103,115,30,17,-6234,7072,8481,-10374,-286,-2042,196,77,37,177
2025-12-01T17:59:35.308409,22,60,122,178,120,153,39,19,-6222,7090,8455,-10391,-324,-2020,213,65,44,190
2025-12-01T17:59:35.330925,22,54,109,193,115,141,40,22,-6208,7110,8429,-10406,-318,-2009,221,40,54,211
2025-12-01T17:59:35.346014,24,59,116,196,114,144,41,25,-6190,7138,8406,-10417,-325,-2034,205,1,69,234
2025-12-01T17:59:35.369116,23,55,111,197,112,136,38,25,-6165,7171,8383,-10427,-336,-2013,207,-29,71,271
2025-12-01T17:59:35.391065,22,55,139,215,135,140,38,26,-6137,7208,8363,-10434,-340,-2011,211,-66,82,283
2025-12-01T17:59:35.405705,20,55,136,192,114,93,32,24,-6105,7251,8343,-10439,-372,-2008,211,-99,95,297
2025-12-01T17:59:35.428904,22,54,135,181,112,89,28,22,-6066,7300,8328,-10439,-377,-2020,183,-151,93,326
2025-12-01T17:59:35.451016,21,49,129,162,108,83,28,19,-6022,7354,8316,-10437,-398,-2011,171,-186,101,343
2025-12-01T17:59:35.465915,22,38,143,161,108,85,28,19,-5982,7409,8303,-10432,-427,-2015,166,-189,119,317
2025-12-01T17:59:35.488516,22,44,110,145,77,77,26,19,-5935,7467,8289,-10429,-448,-2017,155,-195,109,360
2025-12-01T17:59:35.511005,21,44,104,146,77,80,24,19,-5888,7523,8272,-10429,-461,-2018,141,-173,104,367
2025-12-01T17:59:35.525898,18,43,103,149,81,88,23,19,-5844,7578,8250,-10431,-472,-2027,144,-148,108,376
2025-12-01T17:59:35.548499,19,42,125,167,85,85,21,18,-5796,7636,8227,-10433,-487,-2006,135,-155,113,402
2025-12-01T17:59:35.570870,18,39,103,192,80,85,22,20,-5747,7698,8205,-10432,-517,-1989,120,-178,128,400
2025-12-01T17:59:35.585597,18,30,112,190,79,90,23,20,-5714,7755,8186,-10422,-567,-2014,102,-154,175,286
2025-12-01T17:59:35.608423,20,30,122,203,98,89,22,19,-5678,7812,8168,-10414,-536,-1998,112,-172,162,322
2025-12-01T17:59:35.630979,19,30,125,186,95,77,23,19,-5645,7871,8148,-10403,-580,-1974,83,-160,178,295
2025-12-01T17:59:35.653518,19,29,129,168,100,116,34,21,-5616,7923,8133,-10391,-579,-1988,85,-163,167,262
2025-12-01T17:59:35.668500,19,28,146,128,100,112,35,21,-5591,7973,8120,-10377,-591,-1956,86,-162,171,219
2025-12-01T17:59:35.690999,20,24,183,124,107,109,37,20,-5573,8019,8109,-10359,-608,-1994,64,-150,184,175
2025-12-01T17:59:35.713512,19,22,179,108,105,113,40,23,-5562,8062,8098,-10341,-608,-1971,68,-129,191,143
2025-12-01T17:59:35.728541,20,23,177,119,116,137,43,24,-5553,8102,8091,-10319,-592,-1968,60,-147,196,120
2025-12-01T17:59:35.751042,21,23,172,129,122,110,36,24,-5548,8143,8087,-10293,-636,-1989,36,-147,206,75
2025-12-01T17:59:35.773386,21,27,158,153,137,108,36,25,-5539,8181,8085,-10269,-623,-1996,29,-159,181,88
2025-12-01T17:59:35.792814,22,31,113,162,138,116,35,26,-5533,8210,8080,-10253,-595,-1977,61,-115,143,91
2025-12-01T17:59:35.826706,22,41,115,181,146,127,36,23,-5528,8240,8077,-10234,-622,-1984,16,-115,150,69
2025-12-01T17:59:35.833528,23,48,120,244,161,110,37,25,-5522,8271,8081,-10209,-614,-1969,19,-163,159,47
2025-12-01T17:59:35.848545,23,59,118,286,163,107,40,24,-5514,8306,8086,-10181,-669,-2000,-27,-168,164,35
2025-12-01T17:59:35.870518,23,60,138,302,156,125,44,24,-5511,8333,8095,-10153,-671,-2003,-42,-157,140,-18
2025-12-01T17:59:35.901255,24,59,138,314,163,122,44,22,-5508,8355,8109,-10126,-689,-2003,-59,-155,116,-52
2025-12-01T17:59:35.907942,25,56,157,324,155,112,42,25,-5508,8368,8126,-10102,-669,-1979,-57,-130,73,-87
2025-12-01T17:59:35.931183,25,51,156,316,140,105,38,23,-5523,8362,8139,-10088,-643,-2002,-46,-28,35,-147
2025-12-01T17:59:35.953545,25,40,150,274,135,105,35,22,-5548,8347,8152,-10076,-631,-1978,-44,30,24,-209
2025-12-01T17:59:35.969360,25,36,124,250,147,85,31,22,-5581,8329,8167,-10060,-596,-1982,-10,21,52,-235
2025-12-01T17:59:35.990800,24,43,117,248,149,78,32,24,-5617,8314,8181,-10042,-577,-1988,-2,18,79,-242
2025-12-01T17:59:36.013496,27,66,88,235,283,80,32,23,-5659,8309,8189,-10015,-665,-2005,-33,30,161,-280
2025-12-01T17:59:36.036967,31,92,100,178,329,80,33,28,-5698,8313,8205,-9977,-538,-2034,-44,-52,195,-226
2025-12-01T17:59:36.050619,32,104,143,176,329,76,29,29,-5737,8315,8219,-9941,-520,-2039,-24,-56,194,-218
2025-12-01T17:59:36.073585,32,107,170,167,339,75,26,29,-5770,8322,8232,-9905,-545,-1930,-21,-75,195,-213
2025-12-01T17:59:36.088495,32,111,173,155,349,71,25,28,-5810,8324,8241,-9873,-542,-2000,-35,-19,196,-224
2025-12-01T17:59:36.110816,31,104,177,155,263,56,25,30,-5839,8333,8260,-9833,-544,-1999,-73,-101,184,-218
2025-12-01T17:59:36.133494,28,87,190,189,198,51,24,24,-5863,8339,8281,-9795,-541,-2050,-92,-106,149,-210
2025-12-01T17:59:36.148083,32,78,157,199,197,57,27,27,-5889,8338,8295,-9769,-545,-2058,-101,-26,115,-198
2025-12-01T17:59:36.171703,36,76,139,245,197,56,30,29,-5913,8332,8296,-9758,-523,-2049,-105,65,71,-130
2025-12-01T17:59:36.193676,39,72,147,253,189,68,30,31,-5938,8327,8284,-9758,-444,-2003,-70,131,74,-37
2025-12-01T17:59:36.208547,42,66,143,277,181,74,29,30,-5954,8331,8259,-9765,-464,-2073,-59,140,89,65
2025-12-01T17:59:36.231036,43,58,121,269,188,75,33,32,-5958,8349,8229,-9773,-485,-2071,-87,114,104,158
2025-12-01T17:59:36.253535,41,54,130,280,205,69,33,31,-5984,8374,8173,-9782,-742,-2081,-127,281,234,45
2025-12-01T17:59:36.268560,39,49,121,297,227,77,33,31,-5997,8395,8118,-9803,-537,-2013,-29,232,164,210
2025-12-01T17:59:36.291123,36,39,109,295,253,79,32,28,-6015,8415,8058,-9824,-510,-1999,-19,267,177,216
2025-12-01T17:59:36.313582,33,37,101,278,260,78,36,28,-6033,8439,7998,-9841,-512,-1974,16,230,209,222
2025-12-01T17:59:36.328554,33,49,99,285,275,86,36,27,-6049,8469,7945,-9849,-574,-1990,13,175,232,186
2025-12-01T17:59:36.351099,31,53,102,305,281,124,38,24,-6066,8497,7901,-9850,-593,-1973,23,123,231,120
2025-12-01T17:59:36.372992,32,55,117,288,274,128,40,24,-6074,8529,7877,-9836,-592,-1990,5,-5,224,79
2025-12-01T17:59:36.388445,35,58,120,296,241,122,44,35,-6084,8556,7865,-9816,-594,-1999,-11,-45,201,13
2025-12-01T17:59:36.410942,38,59,124,335,226,126,43,46,-6096,8574,7858,-9798,-615,-1973,-21,-24,160,-44
2025-12-01T17:59:36.433618,40,51,116,318,223,141,55,50,-6105,8588,7856,-9782,-627,-1962,-32,-35,120,-60
2025-12-01T17:59:36.448523,44,51,108,293,206,127,54,51,-6111,8597,7856,-9771,-622,-2000,-32,-25,78,-55
2025-12-01T17:59:36.471042,44,54,92,283,184,124,61,52,-6112,8606,7864,-9756,-616,-2012,-85,-52,52,-63
2025-12-01T17:59:36.493458,46,56,111,268,178,131,62,46,-6120,8607,7868,-9747,-580,-2034,-76,6,32,-65
2025-12-01T17:59:36.508506,42,57,118,216,189,137,66,36,-6129,8603,7865,-9747,-622,-2030,-79,77,7,-66
2025-12-01T17:59:36.531076,39,55,125,225,218,131,55,31,-6148,8586,7854,-9759,-580,-2011,-47,172,-18,-67
2025-12-01T17:59:36.553556,35,66,119,221,214,121,54,30,-6167,8571,7840,-9771,-573,-1971,-34,177,-10,-56
2025-12-01T17:59:36.576770,32,63,116,192,206,127,46,29,-6194,8547,7822,-9789,-557,-2002,-11,247,-24,-71
2025-12-01T17:59:36.591030,31,64,108,264,245,129,50,32,-6223,8521,7801,-9810,-562,-1980,17,259,-27,-72
2025-12-01T17:59:36.613538,33,66,104,274,261,144,65,32,-6222,8492,7761,-9868,-500,-1929,-13,369,-188,179
2025-12-01T17:59:36.635769,36,67,103,282,330,166,80,35,-6244,8456,7744,-9898,-532,-1987,97,248,-110,-51
2025-12-01T17:59:36.655041,37,50,110,293,446,185,96,42,-6253,8436,7748,-9907,-547,-1926,90,54,-71,-88
2025-12-01T17:59:36.673546,42,52,137,332,546,196,101,44,-6263,8420,7768,-9898,-528,-1991,76,-44,-39,-154
2025-12-01T17:59:36.696805,42,54,154,325,558,215,101,42,-6277,8407,7791,-9882,-541,-1997,62,-63,-9,-190
2025-12-01T17:59:36.710771,42,52,161,314,558,221,91,41,-6291,8402,7814,-9859,-545,-1964,44,-92,36,-197
2025-12-01T17:59:36.733536,42,52,166,311,510,233,81,41,-6305,8398,7842,-9831,-525,-2008,70,-140,49,-204
2025-12-01T17:59:36.756822,47,53,164,314,419,231,73,38,-6322,8395,7868,-9802,-524,-2004,52,-124,65,-217
2025-12-01T17:59:36.771741,47,53,145,285,305,227,78,40,-6336,8400,7901,-9762,-519,-2014,25,-190,99,-226
2025-12-01T17:59:36.793470,45,47,113,238,251,206,85,40,-6351,8408,7934,-9719,-503,-2021,-2,-198,119,-229
2025-12-01T17:59:36.816031,47,44,103,235,301,188,87,42,-6366,8421,7962,-9675,-493,-2014,-38,-178,143,-199
2025-12-01T17:59:36.831037,52,48,118,336,298,161,91,47,-6409,8432,7935,-9659,-494,-1871,-286,298,223,-95
2025-12-01T17:59:36.853548,46,49,125,352,305,169,88,45,-6443,8428,7919,-9654,-482,-2063,-22,161,122,-92
2025-12-01T17:59:36.875923,43,54,119,351,325,211,78,42,-6468,8428,7918,-9637,-485,-2036,-26,49,118,-126
2025-12-01T17:59:36.890942,43,56,122,344,331,214,71,44,-6493,8427,7924,-9616,-480,-1982,-5,2,107,-163
2025-12-01T17:59:36.913502,40,59,124,334,293,225,67,43,-6514,8421,7927,-9605,-500,-2033,-20,48,62,-147
2025-12-01T17:59:36.936347,27,53,109,218,298,220,63,34,-6543,8402,7930,-9599,-435,-2015,15,97,26,-167
2025-12-01T17:59:36.959448,27,50,98,162,285,213,58,31,-6570,8380,7938,-9594,-416,-2020,-12,100,-7,-173
2025-12-01T17:59:36.973722,26,47,104,146,241,160,58,32,-6585,8360,7956,-9586,-463,-2085,-12,23,-48,-179
2025-12-01T17:59:36.996800,26,60,109,151,237,160,56,27,-6585,8343,7969,-9590,-490,-2030,-30,31,-101,-115
2025-12-01T17:59:37.011106,26,61,101,197,205,140,57,28,-6584,8320,7981,-9600,-439,-2033,-47,70,-144,-76
2025-12-01T17:59:37.033563,28,66,93,218,177,139,54,31,-6590,8280,7988,-9625,-393,-2028,5,165,-201,-83
2025-12-01T17:59:37.056076,27,69,107,232,202,132,53,31,-6598,8236,7984,-9661,-440,-1960,44,229,-218,-73
2025-12-01T17:59:37.070835,26,76,146,239,184,128,57,31,-6620,8181,7984,-9692,-388,-2007,67,264,-209,-146
2025-12-01T17:59:37.093497,25,69,146,232,182,129,53,33,-6635,8126,7992,-9722,-356,-2028,95,205,-234,-131
2025-12-01T17:59:37.116090,21,79,152,215,191,128,50,31,-6653,8077,7997,-9746,-437,-2003,124,183,-193,-179
2025-12-01T17:59:37.131024,20,77,160,235,192,127,51,28,-6663,8038,8000,-9769,-511,-2004,130,144,-167,-167
2025-12-01T17:59:37.153568,22,75,149,226,154,119,54,30,-6674,8000,8019,-9776,-356,-1985,156,34,-155,-169
2025-12-01T17:59:37.175655,22,67,110,227,189,135,49,28,-6691,7968,8034,-9779,-432,-2032,147,48,-99,-212
2025-12-01T17:59:37.190971,24,72,104,247,195,148,53,27,-6710,7935,8056,-9775,-297,-2023,176,2,-86,-187
2025-12-01T17:59:37.213625,27,76,104,239,188,147,52,29,-6726,7910,8083,-9762,-314,-2023,116,-38,-67,-202
2025-12-01T17:59:37.237108,28,75,88,199,180,142,49,29,-6743,7887,8109,-9747,-345,-2062,112,-37,-47,-223
2025-12-01T17:59:37.250986,27,80,92,188,177,141,44,25,-6752,7874,8134,-9730,-338,-2011,97,-79,-32,-183
2025-12-01T17:59:37.272997,27,89,98,187,146,138,46,24,-6767,7863,8159,-9709,-304,-2046,91,-80,3,-184
2025-12-01T17:59:37.296742,27,83,91,150,121,114,43,24,-6786,7848,8180,-9689,-241,-2094,126,-58,16,-162
2025-12-01T17:59:37.319178,25,90,99,156,111,121,43,21,-6812,7831,8193,-9673,-235,-2051,113,10,31,-166
2025-12-01T17:59:37.333133,25,99,109,151,119,126,45,23,-6833,7818,8199,-9664,-274,-2051,98,33,29,-126
2025-12-01T17:59:37.364858,26,96,110,166,123,122,45,23,-6843,7813,8200,-9661,-282,-2071,88,32,17,-49
2025-12-01T17:59:37.373091,25,90,104,143,110,117,43,25,-6846,7810,8194,-9666,-289,-2041,93,45,-1,19
2025-12-01T17:59:37.393623,24,87,104,143,135,133,38,24,-6844,7811,8185,-9674,-288,-2061,92,48,-7,60
2025-12-01T17:59:37.416780,24,67,86,123,138,134,36,24,-6837,7817,8173,-9684,-341,-2041,79,45,1,75
2025-12-01T17:59:37.431000,24,57,77,120,164,162,52,26,-6833,7820,8161,-9696,-319,-2058,96,56,-6,76
2025-12-01T17:59:37.453568,22,54,77,123,187,170,52,25,-6828,7821,8151,-9707,-331,-2037,100,49,-15,59
2025-12-01T17:59:37.476831,23,57,87,205,188,167,50,22,-6829,7816,8142,-9717,-325,-2059,93,79,-19,27
2025-12-01T17:59:37.499957,22,63,104,209,172,162,51,22,-6830,7811,8137,-9725,-334,-2050,99,55,-31,2
2025-12-01T17:59:37.513609,24,64,106,211,176,153,50,22,-6832,7802,8134,-9733,-336,-2048,105,61,-39,-15
2025-12-01T17:59:37.536457,22,69,98,216,148,121,32,17,-6836,7792,8131,-9740,-330,-2051,109,66,-38,-26
2025-12-01T17:59:37.559287,22,70,104,208,119,108,31,18,-6845,7778,8126,-9749,-309,-2038,133,88,-31,-33
2025-12-01T17:59:37.574128,23,67,100,139,126,115,35,21,-6853,7769,8123,-9753,-320,-2028,134,58,-11,-43
2025-12-01T17:59:37.596072,24,70,85,136,129,104,35,23,-6862,7759,8123,-9755,-310,-2036,132,47,-11,-51
2025-12-01T17:59:37.619270,22,70,89,126,124,106,36,22,-6872,7749,8121,-9757,-303,-2031,156,43,-7,-52
2025-12-01T17:59:37.641516,27,65,90,136,127,98,35,24,-6876,7745,8123,-9757,-324,-2024,145,5,-3,-46
2025-12-01T17:59:37.656109,28,62,79,175,157,104,38,25,-6878,7747,8130,-9747,-310,-2058,119,-51,19,-44
2025-12-01T17:59:37.679261,27,58,64,165,154,93,33,22,-6877,7752,8138,-9738,-304,-2055,132,-71,22,-28
2025-12-01T17:59:37.701857,25,63,60,168,160,111,34,21,-6875,7758,8144,-9729,-309,-2063,114,-57,22,-14
2025-12-01T17:59:37.716136,26,66,60,194,159,129,38,21,-6875,7762,8144,-9726,-308,-2059,105,-15,20,1
2025-12-01T17:59:37.739302,22,61,58,184,169,136,40,20,-6875,7766,8142,-9724,-310,-2046,110,-5,18,5
2025-12-01T17:59:37.753590,21,62,56,152,148,131,39,21,-6875,7768,8139,-9726,-307,-2057,97,19,11,18
2025-12-01T17:59:37.776403,23,68,70,158,150,144,40,21,-6873,7771,8133,-9729,-304,-2061,105,26,6,36
2025-12-01T17:59:37.799591,23,61,85,186,208,133,39,20,-6872,7773,8125,-9736,-305,-2043,115,41,4,48
2025-12-01T17:59:37.813597,23,53,80,172,215,121,37,22,-6871,7773,8114,-9745,-314,-2039,125,52,-2,50
2025-12-01T17:59:37.836076,22,52,79,170,237,141,37,22,-6868,7774,8105,-9754,-323,-2054,112,55,-5,52
2025-12-01T17:59:37.859309,21,60,80,183,249,146,35,21,-6869,7774,8094,-9763,-326,-2050,124,67,-4,43
2025-12-01T17:59:37.873395,17,52,77,178,247,140,37,22,-6869,7773,8084,-9772,-320,-2037,136,56,-1,40
2025-12-01T17:59:37.896046,20,47,70,140,216,137,37,22,-6868,7774,8074,-9779,-331,-2048,144,41,2,37
2025-12-01T17:59:37.919308,18,44,74,126,215,136,35,21,-6868,7774,8066,-9786,-321,-2048,132,45,3,40
2025-12-01T17:59:37.933635,22,46,73,121,192,106,37,21,-6868,7774,8055,-9795,-325,-2040,148,56,4,47
2025-12-01T17:59:37.956070,22,42,72,88,183,100,37,23,-6869,7775,8042,-9804,-319,-2048,144,64,7,58
2025-12-01T17:59:37.979290,22,45,73,105,185,86,32,23,-6867,7778,8030,-9814,-316,-2038,148,55,10,74
2025-12-01T17:59:37.993476,22,45,64,143,166,79,30,23,-6861,7785,8016,-9824,-328,-2041,152,37,13,103
2025-12-01T17:59:38.016126,24,45,64,142,181,69,28,25,-6854,7793,7998,-9837,-331,-2038,159,50,18,126
2025-12-01T17:59:38.039147,22,60,69,153,185,57,21,23,-6845,7805,7977,-9850,-338,-2030,160,45,27,156
2025-12-01T17:59:38.053560,22,62,89,151,186,40,21,21,-6830,7823,7954,-9865,-339,-2031,159,35,36,200
2025-12-01T17:59:38.075672,23,61,111,216,198,36,22,21,-6809,7849,7925,-9883,-328,-2050,144,31,49,282
2025-12-01T17:59:38.100859,22,68,118,196,196,39,21,25,-6774,7888,7890,-9904,-340,-2074,141,-1,63,394
2025-12-01T17:59:38.113195,23,78,126,221,180,40,21,22,-6731,7936,7839,-9935,-353,-2042,165,17,86,508
2025-12-01T17:59:38.136458,22,79,138,224,165,42,25,25,-6675,7999,7781,-9967,-375,-2033,165,-23,114,622
2025-12-01T17:59:38.159269,25,77,144,222,167,53,26,27,-6606,8076,7715,-10003,-416,-2026,170,-54,133,727
2025-12-01T17:59:38.173763,26,105,137,161,144,56,30,28,-6539,8147,7658,-10033,-202,-2057,254,-132,140,799
2025-12-01T17:59:38.196277,34,113,149,163,132,62,31,38,-6457,8235,7598,-10060,-437,-1987,172,-171,149,779
2025-12-01T17:59:38.219367,38,115,164,133,120,90,31,46,-6372,8328,7543,-10078,-591,-1992,126,-210,170,710
2025-12-01T17:59:38.233591,48,113,168,128,114,104,32,47,-6292,8418,7503,-10084,-596,-1973,117,-272,174,625
2025-12-01T17:59:38.256138,54,111,176,133,88,102,34,59,-6215,8503,7475,-10082,-652,-1986,90,-314,160,533
2025-12-01T17:59:38.279337,55,92,171,123,98,126,38,59,-6145,8581,7460,-10069,-678,-1963,76,-351,160,429
2025-12-01T17:59:38.293616,55,88,158,119,123,158,49,61,-6083,8653,7445,-10057,-712,-1931,11,-289,142,370
2025-12-01T17:59:38.316161,53,78,134,107,135,154,55,59,-6033,8704,7428,-10055,-713,-1951,43,-195,89,318
2025-12-01T17:59:38.339664,43,72,141,116,158,153,56,59,-5992,8733,7416,-10063,-715,-1916,44,-124,-5,238
2025-12-01T17:59:38.353145,34,75,122,115,166,155,56,49,-5966,8742,7404,-10080,-746,-1962,36,-7,-66,146
2025-12-01T17:59:38.376462,36,68,137,111,156,149,54,61,-5945,8737,7400,-10100,-753,-1935,39,17,-126,76
2025-12-01T17:59:38.399268,39,64,135,114,147,125,48,53,-5933,8718,7403,-10121,-718,-1916,87,25,-155,-1
2025-12-01T17:59:38.413142,40,63,143,135,149,148,52,54,-5922,8704,7420,-10127,-725,-1934,73,-60,-128,-63
2025-12-01T17:59:38.436088,44,65,138,145,133,151,59,55,-5910,8691,7453,-10120,-708,-1941,43,-139,-125,-119
2025-12-01T17:59:38.459331,44,61,135,144,128,174,69,53,-5905,8671,7489,-10114,-672,-1989,48,-116,-135,-148
2025-12-01T17:59:38.481952,41,57,116,175,132,173,69,41,-5899,8649,7525,-10109,-636,-2009,20,-101,-153,-133
2025-12-01T17:59:38.496120,32,46,122,188,124,164,67,39,-5895,8627,7551,-10112,-611,-1990,48,-52,-149,-85
2025-12-01T17:59:38.519358,29,45,135,185,116,149,63,34,-5893,8610,7564,-10118,-623,-1958,76,-17,-104,-45
2025-12-01T17:59:38.541767,25,40,125,177,105,141,57,30,-5893,8600,7567,-10124,-642,-1932,83,5,-50,-24
2025-12-01T17:59:38.564422,27,38,127,172,91,123,41,28,-5891,8601,7572,-10120,-641,-1945,93,-58,10,-9
2025-12-01T17:59:38.579284,24,37,131,178,89,110,42,27,-5883,8614,7584,-10105,-673,-1954,68,-150,49,-16
2025-12-01T17:59:38.601923,26,30,146,212,99,168,48,27,-5872,8636,7601,-10079,-673,-1980,31,-204,88,-15
2025-12-01T17:59:38.616162,26,29,124,215,109,171,46,26,-5866,8654,7618,-10055,-647,-1958,25,-182,83,-29
2025-12-01T17:59:38.639710,26,26,115,229,161,172,43,23,-5871,8662,7628,-10038,-648,-1967,27,-85,72,-58
2025-12-01T17:59:38.661931,24,26,116,237,172,185,43,24,-5883,8664,7632,-10026,-657,-1953,31,-23,71,-83
2025-12-01T17:59:38.675675,24,30,128,220,176,186,44,27,-5921,8656,7646,-9999,-681,-1939,25,7,123,-272
2025-12-01T17:59:38.699125,23,29,118,195,184,185,40,27,-5946,8651,7664,-9975,-651,-2020,14,-45,82,-206
2025-12-01T17:59:38.721728,23,30,117,184,189,173,42,28,-5972,8643,7683,-9952,-639,-1986,1,-32,71,-221
2025-12-01T17:59:38.736101,22,32,117,160,160,173,43,28,-5999,8634,7704,-9927,-640,-1992,-8,-33,65,-241
2025-12-01T17:59:38.759204,31,35,131,167,189,151,45,39,-6025,8618,7725,-9909,-622,-2026,-15,5,26,-235
2025-12-01T17:59:38.781871,39,34,119,162,212,149,44,57,-6054,8598,7739,-9898,-606,-1990,-7,54,5,-220
2025-12-01T17:59:38.796125,70,59,123,147,256,89,42,82,-6082,8575,7750,-9892,-593,-1991,4,79,-6,-206
2025-12-01T17:59:38.819403,105,84,139,157,271,87,41,146,-6109,8555,7757,-9887,-563,-2048,-3,94,-1,-160
2025-12-01T17:59:38.841864,123,123,161,160,295,80,40,157,-6135,8541,7757,-9883,-546,-2067,7,96,33,-115
2025-12-01T17:59:38.856130,126,140,169,158,310,116,48,158,-6154,8537,7746,-9883,-569,-2030,3,111,55,-36
2025-12-01T17:59:38.879303,126,144,167,179,324,123,46,154,-6175,8534,7722,-9892,-557,-2004,23,177,69,16
2025-12-01T17:59:38.902008,114,139,159,179,308,121,47,144,-6206,8530,7684,-9906,-597,-1991,11,274,106,12
2025-12-01T17:59:38.916142,85,133,150,187,322,129,47,80,-6248,8519,7634,-9927,-604,-1954,54,367,112,-9
2025-12-01T17:59:38.939434,59,110,137,220,367,133,46,60,-6301,8505,7582,-9945,-634,-1912,44,418,145,-72
2025-12-01T17:59:38.961860,49,96,122,261,373,115,65,53,-6364,8480,7543,-9957,-614,-1884,136,371,136,-182
2025-12-01T17:59:38.977175,45,90,149,253,366,130,71,48,-6440,8447,7532,-9944,-593,-1982,117,283,147,-365
2025-12-01T17:59:38.999025,41,88,165,264,356,174,74,42,-6512,8401,7551,-9920,-585,-1924,117,171,58,-514
2025-12-01T17:59:39.021900,37,92,173,261,329,174,74,36,-6590,8343,7606,-9877,-550,-2045,116,50,5,-688
2025-12-01T17:59:39.036176,34,81,174,239,254,185,75,33,-6662,8277,7691,-9818,-503,-2072,89,-81,-62,-805
2025-12-01T17:59:39.064325,32,72,172,211,205,188,63,34,-6734,8201,7789,-9755,-453,-2046,82,-110,-115,-875
2025-12-01T17:59:39.080177,24,72,160,209,215,195,57,30,-6802,8122,7890,-9693,-403,-1995,107,-137,-140,-874
2025-12-01T17:59:39.103974,23,74,159,198,200,160,54,30,-6866,8047,7983,-9635,-388,-2064,76,-105,-132,-826
2025-12-01T17:59:39.118652,22,55,151,184,198,157,54,31,-6916,7980,8056,-9592,-353,-2050,64,-54,-138,-667
2025-12-01T17:59:39.141825,22,49,139,178,195,142,53,30,-6968,7911,8116,-9561,-280,-2072,102,16,-139,-589
2025-12-01T17:59:39.156054,21,49,129,151,183,128,40,26,-7012,7853,8166,-9535,-240,-2039,101,15,-116,-482
2025-12-01T17:59:39.178716,22,47,134,149,141,101,38,28,-7053,7803,8205,-9512,-230,-2062,111,32,-78,-422
2025-12-01T17:59:39.201587,22,43,350,134,162,91,34,28,-7081,7772,8242,-9485,-230,-2032,99,-59,-42,-340
2025-12-01T17:59:39.215293,22,56,359,139,166,100,31,26,-7102,7746,8275,-9461,-210,-2080,80,-47,-40,-278
2025-12-01T17:59:39.240033,23,58,594,131,159,108,33,24,-7121,7724,8302,-9442,-204,-2070,85,-35,-32,-236
2025-12-01T17:59:39.261827,26,54,604,117,163,113,32,23,-7138,7704,8323,-9427,-202,-2068,79,-14,-29,-202
2025-12-01T17:59:39.276435,26,60,617,182,159,127,34,22,-7155,7684,8340,-9415,-205,-2059,96,-7,-27,-190
2025-12-01T17:59:39.299151,25,65,528,193,139,130,33,21,-7169,7667,8359,-9401,-207,-2065,61,-6,-28,-185
2025-12-01T17:59:39.321542,23,55,527,191,140,137,35,21,-7183,7649,8375,-9391,-194,-2085,81,4,-33,-173
2025-12-01T17:59:39.344278,22,56,243,192,134,134,37,20,-7197,7629,8389,-9384,-190,-2064,89,18,-39,-162
2025-12-01T17:59:39.359319,18,59,216,197,128,137,38,20,-7210,7611,8402,-9377,-186,-2062,106,5,-35,-160
2025-12-01T17:59:39.381490,19,53,157,161,152,117,35,20,-7219,7595,8419,-9368,-188,-2056,86,-16,-44,-157
2025-12-01T17:59:39.403756,20,46,174,182,165,113,35,22,-7228,7579,8437,-9358,-169,-2073,76,-19,-47,-149
2025-12-01T17:59:39.418985,22,47,165,220,154,96,36,25,-7239,7561,8453,-9349,-155,-2078,80,-2,-44,-160
2025-12-01T17:59:39.441594,24,46,162,218,195,88,35,25,-7250,7544,8472,-9337,-147,-2049,74,-20,-39,-168
2025-12-01T17:59:39.464393,24,47,160,216,201,77,33,28,-7260,7528,8490,-9327,-144,-2075,89,-25,-42,-153
2025-12-01T17:59:39.494346,23,55,164,193,172,88,35,28,-7268,7513,8505,-9318,-139,-2072,91,-25,-38,-139
2025-12-01T17:59:39.501020,22,55,118,162,154,91,38,33,-7275,7503,8521,-9306,-119,-2062,85,-42,-22,-120
2025-12-01T17:59:39.523968,19,55,109,103,161,86,34,31,-7281,7496,8537,-9293,-118,-2080,81,-57,-13,-113
2025-12-01T17:59:39.539286,19,51,90,109,111,84,30,32,-7287,7487,8549,-9284,-117,-2091,84,-31,-18,-104
2025-12-01T17:59:39.561041,21,86,99,125,104,78,31,29,-7290,7480,8562,-9275,-109,-2076,74,-40,-22,-87
2025-12-01T17:59:39.583336,24,89,100,129,110,63,28,28,-7294,7475,8574,-9266,-106,-2068,79,-46,-13,-80
2025-12-01T17:59:39.598449,24,88,102,134,129,66,26,20,-7298,7468,8589,-9254,-92,-2086,71,-53,-14,-94
2025-12-01T17:59:39.621360,24,88,97,133,120,75,28,22,-7302,7462,8602,-9243,-88,-2078,74,-52,-12,-92
2025-12-01T17:59:39.644722,23,92,115,141,131,114,30,21,-7306,7458,8613,-9233,-102,-2072,66,-44,-6,-83
2025-12-01T17:59:39.659268,21,71,112,135,157,113,31,23,-7310,7454,8625,-9223,-99,-2076,55,-42,-4,-84
2025-12-01T17:59:39.681842,19,64,113,125,176,114,34,23,-7310,7451,8637,-9213,-120,-2097,65,-59,-15,-85
2025-12-01T17:59:39.704405,17,65,111,116,166,109,32,21,-7314,7444,8650,-9203,-100,-2094,58,-42,-18,-98
2025-12-01T17:59:39.719697,23,63,111,130,185,107,32,19,-7321,7434,8662,-9196,-68,-2078,59,-16,-25,-96
2025-12-01T17:59:39.741779,23,56,94,171,203,72,30,19,-7327,7423,8672,-9190,-84,-2090,61,-8,-25,-98
2025-12-01T17:59:39.764376,21,49,103,169,202,76,32,17,-7333,7413,8680,-9185,-61,-2075,55,4,-18,-77
2025-12-01T17:59:39.780311,23,49,99,186,194,75,32,18,-7329,7413,8684,-9185,-79,-2086,72,-30,-24,-3
2025-12-01T17:59:39.801572,22,50,99,188,194,81,33,19,-7330,7411,8687,-9183,-59,-2087,58,-8,-7,-20
2025-12-01T17:59:39.823985,19,56,97,196,190,77,35,18,-7330,7411,8687,-9182,-65,-2087,49,-4,-5,-15
2025-12-01T17:59:39.839414,21,59,101,172,177,73,35,18,-7330,7411,8687,-9183,-68,-2067,64,-4,-3,-8
2025-12-01T17:59:39.861451,23,58,110,169,168,73,32,18,-7330,7411,8687,-9183,-79,-2093,64,-9,-6,-2
2025-12-01T17:59:39.884715,23,58,108,157,161,87,34,20,-7330,7411,8687,-9183,-75,-2079,69,-8,-2,10
2025-12-01T17:59:39.898816,23,57,109,168,157,85,31,21,-7328,7414,8687,-9181,-74,-2081,60,-22,6,8
2025-12-01T17:59:39.921445,22,52,114,152,135,82,28,22,-7328,7414,8687,-9182,-85,-2078,68,-11,6,15
2025-12-01T17:59:39.944408,20,48,114,141,163,87,29,22,-7328,7414,8687,-9182,-66,-2083,50,-10,7,11
2025-12-01T17:59:39.958187,19,36,104,143,149,86,29,22,-7328,7414,8687,-9181,-69,-2088,47,-1,4,15
2025-12-01T17:59:39.982351,18,52,123,161,181,76,26,20,-7328,7414,8687,-9181,-70,-2079,52,13,11,15
2025-12-01T17:59:40.004319,18,53,119,150,181,72,27,21,-7328,7416,8682,-9185,-78,-2084,76,13,8,20
2025-12-01T17:59:40.026988,21,53,116,166,190,68,29,20,-7327,7418,8679,-9187,-74,-2090,64,7,8,19
2025-12-01T17:59:40.041680,23,53,109,163,152,68,28,21,-7325,7420,8676,-9190,-85,-2100,55,12,-3,25
2025-12-01T17:59:40.064394,23,57,99,168,163,67,29,21,-7326,7419,8671,-9195,-81,-2089,60,38,0,13
2025-12-01T17:59:40.078679,24,38,65,157,117,79,30,20,-7330,7416,8663,-9201,-85,-2070,74,51,5,8
2025-12-01T17:59:40.101863,24,37,108,155,114,86,36,23,-7334,7413,8657,-9206,-76,-2071,65,49,5,3
2025-12-01T17:59:40.124382,21,35,107,134,102,87,35,24,-7337,7412,8653,-9209,-84,-2070,79,28,5,-2
2025-12-01T17:59:40.146825,21,35,116,147,107,80,34,24,-7339,7410,8650,-9212,-81,-2084,67,31,1,-2
2025-12-01T17:59:40.161841,21,37,120,139,92,78,32,26,-7341,7408,8647,-9214,-77,-2069,64,27,1,-2
2025-12-01T17:59:40.183826,23,53,119,147,96,67,32,28,-7344,7405,8643,-9217,-81,-2070,66,38,0,-1
2025-12-01T17:59:40.198658,22,52,94,147,98,57,25,24,-7346,7404,8639,-9221,-87,-2073,77,30,5,1
2025-12-01T17:59:40.221879,22,54,126,151,138,61,24,23,-7349,7403,8634,-9224,-74,-2083,80,32,5,9
2025-12-01T17:59:40.244706,22,64,131,126,135,58,25,23,-7350,7403,8629,-9228,-87,-2068,74,32,5,14
2025-12-01T17:59:40.258532,23,60,126,123,129,57,25,21,-7351,7403,8624,-9232,-86,-2084,85,26,4,15
2025-12-01T17:59:40.282282,21,46,131,108,145,58,21,20,-7352,7403,8618,-9237,-87,-2088,77,36,4,20
2025-12-01T17:59:40.304389,21,66,151,112,167,58,24,22,-7353,7401,8610,-9244,-82,-2078,87,46,3,24
2025-12-01T17:59:40.326753,22,66,143,103,145,53,23,21,-7354,7402,8603,-9250,-92,-2079,78,45,4,28
2025-12-01T17:59:40.341585,23,55,156,105,155,53,22,22,-7355,7402,8594,-9257,-88,-2073,96,46,10,31
2025-12-01T17:59:40.364473,22,56,164,135,159,65,24,27,-7357,7401,8585,-9264,-81,-2081,83,57,8,33
2025-12-01T17:59:40.386963,21,56,166,129,144,71,29,26,-7359,7401,8575,-9272,-94,-2079,91,63,6,36
2025-12-01T17:59:40.401225,24,30,154,123,117,72,26,25,-7358,7403,8569,-9277,-94,-2062,92,20,7,34
2025-12-01T17:59:40.422072,23,47,146,153,109,72,27,26,-7356,7406,8563,-9282,-95,-2073,100,21,7,38
2025-12-01T17:59:40.445160,22,46,118,164,100,73,27,26,-7355,7408,8555,-9288,-103,-2075,100,30,4,38
2025-12-01T17:59:40.461413,22,47,107,137,100,64,27,22,-7354,7409,8548,-9295,-97,-2081,104,32,-1,36
2025-12-01T17:59:40.484293,23,48,114,154,120,48,23,24,-7352,7410,8542,-9301,-101,-2072,102,29,0,38
2025-12-01T17:59:40.507079,21,49,102,153,120,46,24,23,-7351,7411,8535,-9307,-100,-2076,113,23,2,36
2025-12-01T17:59:40.529468,22,49,112,123,129,50,26,29,-7350,7413,8528,-9313,-94,-2071,110,28,7,42
2025-12-01T17:59:40.544332,22,50,127,114,126,46,24,28,-7348,7416,8519,-9320,-104,-2068,93,42,2,53
2025-12-01T17:59:40.566818,22,49,139,120,141,44,23,29,-7347,7418,8509,-9329,-95,-2067,105,48,10,66
2025-12-01T17:59:40.582935,21,51,135,93,143,44,22,25,-7344,7424,8494,-9340,-111,-2066,105,61,17,86
2025-12-01T17:59:40.603958,23,51,132,107,145,42,21,25,-7340,7430,8476,-9355,-110,-2069,112,69,17,116
2025-12-01T17:59:40.626564,23,37,132,126,137,34,19,19,-7329,7443,8459,-9368,-121,-2066,105,38,19,150
2025-12-01T17:59:40.641500,23,49,125,125,177,41,19,20,-7316,7461,8437,-9384,-126,-2060,118,29,33,187
2025-12-01T17:59:40.663971,24,51,117,162,194,52,19,18,-7299,7483,8415,-9400,-127,-2063,126,13,33,220
2025-12-01T17:59:40.686847,23,49,115,192,188,56,22,21,-7274,7510,8392,-9418,-140,-2067,119,-4,29,267
2025-12-01T17:59:40.700961,21,63,119,237,247,65,22,22,-7242,7545,8364,-9439,-137,-2087,111,-24,36,345
2025-12-01T17:59:40.724407,24,68,116,241,307,68,24,23,-7200,7590,8327,-9468,-154,-2066,122,-18,41,445
2025-12-01T17:59:40.746504,23,66,153,249,346,73,27,24,-7146,7645,8284,-9502,-177,-2061,113,-46,47,542
2025-12-01T17:59:40.761319,30,128,174,234,383,80,35,29,-7082,7710,8236,-9540,-163,-2086,131,-72,48,654
2025-12-01T17:59:40.784942,34,148,186,223,428,102,39,31,-7001,7788,8183,-9581,-237,-2095,114,-122,49,739
2025-12-01T17:59:40.806867,65,170,203,188,421,140,73,39,-6916,7864,8135,-9622,-113,-2133,155,-165,23,825
2025-12-01T17:59:40.820756,65,181,204,172,383,154,85,43,-6816,7948,8085,-9666,-294,-2139,76,-173,0,833
2025-12-01T17:59:40.844463,69,185,179,154,351,182,88,44,-6703,8041,8042,-9705,-343,-2083,59,-265,-14,858
2025-12-01T17:59:40.866990,67,153,160,137,306,200,89,44,-6582,8134,7999,-9745,-435,-2029,41,-284,-40,852
2025-12-01T17:59:40.880952,68,140,149,114,236,199,89,43,-6459,8224,7960,-9784,-487,-2031,24,-293,-56,829
2025-12-01T17:59:40.904422,48,114,126,73,194,183,68,36,-6344,8301,7921,-9826,-570,-2027,-4,-227,-98,753
2025-12-01T17:59:40.927634,61,117,124,67,193,198,61,35,-6238,8355,7891,-9871,-605,-2025,-43,-156,-177,637
2025-12-01T17:59:40.949675,74,125,141,77,152,180,61,36,-6161,8374,7859,-9929,-611,-1984,0,24,-246,486
2025-12-01T17:59:40.964091,79,123,143,74,119,158,55,35,-6097,8376,7834,-9987,-697,-2105,29,59,-286,354
2025-12-01T17:59:40.986436,78,127,169,76,141,150,54,34,-6030,8352,7803,-10071,-653,-1945,3,218,-445,374
2025-12-01T17:59:41.001168,79,131,182,78,152,140,51,34,-5982,8301,7767,-10169,-646,-1851,15,380,-516,283
2025-12-01T17:59:41.024412,121,123,177,81,147,103,42,36,-5952,8212,7742,-10278,-627,-1894,127,462,-644,131
2025-12-01T17:59:41.046789,116,116,200,97,156,88,38,35,-5937,8097,7736,-10382,-611,-1943,127,487,-727,-42
2025-12-01T17:59:41.060915,116,125,218,106,160,82,39,34,-5930,7969,7742,-10480,-639,-1955,214,453,-751,-165
2025-12-01T17:59:41.084784,129,119,204,113,132,72,38,34,-5929,7841,7774,-10553,-518,-1929,260,294,-713,-259
2025-12-01T17:59:41.106618,133,123,217,115,121,63,39,35,-5932,7712,7819,-10613,-516,-1958,261,236,-703,-341
2025-12-01T17:59:41.120924,91,128,225,111,117,58,39,30,-5945,7585,7871,-10658,-418,-1951,300,181,-629,-384
2025-12-01T17:59:41.144443,84,131,194,108,101,58,36,27,-5970,7470,7914,-10694,-391,-1956,329,188,-514,-382
2025-12-01T17:59:41.166920,81,125,183,105,107,68,37,27,-5986,7385,7959,-10711,-374,-1950,335,50,-384,-314
2025-12-01T17:59:41.181317,76,131,203,99,122,100,39,30,-5995,7327,8003,-10713,-405,-1990,328,-54,-267,-266
2025-12-01T17:59:41.205038,97,118,271,127,118,133,41,33,-6007,7285,8040,-10707,-348,-1985,327,-78,-171,-207
2025-12-01T17:59:41.226791,101,116,289,132,116,133,45,37,-5999,7278,8073,-10691,-378,-1995,278,-187,-65,-70
2025-12-01T17:59:41.249513,105,105,392,119,111,139,47,39,-5971,7300,8098,-10673,-377,-2036,220,-244,-4,112
2025-12-01T17:59:41.264466,105,100,405,114,122,133,45,39,-5921,7353,8105,-10660,-393,-2031,195,-280,77,329
2025-12-01T17:59:41.287547,92,83,391,112,123,112,42,38,-5863,7423,8082,-10660,-419,-1995,202,-198,145,500
2025-12-01T17:59:41.309454,56,85,330,77,118,78,38,35,-5807,7501,8027,-10678,-461,-1983,199,-45,195,617
2025-12-01T17:59:41.324432,47,62,312,72,118,86,32,30,-5755,7583,7950,-10705,-513,-1984,230,47,244,685
2025-12-01T17:59:41.346947,48,64,176,77,136,76,31,30,-5699,7670,7868,-10734,-539,-1952,243,46,257,729
2025-12-01T17:59:41.369311,49,61,140,86,158,81,33,35,-5651,7751,7796,-10754,-529,-1909,258,0,269,653
2025-12-01T17:59:41.384114,50,63,140,94,160,82,35,41,-5618,7836,7738,-10751,-684,-1918,169,-32,337,457
2025-12-01T17:59:41.406550,48,65,142,103,184,72,33,41,-5585,7907,7696,-10747,-657,-1940,232,-103,267,405
2025-12-01T17:59:41.428966,56,68,128,106,183,60,32,42,-5559,7970,7671,-10731,-685,-1920,194,-151,253,280
2025-12-01T17:59:41.443660,51,57,104,104,183,55,33,54,-5538,8024,7662,-10709,-695,-1917,179,-190,225,183
2025-12-01T17:59:41.474158,48,56,78,95,150,61,32,52,-5518,8073,7663,-10682,-725,-1942,145,-218,193,122
2025-12-01T17:59:41.488993,48,56,92,90,143,74,34,47,-5504,8110,7670,-10655,-730,-1947,116,-187,153,50
2025-12-01T17:59:41.503747,48,50,94,95,116,85,35,48,-5494,8140,7682,-10629,-742,-1958,100,-175,119,3
2025-12-01T17:59:41.526821,40,39,96,92,123,122,37,46,-5479,8161,7696,-10611,-736,-1976,87,-160,51,17
2025-12-01T17:59:41.549472,34,39,98,128,106,151,44,28,-5471,8164,7706,-10605,-710,-2004,87,-57,-23,-6
2025-12-01T17:59:41.564730,34,39,132,130,112,158,45,26,-5466,8162,7716,-10602,-685,-1969,94,-42,-31,-20
2025-12-01T17:59:41.587582,31,36,124,137,159,174,44,26,-5468,8153,7720,-10605,-679,-1976,105,33,-49,-30
2025-12-01T17:59:41.609006,30,32,118,128,160,172,42,24,-5479,8134,7716,-10617,-673,-1966,103,120,-71,-49
2025-12-01T17:59:41.623990,26,31,126,127,156,156,42,23,-5491,8107,7705,-10639,-673,-1940,152,177,-106,-44
2025-12-01T17:59:41.646227,26,32,125,88,158,137,40,25,-5503,8078,7696,-10661,-666,-1955,162,173,-114,-48
2025-12-01T17:59:41.668704,31,32,108,85,175,131,40,27,-5503,8060,7694,-10677,-728,-1938,133,96,-115,-40
2025-12-01T17:59:41.683618,32,30,104,73,127,105,38,27,-5503,8037,7699,-10691,-625,-1965,185,47,-123,-26
2025-12-01T17:59:41.714460,30,30,105,144,126,115,42,28,-5499,8022,7702,-10701,-686,-1949,152,37,-105,-23
2025-12-01T17:59:41.729473,34,34,105,145,134,129,42,29,-5492,8005,7708,-10714,-664,-1936,157,25,-127,-9
2025-12-01T17:59:41.751891,35,31,106,150,137,126,34,29,-5485,7990,7713,-10725,-658,-1946,181,15,-109,-5
2025-12-01T17:59:41.767092,31,32,94,160,112,118,36,28,-5482,7974,7717,-10735,-646,-1938,175,28,-100,-9
2025-12-01T17:59:41.789353,31,34,98,177,110,121,37,30,-5477,7960,7719,-10747,-668,-1932,178,35,-100,-9
2025-12-01T17:59:41.803705,31,35,105,134,99,141,37,29,-5473,7947,7720,-10758,-689,-1939,174,37,-90,-19
2025-12-01T17:59:41.826911,28,33,101,177,116,149,39,28,-5470,7935,7723,-10766,-694,-1940,167,32,-84,-29
2025-12-01T17:59:41.849535,26,37,108,191,113,156,40,26,-5471,7923,7728,-10770,-664,-1941,178,14,-64,-43
2025-12-01T17:59:41.863740,25,38,112,193,107,159,36,26,-5475,7910,7733,-10774,-665,-1942,177,26,-58,-59
2025-12-01T17:59:41.886854,23,37,103,177,116,182,38,25,-5477,7897,7740,-10779,-677,-1938,171,24,-73,-61
2025-12-01T17:59:41.909436,25,33,98,177,116,161,37,26,-5475,7886,7747,-10782,-684,-1944,144,20,-78,-53
2025-12-01T17:59:41.923235,33,38,119,154,102,145,33,27,-5480,7869,7754,-10787,-628,-1951,185,29,-75,-61
2025-12-01T17:59:41.946934,43,47,124,180,103,145,35,30,-5485,7849,7761,-10794,-636,-1954,243,21,-83,-70
2025-12-01T17:59:41.969441,44,49,111,171,105,146,42,30,-5489,7834,7768,-10798,-655,-1958,180,26,-74,-69
2025-12-01T17:59:41.984101,45,52,127,199,114,122,42,28,-5490,7815,7778,-10804,-663,-1949,223,1,-98,-81
2025-12-01T17:59:42.006817,43,56,134,212,133,150,42,26,-5495,7798,7786,-10808,-641,-1942,195,26,-72,-79
2025-12-01T17:59:42.029481,39,55,129,202,131,159,42,25,-5501,7779,7795,-10811,-632,-1963,221,15,-78,-92
2025-12-01T17:59:42.043251,29,45,128,181,129,148,45,21,-5512,7758,7805,-10814,-636,-1952,210,33,-74,-124
2025-12-01T17:59:42.066573,28,41,130,192,134,149,42,21,-5523,7734,7816,-10818,-642,-1962,220,36,-86,-134
2025-12-01T17:59:42.089432,25,42,119,168,117,151,39,21,-5535,7708,7824,-10825,-624,-1959,211,70,-104,-125
2025-12-01T17:59:42.111021,26,41,118,151,103,119,39,22,-5560,7653,7837,-10841,-596,-1950,225,86,-105,-117
2025-12-01T17:59:42.130505,23,39,103,144,132,108,45,23,-5573,7626,7843,-10849,-573,-1956,229,76,-92,-109
2025-12-01T17:59:42.148766,22,44,111,144,133,109,41,23,-5581,7601,7851,-10857,-544,-1967,254,47,-103,-74
2025-12-01T17:59:42.179012,22,45,113,129,132,107,42,23,-5587,7582,7858,-10862,-606,-1963,195,58,-86,-89
2025-12-01T17:59:42.198065,23,49,119,156,135,104,44,25,-5602,7559,7860,-10869,-578,-1985,233,96,-69,-102
2025-12-01T17:59:42.208675,23,46,112,158,144,113,45,24,-5605,7540,7864,-10878,-606,-1962,236,50,-93,-66
2025-12-01T17:59:42.231063,22,45,108,158,119,116,43,23,-5618,7518,7868,-10884,-568,-1968,239,82,-73,-102
2025-12-01T17:59:42.250636,26,42,89,135,127,125,45,25,-5620,7501,7874,-10890,-556,-1968,260,26,-80,-48
2025-12-01T17:59:42.268757,27,41,99,159,187,132,43,25,-5632,7481,7879,-10894,-553,-1970,255,55,-59,-92
2025-12-01T17:59:42.291474,28,32,91,134,196,128,42,25,-5640,7465,7887,-10895,-544,-1957,270,14,-51,-83
2025-12-01T17:59:42.310192,29,34,84,133,187,131,41,27,-5638,7452,7899,-10896,-488,-1942,300,-54,-72,-19
2025-12-01T17:59:42.328769,34,37,87,134,180,122,38,29,-5642,7444,7908,-10893,-542,-1971,249,-18,-25,-58
2025-12-01T17:59:42.358724,30,35,89,134,170,119,34,27,-5646,7439,7915,-10890,-552,-1958,253,-15,-11,-49
2025-12-01T17:59:42.370480,32,38,84,99,97,117,35,28,-5651,7435,7918,-10887,-541,-1964,257,-6,1,-35
2025-12-01T17:59:42.389008,33,43,97,82,76,112,35,27,-5655,7433,7919,-10885,-544,-1968,248,9,6,-22
2025-12-01T17:59:42.411200,33,43,102,82,83,108,35,28,-5660,7429,7916,-10887,-548,-1978,269,26,3,-14
2025-12-01T17:59:42.431289,31,42,97,78,96,107,34,27,-5663,7428,7915,-10888,-546,-1962,250,16,7,-7
2025-12-01T17:59:42.448776,41,44,101,83,103,107,33,26,-5663,7428,7915,-10888,-549,-1970,251,-3,10,-7
2025-12-01T17:59:42.475433,38,42,108,96,114,110,34,26,-5664,7428,7915,-10887,-543,-1964,242,-8,1,-9
2025-12-01T17:59:42.490852,35,38,129,170,121,115,32,26,-5664,7428,7915,-10887,-550,-1979,258,11,-4,-12
2025-12-01T17:59:42.512871,36,38,131,170,119,138,31,27,-5668,7423,7913,-10890,-552,-1979,245,37,-12,-17
2025-12-01T17:59:42.531239,31,35,135,170,115,145,31,28,-5674,7416,7910,-10894,-538,-1968,257,52,-17,-20
2025-12-01T17:59:42.550514,18,31,128,172,121,140,31,28,-5680,7409,7906,-10899,-548,-1969,269,53,-12,-19
2025-12-01T17:59:42.568687,20,40,122,168,116,162,28,30,-5686,7402,7902,-10903,-542,-1966,276,45,-7,-20
2025-12-01T17:59:42.591359,23,36,93,123,115,161,29,29,-5691,7399,7899,-10905,-540,-1966,263,29,2,-15
2025-12-01T17:59:42.610427,21,35,89,117,120,147,30,26,-5694,7396,7898,-10906,-538,-1953,272,17,2,-10
2025-12-01T17:59:42.636263,23,37,81,120,110,137,28,23,-5695,7396,7898,-10906,-538,-1959,274,8,8,-6
2025-12-01T17:59:42.651183,25,39,80,119,110,143,29,23,-5695,7398,7896,-10905,-543,-1957,269,-7,17,5
2025-12-01T17:59:42.670514,23,35,97,140,128,110,30,22,-5694,7403,7896,-10903,-543,-1961,258,-16,18,18
2025-12-01T17:59:42.693749,22,38,98,113,139,120,30,22,-5693,7408,7893,-10902,-534,-1952,274,-12,27,23
2025-12-01T17:59:42.711219,24,40,101,129,132,125,31,25,-5693,7413,7890,-10900,-539,-1943,278,-15,35,23
2025-12-01T17:59:42.730445,24,44,109,130,137,128,33,26,-5691,7421,7890,-10896,-544,-1971,271,-38,36,29
2025-12-01T17:59:42.748686,23,48,111,129,139,126,33,26,-5684,7434,7893,-10889,-544,-1977,250,-70,36,43
2025-12-01T17:59:42.770995,26,44,129,155,133,136,36,26,-5672,7451,7897,-10880,-542,-1971,264,-108,50,71
2025-12-01T17:59:42.791590,24,45,134,169,115,132,34,25,-5656,7472,7901,-10871,-531,-1970,243,-120,54,107
2025-12-01T17:59:42.808610,25,43,131,178,117,132,32,21,-5636,7499,7899,-10865,-542,-1985,239,-114,67,155
2025-12-01T17:59:42.838851,25,46,143,199,134,133,31,20,-5611,7531,7892,-10860,-554,-1953,247,-119,79,198
2025-12-01T17:59:42.850454,25,42,158,246,132,128,34,19,-5585,7569,7879,-10857,-601,-1961,219,-97,101,217
2025-12-01T17:59:42.869167,22,45,139,228,127,119,30,19,-5559,7604,7865,-10857,-591,-1964,219,-79,83,233
2025-12-01T17:59:42.892900,23,50,127,222,148,141,38,19,-5532,7637,7850,-10857,-615,-1970,223,-79,78,222
2025-12-01T17:59:42.912984,20,54,131,220,151,141,39,22,-5508,7669,7838,-10856,-632,-1952,216,-81,79,195
2025-12-01T17:59:42.926859,20,61,132,222,148,142,42,25,-5488,7697,7831,-10852,-629,-1930,194,-87,71,153
2025-12-01T17:59:42.951281,21,64,112,178,160,142,39,27,-5494,7711,7826,-10842,-623,-1979,212,-20,102,17
2025-12-01T17:59:42.971120,20,66,102,178,159,137,38,26,-5484,7730,7818,-10839,-659,-1958,194,-32,66,85
2025-12-01T17:59:42.988854,22,65,112,178,159,102,32,26,-5473,7744,7816,-10837,-650,-1965,176,-41,25,74
2025-12-01T17:59:43.011130,21,69,112,166,170,74,30,23,-5465,7748,7810,-10842,-643,-1955,192,13,-10,60
2025-12-01T17:59:43.030773,20,58,95,138,158,57,26,23,-5460,7747,7804,-10849,-651,-1959,207,25,-25,40
2025-12-01T17:59:43.049039,20,64,108,123,135,43,25,20,-5457,7745,7798,-10856,-639,-1962,194,44,-25,35
2025-12-01T17:59:43.071318,22,68,113,110,132,50,26,21,-5458,7737,7789,-10869,-637,-1938,225,77,-43,22
2025-12-01T17:59:43.090492,19,66,115,112,136,116,33,21,-5424,7759,7778,-10878,-1026,-1839,4,34,-71,18
2025-12-01T17:59:43.108505,24,73,114,101,128,144,38,23,-5397,7756,7802,-10876,-589,-1924,254,-189,-111,53
2025-12-01T17:59:43.131209,30,74,115,113,141,157,38,23,-5383,7745,7827,-10872,-664,-1976,213,-130,-112,-59
2025-12-01T17:59:43.150478,31,74,105,109,154,181,43,25,-5366,7728,7856,-10872,-635,-1994,212,-128,-158,-49
2025-12-01T17:59:43.168725,34,77,98,118,154,180,45,25,-5350,7713,7883,-10871,-650,-1968,179,-111,-148,-53
2025-12-01T17:59:43.195432,35,92,87,125,155,165,41,29,-5338,7697,7909,-10869,-623,-1954,201,-108,-133,-64
2025-12-01T17:59:43.213776,36,90,79,128,145,146,41,28,-5333,7681,7933,-10866,-610,-1904,209,-94,-105,-88
2025-12-01T17:59:43.228733,34,92,74,139,130,134,41,27,-5323,7669,7959,-10860,-584,-1975,232,-144,-88,-51
2025-12-01T17:59:43.251480,37,87,74,142,120,100,35,26,-5312,7662,7981,-10854,-599,-1974,217,-131,-78,-33
2025-12-01T17:59:43.273695,36,78,105,144,119,105,36,29,-5299,7659,8006,-10844,-618,-1958,195,-159,-58,-36
2025-12-01T17:59:43.289443,36,59,101,137,87,68,35,28,-5289,7661,8033,-10828,-615,-1962,188,-181,-27,-56
2025-12-01T17:59:43.311274,34,48,111,144,92,68,30,29,-5287,7659,8056,-10813,-588,-1998,164,-133,-13,-64
2025-12-01T17:59:43.333479,33,53,125,180,121,70,34,30,-5284,7665,8074,-10797,-598,-1983,138,-119,20,-34
2025-12-01T17:59:43.348413,29,56,142,241,164,79,39,29,-5277,7675,8089,-10782,-595,-1949,183,-148,35,-5
2025-12-01T17:59:43.371404,28,58,146,258,177,74,37,26,-5272,7687,8099,-10768,-586,-1970,190,-132,56,15
2025-12-01T17:59:43.393837,30,60,161,287,178,80,39,26,-5263,7708,8109,-10751,-596,-1969,180,-167,89,46
2025-12-01T17:59:43.408898,34,72,166,304,203,77,42,28,-5247,7736,8125,-10726,-586,-1952,181,-252,103,67
2025-12-01T17:59:43.432058,34,65,165,280,190,77,42,26,-5223,7780,8146,-10689,-605,-1959,139,-336,159,97
2025-12-01T17:59:43.453896,35,73,153,300,171,95,39,27,-5196,7835,8174,-10641,-614,-1970,131,-425,209,99
2025-12-01T17:59:43.473176,36,77,147,293,188,120,42,27,-5165,7902,8210,-10579,-630,-1965,89,-523,265,99
2025-12-01T17:59:43.491074,33,75,141,277,197,129,45,25,-5141,7966,8244,-10516,-628,-1989,73,-490,279,73
2025-12-01T17:59:43.513441,27,69,134,269,188,137,47,22,-5134,8024,8273,-10452,-637,-1987,46,-419,316,-2
2025-12-01T17:59:43.533840,27,68,138,275,193,143,45,24,-5124,8082,8302,-10389,-618,-1969,24,-422,304,24
2025-12-01T17:59:43.558746,25,65,156,207,183,130,44,21,-5120,8145,8331,-10319,-590,-1974,-4,-437,356,13
2025-12-01T17:59:43.573671,22,56,163,196,159,110,41,22,-5112,8211,8359,-10248,-604,-1980,-41,-441,360,34
2025-12-01T17:59:43.593407,24,56,194,186,154,95,34,24,-5105,8277,8379,-10181,-645,-2001,-98,-386,360,42
2025-12-01T17:59:43.611487,28,50,192,177,161,87,41,24,-5100,8337,8390,-10126,-637,-1995,-80,-315,331,71
2025-12-01T17:59:43.633714,27,47,182,167,161,94,45,25,-5095,8397,8395,-10074,-660,-1979,-118,-278,328,79
2025-12-01T17:59:43.653882,26,60,164,162,174,94,47,25,-5087,8455,8401,-10024,-669,-1972,-132,-285,306,77
2025-12-01T17:59:43.671312,26,60,146,166,178,90,47,23,-5084,8502,8405,-9982,-679,-2003,-155,-215,269,54
2025-12-01T17:59:43.693798,25,59,96,158,173,92,48,24,-5083,8545,8401,-9949,-694,-1988,-167,-152,241,66
2025-12-01T17:59:43.713352,24,58,93,188,172,91,40,25,-5085,8579,8395,-9925,-673,-1985,-170,-95,202,61
2025-12-01T17:59:43.731017,26,58,105,226,180,84,36,26,-5085,8608,8387,-9906,-686,-1987,-191,-62,162,65
2025-12-01T17:59:43.753816,27,39,106,218,165,82,33,26,-5091,8628,8372,-9898,-680,-1980,-165,15,133,57
2025-12-01T17:59:43.772808,26,45,99,209,157,80,34,28,-5100,8641,8355,-9897,-688,-1987,-190,73,96,48
2025-12-01T17:59:43.791295,26,43,94,209,163,77,33,25,-5107,8649,8339,-9900,-687,-1951,-148,60,67,38
2025-12-01T17:59:43.813790,22,42,94,203,141,80,30,26,-5116,8657,8326,-9899,-698,-1956,-151,52,80,13
2025-12-01T17:59:43.832721,31,42,84,159,140,65,29,29,-5126,8661,8318,-9898,-700,-1975,-166,51,59,-15
2025-12-01T17:59:43.851316,35,40,93,172,146,98,40,39,-5138,8656,8311,-9901,-686,-1974,-155,76,25,-40
2025-12-01T17:59:43.878080,37,35,100,181,189,105,41,42,-5151,8651,8309,-9901,-662,-1963,-135,47,24,-50
2025-12-01T17:59:43.893013,37,38,101,179,194,105,43,43,-5161,8649,8309,-9897,-668,-1975,-140,18,35,-49
2025-12-01T17:59:43.911344,37,37,108,168,210,112,46,45,-5165,8650,8313,-9890,-664,-1964,-151,-25,27,-38
2025-12-01T17:59:43.933511,30,40,104,157,218,145,48,43,-5168,8651,8318,-9885,-668,-1982,-153,-26,18,-33
2025-12-01T17:59:43.952984,25,34,96,151,246,142,41,35,-5167,8654,8325,-9876,-661,-1971,-133,-67,26,-25
2025-12-01T17:59:43.971348,22,35,87,133,215,138,37,29,-5162,8660,8334,-9866,-645,-1978,-142,-97,21,-8
2025-12-01T17:59:44.000316,22,34,86,160,209,147,36,28,-5157,8667,8341,-9856,-645,-1975,-156,-81,28,11
2025-12-01T17:59:44.013039,23,37,71,182,192,146,37,26,-5152,8677,8341,-9850,-658,-1951,-125,-72,40,30
2025-12-01T17:59:44.031345,25,34,69,195,181,130,36,25,-5143,8690,8344,-9841,-658,-1962,-157,-94,46,43
2025-12-01T17:59:44.054035,27,34,79,189,154,119,36,24,-5139,8708,8348,-9823,-678,-1987,-175,-110,91,19
2025-12-01T17:59:44.073083,27,32,77,194,157,123,39,24,-5131,8726,8356,-9805,-670,-1988,-187,-131,75,21
2025-12-01T17:59:44.091206,28,31,80,174,151,114,38,24,-5124,8742,8362,-9790,-664,-1987,-197,-111,69,27
2025-12-01T17:59:44.113818,27,30,82,167,152,103,34,22,-5117,8766,8362,-9772,-646,-1962,-246,-86,106,72
2025-12-01T17:59:44.136024,25,29,91,172,155,80,30,22,-5115,8781,8357,-9763,-647,-1992,-200,-45,77,64
2025-12-01T17:59:44.151339,31,28,85,185,131,71,31,39,-5114,8791,8348,-9762,-660,-1984,-193,7,49,65
2025-12-01T17:59:44.178009,31,29,83,205,123,63,27,41,-5114,8805,8334,-9762,-667,-1958,-196,17,71,82
2025-12-01T17:59:44.196347,34,30,81,225,121,86,33,43,-5117,8819,8319,-9761,-671,-1961,-186,24,87,80
2025-12-01T17:59:44.211299,36,29,79,213,124,87,34,46,-5114,8832,8303,-9764,-649,-1917,-160,13,59,101
2025-12-01T17:59:44.233790,39,34,63,205,142,91,36,48,-5112,8850,8290,-9760,-709,-1985,-214,2,83,85
2025-12-01T17:59:44.256513,34,33,54,198,154,93,34,44,-5117,8865,8267,-9763,-819,-1983,-243,96,97,33
2025-12-01T17:59:44.271229,35,36,67,189,166,106,36,46,-5117,8878,8250,-9766,-707,-1963,-178,30,68,87
2025-12-01T17:59:44.293733,31,34,69,161,178,131,32,44,-5118,8891,8236,-9765,-704,-1955,-187,18,78,70
2025-12-01T17:59:44.316319,28,34,70,133,177,133,32,45,-5117,8905,8225,-9762,-721,-1960,-201,-1,70,61
2025-12-01T17:59:44.331753,30,35,77,128,166,135,35,50,-5118,8913,8214,-9764,-711,-1980,-201,33,39,51
2025-12-01T17:59:44.353845,32,42,94,144,167,131,40,48,-5121,8918,8201,-9768,-710,-1946,-188,54,38,47
2025-12-01T17:59:44.376340,35,39,90,126,170,120,40,46,-5127,8924,8188,-9771,-709,-1952,-191,58,51,36
2025-12-01T17:59:44.396018,38,43,87,130,177,80,40,52,-5133,8931,8176,-9772,-724,-1945,-175,36,64,27
2025-12-01T17:59:44.413810,38,43,90,129,186,78,38,51,-5139,8939,8166,-9769,-720,-1950,-197,33,66,17
2025-12-01T17:59:44.436366,40,37,81,125,190,67,33,51,-5157,8936,8153,-9773,-649,-1997,-72,51,68,14
2025-12-01T17:59:44.451379,41,31,69,97,199,98,31,48,-5170,8942,8143,-9768,-717,-2021,-231,68,86,-1
2025-12-01T17:59:44.473777,47,36,72,101,196,109,33,52,-5173,8950,8136,-9766,-716,-1959,-206,17,49,27
2025-12-01T17:59:44.496346,50,35,84,119,180,104,32,48,-5177,8956,8127,-9766,-718,-1978,-199,38,48,28
2025-12-01T17:59:44.511319,53,36,104,127,178,103,33,48,-5182,8960,8115,-9770,-716,-1968,-203,66,29,35
2025-12-01T17:59:44.533811,61,55,115,141,157,106,34,43,-5187,8961,8102,-9777,-715,-1973,-178,78,20,39
2025-12-01T17:59:44.556396,59,56,116,162,146,81,31,48,-5192,8966,8086,-9783,-716,-1948,-158,60,46,48
2025-12-01T17:59:44.571328,53,57,118,159,140,70,28,46,-5199,8974,8069,-9786,-720,-1941,-143,55,73,50
2025-12-01T17:59:44.593919,61,62,125,156,180,84,28,53,-5207,8984,8055,-9783,-701,-1944,-151,30,95,46
2025-12-01T17:59:44.616210,62,63,118,162,198,88,31,66,-5204,9008,8048,-9769,-726,-1945,-168,-75,126,68
2025-12-01T17:59:44.631342,72,63,116,151,199,94,39,70,-5193,9044,8042,-9747,-836,-1953,-277,-92,156,58
2025-12-01T17:59:44.653796,89,77,143,145,211,103,45,71,-5178,9063,8039,-9738,-730,-1961,-209,-89,56,93
2025-12-01T17:59:44.676214,95,94,144,164,225,102,44,68,-5163,9073,8036,-9740,-742,-1984,-235,-30,-16,92
2025-12-01T17:59:44.690853,92,103,145,158,206,90,44,88,-5147,9072,8023,-9761,-781,-1984,-244,71,-96,110
2025-12-01T17:59:44.712255,92,114,198,170,209,92,42,81,-5131,9059,8008,-9793,-786,-1930,-215,130,-162,97
2025-12-01T17:59:44.735794,78,118,220,172,245,92,37,78,-5116,9043,7995,-9826,-786,-1934,-206,130,-180,79
2025-12-01T17:59:44.750940,60,134,268,195,241,87,32,75,-5100,9023,7988,-9859,-762,-1948,-186,101,-206,75
2025-12-01T17:59:44.773723,51,125,285,260,243,96,37,79,-5073,9006,7987,-9889,-771,-1954,-179,39,-220,97
2025-12-01T17:59:44.796259,52,121,306,345,276,113,41,54,-5027,8993,7994,-9919,-731,-1927,-165,-62,-275,162
2025-12-01T17:59:44.810970,54,132,312,412,262,114,43,51,-4968,8976,8001,-9958,-765,-1998,-220,-43,-367,216
2025-12-01T17:59:44.838206,62,134,306,455,227,110,41,50,-4916,8946,7989,-10021,-802,-1964,-172,115,-418,234
2025-12-01T17:59:44.856417,64,118,271,463,225,103,42,60,-4876,8899,7965,-10101,-758,-1853,-69,226,-466,219
2025-12-01T17:59:44.871053,66,128,272,438,253,94,40,56,-4843,8858,7938,-10173,-810,-1861,-84,246,-395,188
2025-12-01T17:59:44.898041,65,151,265,475,216,78,34,51,-4813,8818,7923,-10234,-831,-1893,-68,178,-377,122
2025-12-01T17:59:44.916358,64,154,237,460,349,108,38,53,-4784,8784,7922,-10277,-875,-1878,-88,86,-322,46
2025-12-01T17:59:44.931359,71,156,310,465,429,108,38,54,-4759,8744,7940,-10309,-826,-1934,-44,-3,-323,-24
2025-12-01T17:59:44.953491,86,224,376,510,427,114,43,42,-4730,8721,7949,-10335,-793,-1843,-87,-8,-256,48
2025-12-01T17:59:44.984576,91,219,380,535,408,115,43,42,-4713,8685,7970,-10357,-825,-1885,-36,-26,-264,-75
2025-12-01T17:59:44.992438,106,212,385,493,428,114,47,43,-4720,8644,7986,-10377,-778,-1905,4,49,-199,-143
2025-12-01T17:59:45.013832,140,207,393,492,354,90,42,44,-4737,8604,8002,-10389,-789,-1897,-6,61,-145,-198
2025-12-01T17:59:45.041446,148,220,340,528,267,90,43,45,-4754,8559,8026,-10401,-704,-1866,61,14,-165,-205
2025-12-01T17:59:45.051359,160,158,269,511,271,107,36,46,-4776,8535,8054,-10388,-751,-1961,-61,-30,-34,-225
2025-12-01T17:59:45.073784,165,195,262,514,315,107,36,48,-4797,8516,8081,-10374,-748,-1973,-96,-24,-24,-210
2025-12-01T17:59:45.096194,177,198,249,498,311,103,31,49,-4818,8489,8097,-10373,-742,-1965,-101,70,-74,-181
2025-12-01T17:59:45.118828,163,199,234,468,303,98,32,47,-4843,8457,8098,-10387,-764,-1951,-82,180,-92,-159
2025-12-01T17:59:45.133809,151,187,238,479,312,97,34,45,-4870,8423,8092,-10406,-727,-1934,-33,207,-89,-135
2025-12-01T17:59:45.155821,139,191,226,475,313,75,35,51,-4892,8392,8088,-10423,-751,-1945,-47,183,-96,-128
2025-12-01T17:59:45.178886,148,177,226,461,264,76,33,53,-4918,8357,8085,-10443,-735,-2004,-7,196,-103,-134
2025-12-01T17:59:45.194091,128,174,247,535,244,73,34,53,-4931,8321,8080,-10469,-667,-1905,24,171,-155,-65
2025-12-01T17:59:45.216282,122,170,232,548,218,75,34,51,-4950,8282,8074,-10495,-702,-1966,33,199,-143,-95
2025-12-01T17:59:45.238962,174,166,245,490,194,70,31,59,-4955,8251,8063,-10526,-722,-1885,16,189,-169,-33
2025-12-01T17:59:45.265104,175,172,265,475,176,67,30,51,-4955,8219,8059,-10554,-723,-1930,35,143,-184,-30
2025-12-01T17:59:45.284508,167,178,275,533,162,63,30,50,-4963,8188,8056,-10577,-711,-1951,69,129,-147,-61
2025-12-01T17:59:45.298911,177,176,247,446,142,68,30,50,-4976,8158,8055,-10594,-698,-1940,45,137,-119,-90
2025-12-01T17:59:45.320974,198,177,247,435,121,63,28,53,-4978,8135,8054,-10612,-751,-1877,79,83,-119,-71
2025-12-01T17:59:45.336106,169,174,218,408,120,66,27,46,-4985,8111,8064,-10619,-697,-1965,43,46,-106,-97
2025-12-01T17:59:45.358786,163,154,191,424,143,67,28,46,-4992,8088,8073,-10627,-699,-1979,54,46,-103,-91
2025-12-01T17:59:45.373763,164,116,151,326,145,65,27,41,-5010,8054,8077,-10641,-672,-1979,76,127,-119,-125
2025-12-01T17:59:45.396430,153,124,144,330,153,81,29,40,-5025,8021,8079,-10658,-673,-1940,98,124,-122,-118
2025-12-01T17:59:45.418848,124,114,141,430,157,82,32,38,-5039,7992,8084,-10668,-641,-1941,82,94,-102,-106
2025-12-01T17:59:45.433484,165,139,138,480,153,80,35,39,-5046,7977,8089,-10673,-639,-1971,127,11,-47,-44
2025-12-01T17:59:45.455839,169,177,154,493,146,79,36,45,-5057,7967,8095,-10671,-627,-2011,98,13,-8,-51
2025-12-01T17:59:45.479521,179,184,162,495,146,90,40,45,-5066,7964,8100,-10665,-637,-1982,83,-8,21,-40
2025-12-01T17:59:45.493798,205,180,221,545,134,74,39,46,-5063,7967,8105,-10660,-654,-1982,65,-36,7,12
2025-12-01T17:59:45.516202,208,182,266,534,141,74,38,52,-5058,7970,8103,-10662,-673,-1975,45,10,-13,45
2025-12-01T17:59:45.539029,199,183,280,505,135,81,39,50,-5052,7964,8091,-10678,-671,-1940,92,73,-57,68
2025-12-01T17:59:45.561216,265,184,282,464,121,79,36,50,-5048,7956,8069,-10703,-671,-1915,122,137,-64,94
2025-12-01T17:59:45.580505,270,186,286,480,130,73,36,52,-5044,7952,8046,-10725,-700,-1940,133,120,-41,94
2025-12-01T17:59:45.598786,254,184,244,439,152,90,41,52,-5033,7956,8036,-10734,-682,-1933,113,18,-21,99
2025-12-01T17:59:45.613868,250,183,199,349,144,88,46,61,-5017,7957,8034,-10742,-692,-1998,76,-4,-62,93
2025-12-01T17:59:45.640662,232,166,182,322,150,81,46,63,-4997,7949,8032,-10759,-724,-1951,78,23,-131,75
2025-12-01T17:59:45.659131,152,148,153,363,155,83,45,61,-4945,7961,8012,-10790,-1044,-1890,72,13,-166,152
2025-12-01T17:59:45.673685,142,143,132,354,151,82,43,61,-4932,7947,8002,-10814,-696,-1913,61,113,-144,81
2025-12-01T17:59:45.696073,155,131,151,319,136,64,40,59,-4918,7927,7988,-10845,-713,-1934,125,125,-171,90
2025-12-01T17:59:45.727031,161,146,190,316,134,70,33,47,-4901,7906,7980,-10874,-715,-1940,138,90,-186,81
2025-12-01T17:59:45.733664,166,143,189,418,147,78,33,43,-4876,7892,7977,-10897,-715,-1886,97,46,-180,96
2025-12-01T17:59:45.756266,188,119,194,414,140,78,34,44,-4853,7876,7975,-10920,-681,-1915,140,28,-183,108
2025-12-01T17:59:45.778883,183,124,204,415,151,129,52,43,-4843,7852,7965,-10949,-695,-1951,162,120,-169,69
2025-12-01T17:59:45.809279,163,141,196,407,141,149,58,42,-4828,7840,7953,-10973,-736,-1909,194,62,-126,88
2025-12-01T17:59:45.820516,163,141,155,422,135,150,62,54,-4820,7832,7947,-10987,-688,-1922,181,33,-70,75
2025-12-01T17:59:45.838910,153,159,166,320,186,153,66,57,-4805,7833,7942,-10996,-702,-1917,196,-22,-44,103
2025-12-01T17:59:45.853823,126,165,177,276,223,177,69,62,-4785,7842,7940,-11000,-711,-1926,130,-42,-29,127
2025-12-01T17:59:45.881838,135,159,170,234,213,153,64,68,-4764,7851,7930,-11010,-684,-1924,128,6,-37,178
2025-12-01T17:59:45.898936,139,150,168,239,216,138,57,71,-4741,7866,7907,-11025,-730,-1908,164,30,-5,228
2025-12-01T17:59:45.925448,130,142,178,196,236,143,57,63,-4717,7887,7884,-11038,-737,-1928,169,16,21,247
2025-12-01T17:59:45.935721,125,125,174,197,210,154,58,64,-4689,7913,7861,-11047,-754,-1933,180,-23,43,270
2025-12-01T17:59:45.958375,118,112,148,179,261,131,56,69,-4649,7946,7848,-11049,-776,-1925,118,-88,28,290
2025-12-01T17:59:45.973058,101,110,152,173,280,124,49,64,-4607,7979,7833,-11054,-763,-1914,130,-94,16,319
2025-12-01T17:59:45.996526,98,114,182,167,310,126,47,68,-4562,8013,7813,-11062,-812,-1909,108,-63,10,330
2025-12-01T17:59:46.018557,97,103,162,162,343,121,42,74,-4522,8039,7786,-11079,-854,-1900,80,29,-24,311
2025-12-01T17:59:46.040864,102,96,180,160,340,100,43,78,-4484,8049,7758,-11107,-861,-1874,127,63,-102,278
2025-12-01T17:59:46.056059,100,108,193,146,313,91,44,69,-4445,8054,7741,-11131,-880,-1862,134,20,-127,226
2025-12-01T17:59:46.078765,91,102,190,158,322,101,51,69,-4416,8048,7727,-11156,-882,-1867,139,53,-150,159
2025-12-01T17:59:46.101417,93,102,171,155,303,107,55,85,-4387,8030,7717,-11187,-870,-1798,198,40,-209,114
2025-12-01T17:59:46.120144,98,103,192,174,254,113,55,82,-4364,8013,7717,-11209,-892,-1874,139,33,-192,65
2025-12-01T17:59:46.138922,103,115,171,190,255,109,52,85,-4335,7986,7721,-11236,-895,-1837,164,15,-258,46
2025-12-01T17:59:46.161415,122,121,172,227,218,110,50,85,-4319,7953,7726,-11262,-867,-1849,185,47,-247,-8
2025-12-01T17:59:46.176235,129,124,167,225,207,127,45,88,-4305,7914,7735,-11289,-829,-1877,222,39,-265,-13
2025-12-01T17:59:46.198626,125,113,147,236,194,130,40,69,-4290,7877,7746,-11312,-898,-1831,193,23,-260,-65
2025-12-01T17:59:46.221345,125,124,144,216,197,119,41,69,-4282,7841,7766,-11327,-851,-1850,199,-12,-228,-96
2025-12-01T17:59:46.236383,119,137,177,206,179,120,39,57,-4279,7803,7789,-11338,-832,-1871,225,-30,-212,-127
2025-12-01T17:59:46.258952,97,126,165,183,184,119,39,59,-4283,7770,7812,-11344,-808,-1858,206,-18,-166,-145
2025-12-01T17:59:46.281355,98,132,186,235,191,83,38,52,-4292,7740,7831,-11349,-802,-1875,203,4,-128,-141
2025-12-01T17:59:46.296299,98,143,199,325,198,58,39,49,-4303,7711,7842,-11356,-792,-1887,198,49,-121,-121
2025-12-01T17:59:46.318911,94,131,191,338,194,64,36,42,-4310,7687,7853,-11362,-792,-1899,190,34,-103,-95
2025-12-01T17:59:46.341453,91,100,158,340,221,66,34,41,-4315,7663,7861,-11371,-742,-1889,264,17,-99,-52
2025-12-01T17:59:46.356018,84,99,162,339,213,61,34,39,-4323,7649,7864,-11375,-759,-1883,224,35,-44,-43
2025-12-01T17:59:46.378755,82,91,144,297,187,61,30,37,-4331,7641,7864,-11378,-786,-1889,231,30,-13,-30
2025-12-01T17:59:46.400865,82,79,141,189,189,61,30,38,-4337,7635,7863,-11380,-796,-1880,217,34,-12,-31
2025-12-01T17:59:46.416262,78,102,151,180,190,52,31,37,-4345,7627,7861,-11383,-801,-1877,215,48,-15,-39
2025-12-01T17:59:46.439024,70,101,142,175,166,55,33,38,-4355,7617,7859,-11388,-799,-1884,227,61,-16,-50
2025-12-01T17:59:46.469517,97,102,142,160,182,62,33,34,-4368,7607,7854,-11394,-795,-1863,250,68,-9,-56
2025-12-01T17:59:46.476162,94,104,156,179,194,61,33,37,-4382,7600,7851,-11394,-806,-1881,230,56,13,-65
2025-12-01T17:59:46.499213,95,96,141,174,185,57,31,34,-4399,7591,7848,-11397,-787,-1871,242,71,9,-78
2025-12-01T17:59:46.521189,95,87,116,171,201,66,40,35,-4415,7582,7848,-11395,-786,-1893,227,51,14,-87
2025-12-01T17:59:46.543798,120,106,131,175,206,67,41,39,-4431,7576,7851,-11391,-783,-1888,238,27,25,-91
2025-12-01T17:59:46.558799,112,103,123,187,200,73,42,44,-4449,7570,7854,-11386,-784,-1898,232,31,34,-95
2025-12-01T17:59:46.581269,107,99,99,198,180,74,42,44,-4465,7564,7857,-11382,-785,-1887,242,21,30,-93
2025-12-01T17:59:46.596351,105,98,102,250,244,78,43,46,-4480,7559,7864,-11375,-774,-1886,225,4,24,-99
2025-12-01T17:59:46.618827,108,84,110,265,256,74,39,46,-4497,7547,7868,-11374,-765,-1899,236,43,-5,-104
2025-12-01T17:59:46.640853,83,57,99,261,258,72,38,41,-4513,7533,7871,-11374,-771,-1881,231,53,-19,-116
2025-12-01T17:59:46.656286,66,54,101,246,253,60,36,32,-4531,7515,7877,-11375,-752,-1903,247,52,-27,-124
2025-12-01T17:59:46.678830,81,52,90,222,253,83,37,32,-4548,7498,7882,-11376,-754,-1895,261,44,-29,-121
2025-12-01T17:59:46.708921,87,61,139,177,193,91,40,28,-4555,7475,7894,-11380,-633,-1870,353,-41,-70,-62
2025-12-01T17:59:46.715635,83,74,141,159,167,89,35,28,-4568,7459,7901,-11380,-734,-1901,263,22,-38,-104
2025-12-01T17:59:46.747052,88,77,154,189,145,85,35,30,-4582,7445,7909,-11379,-726,-1895,264,15,-22,-103
2025-12-01T17:59:46.760975,92,78,153,194,146,88,35,31,-4592,7433,7918,-11376,-727,-1909,245,5,-26,-93
2025-12-01T17:59:46.776307,83,76,159,194,146,68,36,31,-4601,7421,7923,-11377,-735,-1901,265,16,-30,-81
2025-12-01T17:59:46.802669,73,69,138,184,166,69,35,31,-4612,7407,7927,-11378,-731,-1904,261,27,-31,-87
2025-12-01T17:59:46.821407,80,68,133,210,153,82,34,31,-4624,7394,7931,-11379,-711,-1908,254,44,-28,-83
2025-12-01T17:59:46.836390,85,71,115,224,213,89,37,34,-4635,7383,7935,-11379,-722,-1917,253,25,-18,-81
2025-12-01T17:59:46.858879,83,78,115,231,217,93,39,33,-4645,7374,7942,-11376,-713,-1926,243,14,-16,-81
2025-12-01T17:59:46.880898,100,82,120,253,215,90,36,31,-4654,7364,7947,-11375,-703,-1909,263,12,-17,-72
2025-12-01T17:59:46.896396,116,85,95,246,197,80,33,32,-4662,7358,7951,-11373,-705,-1912,256,14,-5,-52
2025-12-01T17:59:46.918897,118,78,105,215,201,66,33,30,-4668,7352,7952,-11373,-699,-1913,261,16,-5,-34
2025-12-01T17:59:46.941360,110,75,127,176,153,64,27,26,-4668,7352,7952,-11373,-709,-1909,261,13,6,-13
2025-12-01T17:59:46.956329,120,69,135,181,172,54,24,29,-4671,7353,7951,-11372,-707,-1911,258,7,16,-5
2025-12-01T17:59:46.987095,110,67,130,167,196,79,35,29,-4673,7355,7950,-11371,-708,-1917,251,5,16,-4
2025-12-01T17:59:47.000973,96,77,132,200,205,94,39,29,-4673,7355,7950,-11371,-708,-1896,276,4,15,-5
2025-12-01T17:59:47.023809,86,79,126,193,205,97,42,32,-4673,7356,7952,-11369,-715,-1894,265,-18,6,-7
2025-12-01T17:59:47.038995,87,75,100,184,186,101,45,32,-4673,7358,7955,-11366,-718,-1912,252,-23,8,-12
2025-12-01T17:59:47.061438,76,82,100,163,154,114,48,30,-4673,7358,7955,-11366,-709,-1911,264,-6,8,-13
2025-12-01T17:59:47.083942,70,88,119,201,173,113,52,33,-4676,7359,7954,-11365,-701,-1906,278,-10,20,-5
2025-12-01T17:59:47.099304,81,92,115,184,170,102,53,39,-4675,7364,7957,-11359,-702,-1905,258,-41,29,6
2025-12-01T17:59:47.121449,82,88,112,209,203,111,53,36,-4674,7372,7961,-11352,-699,-1918,248,-46,38,10
2025-12-01T17:59:47.143930,82,89,125,285,207,104,52,36,-4670,7380,7964,-11346,-693,-1915,258,-53,34,30
2025-12-01T17:59:47.158751,74,82,146,383,246,103,52,35,-4662,7393,7967,-11339,-695,-1918,246,-70,42,61
2025-12-01T17:59:47.181418,67,75,130,371,214,123,50,32,-4652,7410,7967,-11332,-682,-1925,248,-75,58,95
2025-12-01T17:59:47.203700,53,58,139,371,207,137,51,24,-4637,7431,7965,-11326,-703,-1929,246,-87,64,125
2025-12-01T17:59:47.218883,47,59,137,374,178,145,57,27,-4617,7458,7964,-11317,-709,-1933,228,-112,72,153
2025-12-01T17:59:47.249268,42,61,131,347,182,163,61,27,-4593,7489,7959,-11310,-726,-1901,228,-106,83,183
2025-12-01T17:59:47.263981,39,57,136,345,126,167,62,26,-4568,7523,7949,-11304,-744,-1899,221,-101,97,205
2025-12-01T17:59:47.278903,39,54,141,351,138,155,62,26,-4563,7560,7940,-11287,-836,-1943,170,-55,172,82
2025-12-01T17:59:47.301134,32,50,137,406,140,157,58,27,-4549,7596,7932,-11275,-792,-1901,208,-96,139,138
2025-12-01T17:59:47.323838,31,45,150,404,134,151,53,24,-4535,7623,7925,-11267,-805,-1886,193,-70,94,113
2025-12-01T17:59:47.338914,30,36,153,415,142,133,50,23,-4527,7639,7919,-11264,-804,-1888,198,-30,56,62
2025-12-01T17:59:47.366296,31,35,120,348,164,120,51,22,-4525,7649,7917,-11260,-798,-1874,196,-24,42,15
2025-12-01T17:59:47.392228,30,39,113,347,196,134,47,21,-4527,7654,7919,-11254,-782,-1885,201,-30,36,-16
2025-12-01T17:59:47.400207,30,37,119,284,225,126,48,17,-4535,7649,7920,-11253,-784,-1890,203,18,4,-59
2025-12-01T17:59:47.421111,29,39,111,273,229,131,53,23,-4546,7642,7926,-11249,-782,-1881,174,22,-3,-96
2025-12-01T17:59:47.443305,28,45,101,217,253,131,52,24,-4566,7622,7925,-11256,-785,-1891,187,110,-45,-134
2025-12-01T17:59:47.467116,28,42,108,201,251,136,49,24,-4593,7593,7925,-11264,-780,-1889,179,150,-68,-180
2025-12-01T17:59:47.481472,28,41,106,191,264,120,47,26,-4627,7556,7926,-11274,-770,-1910,186,188,-89,-235
2025-12-01T17:59:47.504598,28,42,92,177,271,124,54,32,-4671,7508,7928,-11287,-753,-1905,240,212,-98,-297
2025-12-01T17:59:47.518827,24,49,86,204,351,119,52,33,-4722,7454,7934,-11297,-718,-1900,263,207,-104,-342
2025-12-01T17:59:47.541821,27,56,135,220,380,138,60,38,-4760,7413,7947,-11299,-830,-1956,176,155,-103,-349
2025-12-01T17:59:47.563876,23,60,137,225,376,141,60,38,-4812,7359,7962,-11302,-721,-1920,247,177,-102,-398
2025-12-01T17:59:47.578904,22,60,145,235,360,132,62,38,-4866,7298,7987,-11301,-654,-1936,312,108,-116,-430
2025-12-01T17:59:47.601010,22,69,144,246,351,143,55,34,-4914,7242,8021,-11292,-642,-1942,273,55,-120,-429
2025-12-01T17:59:47.623717,22,64,153,240,291,185,69,33,-4943,7192,8069,-11277,-487,-1918,300,-87,-141,-324
2025-12-01T17:59:47.638953,25,56,127,227,219,173,65,30,-4976,7155,8105,-11260,-574,-1925,284,-57,-64,-326
2025-12-01T17:59:47.661574,29,60,119,211,223,167,64,31,-5009,7122,8127,-11251,-572,-1992,280,19,-47,-265
2025-12-01T17:59:47.683614,28,66,109,175,212,172,63,29,-5031,7103,8144,-11240,-551,-1959,266,-6,-11,-175
2025-12-01T17:59:47.699006,36,67,119,178,202,175,63,29,-5047,7101,8149,-11231,-544,-1974,275,-5,52,-64
2025-12-01T17:59:47.720924,41,67,103,162,163,127,46,47,-5055,7117,8143,-11221,-587,-1938,254,-14,119,13
2025-12-01T17:59:47.743933,40,67,99,159,170,126,40,48,-5060,7135,8134,-11214,-589,-1968,279,-7,120,46
2025-12-01T17:59:47.756107,38,63,108,195,226,123,39,48,-5061,7156,8123,-11209,-598,-1963,266,-8,111,75
2025-12-01T17:59:47.779308,40,54,110,198,223,124,37,50,-5059,7176,8114,-11203,-612,-1937,266,-28,100,69
2025-12-01T17:59:47.801751,39,55,129,236,217,90,38,53,-5060,7190,8108,-11198,-608,-1962,245,-8,80,41
2025-12-01T17:59:47.819387,36,54,151,283,245,86,34,35,-5060,7201,8103,-11194,-615,-1946,248,-8,55,32
2025-12-01T17:59:47.838811,37,63,178,402,252,110,41,34,-5062,7208,8098,-11193,-609,-1942,249,13,45,18
2025-12-01T17:59:47.861814,36,63,209,405,217,111,43,32,-5062,7213,8093,-11193,-606,-1979,241,20,22,31
2025-12-01T17:59:47.877154,35,64,267,436,216,100,43,31,-5058,7217,8089,-11195,-608,-1952,237,13,1,43
2025-12-01T17:59:47.909741,30,71,260,465,208,102,43,25,-5056,7221,8078,-11202,-612,-1938,272,38,14,58
2025-12-01T17:59:47.923829,29,73,260,457,190,104,43,25,-5052,7224,8067,-11209,-611,-1936,277,41,10,66
2025-12-01T17:59:47.947135,25,67,239,390,184,95,38,22,-5047,7234,8061,-11209,-610,-1951,270,-14,35,66
2025-12-01T17:59:47.961479,25,72,237,402,150,92,39,21,-5045,7244,8053,-11210,-618,-1912,296,-9,49,55
2025-12-01T17:59:47.983934,26,73,208,414,148,95,44,28,-5045,7259,8043,-11207,-661,-1897,250,2,79,30
2025-12-01T17:59:48.007075,25,59,214,383,154,91,41,30,-5048,7267,8046,-11198,-646,-1921,252,-45,52,-25
2025-12-01T17:59:48.021006,25,62,202,365,137,85,43,31,-5057,7268,8053,-11189,-646,-1923,254,-33,37,-82
2025-12-01T17:59:48.045415,32,82,222,367,125,127,50,43,-5086,7258,8067,-11172,-617,-1984,236,0,56,-198
2025-12-01T17:59:48.074659,32,87,216,376,125,143,48,45,-5101,7254,8077,-11161,-620,-1942,255,-29,36,-120
2025-12-01T17:59:48.081371,33,87,193,353,118,148,46,43,-5111,7249,8096,-11145,-624,-1938,240,-78,15,-138
2025-12-01T17:59:48.103921,33,88,204,328,112,151,50,43,-5124,7239,8118,-11131,-609,-1952,223,-64,-12,-162
2025-12-01T17:59:48.127198,34,95,218,320,109,157,51,47,-5134,7222,8137,-11123,-616,-1969,220,-28,-53,-157
2025-12-01T17:59:48.141333,29,81,209,315,132,118,46,51,-5145,7203,8154,-11118,-585,-1977,179,18,-70,-143
2025-12-01T17:59:48.172199,31,69,202,273,137,100,44,52,-5161,7175,8163,-11122,-570,-1983,233,70,-90,-145
2025-12-01T17:59:48.187159,29,72,198,272,135,109,41,52,-5175,7150,8166,-11129,-569,-1949,241,94,-83,-121
2025-12-01T17:59:48.201519,32,73,174,265,144,122,38,52,-5189,7128,8166,-11137,-574,-1942,272,83,-60,-104
2025-12-01T17:59:48.223846,33,69,172,290,146,122,35,48,-5202,7107,8166,-11144,-567,-1948,279,77,-61,-102
2025-12-01T17:59:48.247228,32,64,177,289,116,123,33,34,-5218,7086,8165,-11151,-553,-1945,299,79,-46,-105
2025-12-01T17:59:48.261504,33,64,165,283,115,123,34,43,-5232,7073,8168,-11150,-561,-1977,267,46,-11,-97
2025-12-01T17:59:48.283653,34,61,171,264,120,106,33,47,-5244,7064,8174,-11145,-550,-1970,274,5,-2,-97
2025-12-01T17:59:48.307014,33,80,187,260,131,102,35,55,-5256,7056,8180,-11140,-549,-1962,269,5,5,-91
2025-12-01T17:59:48.321387,31,81,226,259,138,116,37,57,-5269,7046,8182,-11139,-538,-1958,263,42,-5,-87
2025-12-01T17:59:48.343566,31,81,218,254,158,122,48,59,-5281,7037,8186,-11137,-532,-1961,273,24,-1,-82
2025-12-01T17:59:48.367839,31,82,229,258,157,119,49,52,-5290,7030,8190,-11133,-534,-1984,266,11,-2,-67
2025-12-01T17:59:48.389612,33,81,252,322,151,120,50,57,-5297,7022,8194,-11132,-531,-1976,263,16,-18,-56
2025-12-01T17:59:48.403818,31,61,247,325,137,111,47,49,-5303,7017,8195,-11132,-533,-1981,266,27,-5,-39
2025-12-01T17:59:48.426970,32,45,206,313,118,89,43,50,-5310,7011,8190,-11135,-535,-1962,272,54,1,-30
2025-12-01T17:59:48.441300,32,53,210,308,95,71,29,50,-5318,7004,8185,-11141,-531,-1970,270,69,-12,-28
2025-12-01T17:59:48.462388,29,53,220,323,106,66,30,48,-5326,6996,8178,-11147,-532,-1961,283,76,-10,-30
2025-12-01T17:59:48.484693,24,57,196,258,126,69,34,37,-5333,6989,8174,-11151,-523,-1967,298,48,-8,-30
2025-12-01T17:59:48.499210,28,58,190,262,119,69,37,45,-5339,6982,8173,-11152,-528,-1962,289,32,-10,-39
2025-12-01T17:59:48.521509,34,60,202,259,119,65,40,55,-5346,6973,8172,-11156,-526,-1958,301,39,-21,-45
2025-12-01T17:59:48.546817,34,53,206,271,137,98,49,53,-5352,6966,8172,-11157,-525,-1955,288,25,-13,-45
2025-12-01T17:59:48.561468,33,53,190,312,135,113,52,54,-5356,6963,8173,-11156,-532,-1956,297,6,2,-38
2025-12-01T17:59:48.584012,33,48,198,324,135,119,50,53,-5363,6959,8173,-11156,-525,-1973,307,12,3,-40
2025-12-01T17:59:48.607171,29,44,208,324,134,116,47,48,-5369,6954,8175,-11154,-504,-1973,288,18,-2,-41
2025-12-01T17:59:48.629819,21,47,204,331,137,118,44,30,-5374,6951,8175,-11154,-520,-1966,277,24,-2,-29
2025-12-01T17:59:48.652151,21,57,206,360,141,93,36,28,-5378,6948,8175,-11154,-504,-1963,292,11,1,-17
2025-12-01T17:59:48.674260,28,58,214,324,130,80,29,41,-5378,6948,8174,-11154,-510,-1961,314,-4,12,1
2025-12-01T17:59:48.680975,30,59,200,321,107,69,25,42,-5377,6949,8172,-11155,-500,-1970,298,4,7,21
2025-12-01T17:59:48.703994,30,60,188,321,124,73,26,40,-5372,6956,8171,-11155,-518,-1970,276,-13,11,41
2025-12-01T17:59:48.727216,31,53,174,326,123,67,30,41,-5364,6963,8168,-11157,-528,-1971,285,-13,4,55
2025-12-01T17:59:48.741041,31,46,163,264,98,68,28,40,-5357,6970,8160,-11161,-526,-1953,303,6,11,64
