timestamp,EMG_0,EMG_1,EMG_2,EMG_3,EMG_4,EMG_5,EMG_6,EMG_7,quat_0,quat_1,quat_2,quat_3,acc_0,acc_1,acc_2,gyro_0,gyro_1,gyro_2
2025-12-01T17:58:18.602018,29,79,36,120,194,60,29,63,-5479,10427,9583,-6153,-380,-1535,-930,-697,-46,60
2025-12-01T17:58:18.623080,28,71,37,125,184,58,28,48,-5422,10478,9578,-6123,-389,-2242,-806,-623,99,174
2025-12-01T17:58:18.638084,27,62,36,111,175,44,24,37,-5409,10485,9549,-6168,-335,-2219,-981,5,-94,195
2025-12-01T17:58:18.660741,24,104,41,94,190,43,23,36,-5410,10478,9512,-6237,-192,-1867,-956,265,-191,253
2025-12-01T17:58:18.683916,22,106,39,75,181,40,24,37,-5405,10480,9494,-6266,-145,-1885,-1023,93,-104,175
2025-12-01T17:58:18.699415,23,111,43,66,145,34,24,36,-5390,10486,9488,-6277,-157,-1981,-1062,-46,-90,139
2025-12-01T17:58:18.720970,25,113,43,37,146,36,22,35,-5376,10488,9485,-6290,-135,-1972,-1071,-26,-110,127
2025-12-01T17:58:18.751875,61,113,43,30,132,36,21,36,-5370,10484,9483,-6305,-128,-1896,-1062,31,-109,93
2025-12-01T17:58:18.758784,64,63,30,28,108,34,20,31,-5360,10480,9484,-6319,-191,-1853,-1074,29,-109,53
2025-12-01T17:58:18.782888,65,55,30,30,120,39,20,28,-5345,10479,9483,-6335,-264,-1811,-1068,23,-108,55
2025-12-01T17:58:18.805327,66,43,25,31,122,40,21,27,-5324,10483,9480,-6350,-320,-1796,-1080,0,-94,61
2025-12-01T17:58:18.820784,66,39,21,31,130,40,21,25,-5299,10489,9478,-6364,-320,-1800,-1072,-28,-96,78
2025-12-01T17:58:18.843983,35,39,24,38,128,38,22,24,-5276,10500,9473,-6372,-317,-1807,-1067,-45,-63,88
2025-12-01T17:58:18.865856,27,34,23,37,126,40,22,23,-5254,10514,9468,-6373,-321,-1848,-1109,-66,-25,92
2025-12-01T17:58:18.880821,26,35,23,46,135,37,22,22,-5234,10529,9460,-6377,-306,-1881,-1121,-47,-32,119
2025-12-01T17:58:18.903815,24,28,22,47,133,36,25,22,-5212,10545,9451,-6383,-293,-1834,-1102,-47,-40,141
2025-12-01T17:58:18.925799,23,25,29,52,135,49,35,23,-5183,10566,9448,-6376,-293,-1793,-1093,-137,-24,126
2025-12-01T17:58:18.949031,21,46,116,51,147,86,43,24,-5144,10590,9454,-6358,-295,-1806,-1089,-240,-21,107
2025-12-01T17:58:18.963301,21,50,130,52,163,99,58,26,-5091,10622,9472,-6322,-315,-1815,-1080,-406,-4,83
2025-12-01T17:58:18.985648,20,51,155,45,155,107,60,26,-5025,10659,9494,-6280,-321,-1851,-1075,-515,-9,105
2025-12-01T17:58:19.009026,19,58,187,52,165,129,60,24,-4964,10696,9512,-6237,-324,-1922,-1107,-512,10,116
2025-12-01T17:58:19.023400,20,64,195,54,171,135,66,27,-4910,10727,9523,-6209,-368,-1868,-1101,-410,-6,112
2025-12-01T17:58:19.046097,22,51,185,55,170,120,64,27,-4855,10754,9530,-6196,-406,-1886,-1160,-333,-63,125
2025-12-01T17:58:19.068804,23,55,191,87,164,116,61,25,-4818,10765,9532,-6204,-383,-1823,-1142,-155,-116,107
2025-12-01T17:58:19.083722,32,53,180,94,190,113,60,26,-4779,10764,9540,-6222,-410,-1789,-1176,-98,-187,50
2025-12-01T17:58:19.105487,58,54,176,97,188,91,59,27,-4738,10757,9556,-6241,-409,-1779,-1199,-103,-233,6
2025-12-01T17:58:19.129069,63,47,178,110,181,84,59,30,-4694,10743,9579,-6263,-397,-1800,-1220,-105,-284,-14
2025-12-01T17:58:19.141666,63,51,158,116,230,85,69,31,-4653,10722,9605,-6289,-391,-1792,-1221,-71,-312,-46
2025-12-01T17:58:19.166762,63,43,146,98,233,77,62,32,-4610,10696,9637,-6316,-403,-1788,-1227,-76,-345,-79
2025-12-01T17:58:19.187554,59,50,154,100,204,82,66,34,-4565,10665,9672,-6347,-409,-1811,-1207,-87,-377,-96
2025-12-01T17:58:19.202298,35,44,124,100,213,97,72,35,-4519,10633,9708,-6380,-421,-1807,-1207,-83,-391,-94
2025-12-01T17:58:19.224161,25,52,169,88,213,98,67,31,-4482,10599,9737,-6418,-419,-1797,-1187,-22,-376,-91
2025-12-01T17:58:19.248390,23,47,171,161,153,112,65,29,-4452,10561,9763,-6461,-420,-1788,-1177,32,-373,-95
2025-12-01T17:58:19.263182,24,49,175,189,151,118,68,31,-4427,10523,9788,-6504,-436,-1804,-1196,59,-355,-107
2025-12-01T17:58:19.285129,24,43,166,191,160,131,70,28,-4408,10483,9809,-6548,-410,-1798,-1163,93,-342,-101
2025-12-01T17:58:19.307454,22,42,189,203,134,123,65,25,-4395,10449,9826,-6585,-391,-1781,-1184,100,-288,-80
2025-12-01T17:58:19.321809,21,33,145,216,131,124,64,26,-4380,10423,9840,-6616,-386,-1767,-1157,70,-252,-47
2025-12-01T17:58:19.345011,21,40,143,164,154,106,56,25,-4365,10403,9851,-6642,-364,-1777,-1147,38,-221,-9
2025-12-01T17:58:19.369065,19,38,133,130,156,105,57,23,-4350,10388,9859,-6663,-357,-1777,-1153,31,-193,17
2025-12-01T17:58:19.383156,19,41,133,129,153,92,49,24,-4338,10376,9865,-6681,-349,-1764,-1143,28,-163,22
2025-12-01T17:58:19.404111,20,43,122,140,162,95,50,23,-4329,10366,9871,-6692,-347,-1769,-1140,10,-128,23
2025-12-01T17:58:19.427990,20,44,117,124,158,92,52,22,-4320,10359,9879,-6698,-352,-1788,-1148,-14,-98,13
2025-12-01T17:58:19.441602,21,36,114,126,127,98,54,24,-4317,10352,9884,-6703,-360,-1795,-1138,2,-75,6
2025-12-01T17:58:19.465214,21,40,116,134,121,102,52,23,-4318,10346,9887,-6707,-363,-1798,-1152,24,-53,0
2025-12-01T17:58:19.487381,21,42,142,130,117,113,55,26,-4323,10339,9889,-6712,-370,-1803,-1136,34,-39,-7
2025-12-01T17:58:19.502629,20,41,129,112,106,112,54,26,-4327,10331,9891,-6717,-394,-1813,-1133,31,-34,-15
2025-12-01T17:58:19.524156,21,39,128,110,106,109,52,27,-4333,10324,9894,-6721,-401,-1800,-1129,35,-20,-30
2025-12-01T17:58:19.548568,20,41,126,122,104,106,57,27,-4340,10316,9896,-6725,-414,-1809,-1113,32,-16,-37
2025-12-01T17:58:19.563066,20,37,129,118,92,125,56,30,-4346,10309,9899,-6728,-414,-1825,-1122,24,-11,-34
2025-12-01T17:58:19.586535,19,34,122,125,119,118,57,28,-4355,10302,9899,-6734,-419,-1812,-1109,49,-8,-33
2025-12-01T17:58:19.606127,20,32,115,149,131,117,58,29,-4367,10294,9898,-6739,-399,-1805,-1115,65,1,-34
2025-12-01T17:58:19.620762,20,32,115,167,128,125,57,26,-4380,10285,9899,-6742,-392,-1810,-1105,57,5,-48
2025-12-01T17:58:19.647127,20,30,114,184,129,139,55,28,-4394,10276,9901,-6745,-386,-1805,-1095,54,5,-48
2025-12-01T17:58:19.671536,21,29,107,186,132,129,60,27,-4408,10268,9905,-6743,-380,-1795,-1107,43,22,-63
2025-12-01T17:58:19.685745,23,29,128,190,96,120,59,28,-4425,10260,9908,-6739,-366,-1835,-1090,35,35,-63
2025-12-01T17:58:19.713696,21,29,128,174,77,119,58,26,-4442,10252,9912,-6734,-378,-1835,-1121,41,44,-72
2025-12-01T17:58:19.727741,21,27,130,160,82,161,61,29,-4457,10246,9914,-6730,-383,-1839,-1101,31,45,-60
2025-12-01T17:58:19.741882,22,28,130,132,99,167,69,29,-4471,10240,9916,-6726,-376,-1843,-1083,16,42,-53
2025-12-01T17:58:19.766162,23,28,130,139,109,166,71,27,-4487,10235,9915,-6726,-383,-1864,-1084,40,43,-40
2025-12-01T17:58:19.787373,23,24,70,122,118,192,77,28,-4501,10228,9913,-6730,-410,-1877,-1091,49,27,-47
2025-12-01T17:58:19.802107,25,29,62,124,185,201,81,29,-4511,10221,9914,-6732,-410,-1861,-1071,28,16,-55
2025-12-01T17:58:19.824160,24,28,52,148,249,180,101,32,-4527,10211,9912,-6738,-432,-1889,-1074,62,29,-70
2025-12-01T17:58:19.849109,24,28,48,157,281,184,102,32,-4544,10198,9908,-6754,-433,-1898,-1063,107,-2,-58
2025-12-01T17:58:19.862160,21,27,50,148,281,180,103,34,-4562,10183,9899,-6778,-448,-1943,-1051,138,-29,-41
2025-12-01T17:58:19.885904,18,28,103,171,282,166,119,33,-4573,10167,9887,-6811,-459,-1954,-1066,164,-74,-14
2025-12-01T17:58:19.914942,18,25,107,185,248,160,123,34,-4578,10148,9874,-6855,-489,-1958,-1038,176,-127,9
2025-12-01T17:58:19.929989,18,24,107,184,207,159,105,31,-4570,10132,9860,-6903,-524,-1954,-1060,160,-177,39
2025-12-01T17:58:19.945173,18,28,156,196,166,136,105,29,-4548,10119,9846,-6957,-585,-1973,-1062,135,-227,76
2025-12-01T17:58:19.976893,20,29,163,218,187,145,103,26,-4513,10107,9824,-7028,-651,-1987,-1061,161,-302,134
2025-12-01T17:58:19.991701,22,31,143,211,187,164,76,28,-4469,10096,9795,-7111,-669,-1938,-1041,195,-362,208
2025-12-01T17:58:20.005425,21,29,140,199,192,183,66,28,-4418,10088,9758,-7205,-687,-1909,-1020,230,-405,278
2025-12-01T17:58:20.029079,22,32,140,189,176,174,65,27,-4365,10081,9712,-7309,-688,-1872,-981,277,-434,330
2025-12-01T17:58:20.051149,22,32,111,183,167,173,49,26,-4317,10072,9660,-7419,-673,-1818,-969,347,-446,364
2025-12-01T17:58:20.065843,22,31,106,203,147,164,44,26,-4272,10065,9604,-7526,-654,-1771,-956,373,-430,385
2025-12-01T17:58:20.089020,19,29,99,192,147,130,44,21,-4233,10061,9549,-7623,-612,-1730,-932,360,-383,385
2025-12-01T17:58:20.111777,20,28,106,203,146,94,54,18,-4201,10062,9499,-7702,-569,-1691,-937,321,-312,364
2025-12-01T17:58:20.125950,19,33,113,198,138,79,53,19,-4182,10063,9454,-7765,-530,-1679,-930,306,-235,315
2025-12-01T17:58:20.149687,18,31,124,188,158,75,54,18,-4180,10065,9415,-7811,-472,-1687,-918,290,-146,258
2025-12-01T17:58:20.171606,19,34,123,138,143,66,53,21,-4192,10066,9380,-7844,-446,-1702,-923,292,-74,204
2025-12-01T17:58:20.185809,19,34,121,158,136,78,53,23,-4219,10066,9348,-7869,-410,-1715,-929,318,-7,158
2025-12-01T17:58:20.208362,20,36,114,126,125,80,47,25,-4255,10067,9323,-7877,-378,-1701,-926,278,56,97
2025-12-01T17:58:20.231746,22,31,108,120,119,89,51,26,-4296,10067,9310,-7871,-351,-1722,-912,214,100,36
2025-12-01T17:58:20.254187,22,33,111,117,85,91,59,27,-4340,10066,9308,-7850,-339,-1750,-900,134,139,-33
2025-12-01T17:58:20.269103,21,30,114,107,107,93,59,26,-4388,10064,9317,-7816,-332,-1775,-904,77,186,-100
2025-12-01T17:58:20.291105,23,30,116,79,113,83,64,27,-4442,10062,9332,-7770,-333,-1820,-927,44,238,-157
2025-12-01T17:58:20.305408,22,27,116,80,145,74,60,27,-4494,10059,9350,-7721,-362,-1858,-936,15,242,-187
2025-12-01T17:58:20.329088,20,25,117,71,157,70,59,27,-4547,10054,9369,-7675,-370,-1873,-935,24,235,-205
2025-12-01T17:58:20.351535,20,22,67,72,175,81,60,27,-4598,10044,9384,-7638,-410,-1898,-944,61,203,-211
2025-12-01T17:58:20.365966,22,20,49,76,171,85,61,27,-4649,10029,9395,-7614,-426,-1871,-898,107,165,-212
2025-12-01T17:58:20.389129,56,22,100,104,182,89,64,27,-4696,10014,9408,-7588,-430,-1834,-887,90,158,-225
2025-12-01T17:58:20.418971,60,23,105,107,177,97,66,26,-4735,10001,9426,-7559,-443,-1882,-898,27,150,-231
2025-12-01T17:58:20.425656,61,24,105,113,182,110,80,25,-4765,9991,9444,-7531,-477,-1905,-895,-10,131,-215
2025-12-01T17:58:20.449549,63,22,106,108,205,110,82,26,-4793,9980,9461,-7507,-480,-1919,-894,-3,115,-203
2025-12-01T17:58:20.478765,63,22,107,108,209,106,84,25,-4821,9969,9474,-7487,-487,-1917,-888,15,114,-195
2025-12-01T17:58:20.494066,37,20,57,82,201,108,79,24,-4846,9958,9485,-7471,-488,-1921,-890,24,91,-178
2025-12-01T17:58:20.509041,30,21,44,78,183,100,76,24,-4865,9948,9492,-7463,-525,-1904,-870,39,72,-154
2025-12-01T17:58:20.531785,28,20,38,74,191,84,66,27,-4873,9948,9498,-7451,-548,-1955,-892,-37,77,-107
2025-12-01T17:58:20.545841,25,24,94,75,197,84,58,27,-4872,9954,9499,-7441,-551,-1954,-860,-70,70,-44
2025-12-01T17:58:20.568669,25,23,96,78,200,93,58,28,-4876,9958,9495,-7440,-519,-1968,-861,-11,53,-14
2025-12-01T17:58:20.591611,57,23,96,72,201,82,56,31,-4882,9958,9487,-7444,-512,-1953,-858,32,36,-10
2025-12-01T17:58:20.605860,61,22,97,96,210,87,59,30,-4887,9958,9480,-7451,-484,-1930,-864,48,15,4
2025-12-01T17:58:20.628672,62,22,100,96,192,88,62,29,-4894,9956,9473,-7458,-465,-1908,-859,60,7,5
2025-12-01T17:58:20.648854,63,18,52,102,153,83,61,28,-4898,9955,9468,-7462,-451,-1896,-861,35,9,4
2025-12-01T17:58:20.663547,64,23,96,105,157,76,56,26,-4898,9955,9468,-7462,-449,-1902,-883,9,7,1
2025-12-01T17:58:20.687047,37,21,99,107,191,132,74,24,-4897,9956,9468,-7462,-452,-1907,-876,13,0,2
2025-12-01T17:58:20.712021,32,21,101,112,192,148,79,24,-4900,9955,9465,-7465,-449,-1887,-879,33,-1,4
2025-12-01T17:58:20.725627,28,22,100,119,197,150,72,23,-4902,9955,9464,-7465,-447,-1873,-876,23,8,-8
2025-12-01T17:58:20.756613,26,24,100,112,192,150,71,23,-4902,9955,9465,-7465,-445,-1879,-887,1,3,-7
2025-12-01T17:58:20.771637,28,21,58,103,216,153,73,26,-4901,9955,9465,-7464,-455,-1901,-884,-6,5,-4
2025-12-01T17:58:20.785530,58,23,101,132,211,109,53,27,-4901,9955,9464,-7465,-459,-1908,-878,-12,-2,5
2025-12-01T17:58:20.809051,61,23,100,120,206,85,47,26,-4900,9955,9460,-7472,-449,-1940,-878,27,-23,32
2025-12-01T17:58:20.831672,62,22,101,132,202,82,46,26,-4901,9957,9451,-7479,-448,-1916,-862,43,-4,51
2025-12-01T17:58:20.853826,63,27,105,146,235,79,44,26,-4898,9963,9441,-7485,-460,-1902,-856,21,7,62
2025-12-01T17:58:20.868920,61,29,138,149,221,73,40,23,-4891,9970,9434,-7490,-457,-1935,-855,-14,-13,77
2025-12-01T17:58:20.891696,34,28,110,123,194,86,47,23,-4886,9979,9419,-7500,-459,-1954,-833,13,5,117
2025-12-01T17:58:20.913836,31,34,111,167,193,85,40,24,-4891,9989,9393,-7516,-448,-1951,-787,69,32,146
2025-12-01T17:58:20.929171,30,40,113,200,186,83,40,23,-4895,10008,9366,-7522,-479,-1948,-813,43,92,152
2025-12-01T17:58:20.951875,27,39,111,202,173,114,41,23,-4902,10025,9334,-7534,-481,-1940,-746,57,94,170
2025-12-01T17:58:20.974121,27,41,99,215,140,122,42,23,-4914,10046,9302,-7538,-501,-1957,-777,50,148,146
2025-12-01T17:58:20.989130,25,41,100,222,142,116,35,21,-4932,10068,9268,-7540,-517,-1948,-765,70,179,130
2025-12-01T17:58:21.011611,21,40,112,219,138,116,35,19,-4953,10092,9231,-7540,-550,-1963,-785,87,212,123
2025-12-01T17:58:21.034259,18,35,125,214,159,112,33,19,-4978,10114,9193,-7539,-552,-1961,-788,105,221,112
2025-12-01T17:58:21.049682,18,34,161,225,130,76,29,19,-5004,10136,9155,-7539,-572,-1964,-796,117,224,95
2025-12-01T17:58:21.071642,16,31,149,228,130,58,26,20,-5035,10152,9119,-7540,-587,-1935,-780,151,225,51
2025-12-01T17:58:21.094841,17,37,151,221,124,58,29,22,-5073,10164,9083,-7542,-598,-1920,-797,195,231,15
2025-12-01T17:58:21.108738,18,36,145,231,131,81,40,25,-5115,10174,9049,-7541,-616,-1917,-808,202,246,-26
2025-12-01T17:58:21.131339,22,37,133,214,133,92,50,25,-5152,10182,9022,-7538,-628,-1948,-829,181,221,-53
2025-12-01T17:58:21.154302,22,39,121,211,148,94,50,25,-5188,10183,9002,-7536,-649,-1967,-863,189,183,-100
2025-12-01T17:58:21.167980,23,38,115,198,148,103,50,25,-5227,10170,8983,-7548,-657,-1983,-833,250,110,-137
2025-12-01T17:58:21.191386,21,33,112,204,175,99,50,26,-5265,10145,8969,-7572,-661,-1958,-813,294,28,-172
2025-12-01T17:58:21.214620,20,29,110,167,194,85,42,23,-5307,10106,8961,-7605,-649,-1915,-783,350,-35,-238
2025-12-01T17:58:21.228451,17,32,155,148,184,72,34,24,-5358,10054,8961,-7638,-630,-1901,-762,386,-59,-322
2025-12-01T17:58:21.251676,21,29,142,116,183,85,33,23,-5417,9995,8970,-7664,-582,-1886,-764,390,-63,-398
2025-12-01T17:58:21.274117,21,31,141,112,183,78,37,24,-5477,9930,8992,-7679,-529,-1905,-803,370,-65,-459
2025-12-01T17:58:21.287910,23,31,140,100,194,85,37,22,-5542,9858,9021,-7691,-454,-1953,-809,370,-89,-495
2025-12-01T17:58:21.311692,23,32,157,71,178,84,44,23,-5603,9780,9054,-7708,-441,-1974,-809,383,-143,-504
2025-12-01T17:58:21.333558,27,40,130,64,183,94,44,21,-5664,9697,9086,-7730,-369,-1960,-804,416,-177,-480
2025-12-01T17:58:21.347918,24,40,123,61,187,87,49,23,-5721,9616,9123,-7745,-324,-1918,-781,369,-175,-488
2025-12-01T17:58:21.371143,52,41,132,84,213,89,49,23,-5773,9539,9165,-7754,-273,-1931,-756,307,-176,-470
2025-12-01T17:58:21.393715,55,47,140,88,186,92,54,24,-5815,9466,9207,-7761,-226,-1945,-719,241,-186,-427
2025-12-01T17:58:21.407975,56,47,134,99,187,102,63,26,-5856,9396,9246,-7770,-216,-2007,-725,248,-189,-392
2025-12-01T17:58:21.431530,56,42,133,93,178,100,65,27,-5899,9321,9275,-7793,-216,-2005,-704,334,-209,-362
2025-12-01T17:58:21.454446,56,50,149,108,176,99,61,26,-5986,9216,9415,-7682,-767,-1376,-663,-113,145,-1551
2025-12-01T17:58:21.468397,64,50,142,95,147,102,63,28,-6096,9096,9565,-7552,101,-1819,-703,-151,97,-1283
2025-12-01T17:58:21.491599,65,55,162,95,144,110,62,26,-6156,9019,9666,-7468,-108,-2043,-705,-159,41,-886
2025-12-01T17:58:21.514136,67,56,165,94,139,108,55,26,-6180,8969,9735,-7418,-65,-1990,-654,-158,-48,-525
2025-12-01T17:58:21.528392,67,53,155,102,193,258,59,25,-6234,8911,9781,-7381,75,-1952,-621,48,25,-471
2025-12-01T17:58:21.551767,68,46,131,136,226,289,68,27,-6280,8867,9803,-7366,24,-1978,-651,138,26,-319
2025-12-01T17:58:21.573774,41,45,131,142,229,290,70,25,-6313,8833,9817,-7361,3,-1974,-631,130,4,-224
2025-12-01T17:58:21.587953,34,30,96,148,231,305,79,26,-6340,8810,9816,-7367,-66,-2073,-674,168,19,-139
2025-12-01T17:58:21.611660,29,28,61,145,237,316,78,25,-6368,8791,9803,-7382,-60,-2088,-670,226,32,-77
2025-12-01T17:58:21.635759,30,26,52,141,195,212,77,29,-6406,8775,9787,-7390,-50,-2030,-625,220,96,-90
2025-12-01T17:58:21.648327,27,25,47,93,133,186,75,28,-6450,8757,9772,-7392,-59,-2045,-616,224,136,-140
2025-12-01T17:58:21.671612,26,22,37,76,142,200,74,29,-6504,8730,9756,-7398,-66,-2050,-582,274,134,-189
2025-12-01T17:58:21.694293,26,22,31,86,142,178,61,28,-6560,8698,9741,-7407,-18,-2027,-555,298,114,-187
2025-12-01T17:58:21.708438,26,25,36,91,197,186,64,29,-6611,8666,9729,-7415,17,-2035,-538,267,90,-173
2025-12-01T17:58:21.731663,25,25,36,90,231,212,79,29,-6654,8643,9716,-7421,0,-2050,-524,218,95,-141
2025-12-01T17:58:21.754508,26,26,40,101,235,205,75,30,-6690,8628,9702,-7423,33,-2030,-494,160,101,-87
2025-12-01T17:58:21.768448,26,29,40,166,252,202,79,31,-6713,8623,9690,-7424,19,-2078,-520,99,91,-39
2025-12-01T17:58:21.791411,24,28,37,172,262,245,97,35,-6725,8626,9678,-7426,14,-2081,-509,43,66,20
2025-12-01T17:58:21.814180,24,26,31,175,234,230,97,35,-6724,8639,9671,-7420,28,-2066,-504,-47,64,62
2025-12-01T17:58:21.836755,25,27,34,183,224,211,95,38,-6713,8664,9661,-7414,34,-2075,-522,-103,62,136
2025-12-01T17:58:21.850579,25,24,29,185,232,226,102,40,-6687,8704,9647,-7410,17,-2060,-547,-149,56,241
2025-12-01T17:58:21.874051,27,23,38,140,207,217,118,41,-6631,8766,9624,-7416,-48,-2111,-593,-222,10,412
2025-12-01T17:58:21.896465,28,24,42,119,197,156,104,38,-6532,8855,9595,-7436,-113,-2170,-627,-348,-84,641
2025-12-01T17:58:21.911318,28,30,89,112,176,147,112,40,-6402,8966,9555,-7468,-224,-2204,-628,-444,-133,822
2025-12-01T17:58:21.933764,28,31,90,105,169,137,108,37,-6279,9069,9505,-7511,16,-2365,-700,-342,-188,990
2025-12-01T17:58:21.956787,27,31,92,107,155,93,115,34,-6138,9169,9402,-7635,280,-2403,-713,15,-449,1537
2025-12-01T17:58:21.970525,25,29,90,107,149,90,97,33,-6037,9244,9313,-7733,-235,-2183,-638,67,-253,1004
2025-12-01T17:58:21.994367,23,30,91,103,161,90,95,34,-5914,9322,9222,-7844,-348,-2077,-632,54,-339,1063
2025-12-01T17:58:22.016804,22,26,51,127,158,79,82,30,-5774,9404,9141,-7943,-306,-2010,-615,-74,-380,1115
2025-12-01T17:58:22.031419,20,29,53,127,136,74,72,26,-5622,9489,9079,-8022,-348,-1995,-649,-218,-388,1056
2025-12-01T17:58:22.054224,24,30,51,136,124,94,50,28,-5475,9562,9022,-8101,-359,-1995,-619,-214,-421,1013
2025-12-01T17:58:22.076712,24,30,63,133,127,101,51,24,-5339,9618,8967,-8186,-361,-1946,-623,-127,-457,949
2025-12-01T17:58:22.090939,26,32,90,136,95,97,59,24,-5216,9661,8916,-8270,-350,-1873,-632,-61,-472,874
2025-12-01T17:58:22.112162,26,33,92,114,103,99,60,26,-5099,9693,8873,-8351,-386,-1835,-627,-45,-486,787
2025-12-01T17:58:22.134825,25,27,91,129,100,101,61,26,-4990,9717,8835,-8430,-423,-1807,-626,-22,-488,711
2025-12-01T17:58:22.150579,23,27,92,113,114,78,61,25,-4887,9735,8806,-8499,-442,-1756,-623,-45,-473,633
2025-12-01T17:58:22.174140,22,28,84,120,107,58,59,28,-4784,9751,8792,-8553,-487,-1721,-605,-136,-444,528
2025-12-01T17:58:22.196744,21,23,55,153,113,85,56,28,-4687,9763,8796,-8590,-528,-1725,-590,-217,-407,405
2025-12-01T17:58:22.210572,19,26,91,156,104,102,57,27,-4604,9767,8811,-8614,-570,-1756,-573,-254,-354,279
2025-12-01T17:58:22.234510,23,29,96,203,121,154,63,31,-4538,9764,8832,-8631,-606,-1768,-560,-236,-304,160
2025-12-01T17:58:22.256802,22,29,99,232,119,181,61,32,-4491,9753,8855,-8644,-648,-1801,-555,-183,-249,59
2025-12-01T17:58:22.270885,22,29,99,246,125,199,63,32,-4462,9738,8875,-8656,-674,-1820,-546,-123,-192,-11
2025-12-01T17:58:22.294212,22,31,98,266,136,205,73,32,-4449,9721,8891,-8665,-712,-1826,-525,-76,-127,-68
2025-12-01T17:58:22.316685,23,28,63,265,147,206,78,31,-4449,9707,8906,-8666,-731,-1832,-504,-65,-43,-118
2025-12-01T17:58:22.330541,19,26,52,226,168,212,85,29,-4459,9699,8923,-8652,-731,-1846,-516,-89,50,-159
2025-12-01T17:58:22.354165,20,28,45,205,177,205,95,27,-4478,9695,8936,-8633,-775,-1908,-533,-77,121,-185
2025-12-01T17:58:22.376594,20,28,40,185,184,204,100,26,-4504,9695,8946,-8609,-788,-1902,-538,-63,177,-199
2025-12-01T17:58:22.390594,19,27,36,145,192,199,93,25,-4527,9700,8958,-8578,-803,-1899,-556,-98,204,-205
2025-12-01T17:58:22.414225,20,26,31,153,195,200,93,25,-4548,9710,8974,-8540,-787,-1944,-582,-142,223,-195
2025-12-01T17:58:22.436931,20,25,29,168,192,159,83,23,-4569,9721,8984,-8505,-788,-1986,-597,-126,226,-169
2025-12-01T17:58:22.451021,18,21,26,170,190,144,70,21,-4591,9730,8990,-8476,-767,-1998,-613,-82,208,-143
2025-12-01T17:58:22.473802,20,21,29,190,194,144,57,19,-4613,9737,8992,-8455,-754,-1979,-634,-29,173,-126
2025-12-01T17:58:22.496316,20,19,30,180,182,148,61,21,-4631,9740,8993,-8441,-741,-1974,-627,-19,134,-109
2025-12-01T17:58:22.510885,23,21,33,196,172,141,60,23,-4644,9744,8994,-8428,-724,-1944,-632,-26,111,-84
2025-12-01T17:58:22.534215,24,21,34,195,161,149,61,23,-4656,9748,8992,-8418,-711,-1966,-629,-17,100,-60
2025-12-01T17:58:22.556633,24,21,35,191,155,145,59,24,-4666,9755,8987,-8411,-685,-1954,-618,-11,99,-23
2025-12-01T17:58:22.570878,22,21,32,182,135,124,59,24,-4677,9765,8979,-8402,-672,-1926,-623,-3,117,-6
2025-12-01T17:58:22.594272,22,23,28,185,145,107,54,25,-4690,9776,8970,-8390,-646,-1914,-636,-2,133,1
2025-12-01T17:58:22.616446,20,22,28,168,145,98,55,22,-4703,9789,8964,-8374,-635,-1910,-643,-19,141,-7
2025-12-01T17:58:22.630925,21,22,27,152,142,86,53,24,-4715,9800,8962,-8357,-623,-1903,-653,-32,132,-20
2025-12-01T17:58:22.654213,22,21,26,140,135,90,55,22,-4728,9810,8962,-8338,-607,-1911,-665,-27,126,-33
2025-12-01T17:58:22.676686,23,22,30,125,166,96,66,23,-4744,9815,8963,-8321,-587,-1913,-668,-14,117,-45
2025-12-01T17:58:22.699252,23,20,35,128,166,105,68,22,-4761,9819,8967,-8304,-585,-1896,-674,-8,106,-64
2025-12-01T17:58:22.714067,21,21,39,114,157,110,62,23,-4775,9820,8974,-8287,-581,-1907,-688,-19,87,-78
2025-12-01T17:58:22.736687,19,20,38,116,192,109,70,25,-4785,9822,8984,-8268,-579,-1917,-700,-49,74,-73
2025-12-01T17:58:22.759636,20,23,40,118,202,102,71,28,-4792,9824,8993,-8250,-595,-1927,-692,-58,69,-70
2025-12-01T17:58:22.773435,20,22,40,127,180,115,70,27,-4796,9827,9003,-8234,-598,-1924,-705,-62,59,-64
2025-12-01T17:58:22.804180,22,22,37,116,182,105,64,28,-4799,9829,9013,-8220,-598,-1926,-689,-66,45,-58
2025-12-01T17:58:22.819276,25,21,28,126,204,128,65,28,-4801,9831,9021,-8207,-606,-1928,-697,-60,39,-52
2025-12-01T17:58:22.834564,25,22,30,137,171,135,60,26,-4802,9832,9029,-8197,-600,-1928,-702,-48,29,-48
2025-12-01T17:58:22.864103,23,19,27,134,154,138,62,29,-4803,9833,9036,-8187,-612,-1929,-699,-54,31,-49
2025-12-01T17:58:22.879211,23,20,24,121,160,126,54,29,-4802,9835,9043,-8177,-614,-1933,-689,-68,33,-43
2025-12-01T17:58:22.894217,24,22,24,120,151,136,71,31,-4802,9838,9049,-8167,-600,-1945,-684,-68,37,-37
2025-12-01T17:58:22.916789,22,22,23,141,152,106,68,31,-4804,9840,9056,-8156,-593,-1938,-702,-56,36,-41
2025-12-01T17:58:22.939175,21,21,23,136,154,99,68,32,-4805,9841,9061,-8148,-603,-1943,-698,-44,34,-37
2025-12-01T17:58:22.954182,21,23,23,139,158,132,69,29,-4806,9843,9065,-8141,-609,-1937,-702,-43,32,-37
2025-12-01T17:58:22.976707,21,23,28,149,157,164,73,30,-4805,9845,9070,-8133,-596,-1941,-713,-52,23,-24
2025-12-01T17:58:22.998742,19,22,28,144,154,156,62,28,-4804,9848,9073,-8127,-598,-1939,-712,-41,24,-18
2025-12-01T17:58:23.014236,20,22,28,115,136,159,75,29,-4802,9850,9077,-8122,-608,-1950,-726,-39,14,-16
2025-12-01T17:58:23.037044,22,23,29,112,137,159,72,27,-4799,9852,9079,-8118,-598,-1950,-728,-30,8,-4
2025-12-01T17:58:23.057130,23,22,30,121,156,132,71,28,-4795,9855,9080,-8116,-603,-1937,-719,-31,2,1
2025-12-01T17:58:23.080568,23,21,25,109,157,93,67,26,-4790,9856,9081,-8116,-602,-1935,-715,-29,-6,5
2025-12-01T17:58:23.096434,24,22,28,142,155,101,63,24,-4785,9857,9082,-8117,-595,-1915,-705,-25,-12,7
2025-12-01T17:58:23.119418,23,22,31,171,150,100,51,26,-4781,9858,9084,-8117,-583,-1921,-719,-23,-13,5
2025-12-01T17:58:23.141729,22,21,30,172,134,98,54,27,-4777,9859,9087,-8114,-577,-1911,-738,-28,-6,-1
2025-12-01T17:58:23.163783,21,20,29,164,131,96,71,27,-4776,9859,9091,-8110,-567,-1916,-714,-31,1,-10
2025-12-01T17:58:23.179308,22,20,29,161,126,83,73,30,-4777,9859,9095,-8105,-564,-1922,-728,-25,7,-16
2025-12-01T17:58:23.193043,21,18,25,142,125,70,71,30,-4778,9858,9099,-8101,-569,-1920,-718,-20,7,-20
2025-12-01T17:58:23.224256,21,17,23,120,120,66,69,27,-4781,9856,9102,-8098,-557,-1922,-722,-13,4,-21
2025-12-01T17:58:23.246754,24,19,21,113,115,60,66,28,-4784,9854,9107,-8095,-552,-1925,-729,-9,2,-24
2025-12-01T17:58:23.253795,23,20,21,109,92,56,43,29,-4787,9851,9111,-8091,-554,-1908,-724,-9,5,-31
2025-12-01T17:58:23.276275,21,20,22,117,86,70,37,25,-4791,9849,9116,-8085,-548,-1934,-728,-18,11,-30
2025-12-01T17:58:23.299221,22,23,21,119,105,87,40,26,-4794,9848,9120,-8081,-552,-1933,-727,-15,11,-22
2025-12-01T17:58:23.313653,21,24,21,103,116,96,43,26,-4799,9846,9122,-8078,-560,-1920,-736,5,16,-26
2025-12-01T17:58:23.336581,20,23,21,110,134,104,41,23,-4803,9845,9125,-8074,-563,-1918,-725,-9,16,-32
2025-12-01T17:58:23.359178,23,21,21,109,149,104,44,24,-4808,9842,9127,-8071,-563,-1930,-709,-4,17,-34
2025-12-01T17:58:23.381708,24,22,20,121,167,97,43,24,-4816,9838,9130,-8069,-558,-1935,-710,6,18,-41
2025-12-01T17:58:23.396333,23,21,21,111,154,81,43,24,-4823,9834,9131,-8067,-560,-1934,-725,16,15,-37
2025-12-01T17:58:23.418981,22,19,21,115,157,82,39,24,-4826,9834,9132,-8064,-570,-1935,-739,4,17,-24
2025-12-01T17:58:23.433504,22,19,25,113,151,92,45,24,-4826,9834,9132,-8065,-561,-1934,-720,-8,14,-10
2025-12-01T17:58:23.456685,20,21,25,136,150,93,46,22,-4830,9834,9130,-8064,-572,-1934,-718,8,20,-9
2025-12-01T17:58:23.479531,20,21,27,138,135,93,50,22,-4834,9835,9129,-8062,-561,-1928,-721,5,23,-7
2025-12-01T17:58:23.493453,22,20,29,140,145,94,50,21,-4840,9834,9126,-8063,-557,-1942,-726,24,19,-7
2025-12-01T17:58:23.516764,23,20,28,144,149,84,53,22,-4844,9834,9124,-8062,-557,-1923,-721,17,22,-6
2025-12-01T17:58:23.538813,23,20,25,163,149,74,47,23,-4847,9835,9124,-8059,-562,-1925,-731,0,20,-9
2025-12-01T17:58:23.553477,24,18,28,171,168,74,46,24,-4850,9837,9124,-8055,-551,-1925,-720,-11,26,-9
2025-12-01T17:58:23.576726,23,19,26,158,232,75,42,25,-4852,9838,9123,-8053,-568,-1930,-727,0,22,-7
2025-12-01T17:58:23.599278,23,18,23,154,238,80,49,24,-4858,9837,9120,-8056,-568,-1940,-722,32,12,-10
2025-12-01T17:58:23.613418,23,19,27,156,265,86,48,23,-4862,9835,9117,-8059,-561,-1919,-714,34,7,-7
2025-12-01T17:58:23.636978,21,19,27,133,283,86,55,23,-4862,9835,9117,-8059,-562,-1912,-725,13,12,-7
2025-12-01T17:58:23.659219,22,23,24,118,267,89,53,22,-4862,9835,9117,-8059,-557,-1923,-722,9,8,-8
2025-12-01T17:58:23.681533,22,21,24,114,222,98,52,20,-4862,9835,9117,-8059,-561,-1912,-717,12,0,-14
2025-12-01T17:58:23.696732,23,23,29,120,242,97,46,22,-4862,9835,9116,-8059,-563,-1918,-721,8,-4,-3
2025-12-01T17:58:23.719039,21,22,26,122,215,91,47,22,-4862,9835,9116,-8059,-565,-1925,-740,12,1,-3
2025-12-01T17:58:23.741755,21,22,27,120,184,86,43,20,-4862,9835,9117,-8059,-547,-1922,-723,3,-5,5
2025-12-01T17:58:23.756736,19,21,30,119,222,81,41,20,-4861,9835,9117,-8059,-561,-1914,-733,-11,-9,8
2025-12-01T17:58:23.779256,19,23,31,118,227,87,42,21,-4859,9837,9118,-8057,-540,-1900,-731,-17,-5,5
2025-12-01T17:58:23.801733,17,21,26,115,193,95,41,21,-4856,9837,9122,-8054,-543,-1910,-719,-29,-5,-3
2025-12-01T17:58:23.816707,19,23,25,116,188,101,36,23,-4855,9837,9126,-8050,-541,-1923,-733,-27,0,-12
2025-12-01T17:58:23.838681,18,23,25,121,212,105,33,23,-4855,9838,9130,-8045,-549,-1908,-717,-31,10,-18
2025-12-01T17:58:23.861210,18,20,23,113,187,103,32,22,-4857,9836,9133,-8043,-545,-1919,-709,-16,6,-28
2025-12-01T17:58:23.876771,19,20,22,111,195,93,43,22,-4861,9835,9138,-8036,-548,-1913,-729,-19,24,-38
2025-12-01T17:58:23.898516,19,20,22,107,216,91,44,21,-4871,9831,9143,-8029,-540,-1919,-720,0,20,-36
2025-12-01T17:58:23.921033,22,20,24,98,245,101,47,19,-4875,9830,9147,-8022,-540,-1913,-736,-15,24,-40
2025-12-01T17:58:23.940035,23,18,23,88,244,100,49,21,-4878,9830,9153,-8015,-539,-1918,-716,-35,27,-39
2025-12-01T17:58:23.958529,25,19,22,75,234,104,51,22,-4882,9831,9158,-8004,-545,-1931,-735,-38,43,-45
2025-12-01T17:58:23.988780,25,16,22,77,266,104,43,21,-4886,9833,9162,-7994,-551,-1929,-725,-39,49,-44
2025-12-01T17:58:24.000284,25,18,22,90,265,103,50,25,-4894,9833,9166,-7987,-542,-1934,-723,-15,46,-50
2025-12-01T17:58:24.018535,22,17,23,143,245,88,50,26,-4902,9831,9170,-7979,-536,-1940,-733,-12,38,-56
2025-12-01T17:58:24.041033,24,17,30,149,254,107,52,24,-4907,9830,9176,-7970,-530,-1932,-730,-36,36,-51
2025-12-01T17:58:24.060489,23,17,31,161,252,122,65,25,-4910,9833,9183,-7956,-537,-1921,-730,-61,54,-51
2025-12-01T17:58:24.078497,21,19,30,167,200,128,66,26,-4911,9838,9191,-7940,-541,-1932,-751,-79,64,-49
2025-12-01T17:58:24.105269,24,19,31,178,185,155,74,23,-4910,9844,9199,-7924,-546,-1939,-746,-90,54,-39
2025-12-01T17:58:24.120218,23,22,31,151,192,197,87,26,-4908,9850,9205,-7911,-535,-1933,-741,-81,50,-30
2025-12-01T17:58:24.138478,21,22,26,165,152,220,89,28,-4907,9856,9212,-7896,-520,-1920,-765,-77,50,-25
2025-12-01T17:58:24.161020,19,22,26,155,162,215,89,29,-4907,9864,9217,-7880,-522,-1922,-759,-80,64,-23
2025-12-01T17:58:24.180456,19,22,28,154,171,226,93,30,-4907,9870,9221,-7868,-518,-1922,-759,-64,55,-13
2025-12-01T17:58:24.198567,18,22,26,165,178,210,88,33,-4906,9877,9224,-7856,-518,-1932,-760,-66,50,-11
2025-12-01T17:58:24.221009,18,18,24,155,157,176,77,31,-4902,9884,9229,-7844,-529,-1925,-755,-86,45,-7
2025-12-01T17:58:24.240598,18,19,23,134,162,136,73,32,-4895,9892,9234,-7832,-535,-1948,-768,-101,38,-2
2025-12-01T17:58:24.270599,22,19,22,132,157,139,70,31,-4889,9900,9236,-7824,-548,-1965,-762,-84,37,8
2025-12-01T17:58:24.281026,22,20,22,142,155,117,64,30,-4885,9907,9234,-7820,-546,-1947,-758,-49,28,20
2025-12-01T17:58:24.301608,21,19,21,168,139,117,59,28,-4883,9911,9233,-7818,-541,-1933,-771,-29,22,9
2025-12-01T17:58:24.322806,22,19,22,169,124,113,54,25,-4879,9916,9233,-7813,-543,-1909,-763,-46,22,2
2025-12-01T17:58:24.340823,23,20,23,178,130,117,52,23,-4876,9922,9234,-7807,-534,-1928,-777,-51,32,4
2025-12-01T17:58:24.360228,21,20,23,187,125,108,48,22,-4877,9923,9233,-7806,-535,-1923,-786,-1,16,-4
2025-12-01T17:58:24.383262,22,21,21,178,108,105,45,21,-4877,9923,9233,-7806,-534,-1911,-793,-1,14,-2
2025-12-01T17:58:24.401234,23,23,22,133,133,98,41,21,-4874,9925,9234,-7804,-525,-1912,-782,-26,3,-1
2025-12-01T17:58:24.423397,23,23,22,127,160,98,42,21,-4868,9928,9236,-7801,-524,-1920,-800,-36,-4,10
2025-12-01T17:58:24.442559,22,22,22,133,155,98,47,21,-4864,9931,9238,-7798,-518,-1926,-806,-29,-2,6
2025-12-01T17:58:24.468790,24,24,22,121,164,105,52,25,-4861,9932,9239,-7797,-523,-1919,-796,-19,-6,6
2025-12-01T17:58:24.479835,24,22,23,117,166,121,63,26,-4861,9932,9239,-7797,-524,-1923,-799,-14,-9,-1
2025-12-01T17:58:24.506453,22,20,23,105,172,123,66,25,-4861,9932,9239,-7797,-522,-1913,-771,-15,-8,-10
2025-12-01T17:58:24.536753,23,18,22,124,161,121,71,28,-4858,9932,9241,-7797,-524,-1901,-783,-18,-8,-6
2025-12-01T17:58:24.542640,24,19,23,116,157,115,68,31,-4858,9932,9241,-7797,-520,-1917,-793,-15,-9,0
2025-12-01T17:58:24.565429,21,17,23,115,142,102,62,28,-4859,9932,9241,-7797,-511,-1905,-780,-9,-9,5
2025-12-01T17:58:24.581637,20,19,23,112,136,82,54,27,-4859,9931,9241,-7797,-499,-1910,-786,-13,-3,8
2025-12-01T17:58:24.603524,22,20,22,107,116,90,54,26,-4858,9932,9242,-7795,-503,-1906,-780,-21,3,4
2025-12-01T17:58:24.618958,22,20,25,107,101,112,60,26,-4857,9934,9244,-7790,-517,-1913,-797,-26,14,-7
2025-12-01T17:58:24.638182,19,19,22,90,124,109,60,23,-4856,9937,9247,-7785,-516,-1913,-789,-36,14,-7
2025-12-01T17:58:24.661163,20,20,23,96,130,114,60,23,-4854,9939,9249,-7781,-520,-1940,-798,-33,9,0
2025-12-01T17:58:24.678192,21,19,25,112,159,119,66,24,-4850,9940,9250,-7780,-521,-1929,-805,-19,-7,5
2025-12-01T17:58:24.699199,19,19,26,117,188,112,65,23,-4850,9940,9250,-7781,-526,-1919,-803,-5,-15,9
2025-12-01T17:58:24.722310,18,19,26,109,212,93,52,21,-4850,9940,9250,-7781,-520,-1916,-803,0,-14,9
2025-12-01T17:58:24.742075,18,20,24,112,199,87,51,20,-4850,9940,9250,-7781,-517,-1901,-796,-16,-8,3
2025-12-01T17:58:24.760556,19,20,27,115,198,90,51,20,-4847,9941,9252,-7779,-526,-1914,-790,-27,-4,-1
2025-12-01T17:58:24.783393,20,20,24,109,189,91,46,18,-4846,9941,9253,-7778,-525,-1922,-792,-20,1,-4
2025-12-01T17:58:24.802354,19,19,24,127,172,104,42,20,-4846,9941,9253,-7778,-519,-1918,-802,-6,9,-5
2025-12-01T17:58:24.820954,22,22,24,119,158,102,44,22,-4845,9941,9253,-7778,-517,-1910,-814,-1,6,-4
2025-12-01T17:58:24.843588,22,21,25,145,156,106,46,22,-4845,9942,9253,-7778,-519,-1911,-806,-13,2,2
2025-12-01T17:58:24.862947,22,20,22,160,162,106,49,23,-4842,9943,9254,-7776,-527,-1921,-805,-22,-1,5
2025-12-01T17:58:24.880551,21,20,23,161,180,106,55,25,-4839,9945,9255,-7776,-527,-1911,-800,-19,-5,7
2025-12-01T17:58:24.903275,23,21,24,171,160,88,60,25,-4839,9945,9255,-7776,-518,-1914,-796,-16,-12,3
2025-12-01T17:58:24.922782,20,18,26,173,143,83,62,23,-4835,9945,9256,-7777,-528,-1899,-786,-19,-14,1
2025-12-01T17:58:24.940882,20,18,26,153,161,86,65,24,-4830,9946,9260,-7774,-522,-1895,-805,-32,-6,-6
2025-12-01T17:58:24.963554,22,19,26,129,180,100,63,24,-4830,9946,9260,-7774,-513,-1897,-799,-16,3,-9
2025-12-01T17:58:24.982768,23,19,27,122,162,105,63,25,-4831,9946,9260,-7774,-523,-1927,-799,-7,2,-14
2025-12-01T17:58:25.001030,23,18,28,84,179,110,64,24,-4831,9946,9260,-7774,-519,-1914,-809,-4,-1,-8
2025-12-01T17:58:25.031021,24,18,26,94,193,111,61,25,-4831,9946,9260,-7774,-513,-1912,-810,-4,0,-7
2025-12-01T17:58:25.042479,24,19,28,100,212,109,55,25,-4830,9946,9260,-7774,-524,-1908,-808,-11,1,-12
2025-12-01T17:58:25.060988,23,19,28,101,204,89,52,26,-4831,9946,9260,-7773,-510,-1912,-801,4,1,-12
2025-12-01T17:58:25.083494,22,21,27,100,226,70,40,25,-4835,9943,9260,-7774,-509,-1911,-802,19,1,-15
2025-12-01T17:58:25.102710,19,24,28,102,236,61,32,26,-4835,9943,9260,-7774,-499,-1909,-809,14,8,-13
2025-12-01T17:58:25.120940,20,23,28,84,273,73,32,25,-4838,9942,9262,-7771,-517,-1906,-807,4,14,-23
2025-12-01T17:58:25.143560,19,22,26,96,262,71,39,26,-4845,9939,9263,-7769,-511,-1920,-798,11,16,-33
2025-12-01T17:58:25.162682,20,22,27,108,267,75,42,26,-4851,9936,9264,-7768,-527,-1938,-807,19,11,-36
2025-12-01T17:58:25.180895,19,19,29,110,266,76,47,26,-4856,9931,9266,-7768,-516,-1919,-797,17,4,-36
2025-12-01T17:58:25.203596,20,16,25,105,257,91,52,26,-4859,9929,9268,-7767,-526,-1910,-813,11,2,-31
2025-12-01T17:58:25.222732,19,18,24,103,212,86,55,25,-4857,9927,9271,-7768,-524,-1915,-804,-5,-16,-18
2025-12-01T17:58:25.240946,20,19,26,93,244,88,51,25,-4854,9926,9274,-7768,-528,-1913,-804,-18,-13,-10
2025-12-01T17:58:25.263527,21,19,23,93,247,91,47,24,-4848,9927,9275,-7769,-532,-1915,-808,-20,-19,4
2025-12-01T17:58:25.282888,24,20,21,102,223,100,51,23,-4842,9928,9276,-7770,-539,-1924,-804,-25,-17,8
2025-12-01T17:58:25.313013,24,21,25,117,246,124,53,22,-4835,9931,9277,-7769,-545,-1886,-813,-23,-10,1
2025-12-01T17:58:25.323463,24,20,31,123,252,123,57,24,-4831,9930,9279,-7771,-532,-1898,-782,-19,-17,-6
2025-12-01T17:58:25.342282,23,19,30,163,208,135,60,25,-4827,9927,9284,-7771,-522,-1907,-813,-22,-28,-20
2025-12-01T17:58:25.360968,23,20,34,155,203,139,63,24,-4824,9924,9289,-7772,-521,-1913,-797,-18,-28,-21
2025-12-01T17:58:25.383211,21,20,33,162,219,140,60,25,-4822,9918,9293,-7775,-527,-1915,-793,-4,-37,-25
2025-12-01T17:58:25.402424,21,19,32,169,188,136,55,26,-4818,9913,9298,-7778,-528,-1909,-803,-10,-39,-28
2025-12-01T17:58:25.420926,20,21,28,170,210,141,48,23,-4816,9907,9304,-7781,-509,-1915,-799,-7,-47,-25
2025-12-01T17:58:25.443592,22,20,27,129,239,125,45,22,-4811,9900,9310,-7785,-533,-1929,-814,-5,-56,-30
2025-12-01T17:58:25.470255,20,21,27,145,258,134,49,21,-4805,9892,9315,-7792,-534,-1914,-809,2,-67,-22
2025-12-01T17:58:25.481062,20,23,28,142,248,147,46,20,-4797,9886,9321,-7797,-526,-1905,-802,-16,-70,-20
2025-12-01T17:58:25.503826,19,26,28,133,259,133,45,23,-4790,9881,9329,-7799,-530,-1904,-813,-26,-54,-28
2025-12-01T17:58:25.523008,20,25,28,136,246,138,57,27,-4783,9871,9336,-7808,-526,-1922,-785,-7,-84,-27
2025-12-01T17:58:25.541044,19,26,27,145,222,153,69,27,-4778,9863,9343,-7812,-523,-1910,-796,-17,-64,-34
2025-12-01T17:58:25.563572,20,26,27,158,180,141,67,30,-4770,9856,9352,-7815,-517,-1903,-786,-33,-65,-31
2025-12-01T17:58:25.594624,20,24,30,172,202,148,70,29,-4763,9851,9362,-7815,-514,-1928,-794,-53,-51,-24
2025-12-01T17:58:25.601366,21,22,28,169,199,185,72,27,-4755,9847,9370,-7813,-511,-1914,-786,-57,-41,-21
2025-12-01T17:58:25.623482,23,22,27,167,182,180,69,25,-4750,9844,9380,-7809,-505,-1900,-789,-57,-28,-33
2025-12-01T17:58:25.646118,24,22,29,176,204,170,60,25,-4747,9838,9390,-7807,-502,-1930,-802,-44,-38,-42
2025-12-01T17:58:25.660714,23,20,28,177,209,170,65,22,-4747,9831,9398,-7805,-486,-1920,-785,-29,-26,-37
2025-12-01T17:58:25.682816,23,21,24,157,178,150,65,22,-4749,9827,9404,-7801,-476,-1909,-786,-28,-7,-29
2025-12-01T17:58:25.705577,25,21,24,153,167,101,71,22,-4751,9826,9412,-7792,-474,-1899,-807,-43,16,-34
2025-12-01T17:58:25.720580,24,20,24,159,170,109,69,22,-4754,9827,9417,-7784,-480,-1928,-802,-42,25,-23
2025-12-01T17:58:25.751051,22,20,22,145,132,106,73,25,-4756,9828,9420,-7776,-483,-1926,-814,-29,27,-13
2025-12-01T17:58:25.770284,23,19,24,115,132,120,80,27,-4759,9830,9423,-7770,-468,-1910,-807,-27,23,-3
2025-12-01T17:58:25.780515,24,20,24,115,141,124,77,28,-4758,9835,9426,-7760,-481,-1931,-843,-42,31,4
2025-12-01T17:58:25.803186,23,19,26,154,132,125,71,32,-4759,9837,9426,-7756,-491,-1944,-814,-23,19,3
2025-12-01T17:58:25.826095,23,21,28,149,131,123,68,31,-4759,9837,9426,-7757,-507,-1929,-815,-5,6,1
2025-12-01T17:58:25.841033,23,21,28,140,136,155,68,27,-4759,9837,9426,-7757,-507,-1902,-819,-9,-4,3
2025-12-01T17:58:25.862710,23,22,26,136,137,150,61,28,-4758,9838,9427,-7755,-494,-1903,-806,-17,2,4
2025-12-01T17:58:25.885761,23,21,26,144,125,149,59,28,-4756,9840,9427,-7753,-506,-1919,-821,-20,5,7
2025-12-01T17:58:25.900669,22,22,24,113,143,152,60,24,-4756,9840,9427,-7753,-504,-1918,-826,-8,6,11
2025-12-01T17:58:25.923204,21,19,21,108,139,148,59,24,-4756,9840,9427,-7754,-517,-1899,-819,-4,-2,4
2025-12-01T17:58:25.945986,20,20,22,122,140,151,56,23,-4755,9840,9427,-7754,-510,-1908,-825,-13,5,-3
2025-12-01T17:58:25.961002,20,20,23,128,161,149,48,21,-4752,9842,9429,-7751,-506,-1905,-829,-24,-1,-4
2025-12-01T17:58:25.983588,18,18,22,127,174,150,50,20,-4752,9842,9429,-7751,-519,-1915,-829,-12,-9,-4
2025-12-01T17:58:26.005993,18,20,25,118,165,163,51,19,-4752,9842,9429,-7751,-512,-1907,-819,0,-10,-5
2025-12-01T17:58:26.024854,17,22,25,125,168,163,56,21,-4752,9842,9429,-7751,-501,-1907,-823,-9,-4,-6
2025-12-01T17:58:26.043534,16,21,23,129,175,134,55,22,-4750,9843,9430,-7749,-508,-1916,-817,-18,4,1
2025-12-01T17:58:26.066162,17,21,24,128,158,127,55,21,-4750,9843,9430,-7749,-501,-1917,-831,-4,0,5
2025-12-01T17:58:26.085235,17,23,24,122,178,125,55,25,-4750,9843,9430,-7749,-506,-1914,-828,-12,2,2
2025-12-01T17:58:26.103614,19,23,21,131,181,97,56,28,-4751,9843,9430,-7750,-506,-1921,-813,-1,-4,5
2025-12-01T17:58:26.126040,21,22,22,121,212,92,48,28,-4751,9841,9429,-7753,-500,-1913,-835,20,-18,-1
2025-12-01T17:58:26.141047,21,22,22,117,211,87,45,27,-4754,9837,9428,-7758,-480,-1902,-817,39,-19,0
2025-12-01T17:58:26.163221,22,20,22,116,234,88,43,28,-4758,9833,9427,-7761,-481,-1909,-829,37,-14,-4
2025-12-01T17:58:26.186027,23,20,23,125,237,82,38,26,-4761,9832,9425,-7763,-484,-1885,-810,26,2,3
2025-12-01T17:58:26.200849,22,19,25,116,257,72,30,23,-4766,9834,9423,-7760,-475,-1892,-824,16,25,2
2025-12-01T17:58:26.223537,23,20,23,138,278,75,30,24,-4772,9834,9417,-7763,-481,-1907,-808,39,18,17
2025-12-01T17:58:26.245917,23,22,24,145,319,82,26,23,-4781,9836,9410,-7764,-479,-1903,-818,56,35,17
2025-12-01T17:58:26.261074,24,23,24,139,334,78,26,23,-4795,9839,9401,-7762,-458,-1877,-810,64,67,17
2025-12-01T17:58:26.282913,24,22,25,136,339,86,28,22,-4812,9842,9394,-7756,-441,-1885,-808,52,83,-1
2025-12-01T17:58:26.305758,23,21,23,135,348,85,27,22,-4830,9844,9392,-7745,-418,-1866,-781,26,93,-22
2025-12-01T17:58:26.320705,23,21,26,110,314,81,27,19,-4853,9849,9393,-7723,-398,-1881,-805,2,138,-48
2025-12-01T17:58:26.342854,23,19,25,92,308,86,27,20,-4882,9855,9392,-7698,-401,-1892,-808,8,183,-61
2025-12-01T17:58:26.365745,22,20,24,95,295,86,26,20,-4919,9862,9389,-7669,-404,-1888,-798,25,221,-83
2025-12-01T17:58:26.380478,33,23,23,81,301,76,25,19,-4962,9868,9386,-7638,-394,-1868,-775,37,254,-110
2025-12-01T17:58:26.402924,57,24,23,81,336,86,23,22,-5009,9876,9386,-7597,-406,-1857,-775,2,310,-152
2025-12-01T17:58:26.426122,61,26,24,90,399,100,26,23,-5066,9886,9387,-7545,-399,-1875,-773,-9,378,-199
2025-12-01T17:58:26.445325,64,29,24,91,415,95,33,28,-5137,9892,9387,-7488,-393,-1902,-770,29,437,-258
2025-12-01T17:58:26.463606,66,144,36,113,412,97,40,29,-5222,9897,9386,-7424,-375,-1914,-790,55,504,-304
2025-12-01T17:58:26.486132,76,257,61,109,394,99,44,29,-5320,9896,9378,-7365,-368,-1987,-785,135,530,-328
2025-12-01T17:58:26.504855,63,285,75,121,381,97,47,29,-5430,9890,9360,-7316,-334,-1993,-787,251,537,-313
2025-12-01T17:58:26.527861,63,344,91,127,340,89,47,29,-5566,9871,9331,-7276,-302,-1904,-762,430,575,-374
2025-12-01T17:58:26.546076,63,347,97,120,301,83,45,26,-5706,9844,9300,-7244,-319,-1837,-695,475,556,-414
2025-12-01T17:58:26.568623,61,326,96,97,282,82,40,25,-5788,9854,9264,-7212,-549,-1954,-795,256,518,-252
2025-12-01T17:58:26.583642,46,253,83,95,279,75,38,26,-5733,9966,9213,-7166,-739,-2463,-1306,-271,408,383
2025-12-01T17:58:26.605641,42,222,71,72,219,64,34,25,-5660,10002,9177,-7220,-868,-2566,-1333,85,-186,292
2025-12-01T17:58:26.636866,35,116,48,70,177,50,33,24,-5726,9946,9109,-7331,-230,-1668,-521,790,-179,131
2025-12-01T17:58:26.643593,31,110,35,73,153,54,31,23,-5728,9949,9106,-7330,-414,-1597,-773,82,39,-59
2025-12-01T17:58:26.666097,31,82,29,77,166,48,33,23,-5676,9984,9145,-7274,-348,-1762,-643,-546,50,-28
2025-12-01T17:58:26.688507,24,60,28,79,161,61,39,23,-5662,10009,9154,-7238,-385,-2176,-712,-318,144,-4
2025-12-01T17:58:26.703899,23,56,26,79,186,79,58,26,-5690,10005,9129,-7253,-375,-2282,-774,140,81,38
2025-12-01T17:58:26.726239,25,41,26,86,186,136,82,34,-5722,9994,9102,-7277,-334,-2051,-718,226,53,28
2025-12-01T17:58:26.748584,24,30,24,106,187,168,88,33,-5743,9995,9092,-7273,-308,-1952,-672,36,104,-12
2025-12-01T17:58:26.763321,22,25,26,133,209,182,91,34,-5736,10009,9117,-7227,-295,-1973,-724,-289,119,-102
2025-12-01T17:58:26.786105,23,22,30,145,218,214,105,35,-5716,10021,9161,-7171,-333,-2156,-753,-440,80,-171
2025-12-01T17:58:26.808639,22,20,30,152,217,238,100,34,-5703,10012,9203,-7139,-380,-2247,-775,-304,-16,-219
2025-12-01T17:58:26.823414,23,22,31,145,235,226,98,27,-5698,9991,9231,-7136,-418,-2193,-819,-102,-87,-195
2025-12-01T17:58:26.846144,25,22,29,145,240,215,114,30,-5689,9965,9237,-7172,-475,-2181,-843,94,-195,-79
2025-12-01T17:58:26.868341,23,28,27,123,208,212,117,32,-5669,9938,9226,-7240,-492,-2111,-825,216,-306,51
2025-12-01T17:58:26.883420,26,27,22,108,231,189,108,33,-5630,9915,9214,-7317,-489,-1978,-836,207,-390,133
2025-12-01T17:58:26.913595,26,29,28,113,234,216,106,31,-5575,9898,9207,-7390,-463,-1885,-820,130,-429,185
2025-12-01T17:58:26.928625,26,28,30,106,229,204,94,33,-5511,9889,9203,-7455,-483,-1863,-829,62,-420,202
2025-12-01T17:58:26.943591,24,29,31,98,248,191,74,31,-5450,9877,9193,-7527,-480,-1937,-823,107,-437,235
2025-12-01T17:58:26.966101,24,25,29,109,249,185,68,28,-5396,9862,9174,-7609,-471,-1896,-816,196,-445,273
2025-12-01T17:58:26.988507,21,23,31,121,230,180,60,24,-5341,9845,9150,-7697,-472,-1834,-799,239,-463,297
2025-12-01T17:58:27.003564,20,21,26,119,225,121,65,25,-5285,9835,9126,-7777,-450,-1814,-783,194,-436,324
2025-12-01T17:58:27.025930,21,21,24,132,210,141,68,23,-5224,9834,9110,-7839,-416,-1783,-742,72,-384,329
2025-12-01T17:58:27.048634,20,20,27,146,196,152,64,22,-5163,9837,9099,-7886,-420,-1822,-746,4,-334,312
2025-12-01T17:58:27.063738,20,18,30,142,207,151,64,25,-5110,9840,9090,-7929,-426,-1850,-737,0,-305,285
2025-12-01T17:58:27.086135,20,19,28,136,199,146,74,25,-5064,9838,9080,-7972,-442,-1885,-719,20,-289,258
2025-12-01T17:58:27.108681,21,21,29,130,204,141,71,25,-5025,9835,9070,-8012,-467,-1880,-727,44,-254,219
2025-12-01T17:58:27.139322,20,20,29,128,214,126,66,24,-4990,9832,9063,-8046,-494,-1901,-719,21,-231,186
2025-12-01T17:58:27.146118,21,22,26,105,204,111,63,26,-4960,9826,9057,-8078,-522,-1934,-702,22,-214,148
2025-12-01T17:58:27.168592,21,25,23,98,213,117,59,23,-4928,9816,9056,-8110,-541,-1949,-706,13,-233,127
2025-12-01T17:58:27.191290,21,25,21,93,218,117,50,24,-4897,9803,9055,-8147,-555,-1965,-723,41,-261,119
2025-12-01T17:58:27.206090,20,23,21,89,199,96,46,23,-4869,9785,9052,-8187,-550,-1948,-717,81,-277,108
2025-12-01T17:58:27.228278,20,24,24,106,188,79,48,21,-4845,9761,9050,-8233,-557,-1939,-728,125,-300,92
2025-12-01T17:58:27.243668,21,24,24,109,195,82,51,19,-4821,9733,9047,-8283,-573,-1950,-711,147,-323,78
2025-12-01T17:58:27.266080,20,20,25,130,180,89,54,20,-4796,9705,9046,-8331,-557,-1893,-709,143,-332,80
2025-12-01T17:58:27.288649,19,20,27,152,172,101,59,20,-4769,9682,9050,-8370,-522,-1853,-700,91,-304,83
2025-12-01T17:58:27.303420,20,23,29,175,239,144,76,21,-4740,9666,9057,-8398,-491,-1856,-685,26,-263,103
2025-12-01T17:58:27.325690,20,25,27,158,252,149,76,26,-4710,9660,9060,-8416,-461,-1844,-686,-11,-205,146
2025-12-01T17:58:27.348581,22,24,26,153,246,153,81,26,-4682,9669,9060,-8423,-417,-1814,-660,-65,-121,203
2025-12-01T17:58:27.363581,22,26,27,139,267,149,80,27,-4651,9695,9056,-8414,-418,-1818,-661,-147,-18,256
2025-12-01T17:58:27.386048,25,25,27,127,290,149,73,27,-4620,9737,9046,-8393,-410,-1833,-647,-201,77,315
2025-12-01T17:58:27.416794,26,23,24,95,240,111,58,28,-4592,9795,9033,-8354,-413,-1846,-667,-268,193,341
2025-12-01T17:58:27.423601,26,21,23,97,231,104,54,25,-4570,9863,9017,-8304,-423,-1879,-653,-311,287,355
2025-12-01T17:58:27.445909,26,20,24,108,225,95,42,24,-4550,9940,9000,-8241,-440,-1909,-691,-350,361,358
2025-12-01T17:58:27.472904,25,20,22,101,200,96,43,26,-4533,10021,8980,-8174,-466,-1903,-690,-365,406,354
2025-12-01T17:58:27.491135,24,19,21,83,165,93,50,25,-4521,10104,8959,-8102,-484,-1910,-700,-367,451,335
2025-12-01T17:58:27.506072,22,20,22,79,158,97,48,23,-4516,10184,8940,-8025,-515,-1911,-749,-350,478,284
2025-12-01T17:58:27.528622,23,20,21,97,165,118,48,22,-4518,10257,8920,-7953,-551,-1903,-756,-303,472,231
2025-12-01T17:58:27.551157,22,21,19,87,166,135,51,23,-4530,10321,8902,-7882,-562,-1890,-776,-254,475,167
2025-12-01T17:58:27.566115,21,20,19,87,186,127,53,21,-4543,10381,8888,-7812,-597,-1870,-823,-228,460,112
2025-12-01T17:58:27.596811,21,20,20,91,189,117,48,22,-4558,10435,8878,-7742,-622,-1849,-844,-221,449,65
2025-12-01T17:58:27.611163,22,19,17,86,183,119,51,24,-4575,10484,8872,-7673,-631,-1834,-854,-211,439,16
2025-12-01T17:58:27.626439,20,19,19,68,191,108,53,24,-4595,10528,8868,-7606,-675,-1817,-878,-187,432,-39
2025-12-01T17:58:27.648617,19,19,19,74,193,91,53,25,-4620,10564,8865,-7544,-695,-1828,-892,-141,415,-84
2025-12-01T17:58:27.670916,19,20,21,75,191,109,47,24,-4648,10593,8863,-7488,-730,-1841,-904,-112,390,-126
2025-12-01T17:58:27.685883,18,21,20,75,191,107,45,24,-4680,10613,8860,-7443,-745,-1834,-879,-59,355,-150
2025-12-01T17:58:27.708582,18,23,22,79,203,96,43,26,-4713,10628,8859,-7401,-764,-1829,-900,-31,335,-187
2025-12-01T17:58:27.730682,18,21,22,76,204,86,42,26,-4746,10638,8862,-7362,-772,-1813,-900,-22,310,-226
2025-12-01T17:58:27.750317,20,22,23,85,206,92,49,26,-4778,10640,8873,-7325,-785,-1862,-932,-25,263,-277
2025-12-01T17:58:27.768585,20,21,22,92,197,71,49,27,-4803,10631,8891,-7300,-778,-1862,-927,-20,170,-297
2025-12-01T17:58:27.791146,21,20,24,106,201,76,55,32,-4821,10616,8913,-7282,-782,-1889,-931,-24,100,-308
2025-12-01T17:58:27.805880,19,17,25,111,184,71,55,28,-4831,10598,8937,-7273,-794,-1916,-947,-26,34,-292
2025-12-01T17:58:27.828215,20,20,26,131,187,77,54,29,-4832,10575,8959,-7279,-797,-1951,-939,-11,-51,-256
2025-12-01T17:58:27.850594,19,19,26,122,176,72,45,28,-4825,10547,8979,-7298,-803,-1953,-949,22,-133,-225
2025-12-01T17:58:27.866148,18,18,27,132,180,71,45,27,-4810,10516,8997,-7332,-819,-1935,-924,39,-211,-189
2025-12-01T17:58:27.888270,19,20,30,204,177,64,39,23,-4786,10484,9014,-7373,-798,-1926,-926,47,-269,-144
2025-12-01T17:58:27.911357,19,21,29,224,192,75,35,24,-4759,10450,9027,-7422,-783,-1926,-886,52,-313,-106
2025-12-01T17:58:27.926702,19,19,26,218,166,94,40,23,-4729,10418,9040,-7471,-739,-1910,-894,54,-329,-71
2025-12-01T17:58:27.948508,20,20,25,227,170,106,43,23,-4694,10388,9054,-7518,-716,-1887,-894,28,-344,-43
2025-12-01T17:58:27.971132,20,24,28,223,155,104,43,24,-4654,10362,9067,-7561,-679,-1887,-907,6,-340,-3
2025-12-01T17:58:27.986113,19,23,26,151,174,103,42,24,-4615,10340,9077,-7604,-651,-1909,-929,16,-344,42
2025-12-01T17:58:28.008646,27,23,24,117,153,95,39,24,-4577,10318,9081,-7653,-623,-1894,-903,48,-352,84
2025-12-01T17:58:28.031149,52,23,26,120,161,69,33,24,-4541,10296,9083,-7701,-580,-1867,-886,63,-350,108
2025-12-01T17:58:28.046088,54,23,30,121,187,39,26,25,-4510,10272,9084,-7749,-554,-1877,-886,83,-348,110
2025-12-01T17:58:28.068587,56,21,27,137,182,42,26,26,-4484,10246,9085,-7798,-542,-1880,-863,98,-341,105
2025-12-01T17:58:28.091001,58,20,23,140,151,67,29,27,-4465,10220,9085,-7843,-533,-1927,-882,118,-313,97
2025-12-01T17:58:28.106029,56,21,32,156,159,126,37,27,-4453,10193,9082,-7889,-513,-1931,-836,137,-297,98
2025-12-01T17:58:28.128605,35,22,35,175,153,160,45,32,-4441,10170,9085,-7920,-472,-1838,-806,80,-245,70
2025-12-01T17:58:28.150828,32,23,32,172,114,176,54,32,-4428,10146,9097,-7945,-527,-1902,-822,28,-233,23
2025-12-01T17:58:28.166169,28,24,33,158,111,203,66,32,-4419,10120,9109,-7969,-534,-1947,-841,46,-231,2
2025-12-01T17:58:28.188385,27,26,33,159,123,247,91,36,-4410,10092,9117,-8001,-557,-1942,-794,65,-240,13
2025-12-01T17:58:28.211090,26,25,26,156,120,240,100,38,-4404,10067,9120,-8032,-573,-1938,-788,85,-213,22
2025-12-01T17:58:28.226318,26,26,23,128,154,236,104,35,-4392,10052,9115,-8063,-642,-1950,-757,57,-178,69
2025-12-01T17:58:28.248631,25,25,26,127,156,236,108,34,-4379,10042,9103,-8096,-669,-1958,-731,61,-153,102
2025-12-01T17:58:28.271034,31,28,31,169,170,234,110,37,-4362,10038,9083,-8132,-718,-1973,-725,65,-135,150
2025-12-01T17:58:28.286110,28,25,33,178,174,231,99,33,-4353,10040,9049,-8173,-717,-1943,-673,124,-90,201
2025-12-01T17:58:28.308653,25,24,36,170,189,222,91,29,-4354,10047,9005,-8212,-719,-1900,-666,185,-21,222
2025-12-01T17:58:28.331067,25,22,36,173,187,207,83,29,-4362,10061,8957,-8243,-746,-1835,-659,200,56,201
2025-12-01T17:58:28.345813,25,22,38,164,197,195,72,28,-4376,10079,8909,-8266,-756,-1810,-615,175,117,175
2025-12-01T17:58:28.368578,19,19,96,117,208,168,58,24,-4404,10099,8864,-8275,-748,-1782,-618,183,207,115
2025-12-01T17:58:28.391187,19,26,112,99,210,88,38,24,-4457,10114,8818,-8277,-749,-1761,-622,264,291,14
2025-12-01T17:58:28.413656,21,42,119,99,216,75,40,23,-4532,10119,8780,-8271,-725,-1719,-621,323,343,-114
2025-12-01T17:58:28.428436,21,46,150,97,197,70,40,24,-4635,10114,8754,-8248,-662,-1695,-625,362,422,-280
2025-12-01T17:58:28.451013,20,46,153,95,185,107,58,23,-4771,10094,8743,-8206,-601,-1687,-656,425,513,-482
2025-12-01T17:58:28.481824,22,61,147,98,176,119,63,24,-4943,10056,8749,-8144,-479,-1708,-667,478,588,-686
2025-12-01T17:58:28.488820,23,63,137,98,193,125,68,24,-5145,10000,8774,-8061,-345,-1766,-739,528,644,-872
2025-12-01T17:58:28.511262,25,55,131,113,171,126,65,26,-5357,9923,8812,-7976,-288,-1862,-758,561,595,-994
2025-12-01T17:58:28.533616,25,54,114,161,174,134,70,25,-5565,9828,8862,-7896,-229,-1889,-783,584,492,-1069
2025-12-01T17:58:28.548889,30,57,114,167,179,140,68,28,-5760,9722,8925,-7815,-166,-1881,-764,528,406,-1109
2025-12-01T17:58:28.571065,31,47,89,189,183,130,63,27,-5797,9661,9095,-7666,-473,-2275,-445,-827,153,-1189
2025-12-01T17:58:28.593672,35,46,90,203,160,123,62,29,-5862,9581,9203,-7588,-157,-1990,-762,-103,3,-858
2025-12-01T17:58:28.608075,35,49,102,225,163,138,60,31,-5927,9509,9257,-7562,-190,-2131,-888,228,-32,-572
2025-12-01T17:58:28.632093,35,49,83,209,169,163,67,33,-5990,9435,9272,-7588,-168,-2212,-776,429,-134,-333
2025-12-01T17:58:28.653368,33,48,82,212,185,141,62,31,-6078,9348,9256,-7644,-70,-2224,-715,697,-130,-238
2025-12-01T17:58:28.668626,30,42,75,203,260,147,60,29,-6160,9265,9217,-7725,-201,-2096,-739,867,-147,-164
2025-12-01T17:58:28.690836,25,42,72,191,303,159,61,30,-6194,9220,9159,-7822,-322,-2153,-809,782,-205,123
2025-12-01T17:58:28.713472,24,37,56,152,334,146,66,29,-6199,9196,9080,-7936,-255,-2063,-608,679,-249,408
2025-12-01T17:58:28.728670,25,34,58,155,337,107,64,30,-6215,9176,8991,-8047,-145,-1966,-448,666,-178,477
2025-12-01T17:58:28.751493,22,33,49,171,387,105,66,30,-6201,9200,8909,-8122,-257,-1962,-475,377,-47,548
2025-12-01T17:58:28.773621,26,36,51,175,353,115,78,37,-6150,9267,8833,-8167,-334,-1920,-471,56,52,670
2025-12-01T17:58:28.797579,24,30,48,185,343,169,90,38,-6090,9354,8765,-8186,-183,-1954,-424,-147,123,775
2025-12-01T17:58:28.811071,21,29,45,198,315,186,98,39,-6040,9433,8741,-8158,-234,-1906,-513,-311,189,458
2025-12-01T17:58:28.833676,23,31,37,173,327,198,97,39,-5956,9526,8801,-8048,-344,-1124,-661,-774,220,24
2025-12-01T17:58:28.848643,26,47,119,146,299,208,136,44,-5826,9666,8855,-7914,-593,-2105,-792,-1174,330,237
2025-12-01T17:58:28.870802,30,55,127,122,298,208,148,42,-5646,9786,8926,-7818,-288,-2372,-638,-1386,-65,533
2025-12-01T17:58:28.893165,32,58,131,104,288,175,148,38,-5492,9879,8961,-7770,-462,-2129,-754,-933,-130,492
2025-12-01T17:58:28.913672,33,61,135,65,284,156,145,41,-5368,9935,8971,-7774,-495,-2056,-812,-510,-265,466
2025-12-01T17:58:28.931075,33,59,137,60,257,157,146,44,-5253,9965,8976,-7808,-561,-2016,-728,-364,-387,417
2025-12-01T17:58:28.953584,33,48,82,77,216,147,109,42,-5146,9974,8984,-7859,-620,-2014,-750,-253,-471,328
2025-12-01T17:58:28.968443,29,40,111,159,240,166,84,38,-5037,9964,8999,-7925,-697,-1964,-729,-199,-584,253
2025-12-01T17:58:28.990825,29,34,108,168,215,151,68,40,-4920,9945,9028,-7988,-739,-1919,-716,-256,-638,176
2025-12-01T17:58:29.021883,29,30,106,179,216,156,62,37,-4804,9916,9073,-8045,-752,-1924,-722,-305,-674,82
2025-12-01T17:58:29.028968,27,31,105,188,233,143,53,31,-4696,9875,9123,-8102,-748,-1937,-691,-288,-685,17
2025-12-01T17:58:29.051026,26,30,104,208,253,156,66,30,-4603,9825,9169,-8163,-745,-1943,-650,-219,-667,-22
2025-12-01T17:58:29.073481,27,24,54,163,209,128,72,34,-4529,9766,9211,-8228,-727,-1915,-621,-125,-642,-67
2025-12-01T17:58:29.089006,26,25,49,172,208,135,77,33,-4468,9706,9254,-8284,-710,-1862,-607,-107,-579,-126
2025-12-01T17:58:29.111047,27,24,44,171,207,160,81,31,-4420,9643,9298,-8334,-680,-1875,-589,-86,-533,-167
2025-12-01T17:58:29.133707,27,22,39,211,206,167,81,32,-4385,9582,9342,-8374,-646,-1868,-567,-88,-457,-201
2025-12-01T17:58:29.148657,26,21,34,188,163,148,69,31,-4364,9522,9384,-8406,-626,-1855,-559,-59,-380,-234
2025-12-01T17:58:29.171234,25,20,34,198,151,171,63,27,-4358,9471,9425,-8421,-585,-1878,-572,-73,-260,-244
2025-12-01T17:58:29.193386,26,20,32,186,146,181,63,27,-4363,9429,9460,-8426,-560,-1915,-598,-53,-164,-237
2025-12-01T17:58:29.209193,25,21,34,184,159,167,70,27,-4379,9394,9489,-8425,-523,-1915,-588,-41,-87,-216
2025-12-01T17:58:29.230630,24,19,29,138,146,167,73,24,-4396,9367,9516,-8415,-497,-1915,-626,-48,-37,-197
2025-12-01T17:58:29.253582,24,22,35,175,158,197,80,25,-4412,9345,9543,-8401,-492,-1952,-647,-71,-17,-178
2025-12-01T17:58:29.268698,20,23,33,171,155,198,80,25,-4423,9326,9568,-8387,-484,-1970,-677,-75,-22,-148
2025-12-01T17:58:29.299497,19,23,34,197,148,188,79,25,-4429,9313,9595,-8368,-477,-1952,-702,-110,-14,-126
2025-12-01T17:58:29.313871,17,22,32,222,134,202,69,24,-4426,9303,9622,-8349,-493,-1962,-705,-145,-28,-105
2025-12-01T17:58:29.328598,17,24,31,218,125,208,73,28,-4424,9295,9648,-8329,-482,-1985,-703,-154,-19,-89
2025-12-01T17:58:29.351233,17,24,26,192,108,219,84,28,-4426,9287,9670,-8312,-484,-1985,-713,-116,-6,-87
2025-12-01T17:58:29.374522,18,22,26,191,129,211,87,30,-4430,9280,9685,-8299,-494,-1993,-715,-82,4,-71
2025-12-01T17:58:29.396543,18,23,27,169,139,237,95,30,-4439,9271,9695,-8293,-475,-1999,-711,-27,0,-57
2025-12-01T17:58:29.410952,20,24,29,143,140,223,100,33,-4441,9266,9706,-8286,-485,-1971,-712,-53,-10,-38
2025-12-01T17:58:29.433156,21,25,30,165,149,231,112,32,-4439,9264,9717,-8276,-484,-1996,-726,-85,-5,-17
2025-12-01T17:58:29.456892,25,23,33,182,224,223,115,38,-4432,9268,9728,-8262,-478,-1999,-721,-130,4,12
2025-12-01T17:58:29.470932,25,24,32,197,223,212,120,37,-4425,9272,9735,-8252,-470,-2018,-718,-108,2,40
2025-12-01T17:58:29.494711,25,23,36,245,225,183,121,40,-4420,9279,9733,-8250,-487,-2059,-708,-69,7,78
2025-12-01T17:58:29.516471,24,21,37,257,232,197,126,39,-4414,9292,9720,-8254,-486,-2056,-695,-40,20,155
2025-12-01T17:58:29.530781,25,22,41,256,257,185,114,38,-4407,9320,9690,-8261,-501,-2033,-664,-13,81,250
2025-12-01T17:58:29.553268,21,20,43,304,197,176,100,29,-4406,9364,9643,-8267,-508,-2048,-641,8,173,351
2025-12-01T17:58:29.575733,23,22,46,330,199,174,90,27,-4408,9423,9579,-8273,-528,-2052,-649,53,257,445
2025-12-01T17:58:29.591507,22,27,47,321,197,187,81,23,-4419,9497,9496,-8279,-515,-2012,-605,95,354,534
2025-12-01T17:58:29.613468,25,32,59,314,201,165,64,23,-4444,9587,9397,-8274,-509,-2006,-612,130,506,590
2025-12-01T17:58:29.636204,22,30,102,343,162,151,54,26,-4482,9685,9286,-8265,-525,-1974,-615,193,593,612
2025-12-01T17:58:29.651131,23,30,103,339,170,121,45,27,-4542,9783,9166,-8251,-504,-1935,-557,256,699,577
2025-12-01T17:58:29.673558,21,29,108,421,157,117,45,29,-4619,9881,9047,-8223,-513,-1873,-589,299,797,494
2025-12-01T17:58:29.704023,23,41,111,466,148,76,36,28,-4718,9972,8936,-8177,-515,-1838,-566,295,894,349
2025-12-01T17:58:29.711114,20,43,133,470,154,85,38,29,-4848,10054,8835,-8111,-500,-1839,-627,363,1003,170
2025-12-01T17:58:29.733309,24,55,136,535,273,100,42,26,-5006,10114,8743,-8040,-463,-1885,-705,489,1016,-1
2025-12-01T17:58:29.756123,23,62,176,524,282,124,43,27,-5198,10152,8651,-7969,-442,-1900,-722,660,1054,-155
2025-12-01T17:58:29.771109,27,68,183,581,302,132,49,26,-5411,10165,8559,-7909,-429,-1865,-777,855,1000,-285
2025-12-01T17:58:29.801990,29,65,186,556,312,152,55,31,-5614,10160,8492,-7846,-416,-1728,-791,818,886,-430
2025-12-01T17:58:29.816229,37,77,185,583,327,165,63,29,-5800,10150,8456,-7762,-430,-1711,-821,653,842,-579
2025-12-01T17:58:29.831498,41,80,199,556,264,168,74,31,-5945,10140,8458,-7664,-447,-1781,-895,399,703,-643
2025-12-01T17:58:29.853645,44,78,176,595,269,178,90,36,-6066,10121,8478,-7571,-456,-1840,-878,286,565,-678
2025-12-01T17:58:29.876036,43,85,187,492,285,179,89,39,-6152,10107,8501,-7495,-482,-1887,-906,204,415,-566
2025-12-01T17:58:29.890717,44,88,195,466,292,170,88,37,-6216,10093,8512,-7447,-499,-1946,-911,233,290,-426
2025-12-01T17:58:29.913704,38,76,184,426,267,156,81,38,-6256,10086,8506,-7431,-541,-2008,-902,256,173,-237
2025-12-01T17:58:29.936134,34,64,148,345,253,145,72,39,-6283,10076,8493,-7436,-480,-2047,-830,264,68,-109
2025-12-01T17:58:29.951235,31,61,134,280,239,109,48,36,-6272,10105,8453,-7452,-729,-1906,-793,151,119,79
2025-12-01T17:58:29.973694,29,50,103,254,198,94,44,32,-6238,10133,8431,-7466,-685,-2474,-965,17,-7,152
2025-12-01T17:58:29.995989,27,43,79,319,174,83,50,34,-6239,10105,8397,-7543,-584,-2002,-556,342,-223,91
2025-12-01T17:58:30.019500,26,43,70,352,251,137,77,35,-6233,10095,8371,-7589,-524,-1939,-603,212,-128,96
2025-12-01T17:58:30.033351,28,50,112,370,307,155,117,48,-6189,10109,8385,-7590,-364,-1772,-528,-222,-119,99
2025-12-01T17:58:30.056202,28,52,113,348,332,161,141,53,-6133,10135,8424,-7559,-324,-1980,-613,-443,-78,58
2025-12-01T17:58:30.071209,30,50,122,308,326,230,174,64,-6077,10155,8461,-7537,-296,-2050,-660,-395,-134,85
2025-12-01T17:58:30.094515,30,54,148,239,325,237,186,67,-6009,10160,8503,-7537,-337,-2024,-720,-328,-290,84
2025-12-01T17:58:30.116262,29,56,185,178,262,233,180,66,-5920,10167,8549,-7545,-367,-1931,-822,-335,-384,121
2025-12-01T17:58:30.135468,29,51,164,136,173,227,162,58,-5793,10184,8603,-7559,-494,-1964,-906,-459,-498,188
2025-12-01T17:58:30.153632,32,55,198,112,89,227,144,54,-5626,10207,8666,-7583,-549,-1922,-899,-622,-644,273
2025-12-01T17:58:30.176308,31,58,196,108,130,163,109,44,-5429,10223,8745,-7614,-584,-1857,-867,-753,-800,282
2025-12-01T17:58:30.191145,57,56,191,97,156,153,81,40,-5217,10228,8838,-7647,-603,-1853,-804,-865,-893,249
2025-12-01T17:58:30.213952,71,53,161,100,184,144,74,40,-5009,10220,8932,-7688,-662,-1862,-774,-830,-934,194
2025-12-01T17:58:30.236133,76,58,173,123,242,147,63,37,-4829,10183,9015,-7755,-670,-1876,-706,-627,-982,130
2025-12-01T17:58:30.251161,77,53,152,164,256,144,75,37,-4674,10126,9096,-7831,-682,-1847,-709,-470,-994,24
2025-12-01T17:58:30.273741,76,49,157,194,254,206,90,37,-4546,10044,9177,-7916,-647,-1850,-621,-350,-1002,-87
2025-12-01T17:58:30.296562,59,48,146,248,249,260,120,37,-4452,9952,9263,-7984,-522,-1787,-568,-295,-893,-195
2025-12-01T17:58:30.319303,46,48,138,264,237,334,158,47,-4387,9863,9357,-8023,-476,-1780,-562,-316,-712,-319
2025-12-01T17:58:30.333671,35,40,139,270,189,364,174,47,-4359,9784,9447,-8029,-419,-1854,-548,-322,-460,-390
2025-12-01T17:58:30.355994,30,43,124,270,193,409,189,50,-4360,9721,9527,-8011,-370,-1921,-591,-299,-238,-396
2025-12-01T17:58:30.379418,30,40,115,253,200,385,184,49,-4379,9682,9590,-7971,-316,-2050,-657,-295,-34,-305
2025-12-01T17:58:30.393482,30,33,110,217,208,359,170,47,-4412,9668,9625,-7927,-284,-2137,-728,-207,124,-155
2025-12-01T17:58:30.415680,22,30,111,192,205,279,137,36,-4439,9686,9626,-7890,-324,-2275,-789,-166,218,85
2025-12-01T17:58:30.438986,24,33,100,185,198,231,114,35,-4457,9725,9599,-7865,-315,-2112,-757,-99,247,266
2025-12-01T17:58:30.453276,22,31,130,169,187,141,77,27,-4465,9782,9566,-7829,-335,-2056,-795,-146,314,347
2025-12-01T17:58:30.476164,23,36,132,178,159,176,68,25,-4472,9844,9527,-7794,-388,-2043,-769,-157,342,357
2025-12-01T17:58:30.499328,22,38,140,187,151,186,66,27,-4500,9905,9468,-7773,-415,-2081,-744,-7,396,385
2025-12-01T17:58:30.513762,23,41,149,210,143,186,69,29,-4546,9964,9398,-7755,-430,-1994,-768,127,458,350
2025-12-01T17:58:30.536266,21,46,154,204,141,203,80,29,-4607,10020,9328,-7732,-456,-1902,-770,193,521,268
2025-12-01T17:58:30.559442,26,46,133,188,136,219,80,31,-4684,10069,9263,-7701,-500,-1871,-765,219,585,143
2025-12-01T17:58:30.573693,26,44,147,181,132,185,76,31,-4774,10108,9210,-7658,-551,-1817,-774,237,631,-13
2025-12-01T17:58:30.600162,26,43,140,149,117,173,66,28,-4877,10137,9169,-7604,-606,-1788,-811,255,674,-187
2025-12-01T17:58:30.618635,26,43,134,126,160,171,60,26,-4994,10153,9141,-7540,-647,-1803,-851,277,709,-355
2025-12-01T17:58:30.633527,26,38,115,120,171,150,44,24,-5117,10152,9123,-7479,-689,-1890,-903,328,663,-472
2025-12-01T17:58:30.655856,24,39,107,132,179,131,61,24,-5238,10134,9110,-7436,-686,-1912,-945,414,538,-519
2025-12-01T17:58:30.679291,24,37,75,145,230,147,77,29,-5345,10106,9101,-7410,-665,-1910,-982,453,401,-500
2025-12-01T17:58:30.701813,26,41,69,148,234,150,99,35,-5435,10077,9098,-7387,-537,-1788,-949,403,307,-435
2025-12-01T17:58:30.716337,27,39,56,143,272,143,108,41,-5499,10054,9107,-7360,-434,-1835,-1046,306,202,-357
2025-12-01T17:58:30.739923,27,37,51,175,312,147,112,44,-5519,10038,9124,-7346,-531,-1820,-1044,164,43,-275
2025-12-01T17:58:30.761730,27,32,39,177,320,136,104,44,-5488,10045,9126,-7357,-677,-2153,-1178,62,-98,-12
2025-12-01T17:58:30.776341,29,31,35,175,334,128,97,43,-5422,10068,9101,-7406,-527,-1949,-950,16,-259,349
2025-12-01T17:58:30.799348,27,28,32,180,344,125,112,47,-5335,10106,9081,-7440,-592,-1757,-955,-96,-234,369
2025-12-01T17:58:30.813117,27,28,31,186,319,170,114,47,-5227,10145,9074,-7474,-608,-1854,-865,-282,-317,398
2025-12-01T17:58:30.836120,26,27,27,168,290,185,119,46,-5112,10175,9075,-7510,-661,-1899,-836,-333,-372,351
2025-12-01T17:58:30.859497,28,25,25,155,279,188,128,47,-5004,10190,9072,-7567,-673,-1873,-806,-222,-447,346
2025-12-01T17:58:30.873794,29,28,87,140,227,189,127,47,-4900,10197,9071,-7626,-669,-1863,-839,-177,-481,327
2025-12-01T17:58:30.896562,28,27,94,183,223,188,98,38,-4791,10194,9080,-7688,-642,-1879,-805,-216,-556,299
2025-12-01T17:58:30.919154,29,25,97,184,211,176,87,35,-4681,10185,9103,-7740,-598,-1867,-777,-292,-572,254
2025-12-01T17:58:30.933347,30,26,98,171,186,163,77,32,-4573,10169,9138,-7784,-580,-1874,-784,-335,-582,191
2025-12-01T17:58:30.956184,26,27,102,184,214,177,62,27,-4476,10146,9179,-7822,-544,-1888,-763,-336,-563,139
2025-12-01T17:58:30.979515,23,24,59,223,225,183,59,24,-4400,10115,9219,-7859,-514,-1899,-732,-267,-515,77
2025-12-01T17:58:30.993809,23,23,47,190,210,192,57,27,-4345,10080,9258,-7888,-479,-1892,-732,-212,-439,23
2025-12-01T17:58:31.024455,22,22,42,225,202,183,76,29,-4310,10046,9296,-7907,-417,-1894,-708,-187,-348,-11
2025-12-01T17:58:31.039328,22,20,38,233,203,185,94,30,-4295,10017,9330,-7912,-368,-1900,-724,-157,-229,-30
2025-12-01T17:58:31.053699,23,19,29,230,194,176,95,30,-4296,9996,9357,-7905,-348,-1916,-741,-121,-110,-34
2025-12-01T17:58:31.076334,24,20,29,200,191,163,98,32,-4305,9985,9378,-7889,-342,-1918,-785,-110,-25,-19
2025-12-01T17:58:31.099928,26,19,28,201,196,185,100,31,-4316,9986,9394,-7863,-352,-1937,-782,-140,56,15
2025-12-01T17:58:31.113815,24,20,27,157,195,172,86,29,-4325,9998,9405,-7831,-376,-1948,-814,-164,113,47
2025-12-01T17:58:31.136294,25,22,30,155,212,197,96,37,-4333,10014,9410,-7799,-419,-1938,-809,-159,139,65
2025-12-01T17:58:31.159504,26,21,27,162,233,204,105,40,-4337,10035,9412,-7767,-468,-1945,-832,-164,154,75
2025-12-01T17:58:31.173457,25,19,28,161,229,222,107,41,-4343,10058,9411,-7736,-494,-1926,-831,-154,176,68
2025-12-01T17:58:31.195339,26,21,28,148,282,218,106,42,-4351,10081,9407,-7706,-529,-1903,-854,-124,185,60
2025-12-01T17:58:31.218658,26,19,27,138,273,219,115,40,-4359,10104,9400,-7679,-573,-1900,-882,-93,194,47
2025-12-01T17:58:31.241781,25,19,25,142,267,193,92,36,-4366,10126,9393,-7655,-593,-1885,-895,-80,174,42
2025-12-01T17:58:31.256296,23,20,26,124,230,205,82,33,-4370,10151,9387,-7627,-604,-1849,-932,-86,185,33
2025-12-01T17:58:31.279460,22,21,26,117,222,185,74,31,-4373,10174,9383,-7600,-629,-1862,-948,-88,173,22
2025-12-01T17:58:31.301970,19,19,26,125,154,163,70,29,-4375,10193,9378,-7579,-657,-1853,-937,-67,152,3
2025-12-01T17:58:31.316138,21,21,26,121,153,178,58,29,-4379,10206,9372,-7566,-677,-1857,-926,-37,124,-11
2025-12-01T17:58:31.339476,20,22,70,102,142,180,55,25,-4380,10219,9369,-7551,-686,-1817,-927,-46,119,-31
2025-12-01T17:58:31.362013,21,26,99,122,146,148,55,26,-4386,10226,9367,-7542,-697,-1824,-907,-20,101,-60
2025-12-01T17:58:31.376139,23,25,102,131,140,149,61,25,-4398,10224,9365,-7540,-699,-1832,-900,36,79,-94
2025-12-01T17:58:31.399727,24,25,104,124,131,141,62,26,-4411,10216,9365,-7543,-721,-1816,-909,61,46,-129
2025-12-01T17:58:31.421316,24,25,105,125,149,121,59,29,-4423,10200,9368,-7553,-716,-1803,-875,82,-2,-157
2025-12-01T17:58:31.435924,23,25,83,124,174,122,55,30,-4435,10175,9379,-7567,-721,-1821,-884,88,-50,-204
2025-12-01T17:58:31.459559,22,21,48,118,174,130,57,30,-4444,10143,9394,-7585,-719,-1851,-899,96,-102,-231
2025-12-01T17:58:31.482032,22,20,46,116,178,123,48,30,-4453,10103,9412,-7612,-694,-1873,-895,121,-162,-235
2025-12-01T17:58:31.496275,21,22,43,156,182,101,43,32,-4455,10058,9433,-7643,-671,-1846,-905,134,-224,-236
2025-12-01T17:58:31.519437,21,22,38,168,174,95,42,29,-4454,10007,9457,-7682,-649,-1888,-925,154,-296,-223
2025-12-01T17:58:31.539929,25,20,39,176,149,88,43,32,-4450,9951,9479,-7730,-634,-1931,-912,177,-345,-205
2025-12-01T17:58:31.554578,26,21,41,197,140,68,35,33,-4446,9891,9496,-7788,-621,-1965,-914,225,-385,-174
2025-12-01T17:58:31.579082,29,23,36,222,128,77,45,35,-4446,9828,9506,-7856,-588,-1976,-888,296,-415,-137
2025-12-01T17:58:31.602811,31,24,34,221,120,108,50,37,-4449,9762,9511,-7929,-579,-1978,-837,319,-420,-127
2025-12-01T17:58:31.615913,36,23,37,229,111,131,55,40,-4456,9698,9521,-7991,-506,-1884,-787,292,-379,-142
2025-12-01T17:58:31.637843,35,23,40,233,103,132,56,39,-4465,9636,9540,-8039,-497,-1874,-769,224,-340,-196
2025-12-01T17:58:31.662062,36,25,34,207,94,169,60,38,-4487,9567,9563,-8082,-495,-1943,-759,237,-298,-262
2025-12-01T17:58:31.684132,39,25,36,181,147,175,74,40,-4524,9492,9583,-8126,-373,-1899,-701,302,-290,-264
2025-12-01T17:58:31.699484,38,23,35,169,140,164,73,36,-4567,9418,9610,-8156,-518,-1870,-751,293,-204,-411
2025-12-01T17:58:31.721988,39,24,35,154,135,153,71,35,-4583,9371,9637,-8170,-629,-2043,-811,107,-156,-305
2025-12-01T17:58:31.736306,43,27,32,142,134,151,69,35,-4580,9330,9652,-8200,-670,-2103,-746,88,-217,-184
2025-12-01T17:58:31.759559,44,31,75,149,140,113,67,39,-4580,9282,9659,-8245,-641,-2061,-754,198,-269,-160
2025-12-01T17:58:31.781993,44,31,87,152,93,108,42,35,-4582,9224,9674,-8293,-621,-2002,-715,203,-314,-219
2025-12-01T17:58:31.796343,45,32,89,133,92,102,36,37,-4595,9151,9686,-8352,-597,-2072,-684,298,-352,-254
2025-12-01T17:58:31.820033,43,31,91,145,117,95,35,35,-4618,9062,9691,-8430,-554,-2004,-675,451,-421,-277
2025-12-01T17:58:31.842073,35,29,92,163,123,94,37,33,-4645,8966,9698,-8509,-477,-1925,-640,483,-445,-287
2025-12-01T17:58:31.856258,35,22,66,184,141,104,37,28,-4672,8876,9710,-8575,-421,-1907,-638,430,-410,-285
2025-12-01T17:58:31.879546,28,24,99,182,135,101,38,29,-4700,8793,9725,-8628,-361,-1903,-636,383,-359,-265
2025-12-01T17:58:31.902369,25,24,100,178,135,99,39,27,-4729,8722,9738,-8671,-301,-1914,-639,346,-296,-215
2025-12-01T17:58:31.916336,25,30,102,175,129,95,40,30,-4754,8665,9746,-8704,-270,-1944,-625,287,-227,-143
2025-12-01T17:58:31.938268,30,34,105,244,143,88,40,31,-4773,8627,9752,-8725,-226,-1915,-630,221,-167,-58
2025-12-01T17:58:31.961644,29,35,126,231,124,86,38,32,-4786,8603,9757,-8737,-211,-1916,-647,158,-119,1
2025-12-01T17:58:31.975907,29,35,102,233,129,92,45,30,-4792,8589,9766,-8736,-185,-1894,-636,69,-83,31
2025-12-01T17:58:31.999364,29,34,104,256,126,101,53,28,-4792,8585,9780,-8725,-208,-1914,-620,-27,-44,38
2025-12-01T17:58:32.021753,30,31,105,262,122,103,55,27,-4794,8582,9794,-8710,-223,-1919,-579,-63,-14,22
2025-12-01T17:58:32.035767,30,31,103,185,122,121,56,28,-4796,8583,9810,-8690,-268,-1929,-596,-82,15,-6
2025-12-01T17:58:32.059150,28,30,74,215,151,159,60,29,-4802,8584,9824,-8670,-325,-1988,-621,-65,33,-32
2025-12-01T17:58:32.082058,28,28,61,221,158,184,67,31,-4810,8583,9834,-8655,-376,-1957,-613,-28,40,-59
2025-12-01T17:58:32.095902,43,36,110,224,158,199,82,35,-4817,8585,9846,-8636,-413,-1964,-600,-64,62,-80
2025-12-01T17:58:32.117512,42,39,107,225,180,210,88,37,-4822,8587,9856,-8619,-476,-1999,-585,-76,65,-97
2025-12-01T17:58:32.141690,41,43,109,230,170,204,87,35,-4828,8585,9863,-8610,-545,-2051,-605,-27,44,-119
2025-12-01T17:58:32.156218,42,43,108,194,147,170,85,33,-4834,8580,9863,-8613,-580,-2028,-566,25,24,-116
2025-12-01T17:58:32.179317,46,45,111,181,143,141,78,37,-4837,8573,9862,-8619,-602,-2042,-548,24,5,-112
2025-12-01T17:58:32.202356,40,44,97,155,145,132,66,43,-4845,8560,9861,-8628,-565,-2011,-497,34,-9,-129
2025-12-01T17:58:32.224458,44,57,102,128,125,135,54,42,-4858,8542,9864,-8634,-520,-2053,-497,33,-6,-151
2025-12-01T17:58:32.239406,46,54,103,136,128,145,56,43,-4879,8516,9865,-8647,-436,-2159,-460,69,-29,-131
2025-12-01T17:58:32.262045,46,54,103,159,138,144,53,43,-4899,8496,9853,-8669,-392,-2110,-440,125,-26,-42
2025-12-01T17:58:32.284522,45,53,100,163,137,137,52,38,-4926,8481,9833,-8692,-352,-2130,-454,178,14,4
2025-12-01T17:58:32.299611,38,49,60,149,142,118,39,27,-4960,8471,9808,-8711,-303,-2060,-445,197,65,24
2025-12-01T17:58:32.321971,32,27,49,164,154,94,47,27,-4990,8465,9789,-8720,-287,-2024,-448,140,82,18
2025-12-01T17:58:32.351848,26,23,36,213,181,81,46,26,-5013,8459,9782,-8722,-317,-2025,-490,89,62,-27
2025-12-01T17:58:32.358582,25,22,32,214,175,85,47,28,-5034,8438,9780,-8732,-320,-2025,-508,128,-28,-74
2025-12-01T17:58:32.382048,18,21,32,215,193,101,49,27,-5056,8363,9871,-8689,49,-1917,-601,-165,-247,-448
2025-12-01T17:58:32.405302,21,21,33,224,202,102,51,28,-5042,8338,9945,-8636,-176,-1840,-631,-326,-128,-273
2025-12-01T17:58:32.418578,23,22,28,221,213,113,47,27,-5017,8325,10012,-8586,-232,-2020,-583,-404,-118,-191
2025-12-01T17:58:32.441890,21,22,29,190,220,124,51,27,-5002,8309,10055,-8559,-209,-2097,-584,-239,-116,-110
2025-12-01T17:58:32.464530,22,22,33,216,252,194,66,28,-5012,8283,10072,-8559,-228,-2053,-550,7,-82,-114
2025-12-01T17:58:32.478872,27,23,32,214,258,206,79,29,-5020,8270,10069,-8570,-481,-1966,-594,115,-15,-129
2025-12-01T17:58:32.501768,25,22,31,207,256,220,79,29,-5037,8262,10083,-8551,-251,-1898,-559,-28,54,-125
2025-12-01T17:58:32.524544,25,23,33,201,238,221,86,31,-5058,8267,10085,-8533,-328,-2014,-573,-12,140,-95
2025-12-01T17:58:32.539582,26,22,31,170,215,221,90,32,-5088,8272,10086,-8509,-308,-2038,-563,-16,183,-116
2025-12-01T17:58:32.562058,27,22,25,115,220,170,84,31,-5101,8296,10068,-8498,-412,-1999,-659,56,186,18
2025-12-01T17:58:32.584582,22,21,24,125,200,161,76,31,-5122,8322,10040,-8494,-440,-2024,-606,102,222,27
2025-12-01T17:58:32.598863,21,20,26,125,194,149,75,28,-5155,8355,9994,-8495,-596,-1933,-522,165,333,-10
2025-12-01T17:58:32.622314,21,19,24,138,233,164,69,27,-5162,8403,9967,-8476,-263,-2077,-584,-49,257,220
2025-12-01T17:58:32.644892,22,20,28,166,242,156,73,26,-5200,8436,9923,-8471,-313,-2120,-494,112,322,129
2025-12-01T17:58:32.658849,19,20,25,175,224,149,69,26,-5234,8467,9882,-8468,-221,-2130,-477,93,278,180
2025-12-01T17:58:32.682118,20,21,26,158,229,180,62,24,-5258,8504,9829,-8476,-367,-2104,-513,154,267,201
2025-12-01T17:58:32.704578,21,23,24,160,246,177,61,25,-5275,8543,9775,-8490,-188,-2097,-588,193,202,348
2025-12-01T17:58:32.718846,19,24,31,193,221,159,58,24,-5309,8580,9710,-8506,-264,-2100,-382,186,294,292
2025-12-01T17:58:32.742127,21,24,32,199,220,155,40,22,-5357,8620,9618,-8539,-363,-2117,-308,323,363,318
2025-12-01T17:58:32.764536,23,42,127,193,199,152,34,21,-5410,8660,9532,-8562,-411,-2098,-430,361,396,251
2025-12-01T17:58:32.778868,23,53,157,193,214,88,31,20,-5459,8710,9447,-8575,-447,-2049,-398,296,444,253
2025-12-01T17:58:32.801861,24,57,212,189,190,81,27,19,-5509,8769,9365,-8572,-446,-2027,-428,239,508,245
2025-12-01T17:58:32.824155,26,69,269,143,171,76,24,18,-5558,8838,9289,-8552,-471,-1988,-469,178,570,210
2025-12-01T17:58:32.838059,25,71,309,110,164,68,23,19,-5610,8906,9217,-8526,-491,-2017,-472,152,593,176
2025-12-01T17:58:32.869547,27,67,296,97,161,69,25,18,-5669,8967,9140,-8506,-520,-1990,-477,235,585,142
2025-12-01T17:58:32.884375,29,72,324,99,181,69,27,20,-5728,9014,9064,-8498,-562,-1998,-541,329,508,99
2025-12-01T17:58:32.898833,61,86,407,119,254,75,33,26,-5771,9056,8999,-8494,-579,-1952,-588,306,404,88
2025-12-01T17:58:32.922097,80,98,484,194,257,77,41,26,-5798,9092,8948,-8491,-567,-1894,-610,249,295,83
2025-12-01T17:58:32.944518,81,103,521,218,257,87,42,27,-5808,9118,8916,-8489,-560,-1874,-604,165,178,49
2025-12-01T17:58:32.958907,81,110,552,226,278,150,55,28,-5805,9138,8903,-8484,-571,-1874,-643,96,91,-8
2025-12-01T17:58:32.982143,82,105,535,239,256,173,61,29,-5791,9148,8903,-8483,-547,-1883,-646,47,-18,-18
2025-12-01T17:58:33.004831,64,95,457,244,182,190,75,27,-5781,9145,8910,-8485,-450,-1825,-572,48,-66,-43
2025-12-01T17:58:33.018492,39,74,338,206,169,188,75,26,-5779,9131,8925,-8485,-471,-1829,-575,61,-86,-133
2025-12-01T17:58:33.042150,37,66,237,191,159,194,75,25,-5756,9128,8956,-8471,-563,-1932,-623,-99,-91,-159
2025-12-01T17:58:33.072052,37,60,140,189,152,167,68,26,-5707,9139,8990,-8457,-587,-2071,-578,-275,-130,-46
2025-12-01T17:58:33.078958,58,54,117,182,143,146,62,34,-5667,9135,9010,-8466,-549,-2102,-533,-128,-190,-7
2025-12-01T17:58:33.102097,64,52,141,165,146,119,46,38,-5788,9019,9058,-8458,555,-2439,-925,637,-195,-340
2025-12-01T17:58:33.132102,68,55,144,141,147,118,41,40,-5758,8991,9048,-8518,-930,-1994,-441,176,-275,-139
2025-12-01T17:58:33.147092,69,66,176,116,142,108,49,41,-5776,8921,9068,-8560,-38,-2018,-442,269,-355,-72
2025-12-01T17:58:33.169294,68,61,193,97,98,82,59,43,-5767,8876,9093,-8586,-559,-2048,-395,48,-266,-236
2025-12-01T17:58:33.184361,52,64,195,69,98,96,65,37,-5753,8826,9127,-8610,-219,-2032,-407,22,-347,-89
2025-12-01T17:58:33.207923,39,65,174,79,112,101,64,31,-5734,8784,9161,-8631,-389,-2019,-351,-46,-301,-151
2025-12-01T17:58:33.220926,31,63,168,76,135,99,69,28,-5724,8739,9198,-8642,-270,-1987,-390,-30,-276,-156
2025-12-01T17:58:33.243884,27,50,129,73,138,103,64,28,-5710,8706,9246,-8634,-169,-1977,-479,-109,-238,-134
2025-12-01T17:58:33.267180,26,40,86,71,141,111,56,25,-5713,8662,9295,-8624,4,-1887,-561,7,-240,-139
2025-12-01T17:58:33.282097,23,37,98,69,127,94,49,22,-5705,8629,9317,-8638,-161,-1950,-463,47,-225,-36
2025-12-01T17:58:33.311936,22,37,111,43,107,90,47,22,-5710,8597,9340,-8642,-115,-1908,-471,66,-164,-74
2025-12-01T17:58:33.327554,22,39,125,59,109,123,43,25,-5717,8574,9359,-8640,-141,-1877,-467,42,-102,-71
2025-12-01T17:58:33.342113,25,38,125,72,131,123,44,24,-5724,8559,9371,-8637,-164,-1920,-427,15,-53,-35
2025-12-01T17:58:33.371790,26,37,127,75,127,114,41,25,-5734,8549,9370,-8641,-242,-2006,-406,65,-19,-17
2025-12-01T17:58:33.386967,23,37,126,82,140,118,53,28,-5727,8553,9367,-8645,-278,-1946,-411,-1,-20,66
2025-12-01T17:58:33.425928,24,29,111,99,168,160,78,29,-5763,8527,9345,-8671,-110,-2193,-379,272,-8,47
2025-12-01T17:58:33.433563,25,29,96,102,163,179,82,29,-5792,8503,9271,-8754,-481,-2646,-379,556,-63,184
2025-12-01T17:58:33.447000,24,32,93,131,153,176,81,28,-5849,8443,9185,-8864,-276,-2192,-307,860,-150,149
2025-12-01T17:58:33.461422,23,36,96,137,153,177,81,27,-5887,8398,9102,-8967,-389,-2091,-318,779,-149,166
2025-12-01T17:58:33.484535,30,36,104,142,151,183,82,28,-5910,8362,9028,-9059,-372,-2088,-290,660,-155,205
2025-12-01T17:58:33.507163,28,34,103,133,140,175,68,30,-5911,8347,8971,-9129,-391,-2048,-212,406,-123,239
2025-12-01T17:58:33.521279,29,31,100,127,128,138,61,31,-5901,8350,8929,-9175,-402,-2007,-185,210,-62,233
2025-12-01T17:58:33.544574,29,31,103,152,116,138,63,32,-5884,8366,8896,-9202,-416,-2007,-171,76,-5,228
2025-12-01T17:58:33.567022,30,26,97,156,139,147,63,34,-5855,8396,8877,-9212,-423,-2020,-223,-59,19,240
2025-12-01T17:58:33.589107,61,30,57,149,133,137,56,32,-5819,8431,8861,-9219,-440,-2015,-215,-116,18,261
2025-12-01T17:58:33.604125,79,34,53,151,128,110,46,29,-5779,8471,8846,-9221,-448,-2015,-256,-133,28,278
2025-12-01T17:58:33.627354,82,33,48,148,124,100,46,29,-5742,8510,8831,-9222,-414,-2006,-260,-134,38,285
2025-12-01T17:58:33.641789,82,31,41,110,174,111,42,28,-5749,8542,8788,-9230,-565,-2064,-292,138,184,157
2025-12-01T17:58:33.664564,84,32,47,94,168,110,42,26,-5744,8576,8744,-9243,-525,-1887,-156,61,155,214
2025-12-01T17:58:33.687101,63,26,62,143,173,116,44,26,-5738,8612,8706,-9249,-505,-1863,-156,9,164,206
2025-12-01T17:58:33.701353,39,23,102,239,166,117,45,26,-5727,8657,8685,-9233,-517,-1996,-245,-107,204,168
2025-12-01T17:58:33.724559,34,28,107,243,173,114,44,23,-5698,8716,8688,-9194,-537,-2070,-282,-324,210,160
2025-12-01T17:58:33.747061,33,36,109,237,142,115,43,23,-5637,8792,8718,-9130,-508,-2096,-317,-608,186,198
2025-12-01T17:58:33.761388,37,40,119,255,147,108,42,27,-5559,8875,8769,-9047,-506,-2040,-353,-795,177,176
2025-12-01T17:58:33.792095,38,41,148,235,169,104,34,27,-5476,8962,8836,-8947,-463,-2005,-349,-940,197,145
2025-12-01T17:58:33.814317,39,41,130,146,170,94,30,27,-5391,9054,8915,-8827,-369,-1994,-393,-1051,233,137
2025-12-01T17:58:33.821060,36,39,130,142,170,111,28,26,-5297,9155,9003,-8689,-500,-2064,-504,-1165,282,75
2025-12-01T17:58:33.844785,35,32,131,133,163,116,32,25,-5201,9257,9087,-8551,-454,-2016,-533,-1160,283,113
2025-12-01T17:58:33.867108,25,30,124,100,160,114,36,24,-5107,9363,9156,-8417,-489,-2012,-615,-1096,310,162
2025-12-01T17:58:33.881410,25,30,80,91,147,109,35,24,-5003,9474,9206,-8300,-539,-2041,-740,-1000,271,278
2025-12-01T17:58:33.904202,22,31,83,72,154,116,39,22,-4913,9573,9237,-8205,-472,-2050,-759,-823,235,350
2025-12-01T17:58:33.925146,21,27,77,65,158,102,41,22,-4831,9665,9234,-8149,-594,-1964,-775,-566,183,410
2025-12-01T17:58:33.939411,19,28,81,94,160,78,41,24,-4766,9747,9209,-8119,-636,-1930,-818,-325,165,436
2025-12-01T17:58:33.963548,20,25,77,112,170,87,38,20,-4722,9799,9168,-8128,-622,-1933,-774,-71,44,414
2025-12-01T17:58:33.987090,18,24,82,130,247,109,41,23,-4691,9836,9119,-8155,-702,-1895,-778,82,3,357
2025-12-01T17:58:34.001436,19,24,80,207,390,154,51,26,-4674,9853,9076,-8193,-687,-1901,-758,181,-56,262
2025-12-01T17:58:34.024621,19,24,83,277,410,179,55,27,-4676,9845,9038,-8243,-678,-1902,-725,290,-116,145
2025-12-01T17:58:34.046750,22,25,89,319,424,185,55,26,-4689,9819,9009,-8298,-661,-1908,-691,338,-165,51
2025-12-01T17:58:34.061195,23,29,559,323,465,217,67,27,-4699,9785,8992,-8352,-673,-1899,-653,296,-207,-18
2025-12-01T17:58:34.091958,23,31,687,323,430,217,71,26,-4711,9743,8986,-8400,-661,-1943,-634,260,-227,-79
2025-12-01T17:58:34.106901,27,32,720,284,351,217,75,32,-4714,9705,8993,-8435,-627,-1892,-619,148,-221,-100
2025-12-01T17:58:34.129130,28,33,724,223,388,230,80,35,-4709,9670,9007,-8463,-637,-1921,-595,62,-223,-107
2025-12-01T17:58:34.151782,28,33,758,144,388,239,106,41,-4692,9648,9034,-8468,-634,-1917,-626,-91,-173,-103
2025-12-01T17:58:34.167156,30,35,561,122,373,246,104,45,-4671,9627,9065,-8471,-635,-1932,-638,-116,-183,-107
2025-12-01T17:58:34.189577,31,33,399,107,373,246,103,44,-4652,9604,9096,-8475,-641,-1929,-658,-102,-183,-122
2025-12-01T17:58:34.204560,29,31,339,111,361,237,95,39,-4635,9581,9126,-8478,-647,-1910,-652,-90,-173,-138
2025-12-01T17:58:34.227628,28,31,334,96,296,219,91,38,-4629,9555,9151,-8483,-629,-1929,-654,-31,-152,-143
2025-12-01T17:58:34.249623,27,30,245,101,331,216,74,34,-4625,9525,9168,-8500,-524,-1893,-593,19,-187,-78
2025-12-01T17:58:34.264642,24,26,128,95,296,180,70,32,-4631,9498,9178,-8517,-602,-1972,-619,72,-130,-98
2025-12-01T17:58:34.294643,24,25,107,91,296,189,66,33,-4641,9467,9181,-8543,-594,-1933,-619,150,-146,-89
2025-12-01T17:58:34.309688,22,26,88,65,271,168,66,34,-4654,9437,9182,-8568,-619,-1923,-601,156,-124,-108
2025-12-01T17:58:34.324261,28,25,71,70,270,165,62,34,-4665,9407,9187,-8590,-623,-1936,-614,137,-130,-117
2025-12-01T17:58:34.346754,29,26,55,63,220,179,45,31,-4674,9376,9194,-8611,-609,-1928,-572,109,-138,-123
2025-12-01T17:58:34.369594,31,24,39,63,244,172,45,30,-4682,9344,9207,-8627,-608,-1952,-609,92,-137,-148
2025-12-01T17:58:34.384260,33,27,32,77,264,162,45,32,-4695,9307,9223,-8643,-595,-1952,-586,102,-145,-185
2025-12-01T17:58:34.407184,34,27,33,81,303,170,46,31,-4716,9262,9238,-8664,-600,-1970,-580,157,-152,-224
2025-12-01T17:58:34.430008,29,25,29,84,310,165,48,28,-4737,9215,9252,-8687,-592,-1945,-569,169,-165,-232
2025-12-01T17:58:34.443776,31,27,30,95,311,149,46,29,-4759,9170,9267,-8707,-583,-1936,-556,159,-149,-234
2025-12-01T17:58:34.467209,27,27,37,110,309,155,43,27,-4774,9127,9289,-8721,-539,-1984,-549,92,-162,-217
2025-12-01T17:58:34.489299,28,29,39,114,306,145,53,25,-4782,9084,9318,-8731,-565,-1957,-536,29,-177,-243
2025-12-01T17:58:34.504009,27,28,41,130,265,138,55,27,-4772,9045,9359,-8732,-573,-1948,-511,-109,-208,-240
2025-12-01T17:58:34.527487,27,29,51,162,272,127,56,29,-4736,9016,9422,-8714,-608,-1867,-569,-288,-240,-258
2025-12-01T17:58:34.549610,26,28,53,160,258,139,55,27,-4681,8993,9506,-8676,-534,-1981,-561,-521,-262,-235
2025-12-01T17:58:34.563924,28,28,52,172,259,158,62,27,-4601,8982,9588,-8640,-640,-1947,-680,-548,-302,-164
2025-12-01T17:58:34.594440,26,25,56,170,259,173,54,27,-4537,8968,9667,-8600,-496,-2011,-630,-547,-259,-143
2025-12-01T17:58:34.609641,26,23,57,161,262,202,53,27,-4486,8949,9732,-8574,-415,-1997,-648,-405,-263,-91
2025-12-01T17:58:34.624402,28,23,56,130,274,217,55,26,-4452,8932,9775,-8561,-509,-1975,-661,-246,-192,-100
2025-12-01T17:58:34.646910,32,25,78,122,272,203,55,28,-4436,8913,9803,-8556,-539,-2020,-669,-123,-136,-111
2025-12-01T17:58:34.667397,34,26,85,93,240,181,46,27,-4429,8898,9819,-8558,-500,-1965,-665,-38,-104,-65
2025-12-01T17:58:34.681482,35,26,81,81,238,163,45,29,-4433,8881,9822,-8569,-484,-1986,-641,57,-80,-42
2025-12-01T17:58:34.707107,35,29,80,73,224,116,44,28,-4438,8869,9817,-8585,-481,-1980,-636,94,-62,6
2025-12-01T17:58:34.729626,35,28,77,79,241,102,41,28,-4444,8862,9805,-8603,-495,-1981,-621,109,-39,37
2025-12-01T17:58:34.743642,31,25,49,78,242,107,46,26,-4447,8861,9790,-8619,-508,-1972,-614,92,-16,62
2025-12-01T17:58:34.767134,28,23,32,74,236,109,46,26,-4449,8863,9777,-8631,-520,-1970,-610,71,-4,64
2025-12-01T17:58:34.789593,26,25,33,72,218,113,46,25,-4448,8870,9767,-8636,-525,-1951,-607,19,19,64
2025-12-01T17:58:34.803485,27,22,38,133,225,148,53,28,-4446,8877,9760,-8638,-537,-1957,-623,9,19,47
2025-12-01T17:58:34.826583,26,25,40,136,176,142,55,32,-4447,8881,9754,-8640,-528,-1959,-626,15,23,33
2025-12-01T17:58:34.849490,23,26,41,142,161,156,54,31,-4453,8883,9746,-8643,-530,-1962,-643,54,26,15
2025-12-01T17:58:34.863947,22,27,50,202,187,170,58,32,-4466,8879,9734,-8655,-531,-1968,-627,124,14,0
2025-12-01T17:58:34.887028,23,24,48,204,171,199,60,32,-4484,8870,9719,-8671,-529,-1980,-612,158,3,-11
2025-12-01T17:58:34.909690,22,27,45,181,182,206,60,30,-4504,8858,9703,-8690,-529,-1968,-588,180,2,-21
2025-12-01T17:58:34.939273,22,24,43,175,227,214,57,26,-4520,8849,9690,-8706,-553,-1965,-590,145,6,-30
2025-12-01T17:58:34.946434,24,25,43,172,240,207,57,26,-4536,8839,9681,-8719,-562,-2005,-618,140,-3,-49
2025-12-01T17:58:34.970080,26,27,34,104,232,214,56,28,-4551,8824,9673,-8734,-535,-1987,-598,145,-26,-48
2025-12-01T17:58:34.983466,28,27,34,105,252,192,54,28,-4564,8811,9662,-8753,-552,-1973,-610,166,-35,-36
2025-12-01T17:58:35.007945,26,26,32,125,240,165,53,30,-4588,8792,9647,-8775,-509,-1975,-559,211,-25,-48
2025-12-01T17:58:35.029622,27,26,30,139,204,158,56,29,-4611,8775,9633,-8797,-512,-1980,-540,204,-17,-48
2025-12-01T17:58:35.052124,24,26,117,139,200,146,53,29,-4621,8763,9624,-8813,-460,-1946,-501,102,-37,4
2025-12-01T17:58:35.070758,23,23,419,134,244,114,50,26,-4613,8761,9639,-8804,-507,-1969,-528,-132,-18,-8
2025-12-01T17:58:35.088799,29,27,619,130,236,143,50,25,-4591,8770,9659,-8784,-506,-1984,-559,-213,-18,10
2025-12-01T17:58:35.111448,28,25,629,92,233,157,40,23,-4565,8781,9679,-8764,-516,-1992,-564,-231,-20,26
2025-12-01T17:58:35.131022,28,25,632,104,244,167,36,25,-4544,8791,9695,-8747,-528,-1974,-591,-178,-17,19
2025-12-01T17:58:35.153083,32,27,626,117,282,195,43,26,-4533,8796,9705,-8736,-519,-1979,-592,-111,-5,-2
2025-12-01T17:58:35.178908,30,27,481,119,240,208,46,26,-4531,8799,9712,-8727,-510,-1974,-598,-64,17,-13
2025-12-01T17:58:35.190594,25,24,159,121,242,184,47,26,-4532,8802,9714,-8720,-512,-1976,-603,-25,26,-6
2025-12-01T17:58:35.208896,25,24,281,121,294,169,48,27,-4536,8803,9712,-8720,-516,-1980,-588,11,23,3
2025-12-01T17:58:35.231429,24,25,385,86,291,166,48,25,-4540,8805,9707,-8722,-528,-1979,-597,33,19,6
2025-12-01T17:58:35.250604,21,22,423,64,257,196,46,24,-4546,8804,9701,-8726,-520,-1970,-580,38,18,0
2025-12-01T17:58:35.268950,24,24,451,73,321,191,48,26,-4550,8803,9698,-8728,-534,-1969,-584,29,11,-12
2025-12-01T17:58:35.291388,23,24,636,98,336,189,45,26,-4555,8800,9698,-8730,-520,-1972,-586,23,2,-24
2025-12-01T17:58:35.318407,22,27,596,101,297,184,45,25,-4560,8796,9697,-8732,-514,-1982,-573,23,1,-22
2025-12-01T17:58:35.328927,23,28,547,104,312,182,44,27,-4565,8792,9695,-8734,-509,-1970,-574,26,2,-13
2025-12-01T17:58:35.351395,25,28,519,112,322,137,40,28,-4570,8790,9691,-8738,-507,-1978,-573,35,3,-3
2025-12-01T17:58:35.371702,24,26,509,104,272,159,38,28,-4575,8790,9685,-8743,-516,-1986,-578,45,13,10
2025-12-01T17:58:35.388745,24,25,242,92,307,164,40,26,-4584,8789,9674,-8751,-515,-1975,-573,82,18,18
2025-12-01T17:58:35.410920,24,22,205,105,307,170,40,26,-4597,8787,9659,-8763,-513,-1989,-566,123,25,19
2025-12-01T17:58:35.430613,22,20,354,108,298,181,40,26,-4613,8784,9642,-8776,-513,-1983,-562,142,33,21
2025-12-01T17:58:35.456478,21,20,366,104,298,173,37,24,-4629,8783,9623,-8790,-509,-1976,-551,147,38,25
2025-12-01T17:58:35.470946,21,22,433,101,286,152,33,24,-4644,8783,9607,-8799,-515,-1977,-567,128,42,23
2025-12-01T17:58:35.490741,20,20,477,90,234,160,31,24,-4657,8784,9592,-8807,-515,-1981,-557,110,47,20
2025-12-01T17:58:35.508938,21,25,482,75,259,165,33,26,-4669,8785,9579,-8814,-523,-1980,-543,94,44,13
2025-12-01T17:58:35.531432,21,26,410,96,262,141,34,26,-4679,8786,9569,-8820,-522,-1986,-542,74,35,10
2025-12-01T17:58:35.550700,21,26,401,99,243,132,37,26,-4686,8785,9562,-8824,-515,-1976,-532,51,18,5
2025-12-01T17:58:35.568761,19,25,307,102,286,150,42,27,-4686,8785,9562,-8824,-517,-1971,-530,5,11,7
2025-12-01T17:58:35.591484,22,28,233,103,282,159,44,28,-4682,8788,9563,-8823,-515,-1966,-526,-31,-1,14
2025-12-01T17:58:35.610714,21,24,224,103,259,154,46,26,-4674,8793,9566,-8818,-515,-1981,-529,-67,2,27
2025-12-01T17:58:35.628804,21,23,120,107,234,157,44,25,-4663,8802,9571,-8810,-507,-1975,-543,-95,2,38
2025-12-01T17:58:35.651419,21,23,83,108,256,154,43,26,-4649,8811,9575,-8804,-517,-2006,-558,-87,-8,58
2025-12-01T17:58:35.670705,24,26,75,113,251,145,48,28,-4634,8826,9574,-8797,-507,-1983,-541,-102,18,97
2025-12-01T17:58:35.688915,23,23,66,154,247,147,46,28,-4618,8848,9567,-8792,-503,-1999,-554,-89,36,146
2025-12-01T17:58:35.711199,25,22,61,206,244,147,46,27,-4601,8879,9552,-8785,-498,-1988,-551,-88,83,210
2025-12-01T17:58:35.733884,25,23,66,218,281,148,51,28,-4584,8923,9527,-8777,-517,-1987,-557,-82,132,276
2025-12-01T17:58:35.753112,25,26,85,262,277,148,54,28,-4566,8974,9494,-8769,-513,-1979,-554,-74,167,335
2025-12-01T17:58:35.771380,26,37,145,277,242,129,49,24,-4545,9036,9456,-8758,-545,-1966,-572,-89,209,376
2025-12-01T17:58:35.798211,28,65,478,264,240,96,47,23,-4527,9108,9415,-8737,-570,-1969,-570,-128,282,390
2025-12-01T17:58:35.814440,30,74,589,258,233,78,42,24,-4519,9181,9376,-8706,-476,-1930,-518,-161,347,388
2025-12-01T17:58:35.830669,35,85,623,320,190,66,38,25,-4513,9262,9336,-8667,-604,-1956,-616,-151,404,346
2025-12-01T17:58:35.853402,38,87,675,292,179,50,33,25,-4509,9343,9293,-8628,-665,-1942,-656,-118,417,318
2025-12-01T17:58:35.873152,37,89,688,288,176,50,28,25,-4503,9419,9248,-8597,-699,-1914,-674,-81,380,320
2025-12-01T17:58:35.891083,37,74,525,294,169,69,31,27,-4507,9482,9199,-8578,-676,-1909,-655,9,336,286
2025-12-01T17:58:35.914006,35,73,411,265,167,75,35,30,-4514,9538,9152,-8562,-693,-1893,-662,39,317,250
2025-12-01T17:58:35.933638,30,63,366,169,148,129,42,30,-4526,9583,9113,-8547,-652,-1854,-617,33,284,194
2025-12-01T17:58:35.951459,29,84,280,169,138,166,51,32,-4530,9627,9096,-8514,-705,-1832,-628,-107,290,89
2025-12-01T17:58:35.973972,28,82,235,169,133,183,60,32,-4524,9650,9104,-8484,-737,-1900,-655,-171,152,-36
2025-12-01T17:58:35.993252,27,82,269,177,125,188,63,30,-4514,9659,9140,-8440,-720,-1893,-731,-258,87,-174
2025-12-01T17:58:36.011302,25,77,408,222,123,225,67,28,-4516,9644,9181,-8410,-706,-1878,-706,-169,8,-277
2025-12-01T17:58:36.033986,27,74,421,219,134,203,65,28,-4528,9615,9231,-8382,-659,-1932,-729,-124,-27,-352
2025-12-01T17:58:36.053507,25,45,453,217,136,208,59,24,-4556,9571,9270,-8374,-620,-1936,-711,31,-74,-367
2025-12-01T17:58:36.071387,28,38,507,220,130,202,50,24,-4594,9524,9296,-8380,-591,-1907,-682,144,-78,-339
2025-12-01T17:58:36.093932,25,33,509,199,146,195,46,25,-4636,9477,9311,-8391,-576,-1937,-669,199,-61,-301
2025-12-01T17:58:36.113271,27,33,394,185,155,172,40,26,-4677,9432,9323,-8407,-559,-1941,-642,213,-69,-272
2025-12-01T17:58:36.131454,25,33,384,193,147,196,36,25,-4713,9389,9338,-8418,-535,-1952,-635,165,-64,-260
2025-12-01T17:58:36.153893,26,37,501,316,154,181,36,26,-4744,9352,9356,-8422,-541,-1951,-639,116,-53,-256
2025-12-01T17:58:36.173174,25,38,462,325,162,188,38,25,-4770,9319,9378,-8419,-542,-1975,-647,65,-37,-257
2025-12-01T17:58:36.191438,26,42,437,333,150,202,38,25,-4797,9285,9398,-8419,-528,-1961,-635,75,-45,-253
2025-12-01T17:58:36.214210,26,41,440,331,141,215,36,23,-4824,9248,9417,-8424,-552,-1966,-645,116,-60,-266
2025-12-01T17:58:36.236382,24,46,460,331,138,204,39,25,-4854,9203,9436,-8434,-523,-1959,-636,155,-96,-289
2025-12-01T17:58:36.251144,24,42,256,215,111,199,41,25,-4892,9150,9455,-8448,-531,-1959,-630,202,-102,-337
2025-12-01T17:58:36.273972,22,37,213,239,98,206,43,26,-4932,9093,9474,-8466,-507,-1976,-624,235,-121,-342
2025-12-01T17:58:36.293186,22,34,206,241,106,238,50,27,-4981,9027,9491,-8488,-479,-1986,-590,281,-128,-380
2025-12-01T17:58:36.311036,23,33,196,225,129,215,52,28,-5032,8960,9512,-8506,-421,-2001,-577,267,-125,-383
2025-12-01T17:58:36.333707,24,27,107,212,135,205,51,25,-5057,8909,9514,-8543,-642,-2044,-577,278,-156,-282
2025-12-01T17:58:36.352912,27,30,105,233,157,210,56,27,-5097,8847,9520,-8576,-476,-2004,-556,327,-157,-302
2025-12-01T17:58:36.371373,29,30,96,199,153,200,58,27,-5135,8785,9525,-8612,-440,-2010,-524,316,-172,-273
2025-12-01T17:58:36.393704,30,30,82,188,146,145,53,25,-5166,8727,9532,-8644,-411,-2019,-533,281,-183,-244
2025-12-01T17:58:36.413171,27,30,73,192,138,165,51,24,-5195,8671,9540,-8674,-368,-1991,-493,262,-176,-222
2025-12-01T17:58:36.431504,26,29,71,203,130,163,51,25,-5222,8622,9544,-8703,-338,-2007,-491,248,-155,-171
2025-12-01T17:58:36.453546,21,26,66,204,124,168,47,22,-5247,8581,9544,-8728,-338,-2028,-462,213,-125,-136
2025-12-01T17:58:36.471451,19,23,57,183,134,158,45,21,-5270,8549,9542,-8748,-340,-2037,-449,186,-80,-103
2025-12-01T17:58:36.489465,18,19,66,201,133,176,44,22,-5292,8525,9536,-8765,-321,-2034,-443,167,-46,-65
2025-12-01T17:58:36.512839,20,18,64,191,135,157,46,25,-5311,8510,9529,-8775,-349,-2029,-447,132,0,-50
2025-12-01T17:58:36.533278,22,21,63,191,141,156,45,23,-5324,8505,9519,-8783,-356,-2032,-435,92,21,0
2025-12-01T17:58:36.551481,24,22,70,178,135,204,50,26,-5327,8510,9507,-8789,-371,-2029,-436,49,27,55
2025-12-01T17:58:36.573964,24,23,239,188,127,206,51,28,-5325,8520,9495,-8793,-380,-2023,-438,19,38,85
2025-12-01T17:58:36.593190,26,27,432,180,122,205,52,27,-5320,8534,9483,-8795,-385,-2035,-437,-8,40,98
2025-12-01T17:58:36.611465,26,28,500,185,110,207,55,27,-5314,8549,9473,-8796,-403,-2040,-459,-9,42,96
2025-12-01T17:58:36.634124,23,27,552,211,110,217,56,26,-5307,8562,9462,-8799,-414,-2027,-456,0,25,88
2025-12-01T17:58:36.652928,23,26,583,199,101,151,56,30,-5303,8571,9454,-8802,-398,-2030,-459,7,22,73
2025-12-01T17:58:36.671454,21,26,546,194,98,153,61,32,-5299,8580,9446,-8804,-416,-2021,-457,10,25,58
2025-12-01T17:58:36.694040,19,22,439,184,96,150,62,31,-5296,8588,9438,-8807,-414,-2026,-448,8,19,59
2025-12-01T17:58:36.713309,20,21,410,195,108,144,58,29,-5292,8595,9430,-8811,-424,-2021,-460,20,11,55
2025-12-01T17:58:36.731454,20,20,383,167,97,126,57,30,-5291,8598,9422,-8817,-410,-2040,-445,27,5,49
2025-12-01T17:58:36.753708,20,21,351,178,95,119,50,23,-5288,8603,9416,-8820,-421,-2018,-455,15,1,39
2025-12-01T17:58:36.773170,20,19,342,163,100,110,42,19,-5283,8609,9413,-8821,-426,-2028,-452,-15,8,35
2025-12-01T17:58:36.791470,19,22,309,152,102,76,38,20,-5277,8614,9413,-8819,-431,-2016,-452,-33,4,24
2025-12-01T17:58:36.814003,18,21,239,150,106,95,39,22,-5271,8619,9415,-8816,-426,-2025,-448,-44,2,14
2025-12-01T17:58:36.833204,22,22,159,165,141,125,45,22,-5265,8624,9420,-8809,-420,-2022,-455,-65,7,8
2025-12-01T17:58:36.851454,22,21,117,151,160,144,57,23,-5259,8628,9424,-8804,-421,-2028,-465,-49,-3,6
2025-12-01T17:58:36.873703,23,22,96,226,158,159,57,23,-5254,8631,9427,-8802,-425,-2021,-469,-32,-5,9
2025-12-01T17:58:36.893808,25,20,73,239,155,162,56,22,-5254,8631,9427,-8802,-428,-2036,-464,6,-11,7
2025-12-01T17:58:36.911010,27,23,69,229,149,160,55,21,-5257,8628,9422,-8808,-428,-2035,-470,53,-8,-2
2025-12-01T17:58:36.933454,24,22,57,208,132,153,53,21,-5264,8622,9417,-8815,-431,-2020,-466,76,-8,-16
2025-12-01T17:58:36.956105,24,23,50,216,109,149,38,23,-5274,8613,9411,-8824,-425,-2029,-462,96,-11,-34
2025-12-01T17:58:36.971349,23,25,64,144,125,150,35,22,-5287,8601,9406,-8834,-427,-2024,-446,106,-14,-50
2025-12-01T17:58:36.993974,22,26,64,131,129,154,38,22,-5303,8586,9402,-8843,-422,-2025,-441,117,-15,-77
2025-12-01T17:58:37.017234,22,23,60,120,142,148,38,23,-5321,8567,9401,-8851,-422,-2027,-445,123,-18,-104
2025-12-01T17:58:37.031456,21,23,61,137,129,145,44,23,-5341,8546,9402,-8859,-405,-2033,-426,115,-25,-116
2025-12-01T17:58:37.053644,20,24,63,149,134,135,46,20,-5358,8526,9403,-8867,-415,-2029,-424,110,-30,-118
2025-12-01T17:58:37.076485,22,23,43,148,153,124,46,22,-5377,8504,9405,-8874,-402,-2024,-415,110,-26,-125
2025-12-01T17:58:37.091429,22,22,56,169,165,138,55,26,-5399,8480,9404,-8885,-397,-2045,-412,143,-33,-131
2025-12-01T17:58:37.113931,19,23,56,173,161,137,60,24,-5421,8455,9402,-8897,-392,-2031,-401,154,-38,-120
2025-12-01T17:58:37.144663,21,25,63,174,165,144,55,24,-5442,8430,9401,-8909,-391,-2045,-396,142,-38,-130
2025-12-01T17:58:37.151505,21,23,60,165,170,147,52,24,-5462,8404,9402,-8921,-387,-2043,-387,141,-51,-135
2025-12-01T17:58:37.173718,20,22,59,175,149,141,53,22,-5433,8407,9399,-8938,-684,-2013,-498,36,-106,-23
2025-12-01T17:58:37.196469,20,22,48,154,151,140,44,20,-5429,8389,9402,-8955,-356,-1980,-399,78,-126,-17
2025-12-01T17:58:37.211022,20,21,47,154,151,137,34,21,-5431,8365,9403,-8974,-389,-2042,-393,117,-124,-56
2025-12-01T17:58:37.233936,19,21,58,202,153,128,33,22,-5435,8338,9407,-8993,-359,-2026,-373,110,-135,-67
2025-12-01T17:58:37.260599,17,22,59,192,141,127,34,22,-5439,8311,9411,-9012,-357,-2035,-358,101,-130,-70
2025-12-01T17:58:37.271375,19,22,59,202,136,132,37,24,-5444,8285,9413,-9030,-361,-2058,-349,107,-124,-64
2025-12-01T17:58:37.293940,19,24,59,207,120,121,33,22,-5450,8259,9414,-9049,-324,-2046,-343,117,-115,-49
2025-12-01T17:58:37.316306,22,23,61,218,118,129,31,20,-5458,8236,9413,-9067,-338,-2068,-349,125,-101,-42
2025-12-01T17:58:37.331434,22,22,52,172,119,121,32,22,-5465,8216,9407,-9087,-335,-2043,-326,128,-85,-18
2025-12-01T17:58:37.354061,22,23,51,179,116,112,34,22,-5476,8198,9400,-9104,-321,-2047,-324,137,-61,-17
2025-12-01T17:58:37.374608,23,23,52,178,126,112,32,23,-5486,8184,9390,-9121,-333,-2042,-309,125,-39,-2
2025-12-01T17:58:37.391143,23,25,61,175,125,121,37,25,-5492,8176,9381,-9134,-344,-2047,-296,90,-24,12
2025-12-01T17:58:37.413996,26,27,318,157,120,118,40,26,-5493,8172,9375,-9142,-351,-2062,-302,41,-21,27
2025-12-01T17:58:37.436704,26,27,658,144,107,113,40,25,-5489,8173,9373,-9146,-356,-2024,-308,3,-16,31
2025-12-01T17:58:37.451532,25,26,787,157,125,129,39,26,-5484,8176,9372,-9148,-367,-2035,-305,-19,-8,28
2025-12-01T17:58:37.478295,24,24,793,132,113,122,38,22,-5480,8176,9373,-9148,-368,-2039,-306,-26,-15,12
2025-12-01T17:58:37.496182,24,19,798,136,111,121,38,22,-5474,8178,9379,-9144,-370,-2042,-328,-50,-15,-2
2025-12-01T17:58:37.510898,20,19,743,158,105,117,39,21,-5467,8180,9386,-9139,-377,-2042,-314,-66,-12,-8
2025-12-01T17:58:37.534024,20,18,470,156,119,121,38,20,-5461,8181,9397,-9131,-351,-2048,-321,-82,-14,-12
2025-12-01T17:58:37.556522,24,18,239,141,99,105,37,22,-5455,8184,9406,-9123,-355,-2054,-333,-81,-8,-8
2025-12-01T17:58:37.575582,24,19,286,180,93,111,37,23,-5447,8188,9415,-9115,-354,-2056,-335,-81,-8,6
2025-12-01T17:58:37.594017,23,21,355,166,98,92,32,23,-5436,8196,9422,-9106,-364,-2049,-352,-94,1,25
2025-12-01T17:58:37.616525,23,21,389,146,96,92,32,24,-5428,8204,9424,-9102,-379,-2058,-352,-56,4,36
2025-12-01T17:58:37.631522,25,21,466,150,109,91,31,23,-5422,8211,9423,-9101,-370,-2051,-351,-28,7,38
2025-12-01T17:58:37.654486,22,22,459,147,116,86,32,21,-5418,8216,9421,-9100,-374,-2052,-344,-20,10,37
2025-12-01T17:58:37.676223,21,22,436,89,124,76,35,22,-5414,8221,9419,-9101,-370,-2053,-345,-12,4,34
2025-12-01T17:58:37.691116,19,20,486,103,120,154,46,23,-5410,8225,9417,-9101,-375,-2044,-336,-21,2,31
2025-12-01T17:58:37.713976,19,21,599,144,118,157,44,22,-5404,8231,9419,-9098,-379,-2043,-351,-42,1,29
2025-12-01T17:58:37.736472,15,20,561,175,95,156,44,23,-5395,8237,9420,-9096,-378,-2049,-360,-42,-7,38
2025-12-01T17:58:37.751154,14,21,555,177,100,159,43,24,-5387,8241,9419,-9098,-383,-2039,-341,-29,-11,43
2025-12-01T17:58:37.774002,15,22,552,202,93,163,39,23,-5381,8247,9418,-9098,-378,-2042,-346,-27,-6,45
2025-12-01T17:58:37.796394,18,22,465,197,98,114,29,24,-5373,8252,9417,-9098,-381,-2048,-341,-37,-6,43
2025-12-01T17:58:37.811467,17,21,251,179,100,139,31,24,-5365,8259,9419,-9095,-389,-2046,-351,-58,3,39
2025-12-01T17:58:37.833999,19,23,257,160,107,158,31,23,-5357,8268,9421,-9090,-400,-2023,-360,-59,13,27
2025-12-01T17:58:37.856799,20,22,325,149,126,168,36,23,-5350,8275,9423,-9086,-392,-2069,-348,-64,6,35
2025-12-01T17:58:37.878983,21,22,368,126,136,169,37,24,-5342,8282,9425,-9082,-398,-2046,-374,-51,2,29
2025-12-01T17:58:37.894009,21,22,368,135,139,165,35,25,-5337,8286,9426,-9079,-381,-2045,-359,-37,4,26
2025-12-01T17:58:37.916509,21,22,388,124,138,141,33,24,-5334,8290,9426,-9078,-388,-2053,-360,-29,4,26
2025-12-01T17:58:37.938991,20,21,413,109,125,135,34,24,-5330,8294,9426,-9077,-393,-2031,-356,-27,6,24
2025-12-01T17:58:37.953919,20,21,377,148,104,144,38,25,-5328,8300,9424,-9074,-391,-2035,-342,-34,21,27
2025-12-01T17:58:37.976530,18,21,353,161,88,141,37,23,-5322,8307,9425,-9071,-398,-2049,-368,-44,12,33
2025-12-01T17:58:37.999051,19,19,347,155,83,132,39,21,-5315,8315,9425,-9068,-387,-2043,-372,-45,7,48
2025-12-01T17:58:38.014191,20,21,318,183,125,137,42,20,-5306,8324,9422,-9067,-403,-2034,-368,-41,9,63
2025-12-01T17:58:38.036775,20,21,237,227,175,148,43,20,-5297,8334,9419,-9067,-396,-2032,-382,-30,4,73
2025-12-01T17:58:38.058498,19,20,192,214,179,137,39,20,-5287,8343,9414,-9069,-391,-2052,-358,-34,0,85
2025-12-01T17:58:38.074005,21,20,237,218,192,168,40,22,-5273,8358,9408,-9069,-404,-2042,-368,-57,11,111
2025-12-01T17:58:38.102343,20,20,269,232,209,169,40,22,-5257,8377,9401,-9069,-410,-2034,-365,-68,24,135
2025-12-01T17:58:38.118984,20,20,293,239,218,163,39,26,-5240,8399,9393,-9066,-409,-2035,-395,-73,34,152
2025-12-01T17:58:38.134056,24,25,382,201,192,145,41,28,-5221,8424,9382,-9065,-420,-2037,-379,-76,36,174
2025-12-01T17:58:38.156555,26,34,412,217,210,137,38,29,-5199,8454,9372,-9061,-427,-2027,-392,-102,52,189
2025-12-01T17:58:38.179071,27,36,464,197,228,109,36,29,-5177,8481,9361,-9059,-438,-2050,-398,-85,39,193
2025-12-01T17:58:38.194172,27,36,470,184,231,108,33,28,-5158,8507,9347,-9060,-450,-2027,-395,-59,41,187
2025-12-01T17:58:38.216529,29,44,459,161,205,119,33,27,-5139,8534,9330,-9063,-470,-2012,-408,-41,42,194
2025-12-01T17:58:38.238700,26,49,393,166,199,127,34,24,-5122,8558,9313,-9067,-474,-2020,-418,-19,34,185
2025-12-01T17:58:38.253970,24,48,370,135,183,128,39,24,-5110,8576,9293,-9078,-484,-2023,-404,28,25,168
2025-12-01T17:58:38.276494,29,61,241,133,146,139,40,25,-5104,8587,9272,-9093,-488,-2016,-399,75,6,139
2025-12-01T17:58:38.299004,31,62,377,129,128,180,40,25,-5096,8596,9255,-9107,-505,-2005,-388,54,-5,117
2025-12-01T17:58:38.314044,30,58,458,115,139,179,55,26,-5088,8605,9242,-9116,-500,-2000,-388,24,-1,105
2025-12-01T17:58:38.335916,32,55,463,99,145,170,54,28,-5081,8615,9231,-9120,-499,-1984,-375,0,16,88
2025-12-01T17:58:38.359002,32,53,479,90,171,174,57,28,-5075,8625,9224,-9122,-497,-2012,-409,-2,18,73
2025-12-01T17:58:38.373998,31,42,477,101,184,177,59,27,-5072,8628,9215,-9129,-502,-1997,-385,33,-4,58
2025-12-01T17:58:38.396515,29,40,357,92,193,148,62,28,-5069,8630,9210,-9135,-499,-2001,-390,17,-11,45
2025-12-01T17:58:38.419126,27,42,244,99,184,142,48,25,-5061,8633,9208,-9137,-524,-2029,-405,-11,-21,35
2025-12-01T17:58:38.433516,28,41,237,99,183,151,52,25,-5054,8632,9210,-9141,-508,-2012,-404,-6,-44,20
2025-12-01T17:58:38.456753,28,45,212,129,145,143,46,27,-5049,8625,9210,-9150,-501,-2003,-396,23,-65,12
2025-12-01T17:58:38.478993,25,43,211,134,135,116,43,27,-5043,8620,9211,-9157,-505,-2039,-407,18,-59,18
2025-12-01T17:58:38.493768,28,44,191,134,126,115,41,28,-5037,8616,9208,-9167,-503,-2009,-376,19,-55,39
2025-12-01T17:58:38.516553,30,43,181,127,122,123,44,28,-5030,8613,9204,-9178,-491,-2011,-365,19,-59,56
2025-12-01T17:58:38.538997,28,42,167,124,114,117,41,28,-5017,8616,9199,-9187,-506,-2007,-376,-9,-46,84
2025-12-01T17:58:38.556997,28,34,136,89,115,113,47,24,-5001,8624,9193,-9195,-511,-1986,-363,-26,-37,110
2025-12-01T17:58:38.576523,27,31,107,83,123,114,45,25,-4981,8639,9188,-9196,-501,-1988,-349,-85,-6,141
2025-12-01T17:58:38.599018,32,35,101,90,106,92,45,27,-4955,8664,9184,-9190,-523,-2022,-406,-125,19,171
2025-12-01T17:58:38.614040,33,33,81,82,108,75,42,26,-4929,8692,9173,-9189,-522,-2001,-394,-98,22,211
2025-12-01T17:58:38.636302,35,32,71,86,106,59,39,28,-4899,8727,9156,-9189,-544,-1999,-422,-90,44,262
2025-12-01T17:58:38.658762,34,31,125,86,105,106,35,29,-4873,8766,9129,-9192,-556,-2019,-417,-47,72,300
2025-12-01T17:58:38.674063,36,33,281,71,119,111,37,36,-4849,8810,9093,-9199,-568,-2019,-436,1,93,342
2025-12-01T17:58:38.696555,30,30,448,64,128,121,36,34,-4828,8851,9044,-9218,-554,-2012,-410,82,85,397
2025-12-01T17:58:38.718734,29,28,536,60,129,118,38,34,-4805,8895,8987,-9244,-623,-2007,-420,121,80,420
2025-12-01T17:58:38.734092,27,34,537,69,142,137,45,33,-4780,8937,8934,-9269,-653,-1960,-422,110,67,401
2025-12-01T17:58:38.764041,28,40,550,88,143,127,46,34,-4759,8967,8880,-9301,-678,-1965,-405,161,24,356
2025-12-01T17:58:38.779078,29,43,559,109,126,159,55,29,-4748,8986,8828,-9339,-685,-1951,-392,219,-6,295
2025-12-01T17:58:38.794074,29,43,468,153,115,167,56,30,-4753,8989,8774,-9384,-695,-1950,-384,330,-27,221
2025-12-01T17:58:38.816584,30,44,385,209,125,185,56,29,-4767,8982,8721,-9432,-720,-1979,-388,382,-43,154
2025-12-01T17:58:38.838611,29,39,390,217,119,178,53,26,-4794,8961,8672,-9484,-722,-1984,-358,438,-66,66
2025-12-01T17:58:38.861072,30,32,360,229,162,208,52,27,-4831,8929,8627,-9536,-712,-1951,-331,475,-86,-9
2025-12-01T17:58:38.874348,27,29,241,228,173,184,49,22,-4874,8888,8589,-9586,-695,-1940,-296,473,-97,-74
2025-12-01T17:58:38.897193,25,29,170,244,180,171,49,23,-4919,8844,8560,-9631,-682,-1963,-269,439,-98,-119
2025-12-01T17:58:38.921145,22,29,119,213,187,160,51,23,-4934,8808,8538,-9675,-736,-2006,-278,310,-171,-42
2025-12-01T17:58:38.936153,26,28,99,206,181,154,48,23,-4969,8762,8519,-9716,-646,-1945,-243,373,-141,-118
2025-12-01T17:58:38.959120,25,28,80,200,145,89,46,19,-4990,8727,8495,-9757,-775,-1952,-262,344,-140,-88
2025-12-01T17:58:38.981503,25,24,77,198,122,90,44,21,-5018,8689,8472,-9797,-644,-1979,-191,333,-127,-56
2025-12-01T17:58:38.996266,26,24,87,170,121,120,45,19,-5045,8651,8447,-9839,-646,-1971,-191,353,-131,-49
2025-12-01T17:58:39.019078,26,22,76,163,134,117,40,19,-5071,8616,8419,-9880,-640,-1999,-149,334,-115,-21
2025-12-01T17:58:39.041369,22,23,81,174,152,119,42,22,-5097,8584,8388,-9920,-646,-1989,-162,359,-98,-9
2025-12-01T17:58:39.056271,21,24,88,164,165,122,44,24,-5119,8554,8354,-9963,-656,-1996,-136,350,-109,20
2025-12-01T17:58:39.087237,22,25,87,170,166,118,39,25,-5138,8527,8320,-10005,-657,-2000,-124,342,-98,41
2025-12-01T17:58:39.101591,21,25,73,149,164,99,37,23,-5151,8504,8285,-10048,-673,-1971,-109,320,-107,60
2025-12-01T17:58:39.116548,20,26,71,144,132,99,39,23,-5163,8479,8251,-10090,-651,-1951,-52,296,-107,66
2025-12-01T17:58:39.139033,19,25,73,142,113,101,35,21,-5175,8459,8220,-10126,-657,-1951,-41,260,-84,60
2025-12-01T17:58:39.161586,20,24,61,156,95,114,36,22,-5186,8445,8191,-10155,-652,-1964,-37,223,-42,64
2025-12-01T17:58:39.183875,19,23,56,147,97,115,34,20,-5193,8434,8166,-10181,-644,-1987,-26,179,-45,82
2025-12-01T17:58:39.199546,18,22,73,169,144,111,35,21,-5198,8426,8141,-10205,-628,-1966,-12,162,-35,101
2025-12-01T17:58:39.221323,21,23,87,210,158,106,34,22,-5196,8428,8117,-10224,-673,-2021,-79,149,-18,126
2025-12-01T17:58:39.236511,22,31,96,205,164,100,34,24,-5190,8434,8091,-10242,-707,-2014,-81,134,-8,142
2025-12-01T17:58:39.259096,26,39,104,193,218,97,38,26,-5186,8444,8064,-10257,-617,-2002,-88,136,15,194
2025-12-01T17:58:39.281550,28,40,107,210,222,118,40,25,-5173,8461,8030,-10276,-666,-2066,-99,140,15,265
2025-12-01T17:58:39.301410,31,55,116,212,225,118,43,26,-5150,8483,7995,-10297,-718,-2044,-113,115,-2,299
2025-12-01T17:58:39.319010,34,78,122,173,246,120,41,26,-5116,8503,7965,-10321,-736,-2039,-143,100,-58,314
2025-12-01T17:58:39.341684,40,80,112,167,245,147,50,30,-5070,8521,7940,-10348,-815,-2002,-214,95,-135,307
2025-12-01T17:58:39.356608,38,78,115,173,235,142,47,30,-5018,8520,7925,-10386,-832,-1967,-153,75,-259,257
2025-12-01T17:58:39.379136,36,84,147,161,234,130,46,31,-4949,8497,7967,-10405,-776,-1664,-212,-161,-430,27
2025-12-01T17:58:39.401105,36,78,146,150,201,126,45,32,-4866,8471,8090,-10370,-1015,-1851,-220,-642,-459,-345
2025-12-01T17:58:39.416021,31,64,139,178,190,124,48,33,-4743,8433,8334,-10265,-774,-1523,-461,-1247,-648,-649
2025-12-01T17:58:39.438761,23,61,176,212,206,107,39,28,-4610,8366,8649,-10118,-820,-1818,-413,-1768,-714,-891
2025-12-01T17:58:39.461660,29,76,193,224,201,111,46,32,-4413,8285,9021,-9947,-1092,-1833,-368,-2209,-960,-956
2025-12-01T17:58:39.484092,31,72,180,261,218,111,54,32,-4193,8174,9366,-9815,-898,-2052,-395,-2025,-1201,-797
2025-12-01T17:58:39.499057,30,75,172,273,247,107,54,33,-4036,7985,9576,-9832,-803,-2280,-233,-898,-1451,-686
2025-12-01T17:58:39.521476,36,73,186,305,249,106,55,38,-3946,7731,9715,-9935,-851,-1961,-401,-11,-1620,-797
2025-12-01T17:58:39.536511,39,79,171,296,255,105,61,41,-3837,7476,9844,-10046,-704,-1765,-286,-14,-1693,-695
2025-12-01T17:58:39.559070,36,66,183,295,253,93,59,40,-3729,7226,9988,-10127,-598,-1778,-292,-160,-1616,-745
2025-12-01T17:58:39.581565,37,74,184,318,263,90,60,43,-3601,7006,10138,-10178,-489,-1775,-268,-369,-1517,-620
2025-12-01T17:58:39.596576,36,71,182,332,257,91,61,45,-3451,6808,10318,-10185,-274,-1843,-172,-770,-1448,-476
2025-12-01T17:58:39.624203,37,72,219,339,245,107,64,46,-3379,6612,10464,-10189,-209,-2073,-156,-515,-1123,-614
2025-12-01T17:58:39.641505,35,64,258,401,231,119,62,45,-3350,6423,10557,-10223,-179,-2164,-179,-120,-951,-571
2025-12-01T17:58:39.656499,38,79,249,482,222,151,63,45,-3370,6248,10603,-10277,-44,-2195,-189,220,-729,-506
2025-12-01T17:58:39.679044,36,74,314,458,200,166,72,44,-3413,6104,10618,-10334,-42,-2181,-177,367,-510,-424
2025-12-01T17:58:39.701519,38,73,327,455,180,176,75,41,-3454,6000,10646,-10353,156,-2084,-137,118,-311,-258
2025-12-01T17:58:39.716545,32,70,330,424,170,197,79,37,-3490,5959,10681,-10327,77,-2152,-198,-127,-27,-125
2025-12-01T17:58:39.738866,30,68,310,372,168,188,83,35,-3542,5932,10698,-10307,291,-2296,-82,-95,89,36
2025-12-01T17:58:39.761490,26,47,301,267,156,179,92,35,-3582,5940,10688,-10300,94,-2278,-159,21,178,169
2025-12-01T17:58:39.783957,27,40,238,246,151,177,84,36,-3595,5986,10680,-10277,3,-2159,-243,-96,240,313
2025-12-01T17:58:39.799103,24,39,225,264,169,194,104,40,-3627,6038,10696,-10218,201,-1858,-338,-211,355,257
2025-12-01T17:58:39.821536,24,33,198,296,200,173,104,40,-3647,6125,10738,-10115,-135,-1813,-209,-614,531,128
2025-12-01T17:58:39.844084,32,39,178,293,227,172,103,45,-3716,6211,10770,-10003,-147,-2312,-407,-462,721,3
2025-12-01T17:58:39.858557,32,41,174,315,231,187,115,40,-3784,6281,10785,-9917,-206,-2166,-328,-322,640,-37
2025-12-01T17:58:39.881614,31,47,156,327,234,180,121,39,-3858,6339,10782,-9854,-211,-2077,-363,-138,595,-47
2025-12-01T17:58:39.903891,34,47,178,302,226,157,119,39,-3935,6403,10780,-9785,-188,-2011,-401,-136,634,-46
2025-12-01T17:58:39.918999,35,47,140,283,202,156,130,37,-4013,6472,10773,-9715,-232,-2119,-429,-135,672,-39
2025-12-01T17:58:39.941211,28,45,131,307,174,173,151,35,-4087,6557,10751,-9651,-214,-2127,-444,-95,708,82
2025-12-01T17:58:39.964147,29,41,125,320,185,146,140,36,-4156,6661,10716,-9590,-174,-2090,-398,-98,765,219
2025-12-01T17:58:39.979036,29,38,158,305,179,150,132,35,-4226,6792,10663,-9526,-208,-2120,-393,-104,897,340
2025-12-01T17:58:40.001547,23,37,133,300,163,146,118,30,-4300,6953,10585,-9464,-264,-2206,-349,-81,1050,483
2025-12-01T17:58:40.024986,21,37,134,311,157,146,100,30,-4368,7143,10476,-9411,-397,-2173,-304,-31,1160,627
2025-12-01T17:58:40.038627,20,32,132,305,149,126,67,23,-4444,7352,10340,-9365,-472,-2159,-251,44,1288,721
2025-12-01T17:58:40.061569,18,36,174,276,105,116,55,22,-4532,7572,10177,-9326,-585,-2150,-231,153,1398,750
2025-12-01T17:58:40.084085,19,29,159,312,123,100,56,21,-4639,7790,9990,-9297,-686,-2126,-228,322,1478,724
2025-12-01T17:58:40.099134,22,34,156,316,126,107,50,24,-4767,7991,9779,-9286,-796,-2093,-189,532,1500,640
2025-12-01T17:58:40.121590,22,33,157,295,127,95,47,24,-4910,8168,9563,-9282,-880,-1977,-177,668,1471,493
2025-12-01T17:58:40.144140,22,37,184,267,120,131,40,25,-5060,8325,9367,-9262,-939,-1873,-198,638,1438,285
2025-12-01T17:58:40.159134,22,35,157,247,121,133,37,24,-5205,8460,9206,-9220,-1019,-1942,-288,526,1344,58
2025-12-01T17:58:40.181683,23,34,142,200,92,134,36,24,-5343,8558,9065,-9191,-1059,-1998,-355,585,1126,-84
2025-12-01T17:58:40.204111,20,31,147,182,98,127,35,21,-5482,8614,8939,-9180,-1008,-1982,-410,718,905,-204
2025-12-01T17:58:40.219056,22,32,157,178,102,145,39,21,-5614,8635,8832,-9185,-937,-1862,-416,778,675,-299
2025-12-01T17:58:40.241401,23,28,143,165,132,168,54,24,-5737,8634,8753,-9186,-837,-1744,-432,722,522,-393
2025-12-01T17:58:40.264274,25,35,150,163,138,172,67,25,-5850,8622,8706,-9169,-728,-1712,-442,574,437,-477
2025-12-01T17:58:40.279013,25,37,152,265,158,176,72,29,-5948,8608,8691,-9134,-636,-1755,-461,395,371,-520
2025-12-01T17:58:40.301512,24,36,154,264,154,177,73,29,-6028,8590,8702,-9088,-535,-1840,-489,247,276,-527
2025-12-01T17:58:40.324314,23,40,164,258,149,160,74,30,-6097,8562,8721,-9050,-441,-1928,-489,230,167,-475
2025-12-01T17:58:40.338768,26,40,150,260,125,112,64,28,-6154,8526,8738,-9028,-351,-1941,-462,252,66,-383
2025-12-01T17:58:40.361539,55,34,138,265,124,125,50,28,-6199,8489,8756,-9016,-276,-1937,-418,230,-8,-296
2025-12-01T17:58:40.384124,59,33,135,169,124,130,43,24,-6233,8456,8781,-8999,-212,-1912,-400,143,-24,-261
2025-12-01T17:58:40.399666,60,35,150,169,117,140,48,23,-6257,8431,8818,-8969,-134,-1909,-372,2,-18,-232
2025-12-01T17:58:40.421519,60,31,134,205,118,138,44,25,-6262,8430,8868,-8918,-120,-2050,-409,-200,22,-173
2025-12-01T17:58:40.444123,59,30,128,199,131,132,49,24,-6249,8433,8911,-8880,-94,-2104,-378,-225,-39,-41
2025-12-01T17:58:40.459145,35,29,123,183,139,154,59,26,-6229,8440,8939,-8860,-163,-2166,-367,-174,-56,39
2025-12-01T17:58:40.487253,29,29,119,177,114,160,62,28,-6196,8454,8951,-8857,-203,-2135,-302,-158,-83,162
2025-12-01T17:58:40.501798,27,28,120,200,127,151,57,28,-6167,8471,8958,-8854,-189,-2072,-256,-166,-52,179
2025-12-01T17:58:40.519035,26,27,111,193,147,153,64,27,-6141,8490,8969,-8842,-232,-2062,-260,-200,-17,124
2025-12-01T17:58:40.541319,24,27,112,194,136,156,62,25,-6114,8507,8987,-8827,-262,-2107,-261,-234,-27,80
2025-12-01T17:58:40.564197,22,27,110,201,145,122,55,25,-6093,8516,9004,-8816,-280,-2125,-267,-192,-42,47
2025-12-01T17:58:40.579134,20,26,108,198,144,101,60,24,-6079,8516,9013,-8817,-300,-2125,-255,-103,-63,31
2025-12-01T17:58:40.601644,20,21,63,170,132,95,62,25,-6066,8515,9021,-8818,-305,-2095,-285,-71,-60,26
2025-12-01T17:58:40.624127,20,22,84,135,116,94,59,25,-6056,8515,9026,-8819,-292,-2094,-283,-61,-44,35
2025-12-01T17:58:40.638569,22,26,96,137,119,81,58,26,-6046,8517,9031,-8819,-320,-2095,-278,-68,-38,25
2025-12-01T17:58:40.661071,21,24,92,125,97,75,56,26,-6035,8519,9036,-8820,-335,-2088,-288,-67,-36,27
2025-12-01T17:58:40.683588,23,25,90,135,117,81,49,25,-6021,8524,9042,-8818,-340,-2079,-304,-81,-33,29
2025-12-01T17:58:40.698854,23,25,94,165,120,82,48,26,-6009,8529,9046,-8817,-343,-2098,-297,-81,-26,34
2025-12-01T17:58:40.721504,23,24,72,160,111,86,43,25,-6000,8531,9047,-8821,-343,-2090,-300,-36,-29,34
2025-12-01T17:58:40.744084,21,26,101,180,106,85,43,24,-5993,8531,9045,-8828,-346,-2101,-309,-4,-40,35
2025-12-01T17:58:40.767405,21,26,104,197,115,83,45,21,-5983,8531,9044,-8836,-337,-2066,-320,0,-51,47
2025-12-01T17:58:40.781659,20,26,105,191,93,77,49,21,-5973,8532,9045,-8840,-340,-2061,-317,-21,-39,39
2025-12-01T17:58:40.804153,19,25,101,162,94,79,54,21,-5964,8535,9046,-8842,-350,-2052,-317,-36,-29,31
2025-12-01T17:58:40.827942,19,25,104,262,120,71,56,21,-5956,8538,9049,-8842,-355,-2060,-323,-40,-21,14
2025-12-01T17:58:40.841653,18,21,87,255,128,77,55,20,-5951,8538,9051,-8843,-360,-2043,-320,-18,-20,2
2025-12-01T17:58:40.863935,19,24,97,245,111,75,54,20,-5950,8539,9051,-8843,-360,-2037,-334,-14,-9,-14
2025-12-01T17:58:40.887221,18,25,99,248,113,75,47,19,-5950,8539,9051,-8843,-349,-2052,-336,-11,1,-6
2025-12-01T17:58:40.901642,17,25,100,252,153,81,43,18,-5950,8539,9051,-8843,-357,-2038,-341,0,15,3
2025-12-01T17:58:40.924110,18,26,97,160,143,84,41,19,-5948,8546,9049,-8840,-346,-2017,-351,-7,24,18
2025-12-01T17:58:40.947350,19,24,69,153,140,76,38,21,-5944,8555,9049,-8833,-355,-2029,-344,-40,36,21
2025-12-01T17:58:40.961680,18,21,46,155,148,78,39,20,-5939,8567,9049,-8825,-350,-2027,-355,-49,44,27
2025-12-01T17:58:40.984162,17,21,47,176,154,85,43,21,-5936,8579,9047,-8818,-353,-2032,-347,-44,47,30
2025-12-01T17:58:41.015298,18,22,45,172,114,89,38,22,-5933,8591,9046,-8809,-354,-2017,-344,-45,55,25
2025-12-01T17:58:41.022012,18,24,95,161,101,94,39,22,-5930,8603,9045,-8800,-353,-2030,-334,-64,59,26
2025-12-01T17:58:41.043718,18,23,99,151,89,105,48,23,-5925,8618,9045,-8788,-362,-2050,-349,-77,63,28
2025-12-01T17:58:41.067377,19,23,102,145,80,103,55,25,-5920,8633,9047,-8776,-367,-2046,-361,-80,60,23
2025-12-01T17:58:41.081650,20,22,108,121,113,97,56,26,-5927,8638,9040,-8772,-359,-2149,-319,-9,66,10
2025-12-01T17:58:41.103886,20,21,109,181,121,92,57,26,-5926,8642,9031,-8779,-370,-2085,-342,32,12,47
2025-12-01T17:58:41.126982,20,21,82,176,122,89,60,25,-5926,8644,9021,-8786,-389,-2033,-330,41,7,30
2025-12-01T17:58:41.141745,20,21,90,204,121,81,57,23,-5920,8651,9016,-8790,-402,-2055,-333,-12,6,41
2025-12-01T17:58:41.164178,20,26,122,204,124,77,51,21,-5912,8659,9012,-8792,-421,-2067,-344,-23,7,29
2025-12-01T17:58:41.187090,19,27,120,200,90,97,54,18,-5905,8666,9008,-8793,-395,-2050,-357,-16,2,39
2025-12-01T17:58:41.201195,20,28,119,144,103,93,55,20,-5898,8673,9007,-8793,-393,-2051,-350,-33,5,31
2025-12-01T17:58:41.224136,22,27,112,176,117,96,49,22,-5891,8680,9007,-8790,-398,-2051,-359,-38,12,19
2025-12-01T17:58:41.247471,20,27,104,151,126,98,47,23,-5886,8683,9008,-8789,-394,-2049,-358,-25,-4,5
2025-12-01T17:58:41.261813,20,21,66,150,135,103,52,22,-5882,8684,9009,-8790,-392,-2046,-369,-8,-17,-2
2025-12-01T17:58:41.283970,22,21,57,162,132,86,58,24,-5877,8683,9011,-8792,-392,-2042,-356,-5,-24,-4
2025-12-01T17:58:41.307259,23,20,56,183,117,87,63,23,-5873,8682,9013,-8794,-389,-2049,-368,-4,-26,-5
2025-12-01T17:58:41.321539,23,18,61,161,108,77,65,22,-5871,8680,9014,-8796,-379,-2045,-356,2,-22,-2
2025-12-01T17:58:41.344161,25,18,57,183,108,73,64,22,-5870,8680,9013,-8797,-385,-2043,-336,-6,-10,3
2025-12-01T17:58:41.367464,25,19,48,183,97,102,58,23,-5870,8680,9013,-8797,-387,-2027,-341,-14,3,1
2025-12-01T17:58:41.381045,23,20,48,169,100,103,46,21,-5868,8684,9014,-8794,-385,-2029,-354,-24,13,-3
2025-12-01T17:58:41.404051,22,20,47,156,100,102,42,20,-5867,8687,9015,-8791,-386,-2050,-362,-20,11,-5
2025-12-01T17:58:41.434558,21,21,41,153,155,104,40,21,-5866,8687,9015,-8791,-380,-2047,-374,-1,0,0
2025-12-01T17:58:41.441528,18,20,41,131,151,103,43,22,-5866,8687,9014,-8792,-379,-2048,-371,16,-4,-1
2025-12-01T17:58:41.463876,18,22,40,137,148,79,44,21,-5868,8686,9012,-8794,-378,-2045,-367,26,-2,2
2025-12-01T17:58:41.487354,18,21,39,148,152,91,46,23,-5869,8685,9008,-8798,-383,-2052,-353,30,-2,2
2025-12-01T17:58:41.501636,19,24,39,145,168,105,45,23,-5871,8684,9004,-8802,-385,-2036,-349,29,-2,4
2025-12-01T17:58:41.524236,19,22,26,136,124,108,48,22,-5872,8683,9001,-8806,-380,-2042,-342,24,-3,5
2025-12-01T17:58:41.547408,19,23,24,139,130,111,45,22,-5872,8683,9001,-8806,-386,-2055,-363,12,-2,12
2025-12-01T17:58:41.561497,21,22,28,150,140,108,44,22,-5870,8685,8997,-8809,-384,-2047,-346,11,-2,19
2025-12-01T17:58:41.584146,20,23,29,141,139,97,42,21,-5870,8687,8992,-8813,-384,-2040,-353,24,3,22
2025-12-01T17:58:41.607382,21,21,30,143,124,81,41,22,-5869,8690,8986,-8817,-386,-2041,-351,24,5,33
2025-12-01T17:58:41.621683,23,24,33,156,126,83,37,22,-5866,8693,8979,-8822,-381,-2057,-362,29,-1,49
2025-12-01T17:58:41.644137,23,22,38,155,139,81,45,21,-5862,8698,8971,-8828,-369,-2044,-345,21,-2,74
2025-12-01T17:58:41.666797,21,20,37,135,135,83,49,21,-5855,8706,8960,-8836,-372,-2030,-331,16,-1,92
2025-12-01T17:58:41.689794,22,20,43,184,162,97,47,21,-5850,8717,8951,-8838,-423,-2042,-365,5,29,62
2025-12-01T17:58:41.712083,20,19,47,232,158,103,52,21,-5848,8725,8942,-8840,-317,-2046,-340,9,25,101
2025-12-01T17:58:41.734976,22,16,46,230,177,101,54,23,-5845,8739,8933,-8837,-310,-2057,-338,-23,56,119
2025-12-01T17:58:41.749887,21,18,46,242,195,108,48,23,-5843,8762,8920,-8828,-289,-2048,-338,-47,105,152
2025-12-01T17:58:41.764133,23,18,46,277,206,102,47,27,-5844,8792,8907,-8812,-254,-2041,-348,-74,156,176
2025-12-01T17:58:41.786462,24,20,40,267,229,83,47,26,-5845,8833,8887,-8790,-285,-2044,-338,-91,224,201
2025-12-01T17:58:41.809645,23,21,34,238,262,84,47,25,-5861,8877,8861,-8761,-220,-2068,-333,-71,300,204
2025-12-01T17:58:41.824054,22,26,91,259,311,102,49,26,-5870,8931,8822,-8739,-232,-2079,-343,-48,322,312
2025-12-01T17:58:41.846365,23,32,99,247,308,90,47,27,-5878,8996,8772,-8718,-273,-2106,-411,-10,361,370
2025-12-01T17:58:41.869656,22,43,106,207,301,90,44,22,-5882,9063,8717,-8700,-273,-2067,-397,-2,362,409
2025-12-01T17:58:41.884117,25,60,160,202,297,88,43,26,-5881,9142,8661,-8675,-319,-2059,-428,-47,403,433
2025-12-01T17:58:41.906744,53,75,173,212,271,80,38,29,-5873,9225,8601,-8652,-353,-2082,-430,-72,402,473
2025-12-01T17:58:41.930129,57,80,216,204,240,45,32,31,-5872,9310,8528,-8634,-390,-2077,-425,-3,433,500
2025-12-01T17:58:41.944091,58,97,243,206,229,52,33,31,-5874,9388,8448,-8627,-434,-1998,-402,70,413,495
2025-12-01T17:58:41.966495,73,112,311,208,239,54,37,32,-5869,9471,8371,-8615,-499,-1993,-447,33,416,475
2025-12-01T17:58:41.989828,82,106,320,227,307,64,40,33,-5859,9556,8294,-8603,-591,-1981,-447,12,413,462
2025-12-01T17:58:42.012365,84,109,357,225,313,60,41,33,-5850,9632,8215,-8599,-629,-1976,-452,63,372,446
2025-12-01T17:58:42.026118,83,126,396,208,282,64,42,30,-5839,9706,8136,-8599,-704,-1946,-444,70,351,421
2025-12-01T17:58:42.049925,83,119,404,273,284,101,46,29,-5821,9778,8059,-8602,-759,-1920,-461,60,316,415
2025-12-01T17:58:42.064364,71,107,378,277,277,109,48,28,-5798,9846,7994,-8601,-778,-1823,-397,-18,292,356
2025-12-01T17:58:42.086622,61,113,390,280,201,159,52,25,-5774,9910,7948,-8586,-792,-1751,-420,-98,287,243
2025-12-01T17:58:42.117380,36,102,359,279,185,172,90,23,-5755,9964,7925,-8558,-812,-1755,-400,-175,272,91
2025-12-01T17:58:42.124119,33,81,282,278,182,193,163,37,-5740,10006,7923,-8520,-866,-1788,-430,-220,245,-61
2025-12-01T17:58:42.146682,34,75,248,223,195,219,178,41,-5733,10028,7937,-8485,-870,-1783,-404,-211,178,-195
2025-12-01T17:58:42.177383,33,72,213,224,193,245,183,41,-5735,10036,7968,-8446,-885,-1787,-480,-182,131,-334
2025-12-01T17:58:42.184072,30,59,158,182,172,257,189,45,-5735,10027,8015,-8413,-886,-1814,-472,-191,30,-417
2025-12-01T17:58:42.206618,29,55,143,171,180,267,175,43,-5735,10010,8075,-8374,-831,-1837,-506,-222,-2,-472
2025-12-01T17:58:42.230234,28,44,129,184,177,261,115,33,-5725,9993,8148,-8331,-842,-1875,-581,-280,-50,-504
2025-12-01T17:58:42.243721,24,38,132,167,152,233,92,31,-5700,9970,8226,-8299,-845,-2001,-605,-307,-158,-464
2025-12-01T17:58:42.266044,23,33,158,174,178,208,95,32,-5667,9932,8294,-8298,-854,-2013,-565,-219,-294,-392
2025-12-01T17:58:42.289764,24,39,145,193,144,161,91,31,-5623,9892,8361,-8309,-810,-1978,-547,-221,-372,-324
2025-12-01T17:58:42.304601,25,42,160,189,142,139,97,35,-5569,9855,8430,-8320,-741,-1968,-543,-276,-404,-264
2025-12-01T17:58:42.326676,24,44,173,232,157,170,102,34,-5519,9817,8498,-8330,-696,-1969,-545,-257,-399,-249
2025-12-01T17:58:42.349587,24,46,182,251,158,165,102,35,-5469,9778,8560,-8345,-636,-2012,-542,-238,-409,-195
2025-12-01T17:58:42.364180,24,58,198,258,145,167,90,34,-5426,9731,8617,-8369,-582,-2052,-577,-144,-445,-165
2025-12-01T17:58:42.394895,23,56,196,256,162,171,89,30,-5395,9676,8665,-8404,-501,-2020,-542,-41,-461,-139
2025-12-01T17:58:42.409958,20,53,183,247,163,203,88,28,-5365,9627,8715,-8428,-442,-1961,-553,-76,-417,-132
2025-12-01T17:58:42.424161,27,53,189,194,207,184,82,35,-5342,9584,8768,-8436,-350,-2021,-541,-137,-340,-116
2025-12-01T17:58:42.446643,26,49,175,173,221,190,83,33,-5332,9542,8812,-8444,-308,-2022,-511,-82,-285,-105
2025-12-01T17:58:42.469816,28,30,126,147,211,186,83,33,-5330,9499,8849,-8454,-279,-2053,-498,-40,-259,-95
2025-12-01T17:58:42.484307,29,32,129,134,217,188,77,34,-5324,9468,8890,-8450,-275,-1999,-521,-108,-204,-90
2025-12-01T17:58:42.506215,53,34,153,145,257,172,67,31,-5318,9446,8929,-8438,-291,-2038,-517,-154,-141,-76
2025-12-01T17:58:42.529916,51,32,137,167,225,165,63,27,-5318,9430,8958,-8425,-309,-2041,-500,-132,-78,-61
2025-12-01T17:58:42.543894,53,35,137,166,208,162,61,29,-5323,9421,8980,-8408,-336,-2035,-513,-110,-13,-55
2025-12-01T17:58:42.566690,54,35,132,175,226,161,73,32,-5332,9418,8997,-8388,-379,-2042,-534,-100,38,-57
2025-12-01T17:58:42.589546,53,31,120,191,217,155,90,34,-5344,9418,9008,-8369,-428,-2063,-522,-80,77,-68
2025-12-01T17:58:42.612483,30,29,83,200,187,181,97,36,-5357,9421,9014,-8350,-471,-2054,-554,-60,99,-71
2025-12-01T17:58:42.626668,31,32,104,225,169,185,105,37,-5369,9424,9020,-8333,-501,-2025,-535,-57,92,-81
2025-12-01T17:58:42.649955,27,30,104,241,167,195,111,36,-5378,9425,9026,-8319,-537,-2036,-566,-43,78,-96
2025-12-01T17:58:42.672703,24,27,105,236,147,194,105,34,-5386,9422,9033,-8310,-525,-2031,-576,-27,40,-93
2025-12-01T17:58:42.686686,24,27,100,217,144,188,90,32,-5391,9417,9038,-8307,-542,-2022,-570,-3,12,-86
2025-12-01T17:58:42.709951,24,26,109,222,114,157,81,30,-5393,9411,9042,-8308,-534,-1986,-563,9,-12,-71
2025-12-01T17:58:42.732508,21,19,88,244,119,154,67,27,-5393,9406,9046,-8310,-525,-2018,-560,-8,-20,-56
2025-12-01T17:58:42.746638,20,25,122,228,122,153,57,25,-5389,9401,9050,-8313,-501,-1995,-564,-10,-37,-29
2025-12-01T17:58:42.769923,19,31,136,268,135,179,55,24,-5384,9397,9052,-8318,-483,-1984,-553,-6,-40,-8
2025-12-01T17:58:42.792463,19,31,137,276,156,196,55,26,-5379,9396,9056,-8319,-467,-1958,-561,-23,-29,-5
2025-12-01T17:58:42.806718,21,31,129,261,164,189,57,27,-5372,9396,9060,-8319,-480,-1992,-575,-37,-30,-1
2025-12-01T17:58:42.829940,21,35,168,228,161,192,59,30,-5366,9394,9064,-8321,-473,-2003,-569,-20,-36,2
2025-12-01T17:58:42.852286,20,32,153,226,156,179,59,30,-5360,9391,9067,-8324,-478,-1989,-562,-19,-39,-3
2025-12-01T17:58:42.866828,19,27,143,231,133,153,56,30,-5355,9388,9073,-8324,-456,-1996,-588,-25,-42,-8
2025-12-01T17:58:42.887801,21,26,141,257,108,141,54,29,-5350,9383,9079,-8327,-456,-2005,-580,-14,-51,-10
2025-12-01T17:58:42.911091,20,31,148,259,91,142,54,28,-5347,9375,9084,-8331,-443,-2011,-564,-4,-57,-7
2025-12-01T17:58:42.926006,19,29,104,236,93,140,59,26,-5346,9368,9088,-8336,-432,-1986,-576,12,-55,-4
2025-12-01T17:58:42.950616,21,31,132,239,95,146,64,26,-5343,9363,9095,-8337,-420,-1979,-586,-9,-45,-4
2025-12-01T17:58:42.972385,22,32,130,236,93,149,73,28,-5339,9360,9101,-8336,-426,-1985,-574,-22,-38,-2
2025-12-01T17:58:42.986825,22,33,133,200,102,144,76,26,-5338,9354,9107,-8337,-409,-1984,-570,-12,-40,-4
2025-12-01T17:58:43.010018,21,28,126,198,100,135,75,27,-5339,9350,9112,-8335,-418,-1954,-564,-9,-19,-14
2025-12-01T17:58:43.032557,21,26,119,213,114,128,72,25,-5339,9348,9117,-8332,-435,-1993,-582,-18,-11,-17
2025-12-01T17:58:43.046392,21,24,115,238,121,158,63,23,-5340,9347,9120,-8329,-450,-1985,-572,-12,2,-17
2025-12-01T17:58:43.069616,20,23,120,228,134,163,56,21,-5342,9345,9124,-8325,-451,-2006,-584,-11,3,-26
2025-12-01T17:58:43.092416,20,26,116,231,125,158,50,20,-5345,9342,9128,-8322,-461,-2001,-581,-8,0,-36
2025-12-01T17:58:43.106743,21,26,114,251,135,156,54,19,-5346,9342,9133,-8318,-470,-2005,-589,-19,10,-33
2025-12-01T17:58:43.129914,20,30,173,243,125,144,53,19,-5347,9341,9135,-8315,-468,-2001,-569,-16,9,-24
2025-12-01T17:58:43.152404,20,31,154,232,122,128,59,21,-5347,9339,9137,-8316,-477,-2004,-562,-12,-10,-20
2025-12-01T17:58:43.166703,21,30,150,211,110,115,60,23,-5345,9335,9141,-8317,-469,-1983,-566,-8,-23,-28
2025-12-01T17:58:43.189660,23,28,153,243,97,112,59,24,-5344,9330,9146,-8317,-469,-1997,-574,-13,-27,-37
2025-12-01T17:58:43.212407,22,28,154,235,108,138,64,25,-5345,9323,9151,-8319,-468,-2001,-582,9,-31,-39
2025-12-01T17:58:43.226749,23,25,83,257,115,146,65,25,-5345,9316,9154,-8323,-470,-2001,-586,17,-35,-34
2025-12-01T17:58:43.249937,21,24,76,251,116,130,57,24,-5346,9309,9158,-8327,-455,-1988,-566,15,-37,-34
2025-12-01T17:58:43.272430,21,24,96,237,121,133,52,22,-5347,9302,9163,-8328,-438,-1992,-576,8,-29,-31
2025-12-01T17:58:43.287032,18,23,94,210,126,145,51,24,-5348,9297,9166,-8330,-450,-2008,-561,-2,-26,-25
2025-12-01T17:58:43.309990,18,22,94,198,104,123,39,26,-5349,9291,9169,-8333,-436,-2002,-566,14,-30,-18
2025-12-01T17:58:43.332462,19,21,90,184,92,112,37,26,-5351,9284,9171,-8337,-441,-2009,-562,17,-32,-18
2025-12-01T17:58:43.346859,18,20,97,178,89,99,43,27,-5351,9280,9173,-8338,-439,-1999,-564,-1,-19,-15
2025-12-01T17:58:43.369844,20,25,116,207,78,99,42,27,-5349,9277,9177,-8339,-444,-1999,-567,-12,-26,-13
2025-12-01T17:58:43.392380,22,25,120,207,67,83,41,25,-5347,9273,9181,-8341,-444,-2014,-561,-12,-28,-11
2025-12-01T17:58:43.415165,24,25,120,236,76,72,48,24,-5347,9269,9182,-8344,-441,-1996,-561,10,-24,-10
2025-12-01T17:58:43.430306,24,28,123,230,76,85,52,24,-5348,9265,9184,-8346,-445,-1984,-556,3,-18,-16
2025-12-01T17:58:43.451911,25,29,124,258,85,111,56,24,-5348,9260,9185,-8349,-449,-2005,-567,13,-27,-13
2025-12-01T17:58:43.466204,25,26,109,262,98,110,57,24,-5347,9258,9187,-8350,-455,-1999,-566,-3,-13,-17
2025-12-01T17:58:43.489512,24,27,113,292,105,114,61,26,-5347,9258,9187,-8351,-464,-2016,-549,-6,-9,-14
2025-12-01T17:58:43.511568,25,27,113,269,98,116,56,24,-5348,9254,9187,-8354,-459,-2005,-559,12,-19,-12
2025-12-01T17:58:43.525955,25,24,115,276,96,110,52,25,-5350,9249,9187,-8358,-460,-2007,-547,17,-14,-18
2025-12-01T17:58:43.549675,24,25,102,248,84,86,47,24,-5352,9244,9188,-8362,-448,-2012,-551,17,-18,-21
2025-12-01T17:58:43.572385,25,25,135,247,85,88,52,25,-5354,9240,9189,-8363,-445,-1997,-563,13,-13,-18
2025-12-01T17:58:43.594949,26,24,129,227,81,90,48,25,-5355,9237,9191,-8364,-440,-1994,-566,5,-13,-19
2025-12-01T17:58:43.609723,23,24,128,229,82,87,47,24,-5355,9233,9194,-8364,-439,-2007,-556,-4,-19,-17
2025-12-01T17:58:43.632768,22,24,125,216,80,83,49,25,-5356,9229,9196,-8366,-437,-2005,-560,8,-21,-14
2025-12-01T17:58:43.654445,23,24,132,215,84,81,47,25,-5358,9224,9197,-8370,-426,-1994,-539,15,-19,-9
2025-12-01T17:58:43.669706,22,20,74,213,68,88,44,23,-5358,9224,9197,-8370,-434,-1994,-552,13,-9,-9
2025-12-01T17:58:43.692036,20,22,69,187,66,97,53,24,-5358,9219,9199,-8374,-440,-1994,-550,11,-33,-13
2025-12-01T17:58:43.714967,21,28,116,180,62,102,57,25,-5358,9219,9199,-8374,-439,-1998,-565,7,-11,-12
2025-12-01T17:58:43.729979,22,28,116,166,63,103,62,27,-5358,9219,9199,-8374,-441,-1997,-550,-2,-2,-12
2025-12-01T17:58:43.752378,22,27,109,164,72,113,62,28,-5358,9218,9198,-8375,-443,-1990,-539,-5,5,-14
2025-12-01T17:58:43.774709,20,29,109,138,85,129,60,30,-5358,9219,9198,-8375,-449,-2000,-558,-7,2,-15
2025-12-01T17:58:43.789949,21,28,109,133,92,123,53,29,-5358,9218,9198,-8375,-431,-1994,-542,0,-13,-14
2025-12-01T17:58:43.812475,22,21,53,177,92,125,48,29,-5358,9218,9198,-8375,-432,-2003,-551,0,-5,-14
2025-12-01T17:58:43.842429,20,22,49,185,99,131,38,24,-5358,9218,9198,-8375,-435,-1999,-558,2,5,-12
2025-12-01T17:58:43.849550,18,24,43,189,101,126,40,21,-5359,9218,9198,-8375,-427,-2001,-557,-6,12,-9
2025-12-01T17:58:43.872075,19,21,53,193,103,111,41,20,-5361,9220,9199,-8370,-407,-2008,-574,-6,23,10
2025-12-01T17:58:43.894858,20,24,81,217,110,105,38,19,-5362,9224,9197,-8368,-415,-2012,-544,-17,18,27
2025-12-01T17:58:43.910057,20,25,92,181,130,105,39,21,-5361,9230,9193,-8366,-416,-1996,-533,-25,26,40
2025-12-01T17:58:43.932736,18,24,104,175,125,97,49,22,-5360,9237,9190,-8363,-385,-2008,-531,-34,31,61
2025-12-01T17:58:43.954544,21,33,125,214,138,99,50,25,-5360,9249,9182,-8357,-373,-1994,-516,-43,64,89
2025-12-01T17:58:43.969848,21,42,133,201,173,101,61,27,-5359,9272,9172,-8343,-378,-1992,-521,-85,118,117
2025-12-01T17:58:43.992452,21,46,127,195,192,146,80,28,-5361,9303,9157,-8325,-368,-2003,-488,-110,173,147
2025-12-01T17:58:44.015425,25,74,238,198,213,163,84,28,-5365,9339,9140,-8300,-392,-2056,-506,-128,228,147
2025-12-01T17:58:44.029178,30,83,297,203,230,181,89,32,-5378,9377,9112,-8279,-390,-2056,-484,-76,266,170
2025-12-01T17:58:44.051672,29,84,297,247,305,200,92,33,-5397,9422,9076,-8255,-432,-2054,-493,-53,333,179
2025-12-01T17:58:44.074649,31,89,307,280,375,212,99,38,-5428,9464,9031,-8236,-411,-2064,-502,34,367,185
2025-12-01T17:58:44.089289,33,87,311,374,424,192,89,39,-5482,9502,8974,-8219,-408,-2006,-516,179,429,149
2025-12-01T17:58:44.119964,31,66,238,422,470,176,88,40,-5541,9539,8918,-8198,-427,-2035,-528,185,462,109
2025-12-01T17:58:44.134922,26,62,155,432,541,170,77,36,-5604,9580,8858,-8172,-469,-2035,-592,216,502,89
2025-12-01T17:58:44.149504,29,91,149,437,534,151,73,34,-5667,9624,8794,-8145,-474,-2051,-567,215,527,111
2025-12-01T17:58:44.172444,42,176,117,434,558,136,54,31,-5742,9666,8723,-8121,-475,-2044,-582,298,559,96
2025-12-01T17:58:44.194684,43,247,101,362,565,126,48,31,-5815,9705,8649,-8101,-487,-2024,-600,328,537,100
2025-12-01T17:58:44.207134,47,267,104,363,527,127,42,29,-5881,9748,8580,-8075,-478,-2029,-627,289,532,110
2025-12-01T17:58:44.231322,51,268,98,381,494,113,44,32,-5951,9784,8511,-8053,-485,-2027,-620,328,512,78
2025-12-01T17:58:44.254937,50,262,85,355,491,107,43,32,-6034,9811,8430,-8044,-504,-1991,-627,470,504,69
2025-12-01T17:58:44.269210,40,214,77,378,407,88,39,30,-6111,9836,8351,-8038,-530,-1932,-610,469,476,56
2025-12-01T17:58:44.292490,37,128,77,434,335,96,42,26,-6183,9854,8283,-8031,-532,-1873,-607,445,414,6
2025-12-01T17:58:44.314995,31,82,58,393,324,139,54,27,-6247,9869,8226,-8020,-527,-1821,-598,391,380,-34
2025-12-01T17:58:44.329561,29,75,105,365,247,166,63,27,-6289,9904,8196,-7976,-448,-1734,-565,101,419,-52
2025-12-01T17:58:44.353174,27,85,143,335,180,188,71,26,-6295,9974,8195,-7885,-414,-1662,-613,-288,506,-43
2025-12-01T17:58:44.374609,27,79,149,307,156,222,71,24,-6289,10053,8199,-7785,-347,-1930,-668,-403,501,37
2025-12-01T17:58:44.388730,26,79,171,208,148,218,71,27,-6270,10131,8200,-7696,-274,-1938,-810,-348,407,145
2025-12-01T17:58:44.412469,26,84,193,234,128,191,62,27,-6232,10190,8189,-7660,-767,-2538,-952,-219,206,109
2025-12-01T17:58:44.434546,24,89,227,264,124,168,52,27,-6239,10184,8146,-7709,-695,-2189,-584,270,-41,103
2025-12-01T17:58:44.449214,24,68,231,262,123,148,36,26,-6284,10160,8103,-7750,-565,-1819,-510,436,36,-35
2025-12-01T17:58:44.473220,23,70,233,251,113,92,39,25,-6297,10154,8107,-7743,-514,-1898,-548,43,47,-132
2025-12-01T17:58:44.492892,25,68,219,248,116,91,35,25,-6305,10149,8126,-7723,-508,-2055,-473,-113,60,-175
2025-12-01T17:58:44.515891,24,61,202,209,121,89,36,30,-6334,10129,8133,-7719,-453,-2133,-457,48,37,-168
2025-12-01T17:58:44.531828,24,54,141,167,129,86,34,29,-6368,10103,8136,-7721,-401,-2101,-458,118,18,-154
2025-12-01T17:58:44.554690,34,50,95,161,130,122,36,32,-6402,10080,8137,-7721,-375,-2084,-439,105,36,-132
2025-12-01T17:58:44.577516,34,46,105,147,137,238,62,37,-6436,10060,8136,-7720,-353,-2061,-431,101,51,-115
2025-12-01T17:58:44.592505,33,45,101,217,135,263,67,37,-6465,10050,8140,-7705,-324,-2020,-446,27,95,-116
2025-12-01T17:58:44.615014,35,39,97,223,132,268,71,33,-6490,10046,8149,-7681,-331,-2028,-474,-16,120,-133
2025-12-01T17:58:44.637834,37,42,99,224,137,273,79,36,-6521,10034,8151,-7667,-357,-2089,-498,64,94,-136
2025-12-01T17:58:44.652051,28,42,98,233,137,270,80,35,-6555,10021,8145,-7662,-387,-2031,-502,141,95,-121
2025-12-01T17:58:44.674380,32,49,125,222,150,207,73,34,-6583,10011,8135,-7661,-412,-2035,-532,146,83,-96
2025-12-01T17:58:44.697740,33,55,130,162,158,176,71,32,-6607,10004,8126,-7660,-434,-1987,-545,146,74,-96
2025-12-01T17:58:44.712303,36,64,135,169,184,217,74,32,-6624,9996,8124,-7658,-421,-1978,-535,101,44,-102
2025-12-01T17:58:44.735038,34,66,133,236,229,219,73,29,-6641,9985,8123,-7658,-415,-2013,-506,93,27,-106
2025-12-01T17:58:44.756973,35,65,134,227,227,206,75,28,-6666,9970,8119,-7661,-401,-1996,-513,154,35,-113
2025-12-01T17:58:44.772428,33,61,87,233,239,184,72,28,-6685,9957,8117,-7662,-392,-2023,-517,119,20,-100
2025-12-01T17:58:44.794956,33,55,81,239,277,222,79,29,-6700,9945,8117,-7665,-385,-1991,-492,95,2,-91
2025-12-01T17:58:44.817538,29,49,91,244,278,208,85,31,-6715,9931,8117,-7671,-368,-2001,-471,100,-9,-83
2025-12-01T17:58:44.832260,28,46,91,194,245,226,89,32,-6730,9914,8117,-7679,-360,-2023,-465,107,-29,-83
2025-12-01T17:58:44.854387,29,46,88,205,289,248,97,39,-6747,9898,8119,-7683,-335,-2012,-474,104,-11,-84
2025-12-01T17:58:44.877194,32,43,86,256,312,252,94,38,-6760,9884,8123,-7686,-317,-2025,-451,68,-23,-75
2025-12-01T17:58:44.892450,31,40,80,241,314,231,93,39,-6769,9874,8131,-7681,-311,-2044,-450,11,-5,-80
2025-12-01T17:58:44.915027,31,38,61,235,404,205,83,37,-6783,9862,8132,-7683,-320,-2083,-454,70,-1,-68
2025-12-01T17:58:44.937417,37,45,62,232,427,230,83,44,-6802,9847,8128,-7689,-316,-2056,-431,110,0,-56
2025-12-01T17:58:44.951848,38,51,66,230,403,208,76,41,-6821,9833,8123,-7696,-324,-2049,-442,126,8,-60
2025-12-01T17:58:44.974947,37,50,66,240,410,211,78,41,-6836,9821,8119,-7703,-326,-2052,-436,100,-2,-44
2025-12-01T17:58:44.997421,37,51,67,291,491,208,84,42,-6844,9815,8116,-7706,-335,-2048,-452,63,3,-28
2025-12-01T17:58:45.011759,44,57,79,293,430,228,92,48,-6847,9811,8115,-7711,-333,-2043,-423,26,-13,-16
2025-12-01T17:58:45.035062,41,52,83,290,446,198,101,44,-6849,9812,8115,-7707,-332,-2044,-428,-17,23,-20
2025-12-01T17:58:45.057500,39,47,77,302,473,196,104,43,-6889,9786,8132,-7686,-7,-2106,-361,47,45,-125
2025-12-01T17:58:45.072142,40,46,75,254,533,205,106,48,-6921,9777,8105,-7698,-335,-2104,-463,247,86,0
2025-12-01T17:58:45.095050,39,49,78,186,474,212,100,46,-6928,9783,8102,-7687,-294,-1946,-422,-6,81,-23
2025-12-01T17:58:45.117482,32,39,68,195,472,219,106,45,-6931,9797,8099,-7671,-287,-2044,-425,-64,103,8
2025-12-01T17:58:45.131737,30,34,54,198,443,201,98,43,-6926,9820,8093,-7651,-309,-2059,-490,-85,122,46
2025-12-01T17:58:45.155292,31,35,56,175,429,208,101,42,-6912,9850,8091,-7628,-320,-2083,-511,-144,116,67
2025-12-01T17:58:45.184522,27,36,55,168,327,203,101,38,-6890,9878,8088,-7613,-375,-2144,-543,-144,73,78
2025-12-01T17:58:45.191296,29,33,52,166,326,248,115,42,-6856,9907,8085,-7609,-428,-2135,-545,-152,11,115
2025-12-01T17:58:45.215010,26,31,43,161,332,242,105,38,-6808,9938,8082,-7616,-505,-2109,-512,-195,-52,147
2025-12-01T17:58:45.237624,28,31,41,156,355,255,110,37,-6745,9972,8081,-7629,-532,-2110,-514,-246,-107,197
2025-12-01T17:58:45.251377,27,28,39,149,336,259,104,35,-6667,9998,8083,-7662,-595,-2126,-481,-258,-235,230
2025-12-01T17:58:45.275498,26,27,43,141,329,274,107,37,-6581,10009,8088,-7715,-596,-2117,-503,-196,-374,254
2025-12-01T17:58:45.297577,27,28,40,149,282,221,98,35,-6491,10007,8093,-7789,-592,-2053,-491,-117,-493,283
2025-12-01T17:58:45.311486,29,30,40,155,252,212,107,36,-6396,9995,8098,-7877,-583,-2004,-471,-75,-585,311
2025-12-01T17:58:45.334961,27,29,41,137,207,196,95,35,-6299,9976,8106,-7971,-565,-1977,-490,-47,-644,324
2025-12-01T17:58:45.357314,26,28,39,139,225,215,99,35,-6197,9953,8121,-8064,-559,-1932,-472,-81,-685,310
2025-12-01T17:58:45.371752,26,30,34,142,211,182,90,31,-6092,9923,8145,-8155,-565,-1937,-478,-105,-722,269
2025-12-01T17:58:45.395143,24,27,33,136,211,188,82,28,-5988,9888,8178,-8242,-583,-1905,-506,-103,-747,213
2025-12-01T17:58:45.416970,23,28,30,91,214,194,81,28,-5888,9840,8219,-8330,-576,-1901,-503,-83,-794,153
2025-12-01T17:58:45.440578,24,28,35,90,231,228,83,29,-5795,9783,8270,-8412,-536,-1893,-505,-84,-806,88
2025-12-01T17:58:45.454829,26,29,43,97,210,248,95,35,-5706,9717,8328,-8490,-568,-1921,-478,-101,-814,8
2025-12-01T17:58:45.477425,25,29,48,109,241,258,106,38,-5624,9643,8399,-8560,-566,-1966,-480,-122,-823,-75
2025-12-01T17:58:45.507040,27,29,50,109,242,261,115,40,-5550,9557,8475,-8629,-546,-1983,-451,-104,-838,-146
2025-12-01T17:58:45.513277,29,29,54,134,243,272,113,40,-5484,9460,8556,-8698,-533,-1992,-406,-94,-857,-209
2025-12-01T17:58:45.537082,28,34,79,157,234,261,115,40,-5422,9356,8640,-8766,-528,-1980,-388,-85,-863,-251
2025-12-01T17:58:45.559588,27,34,76,146,242,211,105,35,-5367,9242,8719,-8843,-507,-1979,-342,-16,-884,-265
2025-12-01T17:58:45.574396,27,31,75,132,212,199,100,31,-5327,9120,8787,-8926,-488,-1978,-343,101,-872,-277
2025-12-01T17:58:45.597522,28,45,108,140,210,192,105,31,-5297,8998,8850,-9005,-422,-1962,-352,156,-826,-275
2025-12-01T17:58:45.620013,28,48,109,119,219,153,103,30,-5282,8883,8908,-9070,-352,-1946,-359,176,-724,-279
2025-12-01T17:58:45.634327,29,46,92,88,213,141,104,30,-5278,8778,8964,-9120,-300,-1948,-367,161,-609,-285
2025-12-01T17:58:45.657358,27,47,98,105,202,159,102,32,-5282,8685,9020,-9151,-251,-1946,-394,124,-501,-284
2025-12-01T17:58:45.679613,28,48,98,118,204,155,97,32,-5283,8607,9083,-9162,-248,-1993,-424,26,-421,-290
2025-12-01T17:58:45.694284,25,36,63,114,204,174,81,29,-5285,8535,9142,-9170,-264,-2049,-412,3,-377,-277
2025-12-01T17:58:45.725061,21,32,101,134,181,173,71,27,-5290,8468,9192,-9179,-267,-2060,-405,38,-335,-248
2025-12-01T17:58:45.740064,21,31,107,131,178,158,66,25,-5299,8411,9235,-9183,-262,-2051,-404,33,-262,-227
2025-12-01T17:58:45.753925,21,34,105,118,176,152,64,26,-5309,8370,9274,-9174,-256,-2073,-390,-26,-162,-190
2025-12-01T17:58:45.777137,22,34,105,106,164,148,64,28,-5320,8342,9303,-9165,-265,-2096,-363,-31,-98,-131
2025-12-01T17:58:45.799971,23,37,103,108,202,134,64,28,-5323,8323,9323,-9160,-300,-2059,-303,-65,-78,-76
2025-12-01T17:58:45.814985,24,37,100,82,222,140,64,28,-5318,8310,9339,-9158,-346,-2038,-278,-85,-78,-35
2025-12-01T17:58:45.837614,23,37,95,95,241,142,68,29,-5314,8300,9350,-9159,-351,-2040,-312,-44,-71,-14
2025-12-01T17:58:45.860098,24,32,97,95,256,143,66,26,-5315,8290,9353,-9165,-342,-2011,-335,29,-57,-1
2025-12-01T17:58:45.875550,25,32,100,93,263,158,75,30,-5319,8281,9353,-9169,-360,-1991,-356,51,-33,-10
2025-12-01T17:58:45.897472,24,33,105,81,229,140,73,31,-5338,8269,9341,-9182,-384,-2043,-392,184,1,-26
2025-12-01T17:58:45.919945,24,31,78,89,211,147,88,35,-5339,8264,9335,-9192,-364,-2065,-398,93,-40,40
2025-12-01T17:58:45.933825,25,34,106,82,184,141,83,35,-5342,8263,9326,-9200,-436,-2042,-411,107,-8,16
2025-12-01T17:58:45.957476,24,33,104,106,176,122,81,37,-5336,8264,9326,-9202,-402,-2083,-369,2,-27,35
2025-12-01T17:58:45.979605,23,35,103,119,202,105,69,34,-5321,8267,9329,-9207,-454,-2117,-365,-29,-61,46
2025-12-01T17:58:45.994313,23,33,98,130,228,107,69,34,-5303,8264,9336,-9212,-456,-2114,-354,-50,-92,22
2025-12-01T17:58:46.017525,23,33,96,131,235,86,44,37,-5283,8260,9352,-9211,-435,-2095,-330,-114,-101,2
2025-12-01T17:58:46.039848,22,31,61,127,243,88,42,38,-5265,8256,9359,-9217,-432,-2065,-237,-99,-88,35
2025-12-01T17:58:46.054369,24,31,59,106,226,81,40,37,-5256,8245,9360,-9231,-392,-2054,-245,-13,-99,30
2025-12-01T17:58:46.077708,23,28,54,93,197,75,45,37,-5255,8234,9358,-9244,-334,-1962,-283,44,-69,36
2025-12-01T17:58:46.100029,26,50,122,118,157,74,59,38,-5254,8230,9356,-9250,-306,-1953,-317,26,-40,58
2025-12-01T17:58:46.114307,25,50,123,126,214,88,70,33,-5253,8242,9353,-9243,-303,-1980,-338,-30,45,95
2025-12-01T17:58:46.137529,25,50,123,131,219,97,69,31,-5246,8267,9350,-9228,-314,-2027,-386,-75,86,146
2025-12-01T17:58:46.159474,25,54,124,134,226,144,104,32,-5248,8291,9334,-9221,-300,-2034,-355,-4,123,170
2025-12-01T17:58:46.173888,29,55,125,198,244,171,109,34,-5260,8314,9309,-9219,-322,-2057,-328,58,151,165
2025-12-01T17:58:46.197537,26,33,60,178,251,183,107,31,-5268,8342,9285,-9213,-366,-2063,-297,4,170,166
2025-12-01T17:58:46.219354,27,32,53,221,250,210,107,32,-5255,8413,9252,-9189,-646,-2237,-213,-221,180,103
2025-12-01T17:58:46.246400,26,31,77,236,258,209,114,34,-5239,8442,9259,-9165,-679,-2298,-133,-343,142,-12
2025-12-01T17:58:46.260602,26,26,81,252,274,184,85,32,-5242,8447,9273,-9144,-693,-2308,-101,-280,114,-167
2025-12-01T17:58:46.283010,21,28,87,222,263,161,77,28,-5315,8422,9205,-9194,-889,-2658,-91,439,204,-184
2025-12-01T17:58:46.301826,25,28,93,226,288,153,74,31,-5337,8402,9139,-9264,-686,-2322,-131,406,-39,98
2025-12-01T17:58:46.321161,25,37,104,185,271,111,67,30,-5352,8390,9074,-9331,-640,-1904,-213,446,-42,118
2025-12-01T17:58:46.339109,25,38,117,167,266,109,56,27,-5351,8391,9032,-9371,-593,-1808,-299,281,-30,111
2025-12-01T17:58:46.361703,23,40,115,163,245,118,54,30,-5340,8394,9007,-9398,-543,-1819,-392,206,-67,104
2025-12-01T17:58:46.381103,27,36,124,143,308,125,54,32,-5333,8386,8983,-9433,-493,-1731,-482,311,-131,91
2025-12-01T17:58:46.399001,28,38,124,139,289,125,53,32,-5327,8371,8966,-9466,-447,-1644,-585,365,-180,54
2025-12-01T17:58:46.426028,27,32,116,126,289,133,65,35,-5303,8351,8974,-9490,-393,-1646,-579,216,-269,45
2025-12-01T17:58:46.441081,29,32,106,128,293,227,83,37,-5261,8338,9004,-9495,-344,-1596,-528,-7,-286,43
2025-12-01T17:58:46.459334,30,44,153,118,372,263,90,38,-5204,8331,9058,-9482,-355,-1658,-489,-225,-294,16
2025-12-01T17:58:46.481321,28,44,156,149,357,271,93,38,-5139,8320,9126,-9462,-417,-1790,-414,-362,-323,-42
2025-12-01T17:58:46.508727,26,46,157,168,366,299,112,37,-5078,8297,9197,-9446,-471,-1984,-340,-393,-356,-95
2025-12-01T17:58:46.519226,28,55,199,182,351,307,120,36,-5022,8263,9264,-9440,-448,-2012,-208,-387,-375,-102
2025-12-01T17:58:46.541804,26,57,213,198,340,254,117,36,-4968,8235,9333,-9425,-409,-1988,-214,-433,-331,-98
2025-12-01T17:58:46.561383,27,50,195,186,266,307,117,37,-4927,8198,9363,-9449,-523,-1907,359,-425,-276,-65
2025-12-01T17:58:46.583470,28,69,228,181,212,324,131,39,-4917,8182,9413,-9419,-357,-1873,-283,-271,-90,-158
2025-12-01T17:58:46.601832,29,72,232,165,186,314,145,43,-4884,8186,9476,-9369,-323,-1810,-290,-476,-65,-90
2025-12-01T17:58:46.621083,28,66,203,163,185,323,152,44,-4862,8192,9556,-9294,-289,-2054,-463,-533,-3,-161
2025-12-01T17:58:46.638571,30,65,182,149,169,315,150,44,-4860,8200,9479,-9366,-1091,-2806,2,195,46,146
2025-12-01T17:58:46.659106,28,64,169,237,240,239,159,47,-4913,8175,9445,-9395,-391,-2266,-593,504,31,-34
2025-12-01T17:58:46.677928,29,54,175,226,245,212,146,44,-4979,8142,9394,-9440,-353,-2039,-423,600,45,-36
2025-12-01T17:58:46.703593,27,56,170,239,243,202,135,45,-4994,8146,9373,-9450,-448,-2198,-469,200,42,75
2025-12-01T17:58:46.721874,29,61,180,266,236,173,113,43,-4973,8153,9374,-9453,-322,-2198,-376,-44,-75,201
2025-12-01T17:58:46.740819,29,63,200,292,244,177,109,45,-4916,8195,9389,-9432,-381,-2104,-350,-347,-25,304
2025-12-01T17:58:46.763998,29,68,210,322,166,155,86,38,-4848,8253,9406,-9399,-406,-2073,-363,-448,20,361
2025-12-01T17:58:46.786206,27,63,160,346,161,149,86,38,-4784,8326,9419,-9355,-440,-2012,-383,-481,122,368
2025-12-01T17:58:46.801063,26,59,165,336,161,127,47,31,-4744,8402,9414,-9312,-449,-1919,-377,-356,243,347
2025-12-01T17:58:46.823652,23,53,186,316,146,115,45,33,-4720,8485,9400,-9263,-468,-1931,-407,-313,343,330
2025-12-01T17:58:46.842587,20,50,184,286,130,109,42,27,-4697,8578,9382,-9207,-515,-2011,-479,-319,401,354
2025-12-01T17:58:46.861568,35,42,233,216,95,114,48,32,-4679,8673,9359,-9150,-482,-2068,-492,-304,422,388
2025-12-01T17:58:46.883863,35,36,232,179,87,132,47,32,-4661,8766,9327,-9103,-510,-2125,-523,-241,409,427
2025-12-01T17:58:46.901767,37,35,229,213,114,132,50,31,-4658,8845,9285,-9071,-507,-2054,-511,-97,385,388
2025-12-01T17:58:46.921156,36,40,199,219,131,140,51,28,-4659,8919,9241,-9043,-563,-1875,-431,-81,392,321
2025-12-01T17:58:46.943574,37,40,183,231,141,140,48,28,-4663,8987,9214,-9002,-659,-1933,-487,-144,400,178
2025-12-01T17:58:46.961886,24,41,95,216,160,138,44,23,-4662,9041,9213,-8948,-652,-1993,-519,-257,334,71
2025-12-01T17:58:46.981268,26,42,96,237,157,121,47,25,-4653,9088,9232,-8886,-648,-2003,-516,-369,289,-4
2025-12-01T17:58:47.003583,23,44,96,228,148,134,44,26,-4632,9138,9259,-8817,-628,-1942,-550,-445,257,5
2025-12-01T17:58:47.021941,22,44,93,237,160,131,44,27,-4625,9175,9293,-8746,-548,-1912,-543,-419,254,-64
2025-12-01T17:58:47.040924,21,46,81,231,166,146,47,27,-4621,9205,9327,-8680,-576,-1948,-574,-378,234,-103
2025-12-01T17:58:47.064223,21,49,77,207,150,144,47,26,-4621,9233,9365,-8610,-588,-1969,-638,-374,240,-146
2025-12-01T17:58:47.082110,21,54,79,175,152,162,49,25,-4615,9258,9402,-8546,-579,-1958,-651,-362,200,-126
2025-12-01T17:58:47.103968,25,59,77,162,141,150,51,25,-4607,9280,9437,-8486,-554,-1957,-674,-345,166,-104
2025-12-01T17:58:47.124217,26,56,89,131,130,149,52,23,-4601,9298,9463,-8442,-600,-1970,-717,-243,131,-93
2025-12-01T17:58:47.141873,26,55,92,135,118,143,52,23,-4598,9307,9479,-8416,-558,-1967,-690,-146,74,-58
2025-12-01T17:58:47.161661,27,55,100,151,128,137,51,25,-4605,9308,9485,-8403,-541,-1962,-693,-34,51,-49
2025-12-01T17:58:47.179347,32,54,105,147,127,115,44,26,-4614,9306,9486,-8400,-548,-1964,-677,19,31,-43
2025-12-01T17:58:47.201376,33,42,104,142,130,148,58,27,-4622,9302,9487,-8399,-529,-1967,-671,21,13,-27
2025-12-01T17:58:47.221064,34,40,94,170,109,143,64,29,-4627,9302,9487,-8396,-532,-1950,-668,2,20,-14
2025-12-01T17:58:47.238792,83,42,90,174,102,137,64,31,-4632,9303,9484,-8396,-551,-1970,-677,21,26,-4
2025-12-01T17:58:47.261936,93,42,91,168,87,145,62,33,-4641,9304,9478,-8397,-527,-1954,-668,48,35,7
2025-12-01T17:58:47.281778,92,36,76,169,82,148,68,33,-4650,9308,9468,-8398,-524,-1973,-662,44,51,31
2025-12-01T17:58:47.302790,93,42,77,165,66,115,64,31,-4654,9318,9458,-8396,-523,-1966,-656,12,61,64
2025-12-01T17:58:47.321665,95,47,76,151,76,135,68,31,-4651,9336,9448,-8389,-527,-1975,-656,-43,79,98
2025-12-01T17:58:47.344423,60,44,80,132,81,135,76,30,-4642,9359,9438,-8379,-534,-1940,-673,-73,84,123
2025-12-01T17:58:47.359415,43,45,80,132,79,125,77,28,-4636,9379,9426,-8374,-523,-1953,-622,-61,72,130
2025-12-01T17:58:47.381917,42,46,81,133,78,127,75,27,-4626,9396,9415,-8373,-522,-1939,-689,-23,29,134
2025-12-01T17:58:47.404029,40,43,79,152,79,120,71,29,-4616,9412,9399,-8378,-573,-1931,-685,7,26,132
2025-12-01T17:58:47.419054,85,39,80,138,72,108,64,29,-4612,9420,9380,-8392,-564,-1943,-670,69,-5,123
2025-12-01T17:58:47.449523,88,40,76,142,67,122,57,29,-4609,9426,9361,-8409,-559,-1938,-665,86,-21,118
2025-12-01T17:58:47.464045,88,39,61,147,67,136,59,29,-4606,9429,9342,-8428,-584,-1934,-661,99,-33,109
2025-12-01T17:58:47.479445,98,49,60,146,73,132,59,29,-4602,9432,9327,-8445,-580,-1932,-648,73,-34,97
2025-12-01T17:58:47.506099,99,47,48,138,77,160,57,29,-4596,9432,9314,-8461,-588,-1933,-657,70,-49,78
2025-12-01T17:58:47.524322,64,48,52,130,78,167,60,29,-4592,9432,9304,-8475,-582,-1926,-639,52,-41,69
2025-12-01T17:58:47.539414,59,49,64,146,77,157,55,27,-4587,9431,9296,-8487,-603,-1918,-647,48,-44,51
2025-12-01T17:58:47.562202,58,50,73,136,76,149,52,24,-4589,9425,9288,-8501,-587,-1928,-629,73,-41,25
2025-12-01T17:58:47.584298,38,42,78,145,68,153,51,25,-4593,9420,9280,-8514,-596,-1932,-629,79,-31,20
2025-12-01T17:58:47.599039,33,40,83,147,64,126,44,24,-4599,9412,9271,-8528,-587,-1933,-624,95,-33,6
2025-12-01T17:58:47.621901,27,41,83,151,61,110,34,23,-4605,9406,9266,-8537,-586,-1930,-617,65,-19,-2
2025-12-01T17:58:47.644830,25,40,74,130,56,101,34,22,-4609,9400,9264,-8544,-590,-1939,-616,41,-24,-8
2025-12-01T17:58:47.658719,26,36,70,130,61,103,35,25,-4611,9395,9265,-8548,-593,-1939,-627,20,-23,-16
2025-12-01T17:58:47.682180,24,35,62,113,67,98,43,25,-4612,9390,9268,-8550,-598,-1931,-623,4,-22,-32
2025-12-01T17:58:47.704314,26,37,59,89,69,119,51,25,-4614,9384,9274,-8548,-599,-1943,-642,-1,-13,-52
2025-12-01T17:58:47.719389,25,34,56,80,86,123,54,24,-4619,9377,9280,-8547,-602,-1943,-624,0,-9,-65
2025-12-01T17:58:47.741914,25,32,52,86,89,126,54,26,-4630,9365,9283,-8550,-578,-1954,-622,53,-15,-64
2025-12-01T17:58:47.764346,23,31,52,91,103,141,61,23,-4644,9355,9282,-8556,-577,-1943,-619,75,-5,-59
2025-12-01T17:58:47.783554,25,28,54,120,104,134,57,22,-4657,9347,9279,-8560,-575,-1958,-613,71,10,-45
2025-12-01T17:58:47.801805,24,27,49,115,105,113,48,20,-4670,9340,9275,-8565,-580,-1951,-620,80,12,-35
2025-12-01T17:58:47.824362,24,26,48,132,107,114,47,20,-4685,9333,9269,-8571,-560,-1960,-616,94,10,-25
2025-12-01T17:58:47.843461,21,27,48,126,156,125,47,18,-4697,9328,9261,-8578,-571,-1950,-600,83,16,-12
2025-12-01T17:58:47.861730,21,32,53,122,155,108,45,20,-4705,9324,9254,-8585,-572,-1965,-601,72,4,1
2025-12-01T17:58:47.891907,19,31,52,93,151,105,44,19,-4713,9323,9245,-8593,-567,-1969,-586,63,10,25
2025-12-01T17:58:47.903686,18,30,54,128,152,104,45,19,-4715,9327,9236,-8596,-573,-1966,-603,34,19,44
2025-12-01T17:58:47.921695,16,31,60,128,177,90,43,19,-4717,9331,9225,-8603,-579,-1963,-619,64,10,59
2025-12-01T17:58:47.944073,17,27,59,139,167,73,43,21,-4720,9335,9209,-8614,-581,-1956,-586,73,13,72
2025-12-01T17:58:47.964121,17,18,52,138,168,65,34,19,-4718,9343,9196,-8621,-592,-1941,-594,45,14,79
2025-12-01T17:58:47.981919,17,20,55,140,172,56,33,21,-4716,9348,9185,-8628,-582,-1959,-589,36,7,76
2025-12-01T17:58:48.004451,17,19,56,108,178,50,32,21,-4712,9353,9175,-8635,-580,-1958,-593,29,-7,76
2025-12-01T17:58:48.023545,17,23,48,83,160,53,29,21,-4707,9359,9164,-8643,-590,-1958,-587,27,-5,85
2025-12-01T17:58:48.041867,18,30,52,74,141,49,27,20,-4697,9367,9154,-8651,-607,-1950,-598,14,-18,97
2025-12-01T17:58:48.064055,18,32,61,87,131,43,24,21,-4686,9376,9144,-8658,-609,-1941,-593,2,-17,105
2025-12-01T17:58:48.083671,22,36,66,87,129,62,28,22,-4674,9387,9132,-8664,-609,-1953,-593,0,-7,115
2025-12-01T17:58:48.101835,23,42,65,88,119,90,38,22,-4667,9397,9117,-8673,-612,-1944,-575,27,2,117
2025-12-01T17:58:48.124354,24,41,66,125,133,97,41,21,-4660,9408,9104,-8679,-618,-1918,-588,20,17,105
2025-12-01T17:58:48.143631,27,39,68,121,124,106,46,24,-4661,9414,9089,-8688,-637,-1932,-582,66,16,68
2025-12-01T17:58:48.169147,26,40,65,112,129,123,49,22,-4667,9415,9076,-8697,-632,-1931,-569,77,15,36
2025-12-01T17:58:48.183805,25,35,59,115,134,116,50,21,-4674,9413,9065,-8706,-635,-1953,-574,82,6,20
2025-12-01T17:58:48.203560,26,30,64,137,134,100,46,21,-4682,9408,9055,-8717,-609,-1945,-562,90,-9,17
2025-12-01T17:58:48.221777,25,29,62,114,100,100,44,20,-4687,9406,9047,-8726,-625,-1939,-552,63,-5,21
2025-12-01T17:58:48.243974,21,25,62,117,97,96,40,17,-4688,9405,9041,-8733,-637,-1952,-574,44,-16,21
2025-12-01T17:58:48.263694,24,22,59,115,97,75,39,19,-4690,9403,9036,-8740,-617,-1943,-566,45,-13,21
2025-12-01T17:58:48.281815,22,22,56,108,90,82,38,19,-4693,9401,9028,-8748,-629,-1953,-567,64,-8,25
2025-12-01T17:58:48.304288,22,21,50,81,102,110,37,19,-4697,9401,9019,-8755,-636,-1936,-555,56,1,23
2025-12-01T17:58:48.326816,22,21,53,98,100,107,37,21,-4701,9401,9010,-8761,-636,-1955,-543,49,14,25
2025-12-01T17:58:48.341998,24,22,56,103,114,109,37,21,-4702,9404,9004,-8764,-638,-1948,-564,30,10,31
2025-12-01T17:58:48.364517,20,23,52,104,106,109,35,20,-4702,9409,8997,-8767,-640,-1946,-551,16,17,41
2025-12-01T17:58:48.395236,22,23,54,111,106,115,35,18,-4699,9416,8989,-8768,-634,-1943,-546,-1,26,55
2025-12-01T17:58:48.402294,21,21,55,112,90,88,36,18,-4695,9424,8982,-8768,-635,-1947,-553,-7,20,63
2025-12-01T17:58:48.424505,21,22,55,130,101,98,35,18,-4688,9434,8976,-8768,-637,-1954,-543,-30,17,75
2025-12-01T17:58:48.447384,20,21,50,131,94,92,38,19,-4678,9443,8971,-8770,-650,-1961,-557,-33,0,78
2025-12-01T17:58:48.461942,20,23,56,147,116,91,42,21,-4668,9448,8964,-8776,-652,-1948,-572,2,-26,78
2025-12-01T17:58:48.484320,20,25,74,184,126,80,40,21,-4657,9451,8955,-8788,-659,-1943,-560,31,-50,86
2025-12-01T17:58:48.506480,19,25,73,188,143,77,38,22,-4648,9454,8943,-8802,-656,-1948,-570,44,-48,101
2025-12-01T17:58:48.521902,19,31,96,197,184,90,43,24,-4638,9457,8928,-8820,-664,-1948,-575,77,-57,115
2025-12-01T17:58:48.544427,19,42,109,217,238,150,52,27,-4632,9459,8905,-8843,-670,-1941,-571,129,-58,135
2025-12-01T17:58:48.566941,22,48,123,258,304,166,56,30,-4625,9460,8878,-8874,-662,-1967,-569,161,-84,176
2025-12-01T17:58:48.581536,24,51,129,236,313,180,62,35,-4610,9463,8843,-8913,-694,-1966,-568,183,-115,231
2025-12-01T17:58:48.604303,22,60,152,243,343,191,66,35,-4591,9469,8800,-8958,-686,-2026,-621,235,-137,311
2025-12-01T17:58:48.626505,29,57,147,219,333,185,68,37,-4583,9471,8720,-9038,-741,-2190,-556,448,-155,452
