timestamp,EMG_0,EMG_1,EMG_2,EMG_3,EMG_4,EMG_5,EMG_6,EMG_7,quat_0,quat_1,quat_2,quat_3,acc_0,acc_1,acc_2,gyro_0,gyro_1,gyro_2
2025-12-01T15:47:55.841971,16,20,20,21,21,20,16,20,9902,-8853,-8678,4089,777,-1950,-298,1,2,1
2025-12-01T15:47:55.862066,15,18,20,19,22,21,15,18,9901,-8853,-8678,4089,768,-1945,-317,-2,1,2
2025-12-01T15:47:55.880528,17,20,19,19,22,19,17,16,9901,-8853,-8678,4089,764,-1954,-304,-1,-1,0
2025-12-01T15:47:55.899202,18,19,18,17,23,20,17,17,9901,-8853,-8678,4089,766,-1950,-313,0,1,3
2025-12-01T15:47:55.918031,20,19,17,18,24,19,18,16,9901,-8853,-8678,4089,780,-1950,-310,-7,1,-2
2025-12-01T15:47:55.942425,20,20,17,18,22,18,18,16,9901,-8854,-8677,4090,783,-1970,-312,-2,3,-1
2025-12-01T15:47:55.960004,20,20,16,18,20,19,18,15,9901,-8854,-8677,4090,764,-1954,-315,7,1,0
2025-12-01T15:47:55.976965,19,18,16,18,20,18,20,17,9901,-8854,-8677,4090,776,-1952,-302,9,-3,0
2025-12-01T15:47:55.999430,18,19,19,18,19,17,19,17,9901,-8854,-8677,4090,775,-1945,-303,5,-3,0
2025-12-01T15:47:56.017036,16,20,18,16,18,17,20,20,9901,-8854,-8677,4090,775,-1945,-314,-3,-2,3
2025-12-01T15:47:56.039093,15,18,20,18,18,16,18,20,9900,-8854,-8677,4091,771,-1939,-315,-5,1,3
2025-12-01T15:47:56.062022,15,19,20,18,19,15,19,21,9900,-8855,-8677,4091,762,-1951,-320,-3,2,3
2025-12-01T15:47:56.081422,15,19,22,17,19,15,17,19,9900,-8855,-8677,4091,777,-1941,-309,2,3,4
2025-12-01T15:47:56.103791,15,17,21,16,18,15,18,20,9900,-8855,-8677,4091,777,-1964,-317,1,1,0
2025-12-01T15:47:56.121848,15,16,23,17,21,17,18,18,9900,-8855,-8676,4091,767,-1958,-301,10,-3,1
2025-12-01T15:47:56.141274,19,17,22,16,21,20,21,20,9899,-8855,-8676,4092,770,-1945,-311,4,-5,4
2025-12-01T15:47:56.159512,19,16,25,18,24,57,37,22,9895,-8857,-8680,4090,793,-1955,-321,-24,-15,-3
2025-12-01T15:47:56.182358,19,16,24,18,32,114,54,24,9882,-8860,-8695,4084,838,-1959,-292,-100,-79,-18
2025-12-01T15:47:56.208740,48,22,34,21,42,162,78,33,9842,-8869,-8741,4061,849,-1883,-243,-322,-215,-91
2025-12-01T15:47:56.223743,53,26,38,24,77,246,105,48,9746,-8920,-8819,4014,994,-1787,-168,-799,-391,25
2025-12-01T15:47:56.241475,56,28,50,28,113,335,167,78,9586,-9034,-8903,3958,1220,-1752,-283,-1200,-509,373
2025-12-01T15:47:56.264517,63,32,60,31,116,389,210,151,9353,-9236,-8957,3930,1417,-2102,-531,-1548,-603,969
2025-12-01T15:47:56.283948,67,32,198,32,158,418,228,161,9086,-9482,-8951,3983,1319,-2948,-828,-1477,-679,1438
2025-12-01T15:47:56.302047,53,28,222,33,161,421,270,174,8884,-9678,-8830,4229,918,-3159,-887,-354,-773,2023
2025-12-01T15:47:56.324515,49,25,374,39,210,394,269,175,8671,-9887,-8606,4629,343,-2870,-875,191,-971,2847
2025-12-01T15:47:56.343581,45,24,485,36,213,339,238,170,8350,-10163,-8355,5062,-205,-2366,-590,-249,-1205,3385
2025-12-01T15:47:56.361998,37,22,498,160,261,279,209,113,8001,-10463,-8060,5476,-631,-2420,-337,-431,-1053,3565
2025-12-01T15:47:56.384034,34,33,477,358,459,243,194,100,7680,-10729,-7721,5893,-1066,-2564,-250,-169,-912,3560
2025-12-01T15:47:56.404300,35,49,480,602,582,238,127,80,7495,-10869,-7307,6383,-1020,-2533,-139,1005,-883,3448
2025-12-01T15:47:56.421942,79,67,411,693,578,221,119,81,7471,-10904,-6808,6882,-734,-2145,-10,2091,-536,3229
2025-12-01T15:47:56.446092,176,177,294,797,686,212,118,98,7534,-10891,-6279,7323,-847,-1846,27,2490,-158,2871
2025-12-01T15:47:56.463712,328,322,299,826,797,221,114,181,7645,-10860,-5768,7667,-861,-1585,15,2478,216,2398
2025-12-01T15:47:56.486052,374,365,298,817,778,207,106,211,7769,-10834,-5292,7918,-716,-1753,-46,2255,493,2034
2025-12-01T15:47:56.504395,410,408,311,796,735,174,95,217,7941,-10780,-4857,8098,-860,-1795,-214,2302,643,1504
2025-12-01T15:47:56.539301,427,415,277,719,736,173,89,222,8193,-10651,-4488,8229,-905,-1658,-194,2541,571,771
2025-12-01T15:47:56.545995,410,395,263,644,691,156,86,216,8459,-10497,-4246,8286,-691,-1275,-252,2201,432,34
2025-12-01T15:47:56.564523,310,316,235,615,570,130,68,160,8655,-10396,-4160,8255,-462,-1288,-221,1355,293,-456
2025-12-01T15:47:56.583764,288,282,310,692,462,104,60,129,8814,-10310,-4168,8189,-486,-1686,-206,876,131,-713
2025-12-01T15:47:56.601821,238,215,386,588,400,112,59,122,8970,-10203,-4224,8126,-381,-1912,-250,850,-94,-820
2025-12-01T15:47:56.624561,214,200,394,650,393,109,52,107,9103,-10082,-4302,8087,-269,-1944,-263,805,-313,-737
2025-12-01T15:47:56.643773,214,186,399,625,336,105,51,96,9220,-9955,-4361,8081,-150,-1902,-167,840,-382,-497
2025-12-01T15:47:56.661779,213,141,409,636,296,101,51,93,9324,-9834,-4415,8081,-18,-1788,-190,814,-384,-379
2025-12-01T15:47:56.684279,248,129,374,586,294,113,50,84,9369,-9754,-4478,8091,-291,-2029,-23,411,-415,-272
2025-12-01T15:47:56.703757,277,136,292,561,283,105,51,96,9362,-9708,-4491,8147,-386,-2044,101,286,-380,193
2025-12-01T15:47:56.721610,346,194,295,544,369,94,57,166,9342,-9677,-4467,8219,-476,-1958,174,285,-293,373
2025-12-01T15:47:56.744570,418,206,308,626,457,107,62,228,9297,-9653,-4438,8313,-483,-1941,236,201,-358,549
2025-12-01T15:47:56.764175,438,234,352,671,500,120,69,256,9254,-9631,-4414,8400,-540,-1772,311,125,-340,453
2025-12-01T15:47:56.782052,405,251,331,654,521,104,69,353,9170,-9630,-4438,8481,-630,-1829,329,-228,-472,399
2025-12-01T15:47:56.804574,402,269,364,688,611,123,75,360,9162,-9583,-4447,8537,-358,-1972,499,105,-307,244
2025-12-01T15:47:56.823889,363,332,410,735,769,173,109,349,9203,-9515,-4430,8578,-567,-1951,461,414,-195,-3
2025-12-01T15:47:56.841378,283,363,410,738,801,181,114,320,9269,-9419,-4387,8635,-579,-1819,584,621,-198,-13
2025-12-01T15:47:56.864176,256,363,375,706,792,173,113,303,9308,-9383,-4379,8636,-522,-1517,517,167,-1,-157
2025-12-01T15:47:56.884132,259,389,372,680,807,173,119,200,9289,-9414,-4431,8595,-662,-1956,541,-445,46,-220
2025-12-01T15:47:56.901662,294,420,380,785,860,189,126,180,9302,-9429,-4453,8554,-575,-2100,564,-201,157,-174
2025-12-01T15:47:56.924051,280,372,375,767,776,176,108,209,9361,-9416,-4428,8517,-618,-2004,515,193,269,-230
2025-12-01T15:47:56.943158,273,363,388,768,719,166,103,244,9427,-9385,-4409,8488,-620,-1809,553,235,179,-307
2025-12-01T15:47:56.961127,283,349,411,830,834,175,99,272,9490,-9349,-4455,8433,-450,-1837,519,37,47,-520
2025-12-01T15:47:56.984541,298,308,408,810,900,181,97,362,9555,-9312,-4499,8377,-447,-2098,486,99,47,-497
2025-12-01T15:47:57.003820,246,247,361,704,894,150,85,372,9600,-9279,-4514,8354,-574,-2206,382,221,-12,-292
2025-12-01T15:47:57.021623,246,235,329,712,850,108,69,346,9649,-9224,-4509,8361,-482,-2029,430,374,-87,-156
2025-12-01T15:47:57.045194,273,212,341,656,870,115,79,410,9704,-9154,-4504,8377,-426,-1832,455,433,-136,-172
2025-12-01T15:47:57.063771,270,216,323,549,770,118,112,500,9775,-9081,-4518,8366,-363,-1733,500,371,-93,-357
2025-12-01T15:47:57.082439,252,211,371,581,691,110,111,464,9843,-9030,-4566,8316,-302,-2035,523,161,-28,-493
2025-12-01T15:47:57.104198,249,218,454,566,612,109,114,488,9928,-8966,-4555,8290,-407,-2076,582,445,83,-358
2025-12-01T15:47:57.123902,280,201,431,493,599,119,118,497,9980,-8913,-4508,8310,-668,-1792,537,474,0,-152
2025-12-01T15:47:57.141712,240,165,389,462,531,162,135,437,10025,-8868,-4513,8301,-520,-1871,564,244,-55,-295
2025-12-01T15:47:57.164545,222,165,406,507,497,168,126,320,10092,-8819,-4528,8265,-365,-1812,617,218,37,-424
2025-12-01T15:47:57.184091,210,167,379,558,503,167,128,272,10143,-8785,-4542,8230,-547,-1907,553,175,17,-433
2025-12-01T15:47:57.201813,215,152,271,587,572,220,126,210,10213,-8732,-4548,8197,-553,-2017,571,336,9,-497
2025-12-01T15:47:57.224532,154,167,271,568,579,269,147,191,10302,-8661,-4540,8166,-471,-1840,582,479,44,-503
2025-12-01T15:47:57.243785,167,207,281,626,682,256,127,154,10359,-8632,-4540,8124,-391,-1826,595,185,126,-383
2025-12-01T15:47:57.262025,177,231,221,694,852,299,122,322,10405,-8624,-4538,8074,-344,-1794,573,82,202,-325
2025-12-01T15:47:57.283977,194,252,183,670,991,328,136,363,10476,-8613,-4530,7999,-339,-1842,598,143,324,-470
2025-12-01T15:47:57.303780,214,336,338,678,987,349,177,372,10548,-8622,-4540,7888,-193,-1853,572,-16,441,-555
2025-12-01T15:47:57.322381,223,399,611,726,1011,344,192,382,10620,-8642,-4517,7781,-191,-1506,421,59,568,-460
2025-12-01T15:47:57.344555,245,411,654,731,981,363,214,397,10578,-8780,-4585,7644,-303,-1442,141,-880,425,-424
2025-12-01T15:47:57.364282,238,395,705,621,915,362,248,282,10459,-8981,-4706,7500,-353,-2266,142,-1408,294,-275
2025-12-01T15:47:57.381774,470,526,875,590,757,574,300,286,10386,-9091,-4750,7439,80,-1695,296,-786,229,176
2025-12-01T15:47:57.404611,530,598,882,522,710,628,293,332,10335,-9211,-4807,7326,108,-1727,135,-799,393,-70
2025-12-01T15:47:57.419293,562,607,730,526,673,646,296,474,10263,-9331,-4884,7224,-56,-1861,94,-881,233,-127
2025-12-01T15:47:57.440705,644,633,809,510,615,642,282,509,10146,-9462,-4944,7177,-226,-2159,65,-917,53,191
2025-12-01T15:47:57.464520,743,740,811,674,540,639,252,551,9985,-9602,-4924,7232,-703,-2409,-18,-674,-88,704
2025-12-01T15:47:57.484316,655,658,699,773,755,457,180,538,9850,-9665,-4896,7351,-537,-2705,233,-331,-384,901
2025-12-01T15:47:57.502097,623,592,720,888,800,343,164,514,9752,-9648,-4802,7562,-760,-2171,347,297,-607,1063
2025-12-01T15:47:57.524564,669,559,743,898,790,298,125,494,9621,-9613,-4758,7800,-958,-2053,361,162,-976,953
2025-12-01T15:47:57.547091,623,523,661,911,800,283,125,468,9517,-9548,-4741,8014,-876,-2091,554,153,-993,740
2025-12-01T15:47:57.569524,526,386,674,884,866,271,140,430,9447,-9454,-4735,8209,-775,-1923,668,233,-967,537
2025-12-01T15:47:57.584539,488,377,645,828,688,276,151,416,9415,-9336,-4774,8357,-817,-1801,733,202,-969,65
2025-12-01T15:47:57.607045,477,320,549,726,595,270,147,451,9391,-9200,-4875,8475,-737,-1904,631,140,-1121,-229
2025-12-01T15:47:57.622022,449,300,632,725,585,250,149,372,9395,-9033,-5003,8576,-637,-1977,587,262,-1202,-457
2025-12-01T15:47:57.644064,395,307,610,745,607,238,149,359,9434,-8841,-5104,8673,-558,-2017,574,556,-1124,-496
2025-12-01T15:47:57.667073,365,299,564,652,473,235,141,349,9489,-8648,-5176,8764,-473,-1863,584,676,-982,-474
2025-12-01T15:47:57.682219,400,316,580,635,497,233,131,380,9537,-8490,-5239,8828,-427,-1775,642,497,-774,-441
2025-12-01T15:47:57.704530,388,328,657,646,483,223,124,336,9575,-8363,-5299,8872,-360,-1848,632,365,-633,-382
2025-12-01T15:47:57.726747,289,349,592,603,460,223,119,335,9614,-8251,-5354,8902,-331,-1997,613,351,-531,-375
2025-12-01T15:47:57.741784,281,352,582,578,480,295,137,339,9664,-8130,-5389,8939,-236,-1973,614,499,-481,-305
2025-12-01T15:47:57.764506,351,392,577,581,467,277,134,382,9719,-8007,-5401,8983,-205,-1779,644,564,-423,-247
2025-12-01T15:47:57.787081,389,499,606,642,380,244,136,375,9758,-7917,-5406,9017,-118,-1970,681,444,-282,-98
2025-12-01T15:47:57.801963,498,568,698,675,380,249,151,543,9768,-7872,-5364,9070,-297,-1956,659,411,-121,177
2025-12-01T15:47:57.824255,522,610,880,743,387,256,177,566,9735,-7855,-5342,9134,-315,-2065,702,163,-216,348
2025-12-01T15:47:57.846895,565,669,940,810,296,163,167,600,9704,-7807,-5307,9227,-434,-2280,683,431,-358,383
2025-12-01T15:47:57.861945,576,662,986,808,276,143,159,715,9732,-7658,-5222,9371,-280,-2213,776,1143,-513,395
2025-12-01T15:47:57.884842,643,606,1027,736,283,144,158,800,9790,-7472,-5123,9514,-43,-1888,878,1306,-472,355
2025-12-01T15:47:57.907029,605,571,954,700,268,194,151,780,9783,-7337,-5062,9657,-310,-1737,871,837,-608,417
2025-12-01T15:47:57.922354,614,526,786,637,369,244,135,757,9734,-7211,-5114,9774,-126,-1821,904,300,-921,300
2025-12-01T15:47:57.944215,622,439,706,510,453,339,132,819,9727,-7016,-5165,9894,-90,-1825,995,618,-1073,55
2025-12-01T15:47:57.966999,644,498,751,557,478,427,155,776,9759,-6794,-5214,9992,-80,-1628,1012,735,-1040,-216
2025-12-01T15:47:57.982031,561,463,689,584,615,449,154,778,9804,-6580,-5278,10057,93,-1549,1063,599,-928,-333
2025-12-01T15:47:58.004512,560,488,784,614,643,445,159,760,9805,-6442,-5356,10105,-702,-2073,969,366,-976,-495
2025-12-01T15:47:58.027068,610,552,950,724,592,430,159,760,9902,-6207,-5375,10147,-115,-1526,1088,910,-780,-662
2025-12-01T15:47:58.041447,612,555,985,709,522,362,163,772,10043,-5996,-5318,10165,-189,-1580,1226,1123,-328,-735
2025-12-01T15:47:58.064511,585,475,911,685,542,267,147,792,10115,-5881,-5292,10175,-177,-1502,1148,558,-221,-416
2025-12-01T15:47:58.086762,572,483,886,753,394,243,151,775,10168,-5809,-5303,10157,-191,-1919,1119,334,-194,-448
2025-12-01T15:47:58.101864,629,441,820,687,351,243,153,732,10238,-5676,-5270,10179,-261,-1864,1179,782,-325,-430
2025-12-01T15:47:58.124047,591,427,695,567,342,248,148,800,10347,-5476,-5223,10203,-127,-1523,1195,1058,-413,-611
2025-12-01T15:47:58.147094,700,480,707,564,357,331,180,763,10438,-5284,-5203,10222,-180,-1675,1326,908,-529,-642
2025-12-01T15:47:58.162083,721,516,756,584,293,323,177,728,10524,-5092,-5184,10240,-112,-1686,1331,915,-534,-608
2025-12-01T15:47:58.192019,779,548,785,483,328,335,187,715,10596,-4891,-5155,10279,-332,-1834,1260,1106,-674,-594
2025-12-01T15:47:58.207078,702,539,746,497,398,380,194,784,10716,-4509,-5218,10297,1095,-1696,1411,1404,-1059,-737
2025-12-01T15:47:58.222073,754,554,722,552,413,400,209,844,10774,-4225,-5297,10317,628,-1450,1182,927,-1053,-578
2025-12-01T15:47:58.244597,696,548,737,539,407,389,192,879,10887,-3934,-5325,10299,612,-1407,1190,1147,-759,-888
2025-12-01T15:47:58.267055,700,562,813,549,420,389,204,845,10992,-3723,-5306,10275,365,-1044,1256,850,-415,-758
2025-12-01T15:47:58.282082,764,547,910,567,392,385,216,898,11085,-3604,-5319,10211,417,-1279,1314,386,-179,-757
2025-12-01T15:47:58.304582,835,546,971,575,324,325,217,890,11174,-3519,-5322,10142,347,-1314,1211,333,-47,-719
2025-12-01T15:47:58.327006,797,450,955,505,344,334,266,901,11276,-3426,-5321,10061,481,-1216,1286,318,17,-782
2025-12-01T15:47:58.341930,828,548,972,508,357,311,281,972,11380,-3353,-5319,9969,381,-1240,1432,184,41,-836
2025-12-01T15:47:58.364539,862,566,909,624,370,344,375,1083,11495,-3254,-5297,9881,375,-1658,1508,529,26,-944
2025-12-01T15:47:58.386958,879,610,861,591,364,341,370,1142,11597,-3121,-5223,9844,199,-1465,1479,871,-32,-758
2025-12-01T15:47:58.401952,908,640,796,575,373,441,388,1136,11682,-2993,-5182,9805,208,-1615,1573,760,-194,-758
2025-12-01T15:47:58.424527,995,751,968,574,340,423,366,1148,11775,-2829,-5148,9760,465,-1365,1637,784,-235,-774
2025-12-01T15:47:58.447300,970,703,1006,598,318,405,388,1150,11884,-2672,-5101,9697,566,-1230,1621,747,-79,-833
2025-12-01T15:47:58.469530,937,706,1075,425,282,403,347,1230,11985,-2523,-5089,9619,481,-1177,1276,680,-191,-925
2025-12-01T15:47:58.484992,862,661,1046,412,309,465,462,1234,12121,-2313,-5104,9492,899,-874,1221,692,-224,-1204
2025-12-01T15:47:58.506779,819,632,1054,422,293,410,505,1323,12231,-2134,-5079,9406,492,-895,1467,695,-264,-1011
2025-12-01T15:47:58.529280,751,584,998,401,277,390,527,1312,12337,-1957,-5051,9321,525,-1116,1503,802,-253,-1027
2025-12-01T15:47:58.544558,698,537,917,352,331,406,518,1271,12434,-1766,-5002,9256,623,-1039,1539,933,-206,-902
2025-12-01T15:47:58.567082,637,470,782,308,340,410,509,1219,12521,-1609,-4950,9195,663,-832,1382,769,-68,-756
2025-12-01T15:47:58.589515,581,466,716,332,310,337,461,1171,12630,-1438,-4902,9100,751,-277,1407,545,-45,-873
2025-12-01T15:47:58.604567,579,475,704,360,305,293,443,1120,12750,-1298,-4871,8969,630,-563,1468,431,-55,-1116
2025-12-01T15:47:58.626963,526,408,635,420,313,364,462,1121,12872,-1134,-4823,8842,672,-809,1364,745,-26,-1198
2025-12-01T15:47:58.649637,495,383,581,532,438,384,482,1156,12960,-985,-4760,8766,815,-431,1390,639,68,-733
2025-12-01T15:47:58.664628,513,365,613,557,492,412,496,1094,13020,-917,-4705,8714,639,-735,1670,373,84,-522
2025-12-01T15:47:58.687287,508,347,653,626,598,444,474,1052,13091,-805,-4618,8665,621,-557,1797,581,74,-577
2025-12-01T15:47:58.709615,436,321,627,631,614,451,443,1067,13177,-654,-4514,8601,573,-472,1736,786,59,-742
2025-12-01T15:47:58.724678,378,278,489,665,681,437,424,1025,13242,-537,-4409,8564,647,-470,1714,694,160,-501
2025-12-01T15:47:58.747086,434,326,588,639,612,423,443,1003,13278,-450,-4339,8549,765,-444,1923,456,58,-253
2025-12-01T15:47:58.769489,414,333,588,721,701,366,413,1054,13320,-345,-4250,8532,671,-639,1879,705,65,-371
2025-12-01T15:47:58.784557,403,320,532,687,677,373,421,1028,13377,-189,-4104,8520,474,-300,1916,972,106,-425
2025-12-01T15:47:58.807124,396,323,520,767,752,381,430,935,13457,-59,-3932,8477,277,-332,1920,927,244,-638
2025-12-01T15:47:58.829554,380,326,487,795,790,362,418,917,13527,51,-3784,8433,251,-499,1863,882,189,-623
2025-12-01T15:47:58.844537,312,277,363,868,936,388,409,865,13596,186,-3630,8388,333,-529,1819,1057,194,-657
2025-12-01T15:47:58.867098,320,301,288,912,1087,540,493,766,13675,335,-3459,8327,348,-375,1730,1116,284,-749
2025-12-01T15:47:58.889188,287,313,266,986,1252,599,494,824,13756,476,-3264,8265,370,-137,1896,1038,406,-711
2025-12-01T15:47:58.904609,234,340,254,1009,1333,613,478,811,13828,528,-3086,8209,258,-431,1946,746,515,-619
2025-12-01T15:47:58.926919,230,335,283,1033,1407,615,454,814,13896,579,-2910,8156,147,-440,1831,771,488,-602
2025-12-01T15:47:58.949715,199,333,323,1115,1452,636,403,746,13939,594,-2778,8127,459,-558,1740,590,549,-376
2025-12-01T15:47:58.964178,178,291,297,1127,1453,529,284,676,13939,545,-2697,8158,518,-648,1714,251,502,98
2025-12-01T15:47:58.987108,163,280,297,1157,1406,465,223,536,13909,492,-2636,8233,440,-630,1709,216,368,398
2025-12-01T15:47:59.009606,149,240,287,1109,1369,457,265,519,13850,476,-2558,8355,256,-589,1830,457,224,668
2025-12-01T15:47:59.028873,120,215,262,1158,1427,495,288,442,13788,480,-2541,8463,558,-519,1731,341,47,633
2025-12-01T15:47:59.047098,110,182,214,1165,1429,489,301,416,13701,550,-2537,8599,866,-270,1754,510,-67,836
2025-12-01T15:47:59.069598,106,187,225,1098,1337,523,309,388,13593,619,-2548,8762,939,-434,1677,575,-101,1007
2025-12-01T15:47:59.084578,110,177,214,1120,1401,511,308,384,13460,697,-2577,8951,899,-425,1501,604,-225,1191
2025-12-01T15:47:59.107106,101,149,220,1142,1376,541,317,361,13287,804,-2603,9190,887,-264,1646,708,-368,1549
2025-12-01T15:47:59.129631,106,136,230,1049,1232,526,310,272,13112,891,-2655,9416,1056,-207,1661,490,-348,1532
2025-12-01T15:47:59.143875,117,167,238,934,1160,507,314,252,12930,975,-2707,9642,1151,-243,1670,497,-312,1556
2025-12-01T15:47:59.166776,117,171,258,923,1122,502,308,236,12738,1046,-2729,9880,1117,-332,1573,545,-356,1625
2025-12-01T15:47:59.189528,115,179,276,778,954,514,337,247,12536,1141,-2751,10119,1297,-46,1538,616,-430,1656
2025-12-01T15:47:59.204611,114,182,276,788,969,473,285,214,12339,1209,-2787,10340,1384,-3,1551,425,-386,1600
2025-12-01T15:47:59.226685,108,173,257,787,998,450,266,208,12159,1340,-2837,10523,1546,191,1615,431,-307,1426
2025-12-01T15:47:59.249591,92,137,223,736,917,405,240,192,12023,1464,-2887,10648,1623,251,1487,304,-214,1051
2025-12-01T15:47:59.264601,98,129,185,762,953,402,223,185,11923,1568,-2945,10729,1629,302,1396,116,-156,772
2025-12-01T15:47:59.287574,93,107,165,841,982,382,152,141,11844,1594,-3030,10790,1565,199,1341,-281,3,688
2025-12-01T15:47:59.309305,84,93,139,757,925,365,140,132,11789,1597,-3106,10827,1497,79,1315,-324,104,497
2025-12-01T15:47:59.324432,83,93,142,736,927,371,139,121,11753,1583,-3163,10852,1522,115,1291,-363,268,402
2025-12-01T15:47:59.347100,86,99,148,735,969,416,154,120,11745,1529,-3193,10860,1422,234,1281,-521,498,283
2025-12-01T15:47:59.369691,73,85,134,670,909,370,152,92,11767,1392,-3240,10840,1435,167,1360,-942,753,155
2025-12-01T15:47:59.384516,67,71,111,513,817,339,145,84,11808,1168,-3304,10804,1436,-98,1458,-1282,1011,86
2025-12-01T15:47:59.406520,76,69,111,490,801,335,140,86,11866,871,-3350,10753,1370,-353,1374,-1415,1363,2
2025-12-01T15:47:59.429195,85,67,100,406,693,286,123,91,11934,593,-3341,10699,1222,-328,1401,-1173,1468,-80
2025-12-01T15:47:59.452318,103,63,132,283,557,192,81,102,12012,269,-3355,10620,1065,-236,1280,-1529,1514,-139
2025-12-01T15:47:59.467053,169,168,240,278,481,162,70,116,12097,-183,-3392,10514,834,-294,1167,-2127,1631,-201
2025-12-01T15:47:59.490095,258,283,484,247,426,142,87,164,12195,-658,-3415,10374,694,-414,1023,-2196,1784,-370
2025-12-01T15:47:59.512070,306,325,515,272,346,122,88,171,12292,-1113,-3443,10210,606,-588,1127,-2149,1685,-490
2025-12-01T15:47:59.527456,489,526,604,370,281,99,85,198,12388,-1555,-3495,10016,517,-740,921,-2193,1544,-648
2025-12-01T15:47:59.549592,558,575,640,386,267,105,100,201,12454,-1979,-3624,9811,427,-1026,973,-2381,1118,-657
2025-12-01T15:47:59.572102,549,564,633,379,258,103,97,194,12469,-2387,-3783,9640,430,-1462,1049,-2373,848,-388
2025-12-01T15:47:59.586690,568,546,602,504,272,110,94,181,12450,-2782,-3917,9505,191,-1664,929,-2197,811,-138
2025-12-01T15:47:59.609596,570,609,685,526,272,108,89,175,12397,-3163,-4022,9411,-129,-1766,1009,-2026,775,137
2025-12-01T15:47:59.632159,441,486,628,553,291,113,93,140,12310,-3526,-4071,9374,-290,-1630,993,-1467,684,357
2025-12-01T15:47:59.647107,422,474,725,592,289,111,82,143,12217,-3839,-4139,9343,-408,-1742,1041,-1603,570,463
2025-12-01T15:47:59.669254,459,493,788,657,341,113,82,147,12084,-4204,-4210,9327,-544,-1633,1022,-1879,629,710
2025-12-01T15:47:59.691550,423,474,734,665,401,108,78,129,11932,-4586,-4256,9322,-612,-1503,1167,-1917,747,880
2025-12-01T15:47:59.707151,441,402,684,766,412,111,85,130,11773,-5009,-4316,9279,-675,-1309,1066,-2213,873,778
2025-12-01T15:47:59.729122,455,367,679,759,443,122,83,135,11604,-5441,-4435,9192,-793,-1690,1042,-2501,719,537
2025-12-01T15:47:59.752153,417,321,644,783,483,126,88,125,11460,-5818,-4543,9089,-686,-1931,1097,-2221,671,341
2025-12-01T15:47:59.767115,442,279,549,792,447,143,92,121,11342,-6138,-4555,9020,-764,-2085,1068,-1467,675,258
2025-12-01T15:47:59.789331,446,279,541,755,387,165,95,119,11238,-6384,-4538,8988,-790,-1876,1111,-1127,516,299
2025-12-01T15:47:59.811819,406,241,577,661,388,164,89,120,11126,-6605,-4550,8962,-850,-1806,1289,-1257,313,226
2025-12-01T15:47:59.827180,410,255,603,644,345,152,90,138,10990,-6813,-4615,8940,-832,-2141,1273,-1353,48,200
2025-12-01T15:47:59.856741,395,277,529,638,281,143,88,140,10884,-6945,-4676,8937,-711,-2277,1275,-950,-119,142
2025-12-01T15:47:59.869895,322,286,562,649,335,123,83,134,10815,-7026,-4700,8946,-594,-2151,1164,-530,-71,136
2025-12-01T15:47:59.884570,305,316,584,672,411,107,85,141,10756,-7081,-4706,8969,-613,-1955,1148,-385,-103,143
2025-12-01T15:47:59.906917,365,315,573,692,524,113,92,154,10689,-7128,-4738,8995,-608,-1987,1116,-443,-234,115
2025-12-01T15:47:59.930397,338,329,631,716,546,115,89,133,10622,-7169,-4787,9016,-510,-2050,1071,-448,-280,94
2025-12-01T15:47:59.946307,348,305,658,708,540,115,84,124,10581,-7163,-4814,9055,-438,-1874,1105,-179,-322,80
2025-12-01T15:47:59.969599,388,336,693,704,510,124,90,137,10549,-7177,-4826,9075,-442,-1996,1124,-200,-143,69
2025-12-01T15:47:59.992139,410,344,650,640,441,108,84,254,10513,-7192,-4825,9105,-519,-2016,1058,-119,-151,112
2025-12-01T15:48:00.006920,402,336,629,680,285,100,84,284,10487,-7185,-4823,9141,-406,-2071,1045,20,-178,133
2025-12-01T15:48:00.029650,458,384,610,627,214,96,101,364,10473,-7144,-4810,9196,-313,-2045,1061,228,-249,180
2025-12-01T15:48:00.052061,468,454,613,688,236,110,118,397,10449,-7109,-4800,9255,-90,-1815,1022,149,-213,326
2025-12-01T15:48:00.071312,484,488,613,865,232,105,124,433,10414,-7080,-4792,9322,-251,-1825,984,131,-284,318
2025-12-01T15:48:00.089914,515,515,708,872,218,103,125,455,10378,-7028,-4802,9396,-248,-1784,960,175,-437,265
2025-12-01T15:48:00.112117,549,525,692,839,203,101,122,547,10368,-6966,-4799,9454,-251,-1829,911,330,-349,145
2025-12-01T15:48:00.127127,635,575,762,883,207,106,121,614,10378,-6895,-4763,9513,-336,-1812,1033,469,-248,103
2025-12-01T15:48:00.150062,703,579,752,820,171,93,107,650,10380,-6839,-4715,9575,-470,-1655,936,456,-216,123
2025-12-01T15:48:00.172119,832,623,778,636,138,90,114,705,10362,-6826,-4708,9607,-453,-1604,943,57,-176,62
2025-12-01T15:48:00.187280,883,659,792,624,134,91,114,749,10327,-6844,-4740,9617,-470,-1817,872,-168,-202,7
2025-12-01T15:48:00.209219,938,680,793,656,135,90,120,788,10324,-6845,-4751,9613,-335,-1885,873,31,-57,-58
2025-12-01T15:48:00.232064,1026,687,737,631,127,83,109,769,10323,-6860,-4719,9619,-512,-1858,854,152,69,11
2025-12-01T15:48:00.246961,1081,699,818,681,134,80,109,781,10317,-6893,-4677,9623,-453,-1828,860,85,179,101
2025-12-01T15:48:00.269559,1099,724,928,609,115,74,103,776,10301,-6988,-4618,9600,-423,-1639,846,-190,506,194
2025-12-01T15:48:00.292759,1145,755,1022,691,172,99,117,764,10250,-7133,-4646,9535,-444,-1959,792,-710,408,51
2025-12-01T15:48:00.306810,1209,813,1122,711,192,116,132,757,10257,-7203,-4670,9462,185,-1977,917,-373,453,28
2025-12-01T15:48:00.329070,1243,893,1150,681,198,125,146,817,10259,-7254,-4640,9435,-219,-1951,901,-80,363,112
2025-12-01T15:48:00.351776,1220,883,1221,644,205,133,166,833,10284,-7247,-4648,9410,21,-1923,883,68,130,-31
2025-12-01T15:48:00.374365,1241,851,1206,661,218,145,176,802,10315,-7227,-4641,9395,-314,-1868,882,181,40,-159
2025-12-01T15:48:00.394008,1221,788,1176,711,218,149,175,810,10372,-7137,-4648,9398,43,-1740,1018,390,-139,-181
2025-12-01T15:48:00.412087,1244,825,1182,704,210,151,178,832,10408,-7102,-4624,9396,-391,-1718,994,243,6,-176
2025-12-01T15:48:00.434429,1141,809,1261,775,212,150,185,788,10420,-7101,-4621,9385,-506,-1649,833,45,-14,-193
2025-12-01T15:48:00.449545,1137,880,1155,877,209,150,178,776,10427,-7138,-4657,9331,-423,-1851,504,-92,63,-308
2025-12-01T15:48:00.472093,1040,897,1124,923,207,142,172,760,10421,-7177,-4692,9291,-300,-1769,525,-144,53,-165
2025-12-01T15:48:00.494203,1058,1026,1080,939,197,141,195,787,10412,-7208,-4692,9277,-389,-1555,473,-3,55,-48
2025-12-01T15:48:00.509190,1009,1077,1025,944,199,136,201,746,10404,-7241,-4714,9248,-193,-1436,600,-197,81,-66
2025-12-01T15:48:00.532018,1070,1050,981,898,225,165,211,683,10400,-7271,-4751,9210,-48,-1498,844,-344,101,-80
2025-12-01T15:48:00.554596,1061,1027,1011,873,244,185,226,640,10421,-7276,-4782,9166,31,-1578,1029,-264,127,-167
2025-12-01T15:48:00.569673,1123,1022,938,885,245,190,229,707,10460,-7260,-4799,9125,44,-1571,1181,-170,146,-215
2025-12-01T15:48:00.592016,1059,953,992,787,219,172,200,628,10504,-7245,-4805,9084,-32,-1611,1298,-172,174,-235
2025-12-01T15:48:00.622823,972,827,982,760,226,173,185,563,10548,-7230,-4795,9051,-101,-1666,1433,-163,211,-204
2025-12-01T15:48:00.629663,866,758,840,740,200,148,163,581,10581,-7225,-4771,9028,-263,-1731,1461,-159,206,-158
2025-12-01T15:48:00.650066,824,690,784,602,159,110,126,622,10619,-7201,-4750,9014,-303,-1909,1497,-46,116,-186
2025-12-01T15:48:00.672791,762,669,763,588,144,99,114,605,10674,-7119,-4715,9032,-398,-2027,1601,300,-87,-232
2025-12-01T15:48:00.687886,758,638,709,552,144,109,154,598,10754,-6974,-4690,9064,-385,-2086,1460,689,-328,-381
2025-12-01T15:48:00.710852,766,606,610,481,113,95,144,620,10853,-6788,-4658,9103,-225,-1957,1325,982,-394,-404
2025-12-01T15:48:00.734648,704,560,617,469,94,82,133,654,10928,-6625,-4623,9151,-337,-1892,1386,847,-404,-315
2025-12-01T15:48:00.749276,650,547,557,492,98,84,134,602,10992,-6455,-4616,9199,-340,-2043,1390,828,-570,-359
2025-12-01T15:48:00.771733,510,485,535,320,85,74,124,557,11085,-6220,-4607,9254,-279,-1948,1312,1192,-729,-512
2025-12-01T15:48:00.794676,491,356,325,299,75,58,65,537,11213,-5917,-4569,9318,-243,-1842,1447,1588,-800,-641
2025-12-01T15:48:00.809551,380,310,394,278,61,51,64,537,11346,-5578,-4544,9378,-287,-1780,1571,1716,-915,-702
2025-12-01T15:48:00.832149,392,295,365,270,60,53,63,492,11465,-5228,-4540,9435,-252,-1847,1658,1675,-1056,-729
2025-12-01T15:48:00.854774,388,276,356,220,51,49,58,502,11599,-4832,-4537,9485,-245,-1860,1651,1883,-1181,-885
2025-12-01T15:48:00.869595,409,279,349,226,57,54,71,627,11761,-4366,-4501,9528,-165,-1787,1704,2306,-1223,-1056
2025-12-01T15:48:00.892546,293,270,344,270,60,54,79,697,11944,-3887,-4430,9542,-74,-1557,1587,2464,-1047,-1199
2025-12-01T15:48:00.914386,255,265,253,267,73,67,99,660,12124,-3436,-4353,9522,-185,-1456,1448,2331,-906,-1295
2025-12-01T15:48:00.928067,217,278,258,292,92,75,104,646,12305,-3000,-4275,9473,-81,-1478,1419,2245,-810,-1388
2025-12-01T15:48:00.950849,203,261,242,309,123,84,114,632,12489,-2554,-4167,9411,-74,-1274,1392,2365,-705,-1443
2025-12-01T15:48:00.974592,157,237,204,301,142,86,134,542,12678,-2109,-4041,9322,-111,-1145,1355,2384,-604,-1557
2025-12-01T15:48:00.989488,166,230,184,251,164,101,143,420,12867,-1688,-3912,9203,-148,-1087,1204,2261,-497,-1656
2025-12-01T15:48:01.011782,174,225,182,263,209,99,142,408,13030,-1283,-3796,9087,-166,-1102,1144,2158,-540,-1546
2025-12-01T15:48:01.034316,170,194,159,361,352,97,142,410,13152,-891,-3686,9004,-13,-985,1077,2096,-577,-1250
2025-12-01T15:48:01.049479,171,178,172,408,464,112,139,414,13231,-534,-3599,8950,127,-901,1152,1892,-628,-945
2025-12-01T15:48:01.071957,167,166,171,486,647,131,128,431,13297,-205,-3517,8900,189,-788,1188,1746,-576,-848
2025-12-01T15:48:01.094883,168,164,165,520,690,128,123,465,13342,124,-3414,8873,133,-596,1287,1811,-519,-669
2025-12-01T15:48:01.109680,132,150,149,552,791,137,142,488,13380,376,-3312,8848,483,-603,1324,1598,-273,-596
2025-12-01T15:48:01.131613,121,149,154,642,941,169,153,464,13401,577,-3211,8842,588,-436,1403,1314,-100,-373
2025-12-01T15:48:01.154667,123,153,140,629,936,183,200,508,13408,685,-3152,8845,654,-532,1380,840,6,-190
2025-12-01T15:48:01.169636,114,141,174,639,914,208,218,442,13394,760,-3092,8882,566,-458,1486,693,39,68
2025-12-01T15:48:01.192566,104,136,172,708,980,228,222,425,13361,800,-3058,8940,737,-624,1560,566,83,241
2025-12-01T15:48:01.214610,104,144,177,687,983,273,226,379,13315,853,-3014,9017,855,-411,1645,569,130,399
2025-12-01T15:48:01.229590,108,141,171,592,901,289,230,390,13256,871,-3014,9103,992,-418,1641,294,93,537
2025-12-01T15:48:01.252063,106,157,182,593,895,285,227,324,13164,893,-3041,9224,1039,-549,1668,331,-54,782
2025-12-01T15:48:01.274652,97,147,147,552,852,281,208,290,13030,950,-3083,9393,1065,-615,1649,537,-240,1082
2025-12-01T15:48:01.298162,95,138,125,492,838,289,221,268,12864,1069,-3101,9601,1270,-359,1689,813,-276,1352
2025-12-01T15:48:01.312068,94,139,124,478,788,302,232,266,12695,1186,-3108,9808,1340,-191,1707,756,-199,1391
2025-12-01T15:48:01.334561,89,142,122,483,738,303,251,276,12517,1286,-3112,10019,1378,-150,1652,680,-113,1463
2025-12-01T15:48:01.357097,94,112,107,514,765,355,271,310,12323,1376,-3129,10241,1430,-200,1631,640,-122,1569
2025-12-01T15:48:01.372089,93,109,107,568,895,388,280,306,12131,1464,-3144,10451,1339,-177,1649,617,-171,1518
2025-12-01T15:48:01.394730,80,131,111,529,819,402,319,315,11947,1589,-3173,10635,1263,-77,1482,646,-378,1359
2025-12-01T15:48:01.417064,80,120,104,576,876,429,298,306,11775,1722,-3209,10793,1291,26,1464,573,-432,1226
2025-12-01T15:48:01.435136,78,116,98,567,902,428,305,283,11616,1841,-3243,10935,1202,-2,1430,515,-413,1119
2025-12-01T15:48:01.454542,74,123,105,535,883,440,281,245,11480,1948,-3270,11052,1174,66,1405,426,-349,952
2025-12-01T15:48:01.477041,75,127,95,483,740,415,298,259,11368,2034,-3298,11143,1106,56,1409,299,-309,779
2025-12-01T15:48:01.492332,75,94,87,504,776,394,253,228,11278,2110,-3324,11212,1060,-10,1437,258,-288,596
2025-12-01T15:48:01.522795,78,115,109,527,778,352,284,239,11215,2183,-3337,11258,1042,49,1408,230,-220,412
2025-12-01T15:48:01.536912,81,123,112,497,775,377,256,220,11186,2248,-3332,11275,1046,157,1441,157,-120,192
2025-12-01T15:48:01.552085,73,115,102,507,764,328,283,227,11184,2284,-3350,11265,1102,136,1478,-80,-72,32
2025-12-01T15:48:01.574531,65,108,116,560,921,357,277,214,11200,2290,-3374,11241,1151,45,1609,-215,22,-72
2025-12-01T15:48:01.597393,67,113,120,574,938,370,280,221,11234,2290,-3369,11207,1134,-44,1669,-106,144,-220
2025-12-01T15:48:01.612156,63,109,102,516,878,357,254,202,11289,2299,-3348,11157,1130,-1,1690,-65,175,-379
2025-12-01T15:48:01.634580,60,115,101,516,811,301,247,197,11358,2300,-3344,11087,1183,30,1690,-203,171,-476
2025-12-01T15:48:01.656559,56,119,104,525,853,324,192,152,11435,2271,-3354,11011,1294,-24,1714,-366,277,-490
2025-12-01T15:48:01.672033,53,116,88,441,729,295,149,122,11511,2213,-3355,10943,1363,-76,1753,-409,459,-448
2025-12-01T15:48:01.695622,44,109,81,389,709,271,107,82,11591,2148,-3325,10881,1402,38,1708,-371,655,-412
2025-12-01T15:48:01.717155,46,124,78,379,677,242,82,68,11680,2040,-3300,10814,1446,120,1557,-610,870,-397
2025-12-01T15:48:01.732398,44,117,72,355,692,243,72,53,11769,1860,-3301,10750,1483,27,1507,-952,1087,-292
2025-12-01T15:48:01.754554,46,120,67,293,590,167,42,36,11849,1608,-3302,10701,1433,-195,1417,-1123,1361,-160
2025-12-01T15:48:01.777053,69,158,93,308,547,110,43,37,11930,1352,-3233,10668,1218,-198,1390,-870,1594,-137
2025-12-01T15:48:01.800436,90,221,95,349,514,97,45,37,12033,1053,-3102,10625,991,-149,1345,-844,1773,-268
2025-12-01T15:48:01.814548,99,221,100,335,495,94,45,37,12162,735,-2998,10535,820,-82,1220,-1089,1735,-523
2025-12-01T15:48:01.836989,148,252,112,319,437,88,43,43,12308,356,-2961,10394,752,-317,1149,-1613,1676,-725
2025-12-01T15:48:01.852111,196,302,419,321,441,92,53,58,12436,-90,-2973,10243,751,-607,1077,-2047,1702,-636
2025-12-01T15:48:01.874567,225,329,611,291,333,89,67,79,12535,-571,-2970,10107,571,-826,937,-2100,1843,-445
2025-12-01T15:48:01.897334,433,351,677,209,320,75,67,119,12599,-1048,-2971,9988,300,-863,1010,-2087,1742,-264
2025-12-01T15:48:01.912122,472,364,703,224,312,77,71,131,12648,-1485,-2976,9868,-62,-720,1001,-1968,1528,-257
2025-12-01T15:48:01.934302,490,422,840,249,335,97,85,143,12699,-1914,-3054,9703,-352,-844,966,-2210,1182,-527
2025-12-01T15:48:01.957097,513,401,775,266,332,92,82,143,12741,-2397,-3233,9481,-219,-1089,766,-2810,969,-750
2025-12-01T15:48:01.972133,533,400,703,262,378,91,77,138,12732,-2924,-3448,9266,34,-1418,615,-3116,933,-522
2025-12-01T15:48:01.995194,391,358,647,280,417,109,85,108,12689,-3422,-3587,9102,-119,-1344,412,-2729,1063,-158
2025-12-01T15:48:02.017121,359,371,653,265,448,122,88,95,12624,-3913,-3732,8934,-326,-1177,365,-2769,975,-138
2025-12-01T15:48:02.032287,335,301,491,256,479,118,81,150,12482,-4546,-3968,8730,-302,-1075,306,-3824,972,8
2025-12-01T15:48:02.054620,318,313,505,264,528,131,91,197,12258,-5284,-4232,8505,-79,-1496,231,-4485,1110,278
2025-12-01T15:48:02.077571,283,278,427,297,642,140,89,209,11994,-6030,-4438,8278,-362,-1980,264,-4408,1306,478
2025-12-01T15:48:02.092103,405,280,438,301,729,141,91,234,11695,-6713,-4596,8090,-831,-2285,350,-4032,1159,691
2025-12-01T15:48:02.114563,396,239,418,332,840,133,89,291,11388,-7307,-4722,7940,-1017,-2375,389,-3573,938,781
2025-12-01T15:48:02.136855,387,224,444,337,928,141,95,267,11095,-7816,-4823,7809,-1053,-2538,338,-3113,787,740
2025-12-01T15:48:02.152120,502,276,403,318,993,159,89,271,10803,-8279,-4904,7689,-1153,-2622,487,-2905,720,753
2025-12-01T15:48:02.174526,507,278,444,306,974,172,97,282,10526,-8681,-4979,7583,-1371,-2500,496,-2621,569,653
2025-12-01T15:48:02.197008,411,283,477,301,985,214,95,361,10286,-8993,-5042,7505,-1247,-2732,518,-2122,376,562
2025-12-01T15:48:02.220291,413,302,456,294,928,434,133,339,10103,-9243,-5069,7431,-1221,-2618,610,-1658,439,443
2025-12-01T15:48:02.236258,415,302,409,356,863,468,153,345,9973,-9427,-5045,7393,-1099,-2636,727,-1231,406,208
2025-12-01T15:48:02.256564,231,256,477,427,793,469,154,323,9880,-9553,-5044,7356,-1167,-2891,639,-927,247,-62
2025-12-01T15:48:02.280380,200,275,455,470,799,474,151,325,9831,-9598,-5015,7383,-1261,-2749,683,-372,6,-53
2025-12-01T15:48:02.295064,261,332,442,580,658,455,158,251,9800,-9583,-4997,7456,-1204,-2599,690,-70,-291,-54
2025-12-01T15:48:02.316986,258,345,550,647,659,272,128,228,9791,-9527,-4994,7541,-972,-2449,760,86,-428,-78
2025-12-01T15:48:02.340516,299,391,576,648,685,206,101,236,9797,-9448,-4995,7632,-983,-2324,716,245,-504,-157
2025-12-01T15:48:02.354397,306,385,531,644,761,182,98,235,9796,-9383,-5002,7708,-890,-2392,633,198,-457,-126
2025-12-01T15:48:02.377174,345,373,539,717,819,161,100,216,9790,-9328,-5001,7783,-762,-2324,518,226,-411,-7
2025-12-01T15:48:02.400424,361,373,629,647,838,182,101,181,9763,-9273,-5003,7881,-819,-2363,366,293,-554,96
2025-12-01T15:48:02.414689,371,351,574,624,782,154,98,171,9750,-9180,-5008,8002,-717,-2252,263,551,-720,108
2025-12-01T15:48:02.437138,357,302,630,681,780,151,93,140,9761,-9069,-5001,8117,-534,-2013,202,736,-660,110
2025-12-01T15:48:02.460330,376,304,655,756,771,167,99,140,9760,-8975,-4996,8227,-553,-1976,201,640,-629,135
2025-12-01T15:48:02.474624,425,409,762,676,633,173,119,169,9749,-8884,-4999,8335,-587,-1995,206,586,-666,126
2025-12-01T15:48:02.497337,404,362,694,695,668,155,115,173,9741,-8795,-4995,8440,-507,-1909,178,621,-619,167
2025-12-01T15:48:02.520395,405,361,693,709,691,179,119,175,9728,-8718,-5001,8532,-395,-1828,263,465,-566,182
2025-12-01T15:48:02.534786,403,354,667,656,643,179,120,176,9724,-8657,-5027,8583,-296,-1806,274,310,-437,28
2025-12-01T15:48:02.556832,370,343,652,660,524,169,116,175,9746,-8583,-5054,8616,-203,-2016,384,373,-360,-60
2025-12-01T15:48:02.580029,291,285,537,744,499,152,91,147,9792,-8493,-5057,8651,-187,-1999,391,582,-287,-83
2025-12-01T15:48:02.594472,296,296,511,722,412,141,78,267,9833,-8403,-5054,8694,-230,-1979,370,620,-309,-52
2025-12-01T15:48:02.617114,325,349,537,675,364,107,75,390,9867,-8321,-5059,8732,-141,-2065,400,550,-298,-14
2025-12-01T15:48:02.640327,370,363,475,643,282,166,74,412,9901,-8246,-5042,8773,-181,-2056,483,564,-209,55
2025-12-01T15:48:02.654573,406,388,473,637,247,176,78,448,9917,-8186,-5016,8827,-169,-1826,572,439,-195,182
2025-12-01T15:48:02.677087,540,430,553,580,200,174,80,542,9920,-8163,-5017,8844,-175,-1857,580,133,-96,91
2025-12-01T15:48:02.699947,549,442,605,565,163,175,78,535,9919,-8139,-5029,8861,-350,-2187,657,119,-161,3
2025-12-01T15:48:02.714573,555,400,591,590,160,174,77,507,9951,-8062,-5020,8901,-271,-2316,605,552,-255,2
2025-12-01T15:48:02.737171,550,397,646,601,147,110,84,512,10033,-7908,-4970,8974,-285,-2004,599,1107,-361,-97
2025-12-01T15:48:02.760382,563,457,663,509,140,82,93,676,10069,-7787,-4962,9044,-599,-1899,570,747,-541,-199
2025-12-01T15:48:02.774618,458,427,760,443,136,83,101,635,10095,-7654,-4994,9110,-496,-1959,616,636,-710,-256
2025-12-01T15:48:02.797073,554,452,795,502,143,83,107,624,10108,-7508,-5029,9197,-516,-2049,684,676,-839,-192
2025-12-01T15:48:02.820419,600,462,824,451,131,85,132,645,10151,-7300,-5043,9309,-620,-1808,667,1063,-1008,-322
2025-12-01T15:48:02.834599,637,482,841,545,157,120,153,671,10207,-7104,-5063,9388,-428,-1961,729,996,-852,-380
2025-12-01T15:48:02.865078,709,560,895,540,157,123,161,583,10209,-6947,-5061,9504,-630,-2001,711,910,-887,-59
2025-12-01T15:48:02.880312,746,577,795,596,156,121,157,576,10220,-6786,-5037,9621,-532,-1943,800,981,-786,4
2025-12-01T15:48:02.894624,754,613,946,578,157,123,163,650,10212,-6654,-4992,9744,-510,-1693,780,881,-670,184
2025-12-01T15:48:02.917115,824,717,996,626,170,126,160,667,10191,-6559,-4970,9841,-353,-1736,836,599,-539,225
2025-12-01T15:48:02.940337,879,754,967,588,134,98,145,647,10166,-6498,-4922,9931,-485,-1678,851,533,-367,272
2025-12-01T15:48:02.954744,905,679,999,643,138,97,138,598,10144,-6447,-4875,10010,-525,-1655,792,523,-320,221
2025-12-01T15:48:02.977095,975,674,1042,631,137,101,138,698,10133,-6395,-4828,10077,-244,-1424,801,464,-202,265
2025-12-01T15:48:03.000494,944,654,949,676,142,98,133,676,10092,-6378,-4811,10136,-347,-1543,733,227,-247,295
2025-12-01T15:48:03.014582,926,671,944,696,148,98,120,717,10043,-6389,-4835,10168,63,-1475,607,-37,-136,375
2025-12-01T15:48:03.037104,939,670,977,746,163,101,122,771,10009,-6414,-4843,10181,28,-1562,556,21,25,304
2025-12-01T15:48:03.060297,1061,720,966,814,165,100,115,772,9974,-6463,-4845,10184,174,-1450,522,-85,185,395
2025-12-01T15:48:03.074291,1050,718,926,880,177,109,139,730,9924,-6565,-4866,10157,158,-1380,492,-426,339,381
2025-12-01T15:48:03.097468,1137,752,858,935,174,109,143,739,9857,-6705,-4912,10108,117,-1463,524,-721,402,362
2025-12-01T15:48:03.120073,1129,718,891,928,167,113,147,637,9795,-6844,-4946,10058,-169,-1517,548,-685,377,246
2025-12-01T15:48:03.134972,1114,688,913,866,160,118,150,592,9769,-6944,-4989,9995,-167,-1540,593,-549,311,-1
2025-12-01T15:48:03.157300,957,637,944,794,164,127,155,657,9738,-7052,-5024,9931,-242,-1574,717,-631,354,8
2025-12-01T15:48:03.187656,924,633,909,773,165,129,148,591,9696,-7182,-5035,9873,-448,-1690,975,-754,456,79
2025-12-01T15:48:03.202597,812,578,922,705,159,130,141,576,9661,-7316,-5019,9817,-553,-1920,1166,-712,565,118
2025-12-01T15:48:03.217220,810,543,873,678,156,127,136,575,9630,-7441,-4980,9773,-563,-1982,1282,-628,609,194
2025-12-01T15:48:03.240368,768,546,816,677,145,117,126,542,9606,-7540,-4945,9739,-538,-2086,1408,-575,525,182
2025-12-01T15:48:03.262800,787,535,680,624,126,106,128,530,9601,-7581,-4914,9727,-486,-2128,1526,-360,320,118
2025-12-01T15:48:03.277629,735,505,768,506,107,99,123,551,9634,-7547,-4891,9733,-379,-2167,1529,0,89,-40
2025-12-01T15:48:03.300555,773,496,738,402,110,103,136,571,9699,-7457,-4864,9751,-290,-2022,1496,302,-60,-165
2025-12-01T15:48:03.322846,682,432,632,357,95,93,128,607,9785,-7335,-4839,9770,-262,-1995,1525,456,-137,-293
2025-12-01T15:48:03.337161,646,395,601,322,95,94,131,617,9883,-7192,-4818,9789,-295,-2032,1524,580,-222,-399
2025-12-01T15:48:03.360367,611,360,546,248,90,84,115,511,9998,-7022,-4793,9808,-306,-2046,1438,798,-294,-513
2025-12-01T15:48:03.382925,619,337,401,251,78,67,100,480,10130,-6827,-4753,9829,-329,-1948,1347,1027,-337,-597
2025-12-01T15:48:03.397518,577,299,315,231,73,59,94,383,10272,-6617,-4714,9844,-349,-1846,1311,1118,-377,-716
2025-12-01T15:48:03.420172,607,268,320,261,70,60,97,392,10415,-6397,-4688,9852,-339,-1828,1287,1132,-460,-796
2025-12-01T15:48:03.442408,594,265,305,253,68,61,92,394,10555,-6171,-4684,9849,-362,-1885,1193,1148,-571,-916
2025-12-01T15:48:03.456902,561,272,331,307,73,61,90,433,10713,-5904,-4682,9842,-352,-1939,1158,1386,-696,-1072
2025-12-01T15:48:03.479816,526,287,257,326,83,62,89,604,10890,-5573,-4660,9852,-379,-1844,1206,1681,-796,-1077
2025-12-01T15:48:03.503316,489,350,291,333,80,58,77,646,11052,-5240,-4630,9869,-391,-1680,1208,1692,-820,-998
2025-12-01T15:48:03.517127,472,344,315,374,126,72,86,644,11196,-4929,-4594,9882,-461,-1524,1350,1571,-885,-1073
2025-12-01T15:48:03.540447,434,343,309,382,133,70,86,643,11378,-4577,-4597,9843,-524,-1706,1233,1619,-905,-1386
2025-12-01T15:48:03.562817,405,334,288,358,144,79,99,648,11561,-4179,-4547,9830,-451,-1638,1423,2006,-897,-1277
2025-12-01T15:48:03.577027,376,313,282,308,151,80,108,507,11737,-3805,-4487,9800,-264,-1493,1472,1899,-751,-1251
2025-12-01T15:48:03.600321,306,228,258,349,160,83,124,430,11924,-3449,-4429,9733,-173,-1491,1538,1785,-637,-1408
2025-12-01T15:48:03.622849,265,221,361,298,170,96,140,419,12135,-3092,-4331,9636,-39,-1299,1540,1895,-392,-1559
2025-12-01T15:48:03.637223,241,233,367,346,418,122,148,424,12352,-2774,-4260,9487,-275,-1341,1463,1596,-344,-1782
2025-12-01T15:48:03.660407,171,200,395,394,524,153,168,405,12580,-2432,-4182,9315,-374,-1547,1337,1737,-368,-1966
2025-12-01T15:48:03.682618,152,194,401,544,755,211,186,425,12777,-2081,-4088,9171,-281,-1449,1232,1852,-385,-1736
2025-12-01T15:48:03.697164,142,195,399,580,834,233,188,427,12932,-1755,-4015,9055,-142,-1138,1194,1658,-462,-1446
2025-12-01T15:48:03.720416,119,216,261,643,906,281,189,415,13069,-1508,-3979,8917,81,-855,1328,1201,-504,-1466
2025-12-01T15:48:03.742901,112,184,252,712,947,324,212,403,13204,-1253,-3936,8775,122,-1122,1211,1426,-477,-1533
2025-12-01T15:48:03.756990,109,192,208,825,1014,400,196,370,13336,-972,-3867,8641,298,-959,1167,1591,-360,-1466
2025-12-01T15:48:03.780488,106,198,214,846,1012,419,216,351,13438,-717,-3805,8534,381,-820,1252,1418,-346,-1186
2025-12-01T15:48:03.802488,92,177,211,868,1164,431,225,347,13520,-505,-3733,8452,540,-889,1344,1322,-154,-958
2025-12-01T15:48:03.817186,89,167,227,919,1283,518,241,285,13581,-332,-3645,8402,724,-747,1389,1171,87,-650
2025-12-01T15:48:03.840366,85,190,231,925,1320,516,219,246,13611,-221,-3574,8386,788,-680,1444,845,167,-314
2025-12-01T15:48:03.862896,85,197,226,959,1297,535,285,283,13621,-175,-3517,8396,771,-668,1499,523,240,-60
2025-12-01T15:48:03.877308,85,189,220,1022,1348,591,283,245,13601,-153,-3486,8442,893,-689,1555,388,210,230
2025-12-01T15:48:03.900276,88,192,227,1090,1378,651,341,268,13558,-134,-3473,8516,1009,-583,1624,290,149,469
2025-12-01T15:48:03.922508,90,169,198,1088,1308,634,334,265,13494,-127,-3469,8619,985,-741,1712,314,89,642
2025-12-01T15:48:03.936707,91,140,182,1038,1231,633,342,260,13412,-86,-3451,8754,848,-770,1631,572,-14,782
2025-12-01T15:48:03.960394,96,125,180,1021,1299,653,368,280,13314,53,-3430,8910,1076,-392,1651,871,-218,906
2025-12-01T15:48:03.982863,104,151,167,925,1201,640,390,293,13213,170,-3424,9060,1166,-416,1591,748,-162,909
2025-12-01T15:48:03.997200,105,154,158,890,1092,643,383,285,13096,284,-3401,9234,975,-439,1587,831,-190,1038
2025-12-01T15:48:04.020359,105,160,154,851,1057,601,389,286,12967,442,-3394,9410,1163,-312,1542,932,-323,1079
2025-12-01T15:48:04.042810,110,166,166,983,1157,661,412,314,12840,602,-3388,9576,1134,-202,1513,885,-354,1033
2025-12-01T15:48:04.056712,105,163,158,865,1067,607,354,272,12710,754,-3388,9737,1107,-157,1476,811,-365,1028
2025-12-01T15:48:04.080282,105,172,167,876,1096,605,347,295,12583,898,-3393,9887,1025,-109,1472,734,-409,981
2025-12-01T15:48:04.103087,102,166,166,914,1133,565,307,297,12466,1045,-3400,10017,1037,2,1471,664,-430,875
2025-12-01T15:48:04.117145,105,176,177,903,1180,558,291,297,12361,1185,-3410,10128,1042,-57,1509,632,-422,744
2025-12-01T15:48:04.139856,104,187,169,827,1199,498,299,285,12278,1329,-3414,10210,1097,-5,1400,618,-358,552
2025-12-01T15:48:04.162884,105,200,178,838,1198,465,301,283,12209,1456,-3425,10271,1093,109,1435,435,-335,457
2025-12-01T15:48:04.185112,94,184,172,797,1125,404,257,227,12168,1551,-3445,10300,1080,60,1513,248,-281,250
2025-12-01T15:48:04.200465,104,197,172,682,1029,383,261,222,12156,1644,-3455,10296,1198,132,1517,189,-166,28
2025-12-01T15:48:04.222877,99,198,161,668,1025,411,277,225,12166,1721,-3457,10271,1204,225,1519,80,-63,-103
2025-12-01T15:48:04.245283,88,179,162,597,929,386,224,201,12191,1762,-3475,10229,1199,104,1510,-95,-2,-202
2025-12-01T15:48:04.257487,85,162,143,648,1032,433,235,202,12228,1792,-3484,10176,1149,96,1519,-125,48,-293
2025-12-01T15:48:04.281469,88,162,139,641,1034,408,245,207,12278,1795,-3502,10108,1096,61,1507,-274,90,-374
2025-12-01T15:48:04.304837,71,143,119,613,1025,380,215,176,12341,1768,-3521,10029,1069,-34,1536,-380,177,-457
2025-12-01T15:48:04.319202,63,117,99,569,948,330,189,157,12410,1731,-3530,9947,1052,-44,1556,-391,241,-484
2025-12-01T15:48:04.342622,73,129,106,565,954,312,183,149,12486,1686,-3530,9859,1089,-56,1546,-403,342,-532
2025-12-01T15:48:04.363822,69,136,127,531,896,323,154,127,12576,1595,-3538,9757,1094,-5,1456,-674,495,-557
2025-12-01T15:48:04.377909,75,144,137,533,938,342,135,108,12673,1441,-3575,9642,1192,-22,1322,-1052,672,-544
2025-12-01T15:48:04.403305,143,182,213,597,989,372,141,106,12778,1220,-3622,9515,1170,-10,1183,-1401,882,-520
2025-12-01T15:48:04.425093,169,217,258,624,956,364,146,123,12884,910,-3638,9400,1158,10,1062,-1615,1099,-428
2025-12-01T15:48:04.436903,236,232,272,611,929,393,155,123,12977,498,-3674,9288,1061,34,957,-2128,1330,-243
2025-12-01T15:48:04.460176,336,242,301,553,807,325,139,136,13048,-71,-3755,9168,1044,-174,719,-2951,1604,0
2025-12-01T15:48:04.483355,415,293,448,499,716,295,130,145,13076,-726,-3831,9068,1048,-535,640,-3253,1849,321
2025-12-01T15:48:04.497652,500,344,504,351,523,239,117,167,13061,-1419,-3901,8978,739,-584,402,-3389,1914,549
2025-12-01T15:48:04.522341,517,348,512,274,483,220,105,169,12986,-2183,-3994,8893,669,-979,512,-3765,1928,831
2025-12-01T15:48:04.545342,574,402,515,266,349,131,83,172,12840,-3029,-4085,8815,254,-1247,642,-4164,2038,1167
2025-12-01T15:48:04.559223,656,501,581,332,336,98,78,195,12675,-3793,-4138,8732,-258,-1682,682,-3689,1884,1092
2025-12-01T15:48:04.582770,663,510,598,411,339,96,76,190,12529,-4428,-4160,8633,-462,-1912,796,-3031,1665,805
2025-12-01T15:48:04.605099,676,532,608,447,350,73,76,177,12391,-4986,-4187,8514,-366,-1895,660,-2738,1476,594
2025-12-01T15:48:04.619619,696,532,727,520,372,72,65,164,12219,-5546,-4254,8382,-333,-2139,638,-2930,1287,583
2025-12-01T15:48:04.642860,699,587,754,508,345,71,65,171,11980,-6103,-4344,8294,-611,-2406,689,-3053,991,886
2025-12-01T15:48:04.665232,626,555,710,494,356,96,81,152,11722,-6596,-4411,8250,-914,-2520,898,-2732,765,1049
2025-12-01T15:48:04.680033,592,527,638,504,363,121,85,151,11479,-6995,-4450,8242,-1184,-2457,986,-2226,547,1041
2025-12-01T15:48:04.703077,511,489,573,550,473,131,89,190,11248,-7339,-4496,8236,-1329,-2452,1022,-2011,379,903
2025-12-01T15:48:04.725382,493,490,382,495,519,136,95,225,11004,-7677,-4541,8233,-1067,-2193,1082,-2054,362,981
2025-12-01T15:48:04.740063,415,389,312,513,643,159,102,267,10758,-8026,-4557,8217,-894,-2227,1096,-2053,554,1059
2025-12-01T15:48:04.762853,354,312,268,538,781,166,97,283,10529,-8346,-4557,8194,-1059,-2299,1107,-1880,581,969
2025-12-01T15:48:04.785326,342,303,187,502,845,152,95,299,10328,-8604,-4580,8171,-1152,-2444,1049,-1640,365,722
2025-12-01T15:48:04.807807,379,263,152,447,858,148,86,276,10186,-8751,-4548,8210,-1137,-2505,969,-910,113,528
2025-12-01T15:48:04.822902,369,237,141,433,853,148,84,259,10110,-8813,-4489,8270,-1061,-2272,802,-258,7,402
2025-12-01T15:48:04.845360,436,261,157,412,761,125,76,210,10044,-8848,-4438,8341,-985,-1993,752,-162,-95,367
2025-12-01T15:48:04.859378,493,308,210,353,629,118,73,213,9953,-8893,-4425,8409,-992,-1966,695,-361,-232,335
2025-12-01T15:48:04.883131,507,304,250,315,585,121,83,228,9849,-8938,-4441,8475,-952,-2091,573,-411,-342,329
2025-12-01T15:48:04.905047,517,304,266,281,481,138,85,247,9748,-8966,-4450,8556,-871,-1953,570,-329,-395,396
2025-12-01T15:48:04.919630,577,317,307,328,440,155,90,272,9669,-8980,-4473,8620,-668,-1860,500,-260,-375,311
2025-12-01T15:48:04.942465,524,256,315,441,434,164,90,270,9586,-9004,-4523,8660,-679,-1857,403,-376,-373,176
2025-12-01T15:48:04.965398,484,190,324,449,456,165,89,251,9494,-9037,-4590,8693,-768,-1973,279,-425,-428,110
2025-12-01T15:48:04.979588,548,247,316,465,381,169,86,222,9415,-9038,-4632,8755,-783,-1972,241,-152,-516,194
2025-12-01T15:48:05.002984,599,257,330,508,400,160,87,201,9363,-9014,-4653,8823,-633,-1804,241,72,-477,212
2025-12-01T15:48:05.025322,525,239,304,507,405,140,77,171,9325,-9000,-4665,8872,-614,-1701,269,50,-327,152
2025-12-01T15:48:05.039664,575,266,359,440,474,132,79,277,9276,-9011,-4684,8902,-718,-1645,260,-121,-252,83
2025-12-01T15:48:05.062758,571,316,371,521,516,133,74,298,9226,-9028,-4726,8914,-724,-1784,258,-228,-251,-18
2025-12-01T15:48:05.085294,492,287,442,551,624,171,70,303,9194,-9031,-4767,8923,-760,-1935,229,-99,-262,-93
2025-12-01T15:48:05.107728,457,305,479,603,609,171,73,307,9198,-8992,-4791,8945,-708,-1891,303,177,-298,-162
2025-12-01T15:48:05.130354,649,407,494,639,615,180,89,380,9210,-8949,-4820,8961,-662,-1784,365,148,-279,-229
2025-12-01T15:48:05.145312,628,425,482,639,564,181,90,350,9194,-8938,-4862,8965,-741,-1900,399,-101,-241,-186
2025-12-01T15:48:05.167514,681,427,466,578,482,173,101,515,9175,-8924,-4897,8979,-753,-2034,472,-90,-256,-126
2025-12-01T15:48:05.182802,825,471,414,532,333,167,112,545,9181,-8884,-4922,8999,-590,-1969,471,108,-259,-123
2025-12-01T15:48:05.205447,802,472,367,438,399,204,112,554,9214,-8844,-4950,8990,-589,-2055,543,111,-132,-300
2025-12-01T15:48:05.227836,798,473,468,397,400,211,101,556,9239,-8807,-4955,8998,-641,-2143,614,151,-108,-167
2025-12-01T15:48:05.242853,965,576,497,394,376,212,110,582,9255,-8777,-4960,9008,-591,-2047,616,101,-104,-111
2025-12-01T15:48:05.265301,957,569,492,372,376,226,110,474,9221,-8774,-4994,9026,-672,-2250,531,-144,-248,13
2025-12-01T15:48:05.287273,938,566,587,369,360,204,105,493,9207,-8718,-5015,9083,-626,-2316,551,196,-447,55
2025-12-01T15:48:05.302131,977,563,624,470,256,160,104,520,9239,-8604,-5008,9164,-525,-2095,534,643,-520,-12
2025-12-01T15:48:05.325451,903,517,627,511,174,133,104,602,9259,-8489,-4996,9256,-668,-2013,546,645,-584,-9
2025-12-01T15:48:05.347885,752,399,646,574,178,131,98,609,9248,-8366,-5017,9368,-784,-1947,456,561,-869,-26
2025-12-01T15:48:05.362223,833,479,706,641,136,97,102,715,9265,-8207,-5024,9487,-431,-1866,613,737,-837,50
2025-12-01T15:48:05.385926,774,456,743,658,118,87,104,723,9313,-8053,-4996,9586,-515,-1768,671,869,-613,-66
2025-12-01T15:48:05.407295,887,544,786,587,125,87,118,825,9365,-7935,-4955,9655,-555,-1820,714,762,-377,-90
2025-12-01T15:48:05.419550,923,542,761,551,130,101,132,804,9404,-7851,-4913,9707,-459,-1854,701,619,-220,8
2025-12-01T15:48:05.443210,1009,656,754,495,109,98,136,929,9431,-7787,-4887,9745,-530,-1980,666,497,-210,-27
2025-12-01T15:48:05.467235,1075,737,745,443,121,108,165,895,9461,-7695,-4861,9802,-556,-2015,671,650,-364,-34
2025-12-01T15:48:05.481393,1106,770,636,485,119,104,175,959,9478,-7573,-4832,9894,-718,-2010,663,804,-604,3
2025-12-01T15:48:05.505315,1092,765,661,520,120,116,197,903,9491,-7413,-4803,10016,-743,-1849,629,974,-840,19
2025-12-01T15:48:05.527669,1101,805,812,535,117,116,208,929,9492,-7259,-4787,10135,-696,-1804,553,921,-874,44
2025-12-01T15:48:05.542312,1045,715,902,511,128,122,216,796,9476,-7113,-4767,10263,-568,-1643,642,813,-855,196
2025-12-01T15:48:05.565321,1023,654,1038,500,128,122,212,834,9441,-6995,-4754,10380,-487,-1575,669,621,-760,291
2025-12-01T15:48:05.587808,1073,806,1077,480,142,132,237,892,9405,-6900,-4749,10480,-354,-1523,661,490,-634,315
2025-12-01T15:48:05.602545,998,793,1136,529,176,146,231,917,9375,-6814,-4763,10555,-237,-1495,643,374,-570,232
2025-12-01T15:48:05.625354,966,811,1121,570,189,159,237,936,9361,-6718,-4812,10608,-114,-1498,550,330,-623,57
2025-12-01T15:48:05.647805,994,851,1161,593,199,168,248,1019,9377,-6604,-4868,10639,43,-1427,571,368,-569,-114
2025-12-01T15:48:05.662953,896,835,1061,626,202,165,232,1013,9406,-6517,-4931,10637,156,-1346,659,177,-361,-198
2025-12-01T15:48:05.684895,846,757,1086,611,196,163,206,947,9450,-6472,-5001,10593,362,-1373,887,-123,-38,-246
2025-12-01T15:48:05.707420,864,775,1027,609,182,167,214,928,9480,-6524,-5077,10499,282,-1629,924,-530,356,-225
2025-12-01T15:48:05.721844,867,711,904,599,166,149,195,861,9538,-6586,-5146,10373,472,-1673,1291,-711,607,-304
2025-12-01T15:48:05.744823,853,710,772,586,165,154,203,966,9600,-6607,-5087,10331,-178,-1926,1661,-75,555,-115
2025-12-01T15:48:05.767758,976,791,888,541,158,168,258,1057,9683,-6587,-5045,10287,-310,-2033,1698,60,359,-365
2025-12-01T15:48:05.782174,1000,770,860,543,165,167,257,1099,9774,-6535,-4991,10261,-545,-2183,1588,369,186,-470
2025-12-01T15:48:05.805268,1012,743,870,463,154,160,256,1073,9883,-6492,-4895,10229,-727,-2004,1433,551,327,-539
2025-12-01T15:48:05.827907,1049,785,919,367,165,177,261,1128,9965,-6496,-4799,10193,-997,-2039,1263,428,371,-504
2025-12-01T15:48:05.841905,1063,824,1010,365,152,161,250,1004,10006,-6513,-4697,10190,-1148,-2125,1234,422,250,-267
2025-12-01T15:48:05.864710,1022,793,941,365,167,159,227,847,10032,-6484,-4604,10225,-1202,-2052,1071,641,-82,-199
2025-12-01T15:48:05.887967,1002,782,1030,337,170,172,241,736,10063,-6386,-4548,10281,-874,-2056,817,927,-416,-178
2025-12-01T15:48:05.902170,1041,874,1099,321,179,170,241,751,10080,-6236,-4500,10376,-495,-1548,787,992,-632,42
2025-12-01T15:48:05.925363,1032,844,1159,312,177,161,246,717,10076,-6110,-4493,10459,-478,-1500,775,705,-697,21
2025-12-01T15:48:05.948346,1023,815,1107,256,173,158,233,748,10083,-5975,-4510,10522,-307,-1475,760,651,-702,-77
2025-12-01T15:48:05.962315,997,711,1060,266,162,146,205,783,10098,-5853,-4509,10576,-432,-1292,725,642,-614,-156
2025-12-01T15:48:05.985377,984,700,968,292,154,128,185,879,10129,-5710,-4509,10625,-117,-1223,745,716,-562,-142
2025-12-01T15:48:06.007754,918,555,843,312,126,107,150,851,10122,-5632,-4558,10653,-15,-1355,739,248,-486,-22
2025-12-01T15:48:06.030407,932,597,832,368,125,105,125,785,10116,-5557,-4596,10681,51,-1286,780,247,-407,18
2025-12-01T15:48:06.045437,959,672,878,368,125,113,129,771,10117,-5495,-4644,10691,203,-1197,865,88,-300,-15
2025-12-01T15:48:06.067896,913,709,896,391,122,111,119,710,10128,-5455,-4709,10673,358,-1155,997,-148,-157,-80
2025-12-01T15:48:06.090445,833,647,897,531,189,115,110,573,10141,-5443,-4777,10636,388,-1313,1177,-312,-12,-107
2025-12-01T15:48:06.105747,820,690,879,714,308,134,126,621,10166,-5436,-4823,10596,421,-1358,1288,-271,113,-99
2025-12-01T15:48:06.127722,746,675,787,807,474,130,122,680,10194,-5443,-4854,10551,359,-1309,1346,-309,211,-100
2025-12-01T15:48:06.150209,587,548,693,950,591,128,112,626,10218,-5492,-4897,10483,293,-1364,1259,-501,329,-153
2025-12-01T15:48:06.165049,487,626,752,1014,642,148,118,655,10253,-5582,-4916,10391,184,-1436,1176,-529,584,-208
2025-12-01T15:48:06.187913,476,647,745,1049,770,148,113,645,10285,-5751,-4916,10267,-114,-1477,1152,-792,894,-261
2025-12-01T15:48:06.210550,367,580,755,1001,835,142,107,591,10313,-5983,-4945,10090,-158,-1528,1109,-1202,1100,-404
2025-12-01T15:48:06.225440,278,568,787,993,920,185,139,498,10352,-6243,-4954,9887,-108,-1674,968,-1180,1352,-407
2025-12-01T15:48:06.247766,332,539,809,964,893,189,139,676,10376,-6523,-4918,9696,-393,-1530,849,-1121,1455,-314
2025-12-01T15:48:06.270434,362,400,732,932,902,182,139,662,10344,-6854,-4940,9489,-662,-1807,617,-1499,1289,-337
2025-12-01T15:48:06.284602,399,394,794,897,881,250,161,645,10285,-7137,-4942,9343,-666,-2244,664,-1179,1033,-37
2025-12-01T15:48:06.308186,501,406,752,897,828,256,161,727,10259,-7321,-4834,9286,-693,-1903,587,-306,940,260
2025-12-01T15:48:06.330355,526,349,691,839,646,226,136,723,10231,-7485,-4768,9220,-686,-1710,549,-429,756,94
2025-12-01T15:48:06.344232,486,371,694,786,596,222,139,486,10165,-7625,-4760,9182,-651,-1803,603,-596,373,159
2025-12-01T15:48:06.367504,495,393,685,812,555,222,134,472,10089,-7727,-4788,9166,-719,-1997,655,-576,46,100
2025-12-01T15:48:06.390317,491,392,604,782,395,137,115,525,10039,-7737,-4850,9179,-398,-2197,857,-308,-305,55
2025-12-01T15:48:06.404555,499,521,665,790,342,139,144,404,9999,-7688,-4891,9243,-215,-1993,998,-48,-484,229
2025-12-01T15:48:06.427919,535,563,802,802,342,144,164,436,9978,-7579,-4950,9324,-377,-2211,1192,145,-769,10
2025-12-01T15:48:06.450332,645,692,836,804,328,142,170,533,10006,-7362,-5012,9433,-162,-2224,1278,664,-1074,-153
2025-12-01T15:48:06.465044,707,712,937,768,280,144,192,543,10074,-7058,-5076,9558,-127,-2112,1369,1054,-1335,-392
2025-12-01T15:48:06.487782,750,748,995,787,275,171,215,594,10159,-6691,-5160,9686,15,-2256,1490,1268,-1571,-555
2025-12-01T15:48:06.517859,730,717,983,731,219,163,205,634,10233,-6291,-5198,9855,169,-1631,1540,1664,-1688,-419
2025-12-01T15:48:06.524540,761,745,923,695,195,157,198,641,10254,-5980,-5263,9991,-371,-1901,1629,946,-1593,-418
2025-12-01T15:48:06.547430,763,684,979,666,186,152,192,634,10339,-5616,-5276,10107,12,-2093,1767,1446,-1354,-542
2025-12-01T15:48:06.570446,740,692,942,632,181,159,199,749,10410,-5321,-5208,10228,-110,-1658,1602,1451,-914,-271
2025-12-01T15:48:06.584669,723,650,847,536,154,131,174,681,10449,-5145,-5200,10283,-170,-1691,1455,740,-681,-323
2025-12-01T15:48:06.607797,675,583,831,468,126,114,159,655,10489,-4981,-5202,10321,-304,-1837,1259,792,-701,-462
2025-12-01T15:48:06.630440,676,536,778,476,117,115,150,698,10556,-4750,-5206,10360,-138,-1822,1110,1154,-850,-615
2025-12-01T15:48:06.644319,600,460,589,430,113,114,147,642,10634,-4474,-5221,10396,63,-1516,968,1269,-963,-685
2025-12-01T15:48:06.668018,547,390,464,376,97,88,101,490,10699,-4216,-5259,10418,278,-1312,1069,978,-924,-622
2025-12-01T15:48:06.690671,489,354,449,342,95,84,93,488,10753,-4001,-5309,10421,235,-1287,1263,658,-848,-629
2025-12-01T15:48:06.704579,484,352,401,371,111,88,93,479,10825,-3791,-5361,10398,410,-1359,1406,590,-730,-733
2025-12-01T15:48:06.727842,363,317,407,362,111,88,109,487,10933,-3552,-5366,10367,467,-1342,1449,898,-584,-883
2025-12-01T15:48:06.750043,335,278,361,365,130,104,126,536,11057,-3313,-5337,10330,331,-1363,1513,1039,-489,-995
2025-12-01T15:48:06.764663,315,299,306,451,243,126,147,567,11187,-3066,-5281,10295,308,-1393,1646,1166,-452,-1021
2025-12-01T15:48:06.787957,288,273,291,537,394,152,155,555,11317,-2814,-5191,10271,230,-1387,1832,1294,-407,-1000
2025-12-01T15:48:06.810405,294,317,309,552,493,178,174,636,11462,-2573,-5076,10231,233,-1366,1784,1377,-243,-1084
2025-12-01T15:48:06.824380,265,320,301,550,563,202,182,599,11638,-2303,-4921,10172,237,-1213,1739,1641,-13,-1203
2025-12-01T15:48:06.847927,212,325,323,541,606,223,184,542,11837,-2040,-4723,10092,153,-1108,1769,1749,225,-1323
2025-12-01T15:48:06.870189,177,294,406,514,597,230,176,479,12053,-1807,-4493,9984,101,-980,1710,1702,501,-1431
2025-12-01T15:48:06.884667,166,290,427,521,638,240,181,479,12272,-1648,-4232,9858,-184,-995,1521,1556,640,-1546
2025-12-01T15:48:06.908360,126,257,499,590,739,272,171,352,12459,-1517,-4004,9739,-366,-1152,1419,1453,475,-1448
2025-12-01T15:48:06.930388,107,213,496,633,777,285,159,328,12622,-1277,-3800,9646,-411,-820,1256,1685,246,-1213
2025-12-01T15:48:06.944637,123,210,480,728,1003,295,161,383,12770,-1076,-3630,9541,-145,-785,1218,1496,58,-1276
2025-12-01T15:48:06.968059,119,180,417,865,1063,317,188,408,12918,-892,-3440,9429,169,-873,1282,1535,351,-1228
2025-12-01T15:48:06.990373,121,197,398,918,1161,321,196,410,13024,-741,-3230,9370,6,-856,1193,1539,413,-842
2025-12-01T15:48:07.012954,103,158,286,931,1193,332,203,398,13105,-644,-3078,9316,166,-767,1218,1083,383,-653
2025-12-01T15:48:07.027177,102,169,241,1098,1339,342,211,358,13171,-604,-2970,9260,306,-835,1264,720,420,-549
2025-12-01T15:48:07.047580,78,145,229,1106,1317,364,251,292,13223,-567,-2858,9224,591,-808,1327,458,208,-99
2025-12-01T15:48:07.070960,75,151,205,1075,1357,385,282,256,13206,-518,-2853,9252,742,-800,1383,485,47,126
2025-12-01T15:48:07.091936,69,134,208,1071,1303,378,285,233,13173,-424,-2854,9303,859,-512,1470,534,-103,287
2025-12-01T15:48:07.110042,81,145,234,1108,1346,435,303,238,13121,-361,-2900,9365,1049,-486,1597,226,-156,446
2025-12-01T15:48:07.132205,80,131,231,1051,1358,494,334,210,13047,-279,-2958,9453,1223,-526,1775,298,-238,623
2025-12-01T15:48:07.151916,83,128,226,1033,1270,485,317,213,12945,-147,-3004,9581,1258,-393,1877,520,-392,863
2025-12-01T15:48:07.169931,92,115,222,971,1228,486,344,277,12836,18,-3048,9714,1330,-215,1923,592,-483,896
2025-12-01T15:48:07.192104,107,108,204,949,1190,539,374,301,12738,187,-3079,9831,1184,-80,1900,577,-515,789
2025-12-01T15:48:07.211611,107,98,188,947,1178,504,385,317,12648,376,-3145,9921,1376,-32,1678,530,-613,642
2025-12-01T15:48:07.233947,113,102,181,882,1073,495,398,346,12535,594,-3221,10028,1528,-126,1824,689,-747,756
2025-12-01T15:48:07.252062,123,114,183,869,1139,546,429,362,12446,798,-3240,10118,1319,168,1639,681,-521,629
2025-12-01T15:48:07.271407,115,110,174,833,1090,521,380,305,12396,991,-3244,10162,1492,252,1778,591,-347,325
2025-12-01T15:48:07.294388,102,108,180,805,1100,480,360,287,12376,1147,-3226,10175,1342,200,1577,519,-146,94
2025-12-01T15:48:07.312229,95,102,153,749,923,452,343,269,12382,1254,-3225,10156,1201,116,1404,276,-68,-113
2025-12-01T15:48:07.331315,83,93,137,716,903,396,299,225,12396,1359,-3238,10120,1167,80,1294,229,-125,-215
2025-12-01T15:48:07.353454,63,79,129,643,745,296,231,179,12413,1440,-3265,10080,1178,123,1280,59,-98,-209
2025-12-01T15:48:07.371887,59,71,129,669,793,307,224,170,12434,1469,-3293,10040,1145,57,1366,-143,41,-179
2025-12-01T15:48:07.391487,55,68,124,612,796,284,187,143,12471,1459,-3310,9991,1094,121,1431,-315,194,-221
2025-12-01T15:48:07.413730,56,68,117,508,879,277,153,128,12518,1412,-3339,9928,1132,173,1503,-577,281,-249
2025-12-01T15:48:07.432115,62,70,112,406,796,263,131,106,12570,1327,-3381,9861,1210,181,1537,-801,385,-226
2025-12-01T15:48:07.451438,58,60,103,415,866,272,116,91,12624,1187,-3428,9792,1213,66,1513,-1010,559,-189
2025-12-01T15:48:07.474206,58,74,105,369,899,262,105,87,12685,1010,-3474,9717,1153,48,1477,-1178,685,-197
2025-12-01T15:48:07.492087,61,134,142,357,1025,301,110,82,12755,778,-3536,9624,1049,39,1359,-1499,776,-228
2025-12-01T15:48:07.511709,75,259,404,367,1023,298,111,76,12828,450,-3616,9517,913,-267,1281,-1846,836,-281
2025-12-01T15:48:07.534114,120,354,518,316,1042,300,102,67,12904,145,-3658,9408,904,-490,1364,-1560,1062,-323
2025-12-01T15:48:07.552128,266,403,612,298,1017,306,111,76,12992,-135,-3656,9286,798,-434,1280,-1357,1166,-440
2025-12-01T15:48:07.571813,409,447,655,329,992,293,117,198,13078,-421,-3677,9147,736,-501,1241,-1454,1064,-508
2025-12-01T15:48:07.593949,648,602,843,329,792,241,120,229,13143,-744,-3746,9005,646,-616,1124,-1804,830,-441
2025-12-01T15:48:07.612183,727,635,853,346,717,229,121,237,13190,-1059,-3857,8857,472,-993,1095,-1870,578,-456
2025-12-01T15:48:07.635363,772,617,799,374,632,201,124,244,13208,-1310,-4030,8719,243,-1222,963,-1740,42,-444
2025-12-01T15:48:07.654321,815,693,827,394,564,160,124,345,13184,-1550,-4223,8623,361,-1245,1007,-1715,-148,-151
2025-12-01T15:48:07.671975,795,676,835,455,503,151,114,306,13119,-1803,-4414,8577,298,-1177,1034,-1735,-196,215
2025-12-01T15:48:07.695052,660,559,640,448,504,143,99,297,13025,-2110,-4627,8539,176,-1335,1194,-2049,-206,396
2025-12-01T15:48:07.714143,593,497,508,417,577,141,97,313,12887,-2450,-4855,8530,146,-1557,1390,-2228,-278,679
2025-12-01T15:48:07.732289,538,483,505,391,579,135,98,314,12724,-2815,-5070,8538,212,-1641,1368,-2305,-197,888
2025-12-01T15:48:07.754694,415,322,356,368,646,139,91,205,12538,-3208,-5263,8558,197,-1756,1479,-2370,-75,1073
2025-12-01T15:48:07.773635,342,308,279,327,605,131,89,191,12335,-3593,-5411,8608,-33,-1876,1526,-2182,12,1266
2025-12-01T15:48:07.792163,270,258,283,369,586,132,96,173,12139,-3935,-5524,8665,-175,-1962,1557,-1882,31,1229
2025-12-01T15:48:07.814585,228,221,306,469,480,153,98,132,11954,-4273,-5533,8756,-237,-2014,1570,-1437,216,1221
2025-12-01T15:48:07.833713,271,199,357,536,454,171,106,172,11779,-4584,-5474,8871,-405,-1775,1624,-1210,369,1321
2025-12-01T15:48:07.852012,331,237,457,615,330,171,104,164,11613,-4909,-5493,8904,-572,-1271,1629,-1632,468,1133
2025-12-01T15:48:07.874591,393,257,497,618,324,175,107,164,11460,-5215,-5588,8869,-564,-1620,1518,-1868,248,649
2025-12-01T15:48:07.893949,414,271,559,697,324,171,103,172,11359,-5421,-5623,8854,-442,-2006,1529,-1221,85,251
2025-12-01T15:48:07.912674,458,292,625,746,452,150,96,176,11368,-5443,-5601,8844,-275,-2192,1353,20,16,-254
2025-12-01T15:48:07.934479,425,280,622,723,458,136,83,124,11441,-5342,-5542,8847,-184,-1984,1244,761,-79,-507
2025-12-01T15:48:07.954370,396,258,619,742,469,132,82,123,11488,-5259,-5488,8870,-20,-1688,1209,603,-78,-232
2025-12-01T15:48:07.972512,329,232,602,748,488,125,83,120,11447,-5276,-5470,8924,-4,-1355,1192,-92,-129,307
2025-12-01T15:48:07.994675,317,256,577,680,502,139,87,119,11341,-5407,-5547,8934,28,-1678,1232,-971,-186,382
2025-12-01T15:48:08.013931,254,233,558,588,379,136,89,128,11243,-5540,-5628,8925,50,-2100,1247,-919,-135,269
2025-12-01T15:48:08.032174,268,343,681,673,344,125,89,201,11209,-5558,-5618,8964,44,-2289,1236,76,-100,205
2025-12-01T15:48:08.055292,399,393,837,609,291,124,95,257,11219,-5473,-5528,9057,-30,-2022,1185,869,-142,216
2025-12-01T15:48:08.074305,446,406,890,572,248,119,99,388,11245,-5353,-5416,9165,61,-1781,1188,1080,-133,259
2025-12-01T15:48:08.092173,504,434,983,637,181,110,101,452,11232,-5286,-5321,9275,29,-1748,1239,735,-115,446
2025-12-01T15:48:08.114123,543,464,1009,612,162,112,133,520,11186,-5253,-5245,9391,5,-1785,1296,502,-154,600
2025-12-01T15:48:08.133926,657,465,989,500,141,119,143,602,11132,-5212,-5181,9513,2,-1951,1357,531,-247,615
2025-12-01T15:48:08.151890,643,509,957,458,138,121,149,704,11074,-5152,-5118,9647,-10,-1857,1381,582,-338,647
2025-12-01T15:48:08.174405,643,544,979,469,134,125,160,753,11030,-5050,-5076,9772,174,-1695,1415,631,-452,543
2025-12-01T15:48:08.194473,630,551,965,328,107,113,160,800,10999,-4938,-5046,9880,193,-1719,1387,658,-474,403
2025-12-01T15:48:08.212209,657,611,1086,333,100,103,157,825,10981,-4803,-5009,9984,124,-1734,1361,817,-522,284
2025-12-01T15:48:08.235389,601,602,1068,345,90,90,152,851,10972,-4654,-4961,10088,10,-1546,1260,922,-545,200
2025-12-01T15:48:08.254238,623,605,1017,399,99,98,159,805,10943,-4533,-4941,10184,-111,-1435,1167,685,-624,194
2025-12-01T15:48:08.272571,692,619,994,451,120,112,173,767,10892,-4439,-4969,10266,-109,-1436,1062,411,-721,189
2025-12-01T15:48:08.294696,767,677,1123,527,138,122,180,770,10832,-4342,-5011,10350,-130,-1517,1002,418,-808,186
2025-12-01T15:48:08.314011,789,644,990,580,127,112,159,712,10771,-4225,-5032,10452,1,-1479,986,600,-787,298
2025-12-01T15:48:08.332039,877,628,1015,592,127,111,156,593,10694,-4136,-5039,10562,-10,-1322,938,503,-678,462
2025-12-01T15:48:08.354673,916,657,1025,669,138,113,164,631,10602,-4084,-5077,10656,126,-1410,864,266,-608,523
2025-12-01T15:48:08.374259,900,738,1037,714,146,111,149,623,10524,-4052,-5071,10749,311,-1038,837,246,-277,654
2025-12-01T15:48:08.392208,898,727,847,749,151,114,143,547,10438,-4103,-5099,10799,239,-994,771,-259,-68,606
2025-12-01T15:48:08.414703,917,778,861,796,164,124,152,568,10368,-4203,-5155,10802,430,-1019,710,-572,176,503
2025-12-01T15:48:08.433946,866,791,829,851,169,126,150,616,10317,-4359,-5210,10763,427,-1020,673,-807,485,393
2025-12-01T15:48:08.452257,870,741,819,825,163,117,122,517,10282,-4562,-5273,10682,455,-1037,658,-1057,726,272
2025-12-01T15:48:08.474836,916,680,893,802,151,105,113,489,10247,-4805,-5336,10577,336,-1222,776,-1250,868,222
2025-12-01T15:48:08.493398,963,657,882,789,135,91,110,488,10216,-5040,-5387,10471,253,-1431,922,-1194,863,178
2025-12-01T15:48:08.512577,958,584,861,708,133,98,125,524,10192,-5250,-5399,10384,94,-1534,1097,-980,841,189
2025-12-01T15:48:08.534695,969,591,813,617,124,96,124,512,10170,-5462,-5382,10305,-143,-1605,1183,-902,877,169
2025-12-01T15:48:08.554414,902,600,735,540,113,93,132,533,10142,-5694,-5356,10221,-322,-1673,1267,-1012,934,164
2025-12-01T15:48:08.572021,831,545,535,486,100,89,124,526,10100,-5941,-5339,10131,-442,-1890,1315,-1110,923,161
2025-12-01T15:48:08.593817,792,565,501,400,101,99,127,515,10061,-6157,-5309,10055,-445,-1995,1341,-939,853,189
2025-12-01T15:48:08.613899,769,584,486,385,78,81,102,472,10038,-6320,-5266,10000,-362,-2076,1415,-672,739,189
2025-12-01T15:48:08.632028,716,645,536,415,86,89,117,513,10009,-6446,-5209,9978,-417,-1916,1407,-499,580,271
2025-12-01T15:48:08.654692,693,606,517,405,85,86,106,518,9967,-6552,-5169,9972,-466,-1950,1510,-539,396,284
2025-12-01T15:48:08.674221,727,634,512,433,88,88,107,489,9965,-6580,-5136,9973,-245,-2072,1698,-250,240,140
2025-12-01T15:48:08.692198,675,602,506,394,79,74,95,506,9984,-6556,-5088,9994,-258,-1985,1704,41,102,69
2025-12-01T15:48:08.714852,609,550,449,375,79,70,89,515,10023,-6485,-5053,10019,-233,-1962,1784,180,-74,-84
2025-12-01T15:48:08.737288,567,419,351,320,69,53,60,425,10087,-6362,-5036,10043,-177,-2065,1835,371,-257,-288
2025-12-01T15:48:08.752462,571,416,352,314,65,50,60,386,10193,-6175,-4997,10071,-92,-2007,1824,790,-325,-453
2025-12-01T15:48:08.774929,506,333,343,181,56,41,52,441,10321,-5958,-4935,10101,-147,-1866,1839,1021,-348,-572
2025-12-01T15:48:08.793973,394,239,292,156,61,47,54,459,10456,-5739,-4872,10121,-169,-1803,1802,1059,-346,-661
2025-12-01T15:48:08.812284,407,234,269,127,63,53,58,511,10598,-5529,-4806,10122,-219,-1776,1659,1113,-293,-769
2025-12-01T15:48:08.835462,415,213,269,97,68,61,61,522,10762,-5317,-4727,10099,-288,-1758,1551,1248,-214,-957
2025-12-01T15:48:08.857276,381,194,205,94,82,74,77,607,10947,-5093,-4625,10063,-327,-1765,1514,1442,-144,-1079
2025-12-01T15:48:08.872071,324,179,177,75,79,72,75,554,11136,-4877,-4507,10016,-454,-1685,1436,1503,-95,-1160
2025-12-01T15:48:08.894757,304,162,135,66,73,73,87,515,11336,-4643,-4393,9953,-473,-1663,1437,1585,-156,-1310
2025-12-01T15:48:08.916932,246,230,166,96,84,76,88,412,11569,-4346,-4295,9861,-483,-1553,1424,1733,-191,-1497
2025-12-01T15:48:08.932873,163,242,154,139,124,77,87,396,11822,-4015,-4185,9748,-507,-1494,1318,1919,-205,-1680
2025-12-01T15:48:08.954266,174,283,162,171,172,76,79,238,12077,-3677,-4054,9623,-513,-1470,1284,2020,-133,-1725
2025-12-01T15:48:08.977273,171,294,179,310,427,83,87,255,12316,-3345,-3915,9498,-633,-1480,1119,2021,-118,-1662
2025-12-01T15:48:08.992150,156,293,181,345,470,88,75,218,12533,-3004,-3788,9380,-484,-1447,1074,2022,-222,-1575
2025-12-01T15:48:09.014653,148,239,149,448,634,106,74,203,12724,-2656,-3654,9280,-344,-1248,1086,2051,-252,-1404
2025-12-01T15:48:09.037146,143,232,169,536,694,126,83,200,12878,-2336,-3532,9199,-300,-1161,1013,1885,-281,-1181
2025-12-01T15:48:09.052161,70,177,172,636,810,151,98,191,12988,-2115,-3444,9133,-205,-1191,1035,1581,-327,-1009
2025-12-01T15:48:09.074831,63,169,170,645,812,181,117,144,13070,-1921,-3376,9083,47,-1009,1056,1319,-261,-753
2025-12-01T15:48:09.097259,68,188,182,688,879,199,128,125,13123,-1792,-3324,9053,192,-970,1200,950,-131,-482
2025-12-01T15:48:09.112206,59,188,179,688,849,194,138,125,13149,-1725,-3276,9046,224,-1106,1281,726,7,-235
2025-12-01T15:48:09.134710,61,170,165,669,836,204,140,128,13157,-1679,-3224,9061,286,-1130,1373,658,79,-44
2025-12-01T15:48:09.156754,59,159,149,596,752,189,140,124,13154,-1635,-3185,9087,402,-1048,1434,567,65,65
2025-12-01T15:48:09.172103,65,157,132,581,747,185,130,125,13135,-1605,-3183,9121,449,-1131,1441,439,-62,150
2025-12-01T15:48:09.194739,61,133,165,613,845,180,127,129,13089,-1536,-3203,9191,520,-1092,1483,535,-301,352
2025-12-01T15:48:09.215584,68,124,167,607,964,244,150,134,13014,-1412,-3253,9300,809,-764,1580,543,-540,629
2025-12-01T15:48:09.231792,65,114,153,622,1018,267,152,127,12920,-1276,-3339,9419,1024,-788,1646,481,-672,741
2025-12-01T15:48:09.254486,68,116,153,641,1021,286,194,173,12802,-1108,-3412,9574,1199,-828,1745,705,-709,962
2025-12-01T15:48:09.277305,63,100,160,703,1069,360,198,183,12645,-893,-3452,9788,1215,-787,1702,1070,-778,1296
2025-12-01T15:48:09.292194,70,90,105,646,955,383,215,198,12471,-635,-3461,10025,1208,-412,1641,1219,-828,1456
2025-12-01T15:48:09.315047,68,89,101,628,795,368,201,200,12300,-379,-3479,10241,1278,-285,1703,1102,-835,1365
2025-12-01T15:48:09.337214,79,104,103,594,783,358,233,234,12124,-150,-3501,10447,1370,-296,1684,983,-735,1377
2025-12-01T15:48:09.352660,76,95,103,568,834,350,194,199,11954,68,-3507,10640,1364,-263,1619,988,-619,1304
2025-12-01T15:48:09.374431,81,96,94,500,779,272,194,195,11815,264,-3485,10799,1220,-68,1593,875,-468,1083
2025-12-01T15:48:09.396838,74,97,96,469,740,259,179,175,11715,396,-3475,10906,1101,7,1531,492,-294,795
2025-12-01T15:48:09.411896,70,94,97,431,769,235,173,161,11645,499,-3476,10976,1073,-124,1449,368,-196,539
2025-12-01T15:48:09.434674,60,80,97,397,704,234,147,114,11603,600,-3462,11020,997,0,1422,331,-145,337
2025-12-01T15:48:09.457041,61,78,98,397,680,270,161,125,11598,672,-3464,11021,997,23,1363,98,-57,65
2025-12-01T15:48:09.472180,51,75,93,320,693,279,153,106,11628,707,-3488,10979,1088,-66,1386,-143,66,-194
2025-12-01T15:48:09.495275,47,63,83,322,700,260,144,102,11684,718,-3515,10911,1141,-130,1395,-261,192,-376
2025-12-01T15:48:09.516681,46,55,76,321,666,258,145,103,11757,700,-3542,10824,1148,-147,1443,-400,302,-480
2025-12-01T15:48:09.532182,41,46,66,299,670,235,115,87,11849,645,-3561,10720,1082,-90,1473,-575,454,-573
2025-12-01T15:48:09.554962,37,49,74,311,695,198,87,62,11956,547,-3603,10591,1039,-171,1521,-842,505,-686
2025-12-01T15:48:09.577378,34,51,74,296,584,160,73,54,12066,391,-3676,10447,1020,-368,1507,-1126,580,-715
2025-12-01T15:48:09.592211,36,63,82,279,573,147,72,49,12174,202,-3740,10305,931,-567,1498,-1140,691,-702
2025-12-01T15:48:09.614210,30,60,76,276,605,139,63,47,12286,9,-3768,10162,817,-575,1548,-1049,806,-722
2025-12-01T15:48:09.637215,47,71,107,286,564,135,61,50,12413,-224,-3786,9998,717,-475,1475,-1265,973,-800
2025-12-01T15:48:09.652345,113,105,122,231,427,111,82,65,12544,-485,-3829,9807,634,-549,1410,-1471,954,-906
2025-12-01T15:48:09.674314,177,154,134,221,393,114,91,87,12660,-774,-3903,9608,610,-687,1417,-1716,849,-875
2025-12-01T15:48:09.697264,201,170,158,239,386,114,90,93,12744,-1106,-4022,9414,696,-859,1342,-2029,764,-707
2025-12-01T15:48:09.712456,285,200,172,206,253,104,92,124,12790,-1500,-4148,9240,717,-1078,1355,-2299,877,-416
2025-12-01T15:48:09.734735,399,280,185,190,221,102,91,131,12809,-1910,-4230,9100,539,-1372,1305,-2169,1047,-150
2025-12-01T15:48:09.756988,430,326,232,244,203,94,78,136,12816,-2233,-4245,9010,237,-1408,1280,-1297,934,-92
2025-12-01T15:48:09.772182,618,380,305,276,203,95,75,163,12846,-2434,-4252,8911,151,-1164,1237,-846,603,-355
2025-12-01T15:48:09.794651,713,412,406,275,212,87,81,279,12894,-2583,-4295,8777,286,-933,1221,-882,409,-595
2025-12-01T15:48:09.817154,752,417,432,273,188,88,94,391,12907,-2808,-4412,8630,376,-1033,1240,-1472,307,-486
2025-12-01T15:48:09.839634,705,380,473,271,215,92,94,420,12882,-3121,-4575,8473,382,-1242,1186,-2088,319,-314
2025-12-01T15:48:09.854587,698,336,495,254,349,102,96,488,12830,-3469,-4738,8327,306,-1544,1178,-2233,355,-144
2025-12-01T15:48:09.877180,525,301,521,270,442,104,96,513,12764,-3791,-4847,8224,255,-1770,1128,-1891,440,94
2025-12-01T15:48:09.899807,396,275,499,280,598,122,110,486,12675,-4119,-4895,8175,141,-1852,1104,-1473,555,353
2025-12-01T15:48:09.913194,279,314,526,307,707,150,108,411,12581,-4392,-4869,8195,-54,-1827,1231,-1007,537,630
2025-12-01T15:48:09.935543,264,328,512,351,725,156,116,386,12472,-4656,-4845,8229,-262,-1762,1208,-1015,406,665
2025-12-01T15:48:09.959422,232,368,606,494,864,213,127,292,12325,-4956,-4858,8267,-293,-1870,1329,-1379,270,788
2025-12-01T15:48:09.974693,231,345,612,616,958,230,129,230,12142,-5241,-4878,8350,-527,-2258,1287,-1208,14,938
2025-12-01T15:48:09.997184,204,340,602,748,927,242,118,174,11949,-5422,-4881,8509,-657,-2097,1272,-692,-386,1116
2025-12-01T15:48:10.019834,232,332,652,845,871,226,113,150,11781,-5515,-4877,8685,-671,-1964,1367,-338,-600,995
2025-12-01T15:48:10.034528,272,326,794,953,866,257,114,146,11651,-5561,-4828,8856,-594,-1680,1480,-102,-440,929
2025-12-01T15:48:10.057034,299,313,744,920,707,225,104,148,11536,-5593,-4800,9001,-514,-1589,1515,-164,-460,772
2025-12-01T15:48:10.079809,351,348,719,952,522,221,115,152,11458,-5602,-4782,9104,-419,-1651,1451,-62,-386,484
2025-12-01T15:48:10.094764,492,464,784,861,436,210,126,229,11401,-5590,-4759,9195,-382,-1625,1400,79,-359,366
2025-12-01T15:48:10.117501,475,445,734,823,421,212,121,223,11348,-5583,-4730,9279,-400,-1616,1330,102,-300,352
2025-12-01T15:48:10.139681,469,457,622,730,491,183,122,220,11302,-5587,-4723,9336,-220,-1429,1224,-52,-222,279
2025-12-01T15:48:10.154910,518,474,706,722,467,165,119,224,11248,-5624,-4732,9374,-216,-1660,1228,-211,-146,266
2025-12-01T15:48:10.177191,497,485,725,727,543,153,109,219,11183,-5660,-4729,9432,-281,-1744,1141,-94,-183,375
2025-12-01T15:48:10.199718,414,437,679,734,574,139,94,151,11113,-5676,-4724,9508,-246,-1594,1100,-21,-261,447
2025-12-01T15:48:10.214724,434,449,677,684,561,142,92,152,11050,-5688,-4717,9577,-60,-1592,1109,-10,-181,490
2025-12-01T15:48:10.236813,494,455,780,745,572,146,96,161,10991,-5715,-4692,9641,-112,-1586,1133,-16,-60,501
2025-12-01T15:48:10.259729,450,424,687,738,637,145,93,157,10941,-5727,-4667,9702,-126,-1655,1179,58,-79,437
2025-12-01T15:48:10.274610,456,399,705,634,566,141,92,180,10921,-5709,-4642,9748,-7,-1652,1132,222,-69,286
2025-12-01T15:48:10.297257,467,357,696,625,507,133,86,208,10904,-5682,-4624,9790,-13,-1599,1129,228,-112,236
2025-12-01T15:48:10.319470,466,381,757,648,493,129,93,234,10879,-5661,-4620,9832,-33,-1622,1148,142,-165,234
2025-12-01T15:48:10.334484,400,367,666,585,373,99,82,269,10846,-5631,-4642,9876,-15,-1639,1146,85,-296,212
2025-12-01T15:48:10.356914,382,421,690,551,193,89,83,400,10822,-5569,-4674,9922,-57,-1698,1181,198,-451,99
2025-12-01T15:48:10.379853,380,410,672,681,151,87,84,417,10846,-5407,-4699,9974,276,-1382,1334,534,-598,-58
2025-12-01T15:48:10.394695,381,496,699,787,147,99,110,470,10870,-5320,-4689,9998,190,-1518,1309,397,-188,-18
2025-12-01T15:48:10.417203,529,617,749,787,140,97,137,633,10876,-5269,-4685,10021,114,-1691,1383,247,-139,51
2025-12-01T15:48:10.439399,684,714,751,767,138,93,143,686,10852,-5252,-4703,10048,-32,-1769,1308,55,-213,124
2025-12-01T15:48:10.454618,743,718,769,788,142,105,151,700,10830,-5201,-4712,10094,55,-1816,1331,254,-300,181
2025-12-01T15:48:10.477207,756,723,742,620,133,108,149,701,10800,-5161,-4708,10148,-192,-1682,1273,246,-330,177
2025-12-01T15:48:10.499685,749,665,731,486,122,104,138,671,10760,-5111,-4730,10206,-141,-1657,1309,159,-461,182
2025-12-01T15:48:10.514446,722,570,671,443,117,97,114,630,10735,-5039,-4755,10256,141,-1680,1315,252,-420,175
2025-12-01T15:48:10.537225,643,509,697,388,117,110,121,560,10713,-4980,-4738,10315,7,-1719,1338,384,-274,228
2025-12-01T15:48:10.559693,625,468,706,355,109,104,119,614,10692,-4915,-4697,10386,38,-1478,1303,453,-214,323
2025-12-01T15:48:10.574532,706,499,740,487,106,95,120,633,10657,-4876,-4690,10444,-20,-1466,1239,220,-273,283
2025-12-01T15:48:10.597154,717,515,722,562,127,94,120,635,10632,-4833,-4675,10496,-188,-1244,1157,229,-288,162
2025-12-01T15:48:10.619667,790,491,727,594,139,100,120,569,10611,-4793,-4673,10536,-207,-1195,1237,112,-303,80
2025-12-01T15:48:10.636372,820,466,729,647,155,93,112,627,10599,-4789,-4695,10540,10,-1304,1257,-119,-116,21
2025-12-01T15:48:10.657202,802,542,721,670,155,87,102,494,10611,-4792,-4663,10541,-152,-1577,1284,177,95,-37
2025-12-01T15:48:10.684360,811,623,925,642,184,113,144,520,10623,-4799,-4574,10565,-130,-1313,1263,325,291,159
2025-12-01T15:48:10.694383,826,661,1007,739,208,132,154,575,10598,-4868,-4526,10580,-347,-1228,1206,-134,247,205
2025-12-01T15:48:10.717521,730,671,1038,760,201,132,152,591,10609,-4913,-4575,10526,252,-1121,1072,-438,199,-131
2025-12-01T15:48:10.739296,673,659,995,715,186,129,155,671,10623,-4985,-4631,10454,3,-1707,1127,-404,212,-271
2025-12-01T15:48:10.762229,838,717,1007,768,203,146,175,745,10643,-5020,-4612,10425,52,-1584,1236,-18,312,-46
2025-12-01T15:48:10.777310,790,650,855,719,181,133,152,732,10658,-5055,-4585,10405,-176,-1510,1199,8,236,-72
2025-12-01T15:48:10.799477,786,623,797,563,144,119,159,772,10651,-5097,-4605,10383,50,-1381,1263,-308,142,17
2025-12-01T15:48:10.822228,783,606,716,501,143,119,161,725,10623,-5177,-4666,10344,34,-1573,1231,-586,119,14
2025-12-01T15:48:10.837275,810,583,698,544,147,117,159,601,10593,-5247,-4718,10316,-122,-1731,1179,-441,33,1
2025-12-01T15:48:10.859723,704,461,634,452,126,96,137,507,10578,-5265,-4749,10308,-104,-1623,1138,-143,-74,-19
2025-12-01T15:48:10.882626,725,430,612,475,129,91,127,489,10559,-5271,-4773,10314,-80,-1556,1109,-77,-118,48
2025-12-01T15:48:10.897200,688,434,630,472,114,77,99,387,10515,-5281,-4797,10342,-118,-1539,1129,-117,-196,201
2025-12-01T15:48:10.919874,682,441,593,547,125,81,104,525,10458,-5290,-4833,10378,-217,-1616,1127,-136,-311,217
2025-12-01T15:48:10.942437,652,514,601,542,133,89,100,564,10421,-5237,-4853,10433,-4,-1524,1253,117,-398,228
2025-12-01T15:48:10.957552,595,506,610,548,125,93,104,620,10386,-5189,-4862,10488,15,-1557,1255,164,-337,259
2025-12-01T15:48:10.979766,537,582,649,594,123,91,106,622,10366,-5137,-4842,10542,145,-1413,1423,191,-170,294
2025-12-01T15:48:11.001942,556,546,593,599,123,91,103,602,10354,-5109,-4816,10579,-44,-1380,1468,83,-87,179
2025-12-01T15:48:11.017183,543,540,621,565,111,82,89,577,10362,-5087,-4827,10577,76,-1490,1466,-56,-49,-36
2025-12-01T15:48:11.039663,521,500,651,541,96,72,83,538,10391,-5062,-4828,10560,57,-1551,1440,37,23,-164
2025-12-01T15:48:11.061998,530,482,672,521,86,58,70,487,10430,-5042,-4822,10535,-6,-1517,1358,76,71,-236
2025-12-01T15:48:11.077229,580,385,572,465,78,68,77,480,10464,-5033,-4816,10507,-89,-1561,1306,60,76,-249
2025-12-01T15:48:11.099720,568,391,525,437,75,65,81,485,10498,-5019,-4801,10487,-124,-1545,1300,124,61,-225
2025-12-01T15:48:11.121839,575,387,501,382,65,64,85,378,10535,-4990,-4795,10466,-52,-1531,1292,152,3,-260
2025-12-01T15:48:11.137400,545,336,428,349,64,61,81,358,10586,-4931,-4783,10448,45,-1591,1346,314,-34,-300
2025-12-01T15:48:11.159422,479,308,347,313,65,66,80,319,10651,-4843,-4743,10442,49,-1445,1416,497,-35,-313
2025-12-01T15:48:11.182521,362,273,327,279,61,53,69,317,10739,-4735,-4701,10420,104,-1316,1553,502,-23,-459
2025-12-01T15:48:11.197228,311,220,286,224,58,51,64,262,10851,-4628,-4646,10377,113,-1272,1714,479,95,-607
2025-12-01T15:48:11.219761,191,161,236,176,72,52,58,242,10981,-4538,-4566,10315,3,-1343,1919,472,260,-726
2025-12-01T15:48:11.242790,168,143,210,176,95,63,63,242,11152,-4436,-4440,10230,-152,-1437,2041,723,418,-966
2025-12-01T15:48:11.256775,143,141,143,188,144,90,69,217,11374,-4297,-4252,10125,-337,-1466,2035,1174,558,-1262
2025-12-01T15:48:11.279783,125,140,190,261,251,95,69,129,11652,-4112,-4054,9965,-557,-1392,2006,1544,700,-1621
2025-12-01T15:48:11.302271,113,160,201,320,370,105,67,115,11965,-3923,-3845,9751,-729,-1435,1825,1598,831,-1963
2025-12-01T15:48:11.316780,106,200,212,370,484,113,70,124,12272,-3767,-3683,9491,-1037,-1575,1597,1280,767,-2172
2025-12-01T15:48:11.339423,105,201,216,402,543,126,84,170,12532,-3619,-3595,9239,-1028,-1656,1507,986,413,-2077
2025-12-01T15:48:11.362235,98,192,210,443,634,119,84,173,12693,-3569,-3557,9051,-547,-1682,1409,598,113,-1593
2025-12-01T15:48:11.377180,95,178,139,443,670,125,81,175,12774,-3513,-3552,8960,-238,-1860,1387,636,-134,-884
2025-12-01T15:48:11.399414,85,161,125,417,666,129,82,175,12810,-3400,-3490,8976,-233,-1839,1366,1160,-235,-286
2025-12-01T15:48:11.422213,65,110,105,383,613,141,90,165,12849,-3144,-3369,9059,-89,-1475,1326,1707,-333,52
2025-12-01T15:48:11.437189,64,98,94,394,684,154,83,130,12856,-2949,-3257,9157,104,-1342,1409,1566,-246,249
2025-12-01T15:48:11.459708,61,95,91,378,636,155,80,122,12838,-2787,-3128,9276,210,-1205,1443,1416,-62,514
2025-12-01T15:48:11.482437,60,88,82,368,623,164,93,121,12802,-2675,-3014,9396,157,-1240,1430,1180,-8,601
2025-12-01T15:48:11.497203,86,82,73,377,599,165,96,149,12746,-2573,-2920,9529,163,-1346,1429,1138,-89,712
2025-12-01T15:48:11.519864,86,68,74,444,666,162,89,138,12671,-2435,-2837,9689,246,-1354,1419,1285,-251,868
2025-12-01T15:48:11.542253,87,66,79,506,679,176,102,154,12571,-2250,-2760,9884,340,-1079,1368,1386,-434,1087
2025-12-01T15:48:11.557687,94,68,91,580,817,191,114,279,12454,-2060,-2742,10077,355,-995,1362,1166,-720,1086
2025-12-01T15:48:11.579808,94,70,93,577,838,211,117,283,12326,-1837,-2767,10270,480,-982,1393,1154,-975,1075
2025-12-01T15:48:11.602017,68,62,91,573,842,204,117,273,12171,-1573,-2830,10479,668,-953,1337,1203,-1224,1205
2025-12-01T15:48:11.617264,74,78,97,536,843,234,155,300,11998,-1247,-2871,10708,882,-690,1297,1438,-1291,1343
2025-12-01T15:48:11.639682,78,88,99,447,747,220,191,300,11834,-924,-2921,10908,989,-512,1359,1284,-1273,1213
2025-12-01T15:48:11.662117,79,105,101,445,647,251,206,203,11673,-625,-2965,11089,1153,-205,1432,1035,-1084,1184
2025-12-01T15:48:11.677216,79,108,105,466,675,256,215,198,11517,-351,-3025,11247,1253,-298,1511,906,-1022,1093
2025-12-01T15:48:11.699715,87,116,121,537,818,315,243,210,11377,-115,-3090,11376,1360,-231,1585,665,-850,968
2025-12-01T15:48:11.722082,82,104,117,552,834,317,234,186,11247,110,-3125,11496,1348,-63,1607,659,-711,914
2025-12-01T15:48:11.744738,82,97,111,606,935,331,207,171,11154,296,-3161,11572,1287,-65,1574,473,-563,626
2025-12-01T15:48:11.759782,72,80,106,564,934,308,192,161,11095,454,-3188,11617,1239,-89,1545,390,-417,383
2025-12-01T15:48:11.782166,73,77,106,598,935,297,184,159,11061,578,-3209,11638,1193,-92,1530,264,-265,222
2025-12-01T15:48:11.804423,62,72,84,559,834,257,150,134,11055,682,-3231,11631,1140,-109,1454,175,-193,7
2025-12-01T15:48:11.819781,58,98,115,549,763,223,127,121,11078,771,-3246,11600,1149,-69,1459,96,-82,-179
2025-12-01T15:48:11.842308,46,99,124,545,777,206,114,103,11123,818,-3268,11548,1171,-51,1502,-127,78,-295
2025-12-01T15:48:11.864780,52,98,122,502,714,191,103,119,11182,825,-3289,11484,1164,-86,1559,-287,229,-360
2025-12-01T15:48:11.879711,63,100,116,404,612,167,82,258,11257,807,-3300,11408,1129,-159,1620,-325,353,-457
2025-12-01T15:48:11.902284,78,93,117,372,558,135,74,343,11347,765,-3298,11323,1129,-198,1681,-371,499,-536
2025-12-01T15:48:11.924401,83,69,78,334,541,133,82,431,11444,694,-3276,11236,1072,-269,1713,-381,669,-563
2025-12-01T15:48:11.939695,98,65,68,283,462,111,75,447,11550,608,-3230,11144,880,-333,1666,-317,751,-638
2025-12-01T15:48:11.961902,102,63,64,271,475,102,79,454,11673,536,-3183,11034,707,-329,1620,-274,646,-807
2025-12-01T15:48:11.984951,109,82,80,271,467,103,83,394,11817,484,-3147,10892,574,-180,1582,-346,486,-1026
2025-12-01T15:48:11.999783,179,117,87,262,506,92,97,417,11986,377,-3192,10696,479,-272,1437,-872,361,-1285
2025-12-01T15:48:12.022231,215,133,113,271,499,83,95,337,12166,217,-3291,10465,591,-517,1471,-1226,389,-1429
2025-12-01T15:48:12.044710,224,188,179,241,470,100,108,324,12323,49,-3396,10248,491,-693,1443,-1182,318,-1319
2025-12-01T15:48:12.059738,303,218,214,305,509,108,104,318,12465,-45,-3475,10048,432,-662,1390,-781,127,-1284
2025-12-01T15:48:12.082208,350,216,247,314,528,108,102,325,12619,-74,-3558,9824,441,-461,1282,-632,-83,-1467
2025-12-01T15:48:12.104727,406,238,327,311,486,107,81,196,12771,-167,-3704,9569,611,-501,1334,-1153,-73,-1500
2025-12-01T15:48:12.119769,470,260,352,370,492,109,76,186,12884,-368,-3869,9345,782,-718,1510,-1598,184,-1111
2025-12-01T15:48:12.142220,483,253,373,392,372,91,53,174,12957,-637,-4027,9160,679,-878,1485,-1888,293,-723
2025-12-01T15:48:12.164712,457,282,458,349,270,88,52,155,12997,-920,-4210,8995,497,-1162,1554,-1988,149,-533
2025-12-01T15:48:12.179815,429,308,545,394,241,86,57,128,13024,-1196,-4374,8845,499,-1163,1573,-1890,189,-427
2025-12-01T15:48:12.202069,376,331,547,443,233,85,60,115,13017,-1491,-4505,8743,449,-1326,1506,-1801,318,-85
2025-12-01T15:48:12.224754,295,334,572,486,244,91,61,94,12970,-1809,-4595,8707,275,-1475,1577,-1509,338,236
2025-12-01T15:48:12.239669,269,319,596,481,324,99,63,91,12898,-2077,-4641,8729,260,-1472,1616,-1126,303,520
2025-12-01T15:48:12.261934,236,286,614,517,337,100,66,87,12818,-2333,-4666,8769,227,-1177,1583,-1140,339,678
2025-12-01T15:48:12.286643,228,299,567,544,389,101,63,86,12733,-2586,-4698,8806,78,-1273,1621,-1157,240,630
2025-12-01T15:48:12.299583,211,254,580,524,423,104,59,86,12644,-2807,-4723,8853,106,-1433,1668,-954,176,635
2025-12-01T15:48:12.322435,193,229,552,522,416,99,53,77,12570,-2968,-4707,8915,119,-1384,1623,-558,209,619
2025-12-01T15:48:12.344349,213,240,532,528,356,87,50,78,12509,-3100,-4674,8972,34,-1236,1521,-419,209,536
2025-12-01T15:48:12.359959,231,249,446,503,342,75,44,75,12454,-3214,-4634,9029,81,-1214,1581,-355,220,519
2025-12-01T15:48:12.382063,241,206,478,537,293,83,47,74,12388,-3339,-4597,9092,-1,-1276,1584,-396,193,571
2025-12-01T15:48:12.404342,228,211,444,638,279,95,57,77,12316,-3454,-4577,9158,-7,-1299,1556,-405,94,572
2025-12-01T15:48:12.419716,216,213,459,588,326,94,58,71,12247,-3552,-4557,9223,-15,-1275,1506,-329,56,541
2025-12-01T15:48:12.441787,241,221,455,645,338,100,61,73,12184,-3629,-4533,9287,9,-1231,1539,-259,34,510
2025-12-01T15:48:12.464753,269,208,500,711,362,103,61,76,12122,-3707,-4513,9347,-65,-1237,1553,-294,7,468
2025-12-01T15:48:12.479325,271,204,449,668,438,103,63,83,12062,-3784,-4513,9394,-68,-1238,1495,-357,-52,380
2025-12-01T15:48:12.502273,265,203,431,623,446,106,64,83,12009,-3858,-4525,9425,-33,-1254,1465,-388,-54,297
2025-12-01T15:48:12.524496,263,211,428,646,409,114,68,85,11961,-3937,-4543,9446,-44,-1262,1454,-443,-42,234
2025-12-01T15:48:12.539358,224,187,412,591,398,105,64,78,11914,-4020,-4573,9456,-51,-1358,1450,-484,-60,170
2025-12-01T15:48:12.562434,170,173,364,601,373,106,64,74,11873,-4093,-4598,9464,-12,-1427,1425,-395,-40,149
2025-12-01T15:48:12.584745,141,179,327,599,289,99,60,67,11831,-4149,-4620,9481,-24,-1394,1420,-330,-96,162
2025-12-01T15:48:12.599379,127,170,335,605,261,92,63,72,11790,-4187,-4655,9499,71,-1420,1438,-297,-170,157
2025-12-01T15:48:12.622682,118,175,388,676,249,81,60,71,11750,-4211,-4695,9518,108,-1478,1417,-228,-220,137
2025-12-01T15:48:12.644570,143,175,423,678,242,81,63,77,11713,-4212,-4728,9546,71,-1531,1382,-58,-286,119
2025-12-01T15:48:12.667949,217,252,455,595,231,82,69,139,11694,-4154,-4745,9586,151,-1484,1412,241,-377,68
2025-12-01T15:48:12.682446,292,287,514,600,178,84,79,235,11668,-4120,-4760,9626,266,-1551,1460,149,-264,168
2025-12-01T15:48:12.704586,427,328,538,526,115,76,77,251,11643,-4049,-4764,9683,319,-1307,1456,283,-341,226
2025-12-01T15:48:12.727976,573,325,582,421,100,81,97,369,11599,-4050,-4815,9711,399,-1396,1381,-180,-250,243
2025-12-01T15:48:12.742283,629,349,587,475,86,87,104,399,11522,-4084,-4902,9745,355,-1554,1351,-402,-363,357
2025-12-01T15:48:12.764514,728,386,563,489,85,88,114,416,11445,-4092,-4979,9793,294,-1642,1347,-220,-452,357
2025-12-01T15:48:12.788149,728,357,517,462,79,83,111,422,11374,-4049,-5044,9860,431,-1562,1389,9,-548,389
2025-12-01T15:48:12.802068,697,356,506,591,86,81,108,430,11313,-4009,-5069,9934,494,-1476,1405,122,-358,475
2025-12-01T15:48:12.824679,695,376,460,676,92,76,94,353,11242,-4038,-5079,9998,259,-1442,1438,-156,-147,530
2025-12-01T15:48:12.847112,661,358,429,667,96,66,85,321,11161,-4110,-5086,10055,74,-1546,1425,-299,-66,544
2025-12-01T15:48:12.861879,577,283,583,689,100,67,70,283,11080,-4192,-5077,10114,27,-1596,1392,-257,22,577
2025-12-01T15:48:12.884379,567,336,662,741,100,71,71,208,11012,-4258,-5051,10175,-21,-1497,1281,-113,52,532
2025-12-01T15:48:12.907276,569,393,729,770,102,70,80,226,10950,-4305,-5022,10235,-55,-1401,1286,-65,-1,479
2025-12-01T15:48:12.921952,579,448,727,716,95,68,79,209,10877,-4346,-5028,10293,-11,-1525,1297,-142,-149,464
2025-12-01T15:48:12.944761,630,492,741,745,117,76,82,210,10831,-4321,-5028,10352,485,-1385,1379,78,-133,485
2025-12-01T15:48:12.966916,621,515,672,718,113,70,88,229,10783,-4347,-5001,10403,214,-1277,1322,-50,69,482
2025-12-01T15:48:12.982205,677,503,638,672,119,69,92,264,10740,-4377,-5003,10435,164,-1388,1376,-175,-9,339
2025-12-01T15:48:13.004730,646,454,549,610,126,72,85,317,10721,-4372,-5003,10456,236,-1415,1351,-4,-37,187
2025-12-01T15:48:13.027327,662,449,520,571,126,72,86,372,10725,-4347,-4993,10467,245,-1355,1385,94,-18,52
2025-12-01T15:48:13.042121,631,422,552,538,116,72,87,379,10745,-4322,-4991,10458,280,-1359,1405,50,22,-80
2025-12-01T15:48:13.064728,610,421,551,558,113,70,77,376,10770,-4310,-4995,10436,151,-1373,1356,-11,22,-183
2025-12-01T15:48:13.087184,532,419,502,540,105,67,72,370,10800,-4296,-5013,10402,140,-1389,1344,-51,-13,-282
2025-12-01T15:48:13.101987,549,413,497,452,89,60,67,443,10836,-4277,-5029,10365,134,-1395,1357,-28,-18,-325
2025-12-01T15:48:13.124797,428,350,471,429,85,61,68,407,10874,-4264,-5035,10327,118,-1433,1372,-5,33,-318
2025-12-01T15:48:13.147216,365,317,373,317,60,49,66,450,10918,-4243,-5023,10295,156,-1481,1468,93,85,-300
2025-12-01T15:48:13.162674,350,283,266,249,52,47,67,467,10975,-4212,-4983,10267,109,-1494,1539,235,147,-328
2025-12-01T15:48:13.184287,389,244,262,219,47,43,62,460,11048,-4156,-4919,10242,95,-1469,1621,413,162,-385
2025-12-01T15:48:13.206937,354,210,233,148,44,41,65,337,11136,-4086,-4845,10210,86,-1407,1676,484,179,-479
2025-12-01T15:48:13.222268,260,213,225,175,66,38,61,336,11237,-4001,-4773,10167,55,-1444,1729,544,133,-613
2025-12-01T15:48:13.244722,260,214,216,180,71,34,59,265,11363,-3893,-4679,10112,39,-1499,1758,760,182,-765
2025-12-01T15:48:13.267359,240,184,169,166,70,33,57,213,11515,-3763,-4553,10047,4,-1471,1737,1001,266,-907
2025-12-01T15:48:13.282236,133,175,137,164,72,38,56,185,11687,-3619,-4391,9973,-82,-1348,1701,1186,369,-1014
2025-12-01T15:48:13.304956,104,166,113,165,79,47,58,137,11871,-3493,-4231,9869,-76,-1270,1646,1096,477,-1139
2025-12-01T15:48:13.326814,87,107,68,113,63,49,61,84,12048,-3395,-4090,9748,-150,-1200,1625,890,468,-1196
2025-12-01T15:48:13.342130,75,97,57,103,82,53,68,84,12203,-3328,-3996,9616,-121,-1248,1565,619,374,-1168
2025-12-01T15:48:13.364791,66,93,48,111,91,55,75,97,12333,-3266,-3922,9501,-51,-1296,1467,600,285,-1021
2025-12-01T15:48:13.387202,60,95,57,138,121,62,82,98,12452,-3163,-3837,9414,34,-1267,1386,864,196,-877
2025-12-01T15:48:13.400088,59,92,70,135,125,56,78,93,12562,-3035,-3730,9354,50,-1115,1402,1015,164,-732
2025-12-01T15:48:13.421806,61,88,71,140,127,55,78,95,12646,-2924,-3643,9310,50,-1047,1435,849,90,-577
2025-12-01T15:48:13.444980,52,95,72,199,185,58,74,107,12713,-2832,-3578,9273,143,-1030,1513,673,51,-461
2025-12-01T15:48:13.460280,52,96,71,212,202,60,66,115,12772,-2754,-3514,9240,179,-1063,1554,625,96,-400
2025-12-01T15:48:13.484280,51,95,68,276,295,61,56,117,12832,-2683,-3441,9204,175,-1083,1546,644,156,-403
2025-12-01T15:48:13.507561,63,112,59,294,387,76,60,126,12895,-2613,-3360,9166,163,-1054,1545,665,199,-416
2025-12-01T15:48:13.521998,112,141,65,329,477,106,58,166,12947,-2574,-3283,9132,135,-1065,1541,534,253,-335
2025-12-01T15:48:13.544786,253,179,96,419,657,193,111,335,12979,-2596,-3197,9111,257,-1013,1523,266,515,-99
2025-12-01T15:48:13.567137,305,296,153,498,753,205,133,438,12974,-2720,-3125,9107,222,-1015,1382,-211,717,185
2025-12-01T15:48:13.582232,315,317,195,549,801,233,140,484,12911,-2915,-3120,9138,22,-1016,1296,-742,470,497
2025-12-01T15:48:13.604777,319,357,208,584,886,261,144,552,12807,-3146,-3160,9194,73,-954,1399,-1142,349,751
2025-12-01T15:48:13.627323,309,355,210,689,1038,297,150,563,12692,-3393,-3230,9240,13,-1233,1338,-1208,251,707
2025-12-01T15:48:13.650872,222,351,205,679,1090,270,119,508,12597,-3541,-3263,9303,121,-1705,1457,-456,150,680
2025-12-01T15:48:13.664436,146,272,181,663,1112,277,107,430,12512,-3514,-3177,9456,265,-1336,1396,642,92,1047
2025-12-01T15:48:13.687222,132,255,159,683,1146,307,117,388,12402,-3487,-3104,9635,151,-911,1364,425,-65,1205
2025-12-01T15:48:13.713823,118,196,146,715,1128,315,126,289,12275,-3529,-3149,9766,165,-943,1503,-361,-294,996
2025-12-01T15:48:13.732565,123,191,151,667,1048,303,132,246,12137,-3564,-3264,9887,350,-1197,1545,-507,-529,951
2025-12-01T15:48:13.747202,105,163,146,722,1082,346,135,186,12007,-3523,-3365,10025,369,-1181,1570,-131,-738,936
2025-12-01T15:48:13.770428,102,144,135,777,1111,371,137,152,11901,-3394,-3443,10169,452,-1161,1769,279,-898,821
2025-12-01T15:48:13.784679,94,127,105,729,1059,365,134,132,11807,-3216,-3510,10314,669,-1063,1797,487,-924,796
2025-12-01T15:48:13.807409,91,113,110,767,1158,360,148,121,11705,-3019,-3566,10469,817,-1073,1868,598,-915,887
2025-12-01T15:48:13.830449,71,84,101,777,1221,367,155,128,11587,-2843,-3634,10624,830,-874,1862,382,-913,955
2025-12-01T15:48:13.844661,61,74,106,766,1146,333,167,125,11467,-2668,-3693,10778,850,-1045,1910,486,-879,962
2025-12-01T15:48:13.867268,59,69,117,802,1147,360,166,136,11350,-2483,-3715,10937,743,-1123,1900,720,-828,943
2025-12-01T15:48:13.890465,63,69,116,786,1202,378,180,146,11248,-2278,-3707,11089,637,-1064,1795,939,-813,820
2025-12-01T15:48:13.904782,62,70,118,788,1187,402,177,148,11166,-2071,-3685,11219,552,-888,1710,949,-773,650
2025-12-01T15:48:13.927891,63,76,142,830,1201,436,169,144,11104,-1871,-3664,11322,501,-791,1644,889,-723,454
2025-12-01T15:48:13.950521,62,73,136,752,1146,427,155,139,11062,-1674,-3656,11397,530,-782,1580,832,-719,271
2025-12-01T15:48:13.965217,67,77,144,690,1121,397,165,139,11041,-1493,-3641,11447,492,-700,1494,774,-605,102
2025-12-01T15:48:13.987238,60,76,148,683,1031,350,145,121,11045,-1339,-3624,11467,491,-618,1447,644,-452,-71
2025-12-01T15:48:14.010516,54,72,147,596,926,306,126,104,11070,-1215,-3619,11459,548,-537,1457,423,-321,-216
2025-12-01T15:48:14.024810,50,65,130,520,837,263,121,92,11108,-1128,-3621,11430,573,-533,1413,249,-167,-297
2025-12-01T15:48:14.047263,50,67,136,526,811,259,120,79,11165,-1054,-3615,11383,641,-424,1431,167,-28,-403
2025-12-01T15:48:14.070406,40,55,114,438,731,223,92,52,11239,-1019,-3630,11309,774,-479,1458,-69,131,-511
2025-12-01T15:48:14.084785,38,51,108,458,834,234,81,49,11315,-1027,-3641,11229,848,-538,1512,-204,345,-476
2025-12-01T15:48:14.107317,36,68,118,415,776,223,72,44,11391,-1067,-3632,11151,810,-498,1527,-275,523,-426
2025-12-01T15:48:14.130396,57,105,121,428,803,180,68,41,11479,-1150,-3626,11054,790,-476,1516,-485,690,-493
2025-12-01T15:48:14.144797,220,195,150,420,779,171,66,69,11578,-1280,-3638,10931,783,-543,1501,-733,825,-590
2025-12-01T15:48:14.167451,335,232,211,419,760,170,72,114,11690,-1448,-3646,10788,814,-555,1469,-893,1031,-656
2025-12-01T15:48:14.190540,474,255,271,427,685,151,80,180,11803,-1654,-3667,10627,820,-636,1465,-1082,1141,-685
2025-12-01T15:48:14.204704,526,320,305,469,689,153,87,195,11912,-1919,-3707,10445,739,-758,1423,-1377,1252,-712
2025-12-01T15:48:14.225291,591,373,363,403,468,124,86,207,12007,-2262,-3740,10254,779,-964,1396,-1674,1395,-676
2025-12-01T15:48:14.248876,659,434,519,454,470,114,84,241,12080,-2623,-3763,10072,559,-1170,1334,-1695,1441,-544
2025-12-01T15:48:14.264364,650,472,675,567,623,112,81,236,12131,-2954,-3805,9902,342,-1256,1182,-1633,1203,-488
2025-12-01T15:48:14.287191,592,519,729,563,577,104,73,191,12191,-3200,-3860,9729,274,-1102,1154,-1242,904,-645
2025-12-01T15:48:14.310469,584,509,823,599,563,104,80,189,12241,-3461,-3982,9527,284,-1287,1007,-1471,700,-788
2025-12-01T15:48:14.324551,559,490,840,646,576,98,75,183,12250,-3766,-4123,9337,462,-1493,1011,-1912,673,-559
2025-12-01T15:48:14.346820,438,428,800,704,660,119,83,142,12192,-4121,-4242,9208,271,-1801,966,-2029,733,-10
2025-12-01T15:48:14.370354,381,390,730,694,504,111,83,123,12094,-4449,-4317,9150,-128,-1815,765,-1725,638,403
2025-12-01T15:48:14.384709,331,326,683,793,590,117,84,126,11965,-4797,-4373,9118,-317,-1617,824,-1579,563,516
2025-12-01T15:48:14.406796,272,303,687,814,597,116,77,110,11839,-5126,-4408,9086,-325,-1773,862,-1422,605,519
2025-12-01T15:48:14.429918,182,269,648,813,622,127,78,100,11725,-5413,-4387,9078,-420,-1884,970,-1057,660,595
2025-12-01T15:48:14.453011,189,265,633,791,548,123,72,76,11626,-5634,-4306,9109,-571,-1734,1091,-640,612,673
2025-12-01T15:48:14.467238,245,276,680,810,527,125,81,89,11536,-5848,-4240,9120,-625,-1391,1025,-784,584,522
2025-12-01T15:48:14.497475,303,304,773,793,420,157,102,111,11425,-6092,-4232,9103,-766,-1594,1045,-1128,443,358
2025-12-01T15:48:14.504239,313,300,683,767,411,153,100,114,11316,-6300,-4229,9100,-770,-1825,1139,-972,304,362
2025-12-01T15:48:14.527821,330,310,723,766,369,151,107,128,11246,-6446,-4191,9102,-718,-1843,1123,-536,329,276
2025-12-01T15:48:14.550192,344,290,709,816,410,149,107,132,11187,-6571,-4124,9116,-791,-1630,1141,-410,348,296
2025-12-01T15:48:14.572950,337,273,608,744,469,148,101,137,11113,-6713,-4083,9121,-835,-1598,1199,-648,316,264
2025-12-01T15:48:14.587218,290,253,483,683,476,118,84,122,11026,-6864,-4074,9119,-828,-1618,1228,-852,229,230
2025-12-01T15:48:14.611041,275,234,504,792,471,121,86,122,10936,-7001,-4091,9115,-759,-1735,1297,-903,134,202
2025-12-01T15:48:14.632956,259,224,492,807,479,121,86,117,10857,-7127,-4120,9098,-768,-1853,1202,-837,100,79
2025-12-01T15:48:14.647297,230,228,553,742,453,114,85,114,10807,-7203,-4138,9090,-692,-1880,1191,-532,31,20
2025-12-01T15:48:14.670463,250,232,602,748,421,114,82,97,10777,-7268,-4143,9071,-617,-1792,1066,-391,123,-34
2025-12-01T15:48:14.692970,279,224,621,822,422,98,80,99,10734,-7358,-4149,9048,-660,-1834,991,-492,169,11
2025-12-01T15:48:14.707263,381,269,638,756,393,98,80,112,10684,-7453,-4144,9031,-601,-1832,1067,-537,232,124
2025-12-01T15:48:14.730618,395,264,611,740,360,87,72,101,10611,-7556,-4148,9030,-635,-1916,1025,-599,149,240
2025-12-01T15:48:14.753021,405,293,565,732,339,87,75,111,10542,-7631,-4160,9043,-500,-2040,975,-446,34,303
2025-12-01T15:48:14.767563,408,307,568,744,290,82,75,123,10493,-7672,-4138,9074,-521,-2016,911,-126,29,343
2025-12-01T15:48:14.790198,431,405,588,744,252,85,75,168,10485,-7656,-4088,9119,-289,-1763,935,230,32,351
2025-12-01T15:48:14.813027,365,393,527,654,228,97,78,163,10451,-7687,-4075,9137,-328,-1704,930,-174,78,281
2025-12-01T15:48:14.826968,359,394,564,666,283,97,78,166,10376,-7728,-4109,9174,-405,-1971,970,-401,-182,368
2025-12-01T15:48:14.850672,371,403,543,700,234,96,74,166,10325,-7740,-4142,9207,-340,-1939,905,-218,-209,264
2025-12-01T15:48:14.870746,403,415,571,740,246,101,75,180,10282,-7719,-4155,9266,-456,-1841,816,39,-340,275
2025-12-01T15:48:14.885177,389,395,615,693,251,104,79,159,10241,-7695,-4184,9319,-420,-1782,783,4,-381,215
2025-12-01T15:48:14.909296,479,440,620,766,259,94,82,191,10200,-7668,-4225,9367,-297,-1834,860,-62,-384,225
2025-12-01T15:48:14.932755,586,538,642,751,197,91,92,229,10152,-7655,-4240,9423,-351,-1853,851,-22,-294,343
2025-12-01T15:48:14.947156,666,575,691,845,179,85,92,236,10114,-7653,-4232,9469,-408,-1803,794,42,-149,322
2025-12-01T15:48:14.970410,770,608,676,902,218,109,131,306,10058,-7668,-4228,9518,-512,-1818,730,-37,-179,361
2025-12-01T15:48:14.993025,917,691,762,963,238,121,142,339,9990,-7682,-4238,9573,-460,-1757,715,-110,-247,411
2025-12-01T15:48:15.006684,904,740,927,1064,270,138,159,351,9921,-7692,-4262,9626,-378,-1754,731,-161,-282,405
2025-12-01T15:48:15.030522,896,731,936,1174,358,177,169,348,9869,-7687,-4296,9669,-376,-1762,724,-111,-312,266
2025-12-01T15:48:15.053017,904,782,992,1166,372,188,178,358,9844,-7655,-4322,9708,-358,-1803,748,76,-319,162
2025-12-01T15:48:15.075551,844,773,1002,1146,364,189,166,300,9833,-7606,-4323,9757,-401,-1735,909,177,-288,159
2025-12-01T15:48:15.090229,813,730,905,1111,360,202,193,442,9816,-7566,-4333,9801,-421,-1724,979,68,-281,145
2025-12-01T15:48:15.113028,793,677,911,1000,338,190,181,459,9809,-7525,-4349,9833,-406,-1709,1109,-8,-238,50
2025-12-01T15:48:15.127273,800,688,1033,852,257,162,174,459,9829,-7474,-4365,9844,-430,-1793,1243,23,-172,-126
2025-12-01T15:48:15.150539,775,693,1020,796,242,164,185,499,9895,-7406,-4363,9830,-421,-1794,1282,220,-36,-348
2025-12-01T15:48:15.172911,767,741,1125,766,222,152,179,545,9991,-7330,-4352,9795,-398,-1785,1320,306,66,-513
2025-12-01T15:48:15.187238,651,682,1155,778,207,126,150,468,10097,-7265,-4343,9738,-481,-1892,1280,307,132,-639
2025-12-01T15:48:15.210184,670,666,1033,785,202,129,157,489,10204,-7189,-4332,9688,-679,-1905,1156,446,11,-739
2025-12-01T15:48:15.233019,638,614,930,776,184,128,173,631,10336,-7065,-4340,9636,-564,-1836,1098,621,-160,-909
2025-12-01T15:48:15.247477,614,567,988,784,171,121,172,658,10470,-6926,-4357,9584,-531,-1952,1129,696,-246,-954
2025-12-01T15:48:15.270444,575,465,821,772,170,125,183,660,10598,-6764,-4348,9564,-499,-2012,1187,902,-309,-790
2025-12-01T15:48:15.293067,538,464,750,668,160,128,180,642,10702,-6587,-4350,9570,-508,-1992,1221,908,-510,-686
2025-12-01T15:48:15.307295,481,439,728,607,147,131,174,685,10819,-6364,-4367,9582,-290,-2072,1277,1094,-663,-724
2025-12-01T15:48:15.331179,469,423,629,595,171,142,168,580,10937,-6126,-4347,9612,-242,-1848,1334,1240,-613,-610
2025-12-01T15:48:15.352585,445,378,462,481,184,150,168,524,11066,-5885,-4331,9622,-143,-1695,1386,1191,-555,-712
2025-12-01T15:48:15.367050,474,396,428,359,181,165,193,624,11218,-5635,-4319,9600,-130,-1723,1307,1287,-525,-944
2025-12-01T15:48:15.398818,486,386,397,345,195,177,200,663,11388,-5376,-4294,9561,-46,-1550,1267,1367,-432,-1045
2025-12-01T15:48:15.412566,498,401,391,362,221,184,201,609,11540,-5173,-4262,9505,-180,-1512,1269,1123,-277,-1030
2025-12-01T15:48:15.426707,448,442,406,358,262,199,214,662,11691,-4982,-4205,9447,-338,-1481,1236,1173,-211,-1045
2025-12-01T15:48:15.450185,410,376,281,326,284,211,240,777,11873,-4756,-4128,9370,-240,-1402,1287,1394,-148,-1211
2025-12-01T15:48:15.473046,389,378,354,442,382,231,221,671,12074,-4525,-4032,9268,-185,-1360,1333,1463,-8,-1335
2025-12-01T15:48:15.495544,353,361,357,506,447,244,232,640,12256,-4334,-3915,9171,-239,-1352,1220,1414,142,-1196
2025-12-01T15:48:15.509845,349,344,357,537,495,242,236,678,12397,-4194,-3820,9086,-249,-1375,1195,1125,122,-988
2025-12-01T15:48:15.532321,315,268,359,566,556,225,217,619,12520,-4063,-3726,9015,-116,-1484,1328,1098,151,-819
2025-12-01T15:48:15.555486,291,253,339,589,704,218,179,465,12627,-3928,-3593,8980,-79,-1367,1395,1216,246,-552
2025-12-01T15:48:15.570422,189,197,239,533,775,231,174,474,12735,-3768,-3441,8956,-84,-1164,1450,1321,232,-502
2025-12-01T15:48:15.592910,181,188,221,582,802,223,176,480,12839,-3624,-3314,8914,-107,-1102,1406,1156,183,-587
2025-12-01T15:48:15.615509,129,180,205,576,856,230,182,395,12942,-3483,-3220,8856,-79,-1137,1365,1074,73,-689
2025-12-01T15:48:15.630207,142,200,140,596,875,228,180,366,13027,-3346,-3143,8812,0,-1176,1358,1038,7,-567
2025-12-01T15:48:15.653075,138,194,129,614,831,246,215,365,13088,-3235,-3072,8787,-23,-1238,1424,921,-4,-401
2025-12-01T15:48:15.675479,116,166,129,638,845,241,222,337,13144,-3121,-2999,8771,-6,-1057,1427,881,-11,-333
2025-12-01T15:48:15.690517,111,162,118,611,837,236,210,270,13193,-3025,-2934,8752,57,-1024,1458,753,27,-297
2025-12-01T15:48:15.713009,111,163,124,613,941,263,199,241,13230,-2944,-2883,8741,46,-1169,1440,725,-11,-239
2025-12-01T15:48:15.735373,103,139,162,671,1062,314,220,259,13254,-2854,-2830,8752,76,-1062,1411,754,-56,-90
2025-12-01T15:48:15.749718,93,139,174,850,1115,345,204,224,13254,-2774,-2799,8787,135,-872,1463,540,-144,99
2025-12-01T15:48:15.772797,99,131,166,855,1111,343,238,235,13243,-2705,-2804,8823,283,-776,1593,307,-221,154
2025-12-01T15:48:15.795580,97,133,175,936,1202,374,244,244,13208,-2662,-2844,8876,434,-991,1634,168,-276,316
2025-12-01T15:48:15.809988,90,119,167,935,1100,375,243,237,13157,-2595,-2884,8959,491,-977,1743,262,-377,490
2025-12-01T15:48:15.833127,80,80,129,886,977,335,243,214,13081,-2482,-2935,9085,644,-1017,1799,466,-558,734
2025-12-01T15:48:15.855556,82,72,108,805,1023,322,254,228,12989,-2316,-2978,9245,763,-1061,1835,778,-692,901
2025-12-01T15:48:15.869520,80,81,105,779,969,327,242,231,12891,-2088,-2989,9432,788,-881,1912,1086,-771,1015
2025-12-01T15:48:15.893014,76,87,119,723,929,306,237,221,12796,-1816,-2979,9618,800,-766,1884,1331,-824,962
2025-12-01T15:48:15.915557,88,99,136,754,1013,398,310,281,12705,-1509,-2966,9794,897,-599,1859,1438,-879,893
2025-12-01T15:48:15.930061,84,96,136,728,974,412,327,300,12612,-1219,-2957,9957,922,-541,1793,1347,-827,843
2025-12-01T15:48:15.953065,91,101,129,600,834,396,364,336,12516,-931,-2948,10109,863,-593,1703,1394,-855,778
2025-12-01T15:48:15.975450,86,108,134,633,903,397,363,329,12426,-641,-2932,10248,832,-436,1544,1387,-830,698
2025-12-01T15:48:15.989811,88,104,114,548,903,416,382,345,12323,-383,-2914,10389,800,-406,1518,1267,-753,769
2025-12-01T15:48:16.012801,73,92,96,528,875,318,343,305,12218,-178,-2908,10519,685,-368,1449,992,-669,759
2025-12-01T15:48:16.035419,74,92,98,546,931,341,378,313,12111,24,-2908,10643,695,-333,1452,946,-697,740
2025-12-01T15:48:16.050038,67,84,102,548,921,353,342,262,12005,214,-2903,10762,706,-258,1465,883,-633,735
2025-12-01T15:48:16.073013,70,69,102,550,898,347,345,264,11915,371,-2897,10859,695,-107,1454,661,-506,634
2025-12-01T15:48:16.095508,71,74,92,533,785,308,330,255,11845,511,-2896,10930,743,-42,1411,522,-429,480
2025-12-01T15:48:16.109778,75,77,92,506,744,334,330,250,11795,637,-2899,10976,854,103,1453,355,-330,347
2025-12-01T15:48:16.133351,72,78,87,466,682,297,253,202,11768,727,-2906,10998,895,72,1577,174,-203,202
2025-12-01T15:48:16.155181,63,79,83,477,723,295,240,209,11766,800,-2914,10993,917,104,1572,64,-117,13
2025-12-01T15:48:16.169791,57,71,68,428,674,270,213,185,11782,849,-2931,10967,969,90,1622,-92,-42,-100
2025-12-01T15:48:16.192946,54,61,83,472,722,274,189,143,11822,873,-2959,10915,1052,46,1633,-243,64,-273
2025-12-01T15:48:16.215266,49,59,81,434,672,226,158,133,11881,871,-2981,10845,1095,58,1612,-353,222,-385
2025-12-01T15:48:16.229691,48,55,81,419,668,244,158,128,11948,845,-2999,10769,1081,22,1594,-425,324,-426
2025-12-01T15:48:16.253032,47,63,96,407,599,203,133,92,12020,791,-3020,10686,1112,64,1573,-579,445,-431
2025-12-01T15:48:16.275493,47,72,109,438,597,217,110,81,12102,691,-3052,10591,1115,36,1512,-814,590,-464
2025-12-01T15:48:16.289823,47,74,99,387,624,216,109,78,12204,535,-3098,10468,1072,25,1458,-1127,732,-585
2025-12-01T15:48:16.312944,121,94,123,375,579,208,102,72,12316,322,-3175,10322,1019,-157,1416,-1426,809,-684
2025-12-01T15:48:16.335031,158,146,183,375,545,171,84,71,12435,61,-3244,10162,941,-290,1344,-1555,991,-729
2025-12-01T15:48:16.349330,206,202,189,370,575,178,79,70,12552,-245,-3284,10001,866,-462,1315,-1611,1077,-740
2025-12-01T15:48:16.372950,260,243,222,307,525,154,77,81,12665,-570,-3320,9833,817,-456,1285,-1686,1148,-729
2025-12-01T15:48:16.395537,437,384,341,277,396,141,81,133,12766,-916,-3381,9653,682,-587,1357,-1877,1084,-730
2025-12-01T15:48:16.409993,510,439,431,383,390,142,89,148,12839,-1285,-3482,9476,512,-987,1348,-2071,935,-623
2025-12-01T15:48:16.432931,602,480,523,395,389,146,95,145,12890,-1597,-3557,9331,443,-1189,1401,-1697,815,-477
2025-12-01T15:48:16.455543,604,461,539,446,299,127,92,147,12916,-1897,-3635,9207,411,-1190,1360,-1460,743,-358
2025-12-01T15:48:16.478004,627,460,579,587,248,121,93,154,12938,-2187,-3702,9086,281,-1129,1340,-1431,700,-347
2025-12-01T15:48:16.492976,550,409,577,595,231,114,84,129,12949,-2487,-3778,8961,63,-1127,1250,-1527,591,-369
2025-12-01T15:48:16.515438,511,374,568,557,208,95,72,120,12941,-2774,-3878,8843,153,-1442,1243,-1434,460,-321
2025-12-01T15:48:16.537985,427,408,655,580,205,88,64,124,12912,-3031,-3967,8762,279,-1500,1249,-1248,422,-80
2025-12-01T15:48:16.552836,466,451,680,612,209,87,72,131,12840,-3296,-4033,8742,49,-1525,1273,-1208,326,292
2025-12-01T15:48:16.575080,434,447,698,574,347,88,64,118,12742,-3566,-4082,8757,-93,-1439,1367,-1257,281,517
2025-12-01T15:48:16.598275,416,419,780,689,387,92,69,125,12647,-3841,-4180,8732,-260,-1286,1264,-1618,244,393
2025-12-01T15:48:16.613033,380,410,774,716,387,92,70,124,12541,-4112,-4293,8707,-193,-1652,1255,-1628,156,398
2025-12-01T15:48:16.632955,350,319,642,707,436,98,71,121,12421,-4390,-4332,8725,-160,-1889,1321,-1204,312,611
2025-12-01T15:48:16.656426,296,263,644,753,493,121,63,112,12304,-4619,-4281,8797,-313,-1643,1320,-765,432,868
2025-12-01T15:48:16.672196,284,263,599,798,428,125,65,110,12182,-4873,-4241,8847,-467,-1238,1299,-1113,446,786
2025-12-01T15:48:16.695515,284,236,450,763,405,122,62,81,12043,-5149,-4323,8843,-581,-1456,1289,-1631,234,600
2025-12-01T15:48:16.718026,339,230,444,772,437,128,62,82,11904,-5402,-4379,8852,-346,-1944,1423,-1362,165,549
2025-12-01T15:48:16.733156,363,224,533,795,454,125,58,85,11801,-5573,-4350,8898,-381,-1928,1356,-641,256,631
2025-12-01T15:48:16.755557,371,233,519,737,440,101,59,83,11717,-5689,-4269,8975,-500,-1686,1311,-253,234,687
2025-12-01T15:48:16.777719,360,220,585,685,461,92,57,84,11621,-5814,-4220,9042,-515,-1402,1319,-538,156,638
2025-12-01T15:48:16.792199,397,224,664,647,472,94,58,93,11501,-5964,-4242,9087,-448,-1602,1322,-885,-6,559
2025-12-01T15:48:16.815167,346,212,663,649,476,93,65,81,11394,-6103,-4269,9118,-406,-1783,1316,-812,11,474
2025-12-01T15:48:16.837757,330,273,669,682,457,104,79,88,11315,-6198,-4260,9156,-358,-1699,1321,-502,69,448
2025-12-01T15:48:16.852298,327,326,688,713,411,121,84,103,11245,-6289,-4261,9180,-369,-1531,1240,-549,57,337
2025-12-01T15:48:16.875488,328,354,654,705,401,164,95,114,11175,-6383,-4311,9177,-344,-1582,1194,-727,-44,145
2025-12-01T15:48:16.897948,312,351,585,694,397,193,105,136,11133,-6435,-4365,9166,-289,-1863,1253,-489,-116,-2
2025-12-01T15:48:16.912174,374,362,645,652,368,201,111,159,11113,-6453,-4395,9163,-121,-1814,1305,-266,-63,31
2025-12-01T15:48:16.936131,384,337,565,580,351,217,104,170,11094,-6468,-4405,9170,-161,-1639,1248,-204,-33,85
2025-12-01T15:48:16.958046,407,354,560,517,384,221,103,266,11048,-6531,-4462,9155,-129,-1685,1190,-597,-42,65
2025-12-01T15:48:16.971891,477,426,630,558,348,192,97,369,10980,-6600,-4540,9148,-307,-2055,1094,-586,-206,64
2025-12-01T15:48:16.995174,476,502,720,635,328,163,89,386,10944,-6599,-4589,9168,-190,-2066,1005,-83,-297,77
2025-12-01T15:48:17.017895,528,585,757,679,304,149,77,408,10936,-6553,-4584,9214,-138,-1803,993,298,-242,145
2025-12-01T15:48:17.032187,554,605,789,695,256,114,87,420,10910,-6548,-4585,9247,-140,-1638,958,34,-134,200
2025-12-01T15:48:17.055516,576,600,804,698,171,102,88,398,10851,-6580,-4616,9278,-34,-1740,1008,-277,-140,346
2025-12-01T15:48:17.077692,687,604,747,636,147,101,101,361,10788,-6622,-4645,9306,-86,-1874,1001,-288,-114,352
2025-12-01T15:48:17.091821,706,620,773,672,141,101,103,350,10735,-6644,-4650,9350,-258,-1932,897,-29,-158,330
2025-12-01T15:48:17.115486,755,637,711,729,161,108,119,357,10672,-6655,-4651,9414,-230,-1786,774,50,-238,436
2025-12-01T15:48:17.138032,862,660,836,853,184,116,128,395,10578,-6682,-4659,9496,-348,-1724,724,-68,-334,563
2025-12-01T15:48:17.152174,888,705,827,897,202,124,148,410,10461,-6719,-4671,9593,-333,-1821,680,-107,-376,719
2025-12-01T15:48:17.175875,930,708,887,933,215,127,147,445,10347,-6753,-4643,9706,-384,-1780,721,39,-284,842
2025-12-01T15:48:17.197710,973,772,914,889,229,139,157,463,10240,-6803,-4568,9819,-454,-1607,743,95,-64,927
2025-12-01T15:48:17.212040,919,708,988,871,241,151,163,447,10119,-6905,-4493,9909,-407,-1391,730,-209,165,994
2025-12-01T15:48:17.235426,877,738,920,798,232,146,161,502,9990,-7064,-4450,9946,-336,-1348,787,-663,396,892
2025-12-01T15:48:17.256226,858,734,1044,798,231,140,165,487,9879,-7247,-4418,9939,-268,-1503,936,-859,622,756
2025-12-01T15:48:17.271802,769,766,1075,787,232,149,178,496,9794,-7434,-4373,9905,-345,-1494,975,-837,778,594
2025-12-01T15:48:17.295568,732,702,1003,745,229,143,176,609,9741,-7593,-4351,9847,-308,-1609,1133,-841,759,344
2025-12-01T15:48:17.325396,747,706,921,688,204,126,169,611,9720,-7708,-4335,9785,-336,-1786,1320,-702,673,160
2025-12-01T15:48:17.340006,717,658,909,622,194,121,161,565,9732,-7778,-4312,9728,-349,-1930,1415,-456,593,34
2025-12-01T15:48:17.355480,728,609,735,555,181,113,145,609,9755,-7820,-4288,9682,-417,-1983,1476,-335,488,-26
2025-12-01T15:48:17.377750,649,510,654,512,168,96,119,550,9788,-7828,-4274,9648,-390,-2106,1557,-225,336,-72
2025-12-01T15:48:17.400363,655,489,676,503,147,95,121,425,9854,-7777,-4241,9637,-534,-2166,1547,189,160,-202
2025-12-01T15:48:17.415563,609,461,649,457,138,101,118,453,9948,-7671,-4190,9647,-652,-2099,1484,575,-24,-332
2025-12-01T15:48:17.437559,540,437,597,446,133,108,127,466,10052,-7540,-4141,9664,-534,-1949,1453,696,-104,-347
2025-12-01T15:48:17.460575,453,407,613,422,123,102,118,454,10149,-7415,-4092,9680,-645,-1905,1388,690,-141,-383
2025-12-01T15:48:17.475427,458,377,544,344,113,99,122,483,10257,-7280,-4048,9687,-782,-1978,1239,846,-221,-542
2025-12-01T15:48:17.497638,356,283,457,377,87,90,109,531,10392,-7088,-4005,9703,-661,-1870,1207,1134,-390,-644
2025-12-01T15:48:17.520570,311,284,436,399,78,83,95,567,10530,-6885,-3967,9716,-648,-1874,1150,1223,-447,-704
2025-12-01T15:48:17.535954,289,236,401,395,91,76,88,537,10663,-6680,-3922,9732,-612,-1818,1111,1272,-457,-654
2025-12-01T15:48:17.557984,302,223,374,366,94,82,89,551,10772,-6497,-3883,9752,-578,-1747,1093,1140,-452,-548
2025-12-01T15:48:17.580455,260,233,340,380,96,92,95,595,10878,-6306,-3852,9772,-541,-1759,1141,1148,-508,-559
2025-12-01T15:48:17.594799,259,239,359,316,110,103,102,550,11008,-6069,-3805,9794,-448,-1743,1250,1402,-556,-632
2025-12-01T15:48:17.617769,281,234,346,304,127,104,116,499,11153,-5809,-3729,9817,-411,-1584,1312,1579,-505,-652
2025-12-01T15:48:17.640564,278,242,358,389,123,104,115,527,11308,-5549,-3644,9822,-355,-1494,1437,1559,-409,-727
2025-12-01T15:48:17.654641,256,224,342,432,140,116,158,507,11453,-5319,-3558,9813,-511,-1500,1347,1485,-378,-775
2025-12-01T15:48:17.678059,241,234,379,427,143,112,166,557,11604,-5082,-3483,9788,-603,-1581,1256,1563,-458,-927
2025-12-01T15:48:17.701300,224,202,299,421,229,127,182,560,11770,-4786,-3414,9763,-470,-1595,1266,1710,-517,-924
2025-12-01T15:48:17.714736,187,195,291,425,238,136,189,551,11923,-4509,-3309,9746,-268,-1436,1333,1724,-316,-748
2025-12-01T15:48:17.738611,163,220,264,408,355,154,198,514,12055,-4295,-3182,9722,-374,-1269,1329,1571,-153,-691
2025-12-01T15:48:17.758262,145,221,246,373,400,148,171,503,12189,-4104,-3075,9672,-463,-1254,1285,1413,-163,-846
2025-12-01T15:48:17.772942,128,196,198,397,471,150,157,382,12332,-3901,-2976,9606,-364,-1087,1233,1402,-176,-935
2025-12-01T15:48:17.797744,114,191,191,425,503,128,135,351,12472,-3703,-2911,9523,-339,-1133,1190,1311,-286,-1032
2025-12-01T15:48:17.820291,107,195,205,528,730,149,129,348,12609,-3475,-2853,9445,-298,-1122,1158,1438,-413,-1032
2025-12-01T15:48:17.834747,96,139,190,533,800,177,130,340,12742,-3224,-2810,9369,-241,-977,1102,1465,-541,-1044
2025-12-01T15:48:17.857997,97,136,180,565,814,181,131,271,12856,-2981,-2806,9294,-149,-842,1155,1220,-678,-985
2025-12-01T15:48:17.880452,93,124,160,592,811,192,152,281,12948,-2760,-2846,9223,162,-797,1227,942,-696,-854
2025-12-01T15:48:17.894807,90,123,151,640,875,209,171,278,13015,-2577,-2902,9163,305,-865,1436,710,-641,-683
2025-12-01T15:48:17.917556,89,126,140,587,807,255,190,272,13068,-2413,-2931,9123,337,-939,1574,724,-497,-509
2025-12-01T15:48:17.939901,88,122,130,657,901,274,184,266,13111,-2265,-2948,9094,328,-954,1531,730,-419,-424
2025-12-01T15:48:17.954709,81,118,127,663,905,279,191,264,13144,-2090,-2947,9088,516,-733,1608,813,-378,-247
2025-12-01T15:48:17.978507,70,111,120,640,972,292,179,191,13155,-1971,-2971,9092,559,-753,1615,495,-328,-94
2025-12-01T15:48:18.000575,68,121,117,654,962,295,178,173,13141,-1881,-3007,9119,597,-951,1710,415,-335,88
2025-12-01T15:48:18.014327,57,89,109,682,1000,282,209,178,13109,-1784,-3016,9181,570,-967,1702,582,-290,299
2025-12-01T15:48:18.038058,60,89,102,590,894,267,216,179,13060,-1647,-3003,9280,666,-802,1754,772,-321,525
2025-12-01T15:48:18.060542,70,92,100,559,926,289,217,186,13002,-1529,-2995,9385,657,-744,1750,655,-304,589
2025-12-01T15:48:18.074424,74,97,100,553,869,276,231,178,12935,-1427,-3009,9488,682,-694,1753,489,-352,622
2025-12-01T15:48:18.098050,72,87,105,493,878,292,226,172,12854,-1329,-3031,9604,752,-719,1782,461,-364,730
2025-12-01T15:48:18.120063,73,86,103,445,813,301,213,191,12760,-1221,-3039,9740,778,-665,1792,551,-352,858
2025-12-01T15:48:18.134436,67,76,88,425,764,281,213,187,12663,-1107,-3049,9876,742,-660,1751,577,-406,853
2025-12-01T15:48:18.158113,57,83,92,454,776,279,216,195,12562,-977,-3055,10016,839,-597,1718,652,-397,888
2025-12-01T15:48:18.180293,50,77,103,500,802,300,206,200,12445,-867,-3049,10173,806,-580,1677,619,-318,1028
2025-12-01T15:48:18.194821,47,72,96,516,811,320,199,203,12319,-780,-3040,10334,754,-538,1662,520,-258,1099
2025-12-01T15:48:18.218108,43,75,87,494,860,336,165,160,12185,-699,-3045,10496,810,-567,1638,469,-276,1136
2025-12-01T15:48:18.240538,48,81,90,503,860,346,164,162,12049,-619,-3047,10657,845,-430,1578,419,-240,1161
2025-12-01T15:48:18.254840,56,84,106,612,958,383,176,153,11909,-566,-3063,10812,873,-471,1586,271,-195,1170
2025-12-01T15:48:18.281574,58,82,98,573,958,402,198,170,11622,-511,-3082,11117,879,-300,1679,102,-28,1200
2025-12-01T15:48:18.299811,60,89,96,559,934,370,196,159,11496,-493,-3081,11248,876,-307,1673,66,20,1088
2025-12-01T15:48:18.322352,64,96,102,578,861,355,188,156,11367,-478,-3081,11380,974,-358,1712,72,73,1118
2025-12-01T15:48:18.342423,60,97,107,594,885,350,176,150,11245,-468,-3063,11505,901,-343,1707,108,134,1058
2025-12-01T15:48:18.359550,55,85,94,556,849,353,160,130,11154,-457,-3018,11605,852,-164,1692,115,256,860
2025-12-01T15:48:18.382337,54,87,94,573,817,316,124,83,11105,-468,-2954,11669,849,-86,1694,36,471,590
2025-12-01T15:48:18.401364,51,81,98,625,801,328,124,82,11110,-517,-2895,11677,819,-181,1605,-109,672,181
2025-12-01T15:48:18.419447,47,81,100,616,778,289,118,79,11156,-580,-2836,11643,784,-199,1406,-153,782,-133
2025-12-01T15:48:18.449541,49,87,95,614,763,290,114,72,11243,-670,-2768,11571,701,-76,1379,-309,948,-415
2025-12-01T15:48:18.460625,65,180,121,499,602,198,86,60,11361,-829,-2733,11454,595,-198,1351,-674,1088,-676
2025-12-01T15:48:18.479042,138,217,215,491,569,179,72,58,11502,-1044,-2731,11295,472,-371,1247,-961,1171,-914
2025-12-01T15:48:18.502191,294,263,238,390,530,148,67,83,11645,-1272,-2757,11117,484,-492,1192,-1082,1130,-998
2025-12-01T15:48:18.521736,356,290,282,363,494,133,64,110,11792,-1504,-2787,10924,352,-590,1241,-1096,1077,-1092
2025-12-01T15:48:18.539903,420,330,323,385,409,102,67,138,11921,-1774,-2858,10723,214,-928,1258,-1278,977,-1085
2025-12-01T15:48:18.562296,486,361,447,417,375,98,70,150,12023,-2036,-2954,10535,221,-1041,1385,-1342,808,-955
2025-12-01T15:48:18.582082,525,368,426,403,331,88,67,152,12103,-2316,-3071,10350,136,-1073,1402,-1521,726,-871
2025-12-01T15:48:18.599552,471,356,449,420,272,107,65,147,12156,-2581,-3217,10181,79,-1204,1448,-1698,511,-734
2025-12-01T15:48:18.621615,446,361,468,452,356,122,63,130,12185,-2858,-3377,10018,-42,-1213,1410,-1822,453,-635
2025-12-01T15:48:18.641554,431,334,484,454,388,129,54,117,12201,-3142,-3547,9854,-73,-1049,1371,-1921,417,-595
2025-12-01T15:48:18.663981,416,306,409,510,394,132,52,123,12201,-3440,-3741,9681,-75,-1496,1402,-2050,353,-593
2025-12-01T15:48:18.681589,360,285,440,579,495,140,54,122,12169,-3716,-3882,9563,-7,-1961,1509,-1469,344,-294
2025-12-01T15:48:18.701489,364,270,489,599,572,138,58,114,12159,-3900,-3897,9496,48,-1473,1507,-813,564,-65
2025-12-01T15:48:18.724058,377,265,518,614,533,137,68,114,12152,-4124,-3934,9395,-238,-978,1281,-1246,551,-269
2025-12-01T15:48:18.742166,405,278,514,652,583,138,71,109,12114,-4378,-4077,9268,-211,-1447,1388,-1720,314,-299
2025-12-01T15:48:18.761496,409,243,533,693,574,146,79,99,12080,-4621,-4182,9146,-179,-1957,1341,-1311,353,-351
2025-12-01T15:48:18.784116,422,273,538,663,509,141,80,97,12070,-4780,-4184,9077,-229,-1838,1269,-566,455,-174
2025-12-01T15:48:18.801771,417,287,502,689,451,132,79,100,12058,-4903,-4142,9047,-336,-1538,1266,-355,428,-7
2025-12-01T15:48:18.821693,409,305,519,664,456,125,77,114,12020,-5039,-4120,9032,-437,-1520,1342,-547,296,83
2025-12-01T15:48:18.843708,373,324,621,655,381,134,83,115,11962,-5180,-4122,9028,-405,-1659,1342,-623,184,179
2025-12-01T15:48:18.862286,319,331,622,612,391,124,74,102,11903,-5302,-4114,9039,-440,-1706,1350,-491,136,224
2025-12-01T15:48:18.881523,304,346,616,627,414,120,77,113,11856,-5386,-4087,9064,-438,-1658,1331,-256,103,234
2025-12-01T15:48:18.904379,342,347,662,606,404,116,78,117,11807,-5445,-4049,9109,-357,-1599,1417,-161,63,350
2025-12-01T15:48:18.922309,364,353,610,660,440,128,80,111,11751,-5520,-4021,9149,-344,-1466,1283,-273,88,364
2025-12-01T15:48:18.941674,367,385,507,713,517,118,76,108,11689,-5610,-4015,9175,-177,-1409,1196,-427,131,385
2025-12-01T15:48:18.963138,394,437,469,778,714,158,83,138,11624,-5734,-4012,9183,-146,-1306,1084,-603,270,382
2025-12-01T15:48:18.981885,399,420,471,747,922,179,87,218,11568,-5901,-4012,9148,-48,-1250,979,-816,531,287
2025-12-01T15:48:19.001712,386,475,380,750,963,206,103,336,11499,-6137,-4027,9073,-45,-1158,821,-1198,751,234
2025-12-01T15:48:19.024094,378,460,381,748,1071,249,115,348,11401,-6448,-4072,8961,-152,-1361,705,-1699,883,193
2025-12-01T15:48:19.041861,360,425,367,688,1145,272,139,396,11289,-6792,-4118,8825,-235,-1438,577,-1878,1011,187
2025-12-01T15:48:19.064851,322,391,379,709,1271,272,140,447,11167,-7150,-4143,8685,-341,-1555,454,-1889,1118,255
2025-12-01T15:48:19.084073,322,399,350,762,1279,281,142,433,11008,-7549,-4146,8548,-662,-1842,413,-2049,1251,462
2025-12-01T15:48:19.102366,296,324,379,776,1323,320,156,363,10834,-7945,-4119,8424,-782,-2011,418,-1978,1297,624
2025-12-01T15:48:19.124485,279,337,447,772,1288,288,145,352,10676,-8280,-4064,8330,-812,-2004,477,-1604,1172,676
2025-12-01T15:48:19.144590,263,316,439,815,1213,267,124,301,10499,-8621,-3983,8247,-1002,-1872,468,-1527,1124,622
2025-12-01T15:48:19.162370,309,306,465,789,1024,256,124,214,10306,-8937,-3937,8176,-1158,-2050,475,-1587,879,538
2025-12-01T15:48:19.184305,349,347,575,856,859,233,116,185,10147,-9185,-3926,8105,-939,-2008,578,-1443,679,364
2025-12-01T15:48:19.204059,347,345,562,902,877,166,86,161,10009,-9409,-3934,8015,-843,-2073,566,-1388,663,220
2025-12-01T15:48:19.222059,331,349,579,904,888,185,101,167,9877,-9616,-3924,7938,-955,-2136,586,-1283,655,243
2025-12-01T15:48:19.244360,349,390,605,849,934,212,107,231,9768,-9800,-3909,7855,-957,-2075,545,-1134,673,143
2025-12-01T15:48:19.264050,327,383,588,893,1040,241,123,291,9667,-9977,-3908,7757,-825,-2178,517,-1154,686,107
2025-12-01T15:48:19.282265,311,332,509,813,1070,243,126,297,9557,-10134,-3891,7698,-945,-2460,584,-1065,560,287
2025-12-01T15:48:19.304736,413,391,537,765,1066,239,133,327,9484,-10259,-3810,7662,-860,-2434,521,-626,661,499
2025-12-01T15:48:19.323892,451,481,505,821,1099,263,135,344,9398,-10396,-3726,7626,-875,-2210,446,-691,681,528
2025-12-01T15:48:19.342213,453,554,506,835,1059,247,131,322,9265,-10546,-3669,7610,-911,-2201,321,-910,480,636
2025-12-01T15:48:19.364747,464,562,633,732,985,223,114,261,9131,-10680,-3634,7602,-832,-2123,190,-865,335,611
2025-12-01T15:48:19.384487,437,560,662,815,948,222,111,248,9019,-10782,-3615,7601,-848,-2093,169,-718,205,472
2025-12-01T15:48:19.407477,332,521,646,808,801,211,101,203,8951,-10839,-3611,7603,-803,-2043,96,-433,78,277
2025-12-01T15:48:19.424584,281,419,676,752,727,167,89,159,8923,-10863,-3612,7599,-729,-1972,89,-209,48,118
2025-12-01T15:48:19.444063,241,272,734,796,846,163,97,119,8915,-10882,-3618,7580,-657,-1908,71,-143,99,20
2025-12-01T15:48:19.462285,170,221,636,877,801,160,108,124,8924,-10900,-3629,7538,-631,-1825,27,-94,177,-115
2025-12-01T15:48:19.484487,152,197,575,899,871,160,116,117,8926,-10930,-3652,7480,-688,-1893,-25,-193,221,-204
2025-12-01T15:48:19.504042,145,186,606,995,980,172,117,119,8922,-10968,-3682,7415,-690,-1969,-75,-249,221,-212
2025-12-01T15:48:19.522273,114,157,543,1065,999,176,115,121,8922,-11000,-3710,7352,-644,-2019,-159,-171,204,-193
2025-12-01T15:48:19.544664,117,139,447,1060,974,169,108,128,8929,-11024,-3723,7302,-621,-2010,-72,-116,207,-120
2025-12-01T15:48:19.561669,112,131,420,1100,981,166,101,125,8909,-11050,-3716,7290,-915,-2025,-67,-134,99,-7
2025-12-01T15:48:19.580467,118,138,501,1070,961,188,110,124,8899,-11062,-3718,7284,-737,-1957,2,-103,40,18
2025-12-01T15:48:19.603250,155,140,488,1021,895,222,131,147,8884,-11086,-3737,7256,-762,-2014,-66,-199,79,-95
2025-12-01T15:48:19.624038,171,144,481,969,876,219,133,146,8882,-11094,-3753,7238,-717,-2052,-16,-113,45,-73
2025-12-01T15:48:19.642280,169,137,507,960,844,222,127,130,8882,-11101,-3760,7223,-729,-1900,-123,-18,37,-76
2025-12-01T15:48:19.664807,167,135,493,886,869,224,126,127,8872,-11108,-3792,7209,-708,-1858,-87,-138,-45,-140
2025-12-01T15:48:19.683911,169,122,426,872,789,204,109,120,8867,-11115,-3845,7175,-658,-1920,-106,-192,-26,-264
2025-12-01T15:48:19.702155,138,123,368,838,811,179,89,88,8877,-11115,-3895,7135,-644,-1987,-81,-131,7,-305
2025-12-01T15:48:19.724855,134,173,387,834,709,166,87,86,8886,-11115,-3934,7103,-684,-1934,-92,-96,10,-276
2025-12-01T15:48:19.744580,185,199,311,870,634,161,91,96,8875,-11128,-3980,7070,-710,-2025,-124,-219,-4,-242
2025-12-01T15:48:19.762184,262,230,344,817,481,139,83,93,8860,-11144,-4011,7047,-746,-2121,-137,-195,6,-143
2025-12-01T15:48:19.784647,289,256,339,811,575,166,93,106,8860,-11148,-4016,7038,-718,-2076,-94,-39,26,-47
2025-12-01T15:48:19.803999,318,266,346,850,576,135,78,114,8844,-11159,-4014,7041,-731,-1980,-106,-85,3,35
2025-12-01T15:48:19.822341,347,346,369,828,647,130,72,123,8812,-11180,-4034,7038,-677,-1979,-106,-237,-42,20
2025-12-01T15:48:19.844827,355,345,402,778,722,129,66,161,8786,-11193,-4054,7038,-671,-2038,-128,-184,-69,18
2025-12-01T15:48:19.864034,351,354,417,748,752,146,79,176,8777,-11189,-4070,7046,-616,-2012,-122,-50,-102,13
2025-12-01T15:48:19.882349,339,361,412,721,678,121,73,173,8772,-11179,-4092,7055,-621,-1946,-166,-4,-142,-38
2025-12-01T15:48:19.904661,331,373,417,643,586,122,76,173,8776,-11164,-4124,7055,-584,-2002,-156,3,-135,-112
2025-12-01T15:48:19.923876,308,296,374,689,559,118,75,166,8792,-11140,-4142,7062,-574,-1982,-109,103,-121,-75
2025-12-01T15:48:19.943083,301,284,400,670,433,112,73,143,8804,-11125,-4153,7065,-634,-1961,-116,70,-67,-77
2025-12-01T15:48:19.964547,252,272,384,688,400,85,57,132,8813,-11119,-4156,7062,-629,-2018,-114,45,-1,-31
2025-12-01T15:48:19.984528,246,247,367,642,376,72,52,129,8818,-11121,-4151,7055,-671,-2016,-131,27,48,-17
2025-12-01T15:48:20.006395,225,234,402,664,409,76,55,125,8815,-11127,-4147,7050,-696,-2000,-132,-12,40,-4
2025-12-01T15:48:20.024568,221,218,385,589,345,69,52,121,8815,-11131,-4151,7043,-675,-1974,-159,-5,17,-47
2025-12-01T15:48:20.043890,229,231,323,677,329,71,56,99,8822,-11128,-4159,7034,-653,-1955,-167,36,0,-86
2025-12-01T15:48:20.069715,234,212,311,638,375,89,62,89,8825,-11128,-4170,7024,-620,-1938,-226,32,-11,-74
2025-12-01T15:48:20.084823,222,200,312,610,477,110,68,89,8823,-11131,-4185,7012,-575,-1948,-223,-9,-17,-55
2025-12-01T15:48:20.107883,218,173,251,598,673,128,68,83,8819,-11141,-4195,6996,-536,-1907,-222,-40,27,-22
2025-12-01T15:48:20.121667,199,152,241,616,706,133,78,83,8806,-11159,-4209,6975,-451,-1857,-267,-89,33,11
2025-12-01T15:48:20.144681,122,123,226,537,775,191,112,85,8780,-11192,-4237,6938,-374,-1837,-233,-262,75,-1
2025-12-01T15:48:20.165346,92,115,205,573,780,242,121,81,8752,-11240,-4275,6873,-257,-1768,-214,-399,183,-48
2025-12-01T15:48:20.182522,81,114,200,584,797,264,124,79,8737,-11287,-4322,6784,-245,-1853,-224,-412,264,-174
2025-12-01T15:48:20.204823,71,115,189,610,783,315,152,94,8730,-11331,-4378,6684,-261,-1913,-238,-413,289,-280
2025-12-01T15:48:20.226880,66,117,183,554,784,380,156,97,8727,-11364,-4449,6584,-313,-1894,-325,-368,217,-405
2025-12-01T15:48:20.242297,61,110,167,482,732,406,141,92,8737,-11391,-4532,6467,-261,-1897,-333,-354,253,-525
2025-12-01T15:48:20.264488,57,97,144,443,756,391,137,89,8760,-11409,-4617,6342,-281,-2101,-331,-321,287,-599
2025-12-01T15:48:20.287225,54,91,134,432,721,385,140,91,8809,-11413,-4682,6217,-353,-2018,-338,-130,357,-670
2025-12-01T15:48:20.306405,49,91,128,382,689,414,143,81,8850,-11415,-4755,6100,-472,-2016,-316,-174,310,-745
2025-12-01T15:48:20.324799,41,77,121,374,650,364,144,78,8856,-11431,-4859,5977,-411,-1862,-367,-398,199,-791
2025-12-01T15:48:20.346652,36,72,120,348,669,324,140,74,8837,-11449,-4996,5858,-473,-2097,-388,-582,63,-881
2025-12-01T15:48:20.362330,34,66,113,334,640,314,138,72,8818,-11444,-5155,5756,-419,-2188,-438,-529,-124,-943
2025-12-01T15:48:20.384836,36,68,116,311,658,321,141,70,8822,-11406,-5316,5679,-371,-2142,-417,-313,-244,-980
2025-12-01T15:48:20.407308,31,40,65,167,517,217,112,60,8826,-11358,-5485,5608,-427,-1968,-460,-250,-306,-1069
2025-12-01T15:48:20.422549,29,40,59,152,509,211,103,58,8809,-11313,-5679,5533,-393,-1985,-414,-428,-392,-1140
2025-12-01T15:48:20.444800,31,50,87,133,487,186,96,54,8787,-11264,-5895,5440,-354,-2064,-437,-524,-406,-1280
2025-12-01T15:48:20.466940,30,49,87,128,452,178,94,51,8781,-11195,-6113,5352,-365,-2114,-423,-417,-428,-1374
2025-12-01T15:48:20.483384,24,46,80,113,373,135,77,42,8801,-11105,-6321,5264,-307,-2012,-381,-253,-375,-1427
2025-12-01T15:48:20.504827,29,46,80,113,411,126,66,41,8837,-11011,-6523,5153,-278,-2019,-451,-186,-243,-1526
2025-12-01T15:48:20.526986,30,44,82,111,422,115,68,37,8891,-10903,-6717,5040,-262,-2070,-440,-81,-190,-1581
2025-12-01T15:48:20.542533,29,30,54,109,391,104,66,38,8940,-10792,-6910,4929,-214,-2066,-478,-63,-209,-1584
2025-12-01T15:48:20.564823,30,29,51,103,366,91,67,45,8973,-10687,-7101,4824,-125,-2035,-515,-105,-254,-1497
2025-12-01T15:48:20.587185,32,29,53,96,365,82,64,46,8976,-10608,-7294,4706,-43,-2009,-561,-313,-245,-1414
2025-12-01T15:48:20.602184,28,30,55,84,312,81,66,46,8949,-10557,-7477,4583,33,-2068,-574,-518,-228,-1262
2025-12-01T15:48:20.624647,29,29,55,92,343,77,60,48,8919,-10509,-7647,4468,99,-2098,-574,-521,-218,-1175
2025-12-01T15:48:20.647358,29,28,45,95,367,80,60,48,8899,-10449,-7809,4366,195,-2106,-612,-392,-244,-1122
2025-12-01T15:48:20.669930,28,27,43,94,369,78,57,40,8889,-10384,-7959,4272,275,-2050,-588,-318,-222,-1055
2025-12-01T15:48:20.684509,28,28,44,99,376,77,54,40,8880,-10325,-8097,4175,319,-1983,-614,-308,-163,-1004
2025-12-01T15:48:20.707307,27,27,40,100,365,71,47,35,8875,-10270,-8228,4063,355,-1893,-584,-352,-76,-1011
2025-12-01T15:48:20.722384,25,28,38,89,320,58,41,31,8869,-10216,-8368,3924,397,-1873,-596,-451,-14,-1113
2025-12-01T15:48:20.745295,24,29,45,82,333,68,41,28,8877,-10149,-8516,3760,484,-1870,-582,-463,65,-1263
2025-12-01T15:48:20.767324,23,28,44,84,324,69,41,29,8931,-10067,-8636,3573,624,-2212,-488,-399,311,-1352
2025-12-01T15:48:20.782020,21,27,43,73,293,67,40,27,8928,-10051,-8718,3421,568,-2884,-979,-536,321,-1028
2025-12-01T15:48:20.804812,22,28,48,62,279,70,34,26,8923,-10010,-8774,3409,1144,-2847,-891,-63,-236,-305
2025-12-01T15:48:20.835352,21,27,50,56,282,71,35,25,8948,-10000,-8738,3467,657,-2519,-572,178,-36,116
2025-12-01T15:48:20.842041,22,24,47,44,201,56,31,24,8952,-10013,-8682,3560,457,-2112,-581,246,-99,371
2025-12-01T15:48:20.864799,22,26,52,50,196,52,30,24,8976,-10017,-8617,3644,635,-1755,-551,380,-27,481
2025-12-01T15:48:20.886790,22,26,52,50,174,47,28,23,8989,-9994,-8631,3642,714,-1602,-576,112,-45,-56
2025-12-01T15:48:20.906479,21,24,50,50,166,42,28,22,8957,-9983,-8699,3589,747,-1746,-615,-302,-157,-316
2025-12-01T15:48:20.925149,21,25,49,49,140,35,25,21,8912,-9973,-8781,3527,898,-1944,-750,-380,-209,-344
2025-12-01T15:48:20.947544,19,24,42,49,139,38,25,20,8884,-9958,-8840,3494,887,-1986,-828,-163,-177,-237
2025-12-01T15:48:20.962322,17,22,37,43,150,41,21,18,8870,-9942,-8869,3503,816,-1948,-814,42,-181,-55
2025-12-01T15:48:20.985057,18,23,32,59,176,51,24,19,8868,-9924,-8886,3515,758,-1852,-817,137,-107,-33
2025-12-01T15:48:21.007357,17,22,26,62,174,51,25,19,8872,-9895,-8909,3527,664,-1856,-835,189,-98,-147
2025-12-01T15:48:21.022334,23,22,22,60,172,51,25,18,8882,-9854,-8937,3546,704,-1910,-829,250,-141,-180
2025-12-01T15:48:21.044776,32,22,29,60,166,49,26,18,8966,-9792,-8884,3641,407,-1987,-1163,1068,166,18
2025-12-01T15:48:21.067350,31,22,38,54,150,43,24,18,9067,-9679,-8872,3721,708,-1804,-697,1004,-53,-161
2025-12-01T15:48:21.082107,31,18,36,43,132,35,22,18,9100,-9636,-8868,3760,720,-1696,-733,470,-45,10
2025-12-01T15:48:21.104834,31,20,36,37,134,38,23,18,9108,-9619,-8882,3751,660,-1824,-663,82,6,-143
2025-12-01T15:48:21.126818,30,19,37,39,134,39,23,18,9111,-9610,-8901,3721,748,-1951,-650,-52,44,-178
2025-12-01T15:48:21.141846,20,20,31,42,149,42,22,19,9133,-9591,-8906,3705,803,-1994,-644,90,79,-131
2025-12-01T15:48:21.164824,22,20,19,42,142,42,21,18,9177,-9556,-8897,3708,817,-1977,-604,278,96,-92
2025-12-01T15:48:21.187073,24,20,19,31,119,37,21,19,9226,-9518,-8886,3713,847,-1912,-599,328,114,-73
2025-12-01T15:48:21.209836,22,19,22,31,116,31,18,19,9275,-9484,-8872,3708,849,-1869,-548,273,150,-75
2025-12-01T15:48:21.225208,22,19,23,27,86,29,18,19,9317,-9460,-8861,3692,841,-1869,-519,181,170,-91
2025-12-01T15:48:21.247312,21,19,23,21,56,30,18,17,9354,-9443,-8849,3670,836,-1899,-512,113,183,-87
2025-12-01T15:48:21.269716,21,19,24,20,58,31,19,19,9392,-9426,-8836,3648,821,-1928,-487,111,195,-103
2025-12-01T15:48:21.284953,19,19,24,17,51,39,19,18,9425,-9412,-8821,3635,762,-1932,-484,115,169,-92
2025-12-01T15:48:21.305046,19,18,22,21,51,43,21,18,9454,-9395,-8812,3625,769,-1937,-487,116,124,-98
2025-12-01T15:48:21.327598,17,22,20,20,55,43,22,20,9476,-9386,-8800,3619,693,-1944,-490,90,126,-89
2025-12-01T15:48:21.343728,17,23,19,22,59,39,21,22,9502,-9363,-8795,3625,677,-1958,-466,166,52,-125
2025-12-01T15:48:21.367365,16,23,17,21,60,38,21,21,9533,-9329,-8792,3637,742,-1950,-475,243,29,-128
2025-12-01T15:48:21.389694,19,23,16,22,61,29,20,20,9556,-9293,-8795,3660,683,-1958,-528,281,-35,-130
2025-12-01T15:48:21.404868,21,24,16,20,53,25,19,19,9589,-9246,-8797,3691,756,-1936,-478,359,-57,-115
2025-12-01T15:48:21.427885,19,20,17,20,49,24,19,21,9615,-9205,-8798,3722,730,-1891,-485,335,-57,-82
2025-12-01T15:48:21.449890,19,18,17,18,41,27,20,20,9639,-9167,-8804,3741,803,-1850,-493,285,-41,-86
2025-12-01T15:48:21.464760,21,17,17,19,33,27,18,20,9657,-9134,-8817,3742,838,-1827,-467,180,-32,-123
2025-12-01T15:48:21.491753,18,18,18,18,44,26,17,21,9673,-9110,-8830,3732,902,-1869,-451,101,2,-115
2025-12-01T15:48:21.509439,16,19,18,18,44,24,17,22,9685,-9099,-8831,3722,895,-1887,-442,59,47,-35
2025-12-01T15:48:21.524858,18,19,17,18,42,26,15,19,9695,-9098,-8826,3712,831,-1883,-446,27,79,-26
2025-12-01T15:48:21.546834,17,20,18,17,41,21,15,20,9698,-9100,-8825,3703,841,-1907,-432,-16,43,-11
2025-12-01T15:48:21.569834,16,20,18,17,39,22,16,21,9703,-9096,-8823,3701,815,-1937,-411,18,23,-28
2025-12-01T15:48:21.585188,18,19,18,16,24,23,16,20,9712,-9088,-8820,3706,808,-1943,-403,62,7,-25
2025-12-01T15:48:21.607370,17,19,19,15,22,23,16,19,9720,-9077,-8819,3714,785,-1939,-396,79,-8,-41
2025-12-01T15:48:21.629517,16,21,19,16,21,21,17,20,9728,-9062,-8822,3723,783,-1944,-383,78,-36,-57
2025-12-01T15:48:21.644821,16,21,20,17,20,22,18,17,9733,-9046,-8830,3730,803,-1937,-393,75,-51,-73
2025-12-01T15:48:21.667672,20,20,20,17,21,21,18,16,9739,-9028,-8840,3736,822,-1929,-390,76,-63,-76
2025-12-01T15:48:21.689792,18,20,20,19,18,19,18,16,9740,-9013,-8851,3742,824,-1904,-407,61,-69,-67
2025-12-01T15:48:21.704570,18,20,21,19,17,19,18,17,9737,-9002,-8863,3747,821,-1900,-424,37,-74,-54
2025-12-01T15:48:21.735574,18,21,20,18,18,19,18,17,9736,-8990,-8875,3751,830,-1892,-421,43,-66,-51
2025-12-01T15:48:21.749816,19,20,21,17,17,19,18,20,9735,-8980,-8884,3754,855,-1885,-427,46,-54,-34
2025-12-01T15:48:21.764839,14,20,21,18,17,20,16,21,9737,-8972,-8890,3756,851,-1871,-432,46,-24,-19
2025-12-01T15:48:21.787486,14,19,22,17,20,20,18,22,9737,-8969,-8895,3753,880,-1860,-440,21,-6,-5
2025-12-01T15:48:21.809832,15,18,20,18,22,19,18,21,9736,-8971,-8893,3751,860,-1869,-426,3,13,28
2025-12-01T15:48:21.824819,15,16,20,18,20,19,18,21,9733,-8976,-8892,3749,870,-1887,-428,-16,7,36
2025-12-01T15:48:21.847364,15,16,17,18,21,18,18,20,9731,-8983,-8889,3748,857,-1897,-419,-21,16,44
2025-12-01T15:48:21.870197,17,19,21,18,22,18,20,20,9727,-8992,-8883,3750,852,-1912,-413,-25,12,64
2025-12-01T15:48:21.884843,16,20,19,18,19,19,20,18,9721,-9003,-8877,3754,827,-1926,-423,-24,6,69
2025-12-01T15:48:21.906842,15,19,19,16,20,19,18,19,9715,-9013,-8871,3761,805,-1925,-410,-24,-2,68
2025-12-01T15:48:21.930072,16,18,21,16,20,19,18,18,9708,-9023,-8865,3767,807,-1924,-424,-24,-3,65
2025-12-01T15:48:21.945330,18,20,22,16,21,19,19,19,9701,-9034,-8859,3773,796,-1916,-419,-24,0,67
2025-12-01T15:48:21.971610,18,17,18,15,23,19,16,19,9695,-9043,-8854,3778,803,-1908,-418,-24,-1,63
2025-12-01T15:48:21.989669,20,17,21,15,22,18,16,20,9689,-9053,-8849,3783,795,-1920,-423,-29,-2,59
2025-12-01T15:48:22.004500,20,18,21,17,21,20,18,19,9683,-9062,-8844,3787,810,-1920,-416,-29,0,62
2025-12-01T15:48:22.027485,21,19,20,18,21,18,17,19,9677,-9072,-8839,3790,825,-1927,-420,-35,-1,69
2025-12-01T15:48:22.050214,18,18,20,19,20,18,17,18,9671,-9082,-8834,3793,823,-1919,-423,-31,3,72
2025-12-01T15:48:22.064561,20,18,21,19,18,17,17,18,9664,-9094,-8827,3798,795,-1923,-424,-37,2,78
2025-12-01T15:48:22.087329,19,19,19,20,19,17,18,16,9656,-9107,-8821,3803,792,-1921,-426,-38,0,82
2025-12-01T15:48:22.109835,18,20,19,18,21,16,18,16,9648,-9119,-8814,3809,784,-1924,-422,-38,-1,81
2025-12-01T15:48:22.132022,18,18,19,18,23,16,19,16,9641,-9131,-8808,3813,793,-1944,-429,-44,0,76
2025-12-01T15:48:22.147454,20,19,20,18,22,17,20,15,9634,-9142,-8802,3818,779,-1941,-419,-39,-4,66
2025-12-01T15:48:22.169827,18,20,18,18,22,17,19,17,9627,-9151,-8798,3824,776,-1945,-443,-22,-8,57
2025-12-01T15:48:22.192343,18,18,18,18,22,16,19,18,9622,-9158,-8793,3830,773,-1944,-424,-22,-8,56
2025-12-01T15:48:22.207516,19,18,18,18,20,18,18,18,9616,-9166,-8790,3835,774,-1935,-425,-26,-12,52
2025-12-01T15:48:22.230136,18,19,20,19,17,18,18,18,9611,-9172,-8786,3840,774,-1939,-417,-25,-16,50
2025-12-01T15:48:22.252299,16,18,19,18,19,20,17,18,9604,-9180,-8783,3845,765,-1938,-426,-29,-17,52
2025-12-01T15:48:22.266832,15,17,21,18,18,23,17,18,9595,-9189,-8782,3849,761,-1946,-447,-36,-18,46
2025-12-01T15:48:22.289866,18,18,21,18,19,23,15,17,9587,-9197,-8781,3852,757,-1936,-456,-36,-17,40
2025-12-01T15:48:22.312172,17,19,22,20,20,22,15,19,9580,-9204,-8781,3855,767,-1938,-439,-37,-18,37
2025-12-01T15:48:22.334682,18,20,19,21,20,23,16,19,9573,-9211,-8780,3857,766,-1943,-453,-31,-14,39
2025-12-01T15:48:22.349646,19,20,18,21,20,23,16,20,9566,-9217,-8779,3861,762,-1938,-457,-21,-14,37
2025-12-01T15:48:22.372129,20,20,17,22,20,21,16,19,9561,-9223,-8778,3863,761,-1941,-456,-19,-12,34
2025-12-01T15:48:22.387285,19,21,16,22,18,22,18,20,9555,-9229,-8776,3866,757,-1942,-459,-23,-9,34
2025-12-01T15:48:22.410227,20,21,16,22,18,22,18,17,9551,-9234,-8774,3869,756,-1952,-445,-21,-8,32
2025-12-01T15:48:22.432172,19,20,17,20,18,21,18,18,9547,-9239,-8772,3873,745,-1945,-449,-15,-7,31
2025-12-01T15:48:22.447357,19,19,17,20,19,19,18,17,9543,-9244,-8770,3874,760,-1947,-456,-18,-5,27
2025-12-01T15:48:22.469521,17,20,18,18,20,18,18,14,9539,-9249,-8768,3877,748,-1951,-454,-16,-5,26
2025-12-01T15:48:22.492374,17,20,18,18,21,17,16,14,9536,-9252,-8767,3879,753,-1938,-451,-9,-4,23
2025-12-01T15:48:22.507157,18,19,17,17,21,18,18,17,9534,-9255,-8765,3880,756,-1953,-455,-8,-1,21
2025-12-01T15:48:22.529788,17,20,17,17,22,19,18,19,9531,-9259,-8763,3882,751,-1947,-456,-10,-1,22
2025-12-01T15:48:22.552514,17,21,18,18,21,19,17,19,9529,-9262,-8763,3882,762,-1935,-466,-11,0,19
2025-12-01T15:48:22.567294,19,19,17,18,21,20,18,20,9526,-9266,-8760,3884,751,-1943,-445,-15,-1,26
2025-12-01T15:48:22.589771,19,18,17,17,19,20,19,21,9523,-9270,-8759,3886,742,-1945,-453,-16,-5,22
2025-12-01T15:48:22.612386,17,17,19,17,20,18,19,20,9519,-9275,-8758,3887,747,-1952,-456,-19,-2,21
2025-12-01T15:48:22.627031,18,16,19,17,19,19,21,17,9516,-9279,-8755,3889,740,-1968,-452,-19,-2,20
2025-12-01T15:48:22.650124,20,19,18,17,18,19,22,17,9516,-9279,-8755,3889,741,-1959,-461,-2,-6,15
2025-12-01T15:48:22.671956,17,18,21,17,19,19,21,18,9516,-9279,-8755,3889,744,-1953,-452,-2,-8,12
2025-12-01T15:48:22.687377,18,19,21,20,21,19,21,17,9516,-9279,-8755,3889,739,-1952,-451,-7,-7,8
2025-12-01T15:48:22.709847,18,20,20,20,22,19,20,15,9516,-9280,-8755,3889,740,-1942,-475,-14,-5,6
2025-12-01T15:48:22.732514,18,20,19,19,21,18,19,16,9512,-9283,-8756,3889,748,-1952,-468,-17,-4,10
2025-12-01T15:48:22.754881,18,19,20,20,21,17,18,17,9512,-9283,-8756,3889,738,-1937,-463,-8,-2,12
2025-12-01T15:48:22.769691,18,21,18,20,20,18,19,16,9512,-9283,-8756,3889,746,-1941,-474,-8,1,13
2025-12-01T15:48:22.800586,15,22,17,19,18,18,19,16,9511,-9284,-8756,3889,742,-1959,-474,-9,2,7
2025-12-01T15:48:22.807392,17,22,17,19,22,19,18,17,9511,-9284,-8756,3889,745,-1938,-457,3,5,8
2025-12-01T15:48:22.829746,17,23,19,20,23,18,20,17,9511,-9284,-8756,3889,730,-1944,-458,6,3,11
2025-12-01T15:48:22.852381,17,22,18,19,24,19,21,17,9511,-9284,-8756,3890,727,-1936,-457,-4,0,10
2025-12-01T15:48:22.867433,17,20,19,19,24,18,20,17,9511,-9284,-8755,3890,733,-1949,-452,-8,1,4
2025-12-01T15:48:22.889861,18,19,20,18,24,19,21,19,9510,-9285,-8755,3890,737,-1948,-465,-8,-4,7
2025-12-01T15:48:22.912402,17,18,19,19,20,17,21,20,9510,-9285,-8755,3890,738,-1948,-472,-5,-5,4
2025-12-01T15:48:22.927357,16,17,18,18,19,18,19,21,9510,-9285,-8755,3890,738,-1939,-464,-4,-8,3
2025-12-01T15:48:22.950488,17,18,18,18,18,19,18,21,9510,-9285,-8755,3890,740,-1935,-459,-8,-7,6
2025-12-01T15:48:22.972403,18,19,18,18,20,20,19,20,9509,-9285,-8756,3890,740,-1936,-475,-8,-8,6
2025-12-01T15:48:22.987441,19,20,17,18,21,19,19,17,9509,-9286,-8756,3890,736,-1945,-464,-7,-6,4
2025-12-01T15:48:23.009843,20,20,18,15,22,20,20,16,9509,-9286,-8756,3890,742,-1949,-473,-8,-3,2
2025-12-01T15:48:23.031992,20,19,18,17,23,21,18,15,9508,-9286,-8756,3890,734,-1947,-469,-5,-1,0
2025-12-01T15:48:23.054811,18,19,18,15,23,20,19,15,9508,-9286,-8756,3890,740,-1949,-465,-4,-2,2
2025-12-01T15:48:23.069745,18,19,17,15,24,19,18,16,9508,-9287,-8756,3891,731,-1951,-468,-4,-1,1
2025-12-01T15:48:23.092461,17,17,19,18,23,19,18,17,9508,-9287,-8755,3891,732,-1944,-459,0,0,2
2025-12-01T15:48:23.114844,17,21,19,18,22,20,16,17,9508,-9287,-8755,3891,743,-1947,-461,-1,2,1
2025-12-01T15:48:23.129421,17,20,21,20,23,20,15,17,9507,-9287,-8755,3891,734,-1942,-462,1,2,3
2025-12-01T15:48:23.151868,18,21,19,20,22,19,16,17,9507,-9287,-8755,3891,734,-1943,-459,-1,4,3
2025-12-01T15:48:23.174597,17,21,20,19,22,19,15,17,9507,-9288,-8755,3891,733,-1946,-479,-4,0,1
2025-12-01T15:48:23.189939,17,21,19,19,21,19,15,17,9506,-9288,-8755,3892,734,-1950,-467,-5,1,0
2025-12-01T15:48:23.212415,18,19,18,19,21,18,14,16,9506,-9288,-8755,3892,733,-1957,-461,-4,1,0
2025-12-01T15:48:23.235465,18,19,16,18,20,17,16,16,9506,-9289,-8755,3892,737,-1941,-469,0,0,2
2025-12-01T15:48:23.249869,16,20,20,19,21,18,15,16,9506,-9289,-8755,3892,735,-1933,-461,0,-1,1
2025-12-01T15:48:23.272429,17,18,20,20,21,18,16,17,9505,-9289,-8755,3892,734,-1947,-469,-2,1,-1
2025-12-01T15:48:23.294822,18,18,21,19,21,17,17,18,9505,-9289,-8755,3892,737,-1948,-472,-5,1,-1
2025-12-01T15:48:23.309890,15,19,22,19,21,19,20,19,9505,-9290,-8755,3892,728,-1944,-458,-2,2,0
2025-12-01T15:48:23.332391,16,20,22,19,20,21,20,19,9505,-9290,-8755,3893,736,-1947,-467,-5,1,-1
2025-12-01T15:48:23.355055,17,19,19,19,20,21,22,19,9504,-9290,-8755,3893,731,-1942,-457,-1,0,1
2025-12-01T15:48:23.378122,18,20,20,18,18,21,22,18,9504,-9290,-8755,3893,731,-1941,-460,-4,2,3
2025-12-01T15:48:23.392552,17,21,20,18,18,21,21,17,9504,-9290,-8755,3893,741,-1951,-468,-9,3,3
2025-12-01T15:48:23.422820,18,21,18,17,20,21,19,16,9504,-9290,-8755,3893,731,-1961,-454,-7,2,1
2025-12-01T15:48:23.429510,19,22,19,16,19,19,18,15,9504,-9291,-8755,3894,734,-1957,-466,2,-2,-1
2025-12-01T15:48:23.452400,18,23,19,17,20,20,16,18,9504,-9291,-8754,3894,730,-1947,-457,7,-3,0
2025-12-01T15:48:23.474988,17,22,17,17,22,18,15,17,9503,-9291,-8754,3894,736,-1939,-461,1,-3,-1
2025-12-01T15:48:23.489894,18,20,19,18,22,19,16,19,9503,-9291,-8755,3894,738,-1934,-476,-9,-1,1
2025-12-01T15:48:23.512183,16,21,20,18,20,18,16,20,9503,-9291,-8755,3894,737,-1944,-464,-11,2,4
2025-12-01T15:48:23.535152,16,20,19,18,23,20,17,19,9502,-9292,-8755,3894,733,-1948,-477,-4,3,5
2025-12-01T15:48:23.549839,17,21,17,17,21,19,17,17,9502,-9292,-8755,3894,728,-1947,-479,1,4,6
2025-12-01T15:48:23.571947,15,20,17,17,18,19,18,17,9501,-9293,-8755,3894,733,-1954,-473,1,3,2
2025-12-01T15:48:23.594173,16,22,15,15,17,17,17,18,9501,-9293,-8754,3895,726,-1966,-459,5,3,-1
2025-12-01T15:48:23.609404,16,20,15,16,17,18,17,18,9501,-9293,-8754,3895,722,-1948,-469,9,2,3
2025-12-01T15:48:23.631771,16,20,16,16,15,16,16,18,9500,-9294,-8754,3896,715,-1945,-474,-1,-2,0
2025-12-01T15:48:23.654641,17,20,19,16,16,17,19,18,9500,-9294,-8754,3896,730,-1952,-462,-12,-2,-4
2025-12-01T15:48:23.669664,17,20,20,17,16,19,18,20,9500,-9294,-8754,3896,731,-1963,-466,-10,-2,-9
2025-12-01T15:48:23.692418,16,18,21,18,17,22,21,17,9500,-9294,-8754,3896,733,-1955,-466,1,-3,-11
2025-12-01T15:48:23.714918,16,21,20,18,20,22,21,19,9499,-9295,-8754,3896,735,-1959,-473,5,-6,-14
2025-12-01T15:48:23.729944,15,19,21,18,18,22,21,20,9499,-9295,-8754,3897,738,-1955,-464,-4,-10,-15
2025-12-01T15:48:23.752451,15,18,19,18,18,22,19,20,9498,-9294,-8756,3897,729,-1957,-466,-3,-13,-19
2025-12-01T15:48:23.774919,15,17,18,19,20,20,19,19,9496,-9292,-8760,3897,732,-1942,-460,-4,-16,-19
2025-12-01T15:48:23.789902,16,18,17,19,22,20,16,20,9494,-9292,-8763,3896,729,-1941,-465,-9,-15,-20
2025-12-01T15:48:23.812369,16,16,17,18,19,20,16,19,9490,-9292,-8767,3895,732,-1946,-472,-18,-16,-19
2025-12-01T15:48:23.834702,17,17,16,18,19,19,16,18,9487,-9292,-8771,3894,738,-1947,-469,-16,-16,-19
2025-12-01T15:48:23.849920,16,20,19,18,20,19,17,18,9484,-9292,-8775,3893,729,-1952,-478,-9,-19,-20
2025-12-01T15:48:23.872317,18,21,19,17,18,18,17,20,9481,-9291,-8779,3893,733,-1946,-481,-5,-18,-20
2025-12-01T15:48:23.894859,17,20,18,15,17,17,18,19,9479,-9289,-8783,3893,737,-1945,-459,-6,-18,-20
2025-12-01T15:48:23.909838,16,21,19,15,18,16,18,20,9476,-9289,-8787,3892,737,-1952,-481,-14,-18,-19
2025-12-01T15:48:23.932591,17,21,20,16,19,16,18,19,9473,-9288,-8791,3892,737,-1952,-469,-13,-18,-20
2025-12-01T15:48:23.954489,18,19,16,16,17,16,18,19,9471,-9288,-8794,3891,732,-1942,-466,-14,-18,-21
2025-12-01T15:48:23.978097,18,19,18,19,31,16,18,17,9466,-9289,-8799,3890,726,-1943,-478,-21,-20,-20
2025-12-01T15:48:23.992285,20,19,21,19,33,16,18,19,9461,-9290,-8804,3888,740,-1945,-489,-25,-23,-19
2025-12-01T15:48:24.014824,19,18,21,20,33,16,17,18,9456,-9290,-8809,3888,731,-1944,-482,-20,-24,-21
2025-12-01T15:48:24.037649,19,18,20,19,32,17,17,18,9453,-9290,-8813,3888,735,-1944,-476,-15,-22,-17
2025-12-01T15:48:24.051643,20,17,21,20,35,17,16,19,9448,-9291,-8818,3886,736,-1930,-488,-21,-19,-16
2025-12-01T15:48:24.074502,18,18,21,17,25,17,16,17,9444,-9292,-8822,3884,744,-1934,-488,-24,-16,-14
2025-12-01T15:48:24.098165,16,19,18,18,24,17,15,17,9438,-9294,-8827,3882,738,-1930,-499,-26,-17,-11
2025-12-01T15:48:24.112145,19,18,19,18,24,18,15,18,9434,-9296,-8830,3880,747,-1936,-493,-22,-14,-6
2025-12-01T15:48:24.134892,20,19,18,17,25,18,17,18,9433,-9297,-8830,3880,741,-1938,-506,-15,-11,1
2025-12-01T15:48:24.158627,20,20,18,16,21,17,17,18,9433,-9297,-8830,3880,746,-1932,-485,-9,-12,6
2025-12-01T15:48:24.172382,21,18,17,17,20,18,18,19,9433,-9297,-8830,3880,736,-1930,-492,-12,-7,11
2025-12-01T15:48:24.195029,21,19,17,17,20,19,18,18,9430,-9301,-8830,3881,742,-1946,-488,-17,-3,15
2025-12-01T15:48:24.218169,19,20,16,17,21,21,18,19,9428,-9303,-8828,3882,744,-1937,-479,-11,-1,16
2025-12-01T15:48:24.232641,20,19,18,18,20,22,14,19,9424,-9307,-8827,3882,739,-1936,-494,-16,1,17
2025-12-01T15:48:24.255359,20,21,19,18,21,22,17,20,9420,-9313,-8826,3883,733,-1926,-498,-18,0,23
2025-12-01T15:48:24.278088,17,21,18,17,21,21,15,20,9417,-9317,-8824,3885,742,-1940,-498,-12,0,30
2025-12-01T15:48:24.291945,18,23,19,18,21,20,18,21,9414,-9322,-8821,3886,750,-1931,-496,-10,5,38
2025-12-01T15:48:24.314495,18,23,20,18,20,17,19,20,9410,-9329,-8816,3889,738,-1953,-509,-10,9,44
2025-12-01T15:48:24.338510,16,23,21,17,22,17,20,20,9411,-9333,-8810,3894,727,-1950,-508,23,15,36
2025-12-01T15:48:24.352787,15,22,19,19,20,18,20,20,9413,-9336,-8803,3899,720,-1944,-495,26,22,37
2025-12-01T15:48:24.374765,17,21,21,20,21,18,20,20,9413,-9340,-8797,3902,719,-1958,-494,8,19,29
2025-12-01T15:48:24.397985,17,20,20,18,20,19,19,19,9414,-9342,-8791,3905,711,-1957,-478,8,17,18
2025-12-01T15:48:24.409451,19,20,21,18,20,18,18,19,9414,-9343,-8791,3905,711,-1952,-473,5,12,15
2025-12-01T15:48:24.432320,18,19,20,18,19,16,19,20,9414,-9343,-8790,3906,712,-1952,-477,-4,3,12
2025-12-01T15:48:24.457686,19,22,21,17,19,17,19,21,9414,-9343,-8790,3906,709,-1934,-482,-13,-2,8
2025-12-01T15:48:24.472404,17,22,19,16,17,17,17,22,9414,-9343,-8790,3906,720,-1946,-496,-15,-8,4
2025-12-01T15:48:24.494795,18,22,20,17,17,17,17,22,9413,-9344,-8790,3906,718,-1942,-499,-6,-13,5
2025-12-01T15:48:24.518031,17,21,19,17,19,18,16,21,9413,-9344,-8790,3907,720,-1949,-503,7,-10,8
2025-12-01T15:48:24.532283,19,21,19,20,20,18,15,21,9412,-9344,-8790,3907,720,-1952,-501,15,-7,7
2025-12-01T15:48:24.555282,20,16,19,21,19,18,17,18,9412,-9345,-8790,3907,722,-1949,-495,14,0,6
2025-12-01T15:48:24.577746,21,19,19,21,21,18,19,18,9412,-9345,-8790,3907,717,-1962,-489,10,5,5
2025-12-01T15:48:24.592258,20,19,19,21,20,18,19,17,9412,-9345,-8790,3908,715,-1947,-471,9,5,2
2025-12-01T15:48:24.614743,19,20,18,21,20,20,20,17,9411,-9345,-8790,3908,716,-1947,-499,6,3,-3
2025-12-01T15:48:24.637953,19,19,17,19,20,19,20,18,9411,-9346,-8790,3908,718,-1952,-489,5,-3,-8
2025-12-01T15:48:24.652265,19,20,16,19,22,20,19,18,9411,-9346,-8790,3908,725,-1944,-483,4,-4,-8
2025-12-01T15:48:24.674900,20,19,17,20,22,20,18,19,9411,-9346,-8789,3908,730,-1954,-483,6,-3,-9
2025-12-01T15:48:24.698063,20,22,16,19,24,20,18,18,9411,-9346,-8789,3908,726,-1956,-500,9,-3,-4
2025-12-01T15:48:24.720512,22,20,17,18,22,19,17,20,9410,-9346,-8790,3908,722,-1943,-506,12,3,-2
2025-12-01T15:48:24.734841,22,20,18,19,22,20,16,18,9410,-9347,-8790,3909,720,-1936,-489,10,6,-3
2025-12-01T15:48:24.758036,21,19,17,19,23,21,15,18,9410,-9347,-8790,3909,727,-1947,-494,5,10,-4
2025-12-01T15:48:24.772572,20,19,18,17,21,20,14,18,9409,-9347,-8789,3909,705,-1951,-496,12,11,-2
2025-12-01T15:48:24.794933,20,15,18,17,21,20,15,17,9412,-9346,-8787,3910,722,-1954,-481,17,10,-4
2025-12-01T15:48:24.818104,20,17,18,16,22,20,16,21,9413,-9345,-8787,3911,723,-1945,-496,16,6,-4
2025-12-01T15:48:24.832272,19,18,20,15,22,20,16,21,9415,-9344,-8785,3912,720,-1951,-486,19,5,-8
2025-12-01T15:48:24.854841,21,19,21,16,19,19,16,21,9417,-9342,-8784,3914,720,-1954,-489,21,4,-8
2025-12-01T15:48:24.877640,21,19,20,16,20,19,18,22,9419,-9340,-8783,3916,714,-1949,-472,16,4,-6
2025-12-01T15:48:24.892284,19,19,20,15,20,19,18,22,9419,-9341,-8783,3917,715,-1947,-474,12,3,-6
2025-12-01T15:48:24.914783,18,21,21,17,20,19,19,18,9419,-9341,-8782,3917,715,-1950,-485,-2,0,-7
2025-12-01T15:48:24.938106,17,21,21,17,20,19,19,20,9419,-9341,-8782,3917,719,-1940,-472,4,-1,-5
2025-12-01T15:48:24.960563,17,22,19,16,22,20,20,20,9419,-9341,-8782,3917,713,-1946,-484,3,-2,1
2025-12-01T15:48:24.974824,18,21,20,18,21,20,20,19,9418,-9341,-8782,3918,719,-1960,-490,-3,-2,-4
2025-12-01T15:48:24.997935,19,25,22,19,36,21,19,19,9418,-9342,-8782,3918,719,-1960,-491,1,-3,-9
2025-12-01T15:48:25.020591,19,23,20,19,38,21,17,21,9418,-9342,-8782,3918,725,-1957,-475,7,-8,-10
2025-12-01T15:48:25.034634,22,23,20,19,40,20,16,19,9418,-9342,-8782,3918,722,-1953,-489,15,-12,-14
2025-12-01T15:48:25.057394,21,22,22,20,40,20,16,18,9418,-9342,-8782,3918,719,-1933,-473,10,-14,-9
2025-12-01T15:48:25.080565,22,23,20,19,41,19,14,17,9418,-9342,-8782,3918,722,-1928,-477,-2,-7,-3
2025-12-01T15:48:25.094836,21,19,20,16,27,17,14,16,9418,-9342,-8782,3919,717,-1934,-481,-10,-1,1
2025-12-01T15:48:25.117408,22,19,20,16,26,18,16,17,9417,-9342,-8782,3919,725,-1938,-489,-6,4,7
2025-12-01T15:48:25.140839,19,18,21,15,23,20,17,17,9417,-9343,-8782,3919,718,-1943,-491,3,6,9
2025-12-01T15:48:25.154955,19,19,20,14,22,20,18,18,9417,-9343,-8782,3919,721,-1947,-501,10,7,10
2025-12-01T15:48:25.177013,18,20,21,15,20,20,19,18,9417,-9343,-8779,3921,721,-1948,-490,17,5,10
2025-12-01T15:48:25.200389,17,21,22,15,21,19,20,18,9419,-9343,-8776,3925,716,-1949,-485,23,10,12
2025-12-01T15:48:25.214909,18,23,23,17,19,19,18,17,9419,-9344,-8775,3925,710,-1952,-477,15,9,15
2025-12-01T15:48:25.237555,18,24,23,16,23,20,17,17,9419,-9344,-8775,3925,711,-1956,-480,5,8,15
2025-12-01T15:48:25.260551,19,21,23,17,22,19,15,16,9419,-9344,-8775,3926,706,-1961,-492,1,7,9
2025-12-01T15:48:25.274903,19,20,22,16,22,20,17,16,9419,-9344,-8775,3926,701,-1959,-468,6,2,7
2025-12-01T15:48:25.296900,21,20,21,18,21,19,17,17,9418,-9345,-8774,3927,708,-1946,-475,6,1,4
2025-12-01T15:48:25.320512,19,17,20,16,20,19,17,17,9418,-9345,-8774,3927,718,-1944,-481,-3,-1,2
2025-12-01T15:48:25.334893,19,15,20,17,17,16,18,18,9418,-9345,-8774,3927,726,-1956,-478,-9,0,5
2025-12-01T15:48:25.358009,17,17,20,20,19,17,18,18,9418,-9345,-8774,3927,718,-1946,-483,-5,-2,8
2025-12-01T15:48:25.381144,18,18,20,20,20,20,17,19,9418,-9345,-8774,3927,719,-1949,-482,-2,-3,11
2025-12-01T15:48:25.395586,16,18,21,22,20,21,17,18,9418,-9345,-8774,3927,717,-1946,-475,-2,0,10
2025-12-01T15:48:25.416731,16,19,21,21,21,21,16,18,9418,-9345,-8774,3928,716,-1955,-476,-3,1,11
2025-12-01T15:48:25.439809,17,19,19,22,21,21,18,17,9417,-9346,-8774,3928,709,-1947,-493,-4,-1,12
2025-12-01T15:48:25.454158,17,18,19,19,21,21,20,18,9417,-9346,-8774,3928,710,-1957,-477,-3,0,13
2025-12-01T15:48:25.476676,18,18,21,19,20,19,19,18,9417,-9346,-8773,3929,706,-1951,-477,-3,1,11
2025-12-01T15:48:25.499895,18,19,20,17,20,20,19,18,9417,-9347,-8773,3929,707,-1956,-484,-1,1,12
2025-12-01T15:48:25.514082,19,19,19,17,21,20,20,18,9417,-9347,-8773,3930,704,-1958,-479,-1,1,11
2025-12-01T15:48:25.536943,18,20,19,16,22,21,19,18,9416,-9347,-8773,3930,705,-1961,-487,0,0,8
2025-12-01T15:48:25.560562,20,20,21,17,21,22,18,18,9416,-9347,-8772,3931,702,-1957,-470,0,-3,5
2025-12-01T15:48:25.574433,18,19,19,16,21,22,20,18,9416,-9348,-8772,3931,702,-1954,-488,-2,-4,5
2025-12-01T15:48:25.597609,18,17,20,18,22,21,20,21,9416,-9348,-8772,3931,707,-1954,-480,-5,-2,3
2025-12-01T15:48:25.621078,17,19,19,19,21,20,21,20,9415,-9348,-8772,3932,705,-1957,-487,-5,-5,3
2025-12-01T15:48:25.634750,17,18,18,19,20,19,21,20,9415,-9349,-8771,3932,711,-1968,-482,-8,-8,-8
2025-12-01T15:48:25.656872,15,18,18,20,22,19,22,21,9414,-9348,-8772,3934,707,-1993,-486,1,-10,-19
2025-12-01T15:48:25.680612,19,19,19,20,21,18,21,20,9414,-9344,-8775,3937,701,-1997,-493,20,-18,-33
2025-12-01T15:48:25.694880,19,18,18,18,23,19,20,17,9417,-9336,-8780,3939,707,-1971,-475,26,-22,-52
2025-12-01T15:48:25.717212,19,18,19,19,23,20,19,19,9419,-9329,-8786,3936,724,-1969,-476,12,-17,-63
2025-12-01T15:48:25.740611,19,19,21,18,23,19,22,22,9424,-9320,-8793,3930,740,-1956,-489,21,0,-74
2025-12-01T15:48:25.754962,20,19,20,17,22,21,19,21,9430,-9312,-8799,3922,734,-1919,-510,34,23,-70
2025-12-01T15:48:25.777412,17,18,19,17,23,19,18,21,9435,-9307,-8801,3916,727,-1910,-515,34,29,-51
2025-12-01T15:48:25.800317,17,20,20,17,20,20,17,21,9441,-9304,-8799,3912,722,-1895,-506,41,42,-25
2025-12-01T15:48:25.814906,18,19,20,17,21,19,18,19,9451,-9301,-8792,3911,732,-1920,-505,65,60,-3
2025-12-01T15:48:25.837448,17,20,17,17,20,20,17,17,9463,-9301,-8780,3912,719,-1924,-481,68,75,17
