timestamp,EMG_0,EMG_1,EMG_2,EMG_3,EMG_4,EMG_5,EMG_6,EMG_7,quat_0,quat_1,quat_2,quat_3,acc_0,acc_1,acc_2,gyro_0,gyro_1,gyro_2
2025-11-27T21:57:32.264833,58,76,126,258,378,227,181,74,1948,-2833,-11002,11643,-189,-2099,86,-67,58,-28
2025-11-27T21:57:32.276075,61,80,124,241,393,228,172,73,1966,-2835,-11003,11639,-179,-2046,80,-3,76,-69
2025-11-27T21:57:32.296635,58,76,122,231,353,220,168,71,1978,-2836,-11005,11635,-253,-2077,63,-4,50,-92
2025-11-27T21:57:32.321293,50,62,95,193,304,265,176,70,1977,-2834,-11008,11633,-260,-2087,79,-22,-14,-55
2025-11-27T21:57:32.334413,48,58,100,231,289,241,149,65,1975,-2832,-11011,11631,-226,-2048,95,-31,-13,-33
2025-11-27T21:57:32.356576,41,51,90,231,239,226,124,58,1981,-2832,-11013,11628,-203,-2051,100,-25,21,-48
2025-11-27T21:57:32.380493,36,44,81,247,215,224,121,56,1985,-2833,-11015,11625,-227,-2088,76,-23,19,-45
2025-11-27T21:57:32.394834,40,51,105,270,254,236,128,56,1981,-2836,-11018,11622,-218,-2107,79,-29,-6,-2
2025-11-27T21:57:32.419405,39,53,109,286,239,162,100,49,1972,-2836,-11012,11629,-209,-2112,89,34,-33,29
2025-11-27T21:57:32.442784,44,59,105,259,217,135,96,51,1967,-2832,-10999,11644,-180,-2086,100,96,-42,24
2025-11-27T21:57:32.457001,51,63,111,277,243,137,90,55,1963,-2826,-10990,11655,-144,-2057,86,77,-43,28
2025-11-27T21:57:32.479510,57,69,119,293,250,133,92,61,1962,-2821,-10982,11663,-146,-2066,100,57,-26,13
2025-11-27T21:57:32.502692,55,61,97,264,211,105,84,60,1962,-2817,-10974,11671,-156,-2085,83,70,-18,12
2025-11-27T21:57:32.517767,60,61,99,287,253,112,92,66,1963,-2814,-10968,11677,-151,-2069,50,70,-16,7
2025-11-27T21:57:32.540106,57,62,105,304,308,136,96,67,1968,-2811,-10963,11682,-126,-2055,91,47,9,4
2025-11-27T21:57:32.562718,51,56,104,291,301,130,99,64,1977,-2806,-10962,11682,-127,-2073,68,30,14,-31
2025-11-27T21:57:32.576998,47,49,96,245,289,133,106,60,1980,-2803,-10967,11679,-159,-2094,53,-2,-4,-24
2025-11-27T21:57:32.599365,53,55,103,264,303,159,155,71,1980,-2803,-10968,11678,-176,-2101,29,5,-16,12
2025-11-27T21:57:32.622703,49,53,95,215,267,157,163,69,1976,-2804,-10960,11685,-155,-2073,90,59,-12,41
2025-11-27T21:57:32.637004,46,44,87,188,206,132,154,85,1976,-2804,-10951,11694,-160,-2049,83,76,-3,20
2025-11-27T21:57:32.659403,50,46,83,198,187,148,171,96,1974,-2803,-10946,11699,-174,-2053,82,50,-12,11
2025-11-27T21:57:32.682401,53,54,94,255,221,175,193,103,1973,-2802,-10941,11704,-171,-2070,105,32,-10,11
2025-11-27T21:57:32.696969,47,48,86,231,201,160,176,99,1974,-2804,-10938,11706,-164,-2037,110,16,8,11
2025-11-27T21:57:32.719121,46,48,86,230,203,166,173,98,1982,-2804,-10936,11706,-147,-2037,95,18,33,-16
2025-11-27T21:57:32.742211,49,48,91,275,222,178,185,88,1991,-2809,-10937,11703,-154,-2081,80,7,55,-13
2025-11-27T21:57:32.756609,45,49,104,302,222,169,173,77,1998,-2819,-10934,11702,-162,-2085,82,19,66,17
2025-11-27T21:57:32.780853,37,36,88,262,168,129,141,65,2003,-2829,-10932,11701,-170,-2057,64,24,58,23
2025-11-27T21:57:32.802653,38,35,90,261,156,122,120,63,2002,-2835,-10937,11695,-180,-2069,71,-34,22,15
2025-11-27T21:57:32.817217,38,36,90,269,150,130,125,65,1997,-2839,-10944,11688,-185,-2083,77,-51,-3,14
2025-11-27T21:57:32.839429,33,35,87,226,118,121,109,53,1993,-2842,-10945,11687,-174,-2093,101,-16,-3,27
2025-11-27T21:57:32.862928,32,35,73,211,108,118,102,48,1991,-2844,-10939,11693,-189,-2083,99,44,1,22
2025-11-27T21:57:32.885166,42,41,82,200,244,168,122,56,1987,-2843,-10933,11699,-204,-2073,88,50,-23,8
2025-11-27T21:57:32.899084,42,43,79,199,251,184,154,58,1980,-2841,-10929,11705,-186,-2082,116,27,-40,25
2025-11-27T21:57:32.922321,43,42,74,186,255,171,152,60,1975,-2841,-10924,11710,-193,-2058,117,28,-20,25
2025-11-27T21:57:32.945157,41,43,80,224,267,170,149,59,1969,-2841,-10919,11715,-216,-2053,114,27,-25,10
2025-11-27T21:57:32.959181,42,44,81,208,273,170,149,61,1963,-2843,-10916,11719,-214,-2093,126,13,-15,24
2025-11-27T21:57:32.982667,33,40,77,234,188,127,135,53,1959,-2848,-10904,11729,-213,-2064,119,70,4,36
2025-11-27T21:57:33.005160,34,39,78,238,199,127,102,51,1959,-2854,-10893,11739,-198,-2053,122,72,15,33
2025-11-27T21:57:33.019475,31,39,84,285,193,119,85,44,1959,-2857,-10887,11743,-206,-2040,102,45,13,8
2025-11-27T21:57:33.042589,34,42,93,298,221,122,85,45,1960,-2861,-10887,11742,-202,-2042,79,13,16,2
2025-11-27T21:57:33.065134,33,40,92,296,226,122,86,43,1960,-2861,-10888,11742,-194,-2052,86,10,5,-9
2025-11-27T21:57:33.077185,32,42,107,306,224,118,79,40,1962,-2859,-10887,11742,-176,-2072,80,26,-4,-8
2025-11-27T21:57:33.100075,29,42,113,324,215,84,71,32,1961,-2855,-10887,11743,-195,-2061,76,28,-21,-13
2025-11-27T21:57:33.123674,33,52,133,323,228,94,70,33,1959,-2849,-10890,11743,-171,-2049,60,21,-36,-8
2025-11-27T21:57:33.140078,30,46,125,308,219,90,72,32,1956,-2839,-10894,11742,-162,-2052,79,3,-54,-18
2025-11-27T21:57:33.162476,31,47,127,312,226,123,77,34,1952,-2830,-10898,11741,-177,-2047,91,-5,-56,-17
2025-11-27T21:57:33.185197,32,47,132,308,217,125,81,36,1949,-2821,-10903,11739,-163,-2062,101,-19,-49,-16
2025-11-27T21:57:33.200135,35,49,131,311,220,130,76,41,1945,-2815,-10906,11738,-169,-2082,109,-13,-38,-6
2025-11-27T21:57:33.222672,35,41,111,282,203,126,80,43,1943,-2813,-10902,11742,-175,-2081,126,22,-17,16
2025-11-27T21:57:33.245454,37,46,129,287,163,123,78,42,1939,-2813,-10898,11747,-186,-2083,102,41,-21,22
2025-11-27T21:57:33.265907,38,50,133,284,154,89,70,46,1935,-2813,-10896,11749,-177,-2059,91,24,-16,21
2025-11-27T21:57:33.279868,39,50,118,269,161,98,76,51,1930,-2812,-10898,11749,-184,-2061,95,0,-28,18
2025-11-27T21:57:33.302401,36,48,118,262,178,108,83,50,1925,-2810,-10897,11751,-164,-2060,131,-4,-25,24
2025-11-27T21:57:33.316574,33,47,131,282,186,110,76,48,1926,-2809,-10897,11751,-146,-2049,130,-1,0,7
2025-11-27T21:57:33.340857,32,43,114,269,187,108,75,50,1926,-2809,-10897,11751,-182,-2062,107,-2,15,-2
2025-11-27T21:57:33.363926,29,38,104,253,180,124,82,46,1926,-2809,-10897,11751,-195,-2094,120,-1,13,3
2025-11-27T21:57:33.379489,28,42,128,262,168,111,82,44,1925,-2813,-10893,11754,-185,-2074,133,18,12,25
2025-11-27T21:57:33.402460,36,48,131,281,204,113,80,46,1929,-2815,-10893,11753,-177,-2038,120,-2,25,-3
2025-11-27T21:57:33.425132,37,49,119,247,213,113,82,48,1935,-2816,-10895,11750,-196,-2055,123,-20,26,-37
2025-11-27T21:57:33.439153,37,47,118,243,219,114,85,48,1943,-2814,-10896,11748,-199,-2089,136,-12,22,-45
2025-11-27T21:57:33.463430,38,52,131,255,218,110,84,48,1950,-2812,-10897,11746,-177,-2075,123,-5,22,-37
2025-11-27T21:57:33.485178,37,50,107,234,236,110,74,44,1961,-2810,-10901,11742,-169,-2073,111,-20,34,-50
2025-11-27T21:57:33.499256,28,42,98,213,193,90,64,37,1971,-2809,-10901,11740,-188,-2105,101,10,32,-50
2025-11-27T21:57:33.522444,25,43,108,233,180,108,73,40,1975,-2809,-10898,11742,-185,-2092,91,42,13,-14
2025-11-27T21:57:33.544705,29,49,115,247,209,121,72,39,1975,-2809,-10897,11743,-173,-2058,89,20,-2,4
2025-11-27T21:57:33.559331,30,44,102,259,208,107,63,38,1975,-2809,-10897,11743,-177,-2050,97,-11,-2,1
2025-11-27T21:57:33.582774,29,40,100,276,183,103,63,36,1973,-2809,-10903,11738,-171,-2074,88,-24,-10,0
2025-11-27T21:57:33.604783,30,39,101,253,169,106,65,37,1970,-2809,-10905,11737,-164,-2086,93,-4,-12,17
2025-11-27T21:57:33.619538,35,40,88,254,216,99,71,38,1969,-2812,-10900,11740,-158,-2069,112,26,11,35
2025-11-27T21:57:33.642623,34,35,72,224,197,101,76,40,1970,-2823,-10896,11742,-167,-2051,102,27,46,47
2025-11-27T21:57:33.665135,34,38,78,207,192,102,78,42,1972,-2834,-10895,11739,-169,-2068,122,-16,59,39
2025-11-27T21:57:33.679563,37,38,71,176,195,106,80,43,1972,-2851,-10897,11733,-184,-2112,113,-43,66,60
2025-11-27T21:57:33.702302,36,37,67,191,196,105,81,43,1968,-2869,-10897,11730,-191,-2148,144,-41,64,85
2025-11-27T21:57:33.725052,34,37,69,166,147,87,66,38,1962,-2893,-10892,11729,-224,-2165,140,-22,77,105
2025-11-27T21:57:33.739429,33,37,67,166,126,60,57,36,1951,-2919,-10881,11735,-300,-2205,168,13,67,111
2025-11-27T21:57:33.762729,33,32,55,147,122,55,54,34,1930,-2948,-10865,11746,-364,-2245,202,25,34,141
2025-11-27T21:57:33.785265,32,34,54,145,108,50,55,35,1898,-2975,-10844,11764,-432,-2284,242,40,-14,158
2025-11-27T21:57:33.807732,34,37,53,121,137,66,62,38,1858,-2995,-10806,11800,-526,-2324,320,135,-76,154
2025-11-27T21:57:33.821986,31,32,42,105,127,66,60,38,1811,-3007,-10756,11850,-637,-2356,344,232,-149,126
2025-11-27T21:57:33.845313,30,39,47,93,128,65,56,34,1760,-3008,-10692,11915,-716,-2354,327,372,-215,89
2025-11-27T21:57:33.867306,30,45,55,101,136,64,53,33,1704,-2999,-10611,11997,-738,-2372,282,548,-295,100
2025-11-27T21:57:33.881981,31,57,67,114,145,62,46,30,1614,-2976,-10520,12095,-777,-2363,232,666,-493,196
2025-11-27T21:57:33.905150,29,59,70,108,119,49,33,26,1496,-2932,-10403,12222,-782,-2237,249,875,-704,281
2025-11-27T21:57:33.925048,34,68,80,109,128,50,28,25,1367,-2867,-10280,12356,-648,-2080,222,943,-834,335
2025-11-27T21:57:33.939741,33,64,79,106,125,50,28,24,1241,-2789,-10167,12480,-559,-1903,244,881,-872,299
2025-11-27T21:57:33.965167,38,64,85,101,123,49,29,26,1130,-2698,-10076,12584,-534,-1832,261,729,-864,176
2025-11-27T21:57:33.987644,36,53,80,83,115,49,31,27,1027,-2600,-10015,12662,-487,-1873,231,562,-853,106
2025-11-27T21:57:34.002166,40,62,91,82,111,46,31,27,933,-2496,-9962,12732,-423,-1890,231,520,-849,75
2025-11-27T21:57:34.025352,41,57,87,85,97,43,30,26,852,-2384,-9913,12796,-339,-1849,189,527,-825,22
2025-11-27T21:57:34.047742,43,63,88,82,91,45,34,25,789,-2262,-9865,12860,-209,-1812,239,519,-794,-32
2025-11-27T21:57:34.062135,48,77,95,67,84,44,36,29,752,-2141,-9815,12921,-89,-1809,273,530,-677,-85
2025-11-27T21:57:34.085173,61,102,104,72,118,62,39,31,734,-2037,-9752,12987,-40,-1827,366,581,-531,-84
2025-11-27T21:57:34.107676,66,127,188,84,131,78,46,35,731,-1964,-9685,13048,6,-1808,392,579,-326,-29
2025-11-27T21:57:34.122444,71,146,195,81,139,84,54,45,732,-1932,-9623,13098,-2,-1785,451,494,-125,77
2025-11-27T21:57:34.145877,149,165,242,85,143,85,56,73,737,-1943,-9575,13131,27,-1773,515,335,95,198
2025-11-27T21:57:34.167732,205,176,251,86,141,86,64,135,749,-2011,-9549,13140,98,-1840,498,173,401,385
2025-11-27T21:57:34.181978,237,187,271,85,117,75,67,157,743,-2137,-9528,13135,-14,-1934,502,91,594,613
2025-11-27T21:57:34.204951,250,173,227,69,101,63,67,174,713,-2276,-9502,13132,-194,-1998,475,120,550,689
2025-11-27T21:57:34.227565,250,161,235,69,115,77,63,172,690,-2370,-9468,13142,-248,-1902,433,222,352,503
2025-11-27T21:57:34.241899,216,144,197,62,108,75,60,164,674,-2405,-9452,13148,-152,-1781,487,105,131,302
2025-11-27T21:57:34.265444,173,134,191,61,108,74,50,118,655,-2425,-9488,13119,-89,-1846,556,-275,86,264
2025-11-27T21:57:34.287406,185,105,159,54,99,73,48,112,637,-2449,-9513,13097,-168,-2069,625,-205,105,263
2025-11-27T21:57:34.300363,177,111,157,53,92,65,40,113,628,-2476,-9486,13112,-286,-2149,674,143,110,239
2025-11-27T21:57:34.324759,179,104,139,43,43,43,44,115,625,-2487,-9428,13152,-315,-2013,638,375,36,169
2025-11-27T21:57:34.347338,179,98,123,46,53,50,46,114,623,-2478,-9378,13189,-261,-1878,623,334,-43,102
2025-11-27T21:57:34.361827,169,81,108,45,55,51,51,115,628,-2448,-9352,13213,-226,-1815,617,191,-101,-10
2025-11-27T21:57:34.384739,101,72,106,47,55,51,46,90,645,-2389,-9342,13230,-167,-1884,615,128,-187,-143
2025-11-27T21:57:34.407592,78,43,89,42,51,49,44,46,674,-2316,-9321,13257,-116,-1902,618,230,-216,-208
2025-11-27T21:57:34.421998,70,42,84,43,51,43,38,46,700,-2250,-9282,13294,-121,-1832,671,307,-194,-174
2025-11-27T21:57:34.445243,59,44,85,39,41,35,33,48,721,-2195,-9249,13324,-141,-1778,697,238,-161,-145
2025-11-27T21:57:34.467926,57,41,75,34,36,32,27,55,739,-2147,-9230,13345,-142,-1788,692,152,-138,-128
2025-11-27T21:57:34.481943,47,45,78,31,40,35,29,56,754,-2107,-9216,13360,-145,-1834,690,116,-111,-96
2025-11-27T21:57:34.505248,47,50,104,36,42,37,29,56,766,-2075,-9202,13374,-180,-1820,693,104,-88,-81
2025-11-27T21:57:34.527712,43,49,104,34,49,77,51,55,778,-2048,-9193,13384,-182,-1777,682,73,-70,-76
2025-11-27T21:57:34.541624,40,48,104,32,63,91,56,50,790,-2026,-9190,13388,-212,-1800,682,27,-49,-83
2025-11-27T21:57:34.565057,34,48,106,37,67,91,60,38,800,-2013,-9196,13385,-240,-1802,681,-39,-17,-68
2025-11-27T21:57:34.587755,31,43,104,37,66,90,59,43,811,-2007,-9206,13379,-204,-1811,670,-61,24,-43
2025-11-27T21:57:34.609773,29,35,70,32,85,96,66,47,827,-2005,-9211,13375,-167,-1844,675,-31,61,-24
2025-11-27T21:57:34.625220,35,38,71,32,91,73,61,51,843,-2013,-9217,13368,-196,-1894,691,-40,110,-8
2025-11-27T21:57:34.647145,38,39,77,34,85,67,70,54,857,-2021,-9218,13366,-243,-1815,709,-33,93,-21
2025-11-27T21:57:34.661582,39,39,73,39,101,108,86,58,876,-2026,-9225,13359,-278,-1833,661,-46,84,-77
2025-11-27T21:57:34.685289,42,40,77,46,104,126,106,59,897,-2018,-9233,13353,-307,-1897,674,-32,24,-142
2025-11-27T21:57:34.707355,46,45,85,61,102,127,107,63,918,-2006,-9239,13350,-308,-1872,712,-41,11,-158
2025-11-27T21:57:34.730227,41,43,83,63,98,131,108,66,950,-1992,-9231,13355,-294,-1932,705,73,32,-193
2025-11-27T21:57:34.745264,45,44,74,68,109,125,101,64,986,-1972,-9207,13371,-327,-1940,687,200,7,-234
2025-11-27T21:57:34.767651,52,44,73,66,104,91,85,59,1015,-1951,-9175,13395,-407,-1937,684,266,-40,-245
2025-11-27T21:57:34.790220,50,43,76,63,107,68,61,54,1031,-1932,-9146,13416,-403,-1901,701,223,-71,-186
2025-11-27T21:57:34.802918,49,37,69,48,99,80,66,48,1043,-1919,-9122,13433,-341,-1858,708,175,-46,-121
2025-11-27T21:57:34.825977,52,39,75,52,96,78,60,41,1053,-1920,-9113,13438,-352,-1853,724,50,19,-91
2025-11-27T21:57:34.850329,48,40,87,61,136,86,64,46,1062,-1928,-9121,13431,-363,-1847,706,-60,39,-89
2025-11-27T21:57:34.865305,42,43,101,82,170,109,74,60,1071,-1928,-9131,13424,-295,-1884,700,-56,19,-80
2025-11-27T21:57:34.887717,47,40,95,87,195,118,75,101,1081,-1926,-9133,13422,-269,-1902,712,-5,15,-63
2025-11-27T21:57:34.910658,52,56,121,125,240,130,87,108,1088,-1925,-9124,13427,-280,-1885,719,61,13,-50
2025-11-27T21:57:34.925097,50,56,128,128,251,131,87,111,1097,-1923,-9105,13440,-285,-1901,722,137,8,-51
2025-11-27T21:57:34.948144,48,54,126,123,236,128,86,111,1108,-1915,-9081,13456,-272,-1865,731,161,-12,-73
2025-11-27T21:57:34.969898,48,56,147,122,244,122,84,105,1119,-1901,-9061,13471,-250,-1861,724,156,-36,-82
2025-11-27T21:57:34.985270,44,60,148,127,253,128,90,70,1124,-1891,-9051,13479,-253,-1875,700,92,-40,-56
2025-11-27T21:57:35.008031,41,53,138,109,220,126,97,63,1121,-1888,-9039,13487,-282,-1885,711,98,-35,-10
2025-11-27T21:57:35.030221,44,56,138,142,322,156,104,59,1107,-1898,-9029,13494,-268,-1897,723,66,-6,86
2025-11-27T21:57:35.045278,44,59,155,153,318,156,104,55,1087,-1906,-9025,13497,-223,-1921,750,20,-24,135
2025-11-27T21:57:35.068048,42,54,127,146,294,149,98,52,1068,-1913,-9017,13503,-203,-1918,777,28,-14,143
2025-11-27T21:57:35.090112,40,63,139,161,279,139,92,48,1053,-1923,-9003,13512,-161,-1890,788,67,15,156
2025-11-27T21:57:35.104794,33,61,138,156,278,123,61,39,1039,-1941,-8991,13518,-110,-1869,798,29,76,200
2025-11-27T21:57:35.127693,41,71,144,213,182,80,43,34,1026,-1976,-8991,13514,-80,-1867,788,-52,162,261
2025-11-27T21:57:35.149720,44,70,128,215,186,75,40,32,1011,-2029,-8998,13503,-67,-1867,804,-126,252,333
2025-11-27T21:57:35.164536,43,70,137,216,187,72,40,33,1000,-2100,-9006,13487,-38,-1863,779,-145,355,382
2025-11-27T21:57:35.187660,46,65,124,202,173,67,41,31,1004,-2184,-9011,13471,20,-1844,799,-136,483,396
2025-11-27T21:57:35.210067,50,65,124,212,188,57,44,34,1021,-2285,-9012,13452,6,-1818,794,-134,599,386
2025-11-27T21:57:35.224411,43,55,115,169,234,69,46,30,1052,-2400,-9019,13424,-30,-1813,725,-150,704,352
2025-11-27T21:57:35.247815,40,52,109,165,235,77,57,31,1096,-2526,-9030,13391,-30,-1823,672,-155,798,328
2025-11-27T21:57:35.270279,41,54,96,172,257,80,62,35,1151,-2666,-9037,13354,-34,-1808,643,-142,896,330
2025-11-27T21:57:35.284408,41,50,95,208,358,102,63,37,1211,-2825,-9046,13310,-126,-1811,595,-153,992,323
2025-11-27T21:57:35.308026,43,53,87,217,395,130,71,44,1278,-2994,-9051,13263,-280,-1816,563,-133,1034,259
2025-11-27T21:57:35.329761,47,71,89,191,384,136,79,59,1359,-3159,-9043,13222,-391,-1809,567,-55,1040,152
2025-11-27T21:57:35.343964,49,80,101,195,399,136,72,64,1454,-3307,-9034,13182,-477,-1786,552,-24,997,4
2025-11-27T21:57:35.367332,51,79,101,199,396,137,73,67,1553,-3442,-9034,13136,-566,-1775,491,-52,934,-115
2025-11-27T21:57:35.387789,52,81,106,172,320,126,80,67,1641,-3561,-9042,13088,-666,-1896,524,-107,818,-159
2025-11-27T21:57:35.409967,48,82,101,147,277,100,77,64,1717,-3666,-9046,13047,-768,-1902,504,-63,691,-181
2025-11-27T21:57:35.432915,47,70,91,150,273,93,73,55,1785,-3750,-9047,13013,-793,-1844,469,-28,564,-226
2025-11-27T21:57:35.463463,47,64,88,139,252,95,82,55,1846,-3814,-9059,12977,-788,-1840,460,-76,453,-260
2025-11-27T21:57:35.466260,46,64,87,134,280,103,78,53,1904,-3867,-9071,12945,-819,-1881,484,-77,388,-300
2025-11-27T21:57:35.487210,44,59,79,123,268,102,69,55,1958,-3916,-9075,12919,-853,-1904,476,-16,352,-293
2025-11-27T21:57:35.510269,44,55,81,122,256,101,64,58,2006,-3963,-9074,12899,-866,-1891,497,0,319,-265
2025-11-27T21:57:35.532727,38,44,78,103,217,87,57,55,2048,-4008,-9076,12876,-822,-1878,482,-28,303,-229
2025-11-27T21:57:35.555330,42,40,71,131,221,81,51,67,2081,-4055,-9078,12855,-784,-1886,496,-44,293,-162
2025-11-27T21:57:35.577699,40,41,70,125,177,67,57,67,2098,-4106,-9083,12832,-811,-1935,486,-79,254,-93
2025-11-27T21:57:35.584386,39,40,66,123,188,65,61,76,2104,-4148,-9089,12814,-798,-1911,488,-85,181,-59
2025-11-27T21:57:35.607303,44,43,67,122,189,65,59,78,2108,-4179,-9091,12801,-751,-1913,493,-53,127,-50
2025-11-27T21:57:35.630238,46,48,70,156,189,68,59,81,2110,-4203,-9093,12792,-710,-1916,508,-46,95,-38
2025-11-27T21:57:35.652743,39,46,67,149,194,71,58,67,2111,-4222,-9088,12789,-694,-1917,497,6,72,-24
2025-11-27T21:57:35.667449,41,49,78,148,181,66,53,64,2111,-4235,-9083,12788,-690,-1886,483,26,31,-33
2025-11-27T21:57:35.690212,41,49,84,156,191,63,50,56,2107,-4240,-9080,12789,-674,-1882,485,16,-11,-40
2025-11-27T21:57:35.712197,34,41,86,164,185,60,50,49,2101,-4241,-9084,12788,-657,-1876,466,-9,-41,-42
2025-11-27T21:57:35.727320,33,43,95,151,172,54,47,44,2095,-4241,-9086,12787,-638,-1873,487,-13,-36,-41
2025-11-27T21:57:35.750611,37,48,94,135,162,51,47,48,2095,-4242,-9091,12783,-602,-1876,463,-14,-11,-41
2025-11-27T21:57:35.772295,37,43,87,145,181,57,42,49,2096,-4245,-9095,12779,-582,-1873,480,-18,8,-36
2025-11-27T21:57:35.787742,38,47,97,168,165,56,42,39,2100,-4246,-9101,12774,-565,-1888,465,-23,10,-41
2025-11-27T21:57:35.811342,40,55,118,168,168,64,45,41,2101,-4245,-9109,12768,-553,-1908,489,-42,-7,-37
2025-11-27T21:57:35.832362,46,62,129,166,234,91,51,48,2105,-4242,-9115,12764,-536,-1892,488,-24,-1,-45
2025-11-27T21:57:35.847356,43,59,130,164,229,89,45,43,2113,-4238,-9121,12760,-522,-1896,501,-26,12,-53
2025-11-27T21:57:35.870618,41,59,130,151,217,85,46,42,2121,-4235,-9128,12755,-532,-1911,497,-31,13,-59
2025-11-27T21:57:35.892303,39,58,123,133,235,90,48,49,2125,-4234,-9132,12752,-548,-1921,514,-23,7,-43
2025-11-27T21:57:35.907370,37,51,102,127,231,90,46,47,2126,-4235,-9135,12749,-551,-1916,494,-21,6,-16
2025-11-27T21:57:35.930210,27,37,75,112,161,66,40,41,2129,-4237,-9137,12746,-533,-1900,509,-24,17,-20
2025-11-27T21:57:35.952201,28,36,76,118,181,70,43,44,2134,-4242,-9143,12740,-544,-1900,506,-46,42,-28
2025-11-27T21:57:35.967465,31,36,75,114,175,73,43,49,2136,-4249,-9150,12731,-542,-1912,491,-59,44,-14
2025-11-27T21:57:35.990161,28,32,69,91,136,64,41,45,2139,-4256,-9157,12723,-537,-1918,482,-53,42,-11
2025-11-27T21:57:36.013136,27,33,63,81,125,58,41,43,2140,-4263,-9164,12716,-548,-1935,493,-59,38,-4
2025-11-27T21:57:36.027742,31,44,63,80,141,61,41,42,2141,-4267,-9166,12713,-545,-1951,503,-23,22,-5
2025-11-27T21:57:36.050156,30,46,65,70,133,56,37,39,2145,-4264,-9166,12714,-533,-1950,510,6,3,-23
2025-11-27T21:57:36.072524,29,46,66,76,147,57,41,32,2152,-4256,-9166,12715,-533,-1946,505,10,-17,-53
2025-11-27T21:57:36.087761,29,47,71,106,161,60,38,28,2155,-4247,-9168,12716,-542,-1942,494,12,-38,-52
2025-11-27T21:57:36.110359,28,46,74,112,176,66,38,34,2157,-4235,-9166,12721,-541,-1928,491,34,-55,-50
2025-11-27T21:57:36.132554,25,34,73,111,164,60,37,37,2161,-4222,-9162,12728,-546,-1918,492,54,-52,-59
2025-11-27T21:57:36.147872,25,33,69,117,152,63,43,44,2166,-4213,-9159,12732,-541,-1903,486,47,-32,-57
2025-11-27T21:57:36.169714,27,36,66,126,141,62,41,47,2172,-4207,-9156,12735,-524,-1899,477,45,-17,-48
2025-11-27T21:57:36.192594,31,35,62,108,126,60,41,54,2177,-4204,-9151,12739,-537,-1897,477,51,-5,-40
2025-11-27T21:57:36.206801,37,45,65,113,127,61,46,58,2182,-4203,-9147,12741,-530,-1897,467,44,1,-29
2025-11-27T21:57:36.230194,37,50,100,147,215,70,48,60,2186,-4202,-9146,12742,-524,-1893,468,30,8,-28
2025-11-27T21:57:36.252643,37,49,102,147,227,69,42,57,2191,-4202,-9147,12740,-513,-1889,453,16,10,-29
2025-11-27T21:57:36.266892,37,45,103,140,225,70,42,59,2194,-4201,-9151,12737,-520,-1897,467,-7,-3,-30
2025-11-27T21:57:36.290209,37,45,100,134,239,71,43,57,2194,-4199,-9154,12735,-520,-1927,474,-6,-15,-19
2025-11-27T21:57:36.313438,36,47,109,154,274,81,44,51,2193,-4199,-9154,12735,-531,-1911,504,12,-13,-8
2025-11-27T21:57:36.326995,37,42,85,123,213,75,43,47,2193,-4200,-9154,12735,-517,-1900,489,12,1,-5
2025-11-27T21:57:36.351134,40,46,102,129,220,76,46,46,2193,-4200,-9154,12735,-530,-1936,511,15,1,-10
2025-11-27T21:57:36.372698,38,47,106,129,222,74,44,40,2196,-4198,-9149,12739,-533,-1931,512,37,-2,-18
2025-11-27T21:57:36.386545,38,47,108,133,215,77,46,35,2199,-4197,-9142,12744,-525,-1905,503,44,-2,-13
2025-11-27T21:57:36.409845,34,36,95,96,164,75,47,37,2202,-4197,-9138,12746,-517,-1903,502,32,11,-13
2025-11-27T21:57:36.432680,33,35,87,98,206,80,51,38,2205,-4197,-9135,12748,-519,-1925,507,22,8,-13
2025-11-27T21:57:36.446638,33,32,73,85,175,76,52,40,2210,-4197,-9134,12748,-505,-1908,497,13,16,-16
2025-11-27T21:57:36.469348,35,31,69,86,177,78,52,42,2213,-4201,-9133,12746,-524,-1913,496,4,24,-12
2025-11-27T21:57:36.491285,33,30,71,99,185,74,50,42,2209,-4213,-9130,12745,-554,-1943,491,12,11,22
2025-11-27T21:57:36.514673,33,32,74,111,188,67,47,40,2205,-4220,-9122,12750,-544,-1936,513,37,11,42
2025-11-27T21:57:36.533698,36,39,87,153,157,81,48,41,2198,-4231,-9111,12755,-557,-1921,490,54,24,63
2025-11-27T21:57:36.552276,40,53,105,174,175,118,64,39,2186,-4248,-9106,12755,-587,-1908,484,9,23,80
2025-11-27T21:57:36.578783,47,76,154,263,247,131,77,45,2161,-4264,-9114,12748,-633,-1914,469,-90,-22,87
2025-11-27T21:57:36.593673,48,80,160,273,254,138,84,48,2123,-4272,-9127,12743,-668,-1923,474,-120,-106,104
2025-11-27T21:57:36.611768,48,79,159,274,257,139,86,46,2074,-4276,-9140,12740,-704,-1957,465,-118,-168,124
2025-11-27T21:57:36.634496,45,77,153,261,271,138,83,45,2014,-4276,-9148,12744,-752,-1950,432,-76,-232,157
2025-11-27T21:57:36.653700,40,67,139,263,311,127,77,43,1942,-4271,-9150,12755,-789,-1925,417,-34,-308,185
2025-11-27T21:57:36.672343,30,42,84,186,261,112,62,36,1855,-4253,-9153,12772,-836,-1927,406,-27,-428,200
2025-11-27T21:57:36.694464,32,38,78,186,274,114,54,31,1747,-4215,-9157,12797,-858,-1931,403,-21,-596,222
2025-11-27T21:57:36.713706,34,43,85,193,288,116,49,29,1626,-4149,-9161,12832,-856,-1895,421,2,-768,200
2025-11-27T21:57:36.731962,34,42,89,189,269,105,48,28,1501,-4057,-9165,12873,-829,-1845,447,11,-901,145
2025-11-27T21:57:36.761998,37,53,105,219,269,102,45,33,1376,-3941,-9177,12915,-792,-1871,458,0,-1001,82
2025-11-27T21:57:36.773525,40,53,103,224,285,112,50,42,1258,-3806,-9185,12962,-747,-1896,476,49,-1071,22
2025-11-27T21:57:36.791686,38,53,104,220,261,102,50,46,1146,-3651,-9184,13017,-695,-1897,509,128,-1135,-29
2025-11-27T21:57:36.814457,37,50,104,210,234,88,47,47,1037,-3482,-9181,13074,-660,-1893,506,155,-1195,-73
2025-11-27T21:57:36.833739,38,50,101,212,238,87,48,48,930,-3302,-9179,13130,-652,-1919,571,139,-1228,-121
2025-11-27T21:57:36.856237,36,37,83,160,171,61,41,46,832,-3116,-9170,13189,-626,-1965,622,187,-1221,-160
2025-11-27T21:57:36.874296,36,37,95,180,140,46,39,38,745,-2927,-9147,13253,-558,-1991,661,273,-1198,-182
2025-11-27T21:57:36.893429,37,47,96,177,146,55,38,36,671,-2729,-9119,13318,-437,-1973,669,316,-1181,-216
2025-11-27T21:57:36.916434,37,54,125,175,148,56,44,41,613,-2521,-9082,13388,-315,-1921,686,393,-1158,-270
2025-11-27T21:57:36.934435,37,54,128,166,131,54,43,42,579,-2308,-9030,13462,-181,-1872,701,494,-1096,-341
2025-11-27T21:57:36.954381,39,68,146,176,131,60,43,41,571,-2093,-8956,13546,-74,-1860,749,631,-1010,-407
2025-11-27T21:57:36.976096,40,70,149,166,127,72,54,43,578,-1888,-8871,13632,-4,-1819,756,711,-912,-432
2025-11-27T21:57:36.994493,40,73,199,152,116,68,55,43,594,-1703,-8786,13711,67,-1749,757,691,-778,-401
2025-11-27T21:57:37.013741,138,123,226,164,178,78,54,62,620,-1541,-8703,13781,176,-1649,808,621,-612,-350
2025-11-27T21:57:37.039392,154,128,230,193,372,109,61,73,651,-1407,-8645,13831,258,-1641,823,446,-446,-286
2025-11-27T21:57:37.061950,154,124,226,185,386,109,62,78,683,-1303,-8608,13863,230,-1685,849,292,-308,-233
2025-11-27T21:57:37.074070,155,123,222,159,392,100,49,78,709,-1226,-8592,13878,164,-1726,851,149,-215,-183
2025-11-27T21:57:37.096287,158,121,179,154,390,100,49,79,736,-1165,-8583,13887,154,-1739,875,83,-139,-155
2025-11-27T21:57:37.114732,87,65,115,148,376,101,52,66,764,-1123,-8582,13890,117,-1777,850,51,-57,-132
2025-11-27T21:57:37.134012,56,58,106,107,207,92,47,58,793,-1098,-8587,13888,72,-1757,848,-4,8,-117
2025-11-27T21:57:37.156580,54,52,97,107,191,96,48,52,818,-1074,-8602,13879,71,-1765,858,-80,9,-104
2025-11-27T21:57:37.173935,52,53,94,107,181,97,52,53,844,-1047,-8616,13870,79,-1797,864,-66,-8,-121
2025-11-27T21:57:37.193348,40,49,109,106,178,97,52,50,872,-1021,-8622,13867,44,-1801,885,-26,-7,-139
2025-11-27T21:57:37.211734,38,48,113,92,157,95,58,46,896,-1004,-8627,13863,-1,-1822,883,-17,7,-123
2025-11-27T21:57:37.234134,36,46,113,105,152,88,75,39,914,-991,-8626,13864,-23,-1833,866,26,8,-90
2025-11-27T21:57:37.253815,37,47,110,95,134,87,80,39,927,-977,-8616,13870,-51,-1816,875,84,-16,-81
2025-11-27T21:57:37.271995,32,44,109,89,131,85,80,37,941,-957,-8602,13879,-33,-1796,904,95,-46,-96
2025-11-27T21:57:37.293933,32,38,88,95,138,112,96,41,953,-932,-8587,13889,-3,-1800,916,99,-61,-92
2025-11-27T21:57:37.321643,35,43,83,110,180,128,100,43,966,-912,-8571,13900,-6,-1786,923,103,-39,-82
2025-11-27T21:57:37.339369,42,52,87,106,197,133,96,51,980,-896,-8546,13915,-24,-1784,979,133,-25,-80
2025-11-27T21:57:37.354634,48,58,86,103,206,147,117,64,998,-881,-8520,13931,-2,-1804,962,156,-1,-92
2025-11-27T21:57:37.373082,53,60,87,102,212,196,146,70,1025,-864,-8482,13953,-18,-1807,983,234,17,-144
2025-11-27T21:57:37.391991,54,64,95,114,224,189,149,71,1068,-852,-8451,13970,-16,-1731,971,183,75,-210
2025-11-27T21:57:37.414498,53,63,121,126,203,180,153,71,1123,-846,-8432,13977,57,-1703,947,101,161,-228
2025-11-27T21:57:37.433621,51,68,122,153,187,172,148,65,1177,-856,-8436,13969,148,-1763,947,-39,247,-148
2025-11-27T21:57:37.456167,70,111,130,190,194,160,129,50,1219,-887,-8450,13956,211,-1808,980,-123,332,1
2025-11-27T21:57:37.474860,73,118,142,225,186,104,97,43,1249,-955,-8470,13936,240,-1821,984,-195,476,172
2025-11-27T21:57:37.496965,92,151,157,280,216,103,79,51,1261,-1063,-8504,13907,197,-1871,984,-304,613,360
2025-11-27T21:57:37.516371,99,174,157,336,222,95,59,51,1263,-1204,-8549,13867,98,-1850,962,-410,717,459
2025-11-27T21:57:37.534175,100,178,158,334,213,91,59,54,1262,-1363,-8600,13821,18,-1823,914,-464,780,492
2025-11-27T21:57:37.556468,88,158,153,323,202,88,59,55,1261,-1531,-8635,13782,-9,-1906,908,-353,831,544
2025-11-27T21:57:37.575738,86,155,146,313,207,79,55,56,1264,-1709,-8636,13760,-89,-1899,901,-154,883,556
2025-11-27T21:57:37.594443,66,136,132,341,173,61,48,45,1280,-1887,-8617,13747,-219,-1829,889,-33,901,452
2025-11-27T21:57:37.616799,55,107,131,319,189,78,57,48,1318,-2051,-8606,13727,-275,-1719,804,-56,894,288
2025-11-27T21:57:37.639258,51,93,122,309,180,83,60,47,1373,-2192,-8601,13703,-315,-1772,814,-77,830,126
2025-11-27T21:57:37.654480,46,87,128,348,208,95,69,51,1438,-2314,-8598,13678,-365,-1815,759,-36,759,3
2025-11-27T21:57:37.676952,43,83,140,357,206,98,70,50,1505,-2415,-8586,13661,-404,-1829,719,62,657,-63
2025-11-27T21:57:37.696028,45,69,130,292,201,105,70,51,1566,-2497,-8564,13653,-446,-1820,709,143,540,-95
2025-11-27T21:57:37.714420,44,74,138,276,177,105,67,47,1623,-2562,-8536,13651,-473,-1772,679,199,437,-135
2025-11-27T21:57:37.736943,43,73,160,292,221,124,67,46,1674,-2614,-8508,13653,-480,-1750,691,207,355,-148
2025-11-27T21:57:37.754796,43,71,160,251,206,124,60,42,1718,-2653,-8486,13654,-480,-1733,701,162,279,-154
2025-11-27T21:57:37.771311,40,73,178,316,202,126,64,39,1759,-2680,-8470,13654,-469,-1719,702,143,207,-177
2025-11-27T21:57:37.794487,36,66,180,317,214,126,69,42,1793,-2698,-8464,13649,-438,-1741,712,74,152,-164
2025-11-27T21:57:37.811516,39,68,176,297,232,117,65,44,1814,-2715,-8466,13642,-456,-1795,725,29,109,-123
2025-11-27T21:57:37.833522,42,70,187,336,213,105,64,43,1823,-2733,-8463,13639,-485,-1824,741,46,70,-67
2025-11-27T21:57:37.856872,44,73,188,328,204,95,72,48,1826,-2747,-8456,13640,-480,-1802,771,54,37,-37
2025-11-27T21:57:37.871636,45,72,176,260,205,90,75,49,1830,-2758,-8451,13640,-449,-1752,805,21,39,-43
2025-11-27T21:57:37.894386,45,70,188,286,205,102,84,47,1836,-2768,-8456,13634,-421,-1790,777,-20,39,-57
2025-11-27T21:57:37.917102,40,58,183,297,201,133,113,50,1842,-2779,-8458,13630,-429,-1810,802,-14,48,-44
2025-11-27T21:57:37.936090,42,58,186,265,190,159,127,56,1844,-2794,-8457,13627,-428,-1790,799,1,59,-16
2025-11-27T21:57:37.955051,39,62,195,307,202,163,127,53,1851,-2801,-8458,13624,-422,-1770,784,-7,30,-58
2025-11-27T21:57:37.977027,44,62,189,303,227,175,128,57,1860,-2803,-8467,13617,-415,-1809,793,-36,16,-88
2025-11-27T21:57:37.996235,46,65,190,315,220,167,125,58,1863,-2811,-8473,13612,-388,-1882,837,-41,38,-16
2025-11-27T21:57:38.014588,49,67,195,317,204,151,123,65,1860,-2827,-8461,13616,-385,-1829,824,58,57,48
2025-11-27T21:57:38.037063,46,63,164,305,192,125,124,61,1859,-2843,-8448,13621,-378,-1750,810,54,68,46
2025-11-27T21:57:38.056156,47,57,162,279,177,120,117,61,1859,-2853,-8458,13613,-368,-1734,810,-87,42,-5
2025-11-27T21:57:38.074525,42,56,157,294,165,102,112,55,1863,-2855,-8480,13598,-378,-1818,828,-152,14,-57
2025-11-27T21:57:38.096503,42,55,150,262,150,100,111,58,1867,-2858,-8495,13587,-388,-1891,827,-92,19,-44
2025-11-27T21:57:38.116456,40,57,153,316,191,96,93,45,1866,-2863,-8501,13583,-401,-1877,804,-26,7,-10
2025-11-27T21:57:38.134412,39,61,176,351,201,82,71,41,1861,-2864,-8501,13583,-374,-1832,792,6,-19,10
2025-11-27T21:57:38.157391,36,66,205,367,211,89,78,40,1856,-2857,-8505,13583,-353,-1800,816,-27,-51,-4
2025-11-27T21:57:38.175807,41,78,224,360,198,91,83,45,1849,-2851,-8515,13579,-355,-1839,821,-67,-51,-5
2025-11-27T21:57:38.194431,40,79,234,404,224,92,80,40,1845,-2847,-8517,13578,-361,-1820,833,-26,-30,-2
2025-11-27T21:57:38.216959,40,76,226,356,182,83,69,41,1844,-2844,-8517,13580,-362,-1805,821,-5,-25,-12
2025-11-27T21:57:38.236007,44,75,209,311,176,141,106,49,1844,-2841,-8520,13578,-358,-1815,812,-22,-15,-19
2025-11-27T21:57:38.253784,47,71,184,284,190,149,109,55,1845,-2843,-8521,13577,-377,-1806,817,-19,6,-18
2025-11-27T21:57:38.279122,42,58,168,311,199,150,108,58,1849,-2844,-8522,13576,-365,-1804,792,0,11,-29
2025-11-27T21:57:38.291683,40,62,169,264,196,151,106,57,1852,-2845,-8526,13573,-360,-1825,797,-21,13,-27
2025-11-27T21:57:38.311615,42,67,197,304,229,150,106,57,1855,-2844,-8528,13571,-361,-1826,800,-12,-3,-29
2025-11-27T21:57:38.334251,41,68,207,356,241,94,79,56,1858,-2842,-8528,13571,-354,-1822,802,10,-5,-28
2025-11-27T21:57:38.350920,43,76,201,362,229,82,79,55,1861,-2841,-8530,13570,-337,-1808,799,-15,3,-17
2025-11-27T21:57:38.372588,45,77,209,332,221,103,77,49,1866,-2838,-8532,13569,-337,-1817,817,-12,7,-32
2025-11-27T21:57:38.396909,49,78,203,314,202,114,94,53,1873,-2838,-8530,13568,-343,-1824,815,5,19,-32
2025-11-27T21:57:38.416001,50,79,189,285,234,135,102,56,1879,-2840,-8528,13569,-360,-1804,797,17,23,-36
2025-11-27T21:57:38.434514,49,83,199,242,232,165,104,51,1886,-2841,-8529,13567,-365,-1814,793,-3,18,-45
2025-11-27T21:57:38.456958,45,80,210,254,232,176,102,47,1891,-2843,-8535,13562,-367,-1826,790,-27,17,-42
2025-11-27T21:57:38.476545,46,83,216,309,256,166,104,51,1895,-2842,-8542,13557,-354,-1821,784,-36,-1,-40
2025-11-27T21:57:38.498656,42,78,205,302,259,162,97,48,1898,-2836,-8551,13553,-333,-1810,767,-37,-21,-45
2025-11-27T21:57:38.517145,39,75,195,319,196,146,89,49,1902,-2832,-8558,13548,-327,-1851,783,-31,-8,-37
2025-11-27T21:57:38.539247,41,75,176,344,216,127,80,51,1902,-2833,-8559,13548,-364,-1857,791,4,4,-10
2025-11-27T21:57:38.554452,46,82,158,367,269,118,75,49,1899,-2837,-8555,13549,-363,-1837,796,18,8,15
2025-11-27T21:57:38.576706,43,75,142,335,248,117,73,47,1899,-2837,-8555,13549,-337,-1804,789,-9,6,8
2025-11-27T21:57:38.599539,44,75,138,356,243,119,66,46,1901,-2837,-8561,13545,-326,-1809,796,-44,4,-15
2025-11-27T21:57:38.614295,45,76,150,361,259,128,66,41,1903,-2837,-8570,13540,-344,-1841,794,-52,4,-23
2025-11-27T21:57:38.637076,45,71,169,346,247,123,68,47,1904,-2837,-8573,13538,-331,-1862,807,-18,7,-8
2025-11-27T21:57:38.659340,49,68,176,316,186,127,84,51,1909,-2838,-8569,13539,-321,-1823,806,17,21,-12
2025-11-27T21:57:38.674201,54,80,188,337,199,129,83,52,1916,-2841,-8569,13538,-342,-1838,797,3,35,-25
2025-11-27T21:57:38.696923,55,86,218,332,200,129,80,51,1923,-2845,-8566,13537,-345,-1853,817,10,39,-27
2025-11-27T21:57:38.719290,54,85,209,310,224,150,85,54,1929,-2851,-8562,13538,-340,-1855,803,20,47,-8
2025-11-27T21:57:38.734334,50,86,197,281,266,169,91,48,1936,-2858,-8557,13539,-329,-1819,801,26,54,-2
2025-11-27T21:57:38.757402,48,84,221,370,298,165,87,54,1944,-2866,-8556,13537,-333,-1802,797,-7,65,-17
2025-11-27T21:57:38.779409,46,73,198,353,295,161,89,56,1951,-2874,-8561,13531,-347,-1836,786,-32,54,-27
2025-11-27T21:57:38.794435,44,69,201,387,310,174,92,56,1956,-2881,-8561,13528,-359,-1861,791,-6,45,-11
2025-11-27T21:57:38.816957,50,75,199,416,290,158,94,56,1957,-2888,-8556,13529,-357,-1848,798,25,34,12
2025-11-27T21:57:38.839094,50,72,193,420,243,134,93,55,1957,-2896,-8552,13531,-342,-1839,791,20,36,26
2025-11-27T21:57:38.854406,44,63,151,327,205,137,80,44,1959,-2904,-8549,13530,-349,-1824,787,10,42,15
2025-11-27T21:57:38.877181,42,61,157,363,204,140,75,39,1960,-2913,-8548,13529,-360,-1829,784,3,41,10
2025-11-27T21:57:38.899433,39,55,124,335,212,116,73,38,1959,-2921,-8545,13529,-371,-1813,786,7,31,16
2025-11-27T21:57:38.914581,29,42,141,303,210,107,67,36,1958,-2928,-8543,13529,-359,-1821,791,6,27,20
2025-11-27T21:57:38.936933,30,46,150,332,261,111,54,37,1959,-2934,-8542,13529,-359,-1825,782,3,26,7
2025-11-27T21:57:38.959424,31,49,164,392,277,102,62,40,1962,-2939,-8540,13528,-360,-1829,780,13,27,-6
2025-11-27T21:57:38.981972,30,50,164,380,292,122,63,43,1963,-2945,-8538,13528,-353,-1815,788,4,34,9
2025-11-27T21:57:39.004210,33,58,186,373,301,142,60,40,1963,-2957,-8540,13524,-359,-1816,781,-23,50,26
2025-11-27T21:57:39.019492,33,56,174,367,291,152,61,38,1959,-2973,-8542,13520,-370,-1837,789,-39,63,51
2025-11-27T21:57:39.034466,32,54,172,378,246,147,66,38,1953,-2996,-8542,13515,-379,-1856,790,-31,89,88
2025-11-27T21:57:39.056879,33,51,156,326,233,156,61,38,1943,-3027,-8538,13513,-386,-1833,796,-24,115,126
2025-11-27T21:57:39.079545,33,53,152,286,209,153,65,45,1930,-3065,-8536,13507,-406,-1826,792,-51,140,152
2025-11-27T21:57:39.094454,31,42,113,293,161,150,67,46,1915,-3110,-8538,13498,-438,-1846,782,-78,161,171
2025-11-27T21:57:39.117125,32,43,115,327,176,150,63,47,1896,-3163,-8540,13487,-471,-1838,762,-85,179,198
2025-11-27T21:57:39.139328,33,41,105,273,193,152,63,48,1873,-3222,-8540,13477,-506,-1839,780,-101,198,227
2025-11-27T21:57:39.154477,28,40,101,259,178,146,58,45,1842,-3289,-8545,13461,-542,-1846,754,-140,209,267
2025-11-27T21:57:39.176523,26,34,89,253,171,141,54,34,1804,-3366,-8553,13443,-578,-1846,723,-163,226,320
2025-11-27T21:57:39.199452,29,33,76,219,176,127,51,34,1756,-3450,-8563,13421,-639,-1836,706,-197,227,358
2025-11-27T21:57:39.214190,32,34,57,158,170,122,54,34,1703,-3531,-8578,13397,-701,-1835,665,-219,185,349
2025-11-27T21:57:39.236961,34,37,76,167,145,115,49,33,1646,-3599,-8598,13374,-746,-1853,646,-229,105,309
2025-11-27T21:57:39.259461,35,36,87,182,160,100,49,35,1586,-3650,-8620,13353,-764,-1860,643,-230,20,274
2025-11-27T21:57:39.274382,35,35,90,173,162,88,50,35,1527,-3686,-8641,13336,-758,-1857,635,-205,-51,235
2025-11-27T21:57:39.296699,32,35,95,175,188,115,60,34,1469,-3706,-8664,13322,-738,-1865,617,-188,-121,200
2025-11-27T21:57:39.319975,34,36,94,156,195,105,58,31,1415,-3706,-8685,13314,-698,-1850,636,-160,-192,151
2025-11-27T21:57:39.333434,35,38,80,143,218,114,60,38,1374,-3684,-8703,13313,-637,-1835,648,-112,-246,63
2025-11-27T21:57:39.355212,37,37,69,140,215,113,60,39,1340,-3650,-8720,13315,-636,-1870,642,-71,-292,0
2025-11-27T21:57:39.378236,41,42,71,144,215,130,80,47,1310,-3608,-8732,13321,-612,-1876,628,-19,-312,-20
2025-11-27T21:57:39.393304,48,42,68,142,210,106,77,57,1285,-3561,-8731,13337,-591,-1821,671,44,-316,-41
2025-11-27T21:57:39.416947,50,40,64,136,198,107,78,65,1269,-3499,-8731,13355,-534,-1766,688,49,-352,-114
2025-11-27T21:57:39.439440,48,38,66,148,222,110,82,62,1266,-3431,-8743,13365,-428,-1784,695,-6,-318,-160
2025-11-27T21:57:39.454421,61,47,74,155,281,116,87,114,1275,-3368,-8752,13374,-331,-1815,743,0,-235,-146
2025-11-27T21:57:39.477034,70,53,99,150,278,105,85,172,1289,-3320,-8757,13381,-332,-1828,666,50,-163,-127
2025-11-27T21:57:39.499441,71,55,103,153,266,108,83,182,1290,-3276,-8767,13386,-375,-1815,637,18,-195,-92
2025-11-27T21:57:39.521889,68,56,107,158,276,112,82,182,1285,-3231,-8768,13396,-320,-1819,687,44,-202,-30
2025-11-27T21:57:39.536970,90,60,108,151,262,116,92,280,1274,-3201,-8765,13407,-235,-1760,714,30,-138,80
2025-11-27T21:57:39.559612,90,57,114,129,182,110,91,289,1252,-3190,-8777,13403,-201,-1744,733,-115,-63,179
2025-11-27T21:57:39.581806,84,51,105,165,179,105,90,261,1230,-3193,-8805,13386,-255,-1820,782,-245,13,181
2025-11-27T21:57:39.596925,82,53,123,183,173,106,94,256,1215,-3199,-8824,13374,-328,-1862,757,-171,23,146
2025-11-27T21:57:39.619493,81,51,125,186,177,139,100,256,1195,-3196,-8838,13367,-342,-1826,731,-130,-42,130
2025-11-27T21:57:39.641913,56,45,123,181,138,138,92,150,1177,-3179,-8861,13357,-315,-1808,703,-162,-97,83
2025-11-27T21:57:39.656693,43,44,114,179,138,138,88,96,1162,-3158,-8884,13348,-359,-1833,689,-144,-117,31
2025-11-27T21:57:39.679701,36,40,98,143,130,132,73,87,1149,-3136,-8895,13347,-414,-1920,710,-61,-130,25
2025-11-27T21:57:39.701567,31,35,76,121,158,126,63,76,1136,-3114,-8885,13361,-429,-1896,719,77,-134,36
2025-11-27T21:57:39.717067,34,46,117,145,167,100,64,71,1131,-3095,-8862,13381,-418,-1797,717,148,-107,21
2025-11-27T21:57:39.739339,52,52,124,150,181,101,72,133,1133,-3077,-8850,13393,-389,-1742,715,71,-65,-18
2025-11-27T21:57:39.761399,58,50,122,144,188,104,80,204,1139,-3060,-8858,13391,-375,-1794,713,-44,-42,-53
2025-11-27T21:57:39.777056,60,51,124,144,191,117,84,219,1143,-3049,-8874,13382,-397,-1843,718,-105,-22,-39
2025-11-27T21:57:39.799413,60,51,128,187,169,149,102,220,1146,-3038,-8883,13379,-379,-1891,754,-65,-16,-7
2025-11-27T21:57:39.821901,60,42,89,178,145,141,99,224,1153,-3027,-8881,13382,-350,-1860,723,18,-8,-8
2025-11-27T21:57:39.836985,43,31,73,170,130,151,93,189,1166,-3011,-8877,13387,-335,-1833,710,49,-18,-49
2025-11-27T21:57:39.859214,34,32,83,183,160,163,90,109,1181,-2989,-8869,13395,-343,-1820,728,63,-34,-75
2025-11-27T21:57:39.881800,34,41,101,196,192,164,91,73,1195,-2969,-8864,13402,-333,-1800,724,50,-35,-67
2025-11-27T21:57:39.896993,34,43,93,160,197,143,74,69,1210,-2950,-8865,13404,-284,-1757,724,-3,-15,-63
2025-11-27T21:57:39.919226,32,43,95,149,196,139,68,54,1223,-2938,-8879,13397,-198,-1781,732,-93,35,-8
2025-11-27T21:57:39.941984,31,45,103,162,211,120,61,44,1228,-2941,-8896,13384,-143,-1833,736,-135,96,106
2025-11-27T21:57:39.956950,31,45,98,160,191,102,59,38,1224,-2965,-8911,13369,-91,-1829,733,-155,174,243
2025-11-27T21:57:39.979481,26,34,76,141,161,86,53,34,1204,-3009,-8930,13349,-21,-1851,747,-216,240,406
2025-11-27T21:57:40.001951,26,31,78,165,149,68,44,38,1169,-3079,-8955,13319,-12,-1918,722,-288,320,573
2025-11-27T21:57:40.016751,35,47,122,283,284,108,57,46,1120,-3177,-8971,13289,-92,-1937,693,-256,395,702
2025-11-27T21:57:40.039469,37,50,136,316,291,109,55,44,1061,-3296,-8970,13266,-180,-1900,664,-172,446,800
2025-11-27T21:57:40.070694,58,52,142,339,291,110,55,175,997,-3430,-8967,13239,-195,-1842,608,-176,499,867
2025-11-27T21:57:40.077768,64,53,145,347,290,109,57,187,932,-3574,-8970,13203,-270,-1879,571,-220,543,884
2025-11-27T21:57:40.099468,67,58,157,347,296,110,65,194,865,-3735,-8972,13162,-465,-1904,482,-195,571,872
2025-11-27T21:57:40.121839,69,58,137,272,169,97,70,193,810,-3900,-8943,13138,-651,-1855,416,26,589,791
2025-11-27T21:57:40.136732,71,60,131,239,142,90,80,205,768,-4058,-8889,13129,-725,-1770,422,190,570,720
2025-11-27T21:57:40.159733,59,64,141,251,141,104,90,143,740,-4202,-8835,13121,-709,-1721,423,202,555,633
2025-11-27T21:57:40.190147,57,68,158,285,168,113,90,144,720,-4336,-8792,13108,-760,-1656,415,151,537,527
2025-11-27T21:57:40.196917,61,73,150,284,200,118,87,142,710,-4462,-8763,13086,-805,-1624,393,74,537,415
2025-11-27T21:57:40.219435,56,67,137,274,207,137,100,149,709,-4582,-8740,13059,-846,-1634,400,47,540,346
2025-11-27T21:57:40.241869,55,67,133,295,206,143,102,143,705,-4709,-8721,13027,-963,-1631,380,9,553,323
2025-11-27T21:57:40.257041,53,66,121,272,213,137,93,119,702,-4824,-8708,12994,-1102,-1613,353,-13,484,215
2025-11-27T21:57:40.279569,51,63,100,229,194,137,93,98,719,-4908,-8700,12967,-1131,-1561,387,-2,404,11
2025-11-27T21:57:40.301966,44,55,87,223,188,152,99,89,762,-4970,-8709,12934,-1073,-1546,400,-61,397,-175
2025-11-27T21:57:40.317232,42,50,96,226,204,168,95,77,813,-5021,-8736,12893,-1142,-1618,405,-145,382,-295
2025-11-27T21:57:40.346958,39,46,102,202,228,176,95,54,861,-5066,-8770,12850,-1323,-1638,398,-188,326,-397
2025-11-27T21:57:40.362591,38,41,98,183,245,177,101,53,919,-5084,-8817,12807,-1314,-1622,402,-235,240,-549
2025-11-27T21:57:40.376555,39,40,96,189,251,173,109,58,993,-5077,-8880,12760,-1169,-1653,410,-283,204,-658
2025-11-27T21:57:40.399491,39,40,104,190,239,171,108,58,1070,-5067,-8946,12711,-1122,-1741,441,-313,221,-658
2025-11-27T21:57:40.421970,40,44,105,199,221,127,92,55,1141,-5066,-9010,12661,-1164,-1792,429,-318,241,-610
2025-11-27T21:57:40.444487,40,42,90,187,195,117,85,60,1211,-5063,-9065,12616,-1164,-1814,416,-263,223,-609
2025-11-27T21:57:40.459511,39,45,96,201,175,113,83,62,1282,-5056,-9120,12572,-1115,-1836,389,-252,204,-605
2025-11-27T21:57:40.482507,44,45,96,205,168,127,99,74,1343,-5048,-9171,12532,-1081,-1899,388,-236,179,-537
2025-11-27T21:57:40.504520,43,45,107,205,160,112,100,73,1391,-5043,-9214,12497,-1040,-1899,386,-221,144,-442
2025-11-27T21:57:40.519190,41,37,98,195,150,115,98,70,1432,-5030,-9259,12465,-1000,-1900,350,-210,80,-425
2025-11-27T21:57:40.541443,40,42,103,196,169,109,94,67,1463,-5009,-9300,12439,-969,-1906,365,-199,15,-390
2025-11-27T21:57:40.564169,41,37,93,176,165,105,91,69,1482,-4993,-9334,12417,-952,-1929,372,-188,-3,-301
2025-11-27T21:57:40.579716,39,39,96,175,160,93,66,52,1493,-4984,-9365,12396,-942,-1920,344,-177,2,-240
2025-11-27T21:57:40.601694,38,35,78,152,176,89,62,47,1497,-4974,-9394,12378,-930,-1949,344,-179,-25,-200
2025-11-27T21:57:40.624365,43,39,79,140,226,98,67,53,1500,-4959,-9418,12365,-856,-1959,334,-131,-57,-164
2025-11-27T21:57:40.639369,48,36,71,130,228,97,69,68,1501,-4943,-9433,12360,-817,-1935,340,-81,-68,-128
2025-11-27T21:57:40.670862,46,35,72,124,219,108,71,59,1501,-4925,-9450,12354,-789,-1931,317,-80,-78,-124
2025-11-27T21:57:40.684249,45,39,80,131,231,111,69,61,1506,-4899,-9465,12352,-742,-1953,342,-53,-98,-141
2025-11-27T21:57:40.703682,46,39,77,154,250,121,64,63,1517,-4867,-9475,12356,-714,-1924,357,-14,-107,-166
2025-11-27T21:57:40.723450,41,38,76,156,219,112,58,60,1529,-4835,-9491,12354,-695,-1906,297,-30,-107,-183
2025-11-27T21:57:40.743978,35,40,84,165,200,109,58,42,1537,-4806,-9516,12346,-680,-1886,289,-91,-103,-177
2025-11-27T21:57:40.758939,37,45,102,187,216,101,68,42,1539,-4779,-9547,12332,-659,-1924,268,-135,-106,-146
2025-11-27T21:57:40.781722,33,40,90,170,215,93,74,37,1541,-4756,-9570,12323,-638,-1917,305,-116,-82,-109
2025-11-27T21:57:40.804137,36,42,91,160,169,74,72,44,1543,-4741,-9591,12312,-629,-1911,284,-103,-50,-78
2025-11-27T21:57:40.819134,36,40,93,166,151,67,72,47,1542,-4734,-9610,12301,-648,-1940,282,-104,-29,-45
2025-11-27T21:57:40.841683,39,43,92,176,176,70,74,47,1541,-4731,-9618,12295,-655,-1984,322,-65,-4,-3
2025-11-27T21:57:40.864000,36,40,75,159,181,69,61,47,1541,-4731,-9618,12295,-673,-1947,312,-7,10,-6
2025-11-27T21:57:40.879090,35,39,74,161,177,70,50,47,1542,-4729,-9621,12294,-659,-1916,300,-18,-3,-20
2025-11-27T21:57:40.901991,27,41,86,155,178,73,52,38,1540,-4723,-9633,12287,-664,-1927,300,-77,-26,-35
2025-11-27T21:57:40.932665,32,48,97,165,184,74,55,37,1539,-4716,-9647,12279,-658,-1948,299,-85,-27,-38
2025-11-27T21:57:40.946999,32,47,96,149,151,82,52,36,1538,-4714,-9657,12272,-675,-1965,280,-60,-8,-27
2025-11-27T21:57:40.977854,32,46,94,141,113,75,51,36,1541,-4715,-9660,12268,-652,-1963,293,-23,16,-5
2025-11-27T21:57:40.984853,33,46,96,141,117,79,55,33,1544,-4718,-9657,12269,-654,-1959,318,5,30,6
2025-11-27T21:57:40.999444,35,44,82,125,113,88,62,36,1548,-4726,-9655,12268,-671,-1947,299,1,49,14
2025-11-27T21:57:41.021856,35,37,84,183,115,91,69,49,1553,-4735,-9655,12263,-658,-1941,307,-25,69,8
2025-11-27T21:57:41.044659,33,32,81,195,124,80,72,51,1558,-4743,-9658,12256,-658,-1968,302,-39,62,4
2025-11-27T21:57:41.059428,34,33,84,203,148,83,75,52,1562,-4747,-9659,12254,-666,-1977,295,-8,30,-2
2025-11-27T21:57:41.082256,34,33,87,205,137,86,75,56,1564,-4746,-9657,12256,-645,-1963,280,18,3,7
2025-11-27T21:57:41.104443,36,32,91,216,142,82,73,56,1569,-4743,-9652,12261,-627,-1928,284,50,-2,-4
2025-11-27T21:57:41.119306,35,34,86,212,137,88,68,49,1577,-4737,-9645,12267,-624,-1928,291,60,3,-23
2025-11-27T21:57:41.141927,35,35,94,227,132,92,73,48,1583,-4734,-9641,12271,-638,-1927,273,52,0,-15
2025-11-27T21:57:41.165099,35,32,90,228,119,92,71,47,1587,-4732,-9636,12275,-637,-1913,282,42,0,-9
2025-11-27T21:57:41.179693,37,33,91,226,112,89,70,45,1592,-4732,-9634,12276,-630,-1896,276,22,14,-8
2025-11-27T21:57:41.201824,32,31,84,218,108,87,68,42,1597,-4736,-9636,12272,-617,-1912,280,-11,42,2
2025-11-27T21:57:41.224372,30,32,86,229,145,88,69,36,1603,-4744,-9637,12267,-642,-1925,276,-9,55,3
2025-11-27T21:57:41.239524,28,33,80,209,158,100,67,36,1606,-4751,-9637,12264,-665,-1922,271,2,44,4
2025-11-27T21:57:41.270251,27,33,78,200,148,98,68,40,1608,-4756,-9636,12263,-660,-1915,265,9,24,1
2025-11-27T21:57:41.284669,22,32,81,214,154,96,69,40,1610,-4759,-9636,12262,-628,-1921,287,0,22,14
2025-11-27T21:57:41.303315,25,34,92,227,151,93,69,39,1613,-4764,-9637,12258,-650,-1919,265,-7,31,1
2025-11-27T21:57:41.321931,26,32,92,176,135,92,67,39,1617,-4766,-9640,12255,-659,-1931,273,-12,22,-14
2025-11-27T21:57:41.344145,26,31,91,173,126,79,63,39,1617,-4770,-9639,12254,-665,-1933,279,0,16,11
2025-11-27T21:57:41.366656,26,32,92,191,135,83,70,34,1615,-4776,-9637,12253,-649,-1921,283,-4,23,33
2025-11-27T21:57:41.382301,26,31,84,180,138,82,66,31,1614,-4785,-9636,12251,-658,-1932,290,-10,36,35
2025-11-27T21:57:41.404417,26,31,80,163,138,81,66,32,1615,-4792,-9633,12250,-676,-1924,288,4,37,16
2025-11-27T21:57:41.426977,25,30,64,142,119,73,67,36,1616,-4799,-9629,12251,-684,-1923,277,20,33,13
2025-11-27T21:57:41.441446,25,32,77,148,135,82,66,36,1618,-4806,-9623,12252,-686,-1920,285,23,32,12
2025-11-27T21:57:41.464546,27,32,82,179,138,90,58,37,1620,-4812,-9619,12253,-679,-1927,286,18,32,10
2025-11-27T21:57:41.486827,28,31,84,197,148,90,59,38,1625,-4817,-9617,12252,-655,-1910,277,12,40,0
2025-11-27T21:57:41.506342,28,33,88,211,162,102,62,40,1633,-4821,-9618,12249,-659,-1908,271,5,46,-24
2025-11-27T21:57:41.532655,30,36,94,226,165,103,75,43,1639,-4825,-9618,12246,-675,-1943,276,-2,38,-18
2025-11-27T21:57:41.547034,34,35,80,222,161,104,79,44,1641,-4830,-9619,12243,-672,-1943,273,-4,27,5
2025-11-27T21:57:41.561958,35,37,81,186,165,103,78,42,1641,-4830,-9619,12243,-684,-1929,262,4,13,12
2025-11-27T21:57:41.584300,35,38,93,188,156,112,81,44,1640,-4831,-9619,12243,-694,-1928,274,14,-15,3
2025-11-27T21:57:41.606569,38,41,90,177,153,112,86,43,1636,-4827,-9618,12246,-675,-1932,286,8,-30,4
2025-11-27T21:57:41.621934,41,43,92,160,173,114,80,49,1630,-4827,-9613,12250,-682,-1937,293,18,-24,28
2025-11-27T21:57:41.644321,40,44,95,154,161,103,74,50,1624,-4829,-9609,12253,-695,-1921,270,21,-20,24
2025-11-27T21:57:41.666975,39,46,103,176,160,102,72,52,1613,-4830,-9608,12255,-707,-1938,287,-7,-39,40
2025-11-27T21:57:41.682011,37,45,93,153,155,96,69,51,1597,-4834,-9604,12259,-710,-1957,295,-1,-46,74
2025-11-27T21:57:41.704491,36,40,88,153,166,95,64,49,1577,-4841,-9597,12265,-730,-1949,290,13,-42,96
2025-11-27T21:57:41.727002,33,38,110,153,152,101,65,39,1557,-4848,-9586,12273,-715,-1958,306,25,-41,124
2025-11-27T21:57:41.742234,31,37,114,148,147,104,63,38,1532,-4858,-9571,12284,-752,-1959,338,33,-47,141
2025-11-27T21:57:41.764934,35,36,101,112,139,102,67,36,1500,-4871,-9552,12297,-805,-1970,338,46,-64,172
2025-11-27T21:57:41.786893,38,53,101,99,137,107,72,34,1457,-4893,-9527,12313,-838,-1987,378,36,-58,250
2025-11-27T21:57:41.810278,38,56,102,87,130,101,68,40,1402,-4939,-9493,12327,-844,-1994,401,31,17,403
2025-11-27T21:57:41.824553,37,56,68,85,127,96,60,41,1335,-5015,-9447,12339,-885,-2036,408,45,114,582
2025-11-27T21:57:41.846990,36,57,62,104,126,98,60,39,1251,-5122,-9381,12354,-1007,-2025,394,100,185,740
2025-11-27T21:57:41.862075,30,54,65,105,116,91,55,38,1151,-5238,-9304,12374,-1120,-1963,376,138,158,811
2025-11-27T21:57:41.884942,26,42,65,109,110,78,45,37,1036,-5338,-9230,12397,-1225,-1918,343,136,19,789
2025-11-27T21:57:41.906514,22,36,62,108,84,69,39,28,910,-5415,-9154,12429,-1307,-1872,321,171,-140,741
2025-11-27T21:57:41.921886,18,34,66,99,62,64,36,20,775,-5467,-9080,12470,-1353,-1815,316,184,-293,690
2025-11-27T21:57:41.944491,21,32,60,77,87,75,44,20,639,-5492,-9016,12513,-1346,-1760,287,178,-434,597
2025-11-27T21:57:41.967663,23,32,54,73,98,85,48,21,510,-5483,-8963,12561,-1326,-1737,279,169,-567,465
2025-11-27T21:57:41.981942,25,29,47,65,105,87,50,22,389,-5444,-8917,12615,-1314,-1717,293,186,-691,337
2025-11-27T21:57:42.004456,26,31,56,64,111,88,50,22,276,-5374,-8873,12679,-1278,-1687,294,230,-815,220
2025-11-27T21:57:42.026959,26,29,57,62,115,85,48,24,180,-5275,-8832,12750,-1218,-1671,318,272,-907,76
2025-11-27T21:57:42.041745,27,28,57,53,95,81,39,22,110,-5147,-8799,12826,-1147,-1638,357,293,-946,-110
2025-11-27T21:57:42.064041,25,27,57,48,101,78,41,22,76,-4999,-8778,12899,-1069,-1629,362,301,-924,-328
2025-11-27T21:57:42.087101,25,33,72,81,155,86,41,23,79,-4830,-8769,12969,-998,-1651,361,319,-906,-550
2025-11-27T21:57:42.106293,26,33,66,83,167,85,42,24,108,-4639,-8772,13037,-907,-1684,375,311,-914,-722
2025-11-27T21:57:42.124405,27,34,61,85,178,88,44,24,165,-4431,-8778,13104,-789,-1675,384,352,-894,-870
2025-11-27T21:57:42.146631,29,33,60,97,220,122,61,36,252,-4214,-8777,13175,-670,-1704,403,442,-839,-982
2025-11-27T21:57:42.161841,30,36,77,99,215,129,67,41,376,-3997,-8757,13252,-505,-1675,432,591,-713,-1075
2025-11-27T21:57:42.184692,32,35,78,75,178,126,67,42,520,-3791,-8733,13324,-342,-1598,556,560,-554,-1090
2025-11-27T21:57:42.207112,35,38,82,73,164,128,67,48,672,-3608,-8730,13370,-195,-1699,596,401,-375,-1026
2025-11-27T21:57:42.221768,35,37,82,82,155,125,66,50,814,-3457,-8736,13398,-182,-1803,592,313,-242,-902
2025-11-27T21:57:42.244625,36,45,89,75,113,84,52,50,932,-3330,-8734,13423,-236,-1860,634,304,-210,-744
2025-11-27T21:57:42.266982,41,60,98,74,109,64,40,50,1026,-3225,-8731,13444,-234,-1790,621,261,-184,-602
2025-11-27T21:57:42.282003,43,58,91,72,124,117,66,55,1111,-3135,-8734,13457,-152,-1782,617,190,-125,-494
2025-11-27T21:57:42.304445,42,58,87,70,127,123,68,51,1183,-3053,-8746,13462,-118,-1848,699,89,-105,-412
2025-11-27T21:57:42.326987,57,65,96,72,140,130,74,85,1252,-2971,-8749,13472,-107,-1836,724,127,-121,-396
2025-11-27T21:57:42.350431,62,62,92,67,151,162,107,106,1314,-2882,-8744,13489,-92,-1812,687,200,-179,-383
2025-11-27T21:57:42.364483,70,62,93,74,198,216,168,120,1365,-2797,-8741,13503,-75,-1899,677,194,-199,-316
2025-11-27T21:57:42.387396,77,80,118,108,202,205,174,126,1407,-2716,-8719,13530,-45,-1774,789,233,-191,-243
2025-11-27T21:57:42.410233,79,87,128,114,204,200,174,126,1423,-2637,-8695,13559,23,-1816,797,236,-251,-91
2025-11-27T21:57:42.424426,71,85,124,112,201,199,173,108,1415,-2567,-8674,13587,-32,-1894,782,224,-302,24
2025-11-27T21:57:42.447167,67,86,131,122,196,177,156,86,1379,-2508,-8650,13616,-143,-1865,821,189,-350,125
2025-11-27T21:57:42.469866,57,78,117,118,149,109,91,64,1323,-2465,-8629,13643,-202,-1852,814,153,-350,228
2025-11-27T21:57:42.484221,44,63,94,92,134,80,56,47,1264,-2429,-8599,13675,-218,-1802,859,179,-325,269
2025-11-27T21:57:42.506938,37,52,80,84,127,80,57,45,1213,-2400,-8566,13705,-185,-1802,915,164,-254,268
2025-11-27T21:57:42.530318,35,49,75,78,120,75,51,40,1174,-2381,-8538,13729,-217,-1728,878,141,-181,210
2025-11-27T21:57:42.544521,33,50,81,91,98,70,46,36,1145,-2369,-8524,13742,-288,-1734,864,55,-132,141
2025-11-27T21:57:42.568039,33,48,81,95,125,77,47,34,1116,-2363,-8533,13740,-339,-1751,824,-68,-112,107
2025-11-27T21:57:42.589589,31,41,81,98,124,75,48,33,1091,-2356,-8550,13733,-341,-1774,812,-116,-112,81
2025-11-27T21:57:42.603935,34,43,87,97,123,79,52,36,1069,-2347,-8563,13728,-308,-1781,848,-104,-97,81
2025-11-27T21:57:42.626552,32,47,101,108,148,80,55,33,1050,-2340,-8564,13730,-299,-1788,870,-35,-71,89
2025-11-27T21:57:42.649992,46,70,164,205,156,85,56,44,1044,-2334,-8555,13737,-308,-1785,864,42,-42,39
2025-11-27T21:57:42.664093,51,78,176,215,142,76,52,54,1043,-2327,-8545,13745,-340,-1770,845,59,-32,-6
2025-11-27T21:57:42.686625,52,81,177,214,136,76,52,56,1043,-2326,-8536,13751,-338,-1738,840,48,-6,1
2025-11-27T21:57:42.710416,52,80,175,218,140,74,47,56,1043,-2330,-8528,13754,-308,-1747,877,14,33,36
2025-11-27T21:57:42.724494,54,79,170,219,120,72,45,57,1044,-2343,-8532,13750,-307,-1750,873,-62,77,47
2025-11-27T21:57:42.747127,42,57,100,120,110,77,57,50,1048,-2361,-8547,13737,-339,-1764,872,-136,106,17
2025-11-27T21:57:42.770113,32,45,77,107,117,83,60,40,1056,-2374,-8569,13721,-339,-1788,868,-175,96,-15
2025-11-27T21:57:42.781829,32,43,71,130,146,98,70,39,1069,-2381,-8592,13704,-330,-1807,838,-156,82,-54
2025-11-27T21:57:42.804893,31,40,70,128,144,101,74,38,1085,-2381,-8610,13691,-319,-1845,827,-110,57,-82
2025-11-27T21:57:42.829969,28,39,67,118,130,102,76,40,1099,-2379,-8623,13682,-336,-1860,797,-53,37,-74
2025-11-27T21:57:42.845038,25,33,59,112,131,103,73,36,1108,-2379,-8624,13681,-355,-1838,799,13,23,-47
2025-11-27T21:57:42.867426,25,33,69,104,157,107,69,33,1116,-2377,-8619,13684,-321,-1805,803,38,15,-26
2025-11-27T21:57:42.889990,24,29,65,86,155,108,65,32,1123,-2376,-8622,13681,-281,-1751,808,-25,29,-14
2025-11-27T21:57:42.904425,27,35,76,133,191,131,78,33,1123,-2381,-8642,13668,-276,-1794,808,-135,41,25
2025-11-27T21:57:42.926586,29,34,75,139,197,135,80,35,1109,-2385,-8668,13652,-298,-1803,801,-191,-6,71
2025-11-27T21:57:42.950079,34,36,83,158,268,145,80,40,1086,-2386,-8690,13640,-295,-1845,798,-152,-52,115
2025-11-27T21:57:42.964094,35,37,72,164,274,138,84,46,1061,-2384,-8698,13637,-282,-1888,821,-64,-71,144
2025-11-27T21:57:42.987164,34,38,71,161,269,128,81,45,1042,-2387,-8685,13646,-217,-1809,842,47,-11,178
2025-11-27T21:57:43.009392,32,36,59,126,248,103,63,43,1024,-2398,-8669,13656,-139,-1788,860,47,48,239
2025-11-27T21:57:43.024420,31,42,60,118,246,94,56,39,996,-2421,-8665,13656,-74,-1819,877,-50,97,349
2025-11-27T21:57:43.047130,30,45,57,93,179,67,48,40,951,-2459,-8671,13649,-45,-1837,870,-126,132,483
2025-11-27T21:57:43.069414,34,46,55,83,197,71,39,37,890,-2510,-8683,13636,-63,-1871,852,-183,140,594
2025-11-27T21:57:43.084408,37,47,56,79,201,72,39,38,818,-2572,-8693,13623,-128,-1877,851,-191,155,655
2025-11-27T21:57:43.106889,38,55,59,94,259,82,50,47,739,-2643,-8702,13608,-192,-1866,822,-184,163,697
2025-11-27T21:57:43.129420,69,102,184,148,315,93,55,55,657,-2718,-8714,13590,-274,-1863,777,-197,164,693
2025-11-27T21:57:43.150807,112,160,257,218,399,129,76,70,581,-2788,-8710,13582,-403,-1872,755,-79,123,618
2025-11-27T21:57:43.167532,114,170,268,235,406,137,86,71,519,-2841,-8665,13602,-513,-1969,785,226,53,510
2025-11-27T21:57:43.189597,115,173,273,238,404,139,89,73,483,-2865,-8588,13647,-526,-1859,821,450,-19,337
2025-11-27T21:57:43.213406,122,178,279,241,386,137,90,78,476,-2876,-8504,13698,-567,-1744,776,542,-21,131
2025-11-27T21:57:43.226961,112,161,230,217,353,132,89,74,487,-2873,-8427,13745,-651,-1703,785,515,-44,-43
2025-11-27T21:57:43.249541,72,113,169,157,275,109,73,58,510,-2861,-8362,13786,-742,-1648,781,451,-80,-192
2025-11-27T21:57:43.272693,68,103,163,131,232,95,68,56,542,-2832,-8320,13817,-777,-1604,784,323,-138,-329
2025-11-27T21:57:43.287235,69,101,164,140,242,103,70,54,581,-2789,-8302,13834,-793,-1579,753,192,-189,-448
2025-11-27T21:57:43.309467,56,91,160,135,270,123,85,44,627,-2736,-8302,13843,-787,-1593,770,87,-212,-525
2025-11-27T21:57:43.332670,53,87,165,144,265,126,89,52,678,-2673,-8309,13849,-725,-1655,805,55,-228,-562
2025-11-27T21:57:43.346918,46,75,141,133,237,111,87,49,738,-2608,-8308,13858,-696,-1665,792,115,-216,-597
2025-11-27T21:57:43.370195,41,65,136,133,239,118,84,50,799,-2550,-8302,13870,-706,-1662,799,150,-187,-589
2025-11-27T21:57:43.392200,40,63,124,120,237,108,81,53,850,-2504,-8302,13875,-671,-1682,829,77,-146,-500
2025-11-27T21:57:43.404616,40,67,120,111,207,92,57,52,894,-2471,-8308,13875,-613,-1691,848,19,-90,-416
2025-11-27T21:57:43.427485,33,57,94,99,200,99,54,50,932,-2451,-8317,13870,-603,-1710,857,-20,-40,-356
2025-11-27T21:57:43.451486,33,56,108,114,195,107,55,52,961,-2437,-8334,13860,-587,-1725,865,-84,-29,-294
2025-11-27T21:57:43.466969,34,55,124,116,187,99,58,65,981,-2430,-8358,13846,-555,-1752,863,-133,-19,-224
2025-11-27T21:57:43.489764,40,67,139,138,194,99,57,66,993,-2427,-8384,13830,-513,-1776,869,-156,-6,-158
2025-11-27T21:57:43.512638,39,64,144,175,178,86,55,65,1003,-2423,-8404,13818,-468,-1802,860,-114,-9,-122
2025-11-27T21:57:43.526980,42,68,154,227,219,99,60,63,1012,-2418,-8413,13813,-450,-1795,894,-58,-17,-102
2025-11-27T21:57:43.550520,47,72,146,232,257,109,71,70,1018,-2412,-8422,13808,-425,-1769,880,-61,-19,-82
2025-11-27T21:57:43.572745,51,75,137,246,265,111,68,69,1024,-2405,-8436,13800,-414,-1784,858,-82,-22,-88
2025-11-27T21:57:43.586970,47,66,128,251,314,138,79,70,1033,-2397,-8450,13792,-410,-1803,866,-79,-25,-100
2025-11-27T21:57:43.610230,49,61,119,240,334,150,88,72,1041,-2388,-8465,13784,-403,-1815,861,-87,-28,-97
2025-11-27T21:57:43.632684,49,55,129,194,316,133,84,70,1044,-2380,-8480,13776,-407,-1844,874,-87,-33,-71
2025-11-27T21:57:43.647176,46,55,128,183,295,133,83,65,1046,-2374,-8491,13769,-402,-1842,879,-72,-29,-53
2025-11-27T21:57:43.669449,45,56,121,166,295,138,84,56,1049,-2365,-8497,13767,-377,-1847,879,-29,-36,-50
2025-11-27T21:57:43.692496,64,56,124,139,221,110,73,55,1053,-2354,-8499,13768,-344,-1833,867,-4,-36,-49
2025-11-27T21:57:43.707034,64,62,132,106,169,89,61,62,1057,-2343,-8502,13768,-334,-1826,835,7,-44,-41
2025-11-27T21:57:43.729311,64,64,116,138,193,99,63,63,1054,-2332,-8502,13770,-331,-1821,859,7,-55,-5
2025-11-27T21:57:43.753303,73,75,121,134,182,83,53,62,1049,-2322,-8497,13775,-313,-1789,856,35,-54,12
2025-11-27T21:57:43.766994,73,82,135,138,195,82,55,61,1049,-2314,-8487,13782,-313,-1784,866,59,-34,3
2025-11-27T21:57:43.789489,58,85,142,179,239,92,63,60,1050,-2306,-8481,13787,-316,-1761,867,37,-30,-9
2025-11-27T21:57:43.812546,56,84,147,199,250,96,62,46,1053,-2297,-8480,13789,-312,-1763,852,11,-29,-30
2025-11-27T21:57:43.826977,54,88,162,177,227,90,63,45,1058,-2287,-8483,13789,-304,-1772,859,-15,-23,-40
2025-11-27T21:57:43.849603,47,85,166,193,250,93,63,44,1064,-2280,-8487,13786,-304,-1796,868,-27,-7,-37
2025-11-27T21:57:43.872729,45,80,156,207,253,91,62,43,1070,-2279,-8488,13786,-330,-1805,875,-6,14,-30
2025-11-27T21:57:43.886979,44,79,147,181,218,86,55,46,1077,-2277,-8488,13786,-331,-1792,865,1,13,-37
2025-11-27T21:57:43.909456,45,84,142,168,268,105,56,52,1085,-2272,-8491,13784,-323,-1790,857,-17,1,-53
2025-11-27T21:57:43.932664,47,83,127,173,264,122,62,56,1091,-2268,-8497,13780,-320,-1814,844,-26,1,-39
2025-11-27T21:57:43.946974,39,73,129,181,280,126,67,57,1095,-2266,-8500,13778,-308,-1818,866,-18,8,-13
2025-11-27T21:57:43.969597,41,73,144,170,279,132,68,59,1095,-2266,-8500,13778,-312,-1789,858,15,14,-15
2025-11-27T21:57:43.993142,40,69,158,171,290,136,74,62,1101,-2264,-8501,13778,-310,-1779,845,-1,14,-24
2025-11-27T21:57:44.007004,40,61,155,173,250,121,72,56,1105,-2264,-8507,13774,-316,-1795,838,-31,13,-24
2025-11-27T21:57:44.029480,36,53,149,168,257,101,63,52,1107,-2266,-8510,13771,-321,-1807,859,-24,19,-4
2025-11-27T21:57:44.052843,39,58,136,157,254,106,66,49,1110,-2269,-8513,13769,-311,-1793,848,-19,24,-3
2025-11-27T21:57:44.066670,37,64,144,176,312,103,60,47,1116,-2271,-8516,13766,-311,-1794,845,-17,33,-17
2025-11-27T21:57:44.089114,35,66,136,170,312,99,54,37,1121,-2275,-8522,13761,-314,-1797,847,-41,34,-10
2025-11-27T21:57:44.112178,38,70,134,163,305,98,58,46,1124,-2277,-8529,13756,-320,-1800,857,-56,24,-10
2025-11-27T21:57:44.126992,40,75,145,180,312,105,57,51,1125,-2278,-8540,13749,-320,-1825,829,-59,6,-12
2025-11-27T21:57:44.149467,41,78,145,175,311,93,47,53,1122,-2276,-8545,13747,-334,-1840,861,-35,-14,2
2025-11-27T21:57:44.173348,39,69,119,141,233,92,54,52,1119,-2276,-8541,13750,-327,-1824,869,19,-10,18
2025-11-27T21:57:44.186974,44,73,137,150,233,94,59,53,1122,-2277,-8533,13754,-309,-1780,867,36,16,5
2025-11-27T21:57:44.209497,43,72,157,158,255,96,55,47,1129,-2278,-8531,13755,-304,-1768,856,1,35,-19
2025-11-27T21:57:44.230377,42,71,162,153,243,94,56,42,1136,-2280,-8535,13752,-320,-1800,864,-32,30,-31
2025-11-27T21:57:44.252999,38,64,160,140,218,96,53,38,1140,-2280,-8540,13748,-349,-1816,856,-37,8,-37
2025-11-27T21:57:44.267489,39,63,161,143,232,87,45,37,1145,-2278,-8544,13745,-351,-1802,838,-21,2,-47
2025-11-27T21:57:44.292147,37,65,152,145,226,84,40,33,1155,-2274,-8546,13744,-331,-1816,840,-2,7,-64
2025-11-27T21:57:44.315262,36,65,147,145,199,91,48,31,1167,-2270,-8545,13744,-328,-1818,831,26,13,-67
2025-11-27T21:57:44.329429,34,66,161,142,197,89,53,34,1177,-2266,-8541,13747,-315,-1799,839,36,10,-57
2025-11-27T21:57:44.353096,37,64,163,154,199,90,56,36,1183,-2263,-8542,13746,-313,-1798,809,10,3,-39
2025-11-27T21:57:44.375153,39,68,167,159,176,86,54,35,1185,-2263,-8546,13743,-317,-1803,822,-17,-1,-13
2025-11-27T21:57:44.389418,37,57,152,147,156,78,50,34,1184,-2264,-8551,13740,-307,-1806,833,-25,5,3
2025-11-27T21:57:44.412615,35,52,143,173,191,76,45,40,1181,-2266,-8554,13738,-313,-1819,830,-23,3,22
2025-11-27T21:57:44.435227,37,42,102,162,184,74,45,38,1174,-2270,-8556,13736,-336,-1811,822,-9,-6,33
2025-11-27T21:57:44.449495,33,42,111,157,156,66,45,37,1169,-2271,-8555,13737,-311,-1804,849,-5,-8,30
2025-11-27T21:57:44.472689,32,41,108,152,165,78,53,38,1166,-2273,-8556,13737,-305,-1802,842,-13,2,27
2025-11-27T21:57:44.495209,28,42,108,154,198,84,53,43,1164,-2276,-8557,13736,-316,-1797,848,-13,10,16
2025-11-27T21:57:44.509410,36,50,101,139,188,75,50,39,1163,-2280,-8558,13735,-308,-1797,848,-20,21,24
2025-11-27T21:57:44.532269,37,52,101,145,198,94,62,43,1163,-2286,-8561,13732,-300,-1815,842,-24,33,28
2025-11-27T21:57:44.552784,41,53,90,148,204,99,71,47,1164,-2293,-8561,13730,-304,-1822,842,-9,40,24
2025-11-27T21:57:44.566843,43,48,90,172,213,96,68,45,1164,-2304,-8561,13729,-312,-1805,857,-17,55,36
2025-11-27T21:57:44.590854,44,52,99,180,184,92,69,41,1163,-2319,-8561,13726,-310,-1801,844,-24,77,52
2025-11-27T21:57:44.615095,38,43,88,161,147,94,69,38,1163,-2337,-8563,13722,-341,-1818,832,-26,86,48
2025-11-27T21:57:44.629167,34,41,88,156,125,71,59,33,1161,-2356,-8563,13719,-355,-1833,849,-21,81,57
2025-11-27T21:57:44.652778,29,39,93,154,126,76,49,28,1156,-2378,-8561,13717,-365,-1835,854,-14,86,81
2025-11-27T21:57:44.675218,27,40,90,128,110,74,45,28,1153,-2402,-8555,13717,-359,-1803,843,7,107,84
2025-11-27T21:57:44.689279,28,33,85,115,112,73,46,28,1151,-2432,-8552,13713,-375,-1803,851,-23,135,86
2025-11-27T21:57:44.713344,31,38,100,136,171,89,56,33,1144,-2471,-8556,13704,-404,-1820,823,-62,157,116
2025-11-27T21:57:44.735199,33,40,102,149,191,100,55,33,1132,-2518,-8558,13696,-445,-1832,832,-63,176,157
2025-11-27T21:57:44.749440,34,45,118,166,188,92,54,33,1116,-2572,-8560,13686,-477,-1812,808,-67,193,183
2025-11-27T21:57:44.773343,32,44,115,170,179,89,57,35,1097,-2630,-8563,13674,-508,-1815,812,-84,199,201
2025-11-27T21:57:44.795128,27,45,113,189,183,98,61,35,1074,-2691,-8565,13663,-552,-1799,790,-79,196,210
2025-11-27T21:57:44.809509,25,40,103,185,176,92,55,32,1049,-2753,-8567,13651,-615,-1775,803,-99,186,199
2025-11-27T21:57:44.832599,24,40,102,182,180,91,54,31,1025,-2811,-8581,13632,-665,-1770,773,-163,163,146
2025-11-27T21:57:44.855500,24,35,84,192,200,92,55,33,1001,-2856,-8605,13610,-717,-1782,769,-213,93,82
2025-11-27T21:57:44.868958,24,38,97,199,203,93,51,31,977,-2884,-8636,13586,-709,-1820,753,-238,17,33
2025-11-27T21:57:44.892624,26,37,111,196,210,92,49,31,962,-2896,-8656,13572,-705,-1846,753,-137,-35,-29
2025-11-27T21:57:44.915415,32,42,114,187,204,87,49,29,962,-2892,-8652,13575,-693,-1840,766,32,-65,-117
2025-11-27T21:57:44.929495,34,47,118,184,198,83,54,31,982,-2877,-8633,13589,-666,-1817,762,161,-66,-218
2025-11-27T21:57:44.952569,39,54,128,179,188,99,64,32,1020,-2850,-8608,13608,-628,-1784,716,244,-71,-311
2025-11-27T21:57:44.975641,43,56,120,173,185,100,66,40,1064,-2811,-8584,13628,-564,-1751,707,259,-100,-360
2025-11-27T21:57:44.989088,48,58,108,158,182,101,64,45,1116,-2758,-8563,13647,-468,-1706,740,231,-122,-401
2025-11-27T21:57:45.012665,46,55,105,161,165,99,63,48,1180,-2695,-8554,13660,-401,-1741,752,176,-122,-477
2025-11-27T21:57:45.035180,46,57,117,158,173,102,67,51,1258,-2625,-8552,13668,-364,-1757,768,146,-109,-563
2025-11-27T21:57:45.049434,42,51,104,132,184,97,61,52,1348,-2552,-8556,13671,-270,-1759,781,108,-68,-599
2025-11-27T21:57:45.072183,39,47,106,172,206,98,62,47,1442,-2474,-8568,13668,-161,-1755,777,61,-58,-603
2025-11-27T21:57:45.094921,34,49,117,179,208,93,63,42,1535,-2392,-8584,13662,-91,-1799,760,54,-72,-593
2025-11-27T21:57:45.109446,35,51,123,186,214,107,70,46,1619,-2304,-8597,13660,-57,-1840,799,66,-131,-556
2025-11-27T21:57:45.132587,36,55,140,184,190,108,66,48,1685,-2216,-8611,13657,-30,-1851,785,53,-178,-479
2025-11-27T21:57:45.155163,39,63,168,245,170,99,60,48,1738,-2130,-8623,13657,-9,-1838,806,48,-203,-405
2025-11-27T21:57:45.177131,44,79,208,305,191,102,64,53,1781,-2050,-8629,13660,32,-1819,817,65,-206,-330
2025-11-27T21:57:45.191967,48,83,223,347,208,113,73,59,1811,-1972,-8639,13661,64,-1837,808,41,-231,-257
2025-11-27T21:57:45.215105,46,85,236,357,194,100,66,54,1826,-1896,-8644,13667,70,-1830,799,73,-268,-181
2025-11-27T21:57:45.237704,44,80,224,362,212,91,64,50,1820,-1825,-8643,13678,91,-1841,857,69,-300,-64
2025-11-27T21:57:45.251942,41,75,213,324,212,88,68,46,1803,-1766,-8638,13691,87,-1845,891,76,-284,26
2025-11-27T21:57:45.275204,35,60,173,245,178,81,64,40,1782,-1718,-8624,13709,47,-1837,925,103,-246,62
2025-11-27T21:57:45.297417,31,51,152,186,179,66,52,35,1759,-1682,-8612,13724,-4,-1779,928,60,-210,74
2025-11-27T21:57:45.312674,31,46,140,173,182,70,55,37,1735,-1651,-8616,13728,-49,-1767,894,-31,-204,51
2025-11-27T21:57:45.335225,30,43,128,156,168,101,79,43,1714,-1617,-8628,13727,-64,-1832,907,-73,-214,13
2025-11-27T21:57:45.365249,38,46,118,178,223,146,116,61,1701,-1583,-8635,13728,-80,-1850,927,-46,-194,-27
2025-11-27T21:57:45.371902,42,48,130,196,224,151,118,64,1701,-1551,-8630,13735,-47,-1808,952,13,-137,-60
2025-11-27T21:57:45.395263,40,44,120,184,198,149,119,62,1709,-1526,-8628,13739,-4,-1811,909,18,-74,-68
2025-11-27T21:57:45.417697,39,43,105,175,226,186,129,65,1720,-1508,-8621,13743,-24,-1824,916,34,-32,-62
2025-11-27T21:57:45.432705,39,44,106,178,244,174,117,60,1731,-1499,-8616,13746,10,-1777,887,24,13,-29
2025-11-27T21:57:45.455181,33,36,95,143,192,144,83,44,1745,-1505,-8626,13737,168,-1729,862,-93,130,62
2025-11-27T21:57:45.477742,27,29,71,105,182,138,77,38,1761,-1541,-8654,13713,393,-1809,948,-264,322,243
2025-11-27T21:57:45.491100,29,38,72,103,181,137,76,36,1769,-1621,-8677,13689,564,-1829,1040,-319,558,504
2025-11-27T21:57:45.515440,30,44,64,94,136,76,53,28,1765,-1754,-8694,13662,589,-1793,1045,-355,786,746
2025-11-27T21:57:45.537677,34,42,57,89,93,64,48,35,1752,-1932,-8723,13621,494,-1798,1010,-472,955,874
2025-11-27T21:57:45.551431,36,54,64,90,101,56,43,41,1741,-2142,-8759,13568,324,-1856,978,-550,1087,888
2025-11-27T21:57:45.575394,38,56,62,91,97,54,43,44,1740,-2375,-8786,13512,185,-1895,901,-485,1202,874
2025-11-27T21:57:45.597488,40,52,59,74,91,50,42,49,1752,-2620,-8794,13460,61,-1889,824,-354,1283,824
2025-11-27T21:57:45.611514,40,51,67,64,87,45,42,51,1787,-2864,-8788,13409,-59,-1885,748,-238,1334,691
2025-11-27T21:57:45.642669,37,49,65,57,79,49,41,46,1851,-3098,-8774,13358,-195,-1845,685,-157,1355,487
2025-11-27T21:57:45.657558,37,38,64,51,59,47,39,43,1940,-3315,-8755,13305,-313,-1850,624,-75,1335,276
2025-11-27T21:57:45.671841,41,42,74,122,201,69,44,44,2050,-3515,-8732,13252,-428,-1831,550,6,1299,88
2025-11-27T21:57:45.695293,41,40,73,132,219,79,48,41,2178,-3700,-8706,13199,-542,-1842,457,86,1255,-85
2025-11-27T21:57:45.717751,41,37,69,145,233,88,52,42,2317,-3867,-8670,13151,-672,-1831,392,201,1184,-228
2025-11-27T21:57:45.729623,40,38,70,145,237,93,52,43,2459,-4011,-8624,13112,-747,-1818,392,294,1068,-326
2025-11-27T21:57:45.752916,41,36,64,147,245,92,49,52,2596,-4132,-8576,13079,-827,-1806,352,346,929,-401
2025-11-27T21:57:45.775590,40,31,56,117,198,87,45,51,2724,-4226,-8529,13054,-928,-1790,335,383,748,-492
2025-11-27T21:57:45.790387,42,33,54,122,204,95,62,54,2843,-4289,-8480,13040,-971,-1788,350,431,564,-544
2025-11-27T21:57:45.815186,43,34,58,112,202,93,66,58,2950,-4334,-8430,13034,-943,-1750,397,434,446,-527
2025-11-27T21:57:45.845214,44,35,58,114,202,85,65,61,3035,-4375,-8400,13020,-978,-1699,373,298,351,-502
2025-11-27T21:57:45.851783,40,41,79,116,202,89,67,56,3098,-4407,-8391,13000,-1017,-1740,393,163,223,-486
2025-11-27T21:57:45.875192,38,40,75,101,180,94,74,56,3144,-4423,-8397,12980,-971,-1766,420,76,106,-453
2025-11-27T21:57:45.897738,33,37,75,84,155,78,57,55,3172,-4432,-8415,12958,-897,-1791,452,-20,30,-381
2025-11-27T21:57:45.920169,29,34,71,76,141,72,51,53,3183,-4442,-8437,12938,-869,-1815,478,-68,-14,-287
2025-11-27T21:57:45.935232,29,33,73,80,143,74,50,48,3180,-4450,-8460,12920,-853,-1823,488,-95,-58,-219
2025-11-27T21:57:45.964954,27,26,67,92,131,72,47,42,3167,-4455,-8483,12907,-834,-1824,516,-107,-105,-171
2025-11-27T21:57:45.971727,29,27,71,120,103,56,40,46,3142,-4455,-8509,12896,-800,-1841,534,-144,-153,-116
2025-11-27T21:57:45.995191,32,35,88,177,118,60,41,48,3105,-4455,-8542,12883,-750,-1851,548,-199,-181,-47
2025-11-27T21:57:46.017737,36,36,87,181,113,59,39,61,3058,-4460,-8578,12869,-692,-1879,557,-250,-180,35
2025-11-27T21:57:46.031622,37,37,99,197,112,61,44,65,3005,-4467,-8616,12853,-636,-1900,565,-276,-170,105
2025-11-27T21:57:46.055220,39,39,92,195,109,59,46,70,2949,-4475,-8651,12840,-602,-1932,588,-273,-167,147
2025-11-27T21:57:46.077718,38,39,95,175,105,60,46,79,2897,-4482,-8680,12830,-562,-1927,589,-237,-148,163
2025-11-27T21:57:46.100199,36,34,87,155,83,54,45,80,2850,-4487,-8705,12822,-544,-1944,587,-207,-139,161
2025-11-27T21:57:46.115382,32,33,94,159,77,50,43,67,2803,-4489,-8730,12814,-545,-1935,576,-199,-149,146
2025-11-27T21:57:46.137529,32,35,100,154,64,50,40,66,2755,-4484,-8757,12808,-557,-1950,564,-195,-190,130
2025-11-27T21:57:46.159734,32,34,97,147,72,51,38,63,2709,-4469,-8779,12808,-546,-1968,576,-148,-229,114
2025-11-27T21:57:46.175355,30,33,92,149,71,47,36,45,2667,-4447,-8799,12811,-528,-1943,572,-122,-250,88
2025-11-27T21:57:46.197327,32,33,85,125,69,51,41,41,2634,-4418,-8813,12818,-500,-1920,572,-64,-246,49
2025-11-27T21:57:46.220215,32,35,79,117,71,54,41,45,2609,-4387,-8824,12826,-482,-1902,579,-40,-227,20
2025-11-27T21:57:46.242696,34,35,66,102,69,48,38,46,2591,-4356,-8835,12833,-478,-1896,583,-36,-203,-15
2025-11-27T21:57:46.257626,31,34,69,107,66,56,42,45,2580,-4327,-8846,12837,-465,-1884,578,-34,-170,-37
2025-11-27T21:57:46.280208,32,34,68,106,77,63,45,56,2575,-4304,-8860,12837,-457,-1891,574,-58,-125,-52
2025-11-27T21:57:46.295628,30,33,70,87,73,61,42,57,2575,-4285,-8875,12833,-444,-1918,583,-70,-81,-54
2025-11-27T21:57:46.317697,30,32,73,96,78,67,44,55,2575,-4273,-8889,12827,-451,-1941,579,-70,-46,-40
2025-11-27T21:57:46.340118,27,30,64,92,83,76,50,54,2574,-4267,-8901,12821,-458,-1922,557,-62,-29,-24
2025-11-27T21:57:46.355102,28,30,64,91,83,74,49,54,2572,-4266,-8914,12813,-465,-1927,533,-72,-15,-7
2025-11-27T21:57:46.375446,29,33,74,114,74,68,46,44,2568,-4266,-8927,12804,-453,-1940,541,-77,-7,9
2025-11-27T21:57:46.397918,30,37,77,115,87,67,43,37,2564,-4268,-8936,12798,-461,-1964,541,-53,-3,24
2025-11-27T21:57:46.412898,34,44,94,133,85,68,48,38,2558,-4270,-8938,12797,-485,-1954,536,-10,-11,34
2025-11-27T21:57:46.436198,34,41,96,131,79,58,43,35,2550,-4271,-8941,12797,-483,-1921,515,-6,-24,38
2025-11-27T21:57:46.459796,34,43,95,132,86,69,48,39,2542,-4269,-8942,12798,-477,-1911,532,-6,-37,28
2025-11-27T21:57:46.475681,33,42,91,115,95,73,48,41,2535,-4266,-8945,12798,-482,-1904,529,-12,-42,22
2025-11-27T21:57:46.497531,37,40,85,130,82,72,49,42,2528,-4263,-8947,12799,-495,-1898,552,-13,-38,9
2025-11-27T21:57:46.520090,32,33,67,109,80,66,42,39,2528,-4258,-8946,12802,-489,-1906,555,12,-26,-11
2025-11-27T21:57:46.535153,33,38,82,126,86,68,43,38,2530,-4254,-8945,12803,-505,-1903,555,12,-11,-30
2025-11-27T21:57:46.564810,32,36,83,129,85,56,34,36,2534,-4250,-8947,12802,-515,-1912,550,-4,-15,-50
2025-11-27T21:57:46.579975,33,32,84,139,75,52,33,36,2540,-4240,-8951,12802,-498,-1905,551,-3,-29,-72
2025-11-27T21:57:46.594418,32,35,99,133,98,69,45,35,2546,-4230,-8956,12800,-484,-1896,544,-11,-29,-72
2025-11-27T21:57:46.617193,32,40,108,132,138,102,67,40,2553,-4220,-8959,12800,-479,-1908,562,3,-27,-64
2025-11-27T21:57:46.639955,33,36,95,120,143,103,69,42,2560,-4213,-8959,12801,-484,-1900,545,19,-12,-62
2025-11-27T21:57:46.654473,36,39,99,121,142,103,71,42,2570,-4207,-8960,12800,-471,-1888,533,17,-1,-66
2025-11-27T21:57:46.677736,33,38,98,108,141,102,71,43,2575,-4203,-8963,12799,-473,-1907,538,0,-5,-44
2025-11-27T21:57:46.699691,30,35,84,101,128,91,66,42,2577,-4202,-8965,12797,-474,-1914,527,1,-3,-21
2025-11-27T21:57:46.714071,31,33,85,144,106,57,45,37,2577,-4202,-8965,12797,-475,-1924,551,-4,5,8
2025-11-27T21:57:46.737665,29,33,88,157,114,58,42,35,2573,-4208,-8967,12795,-481,-1898,529,-19,13,22
2025-11-27T21:57:46.760154,24,32,82,155,116,69,41,30,2571,-4214,-8968,12792,-471,-1904,530,-14,17,23
2025-11-27T21:57:46.774517,26,35,81,156,116,78,43,35,2570,-4214,-8968,12792,-482,-1910,557,-15,13,12
2025-11-27T21:57:46.797691,30,39,93,159,117,79,42,46,2569,-4217,-8972,12789,-489,-1902,534,-28,5,-6
2025-11-27T21:57:46.820257,30,37,75,118,100,76,39,49,2568,-4216,-8978,12785,-469,-1923,535,-31,-8,-9
2025-11-27T21:57:46.834478,30,36,85,105,88,76,40,53,2568,-4216,-8978,12785,-482,-1936,529,-16,-15,-11
2025-11-27T21:57:46.857619,30,36,88,101,79,63,38,53,2568,-4212,-8978,12786,-470,-1935,540,13,-22,-8
2025-11-27T21:57:46.880110,29,33,86,100,84,59,36,48,2567,-4207,-8978,12789,-456,-1929,530,24,-29,2
2025-11-27T21:57:46.894393,25,29,76,92,78,60,35,37,2565,-4204,-8975,12791,-459,-1904,551,15,-19,6
2025-11-27T21:57:46.917608,23,26,76,91,97,63,39,33,2565,-4204,-8976,12791,-443,-1907,545,-8,-6,8
2025-11-27T21:57:46.940217,22,24,60,86,108,65,52,33,2566,-4207,-8975,12791,-448,-1919,553,-4,16,18
2025-11-27T21:57:46.954374,25,25,56,99,116,65,51,34,2566,-4213,-8971,12791,-456,-1919,551,14,33,32
2025-11-27T21:57:46.978180,23,25,61,102,112,61,50,33,2565,-4220,-8966,12792,-465,-1911,563,9,36,36
2025-11-27T21:57:47.000195,28,33,79,120,124,63,51,37,2568,-4226,-8960,12794,-462,-1905,562,23,41,21
2025-11-27T21:57:47.014499,31,33,82,123,111,59,49,36,2572,-4232,-8957,12794,-476,-1904,550,12,39,6
2025-11-27T21:57:47.037258,33,34,84,125,102,51,34,36,2573,-4238,-8954,12794,-488,-1912,546,12,31,8
2025-11-27T21:57:47.060264,32,34,82,111,94,54,38,36,2573,-4244,-8949,12795,-481,-1917,544,24,26,25
2025-11-27T21:57:47.082721,33,37,94,131,98,54,39,37,2574,-4250,-8943,12797,-474,-1886,535,30,27,25
2025-11-27T21:57:47.098580,29,30,93,166,89,49,39,33,2576,-4255,-8941,12796,-468,-1886,534,9,33,12
2025-11-27T21:57:47.119766,26,30,95,179,84,51,39,36,2578,-4263,-8941,12793,-475,-1895,544,-12,43,10
2025-11-27T21:57:47.142760,23,32,95,175,76,50,38,35,2580,-4275,-8940,12790,-457,-1908,538,-7,68,38
2025-11-27T21:57:47.157329,23,33,95,182,78,45,33,33,2584,-4294,-8933,12788,-412,-1898,556,6,117,87
2025-11-27T21:57:47.180203,23,32,82,174,83,48,33,34,2589,-4327,-8925,12781,-394,-1889,533,-6,185,130
2025-11-27T21:57:47.202253,24,30,62,131,88,51,36,34,2595,-4374,-8918,12769,-363,-1887,542,-41,267,181
2025-11-27T21:57:47.216963,23,29,54,121,90,49,36,32,2602,-4436,-8911,12751,-346,-1895,531,-69,348,240
2025-11-27T21:57:47.240177,24,28,55,124,87,50,38,31,2607,-4514,-8903,12728,-335,-1890,515,-97,421,296
2025-11-27T21:57:47.262688,21,25,50,121,83,50,38,30,2609,-4604,-8896,12700,-339,-1883,523,-138,474,347
2025-11-27T21:57:47.277069,22,23,55,115,75,63,43,29,2610,-4706,-8894,12664,-340,-1873,468,-174,530,384
2025-11-27T21:57:47.307682,22,27,63,106,56,61,42,28,2614,-4819,-8892,12622,-341,-1847,429,-191,589,401
2025-11-27T21:57:47.330224,24,27,62,107,55,63,44,28,2621,-4942,-8891,12574,-345,-1829,368,-195,646,414
2025-11-27T21:57:47.336935,25,27,58,102,67,76,45,26,2630,-5074,-8889,12521,-347,-1798,333,-209,698,435
2025-11-27T21:57:47.367760,27,31,73,109,72,89,60,34,2637,-5219,-8893,12456,-387,-1744,233,-250,747,447
2025-11-27T21:57:47.382303,29,36,82,156,88,88,70,40,2635,-5372,-8905,12383,-468,-1735,221,-345,754,450
2025-11-27T21:57:47.396984,30,37,81,177,149,129,82,43,2618,-5522,-8930,12302,-629,-1773,202,-443,682,410
2025-11-27T21:57:47.420676,28,39,94,196,159,144,104,45,2590,-5658,-8960,12224,-833,-1802,211,-486,570,325
2025-11-27T21:57:47.442733,32,45,98,197,173,146,114,48,2548,-5778,-8989,12155,-1036,-1815,243,-497,443,250
2025-11-27T21:57:47.456885,32,44,89,190,173,142,106,44,2487,-5880,-9026,12092,-1277,-1885,232,-534,273,165
2025-11-27T21:57:47.480211,30,40,76,154,167,141,100,37,2405,-5949,-9065,12045,-1564,-1984,250,-519,40,46
2025-11-27T21:57:47.502582,30,37,80,158,128,106,92,37,2294,-5994,-9099,12019,-1800,-2075,236,-470,-203,27
2025-11-27T21:57:47.516961,31,36,73,134,119,84,64,33,2157,-6013,-9119,12020,-1868,-2152,274,-383,-424,101
2025-11-27T21:57:47.539917,24,30,71,135,96,67,42,26,2008,-5994,-9126,12049,-1733,-2207,331,-256,-642,176
2025-11-27T21:57:47.562660,23,31,71,133,95,58,39,24,1860,-5930,-9126,12105,-1575,-2231,378,-129,-859,160
2025-11-27T21:57:47.576941,23,31,72,141,91,43,34,23,1715,-5820,-9116,12187,-1531,-2204,384,44,-1086,73
2025-11-27T21:57:47.600029,22,34,69,122,114,53,31,22,1570,-5672,-9095,12292,-1521,-2168,354,213,-1308,-18
2025-11-27T21:57:47.622664,20,34,65,117,132,58,32,20,1425,-5489,-9055,12421,-1484,-2104,334,411,-1503,-69
2025-11-27T21:57:47.636820,23,34,63,117,140,72,39,24,1298,-5265,-8999,12571,-1358,-2005,302,591,-1614,-32
2025-11-27T21:57:47.660816,23,31,63,117,146,78,44,25,1164,-5038,-8917,12735,-1221,-1893,324,732,-1665,52
2025-11-27T21:57:47.680888,24,31,69,111,171,82,44,25,1033,-4807,-8829,12896,-1078,-1760,312,766,-1666,45
2025-11-27T21:57:47.694058,24,26,59,92,161,77,45,25,922,-4560,-8755,13044,-946,-1650,298,700,-1656,-108
2025-11-27T21:57:47.717907,25,26,55,79,149,79,44,25,834,-4316,-8707,13164,-815,-1617,304,630,-1597,-289
2025-11-27T21:57:47.740597,24,24,52,75,154,84,42,24,778,-4064,-8671,13271,-715,-1678,350,590,-1503,-435
2025-11-27T21:57:47.755067,27,26,51,81,213,115,46,26,760,-3813,-8619,13381,-597,-1682,390,726,-1373,-543
2025-11-27T21:57:47.784055,27,25,37,73,200,116,59,29,855,-3322,-8466,13601,-350,-1520,404,953,-1027,-848
2025-11-27T21:57:47.801255,28,27,36,79,200,117,66,30,974,-3087,-8394,13693,-243,-1461,433,917,-830,-1040
2025-11-27T21:57:47.823983,28,25,38,78,203,135,75,31,1122,-2852,-8349,13760,-92,-1521,575,708,-684,-1151
2025-11-27T21:57:47.843531,26,27,51,90,192,130,75,32,1281,-2627,-8327,13804,68,-1575,663,526,-558,-1152
2025-11-27T21:57:47.861938,26,27,50,80,120,101,71,32,1443,-2416,-8308,13838,189,-1600,695,470,-446,-1103
2025-11-27T21:57:47.884503,30,34,59,90,121,99,63,32,1620,-2224,-8286,13864,257,-1617,744,458,-303,-1106
2025-11-27T21:57:47.910957,33,40,71,108,134,124,64,37,1799,-2049,-8256,13886,362,-1612,828,449,-189,-1047
2025-11-27T21:57:47.921902,36,42,73,115,135,111,60,42,1952,-1895,-8241,13897,477,-1606,864,299,-139,-845
2025-11-27T21:57:47.944487,37,42,68,114,172,119,75,45,2060,-1761,-8253,13891,497,-1635,910,63,-181,-607
2025-11-27T21:57:47.963264,37,40,68,117,182,122,79,45,2129,-1639,-8286,13877,461,-1625,970,-120,-258,-443
2025-11-27T21:57:47.982517,32,37,66,106,174,121,77,43,2181,-1522,-8325,13858,460,-1715,1017,-180,-296,-373
2025-11-27T21:57:48.004403,27,29,53,81,154,89,69,38,2223,-1415,-8346,13850,448,-1798,1050,-73,-279,-295
2025-11-27T21:57:48.023620,27,25,47,66,142,85,72,38,2255,-1328,-8334,13861,398,-1774,1068,111,-215,-198
2025-11-27T21:57:48.042003,28,26,42,51,101,87,64,34,2271,-1258,-8304,13883,399,-1701,1084,182,-175,-55
2025-11-27T21:57:48.064242,26,27,44,45,92,90,63,33,2268,-1206,-8287,13898,387,-1655,1074,74,-157,57
2025-11-27T21:57:48.083561,25,27,41,50,111,89,64,40,2258,-1169,-8298,13897,306,-1698,1037,-84,-140,68
2025-11-27T21:57:48.102196,28,27,42,50,107,90,65,40,2246,-1146,-8322,13886,213,-1734,1032,-183,-114,55
2025-11-27T21:57:48.124456,31,29,43,54,123,132,103,50,2233,-1134,-8354,13870,141,-1821,1025,-219,-88,49
2025-11-27T21:57:48.143683,33,32,48,60,140,144,114,58,2226,-1123,-8383,13854,89,-1795,1032,-220,-80,1
2025-11-27T21:57:48.162054,34,31,46,70,135,141,112,57,2232,-1104,-8398,13846,108,-1764,1018,-122,-69,-68
2025-11-27T21:57:48.184140,43,32,41,72,154,162,134,63,2246,-1085,-8405,13841,132,-1809,1010,-56,-32,-95
2025-11-27T21:57:48.203630,46,34,44,73,182,198,159,71,2266,-1074,-8405,13838,171,-1792,1019,-30,28,-73
2025-11-27T21:57:48.221870,44,36,59,118,173,177,138,65,2286,-1079,-8403,13836,284,-1636,1008,-66,138,26
2025-11-27T21:57:48.252063,41,32,56,127,155,157,124,57,2292,-1108,-8423,13820,473,-1698,1045,-234,251,238
2025-11-27T21:57:48.263817,41,32,55,123,150,157,124,58,2273,-1184,-8457,13797,589,-1716,1049,-379,422,547
2025-11-27T21:57:48.281950,32,30,55,119,115,135,102,48,2229,-1314,-8497,13767,642,-1715,1050,-488,620,853
2025-11-27T21:57:48.304265,28,29,56,121,63,71,58,42,2158,-1492,-8557,13723,579,-1792,1028,-649,755,1087
2025-11-27T21:57:48.323524,26,31,44,77,64,52,42,40,2081,-1707,-8619,13671,358,-1855,998,-707,872,1141
2025-11-27T21:57:48.346245,31,35,51,71,57,50,40,41,2001,-1942,-8669,13620,181,-1954,947,-623,929,1164
2025-11-27T21:57:48.364553,53,37,54,65,52,46,38,52,1920,-2187,-8703,13573,81,-1957,868,-524,977,1191
2025-11-27T21:57:48.384281,67,37,57,72,65,60,41,58,1846,-2436,-8723,13528,-49,-1992,793,-422,996,1151
2025-11-27T21:57:48.405814,83,42,56,76,91,93,59,60,1783,-2676,-8727,13488,-234,-2000,724,-286,967,1026
2025-11-27T21:57:48.424421,106,43,57,77,99,108,69,65,1738,-2894,-8706,13463,-365,-1896,693,-111,897,863
2025-11-27T21:57:48.443613,111,48,77,90,109,113,71,67,1718,-3082,-8678,13442,-467,-1871,607,13,816,638
2025-11-27T21:57:48.466321,109,49,79,132,123,119,78,61,1714,-3246,-8652,13420,-624,-1823,553,43,718,418
2025-11-27T21:57:48.484491,119,52,91,139,124,119,80,59,1720,-3386,-8618,13406,-787,-1861,547,134,605,254
2025-11-27T21:57:48.504081,142,58,98,146,114,112,74,60,1733,-3507,-8568,13406,-875,-1830,556,259,523,164
2025-11-27T21:57:48.525952,134,58,97,150,117,111,74,64,1756,-3614,-8505,13415,-908,-1708,546,351,474,75
2025-11-27T21:57:48.544436,134,52,88,139,112,110,74,73,1792,-3707,-8440,13426,-948,-1678,505,404,440,-41
2025-11-27T21:57:48.563750,129,50,86,104,99,106,72,72,1833,-3782,-8379,13437,-960,-1655,561,382,375,-115
2025-11-27T21:57:48.586710,116,45,69,95,99,104,66,70,1870,-3845,-8329,13445,-911,-1652,578,314,311,-120
2025-11-27T21:57:48.611587,74,32,71,90,97,97,58,63,1898,-3900,-8286,13452,-907,-1654,601,264,256,-109
2025-11-27T21:57:48.623331,76,28,71,88,83,93,54,58,1919,-3948,-8255,13454,-960,-1645,587,199,185,-133
2025-11-27T21:57:48.646219,69,29,57,85,80,91,52,45,1940,-3980,-8235,13454,-944,-1636,592,149,117,-184
2025-11-27T21:57:48.665519,89,33,64,87,77,87,47,59,1955,-4001,-8224,13452,-908,-1672,624,95,56,-178
2025-11-27T21:57:48.683304,127,42,70,92,69,83,48,70,1961,-4016,-8221,13449,-875,-1717,642,49,10,-143
2025-11-27T21:57:48.702333,132,45,67,87,62,74,47,70,1962,-4021,-8211,13453,-848,-1737,666,89,-45,-118
2025-11-27T21:57:48.724039,126,45,78,88,65,63,43,71,1958,-4021,-8206,13457,-832,-1697,646,70,-84,-108
2025-11-27T21:57:48.743626,131,46,82,91,74,64,41,75,1947,-4014,-8210,13458,-805,-1691,656,5,-134,-99
2025-11-27T21:57:48.761786,122,46,78,102,72,61,41,67,1925,-4001,-8224,13457,-760,-1753,692,-60,-181,-54
2025-11-27T21:57:48.784916,87,42,87,103,69,58,39,62,1897,-3982,-8234,13460,-735,-1775,726,-49,-215,-17
2025-11-27T21:57:48.811306,103,42,86,111,74,50,36,64,1866,-3956,-8241,13468,-697,-1810,758,-27,-247,8
2025-11-27T21:57:48.825927,107,41,80,115,92,40,32,58,1837,-3924,-8243,13480,-645,-1842,783,9,-266,22
2025-11-27T21:57:48.844468,103,42,81,116,91,38,33,53,1808,-3887,-8242,13495,-591,-1831,797,26,-269,37
2025-11-27T21:57:48.863634,101,43,84,111,100,46,33,51,1781,-3850,-8238,13512,-569,-1794,802,47,-263,32
2025-11-27T21:57:48.881767,93,43,89,141,148,82,45,44,1761,-3813,-8233,13528,-567,-1748,805,42,-245,-6
2025-11-27T21:57:48.903959,64,38,85,136,148,86,48,43,1747,-3775,-8240,13537,-557,-1737,776,-5,-232,-55
2025-11-27T21:57:48.926970,51,39,82,142,137,87,49,47,1740,-3737,-8246,13544,-545,-1782,798,1,-210,-78
2025-11-27T21:57:48.949430,48,37,77,156,147,89,48,47,1734,-3705,-8248,13552,-539,-1794,775,32,-176,-55
2025-11-27T21:57:48.964281,40,34,78,157,157,100,55,49,1726,-3684,-8245,13561,-534,-1770,789,38,-130,-12
2025-11-27T21:57:48.986800,40,32,68,128,115,80,51,54,1718,-3673,-8244,13566,-507,-1734,787,13,-74,16
2025-11-27T21:57:49.001989,53,34,75,128,112,76,52,59,1715,-3667,-8246,13566,-491,-1735,789,-20,-32,10
2025-11-27T21:57:49.031987,51,31,77,142,121,76,52,56,1716,-3664,-8255,13562,-498,-1762,779,-45,0,-11
2025-11-27T21:57:49.046979,52,32,83,134,111,73,51,56,1716,-3666,-8263,13556,-531,-1785,789,-57,13,-8
2025-11-27T21:57:49.061955,55,30,78,133,95,54,44,59,1716,-3667,-8268,13553,-538,-1791,796,-35,7,-6
2025-11-27T21:57:49.088697,56,31,74,142,110,58,38,52,1720,-3664,-8270,13552,-517,-1779,785,-6,-7,-21
2025-11-27T21:57:49.106918,41,29,74,144,114,72,35,41,1723,-3659,-8274,13550,-531,-1775,793,-20,-12,-37
2025-11-27T21:57:49.126104,47,30,72,118,104,75,37,46,1726,-3654,-8283,13546,-511,-1765,774,-44,-12,-32
2025-11-27T21:57:49.144451,46,31,78,105,97,73,36,51,1729,-3649,-8293,13541,-504,-1793,776,-48,-12,-33
2025-11-27T21:57:49.166943,44,37,89,104,96,76,39,47,1730,-3644,-8302,13537,-531,-1817,775,-39,-22,-29
2025-11-27T21:57:49.181959,42,39,93,91,74,76,48,49,1729,-3639,-8302,13538,-553,-1814,791,5,-31,-18
2025-11-27T21:57:49.204410,45,38,92,76,80,85,66,54,1728,-3635,-8299,13541,-533,-1783,782,21,-26,-8
2025-11-27T21:57:49.231257,39,38,94,111,86,88,72,49,1728,-3630,-8301,13541,-513,-1764,780,-10,-22,-17
2025-11-27T21:57:49.241983,36,35,84,112,94,91,71,49,1730,-3622,-8305,13541,-520,-1798,806,-20,-34,-36
2025-11-27T21:57:49.264473,33,30,79,110,88,86,69,57,1730,-3613,-8305,13543,-550,-1813,796,14,-51,-34
2025-11-27T21:57:49.286967,37,31,87,107,88,78,62,61,1725,-3602,-8303,13548,-536,-1807,790,23,-70,-6
2025-11-27T21:57:49.302403,35,30,80,114,80,54,48,58,1720,-3592,-8300,13553,-515,-1798,791,32,-67,4
2025-11-27T21:57:49.324455,33,32,81,81,75,79,56,60,1717,-3582,-8295,13559,-520,-1782,802,36,-60,-9
2025-11-27T21:57:49.346946,36,33,78,77,77,84,61,55,1715,-3572,-8295,13562,-516,-1770,786,13,-57,-22
2025-11-27T21:57:49.361966,35,33,74,78,77,85,61,51,1715,-3560,-8298,13563,-502,-1768,775,0,-56,-34
2025-11-27T21:57:49.384608,31,30,55,77,77,87,61,46,1716,-3550,-8300,13565,-499,-1775,786,0,-49,-31
2025-11-27T21:57:49.406951,29,31,71,79,76,85,58,45,1718,-3541,-8298,13568,-498,-1777,812,18,-33,-28
2025-11-27T21:57:49.425946,31,28,67,86,73,66,44,47,1723,-3534,-8296,13570,-493,-1765,793,22,-18,-37
2025-11-27T21:57:49.444279,28,33,93,122,77,65,46,48,1729,-3528,-8300,13569,-489,-1760,771,-8,-11,-46
2025-11-27T21:57:49.466904,29,34,99,124,83,66,50,44,1735,-3522,-8309,13564,-484,-1782,775,-36,-8,-49
2025-11-27T21:57:49.486627,29,38,108,133,89,63,53,40,1740,-3517,-8314,13562,-485,-1803,791,-19,-11,-38
2025-11-27T21:57:49.504541,29,38,103,128,96,65,56,41,1740,-3516,-8314,13561,-496,-1806,785,3,-5,-9
2025-11-27T21:57:49.527241,26,38,105,136,103,55,52,32,1744,-3513,-8310,13564,-475,-1786,819,22,5,-11
2025-11-27T21:57:49.552359,28,36,94,156,131,50,44,30,1751,-3513,-8309,13564,-471,-1786,787,14,24,-18
2025-11-27T21:57:49.562182,27,36,87,161,129,59,50,29,1760,-3517,-8309,13562,-451,-1782,789,4,54,-13
2025-11-27T21:57:49.588129,26,31,76,167,144,83,53,29,1770,-3528,-8315,13554,-411,-1783,766,-36,98,19
2025-11-27T21:57:49.602167,27,31,70,169,142,85,54,28,1772,-3551,-8327,13540,-392,-1787,790,-109,149,83
2025-11-27T21:57:49.624178,28,30,68,159,143,84,55,29,1771,-3588,-8344,13521,-379,-1815,752,-138,205,148
2025-11-27T21:57:49.654591,28,28,53,109,121,85,57,27,1764,-3641,-8356,13500,-373,-1850,744,-131,268,233
2025-11-27T21:57:49.666195,26,28,52,105,119,83,49,25,1751,-3708,-8364,13478,-358,-1831,735,-135,327,319
2025-11-27T21:57:49.684493,27,27,52,92,99,88,62,31,1731,-3788,-8370,13455,-343,-1820,706,-146,370,398
2025-11-27T21:57:49.706784,27,28,53,90,103,93,63,32,1705,-3877,-8376,13429,-332,-1807,682,-158,404,469
2025-11-27T21:57:49.726258,24,26,51,89,99,93,63,33,1678,-3974,-8383,13400,-317,-1790,627,-159,441,510
2025-11-27T21:57:49.744471,25,26,48,88,107,95,62,33,1653,-4078,-8387,13369,-301,-1745,597,-149,484,533
2025-11-27T21:57:49.767191,26,25,50,84,106,99,66,35,1631,-4192,-8389,13335,-309,-1684,571,-163,545,541
2025-11-27T21:57:49.785866,24,25,50,72,102,81,51,31,1615,-4319,-8400,13290,-332,-1627,512,-223,622,527
2025-11-27T21:57:49.804378,26,26,55,116,96,78,48,29,1607,-4458,-8426,13228,-375,-1623,465,-319,708,481
2025-11-27T21:57:49.831201,27,26,57,118,97,80,50,28,1610,-4604,-8466,13152,-447,-1682,455,-411,768,409
2025-11-27T21:57:49.846190,23,27,71,131,69,74,52,29,1625,-4747,-8504,13074,-514,-1725,487,-410,806,332
2025-11-27T21:57:49.864413,21,29,73,133,77,62,47,26,1659,-4888,-8540,12994,-563,-1714,448,-373,842,227
2025-11-27T21:57:49.886860,24,29,68,138,84,56,46,24,1711,-5027,-8585,12905,-605,-1678,385,-400,883,99
2025-11-27T21:57:49.909497,21,29,71,137,92,48,40,26,1782,-5164,-8645,12800,-636,-1689,314,-456,935,-39
2025-11-27T21:57:49.924433,22,32,86,168,129,44,40,27,1874,-5294,-8710,12690,-628,-1727,293,-455,979,-152
2025-11-27T21:57:49.946255,25,29,80,174,133,44,40,29,1986,-5415,-8780,12574,-641,-1725,265,-459,1001,-287
2025-11-27T21:57:49.968897,28,30,81,183,132,51,42,31,2118,-5526,-8860,12446,-664,-1679,213,-495,1031,-458
2025-11-27T21:57:49.983912,30,31,83,190,161,70,54,38,2272,-5631,-8951,12306,-697,-1694,194,-535,1085,-625
2025-11-27T21:57:50.006174,30,31,85,174,170,74,60,38,2444,-5734,-9050,12153,-751,-1765,164,-576,1148,-757
2025-11-27T21:57:50.029417,31,31,75,154,153,81,67,41,2628,-5833,-9154,11988,-783,-1784,121,-609,1183,-864
2025-11-27T21:57:50.044337,30,32,70,142,172,93,69,39,2811,-5922,-9266,11815,-829,-1857,91,-660,1152,-945
2025-11-27T21:57:50.066956,31,35,70,151,271,121,79,45,2988,-6001,-9384,11638,-902,-1932,38,-698,1088,-1014
2025-11-27T21:57:50.089333,32,35,69,146,285,128,81,43,3164,-6073,-9502,11457,-941,-1963,-22,-695,1066,-1069
2025-11-27T21:57:50.109150,36,41,69,162,330,160,91,47,3330,-6143,-9615,11277,-938,-2044,-23,-717,1044,-1038
2025-11-27T21:57:50.134414,38,43,83,193,379,168,95,48,3477,-6204,-9721,11107,-960,-2116,-13,-714,944,-991
2025-11-27T21:57:50.149524,41,48,101,217,385,164,99,53,3619,-6246,-9811,10958,-962,-2091,-48,-567,835,-998
2025-11-27T21:57:50.171870,44,47,103,209,336,163,101,52,3751,-6277,-9886,10827,-895,-2031,-26,-491,751,-936
2025-11-27T21:57:50.187401,41,46,104,205,315,152,98,50,3851,-6327,-9953,10701,-887,-2041,-76,-525,717,-733
2025-11-27T21:57:50.209075,38,40,96,187,262,116,85,45,3926,-6402,-10009,10575,-876,-1986,-119,-564,737,-548
2025-11-27T21:57:50.224504,36,38,79,145,180,101,78,45,3984,-6483,-10070,10447,-860,-1987,-155,-636,701,-471
2025-11-27T21:57:50.247006,34,31,53,103,156,105,72,41,4017,-6546,-10148,10319,-835,-2029,-113,-768,541,-477
2025-11-27T21:57:50.269439,30,32,47,85,125,81,59,44,4038,-6586,-10231,10202,-802,-2065,-54,-800,398,-493
2025-11-27T21:57:50.284421,34,34,44,90,169,93,57,46,4061,-6610,-10300,10108,-761,-2124,34,-700,334,-472
2025-11-27T21:57:50.306929,39,36,44,91,175,97,64,56,4115,-6624,-10344,10032,-761,-2124,-43,-440,392,-545
2025-11-27T21:57:50.329491,38,37,40,82,173,95,57,60,4179,-6627,-10382,9964,-718,-2142,-108,-327,379,-580
2025-11-27T21:57:50.344142,42,37,38,75,160,88,55,79,4236,-6632,-10407,9910,-622,-2262,-179,-226,338,-440
2025-11-27T21:57:50.367160,49,33,32,66,159,77,52,95,4274,-6635,-10413,9886,-505,-2232,-236,-66,207,-247
2025-11-27T21:57:50.389542,57,37,34,51,97,61,51,112,4290,-6631,-10422,9872,-463,-2011,-306,-24,70,-191
2025-11-27T21:57:50.404445,60,56,41,52,94,57,48,124,4289,-6615,-10458,9844,-392,-1899,-367,-151,-50,-224
2025-11-27T21:57:50.430629,63,62,43,50,88,52,49,125,4273,-6605,-10516,9796,-348,-1885,-387,-335,-71,-218
2025-11-27T21:57:50.462052,63,62,42,48,88,47,46,121,4244,-6614,-10588,9725,-327,-1894,-464,-495,-26,-163
2025-11-27T21:57:50.468642,58,64,45,47,88,46,44,108,4190,-6654,-10668,9634,-367,-1974,-556,-671,15,-29
2025-11-27T21:57:50.486855,51,67,48,52,81,36,38,93,4109,-6721,-10738,9544,-402,-2056,-612,-729,24,175
2025-11-27T21:57:50.509600,47,65,76,85,60,28,32,80,4007,-6801,-10794,9467,-416,-2107,-676,-701,-26,348
2025-11-27T21:57:50.524462,45,60,77,90,56,27,27,77,3897,-6877,-10829,9417,-437,-2066,-681,-557,-100,450
2025-11-27T21:57:50.547032,43,65,91,93,53,27,26,69,3782,-6956,-10853,9378,-432,-1977,-682,-497,-128,524
2025-11-27T21:57:50.569206,41,66,92,94,45,26,25,69,3659,-7042,-10879,9334,-422,-1899,-650,-572,-117,575
2025-11-27T21:57:50.584257,56,83,115,90,40,26,44,196,3531,-7135,-10912,9273,-471,-1928,-659,-699,-78,574
2025-11-27T21:57:50.606618,82,135,212,83,41,33,61,256,3403,-7232,-10948,9204,-510,-2000,-664,-767,-49,573
2025-11-27T21:57:50.629219,86,141,265,80,41,35,67,326,3264,-7332,-10979,9137,-576,-2084,-675,-807,-67,628
2025-11-27T21:57:50.644423,93,149,290,82,65,33,77,417,3122,-7434,-10994,9087,-629,-2124,-646,-743,-88,705
2025-11-27T21:57:50.666762,100,153,295,107,163,59,85,434,2983,-7534,-10996,9049,-646,-2178,-636,-681,-95,752
2025-11-27T21:57:50.689390,95,146,295,113,174,64,81,411,2858,-7628,-10984,9025,-635,-2224,-631,-565,-85,772
2025-11-27T21:57:50.704198,76,95,237,95,176,60,70,385,2747,-7709,-10959,9021,-630,-2212,-608,-421,-115,756
2025-11-27T21:57:50.726959,80,88,184,94,179,62,65,337,2642,-7773,-10934,9027,-622,-2109,-611,-333,-173,686
2025-11-27T21:57:50.749412,70,76,138,98,179,67,56,215,2544,-7818,-10924,9029,-595,-2036,-607,-354,-219,569
2025-11-27T21:57:50.764448,61,79,133,71,104,46,44,181,2459,-7845,-10926,9026,-578,-1986,-598,-357,-226,430
2025-11-27T21:57:50.786904,60,75,117,65,87,40,35,139,2394,-7859,-10935,9020,-561,-1996,-615,-328,-197,322
2025-11-27T21:57:50.809555,65,106,116,66,80,40,33,109,2347,-7867,-10944,9015,-594,-1967,-635,-256,-148,220
2025-11-27T21:57:50.831914,59,116,139,74,75,36,32,112,2314,-7866,-10952,9015,-660,-1981,-678,-175,-129,133
2025-11-27T21:57:50.846951,60,116,146,64,53,26,28,116,2287,-7857,-10957,9023,-702,-1940,-718,-88,-153,70
2025-11-27T21:57:50.869468,64,112,138,63,46,27,31,118,2262,-7842,-10964,9034,-715,-1878,-752,-42,-182,19
2025-11-27T21:57:50.891992,65,112,152,57,39,28,37,140,2245,-7819,-10977,9044,-708,-1852,-772,-22,-178,-47
2025-11-27T21:57:50.907507,65,91,147,55,37,30,46,174,2233,-7794,-10994,9047,-717,-1863,-808,-27,-158,-90
2025-11-27T21:57:50.929234,61,75,126,42,33,29,46,157,2224,-7772,-11007,9053,-723,-1884,-812,-4,-140,-83
2025-11-27T21:57:50.952207,66,84,130,56,36,31,47,154,2212,-7756,-11016,9057,-752,-1877,-847,11,-126,-50
2025-11-27T21:57:50.967233,66,101,152,59,35,30,47,166,2198,-7746,-11024,9060,-763,-1868,-869,12,-112,-31
2025-11-27T21:57:50.989864,62,101,147,63,37,28,42,147,2187,-7740,-11033,9057,-756,-1852,-891,2,-81,-21
2025-11-27T21:57:51.012058,56,94,142,69,39,27,30,105,2172,-7738,-11047,9045,-746,-1822,-890,-59,-63,-27
2025-11-27T21:57:51.026837,62,110,156,91,44,35,36,98,2152,-7735,-11074,9020,-764,-1820,-871,-169,-52,-60
2025-11-27T21:57:51.049433,57,103,154,131,44,36,35,94,2122,-7732,-11115,8978,-766,-1833,-879,-316,-58,-80
2025-11-27T21:57:51.071949,83,104,157,158,53,46,46,60,2080,-7729,-11170,8922,-798,-1902,-936,-439,-71,-91
2025-11-27T21:57:51.086737,85,103,147,169,64,51,51,48,2019,-7724,-11234,8860,-892,-1953,-984,-538,-125,-102
2025-11-27T21:57:51.109432,84,103,153,175,141,149,76,49,1922,-7724,-11294,8805,-982,-1951,-954,-625,-236,8
2025-11-27T21:57:51.132030,85,93,140,189,221,173,90,56,1799,-7736,-11342,8760,-1021,-1920,-958,-632,-314,160
2025-11-27T21:57:51.147060,87,99,133,219,353,208,96,57,1686,-7738,-11355,8763,-1004,-1896,-899,-338,-402,225
2025-11-27T21:57:51.169461,68,80,122,260,429,235,105,55,1601,-7706,-11346,8819,-1003,-1933,-852,4,-523,120
2025-11-27T21:57:51.192140,66,79,120,255,433,239,109,60,1528,-7647,-11327,8907,-1022,-1790,-888,263,-647,-14
2025-11-27T21:57:51.206890,70,100,121,282,426,195,95,65,1457,-7567,-11313,9004,-967,-1697,-843,313,-738,-92
2025-11-27T21:57:51.229554,66,99,114,281,404,176,84,63,1391,-7485,-11314,9082,-873,-1640,-824,214,-707,-130
2025-11-27T21:57:51.260235,61,91,109,253,311,139,79,65,1334,-7399,-11326,9145,-871,-1683,-828,150,-661,-202
2025-11-27T21:57:51.266887,52,90,123,285,237,93,61,62,1278,-7313,-11349,9195,-812,-1721,-798,50,-637,-199
2025-11-27T21:57:51.289396,50,88,128,322,258,88,56,58,1234,-7225,-11386,9224,-686,-1739,-785,-47,-571,-229
2025-11-27T21:57:51.312307,47,66,126,316,281,132,84,60,1213,-7149,-11413,9252,-644,-1839,-751,-1,-439,-190
2025-11-27T21:57:51.327046,46,56,124,325,271,134,90,57,1205,-7085,-11427,9285,-638,-1839,-709,76,-347,-152
2025-11-27T21:57:51.349489,46,54,123,337,265,132,91,55,1209,-7024,-11439,9317,-611,-1831,-691,100,-293,-168
2025-11-27T21:57:51.371938,42,47,92,273,229,125,90,54,1221,-6965,-11451,9344,-610,-1920,-642,68,-232,-177
2025-11-27T21:57:51.386428,48,55,112,269,249,129,91,56,1243,-6924,-11444,9381,-679,-2043,-582,136,-126,-96
2025-11-27T21:57:51.409540,43,47,109,263,231,112,80,51,1261,-6914,-11411,9426,-762,-2077,-561,223,-39,72
2025-11-27T21:57:51.431833,40,46,104,236,229,113,79,50,1273,-6932,-11365,9466,-747,-2027,-569,234,46,227
2025-11-27T21:57:51.451116,39,44,102,204,218,115,78,47,1282,-6966,-11313,9501,-791,-2088,-545,212,104,306
2025-11-27T21:57:51.469268,41,46,99,191,220,142,105,51,1283,-7010,-11248,9547,-930,-2162,-520,252,110,360
2025-11-27T21:57:51.491733,37,42,79,183,203,144,106,48,1281,-7055,-11162,9614,-1057,-2156,-513,398,78,388
2025-11-27T21:57:51.507349,35,44,79,188,175,132,97,43,1273,-7093,-11065,9699,-1105,-2145,-535,525,-11,394
2025-11-27T21:57:51.536589,36,50,93,210,196,151,96,40,1254,-7123,-10960,9798,-1141,-2097,-544,605,-124,411
2025-11-27T21:57:51.552220,36,50,94,208,196,149,98,41,1217,-7142,-10851,9910,-1199,-2039,-555,662,-262,415
2025-11-27T21:57:51.567258,33,49,99,210,189,125,69,34,1172,-7143,-10742,10033,-1210,-1954,-577,732,-397,368
2025-11-27T21:57:51.589129,26,40,90,159,141,119,64,30,1126,-7121,-10638,10164,-1189,-1877,-558,768,-514,286
2025-11-27T21:57:51.611787,24,36,75,119,131,113,67,31,1080,-7083,-10540,10296,-1162,-1818,-499,760,-579,214
2025-11-27T21:57:51.626969,24,25,54,68,85,98,60,32,1052,-7028,-10445,10432,-1116,-1802,-439,809,-588,106
2025-11-27T21:57:51.649497,24,25,49,64,98,126,60,29,1056,-6960,-10356,10566,-1050,-1784,-386,852,-527,-41
2025-11-27T21:57:51.671850,23,23,38,53,103,134,64,33,1095,-6877,-10278,10692,-954,-1772,-370,893,-455,-211
2025-11-27T21:57:51.687209,25,27,41,53,112,131,62,33,1168,-6777,-10213,10809,-857,-1789,-375,923,-396,-386
2025-11-27T21:57:51.710304,28,28,49,71,129,133,59,33,1269,-6666,-10148,10927,-768,-1817,-347,997,-354,-491
2025-11-27T21:57:51.736954,32,32,58,75,130,124,59,44,1377,-6548,-10081,11047,-728,-1844,-329,1050,-360,-531
2025-11-27T21:57:51.746477,36,32,60,73,115,93,54,49,1477,-6409,-10018,11173,-717,-1849,-298,1053,-483,-577
2025-11-27T21:57:51.781463,41,37,70,75,110,81,53,51,1568,-6251,-9962,11299,-663,-1812,-250,1019,-584,-629
2025-11-27T21:57:51.792730,47,34,67,79,122,81,55,55,1654,-6088,-9912,11419,-562,-1791,-208,964,-611,-612
2025-11-27T21:57:51.814893,49,39,68,66,103,74,59,57,1739,-5934,-9858,11533,-493,-1768,-115,933,-552,-552
2025-11-27T21:57:51.829095,47,36,67,64,97,59,57,49,1821,-5791,-9808,11636,-474,-1769,-57,853,-484,-525
2025-11-27T21:57:51.851691,44,38,74,73,101,71,57,45,1905,-5657,-9764,11725,-453,-1725,-68,806,-429,-538
2025-11-27T21:57:51.874373,39,35,67,71,100,73,53,39,1988,-5523,-9724,11807,-424,-1754,-6,749,-413,-539
2025-11-27T21:57:51.889060,34,37,74,61,70,73,68,39,2064,-5397,-9685,11885,-413,-1803,40,705,-391,-482
2025-11-27T21:57:51.911493,29,31,70,55,64,68,65,36,2131,-5285,-9639,11960,-429,-1803,94,686,-346,-417
2025-11-27T21:57:51.934443,34,34,65,52,70,93,86,47,2193,-5189,-9595,12026,-404,-1777,149,611,-280,-348
2025-11-27T21:57:51.949526,37,33,53,40,71,100,93,52,2251,-5116,-9565,12071,-349,-1768,154,470,-164,-281
2025-11-27T21:57:51.971509,41,32,53,37,68,96,92,55,2299,-5065,-9545,12099,-329,-1819,190,324,-79,-187
2025-11-27T21:57:52.002767,43,33,55,40,63,95,81,52,2328,-5036,-9527,12120,-371,-1884,232,235,-36,-62
2025-11-27T21:57:52.009434,42,32,52,45,74,107,82,51,2333,-5025,-9506,12140,-455,-1920,268,179,-43,65
2025-11-27T21:57:52.032260,64,31,52,45,67,97,65,57,2321,-5025,-9488,12156,-523,-1871,266,108,-51,123
2025-11-27T21:57:52.054040,77,31,53,44,60,84,53,62,2301,-5030,-9479,12165,-582,-1866,279,27,-48,117
2025-11-27T21:57:52.069501,79,33,51,44,70,104,67,62,2280,-5035,-9475,12170,-612,-1924,318,-17,-53,110
2025-11-27T21:57:52.091815,80,31,36,44,76,107,76,64,2262,-5036,-9468,12178,-628,-1946,369,-18,-51,87
2025-11-27T21:57:52.115181,80,33,43,56,82,106,78,65,2252,-5033,-9457,12190,-641,-1919,363,35,-52,42
2025-11-27T21:57:52.129487,62,30,48,75,91,99,70,51,2250,-5027,-9447,12201,-640,-1915,306,70,-45,-2
2025-11-27T21:57:52.152367,43,28,46,79,90,95,71,39,2250,-5018,-9436,12213,-654,-1955,325,82,-48,-19
2025-11-27T21:57:52.174078,34,27,45,93,89,76,60,36,2252,-5009,-9419,12229,-680,-1920,312,130,-52,-35
2025-11-27T21:57:52.189473,26,27,47,102,87,71,46,30,2258,-4999,-9404,12244,-661,-1889,269,152,-48,-50
2025-11-27T21:57:52.211831,23,25,38,96,74,56,40,25,2260,-4994,-9391,12255,-641,-1903,302,104,-31,-16
2025-11-27T21:57:52.234944,21,26,33,84,73,83,44,25,2253,-5007,-9381,12259,-661,-1927,283,52,21,65
2025-11-27T21:57:52.249771,25,26,32,80,77,101,54,29,2231,-5039,-9371,12258,-708,-1916,289,-6,61,168
2025-11-27T21:57:52.271946,26,25,34,66,70,106,54,30,2190,-5086,-9367,12248,-767,-1928,257,-96,64,256
2025-11-27T21:57:52.294348,25,22,29,46,65,105,56,30,2130,-5139,-9367,12237,-877,-1994,228,-127,18,308
2025-11-27T21:57:52.309499,27,22,39,41,61,105,56,29,2054,-5187,-9364,12232,-988,-2004,191,-110,-79,328
2025-11-27T21:57:52.331969,26,21,44,35,45,84,52,28,1962,-5217,-9363,12235,-1063,-1989,150,-91,-229,310
2025-11-27T21:57:52.354434,23,22,51,38,43,66,44,23,1864,-5218,-9365,12249,-1078,-1950,139,-57,-394,242
2025-11-27T21:57:52.369448,23,22,51,34,41,52,41,21,1767,-5189,-9368,12273,-1031,-1912,132,-1,-532,166
2025-11-27T21:57:52.392453,22,24,53,40,51,58,43,22,1671,-5135,-9373,12306,-978,-1895,140,29,-652,112
2025-11-27T21:57:52.414286,22,26,52,50,67,70,44,21,1575,-5056,-9378,12347,-932,-1888,161,69,-763,66
2025-11-27T21:57:52.429464,22,26,47,52,73,70,44,20,1480,-4952,-9379,12400,-880,-1843,194,121,-872,3
2025-11-27T21:57:52.452146,22,24,46,57,72,66,46,21,1392,-4820,-9383,12459,-825,-1810,219,152,-981,-92
2025-11-27T21:57:52.474465,20,29,59,71,75,68,44,19,1315,-4661,-9394,12519,-752,-1783,227,154,-1061,-219
2025-11-27T21:57:52.494033,22,28,57,73,71,65,43,23,1253,-4481,-9407,12582,-667,-1779,260,184,-1094,-316
2025-11-27T21:57:52.512174,21,30,61,100,61,53,40,24,1204,-4290,-9420,12643,-592,-1797,310,187,-1091,-386
2025-11-27T21:57:52.534465,21,30,63,114,60,56,41,25,1172,-4085,-9433,12704,-504,-1790,333,213,-1089,-472
2025-11-27T21:57:52.549491,20,31,66,121,60,63,39,23,1160,-3866,-9440,12768,-404,-1789,413,256,-1067,-561
2025-11-27T21:57:52.571958,22,31,59,118,74,73,48,28,1164,-3637,-9449,12828,-303,-1801,487,235,-1036,-634
2025-11-27T21:57:52.594890,23,31,60,121,75,103,65,28,1181,-3402,-9459,12884,-199,-1826,533,223,-1003,-683
2025-11-27T21:57:52.608864,24,29,54,102,77,111,66,27,1211,-3168,-9461,12939,-134,-1856,579,258,-951,-715
2025-11-27T21:57:52.631936,25,29,67,106,74,107,68,32,1247,-2942,-9460,12990,-85,-1865,576,280,-886,-708
2025-11-27T21:57:52.654351,25,29,61,99,73,104,67,34,1283,-2726,-9453,13038,-40,-1894,611,286,-834,-669
2025-11-27T21:57:52.669422,24,26,59,98,60,101,64,30,1317,-2526,-9441,13084,8,-1895,643,285,-764,-604
2025-11-27T21:57:52.691945,24,25,58,95,56,71,50,29,1348,-2345,-9426,13125,47,-1896,680,264,-682,-525
2025-11-27T21:57:52.714342,29,26,59,86,50,60,50,32,1375,-2184,-9412,13160,70,-1894,694,223,-597,-456
2025-11-27T21:57:52.736862,29,27,41,60,46,63,47,30,1402,-2044,-9401,13188,81,-1885,719,174,-504,-400
2025-11-27T21:57:52.751936,34,26,42,52,48,66,51,33,1426,-1929,-9394,13207,65,-1900,730,109,-405,-337
2025-11-27T21:57:52.774438,34,26,38,43,46,77,53,34,1449,-1838,-9393,13218,79,-1897,738,49,-301,-265
2025-11-27T21:57:52.796363,33,25,34,33,51,88,54,35,1470,-1764,-9397,13224,71,-1920,746,0,-229,-223
2025-11-27T21:57:52.811991,29,24,31,32,55,86,54,33,1494,-1697,-9404,13224,19,-1955,724,-16,-198,-251
2025-11-27T21:57:52.834934,28,22,32,37,57,83,53,31,1525,-1631,-9405,13229,5,-1956,736,24,-181,-289
2025-11-27T21:57:52.856957,22,20,28,47,63,80,48,26,1561,-1563,-9394,13240,57,-1952,756,91,-162,-291
2025-11-27T21:57:52.871984,22,19,28,54,68,65,42,25,1598,-1501,-9376,13256,112,-1954,754,149,-128,-254
2025-11-27T21:57:52.894211,25,27,48,110,185,97,66,34,1632,-1448,-9354,13273,122,-1917,775,151,-93,-204
2025-11-27T21:57:52.917156,34,35,57,126,222,109,72,39,1663,-1408,-9335,13287,179,-1858,741,126,-37,-138
2025-11-27T21:57:52.931965,37,37,60,137,262,145,85,44,1686,-1390,-9321,13296,285,-1864,778,57,59,21
2025-11-27T21:57:52.954423,43,42,62,145,325,168,103,51,1687,-1416,-9329,13287,377,-1911,832,-159,197,289
2025-11-27T21:57:52.976920,44,42,62,145,331,166,104,51,1665,-1494,-9350,13267,402,-1854,816,-297,373,568
2025-11-27T21:57:52.992305,42,37,48,112,286,144,87,44,1629,-1622,-9380,13235,347,-1872,788,-405,544,762
2025-11-27T21:57:53.014117,34,31,37,96,262,133,79,38,1584,-1794,-9421,13189,268,-1898,764,-522,709,914
2025-11-27T21:57:53.036963,32,48,46,86,224,94,64,33,1531,-2007,-9465,13133,159,-1939,735,-586,863,1042
2025-11-27T21:57:53.051863,26,49,48,83,115,39,25,23,1476,-2251,-9509,13068,19,-1987,654,-604,984,1111
2025-11-27T21:57:53.082728,26,51,49,81,92,35,23,23,1427,-2510,-9543,13001,-108,-1985,602,-548,1061,1099
2025-11-27T21:57:53.096851,28,55,50,78,74,31,25,25,1390,-2774,-9564,12936,-215,-1977,532,-464,1114,1041
2025-11-27T21:57:53.112305,30,60,53,76,60,32,27,25,1367,-3033,-9573,12873,-313,-1966,476,-366,1134,958
2025-11-27T21:57:53.134456,31,46,42,70,52,30,28,30,1361,-3286,-9567,12816,-404,-1958,414,-244,1151,851
2025-11-27T21:57:53.156910,30,45,38,50,48,29,28,34,1381,-3533,-9538,12770,-466,-1906,378,-76,1201,739
2025-11-27T21:57:53.171655,32,44,38,47,55,32,34,39,1415,-3774,-9490,12733,-602,-1903,385,52,1210,636
2025-11-27T21:57:53.195138,42,41,40,53,99,40,39,44,1461,-3999,-9433,12701,-768,-1876,311,160,1155,475
2025-11-27T21:57:53.216669,41,34,41,67,159,45,41,50,1521,-4202,-9371,12675,-912,-1823,231,255,1066,286
2025-11-27T21:57:53.231951,45,44,46,87,226,80,61,52,1582,-4371,-9319,12649,-969,-1797,225,237,919,137
2025-11-27T21:57:53.254403,47,43,60,96,238,85,68,49,1647,-4506,-9281,12621,-960,-1804,214,190,782,11
2025-11-27T21:57:53.276897,48,41,63,101,244,87,66,48,1715,-4615,-9246,12598,-941,-1733,211,205,668,-89
2025-11-27T21:57:53.292009,38,40,62,102,235,88,64,45,1794,-4686,-9216,12583,-903,-1713,230,238,537,-238
2025-11-27T21:57:53.314694,39,41,63,97,204,118,82,44,1876,-4730,-9201,12565,-892,-1754,204,205,422,-356
2025-11-27T21:57:53.336971,32,28,65,106,162,113,81,46,1956,-4756,-9191,12550,-929,-1777,217,190,323,-425
2025-11-27T21:57:53.351713,31,29,52,98,156,109,76,46,2024,-4766,-9188,12539,-920,-1803,224,169,213,-433
2025-11-27T21:57:53.374613,29,28,56,106,149,110,76,45,2080,-4759,-9196,12526,-854,-1789,231,100,104,-425
2025-11-27T21:57:53.397487,30,29,58,104,141,109,77,43,2120,-4743,-9218,12509,-837,-1866,252,0,20,-394
2025-11-27T21:57:53.416252,31,28,56,103,141,82,58,40,2142,-4729,-9240,12494,-827,-1924,291,-37,-31,-300
2025-11-27T21:57:53.434906,32,30,51,76,99,68,44,33,2146,-4723,-9255,12485,-826,-1949,312,-33,-47,-178
2025-11-27T21:57:53.456964,32,27,56,78,77,71,46,34,2141,-4721,-9266,12479,-781,-1932,329,-34,-53,-100
2025-11-27T21:57:53.480225,30,26,48,60,69,79,47,34,2132,-4720,-9277,12471,-759,-1921,363,-71,-51,-71
2025-11-27T21:57:53.494649,29,25,46,57,73,95,68,37,2121,-4722,-9294,12461,-747,-1936,381,-114,-39,-60
2025-11-27T21:57:53.516657,28,26,47,52,67,96,72,37,2114,-4721,-9313,12448,-712,-1968,384,-129,-30,-67
2025-11-27T21:57:53.532003,28,24,47,48,64,96,71,36,2110,-4715,-9331,12437,-686,-1977,402,-124,-40,-75
2025-11-27T21:57:53.554407,27,26,47,60,65,95,76,40,2108,-4705,-9349,12428,-659,-2009,379,-94,-54,-80
2025-11-27T21:57:53.577106,28,28,48,58,66,98,82,40,2106,-4692,-9362,12423,-656,-2033,386,-61,-69,-76
2025-11-27T21:57:53.591779,29,27,48,57,61,86,66,36,2103,-4675,-9375,12421,-645,-2008,394,-56,-93,-84
2025-11-27T21:57:53.614233,31,27,49,60,71,83,65,39,2103,-4650,-9391,12418,-628,-2049,408,-67,-111,-113
2025-11-27T21:57:53.637102,29,27,53,108,76,84,66,38,2106,-4626,-9401,12419,-610,-2059,438,-37,-97,-109
2025-11-27T21:57:53.649659,31,26,52,116,76,82,60,35,2104,-4621,-9401,12421,-603,-2103,409,6,-28,6
2025-11-27T21:57:53.672370,30,28,55,127,96,72,51,37,2088,-4654,-9379,12428,-620,-2099,378,82,90,223
2025-11-27T21:57:53.695754,28,28,57,132,97,66,49,38,2049,-4727,-9339,12437,-670,-2052,354,108,188,459
2025-11-27T21:57:53.719881,25,27,53,135,90,73,46,33,1983,-4827,-9295,12442,-792,-1986,338,49,216,605
2025-11-27T21:57:53.734410,25,29,48,102,89,79,45,34,1902,-4930,-9258,12442,-921,-1941,341,-24,174,606
2025-11-27T21:57:53.756945,23,27,41,90,102,92,51,29,1820,-5009,-9230,12444,-985,-1904,345,-54,59,500
2025-11-27T21:57:53.780254,22,24,45,79,94,89,56,25,1749,-5051,-9213,12449,-1009,-1907,276,-13,-88,323
2025-11-27T21:57:53.794468,23,27,47,79,108,93,55,24,1695,-5054,-9195,12469,-1017,-1845,231,107,-239,128
2025-11-27T21:57:53.816872,24,31,56,86,125,87,54,25,1651,-5022,-9181,12498,-1000,-1788,170,191,-386,-28
2025-11-27T21:57:53.839882,23,29,61,92,135,88,52,26,1609,-4959,-9170,12536,-964,-1728,161,229,-527,-127
2025-11-27T21:57:53.854467,26,30,62,102,144,90,50,28,1565,-4870,-9169,12578,-920,-1687,159,212,-658,-203
2025-11-27T21:57:53.876913,28,32,56,112,172,108,52,30,1521,-4757,-9180,12618,-876,-1633,192,154,-762,-298
2025-11-27T21:57:53.899984,28,29,52,121,165,111,53,32,1487,-4621,-9211,12650,-817,-1613,226,51,-811,-432
2025-11-27T21:57:53.915005,29,30,65,164,167,118,52,33,1474,-4467,-9259,12672,-727,-1675,269,-19,-803,-561
2025-11-27T21:57:53.936991,30,29,67,185,166,115,60,34,1479,-4299,-9307,12694,-614,-1759,333,-9,-788,-638
2025-11-27T21:57:53.967387,26,29,68,186,150,105,55,34,1497,-4123,-9352,12717,-521,-1803,370,23,-769,-675
2025-11-27T21:57:53.974104,23,27,71,194,118,86,50,34,1525,-3941,-9393,12742,-422,-1844,404,55,-750,-697
2025-11-27T21:57:53.997923,24,28,75,195,129,84,50,32,1558,-3755,-9429,12767,-311,-1879,475,61,-733,-676
2025-11-27T21:57:54.020187,23,26,68,165,106,66,50,31,1592,-3569,-9465,12790,-237,-1923,527,32,-710,-666
2025-11-27T21:57:54.034452,23,28,64,140,91,56,41,28,1629,-3382,-9499,12810,-175,-1973,577,26,-701,-665
2025-11-27T21:57:54.056950,24,28,73,148,96,52,37,25,1671,-3196,-9522,12836,-114,-2006,605,92,-673,-648
2025-11-27T21:57:54.079473,26,30,74,130,88,54,34,23,1712,-3020,-9534,12864,-62,-2035,611,149,-628,-594
2025-11-27T21:57:54.094067,26,30,74,118,70,42,31,24,1753,-2859,-9528,12899,-16,-2006,644,226,-557,-524
2025-11-27T21:57:54.117537,25,28,67,114,86,48,30,22,1796,-2717,-9513,12936,11,-1960,647,265,-465,-467
2025-11-27T21:57:54.139412,25,27,65,115,100,53,29,24,1842,-2593,-9496,12967,41,-1903,675,229,-369,-420
2025-11-27T21:57:54.158392,23,26,52,86,91,55,29,24,1890,-2484,-9490,12986,91,-1913,681,138,-283,-392
2025-11-27T21:57:54.177037,22,24,48,88,87,55,31,24,1944,-2387,-9488,12997,111,-1937,697,96,-210,-384
2025-11-27T21:57:54.199987,22,22,42,87,86,60,33,22,1998,-2300,-9483,13009,134,-1962,723,96,-162,-354
2025-11-27T21:57:54.214220,21,21,40,83,75,56,30,23,2049,-2223,-9473,13021,155,-1961,720,115,-131,-299
2025-11-27T21:57:54.252682,24,25,50,85,76,71,47,24,2093,-2153,-9456,13038,198,-1962,750,143,-110,-227
2025-11-27T21:57:54.259321,30,31,71,91,91,75,54,26,2130,-2095,-9435,13057,239,-1943,756,153,-78,-141
2025-11-27T21:57:54.278681,31,31,70,90,103,81,58,28,2159,-2055,-9409,13078,269,-1916,769,157,-13,-34
2025-11-27T21:57:54.297065,30,35,70,93,104,85,58,30,2185,-2051,-9387,13090,292,-1843,750,83,141,99
2025-11-27T21:57:54.319181,32,37,73,87,103,91,61,30,2193,-2098,-9386,13082,291,-1876,770,-133,314,310
2025-11-27T21:57:54.334480,31,35,72,91,92,76,49,28,2181,-2199,-9404,13054,203,-1919,768,-337,479,517
2025-11-27T21:57:54.356913,26,32,56,88,78,73,44,28,2154,-2338,-9433,13013,72,-1957,726,-443,582,633
2025-11-27T21:57:54.379464,28,32,57,87,62,67,42,30,2123,-2492,-9470,12963,-28,-1995,663,-497,628,652
2025-11-27T21:57:54.394487,31,32,65,92,58,57,39,31,2096,-2650,-9500,12914,-134,-2027,623,-449,649,617
2025-11-27T21:57:54.417071,33,42,62,92,51,46,33,33,2074,-2805,-9512,12876,-212,-2071,578,-310,645,590
2025-11-27T21:57:54.439499,33,45,69,100,48,43,35,33,2053,-2956,-9503,12852,-275,-2072,527,-143,626,586
2025-11-27T21:57:54.454410,34,51,73,101,57,43,35,33,2032,-3100,-9474,12842,-328,-2050,485,9,588,584
2025-11-27T21:57:54.476972,32,53,77,102,58,40,33,31,2007,-3237,-9430,12845,-382,-1999,442,138,531,583
2025-11-27T21:57:54.499799,29,52,77,101,63,52,37,28,1975,-3366,-9379,12855,-455,-1940,411,194,463,580
2025-11-27T21:57:54.522676,26,45,78,99,80,64,41,26,1932,-3485,-9331,12864,-513,-1894,401,170,381,569
2025-11-27T21:57:54.536955,26,42,70,90,81,64,42,26,1883,-3589,-9288,12874,-571,-1866,419,145,283,533
2025-11-27T21:57:54.567991,22,33,67,88,80,64,40,24,1836,-3675,-9248,12885,-607,-1818,405,149,205,444
2025-11-27T21:57:54.574695,24,33,63,85,85,66,42,27,1799,-3746,-9214,12895,-626,-1764,401,139,165,343
2025-11-27T21:57:54.596876,24,32,54,97,94,71,43,30,1773,-3803,-9188,12900,-670,-1747,417,101,139,221
2025-11-27T21:57:54.619413,22,28,50,105,88,69,44,30,1759,-3848,-9170,12901,-712,-1778,418,81,115,106
2025-11-27T21:57:54.642600,25,34,61,124,97,100,52,34,1756,-3879,-9153,12904,-743,-1781,426,101,89,3
2025-11-27T21:57:54.656414,27,33,58,128,97,106,56,38,1763,-3899,-9143,12904,-734,-1772,417,84,67,-83
2025-11-27T21:57:54.680155,26,32,76,171,114,119,55,34,1776,-3910,-9143,12900,-727,-1784,437,32,49,-150
2025-11-27T21:57:54.702343,28,31,77,162,103,112,54,36,1791,-3915,-9150,12891,-742,-1825,457,-16,32,-187
2025-11-27T21:57:54.717367,28,31,77,161,101,112,51,35,1807,-3917,-9158,12882,-735,-1844,452,-10,24,-200
2025-11-27T21:57:54.740126,25,23,67,142,91,89,47,34,1825,-3917,-9165,12875,-703,-1856,475,-9,27,-199
2025-11-27T21:57:54.762688,24,26,65,146,91,89,43,30,1844,-3920,-9173,12865,-672,-1857,486,-27,50,-183
2025-11-27T21:57:54.776947,24,26,48,116,101,75,42,32,1864,-3926,-9185,12853,-658,-1873,504,-63,76,-175
2025-11-27T21:57:54.801110,21,27,45,124,112,80,43,30,1882,-3937,-9202,12835,-636,-1882,491,-106,92,-149
2025-11-27T21:57:54.822245,23,27,45,119,117,93,47,31,1895,-3952,-9227,12810,-613,-1898,480,-169,106,-121
2025-11-27T21:57:54.836490,23,26,46,115,120,95,47,32,1901,-3969,-9259,12781,-602,-1946,473,-215,93,-80
2025-11-27T21:57:54.860222,25,30,65,109,124,92,48,32,1899,-3984,-9289,12754,-566,-1961,470,-218,66,-27
2025-11-27T21:57:54.882374,28,32,64,98,95,89,48,34,1891,-3999,-9318,12730,-543,-1970,462,-208,48,17
2025-11-27T21:57:54.896922,28,33,64,94,81,84,44,32,1875,-4010,-9344,12709,-530,-1974,463,-199,5,51
2025-11-27T21:57:54.920436,29,36,97,135,72,64,44,34,1853,-4017,-9359,12699,-539,-2004,473,-128,-37,85
2025-11-27T21:57:54.942691,31,37,102,156,68,54,38,31,1831,-4021,-9366,12696,-538,-1994,458,-60,-61,95
2025-11-27T21:57:54.956948,63,38,93,153,50,47,37,40,1808,-4017,-9365,12701,-563,-1946,449,0,-100,72
2025-11-27T21:57:54.980857,76,44,96,148,48,40,37,51,1789,-4004,-9361,12711,-576,-1940,459,33,-140,29
2025-11-27T21:57:55.002656,77,43,96,148,50,42,39,59,1774,-3980,-9356,12725,-531,-1921,482,56,-168,-3
2025-11-27T21:57:55.016747,76,43,69,123,49,58,50,59,1766,-3950,-9350,12739,-494,-1945,500,68,-164,-34
2025-11-27T21:57:55.039790,75,41,65,107,57,68,61,60,1770,-3922,-9336,12758,-458,-1930,530,119,-114,-50
2025-11-27T21:57:55.062614,51,38,64,106,65,81,66,57,1781,-3903,-9322,12772,-453,-1883,520,112,-47,-53
2025-11-27T21:57:55.076867,28,26,53,99,101,152,90,48,1793,-3890,-9320,12776,-424,-1856,519,19,-12,-60
2025-11-27T21:57:55.100218,29,31,61,105,117,176,113,44,1805,-3883,-9333,12767,-436,-1888,482,-69,22,-68
2025-11-27T21:57:55.122637,29,30,55,113,119,183,122,47,1814,-3884,-9352,12751,-479,-1918,478,-117,41,-66
2025-11-27T21:57:55.136917,30,32,60,112,123,187,123,47,1815,-3893,-9375,12732,-514,-1964,468,-157,54,-23
2025-11-27T21:57:55.159302,29,32,63,116,132,188,123,45,1808,-3912,-9390,12716,-570,-2003,456,-125,60,37
2025-11-27T21:57:55.183085,27,32,61,115,108,142,109,42,1795,-3940,-9394,12706,-636,-1990,432,-61,69,75
2025-11-27T21:57:55.196916,25,27,57,104,108,115,85,34,1779,-3970,-9394,12699,-676,-1973,428,-35,61,80
2025-11-27T21:57:55.218940,24,26,64,87,103,93,60,29,1763,-3994,-9392,12695,-719,-1987,415,-11,25,56
2025-11-27T21:57:55.242682,24,27,70,96,102,86,51,29,1747,-4005,-9388,12697,-761,-1975,393,28,-41,-6
2025-11-27T21:57:55.256969,24,28,74,133,92,74,46,29,1734,-3996,-9385,12703,-767,-1943,383,66,-123,-88
2025-11-27T21:57:55.279544,29,32,82,161,154,71,38,30,1730,-3969,-9383,12714,-714,-1911,386,93,-182,-158
2025-11-27T21:57:55.302973,29,30,83,170,147,67,43,30,1732,-3930,-9381,12727,-656,-1896,383,116,-208,-202
2025-11-27T21:57:55.316852,28,34,81,174,163,83,49,27,1743,-3882,-9380,12741,-611,-1867,416,116,-215,-256
2025-11-27T21:57:55.339442,27,29,68,164,159,86,51,26,1765,-3824,-9381,12755,-578,-1846,438,117,-215,-331
2025-11-27T21:57:55.362686,30,39,91,147,161,89,52,28,1800,-3758,-9387,12766,-511,-1853,453,101,-207,-397
2025-11-27T21:57:55.376975,26,37,86,119,119,89,51,30,1847,-3684,-9396,12774,-414,-1862,455,100,-185,-433
2025-11-27T21:57:55.399437,27,41,95,110,115,85,49,31,1901,-3612,-9400,12783,-349,-1871,484,126,-152,-432
2025-11-27T21:57:55.422797,27,38,90,102,96,70,44,32,1960,-3540,-9404,12792,-284,-1873,491,128,-120,-429
2025-11-27T21:57:55.436834,27,39,93,102,95,57,38,33,2024,-3466,-9407,12800,-247,-1867,506,135,-109,-452
2025-11-27T21:57:55.459451,24,28,67,89,108,51,35,30,2095,-3386,-9415,12804,-196,-1835,524,100,-112,-500
2025-11-27T21:57:55.482861,23,28,71,99,94,43,34,28,2166,-3294,-9433,12803,-137,-1876,559,33,-153,-534
2025-11-27T21:57:55.496959,24,26,62,109,90,45,33,27,2234,-3197,-9457,12798,-88,-1926,569,2,-187,-530
2025-11-27T21:57:55.518728,28,27,61,107,89,44,32,29,2294,-3097,-9476,12798,-53,-1974,573,41,-222,-491
2025-11-27T21:57:55.542740,27,29,64,116,105,50,35,26,2349,-2998,-9479,12810,-42,-1984,592,136,-237,-447
2025-11-27T21:57:55.565265,30,31,72,139,88,51,39,29,2402,-2899,-9466,12831,-19,-1957,617,223,-239,-416
2025-11-27T21:57:55.579507,33,35,68,152,169,64,60,31,2454,-2802,-9450,12855,28,-1907,643,231,-231,-390
2025-11-27T21:57:55.603307,37,39,79,163,244,77,81,38,2504,-2711,-9436,12876,90,-1885,628,214,-204,-346
2025-11-27T21:57:55.625290,42,48,95,202,295,98,87,44,2545,-2635,-9428,12889,179,-1854,655,126,-154,-240
2025-11-27T21:57:55.639107,44,47,93,207,292,124,127,53,2566,-2592,-9436,12888,319,-1818,653,-39,-51,1
2025-11-27T21:57:55.662725,46,49,88,194,302,175,170,71,2556,-2598,-9462,12870,381,-1846,621,-228,67,289
2025-11-27T21:57:55.684923,53,52,89,189,296,185,184,84,2508,-2643,-9500,12842,316,-1950,614,-367,109,548
2025-11-27T21:57:55.698992,59,58,78,174,259,203,198,93,2416,-2715,-9542,12814,249,-2015,565,-424,69,802
2025-11-27T21:57:55.722580,60,57,76,134,213,228,221,101,2279,-2803,-9579,12792,294,-2004,477,-401,2,1102
2025-11-27T21:57:55.745210,66,62,77,122,224,223,206,100,2113,-2902,-9612,12773,365,-1916,406,-398,-39,1331
2025-11-27T21:57:55.759458,63,62,84,124,239,198,186,92,1931,-2996,-9640,12759,340,-1853,395,-384,-118,1390
2025-11-27T21:57:55.782730,60,60,90,130,241,210,183,86,1744,-3055,-9660,12758,91,-1922,429,-298,-319,1209
2025-11-27T21:57:55.804634,54,57,120,159,254,203,175,76,1577,-3065,-9668,12770,-218,-1858,343,-118,-520,825
2025-11-27T21:57:55.818953,52,63,152,157,248,171,145,64,1451,-3031,-9667,12794,-332,-1632,314,15,-595,442
2025-11-27T21:57:55.842736,56,72,166,174,262,172,151,67,1360,-2982,-9692,12797,-456,-1629,353,-143,-558,142
2025-11-27T21:57:55.865157,58,75,182,202,257,186,191,76,1310,-2978,-9752,12757,-634,-1748,129,-297,-234,-27
2025-11-27T21:57:55.879495,56,81,194,194,218,172,180,73,1304,-3042,-9791,12713,-775,-1630,70,-194,201,-54
2025-11-27T21:57:55.902713,65,106,290,216,186,163,170,79,1356,-3149,-9866,12623,-666,-1267,-93,-435,612,-203
2025-11-27T21:57:55.925112,62,104,298,218,191,184,194,83,1450,-3282,-10035,12444,-485,-1456,-335,-982,924,-322
2025-11-27T21:57:55.939390,58,96,292,203,187,202,252,98,1539,-3446,-10254,12209,-265,-1790,-423,-1368,1092,-134
2025-11-27T21:57:55.962774,57,95,288,172,168,211,234,91,1613,-3653,-10471,11952,-15,-1787,-454,-1502,1265,210
2025-11-27T21:57:55.985145,56,93,285,192,174,211,238,93,1633,-3905,-10670,11690,56,-1792,-309,-1812,1305,487
2025-11-27T21:57:55.999493,46,60,176,141,176,238,290,103,1627,-4140,-10909,11386,-304,-1934,-240,-2172,1187,408
2025-11-27T21:57:56.022629,60,64,146,133,237,321,366,135,1597,-4315,-11165,11073,-646,-2326,-65,-2316,869,214
2025-11-27T21:57:56.045220,61,64,144,140,251,341,366,136,1558,-4440,-11410,10776,-720,-2484,179,-2249,646,86
2025-11-27T21:57:56.059450,60,61,133,145,257,328,357,136,1550,-4533,-11609,10523,-791,-2382,214,-1858,609,-81
2025-11-27T21:57:56.082687,63,64,131,181,303,333,357,137,1568,-4607,-11780,10295,-1024,-2561,104,-1610,629,-214
2025-11-27T21:57:56.105111,63,65,126,180,298,325,354,130,1570,-4703,-11860,10158,-1299,-2817,31,-1235,670,-169
2025-11-27T21:57:56.119128,48,53,103,183,266,237,258,92,1592,-4805,-11868,10098,-1368,-2735,32,-649,705,-92
2025-11-27T21:57:56.142653,45,53,97,187,260,202,208,75,1653,-4897,-11840,10077,-1213,-2423,37,-263,765,-143
2025-11-27T21:57:56.165162,44,63,106,184,249,191,201,71,1722,-4986,-11812,10054,-1271,-2310,-59,-185,794,-223
2025-11-27T21:57:56.179487,40,66,89,112,193,172,194,65,1765,-5066,-11776,10049,-1510,-2386,-57,-143,653,-263
2025-11-27T21:57:56.202493,36,65,85,109,191,141,109,52,1762,-5135,-11719,10081,-1650,-2356,-105,45,392,-155
2025-11-27T21:57:56.225170,38,65,81,104,172,131,106,52,1732,-5202,-11646,10137,-1581,-2252,-208,223,216,6
2025-11-27T21:57:56.239499,32,63,83,90,135,103,84,39,1695,-5274,-11566,10197,-1247,-2170,-284,310,144,246
2025-11-27T21:57:56.262695,42,55,77,87,139,107,92,44,1668,-5345,-11480,10262,-902,-2141,-397,446,111,408
2025-11-27T21:57:56.285168,45,45,79,96,134,101,89,42,1642,-5390,-11387,10345,-697,-2132,-461,600,-41,449
2025-11-27T21:57:56.299926,57,49,80,97,134,99,88,44,1602,-5403,-11298,10442,-666,-2175,-504,674,-254,407
2025-11-27T21:57:56.322737,59,54,76,94,114,72,85,43,1541,-5404,-11199,10557,-700,-2066,-438,735,-404,439
2025-11-27T21:57:56.345217,59,52,73,85,93,57,75,42,1459,-5415,-11109,10658,-762,-1902,-437,635,-428,487
2025-11-27T21:57:56.359494,56,50,56,77,102,61,60,38,1370,-5432,-11045,10727,-754,-1803,-439,419,-399,470
2025-11-27T21:57:56.383004,52,43,49,63,108,73,68,39,1290,-5437,-11012,10768,-666,-1816,-378,195,-365,380
2025-11-27T21:57:56.405300,41,38,49,71,112,78,72,38,1234,-5417,-10999,10798,-627,-1897,-347,120,-357,191
2025-11-27T21:57:56.419385,36,35,51,81,112,80,68,34,1195,-5381,-10983,10836,-668,-1944,-354,206,-368,75
2025-11-27T21:57:56.442705,41,42,61,108,148,87,71,37,1162,-5335,-10958,10888,-722,-2026,-372,317,-405,19
2025-11-27T21:57:56.465079,39,47,62,113,160,88,71,34,1135,-5278,-10911,10965,-742,-2075,-347,506,-462,10
2025-11-27T21:57:56.479514,43,48,62,113,157,77,63,40,1111,-5215,-10846,11062,-729,-2011,-312,660,-500,9
2025-11-27T21:57:56.502583,44,50,64,108,156,71,51,50,1086,-5151,-10790,11150,-655,-1886,-268,587,-498,5
2025-11-27T21:57:56.524895,44,49,67,106,166,75,54,52,1062,-5086,-10759,11211,-588,-1836,-248,394,-462,-29
2025-11-27T21:57:56.555114,45,57,72,134,189,80,51,55,1045,-5017,-10746,11256,-586,-1903,-236,281,-430,-100
2025-11-27T21:57:56.561792,50,53,73,140,182,75,47,56,1038,-4943,-10733,11302,-554,-1953,-202,295,-408,-135
2025-11-27T21:57:56.585170,56,59,72,148,188,81,51,53,1038,-4874,-10713,11351,-542,-1953,-162,333,-363,-133
2025-11-27T21:57:56.607339,55,63,79,183,197,87,58,45,1045,-4813,-10689,11398,-531,-1940,-123,336,-297,-123
2025-11-27T21:57:56.621541,59,67,78,203,218,86,57,50,1054,-4759,-10671,11437,-516,-1952,-115,287,-250,-109
2025-11-27T21:57:56.645131,58,59,73,186,195,78,51,47,1069,-4707,-10658,11469,-536,-1927,-99,247,-210,-159
2025-11-27T21:57:56.667772,50,58,78,181,195,83,66,51,1089,-4649,-10651,11498,-520,-1929,-69,216,-210,-211
2025-11-27T21:57:56.681772,44,57,81,174,184,76,66,50,1117,-4585,-10644,11527,-492,-1964,-23,215,-199,-249
2025-11-27T21:57:56.705143,43,54,69,137,170,68,60,50,1158,-4518,-10643,11550,-438,-1901,-26,193,-154,-313
2025-11-27T21:57:56.727726,36,49,74,118,136,65,60,45,1216,-4448,-10649,11566,-394,-1932,-25,168,-95,-389
2025-11-27T21:57:56.741939,32,47,77,106,110,77,63,41,1278,-4382,-10654,11580,-430,-2025,11,160,-62,-410
2025-11-27T21:57:56.764984,32,49,77,106,89,72,47,36,1332,-4324,-10650,11599,-453,-2005,29,195,-61,-351
2025-11-27T21:57:56.787667,29,44,90,108,89,73,48,37,1379,-4269,-10650,11614,-402,-1924,-8,172,-75,-321
2025-11-27T21:57:56.799664,26,39,89,103,93,78,54,35,1434,-4204,-10660,11623,-371,-1965,6,123,-80,-389
2025-11-27T21:57:56.822772,28,41,107,105,85,80,56,32,1491,-4135,-10667,11633,-391,-2043,53,126,-83,-425
2025-11-27T21:57:56.845607,28,40,103,97,77,60,55,32,1541,-4072,-10670,11646,-406,-2040,55,139,-86,-383
2025-11-27T21:57:56.861989,29,40,98,90,74,62,56,32,1583,-4015,-10674,11656,-360,-2006,66,107,-89,-323
2025-11-27T21:57:56.885153,30,38,90,127,93,99,88,40,1616,-3963,-10684,11661,-359,-2031,91,39,-93,-284
2025-11-27T21:57:56.907707,31,38,93,141,93,112,99,42,1641,-3919,-10691,11666,-392,-2053,91,37,-95,-242
2025-11-27T21:57:56.921822,30,35,68,132,92,112,99,42,1662,-3883,-10697,11670,-392,-2004,61,43,-75,-201
2025-11-27T21:57:56.945291,29,36,76,130,91,112,99,41,1683,-3851,-10707,11668,-388,-2018,39,16,-60,-206
2025-11-27T21:57:56.967341,28,35,78,136,100,121,99,38,1701,-3823,-10710,11671,-411,-2074,48,55,-55,-175
2025-11-27T21:57:56.981921,26,33,70,115,84,95,70,28,1709,-3805,-10701,11684,-442,-2073,51,120,-56,-92
2025-11-27T21:57:57.005280,25,32,67,101,78,77,49,23,1712,-3798,-10694,11692,-411,-2020,13,104,-33,-30
2025-11-27T21:57:57.027835,24,30,61,93,85,78,49,23,1716,-3794,-10690,11697,-376,-2009,46,59,-10,-15
2025-11-27T21:57:57.041879,26,28,45,95,104,94,50,26,1717,-3793,-10695,11692,-405,-1987,16,1,-5,-19
2025-11-27T21:57:57.065265,26,26,43,94,98,88,54,29,1708,-3786,-10707,11685,-443,-2007,7,-43,-65,-35
2025-11-27T21:57:57.095251,25,24,50,129,102,86,54,28,1688,-3773,-10725,11676,-434,-2022,19,-94,-130,-16
2025-11-27T21:57:57.102089,24,24,49,130,102,88,54,28,1661,-3755,-10741,11671,-413,-2047,31,-82,-183,15
2025-11-27T21:57:57.125235,25,24,53,137,101,84,49,30,1626,-3731,-10753,11672,-425,-2043,-1,-36,-240,24
2025-11-27T21:57:57.147623,23,24,59,143,98,83,48,30,1590,-3696,-10759,11684,-433,-2017,37,13,-297,-4
2025-11-27T21:57:57.162037,23,23,63,143,97,78,44,29,1556,-3650,-10761,11700,-406,-2013,62,41,-329,-31
2025-11-27T21:57:57.185198,21,22,58,104,103,82,42,28,1523,-3598,-10761,11720,-386,-2022,81,61,-356,-42
2025-11-27T21:57:57.208412,26,30,84,170,135,86,46,34,1494,-3544,-10760,11742,-353,-2007,99,74,-347,-54
2025-11-27T21:57:57.221538,30,38,103,197,143,89,47,34,1473,-3487,-10757,11764,-319,-2010,107,88,-330,-75
2025-11-27T21:57:57.245201,30,37,104,196,137,79,45,33,1459,-3426,-10756,11785,-295,-1999,137,73,-317,-115
2025-11-27T21:57:57.267268,35,53,136,206,141,79,46,36,1449,-3363,-10758,11802,-296,-2015,151,54,-306,-145
2025-11-27T21:57:57.281919,37,55,142,219,144,74,47,38,1444,-3299,-10760,11819,-286,-2026,163,57,-288,-168
2025-11-27T21:57:57.305159,37,55,151,180,125,68,45,37,1445,-3237,-10758,11838,-256,-2030,186,75,-260,-173
2025-11-27T21:57:57.327544,35,51,151,149,122,65,45,35,1450,-3173,-10754,11858,-234,-2042,180,101,-251,-179
2025-11-27T21:57:57.341893,37,54,156,143,151,81,55,36,1457,-3110,-10746,11882,-256,-2052,192,130,-246,-203
2025-11-27T21:57:57.365082,37,45,136,134,147,91,78,38,1467,-3047,-10736,11905,-243,-2036,180,149,-234,-213
2025-11-27T21:57:57.387524,38,45,133,107,141,94,82,37,1480,-2988,-10727,11926,-213,-2020,201,130,-202,-196
2025-11-27T21:57:57.401907,37,44,112,98,147,102,82,38,1495,-2937,-10717,11947,-210,-2014,192,142,-162,-184
2025-11-27T21:57:57.425221,39,45,99,100,155,108,87,42,1512,-2893,-10707,11964,-208,-2029,187,134,-125,-173
2025-11-27T21:57:57.447752,38,45,99,106,128,93,82,41,1528,-2856,-10696,11981,-189,-2005,202,126,-100,-140
2025-11-27T21:57:57.470084,36,43,93,103,129,82,64,40,1542,-2826,-10692,11990,-177,-1999,199,70,-72,-107
2025-11-27T21:57:57.485205,38,44,89,110,141,83,63,41,1551,-2802,-10698,11989,-185,-2023,191,-12,-66,-92
2025-11-27T21:57:57.507804,39,41,80,105,137,79,66,41,1561,-2780,-10705,11986,-169,-2053,201,-29,-48,-83
2025-11-27T21:57:57.530215,39,38,71,93,135,102,80,49,1573,-2766,-10710,11984,-112,-2071,213,-24,-4,-32
2025-11-27T21:57:57.545259,45,41,55,91,195,125,93,56,1585,-2764,-10713,11980,-71,-2084,213,-28,45,41
2025-11-27T21:57:57.568101,42,38,43,99,199,129,91,56,1592,-2778,-10713,11976,-56,-2048,206,-32,100,125
2025-11-27T21:57:57.590251,42,35,48,106,190,127,90,56,1587,-2811,-10716,11966,-25,-2074,236,-105,138,260
2025-11-27T21:57:57.604005,41,36,57,125,189,129,93,55,1568,-2874,-10722,11948,-20,-2097,225,-171,218,434
2025-11-27T21:57:57.627744,45,50,71,143,183,106,77,46,1537,-2967,-10721,11930,-16,-2095,236,-179,301,608
2025-11-27T21:57:57.650313,39,53,79,160,164,86,58,36,1496,-3087,-10717,11908,-46,-2060,249,-219,380,750
2025-11-27T21:57:57.664472,43,56,83,151,157,77,57,31,1455,-3225,-10717,11877,-98,-2035,204,-264,464,792
2025-11-27T21:57:57.687370,42,58,83,149,155,75,55,30,1425,-3375,-10717,11839,-163,-2034,180,-277,551,767
2025-11-27T21:57:57.717671,45,63,82,137,148,67,55,34,1407,-3531,-10707,11804,-225,-2066,205,-235,623,747
2025-11-27T21:57:57.721456,43,59,84,140,144,65,52,32,1401,-3695,-10689,11771,-283,-2068,162,-164,702,720
2025-11-27T21:57:57.746065,44,52,75,116,80,51,49,30,1410,-3863,-10662,11741,-330,-2040,125,-91,763,673
2025-11-27T21:57:57.768365,39,52,74,122,86,51,47,32,1434,-4031,-10622,11717,-405,-2051,115,4,816,608
2025-11-27T21:57:57.783927,37,52,71,109,83,50,44,35,1473,-4197,-10576,11697,-504,-2052,75,84,860,514
2025-11-27T21:57:57.808172,41,52,68,103,82,47,35,35,1527,-4362,-10523,11677,-605,-1984,26,155,903,405
2025-11-27T21:57:57.830252,47,50,55,69,72,46,35,38,1593,-4521,-10468,11657,-684,-1943,38,178,925,306
2025-11-27T21:57:57.844450,45,54,63,70,78,48,37,39,1663,-4678,-10414,11633,-756,-1968,18,169,928,250
2025-11-27T21:57:57.868154,45,50,57,48,66,57,50,40,1733,-4831,-10360,11608,-814,-1937,-16,185,915,214
2025-11-27T21:57:57.890269,47,49,57,69,86,70,53,38,1799,-4977,-10308,11583,-877,-1903,-32,180,864,167
2025-11-27T21:57:57.904449,39,41,54,73,111,72,50,33,1861,-5104,-10263,11559,-937,-1922,-24,154,776,86
2025-11-27T21:57:57.927303,31,40,52,79,126,75,55,31,1927,-5200,-10225,11538,-961,-1907,-37,172,657,-62
2025-11-27T21:57:57.950229,32,37,43,76,129,79,68,36,2006,-5260,-10195,11525,-959,-1889,-61,222,534,-252
2025-11-27T21:57:57.964148,33,41,46,81,133,98,71,37,2095,-5291,-10171,11516,-944,-1888,-73,263,441,-398
2025-11-27T21:57:57.987704,30,40,67,83,127,139,79,37,2186,-5298,-10156,11509,-920,-1906,-114,273,336,-490
2025-11-27T21:57:58.010726,29,40,73,99,112,148,86,39,2266,-5289,-10148,11504,-895,-1908,-149,268,221,-514
2025-11-27T21:57:58.023458,26,38,75,98,96,154,86,40,2325,-5268,-10147,11503,-866,-1936,-135,225,92,-465
2025-11-27T21:57:58.047303,26,37,79,104,89,153,78,36,2361,-5240,-10149,11507,-821,-1968,-100,174,-23,-383
2025-11-27T21:57:58.070210,29,32,81,109,80,139,72,36,2382,-5211,-10152,11513,-783,-1978,-85,151,-81,-308
2025-11-27T21:57:58.084588,31,30,63,101,99,144,114,42,2388,-5190,-10154,11519,-791,-1972,-59,103,-96,-230
2025-11-27T21:57:58.107726,32,30,59,90,107,141,111,43,2378,-5185,-10155,11523,-810,-2013,-66,65,-86,-109
2025-11-27T21:57:58.130584,34,30,59,95,115,141,111,44,2351,-5200,-10147,11528,-824,-2021,-67,58,-63,35
2025-11-27T21:57:58.143865,34,29,53,100,120,145,111,43,2310,-5232,-10142,11527,-872,-1991,-104,2,-37,123
2025-11-27T21:57:58.167959,30,31,66,114,122,144,110,40,2250,-5278,-10139,11520,-993,-1985,-110,-65,-41,177
2025-11-27T21:57:58.197794,28,33,70,114,102,89,54,33,2169,-5324,-10135,11518,-1094,-2019,-35,-131,-117,234
2025-11-27T21:57:58.204480,28,31,67,116,83,75,53,32,2069,-5354,-10139,11520,-1109,-2006,-7,-185,-249,245
2025-11-27T21:57:58.227739,24,28,66,117,72,57,47,27,1970,-5358,-10154,11521,-992,-1993,-9,-216,-355,195
2025-11-27T21:57:58.250080,23,30,67,113,90,53,45,28,1886,-5334,-10174,11529,-889,-2011,21,-182,-415,104
2025-11-27T21:57:58.264457,24,29,64,124,103,56,43,29,1819,-5291,-10189,11546,-847,-2006,-4,-71,-455,4
2025-11-27T21:57:58.287754,23,28,62,130,105,62,43,28,1771,-5224,-10198,11577,-780,-1967,-12,59,-503,-105
2025-11-27T21:57:58.310200,23,30,71,140,128,70,45,26,1743,-5135,-10200,11619,-711,-1939,-5,176,-536,-217
2025-11-27T21:57:58.324545,24,33,72,149,149,75,50,29,1735,-5030,-10202,11664,-609,-1915,15,229,-536,-311
2025-11-27T21:57:58.347762,23,33,82,163,142,96,60,32,1749,-4912,-10207,11708,-498,-1887,43,246,-501,-402
2025-11-27T21:57:58.370212,25,33,76,149,140,109,67,34,1783,-4784,-10218,11746,-386,-1930,94,227,-465,-480
2025-11-27T21:57:58.392777,26,33,82,175,140,116,69,36,1830,-4651,-10235,11777,-320,-1966,145,184,-423,-540
2025-11-27T21:57:58.406986,27,35,81,178,129,118,71,38,1888,-4515,-10259,11800,-249,-1931,161,143,-380,-600
2025-11-27T21:57:58.430221,27,33,80,184,123,134,73,37,1958,-4372,-10288,11817,-153,-1975,187,112,-358,-642
2025-11-27T21:57:58.460070,28,35,79,175,112,121,69,38,2035,-4232,-10315,11832,-88,-2020,179,137,-319,-639
2025-11-27T21:57:58.466778,27,35,77,179,104,112,71,37,2112,-4102,-10328,11853,-52,-2016,200,207,-274,-582
2025-11-27T21:57:58.497537,30,37,74,157,108,113,91,41,2186,-3980,-10330,11879,-32,-2005,214,251,-252,-525
2025-11-27T21:57:58.512346,32,37,69,157,105,122,104,45,2254,-3865,-10328,11905,-14,-2005,237,255,-239,-479
2025-11-27T21:57:58.527096,33,40,91,148,83,111,106,46,2318,-3762,-10321,11932,-7,-1968,248,262,-203,-433
2025-11-27T21:57:58.549867,33,36,82,149,93,110,102,41,2377,-3669,-10317,11953,-20,-1980,252,220,-179,-398
2025-11-27T21:57:58.572722,35,35,81,156,140,111,99,42,2428,-3585,-10316,11970,-34,-2009,264,178,-164,-364
2025-11-27T21:57:58.586926,36,34,79,183,186,115,83,38,2476,-3510,-10311,11987,-37,-2021,269,183,-138,-323
2025-11-27T21:57:58.610811,35,36,83,185,236,114,70,35,2518,-3445,-10303,12003,-9,-2010,301,165,-118,-254
2025-11-27T21:57:58.632726,43,41,67,196,283,132,83,43,2552,-3391,-10298,12016,38,-1974,299,122,-88,-179
2025-11-27T21:57:58.646407,58,55,85,226,386,175,114,61,2582,-3351,-10298,12021,84,-1929,333,41,-44,-102
2025-11-27T21:57:58.669933,56,54,86,222,375,172,112,59,2600,-3332,-10317,12006,159,-1884,280,-118,16,11
2025-11-27T21:57:58.692548,56,61,109,209,365,166,110,61,2594,-3345,-10349,11976,238,-1997,274,-273,65,246
2025-11-27T21:57:58.706941,56,59,107,197,341,155,110,61,2549,-3399,-10373,11949,161,-2129,270,-309,99,533
2025-11-27T21:57:58.730222,51,54,109,195,311,140,98,58,2460,-3482,-10378,11939,24,-2172,275,-254,50,799
2025-11-27T21:57:58.752258,42,52,102,187,182,79,60,39,2340,-3573,-10373,11941,-4,-2107,245,-204,-35,975
2025-11-27T21:57:58.767419,44,52,107,194,181,78,66,45,2208,-3658,-10368,11945,10,-2084,216,-200,-104,1035
2025-11-27T21:57:58.790213,46,52,88,189,155,83,74,49,2064,-3736,-10359,11954,-59,-2116,183,-155,-179,1051
2025-11-27T21:57:58.813379,49,59,120,222,142,90,77,52,1908,-3802,-10336,11980,-162,-2140,129,-18,-295,1055
2025-11-27T21:57:58.826967,51,71,133,301,131,83,75,51,1742,-3842,-10301,12022,-216,-2076,85,119,-458,1020
2025-11-27T21:57:58.850229,51,67,154,339,123,92,85,59,1562,-3847,-10270,12072,-262,-2023,52,147,-664,940
2025-11-27T21:57:58.872705,52,71,164,358,130,100,82,58,1374,-3822,-10238,12129,-343,-1988,101,166,-830,840
2025-11-27T21:57:58.886938,53,74,177,376,146,101,81,59,1193,-3768,-10210,12189,-425,-1895,105,179,-935,666
2025-11-27T21:57:58.910923,52,71,163,366,151,97,88,61,1037,-3688,-10193,12242,-546,-1737,131,139,-956,371
2025-11-27T21:57:58.932675,50,59,150,309,174,98,98,61,912,-3591,-10197,12278,-628,-1684,210,-6,-904,99
2025-11-27T21:57:58.946955,62,85,178,341,333,144,132,72,822,-3484,-10226,12290,-706,-1657,230,-159,-806,-166
2025-11-27T21:57:58.970153,64,87,169,324,374,165,135,78,775,-3361,-10274,12287,-775,-1647,261,-252,-709,-470
2025-11-27T21:57:58.992709,68,88,156,305,391,165,133,80,779,-3215,-10325,12284,-837,-1653,316,-232,-630,-820
2025-11-27T21:57:59.006977,70,91,158,305,396,176,136,83,824,-3075,-10391,12261,-808,-1775,356,-337,-432,-983
2025-11-27T21:57:59.030210,69,91,160,300,398,186,132,86,905,-2972,-10450,12230,-707,-1940,427,-343,-129,-937
2025-11-27T21:57:59.051988,56,70,111,262,281,149,98,73,1116,-2880,-10525,12171,-657,-2101,381,-187,261,-747
2025-11-27T21:57:59.074510,63,75,117,259,224,146,123,75,1196,-2865,-10558,12138,-697,-2096,301,-212,233,-619
2025-11-27T21:57:59.093744,58,66,118,267,212,155,136,75,1257,-2854,-10596,12101,-633,-2104,282,-256,184,-502
2025-11-27T21:57:59.111757,54,59,108,262,203,145,134,70,1304,-2851,-10634,12064,-568,-2113,285,-291,167,-388
2025-11-27T21:57:59.134481,54,62,115,269,210,136,133,65,1330,-2860,-10672,12025,-581,-2146,260,-311,147,-266
2025-11-27T21:57:59.153684,60,62,115,220,224,199,177,81,1335,-2873,-10703,11994,-601,-2167,245,-273,77,-166
2025-11-27T21:57:59.171624,50,49,106,213,216,187,169,79,1321,-2878,-10731,11969,-589,-2134,229,-252,-29,-103
2025-11-27T21:57:59.194246,46,48,110,219,197,177,159,75,1290,-2877,-10759,11947,-569,-2134,203,-248,-112,-45
2025-11-27T21:57:59.214624,46,52,115,214,202,180,152,74,1246,-2870,-10784,11931,-563,-2134,167,-204,-196,-2
2025-11-27T21:57:59.231941,47,47,100,194,167,181,155,77,1192,-2853,-10795,11931,-520,-2123,178,-109,-281,46
2025-11-27T21:57:59.254468,38,41,89,170,150,114,120,66,1130,-2825,-10800,11939,-486,-2071,179,-50,-353,71
2025-11-27T21:57:59.273733,38,40,90,171,169,114,120,63,1072,-2786,-10799,11954,-472,-2023,195,-7,-391,22
2025-11-27T21:57:59.291959,42,39,84,143,164,109,123,66,1017,-2735,-10806,11964,-452,-2024,191,-47,-424,-30
2025-11-27T21:57:59.314755,41,32,77,144,151,97,121,62,961,-2680,-10820,11969,-451,-2061,166,-77,-447,-51
2025-11-27T21:57:59.334364,37,34,79,149,181,86,116,63,900,-2618,-10833,11975,-443,-2074,162,-70,-493,-47
2025-11-27T21:57:59.351854,37,32,80,156,207,90,109,58,833,-2548,-10848,11982,-423,-2053,144,-66,-549,-45
2025-11-27T21:57:59.374225,36,32,74,159,244,106,109,57,759,-2469,-10866,11987,-406,-2040,159,-100,-611,-43
2025-11-27T21:57:59.393655,33,37,74,145,245,109,106,51,678,-2386,-10890,11987,-369,-2077,162,-150,-645,-16
2025-11-27T21:57:59.412765,37,51,85,142,261,112,110,53,595,-2306,-10905,11993,-347,-2085,170,-97,-649,21
2025-11-27T21:57:59.434424,45,60,96,152,272,127,113,52,519,-2229,-10908,12009,-315,-2044,180,-5,-608,32
2025-11-27T21:57:59.453616,42,61,92,138,261,120,100,47,453,-2157,-10903,12029,-287,-2034,177,49,-554,29
2025-11-27T21:57:59.476279,41,62,94,139,225,110,86,42,400,-2089,-10895,12051,-261,-2014,165,86,-492,6
2025-11-27T21:57:59.494384,38,57,90,159,222,122,88,41,362,-2022,-10885,12072,-188,-1995,201,85,-419,-17
2025-11-27T21:57:59.513715,36,46,75,157,227,135,96,44,348,-1958,-10884,12084,-109,-1973,213,33,-315,-79
2025-11-27T21:57:59.532055,29,37,62,157,215,158,100,44,357,-1896,-10891,12087,-38,-2056,200,-18,-211,-130
2025-11-27T21:57:59.554342,34,36,65,166,213,205,131,51,377,-1852,-10895,12089,38,-2139,212,1,-93,-70
2025-11-27T21:57:59.573585,33,35,62,159,246,250,139,50,403,-1839,-10890,12096,118,-2128,242,40,63,73
2025-11-27T21:57:59.591853,33,38,76,141,244,249,139,51,438,-1864,-10884,12095,191,-2111,247,12,264,205
2025-11-27T21:57:59.614809,33,38,77,141,229,245,132,49,477,-1924,-10887,12082,129,-2062,227,-68,420,283
2025-11-27T21:57:59.633683,32,44,81,140,211,224,128,45,519,-2005,-10894,12061,20,-2096,214,-104,520,289
2025-11-27T21:57:59.651885,29,47,80,141,216,181,90,36,567,-2106,-10890,12045,20,-2137,250,-71,630,358
2025-11-27T21:57:59.673924,36,55,86,149,196,104,69,37,633,-2236,-10869,12038,6,-2122,261,40,808,404
2025-11-27T21:57:59.693564,40,60,93,202,209,93,66,42,718,-2397,-10828,12038,-84,-2096,252,159,1006,413
2025-11-27T21:57:59.712120,40,59,93,208,273,89,63,41,823,-2579,-10779,12038,-177,-2042,215,222,1154,372
2025-11-27T21:57:59.734431,39,53,88,203,277,92,71,41,943,-2766,-10732,12030,-239,-2012,180,212,1240,296
2025-11-27T21:57:59.753637,40,49,84,193,262,90,76,45,1073,-2950,-10688,12015,-302,-1984,170,192,1263,205
2025-11-27T21:57:59.771915,34,41,78,184,243,84,87,44,1211,-3119,-10658,11986,-375,-1954,149,102,1235,68
2025-11-27T21:57:59.794463,29,31,51,120,234,85,85,39,1352,-3267,-10644,11943,-443,-1937,105,15,1162,-84
2025-11-27T21:57:59.820726,28,34,48,103,147,96,94,42,1493,-3389,-10643,11894,-483,-1978,37,-20,1047,-218
2025-11-27T21:57:59.836150,34,38,46,76,127,130,120,53,1624,-3484,-10647,11845,-520,-2025,5,-21,899,-298
2025-11-27T21:57:59.862049,32,36,52,95,138,150,126,51,1742,-3555,-10648,11806,-510,-2037,-17,32,744,-323
2025-11-27T21:57:59.873298,31,34,59,119,150,170,122,51,1845,-3605,-10646,11777,-468,-1997,-44,81,590,-318
2025-11-27T21:57:59.896124,39,41,66,123,167,209,170,65,1931,-3638,-10645,11754,-482,-1997,-82,113,456,-318
2025-11-27T21:57:59.914631,48,42,73,130,172,225,217,83,2002,-3657,-10642,11739,-485,-1966,-44,120,333,-316
2025-11-27T21:57:59.933642,55,46,78,137,172,226,262,101,2065,-3672,-10642,11724,-435,-1906,-50,96,289,-276
2025-11-27T21:57:59.955728,58,49,75,125,157,219,263,104,2117,-3695,-10652,11698,-391,-1891,-20,-21,294,-212
2025-11-27T21:57:59.974207,62,51,84,104,141,227,276,107,2156,-3729,-10676,11658,-431,-1989,-22,-155,299,-156
2025-11-27T21:57:59.993757,60,47,80,98,116,199,254,101,2174,-3764,-10698,11623,-520,-2047,-6,-168,219,-109
2025-11-27T21:58:00.010650,58,50,83,93,136,202,227,95,2176,-3786,-10722,11594,-507,-2039,-23,-162,102,-83
2025-11-27T21:58:00.032209,50,45,85,117,149,210,175,79,2161,-3792,-10757,11562,-413,-2054,5,-246,-22,-39
2025-11-27T21:58:00.050083,46,44,90,118,142,205,171,75,2139,-3787,-10796,11531,-363,-2091,30,-280,-96,-29
2025-11-27T21:58:00.071887,43,41,74,107,133,185,149,70,2117,-3770,-10820,11518,-393,-2179,30,-151,-150,-49
2025-11-27T21:58:00.094338,44,44,77,116,128,199,169,74,2093,-3743,-10822,11529,-404,-2177,67,14,-213,-34
2025-11-27T21:58:00.114044,41,40,76,162,121,205,148,65,2062,-3710,-10819,11549,-369,-2103,36,79,-268,-6
2025-11-27T21:58:00.143733,39,39,71,155,136,181,124,51,2030,-3671,-10818,11567,-332,-2011,40,66,-299,-17
2025-11-27T21:58:00.154343,40,37,66,156,144,185,128,51,2001,-3627,-10832,11573,-302,-2045,38,-29,-301,-53
2025-11-27T21:58:00.173742,42,38,67,175,168,203,139,58,1969,-3590,-10847,11577,-286,-2116,55,-59,-279,-8
2025-11-27T21:58:00.191938,44,37,65,175,191,187,117,68,1939,-3558,-10852,11587,-259,-2122,53,8,-255,35
2025-11-27T21:58:00.214687,42,34,59,134,184,144,121,69,1903,-3522,-10851,11604,-250,-2110,42,57,-293,59
2025-11-27T21:58:00.236770,44,38,78,194,176,140,127,77,1856,-3482,-10855,11621,-255,-2121,48,30,-361,82
2025-11-27T21:58:00.256142,44,37,77,196,180,132,122,80,1799,-3430,-10854,11646,-261,-2108,69,59,-446,83
2025-11-27T21:58:00.281976,40,37,85,186,157,92,106,74,1744,-3365,-10848,11679,-283,-2085,116,104,-489,27
2025-11-27T21:58:00.304001,32,33,83,182,138,73,85,57,1690,-3295,-10843,11711,-311,-2080,122,100,-514,-13
2025-11-27T21:58:00.316437,32,34,81,180,126,115,95,56,1638,-3225,-10840,11740,-296,-2073,108,98,-499,-24
2025-11-27T21:58:00.334592,31,40,77,139,170,125,83,46,1598,-3168,-10831,11770,-263,-2032,175,98,-404,-2
2025-11-27T21:58:00.356966,30,40,80,138,171,125,78,39,1573,-3125,-10831,11785,-209,-1932,171,11,-273,-8
2025-11-27T21:58:00.376630,30,39,70,127,177,125,79,38,1562,-3100,-10844,11781,-244,-1974,170,-100,-137,-39
2025-11-27T21:58:00.394442,30,38,69,129,175,131,85,41,1557,-3097,-10861,11767,-263,-2036,181,-165,-18,5
2025-11-27T21:58:00.421460,33,39,70,142,180,107,68,39,1562,-3115,-10872,11751,-264,-2025,167,-147,110,44
2025-11-27T21:58:00.432055,34,27,48,100,148,84,65,41,1581,-3141,-10882,11732,-257,-1998,162,-146,191,22
2025-11-27T21:58:00.454128,33,27,44,92,138,79,59,40,1616,-3169,-10889,11714,-281,-2047,145,-107,263,-45
2025-11-27T21:58:00.476984,34,27,40,94,132,90,67,42,1664,-3197,-10882,11706,-289,-2114,149,2,310,-71
2025-11-27T21:58:00.496223,34,28,38,84,123,93,76,42,1722,-3229,-10859,11710,-289,-2100,147,125,357,-81
2025-11-27T21:58:00.514646,34,28,38,70,123,82,71,42,1785,-3262,-10836,11712,-296,-2038,120,135,378,-109
2025-11-27T21:58:00.536847,31,27,36,66,84,88,78,44,1850,-3293,-10829,11700,-293,-1995,99,32,382,-148
2025-11-27T21:58:00.555715,30,27,36,81,95,91,81,44,1911,-3324,-10839,11673,-285,-2046,61,-74,370,-166
2025-11-27T21:58:00.574430,32,28,40,85,100,80,76,46,1962,-3359,-10847,11647,-307,-2129,51,-76,349,-112
2025-11-27T21:58:00.596987,34,33,53,101,134,92,69,42,2007,-3400,-10837,11636,-337,-2150,61,35,347,-50
2025-11-27T21:58:00.616611,33,31,50,103,126,111,80,41,2050,-3446,-10811,11640,-364,-2080,64,146,349,-14
2025-11-27T21:58:00.634346,36,33,52,104,136,164,125,52,2096,-3492,-10784,11643,-365,-2024,59,152,361,-28
2025-11-27T21:58:00.657142,38,33,52,95,140,176,134,55,2146,-3535,-10765,11638,-312,-1996,57,103,375,-45
2025-11-27T21:58:00.676181,38,33,51,100,143,175,136,55,2188,-3581,-10760,11621,-331,-2043,23,12,357,-31
2025-11-27T21:58:00.701948,36,27,39,102,126,166,132,54,2214,-3629,-10757,11604,-385,-2100,6,-12,296,10
2025-11-27T21:58:00.717252,35,26,37,105,188,175,143,57,2220,-3672,-10754,11591,-405,-2104,15,-29,206,68
2025-11-27T21:58:00.739477,30,29,43,127,249,160,110,46,2212,-3708,-10757,11579,-384,-2064,5,-56,117,109
2025-11-27T21:58:00.754092,33,32,46,127,269,160,108,49,2193,-3730,-10763,11570,-381,-2061,7,-62,18,94
2025-11-27T21:58:00.776923,33,31,43,132,278,164,108,46,2163,-3735,-10769,11568,-429,-2093,-13,-32,-104,63
2025-11-27T21:58:00.791985,32,31,43,125,279,164,109,47,2118,-3723,-10774,11576,-447,-2081,-19,8,-239,67
2025-11-27T21:58:00.814469,33,35,45,131,302,144,84,43,2063,-3696,-10775,11594,-426,-2048,-8,50,-337,74
2025-11-27T21:58:00.836901,37,31,39,114,261,101,72,42,2005,-3662,-10776,11613,-369,-1991,33,40,-377,82
2025-11-27T21:58:00.855893,34,31,51,133,240,92,61,37,1946,-3626,-10787,11625,-373,-1985,41,-29,-387,67
2025-11-27T21:58:00.874451,34,32,63,179,226,87,54,37,1876,-3582,-10812,11628,-422,-2012,28,-127,-459,32
2025-11-27T21:58:00.904466,34,32,64,185,226,81,56,38,1801,-3519,-10837,11635,-408,-2020,44,-115,-555,-1
2025-11-27T21:58:00.915996,33,34,85,209,148,77,62,36,1728,-3443,-10860,11647,-305,-1974,87,-102,-599,-6
2025-11-27T21:58:00.934004,31,40,98,212,141,76,60,34,1665,-3364,-10889,11652,-244,-1982,68,-124,-574,-37
2025-11-27T21:58:00.956916,33,40,97,212,185,64,54,33,1619,-3282,-10909,11663,-259,-2025,93,-59,-519,-107
2025-11-27T21:58:00.976185,31,39,91,169,188,61,53,31,1585,-3203,-10918,11682,-257,-2060,133,9,-458,-133
2025-11-27T21:58:00.994475,30,40,91,159,183,61,53,29,1566,-3133,-10917,11704,-234,-2044,162,59,-366,-132
2025-11-27T21:58:01.017433,30,36,70,108,172,59,46,30,1565,-3075,-10912,11725,-222,-2031,171,81,-248,-163
2025-11-27T21:58:01.036142,30,32,58,130,193,67,49,32,1582,-3027,-10909,11738,-219,-2054,181,57,-135,-200
2025-11-27T21:58:01.054568,25,28,46,115,140,58,51,30,1605,-2989,-10906,11746,-235,-2085,190,35,-64,-206
2025-11-27T21:58:01.076957,26,31,47,116,145,66,53,31,1628,-2968,-10915,11741,-225,-2154,121,-30,5,-153
2025-11-27T21:58:01.096233,31,38,59,143,179,79,54,35,1639,-2971,-10921,11733,-236,-2193,126,-57,58,-22
2025-11-27T21:58:01.114427,36,48,81,153,181,92,57,37,1630,-2992,-10920,11730,-305,-2229,98,-30,54,105
2025-11-27T21:58:01.136708,36,50,79,137,150,89,56,37,1603,-3012,-10906,11742,-352,-2209,129,49,-26,175
2025-11-27T21:58:01.155852,36,52,90,154,158,94,58,37,1568,-3034,-10886,11759,-385,-2170,156,67,-48,210
2025-11-27T21:58:01.174455,36,51,89,153,157,92,61,41,1526,-3064,-10863,11778,-404,-2157,181,67,-43,265
2025-11-27T21:58:01.196684,34,46,82,130,119,83,57,37,1482,-3093,-10836,11801,-450,-2119,178,95,-54,259
2025-11-27T21:58:01.217652,26,37,88,181,116,70,52,32,1435,-3117,-10815,11819,-474,-2121,136,85,-87,235
2025-11-27T21:58:01.234473,29,36,111,206,114,63,55,37,1389,-3135,-10787,11846,-473,-2147,163,136,-112,238
2025-11-27T21:58:01.256675,31,38,107,195,104,57,53,38,1344,-3153,-10745,11884,-472,-2149,160,244,-119,255
2025-11-27T21:58:01.279434,32,37,119,253,96,51,46,35,1302,-3166,-10689,11936,-492,-2116,166,361,-133,242
2025-11-27T21:58:01.294455,36,49,141,290,129,56,52,39,1260,-3172,-10634,11988,-514,-2029,138,383,-168,205
2025-11-27T21:58:01.317261,38,56,138,263,147,64,56,44,1224,-3161,-10585,12037,-525,-1924,103,385,-227,97
2025-11-27T21:58:01.339184,36,53,124,251,151,73,56,39,1191,-3125,-10547,12084,-487,-1960,162,327,-311,6
2025-11-27T21:58:01.353974,36,52,121,269,157,80,62,42,1162,-3079,-10521,12121,-400,-1991,201,230,-327,-14
2025-11-27T21:58:01.376703,37,53,111,215,158,84,64,43,1144,-3034,-10495,12156,-424,-1989,175,263,-288,-72
2025-11-27T21:58:01.399447,33,43,96,173,133,78,60,39,1134,-2980,-10468,12194,-459,-2002,196,282,-295,-154
2025-11-27T21:58:01.414484,31,33,79,165,131,97,74,37,1128,-2919,-10443,12230,-459,-2022,175,294,-320,-205
2025-11-27T21:58:01.436959,33,38,70,147,129,99,77,42,1127,-2844,-10409,12277,-401,-2007,175,386,-365,-234
2025-11-27T21:58:01.459636,33,37,73,119,135,94,73,39,1130,-2761,-10375,12325,-345,-1961,197,395,-380,-262
2025-11-27T21:58:01.474164,34,38,77,136,130,96,77,40,1133,-2675,-10353,12362,-341,-1947,197,313,-385,-298
2025-11-27T21:58:01.496961,35,38,57,133,136,100,79,43,1144,-2582,-10336,12394,-322,-1940,240,267,-387,-360
2025-11-27T21:58:01.519168,35,41,74,185,132,74,61,41,1171,-2482,-10324,12422,-232,-1917,268,236,-344,-423
2025-11-27T21:58:01.534705,37,45,89,201,149,64,48,37,1220,-2379,-10315,12445,-130,-1937,277,227,-278,-486
2025-11-27T21:58:01.556943,37,46,91,199,149,63,46,37,1291,-2279,-10304,12466,-19,-1933,259,264,-170,-530
2025-11-27T21:58:01.579185,36,44,92,189,163,86,63,37,1377,-2184,-10282,12492,97,-1954,295,322,-90,-515
2025-11-27T21:58:01.594468,36,44,91,181,158,89,74,37,1457,-2097,-10257,12518,228,-1982,364,302,-60,-402
2025-11-27T21:58:01.616961,35,41,87,187,152,90,78,38,1525,-2024,-10237,12539,305,-1950,330,268,-36,-275
2025-11-27T21:58:01.639489,31,31,73,173,131,91,79,39,1570,-1961,-10226,12552,298,-1954,337,184,-74,-172
2025-11-27T21:58:01.654429,29,30,67,167,115,91,80,39,1592,-1913,-10228,12555,268,-1990,338,71,-90,-53
2025-11-27T21:58:01.676515,28,29,58,163,88,63,62,35,1598,-1888,-10232,12555,237,-1990,364,11,-55,72
2025-11-27T21:58:01.699482,26,30,59,161,87,48,45,31,1597,-1885,-10241,12548,192,-1971,355,-44,17,145
2025-11-27T21:58:01.718824,25,28,41,84,90,44,41,30,1600,-1900,-10253,12535,135,-1966,371,-99,97,156
2025-11-27T21:58:01.737002,28,39,58,120,133,60,51,35,1606,-1927,-10277,12511,90,-1987,375,-196,163,151
2025-11-27T21:58:01.759191,35,46,62,131,187,103,67,45,1612,-1968,-10303,12482,82,-2028,373,-231,221,197
2025-11-27T21:58:01.774385,36,45,64,133,192,110,71,47,1618,-2024,-10316,12462,75,-2019,394,-169,286,261
2025-11-27T21:58:01.796933,36,45,72,157,190,111,71,46,1627,-2092,-10329,12439,21,-1998,372,-182,346,268
2025-11-27T21:58:01.819845,39,53,79,178,193,121,80,50,1629,-2162,-10347,12411,-71,-2011,328,-207,322,252
2025-11-27T21:58:01.833903,37,55,75,175,196,119,76,44,1624,-2223,-10362,12389,-156,-2029,306,-160,250,219
2025-11-27T21:58:01.856927,30,51,77,178,159,85,60,34,1612,-2267,-10370,12376,-208,-2063,327,-113,141,175
2025-11-27T21:58:01.879434,34,61,128,278,237,88,59,38,1598,-2291,-10372,12371,-267,-2047,325,-45,50,95
2025-11-27T21:58:01.894410,34,62,124,271,251,91,58,39,1589,-2295,-10362,12380,-316,-2032,337,62,-30,-10
2025-11-27T21:58:01.917124,35,57,122,261,260,100,67,40,1585,-2281,-10345,12398,-342,-2009,348,134,-96,-93
2025-11-27T21:58:01.939321,41,54,126,260,288,106,80,49,1587,-2254,-10331,12414,-309,-1965,355,121,-120,-162
2025-11-27T21:58:01.953991,41,53,128,256,296,108,82,50,1597,-2221,-10329,12420,-254,-1969,333,59,-117,-201
2025-11-27T21:58:01.976975,37,41,79,146,236,101,80,47,1613,-2193,-10330,12422,-196,-1967,363,12,-66,-186
2025-11-27T21:58:02.003688,36,39,78,140,221,101,81,46,1635,-2181,-10332,12420,-166,-1963,372,-11,27,-146
2025-11-27T21:58:02.014359,34,37,75,137,208,83,66,44,1665,-2187,-10333,12414,-124,-1992,373,-25,137,-93
2025-11-27T21:58:02.036443,24,27,57,109,127,67,50,35,1696,-2217,-10339,12399,-121,-2045,377,-87,247,-20
2025-11-27T21:58:02.059365,23,23,43,95,85,63,48,32,1722,-2270,-10339,12386,-173,-2068,397,-83,328,58
2025-11-27T21:58:02.074138,26,22,36,79,77,64,51,31,1742,-2333,-10333,12377,-191,-2090,404,-58,350,130
2025-11-27T21:58:02.096743,26,22,30,68,65,61,52,32,1765,-2397,-10318,12374,-196,-2057,432,-14,359,129
2025-11-27T21:58:02.119026,26,23,32,61,48,63,50,27,1795,-2456,-10300,12373,-271,-2030,443,-1,365,44
2025-11-27T21:58:02.135317,26,22,32,67,49,59,44,25,1830,-2513,-10295,12361,-332,-2058,393,-52,367,-24
2025-11-27T21:58:02.156989,26,23,35,80,53,60,47,28,1864,-2567,-10292,12346,-356,-2076,348,-50,348,-48
2025-11-27T21:58:02.179571,25,23,40,87,59,60,51,33,1894,-2621,-10288,12335,-346,-2056,302,-12,329,-20
2025-11-27T21:58:02.201860,25,22,41,98,70,84,78,36,1915,-2680,-10277,12327,-374,-2061,254,41,320,33
2025-11-27T21:58:02.216988,27,23,43,99,74,84,86,41,1925,-2751,-10256,12328,-424,-2029,241,101,324,118
2025-11-27T21:58:02.239136,34,47,100,189,158,110,96,50,1923,-2825,-10231,12332,-442,-1983,221,126,291,178
2025-11-27T21:58:02.262041,35,51,122,285,180,112,95,50,1910,-2890,-10210,12336,-440,-1964,213,104,211,194
2025-11-27T21:58:02.276760,36,54,127,294,191,109,93,48,1886,-2940,-10202,12335,-434,-1931,189,44,107,186
