timestamp,EMG_0,EMG_1,EMG_2,EMG_3,EMG_4,EMG_5,EMG_6,EMG_7,quat_0,quat_1,quat_2,quat_3,acc_0,acc_1,acc_2,gyro_0,gyro_1,gyro_2
2025-11-24T16:03:18.227237,18,20,18,18,19,16,16,18,-636,6003,-11948,9447,781,-1860,-712,-2,-12,-1
2025-11-24T16:03:18.245814,17,20,19,17,20,18,16,18,-637,6005,-11948,9445,789,-1868,-715,-8,-17,-1
2025-11-24T16:03:18.260588,19,19,19,20,21,17,18,21,-637,6005,-11948,9445,808,-1853,-709,-3,-16,10
2025-11-24T16:03:18.283839,18,20,18,20,19,17,18,22,-637,6006,-11949,9443,818,-1845,-705,-9,-15,19
2025-11-24T16:03:18.307933,18,19,19,19,20,17,18,20,-636,6005,-11951,9442,810,-1844,-712,-10,-2,22
2025-11-24T16:03:18.325413,18,20,21,18,21,18,19,20,-635,6003,-11953,9440,804,-1881,-736,-8,9,17
2025-11-24T16:03:18.345753,18,21,21,19,21,17,18,20,-636,5997,-11954,9442,782,-1885,-708,-1,19,19
2025-11-24T16:03:18.375760,18,22,21,17,20,17,18,17,-638,5992,-11955,9445,754,-1900,-711,9,18,11
2025-11-24T16:03:18.388203,18,21,21,19,22,17,17,14,-642,5988,-11953,9450,746,-1908,-713,26,13,-1
2025-11-24T16:03:18.405019,19,21,21,19,22,18,18,15,-645,5986,-11950,9454,752,-1896,-718,34,10,-10
2025-11-24T16:03:18.426770,19,20,19,20,20,17,17,15,-647,5986,-11945,9460,758,-1867,-708,41,6,-15
2025-11-24T16:03:18.451079,18,20,18,20,19,17,18,17,-647,5988,-11942,9463,765,-1847,-726,36,4,-19
2025-11-24T16:03:18.466373,18,19,18,20,20,17,18,16,-648,5988,-11941,9464,762,-1832,-710,19,2,-7
2025-11-24T16:03:18.488351,19,19,20,18,16,16,17,17,-648,5989,-11941,9464,771,-1847,-729,-4,4,-3
2025-11-24T16:03:18.510892,19,19,21,18,16,16,17,16,-648,5989,-11941,9463,772,-1875,-728,-9,7,-2
2025-11-24T16:03:18.526229,19,20,21,18,17,15,16,15,-648,5989,-11941,9463,781,-1884,-714,7,10,-1
2025-11-24T16:03:18.556499,20,20,22,19,17,15,16,15,-648,5989,-11941,9463,788,-1866,-706,5,8,-1
2025-11-24T16:03:18.570854,18,19,20,20,16,15,16,15,-648,5989,-11941,9464,789,-1862,-685,-3,2,4
2025-11-24T16:03:18.585838,18,18,18,19,17,16,16,16,-647,5989,-11941,9464,789,-1856,-686,-10,0,6
2025-11-24T16:03:18.608310,17,17,18,19,16,16,15,16,-646,5988,-11942,9463,797,-1871,-697,-20,-2,9
2025-11-24T16:03:18.638653,17,17,18,18,17,16,16,16,-646,5988,-11942,9463,796,-1883,-714,-16,-1,8
2025-11-24T16:03:18.645468,16,16,17,17,19,16,16,16,-646,5988,-11942,9463,785,-1883,-699,-4,5,7
2025-11-24T16:03:18.684047,17,17,18,18,20,18,18,18,-646,5988,-11942,9463,783,-1882,-709,2,7,3
2025-11-24T16:03:18.690947,16,17,20,19,18,19,19,17,-646,5988,-11942,9463,779,-1873,-707,3,9,3
2025-11-24T16:03:18.714155,17,16,18,18,18,19,19,18,-647,5988,-11942,9463,777,-1866,-716,-7,4,2
2025-11-24T16:03:18.728805,17,15,19,17,17,19,21,20,-647,5988,-11942,9463,767,-1878,-714,-15,-3,1
2025-11-24T16:03:18.750856,17,15,21,18,17,19,21,20,-647,5988,-11942,9463,769,-1867,-696,-13,-13,0
2025-11-24T16:03:18.766017,18,16,21,15,16,19,19,18,-651,5989,-11943,9460,762,-1867,-694,-10,-26,-1
2025-11-24T16:03:18.788451,18,19,19,16,18,18,19,19,-657,5993,-11945,9456,759,-1872,-718,-9,-41,-2
2025-11-24T16:03:18.811049,18,20,19,17,20,18,21,18,-664,5999,-11945,9451,764,-1874,-721,-5,-54,-10
2025-11-24T16:03:18.833686,18,22,18,17,20,19,19,16,-671,6006,-11944,9447,774,-1869,-705,-3,-60,-7
2025-11-24T16:03:18.848477,19,22,16,17,18,20,20,17,-677,6012,-11944,9443,783,-1865,-712,-9,-55,-5
2025-11-24T16:03:18.870975,18,22,15,17,21,18,20,17,-681,6018,-11945,9437,786,-1861,-711,-19,-49,-2
2025-11-24T16:03:18.894227,20,20,16,18,20,17,20,16,-684,6023,-11948,9431,788,-1859,-729,-22,-42,1
2025-11-24T16:03:18.924204,19,20,17,17,20,18,17,18,-686,6027,-11949,9426,793,-1867,-728,-18,-32,4
2025-11-24T16:03:18.938922,20,18,18,17,19,17,16,18,-687,6031,-11951,9421,798,-1862,-739,-15,-24,3
2025-11-24T16:03:18.950668,21,19,17,16,19,16,15,18,-686,6031,-11951,9421,803,-1861,-735,-8,-14,4
2025-11-24T16:03:18.971761,19,19,19,17,18,18,16,17,-686,6032,-11951,9420,792,-1855,-735,-4,0,9
2025-11-24T16:03:18.990482,18,19,19,15,18,19,19,19,-686,6032,-11952,9420,787,-1862,-729,0,13,12
2025-11-24T16:03:19.005301,20,18,19,15,21,22,23,20,-683,6028,-11953,9422,799,-1872,-740,5,25,16
2025-11-24T16:03:19.028093,24,20,18,19,26,28,34,29,-678,6023,-11956,9420,818,-1888,-746,-19,33,27
2025-11-24T16:03:19.050418,25,20,20,38,76,34,40,34,-665,6021,-11971,9404,917,-1940,-731,-146,1,53
2025-11-24T16:03:19.065522,30,24,21,56,114,75,58,41,-658,6016,-12023,9340,942,-1935,-628,-515,-131,187
2025-11-24T16:03:19.088448,35,28,26,105,259,88,107,60,-676,5994,-12076,9286,1187,-2019,-533,-491,-233,440
2025-11-24T16:03:19.110638,36,29,32,124,287,106,135,69,-764,5941,-12105,9276,1332,-2215,-680,-47,-341,784
2025-11-24T16:03:19.126284,34,28,33,155,305,162,162,72,-932,5847,-12159,9249,1313,-2242,-743,-2,-564,1279
2025-11-24T16:03:19.148414,38,29,34,169,375,237,181,80,-1194,5682,-12261,9186,1012,-2431,-947,-10,-675,1769
2025-11-24T16:03:19.170918,44,31,35,183,407,248,192,87,-1537,5463,-12394,9090,658,-2697,-991,-80,-886,2284
2025-11-24T16:03:19.185954,41,31,36,192,431,256,178,77,-1965,5178,-12543,8969,372,-2827,-959,-50,-1072,2861
2025-11-24T16:03:19.224291,41,30,32,196,449,256,160,70,-2446,4805,-12677,8869,-72,-2706,-760,223,-998,3339
2025-11-24T16:03:19.231815,40,30,32,212,447,227,132,66,-2926,4361,-12800,8776,-439,-2385,-563,338,-762,3594
2025-11-24T16:03:19.245779,39,32,35,215,410,151,102,57,-3366,3873,-12903,8696,-696,-2162,-305,419,-449,3626
2025-11-24T16:03:19.267990,72,29,33,223,394,125,70,48,-3753,3347,-12974,8650,-727,-2000,-210,634,-98,3566
2025-11-24T16:03:19.290948,178,34,34,220,324,102,44,77,-4065,2804,-13001,8661,-690,-1847,-119,957,292,3312
2025-11-24T16:03:19.306046,191,57,40,245,437,103,43,90,-4282,2251,-12988,8738,-680,-1753,-205,1309,747,2958
2025-11-24T16:03:19.328883,197,62,53,282,438,112,56,92,-4406,1725,-12927,8885,-734,-1641,-297,1677,1058,2420
2025-11-24T16:03:19.350552,199,64,60,306,487,109,63,95,-4460,1253,-12842,9059,-785,-1567,-393,1765,1177,1916
2025-11-24T16:03:19.373258,190,71,63,381,570,113,65,93,-4483,856,-12767,9198,-750,-1482,-375,1463,1089,1492
2025-11-24T16:03:19.388087,112,169,75,395,584,115,67,69,-4436,541,-12708,9327,-741,-1601,-436,1248,1134,981
2025-11-24T16:03:19.410162,100,204,79,402,516,101,64,56,-4320,295,-12657,9460,-647,-1637,-512,1174,1196,514
2025-11-24T16:03:19.433715,304,282,80,373,561,89,54,64,-4161,100,-12608,9599,-651,-1684,-533,1123,1210,151
2025-11-24T16:03:19.448323,343,362,82,375,534,89,48,64,-3989,-42,-12566,9728,-651,-1808,-566,996,1095,-90
2025-11-24T16:03:19.476359,356,485,90,319,481,75,45,65,-3847,-130,-12543,9813,-708,-1837,-623,701,812,-195
2025-11-24T16:03:19.490826,367,478,80,334,475,69,42,69,-3734,-178,-12534,9868,-697,-1759,-606,473,571,-251
2025-11-24T16:03:19.506380,369,469,76,315,489,76,41,66,-3634,-191,-12540,9896,-714,-1767,-662,291,415,-333
2025-11-24T16:03:19.537554,234,436,68,312,445,72,37,56,-3537,-171,-12533,9942,-687,-1817,-605,336,286,-480
2025-11-24T16:03:19.553389,174,380,59,286,409,69,37,48,-3436,-129,-12520,9994,-647,-1814,-568,343,228,-587
2025-11-24T16:03:19.568399,166,202,49,273,349,70,42,46,-3333,-79,-12515,10035,-608,-1728,-534,255,224,-624
2025-11-24T16:03:19.590926,135,160,49,244,321,70,43,41,-3234,-31,-12533,10045,-629,-1783,-577,55,238,-581
2025-11-24T16:03:19.614116,123,143,49,237,237,60,41,39,-3142,14,-12558,10044,-620,-1902,-573,-22,237,-523
2025-11-24T16:03:19.628151,111,115,47,243,212,57,40,35,-3077,48,-12587,10027,-590,-1972,-580,-104,156,-349
2025-11-24T16:03:19.650922,103,85,45,294,244,56,40,32,-3023,73,-12620,10001,-605,-1904,-532,-174,163,-284
2025-11-24T16:03:19.672928,58,80,46,324,277,53,35,29,-2961,99,-12659,9971,-617,-1936,-528,-225,202,-326
2025-11-24T16:03:19.692736,47,66,44,332,255,51,35,27,-2875,129,-12679,9970,-575,-2021,-499,-62,279,-428
2025-11-24T16:03:19.710520,38,50,41,322,242,66,39,28,-2786,172,-12689,9981,-524,-1968,-496,6,239,-499
2025-11-24T16:03:19.733976,46,43,42,309,235,66,41,33,-2699,236,-12705,9984,-409,-1903,-544,-36,144,-544
2025-11-24T16:03:19.756370,152,56,41,252,188,63,41,71,-2620,316,-12717,9988,-299,-1930,-507,-60,54,-539
2025-11-24T16:03:19.786384,169,64,48,239,137,63,41,84,-2552,390,-12715,10006,-276,-2008,-465,32,20,-475
2025-11-24T16:03:19.833904,219,86,51,231,140,61,42,117,-2496,453,-12696,10040,-275,-2045,-499,184,-13,-418
2025-11-24T16:03:19.841222,331,110,58,243,156,64,54,135,-2451,516,-12665,10088,-249,-1942,-450,278,-59,-397
2025-11-24T16:03:19.854445,336,119,63,241,194,154,76,140,-2418,579,-12645,10117,-146,-1851,-411,157,-111,-303
2025-11-24T16:03:19.860567,306,114,66,240,208,181,90,128,-2401,650,-12696,10053,48,-1778,-371,-519,-181,-105
2025-11-24T16:03:19.867621,299,109,64,198,227,188,96,122,-2441,712,-12782,9930,-285,-1885,-578,-795,-369,21
2025-11-24T16:03:19.890521,266,96,91,243,264,214,103,94,-2502,785,-12833,9843,-161,-2349,-598,-587,-530,127
2025-11-24T16:03:19.912988,99,67,88,237,273,230,104,66,-2551,813,-12830,9831,-166,-2154,-329,-155,-332,182
2025-11-24T16:03:19.927643,78,81,90,275,346,248,100,61,-2584,817,-12794,9869,-163,-1862,-262,203,-182,153
2025-11-24T16:03:19.950516,66,83,93,289,389,260,120,62,-2582,829,-12807,9853,-121,-1585,-331,-148,-46,58
2025-11-24T16:03:19.972552,57,81,92,285,393,290,131,67,-2575,859,-12847,9800,-217,-1876,-332,-463,-55,-22
2025-11-24T16:03:19.987589,57,80,66,217,386,286,138,73,-2577,894,-12883,9749,-130,-2070,-451,-417,-140,51
2025-11-24T16:03:20.010960,49,83,69,214,384,283,134,74,-2602,911,-12913,9700,-203,-2047,-567,-304,-183,156
2025-11-24T16:03:20.037981,50,57,63,151,299,238,134,72,-2662,909,-12938,9650,-307,-2040,-585,-266,-274,317
2025-11-24T16:03:20.048055,45,52,58,135,244,216,115,68,-2754,888,-12967,9588,-344,-2057,-638,-282,-351,511
2025-11-24T16:03:20.075150,41,50,53,146,226,219,108,61,-2877,861,-12996,9515,-509,-2075,-564,-365,-443,586
2025-11-24T16:03:20.093357,37,45,45,152,189,205,95,51,-3020,841,-13020,9439,-607,-2130,-583,-368,-554,594
2025-11-24T16:03:20.108356,38,44,59,223,276,288,113,54,-3177,818,-13023,9385,-684,-2241,-623,-192,-628,624
2025-11-24T16:03:20.131730,33,38,59,228,279,288,109,56,-3346,784,-13009,9349,-733,-2171,-579,-54,-644,676
2025-11-24T16:03:20.153385,32,32,57,225,288,297,107,55,-3523,753,-12995,9305,-757,-2021,-592,-63,-700,685
2025-11-24T16:03:20.168788,32,31,59,220,299,284,97,54,-3715,726,-12984,9249,-835,-2023,-592,-123,-775,720
2025-11-24T16:03:20.190894,29,35,77,252,321,311,94,54,-3919,700,-12968,9188,-967,-2087,-549,-154,-820,727
2025-11-24T16:03:20.213681,23,27,71,254,295,236,71,50,-4125,690,-12955,9117,-995,-1958,-529,-220,-884,668
2025-11-24T16:03:20.228397,24,26,72,271,321,243,70,45,-4328,706,-12940,9043,-1002,-1864,-599,-220,-968,549
2025-11-24T16:03:20.250845,30,32,76,273,331,240,67,45,-4526,750,-12913,8980,-930,-1902,-537,-208,-1055,453
2025-11-24T16:03:20.273811,31,34,75,290,418,217,67,49,-4707,806,-12886,8922,-899,-1761,-512,-200,-1022,337
2025-11-24T16:03:20.288586,30,30,58,264,438,187,72,49,-4875,867,-12857,8866,-1020,-1685,-500,-185,-966,207
2025-11-24T16:03:20.311119,34,37,69,279,450,261,81,50,-5044,936,-12833,8800,-1059,-1739,-491,-266,-986,206
2025-11-24T16:03:20.348855,36,40,70,284,447,280,88,55,-5198,1007,-12805,8743,-1009,-1730,-465,-235,-939,167
2025-11-24T16:03:20.355668,35,40,70,293,483,289,93,58,-5345,1080,-12775,8689,-1006,-1753,-399,-252,-909,145
2025-11-24T16:03:20.371412,35,40,69,280,429,295,96,60,-5492,1154,-12739,8641,-1046,-1730,-398,-203,-914,115
2025-11-24T16:03:20.393372,37,43,78,293,447,288,94,57,-5633,1233,-12688,8614,-1007,-1775,-352,-97,-926,62
2025-11-24T16:03:20.416539,34,37,60,229,448,230,87,55,-5761,1313,-12637,8593,-977,-1784,-278,-108,-858,36
2025-11-24T16:03:20.430888,30,35,57,212,488,194,75,51,-5871,1398,-12589,8574,-965,-1836,-331,-97,-808,-23
2025-11-24T16:03:20.453438,29,31,54,217,472,166,69,46,-5973,1467,-12519,8596,-933,-1956,-185,101,-725,-22
2025-11-24T16:03:20.476233,28,30,63,212,466,150,69,42,-6049,1520,-12453,8629,-938,-1803,-191,184,-560,-98
2025-11-24T16:03:20.490501,29,26,51,182,417,157,69,46,-6106,1589,-12404,8647,-919,-1807,-138,4,-487,-168
2025-11-24T16:03:20.510597,28,28,55,177,362,138,70,49,-6144,1664,-12363,8665,-916,-1938,-157,-30,-415,-219
2025-11-24T16:03:20.534186,28,31,57,169,291,166,68,47,-6174,1727,-12317,8696,-1007,-1997,-181,71,-357,-255
2025-11-24T16:03:20.549282,24,29,63,140,271,167,66,43,-6194,1786,-12262,8748,-1003,-2025,-204,207,-313,-316
2025-11-24T16:03:20.573151,25,29,55,132,276,191,67,41,-6217,1844,-12196,8811,-1082,-1974,-188,296,-340,-393
2025-11-24T16:03:20.599610,21,74,57,138,307,187,65,38,-6247,1927,-12131,8862,-1138,-1871,-255,251,-461,-513
2025-11-24T16:03:20.618007,27,90,59,147,334,227,64,34,-6288,2031,-12047,8925,-1112,-2023,-177,280,-598,-568
2025-11-24T16:03:20.632225,28,91,58,154,388,219,75,32,-6322,2147,-11954,8999,-1016,-1930,-155,337,-623,-656
2025-11-24T16:03:20.660892,28,94,50,162,439,228,74,32,-6348,2281,-11856,9076,-937,-1913,-141,322,-660,-749
2025-11-24T16:03:20.670928,29,95,58,163,411,229,74,34,-6370,2435,-11758,9148,-887,-1961,-137,269,-715,-810
2025-11-24T16:03:20.693167,32,69,63,164,396,232,71,32,-6394,2587,-11661,9213,-841,-2046,-54,208,-710,-763
2025-11-24T16:03:20.716703,29,50,66,210,401,194,70,30,-6408,2724,-11567,9283,-752,-2104,-13,235,-610,-700
2025-11-24T16:03:20.730808,30,50,68,209,385,191,63,35,-6402,2848,-11478,9360,-738,-2127,-8,264,-480,-734
2025-11-24T16:03:20.752977,32,44,76,202,331,211,61,38,-6392,2958,-11392,9437,-795,-2138,-56,318,-422,-733
2025-11-24T16:03:20.776588,31,45,77,213,334,214,57,36,-6410,3042,-11296,9513,-857,-2168,40,394,-454,-591
2025-11-24T16:03:20.790915,51,57,80,228,327,209,60,43,-6410,3126,-11202,9597,-673,-2145,0,440,-392,-593
2025-11-24T16:03:20.813224,90,70,74,173,310,204,63,45,-6417,3202,-11097,9688,-610,-2151,-14,545,-416,-544
2025-11-24T16:03:20.837959,119,80,78,169,316,215,60,47,-6421,3275,-10983,9790,-594,-2098,44,610,-393,-593
2025-11-24T16:03:20.858856,128,80,76,165,308,180,58,47,-6408,3337,-10864,9910,-499,-2082,68,703,-286,-627
2025-11-24T16:03:20.873455,132,83,87,151,335,231,64,50,-6389,3400,-10751,10023,-450,-1967,69,660,-268,-632
2025-11-24T16:03:20.896651,129,84,98,138,347,238,67,47,-6371,3468,-10639,10131,-398,-2050,130,621,-284,-616
2025-11-24T16:03:20.926683,146,73,106,148,362,250,65,54,-6344,3544,-10532,10233,-360,-1940,49,597,-286,-667
2025-11-24T16:03:20.934410,132,62,119,138,309,238,63,48,-6327,3631,-10422,10325,-404,-1969,42,583,-385,-691
2025-11-24T16:03:20.957348,125,63,121,151,277,255,68,47,-6304,3717,-10305,10426,-282,-1881,47,643,-361,-701
2025-11-24T16:03:20.970917,131,60,168,138,267,188,65,45,-6282,3794,-10186,10528,-296,-1836,57,680,-339,-699
2025-11-24T16:03:20.993412,171,102,204,128,272,185,60,52,-6250,3880,-10076,10621,-215,-1699,73,575,-326,-718
2025-11-24T16:03:21.016590,200,119,221,129,270,185,66,55,-6213,3970,-9975,10704,-142,-1743,79,502,-312,-694
2025-11-24T16:03:21.030896,207,120,222,141,307,204,67,59,-6177,4046,-9879,10785,-155,-1792,158,478,-249,-645
2025-11-24T16:03:21.053670,209,134,281,137,316,186,62,59,-6135,4119,-9798,10855,-104,-1705,157,386,-199,-614
2025-11-24T16:03:21.076650,211,140,278,146,307,209,56,59,-6089,4194,-9736,10908,-107,-1766,190,241,-184,-583
2025-11-24T16:03:21.090866,193,117,285,160,409,230,60,55,-6045,4268,-9686,10948,-103,-1787,202,154,-175,-535
2025-11-24T16:03:21.113404,163,103,303,158,427,215,50,44,-6000,4345,-9649,10975,-111,-1867,176,77,-181,-509
2025-11-24T16:03:21.136456,171,109,325,157,442,237,51,42,-5967,4426,-9605,10999,-34,-1919,187,105,-243,-458
2025-11-24T16:03:21.150860,174,101,333,155,470,240,56,44,-5948,4495,-9557,11023,-56,-1909,207,152,-260,-395
2025-11-24T16:03:21.181597,170,95,339,171,463,237,58,45,-5932,4555,-9507,11050,34,-1943,329,138,-225,-320
2025-11-24T16:03:21.196284,173,116,375,173,414,243,54,42,-5912,4610,-9467,11073,76,-1971,340,85,-176,-285
2025-11-24T16:03:21.215350,303,156,385,188,409,258,55,52,-5888,4660,-9437,11091,65,-1999,337,43,-129,-266
2025-11-24T16:03:21.230412,305,155,367,182,389,215,52,57,-5858,4707,-9413,11107,115,-2010,327,17,-94,-248
2025-11-24T16:03:21.253890,309,160,330,188,367,225,49,55,-5826,4741,-9400,11120,100,-2027,344,-21,-17,-211
2025-11-24T16:03:21.277063,316,213,318,228,370,232,58,61,-5796,4771,-9397,11126,118,-2009,360,-85,-5,-151
2025-11-24T16:03:21.291839,331,201,262,223,426,258,59,62,-5770,4798,-9396,11128,125,-2118,371,-90,-2,-118
2025-11-24T16:03:21.316314,203,176,253,228,410,263,64,54,-5754,4811,-9389,11137,98,-2178,394,-4,7,-72
2025-11-24T16:03:21.339453,185,200,321,229,449,294,68,53,-5748,4816,-9371,11152,81,-2087,398,79,3,-54
2025-11-24T16:03:21.353418,178,216,327,234,466,350,77,60,-5747,4821,-9356,11164,41,-2098,396,70,-24,-47
2025-11-24T16:03:21.376256,194,177,436,200,519,394,73,54,-5740,4832,-9334,11181,91,-2058,390,92,-27,-86
2025-11-24T16:03:21.399116,174,198,463,216,477,375,72,58,-5736,4851,-9314,11192,48,-2020,359,74,-77,-114
2025-11-24T16:03:21.413357,172,208,450,201,489,411,81,64,-5727,4875,-9290,11205,44,-2007,374,68,-86,-161
2025-11-24T16:03:21.436748,232,198,446,222,462,426,79,61,-5720,4894,-9268,11219,7,-2000,397,65,-74,-165
2025-11-24T16:03:21.466345,240,178,450,230,454,380,74,58,-5705,4907,-9251,11235,50,-1939,387,49,-7,-150
2025-11-24T16:03:21.473275,241,179,396,242,438,381,78,69,-5688,4919,-9245,11243,104,-1970,390,-18,15,-96
2025-11-24T16:03:21.496698,236,157,373,233,452,374,84,66,-5677,4925,-9240,11251,37,-2001,378,13,15,-86
2025-11-24T16:03:21.519227,237,149,367,255,483,349,89,75,-5674,4929,-9233,11256,40,-1998,384,24,-15,-55
2025-11-24T16:03:21.533571,184,172,325,247,517,323,90,77,-5671,4933,-9228,11260,55,-2032,368,26,-9,-32
2025-11-24T16:03:21.556666,192,186,342,238,567,326,92,78,-5673,4940,-9214,11268,100,-2015,396,60,-43,-27
2025-11-24T16:03:21.578278,196,193,287,219,666,287,84,70,-5682,4942,-9198,11275,18,-2024,423,73,-59,-31
2025-11-24T16:03:21.592909,188,196,268,241,692,312,82,80,-5682,4951,-9189,11278,63,-2029,401,19,-47,-46
2025-11-24T16:03:21.616648,182,199,287,230,660,305,73,71,-5683,4961,-9180,11280,94,-2051,404,18,-54,-33
2025-11-24T16:03:21.638668,185,195,332,261,654,303,76,71,-5684,4974,-9170,11283,84,-2046,382,33,-67,-44
2025-11-24T16:03:21.653377,222,194,334,267,602,330,77,69,-5688,4990,-9151,11289,112,-2028,396,65,-92,-54
2025-11-24T16:03:21.676701,193,192,333,270,499,301,81,74,-5689,5001,-9130,11300,92,-1981,437,71,-68,-76
2025-11-24T16:03:21.699115,202,209,393,267,455,398,92,70,-5683,5008,-9116,11311,104,-1997,422,47,-16,-78
2025-11-24T16:03:21.713419,258,219,411,262,454,416,87,76,-5670,5009,-9113,11320,109,-2032,417,8,47,-57
2025-11-24T16:03:21.736981,276,200,381,247,474,418,84,84,-5660,5009,-9112,11326,111,-2010,381,13,46,-34
2025-11-24T16:03:21.759274,243,197,361,247,488,403,79,90,-5656,5005,-9105,11336,113,-2049,404,64,34,-17
2025-11-24T16:03:21.772880,248,215,383,238,521,444,78,87,-5651,4999,-9098,11346,97,-1960,391,59,43,-23
2025-11-24T16:03:21.796652,238,203,324,223,542,374,66,81,-5642,5001,-9101,11347,92,-1987,390,-23,28,-37
2025-11-24T16:03:21.819137,213,191,298,223,578,338,74,89,-5636,5011,-9106,11342,70,-2032,342,-32,-20,-41
2025-11-24T16:03:21.833117,198,201,348,212,674,358,84,83,-5647,5016,-9096,11343,86,-2081,414,53,-71,7
2025-11-24T16:03:21.856606,192,203,377,232,682,354,90,87,-5662,5013,-9076,11352,96,-2007,442,115,-57,21
2025-11-24T16:03:21.879156,199,178,390,241,702,309,90,87,-5671,5007,-9060,11363,94,-1993,416,125,-17,10
2025-11-24T16:03:21.893007,209,233,396,257,699,274,90,91,-5671,5005,-9056,11367,89,-1983,403,28,8,-7
2025-11-24T16:03:21.916603,208,228,398,357,724,305,90,83,-5665,5009,-9058,11367,90,-1976,407,-23,4,-29
2025-11-24T16:03:21.946351,204,238,407,384,649,274,83,82,-5655,5012,-9065,11365,85,-1998,409,-56,29,-34
2025-11-24T16:03:21.953133,297,238,408,409,683,449,108,97,-5645,5011,-9068,11368,100,-2011,421,-25,49,-30
2025-11-24T16:03:21.976658,397,254,377,410,693,456,121,149,-5633,5016,-9079,11362,112,-1978,384,-81,30,-20
2025-11-24T16:03:21.999175,441,217,370,409,721,494,140,177,-5624,5022,-9082,11362,79,-2028,426,-49,10,-50
2025-11-24T16:03:22.013752,440,247,397,355,688,510,145,205,-5614,5027,-9076,11370,108,-2004,447,-4,14,-76
2025-11-24T16:03:22.037229,436,233,353,335,705,519,151,212,-5603,5027,-9074,11376,90,-2032,378,29,41,-61
2025-11-24T16:03:22.058973,387,258,308,311,665,413,136,210,-5599,5027,-9066,11385,136,-2064,396,63,13,-31
2025-11-24T16:03:22.072862,276,244,303,309,590,452,126,181,-5602,5021,-9065,11387,37,-2025,388,38,13,-11
2025-11-24T16:03:22.096645,462,265,372,322,538,450,116,167,-5605,5020,-9068,11384,99,-2043,397,-6,-7,27
2025-11-24T16:03:22.119211,460,242,356,299,553,455,107,144,-5613,5018,-9072,11378,49,-2066,391,2,-24,30
2025-11-24T16:03:22.133302,462,238,341,316,482,468,97,135,-5623,5011,-9063,11383,81,-2031,451,61,-17,26
2025-11-24T16:03:22.156660,468,256,371,328,620,496,95,143,-5624,5001,-9056,11392,113,-2011,464,52,40,16
2025-11-24T16:03:22.178708,491,266,382,345,669,530,102,146,-5619,4992,-9054,11400,80,-1981,452,20,60,-14
2025-11-24T16:03:22.201527,295,277,365,382,666,532,116,161,-5616,4990,-9046,11409,93,-2051,436,55,13,-37
2025-11-24T16:03:22.224221,296,286,355,427,750,568,129,154,-5613,4985,-9034,11422,94,-2023,467,63,26,-45
2025-11-24T16:03:22.238340,307,293,378,415,842,638,156,162,-5605,4979,-9025,11436,101,-1986,479,51,54,-55
2025-11-24T16:03:22.266693,297,262,371,408,751,625,162,160,-5588,4978,-9022,11447,117,-2000,409,26,71,-74
2025-11-24T16:03:22.274537,281,263,362,421,780,580,159,177,-5576,4988,-9026,11445,98,-1979,342,-17,2,-76
2025-11-24T16:03:22.297574,269,217,434,494,830,653,184,176,-5571,4999,-9021,11447,127,-2013,372,25,-32,-53
2025-11-24T16:03:22.321725,266,257,480,492,797,610,177,178,-5571,4999,-9021,11447,83,-1965,413,11,10,-5
2025-11-24T16:03:22.336356,281,304,556,582,779,561,156,192,-5572,4998,-9021,11446,67,-1998,414,-1,-11,4
2025-11-24T16:03:22.359022,265,300,557,591,801,541,155,188,-5576,4989,-9018,11451,103,-2042,457,41,23,26
2025-11-24T16:03:22.381247,288,317,590,631,850,644,198,205,-5580,4976,-9013,11459,82,-1979,484,45,44,22
2025-11-24T16:03:22.395128,279,358,531,571,859,589,162,182,-5573,4972,-9016,11462,111,-1990,408,1,44,-9
2025-11-24T16:03:22.418808,268,325,516,563,870,602,163,176,-5571,4974,-9014,11463,98,-2027,396,24,-4,-26
2025-11-24T16:03:22.441684,238,284,411,499,846,589,170,158,-5570,4974,-9017,11461,63,-1981,418,-13,1,-18
2025-11-24T16:03:22.456723,256,284,424,504,877,594,170,164,-5566,4977,-9018,11461,134,-2000,465,-38,8,-6
2025-11-24T16:03:22.479168,235,286,399,466,887,466,115,119,-5567,4971,-9023,11459,61,-2085,452,-14,16,10
2025-11-24T16:03:22.501666,231,235,379,481,918,473,134,132,-5567,4965,-9020,11464,80,-2021,426,38,25,-9
2025-11-24T16:03:22.516627,235,265,331,465,989,467,141,145,-5565,4959,-9017,11470,148,-2000,469,22,39,19
2025-11-24T16:03:22.546689,240,267,327,459,1073,455,134,150,-5562,4957,-9020,11470,92,-2037,395,12,20,-7
2025-11-24T16:03:22.561769,415,283,331,462,1070,517,147,179,-5564,4962,-9013,11472,134,-2022,425,29,-33,-5
2025-11-24T16:03:22.576891,506,265,381,480,1023,592,161,239,-5566,4962,-9007,11476,120,-1981,476,16,-7,-4
2025-11-24T16:03:22.598760,536,295,416,449,956,564,151,240,-5560,4955,-8999,11489,151,-2032,513,38,52,-15
2025-11-24T16:03:22.621694,565,279,432,498,932,607,152,237,-5541,4939,-9002,11502,123,-2046,392,55,153,-41
2025-11-24T16:03:22.636875,565,285,464,504,810,601,157,236,-5526,4939,-9006,11506,122,-1975,376,-1,65,-50
2025-11-24T16:03:22.659229,451,263,513,474,848,553,139,212,-5517,4953,-9005,11505,116,-1991,398,-18,-30,-78
2025-11-24T16:03:22.681698,373,251,522,459,814,491,124,146,-5507,4968,-9003,11506,101,-1987,416,-26,-32,-93
2025-11-24T16:03:22.695978,318,214,483,453,831,480,117,137,-5497,4972,-9000,11511,114,-2044,419,15,18,-73
2025-11-24T16:03:22.719208,259,186,469,407,815,456,108,135,-5488,4968,-8998,11518,127,-2016,396,43,55,-37
2025-11-24T16:03:22.742156,264,160,453,448,859,466,104,131,-5489,4961,-8998,11521,95,-2004,431,26,24,6
2025-11-24T16:03:22.755952,286,164,372,448,788,475,112,135,-5491,4963,-9003,11516,86,-2024,435,-31,-17,1
2025-11-24T16:03:22.779277,215,153,274,441,813,450,113,133,-5491,4963,-9003,11515,97,-2049,439,-5,-15,-1
2025-11-24T16:03:22.801759,241,174,302,464,843,570,122,187,-5496,4960,-8997,11519,90,-2005,460,37,-14,-1
2025-11-24T16:03:22.815920,244,187,304,488,779,527,116,188,-5497,4959,-8997,11519,85,-1967,466,6,8,-3
2025-11-24T16:03:22.838772,261,191,341,427,695,524,113,183,-5497,4957,-8995,11521,99,-2054,442,20,4,-13
2025-11-24T16:03:22.861668,222,200,365,438,716,557,113,189,-5499,4952,-8989,11527,92,-1948,449,44,9,-9
2025-11-24T16:03:22.875936,229,195,374,414,672,575,114,197,-5493,4955,-8991,11527,114,-1989,413,-9,9,-31
2025-11-24T16:03:22.898966,218,182,369,381,590,456,111,162,-5492,4959,-8989,11528,124,-2014,415,16,-14,-20
2025-11-24T16:03:22.921695,235,201,378,484,682,597,130,162,-5494,4962,-8984,11528,116,-1955,449,6,-27,-9
2025-11-24T16:03:22.936298,235,209,339,497,773,672,142,173,-5492,4964,-8983,11530,127,-1996,463,-7,-2,-19
2025-11-24T16:03:22.959149,272,224,340,512,904,641,150,165,-5493,4967,-8983,11528,97,-2017,436,-7,-19,-10
2025-11-24T16:03:22.981526,325,229,327,520,998,637,145,154,-5496,4974,-8987,11520,118,-1967,407,-35,-41,9
2025-11-24T16:03:23.004232,315,242,325,565,1056,641,139,146,-5500,4978,-8985,11518,120,-2023,453,-7,-41,2
2025-11-24T16:03:23.019243,310,219,334,459,1055,634,140,141,-5509,4970,-8981,11521,101,-1997,455,47,1,37
2025-11-24T16:03:23.041448,285,252,386,456,1012,564,132,151,-5515,4963,-8981,11520,124,-1974,453,10,7,50
2025-11-24T16:03:23.055974,248,232,384,428,890,565,118,138,-5521,4957,-8986,11517,105,-2033,473,-17,9,50
2025-11-24T16:03:23.079489,175,231,390,427,823,596,125,133,-5524,4951,-8987,11517,115,-2028,441,16,13,32
2025-11-24T16:03:23.101084,175,276,417,363,862,612,127,126,-5529,4947,-8981,11521,103,-1991,471,33,-2,10
2025-11-24T16:03:23.113709,155,283,419,373,888,611,123,155,-5526,4945,-8980,11524,99,-2044,461,6,15,-25
2025-11-24T16:03:23.145770,185,273,426,389,918,593,115,139,-5516,4949,-8978,11529,130,-2035,407,27,24,-56
2025-11-24T16:03:23.161281,190,283,417,398,898,599,123,141,-5515,4951,-8969,11536,142,-1988,398,77,-7,-23
2025-11-24T16:03:23.183876,200,304,457,409,920,577,128,159,-5518,4953,-8963,11538,111,-1965,440,31,-25,-11
2025-11-24T16:03:23.199077,193,262,469,417,884,615,177,166,-5518,4950,-8962,11540,106,-2006,435,21,10,-2
2025-11-24T16:03:23.221573,209,273,492,396,826,567,184,158,-5521,4945,-8961,11541,97,-2024,438,33,10,7
2025-11-24T16:03:23.243856,211,266,464,368,884,578,184,157,-5523,4951,-8964,11536,90,-1980,398,-9,-35,-5
2025-11-24T16:03:23.259183,245,295,530,395,863,592,190,161,-5530,4957,-8965,11529,92,-1984,410,-8,-56,8
2025-11-24T16:03:23.281595,246,282,497,393,843,659,191,143,-5538,4952,-8958,11533,104,-2024,493,43,-17,26
2025-11-24T16:03:23.304367,286,318,480,438,781,622,170,165,-5537,4939,-8957,11540,128,-1930,503,11,66,26
2025-11-24T16:03:23.319194,311,315,433,433,748,607,165,171,-5533,4936,-8963,11537,91,-2023,431,-20,25,-2
2025-11-24T16:03:23.341910,293,308,417,456,691,636,182,180,-5534,4932,-8954,11546,156,-2025,483,59,14,6
2025-11-24T16:03:23.363774,273,278,326,481,724,628,174,180,-5527,4923,-8949,11557,140,-1969,484,42,70,-12
2025-11-24T16:03:23.379491,260,281,359,514,688,606,173,198,-5521,4916,-8949,11563,115,-2006,465,12,56,-15
2025-11-24T16:03:23.401282,219,241,333,476,704,591,149,174,-5516,4910,-8951,11566,112,-2019,440,22,50,-5
2025-11-24T16:03:23.424197,201,231,352,488,643,527,135,154,-5514,4905,-8947,11573,117,-1995,464,38,24,-10
2025-11-24T16:03:23.438316,242,221,389,467,682,526,119,153,-5512,4903,-8942,11579,120,-2009,474,33,20,-20
2025-11-24T16:03:23.459397,233,249,376,406,694,533,124,146,-5506,4898,-8938,11586,127,-1989,481,26,38,-24
2025-11-24T16:03:23.482515,318,299,338,389,767,489,120,128,-5502,4891,-8939,11591,116,-2012,457,24,53,1
2025-11-24T16:03:23.498681,332,289,346,429,819,498,119,135,-5500,4886,-8939,11593,122,-2018,451,22,29,6
2025-11-24T16:03:23.521622,318,326,369,428,827,584,116,138,-5505,4882,-8936,11595,98,-2025,453,48,-2,11
2025-11-24T16:03:23.545414,287,332,397,451,825,535,109,140,-5505,4875,-8925,11606,122,-1934,481,73,26,-8
2025-11-24T16:03:23.559052,349,300,414,449,844,501,101,159,-5503,4870,-8927,11608,94,-1984,476,-4,28,-7
2025-11-24T16:03:23.581562,290,254,448,560,868,560,95,162,-5503,4870,-8928,11607,91,-2018,468,9,13,1
2025-11-24T16:03:23.605619,310,316,438,519,800,549,131,180,-5503,4861,-8923,11615,109,-1975,480,51,36,3
2025-11-24T16:03:23.617910,327,297,416,534,873,498,132,181,-5505,4853,-8920,11619,99,-1973,485,33,26,12
2025-11-24T16:03:23.641738,333,301,354,512,835,504,129,170,-5505,4840,-8914,11630,130,-2013,543,52,57,21
2025-11-24T16:03:23.664508,262,307,334,515,836,541,142,156,-5501,4828,-8908,11641,103,-1967,495,62,66,-13
2025-11-24T16:03:23.686695,245,329,291,371,796,503,144,151,-5490,4828,-8904,11649,115,-1945,510,-1,36,-61
2025-11-24T16:03:23.702063,277,268,359,452,815,555,124,133,-5478,4834,-8904,11652,99,-1996,483,-19,15,-83
2025-11-24T16:03:23.724256,269,241,345,445,782,527,121,120,-5470,4832,-8898,11662,102,-1998,493,37,37,-65
2025-11-24T16:03:23.738850,263,222,320,440,781,561,125,123,-5459,4823,-8900,11669,97,-1933,485,5,81,-30
2025-11-24T16:03:23.761699,275,243,365,465,809,617,138,151,-5449,4809,-8904,11676,105,-2024,466,30,105,-16
2025-11-24T16:03:23.783864,317,232,432,456,730,669,147,156,-5443,4805,-8911,11676,87,-1974,439,-7,44,-15
2025-11-24T16:03:23.798302,299,240,403,426,792,615,145,145,-5443,4807,-8914,11672,76,-2026,436,3,-10,-17
2025-11-24T16:03:23.821643,322,246,406,394,767,612,148,145,-5442,4805,-8911,11676,81,-1977,473,29,2,-28
2025-11-24T16:03:23.844268,371,313,488,412,753,618,158,154,-5444,4802,-8910,11677,54,-1959,509,-3,-2,-22
2025-11-24T16:03:23.857973,372,311,474,406,820,559,138,125,-5446,4800,-8913,11675,81,-2023,509,-19,1,5
2025-11-24T16:03:23.881634,358,374,464,458,885,554,162,135,-5445,4788,-8913,11680,101,-2018,505,29,55,13
2025-11-24T16:03:23.904185,324,395,480,435,851,554,155,136,-5443,4779,-8913,11684,110,-2001,459,40,48,14
2025-11-24T16:03:23.918339,276,404,496,473,878,616,160,134,-5443,4775,-8915,11685,121,-1999,468,15,23,19
2025-11-24T16:03:23.941475,209,411,444,518,914,587,149,139,-5447,4767,-8915,11686,100,-2019,526,11,24,30
2025-11-24T16:03:23.964179,226,422,430,497,872,537,147,148,-5449,4759,-8914,11689,82,-1995,471,37,22,11
2025-11-24T16:03:23.977742,322,388,425,450,913,428,113,135,-5454,4761,-8906,11692,100,-2007,491,53,-37,-11
2025-11-24T16:03:24.001626,337,370,438,466,1056,529,119,141,-5454,4765,-8896,11698,123,-1946,521,31,-22,-28
2025-11-24T16:03:24.023948,359,370,500,511,1053,455,108,143,-5445,4764,-8897,11702,115,-1995,474,6,41,-41
2025-11-24T16:03:24.038466,393,326,543,505,1073,462,119,147,-5441,4763,-8892,11708,136,-1995,481,40,16,-18
2025-11-24T16:03:24.062391,399,304,580,563,1040,484,113,145,-5442,4759,-8887,11712,111,-1950,484,44,13,0
2025-11-24T16:03:24.083563,307,268,569,581,986,519,113,141,-5444,4754,-8882,11718,112,-1974,489,51,14,4
2025-11-24T16:03:24.106144,282,254,538,596,989,501,113,132,-5443,4745,-8877,11725,118,-1944,507,50,41,5
2025-11-24T16:03:24.121122,278,293,504,520,964,511,126,141,-5437,4742,-8873,11733,137,-1947,527,19,37,-22
2025-11-24T16:03:24.144376,242,271,448,547,996,515,122,125,-5429,4741,-8869,11740,132,-1969,511,18,36,-39
2025-11-24T16:03:24.166651,198,292,404,496,1049,667,161,161,-5422,4744,-8863,11746,159,-1981,517,23,12,-38
2025-11-24T16:03:24.181853,197,292,398,509,1116,713,172,178,-5411,4738,-8857,11758,141,-1975,533,37,69,-45
2025-11-24T16:03:24.204226,267,297,414,521,1027,698,180,187,-5399,4730,-8862,11763,123,-2003,445,26,86,-24
2025-11-24T16:03:24.234112,264,245,379,519,1082,702,177,183,-5394,4727,-8865,11764,113,-2043,448,28,34,-14
2025-11-24T16:03:24.240844,253,246,369,461,979,751,176,177,-5396,4723,-8862,11767,108,-2001,518,30,11,5
2025-11-24T16:03:24.263866,251,201,359,475,927,660,140,135,-5391,4714,-8856,11778,104,-1932,506,60,52,-33
2025-11-24T16:03:24.286701,259,192,346,437,870,607,129,138,-5384,4709,-8854,11784,87,-1967,509,28,45,-41
2025-11-24T16:03:24.301683,218,214,323,445,781,588,122,136,-5380,4703,-8856,11787,89,-1999,508,7,39,-20
2025-11-24T16:03:24.324205,225,224,325,469,691,584,113,132,-5368,4700,-8858,11792,129,-1974,500,2,60,-39
2025-11-24T16:03:24.346491,241,226,320,438,786,548,111,141,-5359,4695,-8858,11798,120,-1948,546,-9,58,-32
2025-11-24T16:03:24.362116,261,225,314,449,786,514,117,150,-5346,4691,-8866,11800,124,-1984,510,-41,75,-32
2025-11-24T16:03:24.384380,254,222,353,445,722,483,111,131,-5335,4692,-8875,11798,102,-2017,478,-39,38,-37
2025-11-24T16:03:24.406675,233,200,328,346,822,501,101,128,-5338,4689,-8879,11795,99,-2042,486,6,4,18
2025-11-24T16:03:24.421267,200,209,335,316,919,497,120,132,-5343,4681,-8876,11798,86,-1954,528,27,11,14
2025-11-24T16:03:24.443741,188,235,357,323,913,473,122,125,-5340,4673,-8879,11800,67,-1929,518,-3,39,-14
2025-11-24T16:03:24.466713,178,244,369,339,899,467,123,141,-5333,4672,-8888,11797,88,-1966,500,-54,32,-20
2025-11-24T16:03:24.481250,212,249,410,407,947,479,129,158,-5330,4672,-8894,11794,80,-2000,497,-28,11,-16
2025-11-24T16:03:24.504560,221,249,414,476,917,638,157,171,-5335,4665,-8889,11798,68,-2003,507,54,8,-1
2025-11-24T16:03:24.534179,260,282,416,471,894,666,154,202,-5329,4658,-8881,11809,184,-1907,526,55,53,0
2025-11-24T16:03:24.541462,248,270,412,486,881,697,157,202,-5336,4651,-8888,11804,50,-2006,543,-32,4,36
2025-11-24T16:03:24.563677,260,265,389,447,875,700,163,192,-5336,4649,-8884,11808,130,-2043,535,28,5,-1
2025-11-24T16:03:24.586750,245,262,299,373,864,689,160,187,-5338,4653,-8880,11808,110,-1933,483,19,-25,-13
2025-11-24T16:03:24.600931,238,254,313,371,842,579,161,186,-5341,4663,-8879,11804,82,-1987,494,-10,-62,-28
2025-11-24T16:03:24.624050,267,209,363,380,825,562,166,168,-5343,4662,-8873,11808,93,-2015,544,31,-13,-18
2025-11-24T16:03:24.646692,267,213,352,368,774,531,169,177,-5341,4651,-8865,11819,113,-1930,581,45,48,-10
2025-11-24T16:03:24.660870,244,211,370,401,745,545,160,166,-5329,4637,-8867,11828,146,-1946,544,7,114,-4
2025-11-24T16:03:24.684094,228,208,406,501,794,674,167,153,-5315,4630,-8880,11828,128,-2001,471,-35,100,-9
2025-11-24T16:03:24.706543,219,212,411,459,802,628,140,132,-5309,4629,-8884,11828,128,-2058,479,1,31,-11
2025-11-24T16:03:24.720899,149,196,363,474,760,625,140,182,-5310,4623,-8875,11837,120,-1985,536,72,21,-6
2025-11-24T16:03:24.751535,166,213,355,506,839,676,146,215,-5307,4613,-8864,11849,117,-1972,571,67,43,-19
2025-11-24T16:03:24.766969,177,255,344,510,872,683,154,219,-5295,4604,-8863,11859,130,-1964,561,14,87,-38
2025-11-24T16:03:24.780523,202,257,289,453,842,587,156,221,-5278,4606,-8864,11865,134,-2009,441,31,62,-76
2025-11-24T16:03:24.803759,266,274,306,476,829,675,179,235,-5275,4605,-8860,11870,156,-1977,490,46,18,-8
2025-11-24T16:03:24.826694,277,295,285,486,788,679,176,186,-5273,4596,-8853,11880,133,-1899,529,60,47,1
2025-11-24T16:03:24.840909,270,278,334,467,765,612,163,142,-5273,4581,-8854,11885,84,-1981,530,40,65,21
2025-11-24T16:03:24.864170,271,260,353,494,789,594,158,143,-5269,4565,-8855,11892,100,-1939,501,53,88,7
2025-11-24T16:03:24.886617,258,271,350,527,812,616,144,146,-5262,4555,-8862,11894,81,-1945,490,0,77,-5
2025-11-24T16:03:24.900523,211,249,316,507,787,491,111,126,-5258,4548,-8867,11894,77,-1964,509,-4,42,-5
2025-11-24T16:03:24.924117,180,225,320,499,873,476,102,139,-5256,4538,-8873,11895,58,-1973,515,4,52,-2
2025-11-24T16:03:24.946459,191,219,287,488,843,477,114,152,-5246,4529,-8880,11897,73,-1961,545,-33,77,-23
2025-11-24T16:03:24.968362,194,229,275,458,847,522,133,155,-5230,4525,-8890,11898,80,-2018,519,2,12,-44
2025-11-24T16:03:24.988022,246,325,358,398,776,526,161,172,-5227,4526,-8886,11902,87,-1978,533,19,-1,-44
2025-11-24T16:03:25.005693,281,361,397,425,795,617,172,180,-5226,4522,-8880,11908,126,-1966,572,25,17,-4
2025-11-24T16:03:25.028429,277,365,414,429,803,679,183,181,-5223,4511,-8885,11911,97,-2032,523,18,69,11
2025-11-24T16:03:25.055652,288,367,454,459,853,744,197,182,-5223,4510,-8885,11911,83,-1988,530,-13,14,10
2025-11-24T16:03:25.065559,295,366,476,447,881,705,192,205,-5223,4517,-8887,11907,93,-2020,494,-5,-30,-20
2025-11-24T16:03:25.095917,289,336,422,487,960,687,172,204,-5228,4515,-8876,11913,96,-2008,533,79,-18,-15
2025-11-24T16:03:25.107813,283,309,410,494,988,674,159,211,-5224,4505,-8872,11922,88,-1920,548,40,52,-21
2025-11-24T16:03:25.125936,319,331,413,535,1004,626,155,203,-5211,4506,-8879,11922,125,-1973,501,-27,51,-36
2025-11-24T16:03:25.148261,304,334,373,559,976,543,124,193,-5209,4512,-8878,11922,139,-2037,490,19,-17,-18
2025-11-24T16:03:25.167795,298,341,334,553,914,651,127,162,-5216,4509,-8868,11927,108,-1953,545,66,-21,6
2025-11-24T16:03:25.185919,309,277,329,529,882,670,131,165,-5218,4505,-8866,11929,94,-1931,538,18,10,7
2025-11-24T16:03:25.208140,307,272,306,486,874,623,148,161,-5218,4501,-8860,11935,125,-2010,538,53,13,-4
2025-11-24T16:03:25.227769,269,261,350,519,845,693,162,153,-5215,4491,-8852,11946,126,-1969,556,72,52,-6
2025-11-24T16:03:25.245885,269,261,378,498,770,684,175,162,-5211,4499,-8843,11952,148,-1952,526,41,-21,-52
2025-11-24T16:03:25.268388,292,302,405,490,779,595,181,169,-5216,4500,-8835,11955,72,-1977,562,44,-35,-21
2025-11-24T16:03:25.287789,301,303,411,493,838,523,178,161,-5210,4500,-8824,11965,134,-1963,578,48,12,-52
2025-11-24T16:03:25.311110,265,299,413,557,827,625,178,149,-5204,4498,-8820,11972,161,-1956,541,33,38,-19
2025-11-24T16:03:25.327883,301,292,347,603,891,589,171,172,-5200,4494,-8821,11974,96,-1954,549,4,31,-20
2025-11-24T16:03:25.348001,302,286,373,611,943,655,163,160,-5201,4496,-8819,11975,126,-1977,525,26,-18,-3
2025-11-24T16:03:25.381536,273,221,384,631,922,630,145,163,-5210,4491,-8806,11982,103,-1944,565,88,-21,10
2025-11-24T16:03:25.388747,216,207,385,647,944,694,149,150,-5210,4474,-8800,11993,113,-1931,584,72,76,19
2025-11-24T16:03:25.408431,256,222,433,604,914,605,142,160,-5204,4461,-8804,11998,81,-1958,548,17,82,-5
2025-11-24T16:03:25.425892,221,250,504,485,836,607,127,136,-5195,4459,-8803,12002,116,-1962,535,19,36,-41
2025-11-24T16:03:25.448420,212,245,499,459,847,575,123,133,-5188,4465,-8799,12007,131,-1954,571,-1,0,-57
2025-11-24T16:03:25.467627,253,228,498,436,871,603,131,155,-5178,4466,-8797,12012,105,-1941,563,1,27,-66
2025-11-24T16:03:25.485977,252,257,483,362,706,576,125,159,-5171,4461,-8798,12016,102,-1980,547,20,46,-28
2025-11-24T16:03:25.508425,211,242,437,442,729,626,139,149,-5167,4453,-8796,12022,110,-1967,541,47,45,-17
2025-11-24T16:03:25.527820,225,194,377,468,694,664,157,151,-5163,4449,-8793,12027,101,-1958,581,19,28,-28
2025-11-24T16:03:25.545780,234,187,347,465,649,703,184,182,-5159,4455,-8801,12022,88,-1911,504,-43,-9,-33
2025-11-24T16:03:25.568388,210,191,315,459,630,693,192,186,-5159,4454,-8801,12022,102,-2017,566,-15,-4,12
2025-11-24T16:03:25.588186,198,216,320,461,630,680,194,181,-5165,4435,-8791,12034,104,-1963,630,90,59,39
2025-11-24T16:03:25.613638,207,227,324,369,605,635,193,202,-5158,4412,-8792,12044,116,-1911,610,24,127,22
2025-11-24T16:03:25.635618,197,240,377,339,748,553,186,212,-5144,4404,-8803,12045,122,-2003,528,-19,103,-20
2025-11-24T16:03:25.646782,200,257,369,372,714,515,166,192,-5135,4401,-8809,12046,105,-1973,528,-9,51,-28
2025-11-24T16:03:25.665490,248,281,369,391,765,559,154,182,-5132,4399,-8808,12049,103,-2011,586,12,13,-20
2025-11-24T16:03:25.687983,242,236,380,415,766,535,150,192,-5130,4395,-8800,12056,112,-1983,569,60,17,-31
2025-11-24T16:03:25.707345,236,230,380,438,822,539,132,166,-5127,4393,-8792,12064,138,-1920,577,47,22,-18
2025-11-24T16:03:25.725521,234,241,314,437,745,503,112,159,-5116,4394,-8803,12061,95,-1940,529,-53,38,-43
2025-11-24T16:03:25.748588,236,240,286,418,813,459,104,183,-5119,4400,-8807,12054,108,-2030,509,-5,-38,5
2025-11-24T16:03:25.767785,169,206,291,434,888,476,117,172,-5127,4395,-8799,12059,89,-1964,548,80,-15,9
2025-11-24T16:03:25.785952,181,241,334,436,947,651,144,168,-5134,4396,-8792,12060,64,-1889,555,41,-44,-13
2025-11-24T16:03:25.808131,179,241,339,419,894,662,150,180,-5137,4399,-8789,12060,96,-1945,572,9,-31,-16
2025-11-24T16:03:25.827733,193,235,351,412,906,705,154,182,-5132,4395,-8789,12064,105,-1928,583,1,34,-24
2025-11-24T16:03:25.845947,225,224,380,418,861,704,151,154,-5123,4392,-8793,12066,124,-1968,584,-25,48,-22
2025-11-24T16:03:25.868146,230,235,406,445,769,681,132,148,-5118,4391,-8794,12067,142,-1955,593,-20,26,-6
2025-11-24T16:03:25.890946,222,242,410,441,848,546,120,168,-5115,4386,-8794,12071,135,-1962,588,11,34,1
2025-11-24T16:03:25.905927,226,252,432,489,895,572,126,163,-5110,4376,-8791,12078,140,-1957,592,36,62,1
2025-11-24T16:03:25.927954,222,265,432,488,908,630,129,153,-5105,4370,-8796,12079,118,-1951,553,-9,53,2
2025-11-24T16:03:25.948729,232,286,454,480,1014,635,136,165,-5100,4365,-8801,12079,123,-1975,590,-22,43,3
2025-11-24T16:03:25.965978,241,293,422,470,1088,683,168,192,-5097,4360,-8800,12084,130,-1955,590,14,38,-1
2025-11-24T16:03:25.988446,243,270,410,532,1007,751,181,171,-5090,4354,-8808,12082,104,-1947,556,-34,52,-2
2025-11-24T16:03:26.010945,243,295,436,531,962,727,182,188,-5085,4350,-8819,12078,106,-1980,533,-32,46,4
2025-11-24T16:03:26.025968,257,308,428,522,862,655,183,207,-5085,4338,-8824,12078,77,-1993,549,13,53,27
2025-11-24T16:03:26.048445,241,301,375,494,736,652,184,197,-5088,4322,-8824,12083,93,-1941,580,42,61,37
2025-11-24T16:03:26.071055,224,299,377,454,681,608,164,169,-5086,4306,-8824,12090,90,-1949,591,35,78,20
2025-11-24T16:03:26.085918,221,290,346,418,708,509,143,170,-5076,4297,-8829,12093,95,-1925,572,-14,81,-19
2025-11-24T16:03:26.108398,221,261,249,382,702,482,130,164,-5065,4299,-8834,12094,118,-1958,531,-13,31,-40
2025-11-24T16:03:26.135247,223,239,230,450,729,533,129,153,-5061,4294,-8835,12097,96,-1964,559,14,38,-17
2025-11-24T16:03:26.146734,187,233,220,468,720,572,136,147,-5055,4284,-8835,12102,105,-1960,573,23,68,-4
2025-11-24T16:03:26.168359,179,217,248,498,784,648,152,162,-5049,4281,-8837,12105,95,-1957,555,9,30,-24
2025-11-24T16:03:26.190971,191,225,252,491,886,703,174,188,-5048,4291,-8838,12101,80,-1962,537,-14,-40,-43
2025-11-24T16:03:26.210303,215,203,272,488,930,693,175,177,-5050,4294,-8834,12102,80,-1971,572,15,-32,-27
2025-11-24T16:03:26.228429,238,213,285,442,960,723,193,208,-5051,4291,-8828,12107,89,-1930,590,37,2,-15
2025-11-24T16:03:26.250889,239,208,319,441,1017,739,197,210,-5049,4286,-8827,12110,81,-1912,571,16,26,-15
2025-11-24T16:03:26.270219,273,204,298,413,899,677,181,199,-5041,4293,-8836,12105,102,-1947,537,-57,1,-39
2025-11-24T16:03:26.287909,271,208,307,369,745,627,155,167,-5038,4304,-8843,12096,107,-1964,544,-65,-40,-24
2025-11-24T16:03:26.311534,273,254,317,383,678,622,160,196,-5042,4306,-8841,12096,97,-1963,571,7,-26,-3
2025-11-24T16:03:26.330332,269,220,308,384,654,548,140,152,-5046,4294,-8834,12103,107,-1971,634,47,34,30
2025-11-24T16:03:26.348356,270,215,301,390,610,483,126,161,-5042,4284,-8832,12110,118,-1951,600,29,62,-1
2025-11-24T16:03:26.375330,244,214,318,394,646,409,123,172,-5041,4284,-8833,12110,126,-1979,532,-13,-2,-13
2025-11-24T16:03:26.389910,239,225,363,409,637,423,129,181,-5041,4284,-8832,12110,105,-2003,609,14,6,10
2025-11-24T16:03:26.412494,219,200,355,420,677,425,124,144,-5039,4272,-8833,12115,111,-1999,608,21,62,19
2025-11-24T16:03:26.430669,183,210,361,453,693,500,143,153,-5037,4258,-8835,12119,82,-1995,573,36,71,12
2025-11-24T16:03:26.450283,180,212,358,459,663,538,141,146,-5037,4264,-8835,12117,79,-1926,519,6,-32,-28
2025-11-24T16:03:26.468361,190,240,422,462,662,587,151,140,-5040,4274,-8831,12115,85,-1950,536,18,-64,-33
2025-11-24T16:03:26.490961,194,228,383,462,728,623,154,137,-5039,4269,-8824,12123,121,-1967,631,36,22,-9
2025-11-24T16:03:26.513026,182,218,394,441,732,670,153,137,-5035,4263,-8818,12130,112,-1956,587,46,40,-18
2025-11-24T16:03:26.528364,191,238,393,401,732,588,127,137,-5029,4261,-8815,12136,120,-1928,562,33,32,-29
2025-11-24T16:03:26.550352,194,241,394,376,765,579,139,145,-5020,4267,-8815,12137,126,-1920,548,-6,6,-51
2025-11-24T16:03:26.570606,190,221,413,349,722,547,140,139,-5012,4270,-8818,12137,126,-1940,567,-25,17,-35
2025-11-24T16:03:26.588121,185,239,429,369,701,492,137,146,-5007,4266,-8818,12141,109,-1969,604,2,40,-20
2025-11-24T16:03:26.610884,222,281,441,384,791,481,133,147,-5001,4258,-8823,12143,109,-1912,583,-22,60,1
2025-11-24T16:03:26.630161,253,327,478,395,899,536,148,141,-4993,4256,-8838,12136,77,-1953,534,-67,41,-12
2025-11-24T16:03:26.652707,250,331,512,429,946,567,149,132,-4996,4255,-8842,12132,107,-2006,577,-11,-6,22
2025-11-24T16:03:26.675236,260,332,428,483,1031,575,139,126,-4997,4254,-8842,12132,83,-1947,578,3,3,1
2025-11-24T16:03:26.692977,271,314,392,476,995,586,130,109,-5000,4255,-8846,12127,73,-1966,579,-27,-19,8
2025-11-24T16:03:26.708348,240,272,385,478,901,546,130,103,-5003,4261,-8849,12122,73,-1997,542,-14,-43,-14
2025-11-24T16:03:26.738417,237,228,330,543,873,556,108,134,-5015,4274,-8838,12120,123,-1976,608,23,-111,1
2025-11-24T16:03:26.751026,273,230,305,538,845,614,103,139,-5029,4269,-8828,12123,66,-1950,636,45,-46,28
2025-11-24T16:03:26.768366,263,237,380,540,887,700,122,150,-5036,4265,-8821,12127,106,-1974,626,35,-11,17
2025-11-24T16:03:26.790895,262,235,443,549,929,682,126,166,-5037,4264,-8818,12130,112,-1941,580,27,-3,0
2025-11-24T16:03:26.810300,294,244,421,541,1004,707,123,170,-5039,4273,-8813,12129,120,-1948,568,7,-52,-18
2025-11-24T16:03:26.828402,281,221,427,497,916,693,134,156,-5043,4275,-8811,12128,103,-1945,565,19,-22,1
2025-11-24T16:03:26.850667,309,246,432,563,916,598,126,158,-5044,4265,-8811,12131,98,-1954,586,25,35,25
2025-11-24T16:03:26.870153,311,284,387,549,818,545,127,157,-5044,4252,-8814,12134,102,-1936,606,7,65,33
2025-11-24T16:03:26.888444,303,290,336,548,782,582,137,158,-5040,4248,-8820,12132,99,-1919,531,-10,32,3
2025-11-24T16:03:26.910926,327,299,330,569,743,566,143,185,-5045,4265,-8822,12123,104,-1975,548,-40,-94,-18
2025-11-24T16:03:26.933321,308,289,330,553,756,546,147,191,-5055,4278,-8818,12117,81,-1948,579,-9,-103,-4
2025-11-24T16:03:26.949259,251,262,279,496,758,586,178,207,-5063,4273,-8811,12121,81,-1999,641,37,-15,15
2025-11-24T16:03:26.970931,272,225,255,471,728,558,168,210,-5059,4267,-8807,12127,126,-1964,629,17,38,-5
2025-11-24T16:03:26.993410,278,216,243,455,771,605,177,202,-5058,4263,-8817,12122,59,-1987,537,-19,22,1
2025-11-24T16:03:27.008430,257,195,314,413,713,613,185,203,-5061,4276,-8821,12113,89,-2018,541,-31,-69,-20
2025-11-24T16:03:27.030862,253,227,382,412,698,643,180,201,-5068,4285,-8809,12115,135,-1982,576,54,-71,-5
2025-11-24T16:03:27.053086,246,219,395,412,616,598,146,180,-5079,4274,-8795,12125,95,-1941,621,106,-6,33
2025-11-24T16:03:27.072846,237,209,424,438,704,643,168,195,-5076,4267,-8786,12135,196,-1877,622,40,51,25
2025-11-24T16:03:27.090896,230,224,414,419,707,627,147,190,-5081,4262,-8794,12129,65,-1953,574,-23,3,35
2025-11-24T16:03:27.113463,214,246,414,443,775,613,129,160,-5082,4268,-8793,12127,125,-1959,572,-5,-25,-2
2025-11-24T16:03:27.128257,213,207,363,453,881,554,121,139,-5082,4267,-8794,12127,68,-1911,569,12,-9,4
2025-11-24T16:03:27.151076,215,233,391,429,947,560,123,145,-5087,4261,-8799,12124,50,-1937,570,-4,10,22
2025-11-24T16:03:27.173312,178,226,362,393,933,559,100,117,-5087,4260,-8799,12124,71,-1929,576,5,-9,14
2025-11-24T16:03:27.188365,232,218,390,401,965,534,100,143,-5090,4265,-8799,12121,66,-1922,557,-4,-37,-15
2025-11-24T16:03:27.210764,207,188,343,449,974,584,123,154,-5091,4277,-8799,12116,110,-1922,590,-39,-63,-25
2025-11-24T16:03:27.233350,215,197,361,455,864,590,129,172,-5096,4284,-8802,12110,77,-1931,585,-41,-52,2
2025-11-24T16:03:27.248362,232,174,350,461,848,607,134,179,-5103,4281,-8802,12108,103,-1988,611,-3,-12,39
2025-11-24T16:03:27.275327,236,187,341,513,866,591,144,192,-5109,4274,-8805,12106,68,-1976,596,2,6,36
2025-11-24T16:03:27.297804,270,193,309,569,865,667,194,196,-5114,4273,-8806,12103,85,-1939,579,-4,-18,17
2025-11-24T16:03:27.313273,296,198,306,541,833,620,189,199,-5115,4280,-8814,12094,63,-1975,560,-56,-35,-8
2025-11-24T16:03:27.330905,306,192,266,533,905,618,187,186,-5121,4288,-8813,12090,84,-2016,592,-12,-64,-5
2025-11-24T16:03:27.353313,300,182,240,547,890,617,195,189,-5130,4288,-8808,12089,55,-1978,607,20,-40,6
2025-11-24T16:03:27.368240,330,186,301,497,831,581,183,176,-5131,4290,-8809,12087,82,-1953,572,-4,-22,-9
2025-11-24T16:03:27.390947,272,173,313,446,758,485,139,155,-5137,4293,-8805,12087,91,-1992,592,18,-41,5
2025-11-24T16:03:27.413049,262,176,347,404,768,587,135,142,-5139,4294,-8803,12087,98,-1951,566,16,-12,1
2025-11-24T16:03:27.428393,255,214,412,415,819,582,139,153,-5149,4300,-8803,12081,84,-1976,546,7,-64,24
2025-11-24T16:03:27.450809,257,218,403,457,891,661,141,142,-5160,4300,-8797,12080,76,-1968,581,39,-49,24
2025-11-24T16:03:27.473376,288,200,366,539,948,736,165,150,-5164,4303,-8800,12076,82,-1914,545,-10,-27,10
2025-11-24T16:03:27.488313,299,210,368,564,1010,736,176,144,-5171,4312,-8799,12070,102,-1978,570,-8,-71,12
2025-11-24T16:03:27.510892,282,224,350,565,1044,756,178,176,-5181,4320,-8793,12067,113,-1939,594,7,-74,17
2025-11-24T16:03:27.533320,283,194,332,570,1011,782,192,178,-5186,4332,-8793,12061,97,-1967,552,-17,-73,-3
2025-11-24T16:03:27.553592,291,227,320,518,976,780,201,186,-5198,4342,-8786,12057,107,-1992,568,24,-96,16
2025-11-24T16:03:27.570808,274,227,334,451,922,758,190,178,-5204,4349,-8782,12054,97,-1950,573,12,-58,3
2025-11-24T16:03:27.593314,337,218,321,443,960,779,174,199,-5211,4360,-8778,12050,124,-1937,563,0,-76,6
2025-11-24T16:03:27.608043,532,292,331,450,879,770,192,193,-5219,4379,-8775,12042,108,-1956,555,-22,-116,-14
2025-11-24T16:03:27.630910,548,293,269,442,911,862,193,213,-5229,4389,-8765,12041,136,-1952,609,18,-92,16
2025-11-24T16:03:27.653577,548,271,276,473,895,807,175,213,-5225,4397,-8760,12044,190,-1971,628,-12,-17,-15
2025-11-24T16:03:27.668101,537,270,245,525,906,805,175,215,-5230,4399,-8754,12045,150,-2015,626,14,-27,25
2025-11-24T16:03:27.690912,519,283,277,504,867,789,190,224,-5230,4400,-8754,12046,150,-1924,601,1,10,4
2025-11-24T16:03:27.713133,348,197,305,499,943,735,186,211,-5231,4405,-8750,12046,133,-1959,548,27,-28,-4
2025-11-24T16:03:27.728441,370,184,302,493,827,644,171,182,-5235,4407,-8737,12053,129,-1945,587,71,-28,-15
2025-11-24T16:03:27.751370,405,202,299,487,811,652,169,186,-5231,4406,-8728,12062,140,-1901,591,51,18,-26
2025-11-24T16:03:27.781647,405,199,307,406,928,596,158,180,-5226,4404,-8733,12060,92,-1916,566,-26,24,-15
2025-11-24T16:03:27.788549,480,200,351,463,916,612,137,170,-5224,4407,-8736,12059,98,-1980,576,-14,-3,-20
2025-11-24T16:03:27.818383,469,188,315,464,865,604,106,173,-5225,4411,-8734,12058,111,-1944,569,5,-25,-11
2025-11-24T16:03:27.833333,430,217,370,466,902,585,113,177,-5231,4412,-8729,12058,108,-1941,619,9,-36,12
2025-11-24T16:03:27.848385,406,215,388,455,1004,565,107,169,-5236,4410,-8730,12056,83,-1965,625,-19,-11,11
2025-11-24T16:03:27.870970,406,223,383,497,937,602,144,182,-5236,4410,-8730,12056,97,-1991,607,-10,-12,-5
2025-11-24T16:03:27.893487,289,208,330,419,997,579,151,157,-5238,4414,-8729,12055,97,-1894,585,-17,-33,-13
2025-11-24T16:03:27.915576,274,218,329,423,980,633,162,143,-5245,4423,-8726,12051,100,-2002,591,2,-70,0
2025-11-24T16:03:27.930883,293,208,317,495,1135,697,177,145,-5254,4422,-8723,12049,102,-1980,611,15,-36,27
2025-11-24T16:03:27.953058,347,211,320,515,1046,711,180,148,-5263,4422,-8722,12046,78,-1980,588,8,-40,23
2025-11-24T16:03:27.975958,366,207,326,493,983,694,159,135,-5272,4423,-8720,12043,87,-1977,599,9,-42,21
2025-11-24T16:03:27.990736,359,208,317,508,881,665,157,145,-5272,4423,-8720,12043,94,-1937,597,-5,-16,13
2025-11-24T16:03:28.013294,361,198,326,593,947,654,153,155,-5280,4431,-8712,12042,113,-2001,567,45,-76,0
2025-11-24T16:03:28.036171,339,202,270,507,862,557,143,160,-5290,4435,-8700,12045,106,-1916,600,58,-64,1
2025-11-24T16:03:28.058708,273,171,258,460,927,695,158,155,-5295,4444,-8697,12042,109,-1936,568,3,-59,-4
2025-11-24T16:03:28.073160,241,194,295,477,981,707,159,176,-5299,4454,-8698,12036,112,-1998,569,-20,-60,-5
2025-11-24T16:03:28.095949,262,188,321,486,1010,740,159,177,-5309,4459,-8690,12035,140,-1980,589,40,-62,27
2025-11-24T16:03:28.110967,289,195,298,395,1062,778,181,185,-5320,4458,-8682,12037,114,-1933,583,59,-43,32
2025-11-24T16:03:28.133395,302,185,303,412,1028,785,168,169,-5326,4466,-8678,12034,123,-1941,553,26,-60,6
2025-11-24T16:03:28.155855,283,198,347,527,980,741,170,168,-5332,4472,-8675,12031,117,-1945,569,12,-52,9
2025-11-24T16:03:28.170725,335,196,336,601,1046,808,189,160,-5334,4481,-8674,12027,131,-1916,580,-23,-46,0
2025-11-24T16:03:28.193444,343,262,329,638,1022,758,189,178,-5342,4496,-8670,12022,149,-1997,551,14,-98,2
2025-11-24T16:03:28.215950,318,261,342,642,979,671,169,169,-5358,4500,-8654,12024,124,-1962,622,76,-89,32
2025-11-24T16:03:28.230443,334,265,366,658,1000,698,177,173,-5367,4495,-8641,12031,160,-1954,663,65,-16,39
2025-11-24T16:03:28.253336,365,272,346,580,1021,629,174,175,-5364,4489,-8645,12032,110,-1942,561,9,44,9
2025-11-24T16:03:28.275918,305,279,337,551,1005,585,153,170,-5364,4503,-8641,12030,135,-1965,539,17,-63,-37
2025-11-24T16:03:28.291013,296,231,340,532,1006,620,158,159,-5369,4515,-8633,12029,121,-1929,585,21,-83,-27
2025-11-24T16:03:28.313153,345,233,344,563,1022,633,149,160,-5373,4520,-8621,12034,132,-1927,622,44,-44,-20
2025-11-24T16:03:28.335927,312,222,326,548,938,605,136,158,-5375,4522,-8614,12037,125,-1951,596,41,-24,-13
2025-11-24T16:03:28.351350,340,212,287,566,988,686,136,154,-5379,4522,-8610,12038,143,-1939,572,43,-13,18
2025-11-24T16:03:28.372781,424,220,322,533,989,611,136,167,-5378,4524,-8608,12040,119,-1946,553,30,-9,-23
2025-11-24T16:03:28.395947,426,212,332,530,1019,671,139,155,-5381,4535,-8601,12039,114,-1928,572,22,-70,-34
2025-11-24T16:03:28.411175,404,247,341,496,931,708,158,168,-5385,4546,-8587,12043,154,-1968,613,55,-70,-30
2025-11-24T16:03:28.433099,412,263,336,479,976,731,178,179,-5388,4547,-8577,12048,107,-1886,618,42,-27,-27
2025-11-24T16:03:28.456084,370,272,384,486,899,717,199,199,-5390,4546,-8572,12051,174,-1965,628,28,-3,19
2025-11-24T16:03:28.471035,271,248,358,452,853,730,200,181,-5393,4542,-8572,12052,126,-1960,582,32,10,15
2025-11-24T16:03:28.493457,225,250,328,398,816,669,198,187,-5401,4544,-8568,12050,109,-1914,593,22,-42,18
2025-11-24T16:03:28.515620,238,205,304,406,838,647,184,177,-5408,4545,-8561,12052,111,-1926,635,32,-39,1
2025-11-24T16:03:28.530762,253,189,338,417,770,636,171,171,-5408,4544,-8560,12052,124,-1934,633,13,-12,-10
2025-11-24T16:03:28.553405,260,183,325,409,778,628,160,154,-5412,4551,-8559,12049,116,-1942,581,7,-47,-9
2025-11-24T16:03:28.575952,278,178,326,408,707,624,159,163,-5418,4559,-8551,12049,136,-1956,625,23,-68,-7
2025-11-24T16:03:28.590726,316,185,356,517,785,670,168,168,-5424,4565,-8542,12050,142,-1951,619,32,-58,-1
2025-11-24T16:03:28.613512,282,201,381,543,805,689,179,187,-5433,4565,-8537,12049,122,-1963,614,38,-37,24
2025-11-24T16:03:28.636027,266,208,395,573,851,701,175,200,-5441,4564,-8530,12051,131,-1927,615,46,-28,21
2025-11-24T16:03:28.650913,254,206,394,561,866,680,159,193,-5443,4568,-8533,12046,133,-1928,586,-17,-24,12
2025-11-24T16:03:28.676947,246,215,385,548,849,654,148,202,-5449,4581,-8532,12039,128,-1968,579,-9,-84,-5
2025-11-24T16:03:28.693953,230,208,417,456,762,596,136,207,-5460,4587,-8521,12041,125,-1927,618,55,-74,4
2025-11-24T16:03:28.708731,230,196,419,466,773,530,112,177,-5468,4584,-8507,12048,145,-1924,668,67,-27,15
2025-11-24T16:03:28.731201,221,232,415,449,866,539,116,161,-5467,4586,-8504,12050,135,-1894,574,29,-5,-16
2025-11-24T16:03:28.753641,226,230,383,422,828,460,115,176,-5468,4599,-8509,12041,146,-1940,565,-40,-59,-3
2025-11-24T16:03:28.770097,196,229,418,436,828,496,118,156,-5477,4609,-8501,12038,150,-1941,608,24,-84,3
2025-11-24T16:03:28.792965,155,245,381,484,928,591,123,132,-5484,4606,-8492,12043,139,-1892,647,42,-19,18
2025-11-24T16:03:28.815723,166,240,365,429,982,617,131,140,-5485,4606,-8492,12042,144,-1949,597,16,1,13
2025-11-24T16:03:28.838239,175,200,327,377,848,573,135,135,-5492,4610,-8490,12039,129,-1898,570,23,-49,16
2025-11-24T16:03:28.853483,212,223,369,468,859,662,149,121,-5499,4611,-8488,12037,144,-1916,603,18,-28,32
2025-11-24T16:03:28.875935,252,221,359,465,933,675,158,156,-5503,4604,-8489,12037,101,-1925,622,14,13,22
2025-11-24T16:03:28.898025,255,206,341,455,879,638,151,156,-5504,4599,-8490,12038,120,-1906,624,2,18,15
2025-11-24T16:03:28.913486,257,225,352,492,855,705,164,159,-5505,4603,-8495,12032,137,-1928,613,-45,-19,15
2025-11-24T16:03:28.936460,260,217,403,514,897,739,180,195,-5505,4610,-8503,12024,162,-1966,577,-43,-20,21
2025-11-24T16:03:28.958295,279,211,369,504,939,651,155,188,-5517,4612,-8504,12017,120,-1956,636,-21,-54,52
2025-11-24T16:03:28.973153,254,224,336,513,878,601,147,163,-5523,4610,-8507,12013,113,-1910,652,-31,-11,37
2025-11-24T16:03:28.996007,267,234,359,467,800,749,171,168,-5525,4608,-8508,12012,155,-1976,664,-22,3,28
2025-11-24T16:03:29.018389,284,246,399,426,795,694,159,163,-5523,4610,-8512,12009,139,-1982,612,-21,5,2
2025-11-24T16:03:29.033350,298,248,351,418,808,712,142,123,-5525,4627,-8513,12001,142,-1993,583,-32,-85,-20
2025-11-24T16:03:29.056020,258,252,404,377,732,722,158,164,-5537,4641,-8507,11994,118,-1987,608,6,-116,7
2025-11-24T16:03:29.078414,281,235,422,398,818,825,185,171,-5546,4639,-8492,12001,156,-1937,690,58,-36,18
2025-11-24T16:03:29.093337,280,230,431,419,876,646,161,176,-5545,4632,-8489,12007,157,-1923,659,18,42,14
2025-11-24T16:03:29.115904,254,206,392,440,801,625,163,180,-5547,4638,-8496,11999,120,-1972,553,-21,-33,8
2025-11-24T16:03:29.138425,281,205,400,521,792,592,164,201,-5550,4648,-8491,11997,134,-1948,582,16,-58,-18
2025-11-24T16:03:29.154057,334,216,375,489,780,590,156,170,-5554,4652,-8483,11999,118,-1931,632,29,-47,-18
2025-11-24T16:03:29.175608,322,213,355,488,810,595,137,160,-5555,4651,-8472,12007,142,-1928,648,56,-6,-20
2025-11-24T16:03:29.198328,309,203,322,501,816,615,136,150,-5555,4651,-8472,12007,125,-1920,611,13,1,12
2025-11-24T16:03:29.213381,329,198,317,488,878,609,128,151,-5555,4659,-8470,12005,167,-1954,581,8,-33,-11
2025-11-24T16:03:29.236011,325,201,302,417,810,592,120,117,-5559,4668,-8462,12006,155,-1918,591,38,-59,-11
2025-11-24T16:03:29.258115,260,152,326,451,835,592,130,160,-5563,4671,-8457,12006,139,-1925,635,7,-37,0
2025-11-24T16:03:29.273686,247,151,350,433,755,533,131,160,-5565,4674,-8460,12002,145,-1946,604,-18,-17,17
2025-11-24T16:03:29.295724,356,184,340,421,752,563,144,166,-5572,4673,-8458,12001,110,-1953,594,37,-26,15
2025-11-24T16:03:29.318391,345,203,333,391,704,551,144,160,-5579,4679,-8452,11999,127,-1939,611,27,-59,1
2025-11-24T16:03:29.333327,316,205,350,378,766,563,151,165,-5586,4682,-8446,11999,132,-1936,640,17,-43,6
2025-11-24T16:03:29.356105,321,213,317,406,904,619,154,144,-5590,4684,-8446,11996,135,-1953,623,-3,-27,13
2025-11-24T16:03:29.378460,328,211,334,474,944,581,164,146,-5594,4681,-8445,11996,128,-1923,624,11,-5,20
2025-11-24T16:03:29.393200,216,192,349,457,947,621,160,141,-5600,4686,-8443,11993,125,-1942,622,2,-46,6
2025-11-24T16:03:29.415886,212,172,358,501,939,643,170,173,-5608,4689,-8437,11992,128,-1954,657,10,-53,9
2025-11-24T16:03:29.438597,381,174,384,517,984,724,184,198,-5616,4691,-8430,11993,107,-1939,651,25,-46,3
2025-11-24T16:03:29.453343,432,182,391,514,880,718,174,221,-5619,4688,-8421,11998,123,-1956,661,49,-12,-13
2025-11-24T16:03:29.475985,456,190,382,473,825,784,167,238,-5621,4688,-8418,12000,109,-1926,637,14,-17,-13
2025-11-24T16:03:29.498233,459,177,387,552,852,752,167,241,-5631,4690,-8409,12000,136,-1973,625,60,-50,22
2025-11-24T16:03:29.513315,511,194,394,539,825,798,164,233,-5641,4688,-8399,12004,146,-1929,627,76,-32,26
2025-11-24T16:03:29.536144,416,191,372,527,756,712,152,216,-5652,4684,-8391,12005,137,-1943,634,61,-29,42
2025-11-24T16:03:29.558218,364,191,378,596,761,721,163,192,-5661,4678,-8383,12009,137,-1882,669,43,-13,38
2025-11-24T16:03:29.572928,325,194,493,585,799,611,149,170,-5663,4684,-8386,12004,113,-1892,591,-15,-35,-6
2025-11-24T16:03:29.595721,319,200,510,537,755,572,144,171,-5670,4701,-8382,11997,146,-1933,609,-13,-103,-6
2025-11-24T16:03:29.618127,220,216,550,515,833,572,146,177,-5678,4709,-8373,11996,139,-1901,635,26,-76,3
2025-11-24T16:03:29.633378,239,286,554,527,867,587,144,178,-5684,4712,-8369,11995,127,-1892,623,17,-39,5
2025-11-24T16:03:29.655949,256,333,550,482,846,624,133,163,-5691,4720,-8359,11996,162,-1927,638,41,-65,1
2025-11-24T16:03:29.678183,256,373,559,562,832,708,138,162,-5698,4720,-8350,11999,159,-1904,643,49,-34,21
2025-11-24T16:03:29.693395,271,373,535,545,809,775,144,152,-5705,4726,-8343,11998,155,-1949,596,53,-53,9
2025-11-24T16:03:29.715852,343,365,489,543,776,726,148,149,-5714,4738,-8333,11995,156,-1922,634,25,-96,3
2025-11-24T16:03:29.738275,391,335,477,554,718,758,138,159,-5722,4743,-8323,11996,161,-1911,684,24,-61,10
2025-11-24T16:03:29.754290,415,342,531,542,793,711,157,174,-5722,4744,-8322,11997,191,-1911,676,3,-4,14
2025-11-24T16:03:29.776218,418,301,398,514,782,736,163,198,-5726,4746,-8322,11994,158,-1970,641,3,-22,22
2025-11-24T16:03:29.806941,435,326,458,607,907,742,173,231,-5737,4762,-8315,11988,154,-1917,604,16,-120,7
2025-11-24T16:03:29.820823,403,339,526,670,871,722,171,226,-5748,4775,-8303,11986,140,-1913,640,36,-110,-8
2025-11-24T16:03:29.835959,410,397,553,672,892,691,174,218,-5755,4777,-8279,11998,185,-1900,714,98,-52,-22
2025-11-24T16:03:29.858517,405,396,491,647,833,752,190,215,-5753,4760,-8273,12010,187,-1884,751,34,87,31
2025-11-24T16:03:29.880853,405,397,502,663,943,710,193,202,-5742,4752,-8297,12002,116,-1986,595,-87,95,14
2025-11-24T16:03:29.895931,373,394,448,572,817,645,187,180,-5740,4771,-8300,11993,161,-1980,491,11,-75,-32
2025-11-24T16:03:29.918388,347,386,363,527,811,716,182,174,-5755,4783,-8283,11993,125,-1883,655,57,-126,-11
2025-11-24T16:03:29.940963,252,309,324,497,779,698,179,167,-5758,4787,-8271,11998,160,-1868,737,9,-45,-22
2025-11-24T16:03:29.956360,192,257,332,531,902,677,162,172,-5755,4794,-8282,11989,101,-1922,609,-71,-22,-19
2025-11-24T16:03:29.978555,178,258,339,468,858,695,175,173,-5750,4812,-8293,11977,169,-1927,595,-101,-49,-19
2025-11-24T16:03:30.000842,267,240,351,483,920,672,165,186,-5752,4830,-8294,11968,155,-1949,618,-46,-92,-26
2025-11-24T16:03:30.015970,315,233,381,520,947,641,165,195,-5764,4833,-8286,11966,137,-1959,687,22,-75,21
2025-11-24T16:03:30.038515,308,237,390,597,1060,781,208,195,-5769,4824,-8280,11971,146,-1918,698,31,18,23
2025-11-24T16:03:30.061124,311,220,375,559,917,733,206,189,-5764,4824,-8290,11968,168,-1911,646,-61,32,12
2025-11-24T16:03:30.083633,317,203,434,553,817,668,198,220,-5761,4836,-8293,11962,190,-1949,627,-51,-42,-11
2025-11-24T16:03:30.098393,250,208,467,548,739,684,202,194,-5762,4839,-8292,11960,153,-1945,650,-8,-17,-3
2025-11-24T16:03:30.120947,193,195,479,511,693,671,207,180,-5762,4839,-8291,11961,179,-1929,687,13,10,-10
2025-11-24T16:03:30.135913,177,176,465,485,629,613,180,181,-5750,4841,-8291,11966,200,-1870,655,-27,41,-38
2025-11-24T16:03:30.157939,163,182,470,444,613,576,162,170,-5743,4862,-8308,11950,185,-1937,551,-127,-51,-19
2025-11-24T16:03:30.180665,155,181,453,476,581,566,145,114,-5752,4886,-8302,11940,213,-2021,580,4,-142,6
2025-11-24T16:03:30.195928,132,145,409,476,538,540,135,109,-5772,4885,-8284,11943,183,-1901,652,103,-83,60
2025-11-24T16:03:30.218530,111,145,356,473,541,508,122,103,-5783,4884,-8271,11947,206,-1857,662,56,-40,44
2025-11-24T16:03:30.240883,114,166,343,455,437,394,128,98,-5782,4889,-8262,11951,292,-1878,652,19,-4,27
2025-11-24T16:03:30.255979,351,297,333,469,452,377,143,109,-5766,4903,-8279,11942,299,-1848,600,-148,30,16
2025-11-24T16:03:30.278808,365,332,247,413,428,347,144,105,-5753,4927,-8320,11910,208,-1893,589,-318,-27,32
2025-11-24T16:03:30.300899,377,335,224,389,412,337,143,108,-5757,4939,-8345,11885,255,-2009,568,-157,-35,124
2025-11-24T16:03:30.315720,385,339,215,383,377,324,145,106,-5763,4925,-8347,11887,387,-1947,637,27,82,180
2025-11-24T16:03:30.346659,385,326,204,310,281,244,122,95,-5776,4879,-8369,11884,213,-1851,665,-30,197,262
2025-11-24T16:03:30.360958,192,209,233,334,240,213,99,72,-5776,4841,-8425,11860,228,-1934,583,-210,238,303
2025-11-24T16:03:30.375891,160,137,219,326,294,230,92,66,-5780,4805,-8493,11824,195,-2000,569,-287,224,340
2025-11-24T16:03:30.398581,144,131,224,324,314,232,98,74,-5784,4767,-8561,11788,152,-2019,561,-273,226,334
2025-11-24T16:03:30.420747,121,98,204,280,360,215,89,70,-5787,4726,-8617,11763,114,-1935,564,-213,231,288
2025-11-24T16:03:30.436028,105,94,205,268,372,190,88,72,-5783,4685,-8665,11745,111,-1965,533,-153,246,236
2025-11-24T16:03:30.458439,88,71,132,246,370,209,91,75,-5787,4639,-8706,11732,106,-1915,561,-116,243,269
2025-11-24T16:03:30.480613,82,75,129,257,338,175,86,71,-5787,4592,-8753,11715,83,-1866,522,-141,255,263
2025-11-24T16:03:30.495758,50,83,120,275,321,158,72,52,-5786,4550,-8795,11701,106,-1899,534,-130,243,258
2025-11-24T16:03:30.518187,46,83,115,289,284,149,76,55,-5791,4503,-8836,11685,81,-1861,503,-107,240,289
2025-11-24T16:03:30.540929,44,82,110,280,275,134,72,55,-5808,4453,-8875,11666,34,-1889,526,-92,200,328
2025-11-24T16:03:30.556783,38,87,118,407,376,264,71,47,-5822,4389,-8938,11636,-74,-1845,454,-170,278,374
2025-11-24T16:03:30.578339,38,83,134,460,390,276,79,48,-5829,4332,-9007,11600,-1,-1861,452,-236,292,391
2025-11-24T16:03:30.600873,38,66,141,478,434,292,83,47,-5839,4271,-9074,11565,-44,-1868,390,-193,293,400
2025-11-24T16:03:30.623529,41,67,142,496,431,305,87,49,-5859,4209,-9121,11541,-61,-1860,475,-104,244,392
2025-11-24T16:03:30.636264,41,81,201,509,432,319,85,43,-5878,4151,-9178,11507,-147,-1823,442,-178,225,375
2025-11-24T16:03:30.659348,47,102,224,541,367,209,87,50,-5884,4105,-9256,11458,-151,-1883,400,-332,240,352
2025-11-24T16:03:30.676098,46,118,237,531,371,192,78,50,-5902,4057,-9328,11407,-189,-1964,444,-310,195,394
2025-11-24T16:03:30.698377,47,131,241,568,328,174,81,55,-5923,4000,-9383,11372,-181,-1927,427,-172,215,392
2025-11-24T16:03:30.720926,47,132,251,673,362,159,82,55,-5942,3924,-9430,11349,-236,-1868,419,-71,286,392
2025-11-24T16:03:30.744689,51,129,218,756,462,156,78,58,-5950,3840,-9474,11337,-244,-1928,482,-53,367,357
2025-11-24T16:03:30.758433,52,120,200,696,520,179,78,58,-5952,3740,-9518,11333,-271,-1964,468,13,461,364
2025-11-24T16:03:30.781605,55,130,213,728,565,302,97,61,-5938,3641,-9576,11324,-284,-1908,514,-116,533,334
2025-11-24T16:03:30.804181,64,134,307,694,581,320,97,62,-5905,3569,-9651,11300,-299,-1832,417,-277,501,217
2025-11-24T16:03:30.818566,169,163,358,645,677,332,106,62,-5878,3515,-9713,11278,-326,-2036,359,-197,384,164
2025-11-24T16:03:30.840879,194,211,434,561,691,325,110,66,-5864,3450,-9748,11275,-325,-2042,389,-12,355,186
2025-11-24T16:03:30.871627,195,271,468,526,709,331,106,64,-5857,3376,-9765,11286,-304,-1945,384,126,350,208
2025-11-24T16:03:30.878433,203,341,502,465,755,227,110,73,-5846,3306,-9788,11293,-273,-1830,406,48,363,206
2025-11-24T16:03:30.900881,202,373,469,450,768,286,117,74,-5844,3231,-9824,11284,-392,-1964,370,3,349,261
2025-11-24T16:03:30.924504,165,371,443,340,663,281,113,76,-5843,3171,-9890,11244,-444,-1973,330,-232,303,292
2025-11-24T16:03:30.938442,134,344,370,307,586,292,115,71,-5833,3135,-9987,11173,-345,-1850,322,-538,285,324
2025-11-24T16:03:30.960532,141,296,362,286,523,294,120,68,-5807,3107,-10136,11060,-388,-1856,209,-872,356,360
2025-11-24T16:03:30.984007,133,198,308,348,502,318,103,62,-5762,3085,-10320,10919,-411,-1804,250,-1188,448,352
2025-11-24T16:03:30.997961,139,115,275,350,478,250,95,58,-5718,3079,-10508,10763,-549,-2045,-91,-1119,340,292
2025-11-24T16:03:31.020981,97,78,259,341,495,246,89,50,-5731,3048,-10597,10678,-354,-2378,106,-491,146,502
2025-11-24T16:03:31.043431,125,76,250,327,482,228,80,46,-5773,2985,-10684,10586,-607,-1743,0,-402,123,544
2025-11-24T16:03:31.058760,116,73,182,347,495,190,68,47,-5793,2968,-10782,10479,-485,-1815,5,-627,57,421
2025-11-24T16:03:31.081195,113,66,141,233,383,143,67,35,-5821,2952,-10872,10375,-499,-2035,50,-614,21,462
2025-11-24T16:03:31.103440,105,91,125,253,405,119,70,42,-5852,2937,-10940,10290,-510,-2046,97,-494,-14,415
2025-11-24T16:03:31.118207,100,89,186,258,382,91,61,40,-5884,2918,-10982,10233,-545,-2061,92,-299,-26,340
2025-11-24T16:03:31.140946,58,92,187,251,379,89,58,41,-5928,2892,-11021,10172,-677,-1967,75,-274,-57,344
2025-11-24T16:03:31.163475,47,89,186,210,335,161,65,42,-5918,2890,-11077,10117,-352,-1865,94,-434,112,227
2025-11-24T16:03:31.182834,41,96,189,204,322,224,70,44,-5905,2885,-11168,10027,-526,-1934,72,-686,168,264
2025-11-24T16:03:31.209118,39,77,222,136,274,237,61,40,-5886,2892,-11254,9939,-556,-2083,86,-713,151,196
2025-11-24T16:03:31.223183,35,76,171,125,282,246,72,45,-5865,2881,-11320,9879,-567,-2062,33,-491,201,179
2025-11-24T16:03:31.238306,31,72,162,120,331,253,78,48,-5846,2870,-11376,9830,-648,-2103,31,-424,189,121
2025-11-24T16:03:31.260918,32,75,168,130,427,254,80,51,-5813,2871,-11430,9786,-651,-1985,56,-454,208,-5
2025-11-24T16:03:31.283782,36,69,168,144,461,223,88,54,-5763,2897,-11505,9720,-669,-1971,-31,-647,208,-110
2025-11-24T16:03:31.298407,38,64,129,157,501,320,101,59,-5710,2937,-11580,9649,-668,-2050,19,-741,178,-155
2025-11-24T16:03:31.321017,39,62,106,156,536,375,116,67,-5641,2973,-11656,9587,-728,-2053,13,-729,271,-245
2025-11-24T16:03:31.343838,40,62,105,164,577,426,119,68,-5546,3025,-11739,9525,-741,-1951,-125,-752,320,-416
2025-11-24T16:03:31.363101,41,68,112,152,494,411,121,78,-5452,3093,-11796,9487,-805,-2185,-203,-591,248,-559
2025-11-24T16:03:31.380922,61,136,130,126,456,410,123,79,-5373,3139,-11836,9467,-717,-2223,-157,-435,240,-434
2025-11-24T16:03:31.403112,115,135,121,107,410,335,117,83,-5310,3147,-11860,9470,-709,-2223,-254,-165,288,-289
2025-11-24T16:03:31.418879,123,140,135,102,354,263,102,88,-5259,3134,-11879,9479,-599,-2129,-231,-81,307,-140
2025-11-24T16:03:31.449153,127,145,158,86,213,164,95,97,-5222,3096,-11904,9481,-670,-2120,-235,-70,332,-9
2025-11-24T16:03:31.471690,135,151,223,77,205,151,91,91,-5189,3038,-11926,9490,-599,-2145,-141,-42,395,109
2025-11-24T16:03:31.478600,128,106,227,67,173,120,84,91,-5151,2971,-11957,9492,-580,-2040,-198,-59,444,154
2025-11-24T16:03:31.500764,103,127,240,64,142,111,82,85,-5117,2916,-11991,9484,-570,-2083,-253,-101,375,147
2025-11-24T16:03:31.523477,133,137,258,63,142,118,85,77,-5094,2867,-12022,9473,-564,-2115,-335,-68,291,174
2025-11-24T16:03:31.538481,136,152,296,72,175,159,101,66,-5081,2820,-12045,9465,-532,-2123,-343,-23,230,205
2025-11-24T16:03:31.561056,137,149,270,89,296,278,109,60,-5076,2783,-12060,9459,-562,-2097,-361,12,152,167
2025-11-24T16:03:31.583848,143,157,326,114,311,285,109,61,-5069,2749,-12079,9449,-563,-2022,-335,-32,157,146
2025-11-24T16:03:31.598237,136,155,339,109,310,292,104,60,-5070,2733,-12083,9448,-547,-2084,-287,-3,57,90
2025-11-24T16:03:31.620394,275,156,386,123,346,313,110,67,-5074,2708,-12076,9463,-598,-2091,-230,87,76,75
2025-11-24T16:03:31.643880,287,158,376,124,410,338,101,65,-5076,2678,-12056,9496,-631,-2140,-257,229,94,37
2025-11-24T16:03:31.666593,294,178,414,124,343,272,90,65,-5092,2657,-12025,9531,-792,-1990,-298,309,-5,-74
2025-11-24T16:03:31.680481,341,172,376,106,339,263,84,66,-5100,2670,-12012,9540,-678,-1940,-292,83,-87,-123
2025-11-24T16:03:31.704093,401,176,397,107,346,258,86,70,-5101,2674,-12011,9540,-601,-2062,-304,8,-21,-27
2025-11-24T16:03:31.726661,321,186,371,93,327,250,76,58,-5112,2638,-12000,9557,-633,-2102,-312,200,65,120
2025-11-24T16:03:31.740852,323,174,370,95,261,229,77,60,-5127,2583,-11997,9569,-640,-1898,-271,179,126,200
2025-11-24T16:03:31.771687,381,169,370,98,245,200,76,62,-5128,2547,-12001,9572,-608,-1951,-264,70,121,128
2025-11-24T16:03:31.786952,355,178,381,95,248,212,78,56,-5135,2519,-12003,9574,-602,-2086,-292,72,66,141
2025-11-24T16:03:31.800918,302,187,355,105,310,350,87,52,-5144,2478,-11994,9591,-550,-2117,-271,183,88,200
2025-11-24T16:03:31.823617,344,182,356,101,309,345,89,58,-5148,2436,-11986,9610,-577,-1968,-271,202,113,150
2025-11-24T16:03:31.846649,423,210,389,94,289,325,82,68,-5157,2433,-11991,9599,-748,-1874,-344,12,-31,-28
2025-11-24T16:03:31.860950,491,243,367,83,288,329,84,88,-5163,2460,-11981,9601,-588,-2079,-265,3,-135,-89
2025-11-24T16:03:31.884147,518,248,410,81,280,323,82,92,-5163,2468,-11950,9638,-554,-2077,-179,208,-46,-91
2025-11-24T16:03:31.906410,556,253,472,74,210,172,72,96,-5163,2459,-11923,9673,-622,-1996,-156,215,23,-68
2025-11-24T16:03:31.920483,578,291,588,90,179,151,60,115,-5164,2451,-11915,9685,-644,-1961,-190,79,23,-23
2025-11-24T16:03:31.945691,647,314,784,137,181,131,62,188,-5174,2432,-11907,9694,-709,-2151,-207,96,24,52
2025-11-24T16:03:31.966595,614,313,882,192,185,120,61,202,-5197,2390,-11886,9718,-807,-2221,-174,231,41,112
2025-11-24T16:03:31.980887,682,345,957,218,189,123,74,210,-5232,2327,-11858,9749,-648,-2063,-82,305,60,286
2025-11-24T16:03:32.003382,741,349,951,220,219,108,75,208,-5255,2268,-11837,9776,-687,-1965,-227,333,83,214
2025-11-24T16:03:32.026695,918,548,1068,266,239,117,96,266,-5287,2211,-11820,9792,-750,-2016,-209,269,43,240
2025-11-24T16:03:32.040878,918,614,1102,308,232,116,104,244,-5316,2148,-11794,9822,-691,-2128,-144,334,66,281
2025-11-24T16:03:32.063271,910,616,1043,324,275,117,111,236,-5348,2063,-11767,9855,-708,-2157,-217,442,120,376
2025-11-24T16:03:32.087657,876,627,1049,313,269,113,106,233,-5387,1956,-11719,9912,-704,-2019,-35,571,169,418
2025-11-24T16:03:32.100956,823,635,1093,315,260,141,113,238,-5424,1866,-11682,9953,-723,-1932,-38,455,127,368
2025-11-24T16:03:32.123419,665,461,953,297,289,175,102,163,-5454,1806,-11659,9974,-663,-1891,-31,267,61,300
2025-11-24T16:03:32.146688,550,340,736,240,343,198,97,119,-5467,1773,-11664,9968,-658,-1875,-127,53,53,204
2025-11-24T16:03:32.161485,507,307,710,257,544,289,92,100,-5475,1767,-11663,9965,-677,-1953,-67,3,-12,72
2025-11-24T16:03:32.183476,439,243,570,252,594,319,104,92,-5482,1772,-11664,9960,-722,-1914,-41,-45,-41,4
2025-11-24T16:03:32.206696,384,201,438,263,621,310,102,78,-5475,1794,-11677,9944,-749,-1895,-157,-114,-44,-98
2025-11-24T16:03:32.221388,173,173,322,249,641,353,103,62,-5461,1800,-11699,9925,-755,-1837,-89,-171,66,-66
2025-11-24T16:03:32.243551,127,157,293,257,661,360,99,56,-5435,1768,-11723,9917,-835,-1861,-130,-50,249,-10
2025-11-24T16:03:32.266656,91,149,261,207,503,293,95,49,-5414,1712,-11753,9903,-885,-1832,-177,-31,308,89
2025-11-24T16:03:32.280873,74,130,259,209,445,264,79,40,-5402,1653,-11775,9894,-912,-1932,-153,13,284,131
2025-11-24T16:03:32.303932,68,128,234,201,419,263,65,36,-5395,1589,-11773,9910,-896,-2011,-157,206,241,133
2025-11-24T16:03:32.326312,57,122,236,184,368,173,53,30,-5402,1504,-11766,9928,-925,-1894,-78,249,264,232
2025-11-24T16:03:32.340987,46,132,251,175,283,151,54,31,-5410,1413,-11760,9943,-946,-1902,36,185,306,265
2025-11-24T16:03:32.364332,43,135,252,161,260,145,54,33,-5407,1320,-11765,9952,-908,-1983,22,129,367,299
2025-11-24T16:03:32.386730,42,129,238,157,266,153,57,35,-5385,1227,-11757,9985,-866,-2072,-36,292,417,227
2025-11-24T16:03:32.400940,31,110,263,138,232,162,60,34,-5370,1115,-11735,10033,-935,-2001,-47,453,430,251
2025-11-24T16:03:32.422970,31,101,249,167,270,186,69,37,-5352,1004,-11711,10081,-901,-1900,-14,447,434,239
2025-11-24T16:03:32.446850,30,82,244,226,340,235,73,36,-5336,900,-11693,10121,-930,-1879,-9,379,418,221
2025-11-24T16:03:32.461044,31,81,237,230,347,244,72,33,-5312,808,-11688,10147,-948,-1899,-48,283,410,178
2025-11-24T16:03:32.483234,32,81,237,249,355,240,70,33,-5288,724,-11682,10173,-986,-1961,-71,284,379,143
2025-11-24T16:03:32.506726,33,85,207,263,369,240,68,34,-5262,639,-11673,10202,-993,-1948,-91,322,382,134
2025-11-24T16:03:32.520546,41,95,200,273,354,239,66,32,-5241,543,-11674,10218,-1044,-1844,-48,233,420,178
2025-11-24T16:03:32.544231,41,94,181,220,279,180,57,32,-5223,460,-11679,10225,-1060,-1899,-83,178,362,163
2025-11-24T16:03:32.566376,41,90,170,212,266,165,52,31,-5199,382,-11685,10233,-996,-1918,-36,144,385,167
2025-11-24T16:03:32.581048,40,89,124,225,273,157,49,31,-5163,296,-11691,10247,-1013,-1938,-69,197,450,143
2025-11-24T16:03:32.603415,39,92,142,244,262,147,52,32,-5121,200,-11697,10265,-1045,-1935,-39,212,513,147
2025-11-24T16:03:32.626368,29,76,143,236,273,116,41,31,-5077,100,-11698,10286,-1082,-1902,-71,269,526,126
2025-11-24T16:03:32.649186,30,77,141,232,287,114,42,29,-5029,25,-11707,10300,-1070,-1874,-104,178,459,30
2025-11-24T16:03:32.663428,29,87,163,222,280,122,46,28,-4968,-25,-11716,10320,-986,-1847,-169,193,404,-97
2025-11-24T16:03:32.686351,36,115,236,191,254,134,45,27,-4892,-56,-11718,10353,-900,-1818,-142,227,396,-215
2025-11-24T16:03:32.716666,39,122,259,156,238,138,40,23,-4804,-70,-11717,10395,-868,-1805,-139,244,377,-338
2025-11-24T16:03:32.723171,45,127,288,139,251,139,41,25,-4698,-67,-11717,10444,-768,-1846,-192,267,376,-433
2025-11-24T16:03:32.746493,47,132,329,150,279,133,44,28,-4570,-50,-11710,10509,-709,-1879,-215,342,399,-567
2025-11-24T16:03:32.784960,48,140,365,146,287,129,43,30,-4432,-12,-11689,10591,-665,-1869,-176,417,351,-715
2025-11-24T16:03:32.792253,44,133,356,139,322,154,46,31,-4288,49,-11656,10686,-603,-1831,-133,459,279,-847
2025-11-24T16:03:32.814038,45,128,344,139,335,176,72,39,-4139,135,-11621,10782,-551,-1832,-93,424,212,-964
2025-11-24T16:03:32.829261,41,125,325,149,323,329,214,56,-3980,247,-11584,10879,-398,-1792,-123,418,151,-1055
2025-11-24T16:03:32.843420,39,130,293,169,298,360,248,71,-3822,373,-11549,10969,-309,-1746,-76,350,100,-1088
2025-11-24T16:03:32.866637,43,129,256,173,302,375,260,80,-3668,522,-11519,11047,-152,-1607,6,208,20,-1111
2025-11-24T16:03:32.896465,45,121,243,243,278,386,274,85,-3534,673,-11505,11097,-21,-1878,-24,59,-57,-924
2025-11-24T16:03:32.903351,43,120,261,262,337,383,271,84,-3433,803,-11477,11148,32,-1907,-5,144,-119,-708
2025-11-24T16:03:32.926746,45,138,306,269,307,266,188,75,-3360,896,-11448,11194,-50,-1897,0,179,-89,-506
2025-11-24T16:03:32.949156,46,162,352,273,352,247,140,61,-3305,956,-11430,11223,-177,-1854,7,111,-31,-376
2025-11-24T16:03:32.963795,42,152,360,351,461,241,123,51,-3275,1007,-11434,11224,-281,-1952,-15,-52,-77,-257
2025-11-24T16:03:32.986617,39,165,427,340,469,213,95,41,-3262,1047,-11439,11218,-347,-2082,-8,-67,-102,-166
2025-11-24T16:03:33.006952,46,176,460,369,428,207,89,42,-3266,1093,-11432,11219,-413,-2096,15,-8,-204,-172
2025-11-24T16:03:33.021558,43,164,482,468,459,207,78,41,-3281,1146,-11411,11232,-431,-2068,72,60,-277,-197
2025-11-24T16:03:33.045874,45,147,493,489,424,193,78,42,-3291,1201,-11385,11249,-415,-2064,96,85,-269,-227
2025-11-24T16:03:33.069147,43,145,483,449,301,172,69,41,-3289,1250,-11362,11268,-336,-2019,145,55,-192,-222
2025-11-24T16:03:33.083338,44,128,411,435,272,162,72,46,-3276,1292,-11353,11276,-339,-2025,131,-30,-108,-220
2025-11-24T16:03:33.106628,36,112,365,421,270,165,89,46,-3255,1323,-11357,11274,-357,-2073,137,-110,-29,-208
2025-11-24T16:03:33.136852,41,123,317,320,221,160,91,46,-3226,1350,-11368,11268,-310,-2045,124,-152,24,-189
2025-11-24T16:03:33.144977,43,116,320,337,251,145,91,45,-3188,1380,-11389,11254,-299,-2059,64,-197,52,-231
2025-11-24T16:03:33.167462,54,143,361,326,285,139,95,50,-3148,1411,-11408,11243,-233,-2024,67,-191,56,-210
2025-11-24T16:03:33.189123,51,148,363,335,303,128,87,48,-3105,1438,-11424,11235,-249,-2072,17,-136,73,-225
2025-11-24T16:03:33.203417,51,144,347,368,318,108,75,48,-3069,1463,-11430,11236,-266,-2038,-2,-50,50,-223
2025-11-24T16:03:33.227144,49,137,318,413,332,99,76,49,-3039,1487,-11439,11231,-272,-1975,-60,-52,29,-205
2025-11-24T16:03:33.249166,50,140,240,442,343,92,69,52,-3003,1515,-11445,11231,-159,-1880,-84,-16,30,-194
2025-11-24T16:03:33.263393,39,125,251,491,307,90,63,46,-3004,1514,-11475,11200,-444,-2299,-126,-166,4,-25
2025-11-24T16:03:33.286681,46,128,248,520,317,90,59,44,-3033,1489,-11483,11187,-311,-2022,53,-70,-10,207
2025-11-24T16:03:33.309120,49,128,263,486,295,69,46,41,-3064,1477,-11514,11149,-393,-2112,-36,-225,-68,172
2025-11-24T16:03:33.323442,49,144,298,471,273,69,41,40,-3108,1466,-11550,11101,-414,-2153,34,-320,-113,222
2025-11-24T16:03:33.346480,45,133,296,421,241,63,42,34,-3130,1471,-11552,11092,-374,-2241,-16,-46,-109,53
2025-11-24T16:03:33.369167,45,120,235,368,262,59,40,37,-3162,1471,-11527,11109,-406,-2078,-24,184,-144,40
2025-11-24T16:03:33.383377,38,110,248,363,267,57,37,36,-3176,1476,-11508,11123,-380,-2145,-63,161,-93,-16
2025-11-24T16:03:33.406388,42,127,401,367,258,71,43,36,-3232,1440,-11491,11131,-513,-2052,-7,168,-97,233
2025-11-24T16:03:33.428895,45,114,397,353,277,70,42,38,-3265,1410,-11482,11133,-398,-1906,10,90,-27,192
2025-11-24T16:03:33.443536,49,133,439,361,284,68,40,40,-3301,1393,-11501,11105,-434,-1954,-7,-145,-70,183
2025-11-24T16:03:33.466291,69,147,434,355,272,66,40,37,-3322,1385,-11518,11082,-456,-2167,7,-140,-46,104
2025-11-24T16:03:33.489736,93,180,425,387,276,65,39,35,-3343,1373,-11513,11083,-440,-2136,12,37,-37,86
2025-11-24T16:03:33.502974,102,197,266,387,305,51,30,38,-3370,1358,-11493,11097,-389,-2026,38,137,-64,124
2025-11-24T16:03:33.526617,107,192,233,354,284,40,24,32,-3404,1340,-11481,11101,-429,-2004,41,80,-76,155
2025-11-24T16:03:33.548816,107,181,127,363,262,42,27,31,-3439,1323,-11486,11087,-370,-1964,56,-61,-67,218
2025-11-24T16:03:33.571624,97,172,128,394,284,43,27,34,-3463,1303,-11507,11060,-356,-1988,23,-163,-3,226
2025-11-24T16:03:33.587282,76,131,102,354,299,46,28,36,-3481,1281,-11535,11029,-382,-2015,-15,-193,29,210
2025-11-24T16:03:33.616625,60,77,106,367,309,44,31,33,-3491,1265,-11551,11010,-359,-2030,-3,-117,33,159
2025-11-24T16:03:33.631269,45,68,106,376,357,49,35,35,-3502,1249,-11561,10998,-320,-2003,29,-87,24,167
2025-11-24T16:03:33.647066,42,59,98,340,343,57,38,39,-3516,1239,-11573,10982,-341,-1944,53,-129,0,149
2025-11-24T16:03:33.669154,36,45,85,330,333,59,39,38,-3528,1234,-11600,10950,-301,-1894,27,-244,-4,163
2025-11-24T16:03:33.691627,34,44,104,286,305,59,42,38,-3531,1228,-11638,10909,-261,-1908,-28,-303,37,174
2025-11-24T16:03:33.705413,31,43,118,266,379,70,47,38,-3531,1219,-11676,10869,-313,-1964,-55,-291,58,161
2025-11-24T16:03:33.728298,29,54,184,263,373,70,46,38,-3538,1209,-11710,10833,-301,-1917,-84,-244,32,183
2025-11-24T16:03:33.751395,34,71,231,274,394,71,52,38,-3541,1196,-11758,10781,-257,-1801,-127,-340,65,218
2025-11-24T16:03:33.765169,40,84,254,292,519,94,65,42,-3544,1185,-11820,10712,-283,-1853,-186,-444,64,234
2025-11-24T16:03:33.789277,39,89,279,350,525,119,75,42,-3549,1168,-11892,10633,-305,-1948,-284,-480,71,286
2025-11-24T16:03:33.811583,40,89,276,358,469,120,86,43,-3562,1146,-11962,10552,-279,-1885,-226,-504,62,350
2025-11-24T16:03:33.826110,43,83,234,470,517,133,89,47,-3587,1117,-12032,10467,-301,-2003,-294,-495,34,436
2025-11-24T16:03:33.856645,58,94,222,498,603,171,112,64,-3625,1065,-12092,10390,-300,-2048,-303,-405,47,582
2025-11-24T16:03:33.871726,55,87,201,485,533,165,108,63,-3676,993,-12148,10313,-463,-2144,-326,-365,69,655
2025-11-24T16:03:33.885969,57,83,162,453,556,157,106,69,-3744,913,-12194,10242,-595,-2132,-257,-328,28,677
2025-11-24T16:03:33.909180,57,83,153,480,581,159,103,71,-3803,834,-12248,10162,-554,-2057,-310,-383,65,688
2025-11-24T16:03:33.932046,55,81,153,371,578,166,106,71,-3859,761,-12315,10065,-607,-1966,-274,-528,79,651
2025-11-24T16:03:33.954413,35,56,120,335,494,174,94,60,-3903,704,-12388,9962,-691,-2052,-283,-620,87,534
2025-11-24T16:03:33.977202,36,62,176,313,464,220,113,61,-3942,657,-12447,9876,-791,-2197,-262,-550,75,438
2025-11-24T16:03:33.991817,33,61,200,303,445,232,114,55,-3981,623,-12493,9805,-777,-2113,-283,-449,15,361
2025-11-24T16:03:34.005576,33,63,242,226,407,269,110,55,-4011,612,-12530,9745,-805,-2014,-334,-381,-41,191
2025-11-24T16:03:34.029811,34,63,260,201,319,264,111,57,-4043,632,-12560,9692,-802,-2087,-371,-362,-164,70
2025-11-24T16:03:34.050953,33,60,256,157,280,241,98,49,-4085,670,-12583,9642,-763,-2024,-440,-315,-287,37
2025-11-24T16:03:34.065515,43,49,226,141,255,226,148,207,-4133,729,-12600,9595,-773,-1990,-482,-288,-400,-51
2025-11-24T16:03:34.089215,52,48,210,107,193,250,208,260,-4201,804,-12615,9540,-743,-1959,-508,-320,-547,-30
2025-11-24T16:03:34.119247,56,51,171,86,145,210,227,287,-4271,891,-12630,9482,-740,-1889,-506,-353,-594,-83
2025-11-24T16:03:34.126138,56,49,155,77,105,206,229,289,-4356,999,-12653,9400,-820,-1862,-517,-506,-716,-134
2025-11-24T16:03:34.148907,57,46,147,62,94,197,230,294,-4458,1140,-12682,9296,-857,-1782,-543,-644,-892,-208
2025-11-24T16:03:34.171721,47,44,128,53,72,169,198,218,-4573,1324,-12719,9165,-924,-1667,-546,-848,-1070,-373
2025-11-24T16:03:34.186279,36,40,108,41,61,96,129,152,-4669,1563,-12745,9042,-917,-1676,-467,-918,-1154,-682
2025-11-24T16:03:34.208504,30,27,87,40,56,85,89,93,-4734,1839,-12745,8956,-894,-1782,-406,-803,-1140,-996
2025-11-24T16:03:34.231176,26,26,50,39,52,77,76,84,-4774,2136,-12716,8911,-871,-1806,-423,-586,-1119,-1249
2025-11-24T16:03:34.246456,24,25,41,37,49,76,71,69,-4793,2451,-12668,8887,-811,-1757,-423,-472,-1096,-1439
2025-11-24T16:03:34.269217,21,23,33,32,42,62,45,51,-4794,2767,-12605,8883,-763,-1746,-295,-419,-1015,-1542
2025-11-24T16:03:34.291704,27,24,27,27,40,59,53,49,-4760,3071,-12548,8883,-672,-1698,-261,-452,-811,-1591
2025-11-24T16:03:34.305443,28,25,32,22,40,57,55,39,-4655,3379,-12521,8865,-536,-1735,-395,-614,-544,-1661
2025-11-24T16:03:34.328789,28,22,31,21,43,66,55,38,-4515,3682,-12493,8856,-455,-1925,-463,-608,-369,-1748
2025-11-24T16:03:34.351633,29,23,30,28,44,65,57,36,-4386,3976,-12441,8867,-444,-2126,-414,-434,-396,-1744
2025-11-24T16:03:34.366504,30,23,30,76,43,64,57,34,-4267,4266,-12375,8882,-370,-1990,-402,-352,-443,-1724
2025-11-24T16:03:34.388854,26,22,30,79,39,65,47,32,-4129,4551,-12318,8886,-294,-2031,-434,-453,-355,-1730
2025-11-24T16:03:34.411702,23,19,24,85,37,67,46,30,-3978,4812,-12262,8894,-240,-2209,-412,-431,-213,-1675
2025-11-24T16:03:34.425637,24,20,30,150,34,65,48,31,-3816,5044,-12193,8932,-154,-2180,-378,-254,-54,-1644
2025-11-24T16:03:34.449133,25,21,47,215,34,68,46,36,-3636,5264,-12112,8989,-106,-2245,-446,-150,78,-1701
2025-11-24T16:03:34.471765,25,24,64,238,37,72,51,39,-3455,5471,-12026,9052,-79,-2263,-501,-81,127,-1674
2025-11-24T16:03:34.485930,28,23,74,264,51,82,57,45,-3269,5672,-11912,9148,-24,-2295,-610,145,193,-1758
2025-11-24T16:03:34.509264,28,24,74,267,49,84,55,45,-3103,5860,-11775,9264,96,-2209,-590,363,170,-1705
2025-11-24T16:03:34.531510,27,24,79,253,51,82,55,45,-2941,6040,-11636,9376,303,-2018,-617,372,161,-1643
2025-11-24T16:03:34.554316,26,23,74,214,50,83,54,42,-2770,6216,-11513,9464,449,-2002,-594,217,170,-1579
2025-11-24T16:03:34.569192,25,19,62,178,48,80,50,40,-2588,6388,-11393,9546,626,-1981,-633,193,206,-1527
2025-11-24T16:03:34.591689,22,20,51,139,39,61,43,31,-2410,6544,-11268,9634,766,-1987,-653,266,246,-1443
2025-11-24T16:03:34.614165,21,19,55,131,36,53,41,28,-2230,6694,-11160,9701,857,-1790,-641,150,242,-1328
2025-11-24T16:03:34.628092,21,19,43,100,32,49,37,28,-2026,6845,-11079,9733,906,-1667,-647,-108,274,-1311
2025-11-24T16:03:34.649485,19,19,37,67,34,38,32,21,-1789,6997,-11011,9749,960,-1679,-649,-301,368,-1395
2025-11-24T16:03:34.671900,19,21,32,60,33,26,28,22,-1530,7143,-10930,9778,1024,-1747,-645,-275,496,-1511
2025-11-24T16:03:34.688783,17,20,29,47,25,25,23,18,-1257,7262,-10863,9804,1357,-2186,-822,-347,636,-1402
2025-11-24T16:03:34.711701,17,21,22,42,25,22,21,19,-1191,7260,-10831,9849,1414,-2860,-886,111,356,-335
2025-11-24T16:03:34.734192,17,21,22,32,23,21,20,18,-1269,7197,-10766,9956,1478,-2204,-510,775,80,475
2025-11-24T16:03:34.756698,16,21,23,26,18,21,18,18,-1322,7123,-10775,9992,1175,-1325,-316,238,60,710
2025-11-24T16:03:34.779417,17,19,22,23,17,20,17,17,-1277,7063,-10870,9938,1036,-1380,-154,-723,177,504
2025-11-24T16:03:34.801632,16,18,22,18,17,17,17,18,-1159,7016,-10986,9858,1119,-1718,-137,-1138,321,225
2025-11-24T16:03:34.812882,18,19,19,20,17,16,17,18,-1039,6962,-11067,9819,1031,-2093,-220,-899,472,12
2025-11-24T16:03:34.831937,18,19,18,21,19,18,16,19,-988,6892,-11115,9820,847,-2182,-428,-379,413,103
2025-11-24T16:03:34.854187,19,18,17,19,21,17,16,18,-993,6837,-11154,9813,811,-2184,-548,-196,165,207
2025-11-24T16:03:34.867953,18,17,18,18,20,16,15,18,-1023,6799,-11176,9811,789,-1979,-611,-7,33,223
2025-11-24T16:03:34.891288,19,19,17,18,22,17,16,17,-1039,6776,-11187,9813,774,-1842,-610,31,45,120
2025-11-24T16:03:34.914084,17,18,18,17,22,18,16,19,-1035,6759,-11200,9810,762,-1851,-631,-40,98,35
2025-11-24T16:03:34.929179,17,17,18,18,20,16,18,17,-1020,6743,-11216,9803,756,-1885,-667,-76,132,-11
2025-11-24T16:03:34.951488,16,16,18,19,19,16,17,19,-1008,6726,-11231,9800,751,-1939,-676,-56,138,-9
2025-11-24T16:03:34.974166,17,17,20,20,19,15,18,18,-1007,6706,-11240,9803,747,-1932,-650,3,112,18
2025-11-24T16:03:34.996637,15,15,19,20,15,15,18,19,-1013,6689,-11241,9813,758,-1882,-618,68,78,27
2025-11-24T16:03:35.012094,14,16,20,18,15,15,19,19,-1018,6678,-11239,9823,774,-1826,-588,68,52,16
2025-11-24T16:03:35.033879,15,16,21,19,16,16,19,21,-1015,6673,-11239,9826,817,-1819,-557,1,40,-1
2025-11-24T16:03:35.048415,14,19,21,19,16,17,20,22,-1010,6669,-11244,9823,835,-1854,-569,-45,24,1
2025-11-24T16:03:35.071656,15,19,19,18,16,20,20,22,-1010,6666,-11249,9820,865,-1885,-570,-38,5,21
2025-11-24T16:03:35.093980,14,20,20,20,17,20,18,23,-1013,6662,-11254,9817,846,-1866,-588,-24,-3,34
2025-11-24T16:03:35.108401,15,19,18,20,19,19,17,22,-1015,6658,-11262,9810,840,-1864,-585,-46,-9,32
2025-11-24T16:03:35.131572,15,20,20,19,18,18,16,20,-1014,6656,-11272,9800,839,-1876,-587,-77,-4,21
2025-11-24T16:03:35.154152,16,19,18,17,18,17,15,20,-1012,6653,-11283,9790,836,-1885,-589,-85,-1,17
2025-11-24T16:03:35.168829,15,18,20,20,19,14,15,19,-1009,6651,-11292,9781,840,-1875,-600,-75,1,17
2025-11-24T16:03:35.191667,17,18,20,18,17,16,16,19,-1006,6648,-11303,9771,837,-1866,-601,-79,4,17
2025-11-24T16:03:35.214096,17,20,21,19,17,17,15,18,-1003,6645,-11313,9761,831,-1873,-588,-88,4,14
2025-11-24T16:03:35.228416,16,19,19,19,20,16,16,17,-999,6643,-11325,9750,828,-1874,-602,-95,0,13
2025-11-24T16:03:35.251674,17,19,20,20,20,17,16,15,-997,6641,-11335,9739,834,-1900,-613,-87,-4,12
2025-11-24T16:03:35.274272,16,20,19,18,20,17,16,16,-996,6641,-11343,9730,846,-1906,-621,-67,-12,8
2025-11-24T16:03:35.296647,17,19,19,18,20,16,17,14,-998,6641,-11348,9724,839,-1893,-616,-40,-18,10
2025-11-24T16:03:35.319149,18,17,18,16,20,16,17,15,-1002,6641,-11352,9718,840,-1881,-640,-21,-21,11
2025-11-24T16:03:35.341334,18,17,19,18,19,16,15,15,-1004,6642,-11355,9714,842,-1844,-632,-12,-19,18
2025-11-24T16:03:35.360543,19,17,18,18,18,19,17,15,-1005,6642,-11360,9709,864,-1837,-635,-23,-12,32
2025-11-24T16:03:35.371352,19,16,19,17,20,19,18,16,-1004,6637,-11368,9703,859,-1815,-636,-34,6,50
2025-11-24T16:03:35.393982,18,16,19,19,21,22,17,16,-1004,6629,-11379,9695,845,-1828,-655,-46,23,68
2025-11-24T16:03:35.408135,18,17,18,21,20,21,17,17,-1004,6616,-11393,9688,839,-1843,-653,-54,36,85
2025-11-24T16:03:35.431757,18,19,16,19,18,22,17,17,-1004,6600,-11408,9681,815,-1861,-645,-66,47,96
2025-11-24T16:03:35.454100,19,18,19,20,20,21,15,17,-1005,6581,-11425,9673,799,-1892,-636,-77,52,94
2025-11-24T16:03:35.476697,19,19,17,20,18,21,16,16,-1006,6564,-11441,9666,792,-1908,-627,-83,47,84
2025-11-24T16:03:35.491412,18,20,19,19,18,22,17,16,-1008,6548,-11455,9660,777,-1924,-608,-82,37,66
2025-11-24T16:03:35.514099,18,21,19,18,20,22,18,16,-1012,6537,-11466,9654,769,-1935,-622,-70,19,43
2025-11-24T16:03:35.536645,18,20,19,20,20,22,20,16,-1016,6531,-11475,9648,764,-1915,-627,-55,-3,21
2025-11-24T16:03:35.551788,17,23,18,18,20,21,20,15,-1020,6531,-11480,9641,773,-1900,-624,-47,-25,4
2025-11-24T16:03:35.574155,15,22,18,19,21,22,20,15,-1024,6534,-11486,9632,784,-1880,-644,-49,-42,-4
2025-11-24T16:03:35.596412,15,21,17,20,20,19,19,16,-1026,6541,-11490,9621,808,-1877,-655,-52,-50,-10
2025-11-24T16:03:35.611334,13,21,17,18,20,20,20,18,-1029,6548,-11494,9611,815,-1885,-678,-38,-49,-12
2025-11-24T16:03:35.635069,15,21,18,19,21,21,17,19,-1031,6554,-11496,9605,823,-1879,-668,-20,-40,-10
2025-11-24T16:03:35.657127,35,18,18,19,21,20,18,19,-1031,6559,-11497,9600,828,-1860,-671,-15,-28,-4
2025-11-24T16:03:35.671671,36,18,18,18,20,20,15,21,-1030,6562,-11499,9596,824,-1850,-662,-20,-15,0
2025-11-24T16:03:35.693857,38,18,19,17,20,21,16,22,-1028,6563,-11503,9591,822,-1850,-682,-25,-3,7
2025-11-24T16:03:35.716617,40,16,19,17,19,19,15,20,-1027,6561,-11507,9587,816,-1867,-673,-22,9,16
2025-11-24T16:03:35.731651,40,17,18,15,18,20,16,19,-1028,6556,-11510,9586,806,-1889,-669,-9,13,19
2025-11-24T16:03:35.754190,25,18,18,15,18,22,17,19,-1030,6551,-11512,9588,801,-1895,-666,2,19,19
2025-11-24T16:03:35.776255,24,18,19,16,18,21,17,16,-1032,6545,-11513,9591,788,-1902,-659,13,20,11
2025-11-24T16:03:35.790960,21,18,17,16,18,20,17,15,-1035,6541,-11513,9593,778,-1888,-670,21,17,6
2025-11-24T16:03:35.814017,18,19,18,16,18,20,18,17,-1036,6538,-11511,9597,798,-1896,-658,22,14,1
2025-11-24T16:03:35.844142,16,19,17,17,19,18,17,19,-1038,6536,-11509,9601,796,-1892,-665,27,13,-8
2025-11-24T16:03:35.850897,17,18,17,16,19,17,17,19,-1038,6535,-11505,9606,802,-1894,-649,32,13,-15
2025-11-24T16:03:35.874130,16,17,14,17,19,18,17,19,-1039,6535,-11501,9611,789,-1881,-655,35,11,-17
2025-11-24T16:03:35.896573,17,20,14,17,18,18,17,19,-1040,6535,-11496,9617,801,-1874,-654,41,11,-18
2025-11-24T16:03:35.910791,17,21,15,16,18,18,16,18,-1040,6535,-11491,9622,799,-1865,-657,43,12,-18
2025-11-24T16:03:35.934249,19,22,16,18,16,19,16,17,-1039,6536,-11487,9628,810,-1859,-654,39,17,-18
2025-11-24T16:03:35.956670,18,22,16,18,18,19,16,16,-1037,6536,-11482,9634,818,-1872,-647,37,18,-16
2025-11-24T16:03:35.970698,18,22,17,17,18,19,17,17,-1036,6535,-11477,9640,813,-1879,-647,37,22,-16
2025-11-24T16:03:35.993863,17,20,17,17,19,18,15,17,-1034,6534,-11473,9646,813,-1876,-655,39,24,-16
2025-11-24T16:03:36.016258,17,18,17,17,20,18,17,18,-1032,6532,-11468,9653,809,-1886,-643,44,27,-20
2025-11-24T16:03:36.030832,14,18,15,17,22,16,17,19,-1031,6531,-11463,9660,804,-1884,-646,44,26,-21
2025-11-24T16:03:36.054144,14,18,16,20,20,17,19,19,-1030,6529,-11457,9668,809,-1892,-629,42,25,-21
2025-11-24T16:03:36.075951,15,17,16,20,19,16,18,18,-1028,6528,-11446,9682,811,-1869,-626,44,20,-23
2025-11-24T16:03:36.098133,16,18,17,19,18,17,18,18,-1027,6528,-11441,9689,802,-1869,-623,37,20,-22
2025-11-24T16:03:36.125889,16,19,16,18,18,21,17,18,-1026,6528,-11436,9694,815,-1873,-625,33,17,-22
2025-11-24T16:03:36.151448,17,18,18,17,16,21,18,15,-1024,6529,-11433,9698,816,-1861,-636,33,17,-20
2025-11-24T16:03:36.174825,17,19,18,16,17,21,17,17,-1024,6528,-11429,9702,816,-1878,-626,26,10,-13
2025-11-24T16:03:36.181612,17,19,17,17,17,21,19,19,-1023,6528,-11427,9706,817,-1865,-619,22,10,-11
2025-11-24T16:03:36.195942,17,18,16,19,17,21,18,18,-1023,6528,-11427,9706,814,-1871,-622,14,10,-9
2025-11-24T16:03:36.218166,17,17,16,20,16,18,19,19,-1023,6528,-11427,9706,816,-1864,-616,8,7,-10
2025-11-24T16:03:36.238312,16,18,15,20,17,18,17,20,-1023,6528,-11427,9706,818,-1874,-609,0,3,-3
2025-11-24T16:03:36.255913,16,16,15,20,16,16,18,19,-1023,6528,-11427,9706,821,-1885,-629,-3,3,-1
2025-11-24T16:03:36.278407,15,17,17,20,18,15,15,18,-1023,6528,-11427,9706,826,-1880,-620,-4,4,-1
2025-11-24T16:03:36.297717,15,18,17,19,20,14,17,18,-1023,6528,-11427,9706,819,-1882,-626,-4,4,-1
2025-11-24T16:03:36.315876,16,20,16,17,21,16,16,18,-1024,6528,-11427,9706,817,-1877,-619,-4,1,-1
2025-11-24T16:03:36.337883,18,18,18,17,21,16,18,16,-1024,6528,-11427,9706,819,-1869,-614,2,-2,-1
2025-11-24T16:03:36.357788,17,19,18,17,22,19,17,15,-1023,6528,-11427,9706,824,-1862,-621,1,-2,0
2025-11-24T16:03:36.375597,17,18,17,16,20,20,17,16,-1023,6528,-11427,9706,821,-1872,-612,-3,-2,1
2025-11-24T16:03:36.402654,16,19,19,16,19,20,17,16,-1023,6528,-11426,9706,825,-1874,-611,-8,-4,5
2025-11-24T16:03:36.417741,16,17,20,16,19,19,17,16,-1024,6528,-11427,9706,817,-1872,-631,-12,-4,6
2025-11-24T16:03:36.436258,16,19,19,17,20,19,16,16,-1024,6527,-11429,9703,818,-1879,-629,-17,-3,7
2025-11-24T16:03:36.465858,17,20,18,18,19,17,17,18,-1024,6527,-11430,9703,813,-1894,-628,-11,-3,6
2025-11-24T16:03:36.477927,18,19,19,18,18,17,18,17,-1024,6527,-11430,9703,810,-1879,-627,-7,-3,4
2025-11-24T16:03:36.495971,18,20,18,19,18,18,18,18,-1025,6527,-11430,9703,810,-1877,-632,-6,-6,3
2025-11-24T16:03:36.518330,17,19,17,20,19,19,17,17,-1025,6527,-11430,9703,816,-1878,-627,-4,-7,1
2025-11-24T16:03:36.535931,16,18,16,20,22,19,19,17,-1025,6527,-11430,9703,814,-1876,-621,-5,-10,1
2025-11-24T16:03:36.553915,14,18,17,20,22,20,19,18,-1025,6527,-11430,9702,826,-1881,-638,-11,-8,1
2025-11-24T16:03:36.577039,16,20,17,20,22,19,18,17,-1025,6527,-11431,9702,836,-1901,-661,-12,2,2
2025-11-24T16:03:36.597765,15,19,17,18,23,19,20,19,-1020,6526,-11431,9702,862,-1878,-657,3,21,8
2025-11-24T16:03:36.615919,17,19,19,18,21,18,22,21,-1016,6522,-11432,9705,858,-1844,-639,15,38,25
2025-11-24T16:03:36.637975,18,19,20,19,16,18,19,21,-1013,6513,-11436,9706,813,-1826,-628,-4,45,42
2025-11-24T16:03:36.657760,20,19,19,18,17,18,20,19,-1011,6501,-11446,9703,791,-1836,-620,-40,47,52
2025-11-24T16:03:36.683472,18,18,19,19,16,19,20,19,-1008,6489,-11459,9696,770,-1858,-621,-69,50,50
2025-11-24T16:03:36.698357,20,17,19,20,17,19,19,16,-1007,6476,-11470,9691,765,-1907,-614,-70,41,41
2025-11-24T16:03:36.720963,18,18,17,19,17,20,18,13,-1008,6467,-11478,9688,771,-1934,-611,-46,27,27
2025-11-24T16:03:36.735949,19,18,18,18,18,20,18,13,-1010,6466,-11478,9688,769,-1939,-615,-16,8,10
2025-11-24T16:03:36.758382,19,18,18,17,17,20,18,13,-1010,6465,-11478,9688,785,-1910,-625,0,-10,-1
2025-11-24T16:03:36.777545,20,18,17,16,19,19,17,14,-1012,6469,-11477,9687,817,-1889,-644,4,-17,-11
2025-11-24T16:03:36.795324,19,18,16,15,18,21,16,13,-1012,6473,-11476,9685,813,-1861,-639,3,-17,-15
2025-11-24T16:03:36.818080,19,20,18,16,19,21,16,14,-1012,6473,-11476,9685,822,-1872,-635,-4,-13,-14
2025-11-24T16:03:36.837172,19,20,17,16,19,20,16,15,-1012,6473,-11477,9685,805,-1872,-647,6,-8,-11
2025-11-24T16:03:36.855548,17,21,16,16,18,19,16,16,-1012,6473,-11477,9685,804,-1881,-634,13,-3,-9
2025-11-24T16:03:36.878459,17,21,17,17,17,19,17,15,-1012,6473,-11477,9685,808,-1871,-630,11,-3,-11
2025-11-24T16:03:36.897779,16,21,18,18,17,17,17,16,-1012,6473,-11477,9685,815,-1867,-629,-1,-3,-9
2025-11-24T16:03:36.915556,16,18,16,19,17,16,19,17,-1012,6473,-11477,9685,809,-1874,-629,-10,-6,-4
2025-11-24T16:03:36.938154,16,16,16,18,17,16,19,17,-1010,6474,-11479,9681,831,-1887,-647,-17,-4,0
2025-11-24T16:03:36.957812,16,14,17,18,18,17,19,17,-1010,6474,-11479,9681,818,-1893,-648,-10,1,0
2025-11-24T16:03:36.983474,17,16,17,19,19,16,20,18,-1010,6474,-11479,9681,811,-1903,-649,3,7,-3
2025-11-24T16:03:37.002732,18,16,16,18,20,15,19,18,-1010,6475,-11480,9680,820,-1879,-655,13,12,-9
2025-11-24T16:03:37.025414,19,16,16,17,21,18,17,19,-1007,6475,-11477,9683,823,-1873,-653,22,23,-15
2025-11-24T16:03:37.035672,19,18,16,19,23,19,16,19,-1005,6473,-11475,9688,801,-1854,-638,31,27,-9
2025-11-24T16:03:37.058509,19,20,18,20,22,20,16,19,-1002,6471,-11474,9690,799,-1842,-622,11,24,-4
2025-11-24T16:03:37.077778,18,19,18,18,23,21,17,18,-1001,6468,-11475,9691,793,-1867,-613,-6,18,0
2025-11-24T16:03:37.095982,17,19,19,21,22,22,17,19,-1001,6467,-11475,9692,797,-1888,-604,-6,13,1
2025-11-24T16:03:37.118934,16,18,19,19,22,20,17,18,-1002,6467,-11475,9692,801,-1899,-626,-2,12,-2
2025-11-24T16:03:37.137787,15,19,20,23,20,18,16,18,-1002,6467,-11475,9692,792,-1899,-616,-2,1,-2
2025-11-24T16:03:37.155972,16,15,18,22,19,17,16,18,-1003,6466,-11475,9692,795,-1889,-625,-6,-10,-5
2025-11-24T16:03:37.178333,16,16,18,22,19,17,14,18,-1003,6466,-11475,9692,801,-1879,-634,-8,-13,-12
2025-11-24T16:03:37.197695,17,16,17,20,19,18,14,17,-1003,6470,-11476,9689,812,-1878,-651,-4,-15,-18
2025-11-24T16:03:37.215792,17,17,16,21,17,18,14,15,-1002,6475,-11475,9687,819,-1876,-652,5,-14,-19
2025-11-24T16:03:37.238541,17,16,15,16,17,20,17,15,-1002,6475,-11475,9687,819,-1867,-645,13,-10,-16
2025-11-24T16:03:37.260899,17,16,16,16,18,20,17,15,-1002,6475,-11475,9686,820,-1882,-640,15,-6,-11
2025-11-24T16:03:37.275902,15,16,17,18,17,20,18,15,-1002,6475,-11475,9686,819,-1874,-639,13,-2,-8
2025-11-24T16:03:37.306013,17,18,17,20,18,19,17,16,-1002,6475,-11475,9686,812,-1869,-634,5,1,-8
2025-11-24T16:03:37.317417,18,18,19,20,18,19,19,17,-1002,6475,-11475,9686,821,-1874,-640,0,4,-4
2025-11-24T16:03:37.335674,18,17,21,20,18,18,16,17,-1002,6475,-11475,9686,819,-1886,-631,-1,3,-3
2025-11-24T16:03:37.358395,18,18,20,20,20,16,15,16,-1002,6475,-11475,9686,814,-1877,-636,-1,1,0
2025-11-24T16:03:37.380520,18,18,20,19,20,17,16,15,-1002,6476,-11476,9685,812,-1877,-643,-1,2,-2
2025-11-24T16:03:37.395674,16,18,21,17,19,17,17,16,-1002,6476,-11476,9685,815,-1881,-634,-1,0,-5
2025-11-24T16:03:37.418041,17,17,20,17,20,16,16,18,-1002,6475,-11476,9685,814,-1891,-633,1,-1,-9
2025-11-24T16:03:37.440557,17,18,17,18,20,16,17,17,-1002,6475,-11476,9685,823,-1899,-634,8,-2,-12
2025-11-24T16:03:37.455948,18,19,17,19,22,17,19,17,-1002,6475,-11476,9685,822,-1892,-627,11,-1,-14
2025-11-24T16:03:37.478457,19,19,17,19,22,16,17,19,-1002,6476,-11476,9685,832,-1874,-632,12,1,-16
2025-11-24T16:03:37.500564,19,20,18,20,22,16,17,19,-1002,6476,-11476,9685,822,-1856,-629,-12,-4,-12
2025-11-24T16:03:37.515440,17,20,17,21,21,16,16,19,-999,6478,-11477,9682,808,-1850,-617,-25,-5,-11
2025-11-24T16:03:37.542872,19,20,16,20,19,17,16,19,-1000,6478,-11480,9679,787,-1861,-627,-24,-7,-5
2025-11-24T16:03:37.561217,20,18,18,21,15,16,16,20,-1001,6478,-11482,9677,782,-1877,-604,-22,-9,-4
2025-11-24T16:03:37.583393,20,20,19,20,15,16,16,20,-1002,6477,-11482,9677,787,-1894,-624,-11,-10,-11
2025-11-24T16:03:37.598385,20,18,20,20,15,17,16,18,-1003,6477,-11482,9677,791,-1897,-616,-9,-13,-16
2025-11-24T16:03:37.620958,19,17,21,19,17,17,16,18,-1004,6479,-11481,9676,802,-1884,-616,-12,-18,-14
2025-11-24T16:03:37.636259,19,17,23,19,18,17,16,20,-1003,6484,-11483,9671,816,-1885,-652,-22,-20,-17
2025-11-24T16:03:37.658437,16,18,22,19,17,18,15,20,-1001,6489,-11485,9665,824,-1887,-659,-28,-19,-22
2025-11-24T16:03:37.680830,16,18,20,19,16,18,15,18,-998,6496,-11485,9661,834,-1874,-660,-13,-17,-26
2025-11-24T16:03:37.695814,16,18,18,18,19,18,15,18,-997,6502,-11484,9658,824,-1867,-666,1,-18,-24
2025-11-24T16:03:37.718237,18,19,19,19,18,18,16,17,-996,6507,-11482,9657,825,-1856,-658,11,-15,-24
2025-11-24T16:03:37.740944,16,20,18,19,17,18,16,18,-996,6511,-11479,9658,820,-1861,-645,19,-8,-20
2025-11-24T16:03:37.763419,16,20,19,19,19,17,16,19,-997,6513,-11476,9660,814,-1861,-629,19,-6,-14
2025-11-24T16:03:37.778456,17,19,18,18,20,19,16,19,-997,6513,-11476,9660,825,-1869,-630,7,-4,-10
2025-11-24T16:03:37.800989,19,18,18,20,18,18,16,20,-997,6513,-11476,9661,828,-1872,-629,0,-1,-3
2025-11-24T16:03:37.816064,19,18,18,18,19,19,15,20,-996,6513,-11476,9660,834,-1864,-652,0,4,0
2025-11-24T16:03:37.838344,20,18,19,21,19,18,16,18,-996,6513,-11476,9660,821,-1873,-642,-2,9,-2
2025-11-24T16:03:37.860982,20,17,18,19,18,17,16,16,-996,6513,-11476,9660,824,-1870,-648,2,10,-2
2025-11-24T16:03:37.876003,19,18,23,20,21,15,17,16,-996,6513,-11476,9660,821,-1869,-655,11,6,-5
2025-11-24T16:03:37.898295,19,19,41,21,20,15,15,16,-996,6514,-11474,9663,823,-1869,-629,17,4,-6
2025-11-24T16:03:37.920784,18,18,43,49,23,17,17,15,-997,6515,-11470,9667,820,-1876,-632,28,-2,-12
2025-11-24T16:03:37.936024,19,20,44,51,23,18,16,16,-1000,6515,-11467,9670,800,-1869,-623,24,-4,-10
2025-11-24T16:03:37.958215,19,19,44,56,24,18,16,16,-1000,6515,-11467,9670,811,-1875,-642,6,-4,-7
2025-11-24T16:03:37.989221,22,20,46,57,22,18,16,18,-1000,6515,-11467,9670,809,-1870,-633,-6,-12,0
2025-11-24T16:03:37.996109,22,19,35,57,23,22,16,17,-1002,6516,-11469,9665,805,-1863,-639,-18,-17,1
2025-11-24T16:03:38.017919,21,19,31,37,19,21,16,19,-1003,6518,-11473,9660,811,-1860,-641,-26,-19,1
2025-11-24T16:03:38.040802,20,19,33,32,20,23,18,19,-1004,6520,-11476,9655,817,-1866,-635,-30,-21,2
2025-11-24T16:03:38.055934,21,19,33,25,20,24,18,19,-1004,6523,-11478,9650,825,-1852,-636,-25,-21,3
2025-11-24T16:03:38.078201,19,18,29,21,20,25,17,17,-1005,6525,-11481,9645,830,-1863,-649,-27,-21,9
2025-11-24T16:03:38.117729,18,19,26,18,19,23,18,18,-1005,6527,-11485,9640,830,-1859,-637,-33,-21,12
2025-11-24T16:03:38.124607,20,18,26,17,19,24,18,17,-1006,6528,-11489,9633,834,-1869,-642,-41,-21,16
2025-11-24T16:03:38.138467,20,17,23,17,19,22,17,17,-1006,6529,-11495,9626,827,-1873,-654,-41,-19,17
2025-11-24T16:03:38.160760,18,17,22,18,19,20,17,16,-1007,6529,-11500,9620,831,-1877,-649,-43,-15,19
2025-11-24T16:03:38.180112,17,18,20,20,20,19,18,16,-1007,6527,-11505,9615,821,-1873,-650,-38,-11,22
2025-11-24T16:03:38.197967,18,19,19,21,19,21,17,16,-1008,6526,-11510,9609,823,-1876,-656,-36,-9,20
2025-11-24T16:03:38.220536,17,21,18,21,17,18,17,16,-1008,6525,-11515,9605,818,-1879,-659,-30,-5,18
2025-11-24T16:03:38.241065,18,23,18,21,18,19,17,15,-1008,6524,-11518,9602,815,-1876,-658,-24,-5,11
2025-11-24T16:03:38.257878,19,22,19,21,18,20,18,16,-1008,6524,-11518,9601,814,-1863,-661,-15,-2,15
2025-11-24T16:03:38.280946,19,20,20,20,17,19,17,16,-1009,6522,-11521,9599,812,-1878,-659,-15,-2,17
2025-11-24T16:03:38.307852,18,20,21,20,19,17,17,17,-1009,6520,-11526,9595,815,-1869,-674,-24,5,22
2025-11-24T16:03:38.318487,19,19,21,19,20,17,17,17,-1008,6516,-11534,9588,808,-1886,-674,-50,7,27
2025-11-24T16:03:38.348434,18,17,20,20,20,17,19,19,-1008,6512,-11539,9584,799,-1896,-675,-31,7,16
2025-11-24T16:03:38.363262,18,18,20,19,21,17,22,18,-1011,6510,-11544,9580,783,-1883,-671,-22,-4,12
2025-11-24T16:03:38.394205,18,21,18,18,20,17,23,20,-1013,6510,-11548,9575,781,-1876,-665,-25,-13,6
2025-11-24T16:03:38.401612,18,21,19,18,20,17,23,20,-1016,6511,-11550,9572,776,-1871,-659,-17,-19,-5
2025-11-24T16:03:38.423400,17,21,19,19,19,18,24,20,-1018,6515,-11549,9569,801,-1871,-661,-9,-25,-12
2025-11-24T16:03:38.438582,17,20,18,17,18,20,22,18,-1020,6518,-11549,9567,812,-1875,-658,-6,-26,-7
2025-11-24T16:03:38.460843,15,20,17,16,19,20,18,17,-1021,6522,-11548,9566,819,-1879,-666,-3,-24,-7
2025-11-24T16:03:38.483408,15,18,18,15,20,19,16,15,-1023,6525,-11546,9565,819,-1875,-664,2,-20,-6
2025-11-24T16:03:38.498361,15,19,17,17,20,20,14,16,-1022,6525,-11547,9565,820,-1851,-689,-3,-16,-5
2025-11-24T16:03:38.520730,15,18,17,19,20,19,13,16,-1022,6526,-11547,9564,823,-1866,-679,-10,-8,-4
2025-11-24T16:03:38.543974,16,21,19,19,19,16,13,15,-1022,6526,-11547,9564,821,-1869,-681,-4,2,-1
2025-11-24T16:03:38.558509,17,20,19,20,20,18,13,15,-1022,6526,-11547,9564,817,-1868,-673,9,9,0
2025-11-24T16:03:38.585212,17,22,21,22,20,18,15,17,-1022,6526,-11547,9564,811,-1865,-663,14,11,2
2025-11-24T16:03:38.603462,18,21,21,20,21,17,15,15,-1021,6526,-11547,9564,810,-1863,-668,12,13,2
2025-11-24T16:03:38.618676,17,21,21,18,21,17,16,16,-1021,6526,-11547,9564,808,-1865,-666,1,13,5
2025-11-24T16:03:38.640440,18,19,20,18,22,19,17,17,-1021,6526,-11547,9564,807,-1877,-671,-4,13,9
2025-11-24T16:03:38.671773,18,19,19,20,20,18,17,20,-1022,6526,-11547,9564,794,-1878,-680,2,15,9
2025-11-24T16:03:38.686012,18,18,17,20,20,17,17,20,-1022,6526,-11547,9564,800,-1878,-659,5,14,9
2025-11-24T16:03:38.700923,18,18,16,18,16,17,19,20,-1022,6526,-11547,9564,796,-1879,-673,9,13,4
2025-11-24T16:03:38.723470,19,19,15,18,17,18,18,19,-1022,6526,-11547,9564,800,-1872,-662,10,10,1
2025-11-24T16:03:38.738455,17,19,16,18,16,19,17,19,-1023,6526,-11547,9563,795,-1880,-673,9,5,-2
2025-11-24T16:03:38.760973,17,20,18,17,17,20,17,18,-1023,6526,-11547,9564,812,-1878,-652,7,1,-2
2025-11-24T16:03:38.783157,16,19,17,15,17,20,18,18,-1023,6525,-11547,9564,804,-1877,-666,6,-3,-3
2025-11-24T16:03:38.798371,16,22,18,16,19,22,19,18,-1023,6525,-11547,9564,805,-1879,-670,5,-3,-4
2025-11-24T16:03:38.820417,17,22,18,16,19,20,19,18,-1023,6525,-11547,9564,808,-1876,-659,3,-4,-4
2025-11-24T16:03:38.843104,17,22,17,17,18,19,19,18,-1023,6525,-11547,9564,820,-1875,-674,5,-5,-5
2025-11-24T16:03:38.858120,15,22,16,17,17,18,18,17,-1023,6525,-11547,9564,809,-1873,-668,6,-3,-7
2025-11-24T16:03:38.880960,18,22,16,18,17,20,15,16,-1023,6525,-11547,9564,815,-1879,-665,8,-2,-8
2025-11-24T16:03:38.903491,17,18,15,19,17,19,15,17,-1023,6526,-11547,9564,811,-1869,-675,9,1,-6
2025-11-24T16:03:38.918697,16,20,15,21,17,21,16,17,-1022,6526,-11547,9564,809,-1860,-672,12,2,-4
2025-11-24T16:03:38.948398,18,20,16,20,19,21,17,16,-1022,6526,-11547,9564,803,-1851,-660,9,2,1
2025-11-24T16:03:38.963378,18,22,17,19,20,21,18,18,-1022,6526,-11547,9564,810,-1867,-661,-5,5,8
2025-11-24T16:03:38.978608,16,21,17,20,20,21,19,17,-1023,6526,-11547,9564,804,-1903,-678,-16,6,11
2025-11-24T16:03:39.000926,17,22,17,19,19,19,18,17,-1023,6525,-11548,9564,793,-1908,-677,3,13,0
2025-11-24T16:03:39.023419,19,21,17,17,18,18,18,18,-1024,6525,-11544,9568,802,-1904,-664,26,8,-17
2025-11-24T16:03:39.038604,18,20,16,17,18,18,18,18,-1025,6526,-11538,9574,794,-1885,-640,30,0,-26
2025-11-24T16:03:39.060872,19,20,17,16,18,18,17,19,-1026,6530,-11534,9576,801,-1872,-659,23,-16,-27
2025-11-24T16:03:39.083519,18,22,17,16,19,18,16,19,-1027,6535,-11529,9579,808,-1846,-648,22,-17,-21
2025-11-24T16:03:39.098414,19,23,16,17,18,18,17,18,-1027,6535,-11529,9579,818,-1845,-664,9,-13,-15
2025-11-24T16:03:39.120726,18,23,18,17,20,20,16,17,-1027,6535,-11529,9578,818,-1852,-673,2,-12,-10
2025-11-24T16:03:39.144808,19,23,19,17,20,21,17,17,-1026,6535,-11530,9578,816,-1864,-683,0,-2,2
2025-11-24T16:03:39.162741,19,19,19,17,20,20,17,17,-1026,6535,-11530,9578,807,-1876,-679,12,8,4
2025-11-24T16:03:39.180749,20,18,19,18,19,19,18,17,-1027,6534,-11529,9580,802,-1867,-668,21,12,2
2025-11-24T16:03:39.203442,20,17,19,17,20,22,18,19,-1026,6532,-11526,9584,817,-1873,-651,16,16,-2
2025-11-24T16:03:39.225945,20,17,18,18,18,22,18,19,-1026,6532,-11526,9585,815,-1887,-650,13,14,-4
2025-11-24T16:03:39.256685,18,22,18,17,17,21,17,18,-1024,6531,-11523,9589,823,-1867,-650,19,13,-6
2025-11-24T16:03:39.263610,19,22,17,18,18,20,18,17,-1024,6531,-11523,9589,814,-1877,-641,14,6,-3
2025-11-24T16:03:39.285975,19,23,16,16,18,20,17,19,-1025,6531,-11521,9592,806,-1866,-652,17,3,-3
2025-11-24T16:03:39.300985,18,22,17,18,18,18,17,18,-1025,6531,-11521,9592,814,-1864,-654,13,4,-3
2025-11-24T16:03:39.323175,19,22,17,17,19,16,18,19,-1025,6531,-11521,9592,801,-1881,-654,8,4,-5
2025-11-24T16:03:39.345890,18,19,18,19,19,20,17,19,-1025,6531,-11521,9592,811,-1873,-657,7,2,-4
2025-11-24T16:03:39.360523,18,20,18,17,18,20,16,20,-1025,6531,-11521,9592,810,-1871,-658,7,3,-4
2025-11-24T16:03:39.383553,19,18,19,17,16,21,17,19,-1025,6531,-11521,9592,816,-1864,-658,2,5,-1
2025-11-24T16:03:39.405593,20,19,18,17,19,20,18,18,-1025,6531,-11521,9592,813,-1871,-664,-4,5,-1
2025-11-24T16:03:39.421621,18,19,18,17,20,20,18,19,-1025,6531,-11521,9592,802,-1875,-660,-4,3,1
2025-11-24T16:03:39.442905,20,20,17,17,19,18,18,20,-1025,6531,-11521,9592,808,-1881,-649,0,1,1
2025-11-24T16:03:39.467572,21,20,18,18,19,18,18,19,-1025,6530,-11521,9592,810,-1872,-641,-1,-1,1
2025-11-24T16:03:39.479899,19,20,16,20,21,18,18,19,-1025,6530,-11520,9593,810,-1866,-640,-5,-5,-2
2025-11-24T16:03:39.502520,18,19,16,19,19,19,18,18,-1025,6530,-11520,9593,815,-1866,-642,-9,-7,-1
2025-11-24T16:03:39.523358,18,20,16,19,19,19,18,17,-1025,6530,-11520,9593,824,-1876,-636,-9,-10,1
2025-11-24T16:03:39.539107,18,18,15,19,20,19,19,17,-1025,6530,-11520,9593,816,-1865,-661,-5,-11,4
2025-11-24T16:03:39.563231,18,19,16,19,21,20,19,16,-1024,6530,-11520,9593,818,-1864,-648,-6,-7,4
2025-11-24T16:03:39.586604,20,19,18,18,21,20,19,15,-1024,6531,-11520,9593,817,-1877,-660,-9,-4,5
2025-11-24T16:03:39.600799,19,19,19,19,20,18,18,16,-1024,6531,-11520,9593,820,-1875,-659,-6,1,7
2025-11-24T16:03:39.623023,19,18,19,19,19,18,19,16,-1024,6531,-11520,9593,818,-1868,-663,-7,2,6
2025-11-24T16:03:39.645642,19,19,21,19,20,17,18,16,-1024,6531,-11520,9593,808,-1861,-655,-6,3,8
2025-11-24T16:03:39.660853,18,18,20,19,20,16,18,18,-1024,6531,-11520,9593,806,-1882,-661,-9,6,10
2025-11-24T16:03:39.683402,17,18,19,20,17,16,18,20,-1024,6531,-11520,9593,809,-1880,-664,-7,9,9
2025-11-24T16:03:39.706045,17,20,18,19,20,16,18,20,-1024,6531,-11520,9593,809,-1885,-663,-1,8,6
2025-11-24T16:03:39.721213,19,21,17,18,20,15,17,19,-1025,6530,-11520,9593,804,-1883,-647,4,4,6
2025-11-24T16:03:39.744275,18,19,17,18,19,17,17,19,-1025,6530,-11520,9593,808,-1859,-648,5,3,2
2025-11-24T16:03:39.765990,19,20,18,20,20,18,16,18,-1025,6530,-11520,9594,808,-1875,-642,0,2,1
2025-11-24T16:03:39.784658,19,19,17,19,20,18,17,17,-1025,6530,-11520,9594,816,-1864,-650,-2,1,1
2025-11-24T16:03:39.807809,19,19,18,20,18,20,15,18,-1025,6530,-11520,9594,811,-1869,-656,-2,-1,4
2025-11-24T16:03:39.826094,17,19,17,20,18,19,17,17,-1025,6530,-11520,9593,803,-1871,-665,-2,0,5
2025-11-24T16:03:39.840902,18,21,19,19,18,18,17,18,-1025,6530,-11520,9593,819,-1881,-671,-3,1,3
2025-11-24T16:03:39.863441,16,20,22,19,17,19,20,17,-1025,6530,-11520,9593,800,-1879,-665,1,4,1
2025-11-24T16:03:39.885952,15,21,21,18,17,19,19,18,-1025,6530,-11520,9593,805,-1873,-655,2,2,1
2025-11-24T16:03:39.900621,14,20,22,17,16,21,19,19,-1025,6530,-11520,9593,806,-1890,-656,4,1,-3
2025-11-24T16:03:39.923404,15,19,22,16,17,20,19,19,-1025,6530,-11520,9593,816,-1883,-651,7,2,-8
2025-11-24T16:03:39.945937,14,17,20,17,16,23,18,19,-1025,6530,-11520,9593,807,-1883,-664,9,1,-12
2025-11-24T16:03:39.960975,15,17,18,14,16,23,16,18,-1025,6530,-11520,9593,818,-1874,-661,12,2,-12
2025-11-24T16:03:39.987695,16,19,20,15,16,24,16,18,-1025,6530,-11520,9593,810,-1873,-657,14,2,-12
2025-11-24T16:03:40.014212,17,20,20,15,17,21,16,17,-1025,6530,-11520,9593,805,-1869,-657,13,2,-11
2025-11-24T16:03:40.021325,17,19,20,16,16,22,14,17,-1026,6530,-11520,9593,802,-1868,-645,9,4,-11
2025-11-24T16:03:40.043660,18,20,21,16,16,19,15,17,-1026,6530,-11520,9593,813,-1874,-658,10,6,-7
2025-11-24T16:03:40.065675,18,19,20,18,17,16,15,17,-1026,6530,-11520,9593,816,-1873,-658,10,8,-6
2025-11-24T16:03:40.080860,17,17,19,19,18,15,16,16,-1026,6530,-11520,9593,807,-1871,-653,10,10,-7
2025-11-24T16:03:40.103450,17,17,18,19,16,17,17,15,-1026,6530,-11520,9593,811,-1880,-662,12,10,-8
2025-11-24T16:03:40.125504,20,19,19,18,17,17,17,15,-1026,6529,-11520,9594,797,-1882,-648,15,8,-9
2025-11-24T16:03:40.141013,19,19,17,19,19,18,17,15,-1026,6529,-11517,9597,808,-1872,-651,18,7,-10
2025-11-24T16:03:40.163389,19,21,19,19,18,19,16,15,-1025,6529,-11515,9600,809,-1873,-650,16,5,-9
2025-11-24T16:03:40.185978,20,22,19,17,19,19,15,15,-1026,6529,-11515,9600,811,-1884,-648,10,1,-10
2025-11-24T16:03:40.208511,20,23,20,17,21,19,16,14,-1026,6529,-11515,9600,813,-1869,-647,7,-1,-8
2025-11-24T16:03:40.223775,18,21,18,18,19,19,18,16,-1026,6529,-11515,9600,813,-1869,-644,8,-2,-10
2025-11-24T16:03:40.245608,18,20,19,16,18,19,17,16,-1026,6529,-11515,9600,810,-1868,-644,10,-2,-11
2025-11-24T16:03:40.268458,16,18,17,16,18,19,17,16,-1026,6529,-11514,9600,814,-1871,-646,5,-2,-6
2025-11-24T16:03:40.291693,16,18,18,19,18,20,18,17,-1025,6529,-11514,9600,817,-1871,-660,0,-1,-3
2025-11-24T16:03:40.306051,15,18,20,18,18,17,16,19,-1025,6529,-11514,9600,808,-1871,-652,4,-2,-5
2025-11-24T16:03:40.328452,15,19,22,20,20,18,14,18,-1025,6529,-11514,9601,818,-1861,-648,5,-1,-3
2025-11-24T16:03:40.351771,16,20,21,19,20,19,14,18,-1025,6529,-11514,9601,808,-1865,-643,2,0,0
2025-11-24T16:03:40.366264,16,21,23,20,20,18,16,17,-1025,6529,-11514,9601,816,-1867,-647,-5,2,2
2025-11-24T16:03:40.388460,16,20,23,18,19,19,16,17,-1025,6529,-11514,9601,812,-1887,-652,-5,6,4
2025-11-24T16:03:40.403498,17,20,21,17,19,20,17,17,-1025,6529,-11514,9601,814,-1891,-636,-2,5,1
2025-11-24T16:03:40.426302,18,18,19,15,19,20,17,18,-1026,6529,-11514,9602,808,-1882,-644,2,2,1
2025-11-24T16:03:40.448079,19,17,20,16,20,19,18,18,-1026,6529,-11514,9602,811,-1861,-637,5,0,-1
2025-11-24T16:03:40.463315,19,17,18,16,18,20,17,18,-1025,6529,-11514,9602,811,-1852,-654,1,0,0
2025-11-24T16:03:40.485902,18,19,17,17,20,19,17,18,-1025,6529,-11513,9602,816,-1865,-649,-3,-1,2
2025-11-24T16:03:40.508298,17,18,18,19,21,20,15,15,-1025,6529,-11513,9602,809,-1868,-643,-6,-1,6
2025-11-24T16:03:40.523457,16,19,19,20,22,19,16,15,-1025,6529,-11513,9602,807,-1874,-654,-4,2,7
2025-11-24T16:03:40.545834,17,19,19,20,21,20,18,15,-1026,6529,-11514,9602,800,-1879,-667,-4,4,8
2025-11-24T16:03:40.568402,16,19,20,21,22,20,17,16,-1026,6528,-11514,9602,798,-1885,-649,-3,3,5
2025-11-24T16:03:40.591264,19,18,21,20,20,21,17,17,-1026,6528,-11513,9602,807,-1879,-633,-6,0,6
2025-11-24T16:03:40.613821,20,18,21,20,20,22,18,18,-1026,6528,-11513,9602,813,-1883,-654,-7,-4,2
2025-11-24T16:03:40.627911,22,16,21,20,18,22,17,18,-1026,6528,-11513,9603,812,-1875,-640,-4,-7,1
2025-11-24T16:03:40.643590,20,16,20,19,17,22,14,18,-1027,6528,-11513,9603,803,-1871,-641,-8,-7,1
2025-11-24T16:03:40.665899,21,16,19,19,18,22,16,19,-1027,6528,-11513,9603,809,-1876,-650,-10,-7,2
2025-11-24T16:03:40.688449,20,15,19,19,18,21,16,19,-1027,6528,-11513,9603,803,-1876,-658,-9,-4,3
2025-11-24T16:03:40.703546,18,16,17,19,19,19,16,19,-1027,6528,-11513,9603,815,-1875,-650,-8,2,4
2025-11-24T16:03:40.726207,16,18,19,18,19,18,17,19,-1027,6528,-11513,9603,801,-1876,-666,-13,5,6
2025-11-24T16:03:40.747923,17,19,20,17,21,15,18,20,-1027,6528,-11513,9602,806,-1877,-657,-10,4,7
2025-11-24T16:03:40.763371,18,19,19,17,20,17,18,19,-1027,6528,-11514,9602,808,-1881,-668,-7,4,8
2025-11-24T16:03:40.785846,17,19,18,17,22,20,19,19,-1027,6527,-11514,9602,795,-1877,-667,-8,4,7
2025-11-24T16:03:40.808477,19,20,20,18,21,19,20,18,-1028,6527,-11514,9602,804,-1881,-660,-7,5,3
2025-11-24T16:03:40.828230,21,20,18,18,21,20,20,19,-1028,6527,-11514,9602,797,-1886,-654,-4,2,1
2025-11-24T16:03:40.846124,20,19,16,18,20,21,20,17,-1028,6527,-11514,9602,802,-1882,-651,-2,-1,1
2025-11-24T16:03:40.868461,19,19,16,18,21,19,19,17,-1028,6527,-11514,9602,804,-1874,-655,0,-3,-1
2025-11-24T16:03:40.883520,19,19,17,20,20,17,18,17,-1029,6527,-11514,9602,805,-1877,-649,-1,-4,-2
2025-11-24T16:03:40.910419,18,18,15,20,20,18,17,18,-1029,6527,-11514,9602,801,-1867,-663,-4,-5,-3
2025-11-24T16:03:40.928512,17,18,16,19,18,17,16,16,-1029,6527,-11515,9602,805,-1874,-659,-5,-4,-5
2025-11-24T16:03:40.944414,19,19,16,19,19,16,14,18,-1029,6527,-11515,9602,804,-1877,-659,-2,-3,-5
2025-11-24T16:03:40.966129,19,18,17,18,17,20,14,20,-1029,6527,-11515,9601,805,-1874,-665,1,-3,-4
2025-11-24T16:03:40.988437,18,19,18,16,17,18,14,19,-1029,6527,-11515,9601,816,-1882,-655,3,-2,-5
2025-11-24T16:03:41.003340,18,19,17,15,20,20,15,19,-1029,6527,-11515,9601,809,-1867,-655,6,-1,-3
2025-11-24T16:03:41.025968,18,19,16,18,21,22,14,19,-1029,6527,-11515,9601,809,-1872,-647,2,0,-3
2025-11-24T16:03:41.047888,18,19,17,18,20,21,14,19,-1029,6526,-11515,9601,801,-1882,-653,7,2,-5
2025-11-24T16:03:41.063141,19,20,16,19,22,19,14,17,-1029,6526,-11515,9602,806,-1861,-645,10,2,-4
2025-11-24T16:03:41.086027,19,19,15,19,21,19,13,16,-1029,6526,-11515,9602,810,-1876,-643,10,1,-2
2025-11-24T16:03:41.108339,20,18,16,19,17,18,14,17,-1029,6526,-11515,9602,800,-1874,-660,6,1,-2
2025-11-24T16:03:41.139538,21,18,16,17,18,15,15,18,-1030,6526,-11515,9601,805,-1878,-670,2,5,-3
2025-11-24T16:03:41.150204,21,18,15,17,19,17,18,18,-1030,6526,-11515,9602,816,-1906,-647,10,6,-5
2025-11-24T16:03:41.168095,20,18,15,20,18,18,17,18,-1031,6526,-11513,9604,798,-1887,-656,16,5,-10
2025-11-24T16:03:41.190939,21,20,17,20,17,19,19,18,-1031,6526,-11509,9608,808,-1878,-638,22,1,-12
2025-11-24T16:03:41.205947,20,22,17,20,19,19,19,19,-1031,6528,-11506,9610,809,-1859,-657,22,0,-13
2025-11-24T16:03:41.228424,19,21,18,21,17,20,18,17,-1031,6528,-11506,9610,807,-1874,-652,14,0,-11
2025-11-24T16:03:41.250782,17,21,18,20,17,19,16,17,-1031,6528,-11506,9610,806,-1875,-645,13,-2,-10
2025-11-24T16:03:41.265518,19,20,18,17,17,17,17,18,-1031,6528,-11507,9610,805,-1866,-665,12,-4,-7
2025-11-24T16:03:41.288465,18,19,18,17,18,16,15,18,-1032,6527,-11507,9610,802,-1885,-657,8,1,-6
2025-11-24T16:03:41.311893,19,17,20,17,16,16,15,18,-1032,6527,-11507,9610,804,-1877,-649,9,0,-9
2025-11-24T16:03:41.326047,19,19,20,17,16,15,17,19,-1032,6527,-11507,9610,801,-1873,-650,9,2,-10
2025-11-24T16:03:41.348388,21,18,20,16,17,15,15,20,-1032,6527,-11507,9610,814,-1875,-658,11,3,-10
2025-11-24T16:03:41.370932,20,19,19,17,17,16,15,20,-1032,6527,-11507,9610,815,-1882,-651,11,0,-12
2025-11-24T16:03:41.386039,21,19,19,18,16,18,15,20,-1032,6527,-11507,9610,806,-1877,-645,9,-2,-15
2025-11-24T16:03:41.406261,19,19,17,19,19,18,15,20,-1031,6529,-11504,9612,815,-1873,-641,9,-3,-17
2025-11-24T16:03:41.438454,20,18,17,19,19,20,16,20,-1031,6529,-11504,9612,814,-1882,-662,5,-5,-16
2025-11-24T16:03:41.445265,16,19,18,19,18,21,16,19,-1031,6529,-11504,9612,810,-1866,-640,12,-7,-10
2025-11-24T16:03:41.468364,16,20,17,18,17,21,15,18,-1031,6529,-11504,9612,813,-1860,-643,6,-7,-12
2025-11-24T16:03:41.491431,17,20,18,19,19,20,15,19,-1031,6529,-11504,9612,812,-1861,-656,-7,-5,-10
2025-11-24T16:03:41.505986,16,18,18,18,16,21,16,18,-1031,6529,-11504,9612,812,-1874,-646,-3,-3,-7
2025-11-24T16:03:41.528810,15,18,17,19,17,21,13,19,-1031,6529,-11504,9612,812,-1875,-653,3,-3,-7
2025-11-24T16:03:41.550946,16,17,17,20,18,21,15,18,-1031,6529,-11504,9612,812,-1874,-647,3,-4,-7
2025-11-24T16:03:41.566187,17,17,19,21,19,21,16,19,-1031,6529,-11504,9612,813,-1868,-645,2,-4,-6
2025-11-24T16:03:41.588348,15,18,18,19,17,21,15,18,-1031,6529,-11504,9612,820,-1870,-643,1,-6,-5
2025-11-24T16:03:41.610985,18,19,18,20,20,20,16,17,-1031,6530,-11504,9612,816,-1867,-660,-1,-7,-5
2025-11-24T16:03:41.634225,19,19,18,19,18,20,18,15,-1031,6530,-11504,9612,815,-1866,-656,-1,-5,-4
2025-11-24T16:03:41.648289,19,19,18,18,18,20,19,16,-1031,6530,-11504,9612,808,-1869,-657,1,-5,-5
2025-11-24T16:03:41.679156,19,18,17,18,18,19,19,15,-1030,6530,-11504,9612,817,-1873,-660,-2,-4,-7
2025-11-24T16:03:41.686011,19,19,16,19,20,18,20,16,-1030,6530,-11504,9612,816,-1870,-648,-3,-1,0
2025-11-24T16:03:41.708478,20,17,15,19,18,19,18,18,-1030,6530,-11504,9612,814,-1873,-653,-4,0,-3
2025-11-24T16:03:41.731218,20,18,17,19,20,17,18,18,-1030,6530,-11504,9612,819,-1863,-641,-8,2,-2
2025-11-24T16:03:41.750359,20,19,17,19,18,18,16,18,-1030,6530,-11504,9612,813,-1875,-650,-4,1,-1
2025-11-24T16:03:41.768110,20,20,17,19,19,18,16,19,-1030,6530,-11504,9612,820,-1866,-648,-1,-2,-1
2025-11-24T16:03:41.790640,19,19,17,18,19,20,19,16,-1030,6530,-11504,9612,803,-1861,-647,-4,-2,1
2025-11-24T16:03:41.805604,18,20,18,18,18,21,20,16,-1030,6530,-11504,9612,810,-1875,-648,-7,0,1
2025-11-24T16:03:41.828075,17,19,19,16,19,21,20,17,-1030,6530,-11504,9612,811,-1878,-661,-5,-1,1
2025-11-24T16:03:41.859780,18,18,20,17,19,20,20,19,-1030,6530,-11504,9612,804,-1870,-644,-1,-3,-2
2025-11-24T16:03:41.866939,18,18,19,16,18,19,20,19,-1030,6530,-11504,9612,807,-1866,-652,-3,-5,1
2025-11-24T16:03:41.888471,19,18,19,16,16,18,18,20,-1030,6530,-11504,9612,809,-1865,-659,-11,-4,5
2025-11-24T16:03:41.911013,18,19,18,15,17,19,18,19,-1029,6530,-11506,9609,828,-1892,-659,-20,-1,2
2025-11-24T16:03:41.933731,17,20,18,16,16,19,17,19,-1029,6530,-11506,9609,815,-1891,-652,-7,2,1
2025-11-24T16:03:41.956634,17,20,16,17,16,18,15,17,-1029,6530,-11506,9610,810,-1884,-650,0,1,-3
2025-11-24T16:03:41.971010,17,19,19,17,18,18,16,17,-1029,6530,-11506,9610,801,-1866,-645,1,-3,-4
2025-11-24T16:03:41.986378,17,19,19,18,18,20,16,18,-1029,6530,-11506,9610,810,-1860,-649,-1,-5,-6
2025-11-24T16:03:42.024200,17,20,20,16,19,18,15,19,-1029,6530,-11506,9609,812,-1869,-665,-8,-8,-4
2025-11-24T16:03:42.031323,18,20,21,17,21,20,16,19,-1029,6530,-11506,9609,816,-1879,-655,-8,-11,-1
2025-11-24T16:03:42.049944,18,21,21,17,20,21,17,19,-1029,6530,-11506,9609,813,-1878,-647,-4,-10,2
2025-11-24T16:03:42.068067,17,20,19,17,19,21,17,18,-1029,6530,-11506,9609,813,-1875,-662,-2,-3,-3
2025-11-24T16:03:42.090980,16,22,21,16,18,20,19,18,-1029,6530,-11506,9609,812,-1867,-664,2,-4,-3
2025-11-24T16:03:42.113868,16,19,21,19,17,19,18,16,-1029,6530,-11506,9609,820,-1861,-656,0,-3,-4
2025-11-24T16:03:42.128041,15,18,20,19,15,18,18,18,-1029,6530,-11507,9609,820,-1881,-671,-4,-2,-6
2025-11-24T16:03:42.150723,15,18,20,17,18,18,18,18,-1029,6530,-11507,9608,808,-1880,-659,1,1,-9
2025-11-24T16:03:42.173869,16,18,22,19,21,18,17,20,-1029,6530,-11507,9609,808,-1875,-647,7,-2,-9
2025-11-24T16:03:42.188919,16,17,20,19,20,20,15,20,-1029,6530,-11507,9609,816,-1878,-653,4,-5,-8
2025-11-24T16:03:42.210327,16,18,18,18,21,21,15,22,-1029,6530,-11507,9609,812,-1877,-653,3,-6,-9
2025-11-24T16:03:42.239688,15,18,19,17,22,21,17,22,-1029,6530,-11507,9609,818,-1875,-648,0,-5,-8
2025-11-24T16:03:42.247779,16,18,20,20,22,20,16,21,-1029,6530,-11507,9609,809,-1869,-645,1,-2,-7
2025-11-24T16:03:42.270577,17,19,17,19,19,21,17,20,-1029,6530,-11507,9609,818,-1872,-659,5,0,-8
2025-11-24T16:03:42.294654,16,19,17,21,20,19,17,20,-1029,6530,-11507,9608,809,-1873,-667,9,1,-8
2025-11-24T16:03:42.308800,17,20,17,20,20,19,17,19,-1029,6530,-11507,9609,817,-1871,-642,11,2,-9
2025-11-24T16:03:42.330939,17,21,16,21,20,18,17,17,-1029,6531,-11507,9609,817,-1869,-654,13,4,-11
2025-11-24T16:03:42.354073,16,21,15,22,17,19,18,20,-1028,6531,-11506,9609,825,-1870,-645,12,3,-9
2025-11-24T16:03:42.368435,16,22,17,20,17,18,17,19,-1028,6531,-11506,9609,813,-1866,-642,8,0,-8
2025-11-24T16:03:42.390761,17,21,18,21,18,18,17,19,-1028,6531,-11506,9609,820,-1877,-665,9,2,-7
2025-11-24T16:03:42.421730,20,21,19,22,18,16,18,19,-1028,6531,-11506,9609,810,-1871,-653,5,1,-7
2025-11-24T16:03:42.428714,20,19,20,20,18,18,16,18,-1028,6531,-11506,9609,814,-1884,-651,5,1,-7
2025-11-24T16:03:42.451009,19,18,22,18,18,17,15,17,-1028,6531,-11506,9609,808,-1879,-651,7,0,-9
2025-11-24T16:03:42.478332,21,16,21,17,19,16,14,18,-1028,6531,-11506,9609,814,-1868,-641,10,0,-10
2025-11-24T16:03:42.488205,23,17,19,14,19,16,15,18,-1028,6531,-11506,9609,816,-1867,-650,9,0,-11
2025-11-24T16:03:42.510963,21,15,20,15,18,17,14,18,-1028,6531,-11506,9609,814,-1866,-629,9,0,-9
2025-11-24T16:03:42.535968,21,17,21,16,18,18,15,20,-1028,6531,-11506,9609,820,-1863,-651,8,-1,-8
2025-11-24T16:03:42.556815,22,17,20,17,18,19,16,18,-1028,6531,-11506,9609,822,-1871,-651,6,-1,-7
2025-11-24T16:03:42.570949,20,18,20,18,18,18,17,17,-1028,6531,-11506,9609,805,-1863,-659,9,-2,-8
2025-11-24T16:03:42.594204,19,17,21,18,19,19,17,19,-1028,6531,-11506,9609,824,-1865,-650,10,0,-2
2025-11-24T16:03:42.608423,19,17,20,18,19,19,17,18,-1027,6531,-11506,9609,818,-1858,-645,4,2,1
2025-11-24T16:03:42.630901,20,15,18,17,19,20,18,17,-1027,6531,-11506,9609,819,-1868,-649,-6,4,3
2025-11-24T16:03:42.654260,19,16,17,17,19,19,17,18,-1027,6531,-11506,9609,823,-1886,-662,-10,7,1
2025-11-24T16:03:42.668390,20,16,17,16,19,21,16,18,-1027,6531,-11506,9609,814,-1889,-643,6,8,-2
2025-11-24T16:03:42.691227,20,16,16,15,18,19,17,17,-1027,6531,-11506,9610,811,-1883,-643,12,2,-7
2025-11-24T16:03:42.714221,18,18,16,15,18,19,18,17,-1027,6531,-11505,9610,810,-1866,-630,11,-3,-7
2025-11-24T16:03:42.728429,17,18,17,16,18,16,18,16,-1027,6531,-11505,9610,816,-1850,-637,5,-6,-5
2025-11-24T16:03:42.759647,17,18,18,15,19,16,19,17,-1027,6531,-11505,9610,825,-1862,-643,-4,-6,-1
2025-11-24T16:03:42.773745,17,18,20,15,17,14,20,17,-1027,6531,-11505,9610,822,-1860,-647,-1,-5,1
2025-11-24T16:03:42.789009,18,18,20,16,17,14,20,17,-1027,6531,-11505,9610,821,-1872,-664,-1,-1,4
2025-11-24T16:03:42.811129,19,18,20,16,18,14,20,18,-1026,6531,-11505,9610,819,-1880,-655,3,2,1
2025-11-24T16:03:42.834237,20,20,21,16,17,15,18,20,-1026,6531,-11505,9610,813,-1867,-643,7,2,0
2025-11-24T16:03:42.848079,21,21,22,17,16,16,18,19,-1026,6531,-11505,9611,820,-1868,-641,5,3,-1
2025-11-24T16:03:42.870107,20,21,21,17,18,17,19,18,-1026,6531,-11504,9611,826,-1872,-642,1,2,-1
2025-11-24T16:03:42.894239,19,22,21,18,17,18,17,19,-1026,6532,-11504,9611,821,-1877,-649,3,2,-1
2025-11-24T16:03:42.908489,20,22,21,19,17,17,17,18,-1026,6532,-11504,9611,821,-1869,-650,2,-1,1
2025-11-24T16:03:42.930795,19,21,20,20,17,19,19,14,-1026,6532,-11504,9611,814,-1878,-652,1,-1,0
2025-11-24T16:03:42.954210,18,21,19,19,18,17,19,15,-1026,6532,-11504,9611,818,-1871,-655,-1,-1,0
2025-11-24T16:03:42.968523,19,20,19,20,18,17,17,18,-1026,6532,-11504,9611,820,-1865,-648,-1,-1,-2
2025-11-24T16:03:42.991140,18,19,19,19,18,19,18,16,-1026,6532,-11504,9611,813,-1868,-655,0,1,-1
2025-11-24T16:03:43.021752,17,20,19,18,18,19,18,17,-1025,6532,-11504,9611,819,-1869,-666,0,1,1
2025-11-24T16:03:43.036760,18,20,19,19,17,18,15,17,-1025,6532,-11504,9610,820,-1866,-658,3,3,1
2025-11-24T16:03:43.050604,19,19,18,18,17,18,17,18,-1025,6532,-11504,9610,824,-1869,-654,0,2,1
2025-11-24T16:03:43.074127,18,19,18,17,16,19,17,16,-1025,6532,-11504,9611,820,-1873,-642,1,2,1
2025-11-24T16:03:43.096682,20,18,16,17,19,17,18,17,-1025,6532,-11504,9611,817,-1866,-655,-1,2,2
2025-11-24T16:03:43.111054,19,17,18,17,18,17,20,15,-1025,6532,-11504,9611,817,-1877,-634,-1,2,2
2025-11-24T16:03:43.133848,18,15,18,14,18,16,20,18,-1025,6532,-11504,9611,819,-1863,-657,3,0,1
2025-11-24T16:03:43.156716,16,17,19,17,18,17,19,17,-1025,6532,-11504,9611,807,-1876,-647,2,0,1
2025-11-24T16:03:43.170603,16,17,19,18,18,17,18,18,-1025,6532,-11504,9611,817,-1866,-642,1,0,0
2025-11-24T16:03:43.194239,16,18,21,18,18,16,19,18,-1025,6532,-11504,9611,820,-1873,-648,-2,-1,-1
2025-11-24T16:03:43.216801,17,17,19,17,17,15,17,21,-1025,6532,-11504,9611,816,-1878,-652,-3,-1,-3
2025-11-24T16:03:43.230652,16,19,18,18,18,16,16,19,-1024,6532,-11504,9611,824,-1878,-657,3,-1,-4
