timestamp,EMG_0,EMG_1,EMG_2,EMG_3,EMG_4,EMG_5,EMG_6,EMG_7,quat_0,quat_1,quat_2,quat_3,acc_0,acc_1,acc_2,gyro_0,gyro_1,gyro_2
2025-12-01T17:42:42.273912,18,21,20,19,19,20,18,19,-8416,10970,8482,-2309,726,-1822,-888,-65,3,48
2025-12-01T17:42:42.298902,18,22,22,19,22,20,16,19,-8410,10978,8476,-2311,723,-1830,-899,-57,-7,41
2025-12-01T17:42:42.316782,20,20,22,19,21,21,15,20,-8405,10984,8473,-2313,738,-1827,-903,-51,-15,35
2025-12-01T17:42:42.333561,19,19,20,21,20,20,15,19,-8401,10988,8471,-2317,724,-1825,-898,-39,-24,26
2025-12-01T17:42:42.354305,22,21,21,20,22,21,15,19,-8395,10991,8471,-2321,729,-1816,-918,-34,-33,19
2025-12-01T17:42:42.372436,22,23,20,19,22,22,14,20,-8390,10993,8473,-2325,731,-1818,-913,-31,-39,12
2025-12-01T17:42:42.391833,22,25,18,18,21,20,18,20,-8383,10995,8476,-2329,730,-1814,-934,-28,-43,8
2025-12-01T17:42:42.415313,18,25,20,18,21,21,19,20,-8378,10995,8479,-2333,731,-1811,-927,-23,-47,1
2025-12-01T17:42:42.437108,21,26,20,17,21,20,21,18,-8372,10996,8484,-2338,726,-1800,-930,-20,-50,1
2025-12-01T17:42:42.454341,19,24,24,19,21,19,20,19,-8366,10996,8488,-2343,729,-1805,-933,-22,-50,2
2025-12-01T17:42:42.476847,19,22,24,21,20,18,20,19,-8359,10997,8492,-2347,727,-1791,-937,-19,-49,6
2025-12-01T17:42:42.496047,19,20,24,21,21,19,18,18,-8352,10998,8496,-2352,721,-1797,-945,-21,-49,10
2025-12-01T17:42:42.513876,19,17,22,21,21,18,19,20,-8343,11002,8499,-2356,722,-1791,-960,-29,-43,16
2025-12-01T17:42:42.541309,18,19,23,20,21,20,17,19,-8335,11006,8500,-2359,715,-1793,-959,-34,-37,21
2025-12-01T17:42:42.559399,20,20,18,19,19,20,18,19,-8325,11012,8502,-2361,721,-1786,-957,-41,-35,27
2025-12-01T17:42:42.578639,21,21,19,18,19,20,21,20,-8315,11018,8503,-2361,732,-1784,-974,-46,-29,29
2025-12-01T17:42:42.596927,22,20,18,21,18,23,21,20,-8307,11024,8503,-2361,733,-1786,-954,-47,-24,33
2025-12-01T17:42:42.619403,26,21,18,21,19,23,20,20,-8299,11031,8502,-2362,718,-1789,-964,-48,-19,37
2025-12-01T17:42:42.634419,24,21,15,22,18,21,20,22,-8290,11039,8500,-2362,725,-1792,-972,-51,-15,41
2025-12-01T17:42:42.657301,23,22,17,23,19,22,20,22,-8282,11048,8498,-2361,728,-1798,-971,-56,-10,43
2025-12-01T17:42:42.679383,22,22,18,22,17,22,18,21,-8275,11056,8494,-2360,720,-1809,-964,-53,-5,42
2025-12-01T17:42:42.694434,22,21,18,20,17,20,20,20,-8269,11064,8490,-2360,714,-1797,-965,-47,-3,43
2025-12-01T17:42:42.716501,18,21,19,19,17,21,19,20,-8263,11072,8485,-2359,713,-1801,-952,-52,1,47
2025-12-01T17:42:42.739342,19,20,20,19,17,21,22,18,-8257,11080,8480,-2360,702,-1820,-956,-54,2,45
2025-12-01T17:42:42.754393,20,19,20,20,17,22,22,17,-8253,11087,8474,-2361,710,-1829,-953,-49,-2,43
2025-12-01T17:42:42.776511,20,16,19,20,18,23,21,17,-8250,11093,8469,-2364,703,-1833,-957,-31,-7,39
2025-12-01T17:42:42.803072,19,17,20,20,18,23,21,19,-8248,11097,8465,-2368,701,-1821,-965,-17,-8,33
2025-12-01T17:42:42.814296,19,20,20,19,19,22,22,19,-8246,11100,8462,-2369,709,-1811,-974,-19,-3,28
2025-12-01T17:42:42.834556,19,19,22,19,19,24,19,19,-8243,11104,8460,-2368,701,-1812,-978,-23,3,22
2025-12-01T17:42:42.858394,18,20,20,20,19,23,19,19,-8241,11109,8456,-2368,697,-1813,-982,-24,9,21
2025-12-01T17:42:42.873082,18,20,22,21,20,22,19,21,-8240,11112,8452,-2369,686,-1844,-968,-20,11,19
2025-12-01T17:42:42.894550,19,20,22,21,20,22,18,20,-8241,11112,8451,-2370,694,-1860,-960,1,9,13
2025-12-01T17:42:42.917286,21,20,23,21,24,25,30,22,-8246,11111,8446,-2374,723,-1858,-954,10,0,23
2025-12-01T17:42:42.932039,21,20,23,34,26,32,39,31,-8238,11124,8441,-2362,763,-1873,-941,-132,19,47
2025-12-01T17:42:42.956189,27,23,37,37,27,63,189,51,-8203,11160,8434,-2338,771,-2052,-975,-374,21,83
2025-12-01T17:42:42.978215,32,23,68,48,31,80,267,62,-8150,11202,8434,-2319,759,-2064,-922,-479,-82,90
2025-12-01T17:42:42.993820,69,34,81,78,39,119,317,100,-8069,11274,8421,-2302,761,-2205,-960,-699,-109,240
2025-12-01T17:42:43.014657,76,35,94,106,51,157,402,130,-7935,11403,8366,-2330,684,-2437,-1114,-900,-245,676
2025-12-01T17:42:43.038136,87,46,230,123,69,185,428,161,-7754,11597,8243,-2421,446,-2554,-1136,-1081,-346,1243
2025-12-01T17:42:43.052657,90,64,272,128,77,193,445,157,-7529,11823,8094,-2534,244,-2491,-1138,-1101,-487,1661
2025-12-01T17:42:43.076787,90,67,305,158,96,234,473,167,-7314,12031,7933,-2696,134,-2221,-1205,-850,-633,1786
2025-12-01T17:42:43.097169,70,83,348,171,107,234,534,172,-7159,12151,7795,-2961,-160,-2546,-1465,-117,-1012,1627
2025-12-01T17:42:43.112094,62,86,382,169,121,234,497,159,-7050,12189,7668,-3367,-255,-2506,-1391,632,-1593,1667
2025-12-01T17:42:43.135213,46,84,362,176,121,237,491,127,-6962,12184,7541,-3828,-444,-1995,-1336,1011,-1812,1664
2025-12-01T17:42:43.158083,36,92,419,209,134,239,449,129,-6814,12202,7410,-4267,-593,-1707,-1281,674,-1828,1765
2025-12-01T17:42:43.173014,32,94,449,189,131,208,387,113,-6612,12257,7264,-4659,-610,-1724,-1049,235,-1695,1901
2025-12-01T17:42:43.194953,24,82,444,239,157,193,255,73,-6428,12309,7094,-5028,-623,-1754,-890,283,-1509,1922
2025-12-01T17:42:43.219707,25,88,437,256,150,164,209,55,-6330,12323,6895,-5383,-642,-1789,-831,737,-1248,1783
2025-12-01T17:42:43.232033,27,88,421,286,241,127,167,51,-6317,12297,6666,-5734,-638,-1723,-768,1178,-991,1581
2025-12-01T17:42:43.255749,27,71,378,303,311,112,137,41,-6370,12244,6434,-6045,-642,-1681,-730,1459,-739,1343
2025-12-01T17:42:43.277745,89,189,313,421,336,89,97,38,-6465,12177,6215,-6303,-659,-1631,-745,1568,-500,1060
2025-12-01T17:42:43.293770,98,270,279,476,340,94,69,37,-6616,12087,6016,-6510,-636,-1648,-716,1698,-291,755
2025-12-01T17:42:43.314641,106,280,247,596,355,97,61,37,-6812,11989,5840,-6648,-518,-1713,-779,1724,2,411
2025-12-01T17:42:43.337649,128,306,216,636,325,101,61,39,-7005,11910,5700,-6710,-508,-1755,-777,1514,233,155
2025-12-01T17:42:43.352310,130,328,154,692,316,94,54,42,-7227,11829,5575,-6722,-437,-1904,-775,1512,439,-46
2025-12-01T17:42:43.375895,100,281,206,669,331,93,51,41,-7491,11731,5443,-6714,-354,-1940,-823,1632,614,-250
2025-12-01T17:42:43.397319,99,217,209,628,324,93,55,41,-7744,11645,5354,-6648,-291,-1930,-827,1509,675,-423
2025-12-01T17:42:43.412188,115,241,228,558,319,89,55,41,-7978,11558,5298,-6566,-155,-1893,-786,1330,612,-509
2025-12-01T17:42:43.434975,119,219,278,551,296,84,49,40,-8174,11480,5288,-6471,1,-1907,-752,1033,479,-559
2025-12-01T17:42:43.458772,137,274,298,524,246,75,51,37,-8321,11417,5312,-6375,53,-1880,-662,687,350,-553
2025-12-01T17:42:43.479766,143,281,277,529,193,68,53,39,-8438,11357,5384,-6266,359,-1724,-612,429,199,-586
2025-12-01T17:42:43.494981,173,324,272,564,184,55,43,49,-8520,11310,5476,-6159,196,-2330,-639,174,123,-603
2025-12-01T17:42:43.517239,195,322,254,561,197,61,43,70,-8612,11238,5510,-6133,57,-2322,-566,535,-38,-300
2025-12-01T17:42:43.540005,216,329,199,551,256,73,46,84,-8706,11155,5492,-6167,-51,-2157,-476,781,-112,-22
2025-12-01T17:42:43.555485,214,268,158,611,432,92,45,86,-8763,11104,5473,-6196,66,-1968,-379,507,-93,146
2025-12-01T17:42:43.585477,213,265,136,633,510,103,44,85,-8808,11068,5446,-6220,84,-2150,-57,255,-12,238
2025-12-01T17:42:43.600172,200,199,166,627,559,122,50,82,-8909,10992,5393,-6257,25,-2237,-13,657,37,157
2025-12-01T17:42:43.615066,177,155,168,624,718,156,58,67,-9053,10869,5358,-6296,36,-2204,22,930,-40,-82
2025-12-01T17:42:43.640058,143,130,184,727,712,178,80,62,-9201,10728,5341,-6336,105,-2149,71,975,-126,-166
2025-12-01T17:42:43.661853,141,106,174,642,659,186,93,60,-9349,10567,5374,-6363,243,-2077,118,908,-285,-374
2025-12-01T17:42:43.676882,147,94,197,599,656,185,93,61,-9480,10406,5445,-6374,322,-1986,78,778,-381,-508
2025-12-01T17:42:43.699350,133,90,178,562,691,176,90,59,-9602,10257,5538,-6352,298,-2003,-20,665,-321,-684
2025-12-01T17:42:43.721897,145,98,213,524,536,152,87,55,-9717,10118,5626,-6324,327,-2013,-25,628,-279,-657
2025-12-01T17:42:43.737126,163,103,308,314,562,125,67,40,-9822,10003,5685,-6292,325,-1929,-37,591,-136,-522
2025-12-01T17:42:43.759424,181,124,343,285,532,113,60,39,-9905,9947,5731,-6209,410,-1645,-73,268,174,-467
2025-12-01T17:42:43.781843,191,170,501,265,498,115,82,48,-9933,9978,5785,-6062,382,-1612,-145,-324,439,-451
2025-12-01T17:42:43.804412,241,211,707,280,401,163,119,54,-9932,10058,5839,-5877,246,-1826,-298,-600,606,-511
2025-12-01T17:42:43.819479,232,227,816,283,378,178,121,58,-9918,10168,5888,-5658,432,-1777,-198,-871,775,-428
2025-12-01T17:42:43.842265,219,255,920,278,315,233,145,64,-9865,10329,5919,-5423,262,-1780,-704,-933,912,-361
2025-12-01T17:42:43.857025,252,285,992,289,282,255,192,81,-9784,10458,5963,-5272,191,-2153,-680,-828,461,-178
2025-12-01T17:42:43.879212,253,266,939,270,208,263,204,86,-9686,10573,6013,-5163,199,-1796,-834,-689,229,-51
2025-12-01T17:42:43.902453,214,256,868,253,242,259,212,88,-9549,10687,6099,-5083,262,-1788,-1003,-772,-76,16
2025-12-01T17:42:43.916702,209,240,788,281,275,254,226,89,-9359,10827,6192,-5025,10,-1888,-971,-1069,-232,71
2025-12-01T17:42:43.938851,201,216,705,286,320,206,225,88,-9140,10982,6273,-4994,-50,-1908,-931,-1209,-327,260
2025-12-01T17:42:43.961856,137,165,586,274,328,186,192,76,-8907,11150,6339,-4960,-270,-1840,-871,-1348,-257,248
2025-12-01T17:42:43.976304,106,154,582,271,326,207,181,66,-8638,11338,6400,-4930,-501,-1890,-866,-1576,-268,277
2025-12-01T17:42:43.999143,84,122,509,265,280,264,171,61,-8369,11507,6490,-4885,-624,-1922,-802,-1768,-373,262
2025-12-01T17:42:44.021521,77,125,465,227,239,292,163,61,-8088,11668,6597,-4831,-783,-1932,-890,-1836,-416,158
2025-12-01T17:42:44.036908,74,99,338,210,179,319,166,59,-7798,11812,6721,-4787,-879,-1916,-811,-1855,-544,86
2025-12-01T17:42:44.058934,46,90,357,217,191,348,164,58,-7508,11930,6865,-4756,-907,-1929,-715,-1810,-690,-20
2025-12-01T17:42:44.086120,43,83,304,208,223,358,175,60,-7245,12007,6981,-4800,-887,-1962,-612,-1523,-776,-138
2025-12-01T17:42:44.096551,43,72,223,246,242,337,183,58,-7004,12059,7109,-4839,-816,-1882,-591,-1418,-787,-246
2025-12-01T17:42:44.123605,34,57,268,257,240,322,178,55,-6774,12093,7253,-4869,-802,-1914,-621,-1399,-790,-373
2025-12-01T17:42:44.142177,35,55,263,272,229,312,169,51,-6560,12120,7398,-4876,-651,-2043,-595,-1451,-695,-391
2025-12-01T17:42:44.156678,34,49,239,281,220,285,166,49,-6385,12135,7526,-4876,-533,-2173,-558,-1329,-581,-349
2025-12-01T17:42:44.179307,33,48,253,364,200,276,172,46,-6255,12140,7635,-4862,-390,-2183,-669,-1096,-420,-340
2025-12-01T17:42:44.201474,33,46,282,336,185,232,147,42,-6171,12125,7744,-4833,-273,-2207,-802,-868,-312,-440
2025-12-01T17:42:44.216725,30,53,340,332,193,235,139,40,-6120,12094,7855,-4798,-157,-2218,-901,-679,-260,-515
2025-12-01T17:42:44.239616,31,56,341,340,194,269,143,46,-6073,12062,7972,-4745,-36,-2168,-970,-687,-228,-541
2025-12-01T17:42:44.261864,30,72,389,332,174,256,158,51,-6011,12045,8092,-4663,64,-2111,-1008,-843,-155,-517
2025-12-01T17:42:44.276672,27,72,386,266,170,233,129,49,-5944,12037,8209,-4563,87,-2126,-1057,-931,-83,-506
2025-12-01T17:42:44.299348,27,74,381,280,163,249,129,50,-5896,12026,8308,-4474,77,-2108,-1085,-788,-33,-471
2025-12-01T17:42:44.321896,26,66,286,274,153,247,150,53,-5889,11996,8386,-4417,44,-2099,-1052,-474,-18,-460
2025-12-01T17:42:44.337393,26,66,292,251,148,188,135,47,-5918,11951,8444,-4390,-21,-1953,-1103,-112,5,-451
2025-12-01T17:42:44.358860,28,67,256,249,156,192,142,47,-5959,11903,8489,-4377,-11,-1845,-1164,74,2,-405
2025-12-01T17:42:44.381937,29,71,265,221,149,178,149,47,-5983,11867,8525,-4373,-110,-1848,-1218,46,-4,-337
2025-12-01T17:42:44.403709,29,71,270,218,145,165,143,44,-6007,11839,8539,-4389,-71,-1870,-1183,98,-50,-167
2025-12-01T17:42:44.418960,29,70,292,284,137,166,126,39,-6016,11825,8545,-4403,-82,-1785,-1253,84,-40,-86
2025-12-01T17:42:44.443503,29,75,290,293,166,169,135,39,-6008,11823,8556,-4400,-20,-1724,-1215,-73,-36,-50
2025-12-01T17:42:44.463882,26,66,263,295,156,165,112,31,-6004,11813,8574,-4396,-40,-1808,-1295,-41,-40,-118
2025-12-01T17:42:44.479337,26,63,249,353,154,179,101,34,-5998,11796,8602,-4395,-26,-1775,-1324,-18,-89,-163
2025-12-01T17:42:44.501422,25,62,212,503,190,195,117,38,-5986,11778,8639,-4386,8,-1718,-1325,-60,-104,-200
2025-12-01T17:42:44.524563,25,76,261,503,192,206,138,42,-5963,11761,8685,-4372,10,-1739,-1366,-133,-132,-230
2025-12-01T17:42:44.539779,25,72,248,573,188,231,138,44,-5922,11750,8738,-4351,23,-1705,-1389,-235,-166,-221
2025-12-01T17:42:44.561483,24,66,237,592,207,267,143,46,-5872,11741,8797,-4325,29,-1739,-1365,-326,-185,-233
2025-12-01T17:42:44.583747,25,67,226,583,228,291,141,42,-5817,11734,8856,-4296,62,-1759,-1350,-383,-192,-218
2025-12-01T17:42:44.599632,26,64,237,510,232,285,134,39,-5761,11736,8911,-4254,96,-1794,-1345,-466,-135,-182
2025-12-01T17:42:44.621867,24,46,159,524,270,284,109,33,-5715,11727,8965,-4228,76,-1866,-1335,-389,-171,-209
2025-12-01T17:42:44.644822,25,54,166,549,269,329,124,35,-5666,11711,9019,-4222,-66,-1809,-1304,-326,-224,-249
2025-12-01T17:42:44.658952,26,55,167,587,377,312,124,35,-5627,11697,9079,-4185,113,-1684,-1254,-386,-134,-265
2025-12-01T17:42:44.681806,25,51,185,581,374,307,135,39,-5598,11654,9158,-4170,-40,-1827,-1389,-246,-220,-473
2025-12-01T17:42:44.704392,25,50,193,543,472,359,143,43,-5584,11601,9225,-4189,-97,-1866,-1339,-75,-269,-443
2025-12-01T17:42:44.719392,27,51,180,513,499,365,158,50,-5574,11548,9284,-4220,-2,-1685,-1273,27,-327,-346
2025-12-01T17:42:44.741740,28,40,165,411,545,396,165,50,-5541,11527,9333,-4213,-8,-1588,-1350,-170,-180,-252
2025-12-01T17:42:44.764414,28,39,193,366,480,400,169,50,-5479,11529,9384,-4175,48,-1624,-1411,-434,-143,-179
2025-12-01T17:42:44.779409,28,42,189,370,495,415,170,47,-5411,11539,9427,-4139,54,-1661,-1376,-487,-145,-103
2025-12-01T17:42:44.801882,28,43,166,361,428,378,162,45,-5351,11554,9459,-4101,128,-1638,-1372,-463,-105,-35
2025-12-01T17:42:44.824419,26,43,176,353,419,385,152,39,-5299,11566,9491,-4062,142,-1560,-1339,-421,-91,-50
2025-12-01T17:42:44.839227,28,79,262,350,380,308,124,40,-5263,11570,9526,-4014,170,-1561,-1377,-377,-29,-117
2025-12-01T17:42:44.861540,32,89,293,342,364,313,109,40,-5245,11562,9565,-3966,221,-1627,-1369,-320,-10,-182
2025-12-01T17:42:44.884278,37,98,334,325,342,321,107,42,-5252,11545,9600,-3925,231,-1649,-1348,-196,39,-219
2025-12-01T17:42:44.899295,47,123,383,354,301,358,109,45,-5278,11524,9627,-3884,278,-1693,-1360,-119,102,-211
2025-12-01T17:42:44.921899,64,131,422,420,229,332,110,50,-5319,11501,9650,-3838,311,-1781,-1404,-79,164,-229
2025-12-01T17:42:44.944728,83,128,402,481,171,330,109,50,-5393,11466,9665,-3804,392,-1958,-1355,40,207,-246
2025-12-01T17:42:44.959422,88,130,392,467,173,315,107,52,-5514,11414,9666,-3783,425,-2061,-1338,290,314,-281
2025-12-01T17:42:44.981838,102,148,376,517,151,273,94,50,-5659,11358,9653,-3771,421,-2046,-1324,457,385,-268
2025-12-01T17:42:45.004310,116,136,347,525,135,202,89,50,-5823,11302,9623,-3764,401,-2047,-1310,583,487,-238
2025-12-01T17:42:45.018964,122,130,333,511,158,225,77,48,-6001,11248,9579,-3760,340,-2059,-1297,674,580,-228
2025-12-01T17:42:45.041677,112,118,332,541,170,229,101,50,-6195,11193,9519,-3761,309,-2103,-1229,766,666,-208
2025-12-01T17:42:45.063814,128,125,356,584,171,224,106,52,-6408,11128,9445,-3783,180,-2089,-1195,966,712,-232
2025-12-01T17:42:45.079434,124,110,352,562,177,208,108,56,-6612,11064,9367,-3814,0,-1978,-1211,1039,728,-265
2025-12-01T17:42:45.101826,111,104,347,573,185,256,123,59,-6832,10974,9289,-3879,15,-2175,-1187,1234,615,-310
2025-12-01T17:42:45.124168,99,103,338,559,172,249,128,56,-7028,10895,9208,-3942,-42,-1939,-1165,1215,591,-251
2025-12-01T17:42:45.139598,99,100,366,478,166,224,105,52,-7219,10797,9150,-4002,144,-2037,-1156,1199,452,-333
2025-12-01T17:42:45.161892,88,90,332,434,166,234,103,55,-7421,10679,9098,-4066,238,-2041,-1097,1308,411,-381
2025-12-01T17:42:45.183887,77,74,371,438,156,243,99,49,-7626,10549,9050,-4135,256,-1926,-1085,1415,380,-416
2025-12-01T17:42:45.199283,92,125,470,458,135,243,90,47,-7827,10418,8997,-4205,223,-1942,-1069,1441,388,-416
2025-12-01T17:42:45.221926,94,129,465,491,134,304,102,49,-8001,10320,8942,-4238,278,-1781,-1018,1182,481,-335
2025-12-01T17:42:45.244576,94,138,475,541,136,310,102,49,-8127,10245,8913,-4240,167,-1699,-1047,863,435,-423
2025-12-01T17:42:45.259671,88,139,520,549,126,314,104,45,-8241,10159,8899,-4255,89,-1845,-1055,865,322,-519
2025-12-01T17:42:45.281493,132,150,513,640,140,314,108,56,-8373,10034,8888,-4319,160,-1950,-972,1143,123,-525
2025-12-01T17:42:45.304371,129,111,415,603,132,279,99,59,-8517,9865,8888,-4424,384,-1931,-832,1386,-131,-481
2025-12-01T17:42:45.319010,130,113,428,621,152,215,80,62,-8672,9684,8872,-4554,376,-1946,-567,1449,-173,-422
2025-12-01T17:42:45.341640,138,110,379,715,189,218,84,66,-8845,9521,8819,-4665,529,-2098,-398,1385,41,-278
2025-12-01T17:42:45.364017,145,99,302,740,201,196,82,75,-9035,9357,8738,-4785,472,-2253,-304,1485,151,-245
2025-12-01T17:42:45.386896,197,83,239,711,193,190,79,81,-9220,9197,8662,-4880,353,-2151,-414,1483,243,-362
2025-12-01T17:42:45.401503,225,94,287,714,194,180,77,78,-9442,8973,8587,-5003,251,-2315,-292,1878,141,-466
2025-12-01T17:42:45.424385,235,101,285,701,185,143,77,79,-9660,8750,8500,-5129,204,-2115,-344,1922,162,-406
2025-12-01T17:42:45.447118,344,113,315,661,181,178,95,87,-9870,8533,8398,-5261,145,-2175,-322,1925,185,-323
2025-12-01T17:42:45.461870,360,121,325,645,174,194,91,79,-10058,8355,8277,-5382,210,-2185,-318,1744,285,-147
2025-12-01T17:42:45.484122,332,120,340,582,178,189,92,73,-10216,8177,8172,-5517,74,-2124,-482,1702,114,-101
2025-12-01T17:42:45.506602,325,116,324,607,174,184,91,81,-10342,7971,8084,-5707,107,-2257,-372,1827,-241,25
2025-12-01T17:42:45.521844,335,105,328,569,161,180,91,88,-10449,7769,7978,-5936,139,-2115,-205,1893,-341,271
2025-12-01T17:42:45.544275,248,94,292,540,131,166,75,79,-10545,7580,7845,-6183,40,-2072,-50,1913,-297,454
2025-12-01T17:42:45.566766,291,88,297,559,126,145,76,81,-10633,7427,7683,-6418,66,-1925,-162,1807,-103,610
2025-12-01T17:42:45.581781,293,95,303,656,126,140,78,80,-10712,7277,7528,-6638,155,-1927,-214,1734,-106,587
2025-12-01T17:42:45.604545,288,105,299,637,125,150,85,96,-10772,7118,7394,-6861,177,-1848,-81,1673,-264,568
2025-12-01T17:42:45.626944,277,101,289,652,128,178,90,100,-10782,6991,7297,-7076,240,-1892,30,1496,-407,580
2025-12-01T17:42:45.643798,256,95,282,572,134,252,123,109,-10767,6897,7235,-7252,417,-1856,117,1097,-411,606
2025-12-01T17:42:45.662162,171,91,250,514,154,308,147,108,-10735,6804,7206,-7416,472,-2048,199,944,-540,544
2025-12-01T17:42:45.685742,143,84,235,382,166,349,163,107,-10696,6691,7168,-7609,359,-2105,253,1091,-658,577
2025-12-01T17:42:45.701812,124,61,224,350,175,374,167,88,-10662,6561,7101,-7828,281,-2157,103,1413,-639,655
2025-12-01T17:42:45.724420,104,72,194,306,190,406,180,78,-10675,6355,6973,-8091,276,-2060,100,1841,-630,698
2025-12-01T17:42:45.746718,96,68,194,296,239,390,203,70,-10675,6152,6852,-8347,393,-1808,114,1757,-662,724
2025-12-01T17:42:45.761773,92,68,204,313,231,357,189,69,-10631,6000,6806,-8550,607,-1740,200,1335,-681,762
2025-12-01T17:42:45.784361,91,67,193,264,297,333,191,75,-10541,5891,6817,-8726,761,-1853,251,865,-788,850
2025-12-01T17:42:45.806892,86,72,162,255,356,330,202,82,-10388,5812,6892,-8902,693,-2042,113,542,-1069,942
2025-12-01T17:42:45.821846,79,62,136,234,391,285,194,77,-10197,5668,6977,-9147,710,-2097,376,720,-1550,1140
2025-12-01T17:42:45.844375,70,62,134,227,362,306,176,85,-9981,5532,7056,-9403,903,-2063,500,615,-1548,1387
2025-12-01T17:42:45.866803,69,62,118,233,531,337,186,84,-9744,5391,7114,-9686,907,-2197,619,702,-1593,1577
2025-12-01T17:42:45.881141,76,60,98,239,533,358,189,91,-9467,5252,7127,-10021,898,-2201,513,783,-1755,1747
2025-12-01T17:42:45.904366,78,55,101,230,527,339,191,88,-9163,5068,7164,-10366,799,-1995,575,804,-2070,1715
2025-12-01T17:42:45.926765,84,53,111,218,548,381,210,92,-8813,4899,7247,-10688,736,-2015,577,463,-2236,1759
2025-12-01T17:42:45.941484,89,54,114,223,574,350,203,94,-8424,4719,7357,-11004,766,-2132,606,321,-2445,1815
2025-12-01T17:42:45.963995,89,59,119,159,449,373,228,100,-8031,4482,7462,-11322,802,-2089,662,492,-2652,1707
2025-12-01T17:42:45.986616,95,59,117,134,405,390,243,112,-7648,4207,7564,-11621,925,-1811,698,553,-2731,1538
2025-12-01T17:42:46.001893,119,67,129,133,370,391,233,130,-7288,3931,7692,-11862,954,-1679,700,328,-2654,1260
2025-12-01T17:42:46.024549,119,73,209,122,324,344,224,176,-6957,3652,7850,-12045,910,-1794,706,114,-2595,947
2025-12-01T17:42:46.047821,123,82,239,118,296,329,219,207,-6673,3353,7991,-12199,1128,-1697,747,193,-2464,669
2025-12-01T17:42:46.061476,126,96,251,129,269,275,205,225,-6459,3083,8123,-12298,1428,-1510,880,68,-2054,378
2025-12-01T17:42:46.083932,124,98,287,185,267,210,177,214,-6392,2810,8270,-12300,1561,-1552,871,-149,-1352,22
2025-12-01T17:42:46.106501,105,93,287,398,258,227,187,208,-6413,2639,8374,-12256,1582,-1651,806,-178,-541,-138
2025-12-01T17:42:46.121458,105,88,241,483,234,243,187,172,-6507,2586,8418,-12188,1489,-1610,649,-123,295,-160
2025-12-01T17:42:46.144461,94,81,228,599,228,221,185,129,-6660,2653,8406,-12099,1355,-1644,469,-58,1092,-132
2025-12-01T17:42:46.166777,86,70,233,604,211,225,176,92,-6846,2863,8293,-12025,1214,-1508,339,-6,1788,-120
2025-12-01T17:42:46.181574,112,82,221,697,209,225,169,89,-7079,3157,8133,-11926,1006,-1389,243,-33,2391,-108
2025-12-01T17:42:46.204378,180,103,372,641,206,203,147,78,-7348,3506,7926,-11804,785,-1338,175,11,2849,-129
2025-12-01T17:42:46.226885,274,120,427,612,183,181,127,72,-7637,3908,7683,-11654,483,-1253,54,-22,3218,-126
2025-12-01T17:42:46.241712,296,130,437,639,161,185,111,63,-7930,4353,7411,-11476,353,-1146,-125,-68,3510,-69
2025-12-01T17:42:46.263837,364,157,461,726,173,169,78,64,-8224,4820,7154,-11243,185,-1285,-260,-300,3634,-208
2025-12-01T17:42:46.287078,387,151,455,641,175,173,90,64,-8489,5308,6918,-10971,98,-1140,-221,-602,3641,-192
2025-12-01T17:42:46.307555,387,143,366,711,180,211,123,73,-8759,5817,6704,-10627,-3,-1218,-277,-897,3786,-423
2025-12-01T17:42:46.322381,341,131,299,765,204,220,126,71,-9034,6312,6517,-10224,-193,-1241,-318,-1076,3780,-721
2025-12-01T17:42:46.344248,337,131,293,690,191,265,129,74,-9290,6795,6383,-9758,-358,-1312,-399,-1402,3653,-1007
2025-12-01T17:42:46.368272,277,90,240,653,181,270,148,71,-9497,7284,6318,-9235,-629,-1364,-508,-1876,3470,-1208
2025-12-01T17:42:46.383171,243,94,225,739,248,277,142,68,-9632,7762,6333,-8679,-868,-1769,-547,-2336,3102,-1345
2025-12-01T17:42:46.406751,224,84,177,651,281,273,131,55,-9692,8198,6401,-8144,-949,-1927,-672,-2500,2584,-1293
2025-12-01T17:42:46.430087,209,82,194,567,304,341,146,53,-9682,8613,6514,-7621,-936,-1948,-790,-2724,2198,-1239
2025-12-01T17:42:46.444391,324,91,185,528,320,327,149,52,-9595,9017,6673,-7109,-1048,-2170,-771,-3031,1824,-1179
2025-12-01T17:42:46.466852,337,103,200,471,362,353,140,52,-9441,9394,6860,-6633,-1057,-2314,-695,-3159,1416,-1052
2025-12-01T17:42:46.490151,332,98,202,310,383,411,160,52,-9231,9751,7058,-6192,-990,-2341,-696,-3244,1104,-895
2025-12-01T17:42:46.503843,324,104,228,286,396,411,156,50,-8999,10073,7249,-5783,-894,-2536,-676,-3145,900,-795
2025-12-01T17:42:46.526904,324,102,214,271,383,377,139,49,-8759,10361,7412,-5424,-917,-2647,-622,-2916,734,-623
2025-12-01T17:42:46.550105,196,85,221,285,398,404,142,50,-8517,10624,7542,-5113,-758,-2733,-565,-2698,616,-406
2025-12-01T17:42:46.564359,274,69,240,467,366,396,141,64,-8281,10871,7642,-4824,-682,-2683,-618,-2529,614,-273
2025-12-01T17:42:46.586846,287,74,279,464,319,347,114,64,-8044,11095,7735,-4561,-759,-2781,-734,-2400,503,-240
2025-12-01T17:42:46.610125,282,67,266,489,275,333,100,66,-7796,11297,7816,-4352,-704,-2888,-789,-2240,279,-85
2025-12-01T17:42:46.624387,284,74,265,500,262,308,100,66,-7558,11470,7880,-4201,-576,-2843,-781,-1952,70,65
2025-12-01T17:42:46.646589,281,70,253,488,247,269,108,69,-7352,11608,7928,-4095,-451,-2847,-767,-1607,-28,118
2025-12-01T17:42:46.670027,167,71,226,299,269,239,103,57,-7213,11693,7938,-4082,-341,-2765,-764,-1198,-112,76
2025-12-01T17:42:46.684024,136,62,216,321,247,211,100,54,-7109,11739,7960,-4090,-299,-2613,-782,-881,-198,-39
2025-12-01T17:42:46.707008,116,62,218,353,238,199,123,56,-7005,11765,8006,-4105,-276,-2426,-841,-788,-316,-139
2025-12-01T17:42:46.730117,92,56,215,477,266,222,121,53,-6909,11772,8065,-4131,-230,-2307,-859,-668,-406,-203
2025-12-01T17:42:46.744731,74,53,207,490,255,194,104,45,-6820,11767,8130,-4167,-246,-2129,-959,-502,-454,-239
2025-12-01T17:42:46.766792,137,53,208,540,216,177,109,37,-6751,11748,8192,-4210,-175,-1991,-1030,-301,-465,-235
2025-12-01T17:42:46.790180,140,59,229,573,214,153,106,44,-6692,11727,8255,-4240,-87,-1845,-1127,-210,-411,-237
2025-12-01T17:42:46.804421,160,60,249,661,235,175,92,42,-6640,11711,8317,-4246,20,-1863,-1218,-232,-313,-237
2025-12-01T17:42:46.826344,163,62,249,738,273,167,95,44,-6590,11701,8377,-4230,153,-1860,-1265,-283,-245,-208
2025-12-01T17:42:46.849896,165,65,244,813,328,248,117,47,-6539,11684,8443,-4228,62,-1952,-1364,-229,-297,-262
2025-12-01T17:42:46.863934,109,74,252,862,363,278,113,50,-6498,11654,8501,-4255,96,-1944,-1320,-86,-400,-199
2025-12-01T17:42:46.895041,112,77,233,908,439,321,131,50,-6442,11632,8566,-4270,60,-1768,-1437,-110,-385,-219
2025-12-01T17:42:46.909160,134,74,209,859,496,314,129,47,-6385,11611,8633,-4280,77,-1827,-1369,-189,-381,-227
2025-12-01T17:42:46.924381,135,75,208,826,571,322,128,46,-6303,11603,8703,-4283,59,-1761,-1406,-316,-404,-185
2025-12-01T17:42:46.946662,133,72,207,785,566,270,109,45,-6226,11591,8765,-4300,-106,-1823,-1321,-297,-391,-219
2025-12-01T17:42:46.969777,132,68,198,815,585,259,139,56,-6157,11593,8819,-4283,64,-1554,-1269,-335,-247,-143
2025-12-01T17:42:46.984304,124,68,172,821,643,237,126,52,-6093,11574,8899,-4260,117,-1740,-1400,-341,-311,-311
2025-12-01T17:42:47.006862,65,68,163,788,613,238,130,55,-6026,11547,8984,-4251,114,-1736,-1455,-289,-390,-321
2025-12-01T17:42:47.030128,58,68,158,763,526,228,135,59,-5947,11530,9069,-4226,193,-1591,-1351,-410,-380,-274
2025-12-01T17:42:47.043960,52,65,155,796,556,278,147,56,-5857,11536,9146,-4170,93,-1611,-1404,-588,-208,-264
2025-12-01T17:42:47.067074,45,57,146,686,532,293,122,46,-5759,11546,9216,-4125,77,-1681,-1325,-658,-252,-202
2025-12-01T17:42:47.089706,45,51,120,610,425,311,153,53,-5657,11565,9279,-4070,98,-1638,-1306,-725,-206,-145
2025-12-01T17:42:47.103971,45,59,155,694,438,328,156,58,-5578,11583,9330,-4012,151,-1729,-1250,-696,-119,-125
2025-12-01T17:42:47.126886,44,62,176,619,448,371,169,60,-5533,11588,9364,-3979,109,-1811,-1248,-475,-83,-118
2025-12-01T17:42:47.150088,47,63,191,623,377,344,159,61,-5512,11586,9390,-3953,176,-1820,-1270,-332,-47,-100
2025-12-01T17:42:47.164363,46,62,204,652,371,330,157,61,-5514,11568,9417,-3940,176,-1982,-1207,-254,-52,-170
2025-12-01T17:42:47.186868,97,65,251,634,340,296,125,54,-5557,11539,9435,-3920,313,-1975,-1226,-72,66,-189
2025-12-01T17:42:47.209389,144,67,271,559,323,306,126,52,-5645,11487,9449,-3915,357,-2073,-1285,211,126,-271
2025-12-01T17:42:47.223997,294,98,297,553,280,230,101,45,-5772,11426,9442,-3926,391,-2145,-1280,443,209,-242
2025-12-01T17:42:47.246893,323,133,315,487,271,265,105,51,-5931,11364,9415,-3933,377,-2101,-1293,637,384,-225
2025-12-01T17:42:47.269398,360,149,330,444,263,259,104,54,-6094,11304,9380,-3941,361,-2144,-1341,687,432,-215
2025-12-01T17:42:47.292594,406,156,346,448,250,258,104,53,-6251,11256,9335,-3939,332,-2074,-1346,678,508,-168
2025-12-01T17:42:47.306880,434,157,327,465,194,220,79,49,-6418,11204,9277,-3955,317,-2197,-1236,729,500,-130
2025-12-01T17:42:47.329775,387,139,308,582,183,218,75,47,-6616,11140,9196,-3997,312,-2242,-1171,989,540,-75
2025-12-01T17:42:47.349824,462,120,296,547,169,158,63,44,-6862,11058,9079,-4080,267,-2319,-1059,1357,605,0
2025-12-01T17:42:47.364466,447,115,296,591,138,160,59,45,-7131,10970,8940,-4159,102,-2270,-933,1616,753,30
2025-12-01T17:42:47.389002,423,111,302,583,127,171,69,54,-7413,10885,8787,-4217,23,-2225,-881,1625,912,19
2025-12-01T17:42:47.412599,442,123,308,612,138,169,78,64,-7683,10783,8650,-4278,-176,-2181,-923,1630,808,-100
2025-12-01T17:42:47.426892,443,128,313,501,139,178,82,65,-7964,10654,8517,-4354,-186,-2282,-835,1774,745,-173
2025-12-01T17:42:47.448986,382,157,322,533,145,173,84,75,-8274,10492,8367,-4458,-264,-2276,-790,2087,716,-187
2025-12-01T17:42:47.473140,457,158,332,539,149,155,81,78,-8591,10301,8210,-4595,-305,-2299,-721,2304,601,-175
2025-12-01T17:42:47.485783,530,189,298,542,169,152,80,94,-8915,10095,8026,-4758,-374,-2225,-671,2505,585,-56
2025-12-01T17:42:47.508968,494,189,298,524,173,148,77,97,-9211,9905,7833,-4912,-407,-2191,-684,2370,586,28
2025-12-01T17:42:47.532036,541,194,284,523,167,151,77,104,-9474,9720,7659,-5053,-432,-2066,-854,2214,492,-12
2025-12-01T17:42:47.546857,569,175,264,503,165,146,83,102,-9709,9489,7522,-5248,-434,-2152,-753,2349,40,-29
2025-12-01T17:42:47.569385,513,166,243,451,158,139,78,97,-9915,9256,7387,-5468,-385,-2071,-700,2324,-135,100
2025-12-01T17:42:47.592736,426,127,239,427,129,117,68,82,-10086,9038,7254,-5692,-378,-2053,-612,2176,-216,216
2025-12-01T17:42:47.606872,412,131,247,408,104,103,68,85,-10231,8820,7122,-5938,-383,-2119,-529,2145,-362,337
2025-12-01T17:42:47.628902,350,131,259,466,124,89,76,80,-10362,8593,6978,-6209,-302,-2125,-433,2224,-450,482
2025-12-01T17:42:47.652403,254,136,276,599,114,100,75,73,-10473,8384,6829,-6467,-207,-1992,-403,2086,-402,555
2025-12-01T17:42:47.666943,225,138,258,584,129,107,76,73,-10557,8187,6704,-6709,-231,-1897,-390,1877,-481,516
2025-12-01T17:42:47.689344,208,142,273,603,130,108,76,71,-10611,8005,6603,-6941,-168,-1912,-336,1668,-577,531
2025-12-01T17:42:47.712312,202,123,264,591,136,110,75,53,-10602,7879,6521,-7172,-200,-2031,-339,1575,-654,592
2025-12-01T17:42:47.726403,124,115,249,551,160,108,70,51,-10581,7747,6449,-7407,-123,-2070,-255,1533,-744,643
2025-12-01T17:42:47.748943,118,88,224,371,168,111,84,49,-10558,7621,6375,-7632,-31,-2064,-232,1505,-688,702
2025-12-01T17:42:47.772513,117,80,229,354,175,112,89,50,-10547,7484,6296,-7846,103,-1931,-178,1528,-628,702
2025-12-01T17:42:47.786738,99,101,239,334,186,219,94,47,-10530,7357,6235,-8035,143,-1893,-235,1426,-612,638
2025-12-01T17:42:47.809410,103,107,228,264,210,235,100,51,-10498,7223,6205,-8219,244,-1911,-134,1283,-737,627
2025-12-01T17:42:47.832525,98,102,244,203,211,238,109,59,-10431,7099,6218,-8401,334,-1934,-114,1043,-922,677
2025-12-01T17:42:47.846914,98,101,243,179,230,241,117,61,-10317,6964,6288,-8600,492,-1974,-40,813,-1266,800
2025-12-01T17:42:47.869398,98,103,235,192,238,245,119,66,-10166,6826,6389,-8814,629,-2057,158,596,-1481,950
2025-12-01T17:42:47.892576,114,76,183,146,252,186,123,69,-9979,6688,6454,-9082,688,-2111,297,495,-1636,1122
2025-12-01T17:42:47.906857,111,71,232,150,259,197,120,67,-9758,6551,6523,-9368,737,-2156,414,431,-1770,1287
2025-12-01T17:42:47.929473,123,75,221,138,295,228,135,67,-9513,6396,6595,-9672,750,-2196,445,465,-1926,1385
2025-12-01T17:42:47.952376,123,91,265,139,293,224,135,70,-9240,6212,6673,-9997,764,-2176,494,525,-2143,1470
2025-12-01T17:42:47.966703,125,89,263,110,290,242,177,70,-8941,6020,6761,-10322,830,-2079,603,440,-2263,1529
2025-12-01T17:42:47.989364,115,84,277,110,292,283,221,74,-8624,5833,6853,-10633,895,-2058,655,337,-2261,1564
2025-12-01T17:42:48.012577,137,88,243,92,284,272,231,82,-8294,5649,6954,-10927,935,-2071,644,234,-2274,1559
2025-12-01T17:42:48.026907,146,112,299,92,272,257,222,84,-7959,5450,7055,-11208,903,-2077,667,239,-2312,1502
2025-12-01T17:42:48.049118,156,111,283,93,298,295,244,91,-7627,5241,7148,-11476,897,-1993,698,259,-2301,1445
2025-12-01T17:42:48.073080,168,118,318,84,289,299,253,98,-7297,5055,7239,-11715,1019,-1849,718,133,-2139,1434
2025-12-01T17:42:48.086957,168,124,331,77,281,248,216,93,-6996,4892,7323,-11913,1042,-1828,759,46,-1881,1291
2025-12-01T17:42:48.109436,160,126,328,86,291,264,213,95,-6774,4714,7436,-12043,996,-1756,765,-66,-1516,1118
2025-12-01T17:42:48.132637,147,113,309,147,265,266,215,89,-6602,4587,7532,-12128,932,-1767,730,-125,-1086,936
2025-12-01T17:42:48.146573,137,104,292,212,224,249,182,83,-6479,4502,7597,-12185,836,-1730,754,-108,-693,778
2025-12-01T17:42:48.169389,119,102,256,248,229,255,130,71,-6417,4484,7624,-12208,799,-1646,754,-108,-134,655
2025-12-01T17:42:48.192679,116,103,215,432,247,266,158,73,-6422,4543,7610,-12192,732,-1580,721,-106,501,524
2025-12-01T17:42:48.215084,98,106,215,522,225,301,157,60,-6497,4677,7555,-12136,615,-1623,580,-14,1120,358
2025-12-01T17:42:48.229472,91,96,189,667,212,326,149,56,-6611,4898,7432,-12062,510,-1522,481,34,1633,205
2025-12-01T17:42:48.252978,138,107,196,698,209,328,151,57,-6788,5176,7278,-11942,387,-1417,334,39,2167,25
2025-12-01T17:42:48.275090,137,109,240,774,194,338,151,54,-7024,5501,7094,-11769,245,-1324,180,33,2663,-181
2025-12-01T17:42:48.289384,153,104,256,759,185,335,123,52,-7305,5865,6888,-11543,124,-1217,83,-12,3069,-366
2025-12-01T17:42:48.312596,192,94,246,744,175,292,116,57,-7625,6272,6676,-11243,44,-1217,-113,-167,3489,-606
2025-12-01T17:42:48.335103,256,96,239,691,167,285,121,60,-7966,6709,6472,-10867,-191,-1216,-273,-392,3777,-856
2025-12-01T17:42:48.349388,230,80,257,741,171,265,117,50,-8298,7156,6287,-10432,-401,-1256,-439,-622,3870,-1031
2025-12-01T17:42:48.372691,237,75,232,765,202,267,137,56,-8592,7618,6145,-9941,-569,-1322,-540,-1022,3847,-1148
2025-12-01T17:42:48.395193,228,73,237,761,222,294,155,60,-8850,8057,6040,-9419,-786,-1439,-550,-1246,3657,-1285
2025-12-01T17:42:48.409413,210,72,243,799,234,319,168,63,-9052,8470,5985,-8884,-905,-1558,-670,-1494,3349,-1356
2025-12-01T17:42:48.433135,124,72,234,835,281,312,179,65,-9191,8857,5980,-8352,-1044,-1661,-826,-1729,2969,-1371
2025-12-01T17:42:48.454903,118,67,202,783,325,316,176,67,-9242,9241,6032,-7826,-1029,-1788,-936,-2130,2600,-1284
2025-12-01T17:42:48.469370,101,66,192,758,338,293,162,66,-9229,9606,6127,-7311,-1034,-1899,-839,-2394,2253,-1249
2025-12-01T17:42:48.493024,95,60,154,737,354,273,138,62,-9144,9976,6252,-6798,-1068,-1996,-951,-2717,2025,-1172
2025-12-01T17:42:48.515022,48,57,136,687,381,250,128,53,-8995,10342,6395,-6298,-1066,-2177,-897,-2964,1793,-1052
2025-12-01T17:42:48.529478,45,45,118,600,355,219,103,49,-8789,10708,6539,-5811,-1060,-2413,-968,-3160,1631,-891
2025-12-01T17:42:48.552070,70,45,106,570,349,203,103,52,-8530,11065,6670,-5363,-1039,-2431,-864,-3249,1403,-643
2025-12-01T17:42:48.575098,91,40,82,454,316,183,97,49,-8261,11388,6777,-4957,-1086,-2578,-837,-3082,1243,-505
2025-12-01T17:42:48.589386,94,42,84,403,272,160,107,50,-8025,11643,6865,-4620,-1001,-2831,-837,-2598,992,-432
2025-12-01T17:42:48.612595,99,41,74,335,274,166,90,52,-7851,11819,6932,-4364,-1009,-2916,-769,-1948,761,-418
2025-12-01T17:42:48.635087,98,42,88,266,267,284,106,51,-7710,11949,6950,-4231,-881,-2801,-742,-1551,557,-390
2025-12-01T17:42:48.646667,86,46,144,254,260,288,108,57,-7565,12064,6980,-4114,-830,-2736,-848,-1476,427,-398
2025-12-01T17:42:48.671075,88,42,146,281,276,285,106,57,-7397,12166,7041,-4018,-768,-2758,-857,-1573,190,-434
2025-12-01T17:42:48.694896,141,44,165,329,314,293,114,54,-7230,12241,7121,-3952,-667,-2736,-946,-1447,-38,-453
2025-12-01T17:42:48.709370,142,54,226,379,288,278,117,54,-7100,12270,7211,-3935,-607,-2677,-934,-1086,-247,-497
2025-12-01T17:42:48.732522,156,58,233,399,302,175,108,55,-7013,12256,7300,-3969,-523,-2567,-949,-649,-432,-486
2025-12-01T17:42:48.755122,195,57,233,536,320,188,113,42,-6947,12220,7383,-4040,-579,-2329,-987,-323,-537,-472
2025-12-01T17:42:48.768890,202,67,250,590,340,197,120,44,-6896,12163,7477,-4127,-362,-2134,-1042,-113,-683,-444
2025-12-01T17:42:48.792713,191,76,307,629,350,179,103,44,-6846,12102,7574,-4212,-278,-1960,-1092,-25,-713,-426
2025-12-01T17:42:48.815029,229,76,282,673,380,177,96,41,-6804,12038,7673,-4285,-153,-1858,-1126,20,-688,-423
2025-12-01T17:42:48.829445,275,87,310,732,477,198,118,42,-6787,11971,7755,-4350,-88,-1798,-1122,155,-571,-380
2025-12-01T17:42:48.854167,288,88,307,810,481,233,144,49,-6773,11902,7841,-4407,-52,-1720,-1276,245,-559,-411
2025-12-01T17:42:48.877637,291,81,303,855,479,256,140,45,-6770,11829,7924,-4458,38,-1705,-1269,287,-519,-401
2025-12-01T17:42:48.890017,301,74,238,830,473,317,157,50,-6758,11772,8016,-4465,173,-1579,-1293,131,-407,-416
2025-12-01T17:42:48.909863,286,84,270,898,513,333,171,60,-6760,11714,8105,-4452,236,-1655,-1351,140,-285,-454
2025-12-01T17:42:48.932816,245,80,245,886,477,344,186,65,-6751,11665,8181,-4456,81,-1977,-1450,98,-297,-407
2025-12-01T17:42:48.947689,198,78,228,744,471,330,194,66,-6734,11647,8218,-4460,210,-1786,-1274,24,-219,-86
2025-12-01T17:42:48.972317,210,88,237,794,520,322,202,72,-6694,11656,8254,-4429,226,-1687,-1245,-215,-103,-49
2025-12-01T17:42:48.994890,182,91,248,845,518,273,194,72,-6640,11688,8275,-4388,96,-1861,-1136,-449,1,8
2025-12-01T17:42:49.009287,250,92,209,773,477,247,183,67,-6614,11698,8295,-4362,179,-1925,-1125,-271,-41,-18
2025-12-01T17:42:49.032557,293,99,257,818,445,210,154,70,-6627,11687,8308,-4348,154,-1903,-1143,-5,25,-94
2025-12-01T17:42:49.054505,324,108,277,832,463,178,107,69,-6652,11672,8319,-4328,70,-1752,-1127,71,103,-169
2025-12-01T17:42:49.068575,312,107,284,756,508,194,104,64,-6696,11655,8315,-4315,8,-1912,-1158,170,186,-167
2025-12-01T17:42:49.092386,335,105,277,727,498,184,101,61,-6734,11639,8306,-4318,-41,-1887,-1240,244,133,-124
2025-12-01T17:42:49.115074,313,96,264,678,500,186,97,57,-6749,11639,8291,-4320,-53,-1897,-1229,123,112,-25
2025-12-01T17:42:49.129368,270,90,205,644,524,194,97,49,-6772,11639,8270,-4325,-58,-1662,-1098,172,135,-8
2025-12-01T17:42:49.152592,241,82,174,646,524,194,99,42,-6778,11647,8263,-4307,-67,-1922,-1237,-2,162,-76
2025-12-01T17:42:49.174303,230,81,163,736,436,164,79,43,-6797,11645,8247,-4316,-14,-2018,-1182,110,87,-6
2025-12-01T17:42:49.197570,216,81,187,838,464,181,78,44,-6818,11636,8231,-4337,-47,-1893,-1200,217,41,-11
2025-12-01T17:42:49.212475,216,80,201,894,458,189,96,45,-6822,11633,8222,-4355,-82,-1858,-1133,98,1,-19
2025-12-01T17:42:49.235061,217,74,197,923,436,187,99,45,-6821,11625,8224,-4375,-51,-1878,-1115,69,-57,-47
2025-12-01T17:42:49.257258,211,86,213,970,395,192,104,50,-6816,11614,8235,-4391,-74,-1890,-1115,29,-81,-102
2025-12-01T17:42:49.272461,219,80,191,928,371,188,109,49,-6825,11592,8243,-4419,-88,-1919,-1064,123,-91,-124
2025-12-01T17:42:49.294694,213,81,158,849,323,191,118,48,-6855,11555,8253,-4450,7,-1936,-1022,225,-97,-152
2025-12-01T17:42:49.317415,159,80,139,827,293,182,105,47,-6883,11514,8268,-4485,49,-1987,-981,205,-148,-160
2025-12-01T17:42:49.331372,176,77,143,788,284,201,105,50,-6930,11464,8286,-4510,171,-2131,-940,219,-109,-193
2025-12-01T17:42:49.354945,192,67,151,711,266,216,99,44,-6995,11401,8301,-4540,171,-2141,-905,335,-88,-241
2025-12-01T17:42:49.377558,232,75,168,654,258,216,93,45,-7090,11326,8307,-4568,226,-2285,-853,438,-6,-269
2025-12-01T17:42:49.392439,239,80,175,574,250,197,82,45,-7213,11237,8300,-4609,221,-2256,-761,625,38,-291
2025-12-01T17:42:49.422619,248,84,183,526,251,197,84,53,-7364,11144,8269,-4651,179,-2277,-737,795,181,-269
2025-12-01T17:42:49.437368,244,85,177,510,193,159,73,47,-7520,11064,8212,-4693,88,-2253,-683,830,306,-197
2025-12-01T17:42:49.451633,281,78,176,512,187,130,75,50,-7693,10983,8134,-4740,89,-2273,-661,962,384,-146
2025-12-01T17:42:49.475191,255,71,158,434,164,105,71,48,-7875,10904,8033,-4793,-32,-2255,-627,1061,482,-112
2025-12-01T17:42:49.497154,245,71,158,427,147,98,58,48,-8065,10825,7909,-4863,-108,-2263,-521,1163,511,-34
2025-12-01T17:42:49.511833,239,74,153,412,105,114,54,44,-8273,10737,7756,-4956,-154,-2324,-423,1342,542,51
2025-12-01T17:42:49.535050,223,81,163,315,107,123,57,45,-8493,10650,7571,-5056,-372,-2382,-486,1524,673,63
2025-12-01T17:42:49.557579,205,89,140,301,95,127,52,47,-8735,10538,7382,-5157,-431,-2354,-451,1781,633,193
2025-12-01T17:42:49.572113,196,94,148,299,105,137,53,45,-8979,10412,7186,-5268,-486,-2161,-531,1889,595,201
2025-12-01T17:42:49.594904,185,96,160,282,112,136,59,46,-9206,10271,7007,-5394,-564,-2220,-494,1889,423,177
2025-12-01T17:42:49.617263,178,96,160,256,118,121,59,43,-9431,10103,6832,-5544,-649,-2282,-515,2037,267,160
2025-12-01T17:42:49.631507,177,95,174,220,108,130,54,43,-9645,9915,6665,-5717,-632,-2233,-467,2105,98,188
2025-12-01T17:42:49.655041,114,92,178,233,143,115,51,41,-9849,9718,6498,-5896,-595,-2219,-460,2132,30,216
2025-12-01T17:42:49.677531,104,99,202,240,194,131,56,48,-10031,9527,6346,-6064,-582,-2069,-594,2010,-24,184
2025-12-01T17:42:49.691833,89,88,186,240,209,130,65,46,-10183,9329,6225,-6241,-586,-2161,-519,1897,-242,167
2025-12-01T17:42:49.715095,81,80,209,234,216,144,77,48,-10320,9119,6101,-6447,-555,-2263,-474,1966,-387,288
2025-12-01T17:42:49.737600,76,76,190,228,255,141,80,46,-10444,8910,5971,-6658,-456,-2170,-409,1944,-406,372
2025-12-01T17:42:49.752278,84,98,249,172,259,166,84,49,-10559,8708,5832,-6862,-440,-2139,-415,1910,-359,416
2025-12-01T17:42:49.774805,78,85,225,154,238,156,85,44,-10669,8516,5680,-7059,-377,-2148,-405,1885,-281,469
2025-12-01T17:42:49.797529,82,90,232,161,340,161,74,50,-10755,8321,5552,-7261,-371,-2214,-510,1802,-433,479
2025-12-01T17:42:49.811846,102,92,235,165,381,151,62,53,-10809,8103,5465,-7489,-255,-2093,-515,1751,-775,508
2025-12-01T17:42:49.834997,117,92,282,173,417,139,63,70,-10788,7928,5466,-7703,-2,-2025,-485,1580,-1089,533
2025-12-01T17:42:49.857304,129,77,267,165,432,109,57,78,-10736,7758,5514,-7912,141,-2009,-386,1307,-1260,562
2025-12-01T17:42:49.872302,130,76,275,167,430,93,54,79,-10647,7594,5601,-8126,247,-2058,-302,1063,-1456,641
2025-12-01T17:42:49.895027,130,74,298,156,359,144,73,81,-10523,7436,5717,-8350,422,-2104,-202,857,-1597,797
2025-12-01T17:42:49.917460,135,73,278,139,363,153,79,85,-10383,7257,5787,-8630,470,-2162,-20,742,-1725,944
2025-12-01T17:42:49.931754,147,68,243,141,339,156,81,75,-10210,7082,5864,-8925,583,-2065,-18,651,-1832,1105
2025-12-01T17:42:49.955252,131,54,203,135,315,156,82,66,-10008,6885,5946,-9248,681,-2107,110,687,-2038,1242
2025-12-01T17:42:49.977529,132,58,209,132,311,165,100,70,-9768,6689,6045,-9578,670,-2015,147,548,-2185,1350
2025-12-01T17:42:49.991955,137,59,184,138,333,175,131,77,-9487,6503,6157,-9911,744,-2001,207,382,-2278,1500
2025-12-01T17:42:50.015024,137,62,208,145,316,185,144,74,-9186,6307,6275,-10243,789,-1983,309,332,-2372,1533
2025-12-01T17:42:50.037512,123,65,214,134,289,241,154,73,-8869,6099,6390,-10571,821,-1991,401,331,-2429,1560
2025-12-01T17:42:50.051836,129,72,234,133,290,260,162,72,-8528,5893,6515,-10887,848,-1967,473,203,-2471,1600
2025-12-01T17:42:50.075047,142,71,241,127,297,267,174,69,-8180,5689,6639,-11185,925,-1870,548,129,-2433,1592
2025-12-01T17:42:50.098138,143,66,231,107,290,295,150,61,-7832,5497,6768,-11449,948,-1796,604,-2,-2338,1511
2025-12-01T17:42:50.120084,129,64,237,96,259,309,157,64,-7499,5315,6900,-11677,944,-1751,653,-115,-2201,1378
2025-12-01T17:42:50.135079,129,63,216,87,234,322,156,63,-7178,5156,7032,-11870,905,-1859,672,-221,-2019,1291
2025-12-01T17:42:50.157384,127,57,204,94,290,324,170,68,-6869,5025,7163,-12029,840,-1968,621,-337,-1820,1221
2025-12-01T17:42:50.179950,110,54,187,87,290,338,189,70,-6585,4888,7267,-12181,768,-2037,641,-185,-1707,1125
2025-12-01T17:42:50.193772,99,63,207,93,271,384,214,73,-6370,4712,7376,-12299,850,-1831,742,-67,-1478,1048
2025-12-01T17:42:50.225044,88,58,177,90,276,417,223,77,-6210,4595,7474,-12366,860,-1611,797,-273,-976,854
2025-12-01T17:42:50.240104,75,72,199,89,289,457,286,85,-6111,4563,7595,-12353,741,-1736,735,-609,-422,560
2025-12-01T17:42:50.254349,66,74,217,103,240,538,315,87,-6070,4582,7695,-12304,580,-1917,698,-579,-4,325
2025-12-01T17:42:50.277539,59,77,213,116,244,538,294,83,-6085,4638,7758,-12236,509,-1919,663,-458,390,178
2025-12-01T17:42:50.299970,67,70,191,134,284,540,289,78,-6156,4742,7777,-12148,500,-1932,621,-320,853,100
2025-12-01T17:42:50.314283,68,70,204,189,293,520,289,71,-6278,4906,7730,-12050,392,-1906,543,-94,1367,74
2025-12-01T17:42:50.337630,60,55,186,282,301,496,244,64,-6424,5142,7596,-11960,282,-1928,399,99,1813,111
2025-12-01T17:42:50.360022,57,54,145,371,285,434,234,64,-6610,5415,7400,-11861,256,-1756,313,322,2218,136
2025-12-01T17:42:50.374393,56,48,132,401,267,455,244,65,-6838,5733,7159,-11728,139,-1586,221,397,2666,72
2025-12-01T17:42:50.397121,44,50,140,504,216,447,250,65,-7100,6107,6872,-11555,-59,-1548,64,439,3151,45
2025-12-01T17:42:50.420028,39,50,128,600,187,478,247,62,-7369,6527,6536,-11350,-210,-1498,-80,467,3519,138
2025-12-01T17:42:50.433744,35,44,120,621,157,454,249,64,-7633,6984,6164,-11109,-316,-1372,-221,439,3815,221
2025-12-01T17:42:50.457188,41,42,149,606,164,472,262,67,-7892,7463,5774,-10822,-434,-1182,-316,336,4034,190
2025-12-01T17:42:50.480068,42,44,194,654,194,539,256,68,-8139,7957,5381,-10484,-705,-1180,-443,185,4194,109
2025-12-01T17:42:50.494359,42,41,187,586,189,493,249,69,-8341,8476,5008,-10096,-823,-1096,-493,-173,4270,108
2025-12-01T17:42:50.517524,54,47,183,530,198,500,260,77,-8503,9010,4653,-9660,-906,-1231,-577,-471,4339,83
2025-12-01T17:42:50.547592,58,51,184,518,237,508,256,78,-8627,9543,4325,-9177,-1006,-1256,-678,-742,4341,-19
2025-12-01T17:42:50.554850,57,52,161,548,267,487,215,75,-8746,10024,4061,-8659,-1196,-1398,-788,-848,4091,-413
2025-12-01T17:42:50.577461,56,50,104,477,287,379,213,76,-8821,10463,3892,-8125,-1321,-1487,-964,-1169,3673,-721
2025-12-01T17:42:50.600046,55,52,95,469,306,364,197,71,-8833,10870,3828,-7590,-1388,-1590,-949,-1600,3199,-975
2025-12-01T17:42:50.614291,76,57,87,406,306,286,161,70,-8784,11257,3844,-7054,-1367,-1834,-1109,-1971,2839,-1137
2025-12-01T17:42:50.637106,152,146,82,336,275,228,148,277,-8696,11614,3924,-6523,-1455,-2025,-952,-2215,2530,-1325
2025-12-01T17:42:50.659915,189,178,142,197,236,157,131,333,-8572,11933,4053,-6010,-1437,-2218,-989,-2348,2191,-1434
2025-12-01T17:42:50.673293,224,186,242,182,220,135,147,345,-8383,12242,4231,-5513,-1299,-2278,-943,-2688,1887,-1461
2025-12-01T17:42:50.697002,254,194,311,163,220,195,159,359,-8215,12496,4422,-5023,-1268,-2478,-799,-2508,1766,-1610
2025-12-01T17:42:50.720051,255,210,346,151,287,230,171,360,-8105,12665,4622,-4581,-1437,-2578,-956,-1957,1499,-1782
2025-12-01T17:42:50.734274,226,173,361,146,304,272,169,242,-7991,12772,4876,-4203,-1531,-2393,-1148,-1775,979,-1951
2025-12-01T17:42:50.757600,202,144,384,165,371,338,180,163,-7810,12849,5195,-3918,-1378,-2429,-1185,-1926,247,-1925
2025-12-01T17:42:50.780066,178,136,332,158,454,374,173,141,-7625,12894,5507,-3701,-1240,-2546,-1075,-1767,-78,-1757
2025-12-01T17:42:50.793808,141,125,280,210,486,355,162,114,-7496,12889,5725,-3652,-1148,-2736,-982,-1172,-313,-1456
2025-12-01T17:42:50.817945,128,93,245,246,521,384,149,109,-7436,12831,5917,-3672,-981,-2448,-873,-548,-512,-1278
2025-12-01T17:42:50.840083,114,66,225,259,538,392,160,104,-7393,12755,6109,-3708,-814,-2125,-849,-329,-617,-1225
2025-12-01T17:42:50.854356,103,71,239,322,523,349,151,91,-7326,12694,6307,-3722,-727,-2018,-946,-453,-582,-1209
2025-12-01T17:42:50.877550,78,84,257,389,574,353,170,87,-7229,12641,6498,-3761,-730,-2213,-1160,-507,-724,-1068
2025-12-01T17:42:50.900169,68,90,261,419,614,357,196,75,-7116,12588,6667,-3857,-645,-2101,-1219,-370,-974,-762
2025-12-01T17:42:50.914304,66,91,286,426,586,304,194,73,-7030,12512,6814,-4003,-504,-2024,-1206,-46,-1152,-561
2025-12-01T17:42:50.937584,79,103,370,433,574,260,170,77,-6967,12424,6934,-4179,-450,-1890,-1136,202,-1198,-391
2025-12-01T17:42:50.959946,158,115,350,420,555,239,162,73,-6919,12324,7045,-4362,-318,-1836,-1132,341,-1231,-318
2025-12-01T17:42:50.974519,178,111,367,366,421,163,131,73,-6867,12226,7165,-4522,-179,-1700,-1137,297,-1209,-328
2025-12-01T17:42:50.997633,181,117,428,376,317,138,90,72,-6810,12139,7302,-4622,57,-1653,-1141,92,-1061,-388
2025-12-01T17:42:51.020025,186,123,427,392,259,131,94,68,-6743,12072,7445,-4667,164,-1703,-1183,-141,-866,-429
2025-12-01T17:42:51.042282,185,115,380,384,251,127,92,56,-6688,12019,7576,-4675,194,-1734,-1208,-202,-641,-437
2025-12-01T17:42:51.057161,133,99,362,368,267,134,100,53,-6640,11975,7692,-4665,176,-1779,-1293,-196,-494,-417
2025-12-01T17:42:51.080085,103,98,357,381,258,143,99,47,-6595,11936,7792,-4662,139,-1762,-1371,-115,-462,-351
2025-12-01T17:42:51.102600,91,87,280,397,250,165,93,42,-6549,11899,7885,-4667,145,-1700,-1378,-79,-476,-296
2025-12-01T17:42:51.117434,76,77,273,378,241,151,90,41,-6493,11875,7975,-4654,162,-1666,-1415,-169,-403,-271
2025-12-01T17:42:51.140050,61,85,278,450,317,147,90,44,-6447,11852,8053,-4641,136,-1749,-1330,-189,-341,-248
2025-12-01T17:42:51.162356,39,81,303,534,384,140,82,43,-6396,11839,8119,-4629,71,-1782,-1350,-210,-293,-192
2025-12-01T17:42:51.176986,110,75,277,587,400,151,79,38,-6342,11828,8182,-4623,23,-1743,-1354,-203,-305,-185
2025-12-01T17:42:51.200213,122,83,282,644,489,163,86,40,-6289,11818,8240,-4617,30,-1740,-1279,-239,-287,-156
2025-12-01T17:42:51.222577,125,88,265,646,493,166,92,43,-6235,11819,8295,-4589,14,-1723,-1257,-336,-174,-169
2025-12-01T17:42:51.236814,126,74,257,610,487,200,100,45,-6195,11812,8343,-4575,-76,-1889,-1304,-243,-165,-199
2025-12-01T17:42:51.260073,129,76,221,567,491,250,99,46,-6156,11801,8380,-4587,-94,-1901,-1301,-155,-235,-118
2025-12-01T17:42:51.282513,80,73,218,559,489,246,102,47,-6093,11794,8432,-4593,-74,-1688,-1339,-225,-319,-134
2025-12-01T17:42:51.305386,64,57,209,539,519,247,108,45,-5946,11782,8563,-4575,-96,-1733,-1309,-405,-301,-223
2025-12-01T17:42:51.321638,59,50,206,587,572,269,112,51,-5883,11768,8630,-4566,-125,-1723,-1346,-318,-282,-267
2025-12-01T17:42:51.339757,55,52,168,728,601,253,114,49,-5805,11756,8706,-4554,-131,-1670,-1373,-380,-326,-283
2025-12-01T17:42:51.363151,53,46,170,738,594,249,136,54,-5702,11758,8791,-4515,-98,-1576,-1361,-593,-303,-274
2025-12-01T17:42:51.383502,46,44,184,735,663,294,168,58,-5588,11769,8875,-4463,-94,-1676,-1347,-758,-261,-252
2025-12-01T17:42:51.401551,53,49,172,673,661,298,180,63,-5473,11782,8957,-4408,-123,-1721,-1397,-780,-240,-250
2025-12-01T17:42:51.424189,52,51,171,698,664,322,178,60,-5371,11777,9040,-4378,-127,-1774,-1384,-664,-326,-285
2025-12-01T17:42:51.443674,52,54,185,591,613,325,179,58,-5267,11766,9122,-4364,-178,-1671,-1350,-597,-385,-287
2025-12-01T17:42:51.461889,48,60,206,545,657,321,171,57,-5167,11752,9206,-4343,-136,-1703,-1336,-635,-373,-304
2025-12-01T17:42:51.484323,49,58,190,495,662,314,143,54,-5066,11737,9284,-4337,-214,-1750,-1382,-592,-396,-280
2025-12-01T17:42:51.503559,36,61,190,503,635,351,133,50,-4959,11721,9355,-4351,-280,-1675,-1376,-528,-464,-233
2025-12-01T17:42:51.521790,35,62,189,398,625,335,148,52,-4840,11711,9424,-4363,-315,-1562,-1443,-534,-478,-204
2025-12-01T17:42:51.544340,34,57,168,307,758,368,146,52,-4706,11711,9492,-4364,-253,-1546,-1413,-662,-488,-133
2025-12-01T17:42:51.563809,32,52,113,371,773,375,146,49,-4588,11699,9556,-4382,-251,-1604,-1545,-503,-524,-140
2025-12-01T17:42:51.581808,40,60,107,370,883,379,146,49,-4491,11689,9605,-4401,-139,-1643,-1600,-403,-485,-51
2025-12-01T17:42:51.604375,44,61,107,338,871,420,148,53,-4383,11697,9645,-4402,-95,-1457,-1594,-458,-431,47
2025-12-01T17:42:51.623650,45,59,138,343,869,487,151,53,-4263,11714,9687,-4381,10,-1469,-1625,-607,-424,102
2025-12-01T17:42:51.641693,46,63,160,376,805,469,149,53,-4156,11729,9731,-4344,16,-1522,-1692,-618,-323,51
2025-12-01T17:42:51.664840,46,64,156,302,766,480,146,56,-4089,11730,9768,-4323,87,-1578,-1615,-435,-299,30
2025-12-01T17:42:51.683541,38,56,157,349,608,471,146,53,-4041,11729,9799,-4301,120,-1520,-1609,-340,-236,23
2025-12-01T17:42:51.701877,34,51,166,381,589,443,133,49,-4009,11728,9831,-4261,176,-1534,-1632,-344,-139,-7
2025-12-01T17:42:51.724381,49,51,154,370,577,408,114,48,-3996,11722,9863,-4216,185,-1589,-1658,-294,-60,-58
2025-12-01T17:42:51.743664,47,49,129,397,506,435,117,51,-4019,11704,9891,-4178,255,-1664,-1611,-154,-2,-104
2025-12-01T17:42:51.761645,50,69,206,432,436,404,103,48,-4076,11681,9917,-4123,302,-1744,-1633,-92,166,-175
2025-12-01T17:42:51.784382,88,86,320,403,361,387,104,49,-4201,11647,9928,-4071,414,-1914,-1536,131,364,-209
2025-12-01T17:42:51.803645,120,130,333,387,313,323,100,46,-4377,11612,9916,-4013,371,-1860,-1547,389,620,-237
2025-12-01T17:42:51.821954,152,149,379,421,263,244,95,41,-4595,11569,9888,-3962,306,-1863,-1559,640,800,-288
2025-12-01T17:42:51.851727,257,166,448,431,235,191,85,42,-4835,11516,9852,-3919,294,-1931,-1591,795,864,-333
2025-12-01T17:42:51.864866,290,180,433,463,213,182,91,41,-5103,11455,9798,-3895,246,-2023,-1512,972,944,-339
2025-12-01T17:42:51.881468,309,185,412,531,208,227,98,45,-5405,11391,9710,-3897,192,-2135,-1502,1239,1050,-261
2025-12-01T17:42:51.904360,327,163,406,566,204,227,92,44,-5714,11342,9591,-3892,121,-2030,-1480,1336,1221,-156
2025-12-01T17:42:51.923618,352,169,417,582,185,220,90,43,-6030,11278,9461,-3919,41,-2165,-1411,1481,1160,-168
2025-12-01T17:42:51.941734,314,156,390,573,176,191,91,43,-6370,11204,9314,-3946,-64,-2228,-1272,1714,1222,-114
2025-12-01T17:42:51.964282,310,134,391,525,178,206,97,46,-6737,11120,9136,-3989,-139,-2230,-1155,1926,1308,-37
2025-12-01T17:42:51.983645,319,139,368,570,169,168,89,47,-7097,11040,8950,-4009,-325,-2140,-1162,1853,1409,-70
2025-12-01T17:42:52.001821,337,157,387,533,160,167,100,63,-7461,10923,8767,-4071,-436,-2315,-1040,2071,1216,-114
2025-12-01T17:42:52.024360,319,142,333,524,153,191,103,68,-7846,10765,8573,-4183,-547,-2305,-923,2427,1065,-113
2025-12-01T17:42:52.044121,315,141,321,511,139,202,100,72,-8236,10572,8375,-4325,-654,-2249,-936,2656,932,-150
2025-12-01T17:42:52.061868,349,145,374,543,138,179,90,71,-8611,10356,8172,-4500,-602,-2295,-819,2777,740,-76
2025-12-01T17:42:52.084338,359,138,369,428,120,177,89,78,-8962,10135,7958,-4697,-627,-2191,-786,2798,615,47
2025-12-01T17:42:52.103449,326,114,363,457,100,172,80,69,-9258,9939,7745,-4893,-625,-2037,-846,2561,506,202
2025-12-01T17:42:52.121822,334,103,365,407,109,168,85,85,-9505,9733,7561,-5117,-704,-2077,-791,2456,165,237
2025-12-01T17:42:52.144310,314,110,361,374,112,167,86,80,-9727,9511,7386,-5368,-526,-2128,-830,2504,-60,322
2025-12-01T17:42:52.164063,249,101,314,334,136,163,82,80,-9924,9260,7226,-5655,-467,-2095,-776,2587,-343,371
2025-12-01T17:42:52.182100,182,79,285,330,128,139,74,73,-10121,8999,7027,-5970,-392,-2075,-602,2755,-328,589
2025-12-01T17:42:52.204302,165,80,278,286,146,144,77,75,-10288,8763,6815,-6274,-431,-1939,-532,2585,-277,707
2025-12-01T17:42:52.223595,83,74,261,288,187,144,75,53,-10405,8575,6621,-6543,-347,-1838,-505,2155,-249,767
2025-12-01T17:42:52.241687,81,56,223,275,315,142,81,56,-10476,8414,6475,-6780,-279,-1876,-529,1754,-374,690
2025-12-01T17:42:52.264350,78,64,215,247,360,149,83,57,-10524,8247,6363,-7013,-230,-2064,-573,1635,-552,626
2025-12-01T17:42:52.283578,75,68,223,220,364,151,82,54,-10573,8072,6236,-7254,-184,-2128,-523,1729,-533,687
2025-12-01T17:42:52.301844,77,62,199,187,366,143,81,47,-10621,7896,6085,-7501,-158,-2006,-479,1798,-472,783
2025-12-01T17:42:52.324361,71,65,218,163,366,124,77,45,-10599,7793,5989,-7713,26,-1960,-450,1545,-516,862
2025-12-01T17:42:52.343725,72,79,219,153,263,127,85,46,-10535,7710,5946,-7915,162,-1978,-355,1158,-701,919
2025-12-01T17:42:52.361768,72,91,210,143,231,125,84,51,-10428,7625,5956,-8130,235,-2136,-343,966,-1005,989
2025-12-01T17:42:52.384349,77,98,196,130,275,167,99,57,-10276,7517,6022,-8371,365,-2141,-239,779,-1412,1100
2025-12-01T17:42:52.403450,79,101,206,127,275,173,112,66,-10094,7376,6072,-8676,476,-2263,-109,620,-1711,1243
2025-12-01T17:42:52.421884,84,101,189,137,253,196,128,68,-9871,7222,6130,-9015,486,-2280,20,601,-1954,1436
2025-12-01T17:42:52.443953,83,92,177,136,271,203,127,65,-9609,7046,6204,-9379,547,-2295,117,568,-2213,1571
2025-12-01T17:42:52.463672,115,96,201,146,236,217,135,65,-9311,6838,6291,-9767,506,-2207,229,582,-2489,1661
2025-12-01T17:42:52.481534,122,91,221,144,191,204,132,63,-8988,6592,6392,-10165,482,-2179,289,616,-2740,1664
2025-12-01T17:42:52.504343,126,95,229,142,184,233,151,60,-8628,6335,6525,-10550,565,-2060,304,424,-2920,1663
2025-12-01T17:42:52.523615,138,110,228,140,228,229,166,62,-8246,6056,6681,-10915,613,-2066,343,308,-3076,1596
2025-12-01T17:42:52.541605,138,125,285,146,268,238,179,68,-7848,5746,6859,-11260,642,-2040,402,233,-3242,1485
2025-12-01T17:42:52.564347,133,120,277,135,271,346,227,70,-7444,5409,7049,-11579,735,-1937,418,179,-3334,1355
2025-12-01T17:42:52.583556,127,128,339,114,288,357,240,72,-7045,5063,7247,-11860,775,-1885,517,72,-3305,1210
2025-12-01T17:42:52.601816,157,140,372,121,326,392,231,78,-6651,4726,7460,-12092,808,-1845,595,-136,-3205,1067
2025-12-01T17:42:52.624227,158,139,394,113,304,397,228,89,-6290,4398,7667,-12278,934,-1839,706,-206,-2989,868
2025-12-01T17:42:52.643728,170,134,368,125,259,401,236,98,-5975,4088,7861,-12419,1017,-1808,726,-244,-2692,650
2025-12-01T17:42:52.661893,165,144,362,144,291,318,191,98,-5724,3817,8041,-12508,1144,-1759,849,-330,-2252,409
2025-12-01T17:42:52.683819,162,134,296,149,280,330,196,99,-5602,3548,8215,-12529,1185,-1732,890,-395,-1594,181
2025-12-01T17:42:52.703911,130,132,241,186,282,301,216,100,-5568,3381,8355,-12498,1168,-1801,886,-471,-802,3
2025-12-01T17:42:52.721484,114,126,226,200,340,335,209,89,-5609,3314,8454,-12431,992,-1932,684,-374,-79,-154
2025-12-01T17:42:52.743891,101,117,221,278,360,477,202,77,-5706,3322,8495,-12356,843,-1962,568,-174,477,-209
2025-12-01T17:42:52.764090,85,93,205,283,330,470,211,77,-5852,3401,8478,-12278,777,-1819,500,-17,1023,-183
2025-12-01T17:42:52.782952,80,92,195,375,322,463,193,72,-6035,3550,8409,-12194,697,-1816,391,147,1524,-131
2025-12-01T17:42:52.804367,70,69,225,483,281,464,172,63,-6241,3772,8252,-12132,628,-1704,346,314,1946,-91
2025-12-01T17:42:52.823536,66,67,235,509,191,473,233,70,-6492,4046,8041,-12053,504,-1559,280,440,2420,-108
2025-12-01T17:42:52.841646,54,62,232,499,147,319,243,73,-6775,4380,7788,-11946,384,-1460,202,456,2881,-94
2025-12-01T17:42:52.864279,85,62,235,630,169,363,258,75,-7078,4760,7494,-11812,236,-1320,97,475,3251,-62
2025-12-01T17:42:52.883408,90,63,262,655,174,377,260,76,-7387,5194,7183,-11632,99,-1177,-27,321,3595,-45
2025-12-01T17:42:52.901835,98,60,242,622,198,384,267,75,-7694,5680,6859,-11399,-5,-1104,-188,118,3915,-37
2025-12-01T17:42:52.924348,97,50,232,661,202,358,222,67,-7986,6210,6538,-11106,-181,-1070,-332,-165,4143,-51
2025-12-01T17:42:52.946885,100,51,227,741,225,362,205,64,-8257,6756,6219,-10768,-413,-1095,-463,-353,4237,-89
2025-12-01T17:42:52.966837,66,46,213,772,247,329,176,58,-8494,7305,5927,-10383,-717,-985,-543,-636,4194,-184
2025-12-01T17:42:52.983853,59,50,179,751,274,312,199,62,-8679,7853,5691,-9953,-984,-1104,-577,-1049,4018,-301
2025-12-01T17:42:53.006576,44,46,158,729,281,288,203,63,-8807,8378,5526,-9495,-1127,-1178,-670,-1426,3697,-440
2025-12-01T17:42:53.021868,46,43,120,749,291,250,205,65,-8884,8875,5437,-9011,-1249,-1346,-853,-1762,3346,-637
2025-12-01T17:42:53.044211,39,43,103,658,296,227,196,63,-8900,9331,5436,-8521,-1370,-1545,-868,-2107,2865,-820
2025-12-01T17:42:53.066837,87,60,101,501,269,205,188,65,-8849,9756,5509,-8038,-1403,-1798,-814,-2451,2423,-896
2025-12-01T17:42:53.081683,94,64,81,443,235,168,157,73,-8718,10169,5636,-7566,-1424,-1951,-786,-2825,2051,-847
2025-12-01T17:42:53.104336,117,72,75,412,201,119,134,94,-8526,10581,5783,-7096,-1307,-2211,-797,-3100,1881,-739
2025-12-01T17:42:53.126861,209,87,85,258,180,120,99,105,-8324,10957,5901,-6654,-1300,-2523,-652,-2956,1773,-591
2025-12-01T17:42:53.141834,220,107,167,236,144,117,114,106,-8188,11247,5971,-6265,-1395,-2708,-722,-2259,1663,-602
2025-12-01T17:42:53.171768,228,114,178,221,150,154,134,106,-8069,11463,6062,-5931,-1464,-2513,-795,-1921,1279,-731
2025-12-01T17:42:53.186117,232,118,183,263,169,180,147,100,-7874,11659,6236,-5622,-1308,-2502,-1018,-2276,759,-861
2025-12-01T17:42:53.201728,242,114,186,304,186,190,153,83,-7601,11850,6477,-5316,-1036,-2417,-803,-2733,390,-950
2025-12-01T17:42:53.224330,175,105,235,305,181,183,158,68,-7317,12033,6725,-4986,-800,-2683,-722,-2871,428,-1009
2025-12-01T17:42:53.246839,170,85,185,342,179,190,165,68,-7098,12166,6942,-4673,-774,-2884,-716,-2413,516,-1069
2025-12-01T17:42:53.261474,143,62,214,346,170,201,160,65,-7012,12187,7097,-4512,-798,-2971,-815,-1439,314,-1173
2025-12-01T17:42:53.284341,132,54,230,343,157,184,151,60,-6943,12160,7266,-4423,-753,-2729,-993,-968,-50,-1207
2025-12-01T17:42:53.306808,89,58,255,369,169,173,148,53,-6856,12120,7445,-4371,-621,-2413,-1012,-857,-316,-1110
2025-12-01T17:42:53.321812,79,54,204,427,170,178,148,49,-6734,12092,7626,-4326,-524,-2338,-1086,-988,-447,-987
2025-12-01T17:42:53.344080,58,52,203,462,175,174,128,43,-6629,12054,7786,-4310,-430,-2355,-1086,-811,-503,-843
2025-12-01T17:42:53.366448,51,55,163,460,175,134,117,40,-6547,12004,7926,-4318,-359,-2167,-1082,-553,-533,-738
2025-12-01T17:42:53.381422,55,50,149,456,163,124,113,46,-6495,11947,8043,-4337,-276,-2003,-1132,-286,-480,-650
2025-12-01T17:42:53.404290,58,63,152,460,161,134,105,47,-6457,11889,8145,-4364,-221,-1893,-1203,-122,-458,-562
2025-12-01T17:42:53.426623,67,65,159,408,175,153,93,47,-6411,11843,8240,-4377,-84,-1794,-1203,-179,-432,-464
2025-12-01T17:42:53.445670,71,73,180,479,190,170,107,54,-6361,11810,8327,-4375,-25,-1777,-1342,-197,-358,-398
2025-12-01T17:42:53.464301,69,73,183,536,198,180,133,57,-6313,11787,8404,-4362,48,-1731,-1346,-219,-291,-322
2025-12-01T17:42:53.486845,71,79,216,634,223,186,134,53,-6268,11763,8473,-4357,44,-1734,-1376,-161,-299,-281
2025-12-01T17:42:53.505643,66,72,252,635,218,253,147,59,-6234,11743,8534,-4339,190,-1774,-1380,-168,-235,-224
2025-12-01T17:42:53.524359,57,74,266,693,259,239,151,62,-6195,11734,8589,-4313,79,-1654,-1420,-181,-148,-224
2025-12-01T17:42:53.546887,52,68,268,740,314,250,159,64,-6157,11724,8639,-4293,103,-1778,-1463,-175,-171,-191
2025-12-01T17:42:53.566572,52,65,276,756,324,255,151,61,-6124,11718,8674,-4287,143,-1736,-1390,-125,-183,-80
2025-12-01T17:42:53.584360,45,57,244,684,351,287,165,67,-6088,11726,8702,-4259,99,-1640,-1318,-232,-61,-68
2025-12-01T17:42:53.606846,49,62,217,718,368,238,159,67,-6046,11745,8725,-4218,50,-1718,-1393,-310,24,-61
2025-12-01T17:42:53.621591,59,60,223,684,351,244,163,64,-6026,11748,8740,-4207,24,-1766,-1327,-140,-34,-59
2025-12-01T17:42:53.644326,61,60,212,581,290,222,148,60,-6016,11744,8752,-4208,-3,-1710,-1332,-23,-48,-65
2025-12-01T17:42:53.666567,61,63,203,563,285,205,143,61,-5997,11750,8765,-4192,-34,-1645,-1345,-106,21,-77
2025-12-01T17:42:53.681699,61,69,205,612,256,158,129,56,-5977,11755,8780,-4177,-117,-1702,-1387,-116,31,-123
2025-12-01T17:42:53.704313,61,65,193,714,263,139,119,54,-5958,11749,8803,-4172,11,-1671,-1368,-73,-75,-114
2025-12-01T17:42:53.726587,46,72,186,737,290,156,112,54,-5937,11737,8836,-4165,-88,-1682,-1388,-79,-72,-217
2025-12-01T17:42:53.746089,50,74,192,733,324,170,106,56,-5918,11733,8857,-4160,-54,-1698,-1324,-110,-47,-131
2025-12-01T17:42:53.764902,53,76,244,730,323,166,98,53,-5906,11727,8872,-4159,-122,-1719,-1386,-34,-10,-137
2025-12-01T17:42:53.794884,52,71,247,726,312,165,91,50,-5879,11726,8886,-4171,-138,-1686,-1332,-82,-94,-84
2025-12-01T17:42:53.801648,51,63,235,640,315,202,123,49,-5834,11733,8907,-4170,-144,-1690,-1383,-201,-100,-84
2025-12-01T17:42:53.823924,51,52,215,628,355,194,133,48,-5782,11744,8925,-4173,-158,-1742,-1381,-246,-123,-50
2025-12-01T17:42:53.846838,48,51,206,643,340,189,134,44,-5726,11753,8947,-4178,-114,-1733,-1405,-254,-172,-33
2025-12-01T17:42:53.866096,43,49,185,746,351,196,130,45,-5664,11762,8972,-4182,-118,-1715,-1405,-285,-190,-38
2025-12-01T17:42:53.884029,114,54,199,741,375,194,130,46,-5615,11762,8997,-4198,-74,-1760,-1388,-208,-232,-41
2025-12-01T17:42:53.914221,186,63,197,727,352,165,105,49,-5579,11754,9020,-4217,-60,-1747,-1380,-129,-219,-59
2025-12-01T17:42:53.929601,221,71,210,821,288,181,89,53,-5551,11737,9048,-4240,-40,-1748,-1413,-64,-239,-100
2025-12-01T17:42:53.944381,227,71,211,798,283,178,97,52,-5532,11712,9076,-4274,-21,-1759,-1437,31,-278,-106
2025-12-01T17:42:53.966510,236,71,208,715,293,169,101,54,-5513,11687,9103,-4310,-7,-1738,-1444,51,-287,-96
2025-12-01T17:42:53.989331,215,65,188,740,261,172,99,53,-5497,11662,9128,-4344,35,-1774,-1405,31,-287,-69
2025-12-01T17:42:54.004384,182,54,175,751,260,163,89,42,-5488,11639,9146,-4380,24,-1759,-1385,71,-253,-48
2025-12-01T17:42:54.034737,215,50,167,628,248,132,95,40,-5499,11613,9154,-4419,74,-1831,-1349,144,-205,-16
2025-12-01T17:42:54.049341,241,56,166,625,223,129,91,39,-5523,11591,9153,-4450,54,-1828,-1342,181,-102,-13
2025-12-01T17:42:54.064351,256,59,195,612,183,129,88,42,-5563,11561,9152,-4478,91,-1847,-1362,261,-69,-49
2025-12-01T17:42:54.086564,261,69,202,546,178,115,83,43,-5627,11514,9157,-4511,186,-2019,-1309,325,-77,-120
2025-12-01T17:42:54.113530,291,78,212,491,157,114,75,47,-5736,11449,9149,-4554,268,-2122,-1222,535,-4,-141
2025-12-01T17:42:54.124322,267,84,220,546,143,135,75,52,-5881,11378,9127,-4591,319,-2156,-1202,695,143,-161
2025-12-01T17:42:54.146807,258,88,228,574,167,140,68,53,-6051,11299,9095,-4628,324,-2261,-1162,805,239,-189
2025-12-01T17:42:54.169283,271,89,169,516,155,139,66,56,-6256,11209,9046,-4671,344,-2363,-1076,972,341,-214
2025-12-01T17:42:54.184229,454,134,176,500,147,146,73,68,-6503,11105,8971,-4727,292,-2436,-1045,1256,487,-228
2025-12-01T17:42:54.206836,462,146,211,502,138,149,75,68,-6785,10991,8862,-4802,191,-2456,-931,1516,612,-207
2025-12-01T17:42:54.229174,458,155,217,424,128,152,69,71,-7059,10887,8745,-4858,23,-2400,-965,1600,728,-214
2025-12-01T17:42:54.244271,474,159,230,358,96,139,67,75,-7342,10782,8610,-4914,-146,-2427,-777,1654,804,-188
2025-12-01T17:42:54.266679,503,173,288,353,119,148,66,79,-7640,10657,8456,-4998,-345,-2491,-708,1873,771,-159
2025-12-01T17:42:54.288786,470,147,303,371,118,145,67,76,-7976,10513,8258,-5109,-471,-2521,-620,2225,869,-71
2025-12-01T17:42:54.304309,441,138,277,340,120,144,67,75,-8330,10354,8029,-5232,-627,-2321,-592,2437,937,-19
2025-12-01T17:42:54.326660,445,136,287,369,113,108,67,73,-8685,10189,7783,-5349,-731,-2168,-595,2499,997,-9
2025-12-01T17:42:54.349096,426,140,303,443,123,116,77,83,-9025,10018,7535,-5463,-813,-2058,-615,2478,965,-8
2025-12-01T17:42:54.364722,393,123,244,472,97,106,77,77,-9353,9820,7294,-5597,-891,-2058,-628,2577,782,-29
2025-12-01T17:42:54.391338,282,115,221,456,88,94,68,71,-9669,9588,7059,-5760,-885,-2175,-761,2741,565,-21
2025-12-01T17:42:54.409261,276,124,257,427,86,84,70,71,-9961,9317,6842,-5966,-872,-2048,-774,2883,227,18
2025-12-01T17:42:54.424292,259,123,261,403,106,93,81,67,-10214,9038,6634,-6197,-738,-1952,-760,2836,4,161
2025-12-01T17:42:54.446743,241,116,236,338,94,84,74,50,-10415,8793,6444,-6412,-618,-1748,-763,2494,-64,252
2025-12-01T17:42:54.473531,205,115,239,292,105,84,74,49,-10545,8610,6295,-6595,-526,-1812,-746,1907,-136,324
2025-12-01T17:42:54.484493,124,117,233,262,107,83,76,47,-10566,8524,6178,-6780,-415,-1993,-640,1567,-283,492
2025-12-01T17:42:54.506515,111,105,242,247,138,84,72,46,-10556,8447,6076,-6981,-318,-2125,-639,1481,-431,670
2025-12-01T17:42:54.529289,97,104,225,206,135,79,52,45,-10524,8369,5976,-7207,-249,-2149,-567,1451,-560,861
2025-12-01T17:42:54.544290,99,98,222,144,140,111,58,44,-10471,8288,5887,-7447,-93,-2133,-502,1384,-675,1039
2025-12-01T17:42:54.567567,95,98,224,113,194,123,119,53,-10386,8213,5819,-7697,4,-2102,-511,1261,-826,1185
2025-12-01T17:42:54.588869,82,97,245,127,228,138,127,56,-10269,8127,5790,-7964,81,-2086,-481,1132,-1101,1257
2025-12-01T17:42:54.604342,79,90,190,120,218,140,128,58,-10098,8023,5819,-8260,182,-2245,-399,932,-1522,1392
2025-12-01T17:42:54.626857,73,77,222,118,223,184,139,60,-9901,7865,5827,-8637,321,-2198,-191,842,-1885,1584
2025-12-01T17:42:54.649207,74,73,208,113,235,191,137,61,-9665,7697,5859,-9025,440,-2139,-18,698,-2098,1673
2025-12-01T17:42:54.664191,71,71,204,112,202,181,96,59,-9393,7521,5925,-9409,439,-2165,53,516,-2299,1675
2025-12-01T17:42:54.686753,91,80,182,93,179,175,99,64,-9085,7321,6025,-9798,501,-2292,129,397,-2559,1683
2025-12-01T17:42:54.708855,114,94,185,114,212,191,116,66,-8757,7062,6143,-10205,553,-2327,239,503,-2898,1644
2025-12-01T17:42:54.724318,131,99,147,110,213,155,124,75,-8411,6743,6268,-10627,692,-2198,346,630,-3188,1633
2025-12-01T17:42:54.746736,135,100,165,100,207,150,124,77,-8052,6389,6404,-11035,815,-2049,414,622,-3341,1543
2025-12-01T17:42:54.769156,155,100,199,114,285,160,147,84,-7686,6020,6563,-11404,877,-1851,433,466,-3377,1382
2025-12-01T17:42:54.784463,171,96,196,133,331,191,170,93,-7330,5640,6737,-11727,930,-1708,512,342,-3340,1170
2025-12-01T17:42:54.806811,173,94,198,122,342,196,169,96,-6987,5283,6924,-11991,1034,-1706,623,110,-3130,1005
2025-12-01T17:42:54.829300,174,94,189,125,349,208,164,95,-6675,4966,7118,-12188,1053,-1672,633,-120,-2786,795
2025-12-01T17:42:54.851821,174,97,183,131,374,191,172,96,-6415,4687,7304,-12328,1057,-1683,686,-229,-2385,553
2025-12-01T17:42:54.866496,162,102,154,118,342,207,156,97,-6206,4460,7474,-12417,1077,-1701,748,-325,-1926,383
2025-12-01T17:42:54.888842,141,99,156,95,339,228,143,90,-6096,4245,7670,-12427,1060,-1663,774,-516,-1350,205
2025-12-01T17:42:54.911817,123,90,160,79,320,223,140,89,-6049,4112,7841,-12388,998,-1790,759,-598,-746,42
2025-12-01T17:42:54.926846,116,83,178,92,340,279,143,91,-6071,4053,7951,-12326,963,-1797,770,-461,-108,-39
2025-12-01T17:42:54.949299,110,79,177,127,351,314,155,92,-6153,4091,8000,-12241,881,-1764,702,-369,598,-36
2025-12-01T17:42:54.971781,96,68,167,170,368,359,154,83,-6281,4224,7993,-12135,714,-1764,567,-264,1225,-16
2025-12-01T17:42:54.987046,82,59,169,177,366,357,144,77,-6420,4468,7910,-12029,563,-1809,475,-234,1753,54
2025-12-01T17:42:55.009330,98,67,161,242,372,378,135,74,-6594,4782,7762,-11910,468,-1729,341,-90,2291,167
2025-12-01T17:42:55.031811,80,63,153,292,353,374,132,63,-6790,5134,7560,-11783,226,-1758,103,91,2625,223
2025-12-01T17:42:55.046877,82,61,137,294,321,364,121,62,-6976,5512,7334,-11645,36,-1687,-17,91,2774,326
2025-12-01T17:42:55.069349,80,62,137,294,267,342,126,60,-7152,5910,7081,-11499,-48,-1621,-1,102,2899,447
2025-12-01T17:42:55.091524,77,59,144,375,257,356,128,60,-7339,6323,6794,-11333,-156,-1452,-9,165,3100,446
2025-12-01T17:42:55.106820,55,49,207,493,242,387,156,62,-7541,6763,6483,-11127,-350,-1288,-56,126,3382,376
2025-12-01T17:42:55.129160,57,48,229,593,254,405,176,63,-7734,7236,6168,-10873,-540,-1304,-147,-65,3599,365
2025-12-01T17:42:55.151818,67,50,253,612,246,440,178,61,-7922,7727,5843,-10575,-624,-1189,-190,-185,3782,313
2025-12-01T17:42:55.167190,72,55,262,722,259,419,180,57,-8106,8220,5524,-10230,-790,-1147,-335,-301,3883,176
2025-12-01T17:42:55.189490,74,61,293,742,222,392,210,58,-8277,8712,5233,-9831,-941,-1165,-429,-534,3922,-30
2025-12-01T17:42:55.211819,72,62,279,696,219,339,197,53,-8431,9186,4989,-9385,-1073,-1213,-543,-768,3834,-289
2025-12-01T17:42:55.226860,70,61,256,641,199,277,173,49,-8553,9644,4824,-8889,-1139,-1364,-590,-1157,3659,-610
2025-12-01T17:42:55.249286,67,59,238,659,195,189,164,49,-8645,10059,4748,-8365,-1338,-1445,-697,-1440,3315,-987
2025-12-01T17:42:55.271957,138,56,244,553,199,187,155,51,-8692,10435,4774,-7824,-1425,-1703,-795,-1802,2896,-1326
2025-12-01T17:42:55.286952,158,52,202,513,188,174,105,49,-8669,10766,4892,-7310,-1484,-1951,-855,-2120,2301,-1474
2025-12-01T17:42:55.309004,165,46,170,536,169,162,94,50,-8583,11062,5075,-6830,-1422,-2027,-887,-2372,1809,-1506
2025-12-01T17:42:55.340205,168,44,159,519,158,147,95,50,-8432,11338,5313,-6367,-1378,-2170,-973,-2663,1433,-1550
2025-12-01T17:42:55.346971,166,45,152,466,166,139,101,50,-8218,11600,5583,-5931,-1334,-2353,-906,-2922,1110,-1478
2025-12-01T17:42:55.369828,133,45,127,457,134,125,95,50,-7976,11829,5851,-5537,-1297,-2455,-847,-2890,846,-1366
2025-12-01T17:42:55.391696,130,46,137,426,141,138,116,55,-7741,12003,6111,-5204,-1272,-2594,-863,-2597,536,-1286
2025-12-01T17:42:55.406482,168,54,218,361,148,159,124,57,-7546,12118,6338,-4949,-1160,-2750,-749,-2094,295,-1131
2025-12-01T17:42:55.429357,173,54,226,392,152,166,141,59,-7376,12198,6532,-4751,-1058,-2681,-719,-1733,136,-956
2025-12-01T17:42:55.452160,179,57,228,466,145,166,140,61,-7220,12245,6681,-4661,-925,-2661,-831,-1462,-72,-853
2025-12-01T17:42:55.466495,166,57,249,469,155,184,148,65,-7092,12268,6814,-4605,-634,-2651,-750,-1251,-213,-666
2025-12-01T17:42:55.486350,154,60,249,469,133,175,133,64,-6917,12350,6951,-4443,-244,-2233,-563,-1608,85,-512
2025-12-01T17:42:55.510011,104,55,183,438,153,165,146,65,-6771,12425,7101,-4217,-443,-2360,-900,-1619,389,-807
2025-12-01T17:42:55.526400,90,56,224,401,162,177,141,67,-6736,12410,7184,-4177,-678,-3045,-1097,-719,57,-709
2025-12-01T17:42:55.553598,75,56,244,422,170,186,137,63,-6720,12345,7274,-4237,-468,-2405,-1202,-42,-471,-567
2025-12-01T17:42:55.579541,76,57,227,408,167,187,137,62,-6687,12282,7380,-4290,-293,-1812,-1140,-11,-570,-548
2025-12-01T17:42:55.586634,60,53,231,473,169,183,134,56,-6622,12241,7496,-4307,-286,-1846,-1167,-305,-495,-567
2025-12-01T17:42:55.609513,56,55,243,513,151,175,110,52,-6534,12215,7606,-4321,-298,-1849,-1230,-418,-499,-480
2025-12-01T17:42:55.631785,53,59,224,561,138,165,99,45,-6439,12192,7712,-4340,-251,-1732,-1266,-395,-536,-412
2025-12-01T17:42:55.646792,51,62,220,515,134,155,113,49,-6361,12163,7814,-4354,-140,-1669,-1269,-310,-506,-398
2025-12-01T17:42:55.669526,52,65,223,533,171,173,119,45,-6301,12131,7908,-4361,-82,-1634,-1262,-230,-434,-385
2025-12-01T17:42:55.691856,57,70,215,666,190,171,121,49,-6250,12103,7992,-4360,-92,-1638,-1352,-182,-345,-374
2025-12-01T17:42:55.706787,60,75,224,795,215,190,136,46,-6204,12077,8068,-4359,-62,-1650,-1313,-175,-318,-329
2025-12-01T17:42:55.729334,79,84,223,818,220,202,135,48,-6155,12056,8136,-4360,-74,-1708,-1355,-191,-303,-281
2025-12-01T17:42:55.752458,83,82,237,899,224,208,122,50,-6114,12036,8199,-4353,18,-1695,-1313,-191,-267,-243
2025-12-01T17:42:55.774334,77,83,253,959,211,207,127,51,-6073,12032,8254,-4320,5,-1751,-1295,-326,-110,-230
2025-12-01T17:42:55.789632,73,80,255,909,203,213,125,50,-6038,12021,8303,-4303,-50,-1900,-1356,-256,-142,-225
2025-12-01T17:42:55.811736,75,78,241,971,200,198,112,53,-6022,12001,8336,-4319,-25,-1930,-1349,-55,-205,-134
2025-12-01T17:42:55.834333,75,66,246,1024,200,195,109,51,-5990,11992,8371,-4320,10,-1757,-1329,-151,-194,-104
2025-12-01T17:42:55.849133,75,74,228,1005,221,213,116,52,-5969,11988,8399,-4306,25,-1873,-1346,-180,-84,-103
2025-12-01T17:42:55.871957,78,71,205,941,219,191,92,49,-5941,11986,8432,-4287,-15,-1808,-1380,-201,-80,-134
2025-12-01T17:42:55.894296,79,69,201,882,230,192,94,50,-5913,11979,8472,-4266,4,-1792,-1369,-214,-91,-176
2025-12-01T17:42:55.909403,79,68,194,739,233,196,98,54,-5889,11964,8514,-4257,-53,-1815,-1355,-168,-126,-221
2025-12-01T17:42:55.931766,56,66,145,578,240,175,111,55,-5846,11952,8562,-4255,-181,-1746,-1386,-208,-175,-243
2025-12-01T17:42:55.954336,54,61,158,552,257,166,109,51,-5796,11933,8616,-4266,-202,-1733,-1384,-201,-266,-261
2025-12-01T17:42:55.969414,47,59,156,626,273,163,111,51,-5741,11910,8673,-4290,-210,-1695,-1339,-189,-342,-256
2025-12-01T17:42:55.991890,47,64,156,754,341,185,121,55,-5687,11886,8727,-4318,-238,-1650,-1381,-133,-342,-248
2025-12-01T17:42:56.013833,39,63,169,846,339,191,132,49,-5637,11855,8781,-4359,-208,-1621,-1370,-61,-413,-238
2025-12-01T17:42:56.028674,42,62,186,882,397,227,136,49,-5572,11841,8829,-4382,-200,-1547,-1392,-177,-347,-162
2025-12-01T17:42:56.051759,41,68,213,890,449,224,137,45,-5489,11842,8878,-4385,-133,-1514,-1382,-338,-327,-101
2025-12-01T17:42:56.074447,48,83,238,919,473,233,143,51,-5404,11854,8923,-4367,-96,-1608,-1441,-451,-239,-70
2025-12-01T17:42:56.089418,51,91,294,865,458,223,147,50,-5327,11863,8966,-4350,-58,-1673,-1425,-442,-232,-65
2025-12-01T17:42:56.111799,52,89,297,823,501,230,141,52,-5264,11864,9007,-4340,-78,-1740,-1427,-378,-225,-86
2025-12-01T17:42:56.133939,53,90,303,865,504,211,126,51,-5215,11843,9054,-4357,-90,-1708,-1409,-214,-329,-159
2025-12-01T17:42:56.149219,98,85,269,846,452,207,122,54,-5179,11813,9103,-4380,-64,-1699,-1405,-125,-341,-193
2025-12-01T17:42:56.171840,99,72,253,812,468,226,115,49,-5152,11782,9147,-4405,-69,-1716,-1359,-103,-309,-186
2025-12-01T17:42:56.193917,98,68,196,794,434,232,98,47,-5148,11752,9172,-4438,-79,-1738,-1358,41,-235,-126
2025-12-01T17:42:56.209330,100,72,184,695,404,224,91,47,-5132,11730,9194,-4466,-102,-1654,-1410,17,-226,-93
2025-12-01T17:42:56.231721,114,79,187,600,368,232,91,47,-5106,11721,9218,-4473,-33,-1648,-1437,-105,-188,-48
2025-12-01T17:42:56.254332,104,82,196,614,357,230,83,43,-5082,11709,9245,-4474,-126,-1680,-1469,-118,-133,-124
2025-12-01T17:42:56.269355,123,85,193,631,398,236,89,47,-5060,11696,9269,-4483,-54,-1661,-1507,-50,-179,-72
2025-12-01T17:42:56.291434,133,77,176,605,402,262,100,50,-5046,11686,9287,-4490,-45,-1653,-1480,-37,-138,-50
2025-12-01T17:42:56.314229,146,71,160,588,384,257,93,47,-5020,11693,9296,-4481,-40,-1545,-1444,-127,-70,26
2025-12-01T17:42:56.329109,146,61,121,586,351,263,93,46,-4987,11712,9303,-4453,-3,-1563,-1459,-239,-13,73
2025-12-01T17:42:56.351736,156,50,92,500,344,286,99,45,-4956,11722,9318,-4430,93,-1633,-1431,-256,-83,54
2025-12-01T17:42:56.373931,143,42,123,376,207,257,99,43,-4934,11727,9340,-4396,166,-1556,-1437,-238,-57,7
2025-12-01T17:42:56.389114,133,43,148,416,191,209,85,37,-4935,11711,9375,-4361,240,-1623,-1474,-142,-62,-123
2025-12-01T17:42:56.411715,139,48,173,418,159,204,90,45,-4964,11693,9411,-4301,247,-1754,-1487,-149,132,-219
2025-12-01T17:42:56.433748,183,55,218,393,152,178,93,63,-5050,11656,9429,-4261,428,-1860,-1266,72,181,-194
2025-12-01T17:42:56.449223,174,58,235,396,140,165,88,65,-5185,11610,9437,-4207,392,-1797,-1369,328,423,-312
2025-12-01T17:42:56.471729,221,66,234,406,116,164,77,63,-5343,11562,9436,-4142,431,-1902,-1348,372,558,-331
2025-12-01T17:42:56.494034,332,105,260,354,107,172,73,70,-5510,11522,9424,-4060,317,-1876,-1444,413,740,-375
2025-12-01T17:42:56.509236,367,112,265,346,101,166,61,74,-5690,11483,9395,-3988,335,-1982,-1433,497,792,-320
2025-12-01T17:42:56.536200,390,113,274,376,103,156,49,61,-5894,11440,9341,-3946,306,-2123,-1431,704,814,-238
2025-12-01T17:42:56.554323,405,116,282,440,92,135,46,63,-6119,11393,9255,-3939,266,-2173,-1311,910,833,-122
2025-12-01T17:42:56.568834,403,132,280,514,91,128,50,77,-6387,11350,9122,-3948,198,-2254,-1195,1154,1034,8
2025-12-01T17:42:56.592089,407,128,276,643,102,126,52,75,-6687,11307,8945,-3983,97,-2279,-1127,1427,1167,130
2025-12-01T17:42:56.611830,561,162,285,725,105,169,72,75,-6989,11278,8734,-4015,-18,-2196,-1083,1496,1319,240
2025-12-01T17:42:56.626579,567,181,295,756,114,189,94,84,-7267,11246,8522,-4064,-215,-2198,-1127,1531,1239,209
2025-12-01T17:42:56.658085,622,214,287,771,114,180,97,88,-7549,11179,8337,-4118,-390,-2251,-1077,1658,1020,173
2025-12-01T17:42:56.673044,652,231,309,805,105,187,97,79,-7824,11074,8161,-4239,-533,-2350,-881,1886,677,193
2025-12-01T17:42:56.688831,684,251,290,779,100,185,99,85,-8114,10944,7967,-4398,-603,-2223,-724,2147,579,270
2025-12-01T17:42:56.711706,554,238,263,730,94,151,86,78,-8422,10792,7750,-4579,-712,-2198,-628,2376,579,312
2025-12-01T17:42:56.742426,553,239,247,718,95,117,63,73,-8738,10622,7509,-4782,-786,-2222,-692,2582,556,392
2025-12-01T17:42:56.756944,533,218,284,669,96,125,61,68,-9030,10441,7269,-5004,-828,-2092,-681,2591,402,455
2025-12-01T17:42:56.771886,490,193,276,563,125,127,65,68,-9272,10265,7049,-5235,-806,-1992,-750,2410,184,518
2025-12-01T17:42:56.793774,378,150,277,430,130,133,59,59,-9450,10102,6867,-5469,-631,-2003,-690,2092,-91,567
2025-12-01T17:42:56.816449,370,139,284,358,130,130,60,60,-9603,9942,6697,-5703,-546,-2034,-673,1984,-185,590
2025-12-01T17:42:56.831770,327,113,274,302,117,128,56,51,-9739,9769,6536,-5953,-642,-2074,-637,1991,-338,605
2025-12-01T17:42:56.854305,232,125,320,273,115,109,49,55,-9854,9586,6382,-6221,-548,-2091,-537,1978,-495,683
2025-12-01T17:42:56.876782,222,129,333,250,90,92,35,55,-9959,9412,6206,-6492,-504,-2021,-466,1975,-441,817
2025-12-01T17:42:56.891709,206,134,328,212,81,79,38,55,-10046,9255,6020,-6754,-518,-2049,-411,1859,-379,900
2025-12-01T17:42:56.914303,176,130,326,217,93,73,37,57,-10100,9128,5847,-6994,-601,-2144,-491,1601,-358,913
2025-12-01T17:42:56.936644,158,135,329,164,98,76,36,61,-10083,9065,5708,-7212,-510,-2051,-511,1374,-432,887
2025-12-01T17:42:56.951593,133,112,245,162,133,104,80,62,-10063,8985,5597,-7424,-433,-2072,-457,1340,-563,825
2025-12-01T17:42:56.973740,109,111,204,158,176,108,86,59,-10036,8900,5521,-7617,-323,-2012,-472,1221,-652,737
2025-12-01T17:42:56.996726,94,103,208,152,195,112,100,57,-9996,8820,5484,-7789,-208,-1999,-527,1074,-728,658
2025-12-01T17:42:57.011866,87,96,206,127,211,119,117,60,-9941,8728,5485,-7961,-66,-2167,-528,998,-904,659
2025-12-01T17:42:57.034234,89,90,193,129,228,117,140,63,-9841,8605,5539,-8176,54,-2248,-575,949,-1377,794
2025-12-01T17:42:57.056492,97,88,178,130,263,180,131,67,-9718,8413,5577,-8492,274,-2261,-438,903,-1824,1006
2025-12-01T17:42:57.071616,126,90,180,121,258,201,133,74,-9536,8217,5648,-8837,408,-2207,-278,692,-2132,1194
2025-12-01T17:42:57.094339,125,89,174,142,287,205,140,76,-9298,8007,5749,-9210,456,-2298,-50,516,-2454,1350
2025-12-01T17:42:57.116787,145,95,179,157,307,246,159,80,-9020,7777,5869,-9599,523,-2360,135,429,-2692,1451
2025-12-01T17:42:57.131704,137,91,154,145,310,255,156,76,-8718,7515,5989,-10005,607,-2283,257,485,-2884,1527
2025-12-01T17:42:57.154361,141,94,185,138,290,210,151,74,-8379,7235,6119,-10414,650,-2264,306,416,-3052,1613
2025-12-01T17:42:57.176736,131,107,192,139,351,219,186,79,-8011,6927,6255,-10824,735,-2234,373,399,-3226,1653
2025-12-01T17:42:57.193151,142,108,189,116,422,230,202,88,-7634,6591,6387,-11222,857,-2019,479,423,-3294,1612
2025-12-01T17:42:57.214282,156,111,179,97,461,203,190,94,-7270,6252,6519,-11576,1050,-1824,572,349,-3169,1456
2025-12-01T17:42:57.236828,169,114,223,90,474,258,190,99,-6932,5950,6660,-11859,1075,-1719,699,103,-2827,1237
2025-12-01T17:42:57.251820,167,108,208,100,574,275,195,96,-6633,5717,6804,-12060,1043,-1723,759,-182,-2299,1030
2025-12-01T17:42:57.274348,163,79,192,104,563,280,207,90,-6393,5557,6932,-12192,997,-1834,816,-326,-1690,833
2025-12-01T17:42:57.296607,160,95,213,119,538,306,215,85,-6271,5418,7061,-12244,1017,-1694,810,-370,-945,694
2025-12-01T17:42:57.311766,139,90,219,225,515,337,218,77,-6226,5394,7146,-12228,765,-1637,646,-387,-131,461
2025-12-01T17:42:57.334119,123,87,185,259,511,325,217,73,-6236,5472,7183,-12166,526,-1712,501,-331,542,361
2025-12-01T17:42:57.356869,114,88,201,325,399,341,234,74,-6294,5633,7164,-12073,401,-1707,394,-223,1146,349
2025-12-01T17:42:57.371852,101,89,224,404,357,361,249,78,-6390,5848,7097,-11960,320,-1573,230,-65,1572,326
2025-12-01T17:42:57.394012,88,74,225,451,286,347,243,76,-6534,6128,6940,-11834,275,-1434,173,57,2108,202
2025-12-01T17:42:57.416380,68,74,230,486,240,325,242,77,-6732,6462,6747,-11655,144,-1278,70,79,2630,50
2025-12-01T17:42:57.431065,95,76,240,547,208,350,263,88,-6977,6857,6530,-11407,-11,-1196,-50,-14,3186,-121
2025-12-01T17:42:57.453904,147,87,306,575,222,340,257,91,-7250,7290,6305,-11090,-174,-1190,-229,-146,3562,-309
2025-12-01T17:42:57.476851,178,84,308,594,215,330,211,83,-7543,7744,6084,-10702,-333,-1145,-366,-306,3836,-548
2025-12-01T17:42:57.496099,180,79,295,692,216,336,195,81,-7833,8198,5888,-10257,-557,-1257,-509,-506,3907,-770
2025-12-01T17:42:57.514232,326,85,309,758,217,332,199,76,-8094,8648,5735,-9760,-780,-1271,-673,-825,3862,-965
2025-12-01T17:42:57.536712,342,92,316,807,227,278,169,73,-8320,9054,5638,-9243,-966,-1383,-673,-1034,3545,-1180
2025-12-01T17:42:57.551848,326,78,261,833,202,254,158,65,-8492,9436,5609,-8707,-1062,-1525,-778,-1376,3235,-1329
2025-12-01T17:42:57.574829,321,86,273,826,231,223,162,73,-8599,9793,5657,-8160,-1163,-1669,-889,-1760,2852,-1478
2025-12-01T17:42:57.596369,333,87,281,781,235,187,151,75,-8645,10113,5765,-7628,-1350,-1904,-951,-1996,2415,-1567
2025-12-01T17:42:57.611859,217,75,260,698,225,159,141,76,-8614,10409,5924,-7126,-1308,-2051,-946,-2284,1959,-1498
2025-12-01T17:42:57.642344,225,60,234,629,209,160,143,64,-8501,10710,6116,-6638,-1305,-2148,-915,-2660,1676,-1368
2025-12-01T17:42:57.656615,222,59,201,565,263,172,141,69,-8316,11011,6325,-6166,-1314,-2289,-855,-2970,1434,-1228
2025-12-01T17:42:57.679590,219,51,161,543,241,175,145,73,-8081,11299,6533,-5725,-1357,-2524,-851,-3074,1201,-1068
2025-12-01T17:42:57.702464,230,49,193,455,232,188,147,70,-7838,11539,6722,-5353,-1328,-2798,-794,-2827,890,-886
2025-12-01T17:42:57.716881,220,50,190,438,235,207,159,68,-7632,11711,6878,-5071,-1253,-2789,-708,-2259,589,-743
2025-12-01T17:42:57.740038,172,60,204,427,235,205,152,67,-7455,11834,7017,-4855,-1173,-2628,-690,-1836,356,-654
2025-12-01T17:42:57.754354,170,64,220,436,137,204,169,67,-7262,11944,7158,-4667,-944,-2616,-627,-1827,176,-569
2025-12-01T17:42:57.777070,153,59,219,505,152,195,185,65,-7052,12080,7270,-4463,-485,-2625,-574,-1977,286,-350
2025-12-01T17:42:57.799969,105,64,217,504,148,202,196,68,-6847,12224,7376,-4211,-652,-2544,-650,-2082,537,-445
2025-12-01T17:42:57.814205,72,63,225,505,154,216,179,68,-6774,12255,7429,-4143,-794,-3155,-855,-1158,253,-566
2025-12-01T17:42:57.836760,68,56,223,528,158,216,177,68,-6767,12199,7482,-4225,-688,-2833,-1015,-112,-368,-486
2025-12-01T17:42:57.860016,67,49,215,532,179,207,159,67,-6725,12133,7577,-4312,-466,-1960,-934,-64,-656,-509
2025-12-01T17:42:57.873805,65,51,216,575,181,204,119,54,-6622,12101,7699,-4344,-407,-1975,-1040,-545,-611,-543
2025-12-01T17:42:57.896915,60,46,212,645,202,201,98,48,-6511,12075,7813,-4381,-417,-2138,-1107,-594,-627,-471
2025-12-01T17:42:57.920078,75,48,207,664,220,200,103,43,-6432,12030,7911,-4444,-303,-1917,-1146,-246,-678,-387
2025-12-01T17:42:57.933946,73,50,205,702,224,200,115,43,-6357,11983,8010,-4501,-235,-1673,-1181,-163,-669,-378
2025-12-01T17:42:57.956727,69,54,205,717,216,206,111,36,-6277,11947,8111,-4529,-172,-1584,-1241,-243,-577,-391
2025-12-01T17:42:57.979591,69,63,261,752,234,216,121,39,-6206,11910,8210,-4544,-110,-1646,-1259,-255,-509,-389
2025-12-01T17:42:57.994450,65,64,273,789,248,210,133,45,-6132,11885,8297,-4554,-100,-1602,-1317,-254,-459,-314
2025-12-01T17:42:58.016566,43,64,287,905,252,182,127,46,-6067,11861,8376,-4556,-39,-1659,-1363,-236,-402,-276
2025-12-01T17:42:58.040658,40,61,282,922,258,207,131,44,-6025,11842,8436,-4552,2,-1687,-1368,-159,-278,-216
2025-12-01T17:42:58.062485,49,72,311,994,275,234,156,63,-5999,11824,8485,-4541,109,-1669,-1252,-145,-208,-168
2025-12-01T17:42:58.076836,47,69,260,942,323,229,171,66,-5979,11822,8530,-4489,131,-1631,-1262,-257,5,-191
2025-12-01T17:42:58.099943,46,72,228,988,318,247,182,67,-5972,11824,8573,-4413,53,-1733,-1265,-321,176,-281
2025-12-01T17:42:58.114232,49,73,283,940,338,320,190,75,-5985,11804,8611,-4371,106,-2007,-1374,-130,65,-270
2025-12-01T17:42:58.136693,53,75,289,942,358,382,194,76,-6024,11772,8627,-4373,77,-1937,-1318,165,4,-182
2025-12-01T17:42:58.160015,47,62,249,848,388,383,227,74,-6030,11759,8652,-4349,93,-1701,-1379,6,20,-165
2025-12-01T17:42:58.174321,49,57,251,801,384,390,227,75,-5991,11772,8697,-4281,76,-1753,-1395,-409,66,-199
2025-12-01T17:42:58.197193,50,59,253,717,414,388,221,76,-5929,11794,8746,-4206,-4,-1843,-1406,-588,67,-219
2025-12-01T17:42:58.220054,49,59,170,751,438,393,257,78,-5888,11791,8794,-4170,-45,-1821,-1338,-372,-52,-255
2025-12-01T17:42:58.234202,48,58,165,682,424,345,253,78,-5856,11780,8846,-4137,-23,-1679,-1369,-255,-62,-294
2025-12-01T17:42:58.256557,52,61,190,698,409,351,253,87,-5825,11759,8908,-4106,-27,-1680,-1333,-262,-92,-366
2025-12-01T17:42:58.280031,55,62,180,703,420,354,254,87,-5782,11750,8968,-4064,-35,-1638,-1341,-359,-61,-334
2025-12-01T17:42:58.294073,57,71,257,648,439,415,286,102,-5735,11742,9022,-4033,-64,-1697,-1327,-374,-91,-295
2025-12-01T17:42:58.316831,63,74,264,526,416,415,290,112,-5690,11737,9066,-4012,-58,-1732,-1356,-328,-102,-233
2025-12-01T17:42:58.340073,62,74,274,608,437,408,290,112,-5654,11726,9105,-4006,-37,-1744,-1344,-250,-139,-199
2025-12-01T17:42:58.354386,56,72,274,561,455,403,268,98,-5616,11721,9136,-4006,-31,-1755,-1330,-247,-150,-134
2025-12-01T17:42:58.376758,53,73,274,547,452,463,275,97,-5581,11717,9162,-4007,1,-1692,-1339,-210,-149,-98
2025-12-01T17:42:58.399786,49,55,186,648,411,408,245,82,-5549,11710,9191,-4004,2,-1715,-1380,-200,-135,-127
2025-12-01T17:42:58.414290,41,49,188,617,412,411,237,77,-5522,11700,9221,-4002,17,-1726,-1389,-178,-127,-137
2025-12-01T17:42:58.436800,41,49,176,516,464,404,238,76,-5502,11688,9247,-4005,56,-1709,-1436,-110,-136,-114
2025-12-01T17:42:58.460277,46,49,157,648,443,416,230,95,-5482,11677,9274,-4003,91,-1649,-1477,-83,-130,-113
2025-12-01T17:42:58.474334,52,50,160,685,500,352,240,115,-5460,11667,9301,-3998,107,-1663,-1479,-114,-129,-102
2025-12-01T17:42:58.496816,55,52,172,593,521,398,254,119,-5436,11664,9322,-3992,117,-1654,-1496,-118,-116,-50
2025-12-01T17:42:58.519998,55,53,166,614,523,407,247,119,-5422,11655,9338,-3997,98,-1624,-1478,-32,-118,-49
2025-12-01T17:42:58.534392,55,54,157,620,464,404,251,127,-5411,11649,9350,-4000,126,-1607,-1447,-30,-98,-24
2025-12-01T17:42:58.556759,60,60,197,541,455,390,256,119,-5403,11648,9358,-4000,119,-1663,-1455,-51,-62,-2
2025-12-01T17:42:58.579696,53,55,195,562,359,372,230,98,-5406,11645,9355,-4010,81,-1682,-1438,33,-34,24
2025-12-01T17:42:58.602483,51,59,211,575,336,348,227,97,-5416,11641,9344,-4032,32,-1676,-1436,116,-32,45
2025-12-01T17:42:58.616736,48,60,225,611,323,273,195,86,-5424,11641,9330,-4054,5,-1621,-1450,136,-22,64
2025-12-01T17:42:58.639910,50,62,230,633,308,268,180,72,-5428,11643,9318,-4072,-1,-1617,-1405,81,-15,64
2025-12-01T17:42:58.662475,46,67,226,766,387,247,158,62,-5428,11651,9306,-4076,-19,-1586,-1394,22,40,52
2025-12-01T17:42:58.676758,53,74,261,802,416,266,168,66,-5434,11661,9295,-4065,-14,-1576,-1390,-8,122,18
2025-12-01T17:42:58.700053,61,101,337,850,470,243,165,63,-5443,11673,9288,-4034,-5,-1532,-1439,-37,203,-30
2025-12-01T17:42:58.722496,62,103,328,816,462,273,169,64,-5461,11676,9293,-3989,132,-1538,-1375,-74,203,-84
2025-12-01T17:42:58.736747,63,104,346,801,485,373,206,72,-5481,11671,9303,-3952,-8,-1747,-1638,-1,220,-194
2025-12-01T17:42:58.759987,61,101,338,686,461,400,234,82,-5503,11660,9290,-3987,-56,-1784,-1569,246,-10,-6
2025-12-01T17:42:58.782535,62,104,319,632,426,495,271,89,-5470,11678,9275,-4014,45,-1443,-1564,66,-152,207
2025-12-01T17:42:58.796374,56,83,235,579,354,490,261,89,-5400,11723,9279,-3966,284,-1436,-1429,-458,-56,228
2025-12-01T17:42:58.819692,58,83,251,670,363,469,256,87,-5374,11754,9278,-3914,104,-1861,-1492,-407,154,57
2025-12-01T17:42:58.842798,60,93,284,694,395,400,227,82,-5396,11746,9268,-3929,88,-1861,-1410,60,4,18
2025-12-01T17:42:58.856225,65,119,343,785,464,385,213,77,-5422,11736,9257,-3951,78,-1603,-1470,220,-5,26
2025-12-01T17:42:58.880083,59,116,349,828,496,302,180,70,-5420,11739,9254,-3952,3,-1663,-1460,-15,21,1
2025-12-01T17:42:58.901973,59,111,343,884,489,302,169,63,-5420,11739,9253,-3953,-1,-1730,-1491,12,-10,13
2025-12-01T17:42:58.916778,61,120,344,874,526,300,174,70,-5412,11747,9246,-3955,11,-1707,-1498,-41,13,44
2025-12-01T17:42:58.940077,58,113,316,891,506,303,172,71,-5417,11749,9237,-3964,36,-1801,-1510,16,6,41
2025-12-01T17:42:58.962551,53,81,234,792,404,321,165,67,-5434,11751,9218,-3981,74,-1944,-1510,60,12,97
2025-12-01T17:42:58.976766,62,81,236,753,349,270,140,65,-5464,11745,9197,-4005,130,-1928,-1424,126,4,95
2025-12-01T17:42:59.000195,60,76,252,682,341,251,136,61,-5493,11739,9181,-4021,183,-2019,-1391,49,-3,88
2025-12-01T17:42:59.022564,56,55,226,607,271,275,134,54,-5553,11719,9158,-4047,240,-2151,-1262,148,33,65
2025-12-01T17:42:59.036816,61,54,199,561,219,280,135,50,-5653,11691,9118,-4080,245,-2167,-1184,351,145,67
2025-12-01T17:42:59.060058,91,72,220,567,221,259,127,51,-5788,11651,9064,-4128,179,-2119,-1138,603,239,34
2025-12-01T17:42:59.082497,92,68,196,533,204,256,107,43,-5943,11601,8999,-4187,97,-2055,-1150,808,292,8
2025-12-01T17:42:59.096569,106,75,187,501,211,263,106,52,-6112,11556,8921,-4236,72,-2034,-1130,865,419,10
2025-12-01T17:42:59.120105,131,90,237,535,202,230,100,52,-6295,11501,8835,-4297,10,-2114,-1121,993,444,-10
2025-12-01T17:42:59.142505,135,89,234,544,207,204,98,51,-6502,11434,8727,-4389,-63,-2176,-1085,1242,447,27
2025-12-01T17:42:59.156827,128,83,227,604,183,169,80,54,-6735,11358,8596,-4490,-94,-2120,-1095,1495,532,58
2025-12-01T17:42:59.180472,141,99,227,630,194,156,82,56,-6961,11277,8470,-4590,-144,-2071,-1061,1510,514,5
2025-12-01T17:42:59.201942,131,95,216,626,182,143,78,54,-7186,11178,8343,-4717,-192,-2221,-888,1556,389,-11
2025-12-01T17:42:59.216751,123,95,184,592,154,163,76,55,-7438,11062,8205,-4839,-258,-2316,-805,1783,421,43
2025-12-01T17:42:59.240053,125,107,199,552,127,163,74,64,-7704,10933,8052,-4971,-354,-2281,-763,1939,447,47
2025-12-01T17:42:59.270093,121,125,225,430,135,164,71,57,-7966,10778,7908,-5126,-476,-2334,-654,2030,286,0
2025-12-01T17:42:59.276862,113,113,226,351,118,151,71,55,-8239,10607,7741,-5303,-485,-2390,-511,2217,267,72
2025-12-01T17:42:59.300113,123,122,234,328,109,173,77,54,-8541,10423,7538,-5479,-544,-2397,-498,2433,417,109
2025-12-01T17:42:59.322559,110,112,213,318,102,151,74,52,-8852,10231,7310,-5654,-618,-2418,-510,2552,504,147
2025-12-01T17:42:59.336766,101,102,229,281,97,149,68,46,-9144,10049,7081,-5806,-737,-2078,-594,2437,559,129
2025-12-01T17:42:59.359992,97,75,197,342,87,141,66,44,-9400,9862,6882,-5955,-829,-2114,-630,2279,372,65
2025-12-01T17:42:59.382166,93,98,248,378,82,140,68,50,-9639,9651,6703,-6121,-814,-2204,-613,2311,159,32
2025-12-01T17:42:59.397016,90,89,238,441,85,116,61,52,-9875,9413,6522,-6307,-830,-2135,-711,2468,34,46
2025-12-01T17:42:59.420038,89,88,242,456,88,110,67,60,-10092,9163,6350,-6505,-673,-2084,-685,2465,-118,93
2025-12-01T17:42:59.442529,93,88,234,468,91,147,85,59,-10284,8916,6198,-6691,-627,-1918,-758,2328,-196,66
2025-12-01T17:42:59.456521,93,89,255,426,88,154,93,66,-10436,8687,6081,-6862,-526,-1954,-875,2054,-315,51
2025-12-01T17:42:59.479993,98,72,211,371,97,157,89,68,-10548,8479,5972,-7044,-265,-2008,-770,1862,-412,234
2025-12-01T17:42:59.502109,92,69,220,281,93,170,101,71,-10627,8282,5867,-7245,-193,-2076,-724,1762,-522,404
2025-12-01T17:42:59.516484,90,81,269,205,105,177,95,65,-10619,8160,5801,-7446,-44,-1995,-621,1594,-642,665
2025-12-01T17:42:59.540008,88,80,261,162,121,143,89,65,-10584,8057,5741,-7652,46,-1954,-586,1432,-685,836
2025-12-01T17:42:59.562461,89,77,259,121,131,143,84,61,-10507,7958,5719,-7875,236,-1999,-471,1196,-904,1024
2025-12-01T17:42:59.585329,78,70,282,116,167,185,103,58,-10375,7853,5750,-8128,331,-2093,-403,975,-1288,1195
2025-12-01T17:42:59.600502,88,74,276,125,249,174,104,52,-10212,7687,5763,-8477,374,-2191,-321,934,-1749,1390
2025-12-01T17:42:59.622575,100,58,234,132,264,167,105,52,-9994,7497,5795,-8876,436,-2154,-183,901,-2121,1645
2025-12-01T17:42:59.645226,116,58,232,140,287,178,104,60,-9731,7287,5839,-9303,521,-2087,-45,855,-2376,1814
2025-12-01T17:42:59.659337,118,61,215,136,288,195,117,59,-9425,7076,5912,-9725,568,-2032,110,633,-2545,1875
2025-12-01T17:42:59.682554,133,86,260,134,290,230,117,69,-9079,6851,6015,-10144,685,-2097,227,464,-2756,1915
2025-12-01T17:42:59.705293,168,103,259,118,242,274,119,75,-8704,6588,6147,-10559,736,-2150,365,402,-3019,1865
2025-12-01T17:42:59.718974,178,112,257,111,234,302,129,82,-8307,6282,6309,-10962,737,-2085,406,336,-3277,1752
2025-12-01T17:42:59.742096,179,116,257,108,225,343,138,90,-7896,5935,6480,-11353,801,-2021,449,362,-3456,1662
2025-12-01T17:42:59.764961,190,120,263,110,285,342,142,99,-7472,5567,6669,-11711,940,-1919,548,232,-3539,1558
2025-12-01T17:42:59.778813,186,109,188,102,313,370,157,106,-7052,5192,6872,-12022,1068,-1841,677,80,-3499,1390
2025-12-01T17:42:59.802881,166,101,206,99,388,388,188,115,-6663,4820,7082,-12274,1143,-1799,707,-51,-3317,1115
2025-12-01T17:42:59.824947,161,101,212,112,473,394,203,122,-6319,4469,7292,-12465,1215,-1705,813,-183,-3014,845
2025-12-01T17:42:59.839230,156,102,214,167,473,374,200,117,-6041,4164,7485,-12593,1259,-1724,855,-273,-2518,571
2025-12-01T17:42:59.862011,142,96,197,245,478,391,209,119,-5842,3940,7654,-12657,1271,-1741,943,-397,-1834,333
2025-12-01T17:42:59.884724,135,91,194,269,483,341,214,108,-5785,3739,7825,-12640,1407,-1774,975,-521,-981,164
2025-12-01T17:42:59.898387,115,81,178,309,432,291,197,98,-5832,3666,7936,-12570,1320,-1866,897,-465,-7,-24
2025-12-01T17:42:59.923028,94,71,177,311,331,290,202,83,-5962,3719,7972,-12471,1087,-1939,738,-282,884,-124
2025-12-01T17:42:59.944936,89,66,194,475,350,331,214,82,-6135,3914,7881,-12384,958,-1794,641,1,1651,-153
2025-12-01T17:42:59.959234,81,63,189,460,326,326,212,73,-6375,4196,7737,-12261,682,-1552,337,60,2345,-233
2025-12-01T17:42:59.982896,69,59,186,598,282,336,195,68,-6646,4542,7555,-12106,420,-1660,157,64,2809,-241
2025-12-01T17:43:00.007483,66,59,220,628,282,350,181,64,-6931,4918,7320,-11943,206,-1620,25,226,3092,-180
2025-12-01T17:43:00.019059,66,54,209,700,289,346,153,64,-7222,5315,7046,-11764,86,-1418,-42,308,3300,-134
2025-12-01T17:43:00.042486,55,56,217,642,247,306,135,55,-7522,5732,6747,-11553,-79,-1270,-140,296,3513,-174
2025-12-01T17:43:00.065007,84,64,231,714,223,317,115,48,-7811,6181,6457,-11293,-256,-1204,-195,46,3675,-215
2025-12-01T17:43:00.079232,88,65,272,683,230,299,116,48,-8070,6654,6191,-10987,-416,-1155,-287,-269,3727,-242
2025-12-01T17:43:00.103040,110,61,243,661,198,281,133,57,-8303,7146,5954,-10630,-596,-1145,-377,-593,3763,-325
2025-12-01T17:43:00.125148,181,63,246,690,188,267,140,55,-8498,7644,5747,-10235,-799,-1204,-435,-886,3710,-380
2025-12-01T17:43:00.139299,185,60,254,689,209,244,132,54,-8657,8127,5588,-9809,-989,-1276,-386,-1177,3529,-517
2025-12-01T17:43:00.162514,177,65,269,850,206,229,142,58,-8783,8569,5488,-9367,-1093,-1457,-470,-1368,3191,-702
2025-12-01T17:43:00.184203,184,70,240,837,190,222,132,57,-8882,8963,5455,-8913,-1132,-1478,-534,-1535,2832,-946
2025-12-01T17:43:00.198812,179,71,249,843,197,220,118,47,-8931,9320,5507,-8455,-1201,-1632,-634,-1838,2378,-1145
2025-12-01T17:43:00.222588,149,76,246,791,213,227,114,54,-8905,9672,5631,-7991,-1229,-1789,-705,-2285,2032,-1190
2025-12-01T17:43:00.245107,149,75,219,762,343,284,130,55,-8799,10035,5804,-7525,-1235,-1898,-739,-2727,1779,-1121
2025-12-01T17:43:00.267037,151,70,205,528,372,271,135,58,-8633,10392,6006,-7061,-1197,-2122,-736,-3008,1565,-1067
2025-12-01T17:43:00.282085,155,69,198,482,378,286,175,69,-8439,10709,6212,-6629,-1211,-2382,-754,-2957,1293,-1007
2025-12-01T17:43:00.304889,157,69,180,481,418,298,179,75,-8239,10974,6411,-6247,-1136,-2506,-796,-2722,1017,-925
2025-12-01T17:43:00.319008,131,84,267,527,412,288,200,77,-8038,11191,6591,-5927,-1140,-2584,-673,-2455,742,-786
2025-12-01T17:43:00.342694,127,90,269,577,362,267,207,80,-7846,11376,6749,-5650,-1031,-2621,-689,-2205,597,-659
2025-12-01T17:43:00.362977,133,90,279,534,347,284,199,78,-7662,11534,6885,-5413,-945,-2742,-643,-1996,475,-542
2025-12-01T17:43:00.377726,123,87,286,564,364,266,171,68,-7490,11667,7004,-5210,-868,-2732,-678,-1781,367,-454
2025-12-01T17:43:00.402598,112,94,299,585,334,254,165,61,-7333,11775,7082,-5084,-759,-2724,-742,-1583,262,-395
2025-12-01T17:43:00.424717,93,74,232,704,371,244,145,53,-7172,11871,7164,-4975,-682,-2689,-813,-1534,145,-346
2025-12-01T17:43:00.439314,94,70,221,664,322,201,126,49,-7019,11945,7247,-4894,-575,-2665,-833,-1400,-10,-298
2025-12-01T17:43:00.462489,75,74,229,691,303,164,130,44,-6897,11987,7324,-4851,-521,-2594,-839,-1100,-132,-284
2025-12-01T17:43:00.485010,64,76,226,648,303,190,128,47,-6809,11999,7397,-4835,-410,-2449,-768,-828,-225,-282
2025-12-01T17:43:00.507131,64,69,211,607,306,188,128,43,-6752,11997,7457,-4828,-208,-2353,-751,-619,-222,-204
2025-12-01T17:43:00.529845,63,72,234,349,262,204,118,43,-6719,11996,7510,-4793,-184,-2039,-765,-495,-39,-275
2025-12-01T17:43:00.544986,59,67,229,337,295,266,132,41,-6687,12000,7569,-4736,-264,-2069,-972,-492,69,-384
2025-12-01T17:43:00.567520,61,59,190,290,292,260,137,42,-6668,11984,7620,-4720,-276,-2085,-1064,-236,-73,-340
2025-12-01T17:43:00.582515,69,52,188,274,273,248,133,38,-6647,11960,7674,-4724,-225,-1856,-1252,-29,-200,-301
2025-12-01T17:43:00.605519,63,52,179,282,251,239,135,42,-6596,11951,7738,-4715,-163,-1694,-1230,-206,-236,-267
2025-12-01T17:43:00.627556,63,46,140,289,247,225,134,40,-6531,11955,7800,-4692,-147,-1779,-1238,-364,-197,-221
2025-12-01T17:43:00.641747,60,61,180,372,191,185,129,49,-6465,11963,7853,-4673,-146,-1795,-1252,-361,-190,-162
2025-12-01T17:43:00.664885,59,58,193,463,215,239,123,54,-6393,11976,7906,-4650,-131,-1755,-1275,-391,-185,-139
2025-12-01T17:43:00.687368,48,67,189,516,226,231,124,55,-6327,11985,7959,-4627,-112,-1777,-1240,-392,-179,-157
2025-12-01T17:43:00.702095,47,66,215,591,278,232,127,56,-6276,11987,8012,-4602,-107,-1728,-1260,-311,-139,-199
2025-12-01T17:43:00.725200,47,69,207,725,286,234,126,57,-6237,11975,8071,-4582,-44,-1737,-1187,-266,-181,-243
2025-12-01T17:43:00.747450,53,61,199,736,329,220,125,49,-6206,11964,8133,-4542,18,-1683,-1206,-280,-93,-287
2025-12-01T17:43:00.761670,52,63,190,756,365,178,125,48,-6185,11958,8195,-4475,40,-1712,-1210,-340,48,-343
2025-12-01T17:43:00.786346,51,59,181,810,371,185,126,46,-6165,11950,8261,-4400,10,-1713,-1241,-356,86,-403
2025-12-01T17:43:00.807374,51,63,173,805,375,200,129,51,-6138,11937,8338,-4329,-128,-1751,-1353,-352,63,-514
2025-12-01T17:43:00.821803,50,61,181,798,422,217,130,52,-6120,11914,8397,-4305,-140,-1956,-1327,-217,-63,-395
2025-12-01T17:43:00.844707,45,63,180,957,423,227,117,53,-6102,11890,8440,-4310,-190,-1762,-1361,-29,-135,-293
2025-12-01T17:43:00.867667,43,63,190,947,424,261,119,50,-6058,11878,8489,-4308,-165,-1724,-1374,-177,-185,-247
2025-12-01T17:43:00.881630,43,62,215,1033,485,278,119,52,-5997,11878,8536,-4302,-168,-1694,-1344,-294,-190,-187
2025-12-01T17:43:00.904445,40,59,199,1053,546,385,118,46,-5940,11876,8577,-4305,-151,-1785,-1344,-275,-219,-153
2025-12-01T17:43:00.927455,40,61,201,1030,552,390,120,49,-5888,11873,8612,-4314,-118,-1784,-1289,-261,-229,-102
2025-12-01T17:43:00.941819,37,57,189,896,576,425,123,45,-5840,11875,8644,-4312,-61,-1748,-1358,-239,-178,-76
2025-12-01T17:43:00.964910,39,54,173,882,561,425,112,47,-5789,11872,8680,-4317,-24,-1802,-1374,-248,-247,-74
2025-12-01T17:43:00.987331,43,62,143,723,534,430,128,54,-5723,11868,8724,-4326,-47,-1711,-1384,-279,-315,-87
2025-12-01T17:43:01.001719,42,64,154,652,484,353,121,54,-5648,11868,8776,-4318,-4,-1711,-1439,-371,-304,-105
2025-12-01T17:43:01.024907,42,64,153,583,449,340,130,51,-5557,11873,8838,-4299,-2,-1715,-1464,-502,-320,-125
2025-12-01T17:43:01.047420,42,64,162,582,403,295,133,54,-5459,11879,8899,-4282,-41,-1729,-1485,-534,-333,-120
2025-12-01T17:43:01.061778,37,64,172,556,376,267,131,51,-5346,11885,8962,-4274,-63,-1700,-1472,-578,-416,-91
2025-12-01T17:43:01.084946,31,54,162,535,413,257,120,40,-5227,11888,9024,-4284,-90,-1740,-1459,-578,-504,-64
2025-12-01T17:43:01.107408,33,51,153,512,445,283,120,41,-5094,11899,9081,-4293,-128,-1645,-1439,-635,-513,-12
2025-12-01T17:43:01.121791,31,51,145,587,468,310,116,40,-4948,11909,9142,-4307,-128,-1569,-1441,-662,-589,13
2025-12-01T17:43:01.144937,31,50,120,512,557,335,117,37,-4807,11918,9196,-4327,-230,-1642,-1527,-620,-560,4
2025-12-01T17:43:01.167037,33,48,97,487,690,359,135,41,-4688,11929,9231,-4352,-156,-1630,-1485,-510,-510,107
2025-12-01T17:43:01.181840,35,46,93,473,662,351,133,41,-4570,11945,9260,-4371,-147,-1508,-1525,-479,-479,142
2025-12-01T17:43:01.205114,32,42,79,486,645,363,137,42,-4459,11956,9297,-4377,-103,-1458,-1523,-493,-444,86
2025-12-01T17:43:01.227509,37,41,75,413,626,365,151,50,-4363,11965,9328,-4385,-89,-1496,-1516,-436,-410,95
2025-12-01T17:43:01.242183,36,38,76,449,550,342,154,51,-4264,11981,9355,-4379,-166,-1489,-1631,-464,-328,95
2025-12-01T17:43:01.264917,35,38,77,469,438,337,143,52,-4201,11987,9375,-4382,-31,-1643,-1546,-365,-303,110
2025-12-01T17:43:01.287449,36,41,84,473,412,360,141,52,-4185,11990,9380,-4378,13,-1641,-1551,-167,-128,104
2025-12-01T17:43:01.301351,35,44,97,545,373,332,140,51,-4202,11986,9377,-4378,19,-1670,-1534,-9,-38,69
2025-12-01T17:43:01.325026,30,46,100,564,359,351,114,42,-4240,11979,9372,-4372,19,-1660,-1592,90,54,27
2025-12-01T17:43:01.347306,38,48,150,603,421,343,101,42,-4299,11975,9359,-4353,44,-1633,-1594,158,180,21
2025-12-01T17:43:01.361835,44,47,152,649,381,338,101,40,-4370,11967,9340,-4344,8,-1602,-1642,298,200,7
2025-12-01T17:43:01.385442,96,55,171,658,365,309,92,39,-4449,11963,9314,-4332,-5,-1580,-1612,326,263,28
2025-12-01T17:43:01.404807,116,56,226,648,346,281,84,40,-4521,11970,9278,-4314,-44,-1568,-1660,309,320,76
2025-12-01T17:43:01.419783,135,63,225,608,367,352,120,44,-4601,11980,9229,-4308,-41,-1580,-1592,371,324,149
2025-12-01T17:43:01.442369,168,77,250,550,275,350,127,54,-4690,12003,9162,-4292,-51,-1520,-1569,410,449,223
2025-12-01T17:43:01.465716,265,92,257,566,232,348,123,53,-4769,12027,9093,-4282,-151,-1473,-1628,431,434,216
2025-12-01T17:43:01.491871,284,101,268,598,228,355,129,56,-4852,12037,9031,-4294,-96,-1519,-1490,470,315,194
2025-12-01T17:43:01.504813,292,106,243,637,243,401,137,65,-4967,12044,8951,-4311,-117,-1557,-1449,638,429,210
2025-12-01T17:43:01.527364,314,113,249,709,204,321,114,71,-5091,12063,8857,-4307,-84,-1546,-1435,619,567,264
2025-12-01T17:43:01.550008,301,106,235,713,200,322,106,63,-5213,12089,8757,-4290,-157,-1471,-1472,624,672,255
2025-12-01T17:43:01.564195,303,115,234,682,200,304,104,64,-5331,12087,8693,-4285,-142,-1523,-1544,667,504,50
2025-12-01T17:43:01.587024,350,118,214,648,219,308,98,63,-5433,12083,8641,-4270,-130,-1490,-1437,537,470,-4
2025-12-01T17:43:01.610059,356,119,214,565,214,265,90,53,-5521,12075,8607,-4249,-176,-1596,-1476,425,436,-96
2025-12-01T17:43:01.624326,344,109,219,555,209,224,76,41,-5595,12058,8591,-4234,-149,-1702,-1455,344,320,-166
2025-12-01T17:43:01.647447,452,138,215,543,196,224,83,51,-5672,12031,8583,-4224,-137,-1785,-1374,321,279,-220
2025-12-01T17:43:01.670048,451,141,228,549,198,263,89,57,-5783,11983,8573,-4232,-74,-2028,-1268,448,259,-263
2025-12-01T17:43:01.684332,433,147,249,567,187,259,91,61,-5922,11918,8554,-4260,-5,-2099,-1192,631,240,-261
2025-12-01T17:43:01.708019,479,145,230,573,182,253,82,72,-6091,11844,8519,-4298,-12,-2212,-1105,778,307,-254
2025-12-01T17:43:01.729921,505,148,234,511,171,289,93,74,-6289,11758,8467,-4352,13,-2364,-1025,940,345,-236
2025-12-01T17:43:01.744305,448,130,216,566,166,282,86,69,-6506,11663,8404,-4410,-48,-2404,-962,1069,417,-271
2025-12-01T17:43:01.767211,414,123,239,524,149,241,82,66,-6742,11547,8335,-4490,-96,-2506,-875,1238,382,-324
2025-12-01T17:43:01.790076,418,116,229,480,130,229,77,63,-7010,11416,8241,-4586,-162,-2564,-802,1488,464,-325
2025-12-01T17:43:01.804843,422,117,242,502,116,221,78,67,-7299,11278,8142,-4655,-270,-2479,-850,1759,589,-346
2025-12-01T17:43:01.827408,399,124,260,535,114,195,66,65,-7611,11103,8036,-4760,-365,-2592,-778,2056,477,-375
2025-12-01T17:43:01.849807,405,141,323,506,118,198,69,72,-7932,10925,7905,-4866,-434,-2409,-742,2159,561,-316
2025-12-01T17:43:01.864308,474,143,331,534,123,190,62,79,-8249,10738,7767,-4976,-523,-2411,-737,2210,540,-310
2025-12-01T17:43:01.891681,492,152,349,556,145,192,66,87,-8556,10550,7618,-5090,-636,-2300,-750,2227,526,-261
2025-12-01T17:43:01.910190,470,164,361,520,125,179,63,80,-8852,10351,7462,-5220,-687,-2314,-753,2288,448,-210
2025-12-01T17:43:01.924234,486,209,358,464,128,161,64,93,-9139,10143,7301,-5360,-736,-2274,-800,2343,380,-178
2025-12-01T17:43:01.947403,554,209,307,441,149,145,62,90,-9416,9917,7139,-5519,-679,-2167,-815,2434,254,-134
2025-12-01T17:43:01.969970,581,207,289,383,153,142,62,91,-9683,9665,6979,-5704,-697,-2041,-868,2566,81,-96
2025-12-01T17:43:01.984305,557,207,288,360,148,129,70,93,-9925,9392,6837,-5914,-714,-2026,-830,2592,-164,-80
2025-12-01T17:43:02.007606,618,238,289,340,146,113,71,95,-10138,9129,6684,-6134,-381,-1980,-801,2518,-215,116
2025-12-01T17:43:02.029937,667,204,287,378,141,97,73,89,-10306,8890,6550,-6347,-299,-1850,-791,2247,-310,196
2025-12-01T17:43:02.044214,599,190,295,369,118,97,74,104,-10437,8664,6416,-6580,-224,-2023,-661,2131,-426,391
2025-12-01T17:43:02.067096,534,191,280,364,115,143,77,109,-10549,8446,6265,-6824,-88,-1946,-635,2108,-426,558
2025-12-01T17:43:02.089973,526,184,263,383,91,147,75,115,-10627,8245,6124,-7073,29,-1935,-501,1936,-506,680
2025-12-01T17:43:02.104264,417,126,235,382,93,149,75,112,-10675,8049,5994,-7332,97,-1850,-457,1820,-624,786
2025-12-01T17:43:02.128075,290,118,241,322,107,168,80,113,-10684,7854,5886,-7613,145,-2000,-345,1706,-842,917
2025-12-01T17:43:02.149737,264,120,231,313,154,201,95,112,-10630,7708,5829,-7877,216,-2128,-262,1558,-951,1066
2025-12-01T17:43:02.171359,205,113,239,300,157,223,136,113,-10419,7419,5760,-8465,465,-2183,-122,1356,-1275,1504
2025-12-01T17:43:02.190347,173,116,228,250,174,232,137,104,-10248,7254,5719,-8837,559,-2150,-29,1113,-1581,1679
2025-12-01T17:43:02.208723,181,127,225,277,242,232,138,119,-10035,7051,5707,-9243,515,-2216,142,1106,-1967,1783
2025-12-01T17:43:02.231654,183,129,254,267,266,229,147,118,-9802,6813,5705,-9664,553,-2028,211,1167,-2179,1810
2025-12-01T17:43:02.250925,191,136,248,230,243,218,143,106,-9516,6580,5749,-10077,496,-2064,120,874,-2408,1858
2025-12-01T17:43:02.269148,211,138,229,213,269,189,127,107,-9186,6311,5824,-10503,509,-2084,427,786,-2736,1913
2025-12-01T17:43:02.291790,214,129,226,207,312,177,136,113,-8834,6012,5912,-10923,684,-1857,465,760,-2908,1904
2025-12-01T17:43:02.311697,208,120,265,144,279,181,142,105,-8474,5694,6035,-11304,651,-1641,547,568,-3019,1699
2025-12-01T17:43:02.329007,204,110,224,126,292,186,139,110,-8112,5364,6193,-11641,663,-1746,698,368,-3079,1487
2025-12-01T17:43:02.351723,185,103,221,164,361,187,148,116,-7756,5028,6354,-11943,819,-1654,798,295,-3028,1359
2025-12-01T17:43:02.371100,165,91,223,170,386,180,165,112,-7436,4706,6513,-12190,991,-1582,880,195,-2779,1118
2025-12-01T17:43:02.389181,172,121,313,209,382,176,165,106,-7159,4434,6669,-12371,1160,-1461,976,-14,-2347,900
2025-12-01T17:43:02.411847,161,121,293,229,392,179,168,102,-6941,4244,6826,-12476,1196,-1421,1026,-313,-1751,653
2025-12-01T17:43:02.431381,161,126,296,295,385,179,190,95,-6824,4087,6997,-12499,1135,-1548,999,-523,-1051,494
2025-12-01T17:43:02.449316,150,125,298,287,328,194,182,87,-6764,4028,7125,-12478,1035,-1694,944,-527,-368,393
2025-12-01T17:43:02.471615,146,140,312,347,272,182,156,78,-6769,4055,7180,-12435,930,-1672,918,-383,321,325
2025-12-01T17:43:02.490804,125,112,251,400,231,198,149,74,-6837,4172,7166,-12367,827,-1589,822,-245,1019,271
2025-12-01T17:43:02.509344,113,120,253,417,207,217,149,69,-6939,4421,7072,-12278,559,-1543,633,-232,1691,178
2025-12-01T17:43:02.531686,105,116,257,382,171,217,125,66,-7068,4732,6947,-12159,334,-1588,503,-261,2118,166
2025-12-01T17:43:02.550686,105,126,312,436,159,203,140,65,-7216,5074,6789,-12022,222,-1605,389,-206,2393,166
2025-12-01T17:43:02.569306,101,121,355,430,163,208,150,60,-7393,5442,6585,-11866,106,-1509,294,-66,2704,133
2025-12-01T17:43:02.591754,109,126,347,454,145,214,154,53,-7588,5832,6355,-11682,-19,-1386,216,-42,2949,73
2025-12-01T17:43:02.611106,141,117,354,488,138,214,152,48,-7791,6254,6120,-11453,-183,-1335,123,-189,3178,-13
2025-12-01T17:43:02.629213,149,119,362,515,142,216,148,50,-7991,6700,5899,-11175,-286,-1369,25,-405,3334,-116
2025-12-01T17:43:02.651151,189,112,322,583,143,240,170,61,-8189,7159,5692,-10850,-391,-1310,-85,-588,3436,-253
2025-12-01T17:43:02.678857,210,103,311,746,144,266,187,68,-8380,7613,5508,-10484,-572,-1393,-150,-749,3435,-428
2025-12-01T17:43:02.689277,209,105,321,753,142,274,187,69,-8556,8049,5359,-10085,-810,-1574,-207,-922,3317,-611
2025-12-01T17:43:02.716266,206,104,322,748,158,270,207,72,-8716,8442,5239,-9683,-961,-1582,-348,-932,3057,-744
2025-12-01T17:43:02.731059,204,101,315,831,152,273,209,67,-8839,8803,5170,-9278,-1075,-1656,-415,-1121,2739,-847
2025-12-01T17:43:02.749305,166,95,308,833,162,269,188,58,-8916,9143,5157,-8875,-1149,-1707,-442,-1370,2418,-907
2025-12-01T17:43:02.771574,166,92,253,707,164,259,175,55,-8951,9459,5191,-8480,-1183,-1823,-475,-1562,2107,-954
2025-12-01T17:43:02.791635,167,85,226,707,196,244,170,56,-8931,9756,5273,-8106,-1284,-1944,-495,-1790,1754,-929
2025-12-01T17:43:02.814077,151,84,196,704,172,289,147,55,-8871,10037,5370,-7755,-1243,-1979,-479,-1887,1518,-828
2025-12-01T17:43:02.831571,150,77,189,614,198,290,149,55,-8785,10310,5469,-7421,-1223,-1992,-485,-1939,1398,-730
2025-12-01T17:43:02.850959,153,74,186,507,192,298,150,53,-8673,10578,5565,-7097,-1185,-2093,-524,-2001,1316,-626
2025-12-01T17:43:02.873489,120,73,194,487,186,314,140,53,-8539,10840,5651,-6788,-1163,-2172,-518,-2022,1243,-504
2025-12-01T17:43:02.891142,98,64,186,409,172,316,153,50,-8402,11087,5714,-6501,-1102,-2277,-498,-1913,1198,-365
2025-12-01T17:43:02.911260,87,56,177,366,171,272,151,44,-8262,11322,5753,-6236,-1058,-2259,-514,-1808,1155,-224
2025-12-01T17:43:02.934543,75,55,143,356,141,262,146,45,-8120,11544,5777,-5988,-1061,-2381,-492,-1728,1109,-140
2025-12-01T17:43:02.951752,64,40,132,404,144,274,152,55,-7979,11743,5759,-5804,-1057,-2550,-455,-1586,1015,-78
2025-12-01T17:43:02.971027,50,36,141,452,146,259,148,52,-7857,11909,5729,-5660,-1035,-2552,-424,-1373,878,-5
2025-12-01T17:43:02.994618,46,41,158,455,145,273,142,54,-7764,12042,5691,-5546,-1004,-2641,-389,-1161,781,16
2025-12-01T17:43:03.011405,44,53,174,488,153,266,133,52,-7697,12145,5639,-5468,-1064,-2716,-390,-910,680,40
2025-12-01T17:43:03.030294,42,52,170,448,165,267,125,50,-7671,12205,5576,-5435,-1082,-2719,-334,-557,534,55
2025-12-01T17:43:03.053754,58,57,167,423,180,216,100,42,-7691,12225,5502,-5436,-1083,-2626,-315,-166,439,20
2025-12-01T17:43:03.071683,61,60,159,342,195,181,86,40,-7755,12210,5425,-5457,-1034,-2501,-367,220,358,-48
2025-12-01T17:43:03.091030,63,65,179,355,224,138,60,37,-7848,12175,5347,-5479,-970,-2301,-473,501,344,-116
2025-12-01T17:43:03.114177,68,59,203,327,253,126,57,39,-7966,12119,5266,-5511,-909,-2206,-515,752,295,-146
2025-12-01T17:43:03.131721,106,68,245,360,306,120,56,44,-8110,12047,5179,-5540,-797,-2127,-614,998,303,-157
2025-12-01T17:43:03.151071,130,73,271,351,358,115,57,51,-8274,11952,5098,-5579,-731,-2005,-626,1200,217,-219
2025-12-01T17:43:03.173376,136,73,272,379,369,178,69,51,-8446,11840,5032,-5620,-652,-1949,-581,1266,134,-290
2025-12-01T17:43:03.191705,137,94,347,389,398,195,79,54,-8601,11739,4998,-5629,-560,-1772,-615,1117,141,-437
2025-12-01T17:43:03.211044,145,98,339,374,410,202,81,58,-8741,11635,5009,-5619,-544,-1805,-657,984,46,-651
2025-12-01T17:43:03.233533,145,100,314,430,403,201,83,65,-8887,11516,5042,-5605,-472,-1955,-670,1015,-28,-750
2025-12-01T17:43:03.251789,227,136,340,505,432,228,86,68,-9030,11393,5081,-5594,-355,-1949,-714,1055,-88,-720
2025-12-01T17:43:03.274280,252,143,363,546,437,192,83,68,-9166,11270,5117,-5588,-291,-1947,-658,1035,-108,-662
2025-12-01T17:43:03.293322,360,132,294,539,436,176,82,71,-9295,11157,5146,-5576,-211,-1971,-604,966,-61,-589
2025-12-01T17:43:03.311791,367,133,294,558,423,176,80,73,-9390,11077,5186,-5537,-161,-1912,-697,729,9,-593
2025-12-01T17:43:03.334452,366,139,327,511,458,181,75,71,-9472,11004,5219,-5514,-5,-2025,-615,659,-41,-388
2025-12-01T17:43:03.353773,337,158,283,471,410,138,66,79,-9531,10949,5237,-5505,-67,-2217,-660,591,-50,-249
2025-12-01T17:43:03.371740,323,219,255,401,442,135,55,80,-9584,10898,5241,-5509,46,-2018,-536,555,-55,-90
2025-12-01T17:43:03.394002,206,246,302,380,428,131,35,76,-9622,10865,5248,-5502,103,-1882,-463,386,-10,-50
2025-12-01T17:43:03.414618,188,252,314,453,447,131,33,73,-9654,10851,5269,-5453,155,-1933,-431,185,119,-175
2025-12-01T17:43:03.439225,198,337,303,471,441,129,38,105,-9688,10840,5291,-5394,161,-1994,-387,135,168,-214
2025-12-01T17:43:03.458645,154,409,299,478,466,153,42,143,-9712,10837,5307,-5340,162,-2040,-407,97,165,-146
2025-12-01T17:43:03.473432,145,422,294,481,439,146,44,162,-9712,10847,5325,-5301,416,-2151,-466,14,69,102
2025-12-01T17:43:03.491730,134,452,216,484,428,137,45,203,-9689,10876,5326,-5282,125,-2080,-370,-123,63,148
2025-12-01T17:43:03.514613,157,489,196,436,432,138,50,232,-9656,10904,5333,-5279,316,-2115,-418,-120,-48,296
2025-12-01T17:43:03.533387,148,543,167,496,449,143,54,251,-9598,10944,5345,-5288,296,-2080,-365,-270,-134,383
2025-12-01T17:43:03.551783,184,550,172,461,420,122,62,252,-9521,11004,5350,-5298,242,-2017,-325,-428,-110,457
2025-12-01T17:43:03.574280,197,580,161,485,396,117,62,248,-9445,11069,5347,-5302,139,-2067,-339,-445,-47,426
2025-12-01T17:43:03.593572,200,550,159,488,387,123,63,222,-9365,11138,5343,-5304,101,-2095,-350,-485,-38,421
2025-12-01T17:43:03.616305,186,515,164,440,355,109,59,196,-9289,11204,5339,-5302,111,-2093,-368,-466,-21,409
2025-12-01T17:43:03.634328,172,399,147,343,288,78,52,153,-9209,11276,5343,-5285,120,-2043,-390,-539,8,360
2025-12-01T17:43:03.653815,128,289,128,326,257,71,41,110,-9132,11350,5346,-5259,95,-2009,-383,-570,61,323
2025-12-01T17:43:03.671717,98,123,132,260,310,97,40,92,-9053,11431,5348,-5216,60,-2036,-444,-612,136,277
2025-12-01T17:43:03.694280,82,94,133,244,304,95,48,70,-8971,11516,5353,-5164,48,-1991,-462,-659,164,236
2025-12-01T17:43:03.721870,76,95,100,246,304,104,50,55,-8897,11600,5362,-5096,35,-1984,-483,-664,221,154
2025-12-01T17:43:03.731671,64,111,137,220,267,106,50,48,-8830,11677,5374,-5023,9,-2031,-545,-620,240,88
2025-12-01T17:43:03.754293,55,150,141,220,279,113,50,40,-8773,11744,5387,-4954,-40,-2051,-586,-545,223,30
2025-12-01T17:43:03.773528,54,153,138,210,233,95,48,30,-8716,11805,5405,-4889,-68,-2004,-606,-522,192,-11
2025-12-01T17:43:03.792280,52,157,136,198,226,88,39,28,-8646,11873,5426,-4824,-135,-1996,-658,-590,174,-20
2025-12-01T17:43:03.813980,41,156,129,195,229,78,33,25,-8564,11946,5452,-4759,-188,-2008,-681,-666,154,-44
2025-12-01T17:43:03.833530,39,137,101,191,241,78,31,24,-8475,12016,5487,-4700,-242,-2020,-721,-694,96,-84
2025-12-01T17:43:03.851806,39,120,142,177,223,82,30,25,-8389,12079,5522,-4652,-283,-2062,-744,-653,55,-93
2025-12-01T17:43:03.874237,36,129,145,175,223,94,31,25,-8310,12135,5544,-4625,-361,-2152,-781,-552,22,-37
2025-12-01T17:43:03.893575,35,124,157,163,241,104,37,25,-8245,12173,5553,-4628,-316,-1980,-773,-353,-81,71
2025-12-01T17:43:03.911753,34,112,158,151,291,127,42,27,-8157,12235,5565,-4606,-336,-1943,-838,-538,16,57
2025-12-01T17:43:03.933975,33,112,176,149,333,132,50,30,-8053,12305,5581,-4585,-323,-1950,-799,-674,-20,101
2025-12-01T17:43:03.953439,29,73,165,130,364,137,50,29,-7949,12376,5596,-4558,-308,-1957,-808,-701,9,96
2025-12-01T17:43:03.979117,24,46,178,143,444,144,53,28,-7846,12443,5619,-4524,-270,-1923,-836,-706,3,59
2025-12-01T17:43:03.993635,25,41,174,138,452,166,60,30,-7748,12508,5649,-4476,-224,-1873,-840,-725,44,0
2025-12-01T17:43:04.013279,24,41,177,136,409,171,63,32,-7655,12569,5689,-4415,-208,-1957,-896,-744,70,-82
2025-12-01T17:43:04.031690,25,39,158,117,380,169,84,37,-7563,12622,5742,-4352,-182,-1933,-923,-743,33,-144
2025-12-01T17:43:04.054050,28,33,138,117,400,163,122,39,-7478,12661,5808,-4297,-190,-1940,-942,-684,-39,-234
2025-12-01T17:43:04.073182,27,28,117,81,306,169,144,44,-7391,12690,5897,-4240,-162,-1841,-948,-700,-108,-348
2025-12-01T17:43:04.099273,29,32,127,66,289,181,147,47,-7292,12718,6008,-4172,-180,-1827,-999,-793,-138,-465
2025-12-01T17:43:04.114195,28,36,159,61,293,205,156,46,-7201,12728,6135,-4115,-191,-1899,-1051,-722,-224,-573
2025-12-01T17:43:04.133418,27,35,155,56,272,230,154,42,-7134,12711,6279,-4068,-82,-1754,-1029,-543,-321,-676
2025-12-01T17:43:04.151727,24,35,150,48,194,239,128,42,-7076,12674,6453,-4009,-123,-1535,-1020,-474,-331,-925
2025-12-01T17:43:04.182066,26,37,149,55,213,225,104,35,-7002,12636,6661,-3918,-142,-1488,-1026,-660,-302,-1150
2025-12-01T17:43:04.193908,23,31,131,53,187,195,97,31,-6916,12600,6889,-3792,-91,-1502,-1002,-849,-216,-1293
2025-12-01T17:43:04.211861,22,25,81,43,172,149,79,28,-6862,12554,7105,-3641,-55,-1615,-977,-801,-17,-1372
2025-12-01T17:43:04.234296,22,24,61,41,161,99,53,26,-6864,12497,7283,-3479,-113,-1682,-982,-545,269,-1379
2025-12-01T17:43:04.253786,25,21,60,40,138,60,47,23,-6924,12427,7420,-3317,-174,-1694,-980,-219,532,-1362
2025-12-01T17:43:04.271376,25,18,56,27,56,50,37,26,-7031,12347,7533,-3128,-176,-1565,-970,-10,829,-1422
2025-12-01T17:43:04.294265,33,24,127,28,41,41,27,26,-7182,12251,7656,-2855,-120,-1425,-906,29,1167,-1623
2025-12-01T17:43:04.317342,35,25,131,30,40,33,20,28,-7341,12154,7777,-2517,-53,-1467,-1038,-95,1468,-1792
2025-12-01T17:43:04.331662,36,35,135,29,40,29,21,62,-7451,12079,7918,-2075,95,-1484,-1087,-649,1739,-2026
2025-12-01T17:43:04.354303,33,45,135,28,37,24,26,65,-7515,12023,8062,-1546,238,-2023,-1019,-1175,1978,-2203
2025-12-01T17:43:04.376830,34,46,136,72,35,33,32,101,-7617,11915,8211,-1011,371,-1859,-1180,-878,2070,-2390
2025-12-01T17:43:04.397431,41,48,70,768,35,51,52,157,-7666,11919,8210,-449,-566,-4745,-3010,-1389,2433,-1470
2025-12-01T17:43:04.414619,99,51,66,1158,60,54,64,193,-7758,11776,8295,-870,529,-4870,-1692,1917,-1706,342
2025-12-01T17:43:04.436410,105,48,73,1304,67,56,65,193,-7853,11648,8314,-1403,933,-2023,-1497,2236,-1954,944
2025-12-01T17:43:04.459011,108,44,152,1369,67,56,65,198,-7922,11515,8354,-1817,544,-1626,-1077,1793,-1612,525
2025-12-01T17:43:04.473953,111,46,156,1418,68,52,69,188,-7909,11452,8400,-2041,378,-1150,-584,669,-1087,215
2025-12-01T17:43:04.496632,115,47,163,1197,67,44,69,178,-7832,11431,8477,-2135,413,-1445,-807,-75,-788,-119
2025-12-01T17:43:04.511701,75,46,163,826,49,50,91,158,-7771,11380,8587,-2192,446,-1766,-1003,-75,-685,-486
2025-12-01T17:43:04.550050,68,45,190,569,40,51,97,164,-7788,11255,8701,-2325,412,-2273,-1195,597,-772,-678
2025-12-01T17:43:04.556840,64,42,151,389,42,51,98,183,-7918,10998,8831,-2602,385,-2540,-1376,1890,-1195,-693
2025-12-01T17:43:04.571803,68,39,149,118,42,51,94,187,-8097,10661,8957,-2999,604,-1946,-1522,2725,-1568,-583
2025-12-01T17:43:04.594297,54,37,144,83,39,46,85,171,-8218,10368,9064,-3349,715,-1385,-1345,2292,-1487,-417
2025-12-01T17:43:04.616317,49,36,148,76,34,34,48,153,-8237,10203,9168,-3527,859,-1287,-1192,1244,-1052,-196
2025-12-01T17:43:04.631505,47,36,110,68,32,30,33,137,-8197,10153,9237,-3581,753,-1428,-1189,334,-545,-66
2025-12-01T17:43:04.654264,46,37,135,57,28,28,27,100,-8160,10145,9278,-3584,760,-1625,-1187,57,-231,-16
2025-12-01T17:43:04.676748,31,38,144,41,24,26,23,81,-8159,10127,9298,-3585,871,-1528,-1053,179,-112,46
2025-12-01T17:43:04.691766,32,38,145,39,21,23,23,44,-8195,10107,9302,-3549,855,-1304,-995,238,177,-34
2025-12-01T17:43:04.714163,28,35,140,38,19,24,25,38,-8235,10107,9305,-3446,909,-1189,-985,7,439,-126
2025-12-01T17:43:04.736701,30,33,134,35,16,26,24,33,-8261,10142,9307,-3272,871,-1189,-931,-392,689,-222
2025-12-01T17:43:04.751762,33,28,83,34,17,28,23,29,-8284,10189,9314,-3040,909,-1283,-819,-716,857,-377
2025-12-01T17:43:04.774326,32,27,56,31,19,26,22,26,-8328,10218,9321,-2790,1088,-1485,-705,-755,907,-488
2025-12-01T17:43:04.796432,30,27,124,27,18,28,22,21,-8412,10239,9290,-2553,1138,-1877,-681,-629,1083,-466
2025-12-01T17:43:04.811445,39,26,127,27,21,29,20,21,-8463,10328,9195,-2366,1087,-2387,-851,-767,1097,0
2025-12-01T17:43:04.834344,40,25,128,21,24,26,18,26,-8470,10452,9067,-2286,988,-2513,-848,-691,723,505
2025-12-01T17:43:04.856736,37,25,130,26,27,24,19,29,-8482,10555,8941,-2264,1003,-2092,-689,-408,473,700
2025-12-01T17:43:04.871740,37,25,131,25,27,24,18,30,-8478,10656,8833,-2236,817,-1747,-684,-413,427,623
2025-12-01T17:43:04.898475,37,22,65,25,27,20,18,30,-8432,10776,8747,-2170,748,-1661,-754,-703,418,513
2025-12-01T17:43:04.916791,26,20,55,24,28,20,17,27,-8359,10909,8675,-2071,680,-1681,-858,-927,458,393
2025-12-01T17:43:04.931649,18,19,46,23,26,22,16,23,-8279,11041,8610,-1962,592,-1766,-1017,-951,502,279
2025-12-01T17:43:04.954316,16,18,38,19,23,21,16,17,-8207,11157,8548,-1874,471,-1854,-1166,-784,486,207
2025-12-01T17:43:04.976735,19,16,35,22,22,23,16,16,-8152,11252,8487,-1827,425,-1906,-1251,-531,386,219
2025-12-01T17:43:04.991585,20,16,24,24,25,24,18,14,-8112,11333,8421,-1811,470,-1940,-1219,-366,293,290
2025-12-01T17:43:05.021823,20,16,24,26,23,22,16,14,-8090,11396,8356,-1813,506,-1892,-1150,-216,229,311
2025-12-01T17:43:05.036719,22,16,23,26,21,21,15,15,-8087,11437,8304,-1808,543,-1804,-1064,-123,240,204
2025-12-01T17:43:05.055966,22,17,23,25,21,22,16,15,-8088,11470,8262,-1788,550,-1785,-1035,-144,264,103
2025-12-01T17:43:05.074327,21,17,22,23,20,21,16,17,-8086,11499,8231,-1754,568,-1851,-1002,-223,266,11
2025-12-01T17:43:05.096672,19,20,21,20,17,23,16,19,-8081,11523,8207,-1730,565,-1941,-1037,-207,202,-24
2025-12-01T17:43:05.111720,22,20,17,19,18,23,17,21,-8084,11530,8193,-1729,615,-1945,-1041,-70,88,-27
2025-12-01T17:43:05.134304,21,20,18,21,20,24,21,20,-8097,11523,8188,-1746,656,-1868,-1039,72,-1,-28
2025-12-01T17:43:05.156780,21,20,18,22,22,26,21,21,-8112,11506,8192,-1767,703,-1755,-1043,154,-52,-33
2025-12-01T17:43:05.171734,20,20,17,22,25,26,22,19,-8123,11489,8202,-1782,729,-1692,-1064,144,-58,-50
2025-12-01T17:43:05.194317,22,17,18,23,25,22,22,20,-8128,11477,8213,-1785,737,-1664,-1077,91,-32,-62
2025-12-01T17:43:05.216457,20,19,17,22,22,22,22,19,-8128,11470,8223,-1784,742,-1676,-1097,46,-14,-50
2025-12-01T17:43:05.239215,19,20,17,22,21,20,21,19,-8125,11469,8228,-1782,732,-1694,-1112,27,-2,-25
2025-12-01T17:43:05.254217,23,19,17,21,21,17,21,21,-8125,11469,8227,-1783,727,-1693,-1092,27,13,3
2025-12-01T17:43:05.276698,22,20,18,20,18,17,19,21,-8125,11473,8222,-1781,722,-1690,-1081,16,35,24
2025-12-01T17:43:05.298987,21,21,18,19,17,18,18,20,-8126,11481,8212,-1777,704,-1725,-1058,-16,63,33
2025-12-01T17:43:05.314165,22,20,19,20,18,17,20,21,-8125,11492,8198,-1772,686,-1762,-1055,-44,83,43
2025-12-01T17:43:05.336879,21,18,19,21,20,19,18,21,-8124,11506,8180,-1766,670,-1788,-1042,-65,93,50
2025-12-01T17:43:05.359708,19,19,18,30,87,30,20,34,-8122,11520,8162,-1765,637,-1830,-1042,-67,86,45
2025-12-01T17:43:05.374290,25,20,27,50,158,44,35,67,-8127,11530,8144,-1766,626,-1853,-1053,-23,89,29
2025-12-01T17:43:05.396824,40,25,32,66,244,62,46,237,-8135,11526,8136,-1789,564,-1872,-1047,80,1,-22
2025-12-01T17:43:05.418736,47,37,43,101,298,89,55,251,-8166,11496,8136,-1836,572,-1996,-1030,270,-77,-84
2025-12-01T17:43:05.433840,53,49,46,116,342,105,62,273,-8226,11430,8150,-1925,568,-2030,-976,572,-230,-150
2025-12-01T17:43:05.456530,60,56,54,136,522,120,81,287,-8310,11337,8170,-2022,598,-1977,-972,790,-233,-211
2025-12-01T17:43:05.479283,66,56,52,154,567,123,81,334,-8389,11240,8199,-2124,624,-1879,-902,803,-307,-210
2025-12-01T17:43:05.494420,70,55,52,161,594,138,86,367,-8443,11154,8240,-2202,646,-1845,-946,638,-309,-259
2025-12-01T17:43:05.516763,79,52,49,151,583,129,88,382,-8453,11094,8292,-2265,654,-1821,-891,329,-394,-227
2025-12-01T17:43:05.539293,92,44,53,167,574,121,91,405,-8472,11021,8345,-2353,630,-1918,-953,484,-464,-227
2025-12-01T17:43:05.561763,94,50,60,165,422,110,96,419,-8497,10944,8394,-2451,669,-1799,-898,561,-490,-158
2025-12-01T17:43:05.576713,139,64,80,152,343,105,95,410,-8524,10883,8424,-2521,783,-1706,-813,447,-355,-51
2025-12-01T17:43:05.599098,147,68,159,141,238,74,92,343,-8542,10849,8442,-2549,772,-1621,-850,266,-154,-32
2025-12-01T17:43:05.614925,144,68,164,135,207,66,98,323,-8547,10841,8445,-2554,698,-1609,-892,110,-11,12
2025-12-01T17:43:05.636726,136,69,168,104,163,59,90,287,-8511,10868,8459,-2515,885,-1688,-938,-287,-8,44
2025-12-01T17:43:05.659269,145,63,189,87,138,53,71,271,-8420,10904,8499,-2527,542,-1788,-1088,-352,-324,-2
2025-12-01T17:43:05.674265,120,55,197,72,115,55,71,378,-8369,10891,8553,-2571,772,-1787,-970,-43,-487,-34
2025-12-01T17:43:05.696546,116,68,226,73,100,56,67,371,-8328,10877,8606,-2587,679,-1583,-960,-47,-334,-122
2025-12-01T17:43:05.719312,116,75,226,76,106,63,68,397,-8292,10880,8637,-2587,630,-1734,-914,-161,-184,-94
2025-12-01T17:43:05.734320,158,171,304,73,104,65,72,436,-8242,10899,8666,-2569,719,-1828,-985,-320,-145,-54
2025-12-01T17:43:05.764961,168,180,396,88,93,63,74,449,-8210,10920,8676,-2550,689,-1838,-777,-337,-67,-11
2025-12-01T17:43:05.779220,191,179,390,92,90,57,69,336,-8178,10951,8672,-2531,706,-1976,-856,-366,-11,55
2025-12-01T17:43:05.793798,203,184,369,94,85,53,69,321,-8183,10970,8652,-2502,646,-1744,-713,-212,157,29
2025-12-01T17:43:05.816787,238,367,420,91,61,42,50,301,-8180,10997,8633,-2460,674,-1880,-885,-262,213,6
2025-12-01T17:43:05.838794,235,431,405,93,56,39,47,236,-8177,11020,8609,-2448,636,-1915,-958,-139,135,76
2025-12-01T17:43:05.854313,223,434,317,68,47,33,41,187,-8154,11060,8591,-2413,592,-1706,-1047,-244,182,74
2025-12-01T17:43:05.881036,197,481,323,66,67,35,42,179,-8142,11095,8567,-2375,605,-1737,-1041,-206,238,61
2025-12-01T17:43:05.899273,216,508,300,57,87,36,41,158,-8128,11128,8545,-2346,567,-1787,-1129,-158,207,51
2025-12-01T17:43:05.914221,184,404,221,61,181,41,39,116,-8109,11160,8527,-2324,582,-1717,-1167,-130,159,75
2025-12-01T17:43:05.936738,158,300,137,57,193,41,35,92,-8093,11183,8520,-2296,669,-1634,-1120,-123,122,37
2025-12-01T17:43:05.967514,167,307,101,74,230,42,33,86,-8072,11201,8524,-2269,731,-1673,-1149,-130,57,14
2025-12-01T17:43:05.974232,185,267,76,97,330,44,34,65,-8038,11219,8539,-2241,767,-1655,-1112,-213,-20,-9
2025-12-01T17:43:05.996820,159,230,70,128,352,49,33,62,-8021,11227,8551,-2221,814,-1725,-1010,-159,-38,-11
2025-12-01T17:43:06.019285,149,219,67,148,346,52,34,64,-8013,11230,8559,-2202,834,-1784,-972,-151,-21,-16
2025-12-01T17:43:06.034293,146,244,67,166,367,62,35,66,-7999,11245,8560,-2171,811,-1787,-946,-242,41,2
2025-12-01T17:43:06.056356,148,254,71,189,400,69,37,80,-7979,11272,8554,-2129,802,-1847,-973,-338,96,27
2025-12-01T17:43:06.087882,127,235,70,179,331,73,34,91,-7950,11310,8542,-2088,746,-1849,-940,-417,100,58
2025-12-01T17:43:06.098617,143,229,70,167,320,72,33,105,-7896,11361,8538,-2029,696,-1798,-1045,-559,110,20
2025-12-01T17:43:06.116390,169,270,120,148,312,66,30,105,-7829,11412,8549,-1951,729,-1620,-995,-662,91,-37
2025-12-01T17:43:06.139263,179,273,176,130,295,58,31,116,-7763,11465,8561,-1852,648,-1683,-1163,-681,223,-144
2025-12-01T17:43:06.154035,184,331,250,92,224,54,33,125,-7701,11522,8556,-1777,627,-1923,-1193,-666,199,-67
2025-12-01T17:43:06.181367,182,355,319,101,213,44,38,120,-7661,11568,8538,-1734,555,-1869,-1265,-415,199,5
2025-12-01T17:43:06.198915,215,419,352,101,188,42,43,118,-7628,11603,8524,-1716,541,-1765,-1153,-308,82,32
2025-12-01T17:43:06.229662,215,479,428,115,145,47,45,119,-7621,11619,8511,-1707,598,-1763,-1203,-109,98,3
2025-12-01T17:43:06.236527,236,511,469,117,112,46,48,173,-7611,11633,8503,-1693,585,-1696,-1218,-112,106,-22
2025-12-01T17:43:06.259455,241,520,480,134,91,40,48,207,-7597,11648,8501,-1660,618,-1573,-1189,-162,133,-60
2025-12-01T17:43:06.281716,247,537,471,171,71,41,44,212,-7587,11657,8501,-1642,616,-1701,-1271,-101,99,-73
2025-12-01T17:43:06.300956,203,499,474,170,64,40,43,210,-7590,11650,8509,-1641,676,-1731,-1243,19,13,-96
2025-12-01T17:43:06.319230,208,474,482,172,51,37,45,223,-7618,11622,8519,-1654,735,-1693,-1214,219,-2,-110
2025-12-01T17:43:06.341297,187,445,448,200,50,37,45,182,-7644,11596,8529,-1666,739,-1568,-1252,255,-3,-82
2025-12-01T17:43:06.356615,176,382,411,208,57,39,49,141,-7654,11583,8534,-1688,671,-1650,-1247,171,-47,-33
2025-12-01T17:43:06.387509,197,323,386,245,67,45,70,146,-7671,11564,8541,-1705,766,-1640,-1181,175,-53,-28
2025-12-01T17:43:06.401956,208,294,373,301,85,54,70,145,-7683,11548,8545,-1740,675,-1713,-1217,201,-93,-17
2025-12-01T17:43:06.416826,204,199,279,333,85,55,72,143,-7706,11521,8548,-1796,747,-1781,-1154,291,-187,35
2025-12-01T17:43:06.439271,215,156,245,352,99,67,73,144,-7737,11482,8556,-1877,755,-1796,-1141,424,-283,43
2025-12-01T17:43:06.461673,214,148,249,400,128,76,74,136,-7779,11433,8563,-1967,780,-1829,-1104,509,-303,44
2025-12-01T17:43:06.476504,194,140,231,388,150,80,55,121,-7829,11377,8569,-2062,748,-1795,-1069,579,-298,40
2025-12-01T17:43:06.499287,205,132,209,355,149,83,53,113,-7885,11319,8573,-2151,774,-1720,-1062,623,-259,49
2025-12-01T17:43:06.522233,233,121,219,509,188,113,56,85,-7922,11274,8582,-2214,801,-1627,-1130,500,-216,44
2025-12-01T17:43:06.536735,212,109,245,590,198,151,60,75,-7938,11249,8591,-2250,787,-1605,-1086,277,-159,44
2025-12-01T17:43:06.559271,206,84,236,570,181,152,59,72,-7943,11234,8601,-2270,808,-1654,-1085,145,-127,38
2025-12-01T17:43:06.581740,211,83,244,619,168,160,65,73,-7950,11220,8604,-2302,760,-1738,-1059,160,-142,68
2025-12-01T17:43:06.604265,185,82,247,638,172,161,66,70,-7959,11206,8604,-2342,731,-1760,-1067,200,-151,84
2025-12-01T17:43:06.619100,137,73,286,567,138,157,80,63,-7970,11191,8601,-2383,705,-1755,-1043,204,-140,85
2025-12-01T17:43:06.641877,199,75,272,510,152,142,80,67,-7978,11181,8596,-2422,680,-1771,-1012,162,-127,92
2025-12-01T17:43:06.656781,207,76,261,502,154,147,82,64,-7978,11177,8593,-2456,680,-1773,-1021,106,-134,103
2025-12-01T17:43:06.679339,196,70,249,479,167,197,91,64,-7977,11173,8589,-2487,692,-1768,-1004,86,-132,104
2025-12-01T17:43:06.701778,208,68,257,478,171,211,98,63,-7974,11172,8586,-2510,689,-1738,-997,57,-106,99
2025-12-01T17:43:06.717396,207,56,164,432,174,207,86,61,-7969,11177,8581,-2524,686,-1733,-968,-4,-75,103
2025-12-01T17:43:06.739061,156,43,136,398,139,193,83,53,-7960,11190,8572,-2523,685,-1725,-977,-80,-5,105
2025-12-01T17:43:06.761650,143,38,129,393,137,190,78,45,-7949,11208,8564,-2510,657,-1694,-1008,-116,46,78
2025-12-01T17:43:06.776762,143,41,142,433,145,137,73,40,-7933,11228,8557,-2492,607,-1693,-1093,-118,70,46
2025-12-01T17:43:06.799541,131,39,146,396,128,107,63,36,-7905,11252,8559,-2464,604,-1645,-1112,-199,64,17
2025-12-01T17:43:06.821749,189,41,152,385,113,93,58,39,-7851,11274,8582,-2454,456,-1625,-1342,-155,-72,-65
2025-12-01T17:43:06.836759,206,44,151,360,111,86,55,39,-7839,11191,8654,-2616,314,-2105,-1287,603,-801,-270
2025-12-01T17:43:06.859162,218,150,152,358,111,73,55,57,-7892,11084,8703,-2749,371,-1839,-1224,916,-485,-309
2025-12-01T17:43:06.881662,237,226,156,231,77,51,40,68,-7928,11039,8720,-2766,893,-1527,-760,241,-159,-20
2025-12-01T17:43:06.896693,237,337,120,238,106,59,38,70,-7936,11067,8693,-2722,649,-1900,-698,-331,230,52
2025-12-01T17:43:06.919239,191,361,126,212,115,59,43,70,-7927,11121,8646,-2677,579,-2158,-771,-489,288,146
2025-12-01T17:43:06.941766,168,385,180,216,132,67,42,69,-7939,11151,8613,-2622,630,-1828,-833,-269,329,46
2025-12-01T17:43:06.956820,165,403,189,217,142,75,42,61,-7942,11183,8599,-2519,638,-1741,-1003,-376,461,-129
2025-12-01T17:43:06.979042,155,386,180,188,139,79,43,52,-7936,11217,8594,-2399,698,-1759,-1019,-479,467,-187
2025-12-01T17:43:07.001191,145,341,276,243,144,87,43,53,-7919,11259,8588,-2280,713,-1766,-1108,-507,456,-152
2025-12-01T17:43:07.016752,228,335,270,250,149,86,37,63,-7887,11316,8574,-2158,672,-1798,-1217,-584,490,-104
2025-12-01T17:43:07.038757,259,338,272,294,156,92,42,71,-7886,11342,8553,-2108,561,-1843,-1172,-199,318,-57
2025-12-01T17:43:07.061788,265,299,321,302,160,94,43,76,-7899,11352,8534,-2083,600,-1752,-1260,32,250,-27
2025-12-01T17:43:07.076867,262,290,322,329,159,91,40,74,-7915,11357,8520,-2050,720,-1661,-1145,7,224,-17
2025-12-01T17:43:07.099218,296,250,249,358,138,78,38,82,-7942,11368,8496,-1981,789,-1521,-945,-114,377,-11
2025-12-01T17:43:07.121794,240,226,268,349,124,81,43,78,-7908,11445,8458,-1836,806,-1568,-1071,-712,594,53
2025-12-01T17:43:07.144217,211,177,237,319,99,93,55,73,-7874,11515,8408,-1773,593,-1885,-1127,-516,371,154
2025-12-01T17:43:07.159289,210,148,153,317,91,156,72,64,-7871,11528,8395,-1765,712,-1934,-1250,-71,94,14
2025-12-01T17:43:07.181874,216,111,152,340,97,225,107,64,-7871,11512,8411,-1790,788,-1774,-1180,114,-152,-31
2025-12-01T17:43:07.203638,179,73,149,290,95,261,125,49,-7882,11475,8441,-1839,805,-1766,-1181,280,-270,-81
2025-12-01T17:43:07.219268,170,65,200,301,102,269,128,46,-7897,11429,8471,-1922,742,-1780,-1157,408,-388,-41
2025-12-01T17:43:07.242164,165,73,214,314,106,266,123,48,-7920,11378,8495,-2019,748,-1736,-1103,496,-420,18
2025-12-01T17:43:07.264154,141,69,215,340,97,238,119,53,-7925,11373,8497,-2020,871,-1418,-934,57,-67,105
2025-12-01T17:43:07.287361,121,64,214,328,102,209,100,54,-7865,11426,8493,-1972,757,-1492,-1087,-457,43,142
2025-12-01T17:43:07.301742,138,65,212,337,111,186,79,53,-7817,11442,8506,-2009,498,-2006,-1263,-148,-223,-13
2025-12-01T17:43:07.324236,137,57,128,330,107,179,73,51,-7850,11380,8526,-2147,615,-2053,-1188,632,-503,-5
2025-12-01T17:43:07.338767,139,102,178,307,103,174,71,46,-7898,11289,8565,-2290,695,-1666,-1078,842,-593,-43
2025-12-01T17:43:07.361709,159,170,185,287,137,171,63,44,-7954,11207,8586,-2416,669,-1703,-939,757,-466,-11
2025-12-01T17:43:07.384402,170,247,181,262,148,132,47,44,-7996,11173,8573,-2483,734,-1812,-890,391,-171,127
2025-12-01T17:43:07.411636,137,274,186,253,161,99,45,48,-8002,11203,8539,-2444,693,-1599,-701,-251,221,150
2025-12-01T17:43:07.421709,132,288,219,254,168,89,44,47,-7972,11278,8503,-2316,634,-1595,-879,-698,543,45
2025-12-01T17:43:07.444284,130,278,179,272,173,84,44,49,-7939,11354,8470,-2176,593,-1828,-1048,-743,610,-62
2025-12-01T17:43:07.463310,107,260,188,270,158,77,42,47,-7920,11403,8449,-2072,585,-1893,-1196,-487,494,-125
2025-12-01T17:43:07.481748,87,191,196,271,135,65,38,42,-7930,11406,8438,-2059,568,-1981,-1205,-13,166,-89
2025-12-01T17:43:07.504262,91,155,218,270,107,53,32,37,-7965,11379,8438,-2075,691,-1800,-1215,301,50,-76
2025-12-01T17:43:07.519203,96,128,197,262,96,50,28,36,-7979,11369,8444,-2050,716,-1448,-1161,127,125,-75
2025-12-01T17:43:07.541606,130,113,184,240,87,73,44,36,-7958,11393,8445,-1996,737,-1688,-1116,-271,167,-49
2025-12-01T17:43:07.568466,126,64,166,220,110,133,90,38,-7959,11392,8448,-1981,685,-1802,-1138,-35,72,-83
2025-12-01T17:43:07.579139,123,60,189,222,136,186,99,41,-7970,11372,8463,-1992,758,-1751,-1142,141,-64,-85
2025-12-01T17:43:07.602021,123,47,177,205,155,201,108,45,-7978,11341,8488,-2029,779,-1786,-1096,204,-219,-78
2025-12-01T17:43:07.624271,116,48,169,309,171,204,111,45,-7999,11300,8509,-2084,821,-1787,-985,292,-282,-24
2025-12-01T17:43:07.639271,127,51,170,318,171,203,106,43,-7987,11319,8502,-2060,857,-1490,-909,-165,24,131
2025-12-01T17:43:07.661237,140,77,170,332,145,170,71,37,-7918,11365,8509,-2041,642,-1655,-1149,-406,-83,86
2025-12-01T17:43:07.683787,141,96,169,315,121,112,56,34,-7903,11356,8521,-2097,606,-2037,-1165,70,-260,-8
2025-12-01T17:43:07.707400,156,246,151,303,104,85,39,40,-7929,11319,8531,-2161,706,-1773,-1084,374,-227,8
2025-12-01T17:43:07.721687,168,299,155,190,75,79,32,41,-7961,11283,8534,-2216,714,-1660,-980,369,-178,33
2025-12-01T17:43:07.752883,143,346,170,171,74,62,35,47,-7989,11269,8518,-2249,694,-1865,-987,199,-26,74
2025-12-01T17:43:07.763420,172,360,240,116,70,54,33,50,-8009,11270,8498,-2245,674,-1707,-897,22,106,55
2025-12-01T17:43:07.781757,178,367,217,113,72,53,33,49,-8006,11293,8483,-2204,639,-1756,-1031,-191,217,-9
2025-12-01T17:43:07.804043,166,297,214,124,63,44,31,40,-8016,11294,8473,-2197,598,-1892,-1054,-11,111,-54
2025-12-01T17:43:07.819221,164,247,210,129,61,36,28,38,-8046,11268,8476,-2209,684,-1838,-1090,220,26,-93
2025-12-01T17:43:07.842338,192,179,193,156,64,33,22,31,-8080,11236,8481,-2227,719,-1737,-1059,287,-10,-75
2025-12-01T17:43:07.864132,181,203,155,157,66,35,21,38,-8108,11208,8487,-2246,701,-1758,-1055,255,-20,-76
2025-12-01T17:43:07.878898,186,244,167,197,71,32,26,51,-8126,11189,8491,-2257,705,-1737,-1036,164,-16,-48
2025-12-01T17:43:07.901190,191,244,181,191,69,31,27,54,-8137,11179,8493,-2262,704,-1727,-1028,102,3,-19
2025-12-01T17:43:07.924137,197,248,186,182,65,32,28,54,-8137,11181,8494,-2247,704,-1709,-1019,-31,61,-32
2025-12-01T17:43:07.938786,160,259,197,172,78,38,32,63,-8137,11186,8493,-2227,700,-1752,-1019,-66,80,-36
2025-12-01T17:43:07.961588,129,220,182,170,76,37,31,60,-8144,11185,8490,-2217,702,-1796,-1006,-7,69,-39
2025-12-01T17:43:07.984314,121,147,173,117,70,33,25,52,-8158,11178,8488,-2211,728,-1779,-1002,52,61,-38
2025-12-01T17:43:07.999271,119,134,161,116,71,35,23,52,-8169,11172,8487,-2201,742,-1757,-1002,27,58,-36
2025-12-01T17:43:08.021727,95,120,152,120,79,39,26,54,-8176,11171,8485,-2189,748,-1771,-995,-9,64,-23
2025-12-01T17:43:08.044178,89,86,137,108,62,33,22,42,-8179,11174,8482,-2172,743,-1763,-1002,-46,76,-23
2025-12-01T17:43:08.058945,88,67,86,98,59,33,23,36,-8189,11179,8475,-2143,779,-1621,-910,-62,133,2
2025-12-01T17:43:08.081786,127,62,120,105,61,35,27,35,-8143,11233,8469,-2049,685,-1686,-1157,-519,319,-63
2025-12-01T17:43:08.104383,124,46,125,103,55,36,29,29,-8100,11286,8454,-1992,674,-1856,-1076,-480,197,33
2025-12-01T17:43:08.127507,131,42,125,183,43,99,68,28,-8097,11287,8454,-1998,697,-1937,-1132,-8,-5,-38
2025-12-01T17:43:08.141542,139,38,143,365,53,121,81,31,-8101,11272,8462,-2035,705,-1864,-1122,164,-139,-8
2025-12-01T17:43:08.164294,160,40,147,411,78,145,91,49,-8104,11246,8478,-2095,718,-1858,-1104,249,-270,4
2025-12-01T17:43:08.187491,124,36,125,441,114,160,103,49,-8113,11213,8494,-2170,750,-1856,-1029,310,-339,40
2025-12-01T17:43:08.202164,167,42,148,475,124,203,110,52,-8119,11187,8508,-2232,779,-1681,-916,239,-311,85
2025-12-01T17:43:08.224263,164,41,155,506,127,189,96,55,-8094,11214,8505,-2198,854,-1461,-898,-245,25,133
2025-12-01T17:43:08.247435,158,49,146,641,142,207,101,61,-8017,11284,8504,-2129,764,-1554,-1077,-629,83,133
2025-12-01T17:43:08.262224,138,45,146,632,141,217,102,48,-7944,11331,8510,-2124,573,-1913,-1149,-439,-127,66
2025-12-01T17:43:08.284266,138,47,136,643,129,215,90,49,-7921,11312,8530,-2227,510,-1985,-1278,275,-451,44
2025-12-01T17:43:08.307640,73,43,97,630,135,184,83,46,-7940,11247,8561,-2366,661,-1824,-1167,659,-593,41
2025-12-01T17:43:08.321764,86,176,87,591,138,177,79,45,-7964,11185,8587,-2481,715,-1607,-968,588,-524,65
2025-12-01T17:43:08.343775,92,213,80,315,140,146,63,40,-7995,11143,8594,-2548,717,-1729,-852,360,-265,45
2025-12-01T17:43:08.367655,113,253,85,294,156,112,48,43,-8039,11108,8587,-2583,704,-1788,-752,253,-77,7
2025-12-01T17:43:08.381766,118,273,83,213,149,98,45,42,-8060,11112,8568,-2563,700,-1763,-783,-71,146,37
2025-12-01T17:43:08.404089,123,305,149,206,148,84,44,46,-8058,11153,8541,-2481,656,-1743,-843,-403,385,2
2025-12-01T17:43:08.427644,112,259,158,211,151,83,42,42,-8041,11196,8520,-2414,513,-1961,-1043,-399,345,-63
2025-12-01T17:43:08.442119,107,234,157,206,146,78,37,37,-8042,11206,8514,-2384,602,-1986,-1139,-113,179,-99
2025-12-01T17:43:08.464202,94,198,151,197,135,75,37,35,-8058,11189,8520,-2389,620,-1832,-1103,136,23,-104
2025-12-01T17:43:08.487493,113,172,151,215,153,74,35,38,-8084,11164,8524,-2404,646,-1768,-1073,238,3,-83
2025-12-01T17:43:08.517547,102,108,82,186,147,71,34,35,-8106,11144,8530,-2402,707,-1662,-1058,185,42,-70
2025-12-01T17:43:08.524332,100,90,60,196,172,73,35,35,-8125,11133,8533,-2377,766,-1631,-997,57,111,-71
2025-12-01T17:43:08.547449,97,74,50,204,178,69,33,37,-8144,11138,8527,-2313,860,-1372,-831,-97,247,-8
2025-12-01T17:43:08.561660,86,55,52,187,185,68,44,42,-8083,11245,8492,-2132,856,-1626,-1048,-992,659,71
2025-12-01T17:43:08.584300,47,43,47,165,196,86,61,44,-8026,11340,8443,-2035,539,-1728,-1030,-734,452,160
2025-12-01T17:43:08.607463,44,37,49,180,271,126,71,46,-8011,11375,8420,-1993,739,-1848,-1281,-194,241,71
2025-12-01T17:43:08.621270,42,36,40,147,280,131,76,47,-7974,11408,8418,-1959,783,-1647,-1224,-243,67,76
2025-12-01T17:43:08.644252,38,32,37,120,294,133,82,51,-7962,11417,8418,-1959,804,-1821,-1082,-95,-55,57
2025-12-01T17:43:08.667466,38,32,33,121,330,144,93,53,-7964,11408,8412,-2027,683,-2039,-1136,177,-232,116
2025-12-01T17:43:08.681728,37,33,41,135,352,160,120,57,-7973,11385,8413,-2109,735,-1829,-1001,278,-334,147
2025-12-01T17:43:08.704267,35,35,39,118,330,153,128,55,-7975,11371,8417,-2166,702,-1679,-988,194,-256,118
2025-12-01T17:43:08.726723,39,33,38,112,327,151,127,54,-7957,11367,8425,-2219,631,-1792,-1017,60,-280,92
2025-12-01T17:43:08.741485,60,33,38,105,309,149,125,49,-7943,11363,8429,-2271,600,-1818,-977,45,-258,89
2025-12-01T17:43:08.764150,76,31,37,101,260,135,112,40,-7937,11359,8427,-2319,570,-1824,-974,76,-190,84
2025-12-01T17:43:08.787501,99,26,25,78,249,102,71,34,-7939,11364,8414,-2339,611,-1796,-978,17,-40,94
2025-12-01T17:43:08.801216,113,26,27,81,264,66,55,50,-7933,11383,8397,-2327,611,-1808,-999,-132,93,71
2025-12-01T17:43:08.824278,114,27,26,77,281,68,56,55,-7929,11400,8381,-2316,593,-1797,-1058,-95,103,56
2025-12-01T17:43:08.847478,116,27,29,96,317,80,71,92,-7926,11402,8382,-2312,637,-1789,-1087,-26,8,-13
2025-12-01T17:43:08.861737,140,32,34,106,325,91,75,175,-7920,11397,8391,-2323,618,-1846,-1151,35,-67,-44
2025-12-01T17:43:08.884218,137,33,34,104,297,91,81,223,-7934,11375,8400,-2352,689,-1853,-1041,155,-130,-18
2025-12-01T17:43:08.907376,148,49,33,92,242,88,81,241,-7955,11365,8391,-2362,730,-1753,-947,105,-6,56
2025-12-01T17:43:08.921905,191,78,41,98,193,79,79,288,-7957,11376,8379,-2342,695,-1755,-931,-119,91,46
2025-12-01T17:43:08.943850,190,80,41,92,218,80,65,293,-7950,11389,8379,-2303,726,-1754,-957,-217,106,-27
2025-12-01T17:43:08.967564,172,81,39,98,227,70,63,262,-7959,11388,8381,-2272,661,-1809,-999,-92,126,-103
2025-12-01T17:43:08.981729,184,84,39,106,369,78,57,240,-7979,11378,8383,-2245,667,-1772,-1086,36,155,-125
2025-12-01T17:43:09.004740,179,154,51,139,647,177,59,233,-8002,11359,8391,-2227,669,-1731,-1135,131,114,-147
2025-12-01T17:43:09.027072,133,165,51,172,719,180,59,186,-8018,11330,8417,-2220,655,-1759,-1174,160,11,-229
2025-12-01T17:43:09.050612,126,168,50,172,709,202,59,172,-8028,11303,8439,-2240,636,-1717,-1187,230,-95,-131
2025-12-01T17:43:09.064354,127,171,51,171,740,207,60,192,-8020,11285,8464,-2263,683,-1743,-1225,153,-162,-73
2025-12-01T17:43:09.087107,95,172,55,172,763,232,62,174,-8026,11269,8471,-2292,626,-1724,-1045,163,-113,-15
2025-12-01T17:43:09.109710,71,113,47,169,596,205,54,160,-8052,11243,8475,-2312,638,-1685,-1043,253,-21,-60
2025-12-01T17:43:09.124302,63,73,41,135,526,206,59,146,-8067,11231,8478,-2306,698,-1721,-1048,94,49,-58
2025-12-01T17:43:09.147028,61,64,45,144,590,185,63,134,-8072,11227,8479,-2307,658,-1800,-1043,32,14,-31
2025-12-01T17:43:09.169733,42,54,45,143,631,184,62,75,-8081,11218,8480,-2320,688,-1858,-1076,98,-26,-17
2025-12-01T17:43:09.183893,37,47,44,140,560,157,61,68,-8089,11204,8484,-2340,702,-1792,-1020,122,-81,0
2025-12-01T17:43:09.215006,32,33,40,123,606,112,63,54,-8092,11194,8492,-2354,749,-1741,-1032,87,-92,12
2025-12-01T17:43:09.230144,31,31,44,134,650,114,56,46,-8068,11215,8492,-2331,829,-1717,-1017,-207,-6,94
2025-12-01T17:43:09.244215,32,31,39,127,592,115,62,51,-8034,11259,8484,-2266,529,-1799,-1181,-379,273,-70
2025-12-01T17:43:09.266644,30,30,35,130,549,109,76,54,-8059,11255,8467,-2263,674,-1807,-857,24,100,15
2025-12-01T17:43:09.289958,28,30,34,153,630,123,83,80,-8067,11244,8466,-2289,752,-1841,-1144,170,-83,53
2025-12-01T17:43:09.304307,29,29,30,149,592,121,83,88,-8043,11250,8475,-2312,728,-1825,-944,-102,-202,80
2025-12-01T17:43:09.326728,30,31,32,159,597,123,92,89,-8010,11263,8475,-2363,560,-2052,-981,-115,-267,104
2025-12-01T17:43:09.349738,32,31,34,179,611,113,91,91,-8022,11231,8481,-2455,626,-2108,-1037,313,-353,65
2025-12-01T17:43:09.364290,35,31,39,204,593,117,80,101,-8039,11178,8497,-2580,564,-2058,-929,455,-513,35
2025-12-01T17:43:09.386774,37,30,38,191,483,90,84,88,-8049,11104,8534,-2738,491,-2110,-1015,597,-706,-36
2025-12-01T17:43:09.409853,41,30,41,197,419,101,110,143,-8058,11008,8588,-2925,448,-2141,-940,700,-889,-96
2025-12-01T17:43:09.424513,41,27,41,201,340,87,106,146,-8086,10884,8645,-3136,425,-2157,-950,938,-958,-142
2025-12-01T17:43:09.446232,41,26,38,175,294,87,113,148,-8128,10737,8706,-3361,414,-2095,-890,1096,-1005,-187
2025-12-01T17:43:09.469981,37,25,34,131,231,76,136,145,-8170,10586,8763,-3583,409,-2060,-913,1146,-987,-175
2025-12-01T17:43:09.484340,37,24,32,119,219,73,131,160,-8195,10447,8807,-3817,299,-2144,-966,1136,-996,-89
2025-12-01T17:43:09.506470,33,24,30,102,210,52,119,120,-8192,10322,8851,-4054,281,-2036,-1031,1082,-1069,19
2025-12-01T17:43:09.529992,34,26,24,44,152,51,118,121,-8129,10244,8902,-4262,214,-1915,-1042,684,-1098,132
2025-12-01T17:43:09.543978,31,27,26,41,137,53,122,124,-7999,10230,8957,-4422,174,-1992,-1087,116,-1046,275
2025-12-01T17:43:09.566746,34,28,27,42,137,57,107,136,-7839,10237,9006,-4590,88,-2129,-1088,-42,-1113,388
2025-12-01T17:43:09.589931,31,28,30,41,117,57,108,124,-7667,10233,9048,-4801,8,-2218,-1095,63,-1299,495
2025-12-01T17:43:09.604771,31,30,28,41,117,57,100,152,-7503,10197,9081,-5067,-12,-2211,-1126,385,-1501,582
2025-12-01T17:43:09.626720,29,30,28,40,110,59,110,166,-7362,10124,9108,-5364,-39,-2078,-1093,596,-1654,654
2025-12-01T17:43:09.649989,31,40,26,42,102,52,94,177,-7210,10049,9131,-5666,-61,-1984,-1113,602,-1695,700
2025-12-01T17:43:09.661802,36,44,25,44,93,49,83,176,-7038,9981,9155,-5955,-83,-1918,-1157,480,-1708,729
2025-12-01T17:43:09.685857,50,47,25,43,76,43,83,196,-6851,9915,9185,-6231,-69,-1926,-1082,366,-1731,728
2025-12-01T17:43:09.710010,74,104,28,52,84,49,81,213,-6647,9851,9220,-6495,-57,-1914,-1085,255,-1752,732
2025-12-01T17:43:09.724307,88,146,34,54,88,45,61,288,-6431,9786,9260,-6751,-83,-1946,-1099,183,-1781,721
2025-12-01T17:43:09.746843,110,185,40,53,83,48,63,333,-6220,9710,9291,-7010,-90,-1934,-1074,254,-1785,720
2025-12-01T17:43:09.770029,131,320,52,49,77,45,61,347,-6008,9632,9324,-7254,-141,-1914,-1104,212,-1749,681
2025-12-01T17:43:09.784282,181,364,148,47,75,49,59,403,-5799,9542,9354,-7500,-205,-1857,-1060,257,-1763,644
2025-12-01T17:43:09.807201,194,366,195,47,58,42,59,393,-5587,9451,9391,-7726,-241,-1652,-1082,180,-1738,584
2025-12-01T17:43:09.830263,214,370,254,58,62,52,63,427,-5322,9399,9444,-7910,-250,-1662,-1105,-243,-1694,720
2025-12-01T17:43:09.844252,229,387,337,61,65,50,58,405,-5058,9334,9523,-8065,-38,-1700,-1010,-390,-1699,576
2025-12-01T17:43:09.866729,270,309,362,83,68,54,59,408,-4805,9254,9609,-8207,-158,-1728,-937,-405,-1665,442
2025-12-01T17:43:09.890010,263,267,340,89,74,50,66,342,-4596,9179,9684,-8323,-79,-1914,-841,-288,-1480,501
2025-12-01T17:43:09.904329,260,256,321,96,85,54,72,352,-4476,9101,9714,-8438,-135,-1789,-814,131,-1116,351
2025-12-01T17:43:09.926762,253,231,299,103,92,61,71,261,-4412,9021,9719,-8552,-41,-1781,-844,408,-914,305
2025-12-01T17:43:09.949776,237,174,228,114,95,62,72,257,-4325,8937,9781,-8614,-58,-1560,-832,34,-926,70
2025-12-01T17:43:09.972507,179,130,195,114,103,65,74,237,-4199,8854,9920,-8602,117,-1691,-900,-561,-982,-50
2025-12-01T17:43:09.986740,138,105,208,112,113,65,62,237,-4058,8763,10075,-8583,115,-1906,-810,-758,-1044,-59
2025-12-01T17:43:10.010402,115,98,244,138,153,70,53,210,-3950,8654,10211,-8582,153,-2042,-860,-525,-1023,-108
2025-12-01T17:43:10.032595,84,86,225,132,154,56,48,179,-3878,8531,10318,-8611,118,-1948,-751,-247,-965,-166
2025-12-01T17:43:10.046689,67,83,213,124,155,54,49,184,-3827,8400,10410,-8651,133,-1946,-660,-139,-918,-200
2025-12-01T17:43:10.069774,51,79,229,120,153,54,45,174,-3812,8263,10492,-8691,98,-1922,-518,-52,-764,-331
2025-12-01T17:43:10.092477,52,81,266,133,163,122,50,174,-3826,8134,10583,-8697,50,-1872,-471,-142,-532,-494
2025-12-01T17:43:10.106790,53,83,267,118,147,130,60,181,-3874,8020,10673,-8672,33,-1967,-460,-200,-276,-593
2025-12-01T17:43:10.129994,61,123,315,125,170,132,63,193,-3942,7914,10769,-8620,81,-1955,-477,-264,-116,-675
2025-12-01T17:43:10.152477,119,285,517,139,183,144,75,166,-4017,7823,10873,-8537,40,-1964,-631,-329,27,-742
2025-12-01T17:43:10.166712,132,314,577,137,181,201,118,163,-4084,7755,10956,-8460,-50,-2134,-770,-262,88,-617
2025-12-01T17:43:10.190137,144,349,636,132,163,194,124,159,-4151,7701,10997,-8424,-51,-2159,-788,-9,80,-412
2025-12-01T17:43:10.212398,211,360,648,121,144,193,130,144,-4219,7647,11001,-8434,-143,-1997,-850,344,29,-322
2025-12-01T17:43:10.226758,236,379,641,121,127,229,134,121,-4276,7596,11001,-8452,-149,-1883,-859,391,-17,-270
2025-12-01T17:43:10.250423,247,304,514,113,110,241,136,104,-4322,7550,11003,-8467,-119,-1897,-782,296,-33,-224
2025-12-01T17:43:10.272489,276,284,456,170,117,201,120,109,-4353,7508,11014,-8473,-155,-1930,-730,166,-51,-222
2025-12-01T17:43:10.286732,281,265,370,220,118,182,122,113,-4384,7469,11022,-8482,-174,-2048,-660,128,-49,-208
2025-12-01T17:43:10.310031,341,264,330,240,126,198,131,118,-4408,7433,11037,-8481,-178,-2000,-682,70,-38,-220
2025-12-01T17:43:10.333024,422,243,334,263,107,157,144,133,-4422,7404,11059,-8472,-189,-2086,-691,-29,-49,-201
2025-12-01T17:43:10.346420,416,219,294,276,113,137,141,137,-4433,7375,11077,-8467,-190,-2110,-712,-3,-65,-174
2025-12-01T17:43:10.367699,397,214,262,252,143,160,139,140,-4443,7351,11091,-8464,-193,-2070,-752,35,-52,-151
2025-12-01T17:43:10.390530,414,184,211,231,213,160,152,151,-4452,7331,11103,-8461,-181,-2062,-715,17,-39,-128
2025-12-01T17:43:10.413821,351,211,199,209,237,155,142,177,-4457,7316,11113,-8458,-214,-2063,-729,11,-32,-103
2025-12-01T17:43:10.429910,285,242,131,194,299,152,128,217,-4460,7301,11116,-8465,-189,-2047,-666,32,-56,-58
2025-12-01T17:43:10.452849,328,426,129,192,467,150,131,317,-4456,7285,11122,-8473,-225,-2085,-714,36,-87,-65
2025-12-01T17:43:10.466353,350,570,127,191,655,135,124,364,-4458,7261,11115,-8503,-180,-2098,-642,151,-127,-24
2025-12-01T17:43:10.489930,356,721,200,175,725,136,117,393,-4461,7231,11099,-8547,-120,-2102,-619,231,-175,27
2025-12-01T17:43:10.513034,345,749,308,204,756,122,118,408,-4458,7203,11102,-8569,-63,-2021,-603,83,-169,-2
2025-12-01T17:43:10.526788,305,750,434,217,752,121,116,405,-4436,7194,11133,-8547,-198,-1898,-687,-180,-102,-91
2025-12-01T17:43:10.550448,254,673,490,243,684,120,166,351,-4435,7179,11174,-8507,-209,-1895,-772,-181,-18,-235
2025-12-01T17:43:10.572516,282,568,554,301,519,98,169,323,-4449,7159,11204,-8477,-296,-1894,-813,-39,43,-304
2025-12-01T17:43:10.586742,277,389,547,298,392,91,178,288,-4455,7146,11201,-8488,-401,-1863,-805,175,-5,-169
2025-12-01T17:43:10.610144,436,325,520,284,308,71,214,264,-4453,7125,11180,-8535,-270,-2081,-780,322,-140,0
2025-12-01T17:43:10.632662,541,297,453,288,268,68,220,232,-4450,7102,11156,-8586,-139,-1974,-696,327,-177,75
2025-12-01T17:43:10.646889,550,290,414,274,205,91,238,239,-4446,7081,11142,-8624,-118,-1897,-669,247,-158,54
2025-12-01T17:43:10.669991,546,291,382,223,160,123,256,217,-4436,7059,11136,-8655,-125,-1977,-716,196,-183,34
2025-12-01T17:43:10.692535,543,265,391,249,147,134,257,227,-4416,7030,11129,-8697,-174,-2082,-652,182,-259,38
2025-12-01T17:43:10.706814,435,269,373,259,152,196,245,223,-4413,6986,11111,-8758,-101,-2122,-558,308,-276,32
2025-12-01T17:43:10.729953,306,275,353,258,154,209,249,223,-4419,6955,11098,-8795,-116,-1976,-508,203,-146,-12
2025-12-01T17:43:10.751951,290,259,327,260,173,211,216,196,-4413,6944,11104,-8800,-136,-2061,-591,-6,-86,0
2025-12-01T17:43:10.766676,267,229,259,259,165,204,216,208,-4406,6933,11117,-8795,-106,-2102,-562,-83,-77,-14
2025-12-01T17:43:10.790156,248,212,251,307,222,211,203,192,-4398,6928,11135,-8780,-139,-2053,-597,-126,-45,-31
2025-12-01T17:43:10.812211,231,185,240,325,251,210,201,182,-4399,6923,11143,-8775,-119,-2063,-623,-26,-25,-12
2025-12-01T17:43:10.826757,236,161,209,322,323,228,201,185,-4403,6917,11143,-8777,-74,-2027,-586,19,-24,24
2025-12-01T17:43:10.849987,242,154,207,324,376,222,182,173,-4412,6910,11141,-8780,-20,-2021,-566,34,-15,42
2025-12-01T17:43:10.872455,239,165,200,313,380,223,174,163,-4412,6913,11146,-8771,-57,-1963,-567,-62,3,49
2025-12-01T17:43:10.894897,254,286,163,249,373,212,175,166,-4415,6920,11157,-8751,-49,-1996,-565,-129,42,27
2025-12-01T17:43:10.909962,251,421,145,219,404,168,153,183,-4424,6930,11168,-8724,-52,-2016,-567,-147,97,8
2025-12-01T17:43:10.932601,290,614,172,200,448,158,150,277,-4430,6945,11180,-8694,-97,-2100,-603,-184,104,7
2025-12-01T17:43:10.954797,289,669,198,176,475,161,151,295,-4433,6956,11184,-8678,-134,-2123,-613,-104,74,27
2025-12-01T17:43:10.967139,293,849,308,180,510,153,125,327,-4427,6975,11201,-8645,-71,-2118,-652,-221,71,53
2025-12-01T17:43:10.998019,294,830,318,169,535,155,122,340,-4412,7000,11230,-8593,-259,-1971,-710,-320,108,-57
2025-12-01T17:43:11.013427,317,785,400,187,505,150,126,339,-4417,7013,11254,-8549,-325,-1955,-739,-197,148,-175
2025-12-01T17:43:11.029410,310,672,426,176,417,118,117,342,-4432,7030,11259,-8521,-384,-1942,-764,-47,200,-153
2025-12-01T17:43:11.052448,319,628,419,164,322,100,126,337,-4445,7038,11237,-8537,-422,-2017,-772,201,107,-67
2025-12-01T17:43:11.074585,306,351,352,162,253,102,134,313,-4457,7043,11183,-8597,-274,-2099,-645,399,18,152
2025-12-01T17:43:11.089161,289,322,340,174,143,142,138,295,-4454,7055,11133,-8654,-286,-1940,-707,396,-25,203
2025-12-01T17:43:11.112405,284,288,240,159,159,161,144,294,-4438,7059,11120,-8674,-290,-1894,-773,169,-68,67
2025-12-01T17:43:11.134903,239,239,171,165,188,168,145,197,-4433,7060,11102,-8699,-339,-1896,-630,158,-29,17
2025-12-01T17:43:11.149199,203,210,166,171,209,174,134,177,-4438,7050,11081,-8731,-350,-2073,-664,235,-35,-31
2025-12-01T17:43:11.172503,186,197,167,179,337,233,153,147,-4454,7034,11062,-8761,-203,-2063,-551,201,-28,-22
2025-12-01T17:43:11.194781,174,180,152,165,387,221,153,141,-4482,7013,11058,-8768,77,-2039,-463,72,-3,-3
2025-12-01T17:43:11.210492,125,153,133,153,402,207,137,106,-4511,7003,11080,-8733,242,-1912,-464,-165,74,-17
2025-12-01T17:43:11.239996,91,101,123,154,429,212,129,90,-4535,7010,11095,-8696,147,-2024,-510,-187,130,29
2025-12-01T17:43:11.254256,92,90,110,153,483,212,128,82,-4574,7020,11095,-8667,334,-2064,-460,-112,174,141
2025-12-01T17:43:11.278058,73,65,71,128,456,165,105,62,-4643,7020,11083,-8646,348,-2000,-512,79,256,51
2025-12-01T17:43:11.292108,60,58,66,145,483,170,95,50,-4706,7039,11064,-8621,293,-1943,-516,54,323,113
2025-12-01T17:43:11.315050,55,58,64,146,483,181,94,81,-4774,7068,11044,-8586,414,-1923,-464,-4,377,181
2025-12-01T17:43:11.328806,53,50,51,136,467,175,95,86,-4848,7125,11030,-8515,372,-1848,-572,-133,567,167
2025-12-01T17:43:11.351659,44,45,48,136,455,179,105,91,-4954,7182,11026,-8411,500,-1828,-549,-214,733,50
2025-12-01T17:43:11.374958,41,41,44,140,437,160,84,98,-5113,7246,10993,-8303,643,-1831,-443,-89,992,48
2025-12-01T17:43:11.397512,44,41,44,115,401,136,78,138,-5325,7321,10943,-8169,708,-1909,-462,-26,1307,-43
2025-12-01T17:43:11.410089,43,36,39,110,452,120,76,138,-5553,7430,10856,-8033,607,-1792,-645,121,1631,-179
2025-12-01T17:43:11.433353,37,32,39,112,440,107,75,142,-5826,7533,10760,-7871,615,-1753,-774,193,1865,-361
2025-12-01T17:43:11.449199,47,28,35,122,501,113,65,140,-6124,7642,10649,-7689,532,-1790,-822,217,2066,-422
2025-12-01T17:43:11.472461,64,30,33,133,539,109,67,148,-6445,7743,10532,-7484,481,-1823,-937,246,2204,-554
2025-12-01T17:43:11.494620,77,32,33,163,632,140,68,135,-6781,7841,10408,-7255,442,-1783,-976,228,2332,-654
2025-12-01T17:43:11.509269,85,33,34,168,627,151,73,133,-7123,7938,10294,-6980,366,-1847,-1067,73,2463,-822
2025-12-01T17:43:11.532481,88,35,37,169,634,157,69,188,-7480,8027,10176,-6669,340,-1886,-1130,17,2613,-978
2025-12-01T17:43:11.554947,85,57,44,177,618,150,68,230,-7842,8112,10061,-6317,253,-1877,-1191,-95,2735,-1137
2025-12-01T17:43:11.569210,76,58,49,203,615,161,73,227,-8190,8212,9949,-5912,190,-1905,-1213,-367,2867,-1221
2025-12-01T17:43:11.592536,62,96,47,183,567,163,73,222,-8520,8319,9836,-5468,82,-2030,-1328,-552,2949,-1304
2025-12-01T17:43:11.614830,52,101,51,176,654,179,81,226,-8809,8426,9731,-5012,12,-1998,-1336,-727,2825,-1297
2025-12-01T17:43:11.629217,70,194,54,180,705,181,93,196,-9052,8526,9642,-4563,31,-2035,-1389,-843,2605,-1281
2025-12-01T17:43:11.659965,111,237,52,171,689,205,99,207,-9259,8600,9572,-4137,69,-1926,-1278,-828,2319,-1290
2025-12-01T17:43:11.674949,119,306,61,127,675,204,95,238,-9432,8668,9513,-3721,169,-1935,-1366,-883,2137,-1259
2025-12-01T17:43:11.688743,120,311,65,129,719,202,97,242,-9544,8760,9462,-3331,263,-2049,-1269,-1090,1871,-1047
2025-12-01T17:43:11.719995,123,323,71,146,656,217,106,244,-9529,8935,9430,-2979,286,-1985,-1306,-1395,1594,-861
2025-12-01T17:43:11.742896,128,285,77,154,645,236,97,299,-9491,9092,9422,-2630,347,-1947,-1291,-1673,1199,-663
2025-12-01T17:43:11.764999,123,358,92,143,661,228,88,328,-9365,9307,9433,-2266,314,-2203,-1531,-2197,970,-522
2025-12-01T17:43:11.787638,128,340,87,145,696,224,88,342,-9188,9591,9385,-1984,187,-2813,-1180,-2351,766,128
2025-12-01T17:43:11.794349,133,351,86,137,591,206,86,377,-9093,9856,9195,-2016,-3,-2915,-936,-1070,603,864
2025-12-01T17:43:11.817057,135,367,86,111,540,167,60,386,-8989,10081,9034,-2093,240,-2377,-1175,-649,310,1077
2025-12-01T17:43:11.839637,143,373,94,82,480,135,66,440,-8827,10310,8929,-2121,335,-1817,-946,-1063,35,993
2025-12-01T17:43:11.855001,130,372,94,80,415,100,79,416,-8624,10525,8887,-2070,501,-1685,-1010,-1422,-47,641
2025-12-01T17:43:11.877269,126,351,104,77,296,94,121,475,-8360,10752,8901,-1926,585,-1568,-964,-2055,-149,380
2025-12-01T17:43:11.892206,130,327,124,86,292,94,126,527,-8126,10935,8928,-1763,711,-1744,-832,-1922,-75,124
2025-12-01T17:43:11.916368,130,302,130,109,363,97,134,529,-8045,10986,8952,-1694,881,-2256,-819,-941,-85,-198
2025-12-01T17:43:11.935731,108,302,126,116,409,90,129,458,-8095,10917,8976,-1774,696,-2273,-947,398,-232,-307
2025-12-01T17:43:11.950133,96,171,117,113,385,88,124,510,-8155,10832,8993,-1927,827,-2065,-1181,888,-449,-24
2025-12-01T17:43:11.975448,88,147,107,116,404,85,111,447,-8139,10784,9052,-1989,943,-1497,-1026,274,-502,-92
2025-12-01T17:43:11.997097,77,148,82,123,418,81,117,375,-8124,10758,9093,-2005,723,-1753,-1197,99,-176,-242
2025-12-01T17:43:12.012130,74,140,127,110,331,64,116,461,-7991,10767,9196,-2017,502,-1546,-1451,-344,-566,-341
2025-12-01T17:43:12.042383,109,126,191,121,259,80,123,469,-7792,10779,9338,-2083,764,-2153,-1509,-623,-1152,-285
2025-12-01T17:43:12.065416,153,109,232,134,248,85,123,411,-7768,10676,9437,-2245,654,-1866,-1085,567,-975,-344
2025-12-01T17:43:12.072235,155,113,345,132,197,83,103,399,-7737,10623,9503,-2322,833,-1261,-1010,299,-628,-84
2025-12-01T17:43:12.094980,160,109,354,126,140,85,95,380,-7669,10644,9540,-2305,874,-1230,-1011,-310,-293,69
2025-12-01T17:43:12.117229,163,111,364,119,130,86,87,310,-7556,10708,9580,-2211,895,-1460,-1202,-847,-104,-10
2025-12-01T17:43:12.131709,171,99,341,98,97,68,78,300,-7479,10763,9594,-2143,759,-1747,-1128,-719,-4,-23
2025-12-01T17:43:12.154967,144,99,320,79,85,53,71,280,-7497,10750,9598,-2130,752,-1711,-1143,10,90,-135
2025-12-01T17:43:12.176927,139,82,195,73,79,52,73,280,-7570,10695,9597,-2149,944,-1630,-1147,469,84,-122
2025-12-01T17:43:12.191802,134,81,181,60,53,40,65,270,-7668,10623,9602,-2139,1185,-1406,-1126,568,183,-152
2025-12-01T17:43:12.214908,130,67,117,56,50,34,72,191,-7718,10561,9646,-2067,947,-1204,-1366,295,282,-455
2025-12-01T17:43:12.237485,98,53,137,52,48,76,71,149,-7717,10526,9706,-1967,763,-1328,-1427,-80,272,-575
2025-12-01T17:43:12.259904,78,37,127,41,40,81,71,123,-7728,10477,9764,-1894,670,-1511,-1480,51,247,-641
2025-12-01T17:43:12.274930,74,38,124,34,35,83,64,87,-7754,10422,9811,-1849,622,-1499,-1500,234,258,-583
