timestamp,EMG_0,EMG_1,EMG_2,EMG_3,EMG_4,EMG_5,EMG_6,EMG_7,quat_0,quat_1,quat_2,quat_3,acc_0,acc_1,acc_2,gyro_0,gyro_1,gyro_2
2025-11-27T11:01:35.239243,17,17,31,26,108,36,20,21,-3974,7892,-8475,10887,817,-1919,-9,2,-19,-11
2025-11-27T11:01:35.255320,16,16,31,26,110,42,21,21,-3974,7892,-8475,10887,825,-1921,-12,0,-12,-10
2025-11-27T11:01:35.274105,16,18,32,36,118,48,25,20,-3974,7893,-8475,10886,822,-1922,-23,-12,-7,-9
2025-11-27T11:01:35.297656,15,17,33,35,137,62,29,21,-3968,7898,-8478,10883,847,-1918,-15,-36,-7,-8
2025-11-27T11:01:35.310086,17,17,39,44,134,68,29,22,-3961,7904,-8479,10879,858,-1912,-2,-42,-11,-10
2025-11-27T11:01:35.333740,18,19,40,47,124,68,29,20,-3957,7907,-8483,10876,834,-1926,6,-45,-6,3
2025-11-27T11:01:35.357777,20,21,41,48,118,66,28,19,-3957,7907,-8483,10876,820,-1933,-8,-16,1,15
2025-11-27T11:01:35.370144,21,21,40,50,127,72,29,25,-3957,7907,-8484,10875,823,-1907,-33,-14,15,12
2025-11-27T11:01:35.393096,23,22,37,57,140,90,35,26,-3951,7908,-8490,10872,820,-1937,-42,-29,22,-2
2025-11-27T11:01:35.417415,24,22,73,65,155,105,40,29,-3943,7908,-8497,10870,847,-1940,-20,-51,29,0
2025-11-27T11:01:35.431862,26,27,128,104,167,121,46,32,-3917,7922,-8515,10855,879,-1836,-4,-209,5,-16
2025-11-27T11:01:35.454969,25,27,137,107,168,121,46,32,-3881,7933,-8549,10832,940,-1872,-4,-315,38,28
2025-11-27T11:01:35.477995,23,28,143,107,161,116,45,30,-3864,7926,-8591,10811,894,-1985,-25,-263,72,123
2025-11-27T11:01:35.492329,24,30,145,105,144,95,38,28,-3859,7911,-8628,10794,797,-1917,-64,-167,77,138
2025-11-27T11:01:35.514797,21,29,132,100,139,74,34,26,-3850,7902,-8665,10774,760,-1908,-64,-204,55,105
2025-11-27T11:01:35.537949,19,23,82,57,118,42,24,23,-3842,7895,-8697,10756,735,-1961,-64,-183,46,56
2025-11-27T11:01:35.552260,20,23,66,52,127,42,24,23,-3839,7889,-8722,10742,680,-1989,-83,-121,30,24
2025-11-27T11:01:35.574716,19,21,57,48,121,36,21,20,-3849,7882,-8734,10734,640,-2010,-100,-18,3,5
2025-11-27T11:01:35.597616,18,19,52,44,125,35,20,20,-3859,7878,-8731,10735,662,-1976,-117,71,-5,-32
2025-11-27T11:01:35.620627,18,19,43,35,158,55,22,18,-3867,7877,-8718,10743,729,-1964,-84,107,-11,-59
2025-11-27T11:01:35.634536,17,20,37,33,170,60,25,18,-3869,7879,-8700,10756,773,-1955,-77,114,1,-75
2025-11-27T11:01:35.657723,17,20,35,29,163,59,25,18,-3869,7881,-8678,10772,812,-1938,-42,122,3,-84
2025-11-27T11:01:35.680506,18,20,23,24,160,59,24,19,-3870,7883,-8659,10786,821,-1930,-36,105,4,-64
2025-11-27T11:01:35.694795,19,20,25,22,142,57,23,19,-3869,7885,-8646,10795,827,-1912,-53,77,5,-43
2025-11-27T11:01:35.717960,19,21,24,23,92,37,21,18,-3866,7887,-8638,10801,834,-1925,-54,39,6,-30
2025-11-27T11:01:35.740546,19,21,25,24,93,32,17,19,-3865,7889,-8632,10805,825,-1919,-48,34,-1,-23
2025-11-27T11:01:35.754810,20,21,27,23,102,35,17,19,-3867,7890,-8625,10809,813,-1937,-47,45,-9,-18
2025-11-27T11:01:35.777996,21,21,34,24,120,36,19,19,-3870,7893,-8617,10813,811,-1934,-62,60,-13,-27
2025-11-27T11:01:35.800550,20,20,31,25,129,37,23,18,-3874,7896,-8607,10817,810,-1947,-67,71,-19,-31
2025-11-27T11:01:35.814316,18,23,33,26,128,38,24,20,-3880,7897,-8594,10823,811,-1949,-37,81,-20,-29
2025-11-27T11:01:35.837927,19,22,32,23,115,48,25,18,-3886,7899,-8581,10831,826,-1952,-30,85,-18,-28
2025-11-27T11:01:35.860617,19,21,51,24,117,50,27,18,-3888,7900,-8568,10839,847,-1943,-23,74,-11,-28
2025-11-27T11:01:35.874746,18,23,110,49,127,60,39,23,-3885,7903,-8559,10845,867,-1902,-12,36,0,-23
2025-11-27T11:01:35.898023,21,28,117,63,128,77,48,26,-3876,7909,-8558,10845,897,-1914,3,-46,-2,-14
2025-11-27T11:01:35.920463,21,24,148,96,152,86,91,28,-3868,7916,-8564,10839,899,-1891,43,-107,-27,22
2025-11-27T11:01:35.934791,29,37,214,168,203,120,137,40,-3856,7924,-8590,10816,938,-1965,5,-227,-38,85
2025-11-27T11:01:35.958039,32,40,229,208,209,136,148,42,-3835,7936,-8624,10788,1055,-1896,21,-319,-30,139
2025-11-27T11:01:35.980566,40,44,214,258,220,220,319,59,-3803,7939,-8687,10745,1211,-1952,-14,-473,31,297
2025-11-27T11:01:35.994772,42,43,215,260,256,273,346,66,-3787,7922,-8770,10697,1337,-2117,10,-523,55,514
2025-11-27T11:01:36.017923,43,51,203,252,290,334,372,67,-3784,7872,-8875,10648,1478,-2155,64,-564,145,793
2025-11-27T11:01:36.047967,41,48,145,240,303,354,369,64,-3798,7760,-9033,10593,1432,-2234,140,-698,350,1188
2025-11-27T11:01:36.054837,40,62,177,216,366,413,376,69,-3864,7571,-9236,10529,1128,-2465,162,-683,500,1585
2025-11-27T11:01:36.077982,35,64,184,218,490,414,277,60,-3977,7327,-9483,10441,719,-2475,175,-600,608,1928
2025-11-27T11:01:36.100010,33,65,202,362,490,391,252,53,-4115,7050,-9737,10343,380,-2513,109,-541,632,2125
2025-11-27T11:01:36.114255,36,63,211,376,482,364,215,55,-4282,6731,-9975,10261,106,-2511,108,-303,699,2284
2025-11-27T11:01:36.137950,34,63,215,396,476,340,195,51,-4472,6381,-10168,10214,-199,-2398,67,79,752,2297
2025-11-27T11:01:36.160222,32,53,320,478,432,261,173,43,-4675,6001,-10317,10205,-540,-2268,45,443,836,2264
2025-11-27T11:01:36.174761,33,60,403,538,288,195,120,33,-4872,5601,-10432,10223,-705,-2128,32,688,922,2198
2025-11-27T11:01:36.197357,40,86,463,503,283,171,96,34,-5048,5203,-10514,10263,-769,-1994,21,842,981,2019
2025-11-27T11:01:36.220239,116,88,479,560,267,115,46,31,-5193,4819,-10563,10328,-763,-1843,7,979,1026,1765
2025-11-27T11:01:36.234362,135,106,492,606,231,90,41,33,-5317,4441,-10592,10404,-672,-1831,-50,1087,1060,1425
2025-11-27T11:01:36.258166,158,127,461,583,227,84,40,37,-5394,4091,-10586,10514,-619,-1862,-34,1228,1106,1096
2025-11-27T11:01:36.280290,192,130,459,581,213,76,41,40,-5438,3771,-10516,10679,-599,-1814,-26,1581,1073,714
2025-11-27T11:01:36.295557,197,120,480,627,204,72,63,43,-5429,3515,-10397,10886,-599,-1845,-50,1674,1000,300
2025-11-27T11:01:36.322841,168,128,475,604,216,78,67,52,-5406,3337,-10281,11062,-482,-1826,-10,1489,709,-39
2025-11-27T11:01:36.338312,178,121,487,545,218,82,66,52,-5365,3260,-10174,11203,-267,-1840,205,1039,389,-276
2025-11-27T11:01:36.354097,194,101,520,600,208,76,72,55,-5294,3239,-10117,11295,-26,-1714,54,613,325,-330
2025-11-27T11:01:36.377314,189,113,519,546,200,82,78,62,-5221,3238,-10073,11367,-63,-1877,71,473,253,-368
2025-11-27T11:01:36.400571,191,107,449,461,172,99,81,73,-5166,3268,-10000,11448,-65,-2108,35,634,27,-452
2025-11-27T11:01:36.414360,195,99,454,420,126,93,85,82,-5134,3331,-9885,11544,21,-2281,-13,871,-236,-514
2025-11-27T11:01:36.437247,187,92,480,425,118,95,86,84,-5147,3386,-9732,11651,260,-2014,132,1044,-376,-267
2025-11-27T11:01:36.460563,153,101,528,363,121,101,81,82,-5201,3409,-9617,11716,145,-1863,146,847,-369,45
2025-11-27T11:01:36.474634,119,78,542,441,144,103,74,76,-5279,3436,-9544,11734,-44,-1764,221,501,-476,157
2025-11-27T11:01:36.497188,108,86,563,513,145,82,52,62,-5348,3521,-9498,11714,-49,-1800,179,181,-673,28
2025-11-27T11:01:36.520465,96,87,585,517,146,75,38,36,-5396,3631,-9416,11725,164,-2070,283,345,-698,-126
2025-11-27T11:01:36.543007,66,86,549,521,142,69,38,31,-5465,3669,-9289,11782,42,-2181,430,786,-522,-21
2025-11-27T11:01:36.557241,60,87,523,592,193,76,43,28,-5531,3678,-9173,11840,98,-1941,443,772,-362,91
2025-11-27T11:01:36.580416,56,89,464,596,297,71,46,31,-5607,3669,-9090,11870,-244,-1889,585,530,-341,106
2025-11-27T11:01:36.602912,51,90,453,656,300,82,51,36,-5674,3673,-9023,11888,-40,-1729,683,320,-314,172
2025-11-27T11:01:36.616773,55,110,403,718,395,172,71,47,-5696,3690,-9018,11876,-57,-1757,658,-83,-150,79
2025-11-27T11:01:36.640937,62,168,416,756,422,216,85,52,-5692,3716,-9035,11857,-31,-1956,746,-267,-68,1
2025-11-27T11:01:36.663249,59,165,296,723,420,232,89,53,-5682,3724,-9031,11863,58,-1896,772,-99,30,9
2025-11-27T11:01:36.678095,62,165,283,746,451,261,92,63,-5667,3714,-9008,11891,-7,-1926,787,77,100,-67
2025-11-27T11:01:36.700516,61,192,258,665,528,280,97,63,-5657,3708,-8991,11909,-62,-1933,771,32,51,-57
2025-11-27T11:01:36.722815,126,367,354,650,513,321,126,90,-5640,3728,-8981,11920,-56,-1804,763,-95,-20,-148
2025-11-27T11:01:36.737219,128,374,348,600,503,308,123,90,-5610,3746,-8953,11948,20,-1906,753,44,20,-215
2025-11-27T11:01:36.760571,130,380,336,586,527,334,126,93,-5602,3737,-8906,11991,-179,-2014,708,297,7,-200
2025-11-27T11:01:36.783003,131,388,333,526,516,329,125,89,-5601,3717,-8860,12031,-273,-1935,696,313,17,-181
2025-11-27T11:01:36.797345,132,398,359,514,540,382,125,91,-5572,3692,-8837,12069,-287,-2042,749,185,159,-254
2025-11-27T11:01:36.820454,80,360,309,458,516,356,97,66,-5561,3663,-8825,12092,-201,-1934,765,104,141,-87
2025-11-27T11:01:36.843316,75,350,324,468,598,422,100,66,-5557,3624,-8799,12125,-242,-1966,745,240,134,-80
2025-11-27T11:01:36.857261,79,351,330,416,628,420,156,87,-5571,3567,-8782,12147,-298,-1923,725,237,151,54
2025-11-27T11:01:36.880597,76,352,339,356,616,439,177,92,-5595,3489,-8753,12180,-382,-2131,830,362,188,96
2025-11-27T11:01:36.903264,79,359,322,347,558,404,177,92,-5648,3309,-8664,12268,-520,-2317,858,1056,451,292
2025-11-27T11:01:36.917384,68,242,277,477,567,372,172,85,-5727,3190,-8643,12279,-743,-1881,644,490,116,336
2025-11-27T11:01:36.940650,64,223,235,491,523,310,178,93,-5803,3122,-8636,12265,-593,-1685,588,251,-57,320
2025-11-27T11:01:36.962783,50,207,222,495,450,279,149,74,-5902,3090,-8607,12246,-557,-1862,490,370,-326,336
2025-11-27T11:01:36.977340,54,194,182,579,423,253,124,74,-6043,3067,-8559,12217,-536,-2095,531,484,-526,513
2025-11-27T11:01:36.998695,47,118,128,595,450,224,138,80,-6199,3044,-8492,12191,-556,-2099,584,579,-606,557
2025-11-27T11:01:37.022654,43,102,126,514,440,234,146,82,-6363,3019,-8374,12194,-449,-1898,644,832,-675,533
2025-11-27T11:01:37.037189,42,102,125,487,395,203,161,78,-6539,3005,-8229,12204,-377,-1591,630,907,-793,528
2025-11-27T11:01:37.060551,45,107,122,460,403,191,154,77,-6711,3022,-8103,12191,-392,-1532,681,672,-898,488
2025-11-27T11:01:37.082984,37,106,124,367,369,221,161,73,-6872,3075,-8004,12153,-292,-1700,757,404,-948,490
2025-11-27T11:01:37.096858,37,110,131,336,336,249,152,67,-7019,3137,-7899,12122,-188,-1772,808,423,-929,440
2025-11-27T11:01:37.120511,36,113,135,319,326,244,149,73,-7153,3197,-7774,12108,-87,-1670,856,500,-889,368
2025-11-27T11:01:37.143048,38,126,120,355,323,246,279,107,-7273,3253,-7638,12108,-52,-1570,885,552,-840,275
2025-11-27T11:01:37.157281,37,149,114,386,326,249,305,121,-7380,3305,-7510,12110,-36,-1600,921,526,-763,246
2025-11-27T11:01:37.180591,38,147,134,373,393,204,315,122,-7470,3352,-7400,12110,-24,-1611,910,461,-654,213
2025-11-27T11:01:37.202922,40,150,128,360,447,261,320,125,-7537,3403,-7307,12110,31,-1528,969,308,-553,143
2025-11-27T11:01:37.217088,43,166,175,342,442,257,324,129,-7582,3466,-7229,12112,79,-1510,960,203,-499,46
2025-11-27T11:01:37.240096,40,138,173,296,429,250,336,128,-7616,3527,-7154,12117,102,-1664,1000,222,-451,19
2025-11-27T11:01:37.263025,43,110,183,340,420,251,316,120,-7650,3567,-7076,12130,148,-1557,1005,276,-346,49
2025-11-27T11:01:37.277270,43,105,212,370,457,268,312,118,-7677,3597,-7033,12129,58,-1643,1021,144,-242,88
2025-11-27T11:01:37.300571,39,92,215,469,372,180,318,119,-7698,3633,-7011,12117,54,-1717,1018,22,-217,98
2025-11-27T11:01:37.322996,38,52,176,460,367,178,324,119,-7726,3656,-6972,12115,37,-1707,1010,170,-215,104
2025-11-27T11:01:37.336877,36,51,176,469,409,228,199,89,-7769,3666,-6928,12110,-29,-1628,987,230,-237,160
2025-11-27T11:01:37.360535,37,111,169,421,459,226,191,82,-7806,3671,-6880,12112,30,-1637,1098,222,-183,152
2025-11-27T11:01:37.383048,37,117,122,431,362,208,176,77,-7828,3677,-6847,12114,-44,-1532,1053,137,-139,65
2025-11-27T11:01:37.405566,38,167,119,425,382,201,174,84,-7830,3707,-6830,12113,-15,-1600,1063,-15,-142,-32
2025-11-27T11:01:37.420459,39,174,122,463,376,199,151,76,-7830,3749,-6821,12106,8,-1659,1043,-69,-169,-33
2025-11-27T11:01:37.443066,40,194,139,452,332,136,128,78,-7837,3775,-6796,12107,36,-1651,1074,50,-148,3
2025-11-27T11:01:37.465236,36,177,158,437,244,135,113,75,-7838,3810,-6780,12105,69,-1629,1056,-26,-139,-15
2025-11-27T11:01:37.480605,41,188,178,400,276,120,111,74,-7827,3849,-6778,12101,141,-1676,1060,-102,-76,-18
2025-11-27T11:01:37.504620,50,175,208,262,239,115,62,56,-7816,3877,-6778,12098,129,-1667,1050,-82,-31,-2
2025-11-27T11:01:37.525907,58,251,222,171,240,112,61,49,-7802,3904,-6784,12095,122,-1628,1012,-102,-9,-9
2025-11-27T11:01:37.540442,57,276,228,158,264,118,57,38,-7781,3941,-6803,12086,160,-1590,1008,-221,6,-18
2025-11-27T11:01:37.563049,59,283,230,168,313,126,54,35,-7745,3992,-6835,12075,232,-1627,995,-330,30,-55
2025-11-27T11:01:37.585303,56,279,313,163,280,127,56,38,-7693,4055,-6884,12059,270,-1720,909,-405,66,-99
2025-11-27T11:01:37.599828,48,274,316,173,291,118,54,37,-7640,4116,-6938,12042,279,-1774,853,-393,81,-86
2025-11-27T11:01:37.622982,37,211,324,198,287,127,53,35,-7589,4171,-6986,12027,344,-1802,795,-326,102,-50
2025-11-27T11:01:37.645519,44,213,376,228,285,125,52,38,-7540,4211,-7033,12016,373,-1745,760,-274,170,-6
2025-11-27T11:01:37.657628,58,260,434,226,315,122,57,41,-7484,4260,-7115,11985,338,-1647,641,-488,197,22
2025-11-27T11:01:37.681868,60,266,415,252,366,162,57,41,-7419,4326,-7212,11944,218,-1771,712,-643,138,-63
2025-11-27T11:01:37.713010,63,271,476,249,363,164,60,43,-7378,4388,-7301,11893,112,-1814,719,-598,29,11
2025-11-27T11:01:37.719710,69,276,523,279,354,157,83,47,-7341,4470,-7404,11821,33,-1784,525,-687,-73,7
2025-11-27T11:01:37.742950,64,241,555,349,409,168,91,46,-7276,4587,-7541,11730,20,-1841,402,-954,-97,-100
2025-11-27T11:01:37.765533,50,170,592,376,374,194,99,44,-7190,4701,-7694,11638,77,-1891,414,-1065,16,-132
2025-11-27T11:01:37.779728,47,156,599,357,380,223,149,43,-7118,4796,-7848,11541,-115,-1865,488,-1087,11,-101
2025-11-27T11:01:37.802988,50,151,634,420,387,252,179,53,-7054,4919,-8022,11407,-307,-1885,363,-1285,-172,-128
2025-11-27T11:01:37.825508,40,133,611,412,390,255,173,48,-6964,5109,-8207,11246,-278,-1930,202,-1558,-366,-321
2025-11-27T11:01:37.839706,50,136,717,543,323,251,174,57,-6862,5325,-8359,11096,-209,-1941,32,-1629,-452,-404
2025-11-27T11:01:37.862995,59,143,705,653,327,242,179,61,-6750,5558,-8523,10924,-303,-1803,-90,-1796,-507,-435
2025-11-27T11:01:37.885491,69,173,889,791,345,223,145,63,-6630,5816,-8704,10718,-417,-1768,-13,-2052,-599,-443
2025-11-27T11:01:37.899153,78,174,880,932,503,247,125,63,-6510,6092,-8909,10468,-390,-1947,77,-2334,-695,-351
2025-11-27T11:01:37.923650,82,178,881,980,606,299,129,67,-6404,6377,-9106,10190,-458,-2216,49,-2389,-844,-295
2025-11-27T11:01:37.945506,86,177,775,951,637,316,132,68,-6316,6624,-9273,9933,-231,-2194,502,-2171,-788,-197
2025-11-27T11:01:37.959470,82,171,741,1074,652,309,119,66,-6233,6789,-9437,9718,-245,-2199,813,-1894,-436,-14
2025-11-27T11:01:37.990523,84,140,468,1038,665,305,119,67,-6160,6897,-9620,9507,-107,-2498,1167,-1855,-230,248
2025-11-27T11:01:38.005518,73,137,391,914,572,279,103,63,-6145,6865,-9708,9450,7,-2800,1412,-1306,167,331
2025-11-27T11:01:38.019663,70,131,359,869,478,237,92,60,-6173,6735,-9742,9490,-152,-2689,1649,-622,460,395
2025-11-27T11:01:38.042996,58,119,320,847,484,209,81,54,-6215,6578,-9755,9559,-209,-2798,1629,-340,542,407
2025-11-27T11:01:38.065504,59,117,283,678,455,211,78,91,-6266,6386,-9716,9696,-67,-2883,1572,222,671,384
2025-11-27T11:01:38.079747,52,109,264,597,386,189,74,171,-6341,6147,-9619,9895,-254,-2657,1408,916,766,272
2025-11-27T11:01:38.102989,49,72,248,603,414,230,76,179,-6415,5903,-9503,10106,-265,-2511,1245,1176,769,219
2025-11-27T11:01:38.125812,51,57,232,585,411,221,90,189,-6476,5635,-9387,10327,-341,-2451,1016,1411,912,207
2025-11-27T11:01:38.139746,51,56,195,515,385,238,88,191,-6527,5390,-9265,10533,-506,-2358,768,1671,822,217
2025-11-27T11:01:38.162787,46,58,192,362,403,240,93,178,-6588,5149,-9128,10733,-428,-2273,672,1744,729,239
2025-11-27T11:01:38.185413,39,100,201,442,398,229,89,103,-6639,4902,-8975,10945,-346,-2159,614,1849,765,177
2025-11-27T11:01:38.199671,41,102,165,444,343,188,99,101,-6681,4629,-8799,11178,-489,-2218,365,2093,870,120
2025-11-27T11:01:38.222959,39,103,161,475,369,206,99,89,-6743,4421,-8611,11370,-652,-2206,333,1912,464,60
2025-11-27T11:01:38.245503,39,126,167,485,350,189,102,129,-6783,4283,-8424,11538,-415,-1916,257,1652,220,-146
2025-11-27T11:01:38.259769,40,127,260,504,332,184,120,133,-6830,4187,-8282,11647,-313,-1874,185,1438,23,-101
2025-11-27T11:01:38.283018,37,98,261,445,341,190,143,140,-6897,4120,-8154,11721,-295,-1966,176,1287,-174,13
2025-11-27T11:01:38.305686,33,95,263,437,362,167,152,137,-6960,4099,-8032,11776,-260,-2147,230,1133,-349,-50
2025-11-27T11:01:38.319333,37,95,278,432,425,144,150,134,-7028,4101,-7879,11838,-84,-2108,287,1210,-486,-79
2025-11-27T11:01:38.343125,40,74,356,421,409,145,236,111,-7121,4103,-7679,11914,59,-1952,312,1447,-609,-12
2025-11-27T11:01:38.365489,43,95,301,398,403,139,274,140,-7222,4122,-7477,11974,119,-1801,339,1360,-717,26
2025-11-27T11:01:38.377672,45,100,326,423,426,132,275,141,-7317,4149,-7295,12019,246,-1784,447,1172,-669,98
2025-11-27T11:01:38.408864,44,110,399,390,420,144,266,134,-7402,4181,-7153,12042,340,-1924,518,949,-570,195
2025-11-27T11:01:38.425509,42,112,425,391,320,134,269,134,-7497,4186,-7003,12069,290,-1736,609,994,-511,252
2025-11-27T11:01:38.448029,39,104,371,432,335,132,216,122,-7584,4193,-6852,12099,275,-1607,635,955,-501,186
2025-11-27T11:01:38.463023,43,112,368,432,353,146,178,99,-7655,4220,-6728,12115,246,-1541,668,721,-507,129
2025-11-27T11:01:38.485535,45,154,350,366,306,149,174,89,-7707,4258,-6623,12126,288,-1597,752,558,-453,77
2025-11-27T11:01:38.508046,44,155,249,335,319,134,179,88,-7739,4306,-6545,12131,269,-1574,771,370,-393,13
2025-11-27T11:01:38.521942,43,158,182,313,343,134,170,95,-7755,4367,-6490,12129,299,-1673,796,215,-359,-25
2025-11-27T11:01:38.545891,41,157,166,285,395,129,144,90,-7777,4410,-6416,12138,355,-1786,902,364,-315,-1
2025-11-27T11:01:38.567998,41,189,164,280,387,127,107,66,-7812,4430,-6328,12155,282,-1558,897,466,-298,21
2025-11-27T11:01:38.582234,36,165,140,294,426,117,85,65,-7821,4479,-6276,12158,274,-1483,815,189,-290,-61
2025-11-27T11:01:38.605584,39,207,148,315,403,115,75,68,-7797,4559,-6268,12148,416,-1590,811,-126,-216,-110
2025-11-27T11:01:38.627989,37,216,174,305,386,118,73,51,-7762,4630,-6278,12138,470,-1664,842,-195,-93,-88
2025-11-27T11:01:38.642217,39,254,236,310,344,135,73,50,-7737,4676,-6303,12123,486,-1678,881,-206,23,46
2025-11-27T11:01:38.665465,32,227,260,309,337,124,69,48,-7712,4708,-6343,12106,402,-1639,878,-252,90,67
2025-11-27T11:01:38.687935,36,246,303,326,273,136,61,38,-7679,4729,-6385,12097,363,-1632,922,-254,151,20
2025-11-27T11:01:38.702101,36,223,322,312,249,128,52,34,-7642,4750,-6435,12086,360,-1638,901,-300,185,26
2025-11-27T11:01:38.726076,35,231,316,299,252,139,51,35,-7593,4777,-6510,12065,378,-1677,883,-445,233,36
2025-11-27T11:01:38.748034,42,212,327,283,266,174,71,42,-7533,4810,-6616,12033,339,-1737,815,-598,287,34
2025-11-27T11:01:38.762186,47,229,427,289,308,273,132,57,-7458,4853,-6756,11984,321,-1766,653,-762,337,48
2025-11-27T11:01:38.785452,49,243,518,277,306,285,139,62,-7369,4907,-6896,11938,312,-1781,590,-797,327,-45
2025-11-27T11:01:38.808203,57,246,670,285,333,315,157,65,-7302,4945,-7016,11892,233,-1856,634,-657,266,9
2025-11-27T11:01:38.822011,67,305,693,284,323,313,170,68,-7247,4998,-7140,11830,203,-1818,547,-711,153,56
2025-11-27T11:01:38.845567,67,339,750,283,292,291,172,64,-7174,5077,-7284,11753,159,-1793,411,-895,109,-26
2025-11-27T11:01:38.867941,65,331,713,280,232,204,147,54,-7068,5177,-7469,11657,124,-1862,198,-1115,168,-111
2025-11-27T11:01:38.882064,66,312,708,318,237,224,144,47,-6954,5293,-7665,11546,53,-1822,122,-1256,111,-170
2025-11-27T11:01:38.905520,62,309,604,342,264,198,129,43,-6837,5437,-7870,11410,-61,-1805,156,-1485,-39,-236
2025-11-27T11:01:38.928543,52,242,605,397,266,210,124,42,-6726,5634,-8075,11236,-239,-1765,-6,-1864,-326,-225
2025-11-27T11:01:38.942584,49,184,536,543,276,238,119,44,-6599,5864,-8304,11024,-279,-1788,-127,-2166,-422,-247
2025-11-27T11:01:38.965495,48,171,592,681,339,250,104,41,-6467,6108,-8555,10775,-431,-1846,-49,-2418,-494,-199
2025-11-27T11:01:38.987933,52,174,620,775,359,221,100,48,-6348,6339,-8788,10522,-484,-2029,258,-2356,-529,-157
2025-11-27T11:01:39.002214,53,162,605,812,358,216,97,49,-6239,6571,-8985,10276,-462,-2143,473,-2222,-624,-214
2025-11-27T11:01:39.025601,60,153,597,878,391,253,95,57,-6154,6774,-9155,10043,-508,-2199,656,-2019,-624,-142
2025-11-27T11:01:39.048001,62,137,603,859,496,262,93,59,-6073,6927,-9323,9831,-314,-2473,914,-1873,-423,5
2025-11-27T11:01:39.062153,65,137,551,822,483,273,96,64,-5994,6968,-9511,9670,31,-2694,1317,-1607,109,364
2025-11-27T11:01:39.085457,62,111,428,759,473,280,102,66,-5999,6847,-9613,9651,-128,-2664,1588,-1072,484,532
2025-11-27T11:01:39.107842,59,112,380,754,476,279,100,67,-6008,6692,-9682,9685,-166,-2739,1690,-762,652,472
2025-11-27T11:01:39.122242,55,167,381,676,476,228,91,60,-6054,6489,-9692,9785,-215,-2864,1789,-198,730,470
2025-11-27T11:01:39.145460,56,224,350,699,352,185,99,81,-6112,6248,-9626,9970,-246,-2863,1627,586,858,295
2025-11-27T11:01:39.167967,62,402,419,741,390,164,107,125,-6179,5987,-9538,10171,-305,-2642,1347,980,898,293
2025-11-27T11:01:39.182199,63,437,443,726,429,184,106,132,-6252,5723,-9442,10366,-382,-2549,942,1283,850,294
2025-11-27T11:01:39.205464,64,438,476,670,417,174,122,138,-6327,5484,-9319,10559,-348,-2373,706,1494,702,201
2025-11-27T11:01:39.228041,61,421,479,677,409,181,144,185,-6397,5269,-9201,10727,-288,-2160,529,1460,591,220
2025-11-27T11:01:39.241721,58,404,460,564,412,190,136,188,-6476,5069,-9073,10885,-349,-2206,441,1543,460,183
2025-11-27T11:01:39.265456,48,231,368,542,370,171,130,170,-6547,4883,-8883,11082,-243,-2167,521,1854,390,55
2025-11-27T11:01:39.287928,41,153,326,526,364,153,146,171,-6621,4714,-8689,11264,-343,-1975,460,1798,277,24
2025-11-27T11:01:39.306880,52,146,278,582,351,162,200,288,-6780,4459,-8347,11529,-286,-2102,514,1582,-42,-14
2025-11-27T11:01:39.324606,58,150,214,536,338,159,210,312,-6876,4356,-8165,11641,-266,-2104,559,1553,-160,47
2025-11-27T11:01:39.345855,57,114,220,529,340,145,229,329,-6966,4286,-8001,11726,-298,-2095,491,1382,-281,7
2025-11-27T11:01:39.369707,85,113,184,497,346,145,239,371,-7064,4208,-7816,11821,-297,-2126,477,1572,-312,9
2025-11-27T11:01:39.388850,95,129,188,486,351,164,241,399,-7155,4149,-7619,11916,-166,-2039,462,1585,-375,-31
2025-11-27T11:01:39.411707,90,124,177,424,353,171,200,328,-7244,4134,-7445,11977,-99,-1958,475,1294,-526,-7
2025-11-27T11:01:39.429765,92,115,213,570,381,177,231,344,-7352,4122,-7297,12006,27,-2105,496,1172,-536,241
2025-11-27T11:01:39.448976,94,129,244,585,374,210,233,330,-7493,4076,-7132,12034,29,-1935,606,1300,-517,442
2025-11-27T11:01:39.471475,73,121,265,523,342,221,235,286,-7622,4055,-6980,12049,-63,-1710,566,1110,-600,333
2025-11-27T11:01:39.489740,61,100,268,531,283,183,255,248,-7730,4067,-6852,12050,17,-1682,588,858,-625,274
2025-11-27T11:01:39.508953,69,96,277,563,274,176,285,325,-7824,4082,-6724,12055,81,-1648,645,817,-584,223
2025-11-27T11:01:39.531789,63,91,248,422,229,185,259,339,-7912,4098,-6603,12060,89,-1601,754,730,-550,203
2025-11-27T11:01:39.549664,62,106,202,463,285,157,272,354,-7978,4129,-6504,12060,114,-1578,749,553,-506,127
2025-11-27T11:01:39.568874,62,135,337,446,278,141,271,361,-8034,4161,-6403,12066,166,-1714,814,586,-466,85
2025-11-27T11:01:39.591397,62,140,375,421,297,141,256,360,-8106,4174,-6279,12078,187,-1644,868,730,-471,150
2025-11-27T11:01:39.609894,52,142,372,396,349,190,220,291,-8182,4175,-6154,12090,166,-1471,917,717,-449,170
2025-11-27T11:01:39.628624,50,146,454,509,378,197,200,190,-8238,4200,-6056,12093,191,-1351,887,467,-428,110
2025-11-27T11:01:39.654740,45,131,472,474,381,192,186,148,-8264,4246,-5977,12099,182,-1409,981,277,-405,-50
2025-11-27T11:01:39.669752,35,103,375,445,385,197,202,113,-8279,4303,-5919,12097,201,-1541,993,172,-380,-60
2025-11-27T11:01:39.689214,38,120,342,457,376,209,190,114,-8291,4356,-5864,12097,270,-1561,1044,153,-327,-48
2025-11-27T11:01:39.711409,31,120,337,488,365,161,182,100,-8308,4386,-5798,12105,214,-1524,1076,264,-287,-48
2025-11-27T11:01:39.730104,30,130,212,357,332,125,197,96,-8313,4434,-5746,12110,242,-1488,1073,126,-294,-101
2025-11-27T11:01:39.748949,31,121,169,321,282,118,183,108,-8299,4494,-5699,12120,351,-1536,1071,69,-253,-165
2025-11-27T11:01:39.771447,59,240,191,311,319,154,156,105,-8286,4533,-5663,12131,389,-1516,1110,62,-130,-94
2025-11-27T11:01:39.789746,61,255,176,281,350,175,148,88,-8266,4562,-5642,12144,420,-1482,1170,-18,-20,-82
2025-11-27T11:01:39.809180,62,258,174,224,301,184,148,85,-8228,4595,-5647,12154,453,-1483,1104,-143,71,-101
2025-11-27T11:01:39.831401,62,257,223,236,283,195,126,82,-8185,4639,-5682,12150,403,-1506,1025,-297,84,-85
2025-11-27T11:01:39.849580,63,271,247,236,288,198,95,48,-8138,4695,-5726,12140,432,-1620,1006,-353,67,-81
2025-11-27T11:01:39.872077,43,218,261,271,243,165,79,36,-8103,4738,-5770,12125,437,-1627,1016,-315,81,3
2025-11-27T11:01:39.891322,68,318,383,310,192,135,72,42,-8085,4769,-5820,12101,339,-1578,1010,-319,71,92
2025-11-27T11:01:39.909261,79,353,508,280,275,171,107,49,-8057,4816,-5887,12069,333,-1540,942,-457,57,74
2025-11-27T11:01:39.932307,82,354,503,273,306,179,120,55,-8006,4885,-5974,12032,363,-1678,858,-587,70,-16
2025-11-27T11:01:39.947211,82,350,517,311,290,175,118,55,-7949,4961,-6065,11993,438,-1679,765,-609,84,-11
2025-11-27T11:01:39.969722,79,333,550,303,333,181,136,55,-7884,5030,-6159,11960,479,-1608,698,-603,159,-15
2025-11-27T11:01:39.992358,58,237,493,272,338,180,153,56,-7796,5116,-6290,11912,464,-1585,569,-846,205,-46
2025-11-27T11:01:40.011498,45,217,427,301,274,138,145,50,-7689,5218,-6467,11843,437,-1652,450,-1104,260,-36
2025-11-27T11:01:40.029762,62,334,476,310,241,138,168,45,-7561,5329,-6677,11759,412,-1810,258,-1226,326,-60
2025-11-27T11:01:40.052805,72,435,694,425,247,159,187,50,-7419,5448,-6901,11665,321,-1836,224,-1363,317,-130
2025-11-27T11:01:40.071430,74,437,664,437,218,162,179,51,-7273,5599,-7132,11546,249,-1766,111,-1536,151,-175
2025-11-27T11:01:40.089649,74,442,687,533,237,163,170,46,-7123,5774,-7355,11413,75,-1781,-107,-1828,-19,-281
2025-11-27T11:01:40.112226,75,442,732,535,244,175,165,50,-6946,6003,-7614,11233,-91,-1798,-186,-2271,-175,-351
2025-11-27T11:01:40.131443,61,372,771,672,260,171,132,50,-6760,6244,-7891,11021,-241,-1842,-205,-2482,-227,-327
2025-11-27T11:01:40.149644,49,247,694,753,301,155,106,43,-6558,6507,-8199,10764,-497,-1926,-294,-2802,-294,-317
2025-11-27T11:01:40.171969,57,255,943,838,294,155,101,52,-6341,6786,-8542,10450,-705,-1829,-154,-3203,-362,-238
2025-11-27T11:01:40.191431,71,290,987,847,280,169,106,66,-6154,7081,-8835,10118,-892,-2291,273,-3112,-659,-293
2025-11-27T11:01:40.213977,77,287,943,1015,307,161,96,62,-6012,7343,-9116,9761,-584,-2785,616,-3034,-761,26
2025-11-27T11:01:40.232136,82,275,903,1000,318,179,92,65,-5912,7473,-9367,9482,-61,-2944,1114,-2402,-325,410
2025-11-27T11:01:40.251919,83,269,838,928,314,224,99,72,-5824,7479,-9616,9280,-124,-2696,1366,-1910,227,682
2025-11-27T11:01:40.267527,76,254,557,1019,411,247,102,69,-5723,7430,-9857,9128,-43,-2903,1578,-1687,558,722
2025-11-27T11:01:40.289573,63,188,444,1026,409,234,85,58,-5721,7257,-9981,9133,-54,-3116,1729,-1222,725,746
2025-11-27T11:01:40.306638,53,145,419,885,394,236,83,61,-5774,7071,-10014,9210,-184,-3121,1619,-447,612,538
2025-11-27T11:01:40.327908,39,126,372,821,383,211,78,56,-5850,6893,-9957,9357,-98,-2999,1432,271,506,297
2025-11-27T11:01:40.352184,36,117,301,800,367,157,68,49,-5930,6705,-9833,9573,-46,-2872,1236,923,562,78
2025-11-27T11:01:40.371043,35,103,257,633,255,119,78,94,-6011,6495,-9674,9825,-87,-2667,1011,1398,652,-10
2025-11-27T11:01:40.389251,31,63,193,557,279,148,139,118,-6071,6299,-9538,10047,-189,-2512,853,1618,667,52
2025-11-27T11:01:40.411334,33,78,176,523,271,157,160,136,-6150,6079,-9391,10269,-238,-2413,710,1780,662,169
2025-11-27T11:01:40.431464,33,87,172,486,276,168,167,144,-6250,5850,-9217,10497,-329,-2281,609,1980,583,189
2025-11-27T11:01:40.449721,37,92,155,475,266,178,193,157,-6347,5632,-9031,10718,-406,-2169,504,2001,511,131
2025-11-27T11:01:40.472139,38,90,143,363,245,166,195,139,-6421,5405,-8843,10945,-363,-2276,423,2031,624,64
2025-11-27T11:01:40.491912,38,88,154,359,267,153,162,123,-6482,5158,-8623,11201,-475,-2377,322,2280,711,-62
2025-11-27T11:01:40.509319,36,131,158,394,284,163,151,105,-6606,4957,-8383,11399,-671,-2185,249,2219,197,117
2025-11-27T11:01:40.532549,41,131,208,444,302,164,148,97,-6736,4840,-8150,11542,-367,-1914,221,1857,-214,74
2025-11-27T11:01:40.551421,36,129,219,442,292,164,160,94,-6870,4751,-7933,11650,-329,-1845,184,1654,-361,122
2025-11-27T11:01:40.569885,39,135,235,522,304,197,155,88,-6998,4698,-7779,11700,-308,-2003,182,1409,-479,128
2025-11-27T11:01:40.592344,41,156,236,529,261,214,154,85,-7105,4665,-7597,11767,-252,-2165,269,1507,-536,-71
2025-11-27T11:01:40.611686,41,123,239,507,247,197,187,104,-7227,4647,-7337,11865,-165,-2153,254,1637,-728,-141
2025-11-27T11:01:40.634243,37,124,294,478,216,185,226,106,-7376,4617,-7048,11960,9,-1777,320,1794,-814,-18
2025-11-27T11:01:40.652223,40,155,307,483,231,179,207,96,-7500,4627,-6833,12003,100,-1601,349,1413,-792,57
2025-11-27T11:01:40.671446,34,159,326,522,326,179,215,96,-7583,4680,-6692,12010,210,-1645,349,878,-712,42
2025-11-27T11:01:40.689745,32,140,344,524,327,144,223,100,-7645,4750,-6558,12017,319,-1825,513,756,-692,-38
2025-11-27T11:01:40.712294,33,133,393,513,327,139,340,116,-7728,4803,-6390,12033,375,-1867,595,977,-732,21
2025-11-27T11:01:40.731737,42,191,322,560,331,154,322,120,-7827,4833,-6224,12045,383,-1724,618,1011,-670,150
2025-11-27T11:01:40.749768,51,179,330,540,332,178,321,128,-7922,4849,-6078,12051,375,-1520,721,857,-563,209
2025-11-27T11:01:40.772210,50,179,316,454,237,144,338,134,-7991,4870,-5979,12046,354,-1414,776,536,-436,188
2025-11-27T11:01:40.791392,55,190,305,456,262,155,332,132,-8028,4918,-5927,12028,383,-1585,800,230,-365,117
2025-11-27T11:01:40.809995,53,200,246,494,258,165,213,105,-8061,4960,-5875,12014,437,-1794,886,270,-317,108
2025-11-27T11:01:40.832202,47,187,333,467,237,153,219,101,-8118,4955,-5792,12018,394,-1711,963,561,-240,183
2025-11-27T11:01:40.851170,39,178,330,455,223,130,225,96,-8189,4920,-5699,12029,359,-1555,1038,649,-176,251
2025-11-27T11:01:40.869412,42,174,319,463,299,162,188,86,-8240,4891,-5636,12035,273,-1438,1093,415,-119,194
2025-11-27T11:01:40.892285,41,164,319,477,295,153,186,82,-8268,4881,-5597,12039,256,-1526,1179,220,-92,93
2025-11-27T11:01:40.911348,41,149,312,425,305,149,152,90,-8291,4876,-5551,12046,238,-1567,1207,233,-125,27
2025-11-27T11:01:40.929475,40,82,210,394,318,146,133,88,-8310,4871,-5502,12057,212,-1582,1221,253,-132,-16
2025-11-27T11:01:40.952215,38,72,182,398,390,143,123,77,-8340,4851,-5455,12066,127,-1558,1270,280,-122,26
2025-11-27T11:01:40.974721,34,63,175,394,339,102,139,83,-8366,4837,-5420,12070,66,-1597,1278,212,-128,12
2025-11-27T11:01:40.989774,36,82,147,373,312,139,185,88,-8393,4816,-5383,12075,35,-1704,1361,253,-124,-3
2025-11-27T11:01:41.011972,36,82,151,373,305,183,177,74,-8439,4788,-5319,12083,-42,-1601,1307,415,-225,8
2025-11-27T11:01:41.031415,38,95,159,377,305,236,179,74,-8489,4758,-5243,12093,-2,-1516,1289,473,-239,28
2025-11-27T11:01:41.049760,36,121,138,359,214,236,181,90,-8526,4750,-5180,12097,27,-1459,1263,321,-264,-19
2025-11-27T11:01:41.072319,37,133,130,305,216,253,166,83,-8542,4765,-5129,12102,161,-1540,1265,210,-251,-73
2025-11-27T11:01:41.091206,41,148,222,239,221,235,118,79,-8551,4793,-5082,12104,341,-1526,1170,172,-213,-44
2025-11-27T11:01:41.109209,53,229,285,215,214,200,114,81,-8557,4816,-5034,12111,448,-1471,1171,181,-150,-20
2025-11-27T11:01:41.131994,54,245,284,194,196,139,96,74,-8549,4842,-4985,12126,580,-1399,1137,154,-88,-53
2025-11-27T11:01:41.151460,54,247,286,208,204,137,73,50,-8527,4881,-4946,12142,689,-1352,1065,70,-45,-77
2025-11-27T11:01:41.169830,58,254,305,204,186,125,79,51,-8486,4944,-4929,12153,798,-1316,948,-102,-15,-104
2025-11-27T11:01:41.192250,85,302,282,210,203,137,73,52,-8431,5021,-4937,12156,854,-1308,933,-276,25,-98
2025-11-27T11:01:41.211702,96,364,256,213,208,143,75,52,-8375,5111,-4988,12137,882,-1342,872,-517,67,17
2025-11-27T11:01:41.229768,97,363,271,209,208,143,78,52,-8312,5196,-5067,12111,917,-1420,791,-586,172,75
2025-11-27T11:01:41.252159,99,391,298,212,256,162,89,56,-8233,5285,-5182,12077,842,-1491,632,-719,254,52
2025-11-27T11:01:41.274618,99,411,293,261,275,189,102,55,-8138,5380,-5321,12039,763,-1562,520,-819,295,-3
2025-11-27T11:01:41.289846,75,372,367,318,279,192,108,53,-8032,5478,-5488,11991,704,-1620,422,-940,345,-8
2025-11-27T11:01:41.317035,51,263,387,338,298,185,122,48,-7929,5568,-5685,11927,615,-1556,320,-1062,392,98
2025-11-27T11:01:41.332489,59,290,423,403,338,197,130,54,-7832,5642,-5932,11835,328,-1623,281,-1259,447,197
2025-11-27T11:01:41.349615,63,276,458,482,322,238,135,60,-7732,5718,-6209,11722,51,-1658,352,-1484,408,170
2025-11-27T11:01:41.372252,61,236,520,499,313,223,125,62,-7609,5815,-6472,11612,-59,-1798,338,-1723,340,69
2025-11-27T11:01:41.394742,62,230,673,499,318,234,126,59,-7484,5938,-6721,11489,-282,-1786,319,-1771,169,-20
2025-11-27T11:01:41.409976,65,260,713,589,341,244,112,61,-7365,6085,-6976,11336,-546,-1803,227,-1908,5,2
2025-11-27T11:01:41.432214,54,220,705,673,379,238,142,59,-7238,6265,-7244,11150,-677,-1821,226,-2146,-143,-17
2025-11-27T11:01:41.454744,47,180,749,706,378,201,140,52,-7083,6471,-7513,10952,-578,-1971,243,-2320,-193,-140
2025-11-27T11:01:41.469643,54,185,787,747,396,195,145,52,-6919,6683,-7789,10735,-460,-1989,307,-2443,-204,-116
2025-11-27T11:01:41.492260,63,196,701,762,384,192,140,52,-6757,6863,-8068,10515,-543,-1999,444,-2422,-94,-26
2025-11-27T11:01:41.514700,63,161,663,767,382,191,143,49,-6606,7023,-8365,10271,-613,-2205,592,-2510,-69,156
2025-11-27T11:01:41.534295,65,157,702,849,498,227,111,49,-6466,7144,-8626,10059,-391,-2752,933,-2229,36,171
2025-11-27T11:01:41.552236,63,146,636,861,576,213,97,45,-6350,7194,-8851,9900,-85,-2697,1190,-1784,257,305
2025-11-27T11:01:41.575382,58,131,566,843,618,228,95,48,-6302,7122,-9015,9834,-116,-2500,1435,-1484,494,406
2025-11-27T11:01:41.597009,46,108,454,821,625,225,96,47,-6271,7011,-9173,9788,-161,-2735,1617,-1397,613,512
2025-11-27T11:01:41.611825,40,85,434,761,640,216,90,46,-6275,6855,-9258,9816,-123,-3016,1766,-813,686,471
2025-11-27T11:01:41.635153,35,94,336,543,511,183,80,41,-6320,6651,-9247,9937,-134,-2866,1807,9,736,352
2025-11-27T11:01:41.649369,34,97,315,428,417,188,78,52,-6380,6436,-9187,10096,-197,-2716,1711,453,718,230
2025-11-27T11:01:41.672325,31,97,317,376,338,156,60,48,-6444,6214,-9119,10253,-370,-2733,1383,725,715,170
2025-11-27T11:01:41.694410,30,99,306,418,318,133,56,52,-6535,5995,-9031,10403,-486,-2643,1059,1050,563,180
2025-11-27T11:01:41.709427,35,104,284,429,236,135,76,62,-6643,5779,-8906,10564,-372,-2519,884,1380,445,214
2025-11-27T11:01:41.732232,38,82,278,523,358,145,76,65,-6737,5569,-8770,10729,-372,-2249,744,1616,482,283
2025-11-27T11:01:41.754611,37,75,269,552,379,136,76,69,-6821,5351,-8605,10919,-462,-2244,629,1818,512,150
2025-11-27T11:01:41.769739,37,78,200,568,386,136,78,69,-6901,5114,-8400,11139,-582,-2309,592,2124,557,34
2025-11-27T11:01:41.792198,36,90,216,536,411,138,79,67,-7017,4914,-8169,11328,-706,-2098,458,2128,184,73
2025-11-27T11:01:41.814731,38,94,194,524,473,145,70,65,-7116,4778,-7968,11466,-454,-1909,402,1695,-19,43
2025-11-27T11:01:41.829637,37,92,189,496,404,112,92,73,-7209,4666,-7844,11540,-415,-1818,275,1347,-74,96
2025-11-27T11:01:41.852004,38,94,230,527,384,111,99,68,-7291,4581,-7736,11594,-308,-1957,260,1207,-131,115
2025-11-27T11:01:41.874743,37,102,273,499,369,111,106,80,-7367,4524,-7639,11634,-310,-2151,206,1137,-218,76
2025-11-27T11:01:41.889713,38,94,263,493,359,118,136,81,-7457,4512,-7484,11681,-260,-2110,159,1328,-562,-69
2025-11-27T11:01:41.912202,33,83,268,497,270,107,184,87,-7567,4519,-7278,11738,-34,-1941,269,1472,-755,-39
2025-11-27T11:01:41.934981,36,99,327,447,332,131,188,90,-7700,4506,-7063,11788,30,-1688,377,1480,-746,128
2025-11-27T11:01:41.949741,36,101,312,374,366,163,187,88,-7822,4513,-6905,11799,33,-1613,409,1074,-714,225
2025-11-27T11:01:41.972239,35,97,284,403,374,163,188,80,-7900,4564,-6790,11793,86,-1728,423,707,-682,76
2025-11-27T11:01:41.994692,33,98,349,384,358,158,198,97,-7957,4633,-6643,11812,271,-1839,535,800,-707,-94
2025-11-27T11:01:42.010011,57,189,410,384,366,161,170,94,-8036,4674,-6465,11841,323,-1745,603,1021,-700,-10
2025-11-27T11:01:42.032275,60,200,445,395,335,169,161,85,-8120,4706,-6307,11856,352,-1598,649,887,-632,111
2025-11-27T11:01:42.054884,60,217,448,373,298,141,162,92,-8181,4743,-6197,11858,374,-1568,752,569,-492,123
2025-11-27T11:01:42.069731,62,218,443,411,275,142,158,90,-8227,4779,-6120,11851,375,-1661,788,408,-378,136
2025-11-27T11:01:42.092076,63,218,397,510,271,140,132,71,-8286,4789,-6040,11848,342,-1694,909,492,-314,205
2025-11-27T11:01:42.114746,50,201,331,493,258,130,141,89,-8356,4780,-5949,11847,242,-1582,944,568,-317,220
2025-11-27T11:01:42.129727,45,189,216,469,200,118,166,98,-8419,4773,-5873,11844,187,-1560,1005,466,-292,191
2025-11-27T11:01:42.152213,46,172,187,522,192,132,171,95,-8462,4774,-5819,11840,187,-1520,1036,296,-222,133
2025-11-27T11:01:42.174577,43,185,155,489,194,128,174,100,-8480,4774,-5775,11848,209,-1545,1074,234,-119,24
2025-11-27T11:01:42.189353,43,202,125,398,214,141,165,100,-8482,4785,-5739,11860,211,-1565,1086,162,-104,-64
2025-11-27T11:01:42.212022,33,153,116,412,238,153,145,87,-8478,4798,-5699,11877,233,-1540,1116,151,-95,-110
2025-11-27T11:01:42.234674,32,176,109,426,288,137,154,89,-8470,4809,-5666,11894,210,-1513,1122,113,-74,-119
2025-11-27T11:01:42.256888,28,176,112,376,274,115,174,87,-8450,4835,-5653,11903,201,-1582,1106,-20,-68,-155
2025-11-27T11:01:42.272135,31,160,121,436,310,129,177,85,-8425,4859,-5643,11916,239,-1605,1101,-13,-28,-167
2025-11-27T11:01:42.294392,28,134,125,430,313,142,180,84,-8413,4854,-5623,11936,192,-1595,1190,105,31,-113
2025-11-27T11:01:42.317208,34,148,135,420,313,150,188,76,-8410,4847,-5603,11951,64,-1489,1157,95,-32,-115
2025-11-27T11:01:42.332004,35,109,137,412,267,157,169,67,-8407,4840,-5583,11965,9,-1526,1241,78,-53,-133
2025-11-27T11:01:42.354578,40,100,144,446,272,160,161,69,-8409,4824,-5569,11977,-31,-1547,1267,73,-24,-104
2025-11-27T11:01:42.377292,38,92,153,482,292,172,158,65,-8400,4822,-5581,11978,-46,-1608,1258,-83,-13,-108
2025-11-27T11:01:42.391955,39,94,172,522,348,153,154,64,-8391,4828,-5582,11982,-61,-1631,1260,-50,-75,-158
2025-11-27T11:01:42.414372,35,56,164,519,329,150,161,68,-8405,4825,-5558,11984,-39,-1654,1258,120,-146,-77
2025-11-27T11:01:42.437200,37,126,179,528,352,210,185,73,-8433,4818,-5531,11980,-52,-1602,1191,176,-183,0
2025-11-27T11:01:42.452130,33,133,192,497,368,224,176,71,-8455,4812,-5515,11974,-57,-1627,1171,135,-145,-9
2025-11-27T11:01:42.474708,32,133,171,365,510,217,174,70,-8473,4804,-5491,11975,60,-1562,1205,144,-98,4
2025-11-27T11:01:42.497280,32,141,152,291,517,229,171,69,-8479,4809,-5474,11977,148,-1536,1146,80,-85,-24
2025-11-27T11:01:42.512223,39,209,186,294,518,222,153,63,-8468,4841,-5468,11975,303,-1523,1006,-23,-79,-50
2025-11-27T11:01:42.538929,39,211,181,268,499,168,94,47,-8448,4880,-5465,11974,416,-1549,1065,-93,-47,-53
2025-11-27T11:01:42.557245,62,312,214,228,484,145,75,42,-8425,4918,-5469,11973,514,-1493,1040,-134,8,-8
2025-11-27T11:01:42.572274,65,341,222,221,289,151,67,39,-8388,4968,-5493,11967,627,-1507,999,-264,71,4
2025-11-27T11:01:42.594647,89,462,359,214,186,140,64,40,-8332,5025,-5529,11966,724,-1574,966,-328,152,-43
2025-11-27T11:01:42.617044,99,569,402,281,193,148,63,42,-8278,5070,-5566,11967,783,-1554,981,-317,216,9
2025-11-27T11:01:42.632238,106,574,511,331,233,179,88,49,-8218,5131,-5643,11947,836,-1586,804,-492,262,103
2025-11-27T11:01:42.654722,103,555,592,335,241,213,149,54,-8151,5202,-5759,11906,841,-1622,638,-669,312,190
2025-11-27T11:01:42.681542,112,638,723,347,249,208,157,59,-8081,5270,-5907,11852,763,-1705,434,-723,374,241
2025-11-27T11:01:42.692474,100,579,731,395,244,214,160,59,-8003,5331,-6083,11788,676,-1696,370,-851,451,271
2025-11-27T11:01:42.714703,89,463,722,343,234,210,164,55,-7925,5391,-6283,11708,539,-1766,352,-969,448,297
2025-11-27T11:01:42.737312,90,480,661,355,198,182,153,51,-7851,5459,-6502,11607,298,-1842,239,-1065,362,284
2025-11-27T11:01:42.752166,86,492,750,398,181,151,99,42,-7767,5550,-6741,11483,42,-1804,99,-1240,239,179
2025-11-27T11:01:42.774654,80,383,700,446,146,168,120,42,-7679,5675,-7001,11325,-230,-1774,21,-1512,50,87
2025-11-27T11:01:42.797273,78,352,745,576,200,188,125,51,-7587,5861,-7217,11155,-438,-1778,-17,-1820,-287,-10
2025-11-27T11:01:42.811857,78,344,864,753,238,193,134,57,-7499,6129,-7410,10942,-563,-1833,34,-2062,-757,-148
2025-11-27T11:01:42.834591,79,308,1029,845,259,193,135,60,-7431,6440,-7528,10727,-582,-1730,386,-1908,-1167,-341
2025-11-27T11:01:42.857263,83,251,998,920,387,197,144,69,-7368,6790,-7613,10492,-630,-1697,771,-1996,-1457,-456
2025-11-27T11:01:42.872002,78,228,1044,943,419,187,121,70,-7261,7158,-7719,10242,-646,-1738,1060,-2300,-1390,-586
2025-11-27T11:01:42.894319,75,225,981,952,406,171,116,63,-7132,7460,-7885,9987,-209,-2787,1526,-2472,-962,-288
2025-11-27T11:01:42.916965,75,214,874,840,409,166,96,59,-7126,7451,-7977,9926,46,-2944,2077,-1432,-35,202
2025-11-27T11:01:42.932279,64,190,693,781,448,186,93,54,-7171,7290,-8051,9952,-318,-2331,2132,-684,514,409
2025-11-27T11:01:42.954832,49,157,557,669,354,186,79,47,-7180,7135,-8140,9986,-256,-2483,2064,-765,670,333
2025-11-27T11:01:42.983385,45,109,348,612,345,183,71,42,-7183,6952,-8203,10061,-107,-2884,1918,-386,849,301
2025-11-27T11:01:42.990727,45,86,323,534,362,177,65,43,-7224,6687,-8196,10215,-263,-2667,1670,536,1059,256
2025-11-27T11:01:43.014678,40,74,292,550,349,172,71,66,-7274,6407,-8155,10391,-379,-2309,1431,918,1055,157
2025-11-27T11:01:43.037194,35,81,229,522,313,154,78,72,-7315,6145,-8124,10543,-378,-2268,1218,897,996,182
2025-11-27T11:01:43.052212,34,75,237,532,325,166,75,70,-7369,5876,-8102,10676,-380,-2288,1058,985,980,332
2025-11-27T11:01:43.074819,33,92,301,609,356,210,79,71,-7435,5582,-8052,10824,-378,-2239,958,1308,996,376
2025-11-27T11:01:43.096741,33,100,288,545,349,217,83,74,-7520,5279,-7989,10964,-599,-2078,707,1540,905,375
2025-11-27T11:01:43.112267,36,126,298,499,357,227,79,56,-7610,5048,-7908,11068,-605,-2014,683,1368,498,273
2025-11-27T11:01:43.134495,40,132,298,507,395,241,74,56,-7654,4890,-7833,11162,-371,-2037,493,1181,386,74
2025-11-27T11:01:43.157319,44,161,330,509,394,241,85,88,-7715,4760,-7736,11243,-353,-2048,488,1216,150,76
2025-11-27T11:01:43.179756,45,167,272,446,407,241,100,103,-7787,4657,-7607,11324,-273,-2032,498,1300,-48,41
2025-11-27T11:01:43.199029,41,168,300,432,388,224,128,106,-7864,4574,-7475,11393,-199,-1940,519,1230,-151,75
2025-11-27T11:01:43.217168,41,154,346,489,381,219,132,109,-7926,4560,-7363,11428,-122,-1967,443,918,-369,-3
2025-11-27T11:01:43.239726,39,150,341,433,321,213,239,134,-7981,4583,-7265,11444,19,-2115,396,775,-456,24
2025-11-27T11:01:43.254762,38,136,317,454,364,212,245,119,-8054,4581,-7123,11482,90,-2002,407,1082,-469,46
2025-11-27T11:01:43.277261,44,176,325,448,317,168,244,109,-8144,4590,-6966,11512,180,-1860,450,1080,-590,124
2025-11-27T11:01:43.299774,44,180,349,517,324,175,238,109,-8244,4614,-6806,11527,213,-1828,472,1026,-693,168
2025-11-27T11:01:43.314729,46,188,305,487,314,183,246,108,-8354,4634,-6646,11532,246,-1830,558,1006,-700,252
2025-11-27T11:01:43.336729,44,184,288,516,308,173,158,76,-8457,4645,-6484,11545,278,-1690,635,988,-640,226
2025-11-27T11:01:43.359710,42,171,272,501,270,158,181,70,-8533,4665,-6349,11556,311,-1569,712,752,-523,158
2025-11-27T11:01:43.374712,32,129,261,487,265,149,205,81,-8592,4698,-6245,11556,291,-1575,752,529,-482,125
2025-11-27T11:01:43.396824,32,121,176,451,262,173,199,78,-8638,4744,-6155,11552,313,-1716,776,448,-460,83
2025-11-27T11:01:43.419641,28,143,152,434,266,166,199,81,-8690,4766,-6058,11554,402,-1771,892,541,-370,163
2025-11-27T11:01:43.434308,27,137,147,380,278,152,190,79,-8757,4758,-5952,11562,265,-1575,920,642,-335,185
2025-11-27T11:01:43.457204,29,138,136,402,263,148,155,80,-8796,4765,-5866,11574,274,-1492,895,471,-272,67
2025-11-27T11:01:43.479683,33,166,141,551,266,165,107,69,-8805,4791,-5813,11583,336,-1482,908,228,-176,-8
2025-11-27T11:01:43.495110,49,258,162,523,263,156,102,66,-8780,4838,-5789,11594,427,-1572,836,57,-71,-107
2025-11-27T11:01:43.517192,60,326,189,523,256,147,69,56,-8745,4881,-5769,11613,506,-1635,906,37,6,-128
2025-11-27T11:01:43.540287,78,392,261,523,234,151,65,54,-8708,4917,-5762,11629,558,-1613,889,0,83,-70
2025-11-27T11:01:43.554742,85,418,333,518,282,160,64,51,-8667,4953,-5775,11638,591,-1525,876,-129,149,-24
2025-11-27T11:01:43.577250,89,431,358,396,287,148,65,43,-8611,5001,-5821,11636,546,-1604,840,-313,193,-36
2025-11-27T11:01:43.599637,96,457,422,386,292,127,57,42,-8556,5045,-5874,11631,552,-1638,840,-329,223,-8
2025-11-27T11:01:43.614676,94,421,492,399,306,136,60,44,-8496,5087,-5945,11620,527,-1548,783,-427,268,18
2025-11-27T11:01:43.637376,86,403,509,398,335,141,77,48,-8420,5147,-6069,11586,429,-1657,693,-709,320,29
2025-11-27T11:01:43.659740,85,418,528,349,303,153,75,47,-8330,5217,-6215,11541,397,-1742,561,-807,343,8
2025-11-27T11:01:43.674743,83,404,582,271,273,158,82,46,-8247,5267,-6358,11501,330,-1780,605,-750,386,33
2025-11-27T11:01:43.697507,67,376,584,283,264,160,99,48,-8177,5305,-6506,11450,198,-1775,591,-750,360,91
2025-11-27T11:01:43.719690,69,383,602,287,270,175,118,55,-8109,5357,-6668,11381,10,-1786,522,-863,263,62
2025-11-27T11:01:43.734861,65,370,677,416,239,180,114,49,-8012,5455,-6860,11288,-41,-1844,298,-1123,182,-66
2025-11-27T11:01:43.757045,64,350,754,446,206,168,124,49,-7895,5582,-7072,11177,-66,-1825,121,-1306,136,-132
2025-11-27T11:01:43.779746,66,372,821,569,210,171,122,56,-7778,5729,-7295,11041,-203,-1780,-8,-1448,25,-158
2025-11-27T11:01:43.794180,64,319,812,600,248,179,112,52,-7666,5897,-7485,10903,-392,-1702,161,-1674,-141,-165
2025-11-27T11:01:43.821287,60,312,875,626,237,175,114,47,-7540,6125,-7696,10716,-435,-1692,166,-2074,-372,-210
2025-11-27T11:01:43.839356,58,278,805,672,295,198,121,58,-7395,6382,-7922,10501,-488,-1832,137,-2319,-446,-258
2025-11-27T11:01:43.854227,59,255,737,795,365,217,121,63,-7235,6621,-8144,10292,-413,-2064,368,-2308,-335,-283
2025-11-27T11:01:43.877207,55,199,634,750,396,209,123,58,-7110,6785,-8340,10114,-382,-2207,912,-1956,-165,-81
2025-11-27T11:01:43.899156,54,189,634,750,412,216,123,60,-7005,6904,-8501,9972,-481,-2253,1232,-1629,-70,-71
2025-11-27T11:01:43.914557,53,132,496,756,417,211,102,60,-6967,6893,-8628,9897,-438,-2420,1542,-1437,194,61
2025-11-27T11:01:43.937110,50,126,514,704,421,199,88,51,-6947,6800,-8739,9877,-379,-2539,1879,-1176,514,244
2025-11-27T11:01:43.959690,40,100,480,602,372,175,70,44,-6965,6635,-8819,9906,-421,-2637,2075,-762,696,399
2025-11-27T11:01:43.974717,38,86,440,606,335,176,62,43,-7002,6430,-8867,9971,-451,-2703,1978,-336,794,431
2025-11-27T11:01:43.997191,37,81,400,569,304,165,63,42,-7051,6218,-8870,10069,-477,-2598,1736,126,763,324
2025-11-27T11:01:44.019639,38,85,345,520,303,186,73,44,-7095,5999,-8826,10208,-520,-2589,1465,605,770,120
2025-11-27T11:01:44.034415,42,108,270,533,238,184,73,47,-7142,5771,-8749,10372,-532,-2527,1168,1024,768,38
2025-11-27T11:01:44.057040,39,112,212,481,219,179,79,75,-7197,5522,-8654,10547,-449,-2374,1020,1305,797,123
2025-11-27T11:01:44.079721,37,108,205,447,234,184,83,80,-7260,5245,-8559,10722,-512,-2221,887,1486,858,214
2025-11-27T11:01:44.102775,36,109,196,481,234,177,82,79,-7348,4966,-8479,10858,-767,-2188,662,1526,721,327
2025-11-27T11:01:44.117206,30,101,190,477,277,168,81,78,-7446,4756,-8377,10964,-716,-2013,576,1420,325,241
2025-11-27T11:01:44.139756,23,87,196,384,285,145,90,83,-7519,4611,-8253,11069,-508,-1969,562,1322,122,44
2025-11-27T11:01:44.161972,29,96,183,522,295,144,99,64,-7600,4486,-8128,11157,-446,-1973,498,1304,1,100
2025-11-27T11:01:44.176712,31,99,165,491,281,134,96,68,-7675,4379,-8017,11229,-451,-1986,429,1210,-53,99
2025-11-27T11:01:44.199989,33,99,149,459,276,135,117,76,-7740,4329,-7901,11285,-464,-1956,394,1054,-283,-71
2025-11-27T11:01:44.222208,37,129,254,465,220,134,208,83,-7789,4340,-7771,11338,-230,-2024,310,988,-478,-189
2025-11-27T11:01:44.237144,40,125,254,462,227,159,224,83,-7852,4358,-7620,11390,-82,-2127,270,1131,-568,-121
2025-11-27T11:01:44.259654,36,123,250,321,225,182,230,90,-7944,4370,-7439,11441,4,-1991,337,1264,-686,2
2025-11-27T11:01:44.282218,39,149,376,348,229,182,235,87,-8050,4388,-7256,11478,45,-1892,326,1239,-761,79
2025-11-27T11:01:44.304980,39,150,391,364,212,183,226,83,-8161,4414,-7081,11499,124,-1764,402,1105,-782,164
2025-11-27T11:01:44.319671,36,124,339,493,199,161,164,80,-8255,4460,-6914,11515,213,-1684,472,936,-783,104
2025-11-27T11:01:44.342150,35,137,380,505,197,155,147,80,-8335,4520,-6771,11519,267,-1696,534,742,-743,104
2025-11-27T11:01:44.357136,39,141,382,480,176,127,261,112,-8418,4579,-6641,11511,295,-1794,618,670,-713,172
2025-11-27T11:01:44.379725,39,121,282,470,177,126,274,113,-8509,4613,-6500,11511,325,-1836,690,805,-646,229
2025-11-27T11:01:44.401825,38,131,268,476,199,132,285,117,-8602,4603,-6355,11526,370,-1689,834,893,-452,303
2025-11-27T11:01:44.417086,39,155,249,357,287,138,283,117,-8673,4588,-6239,11543,345,-1461,853,701,-301,247
2025-11-27T11:01:44.439749,41,150,185,350,272,128,283,122,-8707,4604,-6165,11551,343,-1473,890,361,-237,120
2025-11-27T11:01:44.462265,40,149,177,378,274,129,209,98,-8725,4637,-6113,11551,374,-1638,889,234,-208,86
2025-11-27T11:01:44.477277,44,173,126,402,307,147,191,100,-8757,4644,-6049,11558,382,-1724,995,385,-160,158
2025-11-27T11:01:44.499986,44,189,107,386,325,143,188,97,-8793,4627,-5985,11571,345,-1633,1028,438,-74,184
2025-11-27T11:01:44.522250,44,171,111,394,261,140,178,95,-8812,4606,-5938,11589,311,-1476,1040,316,26,125
2025-11-27T11:01:44.537149,39,161,101,439,297,152,168,84,-8815,4592,-5927,11598,224,-1490,1064,109,101,85
2025-11-27T11:01:44.559705,37,155,126,445,377,204,117,65,-8805,4587,-5937,11602,133,-1528,1071,-24,113,29
2025-11-27T11:01:44.582282,29,134,133,497,359,195,108,55,-8799,4587,-5943,11604,33,-1606,1095,-10,37,-11
2025-11-27T11:01:44.596879,31,99,156,493,326,188,138,64,-8804,4574,-5938,11608,-21,-1605,1115,89,22,13
2025-11-27T11:01:44.619609,31,94,157,512,348,189,223,93,-8811,4548,-5931,11616,-106,-1542,1163,110,45,-6
2025-11-27T11:01:44.650905,32,101,151,491,323,185,229,90,-8807,4536,-5946,11616,-203,-1575,1127,-33,31,-61
2025-11-27T11:01:44.658212,39,145,161,461,251,136,229,91,-8799,4538,-5951,11619,-170,-1584,1153,-37,-27,-120
2025-11-27T11:01:44.679671,38,140,169,366,239,127,230,92,-8801,4539,-5932,11627,-168,-1566,1199,56,-109,-126
2025-11-27T11:01:44.702594,36,151,168,376,375,154,204,83,-8811,4549,-5914,11625,-192,-1587,1205,28,-183,-91
2025-11-27T11:01:44.716926,54,239,197,302,378,162,94,49,-8812,4581,-5896,11621,-110,-1581,1175,-50,-231,-135
2025-11-27T11:01:44.739666,59,263,216,242,374,147,74,49,-8798,4630,-5878,11621,38,-1605,1107,-77,-216,-181
2025-11-27T11:01:44.762000,55,245,238,240,359,150,76,52,-8772,4684,-5862,11627,193,-1531,1069,-121,-154,-188
2025-11-27T11:01:44.776778,59,303,299,259,360,163,86,54,-8728,4751,-5870,11629,340,-1524,996,-263,-60,-175
2025-11-27T11:01:44.799550,62,307,339,299,230,154,102,54,-8666,4823,-5907,11627,439,-1579,914,-393,63,-157
2025-11-27T11:01:44.821952,59,269,414,332,190,171,119,64,-8581,4900,-5962,11629,574,-1654,859,-465,189,-187
2025-11-27T11:01:44.836997,73,346,442,347,198,176,121,64,-8492,4971,-6020,11635,689,-1663,824,-454,260,-148
2025-11-27T11:01:44.859847,77,451,471,346,208,172,130,62,-8412,5030,-6089,11632,726,-1659,764,-456,322,-30
2025-11-27T11:01:44.882238,75,443,552,359,236,157,134,60,-8335,5084,-6190,11611,648,-1646,670,-571,362,66
2025-11-27T11:01:44.897268,73,447,594,319,225,161,123,59,-8240,5160,-6323,11573,575,-1677,551,-786,355,19
2025-11-27T11:01:44.928012,75,505,717,324,237,143,123,46,-8130,5256,-6473,11524,530,-1776,444,-908,322,-43
2025-11-27T11:01:44.942266,66,487,742,306,236,187,178,54,-8012,5368,-6660,11448,396,-1826,240,-1087,296,-36
2025-11-27T11:01:44.965125,63,427,814,328,222,190,193,53,-7888,5491,-6874,11350,281,-1824,166,-1281,267,-27
2025-11-27T11:01:44.979742,73,406,775,372,215,212,228,66,-7778,5605,-7118,11219,40,-1979,51,-1374,234,71
2025-11-27T11:01:45.002622,75,396,736,378,243,230,234,65,-7672,5726,-7364,11071,-113,-1883,-28,-1449,142,55
2025-11-27T11:01:45.017194,81,368,726,584,264,225,227,65,-7549,5882,-7565,10937,-294,-1869,-11,-1666,-31,-166
2025-11-27T11:01:45.039727,76,311,725,616,259,196,191,58,-7419,6089,-7778,10762,-434,-1849,-84,-1963,-256,-212
2025-11-27T11:01:45.062228,83,296,718,661,286,224,177,67,-7267,6345,-8004,10550,-510,-1869,-37,-2297,-422,-316
2025-11-27T11:01:45.085470,80,296,770,663,282,223,119,55,-7120,6598,-8243,10309,-675,-1783,265,-2466,-465,-213
2025-11-27T11:01:45.099404,78,295,794,772,286,202,101,55,-6974,6857,-8494,10032,-771,-2042,422,-2646,-531,-126
2025-11-27T11:01:45.122213,63,219,738,746,375,230,105,52,-6835,7091,-8694,9791,-635,-2355,673,-2340,-507,-223
2025-11-27T11:01:45.146006,62,218,728,814,402,245,104,58,-6720,7285,-8856,9580,-751,-2390,790,-2000,-453,-199
2025-11-27T11:01:45.159715,52,170,684,885,471,217,86,47,-6613,7404,-9039,9391,-374,-2601,1139,-1871,-128,100
2025-11-27T11:01:45.182150,46,146,588,900,471,218,80,48,-6584,7362,-9186,9301,-172,-2683,1446,-1571,279,432
2025-11-27T11:01:45.204943,45,141,555,850,480,215,75,47,-6573,7259,-9305,9271,-194,-2808,1573,-1206,509,481
2025-11-27T11:01:45.219644,42,123,443,762,401,180,67,45,-6592,7100,-9368,9317,-206,-2870,1661,-618,665,456
2025-11-27T11:01:45.242247,40,124,388,692,402,173,52,36,-6642,6902,-9376,9421,-187,-2767,1611,-35,717,451
2025-11-27T11:01:45.265464,34,104,272,568,324,184,59,42,-6707,6683,-9357,9553,-309,-2660,1363,399,754,389
2025-11-27T11:01:45.279756,32,98,246,535,309,177,62,50,-6787,6457,-9317,9688,-428,-2552,1146,684,688,360
2025-11-27T11:01:45.303237,37,97,233,602,301,182,73,52,-6864,6231,-9257,9839,-316,-2585,932,962,696,338
2025-11-27T11:01:45.325197,38,91,208,611,313,281,103,61,-6956,5976,-9179,10004,-349,-2455,793,1282,729,416
2025-11-27T11:01:45.339753,40,60,212,591,281,270,105,74,-7060,5698,-9081,10182,-430,-2261,681,1574,738,427
2025-11-27T11:01:45.362266,42,58,199,565,242,259,123,106,-7155,5439,-8958,10364,-520,-2139,691,1755,656,402
2025-11-27T11:01:45.385464,44,103,258,531,247,258,123,104,-7239,5181,-8833,10543,-562,-2135,574,1768,675,365
2025-11-27T11:01:45.399699,41,102,240,437,312,269,119,103,-7335,4935,-8737,10674,-657,-2163,491,1555,526,348
2025-11-27T11:01:45.422225,38,106,247,415,327,171,101,103,-7406,4730,-8635,10801,-604,-2135,307,1548,420,172
2025-11-27T11:01:45.444714,37,113,240,407,341,172,109,111,-7469,4573,-8507,10926,-541,-2011,194,1572,192,-4
2025-11-27T11:01:45.459725,38,128,236,442,377,182,109,85,-7544,4480,-8356,11029,-456,-2003,170,1495,-166,-71
2025-11-27T11:01:45.482748,41,122,184,493,398,174,120,93,-7630,4431,-8198,11108,-379,-1944,214,1344,-405,-70
2025-11-27T11:01:45.505005,40,125,169,465,360,157,147,99,-7705,4450,-8075,11138,-329,-2049,170,940,-619,-92
2025-11-27T11:01:45.524000,40,123,273,443,325,155,153,106,-7779,4492,-7920,11181,-183,-2021,198,1036,-734,-185
2025-11-27T11:01:45.542232,47,156,281,464,309,144,167,131,-7859,4543,-7725,11241,-63,-2031,245,1223,-844,-234
2025-11-27T11:01:45.564712,46,161,298,417,287,169,160,136,-7962,4580,-7521,11292,33,-1942,314,1268,-865,-75
2025-11-27T11:01:45.579449,43,181,395,415,289,187,170,134,-8057,4624,-7351,11318,62,-1911,326,1048,-814,7
2025-11-27T11:01:45.602200,45,181,437,523,263,172,164,133,-8144,4682,-7191,11335,164,-1988,376,948,-806,15
2025-11-27T11:01:45.624751,45,181,385,530,256,171,167,134,-8248,4718,-6986,11373,235,-1889,531,1181,-838,33
2025-11-27T11:01:45.639312,39,172,382,507,293,190,169,109,-8368,4740,-6773,11405,197,-1685,570,1212,-861,90
2025-11-27T11:01:45.662267,59,229,408,544,299,175,176,107,-8468,4777,-6617,11407,231,-1569,571,832,-750,168
2025-11-27T11:01:45.684710,63,216,329,593,280,151,175,104,-8536,4829,-6515,11394,239,-1667,654,486,-607,135
2025-11-27T11:01:45.699758,64,216,372,536,270,152,174,108,-8583,4852,-6414,11406,400,-1842,856,551,-360,118
2025-11-27T11:01:45.722219,65,216,366,543,298,159,165,102,-8649,4834,-6299,11427,313,-1647,888,721,-286,186
2025-11-27T11:01:45.744676,68,241,363,570,267,145,179,95,-8707,4813,-6196,11449,268,-1547,925,637,-238,154
2025-11-27T11:01:45.759719,50,183,339,629,264,129,197,103,-8727,4825,-6124,11467,313,-1506,918,347,-188,13
2025-11-27T11:01:45.782264,45,171,319,561,284,141,224,109,-8722,4855,-6079,11482,377,-1670,918,193,-114,-50
2025-11-27T11:01:45.804926,45,192,236,491,302,167,221,104,-8711,4882,-6043,11497,412,-1700,904,171,-53,-37
2025-11-27T11:01:45.819661,53,273,242,513,298,160,229,100,-8700,4905,-6015,11510,415,-1646,859,152,-20,-13
2025-11-27T11:01:45.841810,52,246,244,477,327,153,204,94,-8678,4941,-5998,11521,473,-1598,812,57,0,-37
2025-11-27T11:01:45.865387,61,350,329,349,313,152,172,73,-8641,4982,-6001,11530,490,-1538,805,-83,65,-61
2025-11-27T11:01:45.879406,64,363,410,317,294,140,111,61,-8590,5039,-6033,11526,540,-1609,797,-284,107,-44
2025-11-27T11:01:45.903229,71,419,496,360,273,113,99,55,-8533,5096,-6084,11516,572,-1669,756,-353,174,-9
2025-11-27T11:01:45.924016,67,386,550,276,268,133,75,45,-8471,5150,-6153,11502,559,-1601,677,-427,231,21
2025-11-27T11:01:45.939222,65,417,612,345,257,152,70,41,-8400,5198,-6252,11479,513,-1664,649,-542,333,48
2025-11-27T11:01:45.961853,59,338,586,341,273,159,89,41,-8318,5246,-6377,11448,473,-1724,595,-658,401,61
2025-11-27T11:01:45.984254,64,385,712,367,342,167,98,42,-8229,5295,-6524,11407,356,-1756,506,-750,425,50
2025-11-27T11:01:46.008440,68,359,693,352,401,182,107,47,-8142,5340,-6689,11353,207,-1810,527,-852,427,63
2025-11-27T11:01:46.022078,71,367,699,388,391,175,122,48,-8071,5380,-6852,11287,45,-1802,535,-859,337,94
2025-11-27T11:01:46.044314,78,370,680,388,411,170,123,53,-7998,5444,-7026,11201,-73,-1877,379,-949,222,52
2025-11-27T11:01:46.075416,79,384,695,416,401,178,116,54,-7903,5550,-7214,11097,-136,-1868,235,-1161,105,-84
2025-11-27T11:01:46.081752,81,365,620,423,342,183,127,60,-7786,5684,-7409,10982,-158,-1806,77,-1302,53,-210
2025-11-27T11:01:46.103855,83,371,675,452,338,176,124,60,-7673,5838,-7617,10838,-357,-1684,14,-1495,-84,-245
2025-11-27T11:01:46.127979,80,352,674,522,370,187,119,63,-7521,6058,-7833,10669,-482,-1687,-165,-2033,-209,-335
2025-11-27T11:01:46.142254,76,352,684,531,321,190,118,61,-7354,6319,-8069,10456,-532,-1842,-14,-2392,-355,-353
2025-11-27T11:01:46.164743,75,338,758,617,332,179,113,61,-7191,6584,-8278,10239,-476,-2053,201,-2342,-459,-395
2025-11-27T11:01:46.188095,69,288,705,767,359,202,102,53,-7045,6835,-8466,10020,-394,-2071,495,-2259,-505,-334
2025-11-27T11:01:46.202189,55,219,681,791,299,202,98,47,-6898,7058,-8629,9827,-581,-2121,632,-2059,-414,-398
2025-11-27T11:01:46.224783,53,215,667,788,293,190,111,45,-6771,7244,-8803,9625,-450,-2515,900,-2034,-342,-170
2025-11-27T11:01:46.247950,50,127,627,852,321,192,112,44,-6671,7349,-8954,9474,-219,-2723,1317,-1619,-82,22
2025-11-27T11:01:46.262285,50,103,507,787,333,207,112,47,-6666,7298,-9037,9438,-258,-2663,1611,-1172,218,194
2025-11-27T11:01:46.284689,46,99,494,669,317,178,112,51,-6681,7191,-9096,9453,-234,-2673,1812,-869,410,289
2025-11-27T11:01:46.308161,45,82,376,626,321,175,109,48,-6705,7046,-9127,9515,-194,-2876,1792,-501,568,292
2025-11-27T11:01:46.322234,47,79,317,657,347,177,84,48,-6758,6857,-9088,9651,-242,-2856,1693,224,643,169
2025-11-27T11:01:46.344821,45,90,299,552,370,205,79,43,-6819,6642,-9007,9833,-184,-2727,1468,759,731,116
2025-11-27T11:01:46.367819,44,92,268,616,370,193,79,40,-6871,6418,-8909,10033,-237,-2612,1189,1070,789,16
2025-11-27T11:01:46.382225,38,98,304,613,368,195,67,35,-6940,6190,-8794,10228,-323,-2558,956,1343,699,22
2025-11-27T11:01:46.404794,38,103,308,607,362,197,58,36,-7025,5955,-8665,10418,-393,-2376,747,1582,626,55
2025-11-27T11:01:46.427932,37,111,298,517,335,192,54,48,-7091,5745,-8529,10602,-409,-2227,607,1651,586,82
2025-11-27T11:01:46.441953,42,125,303,553,374,199,59,52,-7147,5524,-8382,10797,-381,-2278,509,1750,651,33
2025-11-27T11:01:46.464669,41,125,327,570,381,213,57,55,-7218,5304,-8202,10997,-512,-2282,493,1934,528,1
2025-11-27T11:01:46.485887,39,128,230,518,375,213,57,56,-7302,5116,-8002,11177,-436,-2043,421,1910,287,-19
2025-11-27T11:01:46.500613,38,129,214,531,372,202,67,83,-7394,4971,-7803,11321,-300,-1895,416,1711,40,6
2025-11-27T11:01:46.524407,37,121,210,585,395,215,73,79,-7493,4859,-7640,11415,-260,-1913,389,1547,-131,51
2025-11-27T11:01:46.547937,27,86,206,559,341,180,67,78,-7583,4764,-7480,11502,-264,-1883,396,1473,-188,-12
2025-11-27T11:01:46.562230,26,81,151,466,299,156,91,96,-7647,4724,-7328,11574,-268,-1862,396,1236,-344,-202
2025-11-27T11:01:46.584684,29,67,155,489,289,147,96,105,-7693,4733,-7169,11639,-145,-1935,406,1123,-496,-334
2025-11-27T11:01:46.607765,31,67,148,457,329,150,120,100,-7764,4736,-6989,11700,3,-1908,449,1241,-562,-184
2025-11-27T11:01:46.622183,30,67,138,392,312,168,137,101,-7848,4730,-6826,11742,40,-1769,462,1153,-535,-21
2025-11-27T11:01:46.644255,36,69,249,391,276,148,202,118,-7924,4746,-6699,11757,68,-1788,445,901,-544,37
2025-11-27T11:01:46.667857,40,71,261,388,304,159,195,105,-7992,4772,-6573,11772,154,-1871,514,859,-539,15
2025-11-27T11:01:46.682156,38,68,261,354,318,183,199,103,-8079,4794,-6422,11787,212,-1796,579,967,-626,80
2025-11-27T11:01:46.704815,39,97,287,351,299,179,197,94,-8176,4818,-6249,11803,222,-1679,591,1039,-710,77
2025-11-27T11:01:46.735382,40,104,294,335,282,153,210,97,-8281,4837,-6081,11810,247,-1595,723,963,-708,154
2025-11-27T11:01:46.742105,35,100,200,326,285,158,152,74,-8383,4863,-5939,11799,273,-1589,825,756,-676,231
2025-11-27T11:01:46.764733,31,101,191,375,302,142,149,71,-8470,4884,-5808,11794,326,-1572,903,689,-575,196
2025-11-27T11:01:46.787903,31,103,183,427,295,137,155,66,-8554,4898,-5683,11789,303,-1594,1064,624,-536,199
2025-11-27T11:01:46.801759,32,89,141,449,307,142,158,86,-8629,4910,-5555,11790,373,-1511,1007,652,-486,163
2025-11-27T11:01:46.824315,37,121,123,438,364,157,129,83,-8703,4906,-5433,11795,413,-1467,1081,646,-386,203
2025-11-27T11:01:46.847613,43,152,112,419,382,158,157,94,-8760,4913,-5334,11795,426,-1468,1128,475,-339,169
2025-11-27T11:01:46.862295,42,155,88,380,364,175,160,95,-8800,4922,-5259,11795,495,-1578,1151,380,-223,153
2025-11-27T11:01:46.884681,43,198,96,342,417,170,150,91,-8827,4924,-5195,11802,504,-1554,1106,360,-122,117
2025-11-27T11:01:46.907970,45,239,112,334,417,177,130,68,-8842,4929,-5138,11813,537,-1545,1053,335,-76,73
2025-11-27T11:01:46.922003,44,235,117,338,349,150,129,66,-8852,4938,-5081,11827,556,-1454,1011,315,-65,40
2025-11-27T11:01:46.944809,37,230,133,366,323,144,93,50,-8853,4955,-5035,11838,588,-1433,1050,205,-53,29
2025-11-27T11:01:46.968544,70,304,234,351,307,137,91,54,-8842,4988,-5013,11843,557,-1391,1031,22,-42,1
2025-11-27T11:01:46.990386,86,345,320,326,223,118,85,57,-8816,5042,-5023,11835,547,-1432,977,-190,-31,-15
2025-11-27T11:01:47.013340,84,320,372,333,185,111,82,53,-8781,5095,-5047,11828,589,-1485,989,-249,41,-18
2025-11-27T11:01:47.027945,83,345,389,330,208,119,70,48,-8742,5142,-5077,11824,603,-1531,986,-244,94,-16
2025-11-27T11:01:47.050429,86,392,416,262,219,127,66,49,-8707,5183,-5109,11818,593,-1521,976,-240,112,11
2025-11-27T11:01:47.064767,75,372,441,257,222,115,63,46,-8665,5232,-5164,11803,533,-1421,858,-379,124,21
2025-11-27T11:01:47.087945,73,359,497,245,216,121,62,40,-8591,5319,-5272,11770,487,-1423,727,-749,147,-50
2025-11-27T11:01:47.110299,74,375,563,216,250,126,76,46,-8487,5439,-5420,11724,509,-1593,564,-982,175,-119
2025-11-27T11:01:47.123875,82,475,573,203,242,138,85,50,-8379,5560,-5597,11661,490,-1630,392,-1080,224,-42
2025-11-27T11:01:47.147934,80,437,607,236,235,142,121,51,-8269,5670,-5806,11584,369,-1662,319,-1184,307,18
2025-11-27T11:01:47.170367,71,432,620,264,230,159,128,50,-8159,5771,-6044,11491,241,-1785,388,-1342,346,75
2025-11-27T11:01:47.184611,55,407,597,281,234,168,127,49,-8050,5869,-6287,11387,120,-1801,363,-1393,320,77
2025-11-27T11:01:47.208086,56,393,578,310,183,188,124,49,-7925,5977,-6539,11276,25,-1769,218,-1473,304,-10
2025-11-27T11:01:47.230331,59,310,660,395,185,179,121,48,-7787,6106,-6772,11165,-163,-1679,185,-1715,203,-90
2025-11-27T11:01:47.245167,61,320,721,430,201,176,93,47,-7620,6292,-7029,11017,-334,-1710,44,-2095,35,-207
2025-11-27T11:01:47.267633,64,289,718,536,249,165,85,45,-7416,6538,-7300,10835,-406,-1717,-147,-2448,-138,-379
2025-11-27T11:01:47.290532,65,273,772,653,300,152,89,49,-7175,6822,-7599,10614,-380,-1823,-106,-2849,-200,-458
2025-11-27T11:01:47.304758,64,273,802,712,331,122,82,44,-6932,7084,-7916,10370,-487,-2130,224,-2978,-131,-328
2025-11-27T11:01:47.328219,50,157,781,769,340,163,79,38,-6699,7315,-8209,10133,-516,-2242,473,-2821,-86,-293
2025-11-27T11:01:47.351046,52,130,728,906,430,171,69,41,-6491,7500,-8480,9906,-536,-2531,650,-2593,-27,-163
2025-11-27T11:01:47.364687,47,138,721,958,421,191,75,39,-6328,7617,-8717,9716,-374,-2930,1035,-2166,94,33
2025-11-27T11:01:47.387915,48,147,635,940,421,221,83,39,-6286,7553,-8876,9649,-213,-2918,1498,-1543,393,292
2025-11-27T11:01:47.410568,47,137,534,993,457,259,94,39,-6284,7419,-8999,9639,-202,-2824,1771,-1153,570,460
2025-11-27T11:01:47.424651,44,134,447,933,457,238,95,41,-6321,7250,-9077,9671,-250,-2888,2002,-818,577,482
2025-11-27T11:01:47.447297,43,205,385,788,395,246,92,39,-6375,7067,-9105,9744,-104,-3162,1974,-420,582,469
2025-11-27T11:01:47.470429,44,206,322,675,393,241,81,41,-6471,6857,-9057,9875,-82,-3029,1799,322,535,414
2025-11-27T11:01:47.484547,38,194,290,668,364,219,69,40,-6571,6637,-8945,10059,-124,-2873,1380,1022,570,190
2025-11-27T11:01:47.507911,39,193,261,521,308,165,64,52,-6679,6424,-8804,10249,-228,-2696,1058,1375,472,69
2025-11-27T11:01:47.530476,40,193,254,567,307,162,73,64,-6772,6236,-8635,10446,-185,-2604,927,1749,411,31
2025-11-27T11:01:47.544770,32,98,216,576,308,142,74,69,-6887,6010,-8454,10649,-147,-2380,845,1963,476,189
2025-11-27T11:01:47.568118,31,75,248,541,304,130,76,77,-6999,5775,-8282,10841,-253,-2251,696,1944,510,237
2025-11-27T11:01:47.590409,30,70,220,549,315,125,78,80,-7096,5521,-8101,11044,-335,-2274,654,2045,621,183
2025-11-27T11:01:47.604748,28,58,227,533,304,146,68,73,-7208,5277,-7913,11226,-584,-2254,422,2057,468,221
2025-11-27T11:01:47.627691,34,109,218,445,298,150,72,66,-7329,5082,-7700,11384,-457,-2111,405,1999,160,158
2025-11-27T11:01:47.650013,37,114,215,552,268,147,76,74,-7444,4916,-7469,11535,-355,-1929,406,1963,11,55
2025-11-27T11:01:47.664710,36,114,159,549,258,140,74,76,-7562,4779,-7253,11654,-336,-1845,342,1769,-130,109
2025-11-27T11:01:47.687609,35,114,138,446,254,134,100,82,-7659,4696,-7099,11719,-293,-1887,355,1450,-276,24
2025-11-27T11:01:47.710394,36,114,257,467,293,169,111,91,-7731,4661,-6941,11780,-269,-1928,358,1317,-423,-180
2025-11-27T11:01:47.724221,35,70,270,470,315,162,109,91,-7819,4656,-6762,11828,-110,-2046,345,1388,-620,-112
2025-11-27T11:01:47.747226,35,54,308,370,320,158,111,81,-7959,4614,-6505,11895,-2,-1978,415,1620,-731,69
2025-11-27T11:01:47.770430,36,56,365,434,337,159,117,71,-8106,4576,-6241,11952,12,-1738,411,1617,-801,104
2025-11-27T11:01:47.784693,42,60,433,533,338,173,118,74,-8230,4589,-6026,11972,81,-1592,448,1377,-867,89
2025-11-27T11:01:47.808044,44,60,385,526,308,119,165,104,-8335,4632,-5831,11980,176,-1576,532,1127,-887,50
2025-11-27T11:01:47.830438,42,87,388,531,287,121,171,102,-8430,4686,-5642,11982,249,-1589,599,1032,-885,35
2025-11-27T11:01:47.844020,44,113,371,533,296,133,172,108,-8520,4725,-5458,11989,304,-1588,710,1022,-778,45
2025-11-27T11:01:47.867915,45,113,314,498,269,129,209,124,-8599,4760,-5289,11994,356,-1498,747,921,-690,52
2025-11-27T11:01:47.890373,40,117,214,409,276,141,230,117,-8666,4803,-5133,11997,398,-1473,830,784,-660,26
2025-11-27T11:01:47.913149,43,154,307,430,319,175,208,127,-8725,4841,-4978,12004,464,-1405,920,739,-600,13
2025-11-27T11:01:47.927864,43,149,345,465,370,199,215,131,-8777,4880,-4857,12000,498,-1378,963,548,-501,72
2025-11-27T11:01:47.950564,42,145,332,437,367,204,222,132,-8808,4928,-4769,11993,530,-1411,950,367,-403,42
2025-11-27T11:01:47.973559,43,176,338,501,388,206,195,120,-8833,4954,-4677,11999,646,-1441,1115,411,-264,44
2025-11-27T11:01:47.986731,43,181,343,485,376,188,166,125,-8852,4961,-4600,12012,669,-1345,1113,382,-115,68
2025-11-27T11:01:48.010463,43,157,257,453,330,174,155,87,-8849,4973,-4549,12029,645,-1307,1164,202,-29,-14
2025-11-27T11:01:48.032509,49,183,208,421,252,147,139,79,-8819,5001,-4528,12048,648,-1383,1131,22,41,-113
2025-11-27T11:01:48.046813,53,221,287,430,271,137,121,70,-8778,5027,-4524,12068,669,-1398,1147,-57,123,-128
2025-11-27T11:01:48.070385,56,202,308,348,229,136,105,66,-8734,5057,-4538,12083,623,-1443,1147,-148,131,-124
2025-11-27T11:01:48.092918,57,209,323,388,210,128,84,50,-8684,5090,-4544,12103,649,-1437,1128,-121,127,-174
2025-11-27T11:01:48.106865,53,231,359,433,233,145,70,40,-8626,5125,-4551,12126,659,-1378,1100,-149,138,-211
2025-11-27T11:01:48.130351,48,219,436,484,279,151,59,40,-8564,5160,-4574,12146,631,-1405,1142,-249,169,-209
2025-11-27T11:01:48.153399,45,224,517,523,283,146,55,41,-8498,5203,-4621,12157,582,-1413,1157,-396,172,-190
2025-11-27T11:01:48.166918,51,298,520,513,309,146,50,41,-8431,5256,-4681,12158,539,-1510,1120,-465,138,-187
2025-11-27T11:01:48.190360,54,320,587,487,315,158,52,38,-8363,5306,-4742,12159,552,-1571,1088,-436,153,-183
2025-11-27T11:01:48.212727,64,335,581,465,292,126,51,38,-8292,5351,-4816,12159,545,-1545,994,-462,220,-166
2025-11-27T11:01:48.227198,70,345,584,403,259,116,50,37,-8220,5387,-4905,12157,461,-1583,1005,-508,268,-158
2025-11-27T11:01:48.249756,67,321,489,327,207,116,49,33,-8149,5419,-5003,12151,391,-1556,1002,-558,275,-142
2025-11-27T11:01:48.272863,60,259,528,425,172,111,48,32,-8089,5448,-5109,12134,285,-1575,986,-587,237,-92
2025-11-27T11:01:48.287165,56,249,503,451,163,154,65,37,-8036,5465,-5218,12114,177,-1614,989,-559,244,-75
2025-11-27T11:01:48.310058,45,225,501,453,295,175,129,47,-7966,5500,-5355,12085,79,-1574,822,-724,241,-134
2025-11-27T11:01:48.332524,39,213,441,514,295,181,136,45,-7861,5577,-5523,12042,112,-1611,622,-984,222,-249
2025-11-27T11:01:48.346814,43,206,470,527,301,188,142,51,-7779,5625,-5656,12012,48,-1674,898,-818,186,-231
2025-11-27T11:01:48.370515,51,303,519,456,312,200,147,54,-7742,5625,-5762,11985,66,-1790,1079,-547,214,-13
2025-11-27T11:01:48.392973,57,313,507,430,366,172,168,57,-7707,5667,-5896,11923,-200,-1530,851,-822,-3,-36
2025-11-27T11:01:48.407142,65,325,691,418,282,158,136,50,-7613,5784,-6083,11833,-73,-1736,792,-1360,-60,-210
2025-11-27T11:01:48.430432,72,394,717,356,264,148,139,54,-7517,5885,-6269,11746,80,-1926,591,-1194,66,-139
2025-11-27T11:01:48.452529,80,462,707,354,277,148,164,54,-7422,5970,-6453,11665,146,-1843,389,-1083,166,-79
2025-11-27T11:01:48.467087,80,433,681,336,278,166,163,57,-7301,6072,-6678,11561,119,-1809,173,-1329,230,-88
2025-11-27T11:01:48.490392,84,424,697,383,200,160,141,54,-7160,6186,-6918,11447,144,-1800,78,-1706,237,-53
2025-11-27T11:01:48.512912,78,420,536,398,183,154,139,55,-7010,6317,-7178,11308,169,-1886,-33,-1900,191,-26
2025-11-27T11:01:48.527219,79,399,655,398,200,161,141,58,-6866,6478,-7449,11128,5,-1903,-1,-2112,-6,27
2025-11-27T11:01:48.550042,80,351,666,396,205,159,118,58,-6744,6676,-7714,10903,-264,-1932,138,-2277,-335,71
2025-11-27T11:01:48.572948,77,315,676,473,198,139,116,53,-6616,6900,-7982,10646,-165,-2109,220,-2461,-478,72
2025-11-27T11:01:48.587211,71,306,686,555,253,150,111,55,-6488,7115,-8229,10392,-145,-2095,323,-2385,-481,41
2025-11-27T11:01:48.610538,74,289,716,692,317,155,104,56,-6391,7289,-8454,10149,-217,-2434,809,-2191,-457,175
2025-11-27T11:01:48.632777,67,217,591,763,337,153,89,50,-6319,7416,-8662,9924,-253,-2529,1161,-1972,-366,311
2025-11-27T11:01:48.646868,55,160,590,819,353,182,77,49,-6328,7429,-8784,9800,-17,-2687,1512,-1599,-235,364
2025-11-27T11:01:48.670428,54,148,541,831,365,227,95,51,-6345,7358,-8883,9753,155,-2912,1765,-1236,162,527
2025-11-27T11:01:48.692935,52,123,466,773,344,230,94,49,-6410,7210,-8929,9779,11,-2862,1876,-598,348,576
2025-11-27T11:01:48.707232,46,103,371,649,304,225,89,44,-6477,7051,-8915,9864,99,-2851,1741,-86,418,411
2025-11-27T11:01:48.730463,40,106,333,582,268,224,87,44,-6549,6858,-8866,9995,133,-3025,1576,399,574,367
2025-11-27T11:01:48.753222,36,100,279,474,286,198,79,40,-6653,6628,-8752,10180,48,-2691,1351,1114,597,298
2025-11-27T11:01:48.767169,34,96,239,440,358,167,60,38,-6759,6397,-8614,10375,-150,-2478,1065,1438,567,140
2025-11-27T11:01:48.790347,33,99,224,413,345,164,61,39,-6846,6170,-8483,10560,-88,-2459,876,1489,615,144
2025-11-27T11:01:48.813252,36,98,210,422,331,168,68,46,-6945,5958,-8345,10726,-285,-2344,646,1665,492,239
2025-11-27T11:01:48.835818,38,70,215,486,360,188,89,59,-7054,5763,-8164,10900,-275,-2263,535,1854,318,126
2025-11-27T11:01:48.850190,40,67,255,516,369,184,96,76,-7156,5575,-7978,11068,-113,-2036,540,1824,289,105
2025-11-27T11:01:48.872892,43,88,316,506,307,164,93,78,-7240,5381,-7806,11230,-168,-2118,515,1754,387,98
2025-11-27T11:01:48.895472,40,94,336,498,330,164,95,78,-7305,5153,-7646,11404,-241,-2173,493,1807,610,92
2025-11-27T11:01:48.909881,38,94,341,489,385,191,107,87,-7376,4952,-7455,11573,-538,-2260,325,1896,390,-27
2025-11-27T11:01:48.932807,38,101,329,405,382,193,98,93,-7466,4803,-7226,11722,-342,-1930,307,1886,15,-81
2025-11-27T11:01:48.956155,40,104,349,380,336,196,94,86,-7546,4715,-7037,11821,-161,-1665,380,1596,-210,-115
2025-11-27T11:01:48.968879,39,85,282,356,326,195,126,97,-7627,4661,-6875,11886,-109,-1687,416,1329,-323,-49
2025-11-27T11:01:48.992969,39,77,262,444,312,195,122,97,-7693,4653,-6748,11920,-102,-1915,385,1065,-431,-79
2025-11-27T11:01:49.020880,40,75,343,430,250,163,115,94,-7741,4666,-6593,11969,-30,-2011,464,1136,-512,-263
2025-11-27T11:01:49.028185,39,68,357,414,231,137,116,83,-7801,4672,-6370,12048,106,-1908,491,1499,-605,-331
2025-11-27T11:01:49.053094,35,64,314,411,293,143,143,97,-7907,4645,-6098,12131,166,-1624,529,1605,-704,-154
2025-11-27T11:01:49.075447,32,102,323,399,310,154,150,93,-8002,4665,-5902,12158,162,-1477,614,1161,-740,-13
2025-11-27T11:01:49.089697,38,115,320,421,323,140,164,99,-8056,4737,-5776,12155,225,-1586,617,639,-715,-85
2025-11-27T11:01:49.112967,39,120,345,491,351,152,174,98,-8101,4816,-5643,12156,377,-1784,746,659,-697,-116
2025-11-27T11:01:49.135374,38,118,331,507,391,152,175,104,-8172,4866,-5481,12162,460,-1820,828,901,-684,12
2025-11-27T11:01:49.149655,39,134,358,566,349,144,160,93,-8279,4857,-5295,12177,357,-1619,882,1167,-592,163
2025-11-27T11:01:49.172976,39,107,342,643,359,147,136,86,-8385,4839,-5124,12184,315,-1507,954,1074,-541,207
2025-11-27T11:01:49.195367,32,91,342,593,345,151,196,81,-8470,4825,-4973,12194,293,-1479,1167,861,-483,119
2025-11-27T11:01:49.209891,42,100,223,542,360,158,188,89,-8524,4817,-4835,12214,353,-1328,1060,761,-377,3
2025-11-27T11:01:49.232899,51,175,218,559,420,160,191,86,-8564,4826,-4738,12220,429,-1358,1134,481,-307,46
2025-11-27T11:01:49.254966,53,173,142,493,421,177,230,137,-8592,4850,-4665,12220,408,-1527,1199,354,-305,4
2025-11-27T11:01:49.269846,56,175,141,416,398,177,239,137,-8613,4874,-4578,12228,541,-1543,1160,437,-274,-28
2025-11-27T11:01:49.292923,57,177,139,427,410,207,188,139,-8637,4881,-4486,12242,588,-1480,1215,493,-203,-1
2025-11-27T11:01:49.315400,53,194,116,410,383,200,204,133,-8660,4886,-4399,12256,581,-1396,1180,460,-177,5
2025-11-27T11:01:49.329728,47,154,124,372,273,202,198,128,-8673,4915,-4331,12260,570,-1384,1114,310,-226,-18
2025-11-27T11:01:49.352548,44,177,135,379,277,221,144,68,-8672,4947,-4260,12272,672,-1334,1110,283,-183,-71
2025-11-27T11:01:49.374537,57,252,152,326,324,215,126,61,-8654,4994,-4210,12283,730,-1242,1035,119,-130,-109
2025-11-27T11:01:49.389334,72,370,326,274,301,193,112,55,-8619,5049,-4190,12292,759,-1295,1046,-49,-53,-129
2025-11-27T11:01:49.412733,72,410,370,296,292,191,73,49,-8573,5099,-4197,12301,798,-1286,1031,-167,75,-107
2025-11-27T11:01:49.435383,76,447,518,332,301,194,70,48,-8517,5139,-4215,12317,819,-1301,1061,-204,175,-135
2025-11-27T11:01:49.449661,76,463,563,323,321,156,68,41,-8453,5183,-4256,12329,774,-1331,1005,-312,213,-143
2025-11-27T11:01:49.472867,65,428,631,362,280,157,61,38,-8385,5233,-4310,12336,767,-1344,1020,-397,216,-135
2025-11-27T11:01:49.495459,58,398,626,403,298,145,69,40,-8312,5289,-4396,12330,702,-1387,938,-548,247,-103
2025-11-27T11:01:49.509230,58,403,671,402,312,153,72,39,-8228,5359,-4523,12311,700,-1472,826,-740,305,-65
2025-11-27T11:01:49.532816,57,461,621,376,305,146,70,37,-8137,5422,-4677,12286,685,-1520,785,-842,402,-23
2025-11-27T11:01:49.555521,59,460,606,384,280,188,95,45,-8052,5464,-4856,12254,546,-1622,795,-877,488,42
2025-11-27T11:01:49.569669,62,473,595,391,266,194,101,47,-7978,5498,-5039,12214,380,-1621,765,-871,448,69
2025-11-27T11:01:49.593206,73,499,614,388,243,206,99,49,-7885,5561,-5230,12165,283,-1597,652,-1020,337,-54
2025-11-27T11:01:49.615458,79,476,579,379,208,196,98,53,-7772,5663,-5439,12098,276,-1604,573,-1261,235,-121
2025-11-27T11:01:49.629703,77,395,627,364,227,196,96,54,-7654,5772,-5679,12011,197,-1645,386,-1387,252,-81
2025-11-27T11:01:49.653094,80,401,648,390,298,159,79,51,-7524,5879,-5926,11922,38,-1736,219,-1638,280,-59
2025-11-27T11:01:49.675375,80,396,640,377,302,137,70,52,-7375,6000,-6187,11822,-78,-1806,300,-1800,264,-127
2025-11-27T11:01:49.687705,66,291,610,354,304,110,65,45,-7232,6132,-6416,11720,-145,-1818,382,-1712,114,-198
2025-11-27T11:01:49.711310,57,297,685,345,341,143,70,39,-7083,6322,-6641,11584,-181,-1728,256,-1924,-178,-273
2025-11-27T11:01:49.735413,57,295,647,361,326,174,84,43,-6904,6569,-6895,11405,-152,-1889,196,-2338,-360,-356
2025-11-27T11:01:49.749510,57,245,697,370,274,185,78,44,-6728,6787,-7179,11205,-164,-1902,280,-2456,-229,-165
2025-11-27T11:01:49.772901,55,226,694,426,276,223,103,49,-6572,6970,-7481,10986,-430,-2074,373,-2462,-160,49
2025-11-27T11:01:49.795011,53,224,696,512,277,234,110,55,-6409,7165,-7786,10743,-360,-2344,511,-2605,-232,50
2025-11-27T11:01:49.817876,58,167,674,687,252,219,119,65,-6253,7325,-8033,10542,-113,-2480,831,-2244,-152,-38
2025-11-27T11:01:49.832528,60,114,654,752,258,205,119,66,-6135,7432,-8270,10352,-102,-2725,1039,-2006,-58,195
2025-11-27T11:01:49.854889,59,112,631,761,247,200,123,65,-6072,7466,-8485,10190,-71,-2759,1451,-1626,56,488
2025-11-27T11:01:49.877546,61,132,598,734,280,170,104,63,-6092,7374,-8603,10146,52,-2678,1728,-1174,226,516
2025-11-27T11:01:49.891766,62,128,541,688,288,167,97,59,-6109,7259,-8693,10141,165,-2747,1812,-970,369,497
2025-11-27T11:01:49.914752,54,113,449,592,277,164,77,49,-6150,7105,-8751,10176,140,-2939,1843,-606,477,525
2025-11-27T11:01:49.937434,47,108,405,508,295,187,65,45,-6226,6901,-8734,10284,104,-2987,1729,171,586,460
2025-11-27T11:01:49.952090,42,120,278,502,330,185,59,48,-6329,6690,-8649,10432,48,-2642,1475,780,513,342
2025-11-27T11:01:49.975004,37,101,303,539,346,173,54,45,-6416,6474,-8547,10597,36,-2609,1187,1077,601,229
2025-11-27T11:01:49.997968,35,104,324,622,343,171,58,46,-6519,6248,-8435,10758,-101,-2483,945,1326,574,253
2025-11-27T11:01:50.011789,34,108,310,595,349,179,77,60,-6631,6021,-8307,10918,-150,-2371,781,1542,519,253
2025-11-27T11:01:50.035390,34,106,289,601,334,151,85,67,-6746,5821,-8168,11061,-244,-2175,633,1602,383,332
2025-11-27T11:01:50.057648,33,88,273,601,290,142,88,75,-6871,5620,-8048,11175,-218,-2106,533,1530,315,350
2025-11-27T11:01:50.072205,33,77,287,579,241,146,91,80,-6977,5418,-7900,11313,-224,-2148,528,1642,384,310
2025-11-27T11:01:50.095768,31,91,290,486,256,150,91,80,-7095,5207,-7724,11459,-340,-2202,495,1837,328,296
2025-11-27T11:01:50.117935,34,110,281,441,252,139,81,74,-7224,5021,-7521,11596,-351,-1957,521,1879,122,251
2025-11-27T11:01:50.132185,33,121,292,430,220,132,73,79,-7340,4876,-7325,11710,-294,-1772,457,1668,-33,170
2025-11-27T11:01:50.154960,33,121,291,448,239,131,73,73,-7447,4766,-7174,11781,-212,-1743,477,1430,-142,151
2025-11-27T11:01:50.177931,34,124,226,460,225,137,80,71,-7524,4712,-7042,11833,-180,-1860,424,1188,-272,-13
2025-11-27T11:01:50.200312,38,130,352,419,263,141,90,87,-7580,4690,-6901,11889,-151,-1943,448,1151,-364,-191
2025-11-27T11:01:50.215314,37,118,414,527,260,138,87,86,-7649,4662,-6724,11957,-75,-1950,544,1339,-427,-182
2025-11-27T11:01:50.237955,38,108,412,553,283,139,108,78,-7741,4621,-6535,12019,-19,-1856,524,1452,-457,-40
2025-11-27T11:01:50.252181,41,108,434,527,291,142,172,102,-7836,4612,-6357,12056,-18,-1670,569,1224,-604,-16
2025-11-27T11:01:50.275423,43,124,487,586,286,133,189,130,-7903,4647,-6198,12082,20,-1683,570,969,-687,-158
2025-11-27T11:01:50.298013,41,107,397,633,253,113,194,127,-7962,4706,-6041,12100,218,-1849,633,906,-716,-145
2025-11-27T11:01:50.319722,41,102,325,595,265,141,212,138,-8131,4749,-5689,12141,265,-1700,734,1147,-629,54
2025-11-27T11:01:50.346800,42,103,330,613,393,180,216,141,-8223,4753,-5518,12156,242,-1524,822,1022,-608,82
2025-11-27T11:01:50.357224,42,126,398,595,375,182,185,128,-8297,4786,-5379,12156,277,-1489,814,758,-619,60
2025-11-27T11:01:50.379560,37,136,341,520,401,207,185,115,-8359,4834,-5265,12143,340,-1605,873,585,-595,69
2025-11-27T11:01:50.398910,37,139,331,463,407,225,185,131,-8431,4868,-5146,12132,385,-1633,946,655,-556,131
2025-11-27T11:01:50.417125,38,155,333,402,406,212,170,120,-8506,4881,-5016,12128,463,-1539,996,736,-472,171
2025-11-27T11:01:50.439714,36,154,331,410,294,174,154,117,-8572,4893,-4895,12126,465,-1387,1032,634,-431,155
2025-11-27T11:01:50.459087,32,132,212,422,302,171,135,109,-8616,4915,-4786,12130,523,-1368,1114,499,-374,66
2025-11-27T11:01:50.477172,31,103,296,382,271,144,105,91,-8655,4934,-4699,12129,505,-1297,1168,355,-310,90
2025-11-27T11:01:50.499628,40,140,303,401,300,139,87,51,-8666,4970,-4650,12125,495,-1313,1177,101,-235,13
2025-11-27T11:01:50.518909,39,126,304,434,342,152,74,47,-8656,5003,-4616,12131,547,-1447,1213,63,-118,-70
2025-11-27T11:01:50.537161,40,130,329,440,315,156,66,43,-8647,5007,-4572,12152,519,-1466,1265,204,-20,-100
2025-11-27T11:01:50.559882,40,129,322,419,316,158,60,42,-8639,5007,-4531,12174,453,-1382,1247,188,-21,-109
2025-11-27T11:01:50.578871,40,128,218,451,313,148,88,44,-8630,5005,-4505,12190,381,-1375,1286,109,-3,-99
2025-11-27T11:01:50.596800,30,80,201,457,271,126,103,50,-8621,5008,-4490,12201,289,-1449,1298,61,-43,-117
2025-11-27T11:01:50.619719,29,97,192,439,225,100,126,60,-8611,5007,-4475,12214,271,-1505,1274,107,-17,-136
2025-11-27T11:01:50.638806,30,148,148,341,325,127,127,60,-8604,4994,-4460,12230,288,-1464,1341,109,27,-102
2025-11-27T11:01:50.657291,31,153,166,336,320,129,131,64,-8596,4972,-4438,12253,279,-1443,1284,200,62,-127
2025-11-27T11:01:50.679731,39,159,179,350,356,145,130,72,-8583,4976,-4420,12266,302,-1351,1244,63,-36,-138
2025-11-27T11:01:50.699353,59,200,205,426,378,158,157,96,-8559,5010,-4426,12267,412,-1478,1226,-107,-52,-125
2025-11-27T11:01:50.716738,60,243,219,391,366,173,145,95,-8536,5046,-4428,12268,508,-1479,1189,-90,-45,-96
2025-11-27T11:01:50.739637,82,292,255,425,305,153,145,98,-8517,5073,-4434,12267,594,-1443,1175,-82,31,-11
2025-11-27T11:01:50.759105,92,324,306,491,303,147,143,96,-8500,5090,-4450,12267,668,-1430,1183,-102,122,52
2025-11-27T11:01:50.777185,89,349,339,475,260,154,133,92,-8483,5097,-4462,12271,663,-1398,1153,-57,161,55
2025-11-27T11:01:50.799790,89,381,412,413,223,164,90,63,-8463,5111,-4489,12269,683,-1363,1097,-143,183,81
2025-11-27T11:01:50.818934,89,372,489,430,214,164,90,57,-8426,5140,-4541,12264,701,-1353,1096,-331,215,53
2025-11-27T11:01:50.837203,78,445,579,479,172,164,88,50,-8374,5191,-4624,12246,680,-1421,999,-526,211,33
2025-11-27T11:01:50.859075,70,528,636,465,182,182,92,49,-8314,5261,-4732,12217,640,-1413,902,-691,190,32
2025-11-27T11:01:50.878912,70,515,694,477,189,164,78,41,-8241,5334,-4868,12180,601,-1480,808,-812,255,32
2025-11-27T11:01:50.897164,60,526,651,451,161,156,77,41,-8174,5395,-5023,12136,491,-1579,785,-833,294,78
2025-11-27T11:01:50.919669,68,589,676,446,149,140,70,40,-8110,5454,-5200,12078,357,-1637,657,-886,299,117
2025-11-27T11:01:50.938844,66,586,633,361,166,143,82,42,-8047,5513,-5398,12006,290,-1638,549,-972,320,178
2025-11-27T11:01:50.964369,66,523,601,319,184,128,103,44,-7969,5576,-5604,11934,231,-1580,580,-1100,332,110
2025-11-27T11:01:50.979640,73,544,595,265,177,143,105,46,-7886,5663,-5833,11838,74,-1600,517,-1311,223,88
2025-11-27T11:01:50.998875,70,513,665,277,179,126,100,42,-7795,5790,-6080,11712,-26,-1731,410,-1510,40,42
2025-11-27T11:01:51.016779,62,432,646,268,224,130,101,41,-7701,5932,-6297,11588,-102,-1789,319,-1622,-53,37
2025-11-27T11:01:51.039736,59,408,675,302,211,121,101,41,-7591,6090,-6511,11460,-164,-1700,211,-1692,-98,-55
2025-11-27T11:01:51.059315,76,440,760,336,203,130,93,40,-7464,6277,-6742,11308,-248,-1791,392,-1952,-189,-105
2025-11-27T11:01:51.077207,70,415,835,381,204,127,97,39,-7339,6487,-6973,11129,-318,-1737,423,-2085,-342,-93
2025-11-27T11:01:51.103864,70,399,848,467,210,124,97,38,-7207,6744,-7197,10918,-365,-1880,310,-2263,-594,-180
2025-11-27T11:01:51.118941,78,393,870,522,246,141,103,43,-7064,7015,-7426,10685,-281,-2093,376,-2409,-654,-179
2025-11-27T11:01:51.137171,72,286,855,666,256,157,103,41,-6928,7221,-7670,10462,-99,-2261,639,-2312,-370,37
2025-11-27T11:01:51.159557,53,166,814,724,279,175,121,41,-6823,7341,-7901,10274,-88,-2543,1016,-1953,-95,259
2025-11-27T11:01:51.178931,61,154,693,765,312,203,126,53,-6731,7400,-8133,10110,-51,-2557,1137,-1742,142,426
2025-11-27T11:01:51.197181,60,151,640,867,328,215,127,52,-6683,7345,-8320,10030,46,-2461,1384,-1509,446,492
2025-11-27T11:01:51.219659,51,152,565,914,315,217,124,49,-6624,7244,-8510,9983,95,-2673,1414,-1376,734,546
2025-11-27T11:01:51.238834,52,163,508,836,339,235,119,50,-6592,7090,-8652,9993,97,-2777,1517,-920,873,573
2025-11-27T11:01:51.257409,49,149,383,777,311,221,84,48,-6578,6905,-8737,10057,184,-2840,1491,-423,950,527
2025-11-27T11:01:51.279668,43,206,387,776,295,188,68,38,-6599,6702,-8773,10149,-85,-2551,1337,52,864,409
2025-11-27T11:01:51.299128,49,220,341,648,288,180,81,57,-6638,6519,-8770,10245,-132,-2557,1160,319,684,301
2025-11-27T11:01:51.317144,80,319,400,531,239,178,95,78,-6690,6347,-8721,10360,-65,-2525,981,666,552,215
2025-11-27T11:01:51.339745,337,753,646,508,300,161,117,147,-6753,6171,-8637,10495,-79,-2412,823,1003,509,150
2025-11-27T11:01:51.358852,370,885,798,555,405,162,128,164,-6823,5973,-8531,10650,-70,-2317,655,1328,564,167
2025-11-27T11:01:51.377164,371,900,825,525,452,163,138,166,-6896,5789,-8425,10788,-121,-2087,509,1347,475,158
2025-11-27T11:01:51.399679,395,934,883,536,458,166,137,166,-6972,5652,-8348,10871,-171,-2159,332,1108,237,204
2025-11-27T11:01:51.419003,475,1000,872,629,471,153,131,165,-7066,5533,-8235,10958,-186,-2085,282,1287,47,143
2025-11-27T11:01:51.437193,397,747,740,705,451,150,144,149,-7172,5433,-8101,11039,-84,-1956,176,1390,-109,169
2025-11-27T11:01:51.459973,406,592,608,754,388,156,177,160,-7253,5361,-7965,11120,75,-1915,173,1303,-127,80
2025-11-27T11:01:51.478872,434,620,630,798,331,176,179,169,-7336,5295,-7834,11190,-11,-1797,249,1202,-175,60
2025-11-27T11:01:51.501440,416,572,554,832,341,205,200,169,-7414,5260,-7743,11218,-48,-1762,190,886,-261,122
2025-11-27T11:01:51.519394,319,388,542,807,340,204,200,165,-7473,5263,-7673,11225,47,-1783,219,623,-323,89
2025-11-27T11:01:51.538825,270,366,687,805,311,200,193,144,-7530,5266,-7624,11220,65,-1869,246,510,-284,158
2025-11-27T11:01:51.561556,232,372,712,733,323,238,174,117,-7582,5266,-7566,11224,100,-1808,338,517,-261,123
2025-11-27T11:01:51.579440,186,301,657,697,339,227,177,107,-7625,5282,-7527,11213,82,-1707,337,332,-281,110
2025-11-27T11:01:51.599277,181,335,752,669,324,203,162,118,-7652,5311,-7494,11203,159,-1797,402,233,-256,60
2025-11-27T11:01:51.621669,188,380,775,729,328,203,163,124,-7668,5346,-7466,11195,168,-1779,415,174,-234,7
2025-11-27T11:01:51.639655,165,386,619,709,351,209,146,120,-7671,5390,-7453,11180,149,-1765,444,34,-215,-31
2025-11-27T11:01:51.661729,131,392,651,745,314,157,134,117,-7657,5454,-7468,11148,182,-1789,416,-188,-197,-38
2025-11-27T11:01:51.681397,108,351,671,720,294,160,118,112,-7630,5523,-7500,11111,170,-1852,442,-318,-156,-64
2025-11-27T11:01:51.699605,102,299,610,678,301,146,95,93,-7602,5588,-7532,11077,145,-1847,479,-325,-135,-85
2025-11-27T11:01:51.722017,74,227,561,613,350,170,89,80,-7572,5647,-7564,11045,91,-1760,523,-360,-121,-115
2025-11-27T11:01:51.741379,71,250,566,585,333,156,91,68,-7532,5699,-7606,11017,57,-1779,598,-437,-42,-139
2025-11-27T11:01:51.759705,66,322,535,600,358,152,78,77,-7497,5724,-7648,10998,-15,-1908,743,-391,48,-119
2025-11-27T11:01:51.781987,72,333,502,638,373,162,85,77,-7470,5723,-7688,10990,-77,-1946,848,-322,129,-82
2025-11-27T11:01:51.801356,72,333,421,676,382,168,113,93,-7458,5689,-7712,10998,-159,-1984,972,-173,186,-54
2025-11-27T11:01:51.819692,71,327,449,697,327,139,121,106,-7455,5633,-7733,11015,-173,-2052,1045,-86,256,6
2025-11-27T11:01:51.842173,68,315,431,652,366,149,136,105,-7469,5562,-7736,11039,-257,-2091,1090,66,223,19
2025-11-27T11:01:51.868964,65,216,323,576,375,157,140,104,-7489,5474,-7718,11083,-207,-2057,1132,231,266,30
2025-11-27T11:01:51.879659,59,191,298,564,366,140,227,140,-7519,5359,-7682,11143,-256,-1934,1175,408,318,46
2025-11-27T11:01:51.901362,57,189,309,543,416,142,238,140,-7538,5256,-7644,11205,-271,-1979,1168,393,295,-34
2025-11-27T11:01:51.916846,54,192,256,581,422,149,235,135,-7554,5157,-7583,11282,-245,-2082,1112,579,266,-119
2025-11-27T11:01:51.937670,47,149,247,589,375,137,232,143,-7585,5055,-7483,11374,-289,-1996,1082,821,153,-185
2025-11-27T11:01:51.962276,44,142,283,597,345,129,240,144,-7613,4958,-7367,11473,-199,-1910,1083,891,128,-207
2025-11-27T11:01:51.980889,38,158,271,560,346,139,156,107,-7641,4875,-7272,11550,-223,-1921,1051,763,82,-164
2025-11-27T11:01:51.999636,33,151,255,526,252,135,124,98,-7666,4809,-7186,11615,-237,-1992,965,725,20,-172
2025-11-27T11:01:52.022175,36,147,237,385,288,127,142,102,-7695,4740,-7086,11685,-175,-2061,913,869,11,-156
2025-11-27T11:01:52.041321,36,136,226,371,396,129,137,97,-7742,4672,-6968,11752,-145,-1997,906,973,-87,-95
2025-11-27T11:01:52.059633,35,140,313,366,403,118,122,99,-7797,4590,-6815,11837,-67,-1905,995,1165,-91,-93
2025-11-27T11:01:52.081937,38,128,325,373,429,131,141,110,-7861,4530,-6688,11891,-195,-1773,853,994,-219,-49
2025-11-27T11:01:52.101082,39,146,330,439,451,134,139,109,-7923,4513,-6572,11921,-134,-1768,809,814,-387,-45
2025-11-27T11:01:52.119646,34,144,324,443,518,147,138,114,-7974,4516,-6436,11960,12,-1786,850,848,-437,-129
2025-11-27T11:01:52.141919,35,163,328,444,465,160,159,109,-8028,4524,-6302,11992,137,-1717,815,829,-439,-50
2025-11-27T11:01:52.162637,48,199,265,426,461,162,160,100,-8077,4541,-6192,12010,148,-1715,813,674,-417,-21
2025-11-27T11:01:52.179668,46,201,324,458,459,146,155,95,-8115,4570,-6089,12026,236,-1723,767,628,-404,-43
2025-11-27T11:01:52.202082,48,199,323,397,472,156,173,122,-8146,4608,-5990,12040,349,-1698,663,614,-384,-30
2025-11-27T11:01:52.221278,52,210,331,381,375,159,164,112,-8171,4652,-5886,12057,493,-1635,635,613,-359,-30
2025-11-27T11:01:52.239664,105,298,359,373,389,169,140,113,-8188,4707,-5798,12067,608,-1620,658,484,-323,0
2025-11-27T11:01:52.262364,109,292,329,394,376,169,137,116,-8191,4768,-5726,12076,707,-1513,639,351,-245,-5
2025-11-27T11:01:52.281283,116,323,314,300,361,160,148,121,-8182,4828,-5674,12082,754,-1407,685,193,-158,11
2025-11-27T11:01:52.299544,136,413,387,269,335,153,170,109,-8167,4897,-5678,12063,683,-1453,615,-83,-91,87
2025-11-27T11:01:52.322156,139,426,398,263,325,151,173,110,-8143,4965,-5707,12038,629,-1443,627,-226,-31,89
2025-11-27T11:01:52.341398,118,403,414,313,287,126,172,109,-8114,5022,-5754,12011,519,-1487,682,-298,31,75
2025-11-27T11:01:52.359326,123,406,417,291,299,116,169,104,-8081,5068,-5817,11983,418,-1520,724,-363,90,63
2025-11-27T11:01:52.382110,117,389,402,328,278,126,151,91,-8032,5122,-5885,11960,396,-1522,732,-437,103,-35
2025-11-27T11:01:52.401401,108,350,452,410,262,124,98,67,-7963,5183,-5972,11937,355,-1536,652,-541,150,-117
2025-11-27T11:01:52.420302,116,365,464,431,254,110,95,83,-7875,5255,-6088,11905,309,-1560,662,-754,195,-160
2025-11-27T11:01:52.442076,119,393,492,448,215,99,100,92,-7782,5341,-6234,11853,236,-1669,705,-977,165,-146
2025-11-27T11:01:52.461377,115,457,562,481,211,113,99,94,-7700,5393,-6381,11805,301,-1860,839,-896,296,-16
2025-11-27T11:01:52.479646,124,464,627,476,191,103,98,94,-7617,5411,-6541,11762,193,-1848,792,-850,453,23
2025-11-27T11:01:52.503271,119,504,549,429,175,99,93,97,-7529,5395,-6707,11732,-7,-1899,846,-807,588,-36
2025-11-27T11:01:52.516807,119,490,581,445,171,100,79,94,-7465,5346,-6822,11730,-107,-1775,964,-502,563,-66
2025-11-27T11:01:52.538087,136,486,568,582,193,109,157,143,-7393,5342,-6970,11690,-149,-1836,862,-807,410,-62
2025-11-27T11:01:52.562157,137,453,501,572,190,108,161,151,-7299,5356,-7136,11643,-77,-1989,813,-945,451,-111
2025-11-27T11:01:52.581329,135,483,528,611,202,108,165,152,-7214,5339,-7296,11604,-16,-1983,759,-801,568,11
2025-11-27T11:01:52.599577,143,530,691,645,212,108,167,154,-7138,5316,-7481,11543,-180,-2025,577,-849,566,84
2025-11-27T11:01:52.622160,141,582,709,728,210,102,183,153,-7053,5299,-7644,11497,-121,-1944,680,-844,554,-1
2025-11-27T11:01:52.644876,149,589,778,615,188,107,128,115,-6969,5292,-7809,11440,-123,-1882,645,-917,502,9
2025-11-27T11:01:52.659324,192,650,854,642,179,119,130,137,-6865,5318,-8010,11352,-87,-2008,573,-1227,462,8
2025-11-27T11:01:52.681851,189,623,808,642,159,135,129,138,-6751,5369,-8221,11245,-89,-2007,437,-1356,393,-29
2025-11-27T11:01:52.704720,183,527,706,656,129,136,133,133,-6636,5434,-8436,11123,-74,-2101,385,-1450,324,-33
2025-11-27T11:01:52.719657,184,574,749,563,134,144,122,132,-6516,5530,-8633,10994,18,-2110,330,-1485,183,-99
2025-11-27T11:01:52.742138,169,575,768,581,134,135,111,145,-6411,5651,-8832,10835,-41,-2237,232,-1584,-11,-92
2025-11-27T11:01:52.764878,151,593,859,592,150,120,103,114,-6331,5771,-9018,10664,-109,-2227,192,-1550,-137,-18
2025-11-27T11:01:52.779323,188,622,896,571,153,107,95,114,-6276,5898,-9192,10477,-204,-2151,90,-1509,-303,8
2025-11-27T11:01:52.802054,200,668,897,528,157,102,83,115,-6221,6058,-9357,10270,-219,-1975,78,-1686,-470,34
2025-11-27T11:01:52.824650,251,753,909,591,177,99,69,117,-6173,6271,-9506,10032,-492,-2030,-28,-1822,-771,-109
2025-11-27T11:01:52.839592,277,787,921,586,204,106,78,127,-6198,6518,-9601,9765,-947,-2345,-32,-1654,-1303,-90
2025-11-27T11:01:52.862134,271,752,785,540,246,135,80,133,-6270,6728,-9699,9475,-175,-1993,236,-1607,-1375,354
2025-11-27T11:01:52.884623,257,739,839,651,336,149,84,136,-6267,6935,-9837,9181,-354,-2002,254,-1927,-1041,202
2025-11-27T11:01:52.899558,264,751,1005,693,417,183,101,139,-6282,7111,-9952,8908,-418,-2601,651,-1746,-1001,249
2025-11-27T11:01:52.922178,235,634,1050,736,499,231,115,138,-6366,7150,-9899,8876,286,-2565,1067,-572,-616,210
2025-11-27T11:01:52.944661,254,630,1026,817,644,294,129,115,-6391,7150,-9866,8896,524,-2168,1006,-449,-136,233
2025-11-27T11:01:52.959743,255,594,1053,937,739,364,151,126,-6361,7147,-9849,8939,690,-2658,1021,-583,134,151
2025-11-27T11:01:52.982056,247,577,984,934,727,371,158,125,-6354,7099,-9801,9034,709,-2775,1021,-151,246,189
2025-11-27T11:01:53.013019,292,600,837,913,704,361,153,136,-6377,7019,-9723,9163,510,-2608,853,329,286,123
2025-11-27T11:01:53.019669,280,557,708,834,675,350,141,129,-6412,6932,-9620,9312,386,-2502,762,603,271,16
2025-11-27T11:01:53.042107,224,453,604,774,547,308,125,110,-6447,6832,-9501,9483,245,-2479,632,864,331,-113
2025-11-27T11:01:53.064474,209,443,512,681,457,252,95,90,-6486,6691,-9371,9684,112,-2435,642,1140,502,-142
2025-11-27T11:01:53.080204,206,438,460,601,421,233,74,83,-6541,6508,-9232,9903,-11,-2368,713,1360,610,-76
2025-11-27T11:01:53.102060,90,289,391,567,412,235,72,57,-6616,6298,-9105,10105,-205,-2298,706,1420,620,34
2025-11-27T11:01:53.124457,68,233,396,567,433,271,93,60,-6684,6083,-8976,10305,-228,-2361,646,1505,650,25
2025-11-27T11:01:53.139535,66,231,460,498,428,269,96,70,-6727,5870,-8841,10515,-255,-2383,538,1675,739,3
2025-11-27T11:01:53.162119,51,173,494,445,361,228,112,75,-6780,5639,-8678,10741,-324,-2240,541,1895,739,-8
2025-11-27T11:01:53.184605,49,181,527,478,380,260,130,77,-6844,5403,-8507,10956,-431,-2180,399,1953,683,50
2025-11-27T11:01:53.199554,46,147,536,529,354,274,131,76,-6911,5143,-8326,11176,-582,-2183,324,2089,735,82
2025-11-27T11:01:53.226240,46,140,515,505,297,260,126,81,-6995,4940,-8076,11396,-834,-2115,230,2275,299,-169
2025-11-27T11:01:53.244597,49,131,454,547,275,275,130,82,-7054,4774,-7864,11578,-385,-1800,323,1867,266,-157
2025-11-27T11:01:53.259673,53,104,442,509,294,276,174,161,-7077,4625,-7748,11701,-395,-1653,226,1429,367,-188
2025-11-27T11:01:53.282125,51,95,395,439,299,252,231,184,-7090,4518,-7666,11790,-478,-1944,207,1174,234,-243
2025-11-27T11:01:53.304653,56,103,379,459,373,254,237,202,-7097,4441,-7554,11886,-335,-2111,249,1271,90,-336
2025-11-27T11:01:53.319595,58,121,328,473,410,226,243,205,-7113,4380,-7390,12002,-104,-1967,335,1461,-44,-364
2025-11-27T11:01:53.341920,55,123,387,425,447,214,270,217,-7150,4337,-7208,12106,-17,-1736,319,1462,-208,-276
2025-11-27T11:01:53.364661,54,119,382,457,506,226,271,175,-7176,4334,-7063,12177,6,-1694,309,1124,-306,-285
2025-11-27T11:01:53.379789,53,115,381,481,515,223,222,236,-7184,4396,-6972,12202,180,-1824,327,634,-420,-252
2025-11-27T11:01:53.402128,44,104,403,398,483,200,251,235,-7215,4451,-6847,12234,348,-1952,461,831,-474,-139
2025-11-27T11:01:53.424651,40,82,415,406,451,180,251,239,-7283,4476,-6693,12270,342,-1858,507,1060,-509,20
2025-11-27T11:01:53.439322,38,75,364,462,438,170,250,228,-7371,4502,-6544,12289,283,-1660,569,952,-587,118
2025-11-27T11:01:53.466898,43,78,333,477,359,206,242,249,-7456,4531,-6401,12302,261,-1574,640,857,-593,108
2025-11-27T11:01:53.484205,41,67,396,485,334,216,238,173,-7530,4566,-6265,12314,357,-1502,775,724,-561,106
2025-11-27T11:01:53.499203,42,85,333,523,332,217,234,168,-7583,4608,-6162,12318,274,-1438,835,480,-502,23
2025-11-27T11:01:53.521800,47,138,317,518,324,219,232,160,-7600,4677,-6094,12315,391,-1612,877,225,-425,-65
2025-11-27T11:01:53.544650,52,143,296,474,308,221,218,168,-7627,4711,-6043,12311,314,-1737,950,271,-287,26
2025-11-27T11:01:53.566729,47,144,291,422,330,189,195,125,-7660,4724,-5987,12313,284,-1639,960,335,-227,62
2025-11-27T11:01:53.582059,46,151,200,344,370,214,231,128,-7683,4745,-5946,12310,305,-1636,935,238,-202,43
2025-11-27T11:01:53.604622,48,140,316,320,352,279,218,111,-7705,4763,-5912,12306,342,-1616,1017,176,-163,84
2025-11-27T11:01:53.634970,44,97,318,301,357,284,228,115,-7739,4777,-5902,12284,244,-1604,1053,45,-169,175
2025-11-27T11:01:53.642154,43,132,344,283,344,280,206,97,-7769,4787,-5896,12264,291,-1694,1098,46,-120,195
2025-11-27T11:01:53.664652,72,301,364,281,312,268,199,94,-7791,4786,-5896,12250,254,-1700,1017,88,-35,152
2025-11-27T11:01:53.685035,83,331,375,300,257,270,165,92,-7787,4798,-5896,12247,331,-1625,1003,10,3,32
2025-11-27T11:01:53.700593,96,333,291,233,260,204,130,93,-7777,4817,-5894,12247,430,-1606,1029,-19,16,25
2025-11-27T11:01:53.724611,105,352,294,281,245,187,90,76,-7780,4831,-5910,12233,376,-1562,1055,-119,11,130
2025-11-27T11:01:53.747177,114,449,307,290,239,179,90,82,-7787,4846,-5945,12205,334,-1651,1064,-200,20,196
2025-11-27T11:01:53.762075,106,396,299,286,217,176,86,81,-7788,4861,-5970,12187,366,-1678,1043,-137,28,140
2025-11-27T11:01:53.785089,97,373,282,297,224,182,70,72,-7776,4879,-5984,12180,429,-1598,1013,-113,56,64
2025-11-27T11:01:53.807141,83,376,296,321,218,168,74,65,-7755,4908,-6005,12172,425,-1509,980,-206,39,25
2025-11-27T11:01:53.822168,88,477,445,321,189,165,75,62,-7746,4929,-6038,12153,374,-1579,1055,-256,42,109
2025-11-27T11:01:53.844575,92,412,497,358,216,164,82,69,-7747,4944,-6106,12112,222,-1667,984,-358,61,214
2025-11-27T11:01:53.867559,84,380,491,416,227,175,82,66,-7730,4970,-6179,12075,226,-1699,963,-430,75,117
2025-11-27T11:01:53.882168,86,383,509,424,195,114,70,60,-7717,4989,-6241,12044,181,-1709,952,-345,66,92
2025-11-27T11:01:53.904665,87,385,557,437,194,141,66,60,-7719,5008,-6289,12010,143,-1676,938,-276,-17,124
2025-11-27T11:01:53.927157,76,251,521,478,195,153,74,68,-7729,5014,-6333,11977,41,-1654,984,-249,-23,135
2025-11-27T11:01:53.941733,69,299,605,488,298,199,73,63,-7724,5024,-6389,11946,54,-1677,989,-329,37,86
2025-11-27T11:01:53.964651,74,306,629,553,380,213,86,66,-7712,5035,-6453,11915,-82,-1669,955,-370,34,9
2025-11-27T11:01:53.987228,72,303,620,611,406,237,97,71,-7691,5070,-6501,11887,-122,-1726,931,-360,-92,-134
2025-11-27T11:01:54.002063,74,299,599,638,421,234,104,79,-7677,5096,-6509,11881,-31,-1656,1033,-184,-115,-173
2025-11-27T11:01:54.024956,66,280,574,620,434,229,96,68,-7669,5119,-6527,11867,-53,-1700,1048,-226,-116,-111
2025-11-27T11:01:54.047063,50,165,420,612,365,198,93,62,-7664,5143,-6572,11834,-161,-1724,1061,-381,-116,-64
2025-11-27T11:01:54.062067,48,193,439,576,284,174,79,57,-7653,5173,-6608,11808,-152,-1857,1063,-330,-135,-133
2025-11-27T11:01:54.084607,51,188,460,586,275,153,74,56,-7647,5196,-6609,11801,-46,-1817,1074,-136,-149,-159
2025-11-27T11:01:54.106966,52,208,450,544,253,138,75,48,-7649,5218,-6615,11787,-65,-1743,1064,-175,-168,-104
2025-11-27T11:01:54.126259,61,248,434,502,238,142,80,49,-7648,5246,-6635,11764,13,-1798,1014,-239,-138,-47
2025-11-27T11:01:54.144192,64,262,442,529,232,143,90,56,-7631,5278,-6658,11748,104,-1852,985,-251,-80,-93
2025-11-27T11:01:54.167077,62,260,423,508,227,151,93,55,-7602,5302,-6673,11747,233,-1900,926,-149,21,-119
2025-11-27T11:01:54.181753,61,268,428,397,186,134,85,53,-7585,5310,-6677,11752,275,-1838,909,-36,51,-47
2025-11-27T11:01:54.204660,64,273,456,391,168,126,88,51,-7579,5317,-6695,11743,233,-1748,828,-85,36,46
2025-11-27T11:01:54.227118,60,253,454,409,146,121,100,52,-7554,5358,-6738,11716,273,-1737,800,-351,-18,-1
2025-11-27T11:01:54.242467,64,274,538,343,129,112,100,51,-7512,5428,-6796,11677,365,-1843,715,-492,-57,-31
2025-11-27T11:01:54.264292,68,261,602,279,104,111,101,58,-7487,5495,-6840,11636,363,-1799,653,-389,-121,14
2025-11-27T11:01:54.287166,75,313,608,338,110,106,101,55,-7458,5569,-6877,11597,350,-1766,613,-385,-155,-39
2025-11-27T11:01:54.303346,116,327,658,434,113,104,90,61,-7444,5626,-6925,11550,251,-1817,691,-412,-139,43
2025-11-27T11:01:54.324549,130,356,703,457,117,97,73,77,-7446,5669,-6998,11484,81,-1793,666,-496,-138,162
2025-11-27T11:01:54.346884,131,352,685,452,122,91,58,78,-7442,5717,-7107,11396,26,-1812,575,-681,-96,223
2025-11-27T11:01:54.362106,132,353,643,483,149,114,74,75,-7419,5779,-7236,11297,44,-1870,507,-832,-65,198
2025-11-27T11:01:54.384733,139,412,674,489,155,131,78,76,-7395,5849,-7369,11191,111,-1836,452,-890,-85,243
2025-11-27T11:01:54.407220,107,457,654,441,165,133,79,74,-7365,5927,-7493,11086,109,-1877,405,-876,-115,174
2025-11-27T11:01:54.429653,104,459,652,529,179,148,89,64,-7319,6007,-7608,10996,157,-1918,432,-867,-73,81
2025-11-27T11:01:54.444296,103,477,611,547,191,148,90,57,-7255,6109,-7738,10890,118,-1889,343,-1047,-102,9
2025-11-27T11:01:54.467141,109,556,662,583,230,134,85,60,-7205,6200,-7876,10773,56,-1936,380,-1085,-119,100
2025-11-27T11:01:54.482113,105,514,689,620,244,119,84,69,-7160,6285,-8002,10660,115,-1963,537,-1117,-131,134
2025-11-27T11:01:54.504663,150,550,665,626,280,131,94,84,-7119,6379,-8117,10544,7,-2057,586,-1135,-224,48
2025-11-27T11:01:54.527134,143,531,631,570,294,127,88,81,-7107,6476,-8191,10436,-66,-2172,692,-978,-402,-7
2025-11-27T11:01:54.549142,144,498,625,631,308,160,95,83,-7122,6530,-8230,10360,-45,-2087,852,-705,-345,68
2025-11-27T11:01:54.564504,137,396,663,600,314,183,109,82,-7109,6574,-8310,10278,86,-2031,906,-957,-136,185
2025-11-27T11:01:54.587266,128,350,583,589,329,200,112,76,-7072,6587,-8400,10221,99,-2184,970,-941,127,160
2025-11-27T11:01:54.609847,66,194,548,640,346,201,104,55,-7036,6560,-8470,10206,52,-2361,904,-609,311,103
2025-11-27T11:01:54.624659,66,291,520,655,359,219,108,54,-7009,6504,-8527,10213,8,-2154,773,-355,400,120
2025-11-27T11:01:54.646724,61,324,569,748,456,224,102,54,-6977,6440,-8577,10233,5,-2044,684,-248,464,93
2025-11-27T11:01:54.669984,78,339,411,728,458,212,89,76,-6928,6384,-8632,10255,28,-2121,573,-249,513,27
2025-11-27T11:01:54.684593,80,344,475,686,462,205,91,81,-6868,6313,-8670,10307,178,-2343,577,-72,625,0
2025-11-27T11:01:54.707182,84,335,508,663,527,303,118,86,-6829,6207,-8704,10369,156,-2257,449,167,707,149
2025-11-27T11:01:54.729391,76,246,514,685,542,301,112,86,-6816,6072,-8728,10437,2,-2062,400,365,706,215
2025-11-27T11:01:54.744984,77,239,453,517,466,297,115,84,-6797,5942,-8782,10479,29,-2024,353,183,731,326
2025-11-27T11:01:54.766914,62,219,439,567,444,285,104,59,-6767,5795,-8855,10518,20,-2149,351,142,864,395
2025-11-27T11:01:54.789658,57,212,371,691,435,277,95,49,-6728,5617,-8932,10576,28,-2055,356,232,1053,434
2025-11-27T11:01:54.804255,77,350,514,758,337,163,64,50,-6683,5452,-9015,10619,-83,-1844,246,166,1001,376
2025-11-27T11:01:54.827107,221,562,590,765,301,133,63,60,-6613,5328,-9108,10648,11,-1775,199,-36,937,264
2025-11-27T11:01:54.849577,233,593,601,882,348,96,51,59,-6514,5230,-9219,10661,-15,-1858,61,-189,939,142
2025-11-27T11:01:54.862616,266,634,676,884,345,93,52,62,-6390,5157,-9311,10691,9,-1896,72,-177,914,-87
2025-11-27T11:01:54.886767,272,657,688,803,326,94,53,65,-6254,5105,-9385,10732,55,-1935,76,-147,864,-232
2025-11-27T11:01:54.917907,274,614,601,811,330,81,41,58,-6129,5042,-9446,10781,44,-1921,108,-59,849,-206
2025-11-27T11:01:54.924890,191,474,627,792,327,107,55,57,-5996,4986,-9536,10802,35,-1871,144,-310,864,-156
2025-11-27T11:01:54.946595,189,426,626,668,264,120,59,59,-5828,4954,-9676,10784,-3,-1740,91,-732,923,-217
2025-11-27T11:01:54.969654,139,380,587,690,262,123,60,60,-5646,4957,-9840,10731,-44,-1940,-24,-977,823,-302
2025-11-27T11:01:54.984622,127,349,602,729,303,128,67,56,-5516,4937,-9948,10708,-237,-2180,-22,-548,668,-299
2025-11-27T11:01:55.006844,108,305,565,674,280,168,73,53,-5418,4914,-10011,10710,-198,-2157,1,-263,531,-275
2025-11-27T11:01:55.029617,88,222,426,671,272,173,71,46,-5320,4889,-10059,10727,-164,-1941,48,-189,535,-303
2025-11-27T11:01:55.044936,52,195,400,687,268,167,70,44,-5218,4869,-10104,10743,-132,-2061,75,-216,528,-327
2025-11-27T11:01:55.067117,54,152,333,678,261,167,71,41,-5116,4841,-10164,10748,-127,-2032,111,-321,565,-261
2025-11-27T11:01:55.089662,57,125,280,703,266,169,67,46,-5014,4811,-10242,10736,-204,-2060,111,-454,575,-231
2025-11-27T11:01:55.104585,60,108,326,715,273,132,62,50,-4914,4788,-10338,10700,-203,-2089,97,-620,531,-183
2025-11-27T11:01:55.127149,57,80,334,699,276,108,49,51,-4822,4774,-10445,10644,-140,-2195,73,-735,466,-99
2025-11-27T11:01:55.149292,54,73,348,714,278,107,53,58,-4742,4754,-10531,10604,-78,-2192,62,-578,430,-60
2025-11-27T11:01:55.164445,55,108,567,818,368,123,56,57,-4677,4723,-10609,10569,-114,-2218,69,-513,416,-8
2025-11-27T11:01:55.186787,69,162,635,767,358,138,71,64,-4632,4679,-10690,10527,-203,-2438,49,-497,383,84
2025-11-27T11:01:55.209836,81,255,634,723,425,152,81,74,-4615,4614,-10745,10507,-207,-2295,55,-245,350,192
2025-11-27T11:01:55.224636,91,282,679,795,455,157,89,85,-4613,4538,-10784,10501,-256,-2112,36,-89,337,220
2025-11-27T11:01:55.247456,93,284,673,787,475,161,89,81,-4616,4480,-10833,10474,-272,-2188,1,-211,237,221
2025-11-27T11:01:55.270018,103,298,583,652,416,147,86,82,-4624,4424,-10852,10475,-237,-2303,95,-47,203,165
2025-11-27T11:01:55.284634,125,285,630,704,444,138,78,93,-4629,4351,-10835,10520,-175,-2123,82,287,286,136
2025-11-27T11:01:55.307132,134,235,627,740,425,157,81,90,-4627,4298,-10836,10542,-267,-2068,-24,156,234,46
2025-11-27T11:01:55.329740,155,205,582,642,382,147,83,83,-4604,4289,-10826,10566,-32,-1966,35,76,136,-79
2025-11-27T11:01:55.344239,167,219,609,625,353,137,96,93,-4571,4290,-10821,10584,62,-2116,-7,25,138,-88
2025-11-27T11:01:55.367263,163,198,551,694,358,142,104,94,-4559,4262,-10798,10625,21,-2178,5,251,166,6
2025-11-27T11:01:55.389652,200,190,380,685,309,130,101,95,-4558,4230,-10765,10671,-134,-2064,5,337,135,-46
2025-11-27T11:01:55.404657,213,164,342,676,246,81,101,114,-4555,4215,-10729,10715,-109,-2003,28,308,73,-105
2025-11-27T11:01:55.427160,194,194,329,848,330,80,134,121,-4550,4208,-10709,10740,-82,-2045,-17,197,50,-78
2025-11-27T11:01:55.449243,182,186,294,899,349,82,127,117,-4549,4197,-10685,10768,-76,-2171,-21,232,42,-50
2025-11-27T11:01:55.470411,201,179,270,844,360,95,127,122,-4568,4187,-10648,10801,-19,-2192,33,312,-42,22
2025-11-27T11:01:55.486049,166,221,348,886,375,110,133,133,-4581,4163,-10622,10830,-88,-2013,41,268,42,33
2025-11-27T11:01:55.509778,153,233,331,837,353,106,177,166,-4569,4155,-10619,10842,-73,-1724,1,79,82,-56
2025-11-27T11:01:55.532861,155,208,319,718,280,104,171,192,-4542,4161,-10643,10827,-14,-2091,18,-169,95,-45
2025-11-27T11:01:55.547465,156,202,320,758,312,115,186,205,-4525,4142,-10657,10827,-7,-2272,26,-29,153,57
2025-11-27T11:01:55.570268,126,193,309,834,301,97,189,203,-4524,4092,-10629,10874,-56,-2127,23,374,207,67
2025-11-27T11:01:55.592167,91,135,236,886,309,86,188,188,-4525,4055,-10592,10924,-109,-1983,-6,427,145,-26
2025-11-27T11:01:55.607109,70,184,254,926,374,100,156,151,-4517,4044,-10558,10964,-61,-2027,43,307,69,-103
2025-11-27T11:01:55.629621,68,203,383,1004,447,115,165,125,-4507,4050,-10541,10982,4,-2026,105,105,16,-87
2025-11-27T11:01:55.652044,68,206,381,932,421,105,149,100,-4494,4062,-10543,10981,-12,-2168,54,-20,3,-64
2025-11-27T11:01:55.667026,68,204,396,885,420,105,140,107,-4483,4069,-10530,10996,4,-2233,108,78,17,-86
2025-11-27T11:01:55.689568,74,223,442,768,437,115,142,110,-4473,4073,-10494,11032,41,-2189,81,268,18,-117
2025-11-27T11:01:55.712084,71,199,484,781,418,115,127,102,-4467,4073,-10455,11072,24,-2112,129,286,16,-109
2025-11-27T11:01:55.727109,66,186,535,630,342,108,76,78,-4447,4077,-10435,11097,8,-2069,136,126,61,-144
2025-11-27T11:01:55.749873,73,248,573,586,341,115,71,79,-4414,4089,-10427,11114,24,-2150,149,22,87,-187
2025-11-27T11:01:55.772549,97,317,589,543,350,136,73,76,-4384,4104,-10393,11152,23,-2261,174,189,50,-257
2025-11-27T11:01:55.787100,95,306,565,503,298,127,64,75,-4377,4101,-10328,11216,39,-2095,123,492,31,-191
2025-11-27T11:01:55.809746,90,294,552,481,269,128,94,87,-4386,4091,-10280,11260,-104,-2154,135,399,-9,-132
2025-11-27T11:01:55.832058,92,295,434,480,271,135,97,88,-4391,4072,-10246,11296,-110,-2008,158,310,42,-83
2025-11-27T11:01:55.846651,84,244,394,544,267,147,114,84,-4385,4063,-10234,11312,-67,-1994,117,147,60,-82
2025-11-27T11:01:55.869694,54,145,397,646,261,166,121,78,-4370,4066,-10231,11319,48,-1979,176,22,45,-65
2025-11-27T11:01:55.892160,51,153,383,712,256,170,124,73,-4351,4083,-10239,11314,178,-1822,156,-94,14,-33
2025-11-27T11:01:55.907138,54,142,356,825,347,177,123,59,-4310,4119,-10271,11287,288,-1806,57,-272,28,-54
2025-11-27T11:01:55.929703,52,141,439,900,412,202,132,57,-4275,4174,-10297,11257,387,-2029,114,-309,-78,-58
2025-11-27T11:01:55.951917,54,164,431,891,411,211,121,58,-4269,4227,-10278,11257,594,-1855,83,20,-186,57
2025-11-27T11:01:55.967070,62,207,405,925,502,232,148,61,-4290,4275,-10247,11258,650,-1768,84,118,-274,194
2025-11-27T11:01:55.989621,62,200,414,894,533,232,147,60,-4327,4339,-10241,11225,597,-1721,51,-91,-406,249
2025-11-27T11:01:56.011790,57,200,408,784,478,315,153,61,-4379,4431,-10227,11182,539,-1943,38,-97,-602,180
2025-11-27T11:01:56.027148,52,190,292,679,432,317,155,59,-4476,4539,-10175,11147,460,-2039,78,100,-861,177
2025-11-27T11:01:56.049798,51,168,259,715,514,343,167,60,-4606,4649,-10088,11128,321,-1985,77,341,-1021,137
2025-11-27T11:01:56.072622,50,181,240,561,414,318,138,51,-4734,4779,-10006,11093,177,-1778,78,230,-1115,24
2025-11-27T11:01:56.086780,48,195,216,515,370,318,135,49,-4847,4931,-9932,11044,48,-1878,69,100,-1163,-155
2025-11-27T11:01:56.109609,45,189,185,438,379,265,111,40,-4943,5109,-9856,10989,-16,-2000,60,23,-1219,-351
2025-11-27T11:01:56.132101,42,191,182,436,452,306,112,36,-5018,5312,-9760,10944,-160,-2000,64,55,-1264,-652
2025-11-27T11:01:56.146998,41,188,177,414,366,267,89,32,-5047,5542,-9660,10905,-195,-1680,43,-54,-1211,-958
2025-11-27T11:01:56.169719,29,120,156,428,372,261,86,28,-5021,5790,-9586,10854,-220,-1775,96,-355,-1077,-1195
2025-11-27T11:01:56.192151,27,77,133,432,375,259,86,30,-4950,6043,-9530,10797,-228,-2058,113,-555,-930,-1381
2025-11-27T11:01:56.207349,27,59,130,494,356,223,76,28,-4849,6269,-9461,10775,-166,-2110,218,-478,-691,-1496
2025-11-27T11:01:56.229972,27,44,116,482,232,107,45,27,-4735,6460,-9409,10758,-154,-2153,229,-515,-484,-1423
2025-11-27T11:01:56.252470,24,43,123,400,200,98,39,25,-4617,6639,-9367,10738,-165,-2046,214,-556,-416,-1392
2025-11-27T11:01:56.267039,23,37,131,373,175,95,39,28,-4455,6816,-9348,10712,-39,-1828,165,-744,-241,-1418
2025-11-27T11:01:56.289606,23,31,129,338,151,95,41,26,-4228,6993,-9367,10673,172,-1977,84,-1055,-4,-1489
2025-11-27T11:01:56.312134,22,29,117,258,133,81,37,25,-3971,7152,-9388,10648,501,-2296,54,-1074,194,-1457
2025-11-27T11:01:56.327188,21,27,104,264,107,89,39,25,-3757,7248,-9364,10682,604,-2394,90,-566,357,-1291
2025-11-27T11:01:56.349265,20,24,97,240,80,79,38,23,-3579,7306,-9304,10756,644,-2155,98,-163,430,-1147
2025-11-27T11:01:56.372170,21,25,84,225,65,71,35,20,-3381,7370,-9251,10822,662,-1858,64,-245,470,-1173
2025-11-27T11:01:56.387192,19,25,72,274,138,80,32,18,-3148,7434,-9306,10800,788,-2859,-141,-952,507,-1099
2025-11-27T11:01:56.409802,18,23,70,253,151,83,34,16,-3068,7413,-9367,10785,901,-3412,-33,-560,334,-319
2025-11-27T11:01:56.432032,20,23,72,216,226,77,33,15,-3187,7317,-9278,10893,993,-2804,41,989,119,335
2025-11-27T11:01:56.455330,21,24,91,242,228,81,33,17,-3338,7261,-9099,11035,895,-2136,-76,1582,-96,156
2025-11-27T11:01:56.469702,20,24,91,242,229,81,34,18,-3449,7235,-8941,11146,825,-1498,104,1205,-168,101
2025-11-27T11:01:56.492112,20,21,77,163,196,62,29,18,-3492,7255,-8833,11207,1098,-1600,139,631,-201,-8
2025-11-27T11:01:56.515306,20,22,77,152,191,57,25,19,-3497,7278,-8773,11237,1081,-1662,159,253,-117,-35
2025-11-27T11:01:56.529628,20,22,86,146,98,53,22,20,-3469,7297,-8759,11244,1028,-1765,130,-54,4,-64
2025-11-27T11:01:56.552280,22,24,79,78,90,49,24,17,-3421,7312,-8776,11236,1021,-1829,81,-244,84,-47
2025-11-27T11:01:56.575295,22,22,81,77,116,58,27,20,-3381,7316,-8806,11222,943,-1864,3,-238,114,6
2025-11-27T11:01:56.589638,21,25,85,106,225,65,30,19,-3358,7316,-8842,11200,840,-1910,-71,-204,80,43
2025-11-27T11:01:56.611782,22,25,94,106,226,63,31,19,-3350,7312,-8872,11182,786,-1955,-74,-129,50,57
2025-11-27T11:01:56.635597,20,26,86,108,222,60,31,19,-3363,7306,-8887,11170,766,-1991,-86,1,-3,83
2025-11-27T11:01:56.649211,18,22,72,99,226,56,28,19,-3389,7298,-8895,11161,711,-1993,-66,64,-49,96
2025-11-27T11:01:56.673050,18,24,67,94,212,41,24,15,-3418,7292,-8899,11152,708,-2037,-29,64,-69,82
2025-11-27T11:01:56.695353,18,22,66,51,86,25,19,16,-3447,7285,-8892,11154,718,-2036,26,120,-62,56
2025-11-27T11:01:56.709583,18,22,51,49,103,44,21,17,-3475,7277,-8873,11165,719,-1988,53,178,-55,26
2025-11-27T11:01:56.732123,19,23,47,58,103,53,22,23,-3491,7277,-8856,11174,719,-1938,83,107,-53,-24
2025-11-27T11:01:56.754776,19,24,43,62,94,54,22,23,-3495,7288,-8843,11176,722,-1906,80,36,-75,-77
2025-11-27T11:01:56.769652,17,23,42,63,94,55,22,22,-3497,7305,-8831,11174,789,-1974,76,9,-95,-84
2025-11-27T11:01:56.792163,20,22,28,62,97,52,21,24,-3505,7320,-8816,11173,812,-1977,67,49,-109,-50
2025-11-27T11:01:56.815314,20,22,26,57,59,38,20,23,-3516,7335,-8800,11173,827,-1938,48,67,-110,-27
2025-11-27T11:01:56.829676,20,21,20,39,55,24,19,19,-3524,7351,-8787,11170,849,-1903,23,49,-103,-15
2025-11-27T11:01:56.860389,19,22,19,39,78,21,19,19,-3528,7368,-8777,11165,859,-1889,8,32,-92,-12
2025-11-27T11:01:56.875655,18,22,19,44,82,24,20,19,-3531,7383,-8770,11159,859,-1895,-11,26,-81,-9
2025-11-27T11:01:56.889633,15,22,26,43,77,30,21,16,-3534,7395,-8762,11157,867,-1897,-10,43,-58,-5
2025-11-27T11:01:56.912163,15,23,32,41,79,31,20,16,-3536,7405,-8755,11155,861,-1901,-14,40,-41,-1
2025-11-27T11:01:56.935338,15,25,36,40,89,39,20,14,-3536,7411,-8750,11156,856,-1902,-9,40,-20,-4
2025-11-27T11:01:56.949680,16,23,36,31,68,42,22,15,-3532,7416,-8746,11156,865,-1908,3,21,-1,-7
2025-11-27T11:01:56.972130,16,23,36,20,63,41,21,14,-3530,7416,-8739,11162,864,-1921,17,50,19,-5
2025-11-27T11:01:56.995701,17,23,31,20,59,37,20,16,-3529,7412,-8734,11169,848,-1928,18,60,33,6
2025-11-27T11:01:57.009787,18,24,40,21,56,36,20,16,-3528,7406,-8730,11177,837,-1915,23,53,46,12
2025-11-27T11:01:57.032013,19,22,47,20,38,29,20,18,-3527,7398,-8729,11183,814,-1920,34,39,53,12
2025-11-27T11:01:57.055537,20,22,68,22,34,27,18,17,-3525,7390,-8729,11189,802,-1927,41,26,52,9
2025-11-27T11:01:57.069667,19,22,69,21,33,26,18,18,-3527,7382,-8729,11194,782,-1956,44,33,39,4
2025-11-27T11:01:57.092189,19,21,72,22,55,27,19,18,-3530,7376,-8726,11199,780,-1959,50,45,26,-3
2025-11-27T11:01:57.115037,19,18,66,21,63,25,19,19,-3535,7371,-8720,11206,779,-1962,61,63,12,-14
2025-11-27T11:01:57.129185,21,17,60,19,63,25,19,19,-3541,7369,-8710,11213,778,-1961,70,75,-5,-26
2025-11-27T11:01:57.151583,19,18,36,18,63,27,22,20,-3547,7370,-8696,11221,798,-1960,69,92,-20,-38
2025-11-27T11:01:57.175675,20,19,43,18,64,30,25,19,-3554,7373,-8678,11231,802,-1972,67,111,-33,-51
2025-11-27T11:01:57.189254,19,18,38,16,47,30,25,18,-3561,7379,-8656,11241,811,-1947,67,130,-41,-66
2025-11-27T11:01:57.211820,21,21,37,18,67,30,24,17,-3566,7388,-8632,11252,823,-1932,62,133,-47,-79
2025-11-27T11:01:57.235349,19,21,37,19,68,29,24,17,-3568,7399,-8609,11262,839,-1932,49,127,-49,-84
2025-11-27T11:01:57.257657,21,23,63,18,69,27,22,18,-3572,7409,-8584,11273,839,-1914,58,142,-45,-83
2025-11-27T11:01:57.272148,22,23,59,18,69,21,18,18,-3578,7418,-8558,11285,837,-1917,57,154,-45,-81
2025-11-27T11:01:57.295351,24,24,67,18,71,23,17,19,-3583,7427,-8533,11297,831,-1900,58,156,-41,-81
2025-11-27T11:01:57.309260,22,23,67,20,44,23,18,18,-3588,7434,-8507,11310,831,-1872,70,153,-36,-74
2025-11-27T11:01:57.332095,23,24,68,19,43,24,18,17,-3590,7443,-8485,11320,852,-1869,74,126,-35,-74
2025-11-27T11:01:57.355783,20,21,45,19,63,25,18,16,-3592,7453,-8465,11328,850,-1891,70,111,-41,-69
2025-11-27T11:01:57.378127,19,21,41,17,71,26,18,18,-3596,7461,-8443,11338,853,-1885,85,128,-36,-67
2025-11-27T11:01:57.392144,19,22,70,21,76,29,20,18,-3601,7467,-8421,11349,856,-1883,99,128,-33,-59
2025-11-27T11:01:57.415429,21,21,71,20,77,30,21,18,-3604,7474,-8403,11356,860,-1881,105,97,-35,-52
2025-11-27T11:01:57.437857,19,22,71,20,91,31,20,17,-3606,7481,-8387,11363,868,-1869,121,78,-33,-47
2025-11-27T11:01:57.451747,20,24,72,22,87,32,20,19,-3607,7485,-8375,11369,861,-1861,119,61,-22,-30
2025-11-27T11:01:57.475748,21,25,73,22,79,31,21,18,-3609,7490,-8368,11371,866,-1861,114,35,-22,-15
2025-11-27T11:01:57.497819,18,22,39,20,72,27,22,18,-3610,7494,-8363,11371,856,-1857,118,20,-23,-10
2025-11-27T11:01:57.512146,20,22,34,21,73,27,21,18,-3611,7498,-8363,11368,847,-1859,105,-1,-26,-2
2025-11-27T11:01:57.535314,20,20,44,21,65,30,21,19,-3612,7503,-8365,11363,848,-1874,118,-27,-29,6
2025-11-27T11:01:57.558242,20,18,42,19,84,31,24,18,-3614,7507,-8368,11357,864,-1896,121,-24,-34,17
2025-11-27T11:01:57.571545,21,18,61,20,88,31,23,18,-3617,7511,-8371,11352,870,-1900,109,-19,-31,20
2025-11-27T11:01:57.595469,20,20,60,18,88,31,20,18,-3620,7515,-8372,11347,883,-1901,105,-10,-29,22
2025-11-27T11:01:57.617626,18,21,63,17,87,30,21,18,-3621,7518,-8374,11343,880,-1891,109,-16,-25,20
2025-11-27T11:01:57.632119,19,20,57,16,79,29,22,18,-3622,7521,-8376,11340,882,-1886,112,-18,-17,21
2025-11-27T11:01:57.655145,20,21,57,16,44,24,18,17,-3623,7523,-8380,11336,875,-1893,110,-25,-12,27
2025-11-27T11:01:57.677987,19,20,35,14,36,24,20,17,-3623,7524,-8386,11330,868,-1895,97,-34,-11,32
2025-11-27T11:01:57.692126,19,20,41,16,41,23,21,16,-3625,7524,-8393,11324,854,-1902,99,-32,-10,33
2025-11-27T11:01:57.714888,19,20,40,17,70,24,18,18,-3628,7523,-8398,11320,851,-1899,105,-23,-10,35
2025-11-27T11:01:57.737375,18,21,36,18,70,21,18,17,-3633,7522,-8405,11314,834,-1913,90,-16,-11,36
2025-11-27T11:01:57.752160,16,21,35,19,70,24,20,17,-3638,7520,-8410,11310,829,-1896,112,-18,-11,34
2025-11-27T11:01:57.775377,16,22,34,19,71,24,20,17,-3642,7519,-8416,11304,829,-1904,83,-21,-14,33
2025-11-27T11:01:57.797870,18,21,24,19,67,24,20,18,-3646,7519,-8422,11299,827,-1909,86,-19,-14,30
2025-11-27T11:01:57.811715,15,21,19,19,33,21,21,16,-3650,7520,-8428,11292,829,-1903,80,-24,-19,31
2025-11-27T11:01:57.835331,16,21,33,20,47,21,19,15,-3653,7522,-8437,11284,827,-1913,75,-37,-23,30
2025-11-27T11:01:57.857543,16,22,33,21,59,20,18,17,-3656,7524,-8443,11276,835,-1913,75,-32,-24,29
2025-11-27T11:01:57.872134,17,22,34,20,63,21,18,17,-3660,7526,-8448,11270,834,-1906,77,-20,-24,30
2025-11-27T11:01:57.895288,16,21,34,20,70,22,18,18,-3663,7528,-8453,11264,846,-1894,72,-23,-20,32
2025-11-27T11:01:57.918086,17,22,36,20,71,22,18,18,-3664,7530,-8460,11257,842,-1898,70,-33,-15,32
2025-11-27T11:01:57.932249,18,21,25,19,63,23,18,18,-3665,7531,-8467,11251,852,-1896,79,-39,-10,35
2025-11-27T11:01:57.955296,20,19,24,19,51,22,17,16,-3665,7532,-8475,11244,852,-1916,70,-43,-8,37
2025-11-27T11:01:57.978229,20,17,25,21,50,20,16,13,-3666,7532,-8483,11239,851,-1915,79,-39,-5,37
2025-11-27T11:01:57.992080,19,18,23,21,56,22,17,13,-3668,7530,-8489,11234,842,-1930,85,-31,-7,35
2025-11-27T11:01:58.015257,20,19,21,20,57,22,18,11,-3671,7528,-8492,11232,835,-1938,101,-17,-7,26
2025-11-27T11:01:58.037845,20,20,33,21,56,23,18,13,-3674,7528,-8494,11230,828,-1936,86,-8,-9,16
2025-11-27T11:01:58.052073,19,21,35,18,56,23,19,13,-3674,7527,-8494,11230,825,-1919,94,-3,-8,7
2025-11-27T11:01:58.075352,20,22,36,17,52,22,19,15,-3674,7527,-8494,11230,827,-1916,94,-3,-11,4
2025-11-27T11:01:58.097692,20,22,36,17,34,21,18,14,-3677,7528,-8495,11228,822,-1925,84,-2,-17,3
2025-11-27T11:01:58.112091,19,20,36,19,50,22,17,15,-3679,7532,-8495,11225,825,-1910,66,-1,-21,0
2025-11-27T11:01:58.135222,21,21,25,20,52,21,17,16,-3681,7534,-8494,11223,830,-1918,69,3,-21,2
2025-11-27T11:01:58.158090,21,21,24,21,52,21,17,16,-3683,7537,-8495,11221,829,-1922,72,-2,-18,4
2025-11-27T11:01:58.172004,19,20,22,22,53,22,17,17,-3683,7537,-8495,11220,836,-1913,62,-5,-15,-2
2025-11-27T11:01:58.195315,20,20,23,20,54,21,18,18,-3682,7537,-8495,11220,849,-1907,66,0,-11,-2
2025-11-27T11:01:58.217695,20,20,22,21,53,21,18,17,-3682,7538,-8495,11220,834,-1910,67,-1,-9,4
2025-11-27T11:01:58.231975,19,21,34,20,58,22,19,16,-3682,7538,-8495,11220,825,-1923,75,6,-10,1
2025-11-27T11:01:58.255287,18,21,34,19,57,20,18,17,-3684,7539,-8494,11219,821,-1915,59,16,-11,-3
2025-11-27T11:01:58.277744,20,22,35,18,56,19,19,15,-3687,7540,-8492,11219,814,-1915,73,17,-14,-5
2025-11-27T11:01:58.300268,19,22,35,20,55,21,18,16,-3687,7540,-8492,11219,825,-1912,86,10,-16,-4
2025-11-27T11:01:58.315214,20,20,36,17,35,18,19,17,-3689,7542,-8490,11219,826,-1900,81,10,-17,-5
2025-11-27T11:01:58.337791,20,20,24,20,23,17,17,19,-3689,7543,-8490,11219,833,-1902,71,4,-16,-1
2025-11-27T11:01:58.360702,20,19,22,20,38,20,16,19,-3689,7546,-8489,11217,846,-1904,78,-7,-17,2
2025-11-27T11:01:58.375379,19,20,19,23,50,20,16,20,-3689,7548,-8489,11215,843,-1909,83,-10,-17,4
2025-11-27T11:01:58.397771,19,22,20,21,50,20,15,19,-3689,7549,-8489,11215,835,-1906,74,-2,-16,3
2025-11-27T11:01:58.420274,17,24,37,22,51,22,14,19,-3691,7550,-8489,11213,827,-1910,78,-1,-17,2
2025-11-27T11:01:58.435263,16,25,39,19,55,23,15,18,-3692,7554,-8490,11210,823,-1898,64,-7,-19,2
2025-11-27T11:01:58.457786,16,24,40,18,47,26,20,17,-3692,7557,-8493,11206,828,-1900,65,-20,-18,5
2025-11-27T11:01:58.479856,16,24,40,16,60,26,21,16,-3692,7560,-8495,11201,833,-1901,75,-29,-19,5
2025-11-27T11:01:58.494900,17,22,39,16,62,26,21,15,-3692,7562,-8499,11197,830,-1913,72,-24,-15,11
2025-11-27T11:01:58.517395,18,21,25,17,61,25,22,16,-3693,7565,-8502,11193,833,-1910,57,-19,-17,14
2025-11-27T11:01:58.540108,18,19,34,19,58,23,22,16,-3696,7565,-8506,11188,820,-1923,69,-22,-16,18
2025-11-27T11:01:58.555284,20,22,39,19,59,21,19,17,-3697,7567,-8509,11184,831,-1919,70,-23,-19,17
2025-11-27T11:01:58.578207,19,21,41,20,70,23,20,18,-3699,7569,-8512,11180,828,-1920,67,-20,-20,14
2025-11-27T11:01:58.600230,18,21,40,21,72,24,20,19,-3701,7571,-8514,11177,835,-1932,66,-14,-18,11
2025-11-27T11:01:58.614519,20,21,41,20,74,25,18,17,-3703,7573,-8516,11173,828,-1919,59,-9,-18,8
2025-11-27T11:01:58.637934,19,22,32,19,75,26,19,19,-3704,7576,-8517,11171,836,-1924,58,-8,-17,7
2025-11-27T11:01:58.660616,17,18,25,20,74,25,20,19,-3704,7576,-8517,11170,829,-1930,39,-6,-16,4
2025-11-27T11:01:58.674617,19,18,36,20,51,23,18,20,-3704,7576,-8517,11170,838,-1920,43,1,-16,6
2025-11-27T11:01:58.697497,20,19,38,21,50,22,18,20,-3703,7577,-8517,11170,837,-1915,60,10,-12,8
2025-11-27T11:01:58.720324,18,20,37,22,47,21,18,20,-3703,7577,-8517,11169,840,-1910,36,11,-11,10
2025-11-27T11:01:58.734539,17,19,37,23,46,21,17,18,-3703,7577,-8518,11169,828,-1910,51,6,-5,10
2025-11-27T11:01:58.757826,16,22,37,22,46,19,17,19,-3703,7578,-8518,11169,824,-1909,52,-3,-1,10
2025-11-27T11:01:58.780757,16,21,36,23,59,19,17,20,-3703,7578,-8518,11169,811,-1912,57,-4,2,7
2025-11-27T11:01:58.794475,14,21,35,22,60,19,19,19,-3703,7577,-8518,11169,815,-1915,64,-1,3,8
2025-11-27T11:01:58.817754,14,21,35,22,59,19,19,20,-3703,7578,-8518,11168,813,-1920,49,0,0,6
2025-11-27T11:01:58.840318,16,21,36,21,65,20,20,19,-3703,7577,-8518,11168,819,-1917,64,0,-1,5
2025-11-27T11:01:58.854590,17,19,36,20,64,20,19,18,-3703,7578,-8519,11168,821,-1920,52,2,-4,7
2025-11-27T11:01:58.878179,17,21,25,18,68,20,21,17,-3703,7578,-8519,11168,819,-1918,60,3,-7,8
2025-11-27T11:01:58.900256,17,20,23,17,67,20,20,17,-3703,7578,-8519,11168,825,-1908,57,0,-9,13
2025-11-27T11:01:58.914554,19,18,22,18,68,21,21,17,-3703,7578,-8519,11168,840,-1914,53,-12,-11,11
2025-11-27T11:01:58.937823,18,17,21,16,63,20,21,17,-3703,7578,-8519,11168,836,-1926,51,-14,-9,9
2025-11-27T11:01:58.960299,18,17,22,18,63,22,22,19,-3703,7578,-8519,11167,834,-1932,52,-5,-4,7
2025-11-27T11:01:58.974591,16,16,20,17,33,23,20,19,-3703,7579,-8519,11167,829,-1911,58,6,-3,14
2025-11-27T11:01:58.997792,17,18,34,18,54,23,18,19,-3705,7578,-8521,11166,818,-1905,57,-2,-5,19
2025-11-27T11:01:59.020324,16,19,33,18,56,24,18,21,-3708,7577,-8526,11162,804,-1899,62,-21,-10,22
2025-11-27T11:01:59.034558,18,20,34,18,56,25,17,21,-3708,7576,-8532,11157,824,-1908,58,-32,0,27
2025-11-27T11:01:59.057810,22,20,34,17,56,26,16,20,-3709,7574,-8541,11151,793,-1924,58,-46,-3,28
2025-11-27T11:01:59.081205,22,21,35,18,73,25,19,20,-3709,7575,-8550,11144,802,-1929,35,-45,-4,19
2025-11-27T11:01:59.095035,23,20,23,17,58,25,19,19,-3708,7575,-8556,11139,827,-1928,52,-38,-4,19
2025-11-27T11:01:59.118107,23,22,23,19,56,22,19,19,-3707,7575,-8563,11135,830,-1932,48,-39,0,21
2025-11-27T11:01:59.140212,22,22,20,19,57,21,20,20,-3706,7576,-8569,11130,827,-1920,51,-40,-3,19
2025-11-27T11:01:59.151639,19,23,20,20,57,19,20,19,-3706,7577,-8574,11126,825,-1929,45,-28,-7,19
2025-11-27T11:01:59.175780,19,23,17,19,60,20,19,19,-3706,7577,-8578,11123,832,-1918,46,-22,-5,25
2025-11-27T11:01:59.198999,19,22,18,19,58,20,19,19,-3707,7576,-8585,11117,811,-1918,42,-36,-4,30
2025-11-27T11:01:59.213785,19,21,18,16,59,22,18,17,-3707,7576,-8592,11112,817,-1926,36,-36,-1,25
2025-11-27T11:01:59.237427,19,20,18,18,57,22,17,17,-3707,7575,-8599,11107,813,-1932,34,-36,2,26
2025-11-27T11:01:59.260059,19,20,20,18,58,22,18,19,-3708,7573,-8607,11102,795,-1935,25,-31,3,24
2025-11-27T11:01:59.282318,20,21,36,19,38,19,18,18,-3708,7573,-8607,11102,798,-1940,32,-14,-4,15
2025-11-27T11:01:59.297206,20,20,36,20,64,23,18,19,-3708,7573,-8607,11102,793,-1938,39,-7,-7,14
2025-11-27T11:01:59.320354,20,20,36,21,65,21,19,19,-3709,7572,-8608,11101,776,-1939,30,-15,-11,15
2025-11-27T11:01:59.342837,20,20,37,19,67,23,20,19,-3712,7574,-8607,11100,811,-1940,42,8,-18,0
2025-11-27T11:01:59.357791,21,20,36,21,70,22,20,17,-3712,7574,-8607,11100,812,-1918,31,13,-13,7
2025-11-27T11:01:59.380463,20,18,21,21,69,23,20,18,-3712,7574,-8607,11100,814,-1922,36,-8,-7,10
2025-11-27T11:01:59.402906,22,20,21,20,56,19,20,17,-3711,7574,-8611,11097,812,-1937,37,-23,0,8
2025-11-27T11:01:59.417745,20,19,20,21,56,20,22,16,-3709,7575,-8615,11094,815,-1926,21,-20,5,8
2025-11-27T11:01:59.440341,19,19,19,21,56,18,19,17,-3709,7575,-8615,11094,809,-1929,20,-13,3,2
2025-11-27T11:01:59.463203,19,19,18,20,57,21,18,17,-3709,7575,-8615,11094,809,-1929,30,-6,4,1
2025-11-27T11:01:59.477467,19,19,18,19,55,21,17,16,-3709,7575,-8616,11093,798,-1940,19,1,6,1
2025-11-27T11:01:59.499459,16,17,18,20,47,21,18,17,-3709,7575,-8616,11093,804,-1935,35,2,7,1
2025-11-27T11:01:59.522398,17,21,18,20,60,21,20,18,-3709,7575,-8616,11093,791,-1927,39,3,7,-3
2025-11-27T11:01:59.537416,18,20,17,20,59,22,20,16,-3710,7575,-8616,11093,797,-1932,24,7,8,-1
2025-11-27T11:01:59.559967,17,21,18,19,54,21,22,17,-3710,7575,-8617,11093,806,-1919,34,5,8,-2
2025-11-27T11:01:59.583087,19,21,19,19,52,22,22,18,-3710,7575,-8617,11093,806,-1928,40,-2,6,1
2025-11-27T11:01:59.597203,19,22,18,18,51,23,21,18,-3710,7575,-8617,11092,803,-1930,29,-2,9,3
2025-11-27T11:01:59.620052,19,21,17,19,48,22,18,18,-3710,7575,-8617,11092,797,-1940,37,-4,7,5
2025-11-27T11:01:59.642802,19,21,18,19,48,20,17,18,-3710,7574,-8617,11092,796,-1945,43,-4,3,1
2025-11-27T11:01:59.657801,19,19,20,18,50,20,15,18,-3711,7574,-8617,11092,799,-1942,38,1,2,-4
2025-11-27T11:01:59.680756,17,19,19,18,49,19,15,17,-3711,7574,-8618,11092,805,-1942,32,14,-1,-10
2025-11-27T11:01:59.703338,20,19,20,19,49,20,18,16,-3713,7574,-8615,11094,796,-1928,37,25,-2,-10
2025-11-27T11:01:59.716962,21,16,20,21,61,22,19,16,-3714,7574,-8613,11094,790,-1915,28,18,-6,-8
2025-11-27T11:01:59.740266,21,18,20,21,60,25,21,16,-3714,7574,-8613,11094,804,-1924,42,12,-8,-8
2025-11-27T11:01:59.762751,22,19,18,22,59,25,20,16,-3714,7574,-8613,11094,794,-1919,27,7,-7,-5
2025-11-27T11:01:59.777083,22,20,19,22,59,24,22,17,-3714,7574,-8613,11094,809,-1923,41,1,-6,-6
2025-11-27T11:01:59.800192,18,21,19,20,58,22,19,17,-3714,7574,-8613,11094,808,-1927,40,1,-7,-3
2025-11-27T11:01:59.822744,17,22,20,18,50,22,20,18,-3715,7574,-8613,11094,809,-1944,42,7,-5,-3
2025-11-27T11:01:59.837045,17,22,19,19,50,18,21,18,-3714,7574,-8613,11094,812,-1936,35,14,-6,-9
2025-11-27T11:01:59.860267,17,22,19,18,52,17,22,18,-3716,7574,-8610,11096,796,-1930,45,22,-5,-13
2025-11-27T11:01:59.883135,17,21,18,18,52,16,21,16,-3718,7574,-8607,11097,792,-1930,35,21,-7,-13
2025-11-27T11:01:59.897171,17,22,17,19,52,19,21,17,-3718,7577,-8604,11098,814,-1928,27,18,-10,-16
2025-11-27T11:01:59.920266,17,20,17,19,57,20,20,19,-3719,7579,-8601,11099,802,-1923,34,20,-8,-16
2025-11-27T11:01:59.942728,19,22,16,18,58,19,20,20,-3718,7581,-8598,11100,816,-1926,26,19,-2,-17
2025-11-27T11:01:59.957052,18,22,16,20,58,22,20,20,-3718,7581,-8595,11102,814,-1932,36,20,0,-13
2025-11-27T11:01:59.980433,19,23,16,19,58,22,19,20,-3717,7581,-8592,11105,815,-1925,34,24,8,-12
2025-11-27T11:02:00.002960,20,22,18,19,58,20,19,20,-3717,7580,-8589,11108,808,-1915,41,22,8,-10
2025-11-27T11:02:00.016675,20,22,19,20,61,18,19,18,-3716,7579,-8588,11110,809,-1916,31,17,10,-7
2025-11-27T11:02:00.039759,18,19,19,21,61,19,17,18,-3716,7579,-8588,11110,806,-1917,43,14,10,-6
2025-11-27T11:02:00.062750,20,19,21,20,61,17,16,17,-3716,7579,-8588,11109,803,-1911,40,7,11,-2
2025-11-27T11:02:00.076679,19,18,23,20,61,19,17,17,-3717,7579,-8588,11109,805,-1932,50,-4,8,3
2025-11-27T11:02:00.100176,19,17,21,19,59,20,17,17,-3717,7579,-8588,11109,801,-1942,48,3,6,1
2025-11-27T11:02:00.122647,19,19,19,17,33,21,18,19,-3717,7579,-8588,11109,805,-1935,53,14,3,-1
2025-11-27T11:02:00.137102,20,21,19,18,24,22,18,18,-3717,7578,-8589,11109,797,-1930,44,12,-2,-4
2025-11-27T11:02:00.159958,19,21,19,20,52,23,17,19,-3718,7578,-8589,11109,802,-1935,43,8,-5,-7
2025-11-27T11:02:00.183000,20,21,16,21,54,22,16,20,-3718,7578,-8589,11109,807,-1925,50,8,-7,-7
2025-11-27T11:02:00.205197,21,20,16,21,55,21,15,20,-3718,7578,-8589,11109,802,-1920,28,10,-10,-7
2025-11-27T11:02:00.220169,20,19,16,20,57,23,15,19,-3718,7578,-8589,11109,802,-1940,44,5,-11,-6
2025-11-27T11:02:00.242743,19,18,16,22,58,24,17,19,-3718,7578,-8590,11108,809,-1941,35,8,-13,-8
2025-11-27T11:02:00.265291,20,19,18,20,34,23,17,19,-3720,7579,-8587,11109,803,-1931,42,22,-11,-9
2025-11-27T11:02:00.280286,18,19,20,19,55,23,18,19,-3721,7581,-8584,11110,812,-1914,36,17,-11,-8
2025-11-27T11:02:00.302727,15,19,20,21,58,24,18,18,-3721,7581,-8584,11110,822,-1921,40,1,-10,-6
2025-11-27T11:02:00.325356,15,20,22,22,56,22,18,16,-3721,7581,-8584,11110,817,-1913,44,2,-6,0
2025-11-27T11:02:00.340340,16,18,22,19,57,22,17,15,-3721,7581,-8584,11109,807,-1924,34,-3,-2,4
2025-11-27T11:02:00.362659,14,19,20,18,57,24,18,15,-3721,7582,-8584,11109,820,-1924,41,-12,0,4
2025-11-27T11:02:00.385427,14,19,21,19,39,23,18,16,-3721,7582,-8584,11109,818,-1926,40,-8,5,3
2025-11-27T11:02:00.400208,18,19,21,18,58,23,17,16,-3721,7582,-8584,11109,818,-1934,47,-1,11,3
2025-11-27T11:02:00.423003,19,19,20,17,58,23,19,16,-3721,7581,-8584,11109,807,-1943,51,8,5,3
2025-11-27T11:02:00.445321,20,19,21,18,57,20,19,19,-3723,7580,-8583,11111,801,-1927,52,16,1,-2
2025-11-27T11:02:00.459638,20,18,21,19,58,17,17,19,-3723,7580,-8583,11111,801,-1938,54,10,-7,-6
2025-11-27T11:02:00.482918,22,19,21,19,55,17,19,18,-3724,7580,-8583,11111,802,-1939,33,11,-11,-11
2025-11-27T11:02:00.505364,22,20,20,18,31,18,19,17,-3725,7581,-8579,11112,804,-1939,55,20,-11,-16
2025-11-27T11:02:00.520336,21,19,21,17,28,18,18,17,-3726,7583,-8575,11113,817,-1932,37,23,-11,-17
2025-11-27T11:02:00.542663,19,18,20,17,54,19,18,18,-3728,7585,-8569,11116,815,-1939,54,32,-14,-18
2025-11-27T11:02:00.565253,20,18,21,16,54,20,18,18,-3730,7587,-8562,11119,820,-1931,46,37,-15,-25
2025-11-27T11:02:00.580297,20,17,21,17,55,22,16,21,-3731,7591,-8554,11123,830,-1934,57,39,-15,-29
2025-11-27T11:02:00.602430,16,17,22,17,54,20,15,22,-3732,7592,-8546,11127,814,-1923,56,44,-10,-25
2025-11-27T11:02:00.625325,18,17,22,19,55,20,15,22,-3734,7593,-8540,11131,805,-1918,47,38,-8,-27
2025-11-27T11:02:00.639245,20,18,22,18,50,21,14,19,-3734,7596,-8535,11133,811,-1921,41,32,-7,-29
2025-11-27T11:02:00.662820,19,19,22,21,57,21,16,18,-3733,7598,-8529,11137,816,-1929,46,37,-6,-33
2025-11-27T11:02:00.685464,19,19,21,20,56,21,19,14,-3734,7600,-8520,11142,820,-1932,60,48,-8,-35
2025-11-27T11:02:00.699513,20,20,20,21,58,21,18,14,-3735,7602,-8511,11147,820,-1922,55,52,-6,-38
2025-11-27T11:02:00.722813,20,20,20,20,58,22,18,14,-3735,7604,-8502,11153,820,-1918,55,53,-6,-39
2025-11-27T11:02:00.745309,18,21,21,21,44,22,21,15,-3735,7607,-8493,11158,818,-1910,56,49,-7,-41
2025-11-27T11:02:00.759607,20,21,21,19,57,23,20,16,-3734,7610,-8485,11162,824,-1904,52,43,-8,-38
2025-11-27T11:02:00.782648,19,21,22,19,59,22,19,16,-3734,7613,-8477,11165,828,-1915,63,37,-11,-36
2025-11-27T11:02:00.805356,18,20,22,18,57,21,20,16,-3734,7616,-8469,11169,829,-1901,61,43,-11,-36
2025-11-27T11:02:00.819584,20,20,21,20,58,20,20,16,-3734,7619,-8460,11174,843,-1929,60,47,-9,-37
2025-11-27T11:02:00.842874,20,19,20,20,58,20,18,17,-3733,7623,-8450,11180,847,-1911,67,54,-8,-38
2025-11-27T11:02:00.865267,19,18,19,21,37,17,19,18,-3734,7624,-8440,11186,845,-1915,76,53,-5,-36
2025-11-27T11:02:00.879216,20,20,18,22,55,22,18,18,-3733,7626,-8431,11191,841,-1909,77,45,-3,-35
2025-11-27T11:02:00.903293,21,21,18,22,56,22,18,20,-3732,7628,-8423,11197,847,-1913,75,44,-3,-35
2025-11-27T11:02:00.925290,20,23,17,19,55,24,18,20,-3732,7630,-8415,11202,836,-1907,80,44,-3,-33
2025-11-27T11:02:00.939615,21,22,18,20,55,23,17,20,-3733,7631,-8407,11206,831,-1904,80,43,-5,-32
2025-11-27T11:02:00.962881,21,23,17,19,52,23,16,18,-3733,7633,-8400,11211,840,-1905,81,41,-6,-29
2025-11-27T11:02:00.986101,21,22,16,17,57,20,16,19,-3734,7634,-8392,11215,839,-1901,88,40,-7,-30
2025-11-27T11:02:00.999203,21,22,17,17,57,22,16,18,-3734,7636,-8385,11219,842,-1907,76,37,-5,-29
2025-11-27T11:02:01.023299,20,19,19,19,57,21,17,17,-3734,7638,-8379,11222,846,-1907,75,36,-5,-29
2025-11-27T11:02:01.045335,20,19,19,18,58,21,18,16,-3733,7640,-8372,11226,852,-1902,88,35,-3,-28
2025-11-27T11:02:01.059582,19,19,19,20,58,21,17,17,-3733,7642,-8366,11230,845,-1895,81,35,-4,-26
2025-11-27T11:02:01.083339,17,20,20,19,52,22,18,16,-3733,7643,-8361,11232,844,-1892,80,27,-4,-21
2025-11-27T11:02:01.105510,15,18,20,18,52,21,17,17,-3733,7645,-8357,11234,841,-1887,76,25,-3,-17
2025-11-27T11:02:01.119524,16,19,19,17,52,20,17,17,-3732,7646,-8354,11236,856,-1880,82,18,1,-10
2025-11-27T11:02:01.142763,16,20,18,18,52,21,18,17,-3732,7646,-8354,11236,853,-1899,72,4,2,-7
2025-11-27T11:02:01.165186,16,20,18,17,53,21,19,18,-3731,7647,-8355,11235,858,-1904,80,-1,3,-6
2025-11-27T11:02:01.188393,17,19,18,17,33,22,20,18,-3731,7647,-8355,11235,857,-1924,93,11,7,-6
2025-11-27T11:02:01.202508,16,20,17,19,54,22,20,17,-3733,7644,-8351,11239,845,-1909,113,21,7,-4
2025-11-27T11:02:01.225283,16,20,17,20,58,22,22,19,-3735,7642,-8349,11242,839,-1893,94,24,4,-3
2025-11-27T11:02:01.247395,15,20,17,18,58,21,20,20,-3735,7642,-8349,11242,837,-1891,105,14,0,-3
2025-11-27T11:02:01.262802,15,18,17,17,58,22,19,19,-3735,7642,-8349,11242,844,-1899,102,1,-2,-3
2025-11-27T11:02:01.285612,17,18,17,19,57,20,17,19,-3735,7642,-8349,11242,852,-1899,88,-1,-2,-3
2025-11-27T11:02:01.307302,18,16,16,16,47,19,18,19,-3735,7642,-8349,11242,848,-1895,91,2,-1,-2
2025-11-27T11:02:01.325909,19,18,16,19,59,22,15,20,-3735,7642,-8348,11242,856,-1903,96,-1,0,4
2025-11-27T11:02:01.344237,19,18,18,18,60,23,15,19,-3735,7642,-8349,11242,858,-1893,76,-4,3,1
2025-11-27T11:02:01.367024,19,20,17,20,69,21,17,20,-3735,7642,-8349,11242,844,-1897,87,-2,5,5
2025-11-27T11:02:01.385951,17,20,18,20,69,21,18,20,-3735,7642,-8349,11242,842,-1905,94,-9,2,6
2025-11-27T11:02:01.404473,17,20,20,23,68,21,17,20,-3735,7642,-8349,11242,841,-1903,95,-8,3,5
2025-11-27T11:02:01.426983,17,20,19,22,77,20,19,17,-3735,7642,-8349,11242,856,-1909,97,-14,5,3
2025-11-27T11:02:01.446164,17,20,20,22,78,20,20,18,-3735,7642,-8349,11242,844,-1913,94,-10,7,0
2025-11-27T11:02:01.464460,15,20,19,22,70,20,19,17,-3735,7642,-8349,11241,842,-1914,77,3,9,2
2025-11-27T11:02:01.487403,16,18,20,23,80,22,19,17,-3735,7642,-8350,11241,841,-1905,91,-2,9,5
2025-11-27T11:02:01.506648,16,19,19,21,80,22,19,17,-3735,7642,-8350,11241,843,-1906,92,-4,7,3
2025-11-27T11:02:01.524582,16,17,20,21,78,21,19,20,-3735,7642,-8350,11241,846,-1901,87,-6,6,1
2025-11-27T11:02:01.547079,17,18,18,21,78,21,19,19,-3735,7642,-8350,11241,844,-1905,95,0,6,3
2025-11-27T11:02:01.566310,18,19,21,20,77,22,19,19,-3735,7642,-8350,11241,846,-1911,85,-1,9,2
2025-11-27T11:02:01.584568,18,19,20,18,69,20,22,19,-3736,7642,-8350,11240,845,-1917,85,-2,7,0
2025-11-27T11:02:01.606957,18,20,20,19,82,20,22,19,-3736,7642,-8350,11240,846,-1920,102,8,5,-1
2025-11-27T11:02:01.626267,17,20,19,19,63,19,22,17,-3736,7641,-8350,11241,834,-1907,107,13,2,-2
2025-11-27T11:02:01.644568,17,20,19,21,62,20,21,17,-3736,7641,-8351,11241,837,-1912,95,9,-3,-6
2025-11-27T11:02:01.666689,18,18,16,20,61,19,21,17,-3737,7641,-8351,11240,831,-1914,94,6,-4,-5
2025-11-27T11:02:01.686534,17,18,17,20,60,22,18,17,-3737,7641,-8351,11240,846,-1914,85,10,-6,-10
2025-11-27T11:02:01.704534,17,18,16,19,53,22,15,18,-3737,7641,-8351,11240,851,-1899,83,12,-4,-8
2025-11-27T11:02:01.727115,19,17,17,19,54,22,16,18,-3737,7641,-8351,11240,848,-1901,87,12,-5,-8
2025-11-27T11:02:01.746235,19,16,18,18,53,23,16,17,-3737,7641,-8351,11240,851,-1909,95,8,-4,-7
2025-11-27T11:02:01.768556,18,17,18,20,54,24,20,17,-3737,7641,-8351,11240,847,-1919,92,12,-3,-7
2025-11-27T11:02:01.787061,19,17,19,19,54,24,20,17,-3738,7640,-8347,11243,851,-1911,88,35,5,-11
2025-11-27T11:02:01.806309,19,17,18,19,57,26,20,16,-3739,7638,-8344,11247,838,-1895,93,25,10,-8
2025-11-27T11:02:01.828804,17,19,19,19,58,27,20,19,-3739,7638,-8344,11247,842,-1905,98,11,6,-13
2025-11-27T11:02:01.846609,18,19,18,20,58,28,22,18,-3739,7637,-8342,11249,855,-1916,92,22,6,-5
2025-11-27T11:02:01.866103,17,20,18,20,58,26,18,18,-3740,7635,-8338,11252,850,-1887,84,35,10,-2
2025-11-27T11:02:01.889186,17,20,18,21,58,23,18,18,-3740,7634,-8337,11254,844,-1883,86,17,10,-2
2025-11-27T11:02:01.907355,18,21,19,22,68,20,18,18,-3740,7634,-8337,11254,850,-1906,95,3,10,0
2025-11-27T11:02:01.925868,19,22,19,22,67,20,18,15,-3739,7632,-8335,11257,863,-1890,91,22,22,-1
2025-11-27T11:02:01.948803,20,22,18,23,70,16,17,16,-3738,7628,-8337,11259,847,-1912,93,3,29,5
2025-11-27T11:02:01.966917,19,21,20,21,70,18,17,15,-3739,7623,-8336,11262,845,-1902,109,18,19,8
2025-11-27T11:02:01.986189,18,21,18,20,75,20,18,16,-3741,7620,-8336,11264,829,-1901,99,21,11,7
2025-11-27T11:02:02.009010,18,21,19,22,64,22,21,18,-3742,7620,-8336,11264,837,-1896,108,8,6,8
2025-11-27T11:02:02.027042,19,20,16,22,65,24,20,17,-3742,7619,-8336,11265,835,-1903,120,-6,5,11
2025-11-27T11:02:02.046289,17,18,18,22,87,27,20,19,-3742,7619,-8335,11265,844,-1895,115,-10,9,6
2025-11-27T11:02:02.068799,18,20,17,22,89,29,21,21,-3740,7619,-8339,11263,849,-1908,98,-21,5,6
2025-11-27T11:02:02.087209,18,20,19,23,85,27,21,21,-3741,7619,-8339,11263,846,-1902,111,-14,-2,9
2025-11-27T11:02:02.109240,18,18,17,20,74,26,19,20,-3740,7619,-8339,11263,852,-1892,93,-12,-2,10
2025-11-27T11:02:02.131931,19,19,18,19,81,27,20,20,-3740,7619,-8339,11263,847,-1896,110,-14,-4,7
2025-11-27T11:02:02.147046,19,19,17,18,60,24,22,20,-3741,7619,-8343,11259,834,-1909,92,-21,-7,9
2025-11-27T11:02:02.169144,19,19,20,18,56,23,21,21,-3741,7619,-8343,11259,843,-1898,98,-9,-8,8
2025-11-27T11:02:02.189193,18,19,19,17,56,24,21,19,-3742,7619,-8346,11257,835,-1906,106,-17,-7,9
2025-11-27T11:02:02.206847,18,20,19,17,57,23,20,21,-3742,7620,-8350,11253,842,-1911,93,-22,-6,7
2025-11-27T11:02:02.229007,16,18,19,17,43,21,21,20,-3743,7620,-8353,11251,839,-1915,101,-19,-6,9
2025-11-27T11:02:02.248705,16,20,20,17,37,20,17,20,-3743,7620,-8356,11249,847,-1908,97,-18,-2,8
2025-11-27T11:02:02.266662,15,19,18,18,37,20,18,21,-3742,7620,-8361,11245,836,-1902,90,-25,-2,8
2025-11-27T11:02:02.289615,16,19,18,18,36,19,17,22,-3741,7621,-8365,11242,841,-1905,86,-30,-2,6
2025-11-27T11:02:02.309029,15,20,19,19,31,22,18,21,-3740,7622,-8369,11239,849,-1910,87,-24,-1,9
2025-11-27T11:02:02.327076,20,21,18,19,27,22,16,22,-3740,7622,-8369,11239,844,-1910,86,-16,1,9
2025-11-27T11:02:02.349495,21,18,18,19,30,23,18,22,-3740,7622,-8370,11238,843,-1914,93,-14,5,12
2025-11-27T11:02:02.368621,21,18,17,19,30,22,16,20,-3740,7622,-8370,11238,848,-1925,82,-6,4,11
2025-11-27T11:02:02.387218,24,19,18,30,35,21,17,19,-3740,7622,-8370,11238,846,-1906,102,2,4,6
2025-11-27T11:02:02.409174,25,20,18,30,54,19,17,19,-3740,7622,-8370,11238,842,-1907,101,-4,8,6
2025-11-27T11:02:02.428762,21,20,18,31,56,19,16,20,-3740,7621,-8370,11238,836,-1916,98,-7,5,5
2025-11-27T11:02:02.446954,20,21,18,31,54,17,15,18,-3740,7621,-8370,11239,842,-1918,100,4,3,0
2025-11-27T11:02:02.469570,20,22,20,31,55,17,15,18,-3740,7621,-8370,11238,838,-1913,93,7,-2,2
2025-11-27T11:02:02.489183,17,21,20,23,54,20,17,19,-3743,7620,-8368,11239,828,-1914,89,19,-4,-5
2025-11-27T11:02:02.507042,16,21,21,29,34,19,17,18,-3744,7621,-8366,11240,836,-1911,90,17,-8,-8
2025-11-27T11:02:02.529561,17,21,20,29,30,20,19,18,-3747,7622,-8364,11240,827,-1922,88,17,-11,-8
2025-11-27T11:02:02.548768,18,20,21,29,29,21,20,18,-3749,7623,-8360,11242,846,-1930,102,22,-12,-14
2025-11-27T11:02:02.566948,18,19,19,30,26,20,21,19,-3751,7623,-8356,11244,825,-1925,92,28,-7,-22
2025-11-27T11:02:02.590011,17,19,18,29,20,18,20,19,-3752,7625,-8350,11246,833,-1918,94,31,-11,-30
2025-11-27T11:02:02.608910,17,18,17,23,20,20,21,18,-3754,7628,-8341,11250,849,-1910,94,48,-17,-31
2025-11-27T11:02:02.627038,17,20,18,22,18,19,19,18,-3754,7632,-8334,11253,855,-1892,84,44,-11,-25
2025-11-27T11:02:02.649769,17,19,19,22,19,18,20,19,-3753,7634,-8327,11257,860,-1888,82,38,-3,-23
2025-11-27T11:02:02.668923,18,19,21,21,19,18,20,17,-3752,7636,-8322,11260,863,-1901,85,35,2,-24
2025-11-27T11:02:02.691264,18,20,20,21,18,19,20,17,-3751,7637,-8315,11265,861,-1909,98,36,7,-28
2025-11-27T11:02:02.709260,19,21,20,20,19,19,19,16,-3750,7636,-8309,11270,849,-1927,94,48,11,-31
2025-11-27T11:02:02.728394,19,19,20,21,19,19,20,16,-3751,7635,-8301,11277,851,-1914,93,58,14,-28
2025-11-27T11:02:02.747067,19,21,19,19,19,20,20,17,-3751,7633,-8293,11283,842,-1875,99,58,12,-25
2025-11-27T11:02:02.769564,21,21,18,20,18,19,21,17,-3750,7634,-8289,11287,836,-1868,101,27,9,-25
2025-11-27T11:02:02.789039,22,21,19,20,21,19,21,16,-3747,7634,-8286,11289,850,-1887,106,9,9,-25
2025-11-27T11:02:02.806968,22,20,19,20,21,19,21,17,-3744,7635,-8283,11292,871,-1899,111,13,10,-20
2025-11-27T11:02:02.829555,21,21,19,18,21,19,20,17,-3741,7634,-8278,11298,877,-1895,99,39,24,-15
2025-11-27T11:02:02.848626,20,19,19,20,35,19,21,17,-3740,7630,-8274,11303,860,-1877,115,30,29,-8
2025-11-27T11:02:02.866939,18,20,19,21,53,19,18,17,-3737,7627,-8274,11307,860,-1882,112,8,31,-5
2025-11-27T11:02:02.889435,18,20,19,20,55,20,18,16,-3734,7623,-8274,11310,860,-1887,120,4,31,1
2025-11-27T11:02:02.908803,18,19,20,19,55,18,17,18,-3735,7622,-8275,11310,814,-1888,117,-5,13,6
2025-11-27T11:02:02.926927,19,17,19,20,57,21,17,18,-3735,7622,-8275,11310,835,-1889,118,3,5,-4
2025-11-27T11:02:02.949451,18,17,20,20,50,20,17,17,-3735,7622,-8275,11310,852,-1893,124,-12,2,1
2025-11-27T11:02:02.968760,19,16,19,18,30,20,17,18,-3738,7620,-8279,11307,826,-1911,125,-18,-7,9
2025-11-27T11:02:02.987170,18,18,23,18,28,19,17,20,-3738,7620,-8279,11307,844,-1901,116,-1,-14,4
2025-11-27T11:02:03.009739,18,18,21,19,25,19,17,21,-3740,7622,-8280,11304,854,-1896,118,-7,-21,8
2025-11-27T11:02:03.031986,18,19,22,17,23,17,16,21,-3744,7623,-8280,11303,845,-1896,132,-4,-22,7
2025-11-27T11:02:03.046704,18,21,22,17,19,18,17,21,-3746,7625,-8282,11299,842,-1892,115,-17,-19,8
2025-11-27T11:02:03.069521,18,21,21,16,22,19,17,22,-3746,7626,-8287,11294,849,-1900,115,-32,-14,8
2025-11-27T11:02:03.091469,17,20,18,16,22,19,17,23,-3746,7629,-8291,11290,848,-1893,120,-36,-17,8
2025-11-27T11:02:03.107134,17,20,18,16,24,19,17,22,-3747,7631,-8295,11285,847,-1890,106,-28,-20,9
2025-11-27T11:02:03.129575,16,20,18,19,40,20,19,22,-3746,7634,-8299,11280,872,-1902,94,-27,-14,14
2025-11-27T11:02:03.151846,17,18,17,21,40,20,18,21,-3749,7637,-8304,11274,843,-1898,95,-28,-23,19
2025-11-27T11:02:03.166944,17,18,18,22,42,21,16,20,-3752,7639,-8305,11271,860,-1915,105,-4,-23,13
2025-11-27T11:02:03.189639,17,17,19,22,40,20,16,18,-3752,7639,-8305,11271,855,-1883,92,-10,-4,11
2025-11-27T11:02:03.211741,17,16,19,24,53,20,17,17,-3753,7637,-8313,11265,826,-1914,92,-37,1,21
2025-11-27T11:02:03.227105,17,18,18,22,43,19,14,17,-3752,7637,-8319,11261,834,-1915,87,-30,3,7
2025-11-27T11:02:03.249336,17,20,18,21,44,18,15,18,-3752,7637,-8320,11261,854,-1892,85,-8,-10,14
2025-11-27T11:02:03.280305,16,20,18,20,42,15,16,18,-3752,7637,-8320,11261,843,-1883,94,-2,-3,7
2025-11-27T11:02:03.287335,16,20,18,23,43,17,17,18,-3751,7637,-8325,11258,851,-1912,113,-36,0,10
2025-11-27T11:02:03.309232,17,20,18,21,25,18,17,18,-3750,7637,-8329,11255,854,-1927,100,-26,3,10
2025-11-27T11:02:03.331381,19,20,20,20,34,18,18,19,-3750,7637,-8330,11255,839,-1916,92,-11,4,12
2025-11-27T11:02:03.346375,18,18,19,20,39,22,19,18,-3750,7637,-8330,11255,846,-1902,97,-9,3,12
2025-11-27T11:02:03.369193,18,19,20,21,39,24,19,18,-3750,7636,-8330,11254,828,-1919,85,-12,-5,2
2025-11-27T11:02:03.392286,19,20,18,18,39,23,19,17,-3753,7638,-8332,11251,821,-1926,98,-7,-18,-5
2025-11-27T11:02:03.406956,19,20,20,20,39,23,21,17,-3756,7640,-8327,11252,838,-1905,97,27,-22,-19
2025-11-27T11:02:03.429557,17,19,17,21,31,23,21,15,-3760,7643,-8324,11251,843,-1921,100,16,-31,-8
2025-11-27T11:02:03.452045,19,20,18,22,26,21,20,16,-3764,7647,-8321,11249,845,-1934,88,17,-31,-9
2025-11-27T11:02:03.466988,19,21,18,21,25,18,20,16,-3767,7650,-8315,11251,852,-1927,94,37,-26,-19
2025-11-27T11:02:03.489235,20,20,18,21,24,19,22,19,-3771,7653,-8307,11253,840,-1919,108,40,-27,-26
2025-11-27T11:02:03.512046,21,22,17,18,23,20,20,19,-3775,7657,-8299,11255,845,-1911,101,43,-29,-25
2025-11-27T11:02:03.526956,20,23,19,17,21,20,19,18,-3777,7660,-8291,11258,846,-1900,102,42,-24,-29
2025-11-27T11:02:03.557096,20,21,20,15,21,18,18,18,-3777,7665,-8286,11258,857,-1887,89,22,-19,-24
2025-11-27T11:02:03.571920,21,19,20,15,30,19,20,19,-3777,7668,-8283,11258,856,-1891,89,13,-11,-17
2025-11-27T11:02:03.587271,20,19,22,16,38,20,18,17,-3775,7673,-8280,11258,870,-1886,70,16,-8,-17
2025-11-27T11:02:03.609873,19,17,21,16,40,20,19,17,-3774,7675,-8275,11261,882,-1896,90,31,-2,-14
2025-11-27T11:02:03.631913,19,17,20,17,42,20,21,20,-3774,7675,-8271,11264,868,-1901,94,31,4,-12
2025-11-27T11:02:03.647003,18,18,19,17,40,22,21,20,-3774,7674,-8266,11268,866,-1896,105,30,9,-11
2025-11-27T11:02:03.669677,17,19,19,22,44,21,19,19,-3774,7672,-8262,11272,855,-1889,120,24,10,-8
2025-11-27T11:02:03.692206,18,19,18,21,39,18,19,18,-3775,7672,-8262,11272,842,-1900,120,8,12,-7
2025-11-27T11:02:03.706978,16,20,17,21,38,18,18,19,-3775,7671,-8263,11272,845,-1899,111,6,10,-8
2025-11-27T11:02:03.729563,18,21,18,22,37,17,16,17,-3775,7671,-8263,11272,845,-1898,108,13,12,-8
2025-11-27T11:02:03.751923,18,21,18,22,37,16,17,17,-3775,7671,-8263,11272,842,-1888,113,3,11,-8
2025-11-27T11:02:03.766903,18,22,18,17,36,22,18,20,-3775,7671,-8263,11272,855,-1896,100,1,12,-7
2025-11-27T11:02:03.796708,17,21,18,18,35,22,17,21,-3775,7671,-8263,11272,857,-1881,107,8,14,-1
2025-11-27T11:02:03.811663,19,21,21,17,35,22,18,21,-3775,7671,-8263,11272,856,-1878,110,1,14,7
2025-11-27T11:02:03.827052,18,20,20,17,36,22,18,21,-3775,7671,-8263,11272,854,-1885,110,-11,15,8
2025-11-27T11:02:03.849587,20,18,20,17,36,23,18,21,-3773,7670,-8267,11270,852,-1896,102,-19,12,8
2025-11-27T11:02:03.872055,20,17,20,18,25,19,16,18,-3773,7668,-8271,11269,848,-1896,111,-21,12,11
2025-11-27T11:02:03.887311,20,19,20,18,22,20,18,16,-3772,7665,-8276,11267,847,-1895,108,-25,12,16
2025-11-27T11:02:03.909305,19,18,17,22,20,20,17,18,-3771,7663,-8282,11265,846,-1888,115,-30,11,21
2025-11-27T11:02:03.932063,19,17,19,22,19,22,16,17,-3771,7660,-8289,11262,854,-1902,109,-35,9,25
2025-11-27T11:02:03.954668,18,18,20,23,22,20,15,16,-3770,7658,-8294,11260,863,-1898,110,-31,12,23
2025-11-27T11:02:03.969207,19,19,21,22,22,20,16,16,-3768,7656,-8300,11258,862,-1890,105,-30,17,26
2025-11-27T11:02:03.992068,18,17,21,21,23,20,16,16,-3766,7653,-8309,11254,850,-1912,98,-41,17,26
2025-11-27T11:02:04.014539,17,17,20,19,22,21,14,14,-3766,7650,-8316,11250,848,-1913,97,-35,14,25
2025-11-27T11:02:04.029600,16,18,20,19,22,21,15,14,-3767,7646,-8323,11248,832,-1903,97,-24,11,26
2025-11-27T11:02:04.052100,16,18,20,18,18,20,16,14,-3766,7645,-8330,11243,834,-1891,85,-37,5,24
2025-11-27T11:02:04.074453,14,16,19,18,19,21,15,15,-3766,7644,-8338,11238,837,-1896,92,-39,0,25
2025-11-27T11:02:04.089535,17,18,19,18,19,20,15,16,-3768,7644,-8346,11231,833,-1904,90,-44,-9,30
2025-11-27T11:02:04.111905,19,17,19,17,18,19,17,18,-3770,7645,-8352,11226,846,-1913,94,-36,-15,29
2025-11-27T11:02:04.134598,21,18,17,15,18,19,16,19,-3772,7645,-8357,11221,853,-1916,85,-25,-14,31
2025-11-27T11:02:04.149513,22,20,18,16,19,19,17,20,-3775,7644,-8362,11217,845,-1909,106,-27,-11,28
2025-11-27T11:02:04.172080,23,22,17,16,19,19,17,22,-3777,7643,-8366,11214,839,-1906,103,-22,-8,26
2025-11-27T11:02:04.195015,22,22,16,16,19,19,18,21,-3779,7643,-8372,11210,830,-1910,94,-33,-11,25
2025-11-27T11:02:04.209722,22,22,17,18,19,19,16,21,-3779,7645,-8378,11203,843,-1943,83,-47,-19,14
2025-11-27T11:02:04.231989,21,20,18,18,16,20,17,21,-3780,7648,-8380,11199,842,-1951,83,-15,-17,-3
2025-11-27T11:02:04.254565,20,20,16,18,18,21,16,19,-3783,7648,-8377,11200,830,-1924,94,17,-15,-8
2025-11-27T11:02:04.269568,19,18,17,17,19,20,15,18,-3785,7651,-8375,11199,834,-1909,74,15,-18,-6
2025-11-27T11:02:04.292202,18,18,19,17,20,21,14,17,-3785,7651,-8375,11199,855,-1908,73,4,-13,-8
2025-11-27T11:02:04.314518,17,19,20,16,20,20,17,17,-3785,7651,-8375,11199,860,-1916,76,3,-4,-15
2025-11-27T11:02:04.328989,15,21,20,18,20,18,16,17,-3785,7651,-8375,11199,857,-1928,80,12,2,-14
2025-11-27T11:02:04.352061,15,18,22,19,18,18,16,17,-3782,7651,-8370,11203,853,-1915,71,29,17,-22
2025-11-27T11:02:04.374594,16,20,23,18,18,19,16,15,-3777,7650,-8366,11209,853,-1893,71,30,29,-25
2025-11-27T11:02:04.389995,15,19,23,18,19,20,16,17,-3772,7648,-8365,11213,844,-1896,71,15,36,-17
2025-11-27T11:02:04.411764,19,18,21,19,19,21,17,16,-3768,7645,-8366,11216,828,-1927,74,3,35,-18
2025-11-27T11:02:04.434514,19,19,21,18,19,22,20,16,-3766,7643,-8364,11219,809,-1946,78,24,22,-39
2025-11-27T11:02:04.449471,19,19,20,20,38,25,20,16,-3763,7643,-8349,11232,852,-1918,94,83,23,-70
2025-11-27T11:02:04.471989,19,19,20,21,39,25,22,19,-3759,7643,-8332,11246,865,-1882,99,96,23,-65
2025-11-27T11:02:04.494489,18,21,18,20,38,23,21,18,-3756,7642,-8315,11260,875,-1858,127,83,28,-49
2025-11-27T11:02:04.509526,16,21,19,20,39,23,20,19,-3752,7638,-8307,11270,872,-1864,128,42,35,-17
2025-11-27T11:02:04.531644,17,21,20,20,40,23,17,20,-3748,7633,-8308,11273,844,-1844,113,-4,37,2
2025-11-27T11:02:04.554545,16,21,20,18,22,17,17,19,-3743,7630,-8316,11271,825,-1891,117,-50,27,1
2025-11-27T11:02:04.569568,17,22,20,17,21,19,15,18,-3743,7627,-8323,11268,802,-1924,118,-42,5,1
2025-11-27T11:02:04.592161,20,22,20,19,21,20,15,17,-3749,7626,-8326,11264,779,-1940,110,-7,-19,-7
2025-11-27T11:02:04.614499,17,23,20,19,20,19,13,17,-3758,7627,-8324,11263,781,-1951,119,22,-42,-19
2025-11-27T11:02:04.629545,18,19,20,18,19,20,13,16,-3767,7631,-8315,11264,811,-1948,121,50,-53,-29
2025-11-27T11:02:04.652164,18,20,21,18,21,20,13,16,-3774,7636,-8303,11267,834,-1920,140,51,-55,-38
2025-11-27T11:02:04.674508,18,18,20,18,20,19,15,17,-3776,7645,-8292,11268,869,-1928,126,25,-55,-45
2025-11-27T11:02:04.689637,16,17,22,17,20,19,16,17,-3775,7656,-8280,11270,887,-1926,122,31,-53,-57
2025-11-27T11:02:04.712101,18,18,22,17,19,19,16,16,-3775,7666,-8266,11273,886,-1905,106,56,-48,-57
2025-11-27T11:02:04.734574,19,19,21,17,20,19,16,17,-3777,7677,-8253,11275,884,-1878,94,49,-53,-44
2025-11-27T11:02:04.749406,19,20,19,19,18,20,17,17,-3780,7686,-8243,11274,868,-1886,90,46,-55,-32
2025-11-27T11:02:04.771547,20,20,19,19,20,19,18,16,-3786,7694,-8232,11276,869,-1888,86,66,-53,-27
2025-11-27T11:02:04.794200,20,20,18,19,20,19,17,17,-3790,7702,-8219,11278,883,-1874,73,76,-42,-31
2025-11-27T11:02:04.809642,20,20,18,19,22,21,17,17,-3791,7709,-8208,11281,895,-1890,84,57,-27,-36
2025-11-27T11:02:04.831771,20,20,17,19,21,20,18,17,-3790,7713,-8198,11285,889,-1920,75,63,-7,-43
2025-11-27T11:02:04.854534,21,20,19,18,21,21,16,18,-3791,7713,-8185,11295,887,-1909,93,93,11,-45
2025-11-27T11:02:04.869561,19,21,19,17,20,21,16,19,-3791,7711,-8172,11305,867,-1860,90,99,26,-35
2025-11-27T11:02:04.892207,22,21,19,16,20,20,18,19,-3788,7707,-8164,11315,869,-1845,109,61,38,-26
2025-11-27T11:02:04.914583,23,19,19,16,16,18,19,18,-3783,7703,-8159,11323,889,-1875,109,45,49,-24
2025-11-27T11:02:04.937083,23,18,19,18,18,20,21,18,-3778,7696,-8152,11334,883,-1848,112,58,67,-19
2025-11-27T11:02:04.952080,20,16,18,17,19,20,22,18,-3770,7690,-8153,11341,875,-1849,103,22,74,-12
2025-11-27T11:02:04.974626,21,15,18,19,19,20,22,16,-3760,7682,-8157,11346,884,-1885,121,-14,79,-13
2025-11-27T11:02:04.997190,20,16,18,21,21,20,20,16,-3751,7673,-8160,11353,887,-1914,132,-2,81,-12
2025-11-27T11:02:05.011729,17,17,16,21,22,22,19,17,-3746,7661,-8158,11364,868,-1908,155,34,81,-14
2025-11-27T11:02:05.034730,19,19,18,19,20,20,20,19,-3743,7650,-8155,11375,856,-1885,166,35,70,-12
2025-11-27T11:02:05.057023,18,19,18,21,20,19,20,19,-3741,7640,-8152,11385,846,-1870,191,22,55,-15
2025-11-27T11:02:05.072086,19,20,16,20,21,17,20,19,-3740,7632,-8148,11393,841,-1858,197,21,35,-12
2025-11-27T11:02:05.095151,19,20,18,18,19,17,20,19,-3741,7632,-8147,11394,838,-1851,197,-3,12,5
2025-11-27T11:02:05.117065,20,21,21,19,20,15,20,19,-3743,7631,-8151,11391,864,-1895,186,-37,-15,16
2025-11-27T11:02:05.132013,19,21,20,19,20,15,18,19,-3748,7632,-8154,11386,873,-1938,181,-28,-34,17
2025-11-27T11:02:05.154593,20,21,20,18,20,17,17,18,-3755,7636,-8154,11382,875,-1942,166,-7,-51,9
2025-11-27T11:02:05.177099,20,20,21,19,17,17,17,18,-3762,7641,-8149,11380,872,-1905,166,20,-59,-4
2025-11-27T11:02:05.192115,19,21,20,18,19,20,17,19,-3769,7649,-8143,11376,864,-1886,140,21,-64,-12
2025-11-27T11:02:05.214426,18,21,20,17,18,21,18,21,-3773,7658,-8139,11371,867,-1876,125,9,-62,-14
2025-11-27T11:02:05.237189,17,20,20,18,19,21,18,20,-3774,7668,-8135,11366,882,-1857,124,1,-56,-17
2025-11-27T11:02:05.251855,17,20,21,18,19,21,19,19,-3775,7678,-8134,11361,893,-1857,122,-11,-52,-5
