timestamp,EMG_0,EMG_1,EMG_2,EMG_3,EMG_4,EMG_5,EMG_6,EMG_7,quat_0,quat_1,quat_2,quat_3,acc_0,acc_1,acc_2,gyro_0,gyro_1,gyro_2
2025-11-27T10:55:48.910420,18,20,22,23,23,19,17,18,-5226,9431,-8081,9320,701,-1979,-322,-6,-5,8
2025-11-27T10:55:48.922446,18,19,21,23,24,19,16,16,-5226,9431,-8082,9320,702,-1968,-319,-10,-9,5
2025-11-27T10:55:48.943292,17,20,22,21,24,23,16,16,-5226,9431,-8082,9320,709,-1961,-323,-9,-11,2
2025-11-27T10:55:48.965418,19,18,24,18,25,24,16,14,-5226,9431,-8082,9320,711,-1960,-330,-10,-12,2
2025-11-27T10:55:48.980974,18,19,22,20,20,25,16,16,-5227,9433,-8083,9316,709,-1962,-329,-12,-17,1
2025-11-27T10:55:49.003730,17,19,21,22,22,24,15,17,-5227,9433,-8084,9316,714,-1971,-335,-7,-15,-1
2025-11-27T10:55:49.026527,19,20,23,23,22,25,17,18,-5227,9434,-8084,9315,703,-1946,-337,12,-10,1
2025-11-27T10:55:49.040176,20,20,24,23,21,22,18,18,-5227,9434,-8084,9315,711,-1959,-314,2,-11,3
2025-11-27T10:55:49.062623,21,21,21,24,24,23,16,19,-5227,9434,-8084,9315,713,-1963,-326,-7,-3,4
2025-11-27T10:55:49.087216,21,19,21,22,24,23,15,17,-5227,9434,-8084,9315,714,-1973,-326,-8,-3,3
2025-11-27T10:55:49.101874,23,21,22,22,23,23,17,15,-5227,9433,-8084,9315,720,-1974,-312,9,3,7
2025-11-27T10:55:49.126353,21,21,20,21,24,21,18,15,-5227,9433,-8084,9315,712,-1964,-318,8,5,7
2025-11-27T10:55:49.147321,21,21,21,21,27,21,18,15,-5227,9433,-8084,9315,708,-1973,-323,6,5,6
2025-11-27T10:55:49.162236,20,21,22,20,23,21,18,13,-5227,9433,-8085,9314,710,-1971,-318,7,4,1
2025-11-27T10:55:49.185273,19,21,23,21,24,20,18,15,-5227,9433,-8085,9314,712,-1966,-317,8,6,1
2025-11-27T10:55:49.207716,18,22,25,22,25,21,17,18,-5227,9433,-8085,9315,718,-1959,-310,14,6,0
2025-11-27T10:55:49.222620,18,20,24,23,25,22,15,18,-5227,9433,-8085,9314,712,-1964,-326,13,6,3
2025-11-27T10:55:49.245033,18,20,24,23,21,20,14,17,-5228,9433,-8085,9314,703,-1962,-314,7,4,3
2025-11-27T10:55:49.267207,18,20,24,23,22,19,15,18,-5228,9433,-8085,9314,702,-1967,-311,3,2,5
2025-11-27T10:55:49.290247,18,19,23,23,22,19,16,17,-5228,9433,-8085,9314,705,-1971,-319,2,1,2
2025-11-27T10:55:49.305173,17,18,23,22,22,18,16,14,-5228,9432,-8086,9314,690,-1962,-319,3,0,4
2025-11-27T10:55:49.327669,19,17,22,23,22,18,16,16,-5229,9432,-8086,9314,694,-1959,-310,2,2,3
2025-11-27T10:55:49.350498,17,19,20,22,24,16,16,17,-5229,9432,-8086,9314,708,-1949,-322,-4,0,3
2025-11-27T10:55:49.365353,19,18,21,21,24,17,15,17,-5229,9432,-8086,9313,695,-1940,-333,-9,0,4
2025-11-27T10:55:49.387760,18,18,24,19,24,19,15,17,-5228,9432,-8090,9310,705,-1955,-319,-22,-1,12
2025-11-27T10:55:49.409971,21,18,22,18,25,17,18,16,-5227,9433,-8095,9306,717,-1952,-327,-29,-2,23
2025-11-27T10:55:49.427202,20,19,23,16,23,19,17,16,-5227,9432,-8102,9301,713,-1964,-329,-31,1,27
2025-11-27T10:55:49.455882,19,18,23,16,22,20,17,17,-5226,9431,-8108,9297,719,-1964,-331,-28,3,31
2025-11-27T10:55:49.470147,18,19,23,18,24,19,18,17,-5226,9430,-8116,9291,704,-1972,-334,-31,0,33
2025-11-27T10:55:49.485235,18,21,19,18,23,18,18,19,-5229,9427,-8119,9289,711,-1976,-315,-11,-1,31
2025-11-27T10:55:49.507301,16,20,19,19,23,20,17,20,-5232,9424,-8125,9286,692,-1984,-314,-18,3,29
2025-11-27T10:55:49.530054,17,19,21,20,23,19,17,19,-5235,9422,-8129,9283,688,-1985,-315,-17,-5,20
2025-11-27T10:55:49.545124,17,21,22,21,21,19,16,19,-5235,9422,-8129,9283,697,-1985,-315,-10,-10,14
2025-11-27T10:55:49.567664,18,21,21,20,19,18,16,19,-5238,9422,-8132,9278,672,-1963,-322,-16,-19,11
2025-11-27T10:55:49.590089,19,19,21,20,19,21,17,17,-5239,9425,-8135,9272,691,-1957,-340,-25,-23,8
2025-11-27T10:55:49.605229,19,19,21,20,18,21,18,18,-5241,9427,-8140,9265,678,-1975,-330,-32,-26,12
2025-11-27T10:55:49.628238,17,20,19,20,19,20,18,17,-5242,9431,-8143,9257,684,-1985,-342,-31,-29,7
2025-11-27T10:55:49.650383,17,18,21,20,24,21,19,17,-5243,9434,-8145,9252,702,-1970,-340,-21,-27,8
2025-11-27T10:55:49.665252,15,17,24,20,24,22,19,18,-5244,9437,-8148,9246,701,-1975,-347,-24,-23,9
2025-11-27T10:55:49.687457,14,17,23,20,26,19,18,17,-5244,9439,-8151,9242,697,-1956,-338,-23,-16,11
2025-11-27T10:55:49.710242,12,18,24,20,25,19,15,17,-5244,9441,-8154,9236,687,-1954,-340,-28,-16,12
2025-11-27T10:55:49.725200,15,18,23,21,25,21,17,18,-5243,9442,-8158,9232,707,-1963,-340,-27,-12,19
2025-11-27T10:55:49.747641,16,19,22,21,21,20,17,18,-5244,9443,-8162,9227,697,-1953,-340,-24,-12,24
2025-11-27T10:55:49.770205,17,20,19,20,22,20,15,19,-5244,9444,-8167,9222,705,-1967,-349,-29,-10,28
2025-11-27T10:55:49.785087,18,21,21,21,21,19,16,18,-5244,9444,-8174,9216,693,-1961,-347,-36,-6,30
2025-11-27T10:55:49.807705,19,20,21,19,22,21,17,18,-5244,9443,-8182,9209,679,-1965,-337,-48,-6,34
2025-11-27T10:55:49.830556,18,20,22,20,23,20,17,17,-5245,9443,-8190,9202,680,-1985,-348,-43,-11,36
2025-11-27T10:55:49.845043,19,20,24,20,36,25,17,17,-5248,9441,-8196,9196,684,-1994,-346,-27,-14,36
2025-11-27T10:55:49.867724,18,20,26,19,42,24,17,16,-5251,9441,-8201,9191,675,-1986,-334,-25,-17,24
2025-11-27T10:55:49.890173,19,17,24,21,42,25,19,16,-5252,9442,-8206,9185,673,-1993,-337,-43,-20,13
2025-11-27T10:55:49.905046,20,19,27,40,65,81,41,24,-5250,9447,-8211,9176,690,-1990,-354,-58,-26,11
2025-11-27T10:55:49.927462,23,24,37,63,114,83,43,26,-5234,9468,-8223,9153,730,-1940,-341,-203,-85,-6
2025-11-27T10:55:49.950050,25,26,86,130,158,88,48,28,-5197,9514,-8251,9101,727,-1928,-277,-487,-183,-34
2025-11-27T10:55:49.965207,26,29,127,156,175,103,68,28,-5158,9562,-8292,9036,784,-2056,-320,-577,-203,23
2025-11-27T10:55:49.987606,29,35,188,218,206,113,131,35,-5145,9581,-8331,8986,818,-2116,-379,-378,-142,162
2025-11-27T10:55:50.009984,34,41,221,246,324,287,319,47,-5146,9602,-8366,8932,920,-2026,-450,-302,-208,268
2025-11-27T10:55:50.025157,44,53,242,263,333,432,428,79,-5107,9644,-8404,8873,1268,-1830,-471,-467,-213,314
2025-11-27T10:55:50.047671,44,53,238,243,326,435,448,83,-5090,9662,-8475,8795,1370,-2117,-522,-531,-220,601
2025-11-27T10:55:50.070155,44,53,223,229,323,451,473,85,-5169,9617,-8555,8720,1302,-2612,-649,-128,-268,1006
2025-11-27T10:55:50.085265,47,60,191,176,340,497,466,87,-5335,9506,-8627,8670,1138,-2374,-452,316,-272,1372
2025-11-27T10:55:50.107630,49,84,199,166,384,433,380,87,-5538,9351,-8750,8588,662,-2302,-480,329,-186,1615
2025-11-27T10:55:50.130261,42,81,182,141,399,321,264,65,-5731,9201,-8900,8468,310,-2295,-508,97,-231,1702
2025-11-27T10:55:50.144774,48,138,223,143,420,381,262,67,-5938,9028,-9074,8326,89,-2491,-358,25,-229,1906
2025-11-27T10:55:50.167684,49,145,229,148,468,411,221,72,-6177,8802,-9241,8210,-172,-2408,-158,313,-113,2068
2025-11-27T10:55:50.190197,46,144,230,159,496,373,217,69,-6427,8545,-9400,8109,-463,-2175,-88,483,-24,2127
2025-11-27T10:55:50.212785,40,135,214,399,437,360,188,64,-6668,8273,-9547,8023,-798,-2160,-46,565,69,2044
2025-11-27T10:55:50.228131,40,147,221,506,416,337,175,58,-6927,7994,-9652,7961,-984,-2117,-23,832,8,1937
2025-11-27T10:55:50.249890,34,103,267,610,399,268,124,53,-7184,7706,-9697,7964,-1005,-1890,-49,1239,71,1644
2025-11-27T10:55:50.272719,33,94,267,652,340,182,104,45,-7429,7400,-9741,7974,-913,-1792,-42,1215,211,1374
2025-11-27T10:55:50.287716,61,102,268,709,283,147,88,47,-7624,7112,-9783,8001,-788,-1917,-57,1130,351,1237
2025-11-27T10:55:50.310232,67,105,268,675,226,125,81,51,-7797,6815,-9795,8079,-733,-1957,20,1348,484,1067
2025-11-27T10:55:50.332222,96,95,266,639,222,119,78,54,-7937,6516,-9782,8203,-705,-1881,-55,1570,615,832
2025-11-27T10:55:50.347393,173,95,181,626,209,102,86,70,-8033,6246,-9736,8373,-642,-1848,-74,1652,684,570
2025-11-27T10:55:50.369801,185,96,241,636,208,91,88,74,-8082,6031,-9686,8539,-516,-1969,-85,1463,654,231
2025-11-27T10:55:50.392366,185,89,394,617,199,82,82,71,-8109,5858,-9638,8688,-404,-2021,-60,1261,571,149
2025-11-27T10:55:50.406787,186,82,391,551,179,78,86,70,-8139,5726,-9597,8793,-359,-1910,-54,992,371,174
2025-11-27T10:55:50.430167,187,95,501,512,167,67,83,67,-8150,5658,-9562,8864,-234,-1717,-38,641,194,57
2025-11-27T10:55:50.452893,219,138,594,488,187,71,67,60,-8115,5645,-9537,8931,-107,-1896,-63,393,199,-146
2025-11-27T10:55:50.467683,215,144,615,442,189,76,68,59,-8089,5651,-9462,9030,-48,-2186,-81,640,34,-316
2025-11-27T10:55:50.490241,216,156,546,379,161,64,73,81,-8082,5640,-9331,9178,101,-2262,-68,1077,-21,-373
2025-11-27T10:55:50.512214,218,162,574,436,155,76,80,85,-8110,5601,-9213,9296,100,-1957,-30,1066,-67,-109
2025-11-27T10:55:50.527702,208,157,515,478,227,112,83,85,-8141,5572,-9155,9343,14,-1809,84,566,-69,124
2025-11-27T10:55:50.550353,104,117,478,436,221,128,81,77,-8132,5588,-9154,9343,-2,-1657,44,50,-19,68
2025-11-27T10:55:50.572507,90,114,439,450,215,125,74,75,-8100,5652,-9157,9328,46,-1859,35,-176,-118,-68
2025-11-27T10:55:50.587733,74,94,439,467,217,127,73,51,-8084,5703,-9117,9351,59,-2122,82,144,-170,-138
2025-11-27T10:55:50.610009,64,97,423,493,225,123,58,46,-8108,5703,-9034,9411,-93,-2026,141,590,-182,-141
2025-11-27T10:55:50.632608,64,120,582,507,149,98,57,52,-8141,5684,-8956,9468,-230,-1882,177,609,-154,-122
2025-11-27T10:55:50.647728,97,123,562,519,142,85,60,53,-8159,5678,-8906,9503,-233,-1923,249,373,-111,-95
2025-11-27T10:55:50.670140,137,136,553,501,150,87,59,56,-8164,5669,-8902,9508,-300,-2034,234,124,4,18
2025-11-27T10:55:50.692706,142,154,565,491,172,96,59,62,-8183,5647,-8911,9497,-452,-2007,303,60,-4,93
2025-11-27T10:55:50.707188,146,164,612,535,290,154,66,60,-8201,5623,-8908,9497,-406,-2044,366,108,8,72
2025-11-27T10:55:50.730236,146,146,563,642,324,161,63,66,-8207,5587,-8905,9517,-398,-1990,452,136,126,15
2025-11-27T10:55:50.752243,125,172,565,721,360,161,60,67,-8211,5552,-8903,9535,-392,-1994,511,88,134,20
2025-11-27T10:55:50.767235,87,161,570,731,382,175,60,65,-8205,5513,-8923,9545,-362,-1944,559,-43,226,78
2025-11-27T10:55:50.790777,81,205,583,798,412,241,72,58,-8176,5480,-8973,9542,-355,-1951,539,-233,346,86
2025-11-27T10:55:50.812774,73,204,564,749,382,236,73,59,-8125,5466,-9044,9527,-329,-1897,542,-449,387,46
2025-11-27T10:55:50.827652,70,204,442,664,374,237,75,53,-8049,5474,-9118,9515,-283,-2001,419,-493,403,-82
2025-11-27T10:55:50.850185,72,192,476,642,355,294,83,56,-7982,5474,-9167,9525,-236,-2172,404,-291,378,-91
2025-11-27T10:55:50.872668,75,271,480,645,373,352,102,64,-7939,5458,-9192,9546,-197,-1990,363,-88,309,-37
2025-11-27T10:55:50.887706,73,239,476,599,356,343,103,75,-7886,5470,-9222,9554,-130,-1828,332,-236,241,-92
2025-11-27T10:55:50.909763,73,231,422,576,325,337,104,81,-7807,5516,-9271,9545,-48,-1768,224,-450,226,-172
2025-11-27T10:55:50.932687,76,241,414,516,378,347,103,85,-7721,5571,-9320,9535,-39,-1993,199,-476,221,-200
2025-11-27T10:55:50.947694,69,289,309,508,560,332,99,82,-7643,5598,-9358,9545,-117,-2021,132,-259,282,-213
2025-11-27T10:55:50.969930,60,230,302,542,609,284,86,82,-7553,5614,-9383,9583,-118,-1890,74,-101,370,-324
2025-11-27T10:55:50.992818,65,266,292,514,640,270,83,75,-7455,5653,-9427,9593,-190,-1959,68,-330,310,-365
2025-11-27T10:55:51.007157,86,346,311,504,660,291,84,71,-7376,5688,-9503,9559,-215,-2243,51,-521,260,-111
2025-11-27T10:55:51.031074,310,552,362,703,722,278,93,71,-7329,5729,-9537,9537,-114,-2133,69,-321,60,-91
2025-11-27T10:55:51.053023,411,787,585,680,614,242,199,174,-7274,5780,-9609,9475,-120,-1812,-78,-569,68,-6
2025-11-27T10:55:51.067679,523,953,779,767,561,226,235,204,-7229,5842,-9722,9356,-433,-2260,-143,-869,-29,78
2025-11-27T10:55:51.090180,586,991,797,848,532,266,251,229,-7246,5864,-9771,9278,-528,-2532,-126,-321,-185,153
2025-11-27T10:55:51.112888,587,989,800,952,550,252,255,230,-7337,5878,-9773,9194,-589,-2124,-202,9,-535,286
2025-11-27T10:55:51.135210,512,892,780,828,416,248,251,231,-7433,5911,-9765,9105,-579,-1809,-134,-60,-643,227
2025-11-27T10:55:51.150185,439,678,634,778,475,260,178,171,-7514,5977,-9761,8999,-543,-1897,-2,-317,-704,147
2025-11-27T10:55:51.172889,313,410,361,653,478,263,127,189,-7594,6048,-9748,8897,-558,-1875,85,-347,-726,98
2025-11-27T10:55:51.195182,166,269,256,586,461,222,89,169,-7663,6125,-9717,8819,-623,-1946,229,-331,-694,-89
2025-11-27T10:55:51.209912,156,161,221,428,410,196,67,172,-7699,6203,-9709,8743,-492,-2064,234,-471,-520,-61
2025-11-27T10:55:51.232153,134,137,201,483,403,213,71,175,-7726,6285,-9708,8660,-534,-2085,148,-502,-503,-91
2025-11-27T10:55:51.255358,123,106,201,690,292,215,85,173,-7778,6363,-9669,8600,-565,-1994,138,-254,-620,-170
2025-11-27T10:55:51.269727,77,80,187,740,293,204,100,111,-7805,6470,-9650,8517,-422,-1877,49,-475,-633,-171
2025-11-27T10:55:51.292712,73,68,171,724,299,170,107,99,-7842,6569,-9617,8444,-492,-2118,93,-389,-651,-194
2025-11-27T10:55:51.315179,61,65,174,843,302,166,116,93,-7890,6643,-9555,8412,-420,-2137,134,-102,-596,-214
2025-11-27T10:55:51.329750,58,65,238,858,352,207,121,81,-7941,6688,-9484,8408,-404,-2044,164,92,-480,-213
2025-11-27T10:55:51.352704,92,160,271,727,362,195,115,86,-7989,6732,-9421,8399,-415,-1969,149,60,-464,-198
2025-11-27T10:55:51.375224,94,181,292,692,332,201,106,94,-8018,6799,-9371,8373,-363,-1973,80,-100,-478,-231
2025-11-27T10:55:51.398359,171,197,305,671,320,200,105,104,-8029,6875,-9317,8361,-235,-1992,136,-139,-417,-287
2025-11-27T10:55:51.412709,177,301,344,564,315,221,103,106,-8027,6939,-9257,8376,-159,-2110,145,-39,-299,-343
2025-11-27T10:55:51.435713,190,329,332,583,280,192,99,104,-8035,6980,-9191,8408,-175,-2196,166,114,-238,-308
2025-11-27T10:55:51.450212,181,308,322,583,224,183,102,104,-8041,7003,-9127,8451,-169,-2063,159,199,-151,-298
2025-11-27T10:55:51.472892,191,325,310,558,212,175,101,102,-8036,7035,-9084,8477,-180,-1981,110,62,-128,-279
2025-11-27T10:55:51.503359,151,329,335,624,202,181,105,104,-8028,7074,-9058,8479,-218,-2113,59,-61,-152,-224
2025-11-27T10:55:51.510446,161,264,290,575,189,218,99,99,-8032,7103,-9027,8485,-234,-2309,48,35,-167,-179
2025-11-27T10:55:51.532207,157,231,285,500,143,204,95,100,-8058,7104,-8977,8512,-170,-2186,69,280,-156,-110
2025-11-27T10:55:51.555201,190,217,258,535,149,201,95,100,-8082,7099,-8934,8539,-152,-1991,75,266,-111,-85
2025-11-27T10:55:51.570551,205,181,389,626,163,198,86,88,-8093,7106,-8911,8546,-212,-2069,60,100,-100,-79
2025-11-27T10:55:51.592717,206,173,389,541,157,196,94,86,-8108,7108,-8898,8545,-202,-2183,70,66,-92,-6
2025-11-27T10:55:51.615361,200,132,396,521,128,124,95,89,-8133,7104,-8866,8557,-202,-2174,46,224,-127,-36
2025-11-27T10:55:51.630536,195,127,379,502,155,112,100,90,-8172,7090,-8827,8571,-121,-2129,55,314,-149,58
2025-11-27T10:55:51.652676,156,119,412,476,186,138,91,83,-8219,7079,-8751,8613,-33,-2077,136,478,-216,-60
2025-11-27T10:55:51.675351,131,237,323,356,245,149,90,81,-8261,7082,-8697,8625,-59,-2019,96,305,-255,8
2025-11-27T10:55:51.689956,145,336,325,367,244,146,67,70,-8304,7095,-8659,8611,-195,-1952,121,141,-311,17
2025-11-27T10:55:51.712655,143,369,328,434,256,137,59,66,-8339,7113,-8607,8615,-143,-2104,203,170,-292,-73
2025-11-27T10:55:51.735166,143,376,350,454,241,132,54,60,-8376,7120,-8558,8622,-110,-2075,189,218,-248,-30
2025-11-27T10:55:51.749707,143,381,315,396,211,102,54,61,-8414,7118,-8515,8630,-214,-2020,166,251,-212,-40
2025-11-27T10:55:51.772680,133,319,367,416,123,86,53,64,-8458,7123,-8466,8631,-271,-2010,178,237,-285,-70
2025-11-27T10:55:51.795172,95,200,348,407,133,79,49,50,-8497,7139,-8400,8644,-90,-2115,243,256,-316,-97
2025-11-27T10:55:51.810134,88,152,390,316,129,96,47,45,-8539,7135,-8326,8677,-13,-2114,318,374,-235,-66
2025-11-27T10:55:51.832717,78,132,375,336,153,93,40,43,-8586,7116,-8271,8699,-125,-2001,309,352,-177,0
2025-11-27T10:55:51.855158,83,119,369,324,193,99,39,42,-8632,7104,-8221,8711,-241,-1967,281,308,-223,-44
2025-11-27T10:55:51.870200,81,111,296,280,195,102,40,35,-8655,7132,-8159,8723,-32,-2056,264,189,-290,-145
2025-11-27T10:55:51.892223,65,134,297,281,188,99,77,64,-8678,7149,-8091,8750,0,-2084,277,277,-242,-157
2025-11-27T10:55:51.915094,66,232,272,375,201,83,84,126,-8714,7144,-8032,8772,-65,-2054,331,320,-201,-64
2025-11-27T10:55:51.930153,72,290,292,361,187,78,86,137,-8760,7119,-7975,8799,-185,-1926,370,388,-161,-53
2025-11-27T10:55:51.952652,70,296,287,368,154,59,85,144,-8784,7112,-7917,8833,-60,-1946,419,286,-130,-135
2025-11-27T10:55:51.975269,68,302,282,362,147,52,172,169,-8800,7096,-7849,8890,-12,-2057,491,364,-51,-197
2025-11-27T10:55:51.990165,71,292,274,413,158,57,172,183,-8825,7056,-7782,8957,4,-2039,551,468,30,-136
2025-11-27T10:55:52.012725,66,229,231,327,128,56,175,155,-8856,6997,-7719,9026,-54,-2094,602,522,78,-91
2025-11-27T10:55:52.035060,60,159,216,278,118,53,204,172,-8900,6917,-7648,9104,-114,-2078,658,654,105,-78
2025-11-27T10:55:52.050133,56,154,238,319,104,54,212,187,-8946,6832,-7568,9190,-141,-2030,678,726,100,-117
2025-11-27T10:55:52.072709,62,202,246,328,130,66,155,173,-8988,6752,-7494,9268,-134,-2098,706,676,96,-108
2025-11-27T10:55:52.094774,64,250,276,276,191,87,171,198,-9030,6659,-7414,9359,-169,-2132,718,798,141,-140
2025-11-27T10:55:52.117671,62,233,274,266,208,94,218,245,-9075,6564,-7330,9448,-216,-1940,683,823,112,-160
2025-11-27T10:55:52.132720,56,228,255,270,210,95,199,238,-9106,6504,-7277,9501,-235,-1980,641,539,47,-123
2025-11-27T10:55:52.155273,56,224,284,286,253,104,193,223,-9130,6454,-7217,9558,-91,-2135,637,562,37,-118
2025-11-27T10:55:52.177675,60,214,335,288,266,101,239,229,-9169,6373,-7134,9636,-106,-1975,616,827,74,-124
2025-11-27T10:55:52.192568,67,276,342,343,241,91,312,243,-9206,6306,-7058,9701,-140,-1833,576,732,15,-126
2025-11-27T10:55:52.215343,67,291,351,419,230,89,290,206,-9235,6254,-6994,9753,-104,-1927,595,620,3,-110
2025-11-27T10:55:52.237693,65,292,355,425,248,93,288,199,-9258,6213,-6923,9809,-44,-1884,562,630,-24,-150
2025-11-27T10:55:52.252351,70,292,326,383,205,85,321,226,-9276,6183,-6851,9860,-34,-1826,581,563,-65,-182
2025-11-27T10:55:52.275217,64,273,277,435,235,100,302,228,-9297,6151,-6770,9916,-10,-1844,700,575,-74,-191
2025-11-27T10:55:52.297691,83,297,279,394,214,94,237,197,-9326,6104,-6702,9964,-52,-1872,732,579,-31,-106
2025-11-27T10:55:52.313603,85,291,265,317,210,92,228,183,-9365,6067,-6641,9991,-107,-1915,768,498,-116,-36
2025-11-27T10:55:52.335131,85,291,263,306,190,88,233,182,-9412,6009,-6589,10016,-87,-1855,756,549,-43,76
2025-11-27T10:55:52.357642,81,292,256,300,211,105,194,149,-9452,5962,-6565,10022,-190,-1861,607,448,-29,98
2025-11-27T10:55:52.372678,85,284,231,307,155,105,191,169,-9478,5942,-6547,10022,-144,-1931,707,268,-72,42
2025-11-27T10:55:52.395299,58,122,326,386,161,108,160,149,-9501,5925,-6497,10043,173,-1891,750,388,-68,51
2025-11-27T10:55:52.417323,67,106,385,389,159,110,161,161,-9535,5891,-6444,10065,118,-1834,772,464,-49,87
2025-11-27T10:55:52.432953,85,153,393,403,157,112,160,161,-9575,5879,-6385,10071,55,-1739,723,394,-207,66
2025-11-27T10:55:52.455122,92,278,415,422,136,103,156,158,-9613,5886,-6314,10075,6,-1757,615,434,-330,-26
2025-11-27T10:55:52.477656,90,295,426,392,124,86,134,119,-9627,5936,-6236,10082,150,-1696,594,271,-407,-167
2025-11-27T10:55:52.492637,87,292,318,300,118,86,125,100,-9632,6000,-6153,10090,269,-1751,563,258,-423,-187
2025-11-27T10:55:52.515170,81,303,272,295,117,84,138,91,-9645,6061,-6078,10087,216,-1733,562,230,-446,-139
2025-11-27T10:55:52.537198,71,316,303,303,121,87,181,100,-9658,6116,-6008,10083,249,-1657,631,182,-402,-104
2025-11-27T10:55:52.550273,64,215,288,284,109,78,178,104,-9664,6187,-5968,10058,194,-1595,593,-34,-403,-62
2025-11-27T10:55:52.574656,73,200,313,243,99,73,182,113,-9677,6272,-5966,9992,-12,-1733,607,-261,-482,44
2025-11-27T10:55:52.597174,100,206,327,256,84,60,196,186,-9695,6344,-5942,9944,135,-1781,743,-156,-449,50
2025-11-27T10:55:52.612390,135,223,369,317,92,58,190,238,-9728,6375,-5921,9905,107,-1719,848,-48,-322,145
2025-11-27T10:55:52.635038,152,181,365,314,103,47,203,261,-9731,6405,-5912,9888,382,-1863,1044,-167,-104,132
2025-11-27T10:55:52.657357,160,185,423,321,108,48,242,290,-9781,6350,-5920,9869,17,-1823,1155,95,47,330
2025-11-27T10:55:52.672527,160,323,412,348,108,54,247,296,-9837,6274,-5919,9863,-115,-1767,1250,183,80,283
2025-11-27T10:55:52.695109,167,336,530,367,120,89,251,309,-9860,6208,-5913,9885,-67,-1796,1216,183,171,66
2025-11-27T10:55:52.717593,149,317,558,378,116,89,273,287,-9881,6171,-5924,9880,-174,-1838,1114,38,56,81
2025-11-27T10:55:52.732601,134,311,542,448,112,91,239,269,-9905,6157,-5921,9867,-77,-1976,1111,34,-72,91
2025-11-27T10:55:52.755126,124,321,507,505,118,92,211,245,-9962,6109,-5891,9857,-18,-2026,1189,295,-86,235
2025-11-27T10:55:52.777621,119,212,574,523,134,94,203,242,-10034,5985,-5841,9891,-4,-1887,1303,679,168,270
2025-11-27T10:55:52.792644,92,213,474,524,139,90,253,206,-10095,5846,-5820,9923,-231,-1657,1256,584,283,225
2025-11-27T10:55:52.815341,81,207,384,550,169,98,272,207,-10129,5756,-5830,9935,-241,-1687,1168,273,237,171
2025-11-27T10:55:52.837505,76,210,438,541,203,116,284,234,-10154,5701,-5830,9942,-93,-1799,1135,212,136,144
2025-11-27T10:55:52.852654,73,195,439,482,199,118,298,250,-10195,5638,-5799,9954,-73,-1933,1195,410,43,152
2025-11-27T10:55:52.874907,69,164,338,454,191,118,297,250,-10271,5521,-5742,9975,-217,-1699,1175,731,45,234
2025-11-27T10:55:52.901655,60,160,323,454,236,144,245,230,-10347,5384,-5690,10001,-388,-1610,1222,765,93,187
2025-11-27T10:55:52.910804,54,169,325,399,222,149,203,215,-10406,5258,-5661,10023,-491,-1607,1231,624,136,133
2025-11-27T10:55:52.932188,48,163,243,353,194,140,215,183,-10451,5146,-5649,10042,-502,-1600,1202,511,169,100
2025-11-27T10:55:52.954696,50,162,223,444,332,151,201,161,-10490,5045,-5642,10055,-551,-1701,1223,462,139,79
2025-11-27T10:55:52.970044,49,143,196,434,364,185,210,149,-10532,4969,-5638,10052,-571,-1877,1182,424,22,108
2025-11-27T10:55:52.993016,49,117,177,468,381,177,243,152,-10572,4919,-5634,10037,-536,-1680,1021,313,-70,116
2025-11-27T10:55:53.017335,50,124,269,484,410,201,350,191,-10591,4924,-5627,10018,-478,-1681,934,130,-225,-30
2025-11-27T10:55:53.041310,48,121,272,542,536,239,345,194,-10595,4951,-5609,10010,-215,-1651,904,77,-214,-69
2025-11-27T10:55:53.055084,50,124,274,544,505,258,340,190,-10577,5008,-5607,10002,10,-1756,934,-104,-142,-73
2025-11-27T10:55:53.077592,52,149,290,574,501,261,354,210,-10540,5092,-5597,10004,217,-1813,803,-118,-155,-157
2025-11-27T10:55:53.102545,53,144,309,568,487,261,334,199,-10494,5186,-5553,10029,572,-1855,740,28,-150,-196
2025-11-27T10:55:53.115169,55,178,229,535,479,239,206,149,-10464,5251,-5475,10069,947,-1757,764,261,-68,-48
2025-11-27T10:55:53.137206,64,247,255,454,354,200,170,133,-10451,5293,-5396,10104,1159,-1468,689,316,33,145
2025-11-27T10:55:53.160852,71,258,309,378,298,165,156,125,-10404,5360,-5361,10135,1289,-1316,599,-2,195,126
2025-11-27T10:55:53.175170,77,247,418,347,275,128,102,86,-10322,5458,-5384,10155,1334,-1276,508,-376,338,108
2025-11-27T10:55:53.205890,91,294,451,398,243,97,80,77,-10235,5578,-5435,10150,1159,-1183,481,-640,265,111
2025-11-27T10:55:53.220876,103,288,586,404,204,99,76,69,-10132,5724,-5549,10111,950,-1334,457,-1004,284,154
2025-11-27T10:55:53.235551,103,236,614,412,174,140,118,65,-10008,5897,-5745,10025,745,-1514,311,-1418,352,266
2025-11-27T10:55:53.257634,104,309,625,459,255,160,135,60,-9853,6085,-5980,9928,627,-1850,166,-1565,429,193
2025-11-27T10:55:53.280905,108,315,723,584,264,174,137,60,-9741,6222,-6210,9812,395,-1997,200,-1624,320,256
2025-11-27T10:55:53.295132,98,274,800,517,260,180,143,61,-9639,6398,-6421,9662,206,-1921,151,-1492,58,335
2025-11-27T10:55:53.317452,89,304,751,586,304,197,143,63,-9552,6580,-6595,9508,-38,-1935,72,-1363,-183,187
2025-11-27T10:55:53.341866,91,344,752,714,320,198,121,76,-9458,6752,-6784,9347,-214,-1783,134,-1510,-129,151
2025-11-27T10:55:53.355140,86,287,801,713,279,191,102,73,-9326,6932,-6978,9205,-447,-1706,229,-1802,12,14
2025-11-27T10:55:53.377730,78,284,712,619,280,207,98,71,-9183,7118,-7163,9063,-632,-1907,332,-1833,-13,-81
2025-11-27T10:55:53.400860,89,294,679,705,299,206,93,75,-9048,7302,-7319,8926,-984,-2101,462,-1729,-111,-191
2025-11-27T10:55:53.415244,82,243,672,698,286,209,95,66,-8915,7487,-7464,8786,-976,-2116,629,-1732,-159,-202
2025-11-27T10:55:53.437702,80,187,661,618,337,206,88,56,-8773,7655,-7598,8669,-837,-2193,809,-1642,-51,-265
2025-11-27T10:55:53.460997,77,176,578,660,346,204,84,53,-8616,7804,-7746,8562,-628,-2178,740,-1647,121,-227
2025-11-27T10:55:53.475232,86,312,541,688,339,182,98,59,-8508,7898,-7878,8462,-674,-2257,771,-1548,101,-291
2025-11-27T10:55:53.497658,74,331,477,666,378,205,106,64,-8427,7954,-7984,8391,-605,-2473,905,-1307,150,-217
2025-11-27T10:55:53.520915,78,333,425,635,373,184,101,67,-8379,7990,-8055,8336,-544,-2463,853,-1003,71,-178
2025-11-27T10:55:53.535103,70,332,436,663,329,159,99,65,-8341,8013,-8107,8303,-396,-2402,858,-845,92,-145
2025-11-27T10:55:53.557648,83,322,414,618,306,152,99,68,-8310,8032,-8158,8265,-388,-2311,708,-750,71,-93
2025-11-27T10:55:53.580892,95,234,447,622,326,142,80,67,-8282,8062,-8185,8238,-419,-2443,562,-602,-6,-230
2025-11-27T10:55:53.595270,98,204,487,572,273,102,67,63,-8277,8067,-8217,8205,-289,-2430,502,-471,-1,9
2025-11-27T10:55:53.617373,94,206,508,583,266,108,71,61,-8299,8058,-8224,8185,-298,-2371,361,-173,-73,21
2025-11-27T10:55:53.638854,97,202,560,594,297,117,64,61,-8325,8044,-8213,8184,-143,-2277,325,-23,-63,31
2025-11-27T10:55:53.653596,86,203,561,574,303,128,63,67,-8368,8026,-8207,8163,-231,-2186,306,-22,-148,118
2025-11-27T10:55:53.677627,59,149,532,566,274,123,57,61,-8427,8031,-8177,8127,-236,-2246,220,38,-363,71
2025-11-27T10:55:53.702526,52,120,480,559,263,120,56,62,-8500,8034,-8127,8099,-192,-2252,204,172,-430,68
2025-11-27T10:55:53.723310,50,95,462,525,242,113,49,61,-8586,8020,-8059,8090,-65,-2254,243,351,-422,124
2025-11-27T10:55:53.737217,51,107,383,403,172,150,59,60,-8687,7981,-7979,8100,-63,-2167,357,503,-373,140
2025-11-27T10:55:53.760842,53,101,371,384,165,164,66,52,-8790,7937,-7899,8111,-57,-2082,480,475,-358,163
2025-11-27T10:55:53.775178,51,94,347,319,161,166,78,71,-8882,7887,-7804,8150,5,-2175,577,547,-275,63
2025-11-27T10:55:53.797648,49,100,325,357,193,166,78,107,-8972,7828,-7693,8215,62,-2360,623,697,-226,-5
2025-11-27T10:55:53.820839,53,128,401,403,200,165,81,109,-9090,7727,-7566,8298,7,-2394,699,981,-183,48
2025-11-27T10:55:53.835200,46,109,364,387,184,123,87,130,-9225,7597,-7423,8398,-24,-2201,752,1211,-148,64
2025-11-27T10:55:53.857633,39,105,367,399,164,89,89,132,-9349,7466,-7299,8486,-75,-2211,785,1118,-92,87
2025-11-27T10:55:53.880825,40,116,335,408,266,122,99,137,-9467,7323,-7197,8566,-129,-2381,806,1094,-2,168
2025-11-27T10:55:53.894940,39,122,315,338,305,138,98,109,-9588,7153,-7083,8670,-140,-2345,786,1341,91,132
2025-11-27T10:55:53.917410,33,106,224,257,329,145,97,111,-9708,6955,-6958,8798,-184,-2093,762,1602,200,95
2025-11-27T10:55:53.941263,32,108,214,254,330,153,89,105,-9818,6758,-6839,8922,-312,-2084,703,1553,195,0
2025-11-27T10:55:53.955261,33,109,198,209,369,164,83,101,-9928,6565,-6719,9035,-413,-2105,713,1560,136,-19
2025-11-27T10:55:53.976706,35,104,257,146,349,159,61,80,-10038,6356,-6570,9171,-453,-2113,740,1738,179,-19
2025-11-27T10:55:54.000471,35,85,321,169,323,166,72,78,-10149,6117,-6435,9307,-470,-1960,759,1806,313,85
2025-11-27T10:55:54.023353,33,71,297,255,306,202,92,75,-10248,5889,-6300,9435,-553,-1618,712,1720,278,36
2025-11-27T10:55:54.037610,43,91,300,312,379,263,98,42,-10300,5719,-6227,9533,-587,-1801,619,1308,253,-175
2025-11-27T10:55:54.060579,51,100,315,314,419,324,107,46,-10334,5546,-6121,9665,-419,-1876,768,1439,296,-317
2025-11-27T10:55:54.083379,50,93,275,335,419,326,106,46,-10377,5344,-5981,9819,-475,-1712,600,1631,348,-282
2025-11-27T10:55:54.097148,51,94,186,375,487,340,106,50,-10404,5193,-5860,9945,-600,-1599,518,1483,94,-490
2025-11-27T10:55:54.120861,52,94,172,465,590,347,100,51,-10390,5122,-5741,10064,-217,-1373,663,988,14,-591
2025-11-27T10:55:54.143350,80,80,190,513,617,329,158,234,-10332,5156,-5669,10147,-169,-1500,459,442,-158,-725
2025-11-27T10:55:54.157588,82,74,170,559,590,269,157,253,-10278,5215,-5559,10232,176,-1809,598,538,-276,-687
2025-11-27T10:55:54.180849,84,74,165,599,580,288,162,265,-10253,5241,-5413,10321,293,-1843,590,856,-304,-564
2025-11-27T10:55:54.203285,92,69,172,662,510,324,165,269,-10236,5271,-5295,10384,431,-1732,563,700,-244,-357
2025-11-27T10:55:54.217290,93,69,208,609,399,308,162,270,-10219,5296,-5200,10437,750,-1663,546,612,-57,-141
2025-11-27T10:55:54.240609,72,56,215,567,405,286,106,180,-10214,5303,-5147,10464,954,-1596,601,455,149,184
2025-11-27T10:55:54.263298,137,54,251,601,416,282,94,295,-10218,5298,-5145,10463,953,-1452,613,231,301,420
2025-11-27T10:55:54.277601,158,70,302,565,431,254,97,310,-10224,5297,-5177,10442,991,-1315,606,17,382,578
2025-11-27T10:55:54.302004,167,182,314,463,438,161,85,314,-10215,5294,-5262,10410,848,-1179,597,-253,532,607
2025-11-27T10:55:54.323160,186,226,469,445,423,130,80,325,-10157,5331,-5399,10378,682,-1231,629,-674,610,387
2025-11-27T10:55:54.337063,197,376,477,449,316,116,73,319,-10055,5416,-5572,10342,619,-1410,602,-1012,609,198
2025-11-27T10:55:54.360620,262,649,606,463,274,121,83,209,-9937,5526,-5751,10300,566,-1529,500,-1100,540,111
2025-11-27T10:55:54.383349,316,813,721,518,260,145,95,182,-9795,5659,-5945,10253,538,-1575,324,-1218,528,19
2025-11-27T10:55:54.406621,325,837,800,809,300,160,99,194,-9623,5844,-6163,10183,457,-1622,70,-1479,415,-107
2025-11-27T10:55:54.420292,344,934,843,975,384,207,111,360,-9453,6009,-6379,10113,383,-1716,39,-1688,377,-231
2025-11-27T10:55:54.443436,396,986,949,1094,467,241,201,419,-9267,6177,-6627,10024,231,-1976,-57,-1866,452,-185
2025-11-27T10:55:54.457146,340,841,974,1104,484,242,209,437,-9085,6300,-6896,9933,215,-2077,155,-1576,696,63
2025-11-27T10:55:54.480817,282,711,889,1216,545,391,259,439,-8927,6334,-7143,9879,-237,-2139,241,-1164,862,-33
2025-11-27T10:55:54.503287,267,679,915,1111,539,397,260,446,-8719,6432,-7397,9815,-358,-1753,488,-1758,800,-240
2025-11-27T10:55:54.517945,258,582,944,1007,492,383,264,340,-8479,6559,-7705,9703,-810,-1526,475,-2237,823,-220
2025-11-27T10:55:54.540785,174,451,899,952,471,368,217,256,-8230,6716,-8022,9552,-1131,-2335,389,-2456,684,-237
2025-11-27T10:55:54.563323,194,482,858,932,465,370,212,335,-8019,6839,-8246,9453,-986,-2835,584,-1853,558,-361
2025-11-27T10:55:54.577537,197,457,858,822,414,274,147,338,-7900,6849,-8371,9436,-721,-2502,647,-939,555,-453
2025-11-27T10:55:54.600096,226,535,862,782,417,276,151,321,-7814,6864,-8504,9378,-1094,-2014,546,-1020,352,-432
2025-11-27T10:55:54.623298,236,510,762,782,427,279,207,351,-7690,6937,-8664,9280,-1015,-2185,415,-1413,275,-507
2025-11-27T10:55:54.637922,226,463,702,720,379,282,203,357,-7609,6982,-8737,9243,-771,-2596,763,-977,176,-528
2025-11-27T10:55:54.659683,212,420,653,702,412,330,203,253,-7588,6996,-8773,9217,-687,-2484,825,-648,28,-314
2025-11-27T10:55:54.683346,211,418,716,668,378,266,204,260,-7582,7028,-8812,9160,-661,-2128,749,-739,-128,-216
2025-11-27T10:55:54.697586,183,319,633,646,358,259,209,256,-7567,7078,-8849,9098,-486,-2266,655,-778,-173,-194
2025-11-27T10:55:54.720198,136,267,597,699,343,260,176,198,-7563,7137,-8877,9028,-412,-2505,502,-692,-274,-143
2025-11-27T10:55:54.743301,127,259,586,678,321,249,178,285,-7589,7178,-8856,8994,-253,-2451,440,-282,-341,-122
2025-11-27T10:55:54.757624,113,246,539,653,266,180,172,284,-7619,7207,-8815,8986,-86,-2264,388,-66,-304,-98
2025-11-27T10:55:54.780086,100,215,464,687,305,190,163,270,-7658,7227,-8775,8976,-133,-2179,397,-40,-307,-68
2025-11-27T10:55:54.803334,88,145,446,687,289,179,158,266,-7684,7265,-8730,8967,-42,-2098,262,-25,-334,-127
2025-11-27T10:55:54.817043,65,104,468,576,277,157,115,249,-7696,7309,-8684,8965,-27,-2112,216,-23,-297,-208
2025-11-27T10:55:54.840434,67,109,453,564,270,163,107,146,-7724,7343,-8655,8941,-174,-2195,200,-65,-328,-112
2025-11-27T10:55:54.863306,84,303,491,560,266,153,117,143,-7773,7364,-8601,8933,-137,-2261,217,146,-370,-90
2025-11-27T10:55:54.877553,93,323,466,575,257,129,116,133,-7841,7378,-8537,8923,-129,-2218,174,266,-441,-29
2025-11-27T10:55:54.901259,92,321,468,620,269,121,105,149,-7929,7382,-8475,8903,-226,-2223,188,310,-492,41
2025-11-27T10:55:54.923172,92,324,399,605,299,133,106,156,-8024,7383,-8385,8902,-40,-2011,306,414,-526,48
2025-11-27T10:55:54.943784,85,320,397,606,302,127,110,127,-8112,7381,-8310,8894,-104,-2055,364,327,-470,64
2025-11-27T10:55:54.958811,79,165,506,603,283,121,99,120,-8187,7374,-8238,8898,-21,-2260,512,266,-384,61
2025-11-27T10:55:54.983339,69,126,503,463,228,115,93,118,-8300,7311,-8144,8931,-61,-2350,710,587,-300,178
2025-11-27T10:55:55.005786,66,121,456,340,220,121,111,130,-8450,7204,-8040,8972,-221,-2227,806,826,-291,288
2025-11-27T10:55:55.020210,62,113,446,313,159,95,118,123,-8598,7094,-7936,9012,-236,-2296,927,808,-272,293
2025-11-27T10:55:55.043110,62,119,443,292,163,278,113,124,-8756,6948,-7819,9075,-216,-2423,1053,1016,-173,346
2025-11-27T10:55:55.066132,42,91,233,318,196,296,115,127,-8933,6747,-7705,9152,-423,-2325,978,1337,-28,427
2025-11-27T10:55:55.080161,39,90,242,414,248,305,145,153,-9101,6537,-7576,9246,-519,-2156,945,1475,-1,294
2025-11-27T10:55:55.103343,44,92,323,415,248,356,151,137,-9250,6325,-7461,9339,-592,-2271,922,1467,83,252
2025-11-27T10:55:55.125791,43,83,334,422,262,365,144,131,-9402,6114,-7361,9406,-765,-2216,688,1518,15,300
2025-11-27T10:55:55.139888,39,54,331,392,341,259,149,147,-9550,5935,-7193,9502,-817,-2211,479,1706,-165,190
2025-11-27T10:55:55.163306,38,53,394,340,358,245,151,141,-9702,5736,-6996,9616,-581,-2062,579,1915,-161,163
2025-11-27T10:55:55.185993,37,43,383,309,408,258,124,110,-9844,5512,-6811,9735,-516,-1853,637,1939,-5,208
2025-11-27T10:55:55.200119,36,49,315,468,452,233,105,101,-9966,5284,-6642,9853,-582,-1918,587,1886,101,177
2025-11-27T10:55:55.222929,40,54,297,477,527,296,120,101,-10045,5108,-6465,9982,-629,-1771,527,1685,6,-145
2025-11-27T10:55:55.246230,44,55,281,506,542,358,112,76,-10083,4998,-6297,10106,-427,-1514,438,1514,-163,-464
2025-11-27T10:55:55.260113,48,80,168,516,588,371,131,91,-10091,4953,-6111,10234,-281,-1643,408,1382,-349,-689
2025-11-27T10:55:55.283291,49,94,203,481,567,375,140,97,-10085,4975,-5913,10345,-147,-1814,204,1296,-603,-789
2025-11-27T10:55:55.305811,48,105,233,319,585,373,142,93,-10065,5055,-5682,10455,266,-1699,254,1145,-772,-849
2025-11-27T10:55:55.320374,46,104,243,352,603,355,130,89,-10023,5151,-5492,10548,636,-1578,340,800,-557,-692
2025-11-27T10:55:55.343192,70,107,248,333,584,306,125,82,-9972,5271,-5343,10614,967,-1608,352,515,-431,-481
2025-11-27T10:55:55.365584,70,100,249,319,526,292,103,61,-9920,5383,-5209,10673,1155,-1496,371,425,-309,-356
2025-11-27T10:55:55.379353,74,188,304,314,521,271,89,52,-9859,5506,-5107,10716,1265,-1427,392,202,-222,-262
2025-11-27T10:55:55.403309,74,264,298,348,466,234,78,38,-9810,5636,-5088,10702,1369,-1568,404,-184,-67,151
2025-11-27T10:55:55.425841,93,268,340,297,358,184,71,38,-9788,5724,-5133,10655,1189,-1533,382,-283,126,481
2025-11-27T10:55:55.440550,76,273,362,288,297,156,67,35,-9770,5766,-5233,10600,1061,-1456,524,-442,407,660
2025-11-27T10:55:55.463326,83,288,440,326,280,147,65,39,-9737,5799,-5414,10521,777,-1499,628,-825,593,750
2025-11-27T10:55:55.485736,181,249,481,309,243,145,77,74,-9691,5851,-5643,10413,557,-1688,567,-1085,594,765
2025-11-27T10:55:55.501045,190,167,531,346,238,177,79,79,-9641,5912,-5876,10296,418,-1738,599,-1185,517,726
2025-11-27T10:55:55.523466,188,176,628,550,258,200,85,82,-9610,5954,-6119,10158,171,-2004,714,-1179,481,820
2025-11-27T10:55:55.545782,196,183,666,667,269,211,90,88,-9626,5940,-6350,10008,-125,-1822,891,-1038,441,1000
2025-11-27T10:55:55.560121,201,163,683,680,311,224,93,99,-9649,5928,-6554,9861,-457,-1832,804,-916,271,807
2025-11-27T10:55:55.583385,119,160,726,849,401,246,90,83,-9633,5972,-6743,9722,-547,-1959,687,-1043,124,470
2025-11-27T10:55:55.605803,225,234,714,848,415,229,89,87,-9618,5993,-6924,9595,-638,-2066,739,-942,196,441
2025-11-27T10:55:55.619818,234,248,757,761,473,252,92,90,-9631,5974,-7069,9488,-740,-1795,867,-726,177,442
2025-11-27T10:55:55.643425,233,245,826,734,498,244,88,88,-9660,5977,-7192,9364,-900,-1817,1016,-820,-44,385
2025-11-27T10:55:55.665802,233,241,844,767,475,233,88,80,-9668,6049,-7285,9236,-937,-1892,826,-912,-333,87
2025-11-27T10:55:55.680128,236,237,787,607,403,207,85,80,-9676,6181,-7299,9129,-780,-1990,822,-806,-704,-207
2025-11-27T10:55:55.703310,137,159,817,570,522,272,91,76,-9729,6277,-7230,9061,-878,-1949,958,-316,-904,-345
2025-11-27T10:55:55.725608,116,120,723,591,582,251,82,78,-9801,6358,-7184,8964,-691,-1720,1085,-478,-849,-22
2025-11-27T10:55:55.748341,108,124,694,568,579,247,79,75,-9824,6480,-7168,8864,-584,-1567,819,-717,-757,-148
2025-11-27T10:55:55.763282,115,161,664,547,577,248,76,73,-9812,6637,-7145,8778,-374,-2031,879,-828,-731,-282
2025-11-27T10:55:55.785762,109,155,645,540,633,268,84,131,-9833,6740,-7105,8710,-442,-2133,710,-382,-689,-187
2025-11-27T10:55:55.800092,102,161,630,596,550,246,91,154,-9878,6794,-7032,8674,-404,-1989,717,-11,-629,-172
2025-11-27T10:55:55.823579,112,159,622,579,415,221,89,153,-9916,6849,-6986,8625,-359,-1813,661,-142,-558,-73
2025-11-27T10:55:55.846068,115,171,590,630,401,223,91,158,-9931,6933,-6946,8573,-153,-1954,750,-345,-531,-78
2025-11-27T10:55:55.868512,105,150,534,598,424,241,96,167,-9934,6999,-6916,8540,-38,-1999,719,-283,-357,-58
2025-11-27T10:55:55.883325,102,154,529,593,360,231,93,123,-9942,7046,-6887,8515,-126,-1936,622,-148,-315,-70
2025-11-27T10:55:55.905808,102,157,510,674,321,181,83,95,-9953,7092,-6860,8485,-175,-2007,584,-126,-332,-67
2025-11-27T10:55:55.928306,84,161,494,649,322,187,85,93,-9979,7129,-6821,8457,-145,-2058,572,-7,-372,-20
2025-11-27T10:55:55.943458,76,139,427,550,300,185,85,87,-10014,7147,-6767,8443,-44,-2012,637,119,-340,15
2025-11-27T10:55:55.963671,62,130,501,592,270,162,70,74,-10053,7161,-6730,8415,-117,-1877,628,46,-326,78
2025-11-27T10:55:55.986824,68,121,586,586,214,136,62,77,-10074,7186,-6701,8390,-80,-2034,608,-16,-275,36
2025-11-27T10:55:56.002364,67,119,564,414,211,175,61,71,-10108,7195,-6667,8370,-117,-2016,588,105,-273,58
2025-11-27T10:55:56.025839,70,120,555,423,224,168,64,82,-10150,7207,-6616,8349,-149,-1919,548,175,-364,14
2025-11-27T10:55:56.048831,83,159,639,406,227,172,66,107,-10182,7242,-6555,8328,-136,-1832,615,52,-441,-89
2025-11-27T10:55:56.062558,85,156,624,358,224,168,66,99,-10203,7297,-6493,8302,-48,-1890,667,-69,-477,-104
2025-11-27T10:55:56.085775,82,155,531,336,216,182,64,96,-10216,7339,-6429,8299,53,-1998,662,30,-355,-134
2025-11-27T10:55:56.115828,82,147,575,334,254,155,66,100,-10234,7360,-6372,8302,46,-1920,636,115,-274,-100
2025-11-27T10:55:56.122858,80,147,583,336,255,155,64,101,-10246,7384,-6311,8314,68,-1946,710,89,-257,-149
2025-11-27T10:55:56.145445,139,209,470,330,255,149,64,145,-10254,7402,-6247,8336,163,-2062,764,126,-204,-148
2025-11-27T10:55:56.168331,144,214,410,273,278,171,72,167,-10271,7395,-6191,8362,134,-2120,760,245,-117,-84
2025-11-27T10:55:56.182728,148,218,399,344,418,192,73,173,-10295,7356,-6136,8407,134,-1987,825,363,10,-66
2025-11-27T10:55:56.205844,148,224,407,371,417,201,76,175,-10304,7328,-6109,8441,78,-1843,717,218,70,-54
2025-11-27T10:55:56.228119,153,220,365,329,419,204,72,170,-10288,7328,-6109,8459,-49,-1942,647,6,67,-130
2025-11-27T10:55:56.242826,109,123,351,316,422,222,70,121,-10275,7335,-6101,8476,-62,-1973,559,58,13,-160
2025-11-27T10:55:56.265464,115,116,413,350,445,219,68,103,-10266,7347,-6091,8483,-102,-1903,501,52,-53,-152
2025-11-27T10:55:56.287876,112,147,554,340,382,210,70,102,-10263,7373,-6078,8474,-55,-1955,517,-6,-146,-94
2025-11-27T10:55:56.302913,120,161,618,371,364,191,67,119,-10269,7398,-6052,8464,-30,-1870,549,26,-210,-84
2025-11-27T10:55:56.325707,112,163,689,416,400,230,70,143,-10275,7419,-6016,8463,66,-1832,598,50,-192,-86
2025-11-27T10:55:56.347926,121,162,714,445,402,221,71,140,-10272,7441,-5999,8459,10,-1800,510,11,-130,-90
2025-11-27T10:55:56.362620,112,166,738,511,363,212,83,136,-10244,7482,-5998,8459,15,-1912,448,-116,-65,-172
2025-11-27T10:55:56.393338,110,139,664,484,306,190,79,132,-10235,7505,-6021,8431,-124,-1958,410,-109,-64,4
2025-11-27T10:55:56.408450,100,189,623,492,332,238,86,123,-10234,7523,-6037,8406,0,-1955,559,-127,-65,78
2025-11-27T10:55:56.422571,104,193,546,491,358,232,91,97,-10247,7522,-6038,8390,110,-1975,704,-35,-46,146
2025-11-27T10:55:56.446053,74,191,540,469,347,227,100,94,-10266,7506,-6022,8393,216,-1892,770,77,-7,134
2025-11-27T10:55:56.468366,66,182,498,365,341,222,88,85,-10277,7483,-6004,8413,216,-1960,882,79,64,66
2025-11-27T10:55:56.482608,63,182,487,347,329,223,98,82,-10295,7435,-5982,8449,244,-2082,1074,156,151,87
2025-11-27T10:55:56.505788,55,106,374,273,315,206,89,65,-10325,7352,-5950,8506,257,-2077,1182,347,253,100
2025-11-27T10:55:56.528019,54,96,382,225,224,178,84,68,-10364,7239,-5904,8589,153,-2088,1285,534,320,6
2025-11-27T10:55:56.542680,48,93,335,245,213,178,96,78,-10408,7106,-5852,8683,62,-2059,1310,670,354,-39
2025-11-27T10:55:56.565804,47,97,266,254,235,178,109,85,-10467,6953,-5777,8784,-122,-2048,1347,868,289,-126
2025-11-27T10:55:56.588284,48,84,277,259,336,203,110,88,-10529,6800,-5700,8879,-249,-2153,1262,965,226,-165
2025-11-27T10:55:56.602596,45,73,255,350,353,191,111,86,-10600,6620,-5612,8987,-335,-2217,1191,1235,266,-195
2025-11-27T10:55:56.626135,43,99,274,390,402,235,116,80,-10696,6407,-5484,9105,-337,-1994,1135,1571,185,-177
2025-11-27T10:55:56.648677,49,134,288,403,438,317,112,75,-10775,6201,-5344,9237,-282,-1913,1119,1605,255,-191
2025-11-27T10:55:56.670908,53,145,292,419,464,361,108,64,-10880,6002,-5207,9323,-417,-1603,1017,1538,0,-102
2025-11-27T10:55:56.685359,53,146,239,450,428,366,115,78,-10955,5851,-5067,9409,-339,-1725,908,1419,-97,-253
2025-11-27T10:55:56.707715,59,151,272,461,548,499,149,83,-11011,5723,-4941,9489,-217,-1721,899,1275,-66,-252
2025-11-27T10:55:56.721887,62,140,353,530,605,523,160,87,-11059,5579,-4810,9585,-117,-1826,969,1391,41,-268
2025-11-27T10:55:56.745392,61,108,358,525,674,570,189,87,-11150,5365,-4637,9686,-253,-1586,946,1749,69,-92
2025-11-27T10:55:56.768301,61,83,349,518,714,600,202,91,-11199,5219,-4416,9812,-245,-1295,758,1610,-232,-517
2025-11-27T10:55:56.782550,63,85,351,507,761,627,195,79,-11226,5160,-4180,9916,238,-1067,911,1245,-489,-565
2025-11-27T10:55:56.805815,60,79,325,530,700,544,175,74,-11216,5177,-3985,9998,156,-1310,856,837,-614,-691
2025-11-27T10:55:56.828544,55,67,211,584,773,541,174,69,-11217,5172,-3783,10078,235,-1391,970,972,-568,-611
2025-11-27T10:55:56.850677,58,67,229,672,943,508,151,68,-11169,5150,-3604,10206,87,-1464,1013,953,-341,-985
2025-11-27T10:55:56.865699,64,85,412,800,1066,606,180,75,-11097,5139,-3407,10357,383,-1333,997,936,-274,-1097
2025-11-27T10:55:56.888311,62,83,413,801,1094,623,191,78,-11023,5134,-3208,10502,565,-1031,894,845,-238,-1023
2025-11-27T10:55:56.910842,59,82,441,774,1175,670,203,79,-10915,5205,-3043,10627,765,-1194,923,411,-319,-1056
2025-11-27T10:55:56.925065,58,79,434,675,1131,671,202,78,-10791,5303,-2932,10737,840,-1260,880,117,-203,-982
2025-11-27T10:55:56.948464,82,83,493,615,999,636,189,75,-10660,5418,-2881,10823,1138,-1580,889,-85,20,-772
2025-11-27T10:55:56.970642,80,87,429,452,898,552,161,65,-10564,5474,-2878,10889,1223,-1587,1016,-52,358,-403
2025-11-27T10:55:56.985452,83,109,456,423,821,494,146,61,-10521,5482,-2933,10913,1126,-1155,1010,-208,575,125
2025-11-27T10:55:57.008319,125,317,552,398,673,398,127,77,-10475,5503,-3049,10914,855,-1064,996,-552,602,214
2025-11-27T10:55:57.030536,130,345,563,370,588,335,111,82,-10392,5559,-3218,10918,846,-1424,1128,-866,688,95
2025-11-27T10:55:57.045540,117,345,527,319,535,372,122,81,-10326,5590,-3424,10901,781,-1638,1160,-861,828,301
2025-11-27T10:55:57.067926,133,347,551,331,407,290,101,86,-10303,5582,-3667,10848,544,-1593,1149,-858,905,638
2025-11-27T10:55:57.090832,132,358,642,396,395,307,106,85,-10273,5590,-3963,10768,226,-1324,1125,-1272,887,713
2025-11-27T10:55:57.105208,121,233,689,380,374,304,145,111,-10218,5642,-4260,10679,87,-1419,1299,-1562,698,548
2025-11-27T10:55:57.128663,152,200,726,441,359,308,158,111,-10159,5719,-4521,10587,-2,-1654,1345,-1503,457,397
2025-11-27T10:55:57.150256,177,295,859,509,254,236,159,128,-10124,5810,-4756,10467,-141,-1851,1271,-1393,186,452
2025-11-27T10:55:57.165059,188,306,869,526,266,199,159,135,-10114,5903,-4954,10332,-171,-2009,1119,-1163,-1,503
2025-11-27T10:55:57.188294,211,292,844,500,293,235,168,142,-10149,5961,-5103,10191,-329,-1978,1171,-844,-179,591
2025-11-27T10:55:57.210771,212,284,898,576,399,287,140,118,-10202,6005,-5296,10013,-489,-1287,1332,-1277,-118,861
2025-11-27T10:55:57.225047,195,295,949,555,397,288,130,185,-10144,6198,-5533,9824,-638,-1159,897,-1975,-167,517
2025-11-27T10:55:57.248832,192,209,821,500,426,288,118,179,-10032,6492,-5721,9639,-254,-1731,828,-2234,-533,67
2025-11-27T10:55:57.271446,170,186,878,560,476,330,120,175,-9958,6733,-5841,9478,-324,-2472,891,-1591,-696,-119
2025-11-27T10:55:57.285093,152,179,880,598,552,305,106,174,-9991,6826,-5887,9347,-162,-2155,1162,-768,-573,348
2025-11-27T10:55:57.308444,137,153,802,548,522,253,93,177,-10047,6834,-5865,9295,-254,-1624,909,-37,-405,129
2025-11-27T10:55:57.330693,151,121,743,547,588,262,85,105,-10078,6892,-5837,9236,-208,-1385,852,-287,-540,-16
2025-11-27T10:55:57.344870,128,124,768,540,608,304,90,97,-10062,7016,-5854,9149,-246,-1811,899,-775,-577,-119
2025-11-27T10:55:57.368655,142,128,669,457,584,288,90,96,-10056,7111,-5859,9078,-85,-2033,988,-590,-482,-46
2025-11-27T10:55:57.390812,138,138,665,408,497,259,93,97,-10067,7177,-5830,9033,-87,-1914,774,-219,-472,-108
2025-11-27T10:55:57.405010,137,134,561,354,461,264,98,103,-10086,7225,-5770,9012,89,-1902,825,-16,-453,-123
2025-11-27T10:55:57.428629,120,161,567,444,515,263,103,104,-10114,7255,-5708,8996,54,-1961,868,74,-414,-102
2025-11-27T10:55:57.451108,128,151,660,501,489,218,96,106,-10145,7269,-5652,8985,169,-1929,914,104,-318,-9
2025-11-27T10:55:57.465046,139,139,623,469,443,165,81,111,-10172,7277,-5632,8961,110,-1974,829,31,-212,93
2025-11-27T10:55:57.488276,138,143,590,457,432,163,76,147,-10209,7273,-5620,8929,116,-2044,848,63,-187,199
2025-11-27T10:55:57.510755,143,182,697,473,430,178,78,148,-10264,7247,-5612,8893,59,-2023,891,142,-152,297
2025-11-27T10:55:57.524655,138,166,698,428,252,168,75,147,-10319,7213,-5611,8857,-15,-1944,891,143,-125,299
2025-11-27T10:55:57.548498,136,165,596,388,189,146,77,145,-10368,7193,-5601,8823,57,-1865,844,117,-156,265
2025-11-27T10:55:57.570780,111,165,650,417,189,158,81,142,-10418,7195,-5577,8777,20,-1876,780,97,-314,226
2025-11-27T10:55:57.585058,130,164,647,399,201,165,76,105,-10467,7208,-5527,8739,196,-1932,808,150,-380,191
2025-11-27T10:55:57.608250,147,195,540,391,236,181,70,111,-10528,7203,-5471,8706,139,-1896,836,254,-368,203
2025-11-27T10:55:57.630658,150,200,523,334,242,173,70,109,-10585,7185,-5417,8685,244,-1793,897,266,-262,229
2025-11-27T10:55:57.645055,141,198,521,287,421,290,84,108,-10624,7163,-5381,8678,249,-1749,856,225,-121,181
2025-11-27T10:55:57.668287,165,211,518,333,501,302,89,112,-10640,7160,-5357,8676,217,-1705,840,74,-83,77
2025-11-27T10:55:57.690752,194,220,524,333,499,303,90,149,-10632,7180,-5333,8683,224,-1785,802,-16,-83,-75
2025-11-27T10:55:57.705055,180,155,527,329,550,296,95,145,-10636,7201,-5296,8684,194,-1875,838,39,-179,-69
2025-11-27T10:55:57.732046,179,143,478,411,607,316,96,144,-10646,7222,-5208,8707,178,-1661,752,52,-151,-103
2025-11-27T10:55:57.750318,182,143,472,437,530,242,88,150,-10624,7271,-5182,8708,156,-1799,743,-126,-190,-206
2025-11-27T10:55:57.780051,174,155,461,471,468,225,82,178,-10605,7332,-5159,8695,191,-1896,755,-185,-252,-152
2025-11-27T10:55:57.791816,121,162,427,509,510,243,83,145,-10605,7362,-5134,8684,220,-1901,862,-70,-193,-36
2025-11-27T10:55:57.814367,113,175,511,619,593,257,87,132,-10620,7370,-5113,8671,210,-1824,846,24,-147,54
2025-11-27T10:55:57.832845,109,175,533,564,557,249,86,130,-10619,7388,-5106,8661,230,-1776,852,-105,-83,32
2025-11-27T10:55:57.852274,104,173,521,537,536,220,82,131,-10616,7394,-5110,8658,144,-1840,865,-80,-10,1
2025-11-27T10:55:57.870012,84,171,482,457,536,219,80,125,-10624,7377,-5116,8659,129,-1912,944,14,51,51
2025-11-27T10:55:57.892194,104,240,569,468,500,201,88,138,-10636,7334,-5120,8678,119,-1940,998,134,157,40
2025-11-27T10:55:57.911756,114,246,479,305,289,156,75,140,-10653,7262,-5107,8725,227,-1806,1074,299,264,20
2025-11-27T10:55:57.935066,110,244,443,282,224,108,99,159,-10665,7183,-5108,8776,216,-1765,1095,267,357,37
2025-11-27T10:55:57.952799,110,248,426,276,239,103,153,175,-10664,7100,-5127,8833,195,-1869,1130,225,467,18
2025-11-27T10:55:57.971828,103,242,400,275,258,131,197,195,-10673,6989,-5152,8895,121,-2052,1129,393,558,57
2025-11-27T10:55:57.994271,70,168,216,241,328,133,195,187,-10690,6833,-5152,8996,94,-1846,1171,674,679,-46
2025-11-27T10:55:58.012509,45,141,168,240,366,130,198,186,-10693,6692,-5131,9109,62,-1655,1104,679,601,-218
2025-11-27T10:55:58.031698,44,140,160,245,369,139,196,173,-10679,6600,-5114,9203,65,-1772,1081,467,456,-275
2025-11-27T10:55:58.054334,58,163,212,243,366,153,183,161,-10662,6520,-5094,9289,-4,-1873,1018,482,374,-324
2025-11-27T10:55:58.072666,54,159,265,267,368,193,140,97,-10674,6439,-5059,9351,-85,-1932,990,603,198,-214
2025-11-27T10:55:58.091935,57,136,289,310,308,206,145,91,-10714,6350,-4999,9399,-27,-1785,1067,686,64,-82
2025-11-27T10:55:58.114251,59,149,296,309,324,224,142,88,-10769,6269,-4932,9425,-58,-1681,1064,665,-66,3
2025-11-27T10:55:58.132872,62,171,298,322,439,248,134,97,-10825,6204,-4871,9436,-59,-1811,1143,572,-126,46
2025-11-27T10:55:58.152743,49,192,366,347,462,244,99,77,-10902,6106,-4790,9453,-112,-1817,1312,765,-142,84
2025-11-27T10:55:58.174201,51,188,468,369,449,197,89,75,-10997,5981,-4720,9458,-158,-1900,1381,870,-76,238
2025-11-27T10:55:58.192410,50,186,501,302,446,198,91,72,-11110,5837,-4638,9456,-278,-1673,1360,962,-140,285
2025-11-27T10:55:58.211735,52,179,512,333,493,262,99,76,-11196,5709,-4570,9466,-183,-1644,1353,842,-36,205
2025-11-27T10:55:58.234657,50,154,526,342,487,308,104,67,-11274,5593,-4501,9476,-162,-1731,1249,882,-57,178
2025-11-27T10:55:58.252603,58,141,509,331,480,324,104,75,-11377,5421,-4406,9497,-215,-1884,1232,1334,-8,231
2025-11-27T10:55:58.275136,63,139,475,300,598,440,149,76,-11497,5203,-4225,9556,-340,-1508,1292,1749,-100,114
2025-11-27T10:55:58.294262,63,141,431,304,616,458,153,79,-11574,5029,-4070,9625,-107,-1235,1219,1408,-76,-94
2025-11-27T10:55:58.312539,58,139,419,307,673,426,149,74,-11621,4911,-3939,9682,-109,-1233,1149,1085,-148,-185
2025-11-27T10:55:58.338762,59,141,400,294,656,475,170,64,-11661,4822,-3785,9740,15,-1350,1170,1097,-281,-245
2025-11-27T10:55:58.354435,47,82,353,373,745,583,194,52,-11691,4739,-3593,9817,143,-1274,1153,1204,-366,-388
2025-11-27T10:55:58.372554,44,68,219,401,811,605,229,71,-11681,4698,-3367,9929,268,-1084,1028,1116,-493,-727
2025-11-27T10:55:58.395055,45,58,320,425,915,637,232,71,-11647,4691,-3101,10058,348,-993,1093,1058,-696,-975
2025-11-27T10:55:58.414616,48,56,356,664,886,653,234,75,-11599,4729,-2839,10172,407,-1131,1110,892,-834,-1006
2025-11-27T10:55:58.432870,48,68,480,761,931,613,220,74,-11536,4769,-2592,10291,510,-1051,1112,794,-737,-1041
2025-11-27T10:55:58.454414,48,69,479,729,948,565,215,81,-11430,4834,-2380,10429,605,-1127,1059,574,-589,-1227
2025-11-27T10:55:58.473761,49,71,485,745,909,491,164,70,-11300,4917,-2201,10570,858,-1171,932,422,-395,-1227
2025-11-27T10:55:58.491979,65,72,430,755,883,442,151,66,-11191,4995,-2064,10676,1131,-1280,1056,302,-196,-887
2025-11-27T10:55:58.514239,70,113,428,548,834,426,149,67,-11117,5049,-2012,10738,1230,-1114,1040,50,149,-386
2025-11-27T10:55:58.534183,69,125,295,405,787,401,142,67,-11064,5093,-2062,10762,1071,-1062,1096,-327,419,-26
2025-11-27T10:55:58.552256,72,128,282,426,734,329,114,66,-10997,5142,-2175,10785,1007,-1135,1138,-596,611,9
2025-11-27T10:55:58.575014,123,203,352,360,629,287,82,77,-10919,5188,-2322,10812,900,-1130,1196,-756,713,-8
2025-11-27T10:55:58.594330,136,287,413,329,568,261,80,119,-10857,5221,-2512,10816,736,-1216,1346,-895,785,169
2025-11-27T10:55:58.616891,135,293,390,335,567,235,73,125,-10796,5252,-2749,10804,616,-1241,1368,-1089,897,296
2025-11-27T10:55:58.635236,136,288,405,337,510,209,71,125,-10717,5300,-3029,10785,457,-1445,1333,-1286,940,255
2025-11-27T10:55:58.655069,137,360,482,335,420,174,70,122,-10636,5352,-3306,10758,312,-1509,1205,-1257,868,221
2025-11-27T10:55:58.672527,100,346,594,432,405,172,77,113,-10574,5401,-3570,10710,182,-1497,1222,-1232,728,323
2025-11-27T10:55:58.695161,98,300,572,424,324,207,72,68,-10521,5472,-3836,10634,9,-1421,1390,-1457,521,389
2025-11-27T10:55:58.714523,108,292,657,430,298,212,70,54,-10438,5620,-4123,10530,-101,-1459,1225,-1866,381,380
2025-11-27T10:55:58.732449,109,300,760,474,300,215,67,50,-10348,5792,-4369,10427,-38,-1644,1091,-1796,170,244
2025-11-27T10:55:58.755073,112,250,861,487,270,219,69,52,-10257,5962,-4558,10340,26,-1895,1005,-1425,-32,1
2025-11-27T10:55:58.774265,109,233,807,546,268,263,82,61,-10245,6074,-4700,10222,-224,-2025,1173,-1009,-257,270
2025-11-27T10:55:58.792536,86,216,843,604,343,233,84,64,-10288,6131,-4837,10080,-299,-1515,1343,-978,-243,629
2025-11-27T10:55:58.815198,96,215,823,599,372,243,84,62,-10276,6260,-4984,9940,-435,-1077,945,-1346,-373,298
2025-11-27T10:55:58.834431,101,203,816,586,392,252,88,153,-10197,6500,-5101,9807,-227,-1461,1020,-1657,-584,-6
2025-11-27T10:55:58.852817,96,161,685,613,401,254,89,162,-10112,6746,-5208,9672,-89,-2208,1132,-1638,-624,-43
2025-11-27T10:55:58.875146,98,155,760,554,505,195,68,169,-10125,6845,-5292,9543,-239,-2324,1266,-872,-477,274
2025-11-27T10:55:58.894241,97,143,725,576,463,193,68,171,-10170,6848,-5315,9480,-214,-1648,1118,-247,-264,233
2025-11-27T10:55:58.912506,73,127,741,661,483,175,66,173,-10166,6912,-5317,9437,-130,-1339,889,-433,-365,-98
2025-11-27T10:55:58.935150,67,131,700,719,482,156,62,111,-10127,7048,-5342,9363,-5,-1752,959,-858,-502,-148
2025-11-27T10:55:58.954281,62,120,710,704,565,227,76,107,-10112,7160,-5370,9278,15,-2255,1117,-728,-491,4
2025-11-27T10:55:58.972490,86,133,607,664,489,230,85,101,-10149,7173,-5354,9237,-13,-2075,1106,-72,-323,89
2025-11-27T10:55:58.994969,87,141,665,603,467,227,83,100,-10191,7167,-5305,9223,104,-1776,1034,132,-289,35
2025-11-27T10:55:59.014210,88,151,640,557,495,232,83,99,-10206,7198,-5274,9200,196,-1864,987,-94,-299,-1
2025-11-27T10:55:59.032009,110,253,616,484,546,262,92,93,-10231,7222,-5264,9160,121,-1861,1032,-164,-279,115
2025-11-27T10:55:59.055110,128,255,621,434,468,193,82,94,-10250,7239,-5250,9133,155,-1912,1005,-96,-218,70
2025-11-27T10:55:59.074146,118,255,661,467,465,178,75,86,-10273,7245,-5247,9105,152,-1954,912,-27,-152,131
2025-11-27T10:55:59.092476,114,256,586,440,459,177,70,78,-10309,7234,-5236,9078,109,-1966,900,99,-155,160
2025-11-27T10:55:59.121925,119,262,667,449,395,190,71,88,-10355,7207,-5219,9056,81,-1903,926,189,-138,179
2025-11-27T10:55:59.133045,115,174,638,431,368,145,62,102,-10398,7193,-5199,9031,123,-1850,901,142,-178,174
2025-11-27T10:55:59.150581,101,185,596,431,369,139,60,96,-10431,7179,-5160,9026,240,-1824,941,192,-154,89
2025-11-27T10:55:59.175056,92,170,573,468,344,164,63,94,-10456,7179,-5130,9014,260,-1766,918,86,-161,91
2025-11-27T10:55:59.194228,102,169,573,473,350,167,63,108,-10484,7181,-5107,8993,128,-1712,938,24,-202,84
2025-11-27T10:55:59.212108,101,159,408,402,339,143,64,140,-10489,7208,-5070,8986,290,-1934,897,17,-220,-40
2025-11-27T10:55:59.235018,91,154,375,444,259,143,61,138,-10502,7219,-5030,8985,330,-1910,889,119,-166,-6
2025-11-27T10:55:59.255126,83,137,358,439,243,147,58,133,-10532,7200,-4978,8994,372,-1847,936,289,-119,50
2025-11-27T10:55:59.272524,87,158,329,352,294,236,70,135,-10562,7168,-4936,9007,292,-1770,988,279,-51,55
2025-11-27T10:55:59.295036,82,157,393,343,279,251,77,129,-10571,7142,-4906,9033,300,-1786,1019,180,37,-40
2025-11-27T10:55:59.314252,71,145,382,325,264,248,85,91,-10578,7110,-4895,9057,254,-1920,1001,187,117,-13
2025-11-27T10:55:59.332236,57,149,410,227,270,249,94,82,-10603,7045,-4864,9095,176,-1926,1022,437,131,-41
2025-11-27T10:55:59.355083,57,154,411,230,299,284,104,81,-10649,6956,-4808,9139,193,-1940,1147,624,92,-10
2025-11-27T10:55:59.374020,49,160,354,217,253,208,113,86,-10705,6850,-4731,9194,228,-1781,1199,749,91,-14
2025-11-27T10:55:59.392504,41,162,300,233,249,184,125,89,-10745,6753,-4661,9255,202,-1767,1230,665,122,-100
2025-11-27T10:55:59.414805,42,163,295,217,257,191,139,98,-10784,6664,-4596,9307,203,-1809,1251,624,88,-73
2025-11-27T10:55:59.434246,47,173,279,297,310,269,143,96,-10826,6559,-4533,9362,111,-1874,1232,738,134,-89
2025-11-27T10:55:59.452827,50,168,293,335,387,245,145,102,-10879,6454,-4481,9399,35,-1931,1207,747,98,-3
2025-11-27T10:55:59.475051,53,151,284,337,379,240,131,94,-10958,6328,-4404,9430,29,-1864,1184,969,16,88
2025-11-27T10:55:59.494158,52,139,262,447,400,273,120,86,-11059,6166,-4308,9464,-1,-1814,1186,1232,32,153
2025-11-27T10:55:59.512517,54,141,283,473,417,290,98,67,-11171,5988,-4197,9496,-46,-1560,1241,1286,-5,179
2025-11-27T10:55:59.534882,50,190,307,441,380,232,170,111,-11259,5846,-4085,9529,-46,-1479,1229,1110,-93,60
2025-11-27T10:55:59.554127,51,193,295,457,343,346,179,126,-11334,5726,-3973,9561,0,-1526,1272,1016,-127,1
2025-11-27T10:55:59.572551,42,183,346,519,386,366,185,126,-11402,5613,-3863,9592,65,-1516,1239,1006,-115,4
2025-11-27T10:55:59.595353,44,184,351,451,507,398,200,128,-11477,5475,-3752,9626,20,-1496,1292,1121,-59,35
2025-11-27T10:55:59.614430,41,186,373,450,652,471,212,128,-11561,5303,-3623,9672,-41,-1301,1360,1270,-27,4
2025-11-27T10:55:59.632498,44,111,342,445,748,514,166,94,-11599,5136,-3467,9772,127,-1157,1269,1335,67,-344
2025-11-27T10:55:59.655047,41,98,343,414,807,547,174,66,-11605,5013,-3321,9879,106,-1207,1259,1124,-1,-526
2025-11-27T10:55:59.677548,47,92,308,388,921,646,200,77,-11582,4909,-3133,10019,268,-961,1190,1131,-80,-796
2025-11-27T10:55:59.692533,51,92,357,406,988,642,191,74,-11531,4841,-2929,10172,169,-1089,1197,1083,-272,-1055
2025-11-27T10:55:59.722035,56,84,329,510,1037,611,186,78,-11457,4790,-2693,10343,246,-1063,1141,1132,-379,-1268
2025-11-27T10:55:59.737232,61,79,379,628,1055,672,198,77,-11343,4745,-2428,10553,228,-1002,1132,1137,-431,-1620
2025-11-27T10:55:59.752163,64,79,400,644,1019,613,187,76,-11196,4748,-2207,10755,457,-1019,1048,743,-398,-1669
2025-11-27T10:55:59.775071,60,76,431,668,933,500,153,64,-11035,4816,-2038,10923,864,-1195,1019,435,-255,-1441
2025-11-27T10:55:59.797560,61,91,489,712,830,520,152,62,-10889,4902,-1951,11047,1173,-1328,1093,93,18,-1032
2025-11-27T10:55:59.812642,57,106,488,658,703,491,142,57,-10784,4972,-1924,11123,1272,-1317,1109,-49,224,-564
2025-11-27T10:55:59.834936,94,103,468,575,604,362,115,58,-10715,5021,-1936,11165,1278,-1246,1127,-127,364,-219
2025-11-27T10:55:59.857655,94,149,458,546,574,320,101,56,-10662,5068,-1985,11186,1222,-1071,1088,-317,434,-4
2025-11-27T10:55:59.872256,110,176,505,549,561,346,120,82,-10612,5124,-2105,11186,1109,-1105,1164,-652,563,172
2025-11-27T10:55:59.894978,117,167,407,489,535,260,111,84,-10568,5197,-2306,11155,921,-1210,1277,-1049,632,378
2025-11-27T10:55:59.917462,119,161,446,465,462,253,115,83,-10538,5249,-2533,11109,831,-1346,1316,-1039,737,522
2025-11-27T10:55:59.932008,94,220,457,447,404,222,107,81,-10509,5289,-2762,11063,635,-1411,1233,-973,724,479
2025-11-27T10:55:59.955034,122,271,455,451,356,209,99,85,-10481,5329,-2976,11015,483,-1309,1191,-962,613,446
2025-11-27T10:55:59.977594,113,270,382,427,323,161,129,71,-10453,5397,-3217,10940,314,-1360,1160,-1185,500,504
2025-11-27T10:55:59.999615,115,278,462,440,250,144,135,70,-10431,5491,-3505,10825,41,-1458,1333,-1552,379,642
2025-11-27T10:56:00.012110,145,408,555,538,280,161,132,76,-10403,5617,-3766,10700,-46,-1556,1264,-1603,233,643
2025-11-27T10:56:00.037387,146,404,610,532,305,157,130,73,-10379,5732,-3975,10585,-22,-1575,1225,-1323,26,440
2025-11-27T10:56:00.051616,124,370,673,623,308,166,137,73,-10348,5872,-4163,10466,-10,-1630,1109,-1322,-119,361
2025-11-27T10:56:00.075038,132,390,708,697,387,270,100,70,-10343,5976,-4356,10333,-136,-1735,1381,-1297,-98,517
2025-11-27T10:56:00.097438,127,412,711,773,403,281,98,76,-10307,6157,-4573,10167,-386,-1101,1211,-1775,-206,573
2025-11-27T10:56:00.112520,92,291,725,754,388,279,97,76,-10229,6389,-4743,10024,-437,-1436,950,-1799,-431,154
2025-11-27T10:56:00.134767,109,277,671,759,378,301,107,78,-10116,6647,-4872,9909,-59,-1837,856,-1756,-519,-157
2025-11-27T10:56:00.157660,120,275,704,741,469,389,127,82,-10055,6848,-4981,9778,-129,-2066,1075,-1405,-615,-47
2025-11-27T10:56:00.172306,114,258,847,716,467,349,126,80,-10035,6972,-5028,9688,-4,-1729,1014,-850,-502,21
2025-11-27T10:56:00.195047,112,241,919,615,457,350,123,75,-10022,7103,-5063,9587,-101,-1519,819,-808,-617,4
2025-11-27T10:56:00.216944,108,239,864,615,454,366,122,68,-9968,7267,-5145,9476,49,-1686,814,-1180,-482,22
2025-11-27T10:56:00.232833,100,251,911,607,486,375,127,81,-9920,7389,-5242,9379,57,-2107,1006,-1072,-279,78
2025-11-27T10:56:00.255076,87,267,862,576,497,304,106,78,-9926,7454,-5290,9293,76,-2139,999,-576,-326,205
2025-11-27T10:56:00.277351,98,270,754,520,420,279,106,87,-9945,7480,-5297,9248,209,-1882,1058,-289,-241,161
2025-11-27T10:56:00.292210,99,252,656,549,445,276,109,87,-9962,7515,-5319,9188,113,-1942,1031,-384,-265,177
2025-11-27T10:56:00.314714,128,302,761,546,445,253,116,118,-9978,7538,-5337,9142,105,-1979,1074,-326,-208,138
2025-11-27T10:56:00.337181,130,296,751,593,441,213,103,115,-9982,7563,-5352,9107,164,-2109,984,-271,-153,74
2025-11-27T10:56:00.352884,128,270,730,591,433,233,103,112,-10013,7546,-5353,9087,315,-2156,1027,5,-55,230
2025-11-27T10:56:00.374954,117,243,701,680,505,226,96,103,-10063,7507,-5343,9070,223,-1898,1015,128,-61,261
2025-11-27T10:56:00.397460,118,258,705,657,478,225,90,100,-10099,7499,-5328,9045,186,-1907,975,14,-176,155
2025-11-27T10:56:00.412879,88,217,602,603,465,212,73,67,-10127,7495,-5308,9029,214,-1920,1044,-25,-165,96
2025-11-27T10:56:00.434841,73,194,545,554,426,215,71,86,-10149,7483,-5289,9025,226,-1951,972,59,-89,59
2025-11-27T10:56:00.457744,73,195,590,551,331,188,68,85,-10178,7455,-5262,9032,241,-1986,991,182,-50,56
2025-11-27T10:56:00.472528,68,199,531,385,222,179,61,89,-10211,7421,-5235,9039,264,-1905,970,208,-27,97
2025-11-27T10:56:00.494608,62,206,522,382,224,167,61,91,-10237,7389,-5186,9064,342,-1842,937,303,-33,-7
2025-11-27T10:56:00.517498,65,184,489,440,303,190,72,91,-10252,7359,-5141,9096,315,-1808,955,257,-1,-72
2025-11-27T10:56:00.531977,71,181,479,430,316,194,73,72,-10261,7339,-5119,9115,285,-1910,928,151,27,-32
2025-11-27T10:56:00.559156,70,198,414,398,308,159,64,69,-10277,7310,-5087,9138,235,-1909,854,289,9,-52
2025-11-27T10:56:00.577436,69,201,429,427,292,159,65,62,-10302,7278,-5049,9157,215,-1876,880,313,-34,-38
2025-11-27T10:56:00.599762,65,172,392,418,379,184,69,60,-10330,7247,-5007,9172,239,-1870,942,304,-63,-9
2025-11-27T10:56:00.615302,60,170,380,369,332,160,59,59,-10357,7214,-4965,9191,240,-1813,971,298,-44,-23
2025-11-27T10:56:00.637505,69,190,366,375,324,151,54,71,-10374,7182,-4931,9215,276,-1810,955,263,12,-36
2025-11-27T10:56:00.660242,70,169,378,369,326,181,65,73,-10390,7143,-4911,9238,211,-1840,965,252,76,-26
2025-11-27T10:56:00.674935,72,157,362,399,319,176,71,77,-10411,7094,-4891,9263,173,-1892,893,357,101,-20
2025-11-27T10:56:00.695321,85,234,422,393,214,143,64,79,-10447,7026,-4859,9291,166,-1932,950,502,88,18
2025-11-27T10:56:00.718310,86,244,410,444,310,242,87,80,-10500,6949,-4822,9309,127,-1839,949,561,48,97
2025-11-27T10:56:00.734538,69,223,421,466,322,260,101,71,-10549,6875,-4767,9336,179,-1609,984,555,12,44
2025-11-27T10:56:00.757441,82,224,400,458,320,243,137,268,-10575,6839,-4728,9353,197,-1622,891,345,-24,-9
2025-11-27T10:56:00.779973,82,243,439,393,339,255,141,284,-10602,6810,-4703,9356,212,-1838,968,287,-33,63
2025-11-27T10:56:00.794956,71,172,365,460,333,304,148,288,-10652,6756,-4673,9354,135,-1955,977,475,-38,136
2025-11-27T10:56:00.816950,80,176,375,402,248,244,137,295,-10721,6670,-4592,9377,186,-1665,1008,763,-79,84
2025-11-27T10:56:00.839880,85,174,516,433,249,231,134,303,-10765,6614,-4532,9395,222,-1546,937,533,-61,45
2025-11-27T10:56:00.855013,82,175,559,561,474,239,91,163,-10782,6609,-4513,9389,200,-1569,942,118,-86,45
2025-11-27T10:56:00.877457,85,146,647,576,473,233,81,134,-10766,6633,-4505,9393,322,-1615,849,-28,-27,-63
2025-11-27T10:56:00.901396,136,190,643,525,470,165,71,154,-10741,6692,-4507,9379,107,-1660,550,-89,-178,-164
2025-11-27T10:56:00.914999,134,169,623,612,462,147,70,150,-10722,6782,-4501,9338,104,-1778,483,-150,-380,-121
2025-11-27T10:56:00.937257,130,166,651,685,560,176,63,131,-10731,6852,-4467,9294,146,-1586,494,7,-451,-30
2025-11-27T10:56:00.959620,125,166,652,625,429,191,81,132,-10733,6952,-4433,9234,215,-1461,565,-219,-567,-1
2025-11-27T10:56:00.974940,134,189,669,681,423,202,99,168,-10713,7090,-4432,9152,280,-1566,552,-525,-570,50
2025-11-27T10:56:00.997304,94,186,680,764,436,209,101,143,-10696,7231,-4441,9056,215,-1641,564,-583,-605,87
2025-11-27T10:56:01.019965,100,212,822,782,454,224,113,139,-10683,7340,-4421,8994,455,-1599,805,-457,-487,70
2025-11-27T10:56:01.034699,194,280,901,708,398,209,116,178,-10684,7412,-4422,8932,306,-1648,902,-392,-369,143
2025-11-27T10:56:01.057396,203,287,890,679,434,224,116,190,-10665,7480,-4447,8886,442,-1833,953,-472,-176,140
2025-11-27T10:56:01.079852,197,272,804,644,440,210,102,161,-10647,7503,-4464,8880,483,-1764,1041,-278,40,77
2025-11-27T10:56:01.094685,196,266,862,572,444,206,98,161,-10629,7510,-4490,8882,339,-1772,1035,-241,102,23
2025-11-27T10:56:01.117465,190,271,750,451,420,203,84,154,-10603,7530,-4520,8881,338,-1942,1133,-334,77,-16
2025-11-27T10:56:01.139922,107,215,668,467,365,222,81,115,-10579,7534,-4544,8895,401,-2002,1198,-250,148,-27
2025-11-27T10:56:01.154953,89,203,670,500,277,185,69,89,-10564,7523,-4568,8909,277,-2012,1123,-136,153,-33
2025-11-27T10:56:01.177519,85,201,662,451,259,181,71,86,-10552,7511,-4562,8937,351,-1992,1111,-10,101,-116
2025-11-27T10:56:01.200042,75,165,553,386,236,175,73,83,-10561,7479,-4544,8962,327,-1991,1152,137,69,-54
2025-11-27T10:56:01.215032,89,193,612,454,332,233,95,106,-10580,7426,-4518,8997,334,-1945,1218,247,116,-45
2025-11-27T10:56:01.237337,79,213,461,411,342,246,122,110,-10597,7374,-4507,9025,245,-1791,1160,180,135,-12
2025-11-27T10:56:01.260064,79,217,434,369,331,241,121,105,-10597,7331,-4507,9060,282,-1897,1005,185,212,-73
2025-11-27T10:56:01.279174,79,215,416,360,335,241,119,105,-10606,7282,-4513,9086,148,-1869,884,259,196,-45
2025-11-27T10:56:01.297552,83,219,429,514,340,292,130,106,-10613,7234,-4507,9119,242,-1879,845,324,200,-60
2025-11-27T10:56:01.319832,65,165,290,449,264,248,114,83,-10620,7177,-4500,9159,249,-1747,833,350,238,-59
2025-11-27T10:56:01.334855,52,111,229,463,215,215,109,66,-10624,7116,-4497,9204,266,-1617,847,324,287,-56
2025-11-27T10:56:01.357331,62,109,355,593,313,277,150,79,-10609,7079,-4520,9238,280,-1567,804,106,325,-37
2025-11-27T10:56:01.380554,99,107,363,610,341,320,169,99,-10569,7083,-4574,9254,299,-1563,669,-179,311,-29
2025-11-27T10:56:01.394941,105,97,345,501,334,294,167,139,-10516,7099,-4631,9274,310,-1712,637,-206,322,-98
2025-11-27T10:56:01.417187,111,76,344,511,364,291,169,197,-10486,7100,-4675,9286,283,-1816,702,-72,254,-21
2025-11-27T10:56:01.439906,115,103,510,605,368,287,164,208,-10489,7053,-4705,9302,175,-1750,829,149,282,68
2025-11-27T10:56:01.455325,112,106,454,492,370,268,144,208,-10499,7018,-4742,9299,51,-1673,845,45,176,105
2025-11-27T10:56:01.477447,84,106,440,517,340,227,130,204,-10482,7004,-4775,9312,272,-1613,845,-67,241,32
2025-11-27T10:56:01.500470,68,108,438,506,340,228,165,179,-10454,6995,-4828,9322,214,-1657,847,-180,291,22
2025-11-27T10:56:01.514947,63,109,450,485,310,265,216,122,-10406,6997,-4890,9342,292,-1901,881,-234,364,-50
2025-11-27T10:56:01.537210,56,84,344,342,312,284,224,104,-10364,6969,-4942,9383,328,-1919,929,-70,468,-57
2025-11-27T10:56:01.559736,55,74,425,384,225,275,219,98,-10335,6917,-5008,9417,226,-1857,929,-25,534,36
2025-11-27T10:56:01.582414,46,67,437,450,265,269,217,85,-10316,6864,-5074,9442,63,-1688,918,-53,465,40
2025-11-27T10:56:01.597269,58,182,464,591,317,254,188,96,-10284,6854,-5140,9449,-6,-1766,918,-248,287,-44
2025-11-27T10:56:01.619567,94,275,591,595,343,333,141,110,-10257,6863,-5201,9438,-5,-1906,951,-310,163,-16
2025-11-27T10:56:01.642432,98,289,565,631,336,336,114,103,-10236,6867,-5241,9436,61,-1850,907,-188,130,-30
2025-11-27T10:56:01.657907,97,290,491,595,323,309,107,126,-10221,6867,-5268,9438,110,-1805,894,-119,112,-17
2025-11-27T10:56:01.679941,98,296,485,500,283,308,100,133,-10202,6877,-5302,9432,89,-1734,832,-194,94,-8
2025-11-27T10:56:01.702978,95,254,469,337,217,306,96,127,-10174,6897,-5336,9428,84,-1787,882,-264,74,-70
2025-11-27T10:56:01.717429,57,150,274,315,134,159,64,105,-10151,6920,-5356,9424,84,-1894,908,-209,8,-102
2025-11-27T10:56:01.739919,46,159,268,259,124,102,61,104,-10141,6936,-5352,9425,136,-1910,989,-102,-58,-89
2025-11-27T10:56:01.762423,64,197,329,276,205,218,78,93,-10143,6940,-5349,9422,125,-1966,997,-36,-53,-26
2025-11-27T10:56:01.777429,67,207,345,287,238,234,88,82,-10163,6929,-5336,9416,127,-1897,1098,22,-79,52
2025-11-27T10:56:01.799845,67,198,342,273,242,232,135,106,-10188,6904,-5307,9425,184,-1908,1195,119,-53,30
2025-11-27T10:56:01.822395,65,197,339,297,242,238,144,112,-10230,6849,-5277,9436,139,-2001,1282,265,-3,103
2025-11-27T10:56:01.837273,67,165,307,261,258,253,149,116,-10290,6756,-5244,9456,35,-2047,1362,451,75,149
2025-11-27T10:56:01.859519,52,136,222,240,205,181,151,109,-10367,6625,-5194,9491,-37,-2051,1425,708,132,151
2025-11-27T10:56:01.882418,55,176,204,252,166,149,182,124,-10458,6464,-5132,9537,-66,-2033,1440,918,178,178
2025-11-27T10:56:01.897061,59,182,183,260,245,191,166,111,-10563,6287,-5075,9570,-131,-2065,1384,1038,190,287
2025-11-27T10:56:01.919538,60,180,193,250,347,233,166,113,-10685,6061,-4983,9628,-182,-2000,1416,1419,236,260
2025-11-27T10:56:01.942442,62,183,310,239,385,232,171,113,-10807,5829,-4862,9697,-237,-1943,1327,1619,230,254
2025-11-27T10:56:01.957445,60,169,315,300,400,223,160,104,-10967,5544,-4713,9758,-366,-1860,1360,1969,217,440
2025-11-27T10:56:01.979587,52,96,313,335,530,341,166,87,-11125,5250,-4522,9831,-389,-1545,1315,2152,113,318
2025-11-27T10:56:02.002563,53,74,308,412,567,471,206,87,-11222,5038,-4339,9914,-184,-1088,1177,1704,0,-7
2025-11-27T10:56:02.017217,54,76,392,435,531,461,207,80,-11285,4892,-4149,9996,-37,-1177,1182,1412,-210,-239
2025-11-27T10:56:02.039833,49,66,317,446,548,491,204,73,-11331,4808,-3950,10066,-7,-1404,1147,1280,-449,-351
2025-11-27T10:56:02.062986,51,54,309,512,641,520,210,78,-11368,4738,-3719,10146,46,-1395,1167,1360,-584,-481
2025-11-27T10:56:02.077429,56,61,303,551,680,500,189,79,-11403,4663,-3435,10240,83,-1284,1228,1534,-746,-626
2025-11-27T10:56:02.101011,52,70,312,589,771,384,133,66,-11433,4579,-3098,10352,100,-1112,1192,1700,-878,-772
2025-11-27T10:56:02.122612,63,89,234,727,913,415,128,67,-11439,4536,-2757,10460,162,-1015,1208,1537,-1028,-901
2025-11-27T10:56:02.137402,66,98,252,796,1038,492,147,69,-11405,4507,-2408,10595,209,-950,1232,1467,-1024,-1174
2025-11-27T10:56:02.159587,80,120,290,783,1168,603,209,86,-11340,4505,-2058,10737,419,-880,1247,1310,-1027,-1293
2025-11-27T10:56:02.182419,78,119,373,834,1167,697,231,89,-11226,4555,-1766,10888,467,-1208,1130,1028,-935,-1497
2025-11-27T10:56:02.197472,86,117,375,829,1216,760,243,97,-11111,4582,-1462,11038,830,-1033,1123,1103,-746,-1405
2025-11-27T10:56:02.219955,89,128,435,835,1210,810,280,103,-11012,4628,-1249,11145,1105,-1244,1192,779,-448,-1033
2025-11-27T10:56:02.242453,94,132,428,790,1105,764,276,105,-10948,4657,-1081,11212,1230,-925,1211,565,-249,-608
2025-11-27T10:56:02.257820,81,112,458,768,923,708,240,92,-10904,4682,-980,11254,1307,-892,1134,359,5,-318
2025-11-27T10:56:02.279884,83,115,421,684,863,598,213,90,-10851,4710,-947,11296,1367,-778,1104,26,282,-210
2025-11-27T10:56:02.302449,98,288,445,624,687,524,206,94,-10813,4737,-958,11320,1372,-727,1082,-138,417,-9
2025-11-27T10:56:02.317423,98,298,371,484,500,416,154,92,-10777,4803,-1047,11319,1279,-737,1147,-617,457,186
2025-11-27T10:56:02.339624,93,309,361,482,500,421,144,90,-10750,4876,-1201,11298,1119,-755,1270,-921,541,369
2025-11-27T10:56:02.362450,99,343,354,438,474,350,136,94,-10702,4950,-1405,11288,1021,-832,1268,-1135,709,304
2025-11-27T10:56:02.377421,101,350,327,393,428,319,188,107,-10639,5018,-1616,11289,913,-1016,1298,-1106,725,176
2025-11-27T10:56:02.399793,107,261,410,477,418,289,188,100,-10575,5097,-1824,11283,807,-1047,1171,-1109,642,169
2025-11-27T10:56:02.422383,127,364,490,432,391,269,186,114,-10509,5223,-2088,11241,591,-1174,945,-1427,542,289
2025-11-27T10:56:02.437455,137,388,587,395,328,192,182,124,-10445,5368,-2378,11174,502,-1462,1049,-1738,420,398
2025-11-27T10:56:02.460256,134,366,696,411,318,164,172,119,-10415,5514,-2679,11063,344,-1452,1212,-1780,332,696
2025-11-27T10:56:02.482442,135,389,745,481,288,161,105,106,-10391,5697,-2967,10918,112,-1451,1234,-1896,52,767
2025-11-27T10:56:02.504886,137,416,784,572,267,154,100,111,-10334,5919,-3255,10770,125,-1606,968,-2073,-51,611
2025-11-27T10:56:02.519839,114,369,772,571,271,171,102,94,-10304,6102,-3500,10619,-49,-1731,1000,-1732,-116,660
2025-11-27T10:56:02.542442,106,349,803,739,303,240,113,80,-10327,6242,-3737,10434,-221,-1860,1363,-1478,-315,765
2025-11-27T10:56:02.564928,109,353,737,817,309,252,117,82,-10299,6426,-3985,10257,-128,-903,1047,-1863,-159,786
2025-11-27T10:56:02.579886,115,337,749,803,336,278,123,83,-10184,6685,-4234,10105,-241,-1313,810,-2237,-248,266
2025-11-27T10:56:02.602267,93,292,729,751,399,269,108,70,-10056,6926,-4500,9954,-179,-1825,1215,-2288,-108,277
2025-11-27T10:56:02.625517,97,230,766,866,457,265,105,72,-9929,7125,-4793,9804,-101,-2207,1150,-2215,131,411
2025-11-27T10:56:02.644260,109,213,678,886,447,206,94,74,-9893,7200,-4982,9691,-150,-1987,1173,-1266,40,361
2025-11-27T10:56:02.662549,106,205,636,826,489,196,88,70,-9889,7220,-5064,9637,-221,-1771,1214,-626,-66,84
2025-11-27T10:56:02.684529,101,181,657,879,492,182,80,70,-9868,7283,-5172,9553,-105,-1660,1227,-1010,-135,200
2025-11-27T10:56:02.702084,95,181,584,867,416,189,85,70,-9822,7376,-5314,9451,-100,-1910,1225,-1281,-107,196
2025-11-27T10:56:02.721574,90,186,663,816,372,180,81,63,-9787,7431,-5403,9394,50,-2132,1324,-903,-43,79
2025-11-27T10:56:02.744533,68,187,666,664,388,195,77,59,-9778,7459,-5471,9341,4,-2125,1218,-625,-66,126
2025-11-27T10:56:02.759079,114,218,688,665,333,198,83,78,-9782,7481,-5508,9297,46,-2099,1157,-443,-134,103
2025-11-27T10:56:02.782422,125,220,607,603,312,177,78,89,-9796,7488,-5520,9270,5,-1959,1075,-244,-143,27
2025-11-27T10:56:02.804513,132,209,690,692,315,190,77,89,-9802,7502,-5520,9253,121,-1995,1027,-200,-141,-8
2025-11-27T10:56:02.819840,134,208,567,718,324,209,85,94,-9801,7517,-5519,9242,197,-2045,1001,-187,-102,-31
2025-11-27T10:56:02.842062,146,287,703,725,346,222,95,100,-9794,7527,-5513,9244,249,-2002,909,-107,-44,-60
2025-11-27T10:56:02.865408,117,274,724,774,356,219,93,86,-9792,7540,-5520,9232,211,-1992,762,-103,-52,5
2025-11-27T10:56:02.879845,104,276,785,802,394,251,98,75,-9786,7555,-5524,9224,299,-2022,717,-72,-37,15
2025-11-27T10:56:02.902274,106,303,712,748,417,248,97,74,-9776,7570,-5517,9225,372,-1816,631,-30,-18,-10
2025-11-27T10:56:02.924927,141,311,763,681,392,233,92,76,-9766,7599,-5524,9209,246,-1847,613,-142,-84,-6
2025-11-27T10:56:02.940045,183,275,634,664,352,203,84,99,-9753,7629,-5549,9183,183,-2011,596,-195,-58,13
2025-11-27T10:56:02.962498,186,266,586,578,382,191,77,108,-9761,7635,-5571,9155,157,-2021,626,-75,-47,119
2025-11-27T10:56:02.984906,184,265,515,522,350,174,70,105,-9777,7628,-5591,9132,192,-1913,569,18,-4,169
2025-11-27T10:56:02.999603,180,227,547,421,334,155,64,108,-9782,7633,-5621,9104,187,-1782,555,-115,4,166
2025-11-27T10:56:03.022395,163,275,555,503,405,170,73,112,-9770,7667,-5658,9066,153,-1821,586,-312,-66,99
2025-11-27T10:56:03.052782,228,351,648,614,422,185,82,106,-9753,7706,-5704,9022,149,-1930,595,-378,-56,106
2025-11-27T10:56:03.059705,228,364,645,672,381,186,84,121,-9743,7735,-5741,8984,190,-2013,531,-248,-46,121
2025-11-27T10:56:03.082396,238,362,652,768,376,180,94,133,-9746,7741,-5778,8952,157,-1967,471,-101,18,181
2025-11-27T10:56:03.104231,241,372,676,811,418,183,98,134,-9748,7729,-5836,8922,106,-1863,476,-134,138,242
2025-11-27T10:56:03.119429,248,351,622,785,404,174,106,133,-9731,7724,-5905,8900,174,-1836,517,-251,227,221
2025-11-27T10:56:03.142040,141,242,727,724,410,168,98,130,-9708,7726,-5994,8864,90,-1913,503,-376,232,244
2025-11-27T10:56:03.164407,159,215,806,700,404,164,98,114,-9695,7729,-6077,8819,81,-1938,590,-400,160,295
2025-11-27T10:56:03.179513,194,240,886,652,408,184,109,128,-9685,7724,-6146,8786,99,-2005,574,-287,174,254
2025-11-27T10:56:03.202023,195,234,848,661,371,244,126,142,-9687,7702,-6196,8768,97,-2020,595,-128,176,234
2025-11-27T10:56:03.224926,180,185,843,615,316,246,113,137,-9679,7682,-6242,8763,222,-1858,659,-173,231,221
2025-11-27T10:56:03.239845,178,176,732,591,250,237,112,126,-9668,7668,-6298,8747,136,-1973,772,-302,209,215
2025-11-27T10:56:03.262441,159,176,647,600,242,240,109,124,-9666,7647,-6323,8749,215,-2203,946,-188,160,162
2025-11-27T10:56:03.284816,89,131,528,557,247,219,94,97,-9686,7605,-6310,8773,223,-2211,1040,60,110,102
2025-11-27T10:56:03.301113,78,113,512,478,212,162,71,74,-9720,7553,-6264,8813,251,-2099,1089,236,52,49
2025-11-27T10:56:03.322269,70,112,458,455,206,149,138,138,-9747,7503,-6206,8866,302,-2094,1092,286,56,-32
2025-11-27T10:56:03.344960,64,96,333,439,230,204,146,140,-9783,7429,-6148,8930,250,-2175,1211,379,128,-21
2025-11-27T10:56:03.359871,52,95,284,403,299,221,153,139,-9822,7317,-6093,9017,208,-2254,1262,571,303,-26
2025-11-27T10:56:03.382403,53,106,235,327,327,226,150,138,-9879,7150,-6017,9138,60,-2200,1298,939,426,-90
2025-11-27T10:56:03.404615,46,91,264,300,467,258,154,142,-9955,6944,-5928,9272,-92,-2135,1335,1198,461,-103
2025-11-27T10:56:03.419901,40,94,267,324,535,271,156,107,-10034,6736,-5834,9399,-233,-2113,1302,1266,407,-141
2025-11-27T10:56:03.442359,40,104,257,301,552,238,181,137,-10116,6538,-5745,9505,-348,-2090,1195,1277,309,-123
2025-11-27T10:56:03.465187,62,139,269,267,569,247,274,203,-10211,6342,-5640,9599,-371,-2188,1132,1416,191,-76
2025-11-27T10:56:03.488081,67,160,414,335,737,403,290,208,-10332,6139,-5477,9695,-492,-2279,1122,1708,33,33
2025-11-27T10:56:03.503023,75,191,488,430,706,408,293,208,-10494,5924,-5278,9765,-574,-2252,998,1938,-186,202
2025-11-27T10:56:03.524867,81,207,496,415,677,410,274,199,-10722,5700,-4989,9803,-725,-2096,1016,2349,-679,355
2025-11-27T10:56:03.547378,83,210,511,484,707,433,261,182,-10933,5468,-4593,9895,-381,-1648,1018,2770,-891,-50
2025-11-27T10:56:03.566519,71,189,509,549,735,487,165,105,-11104,5308,-4242,9948,29,-1276,992,2200,-946,-34
2025-11-27T10:56:03.584648,65,168,445,525,619,389,144,100,-11212,5249,-3988,9963,109,-1431,901,1472,-879,-62
2025-11-27T10:56:03.608583,57,137,378,488,599,372,135,91,-11318,5155,-3711,9999,186,-1803,997,1616,-810,-144
2025-11-27T10:56:03.622430,46,108,364,480,680,428,143,82,-11434,4996,-3381,10065,224,-1669,1026,2100,-753,-238
2025-11-27T10:56:03.644893,53,96,454,466,732,466,175,84,-11553,4803,-3017,10138,227,-1287,1090,2331,-764,-273
2025-11-27T10:56:03.667918,49,80,455,435,748,444,180,78,-11656,4628,-2649,10205,88,-1041,1229,2215,-857,-340
2025-11-27T10:56:03.682028,57,83,415,549,747,440,183,82,-11714,4513,-2311,10272,117,-1065,1213,1810,-900,-510
2025-11-27T10:56:03.704927,56,75,391,667,792,478,198,83,-11729,4418,-1979,10365,228,-1060,1198,1671,-866,-761
2025-11-27T10:56:03.727405,56,75,486,754,762,441,186,83,-11708,4311,-1621,10495,278,-875,1206,1766,-849,-1065
2025-11-27T10:56:03.742413,50,72,407,780,801,502,158,69,-11645,4255,-1301,10631,272,-961,1145,1510,-857,-1259
2025-11-27T10:56:03.764880,57,82,475,796,902,517,161,72,-11564,4207,-995,10771,426,-779,1146,1334,-759,-1278
2025-11-27T10:56:03.787409,46,70,480,757,1033,533,161,60,-11439,4197,-726,10929,676,-749,1078,1015,-606,-1425
2025-11-27T10:56:03.802357,50,71,536,766,1062,519,149,64,-11281,4251,-505,11084,926,-881,1005,627,-542,-1469
2025-11-27T10:56:03.824801,50,67,482,698,1062,569,163,66,-11134,4306,-314,11217,1233,-758,1034,462,-339,-1237
2025-11-27T10:56:03.846999,50,64,475,662,989,474,160,68,-11016,4364,-187,11314,1367,-725,995,245,-99,-872
2025-11-27T10:56:03.862850,44,77,408,711,839,442,147,63,-10922,4451,-160,11371,1431,-898,1035,-150,113,-507
2025-11-27T10:56:03.884903,54,89,389,684,635,414,133,63,-10873,4513,-180,11393,1407,-563,991,-329,325,-68
2025-11-27T10:56:03.907416,120,125,302,537,519,389,138,67,-10840,4589,-287,11392,1326,-465,1021,-758,506,228
2025-11-27T10:56:03.922256,126,144,298,530,518,296,114,64,-10795,4701,-490,11383,1164,-804,1052,-1150,633,267
2025-11-27T10:56:03.944980,129,160,363,497,465,272,102,61,-10772,4798,-726,11351,1109,-856,1142,-1212,732,494
2025-11-27T10:56:03.967223,130,154,358,340,463,224,99,59,-10766,4878,-1014,11301,940,-801,1311,-1421,855,714
2025-11-27T10:56:03.982401,129,149,357,372,416,198,99,58,-10751,4956,-1361,11244,647,-934,1376,-1665,899,706
2025-11-27T10:56:04.004997,73,135,418,507,370,167,82,44,-10730,5020,-1698,11190,452,-1203,1504,-1517,871,610
2025-11-27T10:56:04.027386,82,210,473,525,225,130,78,61,-10702,5055,-2017,11148,277,-1338,1470,-1311,886,466
2025-11-27T10:56:04.042408,85,238,506,548,231,127,78,61,-10659,5106,-2340,11103,192,-1317,1391,-1424,838,419
2025-11-27T10:56:04.065048,85,244,556,563,208,115,69,63,-10602,5200,-2665,11041,169,-1378,1440,-1711,737,472
2025-11-27T10:56:04.087397,87,276,660,589,199,111,69,64,-10537,5327,-3022,10950,83,-1245,1320,-2001,685,579
2025-11-27T10:56:04.102153,98,295,704,511,211,103,67,76,-10456,5481,-3355,10854,-98,-1342,1166,-2030,492,447
2025-11-27T10:56:04.124861,98,256,736,539,224,127,75,79,-10350,5661,-3653,10766,-152,-1759,997,-1991,314,217
2025-11-27T10:56:04.147346,114,264,741,647,252,170,97,91,-10276,5803,-3941,10660,-55,-2040,1027,-1552,272,278
2025-11-27T10:56:04.166365,126,325,806,785,368,225,119,97,-10258,5862,-4129,10574,-7,-1638,1042,-933,208,398
2025-11-27T10:56:04.184628,180,341,751,813,479,247,121,100,-10241,5933,-4353,10460,-162,-1206,1037,-1309,192,533
2025-11-27T10:56:04.207742,183,334,765,870,518,273,130,101,-10156,6145,-4610,10310,-395,-1257,802,-2048,-78,362
2025-11-27T10:56:04.221977,185,340,731,968,520,277,129,96,-10056,6384,-4825,10162,-135,-1774,950,-2014,-274,192
2025-11-27T10:56:04.244859,193,373,807,956,551,252,113,86,-9974,6604,-4981,10026,-175,-2176,938,-1664,-423,102
2025-11-27T10:56:04.267648,191,323,903,914,519,215,94,81,-9951,6723,-5102,9909,-22,-1850,1096,-1121,-298,260
2025-11-27T10:56:04.282250,142,280,892,864,423,192,87,83,-9945,6796,-5222,9802,-200,-1633,1077,-971,-191,298
2025-11-27T10:56:04.304908,131,288,858,783,383,245,93,81,-9921,6897,-5361,9680,-189,-1712,1173,-1257,-219,290
2025-11-27T10:56:04.327362,123,281,852,622,386,282,106,80,-9869,7015,-5503,9567,-107,-1985,1201,-1353,-169,172
2025-11-27T10:56:04.342402,89,202,763,539,315,289,115,87,-9830,7127,-5589,9476,-18,-2074,1091,-1029,-283,56
2025-11-27T10:56:04.373417,90,253,597,534,280,284,123,95,-9814,7199,-5632,9412,5,-2247,1139,-655,-272,20
2025-11-27T10:56:04.386990,85,272,606,539,320,288,123,90,-9835,7226,-5657,9354,-70,-2116,1134,-369,-258,126
2025-11-27T10:56:04.410604,82,247,558,550,346,228,109,81,-9840,7244,-5662,9332,140,-2106,1178,-282,-136,36
2025-11-27T10:56:04.424933,79,253,520,570,338,165,93,81,-9830,7265,-5672,9320,240,-1851,1128,-351,-52,27
2025-11-27T10:56:04.447407,91,277,544,607,347,155,89,74,-9803,7319,-5696,9291,194,-2001,985,-490,-122,-33
2025-11-27T10:56:04.470277,111,313,497,617,388,180,95,70,-9791,7360,-5711,9262,143,-2210,947,-330,-148,-23
2025-11-27T10:56:04.484904,112,314,487,658,397,217,104,86,-9809,7355,-5703,9252,94,-2229,918,33,-103,17
2025-11-27T10:56:04.506982,114,314,468,655,367,203,101,85,-9843,7318,-5674,9263,221,-2030,907,260,-16,82
2025-11-27T10:56:04.530698,110,301,478,647,361,197,98,78,-9867,7299,-5673,9253,145,-1802,776,72,-22,130
2025-11-27T10:56:04.544891,101,304,443,621,379,212,99,85,-9864,7308,-5703,9230,155,-1872,758,-193,12,118
2025-11-27T10:56:04.568050,78,265,393,539,337,184,78,82,-9867,7322,-5741,9193,67,-1960,756,-234,-31,151
2025-11-27T10:56:04.590629,74,244,403,457,286,165,76,65,-9873,7326,-5737,9186,160,-2052,733,22,-58,18
2025-11-27T10:56:04.604886,82,291,427,495,308,182,84,75,-9899,7315,-5702,9188,207,-1875,706,225,-120,32
2025-11-27T10:56:04.628128,101,304,483,483,321,189,85,78,-9920,7313,-5680,9180,178,-1842,697,120,-126,53
2025-11-27T10:56:04.650318,98,280,502,458,279,173,80,73,-9942,7316,-5663,9166,186,-1924,794,49,-141,78
2025-11-27T10:56:04.664789,100,262,526,427,235,170,80,81,-9965,7301,-5641,9165,233,-1987,837,146,-66,78
2025-11-27T10:56:04.687423,103,261,498,419,228,127,65,84,-9997,7269,-5616,9171,195,-1985,887,235,-29,95
2025-11-27T10:56:04.718150,97,212,486,365,159,110,65,89,-10037,7213,-5584,9192,202,-1957,983,339,41,105
2025-11-27T10:56:04.724762,94,216,425,320,163,112,66,133,-10081,7143,-5559,9213,133,-1944,1008,376,90,122
2025-11-27T10:56:04.746941,97,214,316,290,274,108,60,133,-10123,7075,-5538,9232,80,-1994,1019,358,87,108
2025-11-27T10:56:04.770631,84,172,259,345,297,150,155,157,-10155,7012,-5504,9265,123,-1965,1005,404,88,13
2025-11-27T10:56:04.785045,83,172,258,377,313,161,162,165,-10189,6952,-5465,9297,80,-1911,922,451,54,-15
2025-11-27T10:56:04.807386,81,166,249,379,322,162,168,164,-10239,6876,-5408,9331,16,-2055,1000,616,-2,-15
2025-11-27T10:56:04.830629,61,133,157,388,393,176,170,129,-10316,6778,-5352,9350,-92,-2106,1027,750,-37,110
2025-11-27T10:56:04.844410,54,107,160,432,427,245,173,129,-10401,6677,-5262,9380,34,-1764,1009,848,-107,103
2025-11-27T10:56:04.866813,50,103,162,394,439,225,114,86,-10459,6610,-5190,9403,65,-1592,903,618,-106,35
2025-11-27T10:56:04.890548,65,157,407,439,426,226,115,82,-10479,6581,-5133,9433,143,-1939,855,488,-67,-116
2025-11-27T10:56:04.904826,71,245,404,496,429,226,105,71,-10503,6522,-5092,9469,137,-2032,766,641,95,-43
2025-11-27T10:56:04.927342,72,251,447,587,403,235,111,72,-10559,6446,-5001,9506,83,-1706,826,837,-103,-43
2025-11-27T10:56:04.950299,74,260,470,635,450,184,115,70,-10602,6382,-4911,9549,224,-1574,927,702,-69,-54
2025-11-27T10:56:04.964768,74,266,470,632,448,189,108,76,-10627,6361,-4853,9565,159,-1532,914,357,-138,-53
2025-11-27T10:56:04.987469,63,242,329,607,485,188,133,87,-10648,6356,-4787,9578,179,-1820,1058,340,-222,-103
2025-11-27T10:56:05.010409,53,157,357,579,564,216,136,90,-10703,6291,-4695,9605,166,-1998,1220,731,-153,-21
2025-11-27T10:56:05.024874,52,174,365,504,591,227,131,90,-10800,6160,-4576,9639,38,-1783,1354,1069,-130,89
2025-11-27T10:56:05.047354,51,162,349,458,515,241,133,90,-10891,6027,-4460,9675,-8,-1631,1407,1012,-118,64
2025-11-27T10:56:05.071076,49,168,352,457,505,258,131,88,-10963,5936,-4371,9689,-53,-1653,1352,747,-180,51
2025-11-27T10:56:05.084897,44,162,379,440,609,296,105,66,-11028,5852,-4274,9711,-13,-1840,1374,818,-195,-21
2025-11-27T10:56:05.107189,44,154,384,450,624,351,114,66,-11110,5706,-4145,9761,-17,-1912,1489,1243,-90,-43
2025-11-27T10:56:05.130629,46,113,437,476,577,398,132,65,-11230,5506,-3973,9809,-254,-1897,1491,1652,-94,121
2025-11-27T10:56:05.144870,44,117,435,449,616,439,141,61,-11338,5305,-3738,9888,-268,-1505,1369,1874,-265,-151
2025-11-27T10:56:05.167365,45,102,436,425,685,443,141,57,-11427,5148,-3465,9968,-102,-1123,1310,1778,-521,-332
2025-11-27T10:56:05.190417,45,117,379,421,606,434,137,53,-11503,5028,-3215,10025,-110,-1343,1329,1572,-674,-375
2025-11-27T10:56:05.213829,44,112,437,492,849,442,133,50,-11571,4911,-2941,10088,-26,-1381,1340,1607,-665,-382
2025-11-27T10:56:05.227160,51,111,356,525,884,415,127,59,-11610,4770,-2656,10189,-19,-1246,1264,1730,-537,-627
2025-11-27T10:56:05.250589,53,107,358,706,907,409,121,63,-11612,4611,-2343,10336,80,-1081,1205,1879,-467,-957
2025-11-27T10:56:05.272850,55,103,353,752,891,454,130,64,-11595,4484,-2002,10482,160,-903,1194,1809,-674,-1085
2025-11-27T10:56:05.287366,55,81,357,819,958,503,151,65,-11553,4404,-1670,10620,209,-849,1258,1574,-833,-1188
2025-11-27T10:56:05.310541,53,74,223,815,754,486,157,65,-11479,4411,-1385,10738,393,-942,1145,1085,-896,-1182
2025-11-27T10:56:05.333192,47,66,187,988,783,509,158,61,-11388,4437,-1129,10853,625,-1033,1202,930,-771,-1169
2025-11-27T10:56:05.347072,48,62,211,880,790,495,156,60,-11305,4438,-851,10964,776,-1009,1173,1128,-712,-1134
2025-11-27T10:56:05.370620,44,58,311,868,774,459,151,58,-11226,4428,-578,11067,981,-924,1139,1141,-584,-1034
2025-11-27T10:56:05.393065,45,58,324,837,697,390,129,55,-11149,4435,-356,11150,1125,-648,1159,765,-426,-820
2025-11-27T10:56:05.407300,43,55,326,816,652,363,113,50,-11079,4475,-220,11207,1217,-822,1214,393,-246,-593
2025-11-27T10:56:05.430551,43,57,408,551,646,288,96,44,-11031,4529,-144,11235,1397,-894,1216,173,-49,-297
2025-11-27T10:56:05.453159,37,53,396,526,590,258,99,39,-11014,4559,-115,11239,1454,-627,1249,0,203,54
2025-11-27T10:56:05.467628,36,52,326,480,560,233,95,43,-11010,4584,-154,11233,1346,-592,1276,-248,404,233
2025-11-27T10:56:05.490182,76,125,339,413,534,244,103,50,-10992,4625,-247,11232,1279,-699,1241,-492,536,213
2025-11-27T10:56:05.512673,83,172,395,343,509,211,101,58,-10972,4666,-388,11231,1226,-736,1232,-669,692,276
2025-11-27T10:56:05.526799,88,225,333,308,407,206,102,65,-10958,4712,-596,11216,1067,-812,1182,-904,844,422
2025-11-27T10:56:05.550532,89,261,336,279,380,191,88,64,-10934,4783,-873,11191,904,-984,1157,-1220,933,487
2025-11-27T10:56:05.573199,121,410,384,352,364,171,83,68,-10884,4869,-1206,11172,851,-920,1032,-1556,1105,468
2025-11-27T10:56:05.587338,134,446,595,402,330,149,104,74,-10818,4942,-1597,11155,754,-939,1021,-1855,1214,447
2025-11-27T10:56:05.610601,142,446,622,406,300,150,118,88,-10721,5070,-2008,11125,648,-1081,732,-2165,1076,375
2025-11-27T10:56:05.633068,147,442,681,526,307,159,122,91,-10609,5233,-2414,11075,474,-1315,628,-2281,886,344
2025-11-27T10:56:05.647418,158,443,747,544,257,149,132,94,-10506,5406,-2846,10988,273,-1509,658,-2432,850,534
2025-11-27T10:56:05.670868,141,375,742,583,298,175,133,90,-10404,5590,-3283,10870,98,-1514,734,-2534,749,637
2025-11-27T10:56:05.693155,116,349,681,678,309,171,112,81,-10286,5795,-3718,10734,-170,-1632,812,-2662,619,592
2025-11-27T10:56:05.715969,110,353,698,737,318,166,97,60,-10162,5999,-4151,10581,-237,-1526,782,-2705,590,621
2025-11-27T10:56:05.730666,103,341,850,732,306,162,89,52,-10035,6203,-4562,10414,-457,-1603,768,-2655,472,592
2025-11-27T10:56:05.753084,90,343,899,815,546,175,76,51,-9906,6400,-4938,10245,-649,-1892,743,-2504,371,504
2025-11-27T10:56:05.767615,94,279,1011,855,571,186,85,62,-9756,6587,-5294,10092,-532,-1387,933,-2487,421,374
2025-11-27T10:56:05.790564,98,298,962,841,594,183,79,63,-9576,6838,-5605,9927,-824,-1840,733,-2600,64,49
2025-11-27T10:56:05.813230,91,297,1006,818,601,215,86,64,-9426,7050,-5861,9774,-405,-2390,1140,-2227,11,107
2025-11-27T10:56:05.827780,85,288,866,839,636,260,94,67,-9306,7193,-6047,9671,-270,-2483,1340,-1633,79,18
2025-11-27T10:56:05.850537,85,262,790,855,464,264,103,65,-9233,7268,-6225,9571,-393,-2164,1275,-1496,85,52
2025-11-27T10:56:05.873189,83,274,685,801,412,246,94,71,-9158,7358,-6398,9460,-386,-2053,1230,-1588,12,50
2025-11-27T10:56:05.887365,99,211,738,763,431,271,101,71,-9084,7465,-6561,9335,-381,-2334,1139,-1588,-95,30
2025-11-27T10:56:05.910615,103,179,643,768,460,287,103,73,-9021,7549,-6649,9266,-11,-2628,1194,-1139,-81,-67
2025-11-27T10:56:05.933306,108,266,701,753,403,266,113,79,-8990,7577,-6663,9264,105,-2407,1171,-522,-20,-168
2025-11-27T10:56:05.947362,109,303,706,627,388,245,102,81,-8970,7599,-6665,9264,57,-2246,1014,-371,-55,-173
2025-11-27T10:56:05.968587,102,300,647,586,405,261,105,69,-8955,7631,-6663,9253,99,-2314,871,-321,-127,-143
2025-11-27T10:56:05.991921,83,292,619,591,369,270,120,82,-8960,7644,-6668,9234,68,-2314,761,-195,-110,-13
2025-11-27T10:56:06.007462,115,302,626,678,327,240,121,85,-8973,7644,-6687,9207,75,-2177,678,-172,-66,119
2025-11-27T10:56:06.030573,120,262,541,639,328,224,114,94,-8994,7629,-6716,9178,-27,-2128,618,-118,-18,170
2025-11-27T10:56:06.053075,119,214,477,669,323,225,116,92,-9026,7608,-6738,9147,-3,-2165,555,-13,-41,219
2025-11-27T10:56:06.067210,119,212,484,665,339,204,111,92,-9078,7571,-6735,9130,25,-2107,567,185,-72,235
2025-11-27T10:56:06.090575,118,219,507,638,324,167,90,84,-9119,7555,-6722,9111,144,-1895,595,84,-135,211
2025-11-27T10:56:06.113070,87,207,472,499,302,152,81,81,-9133,7551,-6720,9102,154,-1915,557,-16,-47,100
2025-11-27T10:56:06.126988,76,165,443,443,292,140,65,61,-9144,7564,-6722,9079,57,-1984,450,-49,-120,50
2025-11-27T10:56:06.150447,83,210,484,613,354,170,85,66,-9147,7586,-6707,9068,151,-2040,461,-25,-149,-25
2025-11-27T10:56:06.173099,90,206,505,625,337,205,112,77,-9166,7596,-6692,9053,131,-2091,466,57,-157,48
2025-11-27T10:56:06.186896,84,210,433,637,307,198,112,71,-9191,7590,-6663,9053,132,-1990,481,177,-128,27
2025-11-27T10:56:06.210191,89,272,456,635,319,205,124,79,-9211,7586,-6640,9053,125,-2026,504,140,-104,13
2025-11-27T10:56:06.233053,98,275,549,656,318,200,123,78,-9232,7574,-6621,9056,134,-2059,538,149,-60,39
2025-11-27T10:56:06.247379,89,238,518,452,232,182,110,83,-9254,7548,-6603,9067,97,-2097,557,209,-5,37
2025-11-27T10:56:06.270040,82,226,493,422,191,171,98,76,-9296,7509,-6580,9074,40,-2116,597,301,-39,98
2025-11-27T10:56:06.292561,89,227,462,418,201,172,101,83,-9346,7459,-6543,9091,57,-2035,669,380,-40,92
2025-11-27T10:56:06.315702,85,146,419,399,179,158,86,74,-9398,7404,-6492,9118,5,-2047,741,449,-58,12
2025-11-27T10:56:06.330190,80,138,392,377,248,174,90,78,-9460,7351,-6423,9146,16,-2175,818,520,-141,-3
2025-11-27T10:56:06.352901,83,157,509,434,258,181,90,70,-9523,7294,-6359,9171,-31,-2163,732,576,-133,10
2025-11-27T10:56:06.383237,90,182,574,473,268,150,70,77,-9580,7247,-6299,9190,-56,-1983,557,572,-150,-13
2025-11-27T10:56:06.387118,107,170,639,442,287,149,70,79,-9620,7230,-6258,9190,-151,-1879,406,400,-198,-66
2025-11-27T10:56:06.411229,105,179,654,448,312,160,82,85,-9645,7249,-6230,9167,-78,-1942,326,209,-286,-47
2025-11-27T10:56:06.434691,128,221,746,565,383,176,93,103,-9669,7283,-6204,9133,13,-1972,214,190,-333,8
2025-11-27T10:56:06.449804,137,222,752,589,386,175,91,107,-9707,7324,-6187,9071,-128,-1871,65,170,-442,78
2025-11-27T10:56:06.473421,136,210,757,624,377,173,95,116,-9744,7376,-6174,8998,5,-1741,32,84,-464,172
2025-11-27T10:56:06.495566,130,268,762,664,370,166,94,148,-9763,7438,-6181,8922,157,-1668,66,-98,-376,242
2025-11-27T10:56:06.509825,132,273,809,751,401,166,95,176,-9766,7492,-6224,8842,182,-1711,211,-310,-203,330
2025-11-27T10:56:06.533077,110,247,790,722,349,162,88,169,-9768,7520,-6271,8783,104,-1785,308,-238,-70,282
2025-11-27T10:56:06.555574,109,246,769,714,381,154,100,186,-9775,7525,-6302,8749,234,-1769,458,-130,11,294
2025-11-27T10:56:06.569330,122,247,757,750,415,158,108,190,-9761,7523,-6341,8738,157,-1714,459,-150,156,159
2025-11-27T10:56:06.592668,113,196,741,798,456,164,106,163,-9713,7541,-6412,8724,174,-1867,492,-410,266,109
2025-11-27T10:56:06.615668,117,201,699,801,457,164,101,130,-9672,7536,-6473,8729,159,-2112,598,-272,341,83
2025-11-27T10:56:06.629561,126,198,605,780,470,157,105,144,-9643,7512,-6503,8760,172,-1944,613,-61,329,10
2025-11-27T10:56:06.652785,122,185,537,783,457,155,97,118,-9603,7501,-6538,8787,92,-1914,666,-191,310,-69
2025-11-27T10:56:06.675277,109,221,467,758,446,192,89,94,-9552,7494,-6575,8820,79,-2086,815,-279,343,-138
2025-11-27T10:56:06.689784,114,271,395,650,445,197,94,101,-9492,7490,-6609,8864,-58,-2073,718,-232,348,-288
2025-11-27T10:56:06.713058,105,256,365,604,429,188,86,96,-9465,7482,-6627,8885,-72,-2287,818,-164,175,-164
2025-11-27T10:56:06.735546,84,246,313,578,399,199,79,61,-9462,7455,-6601,8931,32,-2265,786,168,113,-185
2025-11-27T10:56:06.749865,74,246,302,576,390,208,77,58,-9478,7422,-6582,8955,-142,-2102,675,213,33,-113
2025-11-27T10:56:06.773037,64,215,312,509,366,169,105,76,-9490,7404,-6559,8974,-73,-2153,718,141,-23,-119
2025-11-27T10:56:06.795526,54,145,370,514,384,160,115,76,-9517,7370,-6521,9001,-31,-2145,853,230,-26,-79
2025-11-27T10:56:06.809810,53,137,348,459,386,184,117,82,-9565,7317,-6469,9031,-69,-2150,948,362,-71,-33
2025-11-27T10:56:06.833192,52,135,310,441,374,151,117,91,-9627,7243,-6385,9085,-12,-2072,986,607,-65,-78
2025-11-27T10:56:06.855514,56,135,304,368,388,141,142,108,-9703,7151,-6276,9152,24,-2022,1101,759,-92,-79
2025-11-27T10:56:06.870635,54,133,316,344,415,149,131,101,-9787,7046,-6156,9225,35,-2147,1241,858,-86,-73
2025-11-27T10:56:06.893015,41,108,249,326,369,157,130,97,-9884,6907,-6014,9320,64,-2164,1368,1095,-29,-73
2025-11-27T10:56:06.915392,43,101,247,324,359,128,154,112,-9983,6747,-5865,9426,23,-2085,1321,1261,35,-98
2025-11-27T10:56:06.929765,50,124,282,308,381,216,179,118,-10067,6595,-5735,9525,-66,-2192,1185,1261,63,-141
2025-11-27T10:56:06.953082,51,163,301,366,515,239,174,108,-10168,6423,-5600,9614,-191,-2247,1126,1448,30,-87
2025-11-27T10:56:06.975530,49,149,331,362,676,377,189,105,-10291,6233,-5396,9724,-284,-2030,1033,1823,-104,-109
2025-11-27T10:56:06.989639,51,151,328,373,740,409,190,104,-10417,6060,-5173,9821,-174,-1844,1002,1809,-251,-106
2025-11-27T10:56:07.012873,52,154,360,351,821,453,174,88,-10532,5908,-4951,9904,-120,-1751,960,1693,-327,-128
2025-11-27T10:56:07.036114,58,147,492,564,871,553,185,81,-10650,5732,-4723,9992,-129,-2028,1129,1834,-267,-107
2025-11-27T10:56:07.049531,59,98,486,581,898,617,191,81,-10772,5491,-4473,10111,-154,-1808,1092,2196,-73,-146
2025-11-27T10:56:07.072647,63,113,473,628,918,692,204,85,-10869,5295,-4196,10230,-196,-1194,919,2060,-290,-355
2025-11-27T10:56:07.095579,65,116,474,757,913,692,200,86,-10918,5218,-3958,10313,-96,-1400,775,1530,-603,-556
2025-11-27T10:56:07.109650,64,114,462,827,911,720,209,83,-11000,5148,-3655,10372,75,-1670,832,1636,-892,-389
2025-11-27T10:56:07.133082,53,95,325,784,890,655,185,75,-11108,5036,-3324,10423,64,-1647,958,1922,-902,-273
2025-11-27T10:56:07.155285,52,98,315,767,844,653,206,73,-11209,4894,-2988,10483,95,-1235,968,2019,-791,-300
2025-11-27T10:56:07.170121,58,78,294,732,762,583,202,80,-11279,4772,-2686,10547,239,-1066,1096,1750,-679,-376
2025-11-27T10:56:07.193029,55,69,278,593,733,577,204,79,-11310,4706,-2442,10602,298,-1070,1077,1349,-612,-434
2025-11-27T10:56:07.215634,56,67,292,570,703,563,207,79,-11311,4676,-2207,10665,432,-1035,1101,1129,-622,-565
2025-11-27T10:56:07.237966,57,68,327,605,736,542,210,79,-11305,4668,-2022,10712,502,-1321,1094,986,-506,-486
2025-11-27T10:56:07.252999,53,61,329,638,734,511,196,73,-11312,4615,-1814,10764,580,-1031,1168,1130,-413,-420
2025-11-27T10:56:07.275466,44,52,324,661,661,437,185,63,-11298,4572,-1623,10828,570,-761,1144,904,-361,-506
2025-11-27T10:56:07.298006,46,53,319,693,627,417,180,63,-11256,4601,-1507,10876,704,-899,1169,363,-296,-464
2025-11-27T10:56:07.312305,45,55,354,643,602,368,164,61,-11209,4641,-1429,10919,753,-1085,1234,231,-190,-430
2025-11-27T10:56:07.335441,55,78,294,644,548,377,163,64,-11178,4665,-1386,10946,818,-1221,1187,258,-1,-252
2025-11-27T10:56:07.357519,54,76,302,589,514,317,130,62,-11172,4670,-1363,10953,821,-1036,1157,210,103,-15
2025-11-27T10:56:07.372458,50,74,294,562,582,306,105,55,-11172,4670,-1358,10953,772,-761,1159,45,160,92
2025-11-27T10:56:07.395510,64,87,318,576,575,302,105,58,-11138,4718,-1418,10960,776,-759,1166,-442,256,22
2025-11-27T10:56:07.417883,70,88,264,573,526,288,123,65,-11079,4780,-1534,10977,767,-1007,1184,-650,434,-55
2025-11-27T10:56:07.432314,62,65,231,383,494,255,108,59,-11020,4835,-1676,10991,735,-1040,1134,-703,549,-9
2025-11-27T10:56:07.455497,62,65,242,406,508,244,127,65,-10971,4877,-1837,10996,655,-1057,1219,-743,606,89
2025-11-27T10:56:07.477448,65,80,290,455,454,212,125,69,-10906,4923,-2042,11004,591,-984,1220,-998,743,93
2025-11-27T10:56:07.492278,61,150,371,420,456,205,120,67,-10812,4974,-2289,11025,547,-1019,1222,-1225,910,0
2025-11-27T10:56:07.515884,58,163,384,432,458,168,96,57,-10684,5040,-2569,11059,569,-1198,1121,-1364,1055,-133
2025-11-27T10:56:07.537680,58,167,396,447,419,153,94,60,-10540,5098,-2867,11096,589,-1231,1054,-1421,1186,-146
2025-11-27T10:56:07.552064,63,182,430,454,358,164,65,56,-10382,5151,-3194,11132,490,-1215,1077,-1574,1281,-159
2025-11-27T10:56:07.575173,71,224,473,459,327,149,62,55,-10194,5216,-3585,11156,438,-1281,1007,-1996,1406,-172
2025-11-27T10:56:07.597783,61,191,520,488,323,148,62,51,-9974,5291,-4008,11176,319,-1407,897,-2202,1506,-239
2025-11-27T10:56:07.620513,62,192,572,498,302,145,60,51,-9732,5349,-4427,11203,225,-1524,798,-2150,1594,-348
2025-11-27T10:56:07.635520,66,235,601,512,323,134,56,47,-9473,5388,-4839,11236,138,-1651,734,-2073,1669,-412
2025-11-27T10:56:07.657981,71,329,674,494,288,93,51,45,-9203,5415,-5246,11264,70,-1736,681,-2040,1708,-442
2025-11-27T10:56:07.673065,70,334,675,572,313,89,53,43,-8940,5433,-5652,11271,-135,-1902,894,-2055,1670,-353
2025-11-27T10:56:07.695524,72,345,683,670,296,101,57,46,-8680,5447,-6057,11258,-256,-1872,890,-2088,1634,-284
2025-11-27T10:56:07.718050,83,382,644,655,291,100,60,63,-8418,5451,-6417,11256,-409,-1986,879,-1868,1556,-402
2025-11-27T10:56:07.740465,101,364,630,655,280,98,60,69,-8157,5463,-6732,11257,-471,-2125,861,-1710,1399,-517
2025-11-27T10:56:07.755509,99,288,674,706,245,93,66,71,-7928,5437,-7034,11249,-465,-2086,936,-1536,1320,-517
2025-11-27T10:56:07.778027,94,258,643,732,160,85,61,68,-7705,5407,-7323,11234,-500,-2028,830,-1479,1282,-493
2025-11-27T10:56:07.792249,101,325,610,624,161,66,57,68,-7489,5394,-7602,11201,-557,-2174,811,-1523,1139,-513
2025-11-27T10:56:07.815632,90,296,604,698,160,84,62,57,-7285,5386,-7850,11168,-456,-2323,787,-1385,1036,-483
2025-11-27T10:56:07.837962,71,290,605,711,320,177,77,59,-7135,5348,-8039,11149,-456,-2355,808,-989,893,-335
2025-11-27T10:56:07.852322,67,284,533,712,337,189,71,55,-7013,5301,-8188,11141,-407,-2178,822,-781,788,-274
2025-11-27T10:56:07.875317,70,285,549,731,366,191,76,61,-6895,5268,-8308,11141,-446,-2043,814,-710,667,-385
2025-11-27T10:56:07.898000,123,209,524,739,377,194,97,77,-6784,5278,-8407,11130,-354,-2259,799,-727,434,-450
2025-11-27T10:56:07.912109,131,219,540,675,387,191,100,77,-6708,5283,-8470,11125,-311,-2375,713,-446,284,-364
2025-11-27T10:56:07.935424,132,239,593,765,301,112,91,72,-6678,5268,-8495,11133,-325,-2426,608,-74,165,-237
2025-11-27T10:56:07.958387,138,244,611,791,310,174,98,74,-6686,5228,-8499,11143,-303,-2254,572,131,107,-45
2025-11-27T10:56:07.972020,147,248,609,689,283,185,99,145,-6695,5210,-8530,11122,-262,-2081,548,-120,37,44
2025-11-27T10:56:07.995100,101,240,583,700,278,183,80,147,-6674,5228,-8592,11079,-163,-1887,473,-435,31,-15
2025-11-27T10:56:08.017680,90,205,584,780,297,185,86,150,-6639,5256,-8638,11050,-77,-2030,526,-403,40,-115
2025-11-27T10:56:08.032177,87,192,567,762,272,194,104,151,-6615,5270,-8658,11043,-67,-2202,511,-161,42,-127
2025-11-27T10:56:08.055417,106,179,472,702,277,138,99,155,-6611,5262,-8659,11048,-109,-2159,447,60,35,-68
2025-11-27T10:56:08.078086,97,161,452,743,292,124,101,91,-6613,5263,-8659,11047,-46,-1922,437,15,-22,-24
2025-11-27T10:56:08.092288,96,138,441,802,313,127,130,136,-6597,5286,-8694,11017,1,-1882,386,-270,-14,-5
2025-11-27T10:56:08.115341,95,128,426,796,299,132,144,155,-6563,5322,-8738,10986,48,-2084,380,-351,12,-68
2025-11-27T10:56:08.138027,95,121,426,754,327,148,150,156,-6539,5340,-8753,10979,48,-2197,378,-108,28,-86
2025-11-27T10:56:08.152310,60,123,462,786,355,144,152,156,-6533,5332,-8751,10988,22,-2069,362,96,63,-28
2025-11-27T10:56:08.175781,56,133,460,742,365,149,155,159,-6524,5326,-8757,10992,-20,-1834,333,23,62,-33
2025-11-27T10:56:08.198029,57,136,442,732,363,200,145,110,-6485,5352,-8795,10972,49,-1931,312,-275,69,-100
2025-11-27T10:56:08.220549,55,139,452,634,352,210,127,74,-6447,5381,-8830,10952,54,-2120,348,-276,49,-109
2025-11-27T10:56:08.235445,56,162,587,640,328,220,140,85,-6426,5393,-8837,10953,20,-2047,325,-38,38,-112
2025-11-27T10:56:08.258011,61,208,585,576,272,224,157,136,-6403,5403,-8849,10952,-23,-1985,303,-56,46,-123
2025-11-27T10:56:08.280344,69,199,606,688,268,221,171,217,-6387,5427,-8868,10933,-26,-1922,245,-139,-40,-93
2025-11-27T10:56:08.295502,67,193,644,653,301,222,172,230,-6363,5468,-8899,10903,116,-2012,216,-250,-58,-54
2025-11-27T10:56:08.318062,67,194,626,701,315,214,171,233,-6349,5485,-8929,10877,69,-2116,301,-201,-2,20
2025-11-27T10:56:08.340571,61,164,508,754,306,185,147,230,-6353,5481,-8949,10860,-51,-2020,280,-67,9,52
2025-11-27T10:56:08.355537,55,88,494,800,303,173,135,203,-6342,5490,-8977,10839,40,-2027,267,-161,18,32
2025-11-27T10:56:08.377547,38,123,472,688,280,174,114,114,-6328,5495,-9022,10808,28,-2046,280,-257,64,81
2025-11-27T10:56:08.400523,32,121,428,708,215,109,94,81,-6318,5494,-9068,10775,-17,-2062,283,-259,68,94
2025-11-27T10:56:08.415844,34,121,447,684,198,92,93,79,-6302,5494,-9107,10752,3,-2064,289,-222,88,55
2025-11-27T10:56:08.437997,33,121,368,559,177,84,95,73,-6283,5496,-9144,10731,4,-2095,288,-226,93,24
2025-11-27T10:56:08.460462,29,118,308,500,185,80,79,66,-6271,5494,-9167,10719,-4,-2125,297,-127,64,15
2025-11-27T10:56:08.475508,30,74,279,527,200,72,81,56,-6272,5487,-9171,10718,1,-2095,294,6,30,25
2025-11-27T10:56:08.498013,30,67,262,402,189,61,81,57,-6280,5477,-9169,10720,-58,-2094,310,56,5,12
2025-11-27T10:56:08.520501,30,62,218,428,186,52,75,48,-6287,5475,-9153,10731,-29,-2120,335,106,-32,-45
2025-11-27T10:56:08.535443,28,56,187,426,198,65,68,47,-6297,5471,-9122,10753,-10,-2132,345,207,-45,-77
2025-11-27T10:56:08.558015,29,53,170,402,189,69,70,52,-6307,5468,-9085,10780,22,-2141,319,262,-51,-83
2025-11-27T10:56:08.580455,30,49,164,431,269,125,70,47,-6317,5473,-9048,10804,82,-2129,341,227,-78,-73
2025-11-27T10:56:08.603041,31,52,160,461,280,132,71,46,-6309,5491,-9034,10810,196,-1941,308,29,-48,-36
2025-11-27T10:56:08.617953,31,45,139,469,285,153,84,47,-6283,5521,-9047,10799,272,-2033,229,-138,-4,-19
2025-11-27T10:56:08.640539,36,117,157,498,294,166,83,44,-6254,5549,-9060,10791,337,-2113,186,-107,25,6
2025-11-27T10:56:08.654722,37,122,160,506,293,166,79,37,-6242,5559,-9080,10776,284,-2059,166,-75,35,119
2025-11-27T10:56:08.678510,34,123,139,491,259,142,83,37,-6239,5553,-9110,10756,247,-1936,160,-96,78,216
2025-11-27T10:56:08.701112,36,123,134,551,317,176,100,40,-6232,5549,-9160,10720,187,-1962,160,-229,89,242
2025-11-27T10:56:08.722085,33,122,127,494,329,169,90,34,-6199,5555,-9282,10630,221,-1863,46,-350,95,203
2025-11-27T10:56:08.741049,27,58,97,474,340,170,93,33,-6172,5569,-9356,10573,159,-1969,22,-420,91,198
2025-11-27T10:56:08.759768,28,49,107,483,380,187,96,34,-6160,5583,-9429,10508,83,-2067,20,-417,27,228
2025-11-27T10:56:08.782102,30,49,117,515,432,211,93,36,-6133,5630,-9518,10418,93,-1815,-59,-634,-63,157
2025-11-27T10:56:08.801456,28,45,113,469,434,203,82,37,-6086,5693,-9629,10308,98,-1795,-108,-854,-46,124
2025-11-27T10:56:08.819775,28,43,119,471,421,222,89,40,-6048,5767,-9752,10173,-30,-2007,-68,-1019,-145,133
2025-11-27T10:56:08.842106,27,43,115,463,428,224,89,40,-6042,5826,-9840,10059,-139,-2181,-65,-753,-231,119
2025-11-27T10:56:08.861465,30,85,172,470,455,222,89,42,-6046,5895,-9899,9957,-144,-2152,-106,-609,-334,45
2025-11-27T10:56:08.879911,32,91,172,476,393,213,87,43,-6039,5976,-9939,9872,-132,-1855,-103,-550,-342,-110
2025-11-27T10:56:08.902291,32,91,177,434,347,204,79,38,-5996,6092,-10000,9766,-94,-1728,-181,-810,-334,-244
2025-11-27T10:56:08.921406,32,93,176,428,348,176,70,36,-5946,6236,-10086,9616,-162,-2124,-258,-1116,-444,-258
2025-11-27T10:56:08.939500,37,96,179,414,315,187,73,38,-5923,6376,-10144,9476,-81,-2254,-288,-936,-559,-201
2025-11-27T10:56:08.968927,33,59,114,373,276,233,90,37,-5913,6509,-10175,9358,-92,-2008,-263,-752,-589,-242
2025-11-27T10:56:08.980930,29,49,100,224,267,222,82,32,-5872,6657,-10217,9234,-81,-1789,-312,-887,-513,-359
2025-11-27T10:56:08.999313,27,49,94,225,262,213,80,32,-5781,6822,-10272,9109,-57,-1916,-306,-1124,-371,-540
2025-11-27T10:56:09.021693,30,44,88,242,258,222,84,31,-5680,6984,-10310,9005,-69,-2071,-199,-1106,-307,-662
2025-11-27T10:56:09.040647,26,35,82,282,293,222,83,27,-5580,7130,-10324,8938,-89,-2098,-281,-848,-218,-760
2025-11-27T10:56:09.058939,30,38,70,298,247,228,77,30,-5482,7271,-10293,8920,-75,-2008,-205,-566,-173,-949
2025-11-27T10:56:09.081719,31,32,60,292,223,227,80,31,-5376,7424,-10217,8946,14,-2022,-303,-280,-158,-1188
2025-11-27T10:56:09.101893,30,31,44,265,208,224,79,29,-5267,7579,-10127,8984,36,-2104,-286,-219,-149,-1278
2025-11-27T10:56:09.119723,28,33,46,226,261,221,77,32,-5164,7721,-10029,9032,57,-2107,-232,-155,-120,-1270
2025-11-27T10:56:09.142214,25,30,42,219,223,201,68,32,-5050,7866,-9946,9062,54,-1983,-218,-299,-109,-1266
2025-11-27T10:56:09.161919,23,27,55,308,214,125,49,27,-4895,8022,-9883,9081,108,-1904,-255,-509,-2,-1345
2025-11-27T10:56:09.180148,24,28,62,323,220,108,45,28,-4700,8183,-9816,9111,293,-2109,-294,-591,130,-1472
2025-11-27T10:56:09.203953,24,31,69,325,223,112,42,27,-4515,8318,-9735,9170,472,-2370,-333,-401,223,-1422
2025-11-27T10:56:09.216659,23,32,72,330,164,105,39,27,-4388,8401,-9621,9276,538,-2413,-267,69,264,-1235
2025-11-27T10:56:09.237784,22,32,75,294,145,91,35,24,-4300,8449,-9497,9400,514,-2047,-310,407,299,-1038
2025-11-27T10:56:09.261195,21,27,64,170,137,88,30,23,-4195,8508,-9412,9480,460,-2015,-438,141,280,-996
2025-11-27T10:56:09.281785,18,26,60,172,142,90,28,21,-4152,8542,-9391,9489,395,-3025,-572,-113,81,-647
2025-11-27T10:56:09.300789,17,23,61,164,138,84,27,23,-4294,8473,-9262,9614,633,-3121,-273,1167,-63,-84
2025-11-27T10:56:09.322077,18,20,67,153,120,73,25,21,-4526,8379,-9090,9753,550,-2044,-411,1829,-272,345
2025-11-27T10:56:09.341556,19,21,59,148,115,71,26,22,-4664,8346,-9033,9768,401,-1434,-363,770,-330,356
2025-11-27T10:56:09.359774,17,22,59,144,106,60,25,21,-4670,8389,-9065,9699,527,-1865,-241,-387,-311,62
2025-11-27T10:56:09.382056,18,21,56,76,65,53,26,19,-4653,8433,-9079,9656,751,-2229,-202,-371,-222,-53
2025-11-27T10:56:09.409100,18,20,53,65,59,47,26,17,-4677,8439,-9035,9681,795,-2226,-250,239,-113,-50
2025-11-27T10:56:09.419655,18,18,45,60,72,48,25,18,-4729,8423,-8953,9744,747,-2046,-277,646,-65,-59
2025-11-27T10:56:09.441242,17,19,57,49,70,59,27,18,-4782,8412,-8859,9814,731,-1959,-271,717,-77,-113
2025-11-27T10:56:09.460563,19,21,58,34,80,80,30,19,-4830,8417,-8769,9867,713,-1893,-278,633,-150,-147
2025-11-27T10:56:09.479816,18,23,66,28,126,83,30,20,-4860,8442,-8697,9895,733,-1860,-305,431,-202,-159
2025-11-27T10:56:09.501922,19,24,63,26,129,83,28,20,-4878,8477,-8642,9904,738,-1984,-301,260,-224,-173
2025-11-27T10:56:09.521184,19,24,60,25,137,89,30,21,-4904,8505,-8582,9919,746,-2087,-228,297,-222,-164
2025-11-27T10:56:09.539764,20,24,61,25,138,83,26,19,-4944,8518,-8517,9944,734,-2048,-217,407,-191,-112
2025-11-27T10:56:09.562336,18,24,59,24,136,60,22,18,-4986,8520,-8456,9974,678,-1962,-191,433,-143,-86
2025-11-27T10:56:09.581347,19,23,53,22,124,58,22,21,-5012,8525,-8408,9996,666,-1935,-180,314,-103,-94
2025-11-27T10:56:09.599359,19,24,62,22,124,57,22,20,-5024,8531,-8378,10011,673,-1977,-166,183,-57,-93
2025-11-27T10:56:09.622279,19,26,62,20,104,49,24,19,-5030,8534,-8359,10021,681,-1978,-185,135,-24,-56
2025-11-27T10:56:09.644625,19,23,49,20,112,44,25,20,-5038,8531,-8349,10028,673,-1981,-185,107,2,-11
2025-11-27T10:56:09.659368,19,23,58,20,104,39,23,20,-5044,8523,-8346,10034,683,-1980,-170,82,26,28
2025-11-27T10:56:09.681902,19,24,65,20,67,30,22,17,-5050,8514,-8348,10038,683,-1974,-165,58,35,47
2025-11-27T10:56:09.701567,20,23,53,20,74,51,25,18,-5051,8507,-8353,10039,688,-1974,-157,19,40,45
2025-11-27T10:56:09.719511,19,20,59,23,97,50,22,17,-5046,8503,-8358,10040,705,-1967,-167,-2,46,22
2025-11-27T10:56:09.742251,19,21,59,26,131,52,21,17,-5042,8500,-8360,10043,699,-1978,-154,11,38,10
2025-11-27T10:56:09.761456,18,20,62,27,134,52,23,17,-5042,8495,-8359,10048,701,-1984,-162,49,35,15
2025-11-27T10:56:09.779756,18,17,62,26,136,53,24,18,-5045,8489,-8356,10055,703,-1968,-142,61,29,24
2025-11-27T10:56:09.802402,17,16,64,26,154,38,21,17,-5045,8485,-8357,10058,696,-1962,-147,27,27,26
2025-11-27T10:56:09.821372,18,17,64,26,153,38,22,17,-5041,8481,-8359,10061,697,-1980,-120,-7,36,9
2025-11-27T10:56:09.839743,18,17,65,22,121,39,24,17,-5034,8478,-8364,10062,699,-1984,-130,-21,45,9
2025-11-27T10:56:09.862077,20,19,58,21,117,37,22,18,-5027,8475,-8371,10063,695,-2008,-130,-31,45,9
2025-11-27T10:56:09.882688,20,20,51,21,117,42,23,17,-5022,8473,-8376,10063,691,-2011,-143,-22,36,5
2025-11-27T10:56:09.900839,20,21,57,21,80,39,23,17,-5017,8473,-8380,10062,688,-1998,-164,-10,23,-3
2025-11-27T10:56:09.922186,20,22,56,21,85,40,21,19,-5016,8473,-8380,10062,699,-1999,-155,3,8,-11
2025-11-27T10:56:09.941420,20,22,55,21,80,40,19,20,-5014,8476,-8378,10062,675,-1986,-148,9,-3,-23
2025-11-27T10:56:09.959451,18,20,51,24,142,44,20,19,-5013,8482,-8375,10061,676,-1983,-152,11,-17,-29
2025-11-27T10:56:09.982371,20,21,54,24,147,40,18,19,-5013,8485,-8367,10064,674,-1991,-109,22,-23,-39
2025-11-27T10:56:10.001417,21,21,56,24,149,44,17,21,-5017,8490,-8361,10064,659,-2001,-142,35,-32,-37
2025-11-27T10:56:10.019410,21,22,54,23,135,42,19,19,-5022,8494,-8354,10063,640,-1996,-139,35,-42,-33
2025-11-27T10:56:10.042252,21,23,54,23,151,41,21,19,-5029,8499,-8348,10061,641,-1988,-143,39,-48,-31
2025-11-27T10:56:10.064507,21,23,56,19,94,39,23,20,-5035,8505,-8340,10059,651,-1990,-141,39,-55,-31
2025-11-27T10:56:10.079726,19,22,66,23,116,36,24,20,-5040,8514,-8332,10055,668,-1991,-151,29,-62,-33
2025-11-27T10:56:10.102006,18,21,61,22,114,35,23,18,-5044,8524,-8323,10052,683,-1979,-148,34,-68,-38
2025-11-27T10:56:10.123542,20,21,61,21,116,35,22,19,-5049,8535,-8311,10051,701,-1973,-153,45,-68,-35
2025-11-27T10:56:10.137460,19,21,61,22,116,35,20,20,-5054,8544,-8299,10050,712,-1964,-146,54,-66,-28
2025-11-27T10:56:10.160073,18,21,61,22,119,32,19,20,-5059,8553,-8289,10049,704,-1948,-147,44,-60,-22
2025-11-27T10:56:10.182790,18,22,55,19,91,32,18,20,-5061,8562,-8281,10047,718,-1955,-145,26,-56,-19
2025-11-27T10:56:10.203911,17,20,52,21,90,27,19,19,-5064,8570,-8275,10044,711,-1957,-146,19,-51,-10
2025-11-27T10:56:10.222045,19,18,50,21,90,28,18,20,-5067,8575,-8270,10041,703,-1972,-131,14,-45,-5
2025-11-27T10:56:10.244739,19,19,53,20,97,28,17,20,-5072,8580,-8267,10037,693,-1970,-130,13,-44,1
2025-11-27T10:56:10.259748,20,16,56,20,107,33,17,18,-5078,8584,-8264,10033,679,-1952,-144,20,-42,8
2025-11-27T10:56:10.282603,20,16,42,20,109,33,16,18,-5084,8588,-8265,10027,673,-1911,-122,-11,-48,24
2025-11-27T10:56:10.304725,21,17,54,17,111,38,19,19,-5087,8593,-8272,10015,680,-1914,-132,-52,-50,45
2025-11-27T10:56:10.319749,20,19,58,19,114,40,20,19,-5088,8601,-8284,9998,700,-1934,-155,-85,-56,60
2025-11-27T10:56:10.342239,19,20,58,18,84,45,23,18,-5087,8610,-8297,9979,707,-1954,-159,-107,-58,59
2025-11-27T10:56:10.364445,20,20,56,22,116,45,24,18,-5087,8619,-8311,9959,702,-1986,-155,-113,-65,60
2025-11-27T10:56:10.379691,21,20,62,23,120,48,25,19,-5086,8629,-8325,9939,703,-2003,-158,-122,-66,51
2025-11-27T10:56:10.402243,20,20,58,25,119,45,23,19,-5085,8638,-8336,9923,712,-2033,-143,-114,-60,41
2025-11-27T10:56:10.424245,19,19,57,25,118,42,23,20,-5084,8645,-8343,9911,721,-2035,-146,-77,-46,32
2025-11-27T10:56:10.439708,19,18,55,26,134,41,22,19,-5085,8650,-8348,9903,702,-2032,-145,-59,-42,19
2025-11-27T10:56:10.462020,19,19,61,23,112,39,21,19,-5084,8657,-8350,9895,699,-2046,-142,-61,-44,-2
2025-11-27T10:56:10.484668,19,19,55,22,106,40,22,18,-5083,8665,-8349,9890,697,-2064,-140,-40,-46,-27
2025-11-27T10:56:10.501051,20,18,48,20,132,41,23,18,-5081,8674,-8343,9887,689,-2039,-170,-13,-46,-46
2025-11-27T10:56:10.522083,20,19,52,24,137,45,24,17,-5081,8684,-8336,9885,679,-2012,-165,0,-54,-55
2025-11-27T10:56:10.544680,20,19,50,23,128,40,24,17,-5082,8696,-8325,9883,673,-1994,-174,12,-65,-65
2025-11-27T10:56:10.559708,20,18,55,22,121,41,23,19,-5082,8710,-8313,9881,692,-1976,-186,23,-72,-70
2025-11-27T10:56:10.582574,20,20,56,23,135,41,21,19,-5084,8722,-8298,9881,690,-1976,-188,43,-72,-70
2025-11-27T10:56:10.604704,20,21,56,23,121,45,24,20,-5088,8733,-8282,9883,696,-1965,-197,70,-66,-67
2025-11-27T10:56:10.619411,20,21,49,20,111,43,25,19,-5094,8741,-8266,9886,692,-1945,-202,83,-54,-50
2025-11-27T10:56:10.642192,20,22,54,22,117,45,26,19,-5097,8750,-8256,9886,696,-1923,-220,61,-45,-37
2025-11-27T10:56:10.664460,19,22,38,21,109,46,26,17,-5097,8757,-8250,9885,708,-1942,-228,36,-29,-23
2025-11-27T10:56:10.680109,19,20,41,20,96,41,27,17,-5094,8762,-8248,9883,712,-1958,-225,16,-11,-16
2025-11-27T10:56:10.702280,19,19,41,21,89,43,24,17,-5093,8763,-8248,9882,724,-1971,-230,12,11,-5
2025-11-27T10:56:10.724795,22,20,51,21,108,46,23,18,-5089,8763,-8251,9883,714,-1960,-211,5,29,3
2025-11-27T10:56:10.739698,22,20,52,19,95,48,22,18,-5082,8761,-8255,9884,723,-1966,-208,-9,41,4
2025-11-27T10:56:10.762199,23,21,54,20,119,50,21,19,-5075,8758,-8260,9886,718,-1980,-190,-16,48,4
2025-11-27T10:56:10.784470,23,21,55,20,126,53,20,19,-5067,8755,-8266,9889,719,-1985,-187,-22,56,3
2025-11-27T10:56:10.799601,23,21,55,17,121,49,21,20,-5061,8748,-8270,9894,707,-1989,-158,-11,59,4
2025-11-27T10:56:10.826585,21,19,47,17,106,43,19,18,-5057,8740,-8272,9902,702,-1977,-146,5,60,5
2025-11-27T10:56:10.844494,19,18,60,17,107,39,19,20,-5053,8732,-8275,9908,701,-1961,-147,-2,56,8
2025-11-27T10:56:10.859675,17,18,61,17,112,34,19,20,-5049,8727,-8279,9912,699,-1962,-152,-12,46,7
2025-11-27T10:56:10.882792,16,20,59,18,105,36,22,20,-5046,8721,-8282,9916,702,-1983,-159,2,42,5
2025-11-27T10:56:10.904653,16,20,66,19,104,36,21,19,-5044,8716,-8283,9920,698,-1994,-170,15,37,2
2025-11-27T10:56:10.919664,17,21,72,22,113,36,21,21,-5044,8711,-8283,9925,697,-1993,-149,12,30,-1
2025-11-27T10:56:10.941985,16,21,60,23,120,36,22,19,-5042,8708,-8283,9928,698,-1989,-165,11,27,-6
2025-11-27T10:56:10.964680,19,20,62,22,86,35,22,17,-5040,8705,-8283,9932,701,-1979,-168,17,25,-6
2025-11-27T10:56:10.984408,19,20,64,24,95,32,24,15,-5040,8702,-8282,9935,700,-1978,-173,23,22,-4
2025-11-27T10:56:11.002166,20,20,57,24,94,31,23,15,-5040,8700,-8281,9938,694,-1989,-167,16,18,-5
2025-11-27T10:56:11.024685,19,20,50,23,112,35,23,14,-5040,8700,-8282,9938,687,-1972,-165,14,12,-7
2025-11-27T10:56:11.047178,20,20,49,22,104,33,23,16,-5040,8700,-8282,9938,686,-1970,-158,15,8,-8
2025-11-27T10:56:11.062194,18,21,48,21,107,34,21,19,-5041,8698,-8281,9939,684,-1979,-166,16,6,-7
2025-11-27T10:56:11.085199,20,19,42,17,94,33,19,18,-5041,8698,-8281,9939,690,-1972,-161,13,3,-3
2025-11-27T10:56:11.106760,18,23,40,19,107,42,22,19,-5041,8698,-8281,9939,693,-1979,-175,10,1,0
2025-11-27T10:56:11.122222,19,23,49,21,115,43,22,18,-5041,8699,-8281,9938,700,-1980,-165,8,1,2
2025-11-27T10:56:11.144416,17,23,43,22,113,44,22,19,-5041,8699,-8281,9938,697,-1970,-164,7,1,0
2025-11-27T10:56:11.167167,18,24,42,25,111,46,23,16,-5041,8699,-8282,9938,702,-1979,-168,4,0,0
2025-11-27T10:56:11.182239,19,24,43,26,110,45,22,16,-5041,8699,-8282,9938,695,-1973,-167,11,-1,2
2025-11-27T10:56:11.204687,21,20,45,26,98,34,21,15,-5041,8699,-8282,9938,705,-1974,-171,6,-3,5
2025-11-27T10:56:11.227194,21,20,47,26,66,32,22,16,-5041,8699,-8282,9938,696,-1972,-164,9,-2,5
2025-11-27T10:56:11.242148,23,20,49,25,67,31,21,15,-5040,8699,-8282,9938,713,-1978,-151,15,2,4
2025-11-27T10:56:11.264743,22,20,54,23,65,27,21,17,-5040,8699,-8282,9938,699,-1964,-154,6,3,10
2025-11-27T10:56:11.287212,21,21,54,22,67,27,21,18,-5040,8699,-8282,9938,703,-1979,-161,-11,4,6
2025-11-27T10:56:11.301955,21,21,52,21,63,27,19,19,-5040,8699,-8282,9938,705,-1995,-163,-6,7,4
2025-11-27T10:56:11.324355,20,21,46,18,58,35,19,20,-5040,8699,-8282,9938,700,-1987,-166,8,12,1
2025-11-27T10:56:11.346617,19,20,45,18,75,40,20,19,-5040,8699,-8282,9938,703,-1984,-158,14,15,-1
2025-11-27T10:56:11.362157,19,21,35,19,78,43,23,20,-5042,8696,-8280,9941,695,-1987,-153,21,15,-2
2025-11-27T10:56:11.385076,17,20,33,19,80,47,23,17,-5042,8694,-8279,9945,695,-1983,-152,16,15,-7
2025-11-27T10:56:11.407134,16,20,41,19,82,50,24,17,-5042,8693,-8279,9945,694,-1976,-143,7,13,-6
2025-11-27T10:56:11.422164,17,18,36,21,123,44,24,16,-5042,8693,-8279,9944,696,-1989,-166,6,15,-10
2025-11-27T10:56:11.444581,16,18,37,22,115,39,23,17,-5041,8692,-8277,9948,701,-1993,-161,21,16,-12
2025-11-27T10:56:11.467159,16,18,36,22,114,38,20,16,-5042,8689,-8274,9952,696,-1985,-157,26,14,-12
2025-11-27T10:56:11.482233,18,18,40,23,119,37,19,16,-5040,8689,-8271,9956,708,-1993,-158,19,13,-19
2025-11-27T10:56:11.502005,19,20,33,23,120,35,19,16,-5039,8688,-8268,9960,695,-1987,-161,26,15,-22
2025-11-27T10:56:11.524688,17,21,31,22,108,45,18,15,-5039,8686,-8264,9964,695,-1968,-150,25,12,-19
2025-11-27T10:56:11.540572,17,22,28,21,112,47,18,16,-5037,8686,-8262,9968,694,-1962,-158,20,18,-21
2025-11-27T10:56:11.564628,16,21,27,20,115,45,19,16,-5036,8684,-8260,9972,694,-1975,-156,20,18,-19
2025-11-27T10:56:11.587474,15,20,21,18,111,40,18,18,-5035,8681,-8258,9976,697,-1973,-150,20,22,-12
2025-11-27T10:56:11.601959,16,19,19,20,112,42,17,19,-5034,8679,-8257,9980,697,-1969,-145,14,21,-8
2025-11-27T10:56:11.624167,17,16,20,18,87,33,19,19,-5031,8677,-8258,9982,700,-1968,-163,8,23,-11
2025-11-27T10:56:11.655440,21,17,23,20,105,34,19,17,-5028,8675,-8256,9986,704,-1973,-135,11,23,-13
2025-11-27T10:56:11.662119,21,17,26,19,103,33,19,17,-5027,8673,-8255,9990,705,-1972,-152,16,20,-8
2025-11-27T10:56:11.685353,22,19,26,20,101,33,21,15,-5026,8670,-8254,9994,702,-1974,-135,16,18,-8
2025-11-27T10:56:11.707038,21,22,27,19,100,31,21,16,-5026,8668,-8251,9998,702,-1969,-129,18,13,-11
2025-11-27T10:56:11.722124,20,21,26,20,88,30,21,18,-5026,8666,-8249,10002,706,-1973,-133,16,15,-8
2025-11-27T10:56:11.744668,18,21,23,20,86,27,21,19,-5025,8664,-8247,10005,714,-1966,-145,17,15,-8
2025-11-27T10:56:11.767152,19,21,20,19,92,31,20,19,-5024,8662,-8245,10009,711,-1970,-135,18,16,-6
2025-11-27T10:56:11.782158,18,20,20,21,97,32,21,20,-5025,8662,-8245,10009,698,-1974,-137,10,14,-7
2025-11-27T10:56:11.804559,17,19,20,22,95,32,20,19,-5025,8662,-8245,10009,701,-1974,-143,5,11,-6
2025-11-27T10:56:11.827136,18,20,24,22,96,31,18,18,-5025,8662,-8245,10009,702,-1984,-143,8,9,-5
2025-11-27T10:56:11.842216,17,21,29,20,69,32,19,16,-5025,8661,-8245,10009,693,-1973,-121,12,5,-4
2025-11-27T10:56:11.864548,15,21,29,22,84,31,21,18,-5025,8661,-8245,10009,696,-1974,-137,12,2,-1
2025-11-27T10:56:11.887641,17,22,29,21,84,31,18,19,-5025,8661,-8245,10009,701,-1974,-130,10,-2,-6
2025-11-27T10:56:11.902213,17,22,28,21,84,29,22,20,-5026,8661,-8245,10009,705,-1975,-126,8,-5,-6
2025-11-27T10:56:11.932160,16,22,27,21,81,31,24,19,-5026,8661,-8245,10009,696,-1978,-123,12,-8,-4
2025-11-27T10:56:11.947210,19,20,24,22,81,34,24,21,-5026,8661,-8245,10009,702,-1967,-130,11,-7,-4
2025-11-27T10:56:11.969697,20,21,24,21,60,35,23,19,-5026,8661,-8245,10009,714,-1968,-136,4,-8,0
2025-11-27T10:56:11.984741,21,21,31,20,61,37,26,17,-5026,8661,-8245,10009,714,-1966,-141,-2,-8,0
2025-11-27T10:56:12.007173,20,19,31,23,93,36,23,16,-5026,8661,-8245,10009,708,-1973,-147,-8,-11,1
2025-11-27T10:56:12.029714,22,20,30,22,95,35,21,17,-5026,8661,-8245,10009,700,-1975,-128,-5,-10,1
2025-11-27T10:56:12.044681,20,21,29,23,96,31,20,15,-5026,8661,-8245,10009,700,-1971,-134,-1,-12,2
2025-11-27T10:56:12.067226,20,20,28,23,92,26,22,16,-5026,8660,-8245,10009,695,-1978,-134,1,-13,6
2025-11-27T10:56:12.089928,19,19,23,23,87,24,20,17,-5026,8660,-8245,10009,708,-1977,-134,-3,-11,6
2025-11-27T10:56:12.104119,21,21,22,20,81,26,23,19,-5026,8660,-8245,10009,709,-1982,-140,-4,-8,4
2025-11-27T10:56:12.126653,19,20,22,19,84,26,23,19,-5026,8660,-8245,10009,712,-1973,-129,6,-3,4
2025-11-27T10:56:12.149184,19,22,21,19,84,26,24,19,-5026,8660,-8245,10009,706,-1982,-130,5,-4,6
2025-11-27T10:56:12.164260,19,21,26,18,84,24,21,19,-5027,8660,-8245,10009,702,-1968,-135,9,-4,5
2025-11-27T10:56:12.186860,17,21,25,16,82,27,22,19,-5027,8660,-8245,10009,688,-1968,-128,7,-4,7
2025-11-27T10:56:12.209237,18,21,26,19,85,26,19,18,-5027,8660,-8245,10009,696,-1963,-131,-9,-6,7
2025-11-27T10:56:12.224705,18,21,26,20,95,27,18,18,-5027,8659,-8245,10009,703,-1975,-127,-6,-7,4
2025-11-27T10:56:12.247208,18,19,26,20,98,27,17,17,-5027,8659,-8245,10009,704,-1976,-140,2,-8,6
2025-11-27T10:56:12.269756,17,21,23,20,97,31,18,16,-5027,8659,-8245,10010,708,-1985,-125,3,-9,10
2025-11-27T10:56:12.284338,19,21,20,23,97,30,15,16,-5028,8659,-8245,10009,698,-1976,-135,-7,-12,10
2025-11-27T10:56:12.306963,17,19,19,20,76,32,15,15,-5028,8659,-8245,10009,701,-1983,-137,-9,-16,5
2025-11-27T10:56:12.329376,18,21,20,22,101,32,17,16,-5031,8659,-8246,10007,684,-1981,-134,2,-17,3
2025-11-27T10:56:12.344527,19,22,19,22,102,36,19,16,-5036,8660,-8245,10005,693,-1978,-139,9,-21,6
2025-11-27T10:56:12.367219,19,19,19,21,106,36,21,17,-5040,8660,-8244,10004,695,-1985,-121,2,-20,5
2025-11-27T10:56:12.390007,18,19,19,19,107,34,22,18,-5043,8660,-8243,10002,698,-1986,-120,-4,-23,4
2025-11-27T10:56:12.404299,20,22,27,19,103,34,22,18,-5046,8662,-8244,9998,681,-1975,-118,-16,-28,3
2025-11-27T10:56:12.427143,18,21,28,20,104,34,21,18,-5050,8666,-8246,9992,672,-1983,-141,-22,-38,4
2025-11-27T10:56:12.449653,18,20,28,18,101,32,20,19,-5055,8669,-8246,9986,674,-1986,-125,-18,-46,-2
2025-11-27T10:56:12.464788,18,21,28,19,101,34,22,18,-5059,8675,-8244,9981,687,-1972,-135,-6,-51,-6
2025-11-27T10:56:12.487653,19,21,28,22,107,35,23,17,-5063,8681,-8240,9977,708,-1955,-128,-6,-56,-5
2025-11-27T10:56:12.509666,16,19,20,23,139,40,23,17,-5068,8689,-8236,9971,722,-1958,-138,-3,-62,7
2025-11-27T10:56:12.524352,17,19,19,21,113,39,23,17,-5073,8694,-8232,9967,735,-1956,-138,7,-57,15
2025-11-27T10:56:12.547090,18,20,25,22,110,38,23,15,-5076,8701,-8229,9962,742,-1952,-171,6,-49,17
2025-11-27T10:56:12.569275,18,18,26,22,108,36,19,15,-5079,8706,-8229,9956,724,-1970,-170,-8,-40,18
2025-11-27T10:56:12.584708,17,19,26,22,138,37,19,16,-5082,8709,-8232,9950,709,-1981,-160,-14,-30,22
2025-11-27T10:56:12.606983,18,20,28,20,107,32,19,16,-5085,8710,-8236,9944,689,-1981,-173,-9,-19,24
2025-11-27T10:56:12.629411,18,20,27,20,105,31,20,16,-5089,8709,-8241,9939,672,-1971,-162,-14,-8,28
2025-11-27T10:56:12.644640,16,19,23,21,113,31,21,18,-5089,8707,-8250,9932,674,-1977,-160,-40,0,31
2025-11-27T10:56:12.667235,19,20,22,21,118,32,21,19,-5087,8708,-8260,9925,691,-2013,-179,-53,3,24
2025-11-27T10:56:12.689828,20,19,22,18,74,28,21,20,-5087,8706,-8266,9922,687,-1986,-158,-25,9,22
2025-11-27T10:56:12.704660,20,19,25,18,99,26,20,20,-5086,8704,-8270,9920,695,-1967,-159,-16,13,24
2025-11-27T10:56:12.735511,20,18,29,18,101,25,18,20,-5085,8702,-8277,9917,687,-1978,-150,-36,9,26
2025-11-27T10:56:12.749696,22,18,32,15,93,27,20,19,-5084,8700,-8283,9914,695,-1996,-150,-33,11,27
2025-11-27T10:56:12.764674,22,20,33,15,86,25,21,19,-5085,8696,-8289,9911,680,-1984,-163,-19,15,28
2025-11-27T10:56:12.787198,21,20,33,17,84,26,23,21,-5084,8694,-8296,9909,679,-1971,-159,-27,13,25
2025-11-27T10:56:12.809668,20,18,30,17,53,26,22,20,-5083,8692,-8301,9906,692,-1979,-158,-27,9,26
2025-11-27T10:56:12.824621,20,20,34,20,128,33,24,20,-5084,8690,-8305,9903,693,-1989,-169,-13,4,24
2025-11-27T10:56:12.846883,20,21,32,21,138,32,22,21,-5084,8691,-8305,9904,704,-1990,-158,9,14,15
2025-11-27T10:56:12.869622,19,19,32,21,145,34,21,22,-5083,8687,-8306,9906,692,-1976,-146,0,18,11
2025-11-27T10:56:12.885103,18,21,32,22,150,34,18,20,-5082,8683,-8311,9905,673,-1997,-151,-22,20,13
2025-11-27T10:56:12.911358,21,21,32,23,166,35,19,21,-5082,8679,-8318,9904,661,-2015,-159,-25,23,12
2025-11-27T10:56:12.929953,21,20,23,21,126,34,20,20,-5082,8675,-8323,9904,652,-2011,-155,-15,22,8
2025-11-27T10:56:12.952082,21,20,26,23,134,45,24,20,-5078,8676,-8330,9899,650,-1987,-151,-56,3,-4
2025-11-27T10:56:12.967150,20,19,26,23,127,44,24,18,-5067,8686,-8338,9889,681,-1954,-166,-110,-18,-22
2025-11-27T10:56:12.989473,20,17,25,23,122,44,25,18,-5056,8695,-8345,9880,707,-1987,-164,-100,-16,-17
2025-11-27T10:56:13.012171,18,18,26,21,97,44,24,19,-5054,8696,-8348,9879,694,-1998,-161,-29,-2,2
2025-11-27T10:56:13.027204,18,19,27,23,127,41,23,20,-5054,8696,-8348,9879,681,-1982,-173,2,8,5
2025-11-27T10:56:13.049552,19,18,23,19,109,27,19,18,-5054,8696,-8348,9878,675,-1988,-187,3,11,-6
2025-11-27T10:56:13.072069,19,22,23,20,114,29,20,21,-5054,8696,-8348,9878,672,-1999,-178,14,13,-13
2025-11-27T10:56:13.086918,20,24,28,22,132,32,19,21,-5055,8695,-8346,9880,673,-1993,-187,22,8,-12
2025-11-27T10:56:13.109667,18,24,32,22,136,34,20,19,-5056,8693,-8342,9884,680,-1995,-187,37,7,-16
2025-11-27T10:56:13.131977,18,24,31,20,105,36,19,19,-5059,8691,-8336,9890,680,-1983,-165,47,7,-21
2025-11-27T10:56:13.146610,17,23,31,22,135,42,19,19,-5061,8689,-8330,9896,668,-1982,-162,48,9,-21
2025-11-27T10:56:13.169572,17,23,29,20,139,41,17,18,-5063,8686,-8324,9903,676,-1990,-161,46,12,-24
2025-11-27T10:56:13.192347,19,23,26,20,128,39,18,19,-5065,8684,-8317,9910,679,-1999,-165,53,11,-26
2025-11-27T10:56:13.207194,20,22,20,20,131,37,19,20,-5067,8682,-8310,9916,678,-1982,-158,50,9,-26
2025-11-27T10:56:13.229627,22,22,25,20,125,35,19,18,-5068,8680,-8303,9923,692,-1984,-152,43,8,-27
2025-11-27T10:56:13.252190,20,22,26,20,104,26,18,18,-5068,8680,-8297,9928,685,-1979,-161,37,6,-28
2025-11-27T10:56:13.267159,20,19,27,20,93,27,19,18,-5070,8679,-8291,9933,682,-1971,-142,35,4,-19
2025-11-27T10:56:13.290143,19,15,26,21,101,28,21,16,-5071,8678,-8288,9936,676,-1973,-158,27,1,-16
2025-11-27T10:56:13.312034,19,17,26,22,93,31,20,18,-5072,8678,-8284,9938,685,-1983,-158,23,-1,-16
2025-11-27T10:56:13.327139,16,18,20,21,119,32,24,18,-5073,8677,-8280,9941,683,-1990,-154,29,2,-19
2025-11-27T10:56:13.349616,18,19,20,19,109,34,24,21,-5075,8677,-8275,9945,691,-1998,-157,33,1,-21
2025-11-27T10:56:13.372173,20,17,20,21,119,35,26,22,-5075,8678,-8271,9948,691,-1999,-160,30,0,-27
2025-11-27T10:56:13.387304,19,18,20,20,123,41,27,21,-5076,8677,-8264,9954,691,-1986,-135,36,-1,-29
2025-11-27T10:56:13.409674,18,20,20,24,146,53,29,21,-5078,8677,-8257,9959,678,-1965,-130,34,-4,-30
2025-11-27T10:56:13.432126,20,21,20,24,135,66,30,22,-5076,8680,-8251,9963,707,-1968,-137,18,-5,-33
2025-11-27T10:56:13.446953,19,21,22,78,140,71,32,21,-5074,8683,-8245,9966,710,-1973,-134,12,-7,-33
2025-11-27T10:56:13.469705,21,23,22,82,159,110,36,20,-5072,8685,-8238,9970,721,-1965,-145,26,-5,-27
2025-11-27T10:56:13.492019,21,22,23,85,170,137,41,22,-5070,8688,-8234,9972,718,-1977,-142,9,-2,-26
2025-11-27T10:56:13.507029,22,20,23,85,157,137,40,22,-5062,8692,-8231,9976,719,-1954,-153,-4,15,-41
2025-11-27T10:56:13.529853,20,20,24,86,157,135,38,21,-5054,8694,-8230,9978,734,-2002,-139,-22,18,-33
2025-11-27T10:56:13.551783,20,20,21,45,164,133,38,22,-5050,8693,-8229,9982,708,-1992,-145,6,23,-22
2025-11-27T10:56:13.567220,17,20,20,41,143,106,33,22,-5049,8690,-8227,9987,690,-1980,-143,22,29,-22
2025-11-27T10:56:13.597564,16,20,21,34,131,67,26,20,-5046,8688,-8225,9993,692,-1982,-143,19,27,-32
2025-11-27T10:56:13.611940,16,21,28,30,149,63,27,19,-5044,8686,-8220,9998,689,-1981,-136,27,19,-36
2025-11-27T10:56:13.627126,16,20,28,29,144,57,28,18,-5045,8685,-8215,10003,685,-1993,-134,35,6,-37
2025-11-27T10:56:13.649594,15,19,29,25,133,56,27,17,-5046,8685,-8208,10009,700,-1976,-130,38,0,-36
2025-11-27T10:56:13.672105,17,18,29,21,149,54,26,13,-5046,8686,-8201,10013,700,-1965,-132,34,-3,-38
2025-11-27T10:56:13.687610,18,17,28,22,139,53,24,14,-5047,8687,-8195,10016,699,-1977,-132,30,-6,-28
2025-11-27T10:56:13.709602,18,15,22,20,113,45,24,13,-5048,8688,-8189,10020,715,-1983,-143,37,-3,-26
2025-11-27T10:56:13.732138,18,16,21,22,120,46,23,14,-5047,8690,-8184,10023,719,-1959,-149,29,0,-31
2025-11-27T10:56:13.747066,18,17,29,23,157,46,25,17,-5045,8692,-8179,10026,720,-1967,-140,18,0,-29
2025-11-27T10:56:13.769692,17,17,30,22,148,44,24,19,-5044,8693,-8175,10030,722,-1973,-136,28,3,-21
2025-11-27T10:56:13.792093,17,19,31,23,151,44,26,18,-5044,8693,-8171,10032,717,-1955,-150,31,5,-15
2025-11-27T10:56:13.807275,17,20,31,24,163,47,25,20,-5045,8692,-8168,10035,704,-1953,-131,23,5,-13
2025-11-27T10:56:13.829699,18,18,32,22,165,46,25,21,-5045,8692,-8168,10035,717,-1960,-132,14,6,-10
2025-11-27T10:56:13.852317,19,19,21,20,125,45,24,19,-5045,8692,-8168,10035,718,-1972,-118,14,9,-7
2025-11-27T10:56:13.875402,18,21,20,20,121,44,25,19,-5045,8692,-8168,10035,718,-1972,-128,12,10,-7
2025-11-27T10:56:13.889976,19,20,19,84,136,44,22,20,-5045,8692,-8168,10035,726,-1967,-112,6,8,-5
2025-11-27T10:56:13.912068,17,20,17,102,124,39,21,19,-5045,8692,-8168,10035,718,-1969,-116,2,2,-6
2025-11-27T10:56:13.935424,16,21,20,164,122,41,20,20,-5046,8692,-8168,10036,725,-1983,-112,6,-7,-8
2025-11-27T10:56:13.949674,16,21,23,175,124,45,23,20,-5050,8690,-8164,10038,713,-1984,-100,24,-10,-5
2025-11-27T10:56:13.972201,18,20,23,180,133,45,22,21,-5053,8689,-8159,10041,709,-1941,-111,25,-9,-7
2025-11-27T10:56:13.994949,17,20,23,165,111,45,23,22,-5055,8690,-8156,10042,715,-1965,-107,13,-17,-6
2025-11-27T10:56:14.009835,17,20,24,156,105,46,22,22,-5058,8691,-8153,10042,718,-1966,-119,16,-18,-5
2025-11-27T10:56:14.032096,20,19,27,121,92,44,23,21,-5061,8693,-8151,10040,711,-1968,-125,7,-20,-1
2025-11-27T10:56:14.054647,19,18,26,107,110,39,20,22,-5062,8696,-8151,10038,718,-1965,-133,-4,-19,-1
2025-11-27T10:56:14.069633,18,17,26,101,95,41,19,21,-5063,8698,-8151,10035,721,-1962,-129,-1,-19,3
2025-11-27T10:56:14.092992,20,17,27,94,111,43,19,19,-5063,8698,-8151,10035,712,-1955,-143,-11,-16,9
2025-11-27T10:56:14.115033,20,17,28,92,110,41,18,19,-5063,8700,-8153,10032,728,-1963,-135,-18,-11,12
2025-11-27T10:56:14.129806,18,15,22,47,137,42,18,19,-5063,8700,-8153,10031,716,-1968,-132,-15,-5,13
2025-11-27T10:56:14.152673,19,17,23,42,122,40,18,16,-5064,8700,-8157,10029,718,-1968,-132,-13,-3,17
2025-11-27T10:56:14.174671,20,18,24,38,131,36,18,16,-5064,8699,-8160,10026,712,-1964,-123,-22,-3,17
2025-11-27T10:56:14.189593,19,18,23,33,119,42,20,16,-5064,8699,-8165,10023,720,-1970,-124,-26,-1,20
2025-11-27T10:56:14.212430,19,19,22,31,140,43,23,17,-5064,8698,-8169,10020,716,-1972,-125,-25,1,19
2025-11-27T10:56:14.234651,20,21,31,26,114,41,23,17,-5063,8697,-8173,10018,720,-1976,-126,-19,2,17
2025-11-27T10:56:14.249143,18,21,32,26,116,39,22,18,-5064,8697,-8173,10018,711,-1974,-118,-13,1,13
2025-11-27T10:56:14.272057,16,21,34,24,108,43,23,20,-5064,8697,-8173,10018,717,-1983,-117,-10,1,10
2025-11-27T10:56:14.294678,18,23,35,25,134,43,23,20,-5064,8697,-8173,10018,715,-1988,-130,-2,1,5
2025-11-27T10:56:14.309321,20,22,35,24,119,48,21,20,-5064,8697,-8173,10018,711,-1980,-125,8,3,3
2025-11-27T10:56:14.332192,20,21,29,24,118,49,20,22,-5064,8697,-8173,10018,705,-1963,-131,-8,5,3
2025-11-27T10:56:14.354651,19,20,27,24,117,52,20,21,-5063,8697,-8176,10016,715,-1973,-129,-17,5,4
2025-11-27T10:56:14.369733,21,20,26,24,127,52,21,21,-5063,8697,-8176,10016,717,-1978,-138,-3,9,5
2025-11-27T10:56:14.392125,20,18,25,22,101,46,20,22,-5063,8697,-8176,10016,702,-1970,-144,5,12,5
2025-11-27T10:56:14.414778,18,18,26,21,94,43,20,22,-5063,8697,-8176,10016,706,-1975,-129,0,11,3
2025-11-27T10:56:14.429708,18,17,22,21,99,41,22,22,-5063,8697,-8176,10016,694,-1966,-142,-1,14,4
2025-11-27T10:56:14.452255,18,20,28,21,109,41,23,22,-5062,8694,-8179,10016,705,-1971,-132,-5,17,5
2025-11-27T10:56:14.474641,17,20,29,21,105,40,20,22,-5062,8691,-8181,10017,708,-1980,-131,1,18,6
2025-11-27T10:56:14.489258,17,21,28,23,100,44,20,20,-5062,8688,-8183,10018,701,-1976,-127,0,16,7
2025-11-27T10:56:14.512190,18,20,28,23,104,43,19,20,-5061,8685,-8184,10020,712,-1973,-120,-4,18,2
2025-11-27T10:56:14.534702,18,21,30,25,121,42,17,18,-5061,8682,-8185,10022,707,-1977,-119,2,18,1
2025-11-27T10:56:14.549380,19,20,25,25,134,40,18,18,-5059,8680,-8186,10024,712,-1971,-132,6,19,0
2025-11-27T10:56:14.572149,19,20,21,24,121,39,18,16,-5059,8677,-8187,10026,706,-1958,-114,-3,16,3
2025-11-27T10:56:14.594998,19,20,22,22,123,32,18,17,-5059,8677,-8187,10026,699,-1974,-119,-4,12,10
2025-11-27T10:56:14.609146,18,20,22,22,120,30,18,18,-5059,8677,-8187,10026,684,-1974,-121,1,6,11
2025-11-27T10:56:14.632041,17,20,20,20,98,34,19,20,-5060,8676,-8188,10026,679,-1962,-124,2,-1,12
2025-11-27T10:56:14.654653,17,20,19,36,117,33,18,19,-5063,8674,-8191,10023,682,-1939,-122,-7,-7,22
2025-11-27T10:56:14.669668,17,20,24,39,127,35,21,22,-5066,8674,-8197,10017,682,-1930,-123,-30,-13,31
2025-11-27T10:56:14.692637,18,19,24,41,126,35,20,22,-5066,8676,-8205,10008,704,-1936,-136,-51,-18,42
2025-11-27T10:56:14.715192,18,20,26,42,164,38,21,22,-5068,8676,-8216,9999,719,-1955,-144,-54,-17,60
2025-11-27T10:56:14.729382,20,20,25,41,167,40,22,19,-5070,8676,-8226,9989,715,-1958,-152,-47,-11,66
2025-11-27T10:56:14.752362,19,20,26,28,136,42,22,20,-5070,8675,-8238,9979,722,-2001,-148,-66,-9,61
2025-11-27T10:56:14.774686,19,19,27,24,131,42,19,17,-5072,8674,-8248,9972,708,-2036,-134,-52,-7,48
2025-11-27T10:56:14.798162,20,19,28,21,139,48,21,17,-5077,8669,-8254,9968,687,-2050,-117,-26,-5,35
2025-11-27T10:56:14.812221,21,20,28,21,99,48,20,16,-5084,8666,-8257,9966,663,-2026,-108,-9,-12,18
2025-11-27T10:56:14.834638,19,22,29,22,90,43,20,17,-5089,8664,-8256,9966,664,-2021,-93,-6,-19,-2
2025-11-27T10:56:14.857838,21,22,29,23,103,41,20,17,-5093,8665,-8253,9965,674,-2007,-98,-8,-30,-12
2025-11-27T10:56:14.872078,19,22,23,23,118,40,20,16,-5097,8669,-8248,9964,688,-2007,-118,9,-39,-21
2025-11-27T10:56:14.895156,17,21,23,23,111,36,18,15,-5100,8674,-8240,9964,700,-1977,-138,24,-43,-26
2025-11-27T10:56:14.917908,16,20,29,21,116,37,19,14,-5103,8680,-8231,9965,708,-1953,-142,34,-44,-24
2025-11-27T10:56:14.931585,18,18,30,24,130,43,20,17,-5105,8687,-8224,9963,713,-1945,-177,34,-41,-14
2025-11-27T10:56:14.954644,16,19,32,23,121,45,19,16,-5108,8691,-8220,9961,696,-1954,-163,22,-29,-7
2025-11-27T10:56:14.977933,18,18,32,23,108,49,23,17,-5109,8695,-8221,9957,692,-1974,-181,5,-20,-2
2025-11-27T10:56:14.992055,19,20,32,25,140,49,23,18,-5109,8695,-8221,9957,698,-1978,-182,-5,-4,1
2025-11-27T10:56:15.015131,19,19,25,24,132,46,24,18,-5109,8696,-8221,9956,687,-1961,-168,-12,10,6
2025-11-27T10:56:15.037766,19,19,23,21,128,49,25,16,-5106,8695,-8226,9954,694,-1965,-162,-18,16,11
2025-11-27T10:56:15.052115,19,18,26,23,139,50,26,20,-5103,8693,-8232,9953,695,-1955,-142,-27,20,17
2025-11-27T10:56:15.074709,20,19,28,22,133,45,22,19,-5100,8690,-8238,9952,696,-1992,-132,-36,24,15
2025-11-27T10:56:15.098023,18,18,27,20,97,48,23,19,-5097,8687,-8243,9952,701,-2015,-127,-30,22,8
2025-11-27T10:56:15.112176,19,19,28,24,127,53,25,19,-5097,8683,-8244,9954,692,-1994,-119,-5,18,4
2025-11-27T10:56:15.134685,17,20,28,23,117,47,23,20,-5097,8683,-8244,9955,681,-1954,-115,-8,8,5
2025-11-27T10:56:15.157693,17,19,20,22,113,48,25,18,-5096,8683,-8246,9953,682,-1968,-115,-31,-4,2
2025-11-27T10:56:15.172216,18,19,17,23,133,54,26,19,-5098,8684,-8249,9949,674,-2004,-129,-27,-19,1
2025-11-27T10:56:15.195155,19,22,18,21,132,49,24,18,-5101,8686,-8250,9944,661,-2026,-148,-11,-27,-10
2025-11-27T10:56:15.217974,19,22,26,19,124,53,22,19,-5106,8690,-8247,9941,649,-2038,-137,1,-39,-27
2025-11-27T10:56:15.232376,19,23,28,37,154,55,22,17,-5111,8695,-8241,9939,662,-2040,-137,14,-50,-43
2025-11-27T10:56:15.254654,20,22,29,38,158,54,19,17,-5115,8703,-8231,9939,674,-2005,-130,20,-59,-55
2025-11-27T10:56:15.277840,19,23,29,40,177,48,19,17,-5116,8715,-8220,9937,686,-2005,-114,-4,-74,-67
2025-11-27T10:56:15.292081,20,20,31,41,179,48,20,18,-5118,8728,-8210,9933,689,-2006,-116,-10,-86,-68
2025-11-27T10:56:15.314875,19,19,24,43,168,39,20,18,-5122,8742,-8194,9931,695,-2000,-116,19,-97,-77
2025-11-27T10:56:15.337555,20,16,22,44,158,46,21,19,-5128,8758,-8174,9931,706,-1997,-117,39,-110,-89
2025-11-27T10:56:15.349947,18,17,29,44,152,57,24,19,-5134,8776,-8152,9930,718,-1995,-125,48,-126,-97
2025-11-27T10:56:15.373112,17,18,29,43,120,60,27,20,-5138,8798,-8125,9930,749,-2030,-147,64,-134,-116
2025-11-27T10:56:15.398625,14,19,28,44,122,66,27,19,-5144,8819,-8094,9935,754,-2025,-154,103,-128,-136
2025-11-27T10:56:15.412401,15,22,28,42,117,68,27,20,-5151,8838,-8059,9941,749,-2016,-164,133,-121,-142
2025-11-27T10:56:15.434901,17,23,29,29,104,66,26,20,-5157,8857,-8023,9951,758,-2015,-154,144,-113,-154
2025-11-27T10:56:15.457830,17,25,29,29,128,61,25,20,-5162,8873,-7984,9965,756,-1986,-174,179,-88,-166
2025-11-27T10:56:15.472000,17,24,29,26,121,62,24,19,-5163,8888,-7947,9981,761,-1977,-173,171,-62,-171
2025-11-27T10:56:15.494886,18,23,31,43,119,57,25,20,-5163,8901,-7910,9998,764,-1964,-175,177,-47,-175
2025-11-27T10:56:15.517811,19,22,31,42,145,53,24,19,-5159,8913,-7873,10020,781,-1914,-175,182,-16,-179
2025-11-27T10:56:15.531547,17,22,32,44,166,49,25,18,-5153,8921,-7847,10036,761,-1878,-176,140,3,-144
2025-11-27T10:56:15.554635,20,20,30,44,141,49,24,18,-5141,8931,-7826,10050,792,-1852,-195,100,20,-123
2025-11-27T10:56:15.577845,21,20,30,45,138,46,26,19,-5128,8936,-7816,10059,784,-1823,-176,51,39,-79
2025-11-27T10:56:15.592213,22,22,29,29,165,54,26,18,-5115,8938,-7814,10065,779,-1857,-166,14,56,-51
2025-11-27T10:56:15.614806,21,22,29,29,147,55,28,19,-5103,8937,-7818,10070,763,-1867,-177,5,74,-30
2025-11-27T10:56:15.637961,21,22,30,24,115,55,26,18,-5092,8932,-7827,10073,753,-1911,-154,-28,79,-12
2025-11-27T10:56:15.651892,19,22,30,20,122,50,25,18,-5081,8927,-7838,10074,750,-1982,-124,-50,75,-18
2025-11-27T10:56:15.674590,18,21,30,22,177,50,24,17,-5075,8918,-7844,10080,737,-1994,-94,-17,74,-20
2025-11-27T10:56:15.697606,17,19,30,22,153,46,22,17,-5070,8909,-7850,10086,725,-1982,-65,-28,62,-24
2025-11-27T10:56:15.712020,16,18,29,22,178,50,20,15,-5063,8904,-7854,10091,731,-1981,-51,-39,50,-37
2025-11-27T10:56:15.734587,17,18,29,23,189,52,21,17,-5058,8899,-7855,10097,760,-1968,-24,-37,35,-31
2025-11-27T10:56:15.757862,17,17,28,24,184,53,23,18,-5053,8898,-7852,10103,788,-1922,-34,-24,14,-27
2025-11-27T10:56:15.780332,19,20,27,21,133,52,20,16,-5051,8900,-7846,10107,815,-1919,-46,-5,-12,-23
2025-11-27T10:56:15.794567,20,21,27,21,158,52,22,17,-5053,8903,-7835,10111,823,-1946,-45,18,-36,-22
2025-11-27T10:56:15.817579,20,21,28,19,132,54,23,17,-5060,8907,-7821,10116,815,-1935,-51,55,-54,-24
2025-11-27T10:56:15.840330,20,23,27,18,118,55,25,17,-5067,8913,-7805,10120,810,-1920,-70,61,-62,-34
2025-11-27T10:56:15.854086,19,22,27,18,144,53,25,18,-5073,8919,-7791,10121,815,-1943,-82,54,-62,-32
2025-11-27T10:56:15.877789,16,23,27,18,145,53,26,19,-5082,8923,-7778,10124,794,-1945,-102,74,-50,-23
2025-11-27T10:56:15.901160,15,23,26,18,116,50,24,20,-5091,8924,-7770,10124,768,-1922,-95,55,-39,-7
2025-11-27T10:56:15.914892,16,22,26,20,117,44,25,20,-5092,8930,-7769,10120,793,-1917,-116,3,-34,-2
2025-11-27T10:56:15.937918,17,21,25,25,130,40,24,19,-5090,8936,-7768,10116,821,-1935,-127,-10,-24,-8
2025-11-27T10:56:15.960151,16,22,27,26,103,39,23,19,-5089,8940,-7765,10115,817,-1941,-134,16,-13,-8
2025-11-27T10:56:15.974685,19,19,27,26,101,47,23,19,-5091,8943,-7762,10114,787,-1938,-126,26,-14,-11
2025-11-27T10:56:15.997834,21,21,28,26,117,52,26,17,-5094,8945,-7760,10112,776,-1939,-119,16,-18,-10
2025-11-27T10:56:16.020512,23,22,29,25,107,51,25,18,-5096,8946,-7757,10112,774,-1943,-96,16,-13,-17
2025-11-27T10:56:16.034560,23,22,30,21,89,50,25,18,-5097,8947,-7754,10114,789,-1942,-109,26,-6,-16
2025-11-27T10:56:16.057827,23,22,29,19,83,52,27,16,-5098,8947,-7751,10115,800,-1939,-97,17,-1,-7
2025-11-27T10:56:16.080306,23,22,31,22,107,42,27,15,-5097,8947,-7751,10115,804,-1929,-104,7,2,-4
2025-11-27T10:56:16.094703,21,20,32,21,92,36,24,15,-5097,8947,-7751,10115,787,-1917,-107,-2,2,1
2025-11-27T10:56:16.117755,20,19,32,21,92,35,22,16,-5097,8948,-7757,10110,767,-1926,-121,-22,-2,6
2025-11-27T10:56:16.140121,20,18,33,19,98,38,21,16,-5098,8949,-7762,10105,766,-1973,-114,-21,-8,3
2025-11-27T10:56:16.153755,20,18,33,20,125,41,22,18,-5098,8949,-7762,10105,762,-1966,-104,9,-10,-6
2025-11-27T10:56:16.177858,20,17,32,18,120,44,21,18,-5099,8948,-7763,10104,761,-1956,-98,10,-15,-11
2025-11-27T10:56:16.200298,20,19,31,18,115,49,23,17,-5101,8950,-7760,10104,788,-1969,-75,0,-21,-14
2025-11-27T10:56:16.214448,18,20,32,18,114,50,24,16,-5102,8952,-7755,10106,799,-1951,-79,15,-18,-20
2025-11-27T10:56:16.237794,18,22,36,19,128,49,23,17,-5103,8954,-7749,10108,811,-1929,-90,22,-17,-18
2025-11-27T10:56:16.258357,18,21,31,20,122,47,21,18,-5102,8958,-7744,10108,820,-1924,-84,4,-22,-14
2025-11-27T10:56:16.273062,17,21,30,19,113,43,20,17,-5102,8962,-7740,10108,804,-1924,-90,-1,-24,-14
2025-11-27T10:56:16.298346,16,20,29,21,130,36,18,17,-5103,8966,-7736,10107,805,-1947,-83,7,-28,-20
2025-11-27T10:56:16.320366,17,20,29,22,129,33,17,16,-5107,8968,-7726,10111,815,-1973,-69,34,-29,-28
2025-11-27T10:56:16.334495,16,19,23,20,114,32,18,15,-5113,8970,-7714,10116,793,-1938,-68,63,-34,-33
2025-11-27T10:56:16.357708,18,20,23,19,114,34,18,11,-5120,8972,-7701,10120,792,-1948,-54,55,-41,-35
2025-11-27T10:56:16.380360,18,19,30,19,119,41,19,14,-5125,8976,-7689,10123,804,-1961,-73,48,-44,-43
2025-11-27T10:56:16.394654,19,19,32,17,115,41,19,15,-5129,8981,-7675,10127,810,-1951,-82,61,-42,-50
2025-11-27T10:56:16.417645,18,20,31,18,116,43,19,18,-5134,8987,-7662,10130,797,-1946,-97,68,-42,-52
2025-11-27T10:56:16.440362,19,21,30,20,138,43,19,19,-5139,8992,-7649,10132,801,-1938,-87,58,-46,-49
2025-11-27T10:56:16.454595,17,19,34,19,122,41,20,20,-5143,8999,-7636,10134,795,-1929,-106,61,-48,-54
2025-11-27T10:56:16.477853,17,21,29,19,113,39,19,20,-5146,9007,-7622,10136,808,-1914,-99,59,-48,-54
2025-11-27T10:56:16.500648,16,20,29,20,99,43,22,21,-5148,9014,-7610,10137,812,-1908,-88,46,-46,-47
2025-11-27T10:56:16.515030,17,19,30,21,120,43,23,19,-5151,9021,-7601,10137,799,-1898,-94,37,-44,-36
2025-11-27T10:56:16.537792,16,21,33,20,116,45,23,17,-5156,9026,-7593,10135,798,-1891,-91,33,-43,-20
2025-11-27T10:56:16.560435,15,21,31,22,118,45,23,17,-5161,9029,-7588,10134,808,-1907,-81,26,-40,-5
2025-11-27T10:56:16.574497,18,19,30,22,121,42,22,16,-5163,9034,-7584,10131,830,-1926,-95,16,-32,-6
2025-11-27T10:56:16.597271,19,18,28,21,117,39,21,15,-5165,9038,-7577,10132,851,-1940,-100,34,-24,-13
2025-11-27T10:56:16.619571,18,18,29,22,122,40,21,18,-5167,9040,-7572,10133,839,-1934,-101,37,-16,-12
2025-11-27T10:56:16.642837,17,18,33,23,103,41,22,20,-5167,9041,-7572,10133,814,-1937,-102,8,-15,-6
2025-11-27T10:56:16.657845,17,20,33,24,101,42,23,19,-5167,9041,-7573,10132,799,-1935,-107,3,-12,-8
2025-11-27T10:56:16.680470,15,20,33,23,123,40,24,21,-5167,9041,-7573,10132,801,-1916,-90,-1,-10,-6
2025-11-27T10:56:16.702793,15,21,34,24,131,40,23,22,-5165,9043,-7574,10130,816,-1915,-63,-26,-9,-3
2025-11-27T10:56:16.717829,14,22,36,22,108,39,23,20,-5162,9046,-7577,10127,830,-1940,-77,-31,-8,-5
2025-11-27T10:56:16.740416,17,20,30,20,102,34,21,18,-5161,9046,-7576,10127,845,-1926,-78,-8,-4,-3
2025-11-27T10:56:16.760667,17,20,29,18,106,33,22,18,-5161,9046,-7576,10128,843,-1917,-64,0,4,4
2025-11-27T10:56:16.775975,19,20,28,19,99,33,21,16,-5158,9046,-7577,10128,844,-1918,-67,-19,10,7
2025-11-27T10:56:16.799152,18,20,30,20,91,32,22,17,-5154,9046,-7581,10127,839,-1938,-83,-29,15,5
2025-11-27T10:56:16.822965,21,20,31,20,115,32,23,18,-5151,9044,-7586,10127,821,-1928,-78,-23,18,11
2025-11-27T10:56:16.837801,21,21,30,21,118,39,24,19,-5149,9043,-7591,10125,804,-1910,-81,-28,13,14
2025-11-27T10:56:16.860773,23,19,30,22,126,39,24,19,-5148,9042,-7598,10122,805,-1919,-78,-36,8,15
2025-11-27T10:56:16.882803,21,21,29,21,112,47,27,19,-5148,9042,-7598,10121,808,-1935,-101,-16,7,10
2025-11-27T10:56:16.898021,22,20,27,21,122,47,26,16,-5148,9042,-7598,10121,800,-1921,-97,6,10,9
2025-11-27T10:56:16.920022,20,20,31,21,98,46,25,18,-5148,9042,-7598,10121,809,-1911,-96,-14,8,13
2025-11-27T10:56:16.942816,19,20,31,23,120,44,26,17,-5146,9042,-7605,10117,801,-1933,-94,-33,6,16
2025-11-27T10:56:16.957759,16,20,30,21,107,43,25,17,-5147,9039,-7611,10114,799,-1938,-91,-20,13,21
2025-11-27T10:56:16.980343,17,19,32,23,105,42,22,19,-5146,9037,-7617,10112,811,-1923,-93,-22,16,23
2025-11-27T10:56:17.002818,18,20,36,23,95,42,22,19,-5144,9036,-7624,10109,823,-1922,-91,-34,13,28
2025-11-27T10:56:17.016891,19,20,30,24,102,42,23,17,-5141,9036,-7632,10105,821,-1944,-95,-43,11,25
2025-11-27T10:56:17.040231,19,20,31,23,105,39,21,17,-5139,9035,-7637,10103,829,-1951,-95,-25,10,20
2025-11-27T10:56:17.062757,19,21,32,23,107,55,21,17,-5139,9035,-7637,10103,818,-1951,-81,-13,9,14
2025-11-27T10:56:17.076651,19,20,31,23,107,52,21,16,-5140,9034,-7637,10103,808,-1940,-81,-14,5,12
2025-11-27T10:56:17.100373,16,20,28,24,108,50,20,17,-5139,9034,-7640,10101,807,-1939,-84,-19,2,8
2025-11-27T10:56:17.122818,15,20,31,23,125,54,19,17,-5140,9033,-7640,10101,800,-1949,-78,-15,1,6
2025-11-27T10:56:17.136555,14,19,29,22,108,57,19,19,-5140,9033,-7641,10101,796,-1957,-88,2,1,3
2025-11-27T10:56:17.158588,14,19,31,21,107,44,19,19,-5140,9033,-7641,10101,789,-1935,-90,8,5,-2
2025-11-27T10:56:17.181467,14,19,30,18,109,42,19,20,-5140,9033,-7641,10101,809,-1907,-99,-8,3,-5
2025-11-27T10:56:17.197029,15,18,31,20,133,44,20,19,-5137,9035,-7643,10099,826,-1939,-105,-23,1,-3
2025-11-27T10:56:17.220380,16,19,28,20,121,43,20,19,-5136,9036,-7643,10099,831,-1964,-108,-1,2,-6
2025-11-27T10:56:17.242802,17,19,29,21,123,39,20,18,-5139,9034,-7641,10101,800,-1937,-111,33,9,-6
2025-11-27T10:56:17.257063,17,19,27,22,124,46,20,20,-5138,9034,-7641,10101,797,-1911,-105,13,7,-1
2025-11-27T10:56:17.279787,17,20,26,24,122,46,20,21,-5136,9034,-7645,10099,801,-1923,-93,-24,10,0
2025-11-27T10:56:17.302299,17,21,27,23,108,46,19,21,-5133,9033,-7649,10098,813,-1924,-108,-18,16,5
2025-11-27T10:56:17.317171,18,20,26,24,104,45,19,20,-5131,9031,-7654,10098,799,-1925,-100,-16,20,11
2025-11-27T10:56:17.340332,18,21,26,23,87,45,20,20,-5129,9029,-7661,10095,797,-1936,-100,-33,17,15
2025-11-27T10:56:17.362850,18,21,27,25,87,39,21,19,-5126,9028,-7667,10092,802,-1943,-101,-34,16,11
2025-11-27T10:56:17.377057,17,22,34,26,128,40,20,16,-5125,9026,-7671,10092,805,-1963,-83,-22,15,6
2025-11-27T10:56:17.400247,17,21,29,24,119,37,20,17,-5125,9026,-7671,10092,786,-1937,-83,3,13,7
2025-11-27T10:56:17.422603,17,22,31,23,114,38,21,17,-5125,9025,-7671,10092,794,-1924,-87,-9,9,4
2025-11-27T10:56:17.437109,17,21,32,24,116,39,19,18,-5125,9026,-7675,10090,799,-1960,-92,-25,-3,2
2025-11-27T10:56:17.460304,17,21,30,25,133,44,17,17,-5125,9025,-7675,10089,808,-1981,-93,-1,-7,-3
2025-11-27T10:56:17.483394,17,21,28,22,95,44,18,18,-5128,9025,-7671,10091,802,-1951,-96,25,-11,-10
2025-11-27T10:56:17.497441,17,21,28,24,118,45,19,19,-5131,9026,-7667,10092,799,-1911,-104,28,-13,-7
2025-11-27T10:56:17.520200,16,20,27,24,120,45,18,20,-5130,9027,-7667,10092,813,-1890,-104,5,-10,4
2025-11-27T10:56:17.542862,18,20,26,24,120,44,20,20,-5130,9027,-7667,10092,823,-1904,-117,-13,-1,15
2025-11-27T10:56:17.557104,20,19,26,20,96,38,21,21,-5129,9027,-7671,10089,821,-1920,-113,-12,7,22
2025-11-27T10:56:17.580268,20,18,27,21,95,39,19,22,-5129,9025,-7678,10086,802,-1930,-118,-22,11,28
2025-11-27T10:56:17.602833,20,18,26,21,121,38,19,21,-5128,9024,-7687,10081,782,-1945,-106,-43,11,25
2025-11-27T10:56:17.616751,21,17,27,23,125,39,21,21,-5127,9021,-7695,10077,786,-1963,-94,-39,10,20
2025-11-27T10:56:17.640181,20,17,25,22,125,37,18,19,-5129,9018,-7699,10076,788,-1959,-94,-11,10,18
2025-11-27T10:56:17.662767,18,18,25,22,127,34,18,18,-5131,9015,-7703,10075,793,-1954,-89,-7,7,18
2025-11-27T10:56:17.685248,18,17,26,23,125,33,19,18,-5131,9014,-7703,10075,790,-1946,-82,-15,2,12
2025-11-27T10:56:17.700438,17,16,27,23,99,37,19,19,-5131,9014,-7703,10075,798,-1931,-105,-7,-6,6
2025-11-27T10:56:17.722368,17,18,29,21,102,41,19,18,-5131,9015,-7703,10075,804,-1934,-102,4,-7,8
2025-11-27T10:56:17.745164,17,19,29,22,105,42,20,18,-5131,9015,-7703,10075,800,-1927,-95,3,-5,8
2025-11-27T10:56:17.760197,17,20,32,22,111,42,18,19,-5131,9015,-7703,10075,803,-1922,-124,5,-3,9
2025-11-27T10:56:17.782854,19,21,32,23,133,44,20,18,-5133,9014,-7707,10072,785,-1937,-121,-3,-1,19
2025-11-27T10:56:17.805296,19,22,32,20,119,43,20,20,-5135,9013,-7712,10068,781,-1935,-119,-15,0,24
2025-11-27T10:56:17.820209,19,20,31,21,117,40,20,19,-5134,9014,-7718,10062,781,-1948,-120,-30,-4,15
2025-11-27T10:56:17.842854,21,20,31,23,137,50,23,21,-5136,9012,-7724,10058,776,-1961,-108,-21,-1,16
2025-11-27T10:56:17.865190,20,22,32,22,137,52,24,22,-5136,9012,-7724,10058,788,-1969,-105,-7,0,11
2025-11-27T10:56:17.880175,19,21,28,21,119,54,24,23,-5137,9012,-7724,10058,800,-1961,-90,-3,-2,4
2025-11-27T10:56:17.902888,20,20,26,21,115,53,25,21,-5137,9012,-7724,10059,805,-1952,-94,-13,-4,2
2025-11-27T10:56:17.925333,19,20,27,26,143,56,25,24,-5137,9012,-7723,10059,814,-1947,-85,0,-7,1
2025-11-27T10:56:17.940327,16,20,31,24,126,50,23,23,-5137,9011,-7723,10059,796,-1946,-95,8,-9,-4
2025-11-27T10:56:17.962795,17,18,27,24,119,49,23,20,-5137,9011,-7723,10059,787,-1949,-97,8,-11,-6
2025-11-27T10:56:17.985341,20,19,26,23,115,48,21,21,-5138,9012,-7719,10061,805,-1950,-100,17,-9,-13
2025-11-27T10:56:18.000035,19,20,27,24,135,49,20,21,-5139,9013,-7715,10063,801,-1937,-114,24,-7,-13
2025-11-27T10:56:18.022804,20,20,27,17,99,44,22,20,-5139,9014,-7716,10062,798,-1943,-121,14,-6,-13
2025-11-27T10:56:18.045304,19,20,26,18,98,38,23,19,-5139,9015,-7713,10063,792,-1952,-128,17,-3,-17
2025-11-27T10:56:18.060359,19,20,25,19,98,36,21,20,-5141,9014,-7709,10065,782,-1943,-91,26,-3,-16
2025-11-27T10:56:18.082838,17,21,26,18,103,31,21,21,-5144,9013,-7705,10068,783,-1954,-93,25,-6,-18
2025-11-27T10:56:18.104948,16,19,26,17,95,29,21,20,-5144,9015,-7700,10070,795,-1939,-105,23,-6,-26
2025-11-27T10:56:18.119583,16,20,25,19,95,30,20,18,-5145,9015,-7694,10074,807,-1935,-95,32,-4,-25
2025-11-27T10:56:18.142818,17,19,27,19,94,32,19,19,-5144,9016,-7690,10076,791,-1935,-108,20,-1,-23
2025-11-27T10:56:18.164893,18,20,28,20,112,34,21,20,-5143,9018,-7688,10077,788,-1931,-110,5,-3,-20
2025-11-27T10:56:18.179115,17,19,28,23,114,35,23,18,-5143,9019,-7686,10077,793,-1952,-95,5,-5,-18
2025-11-27T10:56:18.202322,18,20,27,24,97,49,24,18,-5146,9018,-7682,10080,789,-1967,-87,25,-5,-21
2025-11-27T10:56:18.225244,20,20,33,23,100,51,23,18,-5148,9019,-7677,10083,780,-1946,-103,36,-7,-28
2025-11-27T10:56:18.239544,20,19,30,26,123,56,22,20,-5151,9019,-7670,10086,781,-1940,-92,39,-12,-28
2025-11-27T10:56:18.262355,19,19,30,27,144,59,23,19,-5152,9021,-7665,10088,793,-1920,-103,26,-9,-28
2025-11-27T10:56:18.285326,19,19,29,24,142,61,23,19,-5148,9024,-7661,10090,830,-1915,-104,10,-3,-20
2025-11-27T10:56:18.300115,20,18,34,24,139,49,22,22,-5144,9027,-7658,10091,835,-1923,-110,6,3,-18
2025-11-27T10:56:18.322399,15,18,30,23,147,47,22,22,-5144,9027,-7658,10091,822,-1933,-113,8,9,-14
2025-11-27T10:56:18.345397,19,19,28,21,135,46,22,21,-5142,9027,-7656,10094,805,-1932,-87,7,14,-17
2025-11-27T10:56:18.359439,19,19,30,19,115,44,21,19,-5140,9026,-7655,10096,795,-1940,-102,8,15,-18
2025-11-27T10:56:18.382666,19,19,30,21,145,41,20,22,-5141,9026,-7656,10096,789,-1939,-89,13,13,-16
2025-11-27T10:56:18.405394,19,18,31,20,145,46,22,19,-5140,9024,-7654,10099,793,-1936,-84,12,10,-17
2025-11-27T10:56:18.419988,19,18,30,21,131,48,24,19,-5140,9023,-7652,10102,797,-1928,-80,10,8,-17
2025-11-27T10:56:18.442810,18,19,29,20,129,44,25,19,-5140,9023,-7651,10102,803,-1930,-76,7,7,-15
2025-11-27T10:56:18.465326,20,18,27,21,129,43,23,19,-5140,9023,-7652,10102,813,-1939,-101,-1,4,-16
2025-11-27T10:56:18.479136,21,19,35,20,93,43,22,19,-5140,9023,-7652,10102,812,-1950,-93,8,0,-15
2025-11-27T10:56:18.502767,23,22,31,19,92,42,22,19,-5141,9023,-7648,10105,804,-1955,-91,25,-1,-18
2025-11-27T10:56:18.525312,24,21,31,20,130,50,22,19,-5143,9021,-7643,10108,799,-1924,-88,32,0,-13
2025-11-27T10:56:18.539174,23,21,32,21,127,50,23,19,-5143,9022,-7644,10108,798,-1920,-99,10,-4,-10
2025-11-27T10:56:18.562792,22,22,32,21,109,53,25,20,-5143,9022,-7643,10108,815,-1929,-83,1,-6,-6
2025-11-27T10:56:18.585358,21,20,32,22,107,53,26,18,-5143,9022,-7643,10108,809,-1917,-86,10,-3,-3
2025-11-27T10:56:18.607903,17,18,31,24,126,49,25,19,-5143,9022,-7643,10108,811,-1920,-96,-10,-2,0
2025-11-27T10:56:18.621897,19,17,30,24,104,45,23,18,-5141,9023,-7646,10105,817,-1937,-97,-22,-2,3
2025-11-27T10:56:18.645275,20,18,30,24,117,43,22,18,-5141,9024,-7646,10105,811,-1941,-97,1,4,5
2025-11-27T10:56:18.667732,20,16,36,22,117,40,20,18,-5141,9023,-7646,10105,803,-1933,-84,8,6,6
2025-11-27T10:56:18.682776,20,17,29,22,133,41,20,17,-5142,9023,-7646,10105,796,-1938,-71,-11,2,5
2025-11-27T10:56:18.705121,21,18,29,20,132,43,18,16,-5142,9023,-7646,10105,806,-1945,-90,-12,2,0
2025-11-27T10:56:18.727768,21,20,31,19,130,39,19,15,-5142,9023,-7646,10105,822,-1948,-86,0,2,-6
2025-11-27T10:56:18.742756,18,21,30,19,117,39,19,16,-5142,9023,-7646,10105,816,-1951,-79,7,3,-7
2025-11-27T10:56:18.765315,19,21,25,20,118,38,19,16,-5143,9022,-7643,10108,816,-1934,-75,16,1,-6
2025-11-27T10:56:18.787597,20,21,26,23,127,40,19,15,-5143,9022,-7643,10108,811,-1903,-92,13,1,-4
2025-11-27T10:56:18.802752,19,21,25,23,114,41,21,20,-5142,9022,-7643,10108,808,-1911,-94,-8,2,-1
2025-11-27T10:56:18.825357,18,22,25,24,128,41,21,21,-5142,9022,-7643,10108,821,-1923,-106,-14,7,3
2025-11-27T10:56:18.847228,19,19,27,24,132,44,19,21,-5142,9023,-7643,10108,808,-1921,-107,-5,12,15
2025-11-27T10:56:18.870273,19,20,28,23,134,45,20,21,-5141,9021,-7649,10105,795,-1910,-108,-17,15,23
2025-11-27T10:56:18.884977,18,19,27,19,110,42,20,22,-5138,9020,-7660,10099,796,-1925,-120,-47,18,30
2025-11-27T10:56:18.907378,18,21,28,22,133,43,18,19,-5135,9018,-7671,10094,795,-1941,-101,-52,21,27
2025-11-27T10:56:18.922408,18,19,30,20,114,45,17,19,-5132,9015,-7681,10091,792,-1924,-105,-43,26,31
