timestamp,EMG_0,EMG_1,EMG_2,EMG_3,EMG_4,EMG_5,EMG_6,EMG_7,quat_0,quat_1,quat_2,quat_3,acc_0,acc_1,acc_2,gyro_0,gyro_1,gyro_2
2025-11-19T13:33:12.487405,38,111,192,581,281,169,75,89,12232,-10716,-317,1966,-26,-1950,237,-302,-199,-99
2025-11-19T13:33:12.510442,38,112,191,579,321,214,85,94,12192,-10762,-386,1950,190,-2139,123,-294,-178,-40
2025-11-19T13:33:12.522775,37,108,191,588,338,222,89,94,12160,-10796,-422,1961,229,-2103,96,-182,-148,199
2025-11-19T13:33:12.546168,36,95,181,549,306,193,83,94,12102,-10852,-424,2010,-73,-2095,41,-324,-165,349
2025-11-19T13:33:12.569557,33,94,150,467,284,187,77,93,12031,-10913,-403,2102,-333,-2008,-47,-341,-244,484
2025-11-19T13:33:12.584796,26,73,83,270,275,197,72,50,11924,-11007,-365,2228,-639,-2250,-54,-592,-300,587
2025-11-19T13:33:12.609995,24,87,120,270,301,155,62,44,11797,-11107,-307,2408,-978,-2335,-126,-644,-437,756
2025-11-19T13:33:12.629229,27,102,187,261,286,150,74,49,11674,-11184,-255,2644,-1331,-2307,-85,-573,-698,791
2025-11-19T13:33:12.643519,28,110,240,245,296,138,73,50,11555,-11239,-233,2927,-1560,-2256,25,-563,-1003,765
2025-11-19T13:33:12.666453,89,138,266,279,291,131,80,51,11453,-11263,-268,3216,-1517,-2368,94,-469,-1267,621
2025-11-19T13:33:12.697904,275,145,284,291,302,129,78,55,11381,-11253,-346,3488,-1351,-2327,114,-285,-1396,459
2025-11-19T13:33:12.704858,351,148,287,266,259,184,83,59,11396,-11159,-453,3720,-1222,-2159,281,261,-1424,136
2025-11-19T13:33:12.727914,360,140,266,274,241,195,68,53,11477,-11017,-578,3871,-846,-2083,337,658,-1222,-153
2025-11-19T13:33:12.750442,369,135,229,251,224,200,70,54,11561,-10886,-715,3967,-636,-1816,344,599,-1048,-353
2025-11-19T13:33:12.764621,366,105,218,209,288,234,64,50,11607,-10815,-893,3993,-406,-1453,300,156,-870,-658
2025-11-19T13:33:12.787928,277,86,191,198,331,237,64,44,11625,-10803,-1114,3916,4,-1515,288,-263,-569,-966
2025-11-19T13:33:12.810618,174,91,164,188,351,195,64,44,11614,-10833,-1373,3781,523,-1526,259,-607,-432,-1032
2025-11-19T13:33:12.824474,158,140,173,172,375,194,64,44,11604,-10876,-1611,3593,1017,-1668,231,-636,-118,-910
2025-11-19T13:33:12.847834,137,140,180,177,374,191,63,40,11593,-10912,-1807,3420,1156,-1874,225,-552,-19,-627
2025-11-19T13:33:12.870341,128,146,176,173,343,154,58,40,11583,-10938,-1951,3291,1047,-1851,253,-443,-5,-352
2025-11-19T13:33:12.884528,83,147,192,158,299,154,60,39,11562,-10963,-2056,3216,730,-2027,267,-410,-79,-153
2025-11-19T13:33:12.915117,83,132,193,183,274,167,54,33,11518,-11006,-2138,3172,440,-2116,226,-507,-115,-70
2025-11-19T13:33:12.930228,76,83,181,185,243,147,73,33,11497,-11026,-2206,3135,268,-2217,230,-316,-103,-133
2025-11-19T13:33:12.944527,74,85,175,202,239,148,72,37,11501,-11020,-2271,3094,114,-2280,224,-111,-93,-279
2025-11-19T13:33:12.967771,54,73,256,221,243,171,74,38,11528,-10992,-2329,3051,77,-2248,226,64,-65,-334
2025-11-19T13:33:12.989863,42,72,254,219,234,159,70,40,11555,-10963,-2374,3017,117,-2297,200,112,-51,-235
2025-11-19T13:33:13.013092,34,67,255,200,199,142,70,41,11598,-10913,-2402,3009,44,-2054,248,265,-93,-158
2025-11-19T13:33:13.027789,27,47,241,177,189,146,55,42,11632,-10878,-2413,2998,29,-2067,282,174,-7,-92
2025-11-19T13:33:13.050210,25,76,244,153,190,150,55,38,11661,-10850,-2415,2981,-68,-2116,315,120,57,-132
2025-11-19T13:33:13.072771,28,79,138,121,158,108,54,39,11715,-10797,-2413,2963,-169,-2110,439,259,61,-220
2025-11-19T13:33:13.087463,63,94,122,157,196,143,60,39,11767,-10746,-2420,2937,-142,-2013,326,297,57,-278
2025-11-19T13:33:13.110464,87,96,112,171,259,158,61,35,11803,-10711,-2441,2902,-62,-1989,284,175,41,-300
2025-11-19T13:33:13.132610,97,104,135,170,273,155,58,34,11828,-10690,-2469,2857,-70,-1945,218,105,47,-354
2025-11-19T13:33:13.147596,98,83,116,171,303,147,55,33,11833,-10690,-2501,2811,-68,-2014,120,-8,36,-340
2025-11-19T13:33:13.170129,109,115,154,265,327,163,58,40,11821,-10704,-2530,2777,-56,-2152,87,-88,10,-252
2025-11-19T13:33:13.192497,103,102,154,250,304,127,52,40,11814,-10710,-2533,2783,-21,-2221,130,-1,-42,13
2025-11-19T13:33:13.204558,108,112,168,254,271,107,54,42,11819,-10699,-2526,2810,-32,-2048,171,112,-76,103
2025-11-19T13:33:13.227298,102,106,154,270,285,101,52,52,11820,-10695,-2531,2816,14,-2051,203,18,-46,14
2025-11-19T13:33:13.249751,104,107,173,271,256,105,55,56,11828,-10686,-2544,2805,81,-2084,225,37,-9,-67
2025-11-19T13:33:13.265243,96,72,161,237,266,92,55,53,11866,-10645,-2553,2793,104,-2081,303,243,7,-100
2025-11-19T13:33:13.287302,100,94,158,233,272,157,67,55,11895,-10611,-2561,2792,27,-2057,220,239,-37,-81
2025-11-19T13:33:13.311205,95,156,226,289,260,171,70,58,11936,-10561,-2573,2796,102,-1998,322,297,-70,-66
2025-11-19T13:33:13.327476,95,170,253,282,232,188,81,52,11954,-10540,-2588,2784,127,-2017,280,112,-16,-82
2025-11-19T13:33:13.350019,93,171,249,286,276,265,114,53,11954,-10538,-2604,2777,123,-1990,228,-10,-35,-36
2025-11-19T13:33:13.372508,92,179,240,266,314,275,129,52,11955,-10532,-2629,2769,260,-2020,357,-58,-65,-3
2025-11-19T13:33:13.387230,78,178,245,272,316,269,159,48,11929,-10555,-2663,2759,346,-1833,329,-292,-89,48
2025-11-19T13:33:13.409990,50,124,173,255,341,263,161,47,11915,-10565,-2695,2753,544,-2109,444,-240,-77,154
2025-11-19T13:33:13.432464,42,105,124,257,345,254,157,40,11941,-10531,-2700,2764,605,-2346,626,49,-41,271
2025-11-19T13:33:13.446343,46,103,110,271,316,169,133,36,12031,-10438,-2620,2804,526,-2420,831,543,206,547
2025-11-19T13:33:13.473220,52,106,100,265,240,148,119,57,12244,-10250,-2233,2910,5,-2315,956,763,772,795
2025-11-19T13:33:13.491166,53,93,88,281,245,102,77,139,12341,-10191,-1976,2892,5,-2373,840,632,1173,735
2025-11-19T13:33:13.518441,55,93,89,259,224,93,72,164,12422,-10167,-1668,2828,-221,-2351,764,503,1548,668
2025-11-19T13:33:13.533456,61,109,90,259,216,86,73,184,12479,-10178,-1334,2711,-472,-2191,622,387,1862,577
2025-11-19T13:33:13.551742,101,119,80,229,209,84,80,339,12503,-10224,-1009,2562,-611,-2074,524,112,1946,439
2025-11-19T13:33:13.585892,102,116,78,212,214,72,80,351,12472,-10325,-716,2401,-704,-2225,323,-326,1878,342
2025-11-19T13:33:13.600690,102,116,69,198,197,76,77,338,12423,-10427,-458,2271,-821,-2188,229,-326,1556,139
2025-11-19T13:33:13.611658,101,110,78,297,187,80,77,347,12388,-10506,-321,2123,-740,-1978,-36,-169,1088,-352
2025-11-19T13:33:13.634135,107,92,76,303,192,76,81,391,12413,-10508,-282,1961,-476,-2083,-236,419,687,-672
2025-11-19T13:33:13.653618,73,79,80,314,183,77,80,285,12520,-10405,-284,1826,-410,-2111,-295,1189,349,-753
2025-11-19T13:33:13.671532,64,56,76,330,155,70,73,277,12718,-10175,-322,1742,-529,-1932,-323,1754,-9,-684
2025-11-19T13:33:13.693651,66,51,84,345,153,58,65,269,12898,-9951,-384,1701,-559,-1689,-236,1649,-259,-578
2025-11-19T13:33:13.714250,64,48,65,248,136,77,56,243,13004,-9812,-447,1688,-535,-1475,-60,1191,-385,-568
2025-11-19T13:33:13.731600,47,45,63,255,121,85,50,163,13070,-9724,-521,1661,-306,-1436,33,779,-328,-519
2025-11-19T13:33:13.753844,39,38,58,273,122,86,50,153,13109,-9672,-579,1641,-145,-1613,173,501,-235,-339
2025-11-19T13:33:13.773379,41,36,62,274,106,90,52,136,13136,-9635,-612,1634,-76,-1781,319,368,-141,-144
2025-11-19T13:33:13.791626,31,31,48,252,94,94,67,168,13165,-9595,-611,1636,-110,-1797,474,329,-24,-10
2025-11-19T13:33:13.814311,30,33,47,246,85,79,69,172,13174,-9581,-590,1648,-97,-1749,541,128,49,120
2025-11-19T13:33:13.833536,29,32,44,238,83,83,66,159,13150,-9612,-562,1672,-90,-1774,600,-208,69,231
2025-11-19T13:33:13.851773,28,31,50,252,87,96,64,151,13092,-9687,-531,1706,-146,-1924,569,-487,54,304
2025-11-19T13:33:13.881464,26,28,44,238,86,103,69,151,13042,-9749,-491,1750,-183,-2065,567,-381,57,361
2025-11-19T13:33:13.893220,29,29,48,278,126,125,58,106,13001,-9798,-439,1788,-153,-2031,509,-268,128,396
2025-11-19T13:33:13.911546,30,27,49,277,134,137,59,97,12950,-9858,-373,1846,-194,-1976,514,-359,127,520
2025-11-19T13:33:13.934057,31,26,47,276,133,140,65,119,12872,-9948,-290,1923,-339,-2043,385,-507,127,634
2025-11-19T13:33:13.953351,29,26,47,241,144,139,61,107,12776,-10055,-196,2020,-547,-2148,333,-611,94,687
2025-11-19T13:33:13.971432,32,32,58,247,158,135,62,159,12679,-10154,-107,2132,-692,-2273,355,-595,6,689
2025-11-19T13:33:13.994403,32,33,75,204,130,111,61,169,12585,-10243,-42,2267,-816,-2430,310,-529,-194,678
2025-11-19T13:33:14.013211,33,40,90,213,125,92,61,176,12520,-10287,-1,2420,-938,-2497,254,-222,-407,611
2025-11-19T13:33:14.031255,36,48,125,191,128,86,54,162,12516,-10251,17,2588,-904,-2405,271,302,-624,568
2025-11-19T13:33:14.053805,37,48,126,191,130,106,54,161,12562,-10150,13,2757,-856,-2165,271,726,-773,471
2025-11-19T13:33:14.073284,32,46,127,178,119,105,43,105,12636,-10013,-15,2919,-812,-1960,360,903,-881,344
2025-11-19T13:33:14.091467,31,48,127,269,166,105,42,102,12716,-9868,-78,3056,-671,-1862,455,884,-928,171
2025-11-19T13:33:14.113977,43,46,118,268,168,115,76,221,12801,-9722,-157,3166,-516,-1714,548,838,-883,58
2025-11-19T13:33:14.132352,41,38,87,268,171,111,80,229,12872,-9599,-244,3249,-404,-1697,569,688,-796,-19
2025-11-19T13:33:14.150974,50,37,87,273,158,90,85,237,12940,-9485,-342,3304,-284,-1631,682,569,-707,-133
2025-11-19T13:33:14.173909,71,38,79,270,152,87,88,259,13015,-9369,-450,3325,-141,-1639,767,556,-614,-258
2025-11-19T13:33:14.193273,142,37,83,164,99,88,87,256,13079,-9273,-570,3326,-29,-1593,726,443,-573,-325
2025-11-19T13:33:14.211214,149,41,88,158,101,111,66,176,13124,-9205,-691,3315,122,-1580,725,258,-486,-301
2025-11-19T13:33:14.231064,158,45,91,198,117,114,61,178,13168,-9138,-792,3301,206,-1605,775,254,-373,-211
2025-11-19T13:33:14.247781,159,52,113,199,124,108,55,203,13206,-9079,-867,3295,135,-1572,723,266,-295,-133
2025-11-19T13:33:14.269532,154,51,113,191,147,133,59,187,13231,-9039,-931,3287,88,-1599,778,126,-221,-119
2025-11-19T13:33:14.293535,100,50,101,196,158,134,65,208,13237,-9029,-988,3271,35,-1658,759,-33,-164,-128
2025-11-19T13:33:14.313669,86,54,98,198,148,105,68,222,13237,-9032,-1043,3248,34,-1770,737,-84,-118,-143
2025-11-19T13:33:14.330994,74,51,98,229,139,103,73,226,13242,-9031,-1086,3215,16,-1789,744,-33,-49,-175
2025-11-19T13:33:14.353399,65,46,67,231,153,110,72,197,13254,-9021,-1124,3181,-10,-1738,806,-17,-25,-192
2025-11-19T13:33:14.372878,62,46,66,232,131,79,71,194,13255,-9026,-1171,3145,-28,-1731,724,-82,-68,-234
2025-11-19T13:33:14.390934,50,44,61,233,122,72,71,189,13251,-9040,-1225,3101,-29,-1809,707,-135,-67,-284
2025-11-19T13:33:14.413697,49,32,62,246,136,76,65,163,13249,-9055,-1267,3048,-37,-1808,700,-123,11,-294
2025-11-19T13:33:14.436248,45,50,58,214,129,76,65,146,13247,-9069,-1299,2999,-34,-1755,720,-128,44,-260
2025-11-19T13:33:14.451511,50,51,59,273,119,101,81,201,13233,-9100,-1335,2953,11,-1800,772,-267,38,-220
2025-11-19T13:33:14.473746,48,53,60,311,180,113,82,224,13234,-9109,-1358,2908,52,-1863,880,-155,85,-183
2025-11-19T13:33:14.492717,46,54,66,346,231,147,81,216,13242,-9105,-1379,2876,29,-1860,922,-89,41,-140
2025-11-19T13:33:14.511329,44,53,71,360,232,153,79,218,13236,-9119,-1394,2850,79,-1880,912,-196,66,-55
2025-11-19T13:33:14.533804,39,37,78,354,229,150,75,211,13228,-9138,-1392,2832,230,-1941,944,-211,155,115
2025-11-19T13:33:14.553171,32,36,86,343,230,129,58,163,13216,-9162,-1346,2828,273,-1837,943,-222,326,352
2025-11-19T13:33:14.570986,27,33,90,318,194,118,48,118,13191,-9213,-1252,2827,277,-1676,921,-361,550,545
2025-11-19T13:33:14.593739,27,61,89,282,133,72,38,106,13145,-9298,-1130,2814,304,-1619,876,-557,754,637
2025-11-19T13:33:14.613212,27,69,84,247,118,51,31,86,13084,-9408,-990,2783,372,-1552,830,-702,923,683
2025-11-19T13:33:14.631219,44,79,73,224,112,46,36,84,13015,-9531,-836,2739,398,-1503,781,-785,1041,701
2025-11-19T13:33:14.653745,51,138,92,158,92,41,32,77,12923,-9684,-678,2685,327,-1537,609,-908,1092,681
2025-11-19T13:33:14.673106,55,161,105,136,73,40,33,65,12798,-9873,-522,2623,121,-1665,367,-1062,1089,598
2025-11-19T13:33:14.690839,54,157,125,140,55,47,37,56,12682,-10049,-375,2544,-43,-1792,272,-938,1062,409
2025-11-19T13:33:14.714710,55,157,138,180,50,65,43,54,12603,-10175,-248,2447,-208,-1882,249,-619,979,158
2025-11-19T13:33:14.727581,44,154,175,228,72,76,46,51,12552,-10267,-151,2331,-381,-1938,122,-336,861,-137
2025-11-19T13:33:14.748679,34,108,174,273,250,139,62,45,12504,-10356,-93,2199,-483,-1851,-50,-284,719,-417
2025-11-19T13:33:14.773167,28,92,172,287,285,152,63,45,12454,-10445,-64,2057,-513,-1819,-104,-299,631,-584
2025-11-19T13:33:14.796091,27,107,161,291,301,156,62,39,12403,-10530,-38,1928,-722,-1927,-141,-269,544,-647
2025-11-19T13:33:14.811796,25,104,168,293,319,157,63,38,12343,-10619,-23,1822,-910,-1988,-177,-316,405,-689
2025-11-19T13:33:14.833483,25,108,156,320,360,156,58,35,12266,-10721,-37,1744,-954,-2023,-188,-459,192,-694
2025-11-19T13:33:14.853039,35,115,199,322,301,116,46,31,12211,-10790,-81,1696,-1040,-2158,-89,-313,-55,-739
2025-11-19T13:33:14.871007,36,108,260,381,296,104,45,31,12177,-10829,-147,1693,-1172,-2337,-15,-155,-328,-714
2025-11-19T13:33:14.893569,36,122,371,445,367,160,52,31,12160,-10844,-217,1713,-1186,-2409,110,-57,-431,-651
2025-11-19T13:33:14.916819,37,139,406,497,374,175,53,36,12166,-10831,-274,1742,-1134,-2170,230,68,-416,-573
2025-11-19T13:33:14.930722,37,139,404,472,338,174,52,37,12148,-10846,-332,1763,-1031,-2050,181,-118,-371,-548
2025-11-19T13:33:14.953475,27,139,422,449,315,167,49,35,12096,-10902,-392,1766,-794,-2172,282,-480,-267,-480
2025-11-19T13:33:14.975980,29,132,393,398,302,166,50,34,12032,-10972,-455,1750,-530,-2271,287,-597,-183,-410
2025-11-19T13:33:14.991053,56,114,301,315,206,108,43,35,11980,-11030,-507,1728,-279,-2355,302,-515,-102,-275
2025-11-19T13:33:15.013153,57,108,247,192,177,74,33,26,11935,-11079,-544,1713,-172,-2324,275,-435,-66,-136
2025-11-19T13:33:15.035749,59,106,301,175,170,83,37,25,11895,-11123,-577,1699,-123,-2271,263,-405,-55,-105
2025-11-19T13:33:15.051122,63,97,282,224,199,86,35,27,11844,-11177,-614,1689,-60,-2332,296,-511,-80,-70
2025-11-19T13:33:15.073475,93,133,292,226,193,82,35,27,11823,-11201,-661,1663,6,-2328,296,-297,-66,-156
2025-11-19T13:33:15.095976,83,135,297,235,179,108,34,27,11836,-11189,-715,1619,106,-2396,303,-25,-40,-238
2025-11-19T13:33:15.110904,120,138,300,239,176,127,47,33,11874,-11154,-761,1564,102,-2160,308,158,30,-299
2025-11-19T13:33:15.133068,126,153,244,276,222,141,46,34,11895,-11138,-802,1499,57,-2086,322,14,87,-344
2025-11-19T13:33:15.155960,127,156,198,277,333,241,72,38,11885,-11153,-855,1440,66,-2132,281,-219,28,-345
2025-11-19T13:33:15.178479,111,145,170,317,372,279,75,39,11848,-11193,-921,1388,133,-2029,270,-431,-56,-321
2025-11-19T13:33:15.193444,110,138,142,313,387,284,79,41,11773,-11271,-993,1343,123,-1764,68,-644,-98,-305
2025-11-19T13:33:15.215926,68,119,129,355,482,285,74,36,11685,-11361,-1048,1318,81,-2085,-50,-674,-115,-172
2025-11-19T13:33:15.235182,55,97,114,346,478,285,82,36,11640,-11401,-1087,1332,0,-2254,-31,-300,-208,-42
2025-11-19T13:33:15.253414,51,96,108,313,405,232,74,59,11657,-11379,-1090,1369,-64,-2236,-3,199,-160,112
2025-11-19T13:33:15.275882,43,62,102,284,365,184,71,67,11678,-11352,-1065,1433,-182,-2159,-48,289,-159,266
2025-11-19T13:33:15.294840,41,49,90,316,378,184,72,67,11684,-11337,-1024,1527,-266,-2028,11,166,-211,426
2025-11-19T13:33:15.313423,39,49,91,353,264,181,74,69,11638,-11373,-974,1641,-350,-1985,-24,-212,-249,552
2025-11-19T13:33:15.335889,39,49,95,367,239,170,70,84,11549,-11447,-934,1772,-464,-2025,-96,-499,-344,576
2025-11-19T13:33:15.355155,36,34,82,373,220,133,59,93,11463,-11515,-907,1902,-466,-2231,-39,-517,-394,539
2025-11-19T13:33:15.373013,37,33,82,367,225,135,58,95,11434,-11527,-885,2011,-393,-2317,86,-158,-341,446
2025-11-19T13:33:15.395466,36,34,83,361,208,132,54,94,11465,-11482,-859,2103,-388,-2287,199,249,-275,346
2025-11-19T13:33:15.415117,34,35,81,302,192,118,49,94,11522,-11411,-852,2178,-468,-2209,180,463,-295,142
2025-11-19T13:33:15.433373,32,30,66,275,198,117,44,81,11596,-11325,-866,2225,-431,-2018,181,573,-277,-65
2025-11-19T13:33:15.459967,27,28,66,262,193,116,45,52,11659,-11253,-902,2247,-273,-1808,188,455,-259,-157
2025-11-19T13:33:15.475034,25,25,63,273,187,117,46,49,11685,-11224,-947,2239,-115,-1722,147,148,-161,-198
2025-11-19T13:33:15.493119,23,23,62,238,138,81,44,60,11678,-11233,-995,2211,-18,-1897,159,-138,-71,-198
2025-11-19T13:33:15.523242,23,23,48,201,121,78,42,60,11663,-11254,-1037,2163,80,-2070,149,-217,39,-184
2025-11-19T13:33:15.535159,25,29,46,200,96,81,42,65,11680,-11243,-1068,2110,137,-2062,160,34,85,-177
2025-11-19T13:33:15.553382,25,33,46,209,109,80,44,92,11727,-11202,-1091,2058,136,-1941,127,302,106,-188
2025-11-19T13:33:15.575802,28,34,46,173,114,76,53,122,11768,-11167,-1111,2008,64,-1929,78,283,104,-208
2025-11-19T13:33:15.595238,29,36,44,208,175,89,52,124,11778,-11163,-1128,1956,57,-1939,61,52,138,-185
2025-11-19T13:33:15.613275,29,36,39,207,170,84,55,128,11777,-11173,-1136,1903,-8,-2033,46,-23,176,-177
2025-11-19T13:33:15.635943,29,31,42,183,292,95,56,125,11770,-11185,-1144,1870,-41,-2127,77,-71,95,-113
2025-11-19T13:33:15.655088,31,26,41,170,340,99,51,108,11763,-11194,-1156,1855,-82,-2128,64,-44,13,-83
2025-11-19T13:33:15.673233,29,27,41,164,346,100,42,65,11765,-11190,-1171,1850,-119,-2135,85,29,-45,-80
2025-11-19T13:33:15.695250,28,30,43,130,445,101,42,52,11777,-11176,-1186,1849,-192,-2121,103,104,-63,-125
2025-11-19T13:33:15.710773,30,29,43,122,464,110,38,60,11792,-11157,-1213,1852,-223,-2100,112,127,-130,-174
2025-11-19T13:33:15.733214,30,30,39,115,423,105,36,65,11810,-11135,-1242,1850,-152,-2059,124,145,-122,-176
2025-11-19T13:33:15.755694,27,29,37,130,396,103,37,64,11808,-11136,-1260,1846,-176,-2019,112,-18,-60,-133
2025-11-19T13:33:15.770575,24,46,39,138,433,116,41,62,11795,-11148,-1268,1846,-218,-2104,136,-102,-38,-87
2025-11-19T13:33:15.793046,23,76,33,120,362,137,48,64,11779,-11164,-1286,1843,-212,-2125,167,-159,-58,-132
2025-11-19T13:33:15.815709,21,81,36,118,352,159,52,44,11759,-11183,-1301,1841,-161,-2145,137,-175,-52,-85
2025-11-19T13:33:15.838135,19,83,36,144,335,200,68,35,11725,-11215,-1328,1849,-157,-2147,84,-257,-134,-78
2025-11-19T13:33:15.852825,19,98,39,130,324,209,69,34,11680,-11256,-1367,1857,-135,-2046,-12,-309,-187,-101
2025-11-19T13:33:15.875654,21,91,41,121,283,207,66,33,11639,-11291,-1403,1877,-150,-2266,-48,-239,-221,-56
2025-11-19T13:33:15.898112,22,89,54,136,282,197,60,29,11624,-11295,-1429,1924,-187,-2281,-32,-7,-295,45
2025-11-19T13:33:15.913231,23,134,83,143,297,189,59,29,11627,-11277,-1454,1992,-205,-2179,-93,197,-377,99
2025-11-19T13:33:15.935585,24,140,123,142,293,141,40,25,11637,-11249,-1482,2070,-275,-2135,-35,232,-436,84
2025-11-19T13:33:15.958007,25,133,132,161,295,129,34,21,11643,-11223,-1524,2144,-221,-2112,-47,216,-471,49
2025-11-19T13:33:15.973113,25,135,158,173,280,120,33,18,11658,-11187,-1568,2219,-147,-2090,44,237,-486,72
2025-11-19T13:33:15.995604,25,128,162,177,217,110,34,20,11675,-11149,-1610,2290,-155,-2071,85,237,-460,65
2025-11-19T13:33:16.018104,23,77,159,179,205,98,32,21,11694,-11109,-1659,2350,-94,-1976,101,235,-447,18
2025-11-19T13:33:16.033066,27,75,146,188,197,103,33,22,11710,-11075,-1712,2390,10,-1922,203,133,-378,-19
2025-11-19T13:33:16.055305,26,82,138,175,200,102,34,23,11709,-11062,-1768,2416,31,-1893,139,8,-328,-49
2025-11-19T13:33:16.082509,27,85,111,191,210,111,41,29,11714,-11045,-1826,2427,80,-1903,186,17,-276,-103
2025-11-19T13:33:16.093099,26,77,108,183,212,106,41,29,11720,-11029,-1881,2430,108,-1964,243,-22,-233,-116
2025-11-19T13:33:16.115545,28,82,97,175,188,94,39,29,11724,-11017,-1930,2428,160,-2013,246,-38,-188,-79
2025-11-19T13:33:16.137552,23,72,79,140,185,80,35,28,11727,-11007,-1974,2421,199,-2038,259,-55,-142,-68
2025-11-19T13:33:16.152937,25,60,88,146,178,125,48,30,11732,-10997,-2014,2406,173,-2048,264,-54,-99,-99
2025-11-19T13:33:16.175463,24,50,89,132,222,120,44,28,11739,-10987,-2044,2395,111,-2074,287,-46,-76,-91
2025-11-19T13:33:16.197981,29,49,84,171,258,118,48,49,11747,-10977,-2070,2383,120,-2065,241,-12,-56,-79
2025-11-19T13:33:16.212444,32,35,80,177,258,115,62,90,11763,-10959,-2088,2368,29,-2117,230,66,-16,-123
2025-11-19T13:33:16.235514,33,34,82,200,274,120,64,111,11784,-10938,-2105,2350,54,-2128,247,88,0,-132
2025-11-19T13:33:16.257974,35,29,72,209,271,69,58,173,11807,-10911,-2117,2345,39,-2141,247,138,-32,-77
2025-11-19T13:33:16.272941,37,50,70,210,279,66,62,181,11847,-10866,-2119,2351,37,-2161,311,268,-38,-25
2025-11-19T13:33:16.295371,36,48,69,171,231,69,60,184,11882,-10827,-2119,2356,-24,-2127,236,271,-29,-46
2025-11-19T13:33:16.317974,36,61,246,182,248,77,52,173,11921,-10780,-2134,2359,39,-2069,294,277,-75,-88
2025-11-19T13:33:16.332934,40,61,258,206,234,65,50,165,11942,-10751,-2155,2362,70,-2136,246,168,-105,-66
2025-11-19T13:33:16.359390,43,63,264,218,239,76,81,196,12005,-10682,-2154,2359,203,-2130,379,440,18,-6
2025-11-19T13:33:16.377935,50,49,268,204,178,88,83,203,12093,-10593,-2116,2349,331,-1997,536,560,204,135
2025-11-19T13:33:16.392927,51,54,274,305,224,110,86,202,12182,-10506,-2036,2343,411,-1938,733,498,377,356
2025-11-19T13:33:16.415048,50,42,149,310,207,112,84,203,12255,-10442,-1922,2349,451,-1986,807,361,496,586
2025-11-19T13:33:16.437897,48,54,134,296,204,113,88,206,12315,-10398,-1748,2365,329,-1997,874,262,713,816
2025-11-19T13:33:16.452902,48,56,127,282,189,104,60,138,12328,-10426,-1489,2356,148,-2072,815,-109,1182,1025
2025-11-19T13:33:16.475423,41,55,117,289,179,92,71,232,12263,-10556,-1158,2297,-295,-2131,700,-588,1674,1027
2025-11-19T13:33:16.497893,67,66,106,223,127,62,80,274,12160,-10735,-807,2161,-823,-2239,538,-936,2052,774
2025-11-19T13:33:16.512963,79,80,96,229,125,54,100,357,12035,-10932,-502,1955,-1207,-2376,319,-1118,2118,284
2025-11-19T13:33:16.535529,80,79,92,247,129,56,105,379,11929,-11095,-277,1720,-1086,-2586,169,-953,1883,-136
2025-11-19T13:33:16.557867,79,82,83,244,138,58,121,442,11852,-11210,-106,1511,-780,-2747,-119,-520,1511,-398
2025-11-19T13:33:16.572891,84,84,78,239,139,71,118,421,11909,-11175,-39,1314,-630,-2714,-207,602,971,-762
2025-11-19T13:33:16.595046,64,72,74,215,141,105,112,396,12032,-11065,-98,1101,-482,-2112,-351,1179,482,-1319
2025-11-19T13:33:16.617926,51,58,73,193,139,114,98,323,12178,-10923,-245,877,-201,-1806,-471,1441,167,-1599
2025-11-19T13:33:16.632797,49,61,97,174,163,161,94,294,12368,-10715,-407,697,114,-1643,-504,1608,-49,-1409
2025-11-19T13:33:16.655088,47,83,98,174,163,165,72,174,12559,-10492,-525,590,264,-1566,-381,1688,-131,-927
2025-11-19T13:33:16.677820,38,98,103,173,169,164,67,93,12714,-10302,-611,529,267,-1343,-161,1578,-133,-503
2025-11-19T13:33:16.693179,41,115,101,195,172,146,64,78,12784,-10214,-635,521,77,-1560,-2,806,-71,-126
2025-11-19T13:33:16.714963,48,126,140,214,191,140,66,112,12811,-10179,-637,539,224,-1726,271,322,-48,158
2025-11-19T13:33:16.737683,106,225,263,198,165,79,79,214,12820,-10168,-616,571,168,-1931,334,150,-1,280
2025-11-19T13:33:16.760240,116,254,286,263,174,72,82,228,12808,-10184,-579,587,124,-2097,432,-73,121,260
2025-11-19T13:33:16.774892,117,256,287,310,185,60,81,240,12827,-10161,-544,595,84,-1967,472,166,130,185
2025-11-19T13:33:16.797634,124,255,296,337,208,57,95,272,12836,-10151,-515,602,-1,-1727,434,73,100,126
2025-11-19T13:33:16.819876,123,268,289,408,230,86,91,287,12787,-10214,-499,598,-39,-1871,368,-419,84,36
2025-11-19T13:33:16.835139,98,214,187,430,237,98,84,305,12738,-10276,-500,578,-32,-1968,377,-420,64,-89
2025-11-19T13:33:16.857734,91,204,266,592,322,117,90,306,12727,-10292,-507,542,22,-2198,346,-47,101,-174
2025-11-19T13:33:16.880232,90,202,297,746,460,126,92,301,12776,-10233,-497,516,-60,-2186,370,488,121,-143
2025-11-19T13:33:16.894793,156,217,310,799,523,137,108,325,12868,-10118,-473,510,-109,-1884,392,862,108,-41
2025-11-19T13:33:16.917655,166,206,307,776,514,119,108,324,12908,-10067,-457,512,-150,-1862,431,385,36,-39
2025-11-19T13:33:16.940156,302,229,318,766,538,194,108,250,12896,-10082,-453,508,-177,-1976,464,-96,7,-97
2025-11-19T13:33:16.955149,472,231,233,633,498,196,102,236,12883,-10100,-463,495,-107,-1930,486,-138,-13,-153
2025-11-19T13:33:16.977810,506,240,189,414,379,201,101,238,12847,-10145,-492,470,-4,-1719,325,-285,-45,-209
2025-11-19T13:33:16.999998,498,236,154,316,279,213,72,162,12757,-10257,-522,465,180,-1697,283,-763,-92,-13
2025-11-19T13:33:17.015152,513,256,143,327,308,226,73,123,12636,-10405,-514,487,119,-1932,302,-1025,-32,225
2025-11-19T13:33:17.037595,447,230,95,360,260,161,63,117,12538,-10521,-484,535,18,-1990,262,-786,-33,354
2025-11-19T13:33:17.060025,260,210,100,392,248,148,62,142,12463,-10609,-447,603,-73,-2090,207,-556,-91,425
2025-11-19T13:33:17.075071,191,195,176,480,302,197,67,143,12376,-10708,-413,664,-9,-1947,234,-695,-66,423
2025-11-19T13:33:17.101762,164,222,229,545,320,210,64,137,12281,-10815,-357,722,70,-1875,195,-750,44,553
2025-11-19T13:33:17.120057,92,204,231,565,281,206,64,119,12151,-10958,-284,794,188,-1711,12,-967,70,761
2025-11-19T13:33:17.135119,96,205,240,618,285,206,63,117,11958,-11163,-183,897,180,-1731,-208,-1353,74,1027
2025-11-19T13:33:17.157583,136,218,241,604,291,204,60,77,11750,-11370,-62,1040,20,-1931,-185,-1451,-5,1221
2025-11-19T13:33:17.187958,140,253,199,571,234,145,52,55,11548,-11558,58,1219,-321,-2304,-108,-1427,-160,1225
2025-11-19T13:33:17.194775,145,235,149,652,251,117,60,53,11369,-11711,168,1423,-496,-2440,-131,-1229,-305,1227
2025-11-19T13:33:17.217465,145,226,160,633,313,227,76,55,11241,-11806,256,1625,-516,-2403,-231,-775,-425,1130
2025-11-19T13:33:17.240078,132,210,144,583,328,250,77,53,11151,-11859,320,1831,-497,-2184,-281,-454,-563,1050
2025-11-19T13:33:17.254944,87,183,171,621,328,253,78,52,11047,-11914,396,2073,-645,-2021,-301,-513,-659,1189
2025-11-19T13:33:17.277614,77,134,189,611,319,254,76,48,10931,-11968,478,2341,-863,-2147,-346,-553,-744,1250
2025-11-19T13:33:17.300001,92,108,184,412,271,243,67,54,10835,-11999,529,2607,-1039,-2194,-246,-469,-849,1062
2025-11-19T13:33:17.315037,131,108,187,447,198,138,41,88,10765,-12003,534,2863,-1028,-2168,-112,-376,-994,849
2025-11-19T13:33:17.337340,134,110,239,501,196,110,41,89,10732,-11970,481,3119,-1080,-2308,-73,-161,-1241,599
2025-11-19T13:33:17.360133,134,117,280,483,214,144,47,94,10764,-11878,365,3369,-1114,-2253,-10,246,-1519,248
2025-11-19T13:33:17.375215,131,138,269,484,214,153,50,94,10829,-11759,210,3585,-1009,-1948,28,447,-1574,-66
2025-11-19T13:33:17.397495,117,145,273,532,257,157,50,90,10879,-11654,43,3777,-847,-1663,92,319,-1496,-154
2025-11-19T13:33:17.419975,66,141,270,494,291,157,47,53,10905,-11576,-120,3935,-693,-1605,225,65,-1297,-160
2025-11-19T13:33:17.434527,56,149,247,499,291,149,47,48,10902,-11541,-284,4037,-587,-1731,254,-222,-1016,-266
2025-11-19T13:33:17.457473,53,168,181,471,267,108,40,45,10892,-11530,-444,4081,-504,-1916,287,-356,-738,-390
2025-11-19T13:33:17.480158,47,150,195,448,259,96,38,44,10919,-11503,-581,4069,-324,-2056,332,-151,-444,-450
2025-11-19T13:33:17.494775,35,133,187,420,224,102,37,77,10985,-11450,-681,4024,-185,-2074,364,142,-201,-439
2025-11-19T13:33:17.518010,31,131,216,402,237,159,58,81,11056,-11398,-756,3965,-150,-2003,396,172,-48,-400
2025-11-19T13:33:17.540048,31,131,231,359,212,159,59,84,11081,-11391,-825,3902,-136,-2024,322,-123,24,-318
2025-11-19T13:33:17.554571,36,104,226,348,213,167,60,81,11063,-11421,-895,3849,-173,-2099,212,-381,5,-239
2025-11-19T13:33:17.577360,38,96,206,348,235,212,69,81,11038,-11454,-955,3808,-202,-2212,128,-363,-14,-153
2025-11-19T13:33:17.599882,37,101,211,332,238,216,70,51,11037,-11461,-1001,3774,-243,-2149,66,-119,-23,-152
2025-11-19T13:33:17.622354,39,113,173,397,223,181,56,54,11053,-11456,-1037,3735,-294,-2151,2,37,11,-194
2025-11-19T13:33:17.637286,40,109,114,335,218,179,54,103,11096,-11424,-1059,3699,-376,-2115,60,240,34,-222
2025-11-19T13:33:17.659253,37,110,127,344,221,175,56,111,11153,-11378,-1071,3665,-379,-2051,88,350,59,-218
2025-11-19T13:33:17.674887,34,110,123,354,215,134,49,110,11201,-11339,-1080,3640,-442,-1983,103,295,32,-203
2025-11-19T13:33:17.696888,33,106,154,365,209,119,48,126,11228,-11315,-1099,3622,-468,-1971,108,149,-18,-207
2025-11-19T13:33:17.719833,33,105,180,304,158,107,49,123,11241,-11305,-1122,3609,-505,-2030,61,62,-50,-197
2025-11-19T13:33:17.742953,31,93,182,394,165,120,52,92,11266,-11282,-1146,3595,-454,-2068,80,155,-60,-192
2025-11-19T13:33:17.757366,29,91,175,379,157,157,55,88,11304,-11246,-1166,3583,-412,-2077,130,239,-54,-175
2025-11-19T13:33:17.779895,31,99,191,357,134,143,49,88,11350,-11199,-1182,3576,-411,-2003,134,325,-73,-171
2025-11-19T13:33:17.802023,30,100,160,366,158,159,56,68,11395,-11154,-1197,3570,-366,-2001,196,288,-64,-138
2025-11-19T13:33:17.819101,28,76,127,360,155,175,55,64,11436,-11114,-1208,3560,-318,-2051,216,254,-24,-99
2025-11-19T13:33:17.839801,33,77,122,271,159,168,53,54,11461,-11091,-1215,3549,-306,-2005,171,159,-2,-68
2025-11-19T13:33:17.862305,33,63,115,265,163,135,48,50,11475,-11081,-1209,3537,-325,-2067,186,77,70,-5
2025-11-19T13:33:17.877238,32,50,87,284,166,139,49,62,11488,-11074,-1185,3523,-292,-2056,213,70,156,76
2025-11-19T13:33:17.899798,35,59,81,262,135,121,42,59,11498,-11073,-1137,3509,-319,-2012,239,53,253,155
2025-11-19T13:33:17.922658,35,59,69,267,133,94,40,60,11492,-11091,-1082,3490,-376,-2033,171,-49,309,161
2025-11-19T13:33:17.937168,30,56,67,264,126,94,40,62,11481,-11114,-1034,3467,-411,-2064,164,-88,302,121
2025-11-19T13:33:17.959757,27,57,62,282,116,91,37,60,11475,-11132,-989,3443,-366,-2082,173,-61,292,121
2025-11-19T13:33:17.990095,54,91,70,264,105,74,43,78,11473,-11146,-938,3421,-335,-2051,149,-14,299,166
2025-11-19T13:33:17.996928,55,137,84,230,93,71,53,149,11471,-11157,-881,3406,-343,-2009,139,10,299,210
2025-11-19T13:33:18.019408,58,139,92,216,85,68,55,163,11468,-11170,-819,3389,-351,-2000,114,17,317,220
2025-11-19T13:33:18.042187,75,192,100,211,102,51,88,233,11457,-11189,-762,3377,-433,-1963,79,-30,286,189
2025-11-19T13:33:18.056942,82,196,115,236,119,45,96,242,11443,-11207,-724,3371,-486,-2040,16,-24,171,130
2025-11-19T13:33:18.079689,72,189,121,295,135,65,93,234,11445,-11205,-709,3374,-580,-2088,-80,149,20,11
2025-11-19T13:33:18.102163,71,180,135,299,149,74,89,198,11478,-11167,-710,3390,-587,-1980,-63,382,-135,-61
2025-11-19T13:33:18.117158,68,182,142,298,153,86,87,187,11513,-11123,-724,3409,-610,-1819,-91,417,-204,-138
2025-11-19T13:33:18.139676,59,166,155,286,156,136,58,100,11526,-11102,-748,3431,-670,-1821,-97,239,-239,-165
2025-11-19T13:33:18.162140,52,165,162,273,215,205,59,84,11537,-11083,-784,3448,-666,-1951,36,144,-253,-211
2025-11-19T13:33:18.177157,50,159,162,229,322,261,66,82,11545,-11065,-830,3466,-614,-1936,79,98,-285,-217
2025-11-19T13:33:18.197073,49,134,142,218,357,293,77,82,11568,-11034,-879,3479,-512,-1808,194,138,-277,-231
2025-11-19T13:33:18.219128,49,131,132,229,357,293,79,80,11571,-11027,-928,3478,-434,-1811,199,-42,-194,-225
2025-11-19T13:33:18.234188,34,90,109,266,351,292,79,59,11553,-11045,-959,3470,-410,-2026,220,-203,-76,-116
2025-11-19T13:33:18.257885,30,83,81,245,340,281,75,51,11539,-11061,-974,3461,-453,-2203,264,-180,1,-69
2025-11-19T13:33:18.282169,23,89,85,232,253,232,73,47,11533,-11069,-988,3451,-375,-2054,343,-169,13,-58
2025-11-19T13:33:18.297491,21,81,90,240,197,205,63,40,11508,-11100,-999,3434,-326,-2042,308,-317,64,-23
2025-11-19T13:33:18.319513,21,75,91,237,213,214,64,39,11469,-11144,-1000,3420,-289,-2167,341,-429,116,84
2025-11-19T13:33:18.342079,21,54,88,212,219,189,58,39,11431,-11188,-982,3407,-230,-2262,338,-411,188,201
2025-11-19T13:33:18.356824,20,53,87,209,186,139,50,49,11411,-11220,-926,3386,-205,-2169,348,-264,364,305
2025-11-19T13:33:18.379565,26,35,69,222,177,131,47,67,11389,-11258,-827,3359,-212,-2097,378,-269,560,440
2025-11-19T13:33:18.402091,59,46,58,224,175,101,46,87,11357,-11313,-690,3316,-304,-2101,410,-364,797,503
2025-11-19T13:33:18.417101,117,68,72,207,156,67,66,162,11312,-11382,-529,3263,-425,-2139,400,-448,939,534
2025-11-19T13:33:18.439575,233,76,95,195,136,68,110,377,11236,-11480,-368,3202,-571,-2258,270,-626,986,493
2025-11-19T13:33:18.462075,246,84,107,199,124,69,117,409,11175,-11563,-199,3132,-811,-2406,188,-483,1033,372
2025-11-19T13:33:18.477065,254,93,111,195,108,78,119,447,11150,-11607,-41,3063,-1065,-2440,-47,-84,913,173
2025-11-19T13:33:18.499288,263,92,113,180,150,136,122,448,11183,-11594,59,2990,-1063,-2277,-128,350,637,-154
2025-11-19T13:33:18.522199,280,98,117,263,158,150,118,455,11267,-11536,107,2896,-974,-2035,-122,678,472,-481
2025-11-19T13:33:18.536953,199,125,106,279,167,169,82,307,11336,-11493,96,2797,-953,-1821,-321,615,255,-751
2025-11-19T13:33:18.559144,185,142,91,317,242,192,83,276,11365,-11488,26,2703,-917,-1673,-345,267,33,-943
2025-11-19T13:33:18.582009,180,141,90,333,263,234,95,245,11389,-11489,-88,2595,-685,-1823,-336,183,-62,-1039
2025-11-19T13:33:18.596629,203,148,101,357,253,232,114,326,11463,-11439,-199,2479,-388,-1931,-284,560,-57,-956
2025-11-19T13:33:18.619347,159,136,97,319,252,226,123,398,11568,-11352,-286,2383,-324,-1845,-236,838,-65,-810
2025-11-19T13:33:18.641759,172,112,136,318,253,214,125,427,11677,-11254,-346,2304,-281,-1812,-79,851,-17,-637
2025-11-19T13:33:18.664428,174,84,149,284,177,196,140,469,11759,-11180,-390,2239,-213,-1774,7,629,16,-465
2025-11-19T13:33:18.679465,205,97,157,321,181,139,136,467,11780,-11166,-428,2194,-179,-1808,46,144,8,-294
2025-11-19T13:33:18.701906,165,89,157,314,193,111,128,433,11763,-11188,-462,2160,-161,-2032,45,-135,2,-185
2025-11-19T13:33:18.724811,171,90,156,313,197,157,117,341,11767,-11190,-488,2127,-94,-2195,58,28,29,-125
2025-11-19T13:33:18.739393,156,88,118,315,205,163,118,328,11816,-11143,-506,2095,-21,-2026,127,374,32,-106
2025-11-19T13:33:18.761883,156,108,106,328,223,164,95,261,11874,-11087,-521,2063,-31,-1927,140,439,37,-124
2025-11-19T13:33:18.784370,107,134,107,267,203,165,86,238,11904,-11059,-535,2032,-68,-1927,143,225,52,-113
2025-11-19T13:33:18.799414,107,133,101,328,270,168,105,281,11920,-11046,-551,2007,-12,-1939,163,102,32,-60
2025-11-19T13:33:18.821558,89,141,92,412,324,128,116,321,11917,-11050,-567,1996,-87,-2081,131,-12,-19,-17
2025-11-19T13:33:18.852185,87,143,88,411,343,151,119,299,11928,-11038,-575,1997,-179,-2164,91,142,-49,-1
2025-11-19T13:33:18.862840,82,138,90,394,341,185,124,309,11969,-10992,-590,2002,-184,-2122,141,369,-100,-42
2025-11-19T13:33:18.882135,77,103,69,413,343,192,124,306,12024,-10929,-600,2011,-230,-1959,199,464,-112,-59
2025-11-19T13:33:18.903868,68,100,63,361,289,191,100,247,12054,-10893,-621,2021,-206,-1771,212,244,-141,-75
2025-11-19T13:33:18.919128,51,84,63,250,238,188,83,197,12050,-10896,-644,2021,-210,-1830,231,-56,-92,-84
2025-11-19T13:33:18.941732,46,75,64,228,205,168,76,202,12017,-10931,-663,2026,-237,-2094,187,-261,-82,-30
2025-11-19T13:33:18.964975,47,89,52,225,200,132,72,237,11998,-10949,-674,2037,-270,-2150,185,-126,-87,2
2025-11-19T13:33:18.979894,43,82,48,186,189,134,72,243,12001,-10942,-681,2055,-297,-2123,212,47,-105,2
2025-11-19T13:33:19.001261,42,95,70,162,201,154,66,223,12019,-10918,-687,2074,-282,-2074,285,133,-108,6
2025-11-19T13:33:19.024407,41,99,74,190,189,157,63,211,12029,-10903,-703,2093,-257,-1920,246,73,-146,-16
2025-11-19T13:33:19.039293,40,108,78,196,184,153,76,226,12021,-10906,-727,2111,-232,-1961,228,-59,-167,-19
2025-11-19T13:33:19.061722,35,80,80,216,188,147,82,207,12009,-10913,-749,2134,-211,-2074,232,-87,-173,24
2025-11-19T13:33:19.084180,36,87,83,213,190,141,85,214,12007,-10909,-763,2163,-239,-2175,274,-12,-165,69
2025-11-19T13:33:19.107508,33,72,72,227,172,104,89,226,12020,-10889,-767,2191,-255,-2085,296,100,-133,70
2025-11-19T13:33:19.121939,33,70,67,203,183,92,88,224,12038,-10865,-767,2207,-204,-2126,327,128,-65,65
2025-11-19T13:33:19.144324,33,71,70,210,212,89,75,190,12063,-10834,-761,2228,-194,-2059,329,186,-64,104
2025-11-19T13:33:19.159314,28,72,71,225,212,93,59,139,12076,-10817,-744,2246,-170,-2012,337,94,1,156
2025-11-19T13:33:19.181840,29,62,74,292,249,73,56,138,12073,-10819,-718,2262,-210,-1997,286,-19,56,180
2025-11-19T13:33:19.204616,28,59,65,302,242,63,48,121,12056,-10837,-687,2274,-211,-2065,301,-132,98,202
2025-11-19T13:33:19.218887,27,56,66,334,265,176,62,125,12037,-10857,-653,2288,-282,-2167,247,-120,97,202
2025-11-19T13:33:19.242283,26,33,58,340,242,186,62,141,12036,-10857,-620,2305,-293,-2142,281,14,72,191
2025-11-19T13:33:19.263396,32,37,63,346,245,182,64,152,12043,-10846,-600,2325,-318,-2076,207,115,-5,131
2025-11-19T13:33:19.278433,42,39,57,304,213,184,72,191,12059,-10825,-590,2345,-281,-1987,175,201,-53,97
2025-11-19T13:33:19.301084,45,45,153,344,243,187,73,196,12071,-10807,-584,2366,-250,-1973,134,193,-71,110
2025-11-19T13:33:19.324383,46,61,221,361,205,102,65,195,12072,-10798,-577,2402,-294,-2042,69,158,-126,170
2025-11-19T13:33:19.339203,64,99,317,365,403,87,83,188,12083,-10773,-581,2453,-242,-1964,45,271,-242,206
2025-11-19T13:33:19.361666,63,105,413,445,477,89,83,172,12093,-10746,-601,2520,-227,-1907,-111,348,-377,224
2025-11-19T13:33:19.384154,57,112,469,448,488,87,74,91,12124,-10691,-649,2594,-17,-1629,-74,481,-516,217
2025-11-19T13:33:19.407851,71,117,583,520,576,93,77,73,12133,-10659,-711,2665,62,-1462,-236,370,-559,203
2025-11-19T13:33:19.421613,78,131,586,675,644,86,82,68,12091,-10681,-785,2744,127,-1377,-282,-32,-595,280
2025-11-19T13:33:19.444001,155,185,638,860,649,92,67,55,12017,-10732,-870,2842,-55,-1558,-123,-355,-692,280
2025-11-19T13:33:19.459061,162,192,613,851,602,92,64,55,11933,-10785,-960,2966,-275,-1727,-57,-429,-822,269
2025-11-19T13:33:19.481616,165,194,693,906,606,114,69,51,11857,-10833,-1014,3077,-265,-1868,245,-503,-600,369
2025-11-19T13:33:19.504022,163,197,601,885,540,134,66,47,11729,-10938,-1046,3182,-439,-2074,235,-906,-456,434
2025-11-19T13:33:19.519037,161,187,617,763,468,143,57,40,11617,-11030,-1068,3267,-651,-2093,457,-933,-334,260
2025-11-19T13:33:19.541492,81,114,570,591,321,161,57,37,11530,-11100,-1099,3329,-811,-2288,688,-896,-275,42
2025-11-19T13:33:19.564003,66,98,542,539,321,186,57,34,11429,-11182,-1164,3379,-913,-2304,473,-945,-375,-168
2025-11-19T13:33:19.578739,60,90,399,577,455,180,53,37,11365,-11229,-1260,3404,-850,-2408,487,-723,-422,-402
2025-11-19T13:33:19.601038,50,74,392,559,485,163,52,36,11337,-11244,-1367,3408,-671,-2439,435,-467,-398,-493
2025-11-19T13:33:19.624062,46,69,340,585,515,174,55,36,11336,-11231,-1457,3416,-546,-2253,330,-180,-380,-415
2025-11-19T13:33:19.647208,37,60,252,570,530,186,51,32,11341,-11216,-1535,3415,-444,-2113,416,-190,-286,-378
2025-11-19T13:33:19.661471,36,61,289,592,543,172,52,36,11283,-11270,-1607,3398,-368,-1984,349,-675,-166,-284
2025-11-19T13:33:19.683955,32,57,273,490,429,175,52,33,11176,-11371,-1684,3374,-292,-2128,207,-1000,-129,-195
2025-11-19T13:33:19.706919,31,57,264,476,383,182,52,35,11087,-11458,-1748,3341,-156,-2421,208,-886,-50,-121
2025-11-19T13:33:19.721277,35,67,269,443,358,182,55,38,11045,-11504,-1783,3307,-116,-2460,120,-478,39,-67
2025-11-19T13:33:19.743562,34,65,254,390,325,151,58,39,11054,-11498,-1794,3289,-175,-2260,127,-43,33,-54
2025-11-19T13:33:19.767102,33,65,233,380,288,160,60,37,11067,-11487,-1810,3275,-163,-2096,146,-23,3,-74
2025-11-19T13:33:19.781418,33,67,277,391,279,153,59,38,11046,-11511,-1831,3251,-159,-2026,42,-254,33,-77
2025-11-19T13:33:19.804781,32,65,265,356,265,151,56,36,10992,-11564,-1868,3225,-183,-2061,-17,-483,-12,-114
2025-11-19T13:33:19.827137,25,50,250,390,225,132,48,31,10965,-11595,-1910,3181,-52,-2152,-9,-330,32,-167
2025-11-19T13:33:19.841395,26,50,261,426,217,145,46,31,10962,-11606,-1937,3135,-36,-2094,-27,-134,92,-155
2025-11-19T13:33:19.863904,24,40,227,400,212,132,40,29,10974,-11603,-1951,3092,-71,-2043,20,-31,124,-151
2025-11-19T13:33:19.887062,26,31,144,350,215,164,43,29,11000,-11590,-1960,3044,-120,-2048,38,58,164,-204
2025-11-19T13:33:19.901527,26,33,156,372,183,164,44,26,11021,-11581,-1967,2999,-148,-2081,7,42,158,-196
2025-11-19T13:33:19.923876,26,30,156,334,175,163,45,28,11015,-11592,-1978,2970,-228,-2124,-86,-87,78,-148
2025-11-19T13:33:19.947130,25,31,140,284,170,148,41,26,11013,-11594,-1988,2961,-197,-2102,-113,-2,-1,-72
2025-11-19T13:33:19.961346,26,30,138,288,166,141,40,27,11028,-11584,-1981,2950,-151,-2043,-89,113,65,-16
2025-11-19T13:33:19.983871,25,43,187,319,150,98,33,27,11040,-11578,-1966,2937,-205,-1991,-97,95,107,-17
2025-11-19T13:33:20.007431,23,40,177,288,172,110,40,27,11038,-11585,-1962,2919,-185,-2122,-82,-30,93,-44
2025-11-19T13:33:20.021371,22,41,162,264,169,108,41,28,11049,-11578,-1959,2909,-185,-2141,-31,47,48,-35
2025-11-19T13:33:20.043882,22,40,171,274,159,110,40,28,11078,-11552,-1952,2907,-164,-2071,-66,230,27,-16
2025-11-19T13:33:20.066940,26,43,171,296,156,147,45,31,11105,-11527,-1943,2909,-154,-1998,-56,221,19,15
2025-11-19T13:33:20.081351,24,31,117,275,139,157,48,28,11110,-11523,-1940,2911,-183,-1988,-57,54,2,6
2025-11-19T13:33:20.103609,26,34,131,276,109,149,42,30,11108,-11526,-1941,2904,-169,-2065,-51,-20,26,-17
2025-11-19T13:33:20.126986,27,35,133,277,124,149,43,28,11095,-11538,-1939,2904,-189,-2095,-40,-95,7,27
2025-11-19T13:33:20.141469,26,33,125,275,147,149,45,37,11091,-11543,-1936,2907,-238,-2112,-32,-37,4,5
2025-11-19T13:33:20.163782,22,29,182,251,151,108,39,40,11091,-11544,-1930,2905,-246,-2094,-75,16,30,-11
2025-11-19T13:33:20.194549,22,31,186,225,173,99,39,42,11084,-11552,-1923,2905,-221,-2118,-89,-24,30,23
2025-11-19T13:33:20.201258,26,28,169,227,178,95,42,45,11085,-11554,-1912,2901,-230,-2122,-95,28,58,10
2025-11-19T13:33:20.223775,31,32,188,277,172,100,48,68,11095,-11547,-1905,2895,-193,-2110,-3,50,49,-9
2025-11-19T13:33:20.246420,32,37,190,272,157,90,48,72,11096,-11549,-1895,2887,-231,-2060,-98,28,70,-15
2025-11-19T13:33:20.261205,32,36,158,279,176,143,58,70,11111,-11537,-1887,2884,-269,-2143,-93,139,38,-41
2025-11-19T13:33:20.283677,35,40,196,289,158,146,61,74,11131,-11520,-1883,2878,-187,-2143,-52,156,33,-37
2025-11-19T13:33:20.306458,31,39,195,280,151,137,58,73,11145,-11508,-1882,2872,-142,-2049,-96,132,20,-13
2025-11-19T13:33:20.321184,27,37,179,233,152,149,56,55,11161,-11493,-1876,2875,-172,-2013,-54,147,6,12
2025-11-19T13:33:20.343853,26,35,176,245,159,153,55,48,11169,-11486,-1866,2878,-169,-2003,-14,69,23,50
2025-11-19T13:33:20.366955,27,39,172,297,160,104,46,47,11156,-11499,-1859,2880,-205,-2063,-49,-80,22,48
2025-11-19T13:33:20.381220,23,35,189,326,178,114,39,38,11142,-11515,-1852,2877,-231,-2177,-24,-113,42,23
2025-11-19T13:33:20.404711,24,49,274,372,170,121,44,42,11141,-11515,-1849,2880,-252,-2161,34,-36,5,-6
2025-11-19T13:33:20.426726,25,50,335,403,187,123,39,41,11139,-11518,-1854,2873,-151,-2087,-21,-29,10,-18
2025-11-19T13:33:20.441190,28,48,340,393,194,126,43,79,11141,-11516,-1862,2869,-118,-2050,-35,4,-17,-11
2025-11-19T13:33:20.471825,26,48,340,343,179,128,42,85,11149,-11508,-1868,2864,-121,-2021,-32,56,-8,-19
2025-11-19T13:33:20.487502,29,49,328,351,158,110,43,87,11156,-11502,-1869,2861,-133,-2037,-5,38,10,1
2025-11-19T13:33:20.501146,28,36,263,295,153,103,38,86,11157,-11502,-1867,2859,-117,-2060,-37,9,11,34
2025-11-19T13:33:20.523611,28,69,180,245,122,84,39,87,11161,-11498,-1863,2860,-157,-2086,-20,33,8,31
2025-11-19T13:33:20.546821,25,71,172,246,140,93,34,52,11165,-11495,-1856,2862,-220,-2072,-11,29,21,14
2025-11-19T13:33:20.569282,25,70,157,258,136,110,42,43,11161,-11499,-1852,2867,-323,-2144,-41,-13,-2,-28
2025-11-19T13:33:20.583551,22,70,106,194,170,125,41,37,11153,-11506,-1852,2868,-321,-2140,-44,-48,-6,-54
2025-11-19T13:33:20.606803,22,70,107,216,177,129,40,34,11141,-11517,-1860,2864,-290,-2125,-74,-77,-14,-80
2025-11-19T13:33:20.629096,20,37,106,285,193,139,39,30,11128,-11529,-1873,2860,-233,-2093,-73,-94,-32,-66
2025-11-19T13:33:20.643551,19,49,106,282,172,139,44,30,11119,-11536,-1888,2854,-198,-2073,-32,-82,-30,-80
2025-11-19T13:33:20.666422,17,48,103,274,182,135,43,28,11110,-11544,-1905,2848,-190,-2070,-61,-78,-41,-77
2025-11-19T13:33:20.689268,19,47,118,296,157,151,50,28,11103,-11549,-1922,2840,-165,-2086,-33,-73,-32,-81
2025-11-19T13:33:20.703683,20,48,110,281,152,155,49,29,11103,-11549,-1940,2832,-144,-2139,-20,-39,-38,-81
2025-11-19T13:33:20.726757,21,47,100,206,136,148,50,27,11114,-11537,-1954,2825,-157,-2109,-33,66,-31,-93
2025-11-19T13:33:20.749283,22,30,98,227,139,140,46,25,11134,-11518,-1965,2820,-139,-2116,-20,128,-28,-81
2025-11-19T13:33:20.763578,23,29,101,244,116,132,41,24,11146,-11504,-1979,2816,-141,-2079,-7,70,-40,-81
2025-11-19T13:33:20.786368,25,47,84,209,121,108,31,24,11156,-11493,-1994,2812,-158,-2110,-3,50,-46,-89
2025-11-19T13:33:20.816199,25,52,117,250,172,132,39,22,11169,-11478,-2011,2807,-114,-2108,20,62,-50,-87
2025-11-19T13:33:20.822873,23,54,121,259,173,123,37,23,11186,-11460,-2029,2805,-107,-2119,18,94,-64,-83
2025-11-19T13:33:20.846671,24,55,116,252,166,122,37,23,11215,-11429,-2044,2806,-131,-2101,30,196,-70,-99
2025-11-19T13:33:20.868828,23,57,118,234,172,128,37,22,11244,-11398,-2057,2803,-80,-2046,-2,218,-50,-83
2025-11-19T13:33:20.882957,23,59,117,260,171,125,39,21,11262,-11378,-2069,2801,-115,-1984,-11,146,-45,-78
2025-11-19T13:33:20.906635,22,53,99,226,175,108,31,20,11264,-11375,-2077,2800,-159,-2062,-26,29,-28,-56
2025-11-19T13:33:20.929138,23,53,96,228,174,112,31,20,11271,-11369,-2083,2797,-100,-2053,-3,49,-16,-31
2025-11-19T13:33:20.943446,23,53,95,211,168,108,31,21,11276,-11362,-2087,2797,-87,-2044,-20,59,-18,-2
2025-11-19T13:33:20.966603,23,50,90,214,159,96,31,21,11283,-11355,-2087,2800,-92,-2049,19,52,-13,19
2025-11-19T13:33:20.989155,21,29,84,177,147,93,31,19,11288,-11349,-2087,2803,-117,-2084,11,50,-18,7
2025-11-19T13:33:21.003934,43,46,154,211,87,76,36,23,11298,-11338,-2085,2808,-140,-2126,38,73,-14,3
2025-11-19T13:33:21.026657,45,48,154,209,88,67,38,27,11303,-11333,-2082,2813,-165,-2124,-1,57,-10,6
2025-11-19T13:33:21.049251,46,48,159,211,99,72,41,28,11313,-11322,-2081,2816,-99,-2058,26,84,-11,15
2025-11-19T13:33:21.071652,48,50,161,189,132,73,42,30,11323,-11312,-2079,2819,-60,-2033,59,67,-7,38
2025-11-19T13:33:21.086565,48,52,163,201,141,67,41,36,11326,-11307,-2081,2825,-87,-2057,57,17,-28,33
2025-11-19T13:33:21.109046,35,40,84,167,162,69,37,38,11327,-11305,-2082,2824,-117,-2157,7,26,-6,-3
2025-11-19T13:33:21.122911,31,35,86,156,176,73,36,35,11330,-11303,-2076,2827,-232,-2172,-49,74,6,-19
2025-11-19T13:33:21.146560,30,33,87,169,171,71,33,35,11353,-11282,-2065,2830,-271,-2113,-9,208,23,-62
2025-11-19T13:33:21.169059,27,30,80,179,159,71,30,38,11365,-11269,-2064,2829,-189,-2065,-8,127,0,-51
2025-11-19T13:33:21.183347,28,28,77,185,152,72,28,34,11360,-11274,-2066,2829,-211,-2063,21,-28,-8,-45
2025-11-19T13:33:21.206628,20,27,75,214,123,91,33,31,11360,-11275,-2073,2821,-149,-2115,52,-21,6,-68
2025-11-19T13:33:21.229205,21,30,64,249,102,100,35,32,11368,-11269,-2081,2811,-132,-2108,46,38,5,-84
2025-11-19T13:33:21.241094,21,32,52,256,105,104,37,31,11375,-11261,-2091,2800,-107,-2053,45,40,-1,-87
2025-11-19T13:33:21.264451,22,33,51,254,90,104,37,28,11386,-11250,-2103,2793,-84,-2047,60,64,-19,-79
2025-11-19T13:33:21.287625,20,32,47,245,96,108,37,27,11398,-11237,-2111,2791,-102,-2058,72,74,-29,-51
2025-11-19T13:33:21.303697,20,29,42,204,117,88,33,30,11406,-11228,-2117,2792,-127,-2061,79,52,-29,-40
2025-11-19T13:33:21.326699,19,28,42,154,126,82,28,29,11410,-11224,-2122,2790,-115,-2034,65,17,-14,-42
2025-11-19T13:33:21.349114,19,46,38,117,137,81,24,29,11414,-11220,-2127,2783,-85,-2043,65,18,8,-37
2025-11-19T13:33:21.363374,19,54,56,104,139,91,28,28,11416,-11219,-2126,2780,-111,-2062,48,19,16,-17
2025-11-19T13:33:21.386407,18,55,57,87,143,121,33,28,11416,-11219,-2125,2780,-134,-2066,28,-10,-8,4
2025-11-19T13:33:21.409011,22,63,63,99,143,190,43,23,11413,-11220,-2126,2786,-128,-2064,49,-6,-27,13
2025-11-19T13:33:21.423241,22,66,66,95,135,196,47,23,11402,-11229,-2133,2792,-138,-2052,36,-73,-49,-4
2025-11-19T13:33:21.446490,21,54,65,118,122,198,48,22,11390,-11238,-2141,2797,-120,-2083,38,-77,-52,1
2025-11-19T13:33:21.468841,24,48,77,138,121,196,46,23,11381,-11245,-2146,2805,-131,-2122,55,-60,-51,16
2025-11-19T13:33:21.491435,24,47,77,142,107,178,42,22,11374,-11248,-2149,2815,-136,-2145,65,-46,-52,23
2025-11-19T13:33:21.505944,22,65,86,146,119,124,34,22,11382,-11238,-2152,2824,-124,-2097,77,59,-52,1
2025-11-19T13:33:21.528912,24,63,83,158,123,115,34,27,11394,-11223,-2159,2827,-85,-2086,91,85,-46,-20
2025-11-19T13:33:21.551370,26,65,149,146,122,114,35,32,11409,-11206,-2168,2830,-54,-2071,98,95,-47,-19
2025-11-19T13:33:21.566288,26,64,145,171,128,111,38,32,11426,-11185,-2180,2832,-37,-2148,123,107,-62,-31
2025-11-19T13:33:21.588901,26,64,150,181,129,108,41,33,11445,-11161,-2194,2838,-10,-2095,93,147,-80,-18
2025-11-19T13:33:21.611633,25,37,154,182,109,81,45,34,11481,-11122,-2204,2838,65,-2032,157,241,-49,-13
2025-11-19T13:33:21.626368,27,39,159,186,166,201,111,32,11516,-11087,-2205,2836,76,-2029,213,199,3,18
2025-11-19T13:33:21.648743,29,48,103,189,178,222,117,29,11548,-11056,-2207,2824,202,-2001,357,99,44,53
2025-11-19T13:33:21.671334,29,48,93,160,180,236,122,47,11563,-11050,-2200,2790,373,-1913,479,-145,180,116
2025-11-19T13:33:21.685572,33,52,88,152,180,238,126,62,11567,-11066,-2130,2766,411,-2089,606,-269,414,459
2025-11-19T13:33:21.708853,62,68,84,145,171,242,127,77,11593,-11075,-1971,2739,476,-2306,840,-194,794,812
2025-11-19T13:33:21.731327,106,103,96,146,132,163,103,176,11633,-11085,-1724,2696,203,-2353,783,-36,1212,940
2025-11-19T13:33:21.745652,146,141,117,189,127,137,112,319,11642,-11137,-1428,2612,-191,-2600,448,-112,1561,844
2025-11-19T13:33:21.768814,154,154,140,186,116,109,111,365,11651,-11197,-1134,2456,-621,-2850,330,-41,1825,477
2025-11-19T13:33:21.790815,155,159,138,190,118,105,116,390,11734,-11175,-861,2264,-938,-2698,178,563,1827,113
2025-11-19T13:33:21.805672,148,159,135,270,154,87,119,415,11848,-11108,-633,2064,-1047,-2328,-110,857,1647,-144
2025-11-19T13:33:21.828872,123,139,122,362,158,72,101,390,11882,-11113,-455,1883,-861,-2344,-186,393,1369,-403
2025-11-19T13:33:21.850837,71,99,99,360,165,94,85,291,11957,-11066,-353,1694,-808,-2540,-169,720,1065,-729
2025-11-19T13:33:21.865583,56,80,63,367,215,173,82,233,12106,-10930,-336,1509,-803,-1993,-256,1362,644,-1134
2025-11-19T13:33:21.888906,55,92,69,378,219,182,69,196,12247,-10796,-408,1311,-708,-1585,-407,1355,323,-1500
2025-11-19T13:33:21.911284,54,111,61,336,201,191,64,141,12346,-10700,-532,1107,-418,-1553,-387,1011,161,-1562
2025-11-19T13:33:21.926035,48,121,77,229,205,200,56,126,12424,-10622,-646,916,-128,-1743,-364,878,183,-1327
2025-11-19T13:33:21.948786,46,163,119,194,196,185,53,116,12515,-10520,-713,783,-55,-1720,-216,992,176,-893
2025-11-19T13:33:21.971315,45,224,275,186,144,119,49,109,12603,-10419,-757,691,-11,-1565,-87,919,136,-622
2025-11-19T13:33:21.985110,59,283,333,187,145,114,70,188,12639,-10378,-783,618,139,-1551,70,407,158,-370
2025-11-19T13:33:22.008779,109,290,353,170,142,104,72,205,12599,-10427,-796,580,101,-1797,151,-268,87,-163
2025-11-19T13:33:22.031281,184,324,378,173,119,82,73,210,12582,-10450,-796,547,222,-1967,404,-187,135,-50
2025-11-19T13:33:22.045506,198,319,374,184,120,79,73,211,12560,-10477,-796,520,261,-2059,253,-140,114,-1
2025-11-19T13:33:22.068622,249,288,295,259,159,76,78,258,12575,-10461,-777,509,317,-2027,431,89,144,149
2025-11-19T13:33:22.091294,252,237,252,277,181,59,60,211,12570,-10469,-760,485,322,-1861,326,-48,186,103
2025-11-19T13:33:22.105874,244,293,323,280,209,88,59,187,12528,-10523,-738,465,206,-1878,285,-363,181,88
2025-11-19T13:33:22.128769,206,355,407,290,234,144,79,183,12483,-10578,-726,434,224,-2115,324,-388,171,14
2025-11-19T13:33:22.151161,195,364,413,300,310,277,101,180,12429,-10641,-734,406,201,-1945,229,-433,75,-54
2025-11-19T13:33:22.165488,129,363,465,245,310,305,104,101,12388,-10690,-746,390,294,-1955,238,-337,19,26
2025-11-19T13:33:22.188795,118,355,464,390,324,361,110,67,12355,-10728,-759,373,351,-1854,301,-310,27,47
2025-11-19T13:33:22.210863,107,298,493,562,313,361,118,62,12322,-10766,-752,356,290,-1845,290,-308,104,83
2025-11-19T13:33:22.225038,86,166,433,666,396,360,125,53,12274,-10822,-744,344,339,-1670,155,-386,93,146
2025-11-19T13:33:22.248522,219,182,434,724,368,280,116,86,12223,-10881,-709,369,296,-1838,82,-361,64,384
2025-11-19T13:33:22.271125,242,211,387,859,458,269,124,227,12147,-10967,-626,454,109,-2105,-17,-482,32,728
2025-11-19T13:33:22.285347,243,212,398,801,445,194,123,245,12077,-11045,-494,583,-51,-2629,68,-442,60,1032
2025-11-19T13:33:22.308012,243,214,352,704,446,187,114,248,12031,-11089,-365,773,-334,-2618,-53,-152,-200,1150
2025-11-19T13:33:22.331010,243,208,334,625,395,185,95,249,12004,-11102,-269,1007,-551,-2519,-127,87,-516,1112
2025-11-19T13:33:22.344848,138,154,349,590,393,238,97,240,11997,-11084,-225,1262,-623,-2326,-140,269,-829,984
2025-11-19T13:33:22.368981,88,92,342,460,281,220,81,121,12001,-11049,-197,1510,-685,-2056,-186,399,-884,863
2025-11-19T13:33:22.391069,88,91,335,460,273,219,71,78,11992,-11022,-169,1763,-630,-1919,-75,249,-888,945
2025-11-19T13:33:22.404710,113,124,315,487,265,213,69,67,11951,-11024,-125,2018,-575,-1848,-59,6,-813,1080
2025-11-19T13:33:22.436066,150,218,321,484,215,183,63,62,11871,-11061,-72,2277,-630,-1836,-68,-276,-775,1155
2025-11-19T13:33:22.458542,148,219,361,445,188,79,45,61,11761,-11120,-40,2542,-699,-1844,-95,-492,-870,1118
2025-11-19T13:33:22.481041,152,239,413,358,161,68,37,47,11653,-11172,-57,2801,-655,-1877,-154,-473,-1051,959
2025-11-19T13:33:22.487740,151,247,435,404,235,135,51,41,11577,-11185,-128,3048,-549,-1949,57,-363,-1228,754
2025-11-19T13:33:22.510969,135,230,483,363,268,155,55,43,11535,-11162,-216,3279,-558,-2007,168,-163,-1253,605
2025-11-19T13:33:22.533449,98,169,506,477,280,167,55,39,11506,-11126,-320,3487,-640,-1865,214,-101,-1243,383
2025-11-19T13:33:22.548499,94,171,490,501,276,172,54,37,11511,-11067,-441,3642,-588,-1690,268,62,-1125,73
2025-11-19T13:33:22.571600,90,178,464,613,285,171,57,40,11534,-11001,-579,3749,-390,-1714,390,73,-992,-107
2025-11-19T13:33:22.593443,86,171,439,586,225,124,47,41,11540,-10959,-708,3831,-229,-1928,475,-106,-813,-33
2025-11-19T13:33:22.608569,66,198,401,600,201,112,50,37,11560,-10910,-806,3889,-164,-2071,643,-67,-584,17
2025-11-19T13:33:22.630962,55,184,352,486,184,110,51,38,11600,-10853,-874,3917,-169,-2086,673,69,-364,-28
2025-11-19T13:33:22.653438,54,182,410,479,185,110,53,41,11640,-10801,-927,3928,-192,-1965,692,53,-231,-67
2025-11-19T13:33:22.667660,42,153,382,314,178,109,52,40,11649,-10787,-983,3924,-228,-1989,650,-194,-159,-110
2025-11-19T13:33:22.690918,45,146,383,323,191,119,53,51,11648,-10785,-1041,3919,-219,-2072,640,-275,-149,-92
2025-11-19T13:33:22.715530,41,112,412,300,167,115,56,54,11640,-10795,-1096,3900,-214,-2089,562,-309,-86,-131
2025-11-19T13:33:22.727529,36,112,451,311,154,100,54,54,11645,-10797,-1144,3866,-192,-2104,489,-184,-16,-170
2025-11-19T13:33:22.758398,32,128,375,300,160,94,48,57,11675,-10774,-1170,3832,-217,-2130,491,34,43,-157
2025-11-19T13:33:22.773398,35,136,404,335,158,94,49,61,11711,-10744,-1175,3806,-301,-2047,430,155,78,-115
2025-11-19T13:33:22.788370,33,137,390,303,150,99,47,51,11738,-10722,-1173,3784,-350,-1996,373,128,85,-91
2025-11-19T13:33:22.810450,31,129,300,310,191,120,36,47,11752,-10712,-1179,3764,-387,-2045,358,33,50,-110
2025-11-19T13:33:22.833076,35,121,285,313,186,126,40,49,11772,-10696,-1187,3746,-387,-1998,359,77,34,-127
2025-11-19T13:33:22.848207,37,134,310,283,163,123,40,40,11796,-10675,-1195,3731,-396,-1967,352,120,10,-132
2025-11-19T13:33:22.870841,33,122,271,252,165,139,46,31,11805,-10663,-1205,3729,-434,-1991,318,53,-46,-83
2025-11-19T13:33:22.893366,32,115,317,281,183,142,48,34,11817,-10649,-1210,3733,-437,-1974,316,80,-51,-56
2025-11-19T13:33:22.907747,32,118,352,262,150,121,46,32,11832,-10630,-1216,3736,-459,-1865,318,107,-55,-87
2025-11-19T13:33:22.930684,29,113,319,256,158,114,46,36,11827,-10632,-1234,3738,-445,-1876,289,-53,-89,-93
2025-11-19T13:33:22.953398,28,65,275,298,164,121,55,119,11823,-10635,-1258,3737,-370,-1968,315,-69,-85,-83
2025-11-19T13:33:22.967358,40,72,297,327,156,104,50,132,11837,-10619,-1271,3732,-322,-1988,325,85,-47,-66
2025-11-19T13:33:22.991313,52,74,252,330,161,89,50,133,11851,-10603,-1281,3729,-264,-1945,308,97,-36,-20
2025-11-19T13:33:23.013413,55,67,185,334,222,207,70,135,11861,-10593,-1288,3727,-258,-1929,334,47,-19,4
2025-11-19T13:33:23.027576,56,72,172,348,240,226,72,133,11875,-10579,-1294,3719,-131,-1884,404,39,22,39
2025-11-19T13:33:23.050286,55,70,171,307,251,225,67,73,11879,-10581,-1287,3702,-17,-1776,398,-58,131,116
2025-11-19T13:33:23.073338,49,58,125,249,250,226,67,47,11859,-10613,-1264,3683,80,-1826,435,-264,242,266
2025-11-19T13:33:23.087569,38,55,142,234,236,250,74,47,11836,-10649,-1222,3667,160,-1926,529,-309,332,414
2025-11-19T13:33:23.110369,32,53,145,223,183,185,62,43,11823,-10677,-1150,3649,194,-1974,532,-210,454,526
2025-11-19T13:33:23.133258,29,46,138,187,153,165,58,41,11801,-10717,-1073,3628,151,-1943,329,-181,476,523
2025-11-19T13:33:23.148129,28,44,130,193,137,163,56,37,11778,-10761,-999,3591,82,-1936,149,-127,500,426
2025-11-19T13:33:23.170808,24,31,125,198,137,161,56,34,11754,-10813,-914,3538,-132,-1899,93,-133,598,287
2025-11-19T13:33:23.193275,25,47,87,159,136,129,49,33,11725,-10873,-826,3471,-353,-1793,51,-180,647,126
2025-11-19T13:33:23.207395,25,59,82,127,139,114,43,28,11673,-10960,-766,3385,-537,-1868,-10,-386,617,-104
2025-11-19T13:33:23.230717,26,73,98,116,145,121,45,30,11604,-11064,-748,3286,-592,-1983,-38,-565,509,-313
2025-11-19T13:33:23.253222,25,89,114,137,157,133,46,28,11554,-11149,-753,3176,-594,-2002,-76,-444,447,-479
2025-11-19T13:33:23.267530,27,117,106,132,158,133,46,28,11539,-11195,-778,3055,-552,-1942,-90,-182,376,-642
2025-11-19T13:33:23.290769,27,137,125,121,146,124,43,27,11545,-11223,-822,2918,-578,-1815,-179,-21,345,-848
2025-11-19T13:33:23.313188,35,168,190,141,129,106,39,28,11540,-11262,-893,2764,-634,-1694,-240,-110,311,-1063
2025-11-19T13:33:23.327391,38,172,211,158,124,91,39,28,11516,-11322,-982,2584,-649,-1639,-233,-310,355,-1241
2025-11-19T13:33:23.350262,38,188,208,133,89,71,39,26,11445,-11427,-1082,2389,-580,-1816,-191,-719,409,-1264
2025-11-19T13:33:23.373023,71,189,223,141,79,66,37,26,11344,-11555,-1177,2201,-559,-2086,-138,-972,418,-1182
2025-11-19T13:33:23.395628,192,204,239,141,76,52,35,43,11232,-11695,-1199,2017,-725,-3198,-316,-957,696,-930
2025-11-19T13:33:23.410101,204,182,212,130,66,46,31,45,11185,-11721,-1131,2165,-1426,-3899,-180,-149,-316,295
2025-11-19T13:33:23.432727,207,178,191,108,53,43,28,58,11528,-11381,-982,2245,-591,-2381,607,2739,138,473
2025-11-19T13:33:23.456087,209,157,194,96,44,40,29,61,11720,-11181,-888,2296,-485,-1436,212,1610,82,303
2025-11-19T13:33:23.470515,204,153,182,78,47,48,30,61,11577,-11308,-818,2424,-788,-1198,342,-1118,-151,593
2025-11-19T13:33:23.500625,103,112,151,81,44,46,29,51,11346,-11533,-877,2437,-554,-2020,429,-1886,-158,44
2025-11-19T13:33:23.515465,76,108,120,76,43,44,28,50,11224,-11647,-981,2413,-267,-2506,234,-1171,-229,-342
2025-11-19T13:33:23.530368,109,145,147,124,59,51,38,36,11226,-11636,-1068,2425,-135,-2561,-84,0,-395,-208
2025-11-19T13:33:23.552896,113,149,152,127,61,52,40,33,11360,-11486,-1109,2495,-67,-2261,-67,1151,-516,51
2025-11-19T13:33:23.575553,114,145,185,137,56,44,38,33,11521,-11302,-1132,2584,-222,-1950,-13,1404,-539,57
2025-11-19T13:33:23.589752,112,153,191,158,56,42,38,31,11603,-11191,-1161,2683,-319,-1853,-80,869,-579,119
2025-11-19T13:33:23.612987,187,234,196,159,56,42,38,36,11605,-11165,-1210,2762,-263,-2024,-30,177,-531,109
2025-11-19T13:33:23.635565,182,222,202,127,39,31,29,35,11595,-11159,-1266,2806,-180,-2212,42,4,-405,18
2025-11-19T13:33:23.650217,181,231,206,139,37,28,25,35,11612,-11132,-1299,2827,-137,-2248,53,197,-227,7
2025-11-19T13:33:23.670879,180,243,173,132,31,24,24,36,11637,-11102,-1305,2839,-124,-2124,53,268,-89,63
2025-11-19T13:33:23.693571,190,248,206,113,33,26,24,39,11643,-11094,-1299,2849,-150,-2025,137,65,-15,108
2025-11-19T13:33:23.708492,131,187,210,134,37,26,26,33,11612,-11125,-1292,2858,-193,-1991,180,-258,11,137
2025-11-19T13:33:23.732728,122,199,205,143,39,29,26,33,11558,-11178,-1296,2867,-230,-2047,216,-471,-10,115
2025-11-19T13:33:23.755572,148,194,211,145,41,29,28,37,11510,-11222,-1308,2884,-291,-2111,259,-444,-82,80
2025-11-19T13:33:23.769821,155,212,227,153,47,36,30,37,11493,-11229,-1324,2915,-349,-2140,319,-210,-173,39
2025-11-19T13:33:23.793047,158,244,200,165,48,39,32,36,11507,-11200,-1347,2962,-363,-2070,354,31,-277,23
2025-11-19T13:33:23.815503,149,238,197,155,46,39,33,35,11532,-11153,-1378,3026,-374,-2030,389,127,-386,28
2025-11-19T13:33:23.829713,142,231,223,177,44,39,32,33,11564,-11094,-1412,3103,-360,-1982,369,233,-460,66
2025-11-19T13:33:23.852824,118,223,212,174,47,42,31,27,11582,-11048,-1453,3183,-323,-2012,271,180,-498,93
2025-11-19T13:33:23.875562,147,198,226,183,47,41,31,28,11587,-11012,-1503,3264,-275,-2050,155,150,-543,113
2025-11-19T13:33:23.889697,131,149,222,187,45,40,28,26,11592,-10976,-1554,3340,-245,-2108,88,194,-533,115
2025-11-19T13:33:23.912686,138,151,236,188,47,41,31,26,11609,-10930,-1599,3412,-202,-2053,38,313,-494,120
2025-11-19T13:33:23.935491,135,140,235,172,50,42,32,28,11619,-10893,-1630,3480,-208,-1923,26,277,-427,159
2025-11-19T13:33:23.950152,132,153,237,168,46,39,33,29,11602,-10887,-1660,3543,-212,-1918,52,31,-377,192
2025-11-19T13:33:23.972952,110,147,211,164,44,38,32,30,11558,-10911,-1691,3596,-205,-1989,34,-187,-324,212
2025-11-19T13:33:23.995453,112,135,215,163,44,38,34,30,11515,-10937,-1716,3642,-210,-2038,63,-201,-266,212
2025-11-19T13:33:24.009573,99,132,202,167,42,37,29,32,11477,-10963,-1731,3679,-259,-2084,71,-187,-194,182
2025-11-19T13:33:24.032724,99,135,161,167,42,38,28,34,11439,-10988,-1743,3716,-348,-2120,125,-215,-179,161
2025-11-19T13:33:24.055425,97,124,183,170,45,40,27,34,11407,-11008,-1756,3750,-343,-2146,178,-199,-173,137
2025-11-19T13:33:24.069348,72,123,187,180,41,37,27,31,11388,-11016,-1770,3777,-328,-2137,188,-122,-154,89
2025-11-19T13:33:24.100305,64,125,199,186,43,39,27,29,11374,-11020,-1787,3799,-303,-2136,201,-104,-147,65
2025-11-19T13:33:24.114973,86,132,214,196,44,38,28,29,11368,-11016,-1809,3817,-263,-2097,193,-47,-153,37
2025-11-19T13:33:24.129682,88,125,219,196,39,36,27,26,11361,-11014,-1835,3831,-248,-2090,184,-62,-155,14
2025-11-19T13:33:24.153075,94,129,200,191,37,35,28,25,11352,-11013,-1862,3847,-266,-2089,180,-73,-168,6
2025-11-19T13:33:24.175401,90,134,200,178,39,37,27,25,11343,-11014,-1892,3858,-277,-2081,141,-69,-165,-25
2025-11-19T13:33:24.189542,88,142,180,153,44,38,27,27,11333,-11014,-1923,3870,-318,-2107,117,-53,-170,-51
2025-11-19T13:33:24.212915,66,135,151,124,44,40,28,26,11324,-11017,-1955,3873,-329,-2165,55,-40,-146,-92
2025-11-19T13:33:24.235356,62,141,154,133,47,62,34,24,11305,-11033,-1982,3867,-445,-2297,-37,-69,-92,-137
2025-11-19T13:33:24.250019,41,134,148,131,50,70,34,23,11275,-11064,-1983,3868,-533,-2263,-11,-158,-8,-41
2025-11-19T13:33:24.272896,32,116,134,122,55,98,38,24,11229,-11116,-1982,3852,-439,-2034,38,-344,91,-30
2025-11-19T13:33:24.295340,31,101,128,149,68,116,41,23,11172,-11189,-2005,3797,-181,-2041,55,-556,181,-106
2025-11-19T13:33:24.309511,27,101,138,150,70,116,39,22,11117,-11264,-2051,3712,7,-2097,62,-619,215,-205
2025-11-19T13:33:24.333191,30,85,132,136,67,106,34,24,11097,-11308,-2090,3612,88,-2107,-11,-341,276,-276
2025-11-19T13:33:24.355110,130,166,146,158,66,101,32,26,11125,-11305,-2109,3523,74,-2052,63,16,293,-268
2025-11-19T13:33:24.377831,162,182,165,162,61,73,27,24,11171,-11280,-2108,3456,-7,-1898,174,150,278,-212
2025-11-19T13:33:24.399836,171,198,170,137,40,37,23,25,11207,-11262,-2102,3405,-91,-1907,231,73,236,-159
2025-11-19T13:33:24.414884,175,223,173,178,37,37,26,27,11224,-11256,-2095,3371,-172,-1928,247,-36,177,-109
2025-11-19T13:33:24.436979,190,232,154,187,42,35,25,27,11213,-11279,-2076,3343,-350,-2062,181,-146,79,-44
2025-11-19T13:33:24.456220,147,194,133,170,43,37,29,28,11218,-11279,-2057,3340,-388,-2105,96,8,85,-31
2025-11-19T13:33:24.474595,114,196,131,177,46,36,28,28,11223,-11278,-2030,3341,-443,-2081,23,65,98,-15
2025-11-19T13:33:24.496984,105,183,150,183,46,34,27,29,11216,-11290,-2006,3341,-476,-2060,-31,-5,93,-21
2025-11-19T13:33:24.516671,102,152,148,153,44,29,23,27,11200,-11309,-1996,3335,-391,-2094,-24,-98,68,-39
2025-11-19T13:33:24.534397,77,152,193,154,43,28,25,27,11184,-11329,-2002,3317,-266,-2079,7,-141,56,-71
2025-11-19T13:33:24.556702,70,166,203,161,44,26,23,26,11174,-11342,-2017,3295,-179,-2127,17,-117,33,-94
2025-11-19T13:33:24.576268,72,168,198,147,62,29,24,26,11176,-11344,-2032,3274,-189,-2151,12,-29,29,-112
2025-11-19T13:33:24.594445,71,167,200,139,62,29,25,22,11195,-11326,-2038,3268,-251,-2059,67,110,-6,-102
2025-11-19T13:33:24.616470,79,166,211,154,67,38,30,26,11202,-11316,-2045,3275,-302,-1973,111,18,-55,-61
2025-11-19T13:33:24.635865,70,153,173,139,77,83,47,25,11162,-11346,-2066,3293,-311,-1951,100,-323,-140,-7
2025-11-19T13:33:24.658411,69,120,162,128,78,104,60,27,11069,-11423,-2097,3321,-323,-1961,24,-686,-201,88
2025-11-19T13:33:24.681227,59,88,154,151,67,110,64,28,10938,-11536,-2104,3361,-388,-2040,-161,-862,-159,272
2025-11-19T13:33:24.695785,60,91,135,187,76,113,68,31,10790,-11662,-2078,3420,-583,-2201,-320,-859,-106,426
2025-11-19T13:33:24.718225,45,91,109,178,75,118,69,29,10681,-11744,-2023,3514,-729,-2215,-238,-547,-153,532
2025-11-19T13:33:24.736801,46,87,153,221,76,103,64,31,10597,-11790,-1957,3647,-845,-2178,-94,-359,-273,624
2025-11-19T13:33:24.756848,58,96,186,254,83,87,53,29,10489,-11844,-1905,3808,-1024,-2230,-85,-498,-435,639
2025-11-19T13:33:24.778665,71,196,200,303,88,80,49,31,10384,-11885,-1879,3980,-1118,-2206,-41,-502,-576,530
2025-11-19T13:33:24.796857,75,208,270,303,89,79,47,30,10277,-11925,-1902,4122,-983,-2218,-93,-574,-638,326
2025-11-19T13:33:24.815676,74,203,298,318,103,73,47,33,10210,-11940,-1955,4220,-638,-2268,-157,-359,-596,172
2025-11-19T13:33:24.838608,76,204,294,301,98,61,40,31,10234,-11892,-1998,4276,-316,-2189,-131,203,-434,59
2025-11-19T13:33:24.861136,66,200,308,300,102,63,41,31,10308,-11814,-2035,4298,-140,-2022,-90,503,-288,-62
2025-11-19T13:33:24.876125,61,120,353,303,98,67,45,32,10378,-11749,-2074,4289,-41,-1794,-152,471,-171,-148
2025-11-19T13:33:24.901735,54,100,315,307,93,64,44,30,10407,-11723,-2128,4261,11,-1674,-183,151,-117,-183
2025-11-19T13:33:24.916611,52,100,296,291,112,75,43,30,10406,-11730,-2189,4215,125,-1755,-192,-109,-47,-143
2025-11-19T13:33:24.956139,49,97,283,281,147,149,58,33,10359,-11781,-2263,4151,62,-1805,-312,-423,-2,-196
2025-11-19T13:33:24.962945,50,94,261,268,154,174,60,33,10284,-11854,-2329,4090,-77,-1883,-346,-606,28,-173
2025-11-19T13:33:24.981101,35,70,216,197,192,176,55,32,10202,-11935,-2375,4034,-137,-2004,-373,-641,81,-79
2025-11-19T13:33:24.999518,30,71,210,152,205,192,54,31,10135,-12005,-2390,3987,-215,-2117,-442,-474,154,13
2025-11-19T13:33:25.018315,30,66,225,165,237,209,55,29,10091,-12054,-2388,3952,-233,-2137,-384,-315,159,67
2025-11-19T13:33:25.041139,26,82,226,168,239,179,45,26,10060,-12090,-2391,3918,-140,-2038,-380,-226,126,59
2025-11-19T13:33:25.059173,21,82,211,140,246,170,41,24,10070,-12094,-2388,3880,8,-2022,-269,-4,152,69
2025-11-19T13:33:25.078549,21,79,175,131,219,171,45,24,10093,-12094,-2373,3830,188,-2006,-168,21,251,143
2025-11-19T13:33:25.096749,21,77,165,135,233,158,47,27,10114,-12099,-2342,3777,152,-1964,-152,10,323,184
2025-11-19T13:33:25.119263,24,90,124,108,301,223,68,37,10121,-12115,-2309,3726,83,-2047,-113,-115,337,188
2025-11-19T13:33:25.138542,23,75,107,100,307,244,68,36,10102,-12154,-2281,3666,94,-1990,-175,-284,353,189
2025-11-19T13:33:25.157047,27,83,118,123,296,233,68,38,10094,-12194,-2230,3588,150,-2279,-108,-290,522,265
2025-11-19T13:33:25.179263,28,97,139,127,297,231,65,36,10070,-12255,-2128,3509,39,-2552,-51,-436,729,480
2025-11-19T13:33:25.198506,31,93,185,131,280,230,63,36,10139,-12243,-1970,3444,39,-2527,88,228,853,598
2025-11-19T13:33:25.216350,32,83,208,148,147,137,36,25,10265,-12193,-1789,3347,2,-2339,28,664,1061,457
2025-11-19T13:33:25.239186,46,86,270,160,92,64,28,28,10393,-12143,-1608,3222,-117,-2133,-75,744,1174,277
2025-11-19T13:33:25.258749,60,159,290,164,84,58,29,33,10492,-12123,-1427,3059,-373,-2172,-197,563,1354,47
2025-11-19T13:33:25.276621,62,167,300,178,76,55,33,36,10614,-12078,-1240,2891,-672,-2142,-223,782,1398,-148
2025-11-19T13:33:25.298680,61,170,310,181,63,51,37,41,10745,-12019,-1061,2718,-857,-1986,-375,961,1367,-340
2025-11-19T13:33:25.318628,60,178,299,169,66,53,39,40,10844,-11981,-930,2536,-1026,-1965,-473,771,1237,-633
2025-11-19T13:33:25.336575,53,183,288,192,77,57,44,43,10897,-11974,-860,2363,-1097,-2055,-538,454,977,-842
2025-11-19T13:33:25.359273,39,143,345,210,168,75,43,40,10957,-11951,-827,2207,-1039,-2068,-565,537,763,-920
2025-11-19T13:33:25.378111,47,128,452,235,180,97,44,43,11019,-11918,-809,2081,-872,-2037,-592,603,565,-799
2025-11-19T13:33:25.396369,49,129,457,271,185,102,45,40,11095,-11862,-802,1993,-801,-1943,-508,720,355,-695
2025-11-19T13:33:25.419077,49,119,477,290,185,105,42,40,11157,-11813,-811,1932,-726,-2012,-470,621,193,-606
2025-11-19T13:33:25.438350,58,131,467,341,190,107,42,47,11202,-11777,-815,1891,-455,-2018,-260,404,133,-356
2025-11-19T13:33:25.456811,92,196,456,355,122,97,46,54,11257,-11730,-791,1873,-324,-2193,-105,431,149,-78
2025-11-19T13:33:25.484468,111,201,377,419,116,83,48,58,11336,-11654,-738,1884,-265,-2137,-75,669,129,159
2025-11-19T13:33:25.494703,118,234,353,408,112,75,44,58,11421,-11574,-686,1892,-249,-1956,29,663,139,140
2025-11-19T13:33:25.516077,127,246,401,419,108,71,46,63,11492,-11505,-661,1890,-197,-1843,170,483,87,28
2025-11-19T13:33:25.539111,155,241,396,391,88,62,47,71,11533,-11466,-659,1872,-136,-1916,196,223,72,-68
2025-11-19T13:33:25.559554,162,190,389,385,86,60,42,67,11570,-11435,-667,1833,-72,-1936,220,156,124,-147
2025-11-19T13:33:25.576550,167,210,388,322,72,47,40,66,11594,-11419,-683,1774,26,-1986,201,53,172,-199
2025-11-19T13:33:25.598692,230,186,415,335,63,47,49,85,11613,-11408,-702,1715,83,-2080,165,29,159,-182
2025-11-19T13:33:25.618060,246,182,349,328,64,45,51,117,11654,-11373,-712,1660,46,-2161,112,256,169,-170
2025-11-19T13:33:25.636556,240,257,357,301,65,47,51,118,11702,-11329,-704,1626,-111,-2062,46,379,150,-116
2025-11-19T13:33:25.658845,227,254,317,276,57,42,51,120,11742,-11292,-688,1606,-186,-2032,43,334,122,-67
2025-11-19T13:33:25.678285,219,245,299,253,56,43,51,128,11776,-11259,-667,1593,-206,-1998,64,295,123,-27
2025-11-19T13:33:25.696486,148,239,260,241,59,43,44,118,11800,-11237,-646,1587,-252,-2012,77,207,96,-18
2025-11-19T13:33:25.718915,111,231,268,213,54,42,40,85,11817,-11220,-622,1584,-231,-2021,70,173,99,30
2025-11-19T13:33:25.738320,82,143,264,254,49,47,39,75,11834,-11204,-594,1578,-151,-2006,97,159,130,71
2025-11-19T13:33:25.756814,73,134,291,307,55,52,42,71,11852,-11188,-558,1575,-145,-1959,146,143,151,126
2025-11-19T13:33:25.786444,55,113,264,297,54,64,44,51,11852,-11189,-518,1583,-167,-1951,127,21,134,186
2025-11-19T13:33:25.798290,51,101,254,282,54,82,50,59,11840,-11202,-476,1595,-181,-2027,119,-71,125,219
2025-11-19T13:33:25.816135,48,114,243,274,59,92,52,59,11825,-11217,-441,1611,-166,-2106,114,-88,89,231
2025-11-19T13:33:25.838917,41,108,214,228,176,198,68,55,11826,-11214,-404,1637,-251,-2137,100,59,45,227
2025-11-19T13:33:25.858683,37,106,163,144,220,243,75,56,11832,-11201,-370,1686,-335,-2019,187,71,-61,260
2025-11-19T13:33:25.876229,34,109,161,139,233,250,74,56,11841,-11183,-335,1746,-537,-1935,63,168,-111,200
2025-11-19T13:33:25.898900,27,107,164,139,234,246,70,42,11829,-11186,-301,1816,-676,-2170,55,21,-151,200
2025-11-19T13:33:25.918673,37,94,176,150,236,245,71,41,11807,-11194,-279,1904,-811,-2277,110,-70,-267,178
2025-11-19T13:33:25.936093,51,108,197,152,176,176,60,39,11804,-11182,-265,1998,-870,-2242,145,63,-335,138
2025-11-19T13:33:25.966246,55,126,191,149,115,104,50,35,11823,-11145,-268,2085,-885,-2020,202,199,-385,10
2025-11-19T13:33:25.978250,59,144,207,168,86,78,46,32,11805,-11150,-305,2156,-854,-1929,216,-148,-432,-145
2025-11-19T13:33:26.000918,65,175,205,151,88,71,46,44,11702,-11244,-394,2215,-767,-2031,115,-826,-543,-264
2025-11-19T13:33:26.018904,62,172,181,148,91,72,41,40,11598,-11341,-516,2241,-559,-2180,107,-887,-535,-400
2025-11-19T13:33:26.038182,53,158,163,142,107,69,33,38,11526,-11410,-654,2232,-386,-2196,36,-648,-479,-555
2025-11-19T13:33:26.056529,50,152,165,139,114,73,34,41,11490,-11443,-807,2197,-168,-2042,-58,-343,-453,-657
2025-11-19T13:33:26.078928,46,153,158,105,114,77,36,45,11466,-11464,-967,2148,110,-1997,-78,-250,-429,-623
2025-11-19T13:33:26.095410,55,142,182,112,111,81,41,42,11470,-11454,-1088,2125,208,-2136,-69,8,-394,-354
2025-11-19T13:33:26.114350,67,191,208,140,103,72,40,48,11502,-11411,-1166,2134,178,-2127,-134,337,-365,-115
2025-11-19T13:33:26.137778,71,207,224,151,74,69,41,49,11545,-11358,-1228,2152,189,-1946,-21,379,-334,-33
2025-11-19T13:33:26.161524,72,203,229,169,70,73,38,48,11566,-11327,-1278,2175,137,-1866,77,161,-297,19
2025-11-19T13:33:26.176231,71,189,238,233,89,99,43,45,11552,-11330,-1331,2205,102,-1984,67,-95,-323,56
2025-11-19T13:33:26.198701,59,170,221,232,190,115,43,42,11539,-11331,-1387,2231,90,-2156,99,-103,-323,24
2025-11-19T13:33:26.221601,42,113,204,209,222,152,49,35,11548,-11312,-1441,2243,140,-2126,141,29,-265,-21
2025-11-19T13:33:26.236259,31,76,181,202,227,177,49,35,11564,-11290,-1494,2242,174,-1953,128,75,-203,-73
2025-11-19T13:33:26.258949,27,93,166,187,229,179,50,32,11557,-11292,-1550,2228,245,-1852,142,-134,-165,-76
2025-11-19T13:33:26.281318,27,93,149,102,240,216,55,33,11527,-11319,-1598,2209,312,-1900,180,-339,-99,-2
2025-11-19T13:33:26.296163,25,104,139,95,185,219,55,32,11474,-11373,-1625,2190,307,-2051,122,-498,-15,110
2025-11-19T13:33:26.318310,24,104,127,106,148,199,53,32,11424,-11425,-1625,2183,321,-2114,161,-479,45,273
2025-11-19T13:33:26.340937,23,106,127,101,140,176,52,29,11389,-11464,-1592,2185,346,-2142,239,-392,138,438
2025-11-19T13:33:26.355965,21,91,126,94,135,173,51,30,11377,-11486,-1517,2186,344,-2165,345,-266,308,579
2025-11-19T13:33:26.378698,21,84,100,84,97,101,40,28,11378,-11500,-1405,2183,249,-2151,373,-175,469,652
2025-11-19T13:33:26.401202,22,85,84,86,66,71,33,23,11370,-11527,-1269,2162,86,-2334,321,-220,641,617
2025-11-19T13:33:26.415991,25,88,69,63,55,56,29,22,11378,-11541,-1112,2133,-103,-2426,302,-95,752,568
2025-11-19T13:33:26.438740,34,96,70,68,47,50,26,26,11430,-11515,-936,2076,-219,-2413,269,278,918,439
2025-11-19T13:33:26.469388,43,89,66,64,40,40,38,81,11517,-11458,-739,1989,-376,-2273,190,591,1111,283
2025-11-19T13:33:26.476273,50,91,65,63,39,36,41,87,11611,-11395,-536,1871,-526,-2209,120,694,1238,101
2025-11-19T13:33:26.498664,77,100,63,53,36,32,54,110,11716,-11318,-346,1716,-631,-2260,60,827,1318,-161
2025-11-19T13:33:26.521132,109,111,65,51,34,29,56,124,11830,-11231,-181,1529,-680,-2255,16,924,1325,-419
2025-11-19T13:33:26.536796,112,103,61,42,44,41,59,136,11939,-11142,-33,1321,-749,-2100,-28,939,1324,-625
2025-11-19T13:33:26.565876,130,109,60,49,78,85,54,121,12001,-11099,96,1100,-846,-2015,-141,628,1303,-795
2025-11-19T13:33:26.581014,139,120,66,49,96,101,53,120,12006,-11113,184,869,-782,-1851,-196,183,1196,-955
2025-11-19T13:33:26.596113,145,111,61,43,102,105,52,218,11988,-11147,229,636,-642,-1901,-257,35,1043,-1055
2025-11-19T13:33:26.618509,172,104,66,45,104,105,51,243,11973,-11173,262,420,-508,-2079,-280,95,933,-974
2025-11-19T13:33:26.640683,226,103,69,45,106,109,58,253,11991,-11159,293,221,-415,-2138,-198,338,862,-876
2025-11-19T13:33:26.656044,228,97,72,41,93,90,70,278,12046,-11101,322,26,-336,-2040,-144,634,831,-838
2025-11-19T13:33:26.678551,316,106,85,44,93,78,75,328,12096,-11044,347,-150,-317,-1922,-150,622,745,-780
2025-11-19T13:33:26.700779,321,110,83,47,110,118,76,279,12131,-11002,350,-301,-222,-1957,-109,485,566,-717
2025-11-19T13:33:26.716353,311,115,85,47,122,132,83,258,12152,-10976,321,-418,-97,-1873,-140,385,315,-645
2025-11-19T13:33:26.738555,314,118,95,50,119,128,87,290,12172,-10953,276,-491,15,-1995,-157,382,86,-478
2025-11-19T13:33:26.761229,323,138,114,50,112,122,84,270,12210,-10909,227,-527,70,-2061,-90,517,-59,-307
2025-11-19T13:33:26.776677,239,129,103,48,98,121,83,219,12283,-10828,181,-539,60,-2113,-25,779,-133,-205
2025-11-19T13:33:26.798457,225,124,106,53,72,79,77,202,12382,-10716,120,-535,120,-1959,46,977,-248,-148
2025-11-19T13:33:26.820729,209,122,111,53,44,57,78,217,12483,-10598,43,-521,167,-1869,109,988,-349,-150
2025-11-19T13:33:26.835960,152,130,105,49,40,53,81,178,12585,-10478,-51,-508,260,-1791,228,952,-408,-163
2025-11-19T13:33:26.858450,168,154,98,47,42,53,76,172,12683,-10359,-147,-500,321,-1848,332,904,-397,-176
2025-11-19T13:33:26.880898,165,152,96,49,148,132,79,164,12789,-10226,-243,-491,344,-1854,468,944,-391,-169
2025-11-19T13:33:26.895672,162,157,99,47,180,149,82,163,12898,-10085,-352,-482,399,-1749,525,963,-449,-189
2025-11-19T13:33:26.918168,160,150,86,45,216,190,76,132,12999,-9950,-475,-473,487,-1632,545,908,-492,-201
2025-11-19T13:33:26.940955,148,153,78,48,251,223,60,92,13071,-9849,-598,-449,532,-1564,586,643,-553,-114
2025-11-19T13:33:26.955967,74,105,62,53,257,228,58,77,13132,-9762,-713,-411,554,-1593,646,531,-565,-25
2025-11-19T13:33:26.978453,53,105,74,50,226,203,47,57,13183,-9688,-800,-364,547,-1734,726,425,-478,97
2025-11-19T13:33:27.000958,49,132,84,51,228,208,50,53,13189,-9678,-852,-295,290,-1926,662,59,-447,177
2025-11-19T13:33:27.015527,39,141,84,51,205,186,52,79,13192,-9672,-905,-218,174,-2174,640,84,-502,136
2025-11-19T13:33:27.036046,38,131,88,53,166,151,54,122,13246,-9591,-983,-158,210,-2275,672,602,-533,-36
2025-11-19T13:33:27.058689,34,138,126,71,176,169,56,128,13335,-9458,-1073,-118,252,-2170,683,947,-497,-159
2025-11-19T13:33:27.073944,31,134,156,82,238,214,58,129,13430,-9313,-1148,-84,272,-2121,790,979,-416,-139
2025-11-19T13:33:27.097446,23,91,157,94,235,212,51,129,13511,-9188,-1216,-54,280,-1662,745,796,-370,-99
2025-11-19T13:33:27.120901,22,68,164,112,231,202,44,114,13552,-9121,-1258,-29,237,-1795,728,443,-258,-53
2025-11-19T13:33:27.135862,26,60,165,121,228,197,38,64,13563,-9103,-1269,10,334,-1803,793,103,-155,180
2025-11-19T13:33:27.158337,28,93,139,117,218,177,39,73,13549,-9126,-1251,58,320,-1807,780,-161,-60,334
2025-11-19T13:33:27.180781,29,96,98,134,133,101,35,75,13520,-9175,-1203,122,206,-1971,736,-274,5,447
2025-11-19T13:33:27.203539,35,96,84,233,105,125,53,78,13482,-9237,-1142,195,88,-2107,721,-329,16,484
2025-11-19T13:33:27.218160,36,98,74,261,117,125,57,79,13440,-9302,-1089,294,5,-2143,664,-327,-111,549
2025-11-19T13:33:27.240800,32,97,68,264,131,130,59,75,13398,-9365,-1026,431,-116,-2326,514,-192,-199,703
2025-11-19T13:33:27.263201,31,55,78,270,131,128,57,57,13371,-9400,-962,600,-225,-2341,485,2,-302,811
2025-11-19T13:33:27.278338,34,44,89,270,133,130,57,49,13350,-9422,-900,787,-328,-2167,516,39,-386,851
2025-11-19T13:33:27.300834,40,80,115,209,121,76,43,44,13295,-9486,-845,993,-429,-2078,443,-250,-491,913
2025-11-19T13:33:27.323304,48,88,161,167,106,70,42,38,13201,-9592,-810,1225,-519,-2111,413,-559,-675,968
2025-11-19T13:33:27.338291,54,106,203,176,87,59,39,37,13096,-9700,-814,1474,-564,-2187,361,-602,-901,921
2025-11-19T13:33:27.360439,54,113,268,186,87,60,39,30,13016,-9764,-862,1719,-541,-2126,401,-381,-1094,762
2025-11-19T13:33:27.383313,54,121,317,259,129,57,41,33,12972,-9774,-939,1935,-415,-2000,432,-90,-1124,565
2025-11-19T13:33:27.398158,46,104,317,252,138,66,41,30,12933,-9777,-1024,2128,-286,-1801,524,-133,-1058,505
2025-11-19T13:33:27.428097,37,112,301,264,179,88,40,33,12913,-9760,-1101,2284,-227,-1695,644,-71,-894,375
2025-11-19T13:33:27.443314,37,117,318,261,225,165,54,34,12894,-9751,-1193,2383,-160,-1690,690,-162,-752,112
2025-11-19T13:33:27.458236,57,138,420,290,238,184,59,37,12850,-9780,-1329,2428,-20,-1504,633,-477,-731,-179
2025-11-19T13:33:27.480688,64,161,455,251,221,185,60,36,12784,-9838,-1500,2440,218,-1750,640,-696,-724,-289
2025-11-19T13:33:27.503261,65,165,468,247,217,182,58,36,12735,-9875,-1648,2458,420,-1841,758,-591,-634,-113
2025-11-19T13:33:27.518514,65,163,472,233,181,173,56,31,12729,-9862,-1739,2477,468,-1834,806,-204,-402,40
2025-11-19T13:33:27.540702,63,159,458,225,185,126,52,32,12740,-9836,-1794,2482,412,-1733,815,-86,-212,42
2025-11-19T13:33:27.563072,47,141,342,171,190,129,58,32,12709,-9868,-1863,2460,357,-1613,756,-498,-166,-88
2025-11-19T13:33:27.578193,37,114,251,120,189,129,55,32,12633,-9959,-1961,2414,419,-1712,716,-927,-188,-195
2025-11-19T13:33:27.600387,38,103,226,109,196,131,57,34,12566,-10038,-2042,2363,551,-2073,751,-825,-92,-104
2025-11-19T13:33:27.623291,37,90,217,105,266,195,63,36,12528,-10089,-2080,2315,571,-2069,726,-565,77,14
2025-11-19T13:33:27.642494,35,68,195,105,260,212,58,34,12481,-10157,-2086,2272,517,-1839,705,-669,193,137
2025-11-19T13:33:27.660566,48,72,156,87,248,201,50,32,12401,-10268,-2071,2217,507,-1866,624,-929,325,209
2025-11-19T13:33:27.687534,87,86,139,83,247,206,53,44,12307,-10406,-2003,2163,485,-2170,656,-1057,556,427
2025-11-19T13:33:27.698203,176,152,133,81,242,206,58,170,12226,-10533,-1877,2116,324,-2328,648,-929,762,570
2025-11-19T13:33:27.720242,237,162,132,80,166,150,56,254,12175,-10632,-1712,2060,247,-2316,634,-685,948,605
2025-11-19T13:33:27.742925,247,164,121,69,101,101,54,266,12153,-10700,-1534,1973,158,-2288,543,-420,1111,451
2025-11-19T13:33:27.758065,291,166,117,75,78,82,58,306,12157,-10740,-1356,1857,11,-2227,410,-161,1197,225
2025-11-19T13:33:27.780624,384,186,111,69,64,64,74,412,12194,-10743,-1186,1712,-124,-2181,275,167,1253,-34
2025-11-19T13:33:27.808337,364,159,96,68,53,54,88,437,12254,-10718,-1029,1534,-170,-2100,132,430,1306,-269
2025-11-19T13:33:27.817094,381,152,80,68,38,37,92,450,12314,-10688,-888,1337,-321,-2151,-6,518,1288,-502
2025-11-19T13:33:27.838604,379,151,78,115,49,42,96,462,12373,-10652,-787,1123,-438,-2032,-98,567,1169,-793
2025-11-19T13:33:27.861785,355,147,70,137,176,172,97,449,12407,-10636,-754,905,-410,-1866,-128,368,898,-1036
2025-11-19T13:33:27.886211,260,119,69,172,203,184,115,405,12388,-10671,-774,706,-317,-1832,-210,-13,615,-1092
2025-11-19T13:33:27.900558,321,94,62,189,225,194,124,460,12386,-10678,-830,546,-167,-1943,-194,162,335,-1005
2025-11-19T13:33:27.923013,270,89,82,202,257,208,123,426,12449,-10607,-883,418,-89,-2247,-58,711,240,-879
2025-11-19T13:33:27.938022,265,90,109,262,263,223,125,414,12558,-10476,-937,337,-106,-2006,55,1083,66,-718
2025-11-19T13:33:27.960504,261,95,139,314,268,220,156,521,12663,-10342,-1015,287,1,-1792,147,1035,-142,-626
2025-11-19T13:33:27.987372,243,81,140,345,352,335,150,507,12725,-10259,-1089,263,62,-1859,238,649,-228,-449
2025-11-19T13:33:27.997984,139,101,146,402,369,346,230,602,12755,-10213,-1165,276,172,-1745,318,333,-365,-224
2025-11-19T13:33:28.020198,132,110,153,415,356,341,262,702,12773,-10183,-1227,298,204,-1823,417,194,-335,-118
2025-11-19T13:33:28.042974,133,115,143,393,361,334,263,718,12775,-10174,-1269,326,238,-1939,524,4,-283,-4
2025-11-19T13:33:28.057784,118,109,119,376,322,293,252,672,12792,-10147,-1307,365,328,-2066,559,137,-287,88
2025-11-19T13:33:28.080474,117,109,116,360,231,142,249,661,12823,-10102,-1333,417,306,-2140,559,292,-279,167
2025-11-19T13:33:28.103012,103,86,109,305,206,145,172,518,12868,-10040,-1343,477,239,-2116,575,421,-236,212
2025-11-19T13:33:28.125558,79,75,85,307,227,205,119,368,12906,-9986,-1363,524,277,-2001,568,349,-235,148
2025-11-19T13:33:28.140445,75,108,90,296,220,206,115,349,12935,-9943,-1384,571,265,-1971,578,272,-240,151
2025-11-19T13:33:28.171168,69,110,89,332,237,210,103,322,12959,-9907,-1410,614,261,-1961,531,246,-246,125
2025-11-19T13:33:28.193833,73,117,124,425,272,213,96,320,12978,-9875,-1438,651,315,-2046,444,275,-225,114
2025-11-19T13:33:28.200685,63,117,135,442,257,188,85,275,13037,-9790,-1460,691,454,-2035,550,600,-185,187
2025-11-19T13:33:28.222435,60,117,141,469,236,115,79,253,13121,-9672,-1471,753,468,-1876,571,831,-199,314
2025-11-19T13:33:28.245570,89,106,153,495,234,107,106,288,13205,-9551,-1463,831,495,-1611,670,779,-161,475
2025-11-19T13:33:28.260368,119,141,215,487,212,97,105,259,13245,-9493,-1435,910,570,-1562,667,358,-59,641
2025-11-19T13:33:28.287288,120,151,210,436,137,77,105,274,13241,-9499,-1374,993,667,-1687,727,-69,94,857
2025-11-19T13:33:28.305436,135,188,209,453,151,70,127,453,13239,-9502,-1281,1102,711,-1817,797,-37,166,1119
2025-11-19T13:33:28.320539,146,201,214,420,145,58,142,496,13279,-9449,-1154,1225,692,-1826,862,349,279,1265
2025-11-19T13:33:28.342720,177,202,201,397,142,55,157,556,13328,-9379,-996,1358,521,-1783,825,493,373,1330
2025-11-19T13:33:28.365339,166,176,135,377,183,62,172,617,13348,-9348,-825,1482,229,-1817,695,313,423,1235
2025-11-19T13:33:28.380339,170,162,118,353,235,172,180,632,13354,-9334,-662,1590,-74,-1849,627,228,391,1012
2025-11-19T13:33:28.402907,159,115,111,295,240,190,175,564,13351,-9333,-515,1677,-378,-1756,653,96,344,734
2025-11-19T13:33:28.425438,148,96,101,298,286,233,168,531,13328,-9360,-412,1738,-682,-1770,529,-62,181,354
2025-11-19T13:33:28.447548,89,66,102,298,380,284,141,434,13283,-9420,-365,1766,-979,-2065,531,-274,-4,-92
2025-11-19T13:33:28.462766,69,63,106,306,375,295,118,329,13261,-9454,-367,1756,-1116,-2179,553,-117,-138,-511
2025-11-19T13:33:28.485929,48,136,107,274,347,249,101,270,13273,-9442,-395,1721,-1137,-2144,515,198,-211,-749
2025-11-19T13:33:28.500408,46,155,113,322,352,263,91,181,13315,-9390,-425,1665,-797,-1988,695,362,-98,-715
2025-11-19T13:33:28.522657,49,153,105,321,326,232,105,224,13306,-9413,-423,1609,-648,-1915,623,-104,100,-497
2025-11-19T13:33:28.545299,46,162,137,335,237,176,103,226,13248,-9499,-406,1587,-524,-1989,644,-553,120,-196
2025-11-19T13:33:28.564624,48,192,151,304,222,165,107,226,13209,-9556,-385,1581,-509,-2390,813,-376,81,-95
2025-11-19T13:33:28.582816,52,170,156,301,223,191,111,248,13211,-9550,-392,1601,-416,-2192,722,41,-142,-59
2025-11-19T13:33:28.605322,57,182,156,265,222,162,116,239,13247,-9493,-411,1633,-350,-1892,745,321,-250,-53
2025-11-19T13:33:28.620464,62,199,168,265,223,156,98,251,13272,-9453,-440,1657,-233,-1737,669,220,-243,-57
2025-11-19T13:33:28.642795,84,242,177,315,247,149,130,331,13284,-9432,-469,1666,-150,-1849,652,123,-174,-65
2025-11-19T13:33:28.664846,127,285,197,420,260,138,150,425,13312,-9390,-486,1678,-147,-1965,617,320,-141,-24
2025-11-19T13:33:28.680243,134,285,205,490,299,104,170,460,13363,-9317,-489,1678,-139,-1898,648,532,-52,-53
2025-11-19T13:33:28.702788,136,270,229,588,297,120,183,520,13412,-9246,-484,1681,-207,-1810,648,509,-31,-51
2025-11-19T13:33:28.725241,134,262,222,623,292,157,184,500,13448,-9192,-496,1685,-170,-1798,733,348,-102,-69
2025-11-19T13:33:28.740242,123,224,195,616,268,171,162,458,13478,-9147,-539,1683,-47,-1753,832,210,-195,-135
2025-11-19T13:33:28.762720,83,137,162,557,255,178,144,382,13490,-9127,-601,1666,82,-1779,752,75,-202,-187
2025-11-19T13:33:28.785253,79,119,183,566,226,174,118,333,13506,-9102,-676,1654,0,-1832,729,132,-304,-259
2025-11-19T13:33:28.800231,77,112,145,473,246,181,90,229,13533,-9059,-757,1632,77,-1803,712,251,-294,-305
2025-11-19T13:33:28.822863,78,99,141,416,273,215,95,264,13558,-9018,-829,1611,220,-1590,733,189,-226,-216
2025-11-19T13:33:28.842741,75,86,138,393,258,215,95,248,13564,-9007,-874,1596,289,-1727,766,20,-96,-48
2025-11-19T13:33:28.860607,72,76,134,378,251,211,91,242,13557,-9016,-899,1593,184,-1802,797,-93,-58,21
2025-11-19T13:33:28.882238,62,77,71,269,239,214,90,243,13541,-9037,-923,1595,133,-1797,770,-173,-78,37
2025-11-19T13:33:28.905061,57,85,78,264,228,197,122,320,13518,-9068,-938,1608,56,-1859,756,-212,-81,77
2025-11-19T13:33:28.920565,55,87,77,275,184,136,118,284,13508,-9080,-953,1618,21,-1923,742,-71,-89,31
2025-11-19T13:33:28.942869,54,82,79,222,202,193,122,287,13506,-9080,-965,1623,-22,-2031,789,9,-69,-11
2025-11-19T13:33:28.965027,51,83,79,258,210,201,124,281,13519,-9059,-973,1630,-97,-1904,796,129,-82,-41
2025-11-19T13:33:28.980016,52,74,92,289,198,198,121,279,13531,-9041,-978,1624,-88,-1872,760,125,-29,-91
2025-11-19T13:33:29.002196,50,101,123,259,168,197,93,199,13530,-9044,-983,1619,-126,-1876,791,-30,-30,-90
2025-11-19T13:33:29.024895,58,122,243,266,204,194,88,193,13519,-9058,-991,1619,-134,-1929,803,-107,-53,-73
2025-11-19T13:33:29.040080,60,128,263,288,195,127,81,185,13510,-9071,-1001,1622,-56,-1982,789,-83,-58,-24
2025-11-19T13:33:29.062558,72,139,269,287,210,118,83,191,13513,-9064,-1013,1631,-48,-1960,756,65,-94,-17
2025-11-19T13:33:29.085057,73,142,285,443,246,118,109,237,13526,-9038,-1023,1653,-28,-1992,790,184,-127,51
2025-11-19T13:33:29.115696,84,127,295,584,247,113,146,328,13557,-8988,-1023,1671,32,-1963,859,317,-60,71
2025-11-19T13:33:29.122876,79,141,230,593,217,102,170,388,13591,-8935,-1014,1685,83,-1869,946,291,-4,106
2025-11-19T13:33:29.145277,110,220,226,621,253,86,232,512,13620,-8893,-977,1693,148,-1716,981,193,174,205
2025-11-19T13:33:29.167433,237,232,225,623,235,74,307,735,13638,-8879,-897,1674,193,-1626,1062,-12,483,252
2025-11-19T13:33:29.182544,252,240,206,509,201,77,310,790,13619,-8926,-761,1645,124,-1756,1062,-353,786,398
2025-11-19T13:33:29.204975,262,245,176,345,200,83,305,786,13590,-8986,-587,1628,-45,-1915,1049,-388,908,515
2025-11-19T13:33:29.227515,270,231,150,313,200,91,310,799,13579,-9020,-416,1588,-235,-1964,972,-171,915,302
2025-11-19T13:33:29.242512,265,155,119,278,193,185,282,790,13549,-9081,-286,1517,-395,-1816,868,-368,798,-27
2025-11-19T13:33:29.264936,163,129,108,272,213,199,202,596,13481,-9198,-241,1424,-351,-1579,582,-719,503,-357
2025-11-19T13:33:29.287504,139,103,101,323,259,223,187,510,13426,-9295,-258,1305,-169,-1857,495,-530,323,-590
2025-11-19T13:33:29.302326,112,111,89,332,275,237,164,458,13397,-9350,-308,1195,-174,-1963,268,-137,116,-679
2025-11-19T13:33:29.324837,91,127,112,408,316,243,129,391,13396,-9359,-366,1123,-179,-2083,342,144,-63,-559
2025-11-19T13:33:29.347349,72,126,126,452,300,192,102,277,13419,-9328,-408,1087,-158,-1943,371,375,-110,-353
2025-11-19T13:33:29.362270,74,130,125,439,286,180,118,313,13428,-9314,-434,1093,-101,-1633,481,154,-156,-84
2025-11-19T13:33:29.393331,73,151,136,424,241,156,123,330,13398,-9352,-458,1129,-182,-1890,568,-206,-236,46
2025-11-19T13:33:29.415196,95,133,139,483,230,130,157,416,13385,-9362,-485,1175,-191,-2018,669,-55,-295,67
2025-11-19T13:33:29.422017,123,108,118,431,165,112,180,442,13421,-9306,-513,1202,-77,-1960,771,347,-231,4
2025-11-19T13:33:29.445020,125,103,108,383,154,94,181,436,13462,-9243,-527,1219,-51,-1805,871,328,-133,10
2025-11-19T13:33:29.467359,127,106,108,408,165,96,167,427,13478,-9218,-534,1237,-59,-1764,813,104,-91,52
2025-11-19T13:33:29.482452,132,88,104,439,180,91,165,415,13477,-9214,-542,1269,-155,-1838,803,-21,-163,75
2025-11-19T13:33:29.504925,115,85,110,483,275,97,133,328,13464,-9227,-559,1306,-117,-1943,774,-110,-198,99
2025-11-19T13:33:29.527478,86,84,110,487,299,150,108,302,13466,-9218,-565,1337,-50,-2044,777,61,-125,139
2025-11-19T13:33:29.542447,82,82,104,478,303,180,99,296,13470,-9209,-556,1369,-19,-1971,733,83,-53,201
2025-11-19T13:33:29.564898,64,89,105,457,311,190,100,260,13446,-9239,-531,1416,-136,-1915,644,-140,-33,292
2025-11-19T13:33:29.587386,50,78,93,400,321,249,105,235,13385,-9315,-493,1505,-219,-2101,629,-426,-104,522
2025-11-19T13:33:29.602245,47,89,83,239,274,281,111,219,13297,-9420,-457,1638,-294,-2195,523,-581,-254,714
2025-11-19T13:33:29.625039,41,123,80,203,281,292,102,176,13214,-9506,-426,1811,-396,-2271,440,-432,-428,851
2025-11-19T13:33:29.647390,38,131,80,158,293,312,106,130,13155,-9544,-403,2028,-478,-2289,400,-120,-645,984
2025-11-19T13:33:29.670657,35,129,91,181,285,314,98,97,13119,-9537,-398,2281,-637,-2118,357,144,-900,993
2025-11-19T13:33:29.684897,34,144,161,185,299,283,82,78,13097,-9500,-410,2546,-672,-2025,410,274,-1034,970
2025-11-19T13:33:29.707316,32,145,175,210,276,278,76,54,13073,-9453,-455,2818,-652,-1966,440,271,-1213,920
2025-11-19T13:33:29.722822,37,132,267,227,250,244,74,48,13069,-9372,-544,3080,-523,-1929,520,405,-1371,779
2025-11-19T13:33:29.744392,38,145,319,253,219,200,64,41,13065,-9283,-666,3336,-410,-1964,598,384,-1485,716
2025-11-19T13:33:29.767117,39,158,342,281,256,202,67,40,13088,-9145,-801,3587,-293,-1691,748,563,-1542,643
2025-11-19T13:33:29.782053,49,153,407,349,250,200,74,42,13110,-9011,-948,3802,-116,-1568,771,493,-1445,514
2025-11-19T13:33:29.804474,56,163,431,359,240,160,64,42,13126,-8890,-1118,3983,-10,-1398,833,322,-1404,341
2025-11-19T13:33:29.826994,55,176,412,365,235,159,63,39,13139,-8783,-1293,4122,109,-1570,876,257,-1251,209
2025-11-19T13:33:29.842272,65,202,417,379,232,148,59,44,13174,-8656,-1445,4227,142,-1685,932,436,-1063,103
2025-11-19T13:33:29.864854,67,205,493,380,188,135,60,48,13231,-8508,-1555,4310,193,-1639,1024,615,-814,95
2025-11-19T13:33:29.887235,59,202,455,330,158,152,61,49,13300,-8353,-1628,4374,333,-1568,1164,658,-553,147
2025-11-19T13:33:29.902254,54,197,474,321,160,167,63,48,13338,-8258,-1707,4406,373,-1396,1218,214,-410,64
2025-11-19T13:33:29.925384,52,178,467,326,159,164,61,48,13329,-8247,-1817,4411,368,-1334,1167,-364,-382,-36
2025-11-19T13:33:29.947182,36,142,431,295,162,170,63,44,13313,-8259,-1935,4386,454,-1661,1143,-423,-293,-121
2025-11-19T13:33:29.962126,32,126,324,285,183,186,67,40,13302,-8271,-2024,4356,491,-1943,1204,-337,-142,-53
2025-11-19T13:33:29.984762,32,128,281,279,210,214,63,34,13298,-8274,-2076,4338,405,-1793,1155,-225,-43,35
2025-11-19T13:33:30.007578,30,119,206,266,211,210,63,33,13305,-8271,-2090,4315,408,-1710,1179,-150,145,97
2025-11-19T13:33:30.029972,27,123,172,248,222,210,63,32,13301,-8303,-2074,4274,366,-1736,1071,-254,361,123
2025-11-19T13:33:30.044847,41,114,171,233,229,205,76,109,13290,-8359,-2028,4221,432,-1790,1084,-341,577,222
2025-11-19T13:33:30.067244,80,106,166,182,211,181,73,122,13296,-8400,-1939,4163,479,-1825,1073,-157,791,311
2025-11-19T13:33:30.090486,86,108,162,162,159,91,69,149,13329,-8413,-1797,4094,439,-1764,1044,116,1037,348
2025-11-19T13:33:30.104741,89,105,142,138,170,72,85,184,13371,-8424,-1617,4008,147,-1645,938,222,1185,227
2025-11-19T13:33:30.126900,115,95,120,136,171,74,87,194,13396,-8465,-1446,3903,-157,-1661,836,64,1162,17
2025-11-19T13:33:30.150470,113,93,115,152,208,122,75,166,13408,-8531,-1307,3764,-405,-1727,781,-109,1080,-311
2025-11-19T13:33:30.164622,93,88,101,141,222,172,75,161,13419,-8595,-1214,3608,-571,-1760,674,-125,866,-603
2025-11-19T13:33:30.187143,89,72,90,143,247,198,77,138,13427,-8651,-1190,3447,-674,-1667,516,-132,526,-892
2025-11-19T13:33:30.210445,86,87,86,173,288,267,64,87,13427,-8710,-1218,3284,-700,-1854,497,-187,283,-1061
2025-11-19T13:33:30.224841,51,89,95,195,283,281,80,104,13419,-8770,-1280,3130,-626,-1821,458,-246,107,-1090
2025-11-19T13:33:30.247313,46,87,133,191,246,269,83,114,13424,-8799,-1338,2998,-514,-1989,480,-34,62,-960
2025-11-19T13:33:30.270412,37,83,186,203,232,249,80,108,13425,-8821,-1363,2921,-457,-2158,562,44,53,-585
2025-11-19T13:33:30.284730,33,83,186,197,210,232,79,108,13438,-8803,-1351,2920,-532,-2020,664,255,-52,-196
2025-11-19T13:33:30.307139,32,69,198,175,145,168,74,113,13475,-8740,-1328,2951,-436,-1867,810,456,-105,-8
2025-11-19T13:33:30.330351,30,78,196,155,139,144,76,160,13495,-8698,-1307,2995,-428,-1756,868,275,-138,71
2025-11-19T13:33:30.344561,41,75,169,150,142,135,118,264,13499,-8678,-1301,3033,-348,-1812,920,96,-152,75
2025-11-19T13:33:30.367097,49,169,169,164,136,119,123,280,13497,-8673,-1298,3059,-227,-1986,995,4,-89,84
2025-11-19T13:33:30.390336,51,203,219,179,160,122,125,289,13495,-8669,-1288,3081,-277,-1994,910,51,-53,74
2025-11-19T13:33:30.412885,53,204,214,209,160,105,127,298,13514,-8626,-1285,3122,-209,-1800,946,237,-158,126
2025-11-19T13:33:30.427361,51,220,227,202,170,101,114,266,13530,-8587,-1290,3156,-131,-1723,949,184,-153,110
2025-11-19T13:33:30.449925,40,220,232,201,169,99,68,164,13534,-8567,-1297,3191,-94,-1756,927,82,-137,150
2025-11-19T13:33:30.464418,31,167,189,192,170,98,58,136,13535,-8554,-1310,3216,-33,-1784,947,24,-121,128
2025-11-19T13:33:30.487032,34,133,136,194,161,157,56,119,13534,-8550,-1318,3229,-7,-1802,904,8,-43,104
2025-11-19T13:33:30.510344,31,137,127,179,153,173,58,92,13530,-8550,-1313,3247,-36,-1779,874,5,-8,155
2025-11-19T13:33:30.525296,33,117,110,259,161,196,59,83,13525,-8554,-1290,3269,-94,-1763,871,1,58,206
2025-11-19T13:33:30.546567,33,116,107,293,211,212,60,63,13511,-8572,-1252,3291,-169,-1758,826,-50,124,235
2025-11-19T13:33:30.569502,32,123,108,348,225,224,62,59,13473,-8625,-1210,3326,-296,-1811,782,-248,101,295
2025-11-19T13:33:30.584341,29,126,112,381,216,193,64,71,13424,-8687,-1159,3379,-455,-1959,766,-269,70,359
2025-11-19T13:33:30.608061,35,123,118,382,210,167,87,139,13378,-8737,-1096,3452,-648,-1961,667,-137,2,401
2025-11-19T13:33:30.629388,34,115,125,356,201,156,93,148,13336,-8771,-1039,3545,-746,-1942,630,-41,-120,423
2025-11-19T13:33:30.644483,38,120,139,354,152,140,92,151,13295,-8794,-1007,3648,-751,-1907,659,-45,-274,397
2025-11-19T13:33:30.666976,38,120,170,300,128,121,92,156,13261,-8800,-1008,3757,-706,-1904,639,27,-443,343
2025-11-19T13:33:30.689486,38,105,193,284,122,121,88,150,13244,-8770,-1058,3870,-616,-1844,644,169,-702,218
2025-11-19T13:33:30.704847,31,106,235,345,128,125,59,87,13256,-8694,-1157,3975,-444,-1828,705,369,-905,64
2025-11-19T13:33:30.727329,27,99,236,355,108,103,45,71,13270,-8603,-1294,4078,-259,-1750,750,361,-1054,7
2025-11-19T13:33:30.749660,26,100,249,346,109,114,44,65,13301,-8479,-1450,4185,-133,-1611,880,450,-1152,-32
2025-11-19T13:33:30.764427,25,87,233,358,119,121,43,55,13340,-8349,-1617,4260,67,-1554,911,452,-1076,-140
2025-11-19T13:33:30.789341,25,119,234,343,114,105,42,59,13384,-8219,-1781,4309,242,-1393,1038,370,-942,-199
2025-11-19T13:33:30.809449,32,121,197,341,132,114,60,94,13423,-8108,-1938,4330,416,-1464,1094,254,-764,-215
2025-11-19T13:33:30.824369,36,127,190,348,154,131,62,102,13454,-8025,-2077,4325,538,-1625,1145,144,-550,-209
2025-11-19T13:33:30.846914,38,137,157,380,176,140,62,100,13481,-7958,-2194,4307,617,-1617,1284,19,-377,-164
2025-11-19T13:33:30.869376,39,136,155,363,176,147,67,99,13494,-7921,-2295,4283,634,-1547,1256,-144,-258,-114
2025-11-19T13:33:30.884376,41,107,116,370,212,172,73,96,13498,-7914,-2368,4242,710,-1691,1288,-257,-27,-43
2025-11-19T13:33:30.906882,38,111,160,328,220,166,59,59,13471,-7973,-2387,4207,653,-1846,1329,-550,249,198
2025-11-19T13:33:30.929088,37,106,165,307,210,160,60,43,13418,-8087,-2346,4180,554,-1789,1252,-774,542,444
2025-11-19T13:33:30.952436,34,82,176,248,187,144,59,47,13363,-8220,-2234,4158,439,-2002,1275,-736,855,643
2025-11-19T13:33:30.966862,157,130,184,252,183,132,66,187,13322,-8349,-2042,4133,326,-1949,1257,-580,1216,800
2025-11-19T13:33:30.988956,309,140,196,225,143,95,68,270,13291,-8479,-1780,4087,119,-1916,1221,-478,1568,818
2025-11-19T13:33:31.012560,331,140,165,202,105,92,73,289,13259,-8624,-1468,4012,-81,-1927,1144,-390,1828,716
2025-11-19T13:33:31.035444,337,150,156,160,86,74,72,308,13259,-8734,-1149,3876,-341,-1878,988,-140,1997,372
2025-11-19T13:33:31.057693,347,167,149,178,86,60,71,311,13295,-8791,-868,3696,-587,-1828,798,156,1884,-35
2025-11-19T13:33:31.072560,317,132,135,199,112,75,60,257,13340,-8827,-645,3484,-723,-1755,600,294,1593,-536
2025-11-19T13:33:31.086791,178,121,105,201,187,118,51,169,13399,-8839,-509,3243,-711,-1715,487,376,1257,-957
2025-11-19T13:33:31.109281,133,112,79,193,208,137,45,133,13457,-8840,-458,2998,-690,-1524,397,330,858,-1244
2025-11-19T13:33:31.132599,120,123,144,194,219,150,44,86,13493,-8864,-500,2747,-679,-1389,267,100,458,-1550
2025-11-19T13:33:31.146759,91,121,174,192,222,156,44,73,13530,-8879,-630,2475,-455,-1515,266,-75,219,-1715
2025-11-19T13:33:31.169238,70,118,184,171,261,194,48,59,13536,-8927,-758,2225,-216,-1819,296,-116,171,-1577
2025-11-19T13:33:31.192513,50,119,187,166,221,191,48,74,13575,-8909,-834,2022,-211,-1867,465,268,225,-1260
2025-11-19T13:33:31.208178,46,118,191,162,201,183,49,86,13631,-8856,-865,1858,-251,-1664,538,456,286,-1005
2025-11-19T13:33:31.229572,52,96,150,159,192,176,52,107,13669,-8826,-882,1709,-175,-1596,646,237,329,-844
2025-11-19T13:33:31.252602,58,73,108,179,188,172,58,114,13662,-8861,-892,1574,-112,-1745,752,-216,363,-688
2025-11-19T13:33:31.266465,70,149,120,176,105,121,59,116,13618,-8946,-890,1469,-119,-2024,791,-518,333,-489
2025-11-19T13:33:31.289168,70,162,117,176,136,122,58,107,13568,-9032,-889,1399,-136,-2188,750,-489,218,-332
2025-11-19T13:33:31.312861,70,164,119,178,168,150,58,98,13546,-9070,-899,1360,-128,-2107,767,-210,61,-254
2025-11-19T13:33:31.327074,60,161,115,203,176,158,54,70,13532,-9094,-918,1336,-146,-2011,697,-108,-39,-234
2025-11-19T13:33:31.349231,52,162,110,193,180,158,52,74,13532,-9094,-945,1318,-134,-1980,681,46,-101,-238
2025-11-19T13:33:31.372390,34,104,78,203,180,156,49,102,13538,-9084,-970,1305,-105,-2060,694,120,-103,-214
2025-11-19T13:33:31.386743,30,79,99,207,146,129,47,116,13550,-9064,-981,1304,-17,-2021,782,153,-63,-68
2025-11-19T13:33:31.409187,30,73,102,209,108,80,45,118,13561,-9047,-980,1315,49,-1952,776,130,-24,57
2025-11-19T13:33:31.432022,36,71,102,202,108,51,49,125,13569,-9031,-972,1343,67,-1939,794,125,-47,172
2025-11-19T13:33:31.446742,45,61,109,205,109,42,48,124,13579,-9012,-963,1380,64,-1949,805,136,-67,216
2025-11-19T13:33:31.469170,50,44,103,221,131,86,45,104,13586,-8997,-943,1423,51,-1950,775,144,-32,279
2025-11-19T13:33:31.492433,50,44,92,262,187,106,52,83,13595,-8977,-910,1480,52,-1900,763,178,-15,385
2025-11-19T13:33:31.506193,49,44,80,302,197,150,59,86,13588,-8980,-862,1555,4,-1865,697,62,0,523
2025-11-19T13:33:31.529165,45,46,86,364,207,162,54,81,13562,-9006,-801,1656,-148,-1951,656,-51,-45,631
2025-11-19T13:33:31.552433,43,88,76,346,218,194,77,148,13527,-9039,-743,1788,-284,-2036,615,-67,-169,728
2025-11-19T13:33:31.566350,41,95,92,327,202,179,80,164,13489,-9065,-689,1955,-379,-2065,618,-41,-321,845
2025-11-19T13:33:31.589533,42,98,103,291,150,168,80,178,13448,-9085,-638,2154,-470,-2180,650,-5,-444,966
2025-11-19T13:33:31.612812,40,104,121,304,141,134,76,180,13418,-9076,-596,2375,-606,-2166,650,156,-594,981
2025-11-19T13:33:31.626580,42,103,124,250,143,130,80,179,13412,-9024,-570,2605,-671,-2060,713,377,-738,925
2025-11-19T13:33:31.648807,39,70,132,317,160,90,63,158,13415,-8951,-564,2833,-711,-1918,706,467,-843,829
2025-11-19T13:33:31.672330,36,63,139,335,213,93,61,139,13428,-8860,-569,3049,-728,-1804,803,503,-869,727
2025-11-19T13:33:31.686395,44,63,141,350,214,94,55,124,13435,-8780,-593,3238,-716,-1795,832,412,-860,574
2025-11-19T13:33:31.709056,46,49,124,301,209,89,54,121,13444,-8706,-636,3390,-667,-1775,860,351,-819,368
2025-11-19T13:33:31.732324,48,46,121,273,197,75,48,122,13473,-8614,-697,3497,-499,-1695,934,425,-739,155
2025-11-19T13:33:31.746496,46,45,116,207,171,62,40,76,13511,-8522,-774,3557,-279,-1703,986,407,-622,-13
2025-11-19T13:33:31.769158,45,38,97,181,143,121,44,71,13552,-8438,-859,3581,-115,-1562,1013,320,-507,-143
2025-11-19T13:33:31.792296,37,34,74,168,167,143,47,63,13576,-8393,-969,3569,26,-1340,997,-2,-448,-311
2025-11-19T13:33:31.807494,38,56,86,182,171,147,50,88,13568,-8406,-1114,3525,200,-1394,949,-373,-425,-433
2025-11-19T13:33:31.829438,35,61,80,178,165,148,56,95,13555,-8427,-1268,3473,359,-1700,981,-392,-403,-396
2025-11-19T13:33:31.852246,33,60,83,177,227,189,67,91,13578,-8387,-1392,3434,468,-1857,1106,21,-338,-280
2025-11-19T13:33:31.866525,33,62,88,200,229,191,68,90,13635,-8293,-1478,3400,464,-1711,1146,371,-228,-237
2025-11-19T13:33:31.888993,31,72,84,204,240,217,73,92,13695,-8198,-1554,3354,524,-1460,1128,341,-135,-258
2025-11-19T13:33:31.912237,28,60,92,244,251,219,72,63,13734,-8140,-1630,3301,528,-1435,1144,101,-90,-254
2025-11-19T13:33:31.934761,26,73,99,247,308,263,70,43,13746,-8129,-1697,3245,644,-1436,1162,-194,18,-144
2025-11-19T13:33:31.948988,39,78,105,261,270,240,67,105,13742,-8150,-1725,3193,730,-1549,1107,-292,240,61
2025-11-19T13:33:31.972246,78,133,110,246,247,213,70,202,13726,-8197,-1701,3154,783,-1569,1105,-383,485,318
2025-11-19T13:33:31.994615,98,132,116,265,222,170,87,234,13708,-8255,-1616,3125,652,-1604,1128,-374,718,494
2025-11-19T13:33:32.008936,127,136,103,276,211,164,99,277,13684,-8332,-1487,3091,452,-1684,1042,-384,909,532
2025-11-19T13:33:32.032430,131,130,99,369,113,75,106,305,13671,-8395,-1331,3046,328,-1699,959,-224,1030,489
2025-11-19T13:33:32.054707,134,129,103,377,161,135,113,364,13667,-8447,-1173,2987,238,-1623,849,-120,1048,385
2025-11-19T13:33:32.068896,119,90,99,428,245,218,113,353,13654,-8511,-1021,2919,2,-1616,717,-161,999,231
2025-11-19T13:33:32.092184,106,83,99,450,262,236,102,366,13620,-8606,-900,2836,-175,-1584,667,-389,879,25
2025-11-19T13:33:32.114603,73,79,100,439,336,324,108,343,13586,-8699,-799,2744,-388,-1846,620,-332,758,-169
2025-11-19T13:33:32.128887,65,74,107,416,341,334,104,322,13567,-8765,-722,2646,-660,-2042,608,-146,585,-402
2025-11-19T13:33:32.152133,52,71,102,413,336,326,100,262,13569,-8795,-678,2548,-854,-2015,556,69,359,-636
2025-11-19T13:33:32.174692,65,56,119,510,298,286,123,270,13593,-8787,-657,2454,-892,-1890,567,258,197,-741
2025-11-19T13:33:32.188502,67,59,137,550,289,289,130,256,13613,-8781,-653,2363,-803,-1870,589,216,129,-736
2025-11-19T13:33:32.212057,64,55,144,570,233,236,122,246,13623,-8784,-654,2292,-726,-1953,615,142,76,-610
2025-11-19T13:33:32.234021,64,57,139,564,257,258,126,258,13634,-8780,-654,2244,-678,-1948,690,149,15,-484
2025-11-19T13:33:32.248355,67,60,143,577,226,239,137,291,13647,-8765,-659,2219,-613,-1919,765,169,-71,-367
2025-11-19T13:33:32.272064,48,51,136,463,211,236,116,250,13656,-8751,-677,2215,-546,-1908,786,133,-171,-274
2025-11-19T13:33:32.294563,44,63,117,391,209,218,109,230,13662,-8737,-702,2223,-474,-1964,813,127,-232,-201
2025-11-19T13:33:32.308826,44,66,107,338,194,240,121,249,13675,-8710,-733,2241,-375,-1907,812,194,-272,-138
2025-11-19T13:33:32.331585,57,71,105,297,155,208,137,360,13699,-8662,-768,2269,-267,-1737,867,263,-310,-67
2025-11-19T13:33:32.354519,60,73,102,270,158,207,126,348,13712,-8634,-782,2295,-178,-1819,914,156,-168,40
2025-11-19T13:33:32.368811,59,78,86,269,165,206,125,364,13706,-8634,-790,2325,-107,-1850,913,-14,-121,136
2025-11-19T13:33:32.391978,60,68,78,261,161,203,125,374,13719,-8603,-783,2362,-39,-1972,977,197,-68,234
2025-11-19T13:33:32.414248,63,65,79,312,140,98,117,400,13749,-8544,-763,2409,-73,-1792,921,386,-65,282
2025-11-19T13:33:32.429033,54,58,80,355,151,102,107,338,13767,-8503,-738,2461,-156,-1710,921,259,-63,288
2025-11-19T13:33:32.452025,48,54,73,345,191,136,101,310,13769,-8489,-718,2504,-180,-1714,920,86,-49,247
2025-11-19T13:33:32.474477,46,42,74,384,194,157,100,293,13760,-8492,-705,2544,-175,-1751,930,-29,-47,232
2025-11-19T13:33:32.489135,44,36,75,379,190,161,102,295,13736,-8520,-682,2587,-216,-1770,910,-171,-11,285
2025-11-19T13:33:32.511960,41,37,71,352,182,166,137,380,13697,-8570,-643,2635,-289,-1751,783,-254,51,341
2025-11-19T13:33:32.534578,36,34,64,299,187,175,129,351,13646,-8640,-582,2690,-372,-1960,790,-319,141,438
2025-11-19T13:33:32.548748,33,32,57,292,151,169,130,352,13593,-8704,-494,2765,-472,-1995,764,-261,176,583
2025-11-19T13:33:32.571692,35,36,90,209,131,151,129,350,13534,-8767,-399,2872,-599,-1916,730,-267,90,705
2025-11-19T13:33:32.594391,31,42,121,204,139,147,127,334,13458,-8842,-317,3008,-733,-1849,687,-390,-71,765
2025-11-19T13:33:32.608745,30,43,129,181,137,140,74,156,13372,-8920,-274,3160,-762,-1911,655,-452,-294,747
2025-11-19T13:33:32.631800,31,46,133,310,184,112,64,132,13293,-8978,-274,3324,-790,-1964,609,-356,-553,662
2025-11-19T13:33:32.654557,36,47,148,322,191,82,59,112,13245,-8986,-314,3485,-735,-1989,665,-104,-759,519
2025-11-19T13:33:32.677170,37,44,134,338,194,76,58,111,13231,-8943,-388,3640,-661,-1869,681,161,-932,374
2025-11-19T13:33:32.699366,38,40,122,338,216,123,65,109,13237,-8869,-486,3785,-609,-1808,704,314,-1038,242
2025-11-19T13:33:32.721452,34,36,117,348,238,190,69,112,13255,-8778,-606,3913,-486,-1761,804,352,-1068,130
2025-11-19T13:33:32.728380,33,34,114,231,200,210,69,105,13283,-8682,-734,4009,-258,-1634,894,325,-960,35
2025-11-19T13:33:32.751673,28,31,96,222,193,211,67,97,13322,-8577,-867,4079,-160,-1570,1004,323,-887,-82
2025-11-19T13:33:32.774379,28,35,124,246,187,213,65,78,13352,-8492,-1023,4122,-32,-1491,1028,151,-865,-216
2025-11-19T13:33:32.789016,25,32,115,247,166,188,52,66,13368,-8439,-1197,4131,150,-1573,994,-39,-776,-309
2025-11-19T13:33:32.811774,26,32,112,238,136,126,48,73,13391,-8380,-1353,4129,367,-1599,1061,7,-617,-235
2025-11-19T13:33:32.832137,28,32,115,270,121,102,53,75,13426,-8302,-1471,4135,463,-1659,1168,157,-460,-70
2025-11-19T13:33:32.855687,29,32,113,261,129,137,59,77,13460,-8222,-1543,4158,293,-1605,1164,237,-352,38
2025-11-19T13:33:32.871813,27,29,75,222,143,143,58,83,13481,-8167,-1607,4173,149,-1603,1134,112,-306,-14
2025-11-19T13:33:32.893960,29,29,67,242,159,157,54,75,13501,-8121,-1677,4170,96,-1747,1140,85,-289,-138
2025-11-19T13:33:32.916869,32,32,68,239,267,265,80,63,13527,-8068,-1749,4158,106,-1750,1124,146,-287,-201
2025-11-19T13:33:32.932243,35,35,68,203,383,418,116,63,13556,-8014,-1820,4141,118,-1691,1173,122,-265,-235
2025-11-19T13:33:32.954279,34,40,94,230,429,439,121,60,13569,-7994,-1899,4100,227,-1553,1132,-125,-181,-284
2025-11-19T13:33:32.976762,33,44,106,235,429,442,122,50,13570,-8008,-1963,4036,340,-1793,1137,-251,16,-259
2025-11-19T13:33:32.999391,51,51,170,233,420,441,123,62,13573,-8035,-1966,3973,460,-1807,1197,-251,351,-25
2025-11-19T13:33:33.014013,257,136,174,233,362,386,123,245,13591,-8051,-1884,3918,398,-1735,1267,-90,701,188
2025-11-19T13:33:33.036536,319,193,183,252,234,210,144,401,13607,-8085,-1730,3864,269,-1566,1263,-119,1030,353
2025-11-19T13:33:33.051476,331,204,171,230,120,136,140,429,13594,-8180,-1542,3789,131,-1545,1149,-414,1284,374
2025-11-19T13:33:33.074256,338,206,162,216,95,109,142,449,13563,-8318,-1336,3673,-14,-1693,1038,-584,1492,228
2025-11-19T13:33:33.096779,340,208,95,182,89,90,143,455,13532,-8462,-1130,3526,-236,-1863,946,-555,1532,6
2025-11-19T13:33:33.111000,232,167,83,177,84,110,131,406,13547,-8531,-944,3351,-417,-1858,769,-35,1405,-345
2025-11-19T13:33:33.134041,138,98,68,173,89,123,76,282,13587,-8555,-816,3154,-572,-1830,675,209,1107,-742
2025-11-19T13:33:33.156678,110,74,84,195,116,164,78,245,13613,-8592,-792,2943,-652,-1641,584,-15,649,-1148
2025-11-19T13:33:33.170600,96,84,101,220,127,176,79,214,13632,-8633,-866,2709,-488,-1613,380,-72,286,-1476
2025-11-19T13:33:33.193756,81,77,102,222,130,192,92,208,13664,-8639,-987,2475,-266,-1834,359,143,84,-1548
2025-11-19T13:33:33.216651,70,73,108,232,125,185,98,180,13705,-8613,-1095,2283,-175,-1878,404,344,15,-1306
2025-11-19T13:33:33.231028,59,77,136,242,122,173,89,142,13758,-8556,-1166,2142,-140,-1794,514,493,28,-986
2025-11-19T13:33:33.254226,51,74,133,218,99,133,84,129,13801,-8506,-1209,2040,-100,-1690,631,398,53,-700
2025-11-19T13:33:33.276603,37,52,128,208,120,149,78,120,13819,-8487,-1225,1981,-115,-1703,781,148,59,-401
2025-11-19T13:33:33.291003,36,51,126,215,118,134,61,107,13813,-8503,-1222,1955,-168,-1873,901,-83,59,-188
2025-11-19T13:33:33.314088,37,64,128,198,113,121,47,105,13802,-8527,-1209,1939,-209,-1899,928,-134,63,-129
2025-11-19T13:33:33.336632,34,52,89,169,112,115,45,91,13793,-8548,-1197,1920,-188,-1940,968,-131,77,-132
2025-11-19T13:33:33.350849,35,56,85,196,113,114,44,92,13783,-8570,-1188,1900,-153,-1951,951,-129,71,-125
2025-11-19T13:33:33.374121,37,55,75,183,90,72,43,94,13786,-8569,-1187,1882,-40,-1887,980,-19,45,-108
2025-11-19T13:33:33.396185,40,52,72,175,108,82,47,100,13782,-8576,-1186,1874,3,-1927,959,-52,33,-30
2025-11-19T13:33:33.410472,44,36,64,192,130,123,53,83,13778,-8582,-1180,1884,31,-1935,998,-56,8,83
2025-11-19T13:33:33.433968,46,35,62,211,134,144,55,78,13785,-8568,-1177,1901,101,-1886,981,68,-15,132
2025-11-19T13:33:33.456616,48,35,75,224,173,199,68,150,13796,-8546,-1172,1919,236,-1725,954,101,19,197
2025-11-19T13:33:33.470864,50,65,82,222,176,221,78,181,13791,-8552,-1158,1940,402,-1560,973,-124,105,347
2025-11-19T13:33:33.494112,54,69,84,228,165,218,84,294,13763,-8596,-1108,1972,474,-1591,945,-326,283,579
2025-11-19T13:33:33.516535,66,112,82,212,151,201,102,377,13715,-8672,-1018,2023,383,-1726,940,-471,410,781
2025-11-19T13:33:33.530869,69,125,91,214,148,188,111,434,13662,-8752,-896,2092,279,-1863,919,-452,493,935
2025-11-19T13:33:33.554068,73,128,103,192,169,143,112,448,13618,-8814,-754,2174,81,-1962,844,-262,498,970
2025-11-19T13:33:33.576516,73,118,100,232,182,139,119,458,13583,-8854,-621,2266,-161,-1955,754,-101,361,876
2025-11-19T13:33:33.590818,72,117,112,335,198,144,123,429,13572,-8858,-518,2345,-394,-1849,737,97,193,592
2025-11-19T13:33:33.613461,62,85,128,356,204,157,112,371,13565,-8853,-471,2411,-597,-1745,641,133,-87,265
2025-11-19T13:33:33.636656,57,65,134,404,256,205,106,311,13570,-8833,-481,2454,-649,-1832,607,221,-302,-48
2025-11-19T13:33:33.651013,49,56,117,413,234,232,104,261,13600,-8780,-521,2471,-614,-1819,633,419,-380,-273
2025-11-19T13:33:33.673599,47,53,115,403,223,223,92,228,13651,-8698,-569,2470,-572,-1652,701,541,-377,-392
2025-11-19T13:33:33.696594,39,51,100,335,263,258,86,154,13701,-8622,-613,2451,-525,-1573,759,471,-291,-451
2025-11-19T13:33:33.710779,30,34,82,347,312,336,86,145,13735,-8575,-653,2416,-425,-1593,851,257,-180,-452
2025-11-19T13:33:33.734483,32,60,62,299,278,318,90,161,13757,-8550,-687,2367,-293,-1627,966,77,-62,-422
2025-11-19T13:33:33.754384,44,63,59,287,263,297,94,202,13754,-8567,-707,2316,-260,-1826,1000,-161,46,-349
2025-11-19T13:33:33.768994,47,65,59,305,256,291,92,202,13733,-8610,-707,2284,-291,-2001,1029,-287,91,-183
2025-11-19T13:33:33.794570,47,66,66,334,207,257,86,200,13726,-8626,-694,2264,-247,-1988,988,-93,114,-87
2025-11-19T13:33:33.816505,47,74,64,304,128,139,80,199,13723,-8635,-674,2254,-242,-1844,903,-36,105,-25
2025-11-19T13:33:33.839075,48,57,60,293,120,120,78,225,13705,-8663,-652,2262,-294,-1870,882,-149,68,62
2025-11-19T13:33:33.853956,44,57,62,357,126,110,67,195,13685,-8694,-642,2274,-278,-1920,843,-152,2,57
2025-11-19T13:33:33.876271,41,55,72,345,183,223,81,189,13672,-8709,-634,2289,-202,-1959,826,-44,-8,96
2025-11-19T13:33:33.898804,41,68,74,300,192,245,84,191,13666,-8713,-622,2319,-191,-1927,849,17,-39,178
2025-11-19T13:33:33.913903,40,61,74,314,192,239,82,180,13648,-8728,-602,2370,-232,-1772,783,-64,-63,295
2025-11-19T13:33:33.935968,40,63,83,343,190,248,79,142,13605,-8777,-575,2440,-363,-1844,738,-257,-95,371
2025-11-19T13:33:33.958938,39,75,82,280,189,257,75,149,13546,-8845,-549,2528,-464,-1999,721,-355,-165,443
2025-11-19T13:33:33.973972,39,93,91,287,140,172,60,154,13492,-8897,-531,2637,-563,-2118,696,-242,-287,475
2025-11-19T13:33:33.996288,38,89,134,311,135,136,56,150,13457,-8913,-519,2762,-629,-2091,657,-6,-409,486
2025-11-19T13:33:34.018966,38,87,138,348,141,131,52,141,13443,-8892,-521,2893,-682,-1979,657,198,-539,420
2025-11-19T13:33:34.033136,39,85,135,328,140,112,43,113,13451,-8836,-553,3020,-706,-1905,696,368,-690,270
2025-11-19T13:33:34.056430,34,76,190,362,148,95,44,95,13473,-8758,-624,3134,-616,-1775,723,431,-835,105
2025-11-19T13:33:34.086387,36,58,187,437,192,93,59,116,13499,-8674,-727,3228,-453,-1756,756,425,-889,-11
2025-11-19T13:33:34.093182,38,58,155,444,199,93,60,119,13539,-8572,-842,3306,-339,-1758,851,501,-886,-94
2025-11-19T13:33:34.116392,39,60,164,432,187,92,60,117,13595,-8450,-962,3357,-155,-1643,929,571,-810,-183
2025-11-19T13:33:34.138860,40,66,168,460,190,86,67,159,13649,-8334,-1082,3392,-86,-1596,996,502,-739,-240
2025-11-19T13:33:34.153218,58,77,109,447,182,81,85,218,13701,-8227,-1215,3398,56,-1523,1036,405,-680,-351
2025-11-19T13:33:34.176317,58,101,134,480,135,65,79,207,13740,-8144,-1356,3386,179,-1613,1084,248,-616,-393
2025-11-19T13:33:34.198728,59,97,140,490,119,82,79,205,13774,-8071,-1490,3369,324,-1688,1071,228,-535,-324
2025-11-19T13:33:34.213030,60,98,128,487,148,143,83,207,13832,-7954,-1608,3355,403,-1638,1124,493,-490,-296
2025-11-19T13:33:34.236384,58,94,125,459,141,154,79,172,13899,-7818,-1722,3341,437,-1389,1168,532,-483,-311
2025-11-19T13:33:34.258753,43,110,124,483,151,159,61,83,13950,-7712,-1846,3308,505,-1255,1112,325,-448,-374
2025-11-19T13:33:34.273042,40,93,95,430,190,162,57,61,13980,-7651,-1967,3252,685,-1395,1202,53,-293,-360
2025-11-19T13:33:34.296596,40,96,100,440,240,175,58,52,13984,-7643,-2062,3192,829,-1434,1279,-274,-83,-186
2025-11-19T13:33:34.318801,52,94,97,432,230,135,57,119,13957,-7701,-2113,3143,958,-1459,1319,-632,179,120
2025-11-19T13:33:34.333050,95,98,93,428,229,126,75,176,13913,-7796,-2105,3107,1109,-1576,1329,-768,493,451
2025-11-19T13:33:34.356005,97,69,83,382,221,125,81,191,13859,-7919,-2026,3088,1134,-1753,1316,-800,814,782
2025-11-19T13:33:34.378683,220,103,101,308,188,124,107,265,13803,-8054,-1867,3091,972,-1821,1226,-716,1109,1054
2025-11-19T13:33:34.392941,230,133,102,357,114,85,118,283,13766,-8162,-1645,3100,823,-1737,1045,-405,1342,1176
2025-11-19T13:33:34.416296,242,136,102,342,92,73,122,277,13738,-8254,-1397,3100,721,-1570,840,-239,1460,1161
2025-11-19T13:33:34.438967,238,153,116,339,100,93,129,285,13698,-8363,-1150,3085,515,-1442,622,-298,1459,1025
2025-11-19T13:33:34.452980,240,152,115,329,137,96,146,327,13642,-8493,-924,3055,206,-1532,486,-393,1338,797
2025-11-19T13:33:34.476115,144,127,92,353,179,146,132,277,13590,-8610,-728,3014,-142,-1604,401,-309,1133,498
2025-11-19T13:33:34.499304,126,94,79,240,199,166,122,263,13532,-8734,-572,2949,-541,-1679,149,-282,907,106
2025-11-19T13:33:34.512472,96,89,79,307,223,171,117,249,13483,-8847,-472,2856,-963,-1535,83,-281,631,-419
2025-11-19T13:33:34.536300,70,50,64,311,221,171,97,204,13435,-8957,-410,2742,-1265,-1628,64,-291,451,-776
2025-11-19T13:33:34.558726,58,63,97,360,224,193,67,106,13382,-9067,-389,2645,-1398,-1706,185,-392,204,-882
2025-11-19T13:33:34.573069,39,103,107,326,190,160,64,147,13321,-9179,-383,2568,-1380,-1755,270,-489,92,-826
2025-11-19T13:33:34.596149,42,105,119,332,178,140,75,211,13267,-9271,-383,2512,-1261,-1850,450,-464,27,-698
2025-11-19T13:33:34.618576,38,109,122,266,161,136,72,214,13241,-9320,-371,2470,-1160,-1967,688,-267,49,-568
2025-11-19T13:33:34.632841,38,112,130,255,175,125,86,242,13215,-9362,-345,2454,-1093,-2057,858,-303,58,-365
2025-11-19T13:33:34.656137,35,110,111,181,147,84,83,247,13190,-9399,-316,2450,-961,-2050,911,-308,58,-233
2025-11-19T13:33:34.678274,33,88,109,211,144,80,80,222,13167,-9433,-300,2446,-758,-2064,912,-296,41,-171
2025-11-19T13:33:34.692828,29,87,94,191,127,78,67,173,13138,-9474,-293,2446,-562,-2081,831,-327,28,-72
2025-11-19T13:33:34.716102,29,89,90,181,120,132,71,192,13113,-9507,-276,2455,-399,-2147,852,-263,71,85
2025-11-19T13:33:34.738153,29,109,85,198,110,133,62,164,13084,-9542,-236,2474,-354,-2071,859,-294,148,235
2025-11-19T13:33:34.761113,30,103,87,199,107,127,63,160,13047,-9589,-191,2497,-359,-2016,741,-323,169,279
2025-11-19T13:33:34.776094,28,90,89,176,109,128,59,154,13005,-9640,-149,2521,-372,-2015,691,-344,150,275
2025-11-19T13:33:34.799165,29,85,107,273,212,163,69,138,12957,-9697,-113,2551,-412,-2041,636,-373,100,275
2025-11-19T13:33:34.821103,37,81,157,353,209,126,67,100,12905,-9758,-82,2581,-393,-2061,512,-348,78,283
2025-11-19T13:33:34.835992,34,43,155,459,253,192,76,79,12847,-9826,-39,2616,-360,-2003,438,-374,118,370
2025-11-19T13:33:34.858585,35,50,169,568,285,211,72,69,12784,-9894,18,2664,-431,-1986,378,-356,124,453
2025-11-19T13:33:34.881109,38,112,183,572,292,230,80,95,12698,-9984,90,2739,-539,-1876,314,-516,103,590
2025-11-19T13:33:34.895879,39,128,196,539,234,209,82,130,12599,-10077,191,2848,-776,-1959,331,-556,92,753
2025-11-19T13:33:34.919019,33,130,163,497,238,211,80,136,12468,-10194,296,2995,-1035,-2154,227,-716,-25,883
2025-11-19T13:33:34.941080,37,143,173,475,193,155,65,134,12338,-10297,395,3168,-1171,-2238,292,-697,-152,942
2025-11-19T13:33:34.955757,37,143,167,361,158,130,68,135,12233,-10356,483,3362,-1331,-2189,274,-446,-335,912
2025-11-19T13:33:34.978495,37,113,147,363,144,94,63,142,12154,-10374,528,3577,-1357,-2014,257,-251,-641,815
2025-11-19T13:33:35.001516,37,97,119,357,136,88,58,113,12099,-10368,503,3782,-1249,-1925,318,-187,-905,555
2025-11-19T13:33:35.013070,35,113,115,384,161,78,58,110,12067,-10340,417,3965,-1053,-1938,417,-132,-1072,332
2025-11-19T13:33:35.036929,30,102,98,347,169,60,56,110,12059,-10294,296,4117,-873,-1929,383,4,-1129,137
2025-11-19T13:33:35.060753,29,97,85,367,169,51,54,111,12102,-10198,158,4235,-773,-1882,539,304,-1122,-90
2025-11-19T13:33:35.075155,30,84,84,394,173,43,48,77,12174,-10073,-2,4330,-679,-1856,639,455,-1149,-272
2025-11-19T13:33:35.098167,31,79,78,413,209,54,43,123,12261,-9945,-196,4376,-453,-1776,674,463,-1106,-532
2025-11-19T13:33:35.128381,30,54,78,393,189,56,43,119,12346,-9833,-415,4375,-202,-1756,788,300,-987,-719
2025-11-19T13:33:35.135065,34,57,67,325,174,71,48,129,12428,-9735,-639,4335,-65,-1760,828,209,-839,-844
2025-11-19T13:33:35.158380,36,58,62,285,179,157,55,132,12526,-9626,-856,4259,82,-1910,845,339,-691,-934
2025-11-19T13:33:35.180900,34,60,55,258,194,179,58,139,12632,-9508,-1072,4162,188,-1877,912,367,-614,-1019
2025-11-19T13:33:35.195076,34,92,67,334,186,192,57,94,12729,-9398,-1279,4056,326,-1855,905,330,-531,-974
2025-11-19T13:33:35.218435,35,93,71,327,205,247,59,91,12820,-9283,-1465,3969,429,-2028,909,416,-501,-779
2025-11-19T13:33:35.241202,35,87,74,347,245,276,63,77,12921,-9140,-1611,3918,338,-2035,951,632,-500,-597
2025-11-19T13:33:35.255224,32,86,77,341,259,249,62,68,13021,-8990,-1725,3884,292,-1860,901,732,-437,-478
2025-11-19T13:33:35.278382,32,90,80,322,260,243,58,44,13108,-8855,-1832,3852,306,-1761,983,589,-399,-439
2025-11-19T13:33:35.301234,32,69,74,256,244,232,57,40,13183,-8743,-1927,3803,387,-1779,1029,446,-261,-426
2025-11-19T13:33:35.315167,46,90,64,255,228,174,80,138,13247,-8656,-1987,3752,549,-1832,1084,345,-37,-229
2025-11-19T13:33:35.338713,50,96,61,243,187,197,91,155,13311,-8574,-1984,3715,578,-1817,1141,390,221,37
2025-11-19T13:33:35.360861,50,96,56,240,163,195,90,158,13380,-8492,-1917,3690,514,-1793,1216,476,468,234
2025-11-19T13:33:35.375091,50,99,50,233,137,187,91,160,13437,-8437,-1808,3664,382,-1666,1105,401,661,325
2025-11-19T13:33:35.410042,51,92,38,164,129,191,97,182,13523,-8401,-1499,3568,433,-1558,957,212,1096,467
2025-11-19T13:33:35.420129,39,64,34,150,119,188,78,136,13537,-8435,-1295,3515,380,-1484,821,80,1279,597
2025-11-19T13:33:35.442622,36,56,31,138,107,104,72,140,13528,-8504,-1062,3461,275,-1427,656,-51,1419,680
2025-11-19T13:33:35.461962,41,58,33,142,73,79,81,173,13496,-8608,-823,3394,203,-1394,475,-203,1495,658
2025-11-19T13:33:35.480089,40,44,31,137,72,77,87,192,13439,-8744,-585,3319,-18,-1484,322,-346,1483,577
2025-11-19T13:33:35.502760,40,43,33,142,128,111,84,179,13373,-8884,-358,3247,-270,-1577,235,-364,1366,467
2025-11-19T13:33:35.521893,42,41,34,143,165,129,85,172,13318,-8999,-157,3172,-507,-1550,157,-220,1175,258
2025-11-19T13:33:35.539684,40,47,42,143,194,143,74,155,13253,-9118,7,3105,-804,-1598,146,-304,925,63
2025-11-19T13:33:35.562613,35,46,50,187,241,167,65,113,13181,-9240,118,3050,-1023,-1562,107,-409,609,-144
2025-11-19T13:33:35.581855,36,63,53,203,250,172,58,84,13110,-9355,177,2999,-1146,-1700,230,-470,355,-335
2025-11-19T13:33:35.599852,33,68,52,209,261,177,64,71,13064,-9433,195,2957,-1236,-1888,350,-303,114,-473
2025-11-19T13:33:35.622334,28,73,64,263,276,223,62,69,13038,-9481,189,2920,-1229,-1927,442,-176,-30,-548
2025-11-19T13:33:35.642192,29,75,68,268,265,240,66,87,13041,-9486,172,2891,-1137,-1935,522,58,-117,-526
2025-11-19T13:33:35.659548,30,82,61,234,225,224,69,118,13063,-9463,141,2865,-982,-1933,615,188,-187,-503
2025-11-19T13:33:35.682434,27,76,72,224,218,220,72,124,13082,-9443,104,2848,-820,-1945,651,149,-206,-404
2025-11-19T13:33:35.702198,28,110,79,222,187,213,62,122,13092,-9430,71,2845,-706,-1947,711,57,-202,-266
2025-11-19T13:33:35.719524,31,109,77,176,144,162,67,137,13086,-9434,43,2857,-662,-1913,683,-56,-207,-146
2025-11-19T13:33:35.742361,36,106,73,151,128,120,81,191,13070,-9451,19,2875,-621,-1968,701,-142,-183,-74
2025-11-19T13:33:35.761748,36,100,76,140,125,118,81,192,13057,-9463,-5,2894,-540,-2039,716,-110,-177,-26
2025-11-19T13:33:35.779914,40,130,70,136,127,118,84,193,13058,-9457,-21,2909,-448,-2052,731,19,-127,17
2025-11-19T13:33:35.800004,41,114,85,212,112,91,84,200,13074,-9431,-30,2924,-344,-1973,740,149,-96,64
2025-11-19T13:33:35.818223,41,113,83,200,87,70,78,195,13092,-9401,-35,2942,-270,-1941,782,155,-72,127
2025-11-19T13:33:35.840044,38,112,80,201,108,71,62,149,13095,-9388,-27,2971,-259,-1917,772,53,-33,240
2025-11-19T13:33:35.862261,41,113,76,204,129,81,57,124,13093,-9378,-9,3009,-287,-1949,810,13,-15,306
2025-11-19T13:33:35.881665,42,74,70,210,121,78,59,133,13090,-9369,9,3049,-289,-1883,753,35,-24,318
2025-11-19T13:33:35.899944,42,53,49,183,221,80,62,122,13088,-9357,19,3093,-267,-1834,743,30,-72,314
2025-11-19T13:33:35.922631,41,48,41,185,228,157,71,116,13083,-9352,30,3128,-179,-1809,752,-13,-9,328
2025-11-19T13:33:35.941975,38,47,53,202,244,219,74,95,13052,-9389,37,3149,-158,-1719,661,-262,58,281
2025-11-19T13:33:35.959844,34,84,57,205,241,225,74,91,12987,-9473,59,3167,-130,-1852,540,-496,175,385
2025-11-19T13:33:35.982402,31,85,58,201,258,277,79,57,12918,-9558,105,3194,-71,-1961,507,-464,264,564
2025-11-19T13:33:36.002292,27,85,54,145,222,290,79,50,12854,-9629,180,3233,-83,-1775,431,-358,329,683
2025-11-19T13:33:36.024434,27,86,57,133,229,268,72,42,12790,-9701,270,3268,-86,-1723,329,-312,401,721
2025-11-19T13:33:36.051276,30,133,60,98,202,225,66,39,12713,-9789,353,3293,-99,-1676,261,-421,406,660
2025-11-19T13:33:36.059186,26,122,78,93,195,218,66,37,12631,-9890,420,3302,-92,-1671,181,-484,405,557
2025-11-19T13:33:36.078650,24,136,113,114,176,149,47,33,12544,-10003,470,3287,-108,-1640,97,-544,409,388
2025-11-19T13:33:36.101747,25,151,214,148,114,141,48,32,12462,-10118,493,3242,-142,-1580,56,-565,383,139
2025-11-19T13:33:36.120660,24,165,271,166,102,133,48,31,12374,-10248,481,3175,-209,-1598,83,-711,327,-108
2025-11-19T13:33:36.139777,35,158,347,176,107,128,52,36,12280,-10388,446,3086,-364,-1715,98,-811,306,-344
2025-11-19T13:33:36.162228,45,192,370,206,103,125,51,36,12161,-10563,370,2973,-535,-1968,-5,-1035,238,-637
2025-11-19T13:33:36.181516,49,192,378,224,139,135,56,37,12057,-10730,242,2804,-570,-2257,10,-1010,214,-1076
2025-11-19T13:33:36.199809,51,183,337,234,196,146,56,38,11976,-10876,122,2588,-616,-2308,200,-952,423,-1310
2025-11-19T13:33:36.222330,53,175,296,237,212,146,55,38,11892,-11016,42,2376,-802,-1993,262,-983,572,-1310
2025-11-19T13:33:36.241803,45,151,203,275,226,144,50,37,11760,-11198,-53,2177,-968,-2124,139,-1309,491,-1377
2025-11-19T13:33:36.259723,36,97,157,307,261,145,50,41,11615,-11377,-168,2017,-956,-2499,186,-1417,270,-1277
2025-11-19T13:33:36.282283,32,73,130,297,256,135,49,38,11548,-11462,-265,1911,-983,-2633,254,-781,92,-1081
2025-11-19T13:33:36.301451,32,80,128,293,245,106,52,41,11544,-11470,-316,1876,-1140,-2697,326,-235,-51,-766
2025-11-19T13:33:36.319917,113,118,141,288,226,85,54,42,11570,-11442,-311,1880,-1124,-2472,453,-1,9,-417
2025-11-19T13:33:36.339880,146,133,144,267,225,84,57,39,11640,-11371,-294,1887,-1018,-2156,445,366,17,-357
2025-11-19T13:33:36.357283,154,134,139,203,189,79,56,34,11748,-11261,-286,1877,-987,-1812,466,661,19,-493
2025-11-19T13:33:36.379147,158,137,125,182,172,72,54,43,11832,-11184,-300,1812,-801,-1720,435,442,156,-691
2025-11-19T13:33:36.402237,160,135,117,145,126,51,44,43,11835,-11198,-333,1693,-641,-2117,287,-162,325,-827
2025-11-19T13:33:36.421360,121,103,106,128,118,49,40,43,11813,-11239,-375,1562,-409,-2707,184,-304,345,-750
2025-11-19T13:33:36.439777,93,154,103,84,85,41,35,48,11896,-11164,-407,1452,-125,-2664,181,596,268,-566
2025-11-19T13:33:36.462137,171,170,120,90,76,47,39,55,12039,-11019,-437,1378,35,-2285,79,1185,111,-391
2025-11-19T13:33:36.481388,184,174,124,105,74,50,45,74,12146,-10904,-480,1331,57,-1874,192,859,-30,-326
2025-11-19T13:33:36.500068,194,177,125,106,67,46,45,78,12166,-10885,-536,1280,37,-1857,319,60,-36,-358
2025-11-19T13:33:36.522101,200,208,137,109,69,44,50,82,12140,-10920,-597,1211,29,-2074,376,-361,25,-430
2025-11-19T13:33:36.542228,222,188,133,95,69,45,51,81,12142,-10922,-643,1135,53,-2195,398,-122,109,-416
2025-11-19T13:33:36.563992,180,181,119,84,63,42,49,111,12184,-10880,-662,1077,-10,-2089,362,244,131,-308
2025-11-19T13:33:36.582030,170,194,111,76,49,36,40,104,12233,-10828,-665,1042,-93,-1944,354,327,108,-216
2025-11-19T13:33:36.610379,161,194,114,74,46,36,40,108,12264,-10795,-666,1023,-161,-1858,301,211,53,-164
2025-11-19T13:33:36.624194,163,187,92,68,39,32,31,116,12275,-10783,-667,1015,-173,-1861,281,70,13,-119
2025-11-19T13:33:36.642244,149,172,95,70,38,35,33,126,12274,-10785,-665,1014,-162,-1873,258,-16,3,-63
2025-11-19T13:33:36.664113,136,171,97,71,37,37,37,100,12273,-10785,-663,1016,-172,-1910,215,-13,-7,6
2025-11-19T13:33:36.679763,134,149,98,47,37,37,41,119,12262,-10798,-651,1028,-182,-2031,151,-29,-4,24
2025-11-19T13:33:36.702143,149,169,91,46,68,38,40,120,12259,-10801,-643,1036,-137,-2025,134,54,-4,19
2025-11-19T13:33:36.724550,167,146,90,46,72,41,41,117,12264,-10795,-630,1048,-96,-1951,131,118,6,70
2025-11-19T13:33:36.740036,173,143,74,41,74,39,38,111,12255,-10804,-608,1072,-94,-1898,170,-20,-2,170
2025-11-19T13:33:36.762069,200,140,71,38,84,34,34,115,12220,-10842,-580,1103,-76,-1868,175,-242,9,249
2025-11-19T13:33:36.784395,204,146,64,46,103,35,29,92,12161,-10907,-555,1126,-3,-2006,154,-438,35,264
2025-11-19T13:33:36.803749,193,135,59,47,96,35,32,88,12104,-10970,-531,1147,-14,-2138,143,-422,36,259
2025-11-19T13:33:36.822102,169,140,61,44,95,37,36,79,12059,-11018,-503,1175,-83,-2176,145,-319,22,262
2025-11-19T13:33:36.844152,140,137,72,76,165,51,52,74,11992,-11087,-479,1214,-166,-2162,170,-512,-35,268
2025-11-19T13:33:36.859254,87,158,107,127,264,136,134,69,11899,-11180,-481,1274,-249,-2306,350,-832,-207,236
2025-11-19T13:33:36.879953,68,168,146,356,351,220,152,70,11759,-11316,-496,1365,-298,-2358,646,-1380,-359,327
2025-11-19T13:33:36.907476,58,160,153,447,447,260,168,64,11592,-11473,-451,1489,-401,-2694,311,-1382,-248,682
2025-11-19T13:33:36.923626,49,147,176,522,472,269,185,143,11561,-11489,-385,1617,-701,-2560,272,-258,-229,546
2025-11-19T13:33:36.942373,55,145,187,551,458,269,186,228,11567,-11466,-302,1751,-749,-2437,-19,215,-217,606
2025-11-19T13:33:36.964529,65,128,176,550,411,240,146,246,11616,-11401,-196,1867,-826,-2427,8,562,-81,572
2025-11-19T13:33:36.983861,111,151,167,439,337,167,130,268,11687,-11311,-64,1975,-892,-2222,58,747,34,601
2025-11-19T13:33:37.001846,126,153,177,350,209,98,110,276,11729,-11254,38,2056,-653,-2081,-18,535,36,537
2025-11-19T13:33:37.024419,140,169,152,264,198,69,83,260,11730,-11239,105,2124,-521,-1892,12,164,-22,445
2025-11-19T13:33:37.044160,137,165,134,201,192,57,74,194,11721,-11242,128,2155,-269,-1779,-35,45,-35,259
2025-11-19T13:33:37.062019,134,157,127,213,264,52,63,173,11711,-11259,117,2123,-62,-1690,-124,5,75,-22
2025-11-19T13:33:37.084311,101,118,105,221,272,50,65,157,11685,-11302,66,2037,106,-1655,-188,-161,142,-305
2025-11-19T13:33:37.103726,84,109,78,254,281,55,64,146,11678,-11333,-28,1906,333,-1593,-180,-78,144,-563
2025-11-19T13:33:37.121986,55,87,74,277,301,63,57,115,11647,-11387,-162,1757,553,-1226,-191,-304,74,-706
2025-11-19T13:33:37.144257,52,88,78,286,328,71,55,108,11559,-11494,-302,1619,678,-1317,-277,-698,31,-588
2025-11-19T13:33:37.163794,45,81,78,283,270,74,54,100,11447,-11617,-419,1511,424,-1711,-226,-881,9,-490
2025-11-19T13:33:37.181957,39,75,77,281,288,75,48,84,11366,-11704,-519,1410,240,-1969,-129,-686,33,-520
2025-11-19T13:33:37.205622,39,64,79,272,286,77,59,148,11344,-11734,-606,1307,123,-2072,-6,-291,85,-594
2025-11-19T13:33:37.223707,38,44,87,245,234,72,58,159,11369,-11717,-686,1189,39,-1974,173,-19,161,-722
2025-11-19T13:33:37.242177,41,44,84,285,211,115,62,160,11222,-11869,-704,1066,-45,-4198,-255,-1193,446,-393
2025-11-19T13:33:37.264430,40,43,80,271,229,142,64,161,11378,-11719,-559,1158,-463,-2220,606,911,192,657
2025-11-19T13:33:37.283745,36,42,78,269,196,143,65,153,11497,-11601,-467,1203,-848,-2163,-122,1045,154,86
2025-11-19T13:33:37.301905,29,38,79,266,207,141,56,86,11449,-11651,-465,1186,-282,-1568,66,-438,91,-133
2025-11-19T13:33:37.324346,29,37,70,340,242,208,58,64,11342,-11759,-510,1117,-64,-2330,164,-1010,135,-352
2025-11-19T13:33:37.351233,26,32,68,304,232,196,56,60,11332,-11774,-545,1056,61,-2510,76,-214,109,-274
2025-11-19T13:33:37.361860,30,32,65,309,289,190,73,61,11369,-11740,-568,1021,-109,-1992,-74,272,47,-261
2025-11-19T13:33:37.384360,30,32,58,321,344,230,89,55,11385,-11724,-586,1017,-100,-1859,-144,173,-60,-112
2025-11-19T13:33:37.403692,30,30,56,330,429,242,90,54,11362,-11743,-593,1041,-167,-1870,-36,-177,-116,25
2025-11-19T13:33:37.421875,29,32,55,225,415,192,93,54,11314,-11784,-583,1101,-324,-2234,-72,-341,-191,180
2025-11-19T13:33:37.444353,29,31,54,231,446,183,94,82,11284,-11809,-552,1164,-500,-2396,-35,-230,-124,184
2025-11-19T13:33:37.463551,33,29,55,243,426,171,87,114,11232,-11855,-485,1229,-651,-2616,-83,-375,15,288
2025-11-19T13:33:37.481869,33,29,71,240,387,107,70,133,11213,-11869,-385,1297,-808,-2669,-46,-128,133,356
2025-11-19T13:33:37.504294,33,36,89,216,290,77,68,134,11220,-11859,-268,1353,-721,-2573,-67,92,233,419
2025-11-19T13:33:37.523737,34,38,112,276,295,69,65,137,11229,-11846,-173,1412,-540,-2375,-105,132,128,455
2025-11-19T13:33:37.542153,34,41,115,309,264,73,61,125,11233,-11837,-105,1461,-398,-2280,-145,113,57,394
2025-11-19T13:33:37.564326,32,44,117,313,227,75,52,104,11248,-11817,-59,1507,-314,-2172,-131,187,-21,336
2025-11-19T13:33:37.586296,39,46,111,301,220,76,53,118,11297,-11766,-26,1538,-169,-2005,-71,410,-26,283
2025-11-19T13:33:37.601794,39,40,100,307,182,74,47,124,11358,-11707,-2,1541,-25,-1850,-20,479,46,192
2025-11-19T13:33:37.624156,39,37,74,257,196,93,46,120,11422,-11650,6,1504,111,-1721,-16,478,146,42
2025-11-19T13:33:37.646473,42,38,81,212,169,93,58,169,11492,-11588,-17,1446,136,-1521,86,461,115,-177
2025-11-19T13:33:37.661337,44,35,73,194,160,92,69,199,11549,-11541,-59,1363,197,-1513,104,335,149,-321
2025-11-19T13:33:37.684068,39,32,68,199,176,118,69,179,11565,-11535,-111,1274,249,-1684,61,35,147,-334
2025-11-19T13:33:37.706509,38,32,61,178,185,126,73,177,11563,-11543,-159,1206,159,-1851,-21,-43,77,-282
2025-11-19T13:33:37.721476,39,32,60,208,148,122,74,188,11555,-11558,-200,1141,64,-2020,-128,-35,93,-285
2025-11-19T13:33:37.744594,36,31,51,214,145,118,68,167,11543,-11574,-220,1091,-29,-2077,-214,-8,117,-204
2025-11-19T13:33:37.766744,32,29,55,204,145,117,54,125,11542,-11578,-227,1056,-58,-2113,-184,78,106,-113
2025-11-19T13:33:37.781737,30,29,56,215,133,117,55,131,11545,-11577,-222,1036,-100,-2122,-113,77,91,-29
2025-11-19T13:33:37.805546,29,30,65,263,143,114,50,129,11546,-11576,-216,1034,-100,-2072,-79,55,30,38
2025-11-19T13:33:37.827020,31,31,66,253,140,102,45,113,11557,-11566,-211,1035,-75,-2140,-34,110,12,62
2025-11-19T13:33:37.841910,48,38,71,339,285,103,59,180,11586,-11536,-204,1046,-130,-2127,2,244,-28,74
2025-11-19T13:33:37.864238,53,37,69,343,292,105,76,206,11631,-11488,-196,1063,-190,-2136,75,348,-47,60
2025-11-19T13:33:37.886748,55,39,71,372,366,79,77,205,11682,-11435,-187,1076,-288,-2119,88,397,-33,-5
2025-11-19T13:33:37.901664,57,39,68,354,417,70,83,223,11726,-11388,-190,1097,-325,-2050,84,351,-113,-43
2025-11-19T13:33:37.924133,58,40,78,370,427,77,91,258,11754,-11359,-200,1106,-279,-2076,83,218,-86,-78
2025-11-19T13:33:37.946295,48,52,77,300,358,77,83,224,11780,-11332,-200,1106,-280,-2092,84,212,-15,-78
2025-11-19T13:33:37.961688,52,55,86,376,357,72,76,251,11799,-11312,-192,1107,-317,-2138,80,168,20,-62
2025-11-19T13:33:37.991631,52,57,87,349,283,70,80,286,11811,-11300,-178,1108,-299,-2155,112,96,43,-15
2025-11-19T13:33:38.014650,53,55,83,348,198,90,77,279,11818,-11293,-159,1107,-265,-2093,115,56,78,11
2025-11-19T13:33:38.021450,54,53,74,392,207,119,73,259,11810,-11302,-149,1102,-258,-2050,76,-51,60,-28
2025-11-19T13:33:38.044444,50,33,69,405,191,126,71,240,11786,-11327,-158,1097,-199,-2123,0,-149,-16,-64
2025-11-19T13:33:38.066197,39,31,57,349,181,127,65,203,11783,-11329,-175,1098,-144,-2144,19,17,-75,-47
2025-11-19T13:33:38.081453,39,25,54,374,171,162,65,157,11810,-11300,-187,1106,-127,-2087,43,246,-91,-8
2025-11-19T13:33:38.104077,36,24,59,372,162,167,70,176,11841,-11267,-193,1113,-124,-1884,90,258,-64,3
2025-11-19T13:33:38.126560,35,25,61,311,114,144,65,167,11845,-11262,-196,1116,-68,-1926,96,41,-23,39
2025-11-19T13:33:38.141543,33,25,69,311,103,140,67,174,11826,-11281,-191,1123,-84,-2037,107,-150,-1,100
2025-11-19T13:33:38.164057,36,25,72,295,99,139,66,175,11813,-11294,-184,1139,-106,-2105,102,-100,-24,129
2025-11-19T13:33:38.186568,34,26,72,279,95,95,60,170,11815,-11290,-175,1156,-168,-2108,116,24,-34,108
2025-11-19T13:33:38.201585,34,28,70,280,145,108,65,149,11816,-11288,-171,1170,-188,-2094,83,26,-37,64
2025-11-19T13:33:38.224014,34,28,68,268,153,113,68,143,11823,-11280,-172,1178,-153,-2095,108,64,-38,34
2025-11-19T13:33:38.246764,33,32,54,222,152,111,68,130,11839,-11263,-178,1186,-168,-2119,109,130,-61,10
2025-11-19T13:33:38.269015,31,31,49,222,153,113,69,144,11862,-11237,-183,1193,-138,-2096,115,193,-60,20
2025-11-19T13:33:38.284051,30,30,45,203,167,114,69,158,11888,-11209,-183,1201,-160,-2013,126,217,-37,28
2025-11-19T13:33:38.306517,29,28,43,190,115,80,56,152,11901,-11195,-175,1202,-149,-2004,119,121,22,37
2025-11-19T13:33:38.321136,27,26,36,178,100,76,54,158,11906,-11189,-161,1204,-181,-2046,169,29,47,56
2025-11-19T13:33:38.344396,32,24,33,177,92,71,69,244,11910,-11186,-153,1202,-157,-2038,161,18,41,36
2025-11-19T13:33:38.366503,31,24,40,183,112,66,64,231,11912,-11184,-146,1199,-132,-2072,182,-6,40,37
2025-11-19T13:33:38.381467,31,24,38,164,86,63,61,216,11915,-11180,-139,1199,-168,-2105,142,34,29,32
2025-11-19T13:33:38.404982,31,27,39,192,94,62,65,215,11937,-11157,-135,1201,-179,-2108,152,183,2,22
2025-11-19T13:33:38.426697,31,29,47,210,100,70,71,219,11967,-11125,-127,1197,-165,-2039,172,238,35,9
2025-11-19T13:33:38.441583,31,30,48,222,125,80,60,130,11984,-11107,-120,1198,-141,-1893,167,132,20,37
2025-11-19T13:33:38.464029,36,39,51,276,132,80,60,125,11990,-11101,-116,1197,-126,-1992,185,36,22,34
2025-11-19T13:33:38.486464,41,43,53,291,142,81,63,143,11998,-11093,-102,1185,-80,-1989,225,39,110,56
2025-11-19T13:33:38.508942,44,44,53,303,137,75,67,185,12013,-11079,-64,1173,-29,-1932,277,65,206,170
2025-11-19T13:33:38.528235,47,45,47,301,134,59,66,229,12011,-11082,-4,1159,-39,-1913,276,-56,311,251
2025-11-19T13:33:38.546663,48,45,51,338,117,65,69,245,11989,-11108,75,1141,-34,-1904,298,-239,415,318
2025-11-19T13:33:38.568608,43,36,45,292,154,123,72,242,11942,-11160,165,1123,-107,-2057,256,-411,473,350
2025-11-19T13:33:38.583530,44,35,54,315,181,135,74,238,11871,-11235,249,1101,-287,-2011,115,-541,455,223
2025-11-19T13:33:38.606354,41,32,52,284,182,137,73,215,11805,-11307,314,1065,-391,-2167,45,-485,425,48
2025-11-19T13:33:38.628568,37,35,68,279,211,166,72,155,11762,-11354,353,1024,-421,-2330,0,-292,326,-81
2025-11-19T13:33:38.643904,33,36,70,238,227,167,71,125,11742,-11377,368,999,-476,-2255,-30,-100,155,-155
2025-11-19T13:33:38.666355,33,37,70,237,195,142,68,121,11743,-11377,362,982,-436,-2147,-100,96,28,-195
2025-11-19T13:33:38.688825,29,38,77,229,173,155,62,107,11758,-11363,341,977,-409,-2170,-125,221,-86,-194
2025-11-19T13:33:38.703827,27,44,81,234,178,162,56,82,11788,-11331,320,984,-405,-2056,-115,349,-143,-157
2025-11-19T13:33:38.726259,32,40,76,264,143,141,61,107,11821,-11296,298,1004,-403,-1968,-88,357,-199,-110
2025-11-19T13:33:38.748589,32,38,73,250,108,134,61,123,11843,-11271,284,1034,-370,-1966,24,224,-190,-20
2025-11-19T13:33:38.763815,34,39,78,310,132,130,62,127,11840,-11270,280,1073,-394,-2053,35,26,-178,62
2025-11-19T13:33:38.786356,33,37,65,277,129,107,60,129,11837,-11270,276,1118,-383,-2115,91,-3,-192,93
2025-11-19T13:33:38.808345,33,28,63,280,122,96,60,133,11842,-11260,267,1157,-353,-2059,85,66,-198,69
2025-11-19T13:33:38.828055,28,29,61,259,133,104,48,113,11846,-11253,256,1192,-312,-1991,75,57,-190,60
2025-11-19T13:33:38.846247,24,31,63,275,149,105,41,81,11848,-11247,240,1222,-260,-2027,113,26,-183,57
2025-11-19T13:33:38.868809,27,44,61,211,135,97,48,159,11856,-11237,227,1247,-236,-2024,129,60,-151,61
2025-11-19T13:33:38.883508,27,47,58,206,126,91,51,173,11861,-11229,220,1265,-199,-1998,183,11,-93,70
2025-11-19T13:33:38.906205,26,50,60,199,125,89,51,176,11855,-11234,212,1280,-204,-2050,154,-64,-87,62
2025-11-19T13:33:38.928909,27,50,58,192,114,67,47,176,11859,-11229,198,1293,-178,-2119,177,1,-102,46
2025-11-19T13:33:38.943894,27,50,59,180,103,61,44,178,11876,-11210,181,1303,-186,-2076,175,112,-114,13
2025-11-19T13:33:38.966262,23,36,56,163,90,62,40,131,11904,-11181,165,1303,-122,-1979,178,194,-70,-4
2025-11-19T13:33:38.988550,24,32,56,187,91,61,39,115,11921,-11163,161,1297,-115,-1993,194,110,5,23
2025-11-19T13:33:39.003656,24,28,51,197,91,61,40,111,11921,-11163,167,1297,-184,-2014,197,-23,33,61
2025-11-19T13:33:39.026125,57,31,56,233,105,55,65,189,11916,-11169,171,1298,-237,-2081,189,-68,18,32
2025-11-19T13:33:39.048911,64,29,50,237,104,50,70,208,11920,-11164,171,1293,-260,-2134,200,10,18,-20
2025-11-19T13:33:39.063788,65,31,50,320,100,40,70,200,11938,-11147,172,1280,-210,-2117,211,109,50,-31
2025-11-19T13:33:39.085974,74,48,75,355,116,36,75,218,11961,-11124,182,1266,-203,-2052,205,162,87,3
2025-11-19T13:33:39.108678,81,57,85,376,143,40,90,326,11985,-11098,212,1252,-227,-2006,245,168,166,57
2025-11-19T13:33:39.127982,65,55,81,350,135,40,93,384,11994,-11089,267,1236,-305,-2054,259,49,289,116
2025-11-19T13:33:39.146581,61,56,86,354,132,42,93,392,11998,-11085,339,1215,-370,-2132,262,18,372,140
2025-11-19T13:33:39.168180,63,55,85,278,146,88,94,395,12005,-11078,411,1189,-444,-2152,241,57,386,78
2025-11-19T13:33:39.183404,53,41,66,242,146,96,92,392,12001,-11085,454,1150,-521,-2030,201,-38,318,-127
2025-11-19T13:33:39.206182,44,28,55,256,218,173,84,311,12001,-11091,463,1091,-496,-2042,148,-4,253,-330
2025-11-19T13:33:39.228690,41,29,55,275,227,182,63,182,12005,-11095,432,1017,-391,-2065,97,38,137,-496
2025-11-19T13:33:39.243692,39,29,53,325,236,185,61,141,12036,-11070,368,936,-336,-2119,78,268,22,-637
2025-11-19T13:33:39.266215,34,30,55,331,233,179,56,123,12092,-11017,290,861,-247,-2075,31,505,-73,-641
2025-11-19T13:33:39.288676,29,29,60,319,260,221,57,94,12155,-10955,205,799,-206,-1921,84,538,-151,-606
2025-11-19T13:33:39.303601,28,29,56,274,191,179,53,73,12192,-10918,123,754,-189,-1830,58,353,-198,-535
2025-11-19T13:33:39.326126,28,29,56,265,181,177,52,69,12209,-10902,40,719,-118,-1908,118,169,-221,-454
2025-11-19T13:33:39.348728,29,29,52,189,169,179,58,67,12234,-10877,-37,687,-28,-1990,200,197,-207,-390
2025-11-19T13:33:39.363900,28,32,50,186,162,171,59,70,12266,-10842,-97,650,84,-2037,286,230,-107,-289
2025-11-19T13:33:39.386176,30,32,47,220,119,136,58,67,12286,-10821,-138,620,110,-1947,328,112,-50,-180
2025-11-19T13:33:39.408534,30,34,55,223,147,138,58,66,12302,-10804,-162,594,178,-1944,404,44,13,-72
2025-11-19T13:33:39.431139,26,32,54,211,153,138,56,55,12297,-10810,-166,575,232,-1953,465,-165,77,68
2025-11-19T13:33:39.445750,24,30,53,200,154,137,51,47,12257,-10856,-141,572,247,-1928,401,-427,146,256
2025-11-19T13:33:39.468571,23,28,59,216,155,135,47,32,12194,-10926,-71,586,173,-2139,397,-596,273,481
2025-11-19T13:33:39.490953,30,27,53,182,143,117,69,118,12119,-11008,46,621,-37,-2260,299,-641,377,647
2025-11-19T13:33:39.505848,36,23,46,178,113,109,76,127,12048,-11082,187,658,-103,-2251,258,-576,466,727
2025-11-19T13:33:39.528558,42,25,45,168,108,109,97,165,11953,-11177,347,714,-192,-2330,124,-705,473,866
2025-11-19T13:33:39.550926,43,24,42,165,102,107,97,176,11856,-11267,522,806,-334,-2375,59,-666,391,1019
2025-11-19T13:33:39.566084,66,34,48,125,95,104,100,202,11781,-11328,691,923,-465,-2394,9,-466,254,1064
2025-11-19T13:33:39.588617,68,36,52,93,83,88,89,176,11718,-11369,846,1074,-669,-2400,-83,-304,47,1074
2025-11-19T13:33:39.610771,156,40,61,78,66,68,82,197,11692,-11369,976,1241,-758,-2360,-113,-5,-146,1017
2025-11-19T13:33:39.633560,160,41,69,85,59,52,56,170,11706,-11326,1078,1408,-764,-2260,-141,335,-292,925
2025-11-19T13:33:39.656487,164,44,81,99,77,55,54,162,11755,-11244,1158,1573,-791,-2098,-138,627,-414,824
2025-11-19T13:33:39.671106,161,36,78,112,131,105,53,134,11842,-11125,1210,1722,-746,-1912,-76,891,-500,661
2025-11-19T13:33:39.685908,165,36,78,123,134,119,43,129,11950,-10986,1231,1851,-753,-1773,72,981,-554,454
2025-11-19T13:33:39.708407,87,33,75,131,142,133,45,101,12056,-10851,1223,1961,-789,-1689,123,934,-604,238
2025-11-19T13:33:39.730515,80,32,67,120,156,149,55,136,12145,-10744,1171,2032,-668,-1629,135,754,-612,-21
2025-11-19T13:33:39.745955,72,31,66,118,178,172,61,139,12215,-10666,1092,2065,-504,-1560,270,493,-533,-208
2025-11-19T13:33:39.768508,63,31,65,144,162,161,61,139,12254,-10627,1010,2076,-384,-1629,328,207,-410,-241
2025-11-19T13:33:39.790932,46,31,65,164,219,211,71,133,12278,-10607,936,2075,-343,-1745,319,98,-317,-224
2025-11-19T13:33:39.806174,47,32,64,167,220,214,71,128,12295,-10593,866,2075,-351,-1720,362,32,-288,-214
2025-11-19T13:33:39.828281,46,48,72,170,214,206,64,98,12310,-10582,801,2070,-300,-1765,355,22,-250,-192
2025-11-19T13:33:39.851384,44,49,65,189,197,189,58,88,12332,-10562,748,2063,-287,-1923,390,96,-195,-143
2025-11-19T13:33:39.870247,43,52,108,191,182,178,56,80,12363,-10529,712,2055,-280,-1914,400,191,-133,-83
2025-11-19T13:33:39.892863,42,50,111,169,122,109,44,81,12376,-10517,687,2045,-271,-1854,330,87,-66,-55
2025-11-19T13:33:39.910962,33,50,112,161,154,124,47,65,12377,-10518,672,2041,-314,-1846,352,-24,-32,-13
2025-11-19T13:33:39.933415,28,33,110,162,159,136,51,44,12365,-10533,654,2044,-389,-1871,390,-149,-67,-22
2025-11-19T13:33:39.948947,29,51,108,133,151,138,66,101,12350,-10551,625,2048,-378,-1935,359,-164,-107,-51
2025-11-19T13:33:39.970944,26,52,63,107,154,147,66,106,12341,-10563,601,2046,-333,-2081,398,-119,-71,-21
2025-11-19T13:33:39.985875,28,54,58,112,144,149,66,106,12349,-10556,602,2038,-349,-2065,413,30,41,28
2025-11-19T13:33:40.008048,26,54,65,125,109,120,61,107,12360,-10541,624,2040,-431,-1972,419,78,85,90
2025-11-19T13:33:40.030920,25,55,63,156,107,100,58,109,12355,-10543,645,2049,-510,-1975,381,-30,59,88
2025-11-19T13:33:40.045602,22,38,73,190,122,114,42,59,12346,-10552,658,2058,-547,-2028,372,-74,23,45
2025-11-19T13:33:40.068332,38,56,91,178,130,140,64,99,12340,-10556,658,2068,-534,-2050,372,-52,-33,16
2025-11-19T13:33:40.090780,37,55,91,180,131,137,67,134,12342,-10555,648,2066,-516,-2063,382,-8,-39,-64
2025-11-19T13:33:40.105358,40,56,83,179,162,135,67,143,12353,-10546,636,2053,-427,-2048,390,53,-5,-83
2025-11-19T13:33:40.128346,41,57,87,186,307,153,67,141,12368,-10531,629,2040,-412,-1973,379,105,6,-69
2025-11-19T13:33:40.150914,42,56,79,169,322,155,67,142,12385,-10513,624,2031,-367,-1889,377,113,6,-32
2025-11-19T13:33:40.165725,41,48,63,213,323,119,51,128,12395,-10502,626,2027,-385,-1787,355,71,15,-5
2025-11-19T13:33:40.188331,46,73,70,234,327,116,52,143,12386,-10513,633,2019,-365,-1839,351,-85,77,22
2025-11-19T13:33:40.210455,55,103,81,244,310,115,56,144,12371,-10534,657,1998,-291,-1863,411,-169,218,69
2025-11-19T13:33:40.225908,66,117,98,256,166,89,55,146,12333,-10582,695,1968,-365,-1872,296,-294,313,58
2025-11-19T13:33:40.248439,73,133,120,311,125,49,57,161,12287,-10642,726,1924,-374,-1842,298,-391,343,-33
2025-11-19T13:33:40.270929,75,131,119,298,122,50,59,178,12242,-10701,742,1871,-415,-1883,319,-411,315,-144
2025-11-19T13:33:40.285836,72,121,115,285,117,48,52,145,12201,-10757,742,1820,-489,-1967,257,-365,223,-231
2025-11-19T13:33:40.307985,65,104,115,278,123,69,54,139,12179,-10794,711,1760,-565,-2128,259,-226,111,-421
2025-11-19T13:33:40.330833,53,99,101,266,124,91,56,139,12175,-10813,647,1691,-611,-2083,243,-99,-14,-626
2025-11-19T13:33:40.345800,45,96,82,212,146,153,67,120,12198,-10803,562,1615,-552,-2036,175,140,-106,-736
2025-11-19T13:33:40.368207,33,95,99,242,183,174,68,77,12218,-10796,457,1545,-507,-1953,153,117,-209,-784
2025-11-19T13:33:40.390675,31,95,99,261,181,175,69,67,12238,-10787,354,1478,-426,-1984,124,141,-217,-732
2025-11-19T13:33:40.413208,30,87,93,257,188,182,67,85,12248,-10784,261,1429,-361,-2061,157,77,-222,-590
2025-11-19T13:33:40.428229,30,79,93,236,186,181,66,84,12260,-10776,189,1402,-389,-2122,255,67,-220,-443
2025-11-19T13:33:40.450815,24,53,85,213,169,147,57,86,12277,-10759,128,1385,-338,-2132,287,107,-209,-341
2025-11-19T13:33:40.473083,23,52,66,153,131,123,48,82,12286,-10751,76,1377,-309,-2089,293,40,-195,-260
2025-11-19T13:33:40.492463,24,48,64,127,126,121,48,80,12283,-10756,36,1373,-277,-2116,305,-52,-155,-183
2025-11-19T13:33:40.511235,24,44,61,117,130,112,45,51,12275,-10765,7,1369,-239,-2108,335,-102,-100,-117
2025-11-19T13:33:40.533333,29,51,49,138,137,103,46,86,12266,-10775,-14,1370,-236,-2062,348,-124,-83,-75
2025-11-19T13:33:40.548164,30,52,51,135,141,89,47,92,12259,-10783,-36,1366,-156,-2119,370,-113,-64,-56
2025-11-19T13:33:40.568462,30,51,42,141,151,110,46,89,12254,-10790,-57,1358,-81,-2164,344,-86,-46,-30
2025-11-19T13:33:40.592775,29,50,47,136,154,111,47,89,12252,-10792,-73,1357,-117,-2082,317,-46,-50,-7
2025-11-19T13:33:40.608039,28,51,50,201,140,102,45,90,12256,-10787,-81,1358,-134,-2088,280,32,-34,19
2025-11-19T13:33:40.630686,21,35,52,194,129,94,39,60,12269,-10772,-87,1364,-128,-2081,274,113,-48,41
2025-11-19T13:33:40.653656,24,46,56,198,122,92,48,82,12284,-10753,-87,1375,-150,-2008,289,131,-48,69
2025-11-19T13:33:40.668125,24,68,64,201,121,91,50,89,12295,-10740,-85,1384,-172,-2037,303,89,-24,64
2025-11-19T13:33:40.690611,22,70,62,210,142,102,48,88,12297,-10737,-83,1395,-201,-2032,270,32,-33,58
2025-11-19T13:33:40.713132,22,71,60,177,157,120,49,87,12304,-10727,-85,1401,-206,-2072,296,68,-35,21
2025-11-19T13:33:40.727936,24,71,58,164,160,129,50,81,12318,-10710,-94,1407,-231,-2039,300,119,-69,-22
2025-11-19T13:33:40.751106,19,63,53,166,164,129,35,45,12335,-10690,-105,1412,-242,-1980,278,153,-80,-50
2025-11-19T13:33:40.772760,19,36,41,155,158,122,33,33,12344,-10679,-111,1413,-208,-1984,303,77,-37,-21
2025-11-19T13:33:40.787977,20,31,38,141,148,125,39,56,12345,-10678,-111,1414,-232,-1958,352,-13,1,13
2025-11-19T13:33:40.810384,23,32,39,128,129,109,44,103,12347,-10676,-108,1412,-231,-2009,324,4,16,-9
2025-11-19T13:33:40.833129,21,29,35,129,157,118,45,108,12346,-10678,-111,1408,-244,-2049,274,9,-3,-46
2025-11-19T13:33:40.848055,22,26,30,121,183,145,49,109,12354,-10668,-122,1404,-252,-2014,313,65,-39,-87
2025-11-19T13:33:40.870098,21,26,29,132,173,145,48,110,12363,-10659,-136,1400,-232,-1961,263,85,-58,-92
2025-11-19T13:33:40.893407,21,27,39,128,165,139,43,101,12362,-10659,-152,1400,-201,-1970,257,16,-66,-63
2025-11-19T13:33:40.907932,18,23,35,104,171,139,37,54,12361,-10661,-161,1402,-186,-2007,287,-2,-48,-17
2025-11-19T13:33:40.930676,20,24,39,144,148,130,39,43,12361,-10660,-163,1408,-214,-1988,316,-2,-32,6
2025-11-19T13:33:40.953039,20,24,38,142,106,92,33,42,12357,-10663,-164,1414,-231,-1996,330,-36,-29,10
2025-11-19T13:33:40.967936,21,23,40,146,107,94,36,40,12353,-10668,-168,1417,-185,-1980,321,-50,-22,8
2025-11-19T13:33:40.990487,22,39,32,136,99,96,35,39,12349,-10672,-169,1417,-147,-2022,358,-59,5,23
2025-11-19T13:33:41.013000,24,43,39,146,93,97,36,46,12343,-10679,-164,1415,-146,-1999,346,-69,33,41
2025-11-19T13:33:41.027948,23,45,35,122,105,114,40,49,12332,-10692,-157,1415,-213,-2069,329,-100,38,27
2025-11-19T13:33:41.050544,24,45,37,136,153,161,58,48,12328,-10698,-157,1410,-213,-2070,325,-49,21,-20
2025-11-19T13:33:41.072956,48,50,44,171,170,161,57,49,12319,-10709,-166,1400,-162,-1967,291,-90,6,-55
2025-11-19T13:33:41.085719,50,39,44,181,174,158,60,48,12298,-10735,-173,1393,-166,-2067,284,-180,12,-26
2025-11-19T13:33:41.108658,51,36,41,193,172,159,62,58,12285,-10750,-173,1388,-161,-2070,310,-120,24,4
2025-11-19T13:33:41.132608,51,33,43,183,193,183,66,62,12281,-10755,-165,1385,-186,-2079,321,-54,48,32
2025-11-19T13:33:41.147934,51,33,46,189,162,151,55,64,12272,-10765,-160,1390,-227,-2003,296,-81,10,25
2025-11-19T13:33:41.170435,33,28,47,194,158,157,58,65,12258,-10781,-159,1391,-247,-2034,249,-103,-3,-9
2025-11-19T13:33:41.192936,30,25,46,191,210,206,59,68,12245,-10795,-162,1392,-229,-2078,281,-109,-10,-15
2025-11-19T13:33:41.212441,38,25,47,176,213,206,61,67,12238,-10802,-166,1390,-235,-2073,241,-42,-12,-37
2025-11-19T13:33:41.230274,41,27,47,182,183,170,50,73,12241,-10800,-167,1388,-239,-2078,255,32,-1,-34
2025-11-19T13:33:41.253149,40,26,45,176,205,188,48,70,12246,-10795,-169,1382,-251,-2090,264,45,5,-59
2025-11-19T13:33:41.267927,46,32,38,122,199,179,43,69,12255,-10785,-177,1376,-231,-2037,304,55,-16,-79
2025-11-19T13:33:41.298649,54,48,40,112,139,119,38,66,12262,-10777,-190,1370,-207,-2019,278,48,-34,-87
2025-11-19T13:33:41.312916,51,67,43,147,131,114,29,57,12266,-10774,-201,1368,-164,-2051,289,17,-41,-39
2025-11-19T13:33:41.328267,53,81,44,164,130,114,30,47,12273,-10765,-209,1370,-143,-2051,280,61,-40,3
2025-11-19T13:33:41.350413,53,83,42,162,89,70,45,115,12292,-10743,-209,1375,-151,-2031,297,156,-27,26
2025-11-19T13:33:41.372436,47,81,38,185,84,66,47,121,12314,-10718,-207,1375,-145,-2017,302,181,0,20
2025-11-19T13:33:41.396085,38,74,39,225,161,123,57,125,12326,-10704,-205,1378,-189,-2025,292,109,-7,14
2025-11-19T13:33:41.410554,34,57,40,216,188,144,71,128,12334,-10692,-212,1387,-176,-1993,330,61,-64,9
2025-11-19T13:33:41.432887,30,34,44,195,189,147,71,127,12340,-10684,-226,1394,-177,-1939,246,75,-92,-26
2025-11-19T13:33:41.456404,28,49,45,190,185,145,62,73,12347,-10675,-242,1402,-177,-2034,241,97,-104,-19
2025-11-19T13:33:41.470452,25,47,53,173,180,145,60,62,12362,-10656,-253,1412,-196,-2033,296,138,-91,-17
2025-11-19T13:33:41.492435,23,46,52,122,119,102,50,52,12374,-10640,-262,1421,-220,-1987,314,108,-80,-25
2025-11-19T13:33:41.516058,22,45,50,152,106,78,28,38,12385,-10626,-274,1429,-226,-1969,334,83,-91,-44
2025-11-19T13:33:41.529811,21,45,44,154,119,132,35,33,12389,-10621,-292,1434,-221,-2011,344,20,-100,-67
2025-11-19T13:33:41.553171,19,24,42,150,124,143,37,28,12393,-10616,-310,1434,-219,-2038,372,2,-82,-93
2025-11-19T13:33:41.576010,19,25,34,153,127,143,40,38,12403,-10604,-331,1426,-195,-2022,347,65,-64,-131
2025-11-19T13:33:41.589788,21,25,36,151,130,140,41,42,12416,-10591,-353,1409,-165,-2057,357,82,-38,-161
2025-11-19T13:33:41.612812,24,24,34,88,105,141,43,44,12430,-10577,-370,1388,-133,-2026,382,75,3,-146
2025-11-19T13:33:41.636076,25,42,40,103,135,114,36,55,12434,-10574,-379,1365,-131,-2006,372,4,43,-122
2025-11-19T13:33:41.649875,26,43,48,111,143,116,35,57,12423,-10590,-384,1345,-110,-2012,356,-130,59,-78
2025-11-19T13:33:41.672709,29,43,51,112,142,120,33,56,12396,-10623,-383,1328,-134,-2082,325,-233,80,-47
2025-11-19T13:33:41.696020,28,43,51,119,136,120,30,55,12373,-10653,-377,1311,-116,-2177,330,-203,102,-12
2025-11-19T13:33:41.710220,24,44,51,146,142,111,33,62,12367,-10663,-364,1294,-97,-2135,332,-64,121,6
2025-11-19T13:33:41.732667,24,27,48,145,99,84,34,61,12366,-10665,-346,1283,-161,-2036,323,-9,117,9
2025-11-19T13:33:41.755673,25,26,43,143,84,80,35,65,12360,-10674,-333,1273,-173,-2060,288,-48,89,-3
2025-11-19T13:33:41.770221,23,26,38,140,90,74,33,72,12355,-10681,-324,1269,-187,-2087,282,-22,53,-4
2025-11-19T13:33:41.792697,21,46,36,141,101,73,37,83,12360,-10675,-319,1269,-178,-2063,281,65,14,2
2025-11-19T13:33:41.815954,22,55,49,134,236,169,49,78,12373,-10660,-315,1273,-214,-2026,269,133,-11,-13
2025-11-19T13:33:41.830055,27,83,85,126,255,192,53,80,12386,-10644,-322,1278,-201,-2026,294,125,-56,-40
2025-11-19T13:33:41.852722,32,87,89,193,260,188,54,85,12397,-10630,-333,1279,-158,-2000,293,107,-59,-48
2025-11-19T13:33:41.875771,33,87,89,195,262,189,54,80,12398,-10628,-341,1281,-121,-2005,281,34,-44,-11
2025-11-19T13:33:41.890059,54,84,91,195,260,191,52,69,12399,-10627,-342,1280,-75,-1944,347,13,8,4
2025-11-19T13:33:41.912688,55,79,86,192,148,121,47,76,12398,-10629,-337,1280,-106,-2016,352,-23,29,35
2025-11-19T13:33:41.935917,56,52,71,355,137,83,44,73,12401,-10625,-329,1278,-61,-2006,402,-14,50,65
2025-11-19T13:33:41.950226,55,46,70,337,138,82,50,64,12394,-10634,-315,1273,-35,-2008,363,-84,89,97
2025-11-19T13:33:41.972611,55,45,72,371,144,88,50,69,12393,-10638,-285,1270,24,-2015,363,-32,156,192
2025-11-19T13:33:41.995926,36,36,73,395,150,104,54,76,12393,-10638,-236,1276,43,-1946,339,4,202,311
2025-11-19T13:33:42.009927,34,63,85,416,177,120,48,72,12367,-10666,-167,1304,13,-1893,252,-156,218,479
2025-11-19T13:33:42.032589,40,111,99,336,256,235,72,70,12324,-10711,-83,1351,-19,-1959,206,-264,208,624
2025-11-19T13:33:42.056119,39,136,107,389,306,262,72,72,12270,-10764,-4,1415,27,-2009,129,-302,133,729
2025-11-19T13:33:42.070109,38,146,107,362,317,264,72,64,12224,-10805,74,1504,82,-1900,24,-180,27,857
2025-11-19T13:33:42.092482,42,187,235,344,332,267,72,56,12181,-10835,154,1619,41,-1925,-36,-95,-70,970
2025-11-19T13:33:42.115833,43,187,262,325,325,269,77,51,12130,-10870,234,1756,-83,-1906,-137,-99,-172,1020
2025-11-19T13:33:42.130134,33,171,257,282,279,219,65,56,12094,-10883,301,1903,-222,-1635,-96,-3,-279,921
2025-11-19T13:33:42.153097,32,162,280,182,217,201,63,58,12056,-10898,339,2052,-302,-1621,-23,-80,-402,797
2025-11-19T13:33:42.175831,68,186,324,174,201,194,62,60,12016,-10910,349,2214,-571,-1737,44,-125,-580,628
2025-11-19T13:33:42.189970,70,148,272,161,168,187,66,67,11962,-10934,313,2386,-828,-1914,38,-250,-805,402
2025-11-19T13:33:42.212298,76,143,253,156,181,177,61,74,11949,-10920,216,2525,-898,-2000,208,-76,-956,-14
2025-11-19T13:33:42.235653,80,142,268,180,237,127,57,72,11945,-10903,105,2622,-829,-2228,216,-23,-858,-179
2025-11-19T13:33:42.250025,81,134,290,226,300,104,55,66,11955,-10867,2,2726,-1036,-2186,258,99,-877,-256
2025-11-19T13:33:42.272533,56,109,337,256,345,109,62,63,12030,-10760,-116,2814,-1042,-2167,430,542,-935,-448
2025-11-19T13:33:42.295839,51,110,337,264,392,98,58,51,12107,-10654,-252,2877,-916,-1829,492,488,-909,-603
2025-11-19T13:33:42.318308,43,114,415,274,405,130,61,43,12134,-10604,-404,2930,-734,-1796,546,29,-876,-568
2025-11-19T13:33:42.332912,39,114,466,279,379,132,55,36,12134,-10591,-560,2952,-399,-2071,687,-287,-704,-477
2025-11-19T13:33:42.355652,39,111,508,300,345,127,59,40,12129,-10586,-689,2962,-415,-2274,539,-210,-564,-431
2025-11-19T13:33:42.378320,38,89,469,283,297,128,58,39,12179,-10523,-778,2961,-252,-2195,560,254,-393,-331
2025-11-19T13:33:42.392499,37,87,490,282,232,136,59,40,12254,-10433,-830,2955,-118,-2039,629,463,-219,-203
2025-11-19T13:33:42.415625,34,81,434,276,214,174,64,42,12290,-10385,-867,2963,-163,-1906,703,116,-184,-79
2025-11-19T13:33:42.438177,29,69,387,282,204,240,75,44,12277,-10396,-929,2960,-183,-1969,655,-302,-208,-156
2025-11-19T13:33:42.452454,28,76,298,234,184,253,76,43,12251,-10430,-1015,2921,-18,-2158,621,-452,-152,-280
2025-11-19T13:33:42.475730,29,77,280,242,185,250,72,44,12240,-10448,-1097,2874,116,-2228,628,-335,-105,-260
