timestamp,EMG_0,EMG_1,EMG_2,EMG_3,EMG_4,EMG_5,EMG_6,EMG_7,quat_0,quat_1,quat_2,quat_3,acc_0,acc_1,acc_2,gyro_0,gyro_1,gyro_2
2025-11-19T17:39:53.619354,18,20,23,15,18,82,21,19,-6558,11685,8029,-4940,-86,-1876,-1094,6,-1,-1
2025-11-19T17:39:53.637178,20,19,21,15,18,82,23,19,-6561,11684,8029,-4941,-82,-1882,-1088,20,2,-3
2025-11-19T17:39:53.651444,20,20,22,15,18,81,23,16,-6564,11682,8027,-4943,-86,-1877,-1077,26,1,-5
2025-11-19T17:39:53.672132,20,17,21,18,20,100,24,16,-6568,11680,8026,-4944,-77,-1874,-1085,31,2,-3
2025-11-19T17:39:53.694320,20,20,20,17,20,84,24,19,-6572,11678,8024,-4946,-84,-1875,-1074,30,7,0
2025-11-19T17:39:53.710125,22,21,20,17,20,81,26,20,-6578,11677,8021,-4948,-80,-1891,-1083,38,9,4
2025-11-19T17:39:53.731809,21,20,21,18,21,79,25,21,-6583,11675,8018,-4950,-76,-1872,-1072,39,10,4
2025-11-19T17:39:53.754803,19,21,20,26,21,93,24,20,-6588,11673,8016,-4952,-83,-1883,-1070,32,6,-1
2025-11-19T17:39:53.769282,21,20,20,24,20,68,27,21,-6590,11671,8016,-4952,-75,-1876,-1078,16,0,-5
2025-11-19T17:39:53.792625,21,17,17,25,22,68,26,19,-6590,11671,8016,-4952,-79,-1886,-1063,3,-2,-7
2025-11-19T17:39:53.816395,20,19,17,26,23,67,23,20,-6590,11671,8016,-4952,-76,-1875,-1075,-12,1,-2
2025-11-19T17:39:53.839237,20,18,18,25,21,65,24,20,-6590,11672,8016,-4952,-86,-1874,-1075,-12,1,0
2025-11-19T17:39:53.858610,21,16,18,19,21,41,26,22,-6590,11672,8016,-4952,-77,-1878,-1087,-8,2,-2
2025-11-19T17:39:53.876610,18,17,19,19,21,65,22,21,-6589,11672,8016,-4952,-79,-1871,-1077,-1,2,-3
2025-11-19T17:39:53.899231,20,17,19,18,22,85,25,21,-6589,11672,8016,-4951,-72,-1883,-1078,6,4,-3
2025-11-19T17:39:53.918524,19,17,21,18,23,86,25,21,-6589,11672,8016,-4951,-81,-1883,-1087,9,7,-3
2025-11-19T17:39:53.937041,18,18,21,18,24,89,26,20,-6591,11672,8015,-4952,-91,-1886,-1093,19,8,-3
2025-11-19T17:39:53.959008,18,19,22,19,24,89,26,19,-6593,11671,8014,-4951,-79,-1883,-1092,23,9,-2
2025-11-19T17:39:53.978752,20,19,23,19,25,84,26,20,-6596,11670,8014,-4951,-72,-1888,-1086,19,4,-3
2025-11-19T17:39:53.996460,17,19,23,18,22,66,28,23,-6596,11670,8014,-4951,-77,-1880,-1072,10,2,-2
2025-11-19T17:39:54.019212,18,17,22,18,23,83,29,23,-6596,11670,8014,-4951,-75,-1886,-1072,-5,1,-1
2025-11-19T17:39:54.039078,19,18,21,17,27,115,29,25,-6594,11671,8015,-4949,-78,-1873,-1070,-18,-1,-1
2025-11-19T17:39:54.056352,20,18,22,18,29,129,33,26,-6588,11674,8017,-4946,-84,-1889,-1078,-37,-2,1
2025-11-19T17:39:54.079309,20,19,21,22,51,149,42,29,-6583,11677,8019,-4944,-78,-1883,-1084,-32,-9,1
2025-11-19T17:39:54.099143,20,21,25,32,68,163,47,28,-6579,11679,8021,-4942,-81,-1883,-1080,-29,-1,1
2025-11-19T17:39:54.116475,17,22,25,42,82,200,48,28,-6579,11679,8021,-4941,-80,-1890,-1093,4,-3,-5
2025-11-19T17:39:54.139652,18,22,26,44,85,186,48,27,-6580,11677,8021,-4944,-85,-1881,-1091,26,-10,-5
2025-11-19T17:39:54.158572,17,21,27,47,85,183,46,27,-6587,11672,8020,-4949,-69,-1882,-1077,54,-9,-7
2025-11-19T17:39:54.181182,17,21,27,46,76,162,39,23,-6596,11667,8017,-4952,-76,-1879,-1082,67,8,-6
2025-11-19T17:39:54.199243,17,18,24,40,71,151,32,21,-6608,11662,8012,-4956,-78,-1880,-1075,83,17,-9
2025-11-19T17:39:54.225931,18,19,24,31,70,111,36,23,-6620,11657,8008,-4959,-74,-1888,-1064,74,22,-10
2025-11-19T17:39:54.236715,19,17,22,29,87,117,40,24,-6630,11652,8005,-4961,-76,-1891,-1056,59,18,-13
2025-11-19T17:39:54.259460,22,19,23,29,102,141,65,27,-6638,11649,8002,-4963,-79,-1899,-1066,54,15,-6
2025-11-19T17:39:54.278813,25,20,27,40,176,149,69,40,-6644,11645,7999,-4968,-79,-1891,-1079,61,-5,0
2025-11-19T17:39:54.296737,30,26,42,105,269,233,89,48,-6663,11631,7992,-4988,-80,-1919,-1093,185,-37,-1
2025-11-19T17:39:54.318849,33,29,62,218,533,291,111,53,-6712,11595,7976,-5032,-75,-1900,-1059,437,-66,-16
2025-11-19T17:39:54.338933,34,32,73,241,630,306,117,55,-6779,11543,7956,-5093,-90,-1934,-1064,610,-102,-42
2025-11-19T17:39:54.356735,33,39,111,249,636,297,108,54,-6852,11483,7946,-5146,-107,-1900,-1136,669,-86,-143
2025-11-19T17:39:54.379470,45,62,165,266,626,295,109,48,-6993,11374,7901,-5265,-166,-2847,-1042,1055,-151,-121
2025-11-19T17:39:54.398431,55,109,294,347,600,233,98,53,-7148,11244,7870,-5382,-168,-2043,-1037,1351,-177,-278
2025-11-19T17:39:54.416230,76,130,324,321,386,138,70,50,-7324,11082,7838,-5527,-560,-2429,-946,1507,-198,-529
2025-11-19T17:39:54.439299,86,139,330,325,184,91,60,53,-7495,10916,7830,-5638,-91,-2030,-821,1413,-250,-482
2025-11-19T17:39:54.458421,91,140,324,330,158,75,57,57,-7639,10785,7822,-5708,-93,-2022,-768,1114,-95,-449
2025-11-19T17:39:54.473983,85,134,306,321,133,67,52,60,-7780,10642,7833,-5769,-59,-2180,-672,1023,-150,-566
2025-11-19T17:39:54.499129,88,105,189,218,97,82,44,50,-7956,10467,7827,-5859,84,-2122,-615,1365,-193,-519
2025-11-19T17:39:54.514407,148,86,141,220,89,95,45,78,-8059,10340,7838,-5928,-88,-2494,-548,818,-236,-465
2025-11-19T17:39:54.544372,213,98,134,199,186,100,44,89,-8175,10209,7774,-6078,-141,-2436,-543,1286,-288,-39
2025-11-19T17:39:54.559284,224,104,164,197,334,193,76,94,-8304,10072,7628,-6311,-600,-2719,-505,1754,-331,450
2025-11-19T17:39:54.578725,225,121,190,263,366,227,83,97,-8369,9960,7490,-6565,-388,-1980,-131,1401,-520,573
2025-11-19T17:39:54.596807,223,122,218,308,423,224,86,100,-8536,9787,7378,-6736,359,-2675,-359,1756,-232,109
2025-11-19T17:39:54.619398,183,119,214,285,573,304,99,86,-8616,9665,7340,-6849,-67,-1777,-242,1032,-347,-51
2025-11-19T17:39:54.638716,96,112,213,313,729,340,112,76,-8685,9564,7342,-6902,143,-2111,-97,610,-252,-169
2025-11-19T17:39:54.656784,65,123,187,311,737,318,97,68,-8808,9403,7357,-6951,150,-2494,73,839,-278,-508
2025-11-19T17:39:54.679970,63,153,157,262,801,315,99,72,-8971,9205,7372,-6991,121,-2206,-77,1181,-238,-762
2025-11-19T17:39:54.700120,61,152,107,199,801,408,103,71,-9143,8992,7392,-7024,281,-2001,-50,1244,-242,-789
2025-11-19T17:39:54.714909,56,150,94,191,767,387,100,67,-9310,8796,7415,-7029,389,-1913,-70,1133,-137,-791
2025-11-19T17:39:54.737740,49,142,86,142,656,384,89,64,-9448,8634,7442,-7017,420,-1951,-68,907,-81,-717
2025-11-19T17:39:54.757673,54,134,138,168,626,383,126,83,-9559,8495,7446,-7033,303,-2031,-62,896,-104,-503
2025-11-19T17:39:54.776378,53,78,177,157,546,373,126,79,-9653,8372,7436,-7062,385,-2008,-25,855,-95,-310
2025-11-19T17:39:54.798867,75,76,218,162,547,291,121,81,-9708,8301,7426,-7081,257,-1955,-36,563,-37,-187
2025-11-19T17:39:54.818441,129,75,228,155,487,268,129,97,-9744,8245,7415,-7109,344,-2175,77,446,-76,-43
2025-11-19T17:39:54.836677,134,74,229,141,416,238,139,105,-9780,8192,7385,-7152,265,-2073,148,482,-60,35
2025-11-19T17:39:54.859221,134,59,198,153,372,241,110,93,-9809,8130,7348,-7221,156,-2245,138,607,-144,69
2025-11-19T17:39:54.878347,137,55,161,261,413,247,109,92,-9808,8059,7316,-7332,97,-2392,126,679,-378,213
2025-11-19T17:39:54.896368,127,47,100,399,382,229,112,90,-9798,7962,7301,-7466,91,-2065,180,721,-587,222
2025-11-19T17:39:54.919250,80,46,81,508,366,230,100,73,-9779,7870,7310,-7579,107,-1969,245,533,-626,131
2025-11-19T17:39:54.938334,70,44,76,611,368,234,94,63,-9763,7776,7317,-7689,3,-2171,339,522,-617,53
2025-11-19T17:39:54.960957,67,44,82,672,396,237,96,69,-9776,7644,7296,-7823,-15,-2235,327,896,-615,28
2025-11-19T17:39:54.978842,60,43,85,655,328,242,96,62,-9799,7473,7269,-7985,-54,-2135,262,1190,-749,-7
2025-11-19T17:39:55.003824,57,39,84,609,325,248,95,62,-9814,7285,7254,-8150,-20,-1912,272,1197,-862,-23
2025-11-19T17:39:55.020863,48,42,87,689,305,244,100,61,-9822,7102,7268,-8289,62,-1652,365,951,-891,-95
2025-11-19T17:39:55.039334,50,40,91,733,333,235,89,56,-9826,6936,7299,-8396,107,-1702,446,735,-835,-176
2025-11-19T17:39:55.058002,53,40,85,688,365,203,86,53,-9845,6769,7331,-8483,115,-1780,496,724,-759,-301
2025-11-19T17:39:55.081309,68,40,76,677,395,207,79,57,-9886,6597,7344,-8558,137,-1736,498,821,-627,-371
2025-11-19T17:39:55.103459,69,40,75,664,407,230,86,59,-9939,6436,7349,-8616,220,-1592,504,786,-486,-375
2025-11-19T17:39:55.118417,68,37,69,554,445,223,94,60,-9992,6301,7363,-8642,353,-1559,540,570,-354,-376
2025-11-19T17:39:55.144057,72,40,73,427,438,242,102,73,-10035,6197,7393,-8643,413,-1714,586,350,-282,-383
2025-11-19T17:39:55.159210,87,40,81,498,396,249,105,77,-10082,6095,7419,-8637,486,-1799,655,326,-236,-384
2025-11-19T17:39:55.182102,79,39,81,521,381,245,110,76,-10136,5990,7435,-8634,560,-1810,637,413,-181,-358
2025-11-19T17:39:55.201000,81,38,84,517,357,214,105,75,-10186,5889,7445,-8636,528,-1769,609,437,-181,-331
2025-11-19T17:39:55.219282,79,36,89,467,351,201,95,71,-10228,5795,7460,-8637,555,-1667,570,385,-187,-288
2025-11-19T17:39:55.241630,72,37,89,484,374,198,94,59,-10257,5727,7485,-8626,532,-1639,586,203,-158,-265
2025-11-19T17:39:55.261048,45,33,80,381,350,193,85,54,-10277,5682,7516,-8604,485,-1834,592,91,-127,-275
2025-11-19T17:39:55.278302,42,32,84,404,335,177,81,57,-10294,5637,7551,-8584,519,-1875,599,85,-150,-266
2025-11-19T17:39:55.299200,93,40,82,446,338,170,82,57,-10311,5589,7575,-8573,526,-1838,625,130,-138,-224
2025-11-19T17:39:55.316657,100,42,90,558,319,160,77,56,-10324,5548,7588,-8573,475,-1845,626,165,-120,-162
2025-11-19T17:39:55.337986,103,38,85,608,280,145,69,55,-10329,5515,7601,-8577,488,-1895,627,140,-127,-111
2025-11-19T17:39:55.361724,106,39,91,622,312,186,91,53,-10331,5476,7609,-8593,452,-1895,641,197,-164,-81
2025-11-19T17:39:55.376432,105,37,85,587,361,224,90,51,-10334,5436,7617,-8608,507,-1811,667,177,-157,-63
2025-11-19T17:39:55.398722,64,36,106,554,348,224,92,55,-10340,5397,7628,-8614,577,-1775,692,127,-132,-68
2025-11-19T17:39:55.421694,56,39,98,461,326,257,89,56,-10347,5364,7640,-8615,567,-1842,689,110,-107,-90
2025-11-19T17:39:55.437155,52,45,118,386,345,258,88,54,-10353,5325,7650,-8625,647,-1902,747,139,-130,-41
2025-11-19T17:39:55.459179,45,46,115,371,348,234,62,50,-10360,5284,7645,-8645,502,-1755,780,184,-131,-39
2025-11-19T17:39:55.482116,44,48,118,453,304,236,65,49,-10372,5243,7652,-8649,633,-1760,790,113,-105,-73
2025-11-19T17:39:55.496387,58,48,112,562,302,248,61,48,-10386,5215,7662,-8641,612,-1841,743,68,-53,-123
2025-11-19T17:39:55.519199,109,47,110,582,289,216,57,49,-10399,5186,7657,-8647,531,-1928,709,194,-41,-97
2025-11-19T17:39:55.541935,119,46,112,561,246,204,59,69,-10405,5162,7652,-8660,573,-1869,748,148,-48,-8
2025-11-19T17:39:55.556706,120,47,126,561,196,228,69,75,-10415,5143,7639,-8670,533,-1770,709,158,4,-15
2025-11-19T17:39:55.579243,123,56,157,638,165,184,67,81,-10420,5128,7640,-8671,607,-1774,720,72,-17,-8
2025-11-19T17:39:55.601666,122,60,169,568,192,185,64,79,-10419,5119,7654,-8666,614,-1802,676,7,-48,-21
2025-11-19T17:39:55.616701,150,65,190,530,241,215,67,78,-10416,5100,7675,-8663,637,-1787,642,39,-102,-42
2025-11-19T17:39:55.638907,182,88,193,624,333,278,79,89,-10423,5052,7695,-8664,712,-1729,652,156,-147,-87
2025-11-19T17:39:55.661674,220,125,212,667,369,259,83,106,-10447,4982,7716,-8657,758,-1545,664,203,-154,-188
2025-11-19T17:39:55.676498,226,126,203,608,385,264,81,105,-10479,4915,7745,-8632,900,-1552,689,126,-102,-218
2025-11-19T17:39:55.698929,266,149,212,599,409,267,84,117,-10512,4885,7766,-8590,839,-1543,744,-55,45,-207
2025-11-19T17:39:55.721334,258,182,193,726,428,246,88,123,-10557,4860,7769,-8545,777,-1662,721,31,149,-266
2025-11-19T17:39:55.747989,252,276,187,694,446,337,88,121,-10594,4861,7787,-8481,767,-1607,677,-161,186,-270
2025-11-19T17:39:55.759288,297,355,247,762,516,357,96,157,-10636,4850,7808,-8416,732,-1607,668,-122,142,-346
2025-11-19T17:39:55.781757,333,366,245,763,529,363,103,176,-10676,4841,7816,-8363,649,-1790,715,-45,149,-349
2025-11-19T17:39:55.800588,310,370,270,793,512,440,112,172,-10707,4855,7825,-8308,719,-1731,719,-164,197,-232
2025-11-19T17:39:55.819291,295,396,299,682,483,456,110,171,-10737,4876,7825,-8254,594,-1686,680,-160,226,-243
2025-11-19T17:39:55.841911,281,345,307,665,421,414,106,165,-10753,4917,7852,-8184,610,-1716,636,-351,179,-255
2025-11-19T17:39:55.861024,209,412,292,635,286,405,92,122,-10766,4954,7885,-8113,673,-1831,674,-366,150,-267
2025-11-19T17:39:55.878954,238,425,408,621,254,412,84,101,-10778,4988,7910,-8052,616,-1882,692,-313,125,-258
2025-11-19T17:39:55.902206,286,427,390,676,223,334,74,113,-10806,4999,7916,-8001,636,-1745,724,-160,155,-268
2025-11-19T17:39:55.920929,294,396,379,709,199,308,68,111,-10825,5042,7929,-7935,650,-1793,613,-299,238,-222
2025-11-19T17:39:55.938756,300,390,419,685,176,259,71,113,-10859,5066,7939,-7863,677,-1665,605,-234,254,-305
2025-11-19T17:39:55.961513,301,235,512,706,184,273,81,112,-10897,5092,7957,-7774,735,-1701,614,-304,278,-365
2025-11-19T17:39:55.980918,257,204,479,692,151,260,81,106,-10927,5139,7992,-7664,774,-1687,606,-504,288,-382
2025-11-19T17:39:55.999195,245,204,490,590,145,244,80,103,-10968,5184,8019,-7547,765,-1664,563,-461,354,-435
2025-11-19T17:39:56.021551,271,224,500,549,143,244,79,106,-11000,5236,8047,-7433,779,-1634,440,-455,364,-373
2025-11-19T17:39:56.040936,283,242,482,560,120,228,78,106,-11008,5314,8101,-7308,792,-1692,450,-696,279,-343
2025-11-19T17:39:56.058924,282,231,406,453,75,184,79,113,-10997,5412,8152,-7194,652,-1823,452,-764,234,-288
2025-11-19T17:39:56.082009,257,219,344,439,78,170,84,110,-10981,5492,8200,-7103,703,-1740,395,-633,161,-187
2025-11-19T17:39:56.101003,203,193,337,449,77,171,83,99,-10947,5594,8253,-7014,599,-1690,375,-768,133,-129
2025-11-19T17:39:56.119215,150,159,320,451,144,196,86,94,-10891,5722,8305,-6936,480,-1846,372,-864,85,-45
2025-11-19T17:39:56.141703,171,123,326,496,161,173,77,96,-10825,5839,8354,-6883,494,-2015,423,-791,-18,24
2025-11-19T17:39:56.163791,194,109,299,585,184,174,67,87,-10756,5946,8390,-6857,485,-2123,456,-674,-63,112
2025-11-19T17:39:56.179119,200,132,303,587,184,172,59,84,-10702,6028,8377,-6884,495,-2290,591,-340,-31,284
2025-11-19T17:39:56.201678,196,135,294,628,310,168,63,81,-10658,6115,8328,-6934,429,-2017,527,-189,101,469
2025-11-19T17:39:56.224173,203,160,342,627,300,132,63,85,-10599,6236,8273,-6983,482,-1975,518,-341,176,663
2025-11-19T17:39:56.239085,230,182,308,592,301,112,59,84,-10536,6387,8206,-7022,428,-2134,530,-456,294,717
2025-11-19T17:39:56.269084,246,201,254,502,296,121,50,82,-10482,6519,8140,-7057,469,-2181,534,-383,287,658
2025-11-19T17:39:56.284480,348,193,244,460,297,114,52,115,-10454,6612,8076,-7085,634,-2120,563,-235,290,570
2025-11-19T17:39:56.299215,378,283,315,476,176,104,49,128,-10445,6688,8019,-7093,722,-1993,539,-208,340,466
2025-11-19T17:39:56.321613,382,292,278,525,166,102,46,126,-10453,6755,7970,-7072,797,-1923,496,-220,416,335
2025-11-19T17:39:56.343920,345,276,276,479,149,104,53,122,-10462,6831,7942,-7018,816,-1937,410,-351,459,207
2025-11-19T17:39:56.357175,323,264,300,482,137,83,66,126,-10473,6893,7936,-6947,683,-1868,346,-372,376,-11
2025-11-19T17:39:56.381319,210,261,300,490,140,84,74,102,-10482,6925,7968,-6865,746,-1853,222,-336,216,-190
2025-11-19T17:39:56.404050,153,170,211,410,132,80,79,94,-10483,6944,8035,-6764,772,-1779,153,-421,91,-338
2025-11-19T17:39:56.419288,145,183,194,318,119,66,79,90,-10473,6954,8131,-6654,729,-1760,107,-497,-43,-471
2025-11-19T17:39:56.441244,134,263,187,319,128,66,112,87,-10447,6965,8236,-6553,643,-1710,19,-503,-142,-475
2025-11-19T17:39:56.464323,115,291,149,259,126,64,132,75,-10396,6984,8364,-6451,703,-1613,-132,-594,-246,-409
2025-11-19T17:39:56.478985,101,294,137,311,144,72,151,80,-10303,7050,8514,-6333,700,-1659,-234,-923,-298,-315
2025-11-19T17:39:56.501966,92,285,131,358,160,79,156,80,-10162,7134,8686,-6233,692,-1888,-269,-1100,-523,-197
2025-11-19T17:39:56.524205,208,249,106,395,167,87,158,82,-9995,7200,8871,-6166,630,-1818,-304,-1044,-769,-133
2025-11-19T17:39:56.539099,230,209,140,519,219,91,137,80,-9812,7261,9063,-6107,585,-1715,-392,-1042,-870,-113
2025-11-19T17:39:56.561692,240,180,157,603,300,124,135,93,-9595,7321,9265,-6076,461,-1606,-489,-1039,-1069,-16
2025-11-19T17:39:56.584201,248,194,182,686,337,216,159,107,-9329,7422,9461,-6066,304,-1799,-575,-1212,-1160,186
2025-11-19T17:39:56.599848,252,221,254,862,468,229,171,111,-9010,7560,9652,-6078,218,-1742,-594,-1411,-1302,483
2025-11-19T17:39:56.621600,171,250,257,888,475,237,185,119,-8678,7739,9822,-6063,298,-1792,-553,-1779,-1193,762
2025-11-19T17:39:56.644346,163,388,261,934,544,249,200,141,-8353,7960,9933,-6052,310,-1864,-579,-1760,-925,1064
2025-11-19T17:39:56.658696,162,406,275,956,556,245,187,130,-8037,8220,9967,-6076,188,-1888,-592,-1538,-648,1374
2025-11-19T17:39:56.681718,150,404,298,922,619,219,158,112,-7732,8539,9944,-6070,150,-2140,-539,-1714,-294,1733
2025-11-19T17:39:56.704115,150,417,299,774,613,249,155,111,-7442,8887,9868,-6057,375,-2134,-378,-1694,-35,1975
2025-11-19T17:39:56.719159,131,432,346,747,660,255,149,101,-7187,9219,9781,-6010,323,-2596,-203,-1696,178,1795
2025-11-19T17:39:56.741731,101,296,395,614,663,272,155,82,-6974,9507,9685,-5967,397,-2949,33,-1478,228,1613
2025-11-19T17:39:56.764206,76,259,399,499,665,323,214,104,-6892,9717,9537,-5962,408,-2917,90,-1142,425,1450
2025-11-19T17:39:56.778997,79,262,391,409,624,389,240,128,-6881,9868,9420,-5913,564,-3065,76,-1010,586,1001
2025-11-19T17:39:56.801706,77,233,385,354,624,380,238,130,-6964,9952,9312,-5847,545,-3120,33,-593,790,512
2025-11-19T17:39:56.824232,79,205,355,334,595,382,232,129,-7092,9991,9199,-5804,244,-3294,-176,-163,852,182
2025-11-19T17:39:56.838742,78,192,294,302,515,362,218,124,-7218,10012,9082,-5798,3,-3100,-373,158,752,109
2025-11-19T17:39:56.861677,108,199,280,267,469,313,160,118,-7328,10017,8968,-5827,-31,-2928,-474,357,553,153
2025-11-19T17:39:56.884163,158,183,251,258,441,216,104,117,-7427,10025,8849,-5872,-59,-2601,-453,454,482,247
2025-11-19T17:39:56.898776,297,194,204,318,344,197,88,174,-7530,10035,8718,-5918,-125,-2411,-383,504,543,263
2025-11-19T17:39:56.921757,415,185,205,320,301,173,88,207,-7652,10029,8570,-5987,-333,-2647,-330,678,554,186
2025-11-19T17:39:56.944684,452,189,200,315,298,171,82,221,-7820,9981,8386,-6109,-472,-2694,-269,1177,536,164
2025-11-19T17:39:56.959204,452,187,190,315,361,194,76,217,-8059,9868,8190,-6249,-542,-2687,-274,1880,514,136
2025-11-19T17:39:56.981701,456,185,187,313,328,158,74,211,-8339,9700,7976,-6418,-514,-2425,-385,2330,458,42
2025-11-19T17:39:57.004128,430,148,169,218,327,138,62,175,-8602,9519,7788,-6570,-406,-2285,-340,2218,360,-80
2025-11-19T17:39:57.019222,360,111,137,286,426,159,81,184,-8843,9350,7622,-6686,-247,-2076,-278,1974,381,-155
2025-11-19T17:39:57.046124,323,97,138,298,484,178,83,176,-9082,9182,7495,-6742,-138,-1956,-360,1742,443,-439
2025-11-19T17:39:57.064393,321,87,124,472,444,223,104,180,-9315,8996,7404,-6775,-131,-2183,-405,1656,350,-662
2025-11-19T17:39:57.086568,348,83,125,531,453,246,110,179,-9557,8762,7320,-6837,-53,-2242,-460,1906,153,-724
2025-11-19T17:39:57.101531,327,83,129,606,442,345,126,173,-9789,8500,7237,-6927,82,-2081,-410,2045,-27,-672
2025-11-19T17:39:57.124097,284,74,135,602,342,373,112,124,-9992,8236,7182,-7013,246,-1824,-350,1886,-178,-676
2025-11-19T17:39:57.147125,282,69,121,712,280,370,114,110,-10130,8008,7199,-7063,283,-1628,-338,1554,-367,-722
2025-11-19T17:39:57.161618,296,73,147,664,274,346,97,107,-10218,7795,7270,-7101,409,-1796,-362,1243,-585,-717
2025-11-19T17:39:57.183539,291,80,155,666,269,331,87,141,-10289,7583,7337,-7158,423,-1749,-244,1204,-668,-601
2025-11-19T17:39:57.206558,286,87,154,690,260,254,67,141,-10347,7401,7375,-7225,521,-1767,-45,1064,-555,-348
2025-11-19T17:39:57.221562,294,92,178,778,362,212,76,138,-10389,7256,7362,-7326,459,-1728,94,1050,-419,-3
2025-11-19T17:39:57.244080,288,107,215,712,356,209,71,138,-10442,7111,7354,-7400,631,-1497,185,933,-332,-27
2025-11-19T17:39:57.266279,394,115,209,671,346,189,75,202,-10479,6996,7390,-7420,594,-1455,111,582,-312,-240
2025-11-19T17:39:57.281194,415,126,212,658,340,183,76,217,-10505,6922,7447,-7396,571,-1537,172,224,-213,-345
2025-11-19T17:39:57.304056,405,128,210,561,376,165,80,220,-10528,6870,7475,-7384,492,-1824,233,248,-113,-251
2025-11-19T17:39:57.326676,401,134,184,481,297,164,80,220,-10539,6841,7487,-7384,549,-1826,257,204,-46,-58
2025-11-19T17:39:57.341410,407,122,135,522,280,171,81,228,-10552,6802,7489,-7399,600,-1855,324,273,-71,12
2025-11-19T17:39:57.368428,332,111,124,533,285,161,75,174,-10557,6772,7494,-7414,493,-1803,261,246,-80,-5
2025-11-19T17:39:57.386619,334,108,130,551,289,166,78,157,-10557,6751,7508,-7418,534,-1748,360,95,-86,-1
2025-11-19T17:39:57.401692,349,103,131,584,324,179,65,162,-10550,6756,7534,-7399,498,-1909,390,-104,-38,-68
2025-11-19T17:39:57.424142,351,89,125,579,361,163,50,162,-10536,6768,7543,-7399,443,-2137,446,-55,-33,18
2025-11-19T17:39:57.454261,343,88,118,525,546,211,49,153,-10528,6755,7540,-7425,443,-2015,400,155,-95,76
2025-11-19T17:39:57.465957,314,88,131,537,559,215,54,150,-10510,6759,7548,-7437,472,-1962,395,2,-80,95
2025-11-19T17:39:57.484087,244,66,111,492,577,267,52,121,-10488,6785,7537,-7457,319,-1916,391,-24,-2,161
2025-11-19T17:39:57.506662,191,49,107,551,537,270,59,114,-10462,6811,7520,-7486,411,-1877,439,-24,-4,276
2025-11-19T17:39:57.521681,236,62,156,599,573,272,63,118,-10427,6853,7531,-7486,406,-1780,417,-258,-17,186
2025-11-19T17:39:57.543771,280,63,156,619,450,237,64,141,-10394,6888,7551,-7478,410,-2099,439,-247,-48,84
2025-11-19T17:39:57.566573,280,67,137,646,440,235,59,147,-10367,6900,7559,-7498,346,-2211,376,-6,-114,93
2025-11-19T17:39:57.581606,269,85,148,693,423,173,57,138,-10359,6861,7549,-7555,632,-2061,466,300,-193,253
2025-11-19T17:39:57.603904,276,86,154,669,469,149,54,132,-10367,6818,7539,-7593,579,-1832,514,255,-124,132
2025-11-19T17:39:57.626606,239,79,114,593,431,169,59,124,-10362,6809,7543,-7603,498,-1843,516,1,-67,75
2025-11-19T17:39:57.642453,185,80,117,569,404,182,64,91,-10362,6809,7562,-7584,605,-1885,538,-145,-12,2
2025-11-19T17:39:57.663710,191,79,137,551,397,192,66,94,-10380,6784,7592,-7552,648,-1983,495,-40,-20,-182
2025-11-19T17:39:57.686366,352,129,136,485,388,197,66,102,-10412,6743,7615,-7522,594,-1965,449,95,-16,-266
2025-11-19T17:39:57.701695,365,147,127,419,321,195,65,90,-10444,6703,7623,-7504,670,-1835,401,173,31,-139
2025-11-19T17:39:57.725657,396,153,127,396,311,184,68,99,-10452,6712,7649,-7459,651,-1665,331,-161,98,-85
2025-11-19T17:39:57.744501,398,164,160,514,365,159,66,100,-10423,6765,7703,-7396,626,-1849,288,-489,47,-40
2025-11-19T17:39:57.759975,392,231,180,500,354,141,72,87,-10390,6808,7760,-7343,637,-1967,267,-428,-20,-34
2025-11-19T17:39:57.782960,266,319,257,564,356,132,71,74,-10364,6831,7798,-7318,629,-1918,230,-215,-45,35
2025-11-19T17:39:57.806945,294,330,274,565,349,170,72,75,-10323,6865,7848,-7290,754,-1719,213,-352,-88,155
2025-11-19T17:39:57.821066,257,332,282,562,318,168,62,63,-10249,6941,7917,-7247,724,-1754,207,-671,-107,232
2025-11-19T17:39:57.844103,306,332,265,435,223,167,55,60,-10168,7027,7983,-7207,649,-2079,206,-693,-109,216
2025-11-19T17:39:57.866143,348,310,268,414,219,169,50,54,-10093,7096,8027,-7196,434,-1930,115,-464,-143,224
2025-11-19T17:39:57.881439,368,202,190,338,205,170,53,62,-10024,7154,8069,-7188,392,-1777,8,-373,-145,195
2025-11-19T17:39:57.904026,324,169,166,349,220,117,54,59,-9933,7234,8134,-7160,319,-1671,-68,-587,-180,162
2025-11-19T17:39:57.926517,333,221,160,332,193,99,53,62,-9817,7333,8229,-7112,278,-1715,-79,-857,-265,108
2025-11-19T17:39:57.941288,294,224,189,323,180,99,54,66,-9684,7432,8347,-7054,276,-1836,-49,-1021,-363,44
2025-11-19T17:39:57.964134,248,404,170,352,196,92,62,67,-9551,7522,8470,-6992,287,-1834,-109,-1005,-396,-3
2025-11-19T17:39:57.986116,211,436,208,417,209,92,85,75,-9408,7603,8610,-6926,376,-1716,-242,-1012,-476,8
2025-11-19T17:39:58.001386,205,456,233,573,240,105,106,86,-9249,7694,8751,-6864,230,-1743,-320,-1064,-512,0
2025-11-19T17:39:58.024122,180,461,229,646,302,126,124,87,-9031,7819,8915,-6802,71,-1640,-533,-1291,-655,116
2025-11-19T17:39:58.046814,182,481,213,716,339,135,129,85,-8771,7964,9097,-6733,27,-1553,-584,-1539,-774,196
2025-11-19T17:39:58.069101,173,338,215,802,384,153,134,95,-8508,8103,9273,-6664,-28,-1706,-555,-1708,-826,305
2025-11-19T17:39:58.084152,153,292,244,857,484,182,146,93,-8228,8231,9438,-6626,-251,-1918,-521,-1616,-951,398
2025-11-19T17:39:58.110942,157,271,225,825,535,181,144,90,-7916,8384,9557,-6644,-287,-1957,-546,-1446,-974,601
2025-11-19T17:39:58.129156,148,281,260,859,542,175,148,97,-7601,8568,9637,-6661,-82,-2194,-416,-1594,-848,943
2025-11-19T17:39:58.143814,125,241,296,832,605,249,161,106,-7332,8778,9634,-6695,81,-2475,-196,-1472,-505,1320
2025-11-19T17:39:58.166612,100,236,297,777,615,277,174,107,-7127,8987,9594,-6695,317,-2589,-46,-1435,-152,1356
2025-11-19T17:39:58.189109,96,241,285,744,600,285,172,113,-6984,9205,9500,-6684,234,-2777,24,-1270,249,1370
2025-11-19T17:39:58.203810,89,270,416,689,595,323,163,108,-6888,9422,9363,-6675,157,-2962,-13,-1048,502,1404
2025-11-19T17:39:58.226628,86,218,449,584,586,332,156,100,-6809,9635,9224,-6645,225,-3108,-5,-1094,608,1371
2025-11-19T17:39:58.249136,75,215,441,535,551,304,150,93,-6802,9774,9090,-6632,181,-3353,127,-762,612,1008
2025-11-19T17:39:58.264023,57,197,433,463,524,302,134,80,-6878,9818,8970,-6653,180,-3252,136,-159,508,566
2025-11-19T17:39:58.286632,52,185,418,375,462,279,109,58,-7002,9822,8856,-6671,121,-3083,54,175,573,264
2025-11-19T17:39:58.309146,58,123,294,384,393,233,106,55,-7151,9806,8714,-6722,-244,-3134,-28,536,622,128
2025-11-19T17:39:58.324107,94,82,206,379,348,221,93,67,-7315,9768,8554,-6807,-377,-2915,-154,928,561,101
2025-11-19T17:39:58.346185,148,81,161,375,253,181,77,82,-7471,9734,8381,-6901,-479,-2669,-192,1047,555,147
2025-11-19T17:39:58.368926,182,76,161,386,254,131,72,90,-7637,9701,8180,-7007,-580,-2609,-89,1165,618,196
2025-11-19T17:39:58.384103,190,74,179,340,301,150,76,90,-7845,9642,7952,-7118,-516,-2592,-113,1526,714,172
2025-11-19T17:39:58.406582,191,64,180,257,294,174,76,93,-8105,9534,7732,-7215,-662,-2248,-149,1923,727,-17
2025-11-19T17:39:58.429099,177,70,221,203,296,201,103,89,-8358,9424,7539,-7276,-578,-2069,-283,1783,736,-180
2025-11-19T17:39:58.444126,158,67,238,192,397,211,155,98,-8615,9296,7365,-7318,-548,-2032,-289,1760,710,-356
2025-11-19T17:39:58.474880,184,66,236,147,374,228,158,104,-8840,9196,7224,-7317,-350,-1897,-348,1525,730,-538
2025-11-19T17:39:58.489055,209,59,199,116,331,225,170,108,-9068,9075,7127,-7283,-162,-1955,-312,1421,658,-745
2025-11-19T17:39:58.504085,242,60,190,329,391,333,180,117,-9300,8937,7053,-7234,-85,-2099,-271,1400,602,-890
2025-11-19T17:39:58.524355,244,49,138,485,449,406,175,118,-9542,8749,7008,-7193,50,-2093,-316,1592,390,-1050
2025-11-19T17:39:58.547268,235,47,100,515,369,401,130,98,-9790,8510,6981,-7172,199,-1946,-411,1620,161,-1159
2025-11-19T17:39:58.562362,195,48,102,624,372,416,143,92,-9961,8299,7034,-7132,302,-1856,-408,1315,-134,-1127
2025-11-19T17:39:58.586692,198,68,121,745,395,424,135,99,-10072,8095,7127,-7118,386,-1888,-386,1094,-465,-974
2025-11-19T17:39:58.609212,207,71,133,784,397,355,121,109,-10147,7897,7230,-7131,459,-1817,-256,952,-639,-780
2025-11-19T17:39:58.623753,210,71,126,729,345,269,107,105,-10198,7717,7317,-7166,481,-1696,-110,841,-663,-554
2025-11-19T17:39:58.646026,213,77,145,778,386,283,108,106,-10239,7568,7389,-7193,485,-1608,-44,688,-534,-451
2025-11-19T17:39:58.666545,218,85,146,723,381,256,86,102,-10261,7444,7452,-7227,432,-1784,39,570,-524,-343
2025-11-19T17:39:58.681120,267,74,140,698,364,238,78,131,-10278,7333,7509,-7255,468,-1667,127,460,-471,-288
2025-11-19T17:39:58.705792,238,69,116,584,293,208,79,123,-10288,7251,7556,-7274,456,-1673,195,304,-362,-216
2025-11-19T17:39:58.726579,242,68,113,581,311,167,77,124,-10291,7208,7582,-7286,416,-1856,258,179,-206,-109
2025-11-19T17:39:58.742940,331,74,94,491,252,154,79,186,-10294,7171,7589,-7310,422,-1999,228,265,-149,-25
2025-11-19T17:39:58.766471,477,76,87,504,273,154,69,203,-10304,7127,7588,-7342,323,-1911,178,372,-146,-58
2025-11-19T17:39:58.789105,448,76,84,466,257,148,60,181,-10314,7100,7591,-7351,371,-1876,260,199,-63,-75
2025-11-19T17:39:58.803305,454,75,87,507,267,143,56,176,-10307,7117,7604,-7330,396,-1772,202,-82,49,-24
2025-11-19T17:39:58.826576,452,75,87,526,242,161,58,175,-10288,7152,7613,-7313,290,-1943,176,-133,59,7
2025-11-19T17:39:58.849112,409,70,80,546,283,184,66,131,-10263,7174,7623,-7317,282,-2147,244,-68,-56,29
2025-11-19T17:39:58.864261,287,64,75,516,272,228,76,155,-10246,7173,7629,-7335,354,-2080,298,47,-105,54
2025-11-19T17:39:58.886470,384,72,74,513,321,255,83,180,-10246,7154,7633,-7349,466,-2002,304,135,-81,33
2025-11-19T17:39:58.909031,419,85,98,626,382,270,84,182,-10242,7127,7652,-7362,507,-2038,281,127,-155,-8
2025-11-19T17:39:58.924096,435,93,109,639,380,285,91,188,-10226,7101,7673,-7387,590,-2105,364,86,-220,99
2025-11-19T17:39:58.946576,477,91,107,627,373,274,89,177,-10209,7062,7694,-7427,542,-2055,342,176,-295,93
2025-11-19T17:39:58.969097,476,97,115,715,388,227,78,150,-10181,7044,7710,-7464,416,-1956,390,48,-266,125
2025-11-19T17:39:58.991584,407,91,114,688,371,203,86,132,-10163,7029,7723,-7490,615,-1975,505,-22,-184,186
2025-11-19T17:39:59.006587,361,80,103,564,373,274,104,132,-10150,7015,7727,-7516,446,-2036,400,71,-140,95
2025-11-19T17:39:59.029102,363,80,100,542,387,296,102,134,-10155,6981,7717,-7551,474,-2165,393,271,-114,68
2025-11-19T17:39:59.052476,291,77,105,643,376,291,99,126,-10160,6948,7714,-7578,533,-1926,363,222,-107,79
2025-11-19T17:39:59.066088,227,62,96,548,352,307,102,107,-10179,6914,7720,-7579,563,-1837,373,154,-41,-52
2025-11-19T17:39:59.089395,207,59,95,510,321,301,92,92,-10199,6887,7737,-7559,583,-1871,341,71,-1,-129
2025-11-19T17:39:59.112240,206,79,146,513,247,236,91,113,-10218,6864,7766,-7524,633,-1795,263,13,12,-169
2025-11-19T17:39:59.126271,220,159,264,471,227,191,95,101,-10231,6849,7809,-7475,715,-1610,182,-79,11,-160
2025-11-19T17:39:59.149118,305,183,358,326,193,204,96,112,-10223,6861,7871,-7410,787,-1807,316,-376,-10,-124
2025-11-19T17:39:59.171495,335,219,364,297,211,198,95,107,-10214,6879,7921,-7351,854,-1929,378,-374,26,-42
2025-11-19T17:39:59.186183,359,294,366,333,234,230,102,123,-10212,6906,7949,-7299,852,-1944,332,-300,126,32
2025-11-19T17:39:59.209049,409,409,376,304,230,227,101,115,-10211,6929,7966,-7261,726,-1893,178,-146,127,36
2025-11-19T17:39:59.231562,397,398,306,293,207,226,93,113,-10195,6945,7994,-7236,635,-1795,76,-110,7,35
2025-11-19T17:39:59.246382,330,417,196,331,225,220,92,107,-10134,6994,8071,-7189,538,-1702,19,-507,-161,0
2025-11-19T17:39:59.268990,305,412,208,335,228,199,91,107,-10053,7047,8165,-7145,453,-1882,8,-590,-281,-36
2025-11-19T17:39:59.291557,290,398,214,292,213,163,83,84,-9971,7085,8252,-7122,423,-1846,-72,-449,-342,4
2025-11-19T17:39:59.310886,251,310,167,333,261,149,62,58,-9871,7139,8339,-7106,310,-1644,-187,-495,-369,79
2025-11-19T17:39:59.329023,242,297,171,342,263,135,61,53,-9734,7225,8441,-7088,190,-1595,-278,-704,-435,170
2025-11-19T17:39:59.351571,246,437,235,417,367,130,60,48,-9565,7336,8554,-7068,102,-1640,-269,-921,-513,239
2025-11-19T17:39:59.366563,264,474,236,483,383,140,64,48,-9362,7458,8697,-7039,93,-1802,-233,-1195,-670,228
2025-11-19T17:39:59.389092,274,532,242,528,454,164,76,54,-9132,7576,8863,-7007,119,-1781,-251,-1334,-819,241
2025-11-19T17:39:59.412027,248,550,268,512,444,179,87,66,-8876,7713,9019,-6987,15,-1867,-330,-1399,-853,371
2025-11-19T17:39:59.426576,237,563,280,567,469,199,103,74,-8590,7876,9148,-6994,-22,-1727,-543,-1318,-852,687
2025-11-19T17:39:59.448969,241,459,238,647,475,213,112,78,-8297,8053,9279,-6975,-6,-1820,-455,-1651,-815,807
2025-11-19T17:39:59.469212,203,411,244,680,469,237,117,78,-7986,8251,9392,-6954,21,-2153,-195,-1778,-774,964
2025-11-19T17:39:59.493447,154,304,233,677,437,223,111,73,-7692,8442,9474,-6946,22,-2178,-154,-1608,-693,1026
2025-11-19T17:39:59.509110,125,233,200,727,506,217,120,70,-7446,8617,9506,-6955,25,-2349,-136,-1439,-494,992
2025-11-19T17:39:59.532034,109,195,190,726,544,254,119,67,-7271,8770,9470,-6998,96,-2747,54,-1075,-256,1094
2025-11-19T17:39:59.546318,62,139,168,594,497,289,119,78,-7160,8918,9392,-7030,335,-2598,156,-850,34,1185
2025-11-19T17:39:59.569110,60,129,137,502,536,316,136,90,-7064,9096,9303,-7018,298,-2876,253,-1107,324,1184
2025-11-19T17:39:59.591687,49,93,124,456,507,315,137,90,-7015,9269,9176,-7006,204,-3266,351,-979,565,1155
2025-11-19T17:39:59.606631,48,76,118,403,435,307,121,85,-7053,9376,9022,-7028,143,-3381,456,-437,653,897
2025-11-19T17:39:59.629103,48,61,91,366,387,259,107,78,-7172,9422,8848,-7066,6,-3323,406,134,772,556
2025-11-19T17:39:59.652221,41,47,88,345,361,211,102,61,-7354,9417,8650,-7131,-264,-3234,275,727,850,250
2025-11-19T17:39:59.666255,36,42,89,339,295,148,73,40,-7573,9385,8417,-7222,-452,-2956,135,1240,909,163
2025-11-19T17:39:59.689752,39,41,96,338,346,182,69,39,-7807,9331,8180,-7315,-491,-2565,35,1512,899,49
2025-11-19T17:39:59.712207,113,39,118,349,374,204,81,71,-8017,9290,7968,-7373,-612,-2312,-115,1384,904,-104
2025-11-19T17:39:59.724895,196,39,118,291,350,220,90,110,-8202,9250,7798,-7403,-618,-2262,-127,1159,807,-249
2025-11-19T17:39:59.747740,205,43,126,284,351,228,102,127,-8395,9196,7640,-7418,-524,-2266,-162,1202,790,-342
2025-11-19T17:39:59.771116,213,44,116,270,364,263,129,134,-8615,9122,7458,-7441,-600,-2281,-177,1479,851,-409
2025-11-19T17:39:59.786110,216,48,116,284,425,269,135,138,-8857,9011,7284,-7465,-429,-2186,-312,1623,772,-337
2025-11-19T17:39:59.809057,203,48,92,177,413,269,135,136,-9095,8859,7154,-7487,-230,-1983,-356,1634,527,-549
2025-11-19T17:39:59.831561,162,51,101,270,409,275,144,121,-9301,8706,7098,-7467,24,-1744,-358,1450,347,-790
2025-11-19T17:39:59.846581,159,46,114,299,401,276,138,106,-9480,8558,7106,-7404,141,-1686,-247,1034,226,-987
2025-11-19T17:39:59.869020,154,50,167,422,381,244,112,99,-9635,8404,7143,-7345,269,-1972,-308,983,58,-976
2025-11-19T17:39:59.891605,179,51,176,559,283,234,110,111,-9752,8255,7174,-7329,247,-2033,-323,1006,-123,-741
2025-11-19T17:39:59.914779,185,51,175,591,244,239,112,108,-9830,8100,7223,-7350,337,-1858,-262,931,-390,-547
2025-11-19T17:39:59.929032,162,53,176,699,269,253,103,100,-9880,7962,7268,-7391,306,-1880,-90,776,-460,-387
2025-11-19T17:39:59.951584,155,58,174,735,358,264,108,99,-9912,7841,7287,-7457,266,-1912,17,755,-446,-175
2025-11-19T17:39:59.974762,158,55,123,686,364,277,108,96,-9943,7721,7298,-7530,294,-1945,79,770,-444,-117
2025-11-19T17:39:59.989080,133,53,115,639,384,266,100,79,-9966,7601,7320,-7600,269,-1784,92,701,-491,-139
2025-11-19T17:40:00.011883,144,55,121,680,377,250,93,68,-9975,7483,7365,-7661,289,-1827,139,567,-579,-195
2025-11-19T17:40:00.034855,173,50,122,618,361,236,85,64,-9991,7365,7421,-7702,279,-1781,202,471,-547,-321
2025-11-19T17:40:00.048994,185,44,109,585,279,207,63,67,-9994,7271,7483,-7726,299,-1975,225,308,-502,-313
2025-11-19T17:40:00.071541,188,40,114,672,326,203,68,68,-10000,7172,7516,-7778,260,-2126,322,454,-482,-201
2025-11-19T17:40:00.094954,212,38,107,677,304,224,70,92,-10022,7055,7524,-7850,307,-1972,329,666,-452,-127
2025-11-19T17:40:00.108851,200,34,99,626,305,235,65,94,-10033,6967,7538,-7900,322,-1846,343,455,-368,-103
2025-11-19T17:40:00.139876,380,65,113,569,296,212,61,99,-10037,6916,7553,-7926,409,-1990,391,242,-227,-46
2025-11-19T17:40:00.154600,418,75,115,650,300,216,71,110,-10051,6871,7549,-7950,391,-2061,396,304,-113,-36
2025-11-19T17:40:00.169026,425,78,112,625,262,192,65,115,-10068,6827,7538,-7978,477,-2068,388,347,-77,34
2025-11-19T17:40:00.191537,420,77,108,594,262,195,66,97,-10093,6763,7527,-8011,550,-1950,421,427,-115,22
2025-11-19T17:40:00.214757,481,79,109,575,304,181,65,102,-10115,6700,7529,-8035,570,-1897,404,364,-142,-21
2025-11-19T17:40:00.229039,357,65,76,578,303,185,63,97,-10135,6627,7537,-8062,532,-1885,437,373,-208,-64
2025-11-19T17:40:00.250982,310,54,110,521,300,190,61,80,-10160,6546,7552,-8083,524,-1830,371,414,-222,-143
2025-11-19T17:40:00.274756,301,57,114,439,271,200,67,74,-10185,6468,7575,-8092,525,-1703,383,329,-212,-189
2025-11-19T17:40:00.289048,289,58,119,459,264,211,68,74,-10199,6420,7621,-8070,659,-1685,420,33,-160,-181
2025-11-19T17:40:00.311177,155,55,128,509,234,212,66,53,-10214,6381,7675,-8031,798,-1760,425,-51,-107,-175
2025-11-19T17:40:00.334836,178,225,224,486,236,225,68,49,-10233,6341,7720,-7995,807,-1780,408,0,-70,-168
2025-11-19T17:40:00.348951,241,397,245,437,228,235,88,83,-10255,6310,7761,-7951,797,-1628,358,-29,-6,-171
2025-11-19T17:40:00.371438,247,437,287,427,216,244,90,85,-10267,6305,7808,-7893,885,-1585,419,-237,45,-90
2025-11-19T17:40:00.394817,257,470,341,361,225,239,89,84,-10252,6345,7876,-7814,906,-1613,381,-555,68,-15
2025-11-19T17:40:00.409065,349,665,386,368,196,244,90,90,-10238,6381,7932,-7746,862,-1937,424,-467,61,-29
2025-11-19T17:40:00.431513,340,652,360,360,196,256,91,89,-10225,6406,7975,-7697,812,-1862,289,-287,50,10
2025-11-19T17:40:00.454434,305,572,376,333,198,240,66,59,-10212,6422,8017,-7658,791,-1727,175,-191,16,29
2025-11-19T17:40:00.468949,336,621,347,373,210,217,67,76,-10165,6474,8081,-7610,699,-1668,45,-424,-39,102
2025-11-19T17:40:00.491532,346,612,323,379,167,173,66,86,-10083,6557,8176,-7545,583,-1627,-25,-721,-136,90
2025-11-19T17:40:00.514956,280,439,276,332,198,159,66,84,-9978,6651,8284,-7484,447,-1752,-73,-815,-237,78
2025-11-19T17:40:00.528955,319,503,264,344,201,118,120,108,-9862,6724,8397,-7446,361,-1667,-145,-711,-396,89
2025-11-19T17:40:00.551870,405,675,278,409,252,134,134,112,-9722,6804,8528,-7410,284,-1704,-252,-787,-504,89
2025-11-19T17:40:00.574785,377,643,282,436,365,163,166,119,-9521,6930,8692,-7364,99,-1588,-325,-1195,-662,185
2025-11-19T17:40:00.589040,380,705,333,599,467,195,173,119,-9270,7090,8884,-7301,3,-1542,-367,-1556,-770,261
2025-11-19T17:40:00.610983,376,689,363,718,522,215,182,125,-9013,7234,9097,-7219,-86,-1591,-445,-1801,-889,240
2025-11-19T17:40:00.634861,328,628,369,810,612,228,165,118,-8726,7370,9315,-7157,-210,-1986,-362,-1823,-1064,317
2025-11-19T17:40:00.649076,199,437,349,836,668,217,161,114,-8407,7522,9470,-7176,-242,-2198,-232,-1558,-1123,569
2025-11-19T17:40:00.679767,190,376,365,916,650,218,139,96,-8101,7689,9567,-7223,-123,-2157,-83,-1448,-971,914
2025-11-19T17:40:00.694802,164,215,289,814,592,190,131,91,-7835,7884,9609,-7250,191,-2187,14,-1443,-596,1194
2025-11-19T17:40:00.709407,156,199,252,722,620,184,123,85,-7630,8078,9591,-7277,149,-2680,243,-1326,-254,1188
2025-11-19T17:40:00.739864,144,179,236,633,577,172,100,66,-7498,8238,9514,-7338,108,-2926,362,-879,-37,1152
2025-11-19T17:40:00.754515,140,169,184,558,513,189,100,69,-7416,8388,9403,-7394,307,-2816,447,-685,186,1226
2025-11-19T17:40:00.768925,144,171,144,343,507,204,121,83,-7358,8569,9300,-7375,395,-2752,428,-947,525,1134
2025-11-19T17:40:00.791498,126,152,175,327,544,221,128,88,-7377,8713,9171,-7348,241,-3236,456,-666,790,807
2025-11-19T17:40:00.814974,75,116,161,272,465,241,135,86,-7446,8803,9032,-7343,155,-3243,340,-209,785,561
2025-11-19T17:40:00.829080,66,96,148,194,502,271,145,91,-7541,8866,8904,-7326,121,-2981,157,18,810,343
2025-11-19T17:40:00.851558,63,78,146,216,498,295,142,88,-7653,8893,8785,-7321,25,-2878,31,267,728,140
2025-11-19T17:40:00.874808,52,73,198,367,482,291,114,73,-7777,8885,8658,-7353,-130,-2707,-80,635,596,42
2025-11-19T17:40:00.897302,208,83,194,588,442,287,111,116,-7899,8862,8521,-7408,-225,-2568,-61,792,518,46
2025-11-19T17:40:00.911500,351,98,193,637,432,263,102,166,-8005,8859,8373,-7467,-397,-2353,-55,763,547,103
2025-11-19T17:40:00.934782,375,105,199,661,315,228,87,169,-8112,8872,8200,-7529,-504,-2483,23,771,648,185
2025-11-19T17:40:00.957019,381,104,197,657,287,184,90,171,-8265,8853,7983,-7617,-534,-2573,150,1150,737,175
2025-11-19T17:40:00.971527,389,95,137,588,259,193,98,175,-8467,8800,7734,-7713,-598,-2264,184,1539,839,51
2025-11-19T17:40:00.994089,343,83,102,367,223,221,113,149,-8690,8728,7513,-7764,-451,-1972,36,1585,887,-193
2025-11-19T17:40:01.017368,211,57,90,265,256,257,119,102,-8902,8664,7341,-7761,-484,-1848,-54,1335,884,-475
2025-11-19T17:40:01.031460,263,46,77,191,293,283,124,111,-9108,8589,7210,-7728,-345,-2057,-179,1274,805,-631
2025-11-19T17:40:01.053981,278,61,79,251,287,289,136,129,-9292,8489,7112,-7710,-281,-2184,-275,1314,532,-662
2025-11-19T17:40:01.076949,271,67,117,558,315,269,133,130,-9455,8361,7037,-7720,-136,-1981,-265,1364,262,-584
2025-11-19T17:40:01.091511,265,66,123,645,421,240,120,127,-9589,8208,7008,-7746,40,-1900,-304,1321,-56,-562
2025-11-19T17:40:01.114069,259,69,128,685,422,200,113,118,-9682,8043,7017,-7795,152,-2027,-200,1169,-362,-466
2025-11-19T17:40:01.137213,163,65,125,712,411,173,114,102,-9767,7832,7062,-7864,215,-1884,-96,1208,-680,-564
2025-11-19T17:40:01.151694,135,57,139,793,409,160,93,75,-9845,7607,7134,-7921,265,-1652,-6,1076,-782,-680
2025-11-19T17:40:01.173969,129,51,113,698,394,136,84,61,-9898,7411,7218,-7966,334,-1672,71,825,-772,-595
2025-11-19T17:40:01.196913,111,47,104,638,273,147,77,58,-9928,7248,7294,-8009,388,-1834,140,666,-698,-430
2025-11-19T17:40:01.211484,323,82,100,633,216,173,77,77,-9954,7095,7352,-8060,441,-1880,207,669,-641,-311
2025-11-19T17:40:01.234078,353,86,98,655,240,180,76,94,-9971,6964,7398,-8111,425,-1828,285,567,-566,-217
2025-11-19T17:40:01.257273,368,84,81,649,258,175,77,100,-9983,6858,7426,-8161,492,-1903,400,471,-443,-76
2025-11-19T17:40:01.271459,382,85,68,578,231,171,74,100,-10004,6763,7433,-8208,463,-1969,455,501,-315,-64
2025-11-19T17:40:01.294006,382,85,76,603,254,226,81,102,-10020,6679,7441,-8250,389,-1932,394,473,-298,-81
2025-11-19T17:40:01.317388,229,51,111,668,277,215,84,85,-10041,6572,7457,-8295,423,-1760,386,536,-378,-140
2025-11-19T17:40:01.331537,188,46,118,666,307,209,80,82,-10063,6481,7487,-8314,451,-1840,445,361,-321,-223
2025-11-19T17:40:01.354053,169,43,116,664,295,258,74,75,-10078,6429,7514,-8311,383,-1831,397,194,-175,-216
2025-11-19T17:40:01.377398,153,44,122,725,301,265,75,79,-10094,6381,7535,-8310,444,-1990,422,218,-135,-174
2025-11-19T17:40:01.391685,156,44,118,703,298,229,66,81,-10113,6324,7544,-8322,350,-1884,396,323,-161,-178
2025-11-19T17:40:01.413976,167,43,87,622,314,311,58,92,-10137,6258,7526,-8359,432,-1853,436,495,-118,-32
2025-11-19T17:40:01.437368,431,115,84,584,256,347,97,168,-10181,6185,7522,-8364,574,-1716,530,373,-54,-161
2025-11-19T17:40:01.451665,476,125,90,567,285,329,104,184,-10201,6167,7561,-8318,659,-1667,444,-87,19,-185
2025-11-19T17:40:01.474053,487,125,92,552,321,327,107,184,-10208,6150,7605,-8281,712,-2161,576,-106,-57,-153
2025-11-19T17:40:01.497394,494,127,96,617,314,340,112,187,-10216,6094,7617,-8302,629,-2198,602,274,-190,-47
2025-11-19T17:40:01.511020,506,129,107,628,282,265,116,190,-10223,6025,7625,-8336,620,-1910,559,345,-237,7
2025-11-19T17:40:01.534020,327,75,123,640,272,210,84,120,-10228,5965,7645,-8356,629,-1768,534,232,-229,-26
2025-11-19T17:40:01.556923,245,74,162,544,230,191,76,93,-10226,5922,7676,-8359,657,-1804,509,102,-197,-37
2025-11-19T17:40:01.571571,244,118,232,464,174,209,70,88,-10218,5891,7717,-8354,710,-1767,481,4,-187,-13
2025-11-19T17:40:01.593969,269,284,281,369,162,199,66,82,-10218,5864,7751,-8341,838,-1652,511,-29,-94,40
2025-11-19T17:40:01.617358,289,417,340,337,161,216,67,68,-10224,5861,7774,-8315,908,-1608,569,-146,53,98
2025-11-19T17:40:01.631579,283,422,360,304,175,216,64,59,-10216,5900,7808,-8265,819,-1656,552,-404,131,94
2025-11-19T17:40:01.654033,306,528,366,315,188,210,63,64,-10198,5945,7849,-8216,864,-1852,478,-403,108,122
2025-11-19T17:40:01.677091,292,548,380,315,166,197,63,62,-10180,5974,7884,-8183,783,-1816,338,-231,49,110
2025-11-19T17:40:01.691624,281,544,349,304,157,176,64,62,-10153,5990,7931,-8159,706,-1686,203,-160,-66,83
2025-11-19T17:40:01.713674,266,487,313,306,178,142,65,55,-10104,6019,8002,-8129,589,-1574,123,-330,-171,63
2025-11-19T17:40:01.736922,249,518,313,323,257,170,78,61,-10040,6063,8091,-8087,518,-1495,187,-547,-232,38
2025-11-19T17:40:01.750953,262,444,291,319,282,184,79,63,-9959,6125,8208,-8023,495,-1624,173,-776,-280,-24
2025-11-19T17:40:01.774051,279,529,250,343,321,186,84,67,-9860,6194,8334,-7963,414,-1825,78,-798,-363,-31
2025-11-19T17:40:01.804739,287,533,292,481,397,177,91,65,-9745,6260,8473,-7906,348,-1673,-142,-773,-441,-32
2025-11-19T17:40:01.819889,352,637,273,586,459,208,91,80,-9606,6327,8632,-7850,310,-1576,-232,-868,-579,-5
2025-11-19T17:40:01.834161,361,648,287,619,440,191,91,92,-9403,6444,8823,-7788,95,-1653,-206,-1306,-748,103
2025-11-19T17:40:01.857254,340,704,361,714,544,218,116,98,-9161,6593,9027,-7718,45,-1740,-205,-1589,-809,218
2025-11-19T17:40:01.878280,357,691,380,777,581,209,142,114,-8915,6720,9242,-7642,14,-1674,-283,-1710,-914,267
2025-11-19T17:40:01.892824,353,655,351,748,624,207,135,117,-8633,6870,9453,-7574,-257,-2061,-157,-1852,-985,424
2025-11-19T17:40:01.917084,289,542,367,742,615,227,140,117,-8344,7034,9614,-7543,-102,-2228,-19,-1695,-912,732
2025-11-19T17:40:01.939982,293,496,357,751,648,243,145,114,-8096,7194,9675,-7586,112,-2392,164,-1267,-701,967
2025-11-19T17:40:01.954983,285,382,280,666,564,223,141,112,-7893,7353,9680,-7639,190,-2201,160,-983,-433,1103
2025-11-19T17:40:01.977238,232,232,244,610,566,240,119,98,-7714,7566,9678,-7617,385,-2300,241,-1382,-24,1163
2025-11-19T17:40:02.000390,200,197,249,560,636,320,150,102,-7588,7789,9615,-7598,245,-2989,338,-1232,336,1146
2025-11-19T17:40:02.013671,143,137,217,457,613,289,153,100,-7535,7972,9483,-7627,402,-2866,528,-695,503,1265
2025-11-19T17:40:02.037172,102,131,170,372,589,289,160,102,-7528,8140,9373,-7593,515,-2914,443,-755,726,952
2025-11-19T17:40:02.059723,92,107,163,335,593,288,148,94,-7571,8263,9246,-7572,286,-3321,486,-475,799,643
2025-11-19T17:40:02.073949,81,100,136,379,561,296,146,89,-7663,8338,9112,-7560,260,-3250,418,-105,834,400
2025-11-19T17:40:02.097205,68,81,116,481,364,248,128,81,-7795,8384,8955,-7563,65,-3203,389,239,915,212
2025-11-19T17:40:02.119610,59,77,117,473,375,244,129,75,-7984,8384,8754,-7600,-101,-3035,372,806,1002,57
2025-11-19T17:40:02.133921,59,62,120,484,361,228,116,65,-8197,8356,8520,-7671,-373,-2707,292,1247,1010,-43
2025-11-19T17:40:02.157562,87,59,113,487,351,227,123,80,-8401,8320,8301,-7729,-564,-2543,165,1293,956,-215
2025-11-19T17:40:02.179460,101,56,95,395,363,198,126,90,-8582,8288,8100,-7777,-682,-2394,132,1192,870,-287
2025-11-19T17:40:02.194136,96,47,74,205,366,170,123,91,-8766,8241,7922,-7805,-582,-2276,50,1209,829,-402
2025-11-19T17:40:02.216720,96,37,65,235,406,205,123,85,-8948,8182,7761,-7822,-534,-2128,-15,1229,756,-482
2025-11-19T17:40:02.239691,104,44,78,226,384,201,118,91,-9148,8091,7598,-7845,-469,-2155,-111,1492,706,-561
2025-11-19T17:40:02.253900,91,56,129,304,368,205,131,77,-9392,7911,7444,-7889,-369,-2059,-157,1814,505,-622
2025-11-19T17:40:02.277092,77,57,130,371,411,238,134,72,-9569,7779,7337,-7907,-123,-1622,-166,1455,383,-592
2025-11-19T17:40:02.299656,104,59,138,567,479,239,130,82,-9715,7674,7286,-7879,178,-1706,-69,990,344,-593
2025-11-19T17:40:02.314360,111,60,142,659,417,227,120,87,-9847,7542,7262,-7865,229,-2049,-14,1031,108,-646
2025-11-19T17:40:02.337140,105,58,135,721,418,256,122,77,-9976,7364,7261,-7872,309,-2030,-22,1183,-138,-717
2025-11-19T17:40:02.359264,105,50,115,823,456,269,108,81,-10097,7160,7278,-7891,438,-1787,80,1179,-313,-699
2025-11-19T17:40:02.373912,107,52,122,846,412,238,96,76,-10194,6963,7310,-7911,498,-1577,96,1038,-390,-620
2025-11-19T17:40:02.397172,92,49,116,752,325,232,90,63,-10262,6774,7376,-7927,598,-1578,143,823,-544,-588
2025-11-19T17:40:02.419504,91,49,111,664,308,246,85,65,-10311,6614,7453,-7927,473,-1694,216,593,-532,-634
2025-11-19T17:40:02.433973,186,56,142,650,301,213,82,83,-10353,6468,7523,-7927,553,-1655,306,502,-488,-538
2025-11-19T17:40:02.457191,206,60,142,611,284,186,73,84,-10385,6361,7579,-7918,657,-1611,294,365,-326,-365
2025-11-19T17:40:02.479685,222,57,134,553,214,192,69,86,-10407,6280,7629,-7905,624,-1850,312,281,-257,-330
2025-11-19T17:40:02.502737,236,58,136,547,210,173,64,92,-10411,6199,7668,-7926,604,-2016,362,360,-347,-170
2025-11-19T17:40:02.517058,261,58,144,601,222,182,64,98,-10420,6094,7696,-7969,570,-1737,329,530,-407,-138
2025-11-19T17:40:02.539711,231,52,145,653,230,188,60,93,-10417,6024,7749,-7973,729,-1491,367,154,-331,-102
2025-11-19T17:40:02.554588,218,42,127,562,202,198,61,89,-10403,6016,7803,-7947,879,-1760,567,-239,-141,19
2025-11-19T17:40:02.577811,204,44,142,568,215,230,63,88,-10405,6016,7797,-7949,766,-1950,569,31,59,142
2025-11-19T17:40:02.599727,200,46,185,564,213,297,75,89,-10431,5997,7757,-7969,695,-1872,467,338,163,130
2025-11-19T17:40:02.614035,211,57,193,506,224,289,71,84,-10453,5977,7740,-7973,746,-1685,404,232,120,86
2025-11-19T17:40:02.637227,254,76,196,419,256,295,74,96,-10462,5979,7765,-7934,872,-1465,358,-112,104,30
2025-11-19T17:40:02.659090,260,107,304,375,223,285,70,97,-10454,6011,7816,-7870,853,-1659,390,-390,89,-25
2025-11-19T17:40:02.679903,282,259,348,343,212,290,78,101,-10446,6044,7861,-7810,864,-1818,414,-358,98,-19
2025-11-19T17:40:02.694999,280,290,376,327,209,242,76,101,-10439,6065,7889,-7775,926,-1746,422,-222,86,115
2025-11-19T17:40:02.726272,256,322,412,332,208,251,82,99,-10418,6118,7923,-7727,999,-1647,465,-462,133,227
2025-11-19T17:40:02.733554,184,321,456,271,170,249,82,81,-10379,6211,7968,-7658,897,-1720,409,-700,183,228
2025-11-19T17:40:02.758283,190,392,492,259,175,248,83,83,-10347,6292,8002,-7599,760,-1893,360,-557,176,144
2025-11-19T17:40:02.779706,173,360,528,264,179,207,73,81,-10311,6349,8050,-7551,663,-1785,222,-435,26,64
2025-11-19T17:40:02.802227,161,341,523,260,194,188,72,79,-10253,6407,8131,-7494,645,-1670,50,-538,-102,22
2025-11-19T17:40:02.816996,179,384,553,304,190,151,69,73,-10159,6496,8233,-7433,535,-1571,-42,-768,-198,103
2025-11-19T17:40:02.839314,290,489,542,286,175,136,66,88,-10045,6607,8336,-7375,449,-1721,0,-920,-231,161
2025-11-19T17:40:02.862047,289,467,471,299,250,134,68,83,-9916,6705,8431,-7354,254,-1832,-16,-780,-379,195
2025-11-19T17:40:02.876125,300,442,441,354,291,142,68,81,-9757,6815,8532,-7349,131,-1739,-103,-844,-491,299
2025-11-19T17:40:02.899716,298,475,431,356,283,140,66,78,-9567,6955,8653,-7326,163,-1594,-161,-1124,-524,410
2025-11-19T17:40:02.929750,299,441,366,369,302,132,75,84,-9341,7153,8774,-7283,13,-1634,-215,-1460,-445,526
2025-11-19T17:40:02.936494,211,346,332,421,345,140,92,71,-9109,7367,8888,-7224,-89,-1841,-253,-1670,-375,690
2025-11-19T17:40:02.960269,227,313,314,482,322,154,119,91,-8854,7601,8980,-7186,-32,-1943,-378,-1547,-353,773
2025-11-19T17:40:02.982299,196,368,289,628,402,153,137,94,-8587,7824,9056,-7174,-126,-2081,-419,-1441,-429,854
2025-11-19T17:40:02.996576,209,337,341,730,457,168,149,101,-8290,8057,9143,-7155,-21,-1778,-488,-1589,-522,1018
2025-11-19T17:40:03.019407,182,312,329,770,503,216,154,97,-7973,8315,9247,-7087,100,-1853,-389,-2056,-461,1086
2025-11-19T17:40:03.042244,161,285,314,800,553,230,157,92,-7643,8598,9339,-6991,-152,-2510,-178,-2280,-334,1121
2025-11-19T17:40:03.056574,105,261,316,787,551,238,150,78,-7371,8816,9374,-6965,-283,-2965,55,-1634,-350,1113
2025-11-19T17:40:03.079591,105,161,302,666,498,252,161,91,-7196,8979,9336,-6991,90,-2642,55,-1161,-177,1118
2025-11-19T17:40:03.102587,77,119,206,579,573,282,158,87,-7078,9122,9299,-6975,144,-2781,112,-1141,79,865
2025-11-19T17:40:03.116600,62,97,201,482,557,267,153,89,-7030,9241,9228,-6962,219,-3106,233,-902,303,796
2025-11-19T17:40:03.139590,58,79,191,363,501,251,147,90,-7029,9353,9126,-6947,251,-3104,268,-692,512,787
2025-11-19T17:40:03.162489,53,75,179,294,531,236,137,86,-7066,9451,9003,-6938,80,-3261,257,-484,661,662
2025-11-19T17:40:03.176424,44,52,115,238,546,220,117,67,-7170,9503,8843,-6964,-12,-3431,351,-8,744,532
2025-11-19T17:40:03.199676,33,48,86,119,432,170,113,59,-7343,9515,8645,-7018,-132,-3162,219,640,882,374
2025-11-19T17:40:03.222029,71,50,67,178,389,139,108,56,-7552,9490,8439,-7079,-345,-2841,58,1064,913,108
2025-11-19T17:40:03.236861,160,47,58,205,360,145,97,59,-7769,9441,8233,-7153,-555,-2695,-98,1339,857,-71
2025-11-19T17:40:03.259719,177,47,53,218,307,146,97,62,-7980,9365,8031,-7249,-686,-2485,-131,1530,687,-155
2025-11-19T17:40:03.282165,180,48,52,223,232,156,96,65,-8169,9301,7847,-7322,-703,-2231,-141,1382,666,-208
2025-11-19T17:40:03.296374,184,58,102,229,242,160,111,87,-8348,9237,7681,-7377,-680,-2121,-152,1300,639,-272
2025-11-19T17:40:03.319590,175,58,107,192,274,159,112,89,-8536,9171,7507,-7423,-694,-2212,-216,1398,696,-315
2025-11-19T17:40:03.342153,104,56,109,191,399,187,112,83,-8765,9040,7350,-7473,-555,-2199,-251,1659,559,-348
2025-11-19T17:40:03.356496,119,59,112,316,495,216,112,85,-8990,8883,7227,-7515,-440,-2184,-332,1633,399,-517
2025-11-19T17:40:03.379459,176,61,119,502,511,236,112,94,-9203,8686,7140,-7570,-229,-2060,-313,1670,123,-633
2025-11-19T17:40:03.402161,187,56,91,563,496,285,99,77,-9372,8508,7106,-7597,-82,-1858,-276,1450,-27,-748
2025-11-19T17:40:03.416533,240,56,88,588,492,298,102,100,-9512,8339,7113,-7604,80,-1860,-251,1187,-134,-759
2025-11-19T17:40:03.439671,244,60,102,621,417,317,115,107,-9652,8154,7131,-7611,152,-1968,-167,1197,-205,-814
2025-11-19T17:40:03.462221,254,65,119,656,302,314,120,108,-9796,7938,7150,-7638,203,-1939,-155,1376,-333,-829
2025-11-19T17:40:03.476584,225,64,117,662,330,297,114,104,-9920,7715,7186,-7672,310,-1724,-72,1270,-461,-766
2025-11-19T17:40:03.500004,253,59,110,638,325,248,105,121,-10010,7507,7244,-7707,396,-1671,-15,1055,-574,-667
2025-11-19T17:40:03.521878,207,54,112,641,299,240,97,102,-10073,7323,7317,-7734,415,-1784,75,823,-609,-620
2025-11-19T17:40:03.536354,207,51,104,667,295,209,82,99,-10111,7160,7388,-7770,419,-1964,135,711,-633,-491
2025-11-19T17:40:03.560161,177,40,82,626,309,206,75,105,-10150,6982,7435,-7835,400,-1842,211,866,-662,-386
2025-11-19T17:40:03.581648,175,37,82,537,261,213,69,103,-10179,6825,7496,-7878,467,-1680,97,722,-614,-383
2025-11-19T17:40:03.596075,215,74,90,574,354,243,73,93,-10183,6689,7581,-7909,464,-1761,154,481,-677,-378
2025-11-19T17:40:03.619854,301,96,84,620,356,240,75,98,-10180,6570,7649,-7945,514,-1964,257,446,-610,-268
2025-11-19T17:40:03.641884,329,98,95,578,345,217,72,96,-10182,6455,7713,-7976,696,-1849,280,412,-531,-184
2025-11-19T17:40:03.656436,343,99,125,539,314,201,62,85,-10188,6352,7750,-8015,733,-1838,391,424,-430,-62
2025-11-19T17:40:03.679838,340,104,143,496,305,240,72,78,-10202,6283,7755,-8047,740,-1674,391,376,-177,64
2025-11-19T17:40:03.702682,298,85,144,418,186,212,71,67,-10223,6248,7751,-8051,752,-1648,371,232,25,65
2025-11-19T17:40:03.725886,224,64,168,369,162,221,67,72,-10240,6233,7769,-8023,860,-1584,375,-4,75,31
2025-11-19T17:40:03.739581,289,111,203,353,135,229,67,74,-10252,6228,7812,-7970,893,-1604,353,-172,68,-64
2025-11-19T17:40:03.762270,302,179,229,337,132,271,101,104,-10261,6224,7863,-7910,821,-1722,311,-188,31,-151
2025-11-19T17:40:03.784208,320,248,316,327,183,295,97,112,-10266,6222,7903,-7866,824,-1738,311,-133,32,-61
2025-11-19T17:40:03.798943,330,290,333,321,218,299,98,110,-10258,6240,7945,-7820,951,-1593,354,-295,56,94
2025-11-19T17:40:03.822180,324,299,360,271,225,292,106,104,-10235,6313,7988,-7748,868,-1690,380,-600,192,141
2025-11-19T17:40:03.844696,296,392,395,279,239,292,111,108,-10191,6404,8028,-7689,741,-1960,316,-615,157,196
2025-11-19T17:40:03.858907,335,498,391,289,258,254,82,84,-10147,6469,8054,-7666,602,-1972,200,-335,50,213
2025-11-19T17:40:03.882153,346,526,329,298,221,181,73,74,-10081,6539,8092,-7652,538,-1735,59,-374,-50,286
2025-11-19T17:40:03.904611,331,521,313,342,189,161,75,73,-9993,6629,8150,-7631,495,-1736,28,-561,-114,316
2025-11-19T17:40:03.918868,334,536,271,341,206,154,66,68,-9874,6739,8225,-7608,417,-1799,6,-753,-215,372
2025-11-19T17:40:03.942038,278,472,221,362,229,144,63,56,-9740,6848,8307,-7594,350,-1851,-14,-785,-308,383
2025-11-19T17:40:03.964914,188,333,216,495,348,159,60,48,-9588,6956,8395,-7593,204,-1815,-93,-781,-416,395
2025-11-19T17:40:03.978856,138,235,232,561,391,158,82,66,-9418,7071,8490,-7593,179,-1784,-120,-875,-482,450
2025-11-19T17:40:04.001417,148,241,259,598,405,173,102,75,-9240,7183,8597,-7587,162,-1699,-111,-964,-543,424
2025-11-19T17:40:04.024541,131,241,361,691,446,218,117,79,-9026,7311,8739,-7560,-37,-1618,-262,-1205,-653,319
2025-11-19T17:40:04.038934,169,235,366,742,437,214,124,89,-8773,7460,8920,-7500,-110,-1598,-362,-1550,-748,256
2025-11-19T17:40:04.061931,174,239,371,705,394,223,140,96,-8509,7575,9132,-7433,-132,-1863,-263,-1742,-969,232
2025-11-19T17:40:04.084566,168,239,371,705,465,259,135,88,-8234,7674,9336,-7388,-181,-2030,-154,-1657,-1080,281
2025-11-19T17:40:04.098961,150,202,389,727,481,285,174,113,-7952,7791,9489,-7380,-226,-2152,-224,-1505,-988,378
2025-11-19T17:40:04.122487,149,145,303,649,471,271,193,126,-7697,7912,9580,-7403,-105,-2204,-67,-1308,-817,661
2025-11-19T17:40:04.144727,96,129,272,594,477,275,193,121,-7487,8058,9609,-7423,140,-2459,29,-1205,-468,936
2025-11-19T17:40:04.158891,82,120,288,637,486,279,207,128,-7315,8222,9602,-7425,204,-2643,77,-1192,-164,1005
2025-11-19T17:40:04.182050,76,105,275,637,532,282,213,126,-7194,8382,9528,-7459,138,-2881,274,-912,71,1131
2025-11-19T17:40:04.204466,70,84,218,563,510,262,202,109,-7108,8551,9436,-7468,315,-2842,279,-876,303,1190
2025-11-19T17:40:04.218875,62,82,212,547,513,266,188,98,-7055,8714,9333,-7458,314,-3148,300,-861,480,1098
2025-11-19T17:40:04.242169,61,74,209,513,526,259,183,94,-7073,8830,9190,-7481,224,-3296,330,-352,598,945
2025-11-19T17:40:04.264895,59,62,143,429,491,238,157,79,-7140,8893,9044,-7521,181,-3027,221,92,582,693
2025-11-19T17:40:04.278915,55,61,121,339,320,175,145,77,-7233,8933,8894,-7564,-56,-2969,140,325,629,456
2025-11-19T17:40:04.303146,50,61,119,473,392,156,101,64,-7363,8943,8720,-7629,-229,-2931,127,681,669,313
2025-11-19T17:40:04.324373,101,51,103,473,358,129,76,68,-7509,8946,8523,-7705,-368,-2737,102,910,738,278
2025-11-19T17:40:04.338960,252,63,97,468,321,154,83,105,-7670,8948,8312,-7775,-480,-2496,104,1035,834,204
2025-11-19T17:40:04.362566,275,69,84,421,310,159,95,118,-7837,8957,8110,-7812,-507,-2366,55,981,947,79
2025-11-19T17:40:04.384561,277,67,66,414,318,174,117,125,-8044,8935,7885,-7857,-646,-2358,137,1262,1006,-91
2025-11-19T17:40:04.398773,280,67,56,248,257,199,130,131,-8313,8859,7668,-7876,-678,-2178,4,1652,1061,-290
2025-11-19T17:40:04.422219,267,67,77,206,366,233,139,125,-8599,8729,7478,-7898,-559,-2100,-141,1828,868,-538
2025-11-19T17:40:04.444653,171,57,97,386,363,234,136,100,-8836,8628,7319,-7896,-539,-1981,-154,1559,797,-703
2025-11-19T17:40:04.458545,152,52,113,431,383,231,132,87,-9037,8523,7225,-7868,-363,-2038,-267,1314,569,-795
2025-11-19T17:40:04.482492,156,60,173,547,412,251,118,78,-9207,8407,7193,-7827,-175,-2002,-273,1086,318,-878
2025-11-19T17:40:04.504284,156,60,180,640,448,234,103,66,-9373,8262,7176,-7800,-62,-1981,-235,1154,146,-891
2025-11-19T17:40:04.518851,156,60,177,660,368,196,96,61,-9526,8081,7157,-7822,8,-2170,-272,1419,-103,-767
2025-11-19T17:40:04.541440,124,57,167,580,383,198,96,70,-9662,7858,7163,-7875,156,-1885,-186,1478,-414,-723
2025-11-19T17:40:04.564767,110,52,158,566,360,239,106,79,-9777,7631,7210,-7915,218,-1603,-134,1257,-566,-808
2025-11-19T17:40:04.578949,111,46,110,697,332,213,107,81,-9867,7423,7289,-7928,439,-1444,11,894,-602,-761
2025-11-19T17:40:04.602155,108,48,112,668,258,218,105,81,-9925,7278,7371,-7915,378,-1694,81,524,-453,-675
2025-11-19T17:40:04.625271,100,49,134,791,256,221,105,81,-9948,7153,7446,-7928,303,-2056,65,506,-538,-504
2025-11-19T17:40:04.647124,86,44,135,803,230,203,102,69,-9954,7013,7509,-7987,290,-2027,111,650,-694,-326
2025-11-19T17:40:04.661722,94,54,146,873,238,187,94,64,-9964,6860,7557,-8062,383,-1812,149,745,-705,-225
2025-11-19T17:40:04.684605,137,53,130,707,217,190,82,63,-9967,6730,7604,-8123,367,-1672,258,557,-631,-193
2025-11-19T17:40:04.706870,147,48,122,704,219,249,86,75,-9955,6642,7661,-8156,591,-1886,442,206,-508,-77
2025-11-19T17:40:04.721276,149,50,93,594,187,241,80,79,-9958,6580,7697,-8170,541,-1818,455,147,-290,-88
2025-11-19T17:40:04.744628,212,60,116,583,194,248,79,87,-9987,6522,7704,-8174,627,-1815,449,262,-80,-83
2025-11-19T17:40:04.766817,223,57,106,474,213,285,75,99,-10021,6485,7700,-8166,602,-1883,376,244,59,-82
2025-11-19T17:40:04.781412,208,56,110,503,247,315,77,105,-10058,6447,7694,-8155,620,-1777,325,278,88,-84
2025-11-19T17:40:04.804768,219,56,107,428,236,264,75,103,-10075,6433,7719,-8122,659,-1671,295,-2,52,-86
2025-11-19T17:40:04.827052,232,57,112,357,239,274,77,110,-10079,6427,7766,-8076,726,-1808,294,-137,-3,-102
2025-11-19T17:40:04.841715,189,50,116,483,232,270,76,108,-10084,6411,7804,-8046,738,-1953,327,-31,-33,-74
2025-11-19T17:40:04.864566,168,59,175,488,207,201,63,92,-10088,6392,7818,-8043,749,-1884,368,83,-28,77
2025-11-19T17:40:04.886381,195,291,236,465,165,137,63,84,-10061,6419,7853,-8022,700,-1723,295,-167,4,196
2025-11-19T17:40:04.909764,237,371,265,474,146,151,80,90,-10034,6458,7876,-8001,821,-1789,399,-297,60,284
2025-11-19T17:40:04.929013,234,390,310,474,167,164,97,82,-9994,6544,7907,-7951,764,-1725,447,-635,175,313
2025-11-19T17:40:04.946370,235,442,327,336,168,177,99,80,-9949,6647,7938,-7890,751,-1999,446,-718,223,303
2025-11-19T17:40:04.968899,280,623,442,312,166,173,102,81,-9907,6729,7958,-7854,556,-2095,320,-475,147,236
2025-11-19T17:40:04.988021,300,615,457,285,177,177,102,92,-9858,6781,7992,-7836,488,-1949,116,-296,-30,188
2025-11-19T17:40:05.006432,265,587,446,261,181,165,93,101,-9798,6824,8045,-7820,426,-1809,82,-348,-162,137
2025-11-19T17:40:05.028742,303,613,419,269,182,148,91,106,-9714,6873,8128,-7796,240,-1818,64,-520,-307,25
2025-11-19T17:40:05.047991,353,618,420,270,271,171,98,121,-9610,6916,8234,-7775,201,-1847,29,-609,-464,-8
2025-11-19T17:40:05.066111,332,459,314,395,301,188,107,127,-9489,6955,8356,-7759,69,-1775,-80,-621,-593,-53
2025-11-19T17:40:05.088914,297,384,270,398,324,185,105,120,-9348,6993,8505,-7734,93,-1792,-80,-784,-710,-86
2025-11-19T17:40:05.108095,292,397,282,475,460,208,114,105,-9192,7023,8667,-7713,49,-1874,-94,-832,-834,-127
2025-11-19T17:40:05.126351,252,361,297,593,462,202,105,100,-9015,7040,8855,-7694,-21,-1828,-33,-965,-1024,-198
2025-11-19T17:40:05.148908,168,367,309,678,472,219,101,80,-8798,7075,9065,-7668,-28,-1865,-92,-1196,-1139,-116
2025-11-19T17:40:05.168987,149,401,277,715,475,229,109,71,-8564,7104,9266,-7666,-128,-2032,-65,-1157,-1245,-64
2025-11-19T17:40:05.186322,164,451,262,762,486,246,108,71,-8342,7130,9425,-7694,-93,-2247,101,-1050,-1178,89
2025-11-19T17:40:05.208894,161,433,255,797,421,228,100,77,-8154,7150,9539,-7736,231,-2099,189,-849,-1008,331
2025-11-19T17:40:05.228591,152,422,244,738,435,232,103,77,-7994,7206,9607,-7767,257,-2165,193,-819,-666,478
2025-11-19T17:40:05.245800,147,361,265,796,524,207,125,80,-7879,7288,9611,-7802,303,-2287,297,-674,-297,645
2025-11-19T17:40:05.268499,133,286,278,728,599,219,131,84,-7796,7407,9581,-7810,419,-2233,311,-698,59,780
2025-11-19T17:40:05.288067,92,180,280,679,647,245,135,83,-7736,7563,9533,-7778,521,-2461,249,-822,382,842
2025-11-19T17:40:05.306311,73,141,268,585,726,264,143,79,-7703,7718,9459,-7750,527,-2797,319,-735,521,852
2025-11-19T17:40:05.328796,63,107,256,554,791,284,149,75,-7713,7852,9345,-7744,508,-2856,291,-378,656,841
2025-11-19T17:40:05.348536,55,80,172,351,752,280,130,67,-7760,7950,9212,-7756,450,-2699,266,-44,686,714
2025-11-19T17:40:05.366609,55,77,115,343,678,254,109,60,-7834,8022,9074,-7770,305,-2792,280,122,721,514
2025-11-19T17:40:05.389000,49,66,94,341,621,213,106,57,-7924,8085,8920,-7791,122,-2798,283,272,788,415
2025-11-19T17:40:05.408115,73,60,98,416,493,197,91,53,-8044,8137,8731,-7829,-50,-2789,321,531,899,361
2025-11-19T17:40:05.426894,183,58,109,535,400,166,73,104,-8187,8167,8514,-7889,-295,-2649,361,817,935,257
2025-11-19T17:40:05.448969,233,68,106,526,296,187,68,106,-8341,8183,8287,-7951,-463,-2509,325,976,952,145
2025-11-19T17:40:05.468319,246,69,107,505,307,205,74,114,-8512,8182,8056,-8009,-645,-2400,320,1118,974,-44
2025-11-19T17:40:05.486388,252,66,98,491,307,224,99,124,-8713,8135,7822,-8072,-608,-2317,201,1462,916,-199
2025-11-19T17:40:05.508948,249,66,84,424,284,220,97,122,-8918,8060,7619,-8118,-500,-2070,22,1557,798,-361
2025-11-19T17:40:05.530406,213,61,72,313,261,286,117,109,-9100,7974,7483,-8128,-333,-2048,39,1263,601,-536
2025-11-19T17:40:05.546326,162,48,77,396,331,290,124,107,-9274,7871,7395,-8111,-174,-2033,4,1139,467,-692
2025-11-19T17:40:05.568763,144,43,77,446,320,281,128,99,-9439,7753,7350,-8076,47,-1848,-8,1006,332,-771
2025-11-19T17:40:05.588122,133,51,123,550,317,273,114,90,-9589,7636,7325,-8033,130,-1900,-47,934,260,-781
2025-11-19T17:40:05.606397,130,56,140,630,334,281,121,97,-9743,7476,7295,-8026,228,-2004,55,1167,78,-733
2025-11-19T17:40:05.629076,147,57,139,612,327,224,121,87,-9881,7303,7273,-8036,297,-1872,82,1182,-55,-664
2025-11-19T17:40:05.647954,185,60,146,671,274,190,121,106,-9982,7135,7295,-8042,340,-1687,164,891,-271,-652
2025-11-19T17:40:05.666007,186,59,152,734,325,197,131,116,-10055,6998,7337,-8033,410,-1787,188,639,-274,-588
2025-11-19T17:40:05.688500,188,49,118,674,317,209,133,116,-10116,6874,7368,-8036,307,-1846,145,665,-277,-523
2025-11-19T17:40:05.708219,185,43,100,674,309,196,125,109,-10156,6749,7394,-8066,386,-1911,194,692,-366,-344
2025-11-19T17:40:05.726487,137,39,96,691,288,194,108,92,-10184,6630,7422,-8104,382,-1739,265,605,-413,-262
2025-11-19T17:40:05.748405,115,35,89,620,274,192,103,80,-10196,6542,7453,-8133,382,-1613,295,406,-358,-179
2025-11-19T17:40:05.768533,163,35,71,521,208,186,79,87,-10194,6489,7496,-8138,401,-1728,332,151,-288,-167
2025-11-19T17:40:05.786065,210,50,94,587,183,166,73,113,-10200,6431,7528,-8147,463,-1939,393,232,-243,-157
2025-11-19T17:40:05.808926,259,56,98,561,164,155,73,124,-10235,6323,7541,-8176,736,-1869,482,527,-265,-117
2025-11-19T17:40:05.828336,265,57,96,632,184,146,84,127,-10277,6217,7544,-8201,630,-1710,477,539,-204,-168
2025-11-19T17:40:05.846350,253,58,108,621,178,203,90,127,-10292,6162,7586,-8186,716,-1521,406,103,-164,-130
2025-11-19T17:40:05.876388,235,59,157,656,220,225,111,127,-10286,6149,7656,-8137,799,-1677,381,-230,-114,-125
2025-11-19T17:40:05.888041,243,58,160,627,222,235,111,110,-10285,6133,7708,-8102,835,-1916,466,-130,-90,-75
2025-11-19T17:40:05.906431,225,70,233,644,225,284,109,107,-10295,6101,7736,-8086,859,-1913,504,45,-51,-23
2025-11-19T17:40:05.929263,223,80,247,550,196,294,103,105,-10308,6077,7746,-8077,941,-1727,474,83,28,112
2025-11-19T17:40:05.948278,238,162,312,521,194,258,103,101,-10306,6104,7768,-8039,922,-1502,420,-254,156,176
2025-11-19T17:40:05.966870,237,247,337,464,164,240,84,87,-10277,6169,7804,-7993,854,-1772,433,-476,141,235
2025-11-19T17:40:05.988878,239,385,354,400,197,245,87,83,-10248,6228,7823,-7964,810,-1959,477,-372,133,266
2025-11-19T17:40:06.002600,293,551,353,278,204,206,95,91,-10225,6276,7846,-7935,775,-1913,433,-321,102,205
2025-11-19T17:40:06.024449,339,643,368,299,200,187,93,98,-10188,6324,7889,-7901,677,-1833,313,-377,6,140
2025-11-19T17:40:06.047767,365,700,427,373,234,196,90,104,-10135,6372,7953,-7866,620,-1906,202,-421,-110,98
2025-11-19T17:40:06.068387,365,690,429,340,243,184,85,101,-10060,6424,8015,-7856,562,-1940,181,-403,-214,229
2025-11-19T17:40:06.086366,339,642,421,353,218,167,77,95,-9976,6466,8076,-7867,430,-1971,221,-361,-330,227
2025-11-19T17:40:06.108918,287,594,430,362,267,177,70,81,-9874,6494,8156,-7890,330,-1907,234,-394,-525,202
2025-11-19T17:40:06.128797,275,543,440,349,305,190,62,72,-9758,6525,8249,-7912,234,-1852,191,-472,-601,172
2025-11-19T17:40:06.146349,236,507,345,259,297,185,57,62,-9629,6573,8342,-7933,182,-1813,142,-558,-593,235
2025-11-19T17:40:06.168441,239,505,307,311,299,191,73,74,-9492,6628,8438,-7951,126,-1668,6,-570,-587,248
2025-11-19T17:40:06.188064,315,585,373,453,351,226,113,100,-9329,6710,8567,-7936,128,-1556,-115,-870,-611,237
2025-11-19T17:40:06.206340,329,542,380,537,368,230,118,99,-9142,6782,8737,-7908,89,-1873,0,-1106,-829,86
2025-11-19T17:40:06.228431,310,618,356,588,378,226,119,99,-8931,6830,8940,-7880,53,-1909,14,-1219,-1070,-19
2025-11-19T17:40:06.248182,302,584,352,632,433,228,123,97,-8711,6838,9166,-7859,30,-1788,-128,-1116,-1278,-148
2025-11-19T17:40:06.265939,309,585,377,738,517,230,141,93,-8474,6858,9389,-7839,-23,-1825,-99,-1223,-1302,-83
2025-11-19T17:40:06.288747,225,499,305,737,545,194,127,75,-8225,6904,9571,-7843,180,-2184,201,-1344,-1236,277
2025-11-19T17:40:06.307981,181,454,251,679,580,162,131,79,-8011,6969,9684,-7868,309,-2524,410,-1215,-955,513
2025-11-19T17:40:06.326400,144,263,254,668,581,211,144,81,-7887,7020,9690,-7941,517,-2775,649,-667,-538,732
2025-11-19T17:40:06.348987,136,227,256,641,551,248,172,95,-7841,7079,9615,-8024,564,-2519,623,-220,-62,839
2025-11-19T17:40:06.368340,87,180,217,494,522,262,160,90,-7835,7179,9510,-8067,582,-2455,602,-261,367,865
2025-11-19T17:40:06.385897,78,125,213,359,468,276,153,84,-7842,7327,9398,-8058,502,-2786,561,-495,698,825
2025-11-19T17:40:06.416359,63,92,188,346,387,271,153,80,-7875,7462,9247,-8077,309,-3086,491,-168,794,782
2025-11-19T17:40:06.428094,56,66,160,256,358,229,145,79,-7953,7543,9086,-8107,302,-2739,378,253,800,576
2025-11-19T17:40:06.446112,49,61,130,269,340,183,104,55,-8050,7616,8935,-8111,251,-2607,302,276,889,391
2025-11-19T17:40:06.468930,48,54,102,286,237,155,91,58,-8178,7675,8753,-8126,85,-2744,347,507,1000,283
2025-11-19T17:40:06.488083,61,47,87,463,223,128,90,61,-8340,7708,8527,-8170,-49,-2598,334,932,1081,254
2025-11-19T17:40:06.510586,86,45,74,468,223,145,72,59,-8511,7721,8294,-8222,-220,-2301,359,1070,1046,134
2025-11-19T17:40:06.528942,103,46,68,469,224,155,91,66,-8681,7732,8077,-8249,-303,-2212,321,1002,1056,-21
2025-11-19T17:40:06.551211,115,52,136,473,239,159,101,70,-8856,7731,7868,-8266,-459,-2049,252,1067,1028,-189
2025-11-19T17:40:06.566208,117,52,139,454,301,190,115,69,-9036,7716,7672,-8270,-410,-2051,128,1142,1000,-294
2025-11-19T17:40:06.588840,112,49,136,271,326,188,117,67,-9192,7702,7522,-8248,-294,-1997,102,913,864,-356
2025-11-19T17:40:06.611299,101,52,139,270,325,184,127,72,-9334,7670,7405,-8224,-305,-2045,80,869,676,-470
2025-11-19T17:40:06.626355,93,57,158,479,313,215,120,76,-9480,7594,7325,-8200,-170,-2069,40,958,458,-620
2025-11-19T17:40:06.648979,101,54,124,495,326,236,128,87,-9632,7458,7261,-8205,-48,-1963,96,1183,184,-684
2025-11-19T17:40:06.669111,115,58,133,597,273,271,127,85,-9792,7301,7216,-8196,129,-1829,150,1162,136,-766
2025-11-19T17:40:06.684297,114,65,162,664,268,292,133,84,-9915,7163,7203,-8182,132,-1679,166,893,-1,-713
2025-11-19T17:40:06.713422,108,63,163,744,338,307,126,79,-9996,7052,7234,-8152,235,-1831,159,569,-124,-664
2025-11-19T17:40:06.731227,100,59,148,653,374,311,118,69,-10058,6921,7287,-8141,264,-2054,227,580,-346,-664
2025-11-19T17:40:06.746446,74,56,139,713,423,371,122,60,-10121,6758,7339,-8153,314,-1956,343,693,-483,-654
2025-11-19T17:40:06.768993,61,52,127,653,455,347,120,61,-10190,6572,7380,-8182,427,-1866,381,839,-522,-592
2025-11-19T17:40:06.791465,76,44,105,685,459,340,115,67,-10249,6403,7420,-8206,495,-1915,321,804,-475,-523
2025-11-19T17:40:06.806491,169,52,127,631,413,379,115,76,-10292,6243,7439,-8258,501,-1895,406,830,-481,-320
2025-11-19T17:40:06.828953,184,52,132,655,404,371,122,87,-10315,6121,7456,-8305,594,-1752,420,627,-396,-127
2025-11-19T17:40:06.851240,227,51,125,590,326,325,129,93,-10330,6020,7489,-8331,638,-1654,462,406,-359,-135
2025-11-19T17:40:06.866070,369,84,195,668,285,337,129,113,-10328,5951,7540,-8337,582,-1819,497,173,-351,-171
2025-11-19T17:40:06.888595,377,90,203,624,265,328,124,113,-10330,5853,7579,-8368,833,-2056,563,385,-402,-48
2025-11-19T17:40:06.911458,369,91,196,786,249,282,124,109,-10359,5710,7595,-8417,900,-1773,569,673,-396,-83
2025-11-19T17:40:06.926423,399,97,199,860,209,271,116,113,-10370,5604,7634,-8440,851,-1588,529,368,-379,-83
2025-11-19T17:40:06.948913,400,97,207,854,202,270,80,107,-10377,5519,7685,-8441,820,-1659,557,194,-330,-148
2025-11-19T17:40:06.970945,373,81,150,791,214,288,71,96,-10400,5435,7717,-8438,777,-1680,570,265,-232,-210
2025-11-19T17:40:06.990610,436,81,142,747,191,332,80,108,-10434,5356,7744,-8422,756,-1533,512,257,-135,-262
2025-11-19T17:40:07.009080,432,75,173,529,181,364,80,115,-10464,5311,7782,-8377,788,-1465,480,24,-32,-269
2025-11-19T17:40:07.031324,408,75,229,351,190,362,88,107,-10478,5307,7829,-8318,836,-1687,506,-193,42,-193
2025-11-19T17:40:07.050705,405,107,303,395,188,341,95,116,-10485,5313,7870,-8266,902,-1736,519,-213,62,-95
2025-11-19T17:40:07.068881,380,352,373,380,152,292,86,109,-10489,5339,7901,-8216,946,-1686,503,-259,148,21
2025-11-19T17:40:07.091202,328,475,405,387,174,251,90,101,-10484,5379,7914,-8183,937,-1708,497,-226,199,177
2025-11-19T17:40:07.110729,328,562,477,409,185,243,88,91,-10459,5453,7936,-8145,971,-1595,463,-432,225,318
2025-11-19T17:40:07.128922,356,754,477,414,207,263,84,89,-10418,5540,7984,-8091,936,-1744,495,-629,135,266
2025-11-19T17:40:07.151413,342,793,494,332,221,258,76,71,-10365,5623,8036,-8050,801,-1968,456,-581,31,222
2025-11-19T17:40:07.178261,294,827,457,320,216,286,84,70,-10313,5671,8090,-8030,727,-1864,350,-369,-110,185
2025-11-19T17:40:07.188892,271,783,463,310,201,276,71,56,-10248,5726,8150,-8012,629,-1739,227,-402,-148,199
2025-11-19T17:40:07.211402,429,845,390,281,200,221,80,83,-10159,5809,8224,-7990,612,-1694,157,-582,-180,308
2025-11-19T17:40:07.230713,427,691,376,227,249,220,90,91,-10049,5902,8303,-7980,429,-1811,202,-663,-286,315
2025-11-19T17:40:07.248976,433,657,394,280,257,228,88,92,-9914,5985,8416,-7969,379,-1739,244,-825,-515,282
2025-11-19T17:40:07.268548,431,652,499,349,270,185,82,91,-9763,6054,8552,-7959,249,-1903,200,-857,-691,154
2025-11-19T17:40:07.286779,438,700,486,446,319,187,82,91,-9605,6103,8683,-7972,77,-1912,23,-651,-791,118
2025-11-19T17:40:07.308693,271,572,474,508,379,197,74,66,-9433,6127,8826,-8002,30,-1712,-38,-584,-970,115
2025-11-19T17:40:07.331299,224,598,476,516,357,193,105,74,-9224,6166,9017,-8001,-59,-1460,-94,-948,-1132,56
2025-11-19T17:40:07.350411,204,598,417,559,377,204,119,77,-8986,6241,9277,-7915,47,-1572,39,-1703,-1168,16
2025-11-19T17:40:07.368325,196,534,298,710,449,228,122,80,-8714,6343,9558,-7805,30,-1990,133,-2013,-1218,56
2025-11-19T17:40:07.391383,153,444,276,734,550,271,129,85,-8458,6419,9740,-7800,-26,-2540,285,-1454,-1212,169
2025-11-19T17:40:07.410569,141,417,275,744,552,289,144,92,-8265,6462,9817,-7874,258,-2614,427,-772,-971,511
2025-11-19T17:40:07.428294,133,375,261,806,539,268,123,77,-8142,6499,9848,-7932,730,-2099,473,-568,-603,696
2025-11-19T17:40:07.451070,124,361,240,817,604,282,116,77,-8055,6591,9863,-7926,853,-2365,631,-914,-166,692
2025-11-19T17:40:07.470537,79,215,293,715,651,285,145,94,-8045,6681,9806,-7932,901,-2698,678,-537,249,676
2025-11-19T17:40:07.488859,78,200,298,653,636,280,150,98,-8086,6763,9705,-7946,914,-2623,482,-133,533,668
2025-11-19T17:40:07.511361,74,193,298,608,652,263,134,92,-8142,6859,9585,-7951,684,-2674,391,-59,710,569
2025-11-19T17:40:07.541757,69,145,281,517,701,287,137,94,-8191,6972,9463,-7949,500,-2553,253,-55,784,561
2025-11-19T17:40:07.548507,71,112,266,417,671,288,147,97,-8238,7084,9362,-7921,554,-2613,230,-183,770,474
2025-11-19T17:40:07.575689,62,88,159,439,597,272,123,82,-8320,7167,9227,-7920,402,-2749,263,157,844,364
2025-11-19T17:40:07.593415,59,67,121,515,522,239,112,71,-8415,7207,9073,-7961,167,-2612,241,529,726,250
2025-11-19T17:40:07.608410,56,64,120,587,486,264,113,68,-8521,7232,8901,-8019,-2,-2452,294,699,726,197
2025-11-19T17:40:07.631168,57,60,119,608,580,283,104,64,-8638,7266,8711,-8071,-84,-2274,377,717,848,203
2025-11-19T17:40:07.653755,93,57,135,612,602,271,87,60,-8766,7303,8518,-8106,-200,-2135,422,677,933,96
2025-11-19T17:40:07.668610,140,66,117,577,593,273,75,59,-8907,7327,8326,-8130,-345,-2149,437,738,950,-86
2025-11-19T17:40:07.691310,178,87,144,548,576,279,90,70,-9063,7321,8138,-8153,-400,-2236,358,930,898,-256
2025-11-19T17:40:07.714241,200,94,205,545,566,241,116,96,-9233,7267,7958,-8188,-422,-2110,217,1223,755,-414
2025-11-19T17:40:07.728409,238,95,217,521,390,252,118,106,-9405,7177,7804,-8220,-281,-1944,172,1309,590,-514
2025-11-19T17:40:07.751200,229,101,240,607,293,263,130,112,-9551,7105,7680,-8231,-119,-1878,262,1014,537,-439
2025-11-19T17:40:07.773296,208,94,242,600,295,285,143,115,-9691,7044,7557,-8234,13,-2089,316,956,569,-368
2025-11-19T17:40:07.788313,181,76,235,637,354,336,137,112,-9841,6940,7425,-8264,10,-2169,327,1252,440,-410
2025-11-19T17:40:07.811385,326,69,182,616,356,378,125,135,-9987,6803,7340,-8279,220,-1838,219,1226,246,-523
2025-11-19T17:40:07.833468,376,72,170,670,366,350,119,136,-10104,6667,7311,-8274,366,-1781,219,955,59,-564
2025-11-19T17:40:07.848334,391,86,151,678,384,330,105,138,-10198,6530,7308,-8269,417,-1884,299,820,-95,-558
2025-11-19T17:40:07.871219,397,86,156,697,404,306,87,133,-10269,6382,7334,-8274,453,-1789,223,790,-289,-540
2025-11-19T17:40:07.893379,399,82,151,756,376,235,79,131,-10312,6246,7393,-8273,603,-1909,316,556,-418,-475
2025-11-19T17:40:07.906067,287,75,153,767,355,185,59,89,-10348,6102,7431,-8300,635,-1852,460,621,-447,-328
2025-11-19T17:40:07.928712,184,72,150,719,361,192,62,85,-10363,6006,7453,-8333,454,-1784,350,528,-343,-181
2025-11-19T17:40:07.951445,218,47,132,636,317,185,62,119,-10381,5901,7484,-8357,854,-1903,513,453,-321,-85
2025-11-19T17:40:07.968397,347,64,128,679,265,195,60,155,-10389,5823,7507,-8381,525,-1663,424,376,-290,-114
2025-11-19T17:40:07.991141,351,66,126,593,208,201,66,157,-10386,5753,7531,-8412,702,-1924,520,339,-291,11
2025-11-19T17:40:08.014440,357,68,125,560,320,206,68,162,-10364,5695,7537,-8473,596,-1959,556,383,-319,176
2025-11-19T17:40:08.030696,354,68,135,698,345,204,84,160,-10341,5651,7547,-8521,727,-1678,527,249,-248,266
2025-11-19T17:40:08.053265,445,89,123,728,351,221,89,160,-10327,5603,7562,-8556,654,-1815,569,244,-247,113
2025-11-19T17:40:08.072853,370,78,159,646,349,219,94,137,-10312,5559,7587,-8582,646,-1879,529,207,-250,66
2025-11-19T17:40:08.087795,365,83,171,585,366,224,94,134,-10310,5503,7597,-8611,686,-1738,554,289,-203,66
2025-11-19T17:40:08.110489,355,81,188,645,291,212,91,125,-10313,5453,7609,-8629,770,-1615,551,223,-139,76
2025-11-19T17:40:08.133412,431,86,189,578,239,190,75,148,-10317,5413,7639,-8623,785,-1582,551,70,-124,-6
2025-11-19T17:40:08.148389,335,67,190,535,239,165,63,121,-10335,5367,7674,-8599,817,-1556,515,71,-81,-129
2025-11-19T17:40:08.171902,311,67,160,544,304,164,53,106,-10358,5327,7705,-8568,797,-1534,597,5,-44,-154
2025-11-19T17:40:08.193451,310,58,137,542,315,167,51,108,-10373,5317,7736,-8529,732,-1565,597,-132,22,-130
2025-11-19T17:40:08.208810,313,60,117,422,293,205,70,120,-10387,5323,7760,-8485,669,-1623,586,-165,92,-127
2025-11-19T17:40:08.235329,197,53,120,459,386,231,79,87,-10392,5361,7782,-8435,549,-1685,572,-301,152,-105
2025-11-19T17:40:08.253837,113,43,115,486,508,255,80,76,-10378,5417,7790,-8409,363,-1910,624,-282,115,-13
2025-11-19T17:40:08.268875,106,43,110,530,476,300,81,80,-10360,5476,7780,-8402,278,-2027,647,-195,128,54
2025-11-19T17:40:08.291170,166,47,122,652,466,339,94,101,-10343,5528,7765,-8403,238,-2008,662,-144,109,59
2025-11-19T17:40:08.313894,383,71,114,714,471,323,86,112,-10321,5582,7750,-8408,163,-2072,662,-149,75,55
2025-11-19T17:40:08.328842,442,80,101,705,393,315,81,126,-10306,5611,7704,-8449,77,-2273,901,63,24,90
2025-11-19T17:40:08.351020,466,84,113,814,304,395,82,132,-10297,5612,7657,-8503,277,-2083,842,205,-17,183
2025-11-19T17:40:08.374262,474,86,118,816,306,361,85,130,-10303,5603,7635,-8522,387,-1719,830,52,-3,45
2025-11-19T17:40:08.388309,471,85,123,813,293,322,70,116,-10305,5611,7629,-8519,408,-2115,836,-50,22,-48
2025-11-19T17:40:08.411350,359,68,133,810,288,337,82,109,-10333,5556,7609,-8538,565,-2129,833,331,-54,-109
2025-11-19T17:40:08.433374,292,57,133,771,327,415,96,114,-10371,5478,7600,-8551,703,-1821,797,358,-94,-139
2025-11-19T17:40:08.464810,259,55,126,717,329,406,113,118,-10412,5402,7605,-8545,800,-1741,817,247,-78,-183
2025-11-19T17:40:08.471572,268,65,156,744,336,436,119,121,-10459,5319,7623,-8523,841,-1707,788,216,-90,-291
2025-11-19T17:40:08.493318,308,87,198,689,348,433,123,121,-10508,5239,7643,-8495,822,-1729,754,215,-77,-335
2025-11-19T17:40:08.516308,290,96,276,659,360,446,118,108,-10547,5172,7657,-8475,861,-1717,721,207,-47,-223
2025-11-19T17:40:08.531243,287,112,335,645,361,392,106,89,-10564,5135,7687,-8449,929,-1619,673,2,-37,-90
2025-11-19T17:40:08.561593,303,228,338,556,296,335,96,87,-10579,5117,7711,-8420,922,-1719,703,-57,20,-59
2025-11-19T17:40:08.576121,305,347,358,494,281,334,92,86,-10604,5090,7726,-8390,860,-1656,669,25,49,-127
2025-11-19T17:40:08.591350,256,383,375,432,290,339,90,86,-10621,5072,7755,-8353,805,-1644,591,-51,20,-159
2025-11-19T17:40:08.613903,245,410,453,423,296,331,87,84,-10625,5071,7794,-8312,843,-1605,564,-167,2,-87
2025-11-19T17:40:08.636232,243,415,439,440,254,303,86,83,-10618,5085,7837,-8271,789,-1750,545,-226,-1,-78
2025-11-19T17:40:08.651257,365,532,452,440,238,270,76,83,-10607,5088,7874,-8249,719,-1817,525,-105,-71,-62
2025-11-19T17:40:08.673851,467,597,505,377,244,230,71,100,-10584,5093,7907,-8244,614,-1683,451,-72,-121,12
2025-11-19T17:40:08.696395,518,640,491,363,238,221,65,103,-10525,5134,7959,-8243,554,-1687,381,-280,-193,168
2025-11-19T17:40:08.711453,585,741,390,327,213,166,72,113,-10437,5203,8036,-8237,569,-1685,382,-529,-275,279
2025-11-19T17:40:08.733801,598,816,370,275,228,146,73,118,-10329,5282,8122,-8239,564,-1771,340,-588,-347,360
2025-11-19T17:40:08.756241,555,782,374,253,234,143,71,111,-10203,5359,8202,-8267,459,-1882,449,-578,-470,447
2025-11-19T17:40:08.771428,473,712,269,301,223,129,67,94,-10075,5421,8278,-8307,399,-1794,428,-500,-527,461
2025-11-19T17:40:08.793878,457,773,254,384,291,159,71,91,-9949,5473,8361,-8342,387,-1697,345,-487,-563,407
2025-11-19T17:40:08.816677,372,722,252,459,379,172,82,84,-9812,5528,8476,-8353,376,-1501,291,-696,-639,334
2025-11-19T17:40:08.831347,424,717,245,464,393,209,112,110,-9654,5609,8628,-8327,336,-1651,303,-1044,-694,237
2025-11-19T17:40:08.853756,396,692,249,489,383,213,122,113,-9488,5680,8787,-8303,261,-1963,386,-1076,-800,143
2025-11-19T17:40:08.876523,419,737,286,558,402,242,126,114,-9321,5724,8934,-8305,140,-2009,432,-921,-909,103
2025-11-19T17:40:08.891317,379,642,323,592,443,233,124,118,-9172,5743,9040,-8343,97,-2027,463,-615,-875,158
2025-11-19T17:40:08.913863,365,593,327,587,484,231,109,110,-9049,5781,9097,-8389,301,-1974,567,-534,-601,383
2025-11-19T17:40:08.936312,337,591,352,606,587,206,74,82,-8937,5869,9106,-8439,216,-2140,742,-606,-306,565
2025-11-19T17:40:08.951285,364,560,404,603,605,202,63,72,-8858,5971,9090,-8467,326,-2085,750,-602,-33,579
2025-11-19T17:40:08.973817,325,504,421,542,594,167,65,75,-8813,6088,9061,-8462,467,-2116,685,-615,247,539
2025-11-19T17:40:08.996374,327,506,406,447,573,152,66,70,-8797,6213,9009,-8443,499,-2322,587,-493,468,499
2025-11-19T17:40:09.011085,418,601,601,449,493,147,94,108,-8806,6314,8946,-8425,571,-2210,540,-323,522,443
2025-11-19T17:40:09.033761,491,621,731,501,342,172,103,120,-8808,6412,8896,-8403,426,-2283,284,-234,479,334
2025-11-19T17:40:09.056382,530,660,776,518,396,198,152,151,-8767,6515,8856,-8408,242,-2256,186,-246,281,454
2025-11-19T17:40:09.071455,629,719,780,618,433,203,163,168,-8693,6620,8837,-8423,268,-2355,128,-331,101,555
2025-11-19T17:40:09.093305,696,817,815,684,434,233,179,179,-8620,6681,8834,-8454,333,-2349,171,-228,-102,485
2025-11-19T17:40:09.114186,725,788,683,713,457,224,175,183,-8555,6683,8834,-8518,203,-2145,184,39,-344,327
2025-11-19T17:40:09.129200,742,814,542,755,485,216,173,173,-8501,6651,8856,-8573,101,-1917,216,46,-458,87
2025-11-19T17:40:09.153798,829,940,426,795,465,204,131,152,-8455,6611,8905,-8600,205,-2014,223,-79,-468,-64
2025-11-19T17:40:09.176360,772,886,422,737,480,246,119,139,-8429,6554,8961,-8610,447,-2070,307,-103,-435,-119
2025-11-19T17:40:09.191036,732,778,371,763,529,253,100,135,-8426,6489,9011,-8610,594,-2010,212,7,-332,-141
2025-11-19T17:40:09.213874,653,751,359,751,540,257,88,101,-8409,6453,9052,-8610,437,-2025,143,-45,-273,-84
2025-11-19T17:40:09.235805,679,743,380,791,555,255,101,107,-8383,6430,9101,-8602,381,-1976,179,-175,-268,-92
2025-11-19T17:40:09.250912,651,651,402,743,550,254,105,113,-8363,6405,9141,-8597,290,-1932,69,-69,-241,-131
2025-11-19T17:40:09.273660,659,673,377,746,531,210,97,103,-8331,6385,9195,-8586,309,-1827,-20,-127,-274,-114
2025-11-19T17:40:09.296246,645,695,371,803,459,208,91,87,-8286,6393,9247,-8567,284,-1920,-52,-243,-211,-31
2025-11-19T17:40:09.311497,712,742,402,814,479,217,113,97,-8232,6421,9287,-8556,344,-1982,77,-339,-176,142
2025-11-19T17:40:09.341958,631,709,378,734,514,242,101,97,-8192,6452,9305,-8551,410,-1959,173,-288,-78,212
2025-11-19T17:40:09.355939,501,612,353,770,486,274,98,82,-8164,6488,9313,-8541,423,-1986,136,-250,13,214
2025-11-19T17:40:09.378687,662,656,399,797,476,276,116,118,-8136,6541,9321,-8519,422,-2010,103,-320,91,235
2025-11-19T17:40:09.397618,672,669,373,673,576,274,115,127,-8110,6600,9323,-8496,350,-2193,86,-318,130,212
2025-11-19T17:40:09.416338,616,597,332,605,568,286,89,121,-8080,6653,9321,-8485,252,-2140,39,-237,91,199
2025-11-19T17:40:09.438813,577,492,318,538,502,280,84,112,-8047,6701,9332,-8468,297,-2191,25,-288,43,175
2025-11-19T17:40:09.453238,584,524,348,514,517,251,88,117,-8025,6733,9346,-8447,335,-2143,151,-317,23,100
2025-11-19T17:40:09.476300,466,499,337,481,569,266,70,115,-8023,6760,9345,-8428,319,-2150,167,-217,107,58
2025-11-19T17:40:09.499132,434,457,356,470,479,261,73,112,-8026,6780,9333,-8422,257,-2250,56,-54,110,41
2025-11-19T17:40:09.513748,432,530,379,584,477,261,79,112,-8011,6819,9329,-8410,191,-2084,16,-173,100,101
2025-11-19T17:40:09.536252,491,586,413,641,495,276,93,122,-7983,6865,9331,-8397,164,-2157,45,-261,66,127
2025-11-19T17:40:09.558769,486,539,438,642,524,331,92,119,-7954,6899,9327,-8401,158,-2212,-33,-126,5,153
2025-11-19T17:40:09.573813,388,498,397,599,508,359,88,88,-7916,6930,9335,-8402,238,-2122,-45,-179,-54,183
2025-11-19T17:40:09.596278,380,495,391,588,536,397,99,81,-7900,6933,9340,-8410,412,-2201,96,-94,-84,153
2025-11-19T17:40:09.618935,357,402,386,565,537,387,145,100,-7912,6922,9342,-8405,617,-1997,101,-26,3,118
2025-11-19T17:40:09.633514,262,309,336,491,534,396,149,97,-7920,6938,9353,-8372,546,-1999,124,-241,108,81
2025-11-19T17:40:09.656633,214,288,250,431,519,352,172,107,-7920,6998,9362,-8312,459,-2248,143,-480,277,111
2025-11-19T17:40:09.678877,183,203,263,417,499,349,175,105,-7944,7066,9312,-8288,426,-2326,39,-108,456,288
2025-11-19T17:40:09.693807,163,163,238,399,425,288,175,107,-7973,7160,9226,-8275,309,-1827,-62,33,623,454
2025-11-19T17:40:09.713692,141,133,212,190,423,292,174,99,-7995,7308,9130,-8231,221,-1844,-82,-190,856,539
2025-11-19T17:40:09.737091,109,123,232,259,466,251,162,94,-8019,7486,9022,-8166,150,-1830,-54,-322,1035,579
2025-11-19T17:40:09.753149,76,104,225,267,454,257,135,78,-8031,7628,8931,-8123,-57,-1960,-174,-174,799,411
2025-11-19T17:40:09.776824,60,80,166,271,428,196,138,77,-8032,7743,8862,-8089,-4,-1932,-185,-162,604,361
2025-11-19T17:40:09.807118,56,81,167,291,435,212,161,94,-8019,7855,8821,-8039,249,-1999,-230,-289,517,422
2025-11-19T17:40:09.813864,70,184,260,400,413,221,147,101,-8005,7976,8775,-7984,171,-1804,-139,-385,561,418
2025-11-19T17:40:09.836256,100,338,311,395,363,216,159,105,-7970,8129,8699,-7947,-41,-2097,-248,-348,626,598
2025-11-19T17:40:09.866826,102,371,327,543,354,203,161,109,-7941,8280,8586,-7944,23,-2376,-250,-135,643,822
2025-11-19T17:40:09.873505,106,454,354,733,381,237,166,120,-7850,8475,8458,-7965,-116,-2173,-258,-317,550,1182
2025-11-19T17:40:09.896056,106,472,410,779,494,220,138,107,-7734,8694,8335,-7972,-126,-1847,-148,-571,575,1292
2025-11-19T17:40:09.918773,97,448,365,759,546,198,112,87,-7645,8900,8215,-7955,-325,-2047,14,-644,691,1030
2025-11-19T17:40:09.933798,62,347,316,749,571,196,95,80,-7626,9039,8092,-7943,-402,-2438,221,-372,710,668
2025-11-19T17:40:09.956324,57,314,302,665,558,180,89,74,-7670,9133,7969,-7918,-413,-2237,136,-35,800,332
2025-11-19T17:40:09.978908,51,176,271,458,541,130,61,53,-7732,9224,7868,-7853,-414,-2014,100,-115,907,96
2025-11-19T17:40:09.993857,44,116,162,366,448,126,60,45,-7812,9317,7789,-7742,-361,-2007,53,-218,1045,-111
2025-11-19T17:40:10.016368,56,91,135,310,345,153,80,54,-7934,9404,7721,-7579,-243,-1998,43,-237,1269,-355
2025-11-19T17:40:10.039265,118,113,157,298,282,166,88,74,-8090,9501,7648,-7364,-124,-1775,-56,-216,1556,-508
2025-11-19T17:40:10.053868,129,126,259,269,392,213,114,85,-8264,9565,7594,-7141,-196,-1894,-251,-38,1494,-774
2025-11-19T17:40:10.076309,127,122,271,231,401,259,122,90,-8453,9561,7573,-6944,-69,-2328,-259,172,1184,-977
2025-11-19T17:40:10.098848,129,127,331,246,398,345,126,101,-8648,9493,7588,-6778,164,-2084,-327,429,833,-1087
2025-11-19T17:40:10.113811,124,130,343,253,444,410,129,102,-8833,9417,7620,-6608,322,-1674,-403,443,751,-1094
2025-11-19T17:40:10.136258,70,101,330,252,503,443,138,92,-8983,9368,7657,-6430,295,-1848,-442,235,737,-1024
2025-11-19T17:40:10.158902,50,114,273,369,533,441,123,84,-9087,9326,7693,-6301,115,-2133,-470,195,498,-885
2025-11-19T17:40:10.173903,69,125,273,491,577,430,119,84,-9130,9297,7742,-6221,166,-2090,-498,78,167,-593
2025-11-19T17:40:10.196331,133,227,238,529,592,377,115,92,-9126,9287,7801,-6167,180,-1890,-484,-87,-23,-386
2025-11-19T17:40:10.218715,181,279,238,555,574,301,95,93,-9088,9319,7863,-6097,223,-1742,-462,-385,6,-231
2025-11-19T17:40:10.233752,185,293,239,552,550,263,70,91,-9147,9287,7885,-6029,1098,-2255,492,-345,144,-42
2025-11-19T17:40:10.256321,218,294,279,536,685,283,79,109,-9257,9215,7758,-6134,-664,-3490,-409,1185,275,-279
2025-11-19T17:40:10.278884,220,345,283,509,713,300,77,116,-9325,9119,7742,-6194,333,-2133,-152,714,-161,-110
2025-11-19T17:40:10.293448,188,290,258,543,702,291,74,102,-9263,9169,7780,-6166,8,-2481,-141,-538,-86,-100
2025-11-19T17:40:10.316363,142,240,289,559,687,277,72,95,-9157,9232,7836,-6160,-27,-2255,52,-809,-310,44
2025-11-19T17:40:10.338358,138,223,290,568,674,252,75,91,-9097,9276,7903,-6097,458,-1700,-111,-676,-101,-22
2025-11-19T17:40:10.361568,82,206,245,531,448,199,55,67,-9052,9315,7971,-6015,247,-2092,-316,-593,15,-282
2025-11-19T17:40:10.373830,71,83,228,520,381,149,48,45,-9015,9337,8036,-5950,327,-2057,-405,-430,-45,-234
2025-11-19T17:40:10.397510,83,63,211,517,369,128,47,46,-8997,9356,8070,-5901,363,-2105,-427,-246,42,-127
2025-11-19T17:40:10.421478,83,56,146,483,366,129,44,45,-8968,9384,8087,-5877,208,-2152,-536,-156,24,-29
2025-11-19T17:40:10.435926,81,44,128,484,342,119,36,45,-8936,9409,8100,-5869,251,-2008,-469,-141,-45,60
2025-11-19T17:40:10.458713,76,39,96,467,304,124,40,43,-8919,9425,8102,-5867,296,-2000,-377,-78,-13,84
2025-11-19T17:40:10.482032,63,37,77,396,226,110,37,41,-8918,9433,8083,-5880,250,-2067,-335,59,34,122
2025-11-19T17:40:10.496124,38,35,78,276,203,115,35,34,-8927,9434,8051,-5909,244,-2116,-334,178,28,168
2025-11-19T17:40:10.518617,36,30,64,226,188,106,33,30,-8925,9444,8012,-5950,179,-2134,-317,157,14,245
2025-11-19T17:40:10.541388,33,30,71,181,176,101,32,30,-8920,9459,7973,-5985,272,-2106,-303,113,14,304
2025-11-19T17:40:10.555975,30,28,67,156,190,82,25,29,-8899,9489,7938,-6015,167,-2113,-299,-7,18,303
2025-11-19T17:40:10.579137,27,27,66,127,149,72,24,27,-8873,9521,7914,-6035,129,-2140,-315,-74,7,237
2025-11-19T17:40:10.601183,25,26,58,185,224,71,28,26,-8842,9556,7899,-6046,170,-2086,-321,-138,5,227
2025-11-19T17:40:10.616214,25,27,65,222,237,74,27,26,-8811,9594,7882,-6052,137,-2100,-326,-163,24,219
2025-11-19T17:40:10.638799,23,27,58,254,237,72,27,25,-8777,9624,7873,-6065,123,-2083,-328,-143,-38,196
2025-11-19T17:40:10.662141,22,26,57,273,225,78,29,25,-8751,9651,7858,-6080,120,-2091,-340,-89,-11,196
2025-11-19T17:40:10.684496,24,26,57,272,254,94,54,31,-8729,9677,7836,-6098,117,-2109,-354,-45,-2,223
2025-11-19T17:40:10.698755,23,26,50,231,187,111,68,36,-8718,9697,7801,-6128,174,-2073,-335,61,16,307
2025-11-19T17:40:10.721293,27,27,52,215,177,143,81,41,-8703,9734,7743,-6164,166,-2078,-313,53,86,452
2025-11-19T17:40:10.740388,28,28,48,197,167,157,83,42,-8666,9806,7669,-6194,139,-2056,-281,-120,169,632
2025-11-19T17:40:10.758523,26,30,51,237,166,159,84,44,-8599,9916,7593,-6205,116,-2061,-280,-396,240,748
2025-11-19T17:40:10.780828,25,29,52,243,114,175,72,39,-8507,10060,7518,-6192,47,-2101,-327,-637,324,795
2025-11-19T17:40:10.796118,25,27,53,247,116,220,60,37,-8404,10218,7446,-6161,-9,-2118,-341,-776,386,780
2025-11-19T17:40:10.826869,22,25,41,232,104,216,43,30,-8302,10381,7373,-6114,-60,-2085,-371,-831,461,739
2025-11-19T17:40:10.841222,21,24,37,209,107,215,42,28,-8204,10549,7310,-6033,-37,-2029,-400,-936,565,628
2025-11-19T17:40:10.855861,21,21,32,130,103,213,39,27,-8113,10721,7243,-5934,-65,-2117,-479,-953,673,588
2025-11-19T17:40:10.878733,22,23,32,115,205,203,39,26,-8044,10879,7175,-5822,-186,-2057,-509,-863,762,417
2025-11-19T17:40:10.901168,21,22,28,88,202,145,35,21,-7982,11028,7119,-5693,-35,-2047,-549,-877,771,375
2025-11-19T17:40:10.916205,21,21,28,75,243,125,33,21,-7924,11173,7069,-5553,-51,-2071,-602,-885,795,299
2025-11-19T17:40:10.938706,22,21,28,68,246,111,29,19,-7869,11310,7017,-5419,-190,-1977,-649,-818,798,223
2025-11-19T17:40:10.961276,21,22,30,57,250,106,31,22,-7815,11442,6962,-5288,-278,-1871,-726,-747,801,180
2025-11-19T17:40:10.976270,19,18,24,47,183,82,27,21,-7773,11558,6914,-5159,-209,-1944,-782,-668,765,132
2025-11-19T17:40:10.998438,20,19,26,51,198,110,34,24,-7736,11661,6868,-5043,-290,-1883,-866,-546,709,77
2025-11-19T17:40:11.021207,18,18,26,52,145,105,39,24,-7665,11776,6838,-4925,-322,-1894,-999,-703,623,75
2025-11-19T17:40:11.038273,19,19,28,50,135,105,39,24,-7589,11873,6830,-4821,-215,-1991,-992,-728,450,51
2025-11-19T17:40:11.058183,19,19,26,46,128,109,37,21,-7526,11936,6832,-4757,-212,-2013,-1008,-519,237,13
2025-11-19T17:40:11.081219,19,20,27,46,115,104,36,22,-7489,11963,6850,-4723,-154,-1984,-965,-299,59,-74
2025-11-19T17:40:11.096223,18,22,26,35,70,58,28,21,-7485,11954,6877,-4714,-145,-1989,-949,-42,-43,-178
2025-11-19T17:40:11.118690,19,25,26,32,67,53,21,20,-7492,11928,6912,-4716,-134,-1991,-902,39,-108,-245
2025-11-19T17:40:11.141812,19,25,24,30,79,49,21,22,-7504,11896,6943,-4732,-131,-1988,-872,104,-153,-209
2025-11-19T17:40:11.160677,20,24,24,26,74,41,21,24,-7517,11865,6979,-4738,-69,-1953,-872,79,-133,-229
2025-11-19T17:40:11.179228,20,23,23,25,74,37,21,24,-7529,11839,7007,-4741,-53,-1974,-857,58,-100,-189
2025-11-19T17:40:11.201183,20,23,22,23,76,35,19,22,-7529,11825,7031,-4741,-45,-1954,-829,-26,-80,-129
2025-11-19T17:40:11.216252,19,20,22,23,74,34,18,22,-7517,11823,7051,-4735,34,-1965,-814,-132,-83,-40
2025-11-19T17:40:11.238213,19,18,20,19,59,28,16,20,-7469,11846,7075,-4717,-80,-1919,-816,-367,-59,-28
2025-11-19T17:40:11.260986,20,18,19,23,75,27,15,18,-7393,11887,7109,-4683,-54,-1918,-857,-575,-66,-6
2025-11-19T17:40:11.284503,20,19,18,25,84,28,16,18,-7292,11942,7152,-4635,-83,-1923,-906,-756,-63,-14
2025-11-19T17:40:11.298760,20,18,16,25,82,28,16,18,-7180,12001,7204,-4578,-67,-1941,-978,-844,-73,-39
2025-11-19T17:40:11.320854,21,18,19,24,84,29,20,18,-7063,12059,7262,-4517,-66,-1950,-1042,-870,-87,-70
2025-11-19T17:40:11.344432,22,18,19,23,84,30,22,19,-6953,12107,7320,-4463,-119,-1937,-1088,-793,-98,-114
2025-11-19T17:40:11.358908,20,18,21,20,64,26,21,18,-6911,12115,7361,-4439,-95,-2001,-1112,-332,-80,-159
2025-11-19T17:40:11.389471,20,17,21,17,48,24,21,18,-6874,12120,7402,-4413,-20,-1882,-1137,-275,-82,-155
2025-11-19T17:40:11.404168,19,17,24,22,48,28,23,18,-6842,12128,7435,-4386,-14,-1901,-1150,-255,-39,-119
2025-11-19T17:40:11.418359,22,17,21,23,49,29,20,19,-6816,12136,7461,-4360,-28,-1881,-1153,-220,-13,-108
2025-11-19T17:40:11.441227,19,18,21,24,58,30,19,17,-6810,12138,7472,-4346,-32,-1892,-1145,-75,20,-67
2025-11-19T17:40:11.464249,21,18,19,23,56,31,19,17,-6826,12130,7469,-4349,-32,-1889,-1118,95,27,-23
2025-11-19T17:40:11.478710,21,18,19,24,52,32,19,18,-6855,12119,7452,-4363,-38,-1895,-1099,199,38,26
2025-11-19T17:40:11.501450,22,19,16,20,50,28,17,20,-6890,12107,7427,-4384,-36,-1892,-1078,252,46,66
2025-11-19T17:40:11.531904,20,19,17,19,50,31,17,19,-6928,12096,7394,-4409,-47,-1895,-1064,278,55,106
2025-11-19T17:40:11.538480,20,20,18,18,36,31,18,21,-6961,12090,7358,-4435,-52,-1888,-1064,269,55,137
2025-11-19T17:40:11.561230,19,22,18,20,36,33,19,21,-6988,12085,7325,-4459,-52,-1882,-1041,230,44,140
2025-11-19T17:40:11.584297,17,22,18,19,35,33,20,20,-7009,12084,7297,-4478,-60,-1890,-1043,175,40,118
2025-11-19T17:40:11.598654,17,22,18,19,35,35,20,20,-7027,12081,7274,-4494,-66,-1909,-1035,152,37,90
2025-11-19T17:40:11.621215,16,22,20,18,28,31,21,20,-7042,12081,7248,-4512,-204,-1833,-1042,163,61,55
2025-11-19T17:40:11.644428,17,21,20,21,26,29,20,19,-7061,12074,7231,-4526,-79,-1912,-1011,146,23,47
2025-11-19T17:40:11.659169,18,20,21,19,26,29,20,19,-7080,12067,7217,-4540,-86,-1919,-1018,141,17,30
2025-11-19T17:40:11.681081,20,19,22,18,25,28,18,20,-7097,12058,7207,-4553,-81,-1913,-997,134,6,17
2025-11-19T17:40:11.704442,21,19,22,18,24,26,17,19,-7111,12050,7199,-4565,-82,-1911,-986,99,-5,10
2025-11-19T17:40:11.718292,20,21,21,20,22,25,18,19,-7115,12046,7197,-4571,-69,-1902,-983,37,-15,1
2025-11-19T17:40:11.741219,18,21,19,19,21,26,18,18,-7109,12047,7201,-4571,-72,-1901,-993,-45,-22,-5
2025-11-19T17:40:11.764408,18,21,19,20,19,22,19,18,-7092,12053,7210,-4567,-76,-1908,-997,-116,-30,-17
2025-11-19T17:40:11.778722,16,22,19,20,20,22,19,16,-7069,12062,7224,-4557,-80,-1909,-1021,-165,-34,-27
2025-11-19T17:40:11.809428,14,20,20,20,20,22,20,16,-7044,12071,7240,-4547,-81,-1916,-1023,-184,-37,-41
2025-11-19T17:40:11.824428,15,19,19,20,19,24,19,16,-7021,12079,7257,-4535,-75,-1904,-1018,-182,-34,-48
2025-11-19T17:40:11.838351,16,19,20,21,20,23,19,17,-7001,12086,7272,-4524,-71,-1907,-1035,-159,-26,-44
2025-11-19T17:40:11.861173,17,19,19,20,20,25,18,17,-6985,12093,7282,-4514,-62,-1907,-1052,-121,-14,-28
2025-11-19T17:40:11.884316,18,19,18,20,20,24,18,17,-6976,12097,7286,-4509,-60,-1900,-1045,-76,-4,-5
2025-11-19T17:40:11.898106,19,18,18,21,18,25,21,16,-6967,12103,7287,-4506,-67,-1892,-1050,-60,-3,12
2025-11-19T17:40:11.921232,19,18,19,21,19,28,21,19,-6958,12109,7288,-4504,-70,-1881,-1049,-60,-8,21
2025-11-19T17:40:11.944405,20,16,19,20,17,28,23,18,-6946,12115,7288,-4504,-76,-1882,-1045,-74,-16,24
2025-11-19T17:40:11.958600,18,15,19,22,20,27,23,19,-6931,12122,7291,-4504,-88,-1888,-1040,-96,-26,18
2025-11-19T17:40:11.981172,20,15,18,23,20,32,23,20,-6913,12129,7299,-4500,-86,-1891,-1062,-113,-33,-4
2025-11-19T17:40:12.004396,19,16,19,24,23,54,24,19,-6897,12133,7310,-4496,-78,-1891,-1045,-123,-39,-27
2025-11-19T17:40:12.018617,19,16,19,23,23,59,25,21,-6880,12137,7323,-4489,-84,-1895,-1069,-126,-35,-43
2025-11-19T17:40:12.041067,21,17,19,23,29,76,43,23,-6863,12142,7338,-4479,-70,-1882,-1083,-129,-27,-51
2025-11-19T17:40:12.064566,21,17,19,22,30,87,55,28,-6847,12147,7351,-4468,-55,-1890,-1083,-137,-22,-39
2025-11-19T17:40:12.078192,22,17,21,22,42,96,59,29,-6830,12155,7360,-4456,-56,-1880,-1083,-143,-3,-15
2025-11-19T17:40:12.102080,23,22,48,31,84,173,59,31,-6813,12166,7366,-4442,-61,-1880,-1096,-144,19,-3
2025-11-19T17:40:12.124971,27,36,100,88,150,220,85,39,-6806,12172,7368,-4433,-71,-1890,-1083,-85,25,-7
2025-11-19T17:40:12.138683,27,38,115,107,188,247,95,41,-6807,12175,7366,-4427,-66,-1870,-1122,-9,40,-4
2025-11-19T17:40:12.161211,28,42,166,130,225,291,91,39,-6815,12175,7360,-4424,-76,-1871,-1108,36,45,0
2025-11-19T17:40:12.183872,28,43,182,134,230,289,90,39,-6832,12167,7354,-4429,-69,-1901,-1105,105,28,-17
2025-11-19T17:40:12.198431,32,49,201,137,221,274,93,40,-6852,12153,7352,-4441,-89,-1870,-1106,160,-7,-44
2025-11-19T17:40:12.221207,29,42,188,118,186,259,76,34,-6877,12131,7357,-4455,-79,-1877,-1104,192,-36,-96
2025-11-19T17:40:12.244556,30,63,223,120,151,238,57,34,-6910,12099,7368,-4475,-53,-1886,-1050,232,-73,-126
2025-11-19T17:40:12.266673,30,66,195,108,89,188,59,35,-6937,12070,7380,-4489,-64,-1892,-1069,194,-60,-140
2025-11-19T17:40:12.281377,32,66,190,104,80,206,63,40,-6959,12041,7400,-4500,-51,-1893,-1074,164,-81,-163
2025-11-19T17:40:12.304377,35,64,171,102,84,184,63,42,-6981,12009,7420,-4520,-56,-1914,-1084,198,-118,-159
2025-11-19T17:40:12.326895,49,67,172,108,87,160,56,40,-7016,11962,7441,-4553,-62,-1913,-1053,309,-167,-193
2025-11-19T17:40:12.341164,51,49,124,134,98,153,55,40,-7044,11913,7428,-4660,-505,-2203,-1067,476,-290,-77
2025-11-19T17:40:12.364413,52,47,128,277,191,151,62,44,-7085,11829,7463,-4755,-169,-1957,-1021,560,-473,-248
2025-11-19T17:40:12.394457,51,47,119,294,194,136,55,40,-7156,11699,7513,-4888,-75,-1998,-1005,871,-686,-334
2025-11-19T17:40:12.401625,50,43,110,328,215,132,50,38,-7246,11550,7559,-5036,-71,-1968,-956,1050,-720,-365
2025-11-19T17:40:12.424424,43,53,113,356,232,129,51,46,-7339,11397,7607,-5178,-39,-1943,-893,1051,-708,-387
2025-11-19T17:40:12.446593,54,58,124,349,228,129,50,50,-7436,11246,7650,-5305,40,-1965,-854,1037,-635,-372
2025-11-19T17:40:12.461018,56,59,111,295,170,127,34,47,-7535,11103,7677,-5427,-117,-2144,-776,987,-522,-388
2025-11-19T17:40:12.484550,57,60,118,431,194,114,38,51,-7631,10962,7717,-5520,-9,-2029,-711,889,-469,-447
2025-11-19T17:40:12.507289,55,61,137,421,183,116,36,49,-7722,10819,7767,-5604,-21,-2072,-665,816,-474,-522
2025-11-19T17:40:12.521210,70,48,139,406,250,156,37,53,-7820,10681,7817,-5665,86,-1934,-595,777,-371,-539
2025-11-19T17:40:12.548624,156,58,122,405,270,162,41,98,-7892,10593,7854,-5680,187,-1835,-579,474,-162,-385
2025-11-19T17:40:12.566429,295,70,122,386,269,156,48,150,-7922,10561,7887,-5650,161,-2054,-600,31,18,-283
2025-11-19T17:40:12.581162,318,75,117,237,254,156,47,160,-7938,10558,7889,-5632,75,-2097,-648,10,94,-83
2025-11-19T17:40:12.604407,326,100,94,352,246,145,50,162,-7948,10558,7892,-5612,127,-1906,-703,40,76,-45
2025-11-19T17:40:12.626885,404,103,82,369,153,123,49,194,-7960,10551,7895,-5604,82,-2060,-691,62,41,-64
2025-11-19T17:40:12.641210,424,108,84,377,112,115,50,205,-7988,10532,7883,-5617,90,-2014,-643,227,18,-11
2025-11-19T17:40:12.664206,386,106,119,428,104,119,44,193,-8015,10519,7865,-5629,72,-2042,-617,204,54,16
2025-11-19T17:40:12.687002,420,111,119,482,92,122,45,205,-8039,10507,7846,-5645,32,-2056,-616,207,41,19
2025-11-19T17:40:12.701339,425,94,126,409,82,123,48,211,-8066,10485,7838,-5657,40,-2094,-611,209,10,-62
2025-11-19T17:40:12.724626,352,93,120,404,102,92,47,179,-8090,10463,7830,-5674,30,-2131,-627,218,-15,-47
2025-11-19T17:40:12.747179,442,94,128,548,112,85,60,213,-8117,10439,7828,-5682,79,-2015,-567,192,0,-84
2025-11-19T17:40:12.761143,446,96,122,546,133,130,61,207,-8144,10418,7831,-5678,113,-2064,-566,136,34,-109
2025-11-19T17:40:12.784746,406,94,129,516,136,142,60,189,-8166,10400,7828,-5683,94,-2066,-604,167,14,-56
2025-11-19T17:40:12.806576,399,89,131,516,169,139,57,183,-8191,10381,7820,-5692,66,-2073,-603,207,21,-54
2025-11-19T17:40:12.821174,400,86,130,509,165,142,58,183,-8231,10348,7807,-5714,62,-2105,-582,333,5,-72
2025-11-19T17:40:12.844392,232,70,119,397,165,140,39,95,-8281,10308,7788,-5740,142,-2046,-527,403,8,-32
2025-11-19T17:40:12.863705,138,52,94,349,148,129,42,63,-8323,10278,7763,-5766,130,-1996,-474,346,26,26
2025-11-19T17:40:12.879037,133,43,90,314,143,110,42,60,-8353,10264,7737,-5783,112,-2043,-464,226,59,59
2025-11-19T17:40:12.903411,121,41,87,313,113,112,43,55,-8372,10259,7716,-5793,96,-2043,-459,139,62,63
2025-11-19T17:40:12.926906,113,39,87,300,99,131,45,52,-8378,10264,7701,-5796,78,-2071,-458,29,57,57
2025-11-19T17:40:12.949985,103,36,84,217,87,136,42,47,-8372,10272,7701,-5789,79,-2083,-465,-72,25,13
2025-11-19T17:40:12.967162,97,36,79,188,105,116,35,41,-8359,10283,7709,-5778,94,-2061,-478,-129,0,7
2025-11-19T17:40:12.984951,65,26,70,226,126,121,42,33,-8340,10297,7717,-5770,104,-2033,-486,-144,-21,33
2025-11-19T17:40:12.998452,56,25,54,226,161,135,44,30,-8317,10315,7723,-5764,96,-2030,-479,-173,-24,66
2025-11-19T17:40:13.021391,42,26,53,228,175,126,55,32,-8290,10339,7724,-5758,88,-1828,-444,-187,-12,108
2025-11-19T17:40:13.044230,34,29,61,233,227,126,62,37,-8246,10379,7724,-5748,91,-2015,-515,-297,-3,179
2025-11-19T17:40:13.060548,31,29,61,240,245,121,67,38,-8188,10433,7720,-5741,88,-2084,-569,-355,-18,270
2025-11-19T17:40:13.083083,28,31,54,187,259,145,67,40,-8121,10496,7702,-5743,50,-2139,-610,-362,-10,373
2025-11-19T17:40:13.106626,21,30,66,144,276,152,67,39,-8068,10548,7677,-5756,19,-2119,-645,-224,-18,366
2025-11-19T17:40:13.121196,22,36,90,179,275,141,56,35,-8029,10585,7651,-5777,1,-2121,-643,-115,-31,321
2025-11-19T17:40:13.143707,21,33,90,256,241,137,47,30,-8000,10613,7628,-5798,-2,-2052,-624,-53,-37,276
2025-11-19T17:40:13.166682,21,34,94,292,221,132,39,29,-7977,10637,7603,-5817,-22,-2055,-591,-52,-11,246
2025-11-19T17:40:13.189382,20,32,95,298,198,99,28,24,-7958,10663,7581,-5827,-29,-2046,-566,-81,24,214
2025-11-19T17:40:13.204032,20,31,85,298,133,51,20,22,-7944,10685,7563,-5828,-52,-2084,-570,-89,54,145
2025-11-19T17:40:13.226925,18,27,59,273,115,47,21,23,-7926,10705,7554,-5825,-78,-2041,-608,-101,34,91
2025-11-19T17:40:13.249728,17,25,46,192,103,42,24,21,-7916,10716,7547,-5830,-38,-2050,-596,-39,-2,89
2025-11-19T17:40:13.264048,16,22,33,104,81,38,24,19,-7908,10724,7539,-5836,-28,-2054,-599,-25,-11,96
2025-11-19T17:40:13.286902,17,23,26,77,58,37,24,20,-7898,10731,7531,-5846,-36,-2048,-582,-24,-27,99
2025-11-19T17:40:13.309900,18,22,24,69,97,51,24,21,-7882,10742,7527,-5853,-37,-2032,-573,-74,-38,107
2025-11-19T17:40:13.323978,20,21,24,81,125,62,21,21,-7853,10764,7527,-5851,-64,-2035,-577,-189,-22,102
2025-11-19T17:40:13.346883,20,22,46,154,124,60,19,22,-7819,10791,7534,-5838,-46,-2031,-577,-265,-12,90
2025-11-19T17:40:13.369130,21,23,50,160,125,60,20,21,-7791,10815,7533,-5834,-80,-1656,-263,-304,6,97
2025-11-19T17:40:13.384055,21,23,53,171,127,59,20,22,-7745,10849,7546,-5814,-63,-1959,-613,-343,-16,78
2025-11-19T17:40:13.406828,20,24,57,176,100,49,23,24,-7699,10882,7565,-5789,-74,-2034,-660,-359,-14,45
2025-11-19T17:40:13.429385,19,22,65,168,63,34,23,22,-7647,10916,7589,-5761,-80,-2081,-709,-399,-24,25
2025-11-19T17:40:13.443608,18,20,61,105,56,32,23,22,-7602,10946,7613,-5734,-83,-2102,-735,-356,-20,5
2025-11-19T17:40:13.466395,18,22,58,95,51,30,23,24,-7564,10970,7635,-5708,-63,-2024,-730,-306,-15,-1
2025-11-19T17:40:13.489457,17,21,56,69,47,33,22,23,-7534,10990,7652,-5687,-79,-2030,-753,-242,-8,-13
2025-11-19T17:40:13.503589,18,20,53,55,39,29,20,21,-7514,11002,7668,-5668,-59,-2006,-735,-176,-2,-28
2025-11-19T17:40:13.526848,19,20,44,57,27,27,22,24,-7500,11010,7682,-5652,-75,-2027,-759,-138,3,-42
2025-11-19T17:40:13.549341,19,21,31,53,27,26,23,25,-7491,11016,7692,-5639,-60,-2032,-758,-95,7,-35
2025-11-19T17:40:13.564560,19,19,56,56,26,27,24,25,-7487,11019,7697,-5631,-54,-2009,-736,-55,10,-17
2025-11-19T17:40:13.587152,19,21,68,64,21,22,26,24,-7484,11021,7701,-5626,-62,-2017,-745,-44,4,-12
2025-11-19T17:40:13.609125,19,20,68,63,23,21,25,23,-7482,11022,7706,-5620,-57,-2024,-750,-36,4,-23
2025-11-19T17:40:13.623380,16,21,68,61,23,22,23,24,-7480,11023,7712,-5612,-59,-2020,-760,-35,11,-31
2025-11-19T17:40:13.646831,17,20,70,57,21,21,22,22,-7492,11017,7711,-5608,-71,-2185,-754,22,35,-48
2025-11-19T17:40:13.669309,16,20,53,49,20,23,19,23,-7498,11016,7714,-5600,-51,-2011,-755,1,30,-39
2025-11-19T17:40:13.683375,16,19,34,33,22,24,18,22,-7506,11013,7713,-5595,-53,-2016,-743,23,35,-29
2025-11-19T17:40:13.706820,16,19,32,33,21,24,18,21,-7514,11012,7710,-5593,-51,-2022,-739,29,37,-9
2025-11-19T17:40:13.729095,18,20,28,19,20,25,18,20,-7521,11011,7704,-5593,-51,-2009,-716,27,29,13
2025-11-19T17:40:13.743699,18,21,23,21,23,25,18,22,-7518,11016,7701,-5591,-60,-2007,-732,-29,15,22
2025-11-19T17:40:13.766527,18,20,23,32,22,22,19,19,-7506,11025,7705,-5584,-62,-1999,-732,-99,2,10
2025-11-19T17:40:13.789089,20,21,29,38,22,21,18,18,-7491,11034,7715,-5572,-52,-2015,-745,-133,-3,-11
2025-11-19T17:40:13.804061,20,21,30,40,22,23,19,21,-7477,11043,7724,-5559,-60,-2017,-765,-128,7,-20
2025-11-19T17:40:13.834273,19,22,29,41,23,28,18,21,-7468,11050,7732,-5546,-52,-2015,-789,-90,18,-23
2025-11-19T17:40:13.849267,19,22,30,41,21,30,19,20,-7466,11054,7736,-5537,-45,-2020,-790,-41,22,-18
2025-11-19T17:40:13.864055,20,20,29,32,21,30,18,22,-7470,11054,7735,-5533,-51,-2027,-785,16,25,-13
2025-11-19T17:40:13.887436,19,19,23,26,21,31,19,25,-7483,11048,7728,-5537,-48,-2024,-768,84,23,-3
2025-11-19T17:40:13.909902,20,20,23,29,19,29,19,23,-7501,11038,7718,-5547,-51,-2017,-761,140,16,3
2025-11-19T17:40:13.923689,20,18,25,35,18,23,19,23,-7521,11025,7707,-5560,-47,-2009,-744,163,9,6
2025-11-19T17:40:13.946887,20,18,25,33,18,20,20,23,-7541,11013,7697,-5571,-43,-2026,-754,157,9,7
2025-11-19T17:40:13.969269,19,18,26,34,18,21,20,22,-7560,11002,7684,-5583,-49,-2022,-745,159,15,14
2025-11-19T17:40:13.983429,18,19,26,36,16,20,20,19,-7581,10992,7669,-5597,-43,-2014,-747,180,20,28
2025-11-19T17:40:14.007331,19,19,25,33,19,19,21,21,-7604,10980,7650,-5615,-58,-2032,-725,205,22,45
2025-11-19T17:40:14.029424,19,21,22,25,18,20,21,19,-7628,10968,7630,-5633,-60,-2022,-705,204,19,43
2025-11-19T17:40:14.043660,21,21,23,26,18,21,20,20,-7649,10956,7613,-5650,-60,-2028,-694,182,16,33
2025-11-19T17:40:14.066843,20,23,20,23,19,20,21,20,-7669,10944,7599,-5664,-58,-2014,-680,164,11,19
2025-11-19T17:40:14.089365,20,23,20,19,20,19,20,21,-7685,10935,7589,-5675,-50,-2017,-686,134,9,18
2025-11-19T17:40:14.112231,18,23,20,19,18,18,18,21,-7698,10928,7578,-5684,-54,-2026,-679,111,12,26
2025-11-19T17:40:14.126806,18,22,20,18,18,17,17,21,-7706,10926,7569,-5691,-61,-2020,-674,71,13,33
2025-11-19T17:40:14.149345,15,22,19,19,19,16,20,22,-7709,10926,7564,-5694,-59,-2027,-671,27,11,18
2025-11-19T17:40:14.171906,17,21,20,18,18,16,18,21,-7709,10926,7564,-5694,-62,-2033,-679,-15,5,-1
2025-11-19T17:40:14.187387,19,21,20,19,19,18,19,20,-7706,10927,7567,-5690,-64,-2041,-687,-28,1,-15
2025-11-19T17:40:14.209194,20,21,19,18,20,20,20,20,-7705,10928,7570,-5687,-62,-2034,-690,-19,1,-14
2025-11-19T17:40:14.228777,20,21,19,19,20,19,20,21,-7705,10928,7570,-5687,-48,-2032,-673,8,1,-6
2025-11-19T17:40:14.244761,20,19,18,19,20,21,18,20,-7707,10927,7569,-5687,-55,-2036,-700,24,3,2
2025-11-19T17:40:14.267900,21,19,18,19,22,22,17,20,-7710,10926,7567,-5689,-62,-2035,-685,23,4,1
2025-11-19T17:40:14.292362,20,22,17,19,21,23,16,19,-7710,10926,7567,-5689,-66,-2030,-676,7,2,-5
2025-11-19T17:40:14.306553,18,19,18,20,19,22,18,19,-7710,10926,7567,-5689,-65,-2038,-678,-5,4,-11
2025-11-19T17:40:14.329560,20,19,19,19,18,23,17,18,-7710,10926,7567,-5689,-59,-2032,-684,-7,2,-13
2025-11-19T17:40:14.351816,19,21,20,19,17,22,17,18,-7710,10926,7567,-5689,-59,-2029,-671,-1,-1,-8
2025-11-19T17:40:14.367194,16,21,19,18,17,22,18,18,-7710,10926,7567,-5689,-57,-2032,-679,0,-2,-1
2025-11-19T17:40:14.388922,17,18,19,20,17,20,18,18,-7710,10926,7567,-5688,-52,-2032,-683,-5,-4,4
2025-11-19T17:40:14.411225,18,18,20,20,18,19,17,19,-7710,10926,7567,-5688,-62,-2040,-678,-4,-2,3
2025-11-19T17:40:14.426446,18,21,18,20,19,19,18,20,-7710,10926,7567,-5688,-67,-2034,-677,3,0,-2
2025-11-19T17:40:14.448743,19,18,18,19,19,19,18,22,-7710,10926,7567,-5688,-56,-2028,-673,13,3,-3
2025-11-19T17:40:14.471748,19,20,21,20,18,19,18,23,-7713,10924,7566,-5689,-52,-2039,-675,18,4,-2
2025-11-19T17:40:14.486804,17,21,20,18,18,17,18,23,-7716,10922,7565,-5689,-51,-2036,-686,21,4,-1
2025-11-19T17:40:14.511157,17,21,20,16,18,20,17,21,-7719,10920,7564,-5691,-62,-2030,-673,22,1,0
2025-11-19T17:40:14.531388,17,19,20,16,18,20,17,20,-7721,10920,7561,-5693,-67,-2024,-682,25,5,5
2025-11-19T17:40:14.546026,17,21,22,16,19,21,18,20,-7726,10917,7558,-5695,-57,-2031,-676,38,6,6
2025-11-19T17:40:14.569099,17,21,20,16,20,21,19,19,-7731,10914,7554,-5699,-60,-2030,-665,43,5,6
2025-11-19T17:40:14.591368,17,20,20,16,20,22,20,17,-7736,10911,7550,-5703,-55,-2030,-664,44,1,7
2025-11-19T17:40:14.614291,17,19,20,18,19,22,22,18,-7739,10909,7549,-5706,-60,-2029,-665,22,-5,5
2025-11-19T17:40:14.629308,17,21,21,19,20,21,21,18,-7737,10909,7550,-5706,-64,-2020,-640,-19,-10,-2
2025-11-19T17:40:14.651786,16,20,20,19,20,22,20,18,-7730,10912,7555,-5703,-62,-2025,-653,-60,-11,-8
2025-11-19T17:40:14.665715,16,19,19,19,20,23,18,19,-7720,10918,7563,-5695,-60,-2029,-676,-87,-10,-15
2025-11-19T17:40:14.689348,20,19,19,19,20,23,18,20,-7709,10924,7571,-5687,-59,-2034,-672,-99,-10,-14
2025-11-19T17:40:14.712320,20,20,20,18,22,22,15,21,-7697,10931,7579,-5679,-63,-2042,-697,-93,-11,-13
2025-11-19T17:40:14.726148,20,19,20,19,20,22,16,21,-7688,10935,7586,-5674,-58,-2036,-675,-81,-15,-10
2025-11-19T17:40:14.750071,21,18,19,19,19,21,18,20,-7678,10940,7593,-5670,-60,-2032,-688,-74,-19,-8
2025-11-19T17:40:14.771604,22,20,19,18,19,20,17,18,-7667,10945,7601,-5665,-56,-2025,-701,-75,-20,-6
2025-11-19T17:40:14.785988,18,19,18,20,20,22,18,20,-7657,10950,7608,-5659,-54,-2023,-699,-80,-18,-8
2025-11-19T17:40:14.809782,20,19,16,19,17,23,17,20,-7646,10956,7616,-5652,-54,-2026,-707,-84,-13,-6
2025-11-19T17:40:14.831763,20,18,16,19,19,23,18,21,-7634,10962,7622,-5647,-71,-2026,-695,-92,-12,-4
2025-11-19T17:40:14.846123,20,19,18,19,21,23,17,22,-7623,10968,7630,-5641,-58,-2021,-690,-99,-19,-8
2025-11-19T17:40:14.869525,19,17,18,19,20,23,19,21,-7609,10975,7640,-5633,-55,-2024,-722,-107,-22,-13
2025-11-19T17:40:14.891782,20,18,18,17,21,22,19,20,-7594,10981,7651,-5625,-55,-2024,-728,-109,-24,-15
2025-11-19T17:40:14.905775,18,18,20,19,21,21,19,21,-7582,10986,7661,-5617,-46,-2022,-720,-102,-22,-16
2025-11-19T17:40:14.929337,17,18,20,19,22,20,18,19,-7571,10992,7670,-5610,-58,-2015,-726,-92,-16,-15
2025-11-19T17:40:14.951766,19,18,19,20,22,21,18,20,-7560,10997,7677,-5603,-56,-2019,-735,-83,-11,-12
2025-11-19T17:40:14.965967,20,20,20,21,25,21,16,20,-7551,11002,7683,-5597,-53,-2018,-741,-70,-10,-4
2025-11-19T17:40:14.990243,20,20,21,21,25,20,17,21,-7545,11006,7686,-5594,-49,-2022,-748,-45,-8,3
2025-11-19T17:40:15.012221,22,20,21,19,26,20,18,18,-7542,11007,7687,-5594,-55,-2023,-735,-17,-9,9
2025-11-19T17:40:15.025753,21,20,20,19,24,23,19,18,-7542,11007,7687,-5594,-60,-2020,-736,5,-9,11
2025-11-19T17:40:15.048880,20,21,20,16,24,22,19,17,-7543,11007,7684,-5598,-66,-2016,-740,18,-3,13
2025-11-19T17:40:15.071886,21,19,19,17,21,21,20,17,-7545,11005,7682,-5600,-53,-2018,-737,25,-4,8
2025-11-19T17:40:15.094032,21,20,18,17,19,21,21,20,-7548,11003,7681,-5602,-55,-2006,-731,22,-3,-1
2025-11-19T17:40:15.109522,19,21,18,17,20,22,21,21,-7548,11003,7681,-5602,-62,-2014,-729,5,-5,-2
2025-11-19T17:40:15.131510,19,21,19,17,21,18,20,22,-7549,11003,7681,-5603,-54,-2022,-708,-15,-4,-2
2025-11-19T17:40:15.153805,18,19,19,17,18,18,19,21,-7546,11004,7683,-5601,-52,-2023,-730,-24,-2,1
2025-11-19T17:40:15.169336,17,21,19,16,19,18,18,23,-7544,11006,7684,-5599,-56,-2010,-740,-18,0,3
2025-11-19T17:40:15.191597,16,20,19,16,19,17,19,20,-7544,11006,7684,-5599,-64,-2023,-741,-9,-5,-1
2025-11-19T17:40:15.214718,17,18,19,17,18,18,17,20,-7544,11006,7683,-5599,-65,-2012,-727,-9,-6,-4
2025-11-19T17:40:15.229190,17,18,20,18,18,18,19,19,-7544,11006,7684,-5599,-55,-2009,-733,-13,-8,-5
2025-11-19T17:40:15.251258,20,19,19,18,20,20,20,20,-7541,11007,7685,-5598,-56,-2029,-734,-22,-8,0
2025-11-19T17:40:15.274086,20,18,19,18,18,20,21,18,-7537,11009,7687,-5597,-61,-2015,-736,-30,-8,1
2025-11-19T17:40:15.289295,20,18,19,17,18,20,19,19,-7531,11012,7690,-5595,-60,-2009,-735,-39,-8,5
2025-11-19T17:40:15.311835,20,19,19,17,18,20,20,18,-7525,11016,7692,-5594,-61,-2010,-739,-40,-10,7
2025-11-19T17:40:15.334247,21,20,18,16,18,21,19,19,-7520,11019,7694,-5591,-52,-2014,-748,-39,-8,9
2025-11-19T17:40:15.349261,19,20,19,15,17,22,18,19,-7514,11023,7696,-5589,-56,-2016,-760,-34,-5,9
2025-11-19T17:40:15.372047,19,20,17,16,18,22,19,18,-7511,11025,7697,-5587,-55,-2011,-746,-23,-3,7
2025-11-19T17:40:15.394187,19,20,18,17,17,23,19,18,-7508,11027,7698,-5587,-63,-2014,-755,-17,-4,5
2025-11-19T17:40:15.409320,18,23,17,15,17,22,20,19,-7508,11027,7698,-5587,-58,-2007,-751,-14,-1,5
2025-11-19T17:40:15.431795,18,22,18,16,18,22,21,20,-7507,11027,7698,-5587,-67,-2022,-756,-6,-1,5
2025-11-19T17:40:15.453762,16,22,17,16,18,19,20,20,-7508,11027,7698,-5586,-55,-2019,-743,-4,-1,9
2025-11-19T17:40:15.469450,20,20,17,14,19,21,20,21,-7508,11027,7698,-5587,-66,-2006,-746,-8,-5,6
2025-11-19T17:40:15.499270,20,21,18,15,19,21,18,20,-7508,11027,7698,-5587,-55,-2015,-729,-11,-6,6
2025-11-19T17:40:15.514122,20,19,18,16,19,21,17,18,-7505,11028,7699,-5587,-68,-2023,-747,-18,-7,4
2025-11-19T17:40:15.528151,22,20,17,17,18,19,16,19,-7505,11028,7699,-5587,-63,-2011,-746,-16,-3,0
2025-11-19T17:40:15.551768,23,20,19,16,18,20,17,18,-7505,11028,7699,-5587,-71,-2006,-749,-11,-1,-3
2025-11-19T17:40:15.574406,20,20,19,16,17,20,17,18,-7505,11028,7699,-5587,-62,-2018,-738,-6,-2,-6
2025-11-19T17:40:15.588236,19,19,19,19,18,20,19,19,-7505,11028,7699,-5587,-62,-2012,-751,-6,-4,-8
2025-11-19T17:40:15.612211,19,20,19,18,18,18,20,22,-7505,11028,7699,-5587,-64,-2020,-750,-7,-3,-13
2025-11-19T17:40:15.634257,18,18,19,17,18,20,20,21,-7505,11028,7699,-5587,-62,-2025,-755,-6,-1,-15
2025-11-19T17:40:15.648584,17,17,18,18,18,21,20,21,-7505,11028,7699,-5587,-45,-2012,-745,1,3,-13
2025-11-19T17:40:15.672059,19,21,17,18,20,19,21,22,-7505,11028,7699,-5587,-55,-2022,-757,13,7,-8
2025-11-19T17:40:15.694323,19,19,17,14,20,19,20,23,-7510,11025,7697,-5588,-61,-2018,-743,32,7,-7
2025-11-19T17:40:15.708862,22,20,18,15,21,21,18,21,-7515,11022,7694,-5591,-67,-2015,-755,44,6,-5
2025-11-19T17:40:15.731627,20,20,18,16,21,20,18,21,-7523,11018,7690,-5594,-59,-2009,-737,54,8,0
2025-11-19T17:40:15.754256,22,20,17,15,21,21,18,22,-7531,11014,7686,-5598,-56,-2018,-745,62,10,0
2025-11-19T17:40:15.768515,21,18,18,18,19,23,16,21,-7539,11010,7681,-5601,-59,-2013,-744,64,14,5
2025-11-19T17:40:15.792273,21,18,19,19,18,24,17,19,-7547,11007,7675,-5605,-60,-2017,-742,62,14,7
2025-11-19T17:40:15.815040,20,19,19,19,17,23,17,19,-7555,11003,7670,-5610,-57,-2021,-731,60,10,8
2025-11-19T17:40:15.828567,20,19,18,18,18,27,18,18,-7563,10999,7665,-5614,-57,-2016,-724,59,6,8
2025-11-19T17:40:15.851728,19,19,18,19,18,25,18,16,-7571,10994,7659,-5619,-56,-2025,-716,58,7,8
2025-11-19T17:40:15.874594,18,19,19,17,18,24,17,17,-7577,10991,7655,-5623,-61,-2019,-729,52,8,5
2025-11-19T17:40:15.888692,17,19,20,19,17,23,16,18,-7583,10989,7651,-5625,-56,-2013,-724,45,11,8
2025-11-19T17:40:15.911789,15,21,20,21,16,24,17,17,-7588,10986,7646,-5628,-64,-2017,-718,43,10,5
2025-11-19T17:40:15.934271,18,20,20,21,17,20,18,18,-7594,10984,7642,-5631,-57,-2021,-719,41,11,8
2025-11-19T17:40:15.948560,18,21,20,21,16,21,17,19,-7599,10982,7639,-5632,-55,-2023,-722,38,10,6
2025-11-19T17:40:15.975449,18,22,19,21,18,20,19,18,-7612,10977,7630,-5638,-58,-2025,-716,48,12,6
2025-11-19T17:40:15.994037,20,22,19,20,18,20,20,17,-7619,10974,7624,-5642,-61,-2027,-713,58,15,14
2025-11-19T17:40:16.015772,22,19,17,20,19,22,22,18,-7626,10972,7617,-5645,-68,-2017,-713,57,17,11
2025-11-19T17:40:16.033819,19,18,20,19,18,21,21,17,-7631,10970,7614,-5646,-59,-2012,-702,35,17,2
2025-11-19T17:40:16.051380,19,19,18,19,18,20,21,17,-7631,10970,7614,-5646,-66,-2010,-714,2,13,-9
2025-11-19T17:40:16.074141,21,19,19,19,16,20,20,17,-7630,10972,7616,-5643,-65,-2013,-696,-24,6,-12
2025-11-19T17:40:16.093588,21,18,17,19,19,20,19,16,-7626,10974,7620,-5638,-57,-2025,-711,-39,0,-13
2025-11-19T17:40:16.113595,19,19,17,18,17,18,18,15,-7622,10976,7624,-5634,-56,-2023,-698,-48,-3,-14
2025-11-19T17:40:16.136125,20,20,19,20,19,18,18,16,-7615,10980,7630,-5628,-57,-2024,-720,-58,-4,-13
2025-11-19T17:40:16.155265,19,20,20,21,20,18,19,16,-7608,10984,7636,-5622,-52,-2021,-717,-62,-3,-13
2025-11-19T17:40:16.173849,17,18,19,20,20,18,20,17,-7603,10987,7640,-5617,-55,-2026,-714,-51,-3,-9
2025-11-19T17:40:16.195558,16,18,19,21,20,17,19,17,-7599,10989,7643,-5614,-53,-2020,-717,-35,-3,-3
2025-11-19T17:40:16.215610,17,17,21,22,21,17,19,18,-7596,10991,7644,-5614,-63,-2026,-713,-27,-7,3
2025-11-19T17:40:16.233407,17,21,20,20,21,17,19,19,-7592,10993,7645,-5613,-57,-2025,-727,-22,-6,8
2025-11-19T17:40:16.256101,18,21,18,18,20,20,18,20,-7588,10995,7646,-5612,-61,-2031,-730,-21,-6,7
2025-11-19T17:40:16.282858,18,21,19,19,20,20,18,20,-7586,10996,7647,-5612,-57,-2026,-721,-19,-4,4
2025-11-19T17:40:16.293587,20,21,18,19,19,21,19,19,-7582,10998,7649,-5610,-63,-2019,-732,-24,-4,-3
2025-11-19T17:40:16.323749,19,20,17,18,19,22,20,21,-7580,10999,7651,-5608,-59,-2024,-714,-27,-7,-7
2025-11-19T17:40:16.335387,21,17,17,19,18,23,19,20,-7577,11000,7655,-5606,-53,-2018,-729,-28,-6,-6
2025-11-19T17:40:16.353951,22,17,18,20,18,20,20,19,-7574,11002,7656,-5604,-58,-2023,-725,-25,-3,-3
2025-11-19T17:40:16.376489,24,18,19,19,17,21,21,19,-7571,11004,7658,-5602,-64,-2025,-743,-17,-1,0
2025-11-19T17:40:16.396435,22,20,19,19,16,20,19,20,-7571,11004,7658,-5602,-54,-2025,-732,3,2,3
2025-11-19T17:40:16.421144,22,20,20,20,16,20,18,18,-7572,11003,7656,-5604,-62,-2027,-745,20,1,4
2025-11-19T17:40:16.435865,20,20,19,18,17,20,18,18,-7576,11001,7653,-5607,-66,-2013,-712,28,1,6
2025-11-19T17:40:16.455284,20,19,20,19,17,23,17,18,-7578,11000,7652,-5609,-57,-2017,-722,16,-2,2
2025-11-19T17:40:16.473571,20,19,18,18,19,23,17,18,-7578,11000,7652,-5609,-62,-2014,-722,6,0,-3
2025-11-19T17:40:16.496509,19,19,18,18,18,23,18,17,-7578,11000,7652,-5609,-60,-2022,-725,-5,0,-5
2025-11-19T17:40:16.515700,19,19,18,17,20,23,16,17,-7578,11000,7652,-5609,-58,-2020,-727,-11,-2,-5
2025-11-19T17:40:16.533538,19,20,18,19,20,23,18,18,-7578,11000,7652,-5609,-64,-2021,-733,-16,-2,-3
2025-11-19T17:40:16.556134,15,20,18,17,20,20,17,19,-7578,11000,7652,-5609,-61,-2019,-727,-10,-1,-3
2025-11-19T17:40:16.575765,15,20,19,16,19,19,19,18,-7578,11000,7652,-5609,-64,-2029,-731,-5,1,-4
2025-11-19T17:40:16.594209,15,19,19,16,18,19,18,19,-7578,11000,7652,-5609,-64,-2017,-723,1,4,-3
2025-11-19T17:40:16.616270,16,20,19,16,18,22,19,20,-7578,11000,7652,-5609,-53,-2024,-737,5,4,0
2025-11-19T17:40:16.635323,17,20,20,14,17,22,18,21,-7577,11000,7652,-5609,-57,-2019,-730,15,3,0
2025-11-19T17:40:16.653603,20,19,20,15,17,21,19,20,-7581,10999,7649,-5610,-54,-2024,-738,28,10,4
2025-11-19T17:40:16.676513,21,19,18,18,19,21,17,20,-7588,10996,7644,-5613,-58,-2023,-717,52,13,12
2025-11-19T17:40:16.695389,22,18,18,18,20,23,20,19,-7595,10993,7637,-5618,-61,-2024,-726,60,11,13
2025-11-19T17:40:16.713208,22,17,17,19,18,20,19,18,-7601,10990,7633,-5622,-62,-2010,-704,45,5,8
2025-11-19T17:40:16.735737,21,17,16,20,18,21,21,17,-7603,10989,7631,-5625,-72,-2020,-706,17,0,3
2025-11-19T17:40:16.755159,19,17,16,20,19,23,21,19,-7603,10989,7631,-5625,-57,-2018,-705,-14,-4,-3
2025-11-19T17:40:16.773569,18,16,16,19,18,22,22,19,-7598,10992,7634,-5622,-70,-2029,-712,-45,-4,-6
2025-11-19T17:40:16.795660,16,19,16,18,19,21,21,17,-7591,10996,7638,-5618,-63,-2026,-720,-57,-3,-5
2025-11-19T17:40:16.810789,16,19,17,18,20,21,22,19,-7585,10999,7642,-5613,-57,-2017,-717,-56,-4,-7
2025-11-19T17:40:16.834436,17,20,18,19,20,19,21,18,-7579,11002,7647,-5609,-62,-2019,-737,-44,-7,-9
2025-11-19T17:40:16.855539,16,20,18,19,20,20,20,18,-7575,11004,7651,-5606,-59,-2032,-736,-36,-6,-9
2025-11-19T17:40:16.875232,17,21,18,19,19,19,18,20,-7570,11007,7654,-5602,-55,-2012,-738,-33,-5,-4
2025-11-19T17:40:16.893506,17,19,18,20,19,21,18,20,-7566,11010,7657,-5600,-59,-2017,-734,-34,-4,-2
2025-11-19T17:40:16.916400,19,18,17,21,18,21,18,19,-7561,11012,7659,-5597,-57,-2020,-736,-31,-4,2
2025-11-19T17:40:16.935191,18,20,17,20,18,23,19,19,-7557,11015,7660,-5596,-66,-2020,-743,-28,-5,3
2025-11-19T17:40:16.953390,19,21,18,19,17,21,20,19,-7553,11017,7662,-5595,-65,-2009,-733,-27,-5,2
2025-11-19T17:40:16.980625,19,20,18,18,17,21,21,19,-7549,11019,7665,-5593,-56,-2010,-736,-28,-10,0
2025-11-19T17:40:16.998351,19,21,18,19,20,20,20,19,-7545,11021,7667,-5592,-60,-2006,-722,-34,-10,0
2025-11-19T17:40:17.018218,21,22,19,16,19,20,19,19,-7539,11024,7670,-5589,-61,-2017,-734,-42,-5,2
2025-11-19T17:40:17.035990,20,19,18,18,20,19,19,20,-7535,11027,7672,-5587,-63,-2022,-737,-38,-3,1
2025-11-19T17:40:17.058551,21,20,17,18,22,19,21,19,-7532,11029,7674,-5585,-61,-2015,-746,-24,-1,-3
2025-11-19T17:40:17.085138,19,19,17,19,23,19,20,17,-7532,11029,7674,-5584,-57,-2016,-746,-3,-1,-5
2025-11-19T17:40:17.096037,20,19,19,19,20,19,20,19,-7532,11029,7673,-5585,-73,-2020,-742,12,-1,-4
2025-11-19T17:40:17.118942,18,20,18,19,21,21,20,17,-7532,11029,7673,-5585,-59,-2022,-742,13,-6,-3
2025-11-19T17:40:17.137661,17,20,19,18,20,22,20,17,-7532,11029,7673,-5585,-62,-2012,-740,-1,-4,-1
2025-11-19T17:40:17.155819,16,19,20,18,18,22,17,18,-7532,11029,7673,-5585,-59,-2009,-728,-12,-2,-5
2025-11-19T17:40:17.178901,18,20,21,17,19,25,16,19,-7530,11030,7675,-5582,-65,-2011,-745,-20,2,-8
2025-11-19T17:40:17.198148,18,19,19,17,18,23,16,18,-7530,11030,7675,-5582,-61,-2014,-735,-11,3,-11
2025-11-19T17:40:17.216001,19,17,19,18,18,21,15,18,-7530,11030,7675,-5582,-63,-2020,-756,3,1,-11
2025-11-19T17:40:17.238527,19,16,19,17,19,23,15,17,-7530,11030,7675,-5582,-54,-2022,-754,12,0,-8
2025-11-19T17:40:17.257774,19,15,19,18,19,23,16,17,-7532,11029,7674,-5583,-63,-2015,-745,18,3,-3
2025-11-19T17:40:17.276071,20,15,17,20,18,21,18,16,-7535,11028,7672,-5585,-60,-2019,-738,20,5,4
2025-11-19T17:40:17.298673,21,15,19,22,17,22,19,16,-7540,11026,7669,-5586,-53,-2019,-733,29,8,7
2025-11-19T17:40:17.318168,20,17,20,22,17,21,20,17,-7545,11023,7665,-5590,-64,-2017,-729,38,9,6
2025-11-19T17:40:17.336083,22,18,19,23,18,20,21,17,-7552,11019,7660,-5595,-66,-2019,-719,51,4,4
2025-11-19T17:40:17.362689,21,19,17,23,18,23,22,19,-7560,11015,7656,-5599,-54,-2023,-733,56,5,1
2025-11-19T17:40:17.377739,22,17,20,23,20,22,20,17,-7569,11010,7650,-5604,-63,-2015,-710,64,8,4
2025-11-19T17:40:17.396315,20,19,18,20,21,23,21,17,-7577,11006,7644,-5609,-61,-2022,-720,61,10,10
2025-11-19T17:40:17.418960,20,18,18,18,23,24,21,17,-7584,11002,7639,-5613,-58,-2022,-726,57,11,11
2025-11-19T17:40:17.437675,20,18,20,21,21,24,20,16,-7590,10999,7634,-5617,-61,-2023,-722,50,7,7
2025-11-19T17:40:17.456062,21,19,22,20,21,23,19,15,-7595,10996,7631,-5621,-72,-2021,-711,40,3,-1
2025-11-19T17:40:17.478873,18,20,20,18,18,24,19,17,-7599,10993,7630,-5623,-58,-2017,-706,22,0,-6
2025-11-19T17:40:17.498817,19,20,21,19,20,22,19,17,-7600,10993,7630,-5623,-60,-2027,-706,9,2,-6
2025-11-19T17:40:17.515678,19,21,21,20,19,23,19,20,-7599,10993,7630,-5623,-57,-2020,-723,6,4,-4
2025-11-19T17:40:17.538552,18,21,20,17,21,23,21,20,-7600,10993,7630,-5623,-64,-2024,-713,6,5,-1
2025-11-19T17:40:17.557725,19,22,17,18,23,21,22,20,-7600,10993,7630,-5623,-61,-2022,-715,7,0,-2
2025-11-19T17:40:17.576073,19,22,18,18,23,21,23,20,-7600,10993,7630,-5623,-65,-2025,-720,11,-2,-2
2025-11-19T17:40:17.598183,19,20,18,19,20,20,24,20,-7600,10993,7630,-5623,-60,-2022,-707,3,-1,-2
2025-11-19T17:40:17.618252,20,20,19,18,21,20,22,18,-7600,10993,7630,-5623,-61,-2021,-714,-1,0,-2
2025-11-19T17:40:17.636006,20,19,18,18,20,19,21,18,-7600,10993,7630,-5623,-60,-2022,-714,-9,-1,-2
2025-11-19T17:40:17.665692,21,16,19,18,18,20,21,18,-7600,10993,7630,-5623,-51,-2021,-724,-12,-4,-3
2025-11-19T17:40:17.678129,20,18,19,17,19,19,22,18,-7598,10994,7631,-5622,-66,-2024,-706,-18,-2,-2
2025-11-19T17:40:17.695985,20,19,18,15,21,19,19,20,-7596,10995,7633,-5620,-53,-2019,-726,-22,-1,0
2025-11-19T17:40:17.718670,20,18,18,17,20,19,20,19,-7592,10998,7634,-5617,-56,-2019,-730,-25,1,1
2025-11-19T17:40:17.737588,20,21,18,18,20,20,21,18,-7590,10999,7636,-5615,-61,-2028,-719,-23,1,-3
2025-11-19T17:40:17.755971,18,20,19,18,20,20,20,19,-7588,11000,7639,-5612,-54,-2023,-717,-26,-4,-8
2025-11-19T17:40:17.778480,18,20,19,19,20,20,18,20,-7585,11001,7642,-5610,-62,-2023,-719,-28,-6,-10
2025-11-19T17:40:17.798053,17,21,18,19,19,21,21,18,-7582,11002,7645,-5608,-56,-2015,-720,-30,-6,-9
2025-11-19T17:40:17.815946,16,22,20,19,21,20,21,19,-7579,11004,7648,-5605,-55,-2019,-728,-29,-6,-7
2025-11-19T17:40:17.838523,16,20,21,19,22,19,20,19,-7576,11005,7651,-5602,-55,-2022,-728,-25,-4,-6
2025-11-19T17:40:17.857688,18,21,19,20,21,18,20,19,-7574,11006,7653,-5601,-59,-2024,-729,-20,-4,-9
2025-11-19T17:40:17.875997,18,20,20,19,21,18,21,18,-7574,11005,7653,-5601,-60,-2023,-715,-13,-3,-11
2025-11-19T17:40:17.898204,18,18,22,20,22,19,20,19,-7574,11005,7653,-5601,-68,-2016,-719,-10,-5,-12
2025-11-19T17:40:17.920952,18,18,18,20,20,20,19,19,-7574,11005,7653,-5601,-52,-2024,-724,-10,-5,-9
2025-11-19T17:40:17.943565,17,17,18,19,21,22,18,19,-7574,11005,7653,-5601,-61,-2022,-728,-11,-5,-2
2025-11-19T17:40:17.958563,14,17,17,19,23,21,18,18,-7574,11005,7653,-5601,-58,-2023,-731,-8,-2,6
2025-11-19T17:40:17.981313,14,16,18,19,23,21,17,18,-7574,11005,7653,-5601,-48,-2024,-736,0,0,7
2025-11-19T17:40:17.996847,17,16,17,18,23,21,17,17,-7574,11005,7653,-5601,-60,-2013,-727,13,2,2
2025-11-19T17:40:18.018513,18,18,18,16,23,21,20,17,-7578,11004,7651,-5601,-57,-2021,-737,29,11,0
2025-11-19T17:40:18.041013,19,19,17,16,21,19,20,19,-7586,11001,7646,-5604,-61,-2029,-723,50,18,4
2025-11-19T17:40:18.055971,20,21,21,15,22,22,19,20,-7594,10999,7639,-5606,-56,-2016,-725,59,25,8
2025-11-19T17:40:18.078319,19,20,20,16,21,22,20,23,-7602,10996,7633,-5608,-62,-2016,-718,51,25,3
2025-11-19T17:40:18.102049,18,20,19,17,21,22,20,25,-7609,10994,7630,-5608,-58,-2025,-725,40,20,-5
2025-11-19T17:40:18.115920,20,20,19,17,20,20,18,24,-7615,10992,7627,-5609,-55,-2010,-713,40,16,-4
2025-11-19T17:40:18.138475,19,19,20,16,22,22,19,23,-7623,10988,7622,-5612,-56,-2026,-699,47,14,1
2025-11-19T17:40:18.160996,19,18,18,16,19,22,18,22,-7630,10985,7618,-5615,-53,-2025,-718,52,11,3
2025-11-19T17:40:18.175988,20,19,19,15,19,24,18,20,-7635,10982,7614,-5617,-61,-2030,-708,38,10,2
2025-11-19T17:40:18.198946,23,20,20,16,19,24,18,17,-7635,10982,7614,-5617,-51,-2014,-692,12,8,-4
2025-11-19T17:40:18.221075,21,20,21,15,19,27,18,17,-7635,10982,7614,-5617,-66,-2020,-703,-12,3,-10
2025-11-19T17:40:18.235438,20,21,19,18,17,26,19,19,-7633,10984,7617,-5615,-56,-2018,-704,-30,-2,-9
2025-11-19T17:40:18.257279,22,22,20,19,19,24,19,18,-7629,10986,7619,-5612,-57,-2029,-709,-34,-3,-4
2025-11-19T17:40:18.278515,21,22,21,20,18,23,20,18,-7626,10987,7620,-5611,-56,-2021,-711,-21,-2,3
2025-11-19T17:40:18.294181,19,23,21,19,20,21,20,20,-7626,10987,7620,-5611,-56,-2032,-712,1,2,7
2025-11-19T17:40:18.316989,19,23,21,19,21,19,18,20,-7626,10988,7620,-5611,-53,-2023,-725,10,8,0
2025-11-19T17:40:18.340888,19,21,23,17,21,19,19,20,-7629,10986,7619,-5609,-54,-2020,-725,20,12,-8
2025-11-19T17:40:18.355785,17,21,21,16,22,20,19,20,-7634,10984,7618,-5609,-58,-2020,-710,25,12,-13
2025-11-19T17:40:18.378511,18,20,20,16,22,21,19,21,-7640,10981,7617,-5609,-51,-2034,-702,24,14,-15
2025-11-19T17:40:18.400473,16,17,21,16,21,22,19,19,-7644,10980,7616,-5608,-59,-2026,-711,21,14,-11
2025-11-19T17:40:18.415996,15,17,20,18,20,22,20,21,-7644,10980,7616,-5608,-52,-2016,-715,11,11,-9
2025-11-19T17:40:18.438446,15,18,18,17,19,24,20,18,-7644,10980,7616,-5608,-50,-2017,-703,-4,12,-10
2025-11-19T17:40:18.469191,15,17,19,17,18,23,20,20,-7644,10979,7616,-5608,-51,-2024,-706,-10,12,-8
2025-11-19T17:40:18.475831,16,18,18,17,19,24,19,21,-7644,10979,7616,-5608,-51,-2029,-709,6,11,-6
2025-11-19T17:40:18.498502,17,18,18,17,18,23,19,22,-7648,10979,7614,-5608,-55,-2031,-729,27,13,-3
2025-11-19T17:40:18.521230,17,17,17,18,19,22,18,20,-7655,10975,7610,-5610,-48,-2030,-707,49,12,1
2025-11-19T17:40:18.535685,19,19,16,19,20,19,18,21,-7662,10971,7604,-5615,-58,-2025,-702,59,10,7
2025-11-19T17:40:18.558281,19,19,17,19,21,19,18,19,-7670,10968,7598,-5620,-44,-2034,-701,65,11,17
2025-11-19T17:40:18.581051,17,19,19,20,19,18,18,17,-7678,10964,7590,-5626,-56,-2036,-697,67,13,21
2025-11-19T17:40:18.596082,16,19,18,19,21,18,18,16,-7686,10962,7582,-5631,-59,-2031,-690,59,12,19
2025-11-19T17:40:18.618696,17,19,20,18,20,19,18,18,-7692,10959,7577,-5636,-57,-2025,-686,49,9,13
2025-11-19T17:40:18.645095,17,18,20,17,19,19,18,18,-7695,10957,7574,-5638,-62,-2032,-687,28,3,1
2025-11-19T17:40:18.655996,17,19,21,18,19,18,17,19,-7695,10957,7574,-5638,-53,-2030,-694,10,-1,-2
2025-11-19T17:40:18.678448,18,17,20,18,19,20,17,19,-7695,10957,7574,-5638,-55,-2019,-684,-9,-2,-4
2025-11-19T17:40:18.701402,21,19,21,18,17,21,16,20,-7695,10957,7574,-5638,-54,-2033,-691,-13,-1,-4
2025-11-19T17:40:18.713470,21,20,22,20,17,19,15,19,-7695,10957,7574,-5638,-52,-2031,-694,-11,-1,-5
2025-11-19T17:40:18.736550,21,18,21,19,19,18,16,18,-7695,10957,7574,-5638,-52,-2020,-694,-7,-1,-9
2025-11-19T17:40:18.759091,20,17,20,19,19,20,17,19,-7695,10957,7574,-5638,-56,-2029,-695,-6,-4,-10
2025-11-19T17:40:18.780068,20,16,21,18,19,21,18,18,-7695,10957,7574,-5638,-55,-2033,-702,-5,-5,-10
2025-11-19T17:40:18.798744,18,16,19,18,20,21,19,19,-7695,10957,7575,-5638,-39,-2019,-698,-9,-4,-6
2025-11-19T17:40:18.829167,18,16,17,16,20,22,22,19,-7695,10957,7575,-5638,-52,-2030,-685,-16,-3,-1
2025-11-19T17:40:18.843462,19,18,18,17,19,22,22,19,-7692,10959,7576,-5636,-62,-2025,-700,-23,-3,-1
2025-11-19T17:40:18.858486,18,20,17,16,17,24,22,19,-7688,10961,7578,-5635,-62,-2037,-695,-23,-4,0
2025-11-19T17:40:18.880959,19,21,17,16,17,23,21,20,-7685,10963,7579,-5633,-56,-2021,-705,-17,-4,0
2025-11-19T17:40:18.903474,19,21,18,16,17,23,20,20,-7685,10963,7580,-5633,-49,-2027,-707,-10,-5,4
2025-11-19T17:40:18.918273,19,20,17,16,18,22,18,19,-7685,10963,7580,-5633,-54,-2034,-703,-6,-2,6
2025-11-19T17:40:18.940848,19,20,19,16,19,23,18,19,-7685,10963,7580,-5633,-47,-2027,-696,0,-2,6
2025-11-19T17:40:18.963480,20,17,18,17,19,21,19,19,-7685,10963,7580,-5633,-53,-2029,-703,4,2,5
2025-11-19T17:40:18.978282,20,19,19,18,21,24,19,17,-7685,10963,7580,-5633,-55,-2030,-702,11,2,5
2025-11-19T17:40:19.000888,21,19,19,18,21,23,20,20,-7685,10963,7580,-5633,-55,-2025,-697,10,2,3
2025-11-19T17:40:19.023569,22,19,19,19,21,23,18,20,-7685,10963,7580,-5633,-59,-2028,-691,2,1,4
2025-11-19T17:40:19.038505,21,19,17,20,19,22,18,19,-7685,10963,7580,-5632,-50,-2026,-703,-10,1,2
2025-11-19T17:40:19.060431,22,19,19,20,19,23,17,21,-7682,10965,7582,-5630,-52,-2019,-690,-24,-3,-3
2025-11-19T17:40:19.083426,22,19,19,20,21,20,18,21,-7677,10967,7586,-5628,-58,-2019,-678,-49,-12,-7
2025-11-19T17:40:19.106186,22,20,20,20,20,21,17,19,-7667,10971,7593,-5623,-53,-2021,-697,-76,-17,-10
2025-11-19T17:40:19.120748,21,21,19,20,22,21,18,20,-7655,10977,7601,-5616,-56,-2018,-695,-99,-15,-10
2025-11-19T17:40:19.143486,21,21,20,20,23,22,19,21,-7642,10985,7610,-5608,-56,-2021,-705,-110,-10,-9
2025-11-19T17:40:19.158439,20,21,20,19,24,20,20,21,-7630,10993,7618,-5598,-53,-2022,-722,-103,-6,-13
2025-11-19T17:40:19.180977,20,20,20,18,21,22,18,22,-7620,10998,7626,-5590,-57,-2024,-728,-83,-2,-18
2025-11-19T17:40:19.203237,18,19,19,21,21,21,20,24,-7616,11001,7632,-5584,-49,-2033,-726,-50,-2,-21
2025-11-19T17:40:19.218427,21,20,21,19,20,21,20,22,-7614,11001,7635,-5581,-52,-2032,-736,-16,0,-19
2025-11-19T17:40:19.240656,20,19,21,18,20,22,20,23,-7614,11001,7635,-5580,-41,-2024,-732,11,3,-11
2025-11-19T17:40:19.263614,21,22,23,19,19,22,19,20,-7619,10999,7634,-5581,-45,-2024,-735,34,8,-4
2025-11-19T17:40:19.278463,20,22,22,19,18,21,19,20,-7626,10995,7629,-5584,-47,-2023,-715,50,11,5
2025-11-19T17:40:19.301665,21,22,22,17,18,21,19,17,-7634,10992,7623,-5588,-44,-2023,-732,66,13,11
2025-11-19T17:40:19.324371,18,20,21,19,17,22,18,18,-7643,10987,7616,-5593,-49,-2021,-716,78,14,11
2025-11-19T17:40:19.338427,19,21,22,19,16,22,18,17,-7654,10982,7609,-5599,-55,-2022,-707,85,13,8
2025-11-19T17:40:19.360827,21,20,19,19,16,23,17,18,-7666,10975,7602,-5605,-45,-2034,-710,92,14,8
2025-11-19T17:40:19.383435,20,20,20,19,17,23,19,18,-7677,10970,7593,-5612,-56,-2029,-710,93,15,14
2025-11-19T17:40:19.398261,20,22,20,20,19,25,18,20,-7687,10965,7585,-5619,-53,-2025,-695,86,17,16
2025-11-19T17:40:19.420894,21,21,20,19,17,23,18,20,-7697,10961,7576,-5625,-56,-2023,-680,73,17,18
2025-11-19T17:40:19.443499,21,22,19,19,20,21,17,19,-7706,10957,7569,-5630,-53,-2020,-682,68,11,15
2025-11-19T17:40:19.458390,18,21,19,17,20,18,19,20,-7713,10953,7563,-5636,-54,-2025,-683,61,5,10
2025-11-19T17:40:19.480835,18,21,17,18,20,19,18,19,-7719,10950,7559,-5640,-59,-2021,-678,51,5,7
2025-11-19T17:40:19.503529,17,20,17,17,20,17,18,18,-7723,10948,7555,-5643,-53,-2033,-693,41,4,8
2025-11-19T17:40:19.518473,15,20,16,18,20,18,18,16,-7727,10946,7552,-5646,-56,-2020,-686,35,6,7
2025-11-19T17:40:19.540703,15,20,16,17,19,18,19,18,-7730,10945,7548,-5649,-64,-2035,-682,30,7,6
2025-11-19T17:40:19.563491,15,18,14,18,18,20,18,20,-7733,10943,7546,-5651,-68,-2018,-675,25,5,-1
2025-11-19T17:40:19.582806,14,18,16,17,18,19,17,19,-7733,10943,7546,-5651,-63,-2025,-676,11,-1,-10
2025-11-19T17:40:19.601411,18,19,18,19,18,19,18,20,-7733,10943,7546,-5651,-52,-2024,-670,-5,-2,-14
2025-11-19T17:40:19.623531,18,18,18,18,17,20,18,20,-7733,10943,7549,-5649,-44,-2030,-670,-19,-5,-13
2025-11-19T17:40:19.638536,20,17,21,20,16,21,19,20,-7729,10944,7552,-5646,-54,-2033,-672,-33,-6,-5
2025-11-19T17:40:19.665779,20,18,22,19,16,21,19,18,-7723,10948,7555,-5643,-56,-2024,-688,-45,-7,-1
2025-11-19T17:40:19.683439,21,16,22,19,17,20,21,20,-7716,10952,7559,-5639,-52,-2029,-686,-52,-6,-2
2025-11-19T17:40:19.698402,19,16,21,18,15,19,21,19,-7709,10956,7563,-5635,-55,-2030,-702,-48,-7,-2
2025-11-19T17:40:19.720877,20,18,22,19,17,20,21,19,-7705,10959,7567,-5633,-51,-2031,-688,-38,-8,-1
2025-11-19T17:40:19.743513,17,18,20,18,18,20,19,19,-7701,10960,7569,-5631,-51,-2029,-694,-26,-7,-2
2025-11-19T17:40:19.758320,17,18,19,17,21,22,20,19,-7698,10961,7571,-5630,-58,-2025,-687,-22,-6,-2
2025-11-19T17:40:19.779161,18,21,19,19,21,22,18,19,-7695,10963,7573,-5629,-55,-2028,-689,-23,-7,-2
2025-11-19T17:40:19.803192,19,20,19,18,23,22,17,19,-7692,10964,7576,-5627,-55,-2037,-698,-28,-6,-5
2025-11-19T17:40:19.826140,20,20,19,19,21,21,18,20,-7688,10966,7579,-5624,-52,-2020,-690,-33,-5,-7
2025-11-19T17:40:19.840967,20,22,18,21,21,19,20,20,-7684,10968,7583,-5621,-57,-2029,-696,-39,-5,-11
2025-11-19T17:40:19.863470,21,21,18,21,19,17,19,20,-7679,10970,7587,-5617,-58,-2034,-697,-41,-7,-14
2025-11-19T17:40:19.885902,20,19,18,21,18,18,20,20,-7674,10972,7592,-5614,-54,-2024,-712,-42,-10,-13
2025-11-19T17:40:19.901005,20,20,19,20,18,19,20,20,-7668,10975,7597,-5611,-55,-2020,-700,-42,-11,-11
2025-11-19T17:40:19.924154,18,19,20,18,18,19,19,19,-7663,10976,7601,-5608,-48,-2023,-687,-47,-13,-8
2025-11-19T17:40:19.945957,20,17,20,18,18,19,18,18,-7656,10979,7606,-5605,-55,-2015,-704,-51,-15,-5
2025-11-19T17:40:19.960936,18,16,20,18,19,19,18,17,-7649,10983,7610,-5603,-54,-2030,-694,-59,-18,2
2025-11-19T17:40:19.983369,19,16,19,17,20,20,17,17,-7640,10987,7614,-5601,-60,-2019,-713,-58,-18,5
2025-11-19T17:40:20.005659,16,20,19,18,20,20,16,18,-7632,10990,7619,-5600,-54,-2015,-709,-53,-20,2
2025-11-19T17:40:20.020945,15,20,19,18,18,22,17,18,-7625,10993,7622,-5599,-60,-2029,-720,-36,-19,5
2025-11-19T17:40:20.043431,16,19,19,19,19,22,16,19,-7622,10994,7623,-5599,-51,-2026,-726,-17,-13,8
2025-11-19T17:40:20.065531,16,19,20,19,18,22,17,20,-7622,10994,7623,-5600,-59,-2030,-714,-8,-8,4
2025-11-19T17:40:20.080491,17,19,22,18,17,21,17,18,-7622,10994,7623,-5600,-56,-2026,-711,-8,-3,-3
2025-11-19T17:40:20.103464,17,15,21,18,17,21,19,18,-7622,10994,7623,-5600,-55,-2022,-722,-3,-3,-13
2025-11-19T17:40:20.126201,18,16,22,19,18,18,16,21,-7623,10992,7625,-5599,-49,-2019,-708,0,-4,-17
2025-11-19T17:40:20.140939,18,17,21,16,20,20,17,20,-7623,10992,7625,-5599,-49,-2018,-700,1,-5,-16
2025-11-19T17:40:20.171661,17,18,20,17,19,20,17,19,-7624,10992,7625,-5599,-48,-2024,-708,-1,-3,-8
2025-11-19T17:40:20.185928,15,18,19,18,19,22,18,21,-7624,10992,7625,-5599,-52,-2026,-714,-3,-3,-4
2025-11-19T17:40:20.200883,18,18,19,17,21,23,17,19,-7624,10992,7625,-5599,-56,-2026,-712,-11,-2,2
2025-11-19T17:40:20.223436,20,19,18,17,22,24,19,18,-7624,10992,7625,-5599,-58,-2023,-712,-10,-4,1
2025-11-19T17:40:20.245902,19,19,19,17,20,23,20,18,-7624,10992,7625,-5599,-57,-2034,-705,-10,-8,-1
2025-11-19T17:40:20.268853,19,17,20,19,20,22,22,17,-7624,10992,7625,-5599,-61,-2026,-707,-13,-11,0
2025-11-19T17:40:20.282882,20,19,22,19,19,19,23,17,-7624,10992,7625,-5599,-52,-2016,-707,-14,-11,-1
2025-11-19T17:40:20.305872,19,17,20,19,18,21,23,18,-7624,10991,7625,-5599,-49,-2027,-718,-14,-14,0
2025-11-19T17:40:20.320882,17,18,20,18,18,20,24,20,-7624,10991,7625,-5599,-56,-2020,-704,-13,-15,-4
2025-11-19T17:40:20.351537,18,18,19,19,17,21,23,21,-7622,10991,7628,-5600,-56,-2027,-712,-17,-17,-6
2025-11-19T17:40:20.365866,17,20,18,16,18,23,21,22,-7617,10993,7631,-5599,-51,-2026,-717,-31,-15,-1
2025-11-19T17:40:20.381010,17,19,16,16,19,23,22,22,-7611,10996,7635,-5596,-51,-2016,-739,-37,-12,-1
2025-11-19T17:40:20.403631,15,21,16,17,20,21,21,23,-7606,10998,7638,-5594,-51,-2027,-719,-36,-11,2
2025-11-19T17:40:20.425928,18,19,18,17,19,22,19,21,-7602,11000,7639,-5593,-59,-2032,-744,-17,-8,3
2025-11-19T17:40:20.440416,16,21,18,17,19,22,20,21,-7602,11000,7640,-5593,-46,-2022,-734,4,-6,6
2025-11-19T17:40:20.463673,16,19,19,18,18,19,20,19,-7603,10999,7639,-5594,-57,-2020,-739,18,-1,3
2025-11-19T17:40:20.485597,16,20,19,19,17,19,17,20,-7606,10997,7636,-5597,-59,-2019,-705,23,-1,3
2025-11-19T17:40:20.501183,20,19,21,19,19,20,17,19,-7608,10996,7635,-5599,-56,-2026,-728,18,0,2
2025-11-19T17:40:20.523955,19,19,20,20,19,19,18,20,-7608,10996,7635,-5599,-55,-2013,-723,7,-1,2
2025-11-19T17:40:20.554208,20,18,20,20,20,18,17,20,-7608,10996,7635,-5599,-63,-2016,-719,-7,-4,1
2025-11-19T17:40:20.560966,22,20,20,20,20,18,18,20,-7604,10997,7637,-5598,-62,-2016,-714,-25,-7,-5
2025-11-19T17:40:20.587865,23,21,20,19,21,19,19,20,-7600,10999,7641,-5595,-55,-2027,-725,-34,-8,-7
2025-11-19T17:40:20.605748,19,21,18,19,20,17,19,19,-7596,11001,7644,-5593,-56,-2028,-717,-41,-10,-7
2025-11-19T17:40:20.628385,22,21,18,20,20,18,19,18,-7590,11003,7649,-5589,-55,-2027,-724,-45,-9,-10
2025-11-19T17:40:20.643368,21,21,20,19,18,21,17,18,-7586,11005,7653,-5586,-53,-2019,-737,-35,-4,-10
2025-11-19T17:40:20.665535,20,21,19,17,19,19,17,20,-7586,11006,7653,-5586,-54,-2027,-733,-10,1,-9
2025-11-19T17:40:20.680368,22,19,20,18,19,21,18,20,-7586,11006,7653,-5586,-58,-2025,-736,11,6,-1
2025-11-19T17:40:20.703351,23,20,20,18,19,22,19,22,-7589,11004,7650,-5587,-53,-2023,-740,30,7,4
2025-11-19T17:40:20.726271,21,21,20,17,20,21,18,23,-7594,11002,7647,-5590,-51,-2023,-723,37,4,6
2025-11-19T17:40:20.748376,22,21,20,18,20,19,19,23,-7600,10999,7643,-5593,-52,-2026,-709,37,4,6
2025-11-19T17:40:20.763436,22,19,19,17,20,20,20,23,-7604,10997,7640,-5596,-57,-2020,-722,34,8,6
2025-11-19T17:40:20.785973,20,19,17,17,19,20,18,23,-7609,10995,7636,-5598,-55,-2018,-727,38,10,3
2025-11-19T17:40:20.817056,19,19,17,16,17,18,17,23,-7614,10993,7633,-5600,-53,-2022,-722,39,8,4
2025-11-19T17:40:20.823765,18,17,19,16,17,20,19,21,-7619,10989,7630,-5603,-56,-2017,-706,39,4,1
2025-11-19T17:40:20.845860,16,17,17,14,17,20,19,22,-7623,10987,7628,-5606,-50,-2021,-709,27,0,4
2025-11-19T17:40:20.868469,17,17,19,15,17,21,18,21,-7623,10987,7627,-5606,-53,-2013,-683,3,-4,6
2025-11-19T17:40:20.883488,19,18,19,15,17,21,18,22,-7621,10988,7628,-5605,-52,-2016,-699,-24,-4,5
2025-11-19T17:40:20.905923,19,17,20,15,18,21,19,21,-7616,10992,7630,-5603,-55,-2016,-723,-35,-2,2
2025-11-19T17:40:20.928602,19,19,19,17,17,21,18,22,-7613,10994,7632,-5600,-61,-2022,-701,-35,0,-4
2025-11-19T17:40:20.943179,19,19,20,17,19,21,20,21,-7610,10995,7635,-5598,-55,-2022,-732,-23,-2,-7
2025-11-19T17:40:20.965825,19,20,19,17,20,20,22,22,-7610,10995,7635,-5598,-56,-2020,-716,-11,-1,-9
2025-11-19T17:40:20.997156,19,21,21,20,20,19,21,19,-7610,10996,7635,-5597,-58,-2019,-737,-1,-1,-9
2025-11-19T17:40:21.004462,18,21,21,20,20,19,21,20,-7610,10996,7635,-5597,-50,-2023,-725,3,2,-8
2025-11-19T17:40:21.025909,17,21,20,19,22,20,21,19,-7610,10995,7635,-5597,-54,-2025,-710,-1,1,-6
2025-11-19T17:40:21.048294,18,20,21,19,20,20,20,19,-7610,10995,7635,-5597,-51,-2023,-726,-12,-1,-5
2025-11-19T17:40:21.061256,19,20,20,21,20,21,18,17,-7610,10995,7635,-5597,-53,-2019,-725,-12,0,-5
2025-11-19T17:40:21.083706,20,19,20,18,20,20,18,19,-7610,10995,7635,-5597,-57,-2027,-720,-15,0,-5
2025-11-19T17:40:21.107480,20,20,19,18,19,23,17,20,-7610,10995,7635,-5597,-60,-2019,-713,-15,0,-6
2025-11-19T17:40:21.123971,20,20,20,17,18,21,16,20,-7607,10997,7637,-5595,-58,-2028,-733,-19,-3,-6
2025-11-19T17:40:21.145952,20,19,20,19,18,21,17,19,-7607,10997,7637,-5595,-55,-2031,-719,-14,-1,-3
2025-11-19T17:40:21.168504,18,18,19,17,16,22,16,20,-7607,10997,7637,-5595,-40,-2021,-736,-3,4,0
2025-11-19T17:40:21.183372,16,19,19,16,19,23,19,20,-7607,10997,7638,-5595,-52,-2018,-730,12,8,5
2025-11-19T17:40:21.206071,17,19,20,18,20,20,18,20,-7610,10996,7635,-5596,-50,-2025,-725,24,7,5
2025-11-19T17:40:21.228464,18,17,20,18,19,20,19,20,-7612,10995,7632,-5598,-58,-2026,-732,27,4,7
2025-11-19T17:40:21.243497,18,20,19,16,18,21,19,20,-7612,10995,7632,-5598,-58,-2015,-719,14,3,4
2025-11-19T17:40:21.265671,18,21,20,15,20,18,19,19,-7612,10995,7633,-5598,-53,-2017,-728,0,1,0
2025-11-19T17:40:21.288443,19,22,18,17,17,19,18,18,-7612,10995,7633,-5598,-50,-2011,-727,-14,-2,-1
2025-11-19T17:40:21.303228,18,21,18,16,18,18,19,18,-7609,10997,7634,-5596,-64,-2029,-730,-20,-1,-2
2025-11-19T17:40:21.326212,17,22,18,18,18,19,20,18,-7607,10998,7635,-5595,-53,-2017,-718,-17,-4,-1
2025-11-19T17:40:21.348341,18,21,17,17,20,19,21,17,-7607,10998,7635,-5595,-51,-2027,-724,-11,-3,0
2025-11-19T17:40:21.363219,17,23,17,18,20,21,22,18,-7607,10998,7635,-5595,-58,-2025,-729,-7,-1,-1
2025-11-19T17:40:21.385949,18,22,17,17,21,22,22,17,-7607,10998,7635,-5595,-54,-2023,-719,-4,1,-2
2025-11-19T17:40:21.408609,18,22,16,18,19,22,22,18,-7607,10998,7635,-5595,-62,-2015,-727,-6,0,-4
2025-11-19T17:40:21.423209,17,22,16,17,19,26,23,18,-7607,10998,7636,-5595,-56,-2016,-725,-4,0,-2
2025-11-19T17:40:21.445961,19,23,17,18,17,27,21,19,-7607,10998,7635,-5595,-55,-2020,-713,0,-1,3
2025-11-19T17:40:21.468195,21,21,17,17,15,26,19,19,-7607,10998,7636,-5595,-50,-2027,-722,5,-2,6
2025-11-19T17:40:21.483365,20,21,18,19,16,25,19,20,-7607,10998,7636,-5595,-49,-2015,-727,9,-2,9
2025-11-19T17:40:21.505938,23,20,19,17,17,26,18,19,-7607,10998,7636,-5595,-52,-2024,-729,12,1,7
2025-11-19T17:40:21.528684,23,20,18,17,19,20,16,20,-7607,10998,7636,-5595,-60,-2013,-724,11,4,8
2025-11-19T17:40:21.543456,22,20,19,17,19,19,16,20,-7606,10999,7636,-5595,-64,-2022,-728,13,5,3
2025-11-19T17:40:21.565882,21,19,19,18,20,20,17,21,-7607,10998,7636,-5595,-56,-2016,-711,15,6,2
2025-11-19T17:40:21.588452,21,19,19,17,20,19,18,22,-7609,10997,7635,-5595,-52,-2020,-732,20,5,-1
2025-11-19T17:40:21.603140,20,19,20,17,21,19,18,21,-7609,10997,7635,-5595,-54,-2017,-721,15,4,-2
2025-11-19T17:40:21.625832,20,21,20,17,21,20,19,21,-7609,10997,7634,-5595,-55,-2025,-698,1,0,-3
2025-11-19T17:40:21.648341,20,21,19,18,21,19,20,20,-7609,10997,7634,-5595,-66,-2017,-710,-11,-1,-5
2025-11-19T17:40:21.663126,21,19,20,18,22,20,20,20,-7608,10998,7636,-5592,-45,-2022,-722,-17,2,-8
2025-11-19T17:40:21.694090,20,20,20,18,20,20,21,22,-7608,10998,7636,-5593,-54,-2018,-716,-15,3,-7
2025-11-19T17:40:21.708371,20,21,20,19,19,21,22,23,-7608,10998,7637,-5592,-46,-2023,-727,-7,1,-4
2025-11-19T17:40:21.739131,20,18,20,19,18,20,21,21,-7608,10998,7637,-5592,-55,-2013,-732,-5,-2,1
2025-11-19T17:40:21.745919,20,17,20,19,17,22,19,21,-7609,10998,7637,-5592,-52,-2025,-709,-13,-7,2
2025-11-19T17:40:21.768464,18,18,19,18,17,20,20,21,-7605,11000,7638,-5592,-61,-2015,-714,-26,-6,3
2025-11-19T17:40:21.791559,18,19,20,18,17,25,18,19,-7601,11003,7639,-5589,-56,-2023,-730,-30,-2,2
2025-11-19T17:40:21.806068,18,18,18,18,19,23,17,19,-7598,11004,7640,-5588,-55,-2027,-718,-23,0,4
2025-11-19T17:40:21.828058,18,18,18,19,20,23,18,20,-7598,11004,7640,-5588,-61,-2027,-729,-6,0,1
2025-11-19T17:40:21.851419,17,19,17,18,22,22,19,22,-7598,11004,7640,-5588,-60,-2018,-720,5,0,2
2025-11-19T17:40:21.865076,19,19,18,17,22,22,18,21,-7598,11004,7640,-5588,-56,-2026,-725,12,0,2
2025-11-19T17:40:21.888278,18,16,16,17,22,19,19,20,-7598,11004,7640,-5589,-57,-2024,-716,4,2,0
2025-11-19T17:40:21.911233,17,17,17,16,21,19,21,19,-7598,11004,7640,-5588,-50,-2012,-718,-5,-1,-3
2025-11-19T17:40:21.925436,19,17,18,16,21,20,20,18,-7599,11004,7640,-5589,-53,-2020,-715,-11,2,-7
2025-11-19T17:40:21.948298,20,18,19,20,19,20,20,16,-7598,11004,7640,-5588,-59,-2010,-735,-11,1,-8
2025-11-19T17:40:21.971384,20,19,19,20,18,19,19,16,-7598,11004,7640,-5588,-47,-2023,-727,-9,3,-10
2025-11-19T17:40:21.985867,20,20,21,19,17,20,19,16,-7599,11004,7640,-5588,-57,-2019,-719,-3,3,-12
2025-11-19T17:40:22.008876,20,20,20,20,18,20,18,17,-7599,11004,7640,-5588,-49,-2025,-724,-1,3,-10
2025-11-19T17:40:22.031657,18,20,20,19,16,20,18,17,-7599,11004,7640,-5588,-43,-2026,-725,6,3,-9
2025-11-19T17:40:22.045852,17,19,20,17,17,20,18,18,-7599,11004,7640,-5588,-53,-2016,-733,2,0,-6
2025-11-19T17:40:22.068403,17,18,19,19,20,19,18,16,-7598,11004,7640,-5588,-61,-2025,-743,3,1,-5
2025-11-19T17:40:22.091624,16,19,18,19,19,20,20,17,-7598,11004,7640,-5588,-51,-2028,-726,3,1,-1
2025-11-19T17:40:22.113892,17,20,18,20,19,20,19,16,-7598,11004,7640,-5588,-49,-2021,-730,12,2,4
2025-11-19T17:40:22.128798,18,19,17,20,20,20,19,17,-7598,11004,7641,-5588,-52,-2015,-720,15,2,8
2025-11-19T17:40:22.151657,19,19,18,19,20,21,20,18,-7601,11004,7638,-5590,-57,-2020,-733,24,3,8
2025-11-19T17:40:22.165830,18,20,20,18,17,22,21,18,-7604,11002,7636,-5592,-54,-2020,-722,26,3,5
2025-11-19T17:40:22.188376,18,20,19,17,18,20,18,18,-7606,11001,7634,-5593,-55,-2024,-744,31,4,3
2025-11-19T17:40:22.211436,17,19,19,17,17,18,18,20,-7612,10998,7630,-5596,-62,-2024,-709,40,7,0
2025-11-19T17:40:22.225926,18,19,20,16,18,21,18,21,-7618,10994,7626,-5600,-57,-2028,-719,47,7,-1
2025-11-19T17:40:22.247877,18,19,19,17,18,21,18,21,-7625,10990,7623,-5603,-55,-2018,-705,47,7,-3
2025-11-19T17:40:22.271669,18,19,18,17,18,21,16,21,-7631,10986,7620,-5605,-57,-2021,-704,40,5,-6
2025-11-19T17:40:22.294419,18,19,19,19,18,21,17,21,-7636,10983,7619,-5607,-50,-2019,-690,22,2,-8
2025-11-19T17:40:22.308020,18,20,21,18,19,21,18,22,-7636,10983,7619,-5607,-47,-2014,-714,7,0,-5
2025-11-19T17:40:22.339155,17,20,21,20,18,20,20,20,-7636,10983,7619,-5607,-68,-2028,-702,-1,1,-1
2025-11-19T17:40:22.345863,16,18,22,20,17,20,19,21,-7636,10983,7619,-5607,-56,-2030,-719,-2,1,1
2025-11-19T17:40:22.368381,16,19,21,19,18,22,20,21,-7636,10983,7619,-5607,-57,-2026,-711,-1,-1,3
2025-11-19T17:40:22.391607,16,20,20,19,17,22,19,21,-7636,10983,7619,-5607,-58,-2031,-710,4,-3,0
2025-11-19T17:40:22.405888,16,20,20,19,17,22,18,20,-7636,10983,7619,-5607,-57,-2023,-701,3,-1,-1
2025-11-19T17:40:22.428390,17,21,18,20,18,21,17,20,-7636,10983,7619,-5607,-57,-2022,-711,0,-2,3
2025-11-19T17:40:22.451386,17,21,17,18,19,22,19,20,-7636,10983,7619,-5607,-57,-2026,-717,-5,0,3
2025-11-19T17:40:22.465533,20,21,17,19,17,19,18,20,-7636,10983,7619,-5607,-53,-2031,-718,-7,0,3
2025-11-19T17:40:22.488364,20,20,17,19,17,20,17,18,-7636,10983,7619,-5607,-61,-2021,-711,-10,-1,-1
2025-11-19T17:40:22.511825,19,19,16,20,19,22,18,18,-7636,10983,7619,-5607,-63,-2020,-716,-13,-2,-8
2025-11-19T17:40:22.526348,19,19,20,19,20,21,18,17,-7633,10984,7621,-5607,-65,-2014,-702,-22,-6,-10
2025-11-19T17:40:22.548255,18,19,21,20,20,19,16,17,-7630,10985,7625,-5604,-44,-2020,-718,-28,-13,-8
2025-11-19T17:40:22.570916,14,18,20,20,21,21,17,18,-7625,10986,7629,-5602,-54,-2021,-715,-35,-15,-6
2025-11-19T17:40:22.585782,16,18,20,19,21,20,17,19,-7619,10989,7633,-5600,-54,-2029,-712,-43,-13,-4
2025-11-19T17:40:22.608352,17,19,21,18,20,19,17,20,-7613,10992,7637,-5598,-59,-2021,-712,-52,-10,-3
2025-11-19T17:40:22.631554,16,20,21,18,20,20,17,20,-7606,10996,7641,-5594,-57,-2025,-719,-55,-8,-3
2025-11-19T17:40:22.661663,16,21,21,18,19,20,18,21,-7600,10999,7645,-5590,-50,-2025,-724,-49,-7,-3
2025-11-19T17:40:22.668406,17,21,22,18,21,21,19,21,-7596,11001,7648,-5588,-51,-2023,-732,-31,-5,-3
2025-11-19T17:40:22.691687,17,21,22,18,21,23,18,22,-7596,11001,7648,-5587,-50,-2021,-729,-12,-4,-4
2025-11-19T17:40:22.714131,17,21,22,18,20,23,18,22,-7596,11001,7648,-5587,-49,-2019,-722,8,-2,-6
2025-11-19T17:40:22.728372,17,20,19,19,19,24,17,22,-7598,11000,7648,-5588,-48,-2016,-728,17,2,-3
2025-11-19T17:40:22.751104,18,22,18,19,21,25,17,21,-7602,10997,7646,-5589,-46,-2023,-724,25,4,-2
2025-11-19T17:40:22.774049,19,21,18,18,20,25,18,20,-7605,10996,7644,-5590,-48,-2016,-717,21,2,2
2025-11-19T17:40:22.788414,20,20,17,18,21,22,19,19,-7605,10995,7644,-5590,-51,-2027,-716,13,1,1
2025-11-19T17:40:22.812115,23,19,20,17,21,23,20,20,-7605,10996,7644,-5590,-62,-2015,-720,0,0,0
2025-11-19T17:40:22.833681,23,20,20,18,22,21,20,21,-7605,10996,7644,-5591,-66,-2025,-715,-4,0,1
2025-11-19T17:40:22.848310,24,17,21,18,19,19,19,23,-7605,10996,7644,-5591,-57,-2012,-720,-5,1,-1
2025-11-19T17:40:22.871620,23,18,20,19,21,18,19,24,-7605,10996,7644,-5591,-49,-2016,-730,3,1,-4
2025-11-19T17:40:22.894036,22,18,20,20,20,19,18,23,-7605,10996,7644,-5591,-55,-2010,-713,13,2,-4
2025-11-19T17:40:22.908329,18,20,15,21,22,19,18,21,-7608,10994,7643,-5591,-49,-2016,-725,21,3,-2
2025-11-19T17:40:22.932269,18,19,17,20,23,20,18,23,-7612,10992,7640,-5593,-52,-2020,-724,31,7,5
2025-11-19T17:40:22.954087,17,19,17,19,24,22,18,21,-7617,10990,7636,-5596,-50,-2030,-713,38,7,8
2025-11-19T17:40:22.968276,18,19,19,19,22,21,18,21,-7622,10988,7632,-5600,-56,-2022,-713,39,6,10
2025-11-19T17:40:22.990382,17,18,19,19,23,21,18,22,-7625,10986,7629,-5602,-57,-2025,-721,32,3,3
2025-11-19T17:40:23.013750,17,17,21,19,19,20,19,22,-7629,10984,7627,-5605,-56,-2021,-698,20,1,-1
2025-11-19T17:40:23.028373,18,17,20,20,20,21,19,21,-7629,10984,7627,-5605,-57,-2021,-707,3,-2,-5
2025-11-19T17:40:23.050788,17,16,19,19,19,19,19,21,-7629,10983,7627,-5605,-49,-2026,-710,-10,-2,-6
2025-11-19T17:40:23.074065,16,15,19,18,18,18,20,22,-7629,10983,7627,-5605,-49,-2022,-702,-13,0,-4
2025-11-19T17:40:23.088332,18,18,20,19,19,20,19,21,-7629,10983,7627,-5605,-54,-2031,-722,-15,-3,-4
2025-11-19T17:40:23.110814,19,18,18,19,18,20,18,21,-7629,10983,7627,-5605,-55,-2026,-715,-16,-3,-6
2025-11-19T17:40:23.133620,18,18,19,18,18,19,18,18,-7628,10984,7630,-5603,-52,-2018,-710,-17,-5,-9
2025-11-19T17:40:23.147985,19,18,21,21,18,20,20,18,-7627,10984,7632,-5601,-52,-2022,-707,-17,-2,-11
2025-11-19T17:40:23.170870,20,18,21,22,20,20,18,17,-7627,10984,7632,-5601,-51,-2025,-716,-16,0,-9
2025-11-19T17:40:23.194032,20,16,20,19,17,18,19,17,-7627,10984,7632,-5601,-53,-2029,-730,-7,0,-5
2025-11-19T17:40:23.216275,19,16,22,20,19,20,20,17,-7626,10984,7632,-5601,-55,-2027,-722,2,1,-5
2025-11-19T17:40:23.230759,20,16,22,19,18,19,20,19,-7626,10984,7632,-5601,-48,-2023,-716,13,0,-1
2025-11-19T17:40:23.254015,20,16,20,16,17,19,20,19,-7626,10984,7632,-5601,-48,-2024,-722,15,3,2
2025-11-19T17:40:23.268334,21,16,22,18,18,19,20,19,-7629,10982,7631,-5602,-47,-2025,-713,18,1,3
2025-11-19T17:40:23.290811,20,17,23,20,19,19,21,20,-7632,10981,7629,-5603,-48,-2011,-703,16,4,3
2025-11-19T17:40:23.314081,21,18,21,19,18,17,20,20,-7635,10980,7627,-5604,-49,-2023,-714,21,6,3
2025-11-19T17:40:23.328309,22,19,20,19,19,19,19,21,-7639,10979,7623,-5607,-59,-2025,-705,29,8,9
2025-11-19T17:40:23.350763,21,22,21,21,22,18,20,20,-7643,10976,7618,-5611,-54,-2017,-702,41,5,14
2025-11-19T17:40:23.374020,21,22,19,18,21,17,19,19,-7648,10974,7613,-5616,-54,-2017,-702,43,3,17
2025-11-19T17:40:23.388307,21,22,18,18,20,19,18,21,-7651,10973,7610,-5619,-50,-2025,-704,33,2,15
2025-11-19T17:40:23.410269,19,22,18,20,22,20,18,21,-7652,10973,7609,-5620,-59,-2023,-697,15,0,8
2025-11-19T17:40:23.433979,17,21,21,21,21,22,18,19,-7652,10973,7610,-5619,-48,-2020,-702,4,0,2
2025-11-19T17:40:23.448291,18,19,20,20,21,22,19,19,-7652,10972,7609,-5620,-58,-2025,-686,-10,0,-4
2025-11-19T17:40:23.470875,16,19,21,20,21,23,18,20,-7650,10973,7612,-5618,-57,-2029,-707,-20,-1,-9
2025-11-19T17:40:23.494494,18,19,20,19,22,22,18,18,-7648,10974,7615,-5614,-46,-2028,-707,-24,-1,-14
2025-11-19T17:40:23.508019,17,18,21,16,19,21,20,17,-7647,10975,7617,-5612,-54,-2025,-708,-19,-1,-11
2025-11-19T17:40:23.531032,17,20,19,15,18,20,19,18,-7644,10975,7620,-5610,-55,-2014,-706,-21,-4,-8
2025-11-19T17:40:23.553504,17,20,18,15,18,20,19,20,-7640,10977,7623,-5608,-56,-2021,-701,-35,-8,-8
2025-11-19T17:40:23.576545,19,22,19,15,16,20,19,19,-7635,10980,7627,-5605,-48,-2025,-695,-52,-10,-2
2025-11-19T17:40:23.591307,19,22,20,17,15,21,20,19,-7627,10984,7632,-5601,-51,-2027,-716,-61,-11,-2
2025-11-19T17:40:23.614466,20,21,19,18,16,22,18,18,-7620,10988,7636,-5596,-48,-2021,-718,-60,-5,-2
2025-11-19T17:40:23.636513,21,22,19,18,18,20,19,18,-7614,10992,7640,-5592,-62,-2026,-732,-44,-2,-9
